ID,Type,SKU,"GTIN, UPC, EAN, or ISBN",Name,Published,Is featured?,Visibility in catalog,Short description,Description,Date sale price starts,Date sale price ends,Tax status,Tax class,In stock?,Stock,Low stock amount,Backorders allowed?,Sold individually?,Weight (kg),Length (cm),Width (cm),Height (cm),Allow customer reviews?,Purchase note,Sale price,Regular price,Categories,Tags,Shipping class,Images,Download limit,Download expiry days,Parent,Grouped products,Upsells,Cross-sells,External URL,Button text,Position,Swatches Attributes,Brands,Attribute 1 name,Attribute 1 value(s),Attribute 1 visible,Attribute 1 global,Attribute 2 name,Attribute 2 value(s),Attribute 2 visible,Attribute 2 global,Attribute 3 name,Attribute 3 value(s),Attribute 3 visible,Attribute 3 global,Attribute 4 name,Attribute 4 value(s),Attribute 4 visible,Attribute 4 global,Attribute 5 name,Attribute 5 value(s),Attribute 5 visible,Attribute 5 global,Attribute 6 name,Attribute 6 value(s),Attribute 6 visible,Attribute 6 global,Attribute 7 name,Attribute 7 value(s),Attribute 7 visible,Attribute 7 global,Attribute 8 name,Attribute 8 value(s),Attribute 8 visible,Attribute 8 global,Attribute 9 name,Attribute 9 value(s),Attribute 9 visible,Attribute 9 global,Attribute 10 name,Attribute 10 value(s),Attribute 10 visible,Attribute 10 global,Meta: fb_size,Meta: fb_brand,Meta: fb_color,Meta: fb_material,Meta: _wp_page_template,Meta: site-sidebar-layout,Meta: site-content-layout,Meta: theme-transparent-header-meta,Meta: _yoast_wpseo_primary_product_brand,Meta: _yoast_wpseo_primary_product_cat,Meta: _yoast_wpseo_content_score,Meta: _yoast_wpseo_estimated-reading-time-minutes,Meta: _last_change_time,Meta: _wc_facebook_sync_enabled_v2,Meta: fb_visibility,Meta: fb_product_description,Meta: fb_rich_text_description,Meta: _wc_facebook_product_image_source,Meta: fb_mpn,Meta: fb_pattern,Meta: fb_age_group,Meta: fb_gender,Meta: fb_product_condition,Meta: _last_editor_used_jetpack,Meta: _wpm_gtin_code,Meta: _wpm_gtin_code_label,Meta: _yoast_wpseo_seo_title_score,Meta: _yoast_wpseo_meta_description_score,Meta: _yoast_wpseo_wordproof_timestamp,Meta: _elementor_edit_mode,Meta: _elementor_template_type,Meta: _elementor_version,Meta: _elementor_pro_version,Meta: fb_product_group_id,Meta: fb_product_image,Meta: _wc_facebook_product_video_source,Meta: fb_product_images,Meta: fb_product_price,Attribute 11 name,Attribute 11 value(s),Attribute 11 visible,Attribute 11 global,Meta: _wp_old_date,Attribute 1 default
110028,variation,69449947,,D-sign Rug 1P0441 Black - 120x780,1,0,visible,,D-sign Rug 1P0441 Black 120x780 cm,,,taxable,parent,1,3,,0,0,,780,120,1.2,0,,3022,5435,,,,,,,69449867-H,,,,,,69,,,Size,120x780,,1,,,,,,,,,,,,,,,,,,,,,,,,,,,,,,,,,,,,,120x780,,,,,,,,,,,,,,,,,,,,,,,,140921,,,,,,,,,,,,,,,,,,,
110029,variation,69449954,,D-sign Rug 1P0441 Black - 120x790,1,0,visible,,D-sign Rug 1P0441 Black 120x790 cm,,,taxable,parent,1,3,,0,0,,790,120,1.2,0,,3057,5495,,,,,,,69449867-H,,,,,,70,,,Size,120x790,,1,,,,,,,,,,,,,,,,,,,,,,,,,,,,,,,,,,,,,120x790,,,,,,,,,,,,,,,,,,,,,,,,140922,,,,,,,,,,,,,,,,,,,
110030,variation,69449952,,D-sign Rug 1P0441 Black - 120x800,1,0,visible,,D-sign Rug 1P0441 Black 120x800 cm,,,taxable,parent,1,3,,0,0,,800,120,1.2,0,,3092,5565,,,,,,,69449867-H,,,,,,71,,,Size,120x800,,1,,,,,,,,,,,,,,,,,,,,,,,,,,,,,,,,,,,,,120x800,,,,,,,,,,,,,,,,,,,,,,,,140923,,,,,,,,,,,,,,,,,,,
110031,variation,69449961,,D-sign Rug 1P0441 Black - 120x810,1,0,visible,,D-sign Rug 1P0441 Black 120x810 cm,,,taxable,parent,1,3,,0,0,,810,120,1.2,0,,3127,5625,,,,,,,69449867-H,,,,,,72,,,Size,120x810,,1,,,,,,,,,,,,,,,,,,,,,,,,,,,,,,,,,,,,,120x810,,,,,,,,,,,,,,,,,,,,,,,,140924,,,,,,,,,,,,,,,,,,,
110032,variation,69449960,,D-sign Rug 1P0441 Black - 120x820,1,0,visible,,D-sign Rug 1P0441 Black 120x820 cm,,,taxable,parent,1,3,,0,0,,820,120,1.2,0,,3163,5685,,,,,,,69449867-H,,,,,,73,,,Size,120x820,,1,,,,,,,,,,,,,,,,,,,,,,,,,,,,,,,,,,,,,120x820,,,,,,,,,,,,,,,,,,,,,,,,140925,,,,,,,,,,,,,,,,,,,
110033,variation,69449964,,D-sign Rug 1P0441 Black - 120x830,1,0,visible,,D-sign Rug 1P0441 Black 120x830 cm,,,taxable,parent,1,3,,0,0,,830,120,1.2,0,,3198,5755,,,,,,,69449867-H,,,,,,74,,,Size,120x830,,1,,,,,,,,,,,,,,,,,,,,,,,,,,,,,,,,,,,,,120x830,,,,,,,,,,,,,,,,,,,,,,,,140926,,,,,,,,,,,,,,,,,,,
110034,variation,69449957,,D-sign Rug 1P0441 Black - 120x840,1,0,visible,,D-sign Rug 1P0441 Black 120x840 cm,,,taxable,parent,1,3,,0,0,,840,120,1.2,0,,3302,5935,,,,,,,69449867-H,,,,,,75,,,Size,120x840,,1,,,,,,,,,,,,,,,,,,,,,,,,,,,,,,,,,,,,,120x840,,,,,,,,,,,,,,,,,,,,,,,,140927,,,,,,,,,,,,,,,,,,,
110035,variation,69449963,,D-sign Rug 1P0441 Black - 120x850,1,0,visible,,D-sign Rug 1P0441 Black 120x850 cm,,,taxable,parent,0,0,,0,0,,850,120,1.2,0,,3337,6005,,,,,,,69449867-H,,,,,,76,,,Size,120x850,,1,,,,,,,,,,,,,,,,,,,,,,,,,,,,,,,,,,,,,120x850,,,,,,,,,,,,,,,,,,,,,,,,140928,,,,,,,,,,,,,,,,,,,
110036,variable,69449977-H,,D-sign Rug 1P0442 Black,1,0,visible,D-sign Rug 1P0442 Black,D-sign Rug 1P0442 Black,,,taxable,,1,,,0,0,,,,,1,,,,"Rooms > Entrance & Corridor, Rooms > Kitchen, Rugs > Modern, Rugs",,,"https://rugshop.eu/wp-content/uploads/2022/09/runner-karmel-plain-one-colour-black-140-cm.jpg, https://rugshop.eu/wp-content/uploads/2022/09/runner-karmel-plain-one-colour-black-140-cm-1.jpg, https://rugshop.eu/wp-content/uploads/2022/09/runner-karmel-plain-one-colour-black-140-cm-2.jpg, https://rugshop.eu/wp-content/uploads/2022/09/runner-karmel-plain-one-colour-black-140-cm-3.jpg, https://rugshop.eu/wp-content/uploads/2022/09/runner-karmel-plain-one-colour-black-140-cm-4.jpg",,,,,,,,,2659,,,Size,"140x100, 140x1000, 140x110, 140x120, 140x130, 140x140, 140x150, 140x160, 140x170, 140x180, 140x190, 140x200, 140x210, 140x220, 140x230, 140x240, 140x250, 140x260, 140x270, 140x280, 140x290, 140x300, 140x310, 140x320, 140x330, 140x340, 140x350, 140x360, 140x370, 140x380, 140x390, 140x400, 140x410, 140x420, 140x430, 140x440, 140x450, 140x460, 140x470, 140x480, 140x490, 140x500, 140x510, 140x520, 140x530, 140x540, 140x550, 140x560, 140x570, 140x580, 140x590, 140x600, 140x610, 140x620, 140x630, 140x640, 140x650, 140x660, 140x670, 140x680, 140x690, 140x700, 140x710, 140x720, 140x730, 140x740, 140x750, 140x760, 140x770, 140x780, 140x790, 140x800, 140x810, 140x820, 140x830, 140x840, 140x850, 140x860, 140x870, 140x880, 140x890, 140x900, 140x910, 140x920, 140x930, 140x940, 140x950, 140x960, 140x970, 140x980, 140x990",1,1,Brand,D-sign,1,1,Color,Black-Grey,1,1,Type of color,Singlecolor,1,1,Shape,Rectangular,1,1,Material,Polypropylene,1,1,Type of rug,Modern,1,1,Weave,Machinemade,1,1,Age,New,1,1,,,,,,,,,,,,,,,,,,yes,yes,,,,,,,,,,,,,,,,,,,,,,,,,,,,,
110037,variation,69449956,,D-sign Rug 1P0441 Black - 120x860,1,0,visible,,D-sign Rug 1P0441 Black 120x860 cm,,,taxable,parent,1,2,,0,0,,860,120,1.2,0,,3372,6065,,,,,,,69449867-H,,,,,,77,,,Size,120x860,,1,,,,,,,,,,,,,,,,,,,,,,,,,,,,,,,,,,,,,120x860,,,,,,,,,,,,,,,,,,,,,,,,140929,,,,,,,,,,,,,,,,,,,
110038,variation,69449965,,D-sign Rug 1P0441 Black - 120x870,1,0,visible,,D-sign Rug 1P0441 Black 120x870 cm,,,taxable,parent,1,2,,0,0,,870,120,1.2,0,,3407,6125,,,,,,,69449867-H,,,,,,78,,,Size,120x870,,1,,,,,,,,,,,,,,,,,,,,,,,,,,,,,,,,,,,,,120x870,,,,,,,,,,,,,,,,,,,,,,,,140930,,,,,,,,,,,,,,,,,,,
110039,variation,69449962,,D-sign Rug 1P0441 Black - 120x880,1,0,visible,,D-sign Rug 1P0441 Black 120x880 cm,,,taxable,parent,1,2,,0,0,,880,120,1.2,0,,3443,6195,,,,,,,69449867-H,,,,,,79,,,Size,120x880,,1,,,,,,,,,,,,,,,,,,,,,,,,,,,,,,,,,,,,,120x880,,,,,,,,,,,,,,,,,,,,,,,,140931,,,,,,,,,,,,,,,,,,,
110040,variation,69449958,,D-sign Rug 1P0441 Black - 120x890,1,0,visible,,D-sign Rug 1P0441 Black 120x890 cm,,,taxable,parent,1,2,,0,0,,890,120,1.2,0,,3478,6255,,,,,,,69449867-H,,,,,,80,,,Size,120x890,,1,,,,,,,,,,,,,,,,,,,,,,,,,,,,,,,,,,,,,120x890,,,,,,,,,,,,,,,,,,,,,,,,140932,,,,,,,,,,,,,,,,,,,
110041,variation,69449959,,D-sign Rug 1P0441 Black - 120x900,1,0,visible,,D-sign Rug 1P0441 Black 120x900 cm,,,taxable,parent,1,2,,0,0,,900,120,1.2,0,,3513,6315,,,,,,,69449867-H,,,,,,81,,,Size,120x900,,1,,,,,,,,,,,,,,,,,,,,,,,,,,,,,,,,,,,,,120x900,,,,,,,,,,,,,,,,,,,,,,,,140933,,,,,,,,,,,,,,,,,,,
110042,variation,69449973,,D-sign Rug 1P0441 Black - 120x910,1,0,visible,,D-sign Rug 1P0441 Black 120x910 cm,,,taxable,parent,1,2,,0,0,,910,120,1.2,0,,3548,6385,,,,,,,69449867-H,,,,,,82,,,Size,120x910,,1,,,,,,,,,,,,,,,,,,,,,,,,,,,,,,,,,,,,,120x910,,,,,,,,,,,,,,,,,,,,,,,,140934,,,,,,,,,,,,,,,,,,,
110043,variation,69449966,,D-sign Rug 1P0441 Black - 120x920,1,0,visible,,D-sign Rug 1P0441 Black 120x920 cm,,,taxable,parent,1,2,,0,0,,920,120,1.2,0,,3583,6445,,,,,,,69449867-H,,,,,,83,,,Size,120x920,,1,,,,,,,,,,,,,,,,,,,,,,,,,,,,,,,,,,,,,120x920,,,,,,,,,,,,,,,,,,,,,,,,140935,,,,,,,,,,,,,,,,,,,
110044,variation,69449970,,D-sign Rug 1P0441 Black - 120x930,1,0,visible,,D-sign Rug 1P0441 Black 120x930 cm,,,taxable,parent,1,2,,0,0,,930,120,1.2,0,,3619,6505,,,,,,,69449867-H,,,,,,84,,,Size,120x930,,1,,,,,,,,,,,,,,,,,,,,,,,,,,,,,,,,,,,,,120x930,,,,,,,,,,,,,,,,,,,,,,,,140936,,,,,,,,,,,,,,,,,,,
110045,variation,69449968,,D-sign Rug 1P0441 Black - 120x940,1,0,visible,,D-sign Rug 1P0441 Black 120x940 cm,,,taxable,parent,1,2,,0,0,,940,120,1.2,0,,3654,6575,,,,,,,69449867-H,,,,,,85,,,Size,120x940,,1,,,,,,,,,,,,,,,,,,,,,,,,,,,,,,,,,,,,,120x940,,,,,,,,,,,,,,,,,,,,,,,,140937,,,,,,,,,,,,,,,,,,,
110046,variation,69449974,,D-sign Rug 1P0441 Black - 120x950,1,0,visible,,D-sign Rug 1P0441 Black 120x950 cm,,,taxable,parent,1,2,,0,0,,950,120,1.2,0,,3689,6635,,,,,,,69449867-H,,,,,,86,,,Size,120x950,,1,,,,,,,,,,,,,,,,,,,,,,,,,,,,,,,,,,,,,120x950,,,,,,,,,,,,,,,,,,,,,,,,140938,,,,,,,,,,,,,,,,,,,
110047,variation,69449967,,D-sign Rug 1P0441 Black - 120x960,1,0,visible,,D-sign Rug 1P0441 Black 120x960 cm,,,taxable,parent,1,2,,0,0,,960,120,1.2,0,,3724,6695,,,,,,,69449867-H,,,,,,87,,,Size,120x960,,1,,,,,,,,,,,,,,,,,,,,,,,,,,,,,,,,,,,,,120x960,,,,,,,,,,,,,,,,,,,,,,,,140939,,,,,,,,,,,,,,,,,,,
110048,variation,69449969,,D-sign Rug 1P0441 Black - 120x970,1,0,visible,,D-sign Rug 1P0441 Black 120x970 cm,,,taxable,parent,1,2,,0,0,,970,120,1.2,0,,3759,6765,,,,,,,69449867-H,,,,,,88,,,Size,120x970,,1,,,,,,,,,,,,,,,,,,,,,,,,,,,,,,,,,,,,,120x970,,,,,,,,,,,,,,,,,,,,,,,,140940,,,,,,,,,,,,,,,,,,,
110049,variation,69449971,,D-sign Rug 1P0441 Black - 120x980,1,0,visible,,D-sign Rug 1P0441 Black 120x980 cm,,,taxable,parent,1,2,,0,0,,980,120,1.2,0,,3795,6825,,,,,,,69449867-H,,,,,,89,,,Size,120x980,,1,,,,,,,,,,,,,,,,,,,,,,,,,,,,,,,,,,,,,120x980,,,,,,,,,,,,,,,,,,,,,,,,140941,,,,,,,,,,,,,,,,,,,
110050,variation,69449975,,D-sign Rug 1P0441 Black - 120x990,1,0,visible,,D-sign Rug 1P0441 Black 120x990 cm,,,taxable,parent,1,2,,0,0,,990,120,1.2,0,,3830,6885,,,,,,,69449867-H,,,,,,90,,,Size,120x990,,1,,,,,,,,,,,,,,,,,,,,,,,,,,,,,,,,,,,,,120x990,,,,,,,,,,,,,,,,,,,,,,,,140942,,,,,,,,,,,,,,,,,,,
110051,variation,69449972,,D-sign Rug 1P0441 Black - 120x1000,1,0,visible,,D-sign Rug 1P0441 Black 120x1000 cm,,,taxable,parent,1,2,,0,0,,1000,120,1.2,0,,3865,6955,,,,,,,69449867-H,,,,,,91,,,Size,120x1000,,1,,,,,,,,,,,,,,,,,,,,,,,,,,,,,,,,,,,,,120x1000,,,,,,,,,,,,,,,,,,,,,,,,140943,,,,,,,,,,,,,,,,,,,
110052,variation,69449976,,D-sign Rug 1P0441 Black - 120x1050,1,0,visible,,D-sign Rug 1P0441 Black 120x1050 cm,,,taxable,parent,1,2,,0,0,,1050,120,1.2,0,,4041,7265,,,,,,,69449867-H,,,,,,92,,,Size,120x1050,,1,,,,,,,,,,,,,,,,,,,,,,,,,,,,,,,,,,,,,120x1050,,,,,,,,,,,,,,,,,,,,,,,,140944,,,,,,,,,,,,,,,,,,,
110053,variation,69449978,,D-sign Rug 1P0441 Black - 120x1100,1,0,visible,,D-sign Rug 1P0441 Black 120x1100 cm,,,taxable,parent,1,2,,0,0,,1100,120,1.2,0,,4217,7585,,,,,,,69449867-H,,,,,,93,,,Size,120x1100,,1,,,,,,,,,,,,,,,,,,,,,,,,,,,,,,,,,,,,,120x1100,,,,,,,,,,,,,,,,,,,,,,,,140945,,,,,,,,,,,,,,,,,,,
110055,variation,69449977,,D-sign Rug 1P0442 Black - 140x100,1,0,visible,,D-sign Rug 1P0442 Black 140x100 cm,,,taxable,parent,1,24,,0,0,,100,140,1.2,0,,686,1225,,,,,,,69449977-H,,,,,,1,,,Size,140x100,,1,,,,,,,,,,,,,,,,,,,,,,,,,,,,,,,,,,,,,140x100,,,,,,,,,,,,,,,,,,,,,,,,140946,,,,,,,,,,,,,,,,,,,
110056,variation,69456177,,D-sign Rug 1P0442 Black - 140x110,1,0,visible,,D-sign Rug 1P0442 Black 140x110 cm,,,taxable,parent,1,22,,0,0,,110,140,1.2,0,,727,1305,,,,,,,69449977-H,,,,,,2,,,Size,140x110,,1,,,,,,,,,,,,,,,,,,,,,,,,,,,,,,,,,,,,,140x110,,,,,,,,,,,,,,,,,,,,,,,,140947,,,,,,,,,,,,,,,,,,,
110057,variation,69456170,,D-sign Rug 1P0442 Black - 140x120,1,0,visible,,D-sign Rug 1P0442 Black 140x120 cm,,,taxable,parent,1,20,,0,0,,120,140,1.2,0,,768,1375,,,,,,,69449977-H,,,,,,3,,,Size,140x120,,1,,,,,,,,,,,,,,,,,,,,,,,,,,,,,,,,,,,,,140x120,,,,,,,,,,,,,,,,,,,,,,,,140948,,,,,,,,,,,,,,,,,,,
110058,variation,69456176,,D-sign Rug 1P0442 Black - 140x130,1,0,visible,,D-sign Rug 1P0442 Black 140x130 cm,,,taxable,parent,1,19,,0,0,,130,140,1.2,0,,809,1455,,,,,,,69449977-H,,,,,,4,,,Size,140x130,,1,,,,,,,,,,,,,,,,,,,,,,,,,,,,,,,,,,,,,140x130,,,,,,,,,,,,,,,,,,,,,,,,140949,,,,,,,,,,,,,,,,,,,
110059,variation,69456178,,D-sign Rug 1P0442 Black - 140x140,1,0,visible,,D-sign Rug 1P0442 Black 140x140 cm,,,taxable,parent,1,17,,0,0,,140,140,1.2,0,,850,1525,,,,,,,69449977-H,,,,,,5,,,Size,140x140,,1,,,,,,,,,,,,,,,,,,,,,,,,,,,,,,,,,,,,,140x140,,,,,,,,,,,,,,,,,,,,,,,,140950,,,,,,,,,,,,,,,,,,,
110060,variation,69456174,,D-sign Rug 1P0442 Black - 140x150,1,0,visible,,D-sign Rug 1P0442 Black 140x150 cm,,,taxable,parent,1,16,,0,0,,150,140,1.2,0,,891,1595,,,,,,,69449977-H,,,,,,6,,,Size,140x150,,1,,,,,,,,,,,,,,,,,,,,,,,,,,,,,,,,,,,,,140x150,,,,,,,,,,,,,,,,,,,,,,,,140951,,,,,,,,,,,,,,,,,,,
110061,variation,69456173,,D-sign Rug 1P0442 Black - 140x160,1,0,visible,,D-sign Rug 1P0442 Black 140x160 cm,,,taxable,parent,1,15,,0,0,,160,140,1.2,0,,932,1675,,,,,,,69449977-H,,,,,,7,,,Size,140x160,,1,,,,,,,,,,,,,,,,,,,,,,,,,,,,,,,,,,,,,140x160,,,,,,,,,,,,,,,,,,,,,,,,140952,,,,,,,,,,,,,,,,,,,
110062,variation,69456171,,D-sign Rug 1P0442 Black - 140x170,1,0,visible,,D-sign Rug 1P0442 Black 140x170 cm,,,taxable,parent,1,14,,0,0,,170,140,1.2,0,,973,1745,,,,,,,69449977-H,,,,,,8,,,Size,140x170,,1,,,,,,,,,,,,,,,,,,,,,,,,,,,,,,,,,,,,,140x170,,,,,,,,,,,,,,,,,,,,,,,,140953,,,,,,,,,,,,,,,,,,,
110063,variation,69449985,,D-sign Rug 1P0442 Black - 140x180,1,0,visible,,D-sign Rug 1P0442 Black 140x180 cm,,,taxable,parent,1,13,,0,0,,180,140,1.2,0,,1014,1825,,,,,,,69449977-H,,,,,,9,,,Size,140x180,,1,,,,,,,,,,,,,,,,,,,,,,,,,,,,,,,,,,,,,140x180,,,,,,,,,,,,,,,,,,,,,,,,140954,,,,,,,,,,,,,,,,,,,
110064,variation,69449979,,D-sign Rug 1P0442 Black - 140x190,1,0,visible,,D-sign Rug 1P0442 Black 140x190 cm,,,taxable,parent,1,13,,0,0,,190,140,1.2,0,,1056,1895,,,,,,,69449977-H,,,,,,10,,,Size,140x190,,1,,,,,,,,,,,,,,,,,,,,,,,,,,,,,,,,,,,,,140x190,,,,,,,,,,,,,,,,,,,,,,,,140955,,,,,,,,,,,,,,,,,,,
110065,variation,69449982,,D-sign Rug 1P0442 Black - 140x200,1,0,visible,,D-sign Rug 1P0442 Black 140x200 cm,,,taxable,parent,1,12,,0,0,,200,140,1.2,0,,1097,1965,,,,,,,69449977-H,,,,,,11,,,Size,140x200,,1,,,,,,,,,,,,,,,,,,,,,,,,,,,,,,,,,,,,,140x200,,,,,,,,,,,,,,,,,,,,,,,,140956,,,,,,,,,,,,,,,,,,,
110066,variation,69449988,,D-sign Rug 1P0442 Black - 140x210,1,0,visible,,D-sign Rug 1P0442 Black 140x210 cm,,,taxable,parent,1,11,,0,0,,210,140,1.2,0,,1138,2045,,,,,,,69449977-H,,,,,,12,,,Size,140x210,,1,,,,,,,,,,,,,,,,,,,,,,,,,,,,,,,,,,,,,140x210,,,,,,,,,,,,,,,,,,,,,,,,140957,,,,,,,,,,,,,,,,,,,
110067,variation,69449986,,D-sign Rug 1P0442 Black - 140x220,1,0,visible,,D-sign Rug 1P0442 Black 140x220 cm,,,taxable,parent,1,11,,0,0,,220,140,1.2,0,,1179,2115,,,,,,,69449977-H,,,,,,13,,,Size,140x220,,1,,,,,,,,,,,,,,,,,,,,,,,,,,,,,,,,,,,,,140x220,,,,,,,,,,,,,,,,,,,,,,,,140958,,,,,,,,,,,,,,,,,,,
110068,variation,69449983,,D-sign Rug 1P0442 Black - 140x230,1,0,visible,,D-sign Rug 1P0442 Black 140x230 cm,,,taxable,parent,1,10,,0,0,,230,140,1.2,0,,1220,2195,,,,,,,69449977-H,,,,,,14,,,Size,140x230,,1,,,,,,,,,,,,,,,,,,,,,,,,,,,,,,,,,,,,,140x230,,,,,,,,,,,,,,,,,,,,,,,,140959,,,,,,,,,,,,,,,,,,,
110069,variation,69449981,,D-sign Rug 1P0442 Black - 140x240,1,0,visible,,D-sign Rug 1P0442 Black 140x240 cm,,,taxable,parent,1,10,,0,0,,240,140,1.2,0,,1261,2265,,,,,,,69449977-H,,,,,,15,,,Size,140x240,,1,,,,,,,,,,,,,,,,,,,,,,,,,,,,,,,,,,,,,140x240,,,,,,,,,,,,,,,,,,,,,,,,140960,,,,,,,,,,,,,,,,,,,
110070,variation,69449980,,D-sign Rug 1P0442 Black - 140x250,1,0,visible,,D-sign Rug 1P0442 Black 140x250 cm,,,taxable,parent,1,9,,0,0,,250,140,1.2,0,,1302,2335,,,,,,,69449977-H,,,,,,16,,,Size,140x250,,1,,,,,,,,,,,,,,,,,,,,,,,,,,,,,,,,,,,,,140x250,,,,,,,,,,,,,,,,,,,,,,,,140961,,,,,,,,,,,,,,,,,,,
110071,variation,69449987,,D-sign Rug 1P0442 Black - 140x260,1,0,visible,,D-sign Rug 1P0442 Black 140x260 cm,,,taxable,parent,1,9,,0,0,,260,140,1.2,0,,1343,2415,,,,,,,69449977-H,,,,,,17,,,Size,140x260,,1,,,,,,,,,,,,,,,,,,,,,,,,,,,,,,,,,,,,,140x260,,,,,,,,,,,,,,,,,,,,,,,,140962,,,,,,,,,,,,,,,,,,,
110072,variation,69449984,,D-sign Rug 1P0442 Black - 140x270,1,0,visible,,D-sign Rug 1P0442 Black 140x270 cm,,,taxable,parent,1,9,,0,0,,270,140,1.2,0,,1384,2485,,,,,,,69449977-H,,,,,,18,,,Size,140x270,,1,,,,,,,,,,,,,,,,,,,,,,,,,,,,,,,,,,,,,140x270,,,,,,,,,,,,,,,,,,,,,,,,140963,,,,,,,,,,,,,,,,,,,
110073,variation,69449994,,D-sign Rug 1P0442 Black - 140x280,1,0,visible,,D-sign Rug 1P0442 Black 140x280 cm,,,taxable,parent,1,8,,0,0,,280,140,1.2,0,,1425,2565,,,,,,,69449977-H,,,,,,19,,,Size,140x280,,1,,,,,,,,,,,,,,,,,,,,,,,,,,,,,,,,,,,,,140x280,,,,,,,,,,,,,,,,,,,,,,,,140964,,,,,,,,,,,,,,,,,,,
110074,variation,69449991,,D-sign Rug 1P0442 Black - 140x290,1,0,visible,,D-sign Rug 1P0442 Black 140x290 cm,,,taxable,parent,1,8,,0,0,,290,140,1.2,0,,1466,2635,,,,,,,69449977-H,,,,,,20,,,Size,140x290,,1,,,,,,,,,,,,,,,,,,,,,,,,,,,,,,,,,,,,,140x290,,,,,,,,,,,,,,,,,,,,,,,,140965,,,,,,,,,,,,,,,,,,,
110075,variation,69449990,,D-sign Rug 1P0442 Black - 140x300,1,0,visible,,D-sign Rug 1P0442 Black 140x300 cm,,,taxable,parent,1,8,,0,0,,300,140,1.2,0,,1507,2705,,,,,,,69449977-H,,,,,,21,,,Size,140x300,,1,,,,,,,,,,,,,,,,,,,,,,,,,,,,,,,,,,,,,140x300,,,,,,,,,,,,,,,,,,,,,,,,140966,,,,,,,,,,,,,,,,,,,
110076,variation,69449989,,D-sign Rug 1P0442 Black - 140x310,1,0,visible,,D-sign Rug 1P0442 Black 140x310 cm,,,taxable,parent,1,7,,0,0,,310,140,1.2,0,,1549,2785,,,,,,,69449977-H,,,,,,22,,,Size,140x310,,1,,,,,,,,,,,,,,,,,,,,,,,,,,,,,,,,,,,,,140x310,,,,,,,,,,,,,,,,,,,,,,,,140967,,,,,,,,,,,,,,,,,,,
110077,variation,69449996,,D-sign Rug 1P0442 Black - 140x320,1,0,visible,,D-sign Rug 1P0442 Black 140x320 cm,,,taxable,parent,1,7,,0,0,,320,140,1.2,0,,1590,2855,,,,,,,69449977-H,,,,,,23,,,Size,140x320,,1,,,,,,,,,,,,,,,,,,,,,,,,,,,,,,,,,,,,,140x320,,,,,,,,,,,,,,,,,,,,,,,,140968,,,,,,,,,,,,,,,,,,,
110078,variation,69449992,,D-sign Rug 1P0442 Black - 140x330,1,0,visible,,D-sign Rug 1P0442 Black 140x330 cm,,,taxable,parent,1,7,,0,0,,330,140,1.2,0,,1631,2935,,,,,,,69449977-H,,,,,,24,,,Size,140x330,,1,,,,,,,,,,,,,,,,,,,,,,,,,,,,,,,,,,,,,140x330,,,,,,,,,,,,,,,,,,,,,,,,140969,,,,,,,,,,,,,,,,,,,
110079,variation,69449995,,D-sign Rug 1P0442 Black - 140x340,1,0,visible,,D-sign Rug 1P0442 Black 140x340 cm,,,taxable,parent,1,7,,0,0,,340,140,1.2,0,,1672,3005,,,,,,,69449977-H,,,,,,25,,,Size,140x340,,1,,,,,,,,,,,,,,,,,,,,,,,,,,,,,,,,,,,,,140x340,,,,,,,,,,,,,,,,,,,,,,,,140970,,,,,,,,,,,,,,,,,,,
110080,variation,69449998,,D-sign Rug 1P0442 Black - 140x350,1,0,visible,,D-sign Rug 1P0442 Black 140x350 cm,,,taxable,parent,1,7,,0,0,,350,140,1.2,0,,1713,3075,,,,,,,69449977-H,,,,,,26,,,Size,140x350,,1,,,,,,,,,,,,,,,,,,,,,,,,,,,,,,,,,,,,,140x350,,,,,,,,,,,,,,,,,,,,,,,,140971,,,,,,,,,,,,,,,,,,,
110081,variation,69449993,,D-sign Rug 1P0442 Black - 140x360,1,0,visible,,D-sign Rug 1P0442 Black 140x360 cm,,,taxable,parent,1,6,,0,0,,360,140,1.2,0,,1754,3155,,,,,,,69449977-H,,,,,,27,,,Size,140x360,,1,,,,,,,,,,,,,,,,,,,,,,,,,,,,,,,,,,,,,140x360,,,,,,,,,,,,,,,,,,,,,,,,140972,,,,,,,,,,,,,,,,,,,
110082,variation,69449997,,D-sign Rug 1P0442 Black - 140x370,1,0,visible,,D-sign Rug 1P0442 Black 140x370 cm,,,taxable,parent,1,6,,0,0,,370,140,1.2,0,,1795,3225,,,,,,,69449977-H,,,,,,28,,,Size,140x370,,1,,,,,,,,,,,,,,,,,,,,,,,,,,,,,,,,,,,,,140x370,,,,,,,,,,,,,,,,,,,,,,,,140973,,,,,,,,,,,,,,,,,,,
110083,variation,69450001,,D-sign Rug 1P0442 Black - 140x380,1,0,visible,,D-sign Rug 1P0442 Black 140x380 cm,,,taxable,parent,1,6,,0,0,,380,140,1.2,0,,1836,3305,,,,,,,69449977-H,,,,,,29,,,Size,140x380,,1,,,,,,,,,,,,,,,,,,,,,,,,,,,,,,,,,,,,,140x380,,,,,,,,,,,,,,,,,,,,,,,,140974,,,,,,,,,,,,,,,,,,,
110084,variation,69450008,,D-sign Rug 1P0442 Black - 140x390,1,0,visible,,D-sign Rug 1P0442 Black 140x390 cm,,,taxable,parent,1,6,,0,0,,390,140,1.2,0,,1877,3375,,,,,,,69449977-H,,,,,,30,,,Size,140x390,,1,,,,,,,,,,,,,,,,,,,,,,,,,,,,,,,,,,,,,140x390,,,,,,,,,,,,,,,,,,,,,,,,140975,,,,,,,,,,,,,,,,,,,
110085,variation,69450006,,D-sign Rug 1P0442 Black - 140x400,1,0,visible,,D-sign Rug 1P0442 Black 140x400 cm,,,taxable,parent,1,6,,0,0,,400,140,1.2,0,,1918,3445,,,,,,,69449977-H,,,,,,31,,,Size,140x400,,1,,,,,,,,,,,,,,,,,,,,,,,,,,,,,,,,,,,,,140x400,,,,,,,,,,,,,,,,,,,,,,,,140976,,,,,,,,,,,,,,,,,,,
110086,variation,69450007,,D-sign Rug 1P0442 Black - 140x410,1,0,visible,,D-sign Rug 1P0442 Black 140x410 cm,,,taxable,parent,1,6,,0,0,,410,140,1.2,0,,1959,3525,,,,,,,69449977-H,,,,,,32,,,Size,140x410,,1,,,,,,,,,,,,,,,,,,,,,,,,,,,,,,,,,,,,,140x410,,,,,,,,,,,,,,,,,,,,,,,,140977,,,,,,,,,,,,,,,,,,,
110087,variation,69450002,,D-sign Rug 1P0442 Black - 140x420,1,0,visible,,D-sign Rug 1P0442 Black 140x420 cm,,,taxable,parent,1,5,,0,0,,420,140,1.2,0,,2000,3595,,,,,,,69449977-H,,,,,,33,,,Size,140x420,,1,,,,,,,,,,,,,,,,,,,,,,,,,,,,,,,,,,,,,140x420,,,,,,,,,,,,,,,,,,,,,,,,140978,,,,,,,,,,,,,,,,,,,
110088,variation,69450003,,D-sign Rug 1P0442 Black - 140x430,1,0,visible,,D-sign Rug 1P0442 Black 140x430 cm,,,taxable,parent,1,5,,0,0,,430,140,1.2,0,,2042,3665,,,,,,,69449977-H,,,,,,34,,,Size,140x430,,1,,,,,,,,,,,,,,,,,,,,,,,,,,,,,,,,,,,,,140x430,,,,,,,,,,,,,,,,,,,,,,,,140979,,,,,,,,,,,,,,,,,,,
110089,variation,69450004,,D-sign Rug 1P0442 Black - 140x440,1,0,visible,,D-sign Rug 1P0442 Black 140x440 cm,,,taxable,parent,1,5,,0,0,,440,140,1.2,0,,2083,3745,,,,,,,69449977-H,,,,,,35,,,Size,140x440,,1,,,,,,,,,,,,,,,,,,,,,,,,,,,,,,,,,,,,,140x440,,,,,,,,,,,,,,,,,,,,,,,,140980,,,,,,,,,,,,,,,,,,,
110090,variation,69450009,,D-sign Rug 1P0442 Black - 140x450,1,0,visible,,D-sign Rug 1P0442 Black 140x450 cm,,,taxable,parent,1,5,,0,0,,450,140,1.2,0,,2124,3815,,,,,,,69449977-H,,,,,,36,,,Size,140x450,,1,,,,,,,,,,,,,,,,,,,,,,,,,,,,,,,,,,,,,140x450,,,,,,,,,,,,,,,,,,,,,,,,140981,,,,,,,,,,,,,,,,,,,
110091,variation,69450005,,D-sign Rug 1P0442 Black - 140x460,1,0,visible,,D-sign Rug 1P0442 Black 140x460 cm,,,taxable,parent,1,5,,0,0,,460,140,1.2,0,,2165,3895,,,,,,,69449977-H,,,,,,37,,,Size,140x460,,1,,,,,,,,,,,,,,,,,,,,,,,,,,,,,,,,,,,,,140x460,,,,,,,,,,,,,,,,,,,,,,,,140982,,,,,,,,,,,,,,,,,,,
110092,variation,69450010,,D-sign Rug 1P0442 Black - 140x470,1,0,visible,,D-sign Rug 1P0442 Black 140x470 cm,,,taxable,parent,1,5,,0,0,,470,140,1.2,0,,2206,3965,,,,,,,69449977-H,,,,,,38,,,Size,140x470,,1,,,,,,,,,,,,,,,,,,,,,,,,,,,,,,,,,,,,,140x470,,,,,,,,,,,,,,,,,,,,,,,,140983,,,,,,,,,,,,,,,,,,,
110093,variation,69450036,,D-sign Rug 1P0442 Black - 140x480,1,0,visible,,D-sign Rug 1P0442 Black 140x480 cm,,,taxable,parent,1,5,,0,0,,480,140,1.2,0,,2247,4035,,,,,,,69449977-H,,,,,,39,,,Size,140x480,,1,,,,,,,,,,,,,,,,,,,,,,,,,,,,,,,,,,,,,140x480,,,,,,,,,,,,,,,,,,,,,,,,140984,,,,,,,,,,,,,,,,,,,
110094,variation,69450033,,D-sign Rug 1P0442 Black - 140x490,1,0,visible,,D-sign Rug 1P0442 Black 140x490 cm,,,taxable,parent,1,5,,0,0,,490,140,1.2,0,,2288,4115,,,,,,,69449977-H,,,,,,40,,,Size,140x490,,1,,,,,,,,,,,,,,,,,,,,,,,,,,,,,,,,,,,,,140x490,,,,,,,,,,,,,,,,,,,,,,,,140985,,,,,,,,,,,,,,,,,,,
110095,variation,69450031,,D-sign Rug 1P0442 Black - 140x500,1,0,visible,,D-sign Rug 1P0442 Black 140x500 cm,,,taxable,parent,1,4,,0,0,,500,140,1.2,0,,2329,4185,,,,,,,69449977-H,,,,,,41,,,Size,140x500,,1,,,,,,,,,,,,,,,,,,,,,,,,,,,,,,,,,,,,,140x500,,,,,,,,,,,,,,,,,,,,,,,,140986,,,,,,,,,,,,,,,,,,,
110096,variation,69450034,,D-sign Rug 1P0442 Black - 140x510,1,0,visible,,D-sign Rug 1P0442 Black 140x510 cm,,,taxable,parent,1,4,,0,0,,510,140,1.2,0,,2370,4265,,,,,,,69449977-H,,,,,,42,,,Size,140x510,,1,,,,,,,,,,,,,,,,,,,,,,,,,,,,,,,,,,,,,140x510,,,,,,,,,,,,,,,,,,,,,,,,140987,,,,,,,,,,,,,,,,,,,
110097,variation,69450030,,D-sign Rug 1P0442 Black - 140x520,1,0,visible,,D-sign Rug 1P0442 Black 140x520 cm,,,taxable,parent,1,4,,0,0,,520,140,1.2,0,,2411,4335,,,,,,,69449977-H,,,,,,43,,,Size,140x520,,1,,,,,,,,,,,,,,,,,,,,,,,,,,,,,,,,,,,,,140x520,,,,,,,,,,,,,,,,,,,,,,,,140988,,,,,,,,,,,,,,,,,,,
110098,variation,69450037,,D-sign Rug 1P0442 Black - 140x530,1,0,visible,,D-sign Rug 1P0442 Black 140x530 cm,,,taxable,parent,1,4,,0,0,,530,140,1.2,0,,2452,4405,,,,,,,69449977-H,,,,,,44,,,Size,140x530,,1,,,,,,,,,,,,,,,,,,,,,,,,,,,,,,,,,,,,,140x530,,,,,,,,,,,,,,,,,,,,,,,,140989,,,,,,,,,,,,,,,,,,,
110099,variation,69450032,,D-sign Rug 1P0442 Black - 140x540,1,0,visible,,D-sign Rug 1P0442 Black 140x540 cm,,,taxable,parent,1,4,,0,0,,540,140,1.2,0,,2493,4485,,,,,,,69449977-H,,,,,,45,,,Size,140x540,,1,,,,,,,,,,,,,,,,,,,,,,,,,,,,,,,,,,,,,140x540,,,,,,,,,,,,,,,,,,,,,,,,140990,,,,,,,,,,,,,,,,,,,
110100,variation,69450029,,D-sign Rug 1P0442 Black - 140x550,1,0,visible,,D-sign Rug 1P0442 Black 140x550 cm,,,taxable,parent,1,4,,0,0,,550,140,1.2,0,,2535,4555,,,,,,,69449977-H,,,,,,46,,,Size,140x550,,1,,,,,,,,,,,,,,,,,,,,,,,,,,,,,,,,,,,,,140x550,,,,,,,,,,,,,,,,,,,,,,,,140991,,,,,,,,,,,,,,,,,,,
110101,variation,69450035,,D-sign Rug 1P0442 Black - 140x560,1,0,visible,,D-sign Rug 1P0442 Black 140x560 cm,,,taxable,parent,1,4,,0,0,,560,140,1.2,0,,2576,4635,,,,,,,69449977-H,,,,,,47,,,Size,140x560,,1,,,,,,,,,,,,,,,,,,,,,,,,,,,,,,,,,,,,,140x560,,,,,,,,,,,,,,,,,,,,,,,,140992,,,,,,,,,,,,,,,,,,,
110102,variation,69450038,,D-sign Rug 1P0442 Black - 140x570,1,0,visible,,D-sign Rug 1P0442 Black 140x570 cm,,,taxable,parent,1,4,,0,0,,570,140,1.2,0,,2617,4705,,,,,,,69449977-H,,,,,,48,,,Size,140x570,,1,,,,,,,,,,,,,,,,,,,,,,,,,,,,,,,,,,,,,140x570,,,,,,,,,,,,,,,,,,,,,,,,140993,,,,,,,,,,,,,,,,,,,
110103,variation,69450041,,D-sign Rug 1P0442 Black - 140x580,1,0,visible,,D-sign Rug 1P0442 Black 140x580 cm,,,taxable,parent,1,4,,0,0,,580,140,1.2,0,,2658,4775,,,,,,,69449977-H,,,,,,49,,,Size,140x580,,1,,,,,,,,,,,,,,,,,,,,,,,,,,,,,,,,,,,,,140x580,,,,,,,,,,,,,,,,,,,,,,,,140994,,,,,,,,,,,,,,,,,,,
110104,variation,69450044,,D-sign Rug 1P0442 Black - 140x590,1,0,visible,,D-sign Rug 1P0442 Black 140x590 cm,,,taxable,parent,1,4,,0,0,,590,140,1.2,0,,2699,4855,,,,,,,69449977-H,,,,,,50,,,Size,140x590,,1,,,,,,,,,,,,,,,,,,,,,,,,,,,,,,,,,,,,,140x590,,,,,,,,,,,,,,,,,,,,,,,,140995,,,,,,,,,,,,,,,,,,,
110105,variation,69450045,,D-sign Rug 1P0442 Black - 140x600,1,0,visible,,D-sign Rug 1P0442 Black 140x600 cm,,,taxable,parent,1,4,,0,0,,600,140,1.2,0,,2740,4925,,,,,,,69449977-H,,,,,,51,,,Size,140x600,,1,,,,,,,,,,,,,,,,,,,,,,,,,,,,,,,,,,,,,140x600,,,,,,,,,,,,,,,,,,,,,,,,140996,,,,,,,,,,,,,,,,,,,
110106,variation,69450049,,D-sign Rug 1P0442 Black - 140x610,1,0,visible,,D-sign Rug 1P0442 Black 140x610 cm,,,taxable,parent,1,4,,0,0,,610,140,1.2,0,,2781,5005,,,,,,,69449977-H,,,,,,52,,,Size,140x610,,1,,,,,,,,,,,,,,,,,,,,,,,,,,,,,,,,,,,,,140x610,,,,,,,,,,,,,,,,,,,,,,,,140997,,,,,,,,,,,,,,,,,,,
110107,variation,69450043,,D-sign Rug 1P0442 Black - 140x620,1,0,visible,,D-sign Rug 1P0442 Black 140x620 cm,,,taxable,parent,1,3,,0,0,,620,140,1.2,0,,2822,5075,,,,,,,69449977-H,,,,,,53,,,Size,140x620,,1,,,,,,,,,,,,,,,,,,,,,,,,,,,,,,,,,,,,,140x620,,,,,,,,,,,,,,,,,,,,,,,,140998,,,,,,,,,,,,,,,,,,,
110108,variation,69450048,,D-sign Rug 1P0442 Black - 140x630,1,0,visible,,D-sign Rug 1P0442 Black 140x630 cm,,,taxable,parent,1,3,,0,0,,630,140,1.2,0,,2863,5145,,,,,,,69449977-H,,,,,,54,,,Size,140x630,,1,,,,,,,,,,,,,,,,,,,,,,,,,,,,,,,,,,,,,140x630,,,,,,,,,,,,,,,,,,,,,,,,140999,,,,,,,,,,,,,,,,,,,
110109,variation,69450046,,D-sign Rug 1P0442 Black - 140x640,1,0,visible,,D-sign Rug 1P0442 Black 140x640 cm,,,taxable,parent,1,3,,0,0,,640,140,1.2,0,,2904,5225,,,,,,,69449977-H,,,,,,55,,,Size,140x640,,1,,,,,,,,,,,,,,,,,,,,,,,,,,,,,,,,,,,,,140x640,,,,,,,,,,,,,,,,,,,,,,,,141000,,,,,,,,,,,,,,,,,,,
110110,variation,69450050,,D-sign Rug 1P0442 Black - 140x650,1,0,visible,,D-sign Rug 1P0442 Black 140x650 cm,,,taxable,parent,1,3,,0,0,,650,140,1.2,0,,2945,5295,,,,,,,69449977-H,,,,,,56,,,Size,140x650,,1,,,,,,,,,,,,,,,,,,,,,,,,,,,,,,,,,,,,,140x650,,,,,,,,,,,,,,,,,,,,,,,,141001,,,,,,,,,,,,,,,,,,,
110111,variation,69450042,,D-sign Rug 1P0442 Black - 140x660,1,0,visible,,D-sign Rug 1P0442 Black 140x660 cm,,,taxable,parent,1,3,,0,0,,660,140,1.2,0,,2986,5375,,,,,,,69449977-H,,,,,,57,,,Size,140x660,,1,,,,,,,,,,,,,,,,,,,,,,,,,,,,,,,,,,,,,140x660,,,,,,,,,,,,,,,,,,,,,,,,141002,,,,,,,,,,,,,,,,,,,
110112,variation,69450047,,D-sign Rug 1P0442 Black - 140x670,1,0,visible,,D-sign Rug 1P0442 Black 140x670 cm,,,taxable,parent,1,3,,0,0,,670,140,1.2,0,,3028,5445,,,,,,,69449977-H,,,,,,58,,,Size,140x670,,1,,,,,,,,,,,,,,,,,,,,,,,,,,,,,,,,,,,,,140x670,,,,,,,,,,,,,,,,,,,,,,,,141003,,,,,,,,,,,,,,,,,,,
110113,variation,69450058,,D-sign Rug 1P0442 Black - 140x680,1,0,visible,,D-sign Rug 1P0442 Black 140x680 cm,,,taxable,parent,1,3,,0,0,,680,140,1.2,0,,3069,5515,,,,,,,69449977-H,,,,,,59,,,Size,140x680,,1,,,,,,,,,,,,,,,,,,,,,,,,,,,,,,,,,,,,,140x680,,,,,,,,,,,,,,,,,,,,,,,,141004,,,,,,,,,,,,,,,,,,,
110114,variation,69450061,,D-sign Rug 1P0442 Black - 140x690,1,0,visible,,D-sign Rug 1P0442 Black 140x690 cm,,,taxable,parent,1,3,,0,0,,690,140,1.2,0,,3110,5595,,,,,,,69449977-H,,,,,,60,,,Size,140x690,,1,,,,,,,,,,,,,,,,,,,,,,,,,,,,,,,,,,,,,140x690,,,,,,,,,,,,,,,,,,,,,,,,141005,,,,,,,,,,,,,,,,,,,
110115,variation,69450055,,D-sign Rug 1P0442 Black - 140x700,1,0,visible,,D-sign Rug 1P0442 Black 140x700 cm,,,taxable,parent,1,3,,0,0,,700,140,1.2,0,,3151,5665,,,,,,,69449977-H,,,,,,61,,,Size,140x700,,1,,,,,,,,,,,,,,,,,,,,,,,,,,,,,,,,,,,,,140x700,,,,,,,,,,,,,,,,,,,,,,,,141006,,,,,,,,,,,,,,,,,,,
110116,variation,69450060,,D-sign Rug 1P0442 Black - 140x710,1,0,visible,,D-sign Rug 1P0442 Black 140x710 cm,,,taxable,parent,1,3,,0,0,,710,140,1.2,0,,3192,5745,,,,,,,69449977-H,,,,,,62,,,Size,140x710,,1,,,,,,,,,,,,,,,,,,,,,,,,,,,,,,,,,,,,,140x710,,,,,,,,,,,,,,,,,,,,,,,,141007,,,,,,,,,,,,,,,,,,,
110117,variation,69450054,,D-sign Rug 1P0442 Black - 140x720,1,0,visible,,D-sign Rug 1P0442 Black 140x720 cm,,,taxable,parent,1,3,,0,0,,720,140,1.2,0,,3233,5815,,,,,,,69449977-H,,,,,,63,,,Size,140x720,,1,,,,,,,,,,,,,,,,,,,,,,,,,,,,,,,,,,,,,140x720,,,,,,,,,,,,,,,,,,,,,,,,141008,,,,,,,,,,,,,,,,,,,
110118,variation,69450057,,D-sign Rug 1P0442 Black - 140x730,1,0,visible,,D-sign Rug 1P0442 Black 140x730 cm,,,taxable,parent,1,3,,0,0,,730,140,1.2,0,,3274,5885,,,,,,,69449977-H,,,,,,64,,,Size,140x730,,1,,,,,,,,,,,,,,,,,,,,,,,,,,,,,,,,,,,,,140x730,,,,,,,,,,,,,,,,,,,,,,,,141009,,,,,,,,,,,,,,,,,,,
110119,variation,69450053,,D-sign Rug 1P0442 Black - 140x740,1,0,visible,,D-sign Rug 1P0442 Black 140x740 cm,,,taxable,parent,1,3,,0,0,,740,140,1.2,0,,3315,5965,,,,,,,69449977-H,,,,,,65,,,Size,140x740,,1,,,,,,,,,,,,,,,,,,,,,,,,,,,,,,,,,,,,,140x740,,,,,,,,,,,,,,,,,,,,,,,,141010,,,,,,,,,,,,,,,,,,,
110120,variation,69450056,,D-sign Rug 1P0442 Black - 140x750,1,0,visible,,D-sign Rug 1P0442 Black 140x750 cm,,,taxable,parent,1,3,,0,0,,750,140,1.2,0,,3356,6035,,,,,,,69449977-H,,,,,,66,,,Size,140x750,,1,,,,,,,,,,,,,,,,,,,,,,,,,,,,,,,,,,,,,140x750,,,,,,,,,,,,,,,,,,,,,,,,141011,,,,,,,,,,,,,,,,,,,
110121,variation,69450052,,D-sign Rug 1P0442 Black - 140x760,1,0,visible,,D-sign Rug 1P0442 Black 140x760 cm,,,taxable,parent,1,3,,0,0,,760,140,1.2,0,,3397,6115,,,,,,,69449977-H,,,,,,67,,,Size,140x760,,1,,,,,,,,,,,,,,,,,,,,,,,,,,,,,,,,,,,,,140x760,,,,,,,,,,,,,,,,,,,,,,,,141012,,,,,,,,,,,,,,,,,,,
110122,variation,69450059,,D-sign Rug 1P0442 Black - 140x770,1,0,visible,,D-sign Rug 1P0442 Black 140x770 cm,,,taxable,parent,1,3,,0,0,,770,140,1.2,0,,3438,6185,,,,,,,69449977-H,,,,,,68,,,Size,140x770,,1,,,,,,,,,,,,,,,,,,,,,,,,,,,,,,,,,,,,,140x770,,,,,,,,,,,,,,,,,,,,,,,,141013,,,,,,,,,,,,,,,,,,,
110123,variation,69450063,,D-sign Rug 1P0442 Black - 140x780,1,0,visible,,D-sign Rug 1P0442 Black 140x780 cm,,,taxable,parent,1,3,,0,0,,780,140,1.2,0,,3479,6255,,,,,,,69449977-H,,,,,,69,,,Size,140x780,,1,,,,,,,,,,,,,,,,,,,,,,,,,,,,,,,,,,,,,140x780,,,,,,,,,,,,,,,,,,,,,,,,141014,,,,,,,,,,,,,,,,,,,
110124,variation,69450068,,D-sign Rug 1P0442 Black - 140x790,1,0,visible,,D-sign Rug 1P0442 Black 140x790 cm,,,taxable,parent,1,3,,0,0,,790,140,1.2,0,,3521,6335,,,,,,,69449977-H,,,,,,70,,,Size,140x790,,1,,,,,,,,,,,,,,,,,,,,,,,,,,,,,,,,,,,,,140x790,,,,,,,,,,,,,,,,,,,,,,,,141015,,,,,,,,,,,,,,,,,,,
110125,variation,69450069,,D-sign Rug 1P0442 Black - 140x800,1,0,visible,,D-sign Rug 1P0442 Black 140x800 cm,,,taxable,parent,1,3,,0,0,,800,140,1.2,0,,3562,6405,,,,,,,69449977-H,,,,,,71,,,Size,140x800,,1,,,,,,,,,,,,,,,,,,,,,,,,,,,,,,,,,,,,,140x800,,,,,,,,,,,,,,,,,,,,,,,,141016,,,,,,,,,,,,,,,,,,,
110126,variation,69450065,,D-sign Rug 1P0442 Black - 140x810,1,0,visible,,D-sign Rug 1P0442 Black 140x810 cm,,,taxable,parent,1,3,,0,0,,810,140,1.2,0,,3603,6475,,,,,,,69449977-H,,,,,,72,,,Size,140x810,,1,,,,,,,,,,,,,,,,,,,,,,,,,,,,,,,,,,,,,140x810,,,,,,,,,,,,,,,,,,,,,,,,141017,,,,,,,,,,,,,,,,,,,
110127,variation,69450070,,D-sign Rug 1P0442 Black - 140x820,1,0,visible,,D-sign Rug 1P0442 Black 140x820 cm,,,taxable,parent,1,3,,0,0,,820,140,1.2,0,,3713,6675,,,,,,,69449977-H,,,,,,73,,,Size,140x820,,1,,,,,,,,,,,,,,,,,,,,,,,,,,,,,,,,,,,,,140x820,,,,,,,,,,,,,,,,,,,,,,,,141018,,,,,,,,,,,,,,,,,,,
110128,variation,69450072,,D-sign Rug 1P0442 Black - 140x830,1,0,visible,,D-sign Rug 1P0442 Black 140x830 cm,,,taxable,parent,1,2,,0,0,,830,140,1.2,0,,3754,6755,,,,,,,69449977-H,,,,,,74,,,Size,140x830,,1,,,,,,,,,,,,,,,,,,,,,,,,,,,,,,,,,,,,,140x830,,,,,,,,,,,,,,,,,,,,,,,,141019,,,,,,,,,,,,,,,,,,,
110129,variation,69450064,,D-sign Rug 1P0442 Black - 140x840,1,0,visible,,D-sign Rug 1P0442 Black 140x840 cm,,,taxable,parent,1,2,,0,0,,840,140,1.2,0,,3795,6825,,,,,,,69449977-H,,,,,,75,,,Size,140x840,,1,,,,,,,,,,,,,,,,,,,,,,,,,,,,,,,,,,,,,140x840,,,,,,,,,,,,,,,,,,,,,,,,141020,,,,,,,,,,,,,,,,,,,
110130,variation,69450071,,D-sign Rug 1P0442 Black - 140x850,1,0,visible,,D-sign Rug 1P0442 Black 140x850 cm,,,taxable,parent,1,2,,0,0,,850,140,1.2,0,,3836,6895,,,,,,,69449977-H,,,,,,76,,,Size,140x850,,1,,,,,,,,,,,,,,,,,,,,,,,,,,,,,,,,,,,,,140x850,,,,,,,,,,,,,,,,,,,,,,,,141021,,,,,,,,,,,,,,,,,,,
110131,variation,69450066,,D-sign Rug 1P0442 Black - 140x860,1,0,visible,,D-sign Rug 1P0442 Black 140x860 cm,,,taxable,parent,1,2,,0,0,,860,140,1.2,0,,3877,6975,,,,,,,69449977-H,,,,,,77,,,Size,140x860,,1,,,,,,,,,,,,,,,,,,,,,,,,,,,,,,,,,,,,,140x860,,,,,,,,,,,,,,,,,,,,,,,,141022,,,,,,,,,,,,,,,,,,,
110132,variation,69450067,,D-sign Rug 1P0442 Black - 140x870,1,0,visible,,D-sign Rug 1P0442 Black 140x870 cm,,,taxable,parent,1,2,,0,0,,870,140,1.2,0,,3918,7045,,,,,,,69449977-H,,,,,,78,,,Size,140x870,,1,,,,,,,,,,,,,,,,,,,,,,,,,,,,,,,,,,,,,140x870,,,,,,,,,,,,,,,,,,,,,,,,141023,,,,,,,,,,,,,,,,,,,
110133,variation,69450082,,D-sign Rug 1P0442 Black - 140x880,1,0,visible,,D-sign Rug 1P0442 Black 140x880 cm,,,taxable,parent,1,2,,0,0,,880,140,1.2,0,,3959,7125,,,,,,,69449977-H,,,,,,79,,,Size,140x880,,1,,,,,,,,,,,,,,,,,,,,,,,,,,,,,,,,,,,,,140x880,,,,,,,,,,,,,,,,,,,,,,,,141024,,,,,,,,,,,,,,,,,,,
110134,variation,69450079,,D-sign Rug 1P0442 Black - 140x890,1,0,visible,,D-sign Rug 1P0442 Black 140x890 cm,,,taxable,parent,1,2,,0,0,,890,140,1.2,0,,4000,7195,,,,,,,69449977-H,,,,,,80,,,Size,140x890,,1,,,,,,,,,,,,,,,,,,,,,,,,,,,,,,,,,,,,,140x890,,,,,,,,,,,,,,,,,,,,,,,,141025,,,,,,,,,,,,,,,,,,,
110135,variation,69450074,,D-sign Rug 1P0442 Black - 140x900,1,0,visible,,D-sign Rug 1P0442 Black 140x900 cm,,,taxable,parent,1,2,,0,0,,900,140,1.2,0,,4041,7265,,,,,,,69449977-H,,,,,,81,,,Size,140x900,,1,,,,,,,,,,,,,,,,,,,,,,,,,,,,,,,,,,,,,140x900,,,,,,,,,,,,,,,,,,,,,,,,141026,,,,,,,,,,,,,,,,,,,
110136,variation,69450077,,D-sign Rug 1P0442 Black - 140x910,1,0,visible,,D-sign Rug 1P0442 Black 140x910 cm,,,taxable,parent,1,2,,0,0,,910,140,1.2,0,,4082,7345,,,,,,,69449977-H,,,,,,82,,,Size,140x910,,1,,,,,,,,,,,,,,,,,,,,,,,,,,,,,,,,,,,,,140x910,,,,,,,,,,,,,,,,,,,,,,,,141027,,,,,,,,,,,,,,,,,,,
110137,variation,69450078,,D-sign Rug 1P0442 Black - 140x920,1,0,visible,,D-sign Rug 1P0442 Black 140x920 cm,,,taxable,parent,1,2,,0,0,,920,140,1.2,0,,4123,7415,,,,,,,69449977-H,,,,,,83,,,Size,140x920,,1,,,,,,,,,,,,,,,,,,,,,,,,,,,,,,,,,,,,,140x920,,,,,,,,,,,,,,,,,,,,,,,,141028,,,,,,,,,,,,,,,,,,,
110138,variation,69450075,,D-sign Rug 1P0442 Black - 140x930,1,0,visible,,D-sign Rug 1P0442 Black 140x930 cm,,,taxable,parent,1,2,,0,0,,930,140,1.2,0,,4164,7495,,,,,,,69449977-H,,,,,,84,,,Size,140x930,,1,,,,,,,,,,,,,,,,,,,,,,,,,,,,,,,,,,,,,140x930,,,,,,,,,,,,,,,,,,,,,,,,141029,,,,,,,,,,,,,,,,,,,
110139,variation,69450080,,D-sign Rug 1P0442 Black - 140x940,1,0,visible,,D-sign Rug 1P0442 Black 140x940 cm,,,taxable,parent,1,2,,0,0,,940,140,1.2,0,,4205,7565,,,,,,,69449977-H,,,,,,85,,,Size,140x940,,1,,,,,,,,,,,,,,,,,,,,,,,,,,,,,,,,,,,,,140x940,,,,,,,,,,,,,,,,,,,,,,,,141030,,,,,,,,,,,,,,,,,,,
110140,variation,69450073,,D-sign Rug 1P0442 Black - 140x950,1,0,visible,,D-sign Rug 1P0442 Black 140x950 cm,,,taxable,parent,1,2,,0,0,,950,140,1.2,0,,4247,7635,,,,,,,69449977-H,,,,,,86,,,Size,140x950,,1,,,,,,,,,,,,,,,,,,,,,,,,,,,,,,,,,,,,,140x950,,,,,,,,,,,,,,,,,,,,,,,,141031,,,,,,,,,,,,,,,,,,,
110141,variation,69450076,,D-sign Rug 1P0442 Black - 140x960,1,0,visible,,D-sign Rug 1P0442 Black 140x960 cm,,,taxable,parent,1,2,,0,0,,960,140,1.2,0,,4288,7715,,,,,,,69449977-H,,,,,,87,,,Size,140x960,,1,,,,,,,,,,,,,,,,,,,,,,,,,,,,,,,,,,,,,140x960,,,,,,,,,,,,,,,,,,,,,,,,141032,,,,,,,,,,,,,,,,,,,
110142,variable,69450085-H,,D-sign Rug 1P0443 Black,1,0,visible,D-sign Rug 1P0443 Black,D-sign Rug 1P0443 Black,,,taxable,,1,,,0,0,,,,,1,,,,"Rooms > Entrance & Corridor, Rooms > Kitchen, Rugs > Modern, Rugs",,,"https://rugshop.eu/wp-content/uploads/2022/09/runner-karmel-plain-one-colour-black-160-cm.jpg, https://rugshop.eu/wp-content/uploads/2022/09/runner-karmel-plain-one-colour-black-160-cm-1.jpg, https://rugshop.eu/wp-content/uploads/2022/09/runner-karmel-plain-one-colour-black-160-cm-2.jpg, https://rugshop.eu/wp-content/uploads/2022/09/runner-karmel-plain-one-colour-black-160-cm-3.jpg, https://rugshop.eu/wp-content/uploads/2022/09/runner-karmel-plain-one-colour-black-160-cm-4.jpg",,,,,,,,,2660,,,Size,"160x100, 160x110, 160x120, 160x130, 160x140, 160x150, 160x160, 160x170, 160x180, 160x190, 160x200, 160x210, 160x220, 160x230, 160x240, 160x250, 160x260, 160x270, 160x280, 160x290, 160x300, 160x310, 160x320, 160x330, 160x340, 160x350, 160x360, 160x370, 160x380, 160x390, 160x400, 160x410, 160x420, 160x430, 160x440, 160x450, 160x460, 160x470, 160x480, 160x490, 160x500, 160x510, 160x520, 160x530, 160x540, 160x550, 160x560, 160x570, 160x580, 160x590, 160x600, 160x610, 160x620, 160x630, 160x640, 160x650, 160x660, 160x670, 160x680, 160x690, 160x700, 160x710, 160x720, 160x730, 160x740, 160x750, 160x760, 160x770, 160x780, 160x790, 160x800, 160x810, 160x820, 160x830, 160x840, 160x850",1,1,Brand,D-sign,1,1,Color,Black-Grey,1,1,Type of color,Singlecolor,1,1,Shape,Rectangular,1,1,Material,Polypropylene,1,1,Type of rug,Modern,1,1,Weave,Machinemade,1,1,Age,New,1,1,,,,,,,,,,,,,,,,,,yes,yes,,,,,,,,,,,,,,,,,,,,,,,,,,,,,
110143,variation,69450081,,D-sign Rug 1P0442 Black - 140x970,1,0,visible,,D-sign Rug 1P0442 Black 140x970 cm,,,taxable,parent,1,2,,0,0,,970,140,1.2,0,,4329,7785,,,,,,,69449977-H,,,,,,88,,,Size,140x970,,1,,,,,,,,,,,,,,,,,,,,,,,,,,,,,,,,,,,,,140x970,,,,,,,,,,,,,,,,,,,,,,,,141033,,,,,,,,,,,,,,,,,,,
110144,variation,69450083,,D-sign Rug 1P0442 Black - 140x980,1,0,visible,,D-sign Rug 1P0442 Black 140x980 cm,,,taxable,parent,1,2,,0,0,,980,140,1.2,0,,4370,7865,,,,,,,69449977-H,,,,,,89,,,Size,140x980,,1,,,,,,,,,,,,,,,,,,,,,,,,,,,,,,,,,,,,,140x980,,,,,,,,,,,,,,,,,,,,,,,,141034,,,,,,,,,,,,,,,,,,,
110145,variation,69450086,,D-sign Rug 1P0442 Black - 140x990,1,0,visible,,D-sign Rug 1P0442 Black 140x990 cm,,,taxable,parent,1,2,,0,0,,990,140,1.2,0,,4411,7935,,,,,,,69449977-H,,,,,,90,,,Size,140x990,,1,,,,,,,,,,,,,,,,,,,,,,,,,,,,,,,,,,,,,140x990,,,,,,,,,,,,,,,,,,,,,,,,141035,,,,,,,,,,,,,,,,,,,
110146,variation,69450084,,D-sign Rug 1P0442 Black - 140x1000,1,0,visible,,D-sign Rug 1P0442 Black 140x1000 cm,,,taxable,parent,1,2,,0,0,,1000,140,1.2,0,,4452,8005,,,,,,,69449977-H,,,,,,91,,,Size,140x1000,,1,,,,,,,,,,,,,,,,,,,,,,,,,,,,,,,,,,,,,140x1000,,,,,,,,,,,,,,,,,,,,,,,,141036,,,,,,,,,,,,,,,,,,,
110148,variation,69450085,,D-sign Rug 1P0443 Black - 160x100,1,0,visible,,D-sign Rug 1P0443 Black 160x100 cm,,,taxable,parent,1,7,,0,0,,100,160,1.2,0,,745,1335,,,,,,,69450085-H,,,,,,1,,,Size,160x100,,1,,,,,,,,,,,,,,,,,,,,,,,,,,,,,,,,,,,,,160x100,,,,,,,,,,,,,,,,,,,,,,,,141037,,,,,,,,,,,,,,,,,,,
110149,variation,69456175,,D-sign Rug 1P0443 Black - 160x110,1,0,visible,,D-sign Rug 1P0443 Black 160x110 cm,,,taxable,parent,1,6,,0,0,,110,160,1.2,0,,791,1415,,,,,,,69450085-H,,,,,,2,,,Size,160x110,,1,,,,,,,,,,,,,,,,,,,,,,,,,,,,,,,,,,,,,160x110,,,,,,,,,,,,,,,,,,,,,,,,141038,,,,,,,,,,,,,,,,,,,
110150,variation,69456230,,D-sign Rug 1P0443 Black - 160x120,1,0,visible,,D-sign Rug 1P0443 Black 160x120 cm,,,taxable,parent,1,6,,0,0,,120,160,1.2,0,,838,1505,,,,,,,69450085-H,,,,,,3,,,Size,160x120,,1,,,,,,,,,,,,,,,,,,,,,,,,,,,,,,,,,,,,,160x120,,,,,,,,,,,,,,,,,,,,,,,,141039,,,,,,,,,,,,,,,,,,,
110151,variation,69456172,,D-sign Rug 1P0443 Black - 160x130,1,0,visible,,D-sign Rug 1P0443 Black 160x130 cm,,,taxable,parent,1,5,,0,0,,130,160,1.2,0,,885,1585,,,,,,,69450085-H,,,,,,4,,,Size,160x130,,1,,,,,,,,,,,,,,,,,,,,,,,,,,,,,,,,,,,,,160x130,,,,,,,,,,,,,,,,,,,,,,,,141040,,,,,,,,,,,,,,,,,,,
110152,variation,69456169,,D-sign Rug 1P0443 Black - 160x140,1,0,visible,,D-sign Rug 1P0443 Black 160x140 cm,,,taxable,parent,1,5,,0,0,,140,160,1.2,0,,932,1675,,,,,,,69450085-H,,,,,,5,,,Size,160x140,,1,,,,,,,,,,,,,,,,,,,,,,,,,,,,,,,,,,,,,160x140,,,,,,,,,,,,,,,,,,,,,,,,141041,,,,,,,,,,,,,,,,,,,
110153,variation,69456231,,D-sign Rug 1P0443 Black - 160x150,1,0,visible,,D-sign Rug 1P0443 Black 160x150 cm,,,taxable,parent,1,4,,0,0,,150,160,1.2,0,,979,1755,,,,,,,69450085-H,,,,,,6,,,Size,160x150,,1,,,,,,,,,,,,,,,,,,,,,,,,,,,,,,,,,,,,,160x150,,,,,,,,,,,,,,,,,,,,,,,,141042,,,,,,,,,,,,,,,,,,,
110154,variation,69456229,,D-sign Rug 1P0443 Black - 160x160,1,0,visible,,D-sign Rug 1P0443 Black 160x160 cm,,,taxable,parent,1,4,,0,0,,160,160,1.2,0,,1026,1845,,,,,,,69450085-H,,,,,,7,,,Size,160x160,,1,,,,,,,,,,,,,,,,,,,,,,,,,,,,,,,,,,,,,160x160,,,,,,,,,,,,,,,,,,,,,,,,141043,,,,,,,,,,,,,,,,,,,
110155,variation,69450095,,D-sign Rug 1P0443 Black - 160x170,1,0,visible,,D-sign Rug 1P0443 Black 160x170 cm,,,taxable,parent,1,4,,0,0,,170,160,1.2,0,,1073,1925,,,,,,,69450085-H,,,,,,8,,,Size,160x170,,1,,,,,,,,,,,,,,,,,,,,,,,,,,,,,,,,,,,,,160x170,,,,,,,,,,,,,,,,,,,,,,,,141044,,,,,,,,,,,,,,,,,,,
110156,variation,69450090,,D-sign Rug 1P0443 Black - 160x180,1,0,visible,,D-sign Rug 1P0443 Black 160x180 cm,,,taxable,parent,1,4,,0,0,,180,160,1.2,0,,1120,2015,,,,,,,69450085-H,,,,,,9,,,Size,160x180,,1,,,,,,,,,,,,,,,,,,,,,,,,,,,,,,,,,,,,,160x180,,,,,,,,,,,,,,,,,,,,,,,,141045,,,,,,,,,,,,,,,,,,,
110157,variation,69450091,,D-sign Rug 1P0443 Black - 160x190,1,0,visible,,D-sign Rug 1P0443 Black 160x190 cm,,,taxable,parent,1,3,,0,0,,190,160,1.2,0,,1167,2095,,,,,,,69450085-H,,,,,,10,,,Size,160x190,,1,,,,,,,,,,,,,,,,,,,,,,,,,,,,,,,,,,,,,160x190,,,,,,,,,,,,,,,,,,,,,,,,141046,,,,,,,,,,,,,,,,,,,
110158,variation,69450094,,D-sign Rug 1P0443 Black - 160x200,1,0,visible,,D-sign Rug 1P0443 Black 160x200 cm,,,taxable,parent,1,3,,0,0,,200,160,1.2,0,,1214,2185,,,,,,,69450085-H,,,,,,11,,,Size,160x200,,1,,,,,,,,,,,,,,,,,,,,,,,,,,,,,,,,,,,,,160x200,,,,,,,,,,,,,,,,,,,,,,,,141047,,,,,,,,,,,,,,,,,,,
110159,variation,69450088,,D-sign Rug 1P0443 Black - 160x210,1,0,visible,,D-sign Rug 1P0443 Black 160x210 cm,,,taxable,parent,1,3,,0,0,,210,160,1.2,0,,1261,2265,,,,,,,69450085-H,,,,,,12,,,Size,160x210,,1,,,,,,,,,,,,,,,,,,,,,,,,,,,,,,,,,,,,,160x210,,,,,,,,,,,,,,,,,,,,,,,,141048,,,,,,,,,,,,,,,,,,,
110160,variation,69450097,,D-sign Rug 1P0443 Black - 160x220,1,0,visible,,D-sign Rug 1P0443 Black 160x220 cm,,,taxable,parent,1,3,,0,0,,220,160,1.2,0,,1308,2345,,,,,,,69450085-H,,,,,,13,,,Size,160x220,,1,,,,,,,,,,,,,,,,,,,,,,,,,,,,,,,,,,,,,160x220,,,,,,,,,,,,,,,,,,,,,,,,141050,,,,,,,,,,,,,,,,,,,
110161,variation,69450092,,D-sign Rug 1P0443 Black - 160x230,1,0,visible,,D-sign Rug 1P0443 Black 160x230 cm,,,taxable,parent,1,3,,0,0,,230,160,1.2,0,,1355,2435,,,,,,,69450085-H,,,,,,14,,,Size,160x230,,1,,,,,,,,,,,,,,,,,,,,,,,,,,,,,,,,,,,,,160x230,,,,,,,,,,,,,,,,,,,,,,,,141051,,,,,,,,,,,,,,,,,,,
110162,variation,69450089,,D-sign Rug 1P0443 Black - 160x240,1,0,visible,,D-sign Rug 1P0443 Black 160x240 cm,,,taxable,parent,1,3,,0,0,,240,160,1.2,0,,1402,2515,,,,,,,69450085-H,,,,,,15,,,Size,160x240,,1,,,,,,,,,,,,,,,,,,,,,,,,,,,,,,,,,,,,,160x240,,,,,,,,,,,,,,,,,,,,,,,,141052,,,,,,,,,,,,,,,,,,,
110163,variation,69450093,,D-sign Rug 1P0443 Black - 160x250,1,0,visible,,D-sign Rug 1P0443 Black 160x250 cm,,,taxable,parent,1,2,,0,0,,250,160,1.2,0,,1449,2605,,,,,,,69450085-H,,,,,,16,,,Size,160x250,,1,,,,,,,,,,,,,,,,,,,,,,,,,,,,,,,,,,,,,160x250,,,,,,,,,,,,,,,,,,,,,,,,141053,,,,,,,,,,,,,,,,,,,
110164,variation,69450096,,D-sign Rug 1P0443 Black - 160x260,1,0,visible,,D-sign Rug 1P0443 Black 160x260 cm,,,taxable,parent,1,2,,0,0,,260,160,1.2,0,,1496,2685,,,,,,,69450085-H,,,,,,17,,,Size,160x260,,1,,,,,,,,,,,,,,,,,,,,,,,,,,,,,,,,,,,,,160x260,,,,,,,,,,,,,,,,,,,,,,,,141054,,,,,,,,,,,,,,,,,,,
110165,variation,69450106,,D-sign Rug 1P0443 Black - 160x270,1,0,visible,,D-sign Rug 1P0443 Black 160x270 cm,,,taxable,parent,1,2,,0,0,,270,160,1.2,0,,1543,2775,,,,,,,69450085-H,,,,,,18,,,Size,160x270,,1,,,,,,,,,,,,,,,,,,,,,,,,,,,,,,,,,,,,,160x270,,,,,,,,,,,,,,,,,,,,,,,,141055,,,,,,,,,,,,,,,,,,,
110166,variation,69450101,,D-sign Rug 1P0443 Black - 160x280,1,0,visible,,D-sign Rug 1P0443 Black 160x280 cm,,,taxable,parent,1,2,,0,0,,280,160,1.2,0,,1590,2855,,,,,,,69450085-H,,,,,,19,,,Size,160x280,,1,,,,,,,,,,,,,,,,,,,,,,,,,,,,,,,,,,,,,160x280,,,,,,,,,,,,,,,,,,,,,,,,141056,,,,,,,,,,,,,,,,,,,
110167,variation,69450100,,D-sign Rug 1P0443 Black - 160x290,1,0,visible,,D-sign Rug 1P0443 Black 160x290 cm,,,taxable,parent,1,2,,0,0,,290,160,1.2,0,,1637,2945,,,,,,,69450085-H,,,,,,20,,,Size,160x290,,1,,,,,,,,,,,,,,,,,,,,,,,,,,,,,,,,,,,,,160x290,,,,,,,,,,,,,,,,,,,,,,,,141057,,,,,,,,,,,,,,,,,,,
110168,variation,69450098,,D-sign Rug 1P0443 Black - 160x300,1,0,visible,,D-sign Rug 1P0443 Black 160x300 cm,,,taxable,parent,1,2,,0,0,,300,160,1.2,0,,1684,3025,,,,,,,69450085-H,,,,,,21,,,Size,160x300,,1,,,,,,,,,,,,,,,,,,,,,,,,,,,,,,,,,,,,,160x300,,,,,,,,,,,,,,,,,,,,,,,,141058,,,,,,,,,,,,,,,,,,,
110169,variation,69450104,,D-sign Rug 1P0443 Black - 160x310,1,0,visible,,D-sign Rug 1P0443 Black 160x310 cm,,,taxable,parent,1,2,,0,0,,310,160,1.2,0,,1730,3105,,,,,,,69450085-H,,,,,,22,,,Size,160x310,,1,,,,,,,,,,,,,,,,,,,,,,,,,,,,,,,,,,,,,160x310,,,,,,,,,,,,,,,,,,,,,,,,141059,,,,,,,,,,,,,,,,,,,
110170,variation,69450105,,D-sign Rug 1P0443 Black - 160x320,1,0,visible,,D-sign Rug 1P0443 Black 160x320 cm,,,taxable,parent,1,2,,0,0,,320,160,1.2,0,,1777,3195,,,,,,,69450085-H,,,,,,23,,,Size,160x320,,1,,,,,,,,,,,,,,,,,,,,,,,,,,,,,,,,,,,,,160x320,,,,,,,,,,,,,,,,,,,,,,,,141060,,,,,,,,,,,,,,,,,,,
110171,variation,69450099,,D-sign Rug 1P0443 Black - 160x330,1,0,visible,,D-sign Rug 1P0443 Black 160x330 cm,,,taxable,parent,1,2,,0,0,,330,160,1.2,0,,1824,3275,,,,,,,69450085-H,,,,,,24,,,Size,160x330,,1,,,,,,,,,,,,,,,,,,,,,,,,,,,,,,,,,,,,,160x330,,,,,,,,,,,,,,,,,,,,,,,,141061,,,,,,,,,,,,,,,,,,,
110172,variation,69450102,,D-sign Rug 1P0443 Black - 160x340,1,0,visible,,D-sign Rug 1P0443 Black 160x340 cm,,,taxable,parent,1,2,,0,0,,340,160,1.2,0,,1871,3365,,,,,,,69450085-H,,,,,,25,,,Size,160x340,,1,,,,,,,,,,,,,,,,,,,,,,,,,,,,,,,,,,,,,160x340,,,,,,,,,,,,,,,,,,,,,,,,141062,,,,,,,,,,,,,,,,,,,
110173,variation,69450103,,D-sign Rug 1P0443 Black - 160x350,1,0,visible,,D-sign Rug 1P0443 Black 160x350 cm,,,taxable,parent,1,2,,0,0,,350,160,1.2,0,,1918,3445,,,,,,,69450085-H,,,,,,26,,,Size,160x350,,1,,,,,,,,,,,,,,,,,,,,,,,,,,,,,,,,,,,,,160x350,,,,,,,,,,,,,,,,,,,,,,,,141063,,,,,,,,,,,,,,,,,,,
110174,variation,69450107,,D-sign Rug 1P0443 Black - 160x360,1,0,visible,,D-sign Rug 1P0443 Black 160x360 cm,,,taxable,parent,1,2,,0,0,,360,160,1.2,0,,1965,3535,,,,,,,69450085-H,,,,,,27,,,Size,160x360,,1,,,,,,,,,,,,,,,,,,,,,,,,,,,,,,,,,,,,,160x360,,,,,,,,,,,,,,,,,,,,,,,,141064,,,,,,,,,,,,,,,,,,,
110175,variation,69450110,,D-sign Rug 1P0443 Black - 160x370,1,0,visible,,D-sign Rug 1P0443 Black 160x370 cm,,,taxable,parent,1,2,,0,0,,370,160,1.2,0,,2012,3615,,,,,,,69450085-H,,,,,,28,,,Size,160x370,,1,,,,,,,,,,,,,,,,,,,,,,,,,,,,,,,,,,,,,160x370,,,,,,,,,,,,,,,,,,,,,,,,141065,,,,,,,,,,,,,,,,,,,
110176,variation,69450117,,D-sign Rug 1P0443 Black - 160x380,1,0,visible,,D-sign Rug 1P0443 Black 160x380 cm,,,taxable,parent,1,1,,0,0,,380,160,1.2,0,,2059,3705,,,,,,,69450085-H,,,,,,29,,,Size,160x380,,1,,,,,,,,,,,,,,,,,,,,,,,,,,,,,,,,,,,,,160x380,,,,,,,,,,,,,,,,,,,,,,,,141066,,,,,,,,,,,,,,,,,,,
110177,variation,69450112,,D-sign Rug 1P0443 Black - 160x390,1,0,visible,,D-sign Rug 1P0443 Black 160x390 cm,,,taxable,parent,1,1,,0,0,,390,160,1.2,0,,2106,3785,,,,,,,69450085-H,,,,,,30,,,Size,160x390,,1,,,,,,,,,,,,,,,,,,,,,,,,,,,,,,,,,,,,,160x390,,,,,,,,,,,,,,,,,,,,,,,,141067,,,,,,,,,,,,,,,,,,,
110178,variation,69450108,,D-sign Rug 1P0443 Black - 160x400,1,0,visible,,D-sign Rug 1P0443 Black 160x400 cm,,,taxable,parent,1,1,,0,0,,400,160,1.2,0,,2153,3875,,,,,,,69450085-H,,,,,,31,,,Size,160x400,,1,,,,,,,,,,,,,,,,,,,,,,,,,,,,,,,,,,,,,160x400,,,,,,,,,,,,,,,,,,,,,,,,141068,,,,,,,,,,,,,,,,,,,
110179,variation,69450109,,D-sign Rug 1P0443 Black - 160x410,1,0,visible,,D-sign Rug 1P0443 Black 160x410 cm,,,taxable,parent,1,1,,0,0,,410,160,1.2,0,,2200,3955,,,,,,,69450085-H,,,,,,32,,,Size,160x410,,1,,,,,,,,,,,,,,,,,,,,,,,,,,,,,,,,,,,,,160x410,,,,,,,,,,,,,,,,,,,,,,,,141069,,,,,,,,,,,,,,,,,,,
110180,variation,69450116,,D-sign Rug 1P0443 Black - 160x420,1,0,visible,,D-sign Rug 1P0443 Black 160x420 cm,,,taxable,parent,1,1,,0,0,,420,160,1.2,0,,2247,4035,,,,,,,69450085-H,,,,,,33,,,Size,160x420,,1,,,,,,,,,,,,,,,,,,,,,,,,,,,,,,,,,,,,,160x420,,,,,,,,,,,,,,,,,,,,,,,,141070,,,,,,,,,,,,,,,,,,,
110181,variation,69450114,,D-sign Rug 1P0443 Black - 160x430,1,0,visible,,D-sign Rug 1P0443 Black 160x430 cm,,,taxable,parent,1,1,,0,0,,430,160,1.2,0,,2294,4125,,,,,,,69450085-H,,,,,,34,,,Size,160x430,,1,,,,,,,,,,,,,,,,,,,,,,,,,,,,,,,,,,,,,160x430,,,,,,,,,,,,,,,,,,,,,,,,141071,,,,,,,,,,,,,,,,,,,
110182,variation,69450113,,D-sign Rug 1P0443 Black - 160x440,1,0,visible,,D-sign Rug 1P0443 Black 160x440 cm,,,taxable,parent,1,1,,0,0,,440,160,1.2,0,,2341,4205,,,,,,,69450085-H,,,,,,35,,,Size,160x440,,1,,,,,,,,,,,,,,,,,,,,,,,,,,,,,,,,,,,,,160x440,,,,,,,,,,,,,,,,,,,,,,,,141072,,,,,,,,,,,,,,,,,,,
110183,variation,69450111,,D-sign Rug 1P0443 Black - 160x450,1,0,visible,,D-sign Rug 1P0443 Black 160x450 cm,,,taxable,parent,1,1,,0,0,,450,160,1.2,0,,2388,4295,,,,,,,69450085-H,,,,,,36,,,Size,160x450,,1,,,,,,,,,,,,,,,,,,,,,,,,,,,,,,,,,,,,,160x450,,,,,,,,,,,,,,,,,,,,,,,,141073,,,,,,,,,,,,,,,,,,,
110184,variation,69450115,,D-sign Rug 1P0443 Black - 160x460,1,0,visible,,D-sign Rug 1P0443 Black 160x460 cm,,,taxable,parent,1,1,,0,0,,460,160,1.2,0,,2435,4375,,,,,,,69450085-H,,,,,,37,,,Size,160x460,,1,,,,,,,,,,,,,,,,,,,,,,,,,,,,,,,,,,,,,160x460,,,,,,,,,,,,,,,,,,,,,,,,141074,,,,,,,,,,,,,,,,,,,
110185,variation,69450118,,D-sign Rug 1P0443 Black - 160x470,1,0,visible,,D-sign Rug 1P0443 Black 160x470 cm,,,taxable,parent,1,1,,0,0,,470,160,1.2,0,,2482,4465,,,,,,,69450085-H,,,,,,38,,,Size,160x470,,1,,,,,,,,,,,,,,,,,,,,,,,,,,,,,,,,,,,,,160x470,,,,,,,,,,,,,,,,,,,,,,,,141075,,,,,,,,,,,,,,,,,,,
110186,variation,69450121,,D-sign Rug 1P0443 Black - 160x480,1,0,visible,,D-sign Rug 1P0443 Black 160x480 cm,,,taxable,parent,1,1,,0,0,,480,160,1.2,0,,2529,4545,,,,,,,69450085-H,,,,,,39,,,Size,160x480,,1,,,,,,,,,,,,,,,,,,,,,,,,,,,,,,,,,,,,,160x480,,,,,,,,,,,,,,,,,,,,,,,,141076,,,,,,,,,,,,,,,,,,,
110187,variation,69450125,,D-sign Rug 1P0443 Black - 160x490,1,0,visible,,D-sign Rug 1P0443 Black 160x490 cm,,,taxable,parent,1,1,,0,0,,490,160,1.2,0,,2576,4635,,,,,,,69450085-H,,,,,,40,,,Size,160x490,,1,,,,,,,,,,,,,,,,,,,,,,,,,,,,,,,,,,,,,160x490,,,,,,,,,,,,,,,,,,,,,,,,141077,,,,,,,,,,,,,,,,,,,
110188,variation,69450120,,D-sign Rug 1P0443 Black - 160x500,1,0,visible,,D-sign Rug 1P0443 Black 160x500 cm,,,taxable,parent,1,1,,0,0,,500,160,1.2,0,,2623,4715,,,,,,,69450085-H,,,,,,41,,,Size,160x500,,1,,,,,,,,,,,,,,,,,,,,,,,,,,,,,,,,,,,,,160x500,,,,,,,,,,,,,,,,,,,,,,,,141078,,,,,,,,,,,,,,,,,,,
110189,variation,69450119,,D-sign Rug 1P0443 Black - 160x510,1,0,visible,,D-sign Rug 1P0443 Black 160x510 cm,,,taxable,parent,1,1,,0,0,,510,160,1.2,0,,2670,4805,,,,,,,69450085-H,,,,,,42,,,Size,160x510,,1,,,,,,,,,,,,,,,,,,,,,,,,,,,,,,,,,,,,,160x510,,,,,,,,,,,,,,,,,,,,,,,,141079,,,,,,,,,,,,,,,,,,,
110190,variation,69450123,,D-sign Rug 1P0443 Black - 160x520,1,0,visible,,D-sign Rug 1P0443 Black 160x520 cm,,,taxable,parent,1,1,,0,0,,520,160,1.2,0,,2716,4885,,,,,,,69450085-H,,,,,,43,,,Size,160x520,,1,,,,,,,,,,,,,,,,,,,,,,,,,,,,,,,,,,,,,160x520,,,,,,,,,,,,,,,,,,,,,,,,141080,,,,,,,,,,,,,,,,,,,
110191,variation,69450127,,D-sign Rug 1P0443 Black - 160x530,1,0,visible,,D-sign Rug 1P0443 Black 160x530 cm,,,taxable,parent,1,1,,0,0,,530,160,1.2,0,,2763,4965,,,,,,,69450085-H,,,,,,44,,,Size,160x530,,1,,,,,,,,,,,,,,,,,,,,,,,,,,,,,,,,,,,,,160x530,,,,,,,,,,,,,,,,,,,,,,,,141081,,,,,,,,,,,,,,,,,,,
110192,variation,69450126,,D-sign Rug 1P0443 Black - 160x540,1,0,visible,,D-sign Rug 1P0443 Black 160x540 cm,,,taxable,parent,1,1,,0,0,,540,160,1.2,0,,2810,5055,,,,,,,69450085-H,,,,,,45,,,Size,160x540,,1,,,,,,,,,,,,,,,,,,,,,,,,,,,,,,,,,,,,,160x540,,,,,,,,,,,,,,,,,,,,,,,,141082,,,,,,,,,,,,,,,,,,,
110193,variation,69450122,,D-sign Rug 1P0443 Black - 160x550,1,0,visible,,D-sign Rug 1P0443 Black 160x550 cm,,,taxable,parent,1,1,,0,0,,550,160,1.2,0,,2857,5135,,,,,,,69450085-H,,,,,,46,,,Size,160x550,,1,,,,,,,,,,,,,,,,,,,,,,,,,,,,,,,,,,,,,160x550,,,,,,,,,,,,,,,,,,,,,,,,141083,,,,,,,,,,,,,,,,,,,
110194,variation,69450124,,D-sign Rug 1P0443 Black - 160x560,1,0,visible,,D-sign Rug 1P0443 Black 160x560 cm,,,taxable,parent,1,1,,0,0,,560,160,1.2,0,,2904,5225,,,,,,,69450085-H,,,,,,47,,,Size,160x560,,1,,,,,,,,,,,,,,,,,,,,,,,,,,,,,,,,,,,,,160x560,,,,,,,,,,,,,,,,,,,,,,,,141084,,,,,,,,,,,,,,,,,,,
110195,variation,69450157,,D-sign Rug 1P0443 Black - 160x570,1,0,visible,,D-sign Rug 1P0443 Black 160x570 cm,,,taxable,parent,1,1,,0,0,,570,160,1.2,0,,2951,5305,,,,,,,69450085-H,,,,,,48,,,Size,160x570,,1,,,,,,,,,,,,,,,,,,,,,,,,,,,,,,,,,,,,,160x570,,,,,,,,,,,,,,,,,,,,,,,,141085,,,,,,,,,,,,,,,,,,,
110196,variation,69450159,,D-sign Rug 1P0443 Black - 160x580,1,0,visible,,D-sign Rug 1P0443 Black 160x580 cm,,,taxable,parent,1,1,,0,0,,580,160,1.2,0,,2998,5395,,,,,,,69450085-H,,,,,,49,,,Size,160x580,,1,,,,,,,,,,,,,,,,,,,,,,,,,,,,,,,,,,,,,160x580,,,,,,,,,,,,,,,,,,,,,,,,141086,,,,,,,,,,,,,,,,,,,
110197,variation,69450153,,D-sign Rug 1P0443 Black - 160x590,1,0,visible,,D-sign Rug 1P0443 Black 160x590 cm,,,taxable,parent,1,1,,0,0,,590,160,1.2,0,,3045,5475,,,,,,,69450085-H,,,,,,50,,,Size,160x590,,1,,,,,,,,,,,,,,,,,,,,,,,,,,,,,,,,,,,,,160x590,,,,,,,,,,,,,,,,,,,,,,,,141087,,,,,,,,,,,,,,,,,,,
110198,variation,69450152,,D-sign Rug 1P0443 Black - 160x600,1,0,visible,,D-sign Rug 1P0443 Black 160x600 cm,,,taxable,parent,1,1,,0,0,,600,160,1.2,0,,3092,5565,,,,,,,69450085-H,,,,,,51,,,Size,160x600,,1,,,,,,,,,,,,,,,,,,,,,,,,,,,,,,,,,,,,,160x600,,,,,,,,,,,,,,,,,,,,,,,,141088,,,,,,,,,,,,,,,,,,,
110200,variation,69450151,,D-sign Rug 1P0443 Black - 160x610,1,0,visible,,D-sign Rug 1P0443 Black 160x610 cm,,,taxable,parent,1,1,,0,0,,610,160,1.2,0,,3139,5645,,,,,,,69450085-H,,,,,,52,,,Size,160x610,,1,,,,,,,,,,,,,,,,,,,,,,,,,,,,,,,,,,,,,160x610,,,,,,,,,,,,,,,,,,,,,,,,141089,,,,,,,,,,,,,,,,,,,
110201,variation,69450150,,D-sign Rug 1P0443 Black - 160x620,1,0,visible,,D-sign Rug 1P0443 Black 160x620 cm,,,taxable,parent,1,1,,0,0,,620,160,1.2,0,,3186,5725,,,,,,,69450085-H,,,,,,53,,,Size,160x620,,1,,,,,,,,,,,,,,,,,,,,,,,,,,,,,,,,,,,,,160x620,,,,,,,,,,,,,,,,,,,,,,,,141090,,,,,,,,,,,,,,,,,,,
110202,variation,69450154,,D-sign Rug 1P0443 Black - 160x630,1,0,visible,,D-sign Rug 1P0443 Black 160x630 cm,,,taxable,parent,1,1,,0,0,,630,160,1.2,0,,3233,5815,,,,,,,69450085-H,,,,,,54,,,Size,160x630,,1,,,,,,,,,,,,,,,,,,,,,,,,,,,,,,,,,,,,,160x630,,,,,,,,,,,,,,,,,,,,,,,,141091,,,,,,,,,,,,,,,,,,,
110203,variation,69450158,,D-sign Rug 1P0443 Black - 160x640,1,0,visible,,D-sign Rug 1P0443 Black 160x640 cm,,,taxable,parent,1,1,,0,0,,640,160,1.2,0,,3280,5895,,,,,,,69450085-H,,,,,,55,,,Size,160x640,,1,,,,,,,,,,,,,,,,,,,,,,,,,,,,,,,,,,,,,160x640,,,,,,,,,,,,,,,,,,,,,,,,141092,,,,,,,,,,,,,,,,,,,
110204,variation,69450156,,D-sign Rug 1P0443 Black - 160x650,1,0,visible,,D-sign Rug 1P0443 Black 160x650 cm,,,taxable,parent,1,1,,0,0,,650,160,1.2,0,,3327,5985,,,,,,,69450085-H,,,,,,56,,,Size,160x650,,1,,,,,,,,,,,,,,,,,,,,,,,,,,,,,,,,,,,,,160x650,,,,,,,,,,,,,,,,,,,,,,,,141093,,,,,,,,,,,,,,,,,,,
110205,variation,69450155,,D-sign Rug 1P0443 Black - 160x660,1,0,visible,,D-sign Rug 1P0443 Black 160x660 cm,,,taxable,parent,1,1,,0,0,,660,160,1.2,0,,3374,6065,,,,,,,69450085-H,,,,,,57,,,Size,160x660,,1,,,,,,,,,,,,,,,,,,,,,,,,,,,,,,,,,,,,,160x660,,,,,,,,,,,,,,,,,,,,,,,,141094,,,,,,,,,,,,,,,,,,,
110206,variation,69450164,,D-sign Rug 1P0443 Black - 160x670,1,0,visible,,D-sign Rug 1P0443 Black 160x670 cm,,,taxable,parent,1,1,,0,0,,670,160,1.2,0,,3421,6155,,,,,,,69450085-H,,,,,,58,,,Size,160x670,,1,,,,,,,,,,,,,,,,,,,,,,,,,,,,,,,,,,,,,160x670,,,,,,,,,,,,,,,,,,,,,,,,141095,,,,,,,,,,,,,,,,,,,
110207,variation,69450162,,D-sign Rug 1P0443 Black - 160x680,1,0,visible,,D-sign Rug 1P0443 Black 160x680 cm,,,taxable,parent,1,1,,0,0,,680,160,1.2,0,,3468,6235,,,,,,,69450085-H,,,,,,59,,,Size,160x680,,1,,,,,,,,,,,,,,,,,,,,,,,,,,,,,,,,,,,,,160x680,,,,,,,,,,,,,,,,,,,,,,,,141096,,,,,,,,,,,,,,,,,,,
110208,variation,69450160,,D-sign Rug 1P0443 Black - 160x690,1,0,visible,,D-sign Rug 1P0443 Black 160x690 cm,,,taxable,parent,1,1,,0,0,,690,160,1.2,0,,3515,6325,,,,,,,69450085-H,,,,,,60,,,Size,160x690,,1,,,,,,,,,,,,,,,,,,,,,,,,,,,,,,,,,,,,,160x690,,,,,,,,,,,,,,,,,,,,,,,,141097,,,,,,,,,,,,,,,,,,,
110209,variation,69450166,,D-sign Rug 1P0443 Black - 160x700,1,0,visible,,D-sign Rug 1P0443 Black 160x700 cm,,,taxable,parent,1,1,,0,0,,700,160,1.2,0,,3562,6405,,,,,,,69450085-H,,,,,,61,,,Size,160x700,,1,,,,,,,,,,,,,,,,,,,,,,,,,,,,,,,,,,,,,160x700,,,,,,,,,,,,,,,,,,,,,,,,141098,,,,,,,,,,,,,,,,,,,
110210,variation,69450163,,D-sign Rug 1P0443 Black - 160x710,1,0,visible,,D-sign Rug 1P0443 Black 160x710 cm,,,taxable,parent,1,1,,0,0,,710,160,1.2,0,,3609,6495,,,,,,,69450085-H,,,,,,62,,,Size,160x710,,1,,,,,,,,,,,,,,,,,,,,,,,,,,,,,,,,,,,,,160x710,,,,,,,,,,,,,,,,,,,,,,,,141099,,,,,,,,,,,,,,,,,,,
110211,variation,69450165,,D-sign Rug 1P0443 Black - 160x720,1,0,visible,,D-sign Rug 1P0443 Black 160x720 cm,,,taxable,parent,0,0,,0,0,,720,160,1.2,0,,3655,6575,,,,,,,69450085-H,,,,,,63,,,Size,160x720,,1,,,,,,,,,,,,,,,,,,,,,,,,,,,,,,,,,,,,,160x720,,,,,,,,,,,,,,,,,,,,,,,,141100,,,,,,,,,,,,,,,,,,,
110212,variation,69450161,,D-sign Rug 1P0443 Black - 160x730,1,0,visible,,D-sign Rug 1P0443 Black 160x730 cm,,,taxable,parent,0,0,,0,0,,730,160,1.2,0,,3702,6655,,,,,,,69450085-H,,,,,,64,,,Size,160x730,,1,,,,,,,,,,,,,,,,,,,,,,,,,,,,,,,,,,,,,160x730,,,,,,,,,,,,,,,,,,,,,,,,141101,,,,,,,,,,,,,,,,,,,
110213,variation,69450168,,D-sign Rug 1P0443 Black - 160x740,1,0,visible,,D-sign Rug 1P0443 Black 160x740 cm,,,taxable,parent,0,0,,0,0,,740,160,1.2,0,,3749,6745,,,,,,,69450085-H,,,,,,65,,,Size,160x740,,1,,,,,,,,,,,,,,,,,,,,,,,,,,,,,,,,,,,,,160x740,,,,,,,,,,,,,,,,,,,,,,,,141102,,,,,,,,,,,,,,,,,,,
110214,variation,69450169,,D-sign Rug 1P0443 Black - 160x750,1,0,visible,,D-sign Rug 1P0443 Black 160x750 cm,,,taxable,parent,0,0,,0,0,,750,160,1.2,0,,3796,6825,,,,,,,69450085-H,,,,,,66,,,Size,160x750,,1,,,,,,,,,,,,,,,,,,,,,,,,,,,,,,,,,,,,,160x750,,,,,,,,,,,,,,,,,,,,,,,,141103,,,,,,,,,,,,,,,,,,,
110215,variation,69450167,,D-sign Rug 1P0443 Black - 160x760,1,0,visible,,D-sign Rug 1P0443 Black 160x760 cm,,,taxable,parent,0,0,,0,0,,760,160,1.2,0,,3843,6915,,,,,,,69450085-H,,,,,,67,,,Size,160x760,,1,,,,,,,,,,,,,,,,,,,,,,,,,,,,,,,,,,,,,160x760,,,,,,,,,,,,,,,,,,,,,,,,141104,,,,,,,,,,,,,,,,,,,
110216,variation,69450174,,D-sign Rug 1P0443 Black - 160x770,1,0,visible,,D-sign Rug 1P0443 Black 160x770 cm,,,taxable,parent,0,0,,0,0,,770,160,1.2,0,,3890,6995,,,,,,,69450085-H,,,,,,68,,,Size,160x770,,1,,,,,,,,,,,,,,,,,,,,,,,,,,,,,,,,,,,,,160x770,,,,,,,,,,,,,,,,,,,,,,,,141105,,,,,,,,,,,,,,,,,,,
110217,variation,69450178,,D-sign Rug 1P0443 Black - 160x780,1,0,visible,,D-sign Rug 1P0443 Black 160x780 cm,,,taxable,parent,0,0,,0,0,,780,160,1.2,0,,3937,7085,,,,,,,69450085-H,,,,,,69,,,Size,160x780,,1,,,,,,,,,,,,,,,,,,,,,,,,,,,,,,,,,,,,,160x780,,,,,,,,,,,,,,,,,,,,,,,,141106,,,,,,,,,,,,,,,,,,,
110218,variation,69450176,,D-sign Rug 1P0443 Black - 160x790,1,0,visible,,D-sign Rug 1P0443 Black 160x790 cm,,,taxable,parent,0,0,,0,0,,790,160,1.2,0,,3984,7165,,,,,,,69450085-H,,,,,,70,,,Size,160x790,,1,,,,,,,,,,,,,,,,,,,,,,,,,,,,,,,,,,,,,160x790,,,,,,,,,,,,,,,,,,,,,,,,141107,,,,,,,,,,,,,,,,,,,
110219,variation,69450175,,D-sign Rug 1P0443 Black - 160x800,1,0,visible,,D-sign Rug 1P0443 Black 160x800 cm,,,taxable,parent,0,0,,0,0,,800,160,1.2,0,,4100,7375,,,,,,,69450085-H,,,,,,71,,,Size,160x800,,1,,,,,,,,,,,,,,,,,,,,,,,,,,,,,,,,,,,,,160x800,,,,,,,,,,,,,,,,,,,,,,,,141108,,,,,,,,,,,,,,,,,,,
110220,variation,69450172,,D-sign Rug 1P0443 Black - 160x810,1,0,visible,,D-sign Rug 1P0443 Black 160x810 cm,,,taxable,parent,0,0,,0,0,,810,160,1.2,0,,4147,7455,,,,,,,69450085-H,,,,,,72,,,Size,160x810,,1,,,,,,,,,,,,,,,,,,,,,,,,,,,,,,,,,,,,,160x810,,,,,,,,,,,,,,,,,,,,,,,,141109,,,,,,,,,,,,,,,,,,,
110221,variation,69450173,,D-sign Rug 1P0443 Black - 160x820,1,0,visible,,D-sign Rug 1P0443 Black 160x820 cm,,,taxable,parent,0,0,,0,0,,820,160,1.2,0,,4194,7545,,,,,,,69450085-H,,,,,,73,,,Size,160x820,,1,,,,,,,,,,,,,,,,,,,,,,,,,,,,,,,,,,,,,160x820,,,,,,,,,,,,,,,,,,,,,,,,141110,,,,,,,,,,,,,,,,,,,
110222,variation,69450171,,D-sign Rug 1P0443 Black - 160x830,1,0,visible,,D-sign Rug 1P0443 Black 160x830 cm,,,taxable,parent,0,0,,0,0,,830,160,1.2,0,,4241,7625,,,,,,,69450085-H,,,,,,74,,,Size,160x830,,1,,,,,,,,,,,,,,,,,,,,,,,,,,,,,,,,,,,,,160x830,,,,,,,,,,,,,,,,,,,,,,,,141111,,,,,,,,,,,,,,,,,,,
110223,variation,69450177,,D-sign Rug 1P0443 Black - 160x840,1,0,visible,,D-sign Rug 1P0443 Black 160x840 cm,,,taxable,parent,0,0,,0,0,,840,160,1.2,0,,4288,7715,,,,,,,69450085-H,,,,,,75,,,Size,160x840,,1,,,,,,,,,,,,,,,,,,,,,,,,,,,,,,,,,,,,,160x840,,,,,,,,,,,,,,,,,,,,,,,,141112,,,,,,,,,,,,,,,,,,,
110224,variation,69450180,,D-sign Rug 1P0443 Black - 160x850,1,0,visible,,D-sign Rug 1P0443 Black 160x850 cm,,,taxable,parent,0,0,,0,0,,850,160,1.2,0,,4335,7795,,,,,,,69450085-H,,,,,,76,,,Size,160x850,,1,,,,,,,,,,,,,,,,,,,,,,,,,,,,,,,,,,,,,160x850,,,,,,,,,,,,,,,,,,,,,,,,141113,,,,,,,,,,,,,,,,,,,
110256,variable,69450213-H,,D-sign Rug 1P0445 Red,1,0,visible,D-sign Rug 1P0445 Red,D-sign Rug 1P0445 Red,,,taxable,,1,,,0,0,,,,,0,,,,"Rooms > Entrance & Corridor, Rooms > Living room, Rugs > Persian, Rugs",,,"https://rugshop.eu/wp-content/uploads/2022/09/wool-carpet-polonia-astoria-oriental-ethnic-ruby.jpg, https://rugshop.eu/wp-content/uploads/2022/09/wool-carpet-polonia-astoria-oriental-ethnic-ruby-1.jpg, https://rugshop.eu/wp-content/uploads/2022/09/wool-carpet-polonia-astoria-oriental-ethnic-ruby-2.jpg, https://rugshop.eu/wp-content/uploads/2022/09/wool-carpet-polonia-astoria-oriental-ethnic-ruby-3.jpg, https://rugshop.eu/wp-content/uploads/2022/09/wool-carpet-polonia-astoria-oriental-ethnic-ruby-4.jpg",,,,,,,,,2662,,,Size,"170x235, 200x300, 235x350",1,1,Brand,D-sign,1,1,Color,Red,1,1,Type of color,Multicolor,1,1,Shape,Rectangular,1,1,Material,Wool,1,1,Type of rug,Persian,1,1,Weave,Machinemade,1,1,Country,Poland,1,1,Age,New,1,1,,,,,default,default,default,default,,,90,1,,yes,yes,,,product,,,,,,,,,,,,,product-post,3.4.8,3.5.1,1072551471853393,,,,,,,,,,
110257,variable,69450212-H,,D-sign Rug 1P0446 Grey,1,0,visible,D-sign Rug 1P0446 Grey,D-sign Rug 1P0446 Grey,,,taxable,,1,,,0,0,,,,,0,,,,"Rooms > Entrance & Corridor, Rooms > Kitchen, Rugs > Modern, Rugs",,,"https://rugshop.eu/wp-content/uploads/2022/09/runner-karmel-plain-one-colour-grey-60-cm.jpg, https://rugshop.eu/wp-content/uploads/2022/09/runner-karmel-plain-one-colour-grey-60-cm.jpg, https://rugshop.eu/wp-content/uploads/2022/09/runner-karmel-plain-one-colour-grey-60-cm-1.jpg, https://rugshop.eu/wp-content/uploads/2022/09/runner-karmel-plain-one-colour-grey-60-cm-2.jpg",,,,,,,,,2663,,,Size,"60x100, 60x1000, 60x1050, 60x110, 60x1100, 60x1150, 60x120, 60x1200, 60x1250, 60x130, 60x1300, 60x1350, 60x140, 60x1400, 60x150, 60x160, 60x170, 60x180, 60x190, 60x200, 60x210, 60x220, 60x230, 60x240, 60x250, 60x260, 60x270, 60x280, 60x290, 60x300, 60x310, 60x320, 60x330, 60x340, 60x350, 60x360, 60x370, 60x380, 60x390, 60x400, 60x410, 60x420, 60x430, 60x440, 60x450, 60x460, 60x470, 60x480, 60x490, 60x500, 60x510, 60x520, 60x530, 60x540, 60x550, 60x560, 60x570, 60x580, 60x590, 60x600, 60x610, 60x620, 60x630, 60x640, 60x650, 60x660, 60x670, 60x680, 60x690, 60x700, 60x710, 60x720, 60x730, 60x740, 60x750, 60x760, 60x770, 60x780, 60x790, 60x800, 60x810, 60x820, 60x830, 60x840, 60x850, 60x860, 60x870, 60x880, 60x890, 60x900, 60x910, 60x920, 60x930, 60x940, 60x950, 60x960, 60x970, 60x980, 60x990",1,1,Brand,D-sign,1,1,Color,Black-Grey,1,1,Type of color,Singlecolor,1,1,Shape,Rectangular,1,1,Material,Polypropylene,1,1,Type of rug,Modern,1,1,Weave,Machinemade,1,1,Age,New,1,1,,,,,,,,,default,default,default,default,,,,,,yes,yes,,,,,,,,,,,,,,,,,,,,,,,,,,,,,
110260,variation,69450213,,D-sign Rug 1P0445 Red - 170x235,1,0,visible,,D-sign Rug 1P0445 Red 170x235 cm,,,taxable,parent,1,1,,0,0,,235,170,1,0,,4449,8005,,,,,,,69450213-H,,,,,,1,,,Size,170x235,,1,,,,,,,,,,,,,,,,,,,,,,,,,,,,,,,,,,,,,170x235,,,,,,,,,,,,,yes,yes,,,product,,,,,,,141252,,,,,,,,,,,upload,,,,,,,,
110261,variation,69456227,,D-sign Rug 1P0445 Red - 200x300,1,0,visible,,D-sign Rug 1P0445 Red 200x300 cm,,,taxable,parent,0,0,,0,0,,300,200,1,0,,6847,12315,,,,,,,69450213-H,,,,,,2,,,Size,200x300,,1,,,,,,,,,,,,,,,,,,,,,,,,,,,,,,,,,,,,,200x300,,,,,,,,,,,,,yes,yes,,,product,,,,,,,141253,,,,,,,,,,,upload,,,,,,,,
110262,variation,69456233,,D-sign Rug 1P0445 Red - 235x350,1,0,visible,,D-sign Rug 1P0445 Red 235x350 cm,,,taxable,parent,1,2,,0,0,,350,235,1,0,,9129,16425,,,,,,,69450213-H,,,,,,3,,,Size,235x350,,1,,,,,,,,,,,,,,,,,,,,,,,,,,,,,,,,,,,,,235x350,,,,,,,,,,,,,yes,yes,,,product,,,,,,,141254,,,,,,,,,,,upload,,,,,,,,
110264,variation,69450212,,D-sign Rug 1P0446 Grey - 60x100,1,0,visible,,D-sign Rug 1P0446 Grey 60x100 cm,,,taxable,parent,1,26,,0,0,,100,60,1.2,0,,451,805,,,,,,,69450212-H,,,,,,1,,,Size,60x100,,1,,,,,,,,,,,,,,,,,,,,,,,,,,,,,,,,,,,,,60x100,,,,,,,,,,,,,,,,,,,,,,,,141357,,,,,,,,,,,,,,,,,,,
110265,variation,69456232,,D-sign Rug 1P0446 Grey - 60x110,1,0,visible,,D-sign Rug 1P0446 Grey 60x110 cm,,,taxable,parent,1,24,,0,0,,110,60,1.2,0,,469,835,,,,,,,69450212-H,,,,,,2,,,Size,60x110,,1,,,,,,,,,,,,,,,,,,,,,,,,,,,,,,,,,,,,,60x110,,,,,,,,,,,,,,,,,,,,,,,,141358,,,,,,,,,,,,,,,,,,,
110266,variation,69456234,,D-sign Rug 1P0446 Grey - 60x120,1,0,visible,,D-sign Rug 1P0446 Grey 60x120 cm,,,taxable,parent,1,22,,0,0,,120,60,1.2,0,,486,875,,,,,,,69450212-H,,,,,,3,,,Size,60x120,,1,,,,,,,,,,,,,,,,,,,,,,,,,,,,,,,,,,,,,60x120,,,,,,,,,,,,,,,,,,,,,,,,141359,,,,,,,,,,,,,,,,,,,
110267,variation,69456236,,D-sign Rug 1P0446 Grey - 60x130,1,0,visible,,D-sign Rug 1P0446 Grey 60x130 cm,,,taxable,parent,1,20,,0,0,,130,60,1.2,0,,504,905,,,,,,,69450212-H,,,,,,4,,,Size,60x130,,1,,,,,,,,,,,,,,,,,,,,,,,,,,,,,,,,,,,,,60x130,,,,,,,,,,,,,,,,,,,,,,,,141360,,,,,,,,,,,,,,,,,,,
110268,variation,69456305,,D-sign Rug 1P0446 Grey - 60x140,1,0,visible,,D-sign Rug 1P0446 Grey 60x140 cm,,,taxable,parent,1,18,,0,0,,140,60,1.2,0,,521,935,,,,,,,69450212-H,,,,,,5,,,Size,60x140,,1,,,,,,,,,,,,,,,,,,,,,,,,,,,,,,,,,,,,,60x140,,,,,,,,,,,,,,,,,,,,,,,,141361,,,,,,,,,,,,,,,,,,,
110269,variation,69456235,,D-sign Rug 1P0446 Grey - 60x150,1,0,visible,,D-sign Rug 1P0446 Grey 60x150 cm,,,taxable,parent,1,17,,0,0,,150,60,1.2,0,,539,965,,,,,,,69450212-H,,,,,,6,,,Size,60x150,,1,,,,,,,,,,,,,,,,,,,,,,,,,,,,,,,,,,,,,60x150,,,,,,,,,,,,,,,,,,,,,,,,141362,,,,,,,,,,,,,,,,,,,
110270,variation,69456228,,D-sign Rug 1P0446 Grey - 60x160,1,0,visible,,D-sign Rug 1P0446 Grey 60x160 cm,,,taxable,parent,1,16,,0,0,,160,60,1.2,0,,557,995,,,,,,,69450212-H,,,,,,7,,,Size,60x160,,1,,,,,,,,,,,,,,,,,,,,,,,,,,,,,,,,,,,,,60x160,,,,,,,,,,,,,,,,,,,,,,,,141363,,,,,,,,,,,,,,,,,,,
110271,variation,69450217,,D-sign Rug 1P0446 Grey - 60x170,1,0,visible,,D-sign Rug 1P0446 Grey 60x170 cm,,,taxable,parent,1,15,,0,0,,170,60,1.2,0,,574,1025,,,,,,,69450212-H,,,,,,8,,,Size,60x170,,1,,,,,,,,,,,,,,,,,,,,,,,,,,,,,,,,,,,,,60x170,,,,,,,,,,,,,,,,,,,,,,,,141364,,,,,,,,,,,,,,,,,,,
110272,variation,69450220,,D-sign Rug 1P0446 Grey - 60x180,1,0,visible,,D-sign Rug 1P0446 Grey 60x180 cm,,,taxable,parent,1,14,,0,0,,180,60,1.2,0,,592,1065,,,,,,,69450212-H,,,,,,9,,,Size,60x180,,1,,,,,,,,,,,,,,,,,,,,,,,,,,,,,,,,,,,,,60x180,,,,,,,,,,,,,,,,,,,,,,,,141365,,,,,,,,,,,,,,,,,,,
110273,variation,69450223,,D-sign Rug 1P0446 Grey - 60x190,1,0,visible,,D-sign Rug 1P0446 Grey 60x190 cm,,,taxable,parent,1,13,,0,0,,190,60,1.2,0,,610,1095,,,,,,,69450212-H,,,,,,10,,,Size,60x190,,1,,,,,,,,,,,,,,,,,,,,,,,,,,,,,,,,,,,,,60x190,,,,,,,,,,,,,,,,,,,,,,,,141366,,,,,,,,,,,,,,,,,,,
110274,variation,69450214,,D-sign Rug 1P0446 Grey - 60x200,1,0,visible,,D-sign Rug 1P0446 Grey 60x200 cm,,,taxable,parent,1,13,,0,0,,200,60,1.2,0,,627,1125,,,,,,,69450212-H,,,,,,11,,,Size,60x200,,1,,,,,,,,,,,,,,,,,,,,,,,,,,,,,,,,,,,,,60x200,,,,,,,,,,,,,,,,,,,,,,,,141367,,,,,,,,,,,,,,,,,,,
110275,variation,69450216,,D-sign Rug 1P0446 Grey - 60x210,1,0,visible,,D-sign Rug 1P0446 Grey 60x210 cm,,,taxable,parent,1,12,,0,0,,210,60,1.2,0,,645,1155,,,,,,,69450212-H,,,,,,12,,,Size,60x210,,1,,,,,,,,,,,,,,,,,,,,,,,,,,,,,,,,,,,,,60x210,,,,,,,,,,,,,,,,,,,,,,,,141368,,,,,,,,,,,,,,,,,,,
110276,variation,69450221,,D-sign Rug 1P0446 Grey - 60x220,1,0,visible,,D-sign Rug 1P0446 Grey 60x220 cm,,,taxable,parent,1,12,,0,0,,220,60,1.2,0,,662,1185,,,,,,,69450212-H,,,,,,13,,,Size,60x220,,1,,,,,,,,,,,,,,,,,,,,,,,,,,,,,,,,,,,,,60x220,,,,,,,,,,,,,,,,,,,,,,,,141369,,,,,,,,,,,,,,,,,,,
110277,variation,69450219,,D-sign Rug 1P0446 Grey - 60x230,1,0,visible,,D-sign Rug 1P0446 Grey 60x230 cm,,,taxable,parent,1,11,,0,0,,230,60,1.2,0,,680,1215,,,,,,,69450212-H,,,,,,14,,,Size,60x230,,1,,,,,,,,,,,,,,,,,,,,,,,,,,,,,,,,,,,,,60x230,,,,,,,,,,,,,,,,,,,,,,,,141370,,,,,,,,,,,,,,,,,,,
110278,variation,69450215,,D-sign Rug 1P0446 Grey - 60x240,1,0,visible,,D-sign Rug 1P0446 Grey 60x240 cm,,,taxable,parent,1,11,,0,0,,240,60,1.2,0,,698,1255,,,,,,,69450212-H,,,,,,15,,,Size,60x240,,1,,,,,,,,,,,,,,,,,,,,,,,,,,,,,,,,,,,,,60x240,,,,,,,,,,,,,,,,,,,,,,,,141371,,,,,,,,,,,,,,,,,,,
110279,variation,69450218,,D-sign Rug 1P0446 Grey - 60x250,1,0,visible,,D-sign Rug 1P0446 Grey 60x250 cm,,,taxable,parent,1,10,,0,0,,250,60,1.2,0,,715,1285,,,,,,,69450212-H,,,,,,16,,,Size,60x250,,1,,,,,,,,,,,,,,,,,,,,,,,,,,,,,,,,,,,,,60x250,,,,,,,,,,,,,,,,,,,,,,,,141372,,,,,,,,,,,,,,,,,,,
110280,variation,69450222,,D-sign Rug 1P0446 Grey - 60x260,1,0,visible,,D-sign Rug 1P0446 Grey 60x260 cm,,,taxable,parent,1,10,,0,0,,260,60,1.2,0,,733,1315,,,,,,,69450212-H,,,,,,17,,,Size,60x260,,1,,,,,,,,,,,,,,,,,,,,,,,,,,,,,,,,,,,,,60x260,,,,,,,,,,,,,,,,,,,,,,,,141373,,,,,,,,,,,,,,,,,,,
110281,variation,69450224,,D-sign Rug 1P0446 Grey - 60x270,1,0,visible,,D-sign Rug 1P0446 Grey 60x270 cm,,,taxable,parent,1,9,,0,0,,270,60,1.2,0,,750,1345,,,,,,,69450212-H,,,,,,18,,,Size,60x270,,1,,,,,,,,,,,,,,,,,,,,,,,,,,,,,,,,,,,,,60x270,,,,,,,,,,,,,,,,,,,,,,,,141374,,,,,,,,,,,,,,,,,,,
110282,variation,69450225,,D-sign Rug 1P0446 Grey - 60x280,1,0,visible,,D-sign Rug 1P0446 Grey 60x280 cm,,,taxable,parent,1,9,,0,0,,280,60,1.2,0,,768,1375,,,,,,,69450212-H,,,,,,19,,,Size,60x280,,1,,,,,,,,,,,,,,,,,,,,,,,,,,,,,,,,,,,,,60x280,,,,,,,,,,,,,,,,,,,,,,,,141375,,,,,,,,,,,,,,,,,,,
110283,variation,69450231,,D-sign Rug 1P0446 Grey - 60x290,1,0,visible,,D-sign Rug 1P0446 Grey 60x290 cm,,,taxable,parent,1,9,,0,0,,290,60,1.2,0,,786,1405,,,,,,,69450212-H,,,,,,20,,,Size,60x290,,1,,,,,,,,,,,,,,,,,,,,,,,,,,,,,,,,,,,,,60x290,,,,,,,,,,,,,,,,,,,,,,,,141376,,,,,,,,,,,,,,,,,,,
110284,variation,69450229,,D-sign Rug 1P0446 Grey - 60x300,1,0,visible,,D-sign Rug 1P0446 Grey 60x300 cm,,,taxable,parent,1,8,,0,0,,300,60,1.2,0,,803,1445,,,,,,,69450212-H,,,,,,21,,,Size,60x300,,1,,,,,,,,,,,,,,,,,,,,,,,,,,,,,,,,,,,,,60x300,,,,,,,,,,,,,,,,,,,,,,,,141377,,,,,,,,,,,,,,,,,,,
110285,variation,69450228,,D-sign Rug 1P0446 Grey - 60x310,1,0,visible,,D-sign Rug 1P0446 Grey 60x310 cm,,,taxable,parent,1,8,,0,0,,310,60,1.2,0,,821,1475,,,,,,,69450212-H,,,,,,22,,,Size,60x310,,1,,,,,,,,,,,,,,,,,,,,,,,,,,,,,,,,,,,,,60x310,,,,,,,,,,,,,,,,,,,,,,,,141378,,,,,,,,,,,,,,,,,,,
110286,variation,69450227,,D-sign Rug 1P0446 Grey - 60x320,1,0,visible,,D-sign Rug 1P0446 Grey 60x320 cm,,,taxable,parent,1,8,,0,0,,320,60,1.2,0,,838,1505,,,,,,,69450212-H,,,,,,23,,,Size,60x320,,1,,,,,,,,,,,,,,,,,,,,,,,,,,,,,,,,,,,,,60x320,,,,,,,,,,,,,,,,,,,,,,,,141379,,,,,,,,,,,,,,,,,,,
110287,variation,69450230,,D-sign Rug 1P0446 Grey - 60x330,1,0,visible,,D-sign Rug 1P0446 Grey 60x330 cm,,,taxable,parent,1,8,,0,0,,330,60,1.2,0,,856,1535,,,,,,,69450212-H,,,,,,24,,,Size,60x330,,1,,,,,,,,,,,,,,,,,,,,,,,,,,,,,,,,,,,,,60x330,,,,,,,,,,,,,,,,,,,,,,,,141380,,,,,,,,,,,,,,,,,,,
110288,variation,69450226,,D-sign Rug 1P0446 Grey - 60x340,1,0,visible,,D-sign Rug 1P0446 Grey 60x340 cm,,,taxable,parent,1,7,,0,0,,340,60,1.2,0,,874,1565,,,,,,,69450212-H,,,,,,25,,,Size,60x340,,1,,,,,,,,,,,,,,,,,,,,,,,,,,,,,,,,,,,,,60x340,,,,,,,,,,,,,,,,,,,,,,,,141381,,,,,,,,,,,,,,,,,,,
110289,variation,69450233,,D-sign Rug 1P0446 Grey - 60x350,1,0,visible,,D-sign Rug 1P0446 Grey 60x350 cm,,,taxable,parent,1,7,,0,0,,350,60,1.2,0,,891,1595,,,,,,,69450212-H,,,,,,26,,,Size,60x350,,1,,,,,,,,,,,,,,,,,,,,,,,,,,,,,,,,,,,,,60x350,,,,,,,,,,,,,,,,,,,,,,,,141382,,,,,,,,,,,,,,,,,,,
110290,variation,69450232,,D-sign Rug 1P0446 Grey - 60x360,1,0,visible,,D-sign Rug 1P0446 Grey 60x360 cm,,,taxable,parent,1,7,,0,0,,360,60,1.2,0,,909,1635,,,,,,,69450212-H,,,,,,27,,,Size,60x360,,1,,,,,,,,,,,,,,,,,,,,,,,,,,,,,,,,,,,,,60x360,,,,,,,,,,,,,,,,,,,,,,,,141383,,,,,,,,,,,,,,,,,,,
110291,variation,69450243,,D-sign Rug 1P0446 Grey - 60x370,1,0,visible,,D-sign Rug 1P0446 Grey 60x370 cm,,,taxable,parent,1,7,,0,0,,370,60,1.2,0,,926,1665,,,,,,,69450212-H,,,,,,28,,,Size,60x370,,1,,,,,,,,,,,,,,,,,,,,,,,,,,,,,,,,,,,,,60x370,,,,,,,,,,,,,,,,,,,,,,,,141384,,,,,,,,,,,,,,,,,,,
110292,variation,69450241,,D-sign Rug 1P0446 Grey - 60x380,1,0,visible,,D-sign Rug 1P0446 Grey 60x380 cm,,,taxable,parent,1,6,,0,0,,380,60,1.2,0,,944,1695,,,,,,,69450212-H,,,,,,29,,,Size,60x380,,1,,,,,,,,,,,,,,,,,,,,,,,,,,,,,,,,,,,,,60x380,,,,,,,,,,,,,,,,,,,,,,,,141385,,,,,,,,,,,,,,,,,,,
110293,variation,69450240,,D-sign Rug 1P0446 Grey - 60x390,1,0,visible,,D-sign Rug 1P0446 Grey 60x390 cm,,,taxable,parent,1,6,,0,0,,390,60,1.2,0,,962,1725,,,,,,,69450212-H,,,,,,30,,,Size,60x390,,1,,,,,,,,,,,,,,,,,,,,,,,,,,,,,,,,,,,,,60x390,,,,,,,,,,,,,,,,,,,,,,,,141386,,,,,,,,,,,,,,,,,,,
110294,variation,69450237,,D-sign Rug 1P0446 Grey - 60x400,1,0,visible,,D-sign Rug 1P0446 Grey 60x400 cm,,,taxable,parent,1,6,,0,0,,400,60,1.2,0,,979,1755,,,,,,,69450212-H,,,,,,31,,,Size,60x400,,1,,,,,,,,,,,,,,,,,,,,,,,,,,,,,,,,,,,,,60x400,,,,,,,,,,,,,,,,,,,,,,,,141387,,,,,,,,,,,,,,,,,,,
110295,variation,69450234,,D-sign Rug 1P0446 Grey - 60x410,1,0,visible,,D-sign Rug 1P0446 Grey 60x410 cm,,,taxable,parent,1,6,,0,0,,410,60,1.2,0,,997,1785,,,,,,,69450212-H,,,,,,32,,,Size,60x410,,1,,,,,,,,,,,,,,,,,,,,,,,,,,,,,,,,,,,,,60x410,,,,,,,,,,,,,,,,,,,,,,,,141388,,,,,,,,,,,,,,,,,,,
110296,variation,69450239,,D-sign Rug 1P0446 Grey - 60x420,1,0,visible,,D-sign Rug 1P0446 Grey 60x420 cm,,,taxable,parent,1,6,,0,0,,420,60,1.2,0,,1014,1825,,,,,,,69450212-H,,,,,,33,,,Size,60x420,,1,,,,,,,,,,,,,,,,,,,,,,,,,,,,,,,,,,,,,60x420,,,,,,,,,,,,,,,,,,,,,,,,141389,,,,,,,,,,,,,,,,,,,
110297,variation,69450235,,D-sign Rug 1P0446 Grey - 60x430,1,0,visible,,D-sign Rug 1P0446 Grey 60x430 cm,,,taxable,parent,1,6,,0,0,,430,60,1.2,0,,1032,1855,,,,,,,69450212-H,,,,,,34,,,Size,60x430,,1,,,,,,,,,,,,,,,,,,,,,,,,,,,,,,,,,,,,,60x430,,,,,,,,,,,,,,,,,,,,,,,,141390,,,,,,,,,,,,,,,,,,,
110298,variation,69450236,,D-sign Rug 1P0446 Grey - 60x440,1,0,visible,,D-sign Rug 1P0446 Grey 60x440 cm,,,taxable,parent,1,6,,0,0,,440,60,1.2,0,,1050,1885,,,,,,,69450212-H,,,,,,35,,,Size,60x440,,1,,,,,,,,,,,,,,,,,,,,,,,,,,,,,,,,,,,,,60x440,,,,,,,,,,,,,,,,,,,,,,,,141391,,,,,,,,,,,,,,,,,,,
110299,variation,69450242,,D-sign Rug 1P0446 Grey - 60x450,1,0,visible,,D-sign Rug 1P0446 Grey 60x450 cm,,,taxable,parent,1,5,,0,0,,450,60,1.2,0,,1067,1915,,,,,,,69450212-H,,,,,,36,,,Size,60x450,,1,,,,,,,,,,,,,,,,,,,,,,,,,,,,,,,,,,,,,60x450,,,,,,,,,,,,,,,,,,,,,,,,141392,,,,,,,,,,,,,,,,,,,
110300,variation,69450238,,D-sign Rug 1P0446 Grey - 60x460,1,0,visible,,D-sign Rug 1P0446 Grey 60x460 cm,,,taxable,parent,1,5,,0,0,,460,60,1.2,0,,1085,1945,,,,,,,69450212-H,,,,,,37,,,Size,60x460,,1,,,,,,,,,,,,,,,,,,,,,,,,,,,,,,,,,,,,,60x460,,,,,,,,,,,,,,,,,,,,,,,,141393,,,,,,,,,,,,,,,,,,,
110301,variation,69450272,,D-sign Rug 1P0446 Grey - 60x470,1,0,visible,,D-sign Rug 1P0446 Grey 60x470 cm,,,taxable,parent,1,5,,0,0,,470,60,1.2,0,,1103,1975,,,,,,,69450212-H,,,,,,38,,,Size,60x470,,1,,,,,,,,,,,,,,,,,,,,,,,,,,,,,,,,,,,,,60x470,,,,,,,,,,,,,,,,,,,,,,,,141394,,,,,,,,,,,,,,,,,,,
110302,variation,69450271,,D-sign Rug 1P0446 Grey - 60x480,1,0,visible,,D-sign Rug 1P0446 Grey 60x480 cm,,,taxable,parent,1,5,,0,0,,480,60,1.2,0,,1120,2015,,,,,,,69450212-H,,,,,,39,,,Size,60x480,,1,,,,,,,,,,,,,,,,,,,,,,,,,,,,,,,,,,,,,60x480,,,,,,,,,,,,,,,,,,,,,,,,141395,,,,,,,,,,,,,,,,,,,
110303,variation,69450268,,D-sign Rug 1P0446 Grey - 60x490,1,0,visible,,D-sign Rug 1P0446 Grey 60x490 cm,,,taxable,parent,1,5,,0,0,,490,60,1.2,0,,1138,2045,,,,,,,69450212-H,,,,,,40,,,Size,60x490,,1,,,,,,,,,,,,,,,,,,,,,,,,,,,,,,,,,,,,,60x490,,,,,,,,,,,,,,,,,,,,,,,,141396,,,,,,,,,,,,,,,,,,,
110304,variation,69450263,,D-sign Rug 1P0446 Grey - 60x500,1,0,visible,,D-sign Rug 1P0446 Grey 60x500 cm,,,taxable,parent,1,5,,0,0,,500,60,1.2,0,,1155,2075,,,,,,,69450212-H,,,,,,41,,,Size,60x500,,1,,,,,,,,,,,,,,,,,,,,,,,,,,,,,,,,,,,,,60x500,,,,,,,,,,,,,,,,,,,,,,,,141397,,,,,,,,,,,,,,,,,,,
110305,variation,69450269,,D-sign Rug 1P0446 Grey - 60x510,1,0,visible,,D-sign Rug 1P0446 Grey 60x510 cm,,,taxable,parent,1,5,,0,0,,510,60,1.2,0,,1173,2105,,,,,,,69450212-H,,,,,,42,,,Size,60x510,,1,,,,,,,,,,,,,,,,,,,,,,,,,,,,,,,,,,,,,60x510,,,,,,,,,,,,,,,,,,,,,,,,141398,,,,,,,,,,,,,,,,,,,
110306,variation,69450267,,D-sign Rug 1P0446 Grey - 60x520,1,0,visible,,D-sign Rug 1P0446 Grey 60x520 cm,,,taxable,parent,1,5,,0,0,,520,60,1.2,0,,1191,2135,,,,,,,69450212-H,,,,,,43,,,Size,60x520,,1,,,,,,,,,,,,,,,,,,,,,,,,,,,,,,,,,,,,,60x520,,,,,,,,,,,,,,,,,,,,,,,,141399,,,,,,,,,,,,,,,,,,,
110307,variation,69450266,,D-sign Rug 1P0446 Grey - 60x530,1,0,visible,,D-sign Rug 1P0446 Grey 60x530 cm,,,taxable,parent,1,5,,0,0,,530,60,1.2,0,,1208,2165,,,,,,,69450212-H,,,,,,44,,,Size,60x530,,1,,,,,,,,,,,,,,,,,,,,,,,,,,,,,,,,,,,,,60x530,,,,,,,,,,,,,,,,,,,,,,,,141400,,,,,,,,,,,,,,,,,,,
110308,variation,69450261,,D-sign Rug 1P0446 Grey - 60x540,1,0,visible,,D-sign Rug 1P0446 Grey 60x540 cm,,,taxable,parent,1,4,,0,0,,540,60,1.2,0,,1226,2205,,,,,,,69450212-H,,,,,,45,,,Size,60x540,,1,,,,,,,,,,,,,,,,,,,,,,,,,,,,,,,,,,,,,60x540,,,,,,,,,,,,,,,,,,,,,,,,141401,,,,,,,,,,,,,,,,,,,
110309,variation,69450265,,D-sign Rug 1P0446 Grey - 60x550,1,0,visible,,D-sign Rug 1P0446 Grey 60x550 cm,,,taxable,parent,1,4,,0,0,,550,60,1.2,0,,1243,2235,,,,,,,69450212-H,,,,,,46,,,Size,60x550,,1,,,,,,,,,,,,,,,,,,,,,,,,,,,,,,,,,,,,,60x550,,,,,,,,,,,,,,,,,,,,,,,,141402,,,,,,,,,,,,,,,,,,,
110310,variation,69450264,,D-sign Rug 1P0446 Grey - 60x560,1,0,visible,,D-sign Rug 1P0446 Grey 60x560 cm,,,taxable,parent,1,4,,0,0,,560,60,1.2,0,,1261,2265,,,,,,,69450212-H,,,,,,47,,,Size,60x560,,1,,,,,,,,,,,,,,,,,,,,,,,,,,,,,,,,,,,,,60x560,,,,,,,,,,,,,,,,,,,,,,,,141403,,,,,,,,,,,,,,,,,,,
110311,variation,69450277,,D-sign Rug 1P0446 Grey - 60x570,1,0,visible,,D-sign Rug 1P0446 Grey 60x570 cm,,,taxable,parent,1,4,,0,0,,570,60,1.2,0,,1279,2295,,,,,,,69450212-H,,,,,,48,,,Size,60x570,,1,,,,,,,,,,,,,,,,,,,,,,,,,,,,,,,,,,,,,60x570,,,,,,,,,,,,,,,,,,,,,,,,141404,,,,,,,,,,,,,,,,,,,
110312,variation,69450278,,D-sign Rug 1P0446 Grey - 60x580,1,0,visible,,D-sign Rug 1P0446 Grey 60x580 cm,,,taxable,parent,1,4,,0,0,,580,60,1.2,0,,1296,2325,,,,,,,69450212-H,,,,,,49,,,Size,60x580,,1,,,,,,,,,,,,,,,,,,,,,,,,,,,,,,,,,,,,,60x580,,,,,,,,,,,,,,,,,,,,,,,,141405,,,,,,,,,,,,,,,,,,,
110313,variation,69450275,,D-sign Rug 1P0446 Grey - 60x590,1,0,visible,,D-sign Rug 1P0446 Grey 60x590 cm,,,taxable,parent,1,4,,0,0,,590,60,1.2,0,,1314,2355,,,,,,,69450212-H,,,,,,50,,,Size,60x590,,1,,,,,,,,,,,,,,,,,,,,,,,,,,,,,,,,,,,,,60x590,,,,,,,,,,,,,,,,,,,,,,,,141406,,,,,,,,,,,,,,,,,,,
110314,variation,69450282,,D-sign Rug 1P0446 Grey - 60x600,1,0,visible,,D-sign Rug 1P0446 Grey 60x600 cm,,,taxable,parent,1,4,,0,0,,600,60,1.2,0,,1331,2395,,,,,,,69450212-H,,,,,,51,,,Size,60x600,,1,,,,,,,,,,,,,,,,,,,,,,,,,,,,,,,,,,,,,60x600,,,,,,,,,,,,,,,,,,,,,,,,141407,,,,,,,,,,,,,,,,,,,
110315,variation,69450273,,D-sign Rug 1P0446 Grey - 60x610,1,0,visible,,D-sign Rug 1P0446 Grey 60x610 cm,,,taxable,parent,1,4,,0,0,,610,60,1.2,0,,1349,2425,,,,,,,69450212-H,,,,,,52,,,Size,60x610,,1,,,,,,,,,,,,,,,,,,,,,,,,,,,,,,,,,,,,,60x610,,,,,,,,,,,,,,,,,,,,,,,,141408,,,,,,,,,,,,,,,,,,,
110316,variation,69450280,,D-sign Rug 1P0446 Grey - 60x620,1,0,visible,,D-sign Rug 1P0446 Grey 60x620 cm,,,taxable,parent,1,4,,0,0,,620,60,1.2,0,,1367,2455,,,,,,,69450212-H,,,,,,53,,,Size,60x620,,1,,,,,,,,,,,,,,,,,,,,,,,,,,,,,,,,,,,,,60x620,,,,,,,,,,,,,,,,,,,,,,,,141409,,,,,,,,,,,,,,,,,,,
110317,variation,69450274,,D-sign Rug 1P0446 Grey - 60x630,1,0,visible,,D-sign Rug 1P0446 Grey 60x630 cm,,,taxable,parent,1,4,,0,0,,630,60,1.2,0,,1384,2485,,,,,,,69450212-H,,,,,,54,,,Size,60x630,,1,,,,,,,,,,,,,,,,,,,,,,,,,,,,,,,,,,,,,60x630,,,,,,,,,,,,,,,,,,,,,,,,141410,,,,,,,,,,,,,,,,,,,
110318,variation,69450281,,D-sign Rug 1P0446 Grey - 60x640,1,0,visible,,D-sign Rug 1P0446 Grey 60x640 cm,,,taxable,parent,1,4,,0,0,,640,60,1.2,0,,1402,2515,,,,,,,69450212-H,,,,,,55,,,Size,60x640,,1,,,,,,,,,,,,,,,,,,,,,,,,,,,,,,,,,,,,,60x640,,,,,,,,,,,,,,,,,,,,,,,,141411,,,,,,,,,,,,,,,,,,,
110319,variation,69450276,,D-sign Rug 1P0446 Grey - 60x650,1,0,visible,,D-sign Rug 1P0446 Grey 60x650 cm,,,taxable,parent,1,4,,0,0,,650,60,1.2,0,,1419,2545,,,,,,,69450212-H,,,,,,56,,,Size,60x650,,1,,,,,,,,,,,,,,,,,,,,,,,,,,,,,,,,,,,,,60x650,,,,,,,,,,,,,,,,,,,,,,,,141412,,,,,,,,,,,,,,,,,,,
110320,variation,69450279,,D-sign Rug 1P0446 Grey - 60x660,1,0,visible,,D-sign Rug 1P0446 Grey 60x660 cm,,,taxable,parent,1,4,,0,0,,660,60,1.2,0,,1437,2585,,,,,,,69450212-H,,,,,,57,,,Size,60x660,,1,,,,,,,,,,,,,,,,,,,,,,,,,,,,,,,,,,,,,60x660,,,,,,,,,,,,,,,,,,,,,,,,141413,,,,,,,,,,,,,,,,,,,
110321,variation,69450292,,D-sign Rug 1P0446 Grey - 60x670,1,0,visible,,D-sign Rug 1P0446 Grey 60x670 cm,,,taxable,parent,1,3,,0,0,,670,60,1.2,0,,1455,2615,,,,,,,69450212-H,,,,,,58,,,Size,60x670,,1,,,,,,,,,,,,,,,,,,,,,,,,,,,,,,,,,,,,,60x670,,,,,,,,,,,,,,,,,,,,,,,,141414,,,,,,,,,,,,,,,,,,,
110322,variation,69450284,,D-sign Rug 1P0446 Grey - 60x680,1,0,visible,,D-sign Rug 1P0446 Grey 60x680 cm,,,taxable,parent,1,3,,0,0,,680,60,1.2,0,,1472,2645,,,,,,,69450212-H,,,,,,59,,,Size,60x680,,1,,,,,,,,,,,,,,,,,,,,,,,,,,,,,,,,,,,,,60x680,,,,,,,,,,,,,,,,,,,,,,,,141415,,,,,,,,,,,,,,,,,,,
110323,variation,69450288,,D-sign Rug 1P0446 Grey - 60x690,1,0,visible,,D-sign Rug 1P0446 Grey 60x690 cm,,,taxable,parent,1,3,,0,0,,690,60,1.2,0,,1490,2675,,,,,,,69450212-H,,,,,,60,,,Size,60x690,,1,,,,,,,,,,,,,,,,,,,,,,,,,,,,,,,,,,,,,60x690,,,,,,,,,,,,,,,,,,,,,,,,141416,,,,,,,,,,,,,,,,,,,
110324,variation,69450290,,D-sign Rug 1P0446 Grey - 60x700,1,0,visible,,D-sign Rug 1P0446 Grey 60x700 cm,,,taxable,parent,1,3,,0,0,,700,60,1.2,0,,1507,2705,,,,,,,69450212-H,,,,,,61,,,Size,60x700,,1,,,,,,,,,,,,,,,,,,,,,,,,,,,,,,,,,,,,,60x700,,,,,,,,,,,,,,,,,,,,,,,,141417,,,,,,,,,,,,,,,,,,,
110325,variation,69450289,,D-sign Rug 1P0446 Grey - 60x710,1,0,visible,,D-sign Rug 1P0446 Grey 60x710 cm,,,taxable,parent,1,3,,0,0,,710,60,1.2,0,,1525,2745,,,,,,,69450212-H,,,,,,62,,,Size,60x710,,1,,,,,,,,,,,,,,,,,,,,,,,,,,,,,,,,,,,,,60x710,,,,,,,,,,,,,,,,,,,,,,,,141418,,,,,,,,,,,,,,,,,,,
110326,variation,69450286,,D-sign Rug 1P0446 Grey - 60x720,1,0,visible,,D-sign Rug 1P0446 Grey 60x720 cm,,,taxable,parent,1,3,,0,0,,720,60,1.2,0,,1543,2775,,,,,,,69450212-H,,,,,,63,,,Size,60x720,,1,,,,,,,,,,,,,,,,,,,,,,,,,,,,,,,,,,,,,60x720,,,,,,,,,,,,,,,,,,,,,,,,141419,,,,,,,,,,,,,,,,,,,
110327,variation,69450283,,D-sign Rug 1P0446 Grey - 60x730,1,0,visible,,D-sign Rug 1P0446 Grey 60x730 cm,,,taxable,parent,1,3,,0,0,,730,60,1.2,0,,1560,2805,,,,,,,69450212-H,,,,,,64,,,Size,60x730,,1,,,,,,,,,,,,,,,,,,,,,,,,,,,,,,,,,,,,,60x730,,,,,,,,,,,,,,,,,,,,,,,,141420,,,,,,,,,,,,,,,,,,,
110328,variation,69450285,,D-sign Rug 1P0446 Grey - 60x740,1,0,visible,,D-sign Rug 1P0446 Grey 60x740 cm,,,taxable,parent,1,3,,0,0,,740,60,1.2,0,,1578,2835,,,,,,,69450212-H,,,,,,65,,,Size,60x740,,1,,,,,,,,,,,,,,,,,,,,,,,,,,,,,,,,,,,,,60x740,,,,,,,,,,,,,,,,,,,,,,,,141421,,,,,,,,,,,,,,,,,,,
110329,variation,69450287,,D-sign Rug 1P0446 Grey - 60x750,1,0,visible,,D-sign Rug 1P0446 Grey 60x750 cm,,,taxable,parent,1,3,,0,0,,750,60,1.2,0,,1596,2865,,,,,,,69450212-H,,,,,,66,,,Size,60x750,,1,,,,,,,,,,,,,,,,,,,,,,,,,,,,,,,,,,,,,60x750,,,,,,,,,,,,,,,,,,,,,,,,141422,,,,,,,,,,,,,,,,,,,
110330,variation,69450291,,D-sign Rug 1P0446 Grey - 60x760,1,0,visible,,D-sign Rug 1P0446 Grey 60x760 cm,,,taxable,parent,1,3,,0,0,,760,60,1.2,0,,1613,2895,,,,,,,69450212-H,,,,,,67,,,Size,60x760,,1,,,,,,,,,,,,,,,,,,,,,,,,,,,,,,,,,,,,,60x760,,,,,,,,,,,,,,,,,,,,,,,,141423,,,,,,,,,,,,,,,,,,,
110331,variation,69450297,,D-sign Rug 1P0446 Grey - 60x770,1,0,visible,,D-sign Rug 1P0446 Grey 60x770 cm,,,taxable,parent,1,3,,0,0,,770,60,1.2,0,,1631,2935,,,,,,,69450212-H,,,,,,68,,,Size,60x770,,1,,,,,,,,,,,,,,,,,,,,,,,,,,,,,,,,,,,,,60x770,,,,,,,,,,,,,,,,,,,,,,,,141424,,,,,,,,,,,,,,,,,,,
110332,variation,69450299,,D-sign Rug 1P0446 Grey - 60x780,1,0,visible,,D-sign Rug 1P0446 Grey 60x780 cm,,,taxable,parent,1,3,,0,0,,780,60,1.2,0,,1648,2965,,,,,,,69450212-H,,,,,,69,,,Size,60x780,,1,,,,,,,,,,,,,,,,,,,,,,,,,,,,,,,,,,,,,60x780,,,,,,,,,,,,,,,,,,,,,,,,141425,,,,,,,,,,,,,,,,,,,
110333,variation,69450294,,D-sign Rug 1P0446 Grey - 60x790,1,0,visible,,D-sign Rug 1P0446 Grey 60x790 cm,,,taxable,parent,1,3,,0,0,,790,60,1.2,0,,1666,2995,,,,,,,69450212-H,,,,,,70,,,Size,60x790,,1,,,,,,,,,,,,,,,,,,,,,,,,,,,,,,,,,,,,,60x790,,,,,,,,,,,,,,,,,,,,,,,,141426,,,,,,,,,,,,,,,,,,,
110334,variation,69450296,,D-sign Rug 1P0446 Grey - 60x800,1,0,visible,,D-sign Rug 1P0446 Grey 60x800 cm,,,taxable,parent,1,3,,0,0,,800,60,1.2,0,,1684,3025,,,,,,,69450212-H,,,,,,71,,,Size,60x800,,1,,,,,,,,,,,,,,,,,,,,,,,,,,,,,,,,,,,,,60x800,,,,,,,,,,,,,,,,,,,,,,,,141427,,,,,,,,,,,,,,,,,,,
110335,variation,69450295,,D-sign Rug 1P0446 Grey - 60x810,1,0,visible,,D-sign Rug 1P0446 Grey 60x810 cm,,,taxable,parent,1,3,,0,0,,810,60,1.2,0,,1701,3055,,,,,,,69450212-H,,,,,,72,,,Size,60x810,,1,,,,,,,,,,,,,,,,,,,,,,,,,,,,,,,,,,,,,60x810,,,,,,,,,,,,,,,,,,,,,,,,141428,,,,,,,,,,,,,,,,,,,
110336,variation,69450300,,D-sign Rug 1P0446 Grey - 60x820,1,0,visible,,D-sign Rug 1P0446 Grey 60x820 cm,,,taxable,parent,1,3,,0,0,,820,60,1.2,0,,1719,3085,,,,,,,69450212-H,,,,,,73,,,Size,60x820,,1,,,,,,,,,,,,,,,,,,,,,,,,,,,,,,,,,,,,,60x820,,,,,,,,,,,,,,,,,,,,,,,,141429,,,,,,,,,,,,,,,,,,,
110337,variation,69450293,,D-sign Rug 1P0446 Grey - 60x830,1,0,visible,,D-sign Rug 1P0446 Grey 60x830 cm,,,taxable,parent,1,3,,0,0,,830,60,1.2,0,,1736,3125,,,,,,,69450212-H,,,,,,74,,,Size,60x830,,1,,,,,,,,,,,,,,,,,,,,,,,,,,,,,,,,,,,,,60x830,,,,,,,,,,,,,,,,,,,,,,,,141430,,,,,,,,,,,,,,,,,,,
110338,variation,69450298,,D-sign Rug 1P0446 Grey - 60x840,1,0,visible,,D-sign Rug 1P0446 Grey 60x840 cm,,,taxable,parent,1,3,,0,0,,840,60,1.2,0,,1754,3155,,,,,,,69450212-H,,,,,,75,,,Size,60x840,,1,,,,,,,,,,,,,,,,,,,,,,,,,,,,,,,,,,,,,60x840,,,,,,,,,,,,,,,,,,,,,,,,141431,,,,,,,,,,,,,,,,,,,
110339,variation,69450301,,D-sign Rug 1P0446 Grey - 60x850,1,0,visible,,D-sign Rug 1P0446 Grey 60x850 cm,,,taxable,parent,1,3,,0,0,,850,60,1.2,0,,1772,3185,,,,,,,69450212-H,,,,,,76,,,Size,60x850,,1,,,,,,,,,,,,,,,,,,,,,,,,,,,,,,,,,,,,,60x850,,,,,,,,,,,,,,,,,,,,,,,,141432,,,,,,,,,,,,,,,,,,,
110340,variation,69450302,,D-sign Rug 1P0446 Grey - 60x860,1,0,visible,,D-sign Rug 1P0446 Grey 60x860 cm,,,taxable,parent,1,3,,0,0,,860,60,1.2,0,,1789,3215,,,,,,,69450212-H,,,,,,77,,,Size,60x860,,1,,,,,,,,,,,,,,,,,,,,,,,,,,,,,,,,,,,,,60x860,,,,,,,,,,,,,,,,,,,,,,,,141433,,,,,,,,,,,,,,,,,,,
110341,variation,69450310,,D-sign Rug 1P0446 Grey - 60x870,1,0,visible,,D-sign Rug 1P0446 Grey 60x870 cm,,,taxable,parent,1,3,,0,0,,870,60,1.2,0,,1807,3245,,,,,,,69450212-H,,,,,,78,,,Size,60x870,,1,,,,,,,,,,,,,,,,,,,,,,,,,,,,,,,,,,,,,60x870,,,,,,,,,,,,,,,,,,,,,,,,141434,,,,,,,,,,,,,,,,,,,
110342,variation,69450303,,D-sign Rug 1P0446 Grey - 60x880,1,0,visible,,D-sign Rug 1P0446 Grey 60x880 cm,,,taxable,parent,1,3,,0,0,,880,60,1.2,0,,1824,3275,,,,,,,69450212-H,,,,,,79,,,Size,60x880,,1,,,,,,,,,,,,,,,,,,,,,,,,,,,,,,,,,,,,,60x880,,,,,,,,,,,,,,,,,,,,,,,,141435,,,,,,,,,,,,,,,,,,,
110343,variation,69450311,,D-sign Rug 1P0446 Grey - 60x890,1,0,visible,,D-sign Rug 1P0446 Grey 60x890 cm,,,taxable,parent,1,2,,0,0,,890,60,1.2,0,,1842,3315,,,,,,,69450212-H,,,,,,80,,,Size,60x890,,1,,,,,,,,,,,,,,,,,,,,,,,,,,,,,,,,,,,,,60x890,,,,,,,,,,,,,,,,,,,,,,,,141436,,,,,,,,,,,,,,,,,,,
110344,variation,69450308,,D-sign Rug 1P0446 Grey - 60x900,1,0,visible,,D-sign Rug 1P0446 Grey 60x900 cm,,,taxable,parent,1,2,,0,0,,900,60,1.2,0,,1928,3465,,,,,,,69450212-H,,,,,,81,,,Size,60x900,,1,,,,,,,,,,,,,,,,,,,,,,,,,,,,,,,,,,,,,60x900,,,,,,,,,,,,,,,,,,,,,,,,141437,,,,,,,,,,,,,,,,,,,
110345,variation,69450307,,D-sign Rug 1P0446 Grey - 60x910,1,0,visible,,D-sign Rug 1P0446 Grey 60x910 cm,,,taxable,parent,1,2,,0,0,,910,60,1.2,0,,1946,3495,,,,,,,69450212-H,,,,,,82,,,Size,60x910,,1,,,,,,,,,,,,,,,,,,,,,,,,,,,,,,,,,,,,,60x910,,,,,,,,,,,,,,,,,,,,,,,,141438,,,,,,,,,,,,,,,,,,,
110346,variation,69450312,,D-sign Rug 1P0446 Grey - 60x920,1,0,visible,,D-sign Rug 1P0446 Grey 60x920 cm,,,taxable,parent,1,2,,0,0,,920,60,1.2,0,,1964,3525,,,,,,,69450212-H,,,,,,83,,,Size,60x920,,1,,,,,,,,,,,,,,,,,,,,,,,,,,,,,,,,,,,,,60x920,,,,,,,,,,,,,,,,,,,,,,,,141439,,,,,,,,,,,,,,,,,,,
110347,variation,69450304,,D-sign Rug 1P0446 Grey - 60x930,1,0,visible,,D-sign Rug 1P0446 Grey 60x930 cm,,,taxable,parent,1,2,,0,0,,930,60,1.2,0,,1981,3565,,,,,,,69450212-H,,,,,,84,,,Size,60x930,,1,,,,,,,,,,,,,,,,,,,,,,,,,,,,,,,,,,,,,60x930,,,,,,,,,,,,,,,,,,,,,,,,141440,,,,,,,,,,,,,,,,,,,
110348,variation,69450305,,D-sign Rug 1P0446 Grey - 60x940,1,0,visible,,D-sign Rug 1P0446 Grey 60x940 cm,,,taxable,parent,1,2,,0,0,,940,60,1.2,0,,1999,3595,,,,,,,69450212-H,,,,,,85,,,Size,60x940,,1,,,,,,,,,,,,,,,,,,,,,,,,,,,,,,,,,,,,,60x940,,,,,,,,,,,,,,,,,,,,,,,,141441,,,,,,,,,,,,,,,,,,,
110349,variation,69450309,,D-sign Rug 1P0446 Grey - 60x950,1,0,visible,,D-sign Rug 1P0446 Grey 60x950 cm,,,taxable,parent,1,2,,0,0,,950,60,1.2,0,,2016,3625,,,,,,,69450212-H,,,,,,86,,,Size,60x950,,1,,,,,,,,,,,,,,,,,,,,,,,,,,,,,,,,,,,,,60x950,,,,,,,,,,,,,,,,,,,,,,,,141442,,,,,,,,,,,,,,,,,,,
110350,variation,69450306,,D-sign Rug 1P0446 Grey - 60x960,1,0,visible,,D-sign Rug 1P0446 Grey 60x960 cm,,,taxable,parent,1,2,,0,0,,960,60,1.2,0,,2034,3655,,,,,,,69450212-H,,,,,,87,,,Size,60x960,,1,,,,,,,,,,,,,,,,,,,,,,,,,,,,,,,,,,,,,60x960,,,,,,,,,,,,,,,,,,,,,,,,141443,,,,,,,,,,,,,,,,,,,
110351,variation,69450314,,D-sign Rug 1P0446 Grey - 60x970,1,0,visible,,D-sign Rug 1P0446 Grey 60x970 cm,,,taxable,parent,1,2,,0,0,,970,60,1.2,0,,2052,3685,,,,,,,69450212-H,,,,,,88,,,Size,60x970,,1,,,,,,,,,,,,,,,,,,,,,,,,,,,,,,,,,,,,,60x970,,,,,,,,,,,,,,,,,,,,,,,,141444,,,,,,,,,,,,,,,,,,,
110352,variation,69450316,,D-sign Rug 1P0446 Grey - 60x980,1,0,visible,,D-sign Rug 1P0446 Grey 60x980 cm,,,taxable,parent,1,2,,0,0,,980,60,1.2,0,,2069,3715,,,,,,,69450212-H,,,,,,89,,,Size,60x980,,1,,,,,,,,,,,,,,,,,,,,,,,,,,,,,,,,,,,,,60x980,,,,,,,,,,,,,,,,,,,,,,,,141445,,,,,,,,,,,,,,,,,,,
110353,variable,69450329-H,,D-sign Rug 1P0447 Grey,1,0,visible,D-sign Rug 1P0447 Grey,D-sign Rug 1P0447 Grey,,,taxable,,1,,,0,0,,,,,0,,,,"Rooms > Entrance & Corridor, Rooms > Kitchen, Rugs > Modern, Rugs",,,"https://rugshop.eu/wp-content/uploads/2022/09/runner-karmel-plain-one-colour-grey-70-cm.jpg, https://rugshop.eu/wp-content/uploads/2022/09/runner-karmel-plain-one-colour-grey-70-cm-1.jpg, https://rugshop.eu/wp-content/uploads/2022/09/runner-karmel-plain-one-colour-grey-70-cm-2.jpg, https://rugshop.eu/wp-content/uploads/2022/09/runner-karmel-plain-one-colour-grey-70-cm-3.jpg, https://rugshop.eu/wp-content/uploads/2022/09/runner-karmel-plain-one-colour-grey-70-cm-4.jpg",,,,,,,,,2664,,,Size,"70x100, 70x1000, 70x1050, 70x110, 70x1100, 70x1150, 70x120, 70x1200, 70x1250, 70x130, 70x1300, 70x1350, 70x140, 70x1400, 70x150, 70x160, 70x170, 70x180, 70x190, 70x200, 70x210, 70x220, 70x230, 70x240, 70x250, 70x260, 70x270, 70x280, 70x290, 70x300, 70x310, 70x320, 70x330, 70x340, 70x350, 70x360, 70x370, 70x380, 70x390, 70x400, 70x410, 70x420, 70x430, 70x440, 70x450, 70x460, 70x470, 70x480, 70x490, 70x500, 70x510, 70x520, 70x530, 70x540, 70x550, 70x560, 70x570, 70x580, 70x590, 70x600, 70x610, 70x620, 70x630, 70x640, 70x650, 70x660, 70x670, 70x680, 70x690, 70x700, 70x710, 70x720, 70x730, 70x740, 70x750, 70x760, 70x770, 70x780, 70x790, 70x800, 70x810, 70x820, 70x830, 70x840, 70x850, 70x860, 70x870, 70x880, 70x890, 70x900, 70x910, 70x920, 70x930, 70x940, 70x950, 70x960, 70x970, 70x980, 70x990",1,1,Brand,D-sign,1,1,Color,Black-Grey,1,1,Type of color,Singlecolor,1,1,Shape,Rectangular,1,1,Material,Polypropylene,1,1,Type of rug,Modern,1,1,Weave,Machinemade,1,1,Age,New,1,1,,,,,70x710 | 70x830 | 70x820 | 70x810 | 70x800 | 70x790 | 70x780 | 70x770 | 70x760 | 70x750 | 70x740 | 70x730 | 70x720 | 70x840 | 70x700 | 70x690 | 70x680 | 70x670 | 70x660 | 70x650 | 70x640 | 70x630 | 70x620 | 70x610 | 70x600 | 70x960 | 70x1400 | 70x1350 | 70x1300 | 70x1250 | 70x1200 | 70x1150 | 70x1100 | 70x1050 | 70x1000 | 70x990 | 70x980 | 70x970 | 70x590 | 70x950 | 70x940 | 70x930 | 70x920 | 70x910 | 70x900 | 70x890 | 70x880 | 70x870 | 70x860 | 70x850 | 70x190 | 70x340 | 70x330 | 70x320 | 70x310 | 70x290 | 70x280 | 70x270 | 70x260 | 70x240 | 70x230 | 70x220 | 70x210 | 70x350 | 70x180 | 70x170 | 70x150 | 70x120 | 70x100 | 70x160 | 70x300 | 70x250 | 70x200 | 70x110 | 70x140 | 70x470 | 70x580 | 70x570 | 70x560 | 70x550 | 70x540 | 70x530 | 70x520 | 70x510 | 70x500 | 70x490 | 70x480 | 70x130 | 70x460 | 70x450 | 70x440 | 70x430 | 70x420 | 70x410 | 70x400 | 70x390 | 70x380 | 70x370 | 70x360,D-sign,Black-Grey,Polypropylene,default,default,default,default,,,,,,yes,yes,,,,,,,,,,,,,,,,,,,,,,,,,,,,,
110354,variation,69450322,,D-sign Rug 1P0446 Grey - 60x990,1,0,visible,,D-sign Rug 1P0446 Grey 60x990 cm,,,taxable,parent,1,2,,0,0,,990,60,1.2,0,,2087,3755,,,,,,,69450212-H,,,,,,90,,,Size,60x990,,1,,,,,,,,,,,,,,,,,,,,,,,,,,,,,,,,,,,,,60x990,,,,,,,,,,,,,,,,,,,,,,,,141446,,,,,,,,,,,,,,,,,,,
110355,variation,69450318,,D-sign Rug 1P0446 Grey - 60x1000,1,0,visible,,D-sign Rug 1P0446 Grey 60x1000 cm,,,taxable,parent,1,2,,0,0,,1000,60,1.2,0,,2104,3785,,,,,,,69450212-H,,,,,,91,,,Size,60x1000,,1,,,,,,,,,,,,,,,,,,,,,,,,,,,,,,,,,,,,,60x1000,,,,,,,,,,,,,,,,,,,,,,,,141447,,,,,,,,,,,,,,,,,,,
110356,variation,69450319,,D-sign Rug 1P0446 Grey - 60x1050,1,0,visible,,D-sign Rug 1P0446 Grey 60x1050 cm,,,taxable,parent,1,2,,0,0,,1050,60,1.2,0,,2192,3945,,,,,,,69450212-H,,,,,,92,,,Size,60x1050,,1,,,,,,,,,,,,,,,,,,,,,,,,,,,,,,,,,,,,,60x1050,,,,,,,,,,,,,,,,,,,,,,,,141448,,,,,,,,,,,,,,,,,,,
110357,variation,69450321,,D-sign Rug 1P0446 Grey - 60x1100,1,0,visible,,D-sign Rug 1P0446 Grey 60x1100 cm,,,taxable,parent,1,2,,0,0,,1100,60,1.2,0,,2280,4095,,,,,,,69450212-H,,,,,,93,,,Size,60x1100,,1,,,,,,,,,,,,,,,,,,,,,,,,,,,,,,,,,,,,,60x1100,,,,,,,,,,,,,,,,,,,,,,,,141449,,,,,,,,,,,,,,,,,,,
110358,variation,69450320,,D-sign Rug 1P0446 Grey - 60x1150,1,0,visible,,D-sign Rug 1P0446 Grey 60x1150 cm,,,taxable,parent,1,2,,0,0,,1150,60,1.2,0,,2369,4255,,,,,,,69450212-H,,,,,,94,,,Size,60x1150,,1,,,,,,,,,,,,,,,,,,,,,,,,,,,,,,,,,,,,,60x1150,,,,,,,,,,,,,,,,,,,,,,,,141450,,,,,,,,,,,,,,,,,,,
110359,variation,69450313,,D-sign Rug 1P0446 Grey - 60x1200,1,0,visible,,D-sign Rug 1P0446 Grey 60x1200 cm,,,taxable,parent,1,2,,0,0,,1200,60,1.2,0,,2457,4415,,,,,,,69450212-H,,,,,,95,,,Size,60x1200,,1,,,,,,,,,,,,,,,,,,,,,,,,,,,,,,,,,,,,,60x1200,,,,,,,,,,,,,,,,,,,,,,,,141451,,,,,,,,,,,,,,,,,,,
110360,variation,69450317,,D-sign Rug 1P0446 Grey - 60x1250,1,0,visible,,D-sign Rug 1P0446 Grey 60x1250 cm,,,taxable,parent,1,2,,0,0,,1250,60,1.2,0,,2545,4575,,,,,,,69450212-H,,,,,,96,,,Size,60x1250,,1,,,,,,,,,,,,,,,,,,,,,,,,,,,,,,,,,,,,,60x1250,,,,,,,,,,,,,,,,,,,,,,,,141452,,,,,,,,,,,,,,,,,,,
110361,variation,69450315,,D-sign Rug 1P0446 Grey - 60x1300,1,0,visible,,D-sign Rug 1P0446 Grey 60x1300 cm,,,taxable,parent,1,2,,0,0,,1300,60,1.2,0,,2633,4735,,,,,,,69450212-H,,,,,,97,,,Size,60x1300,,1,,,,,,,,,,,,,,,,,,,,,,,,,,,,,,,,,,,,,60x1300,,,,,,,,,,,,,,,,,,,,,,,,141453,,,,,,,,,,,,,,,,,,,
110362,variation,69450328,,D-sign Rug 1P0446 Grey - 60x1350,1,0,visible,,D-sign Rug 1P0446 Grey 60x1350 cm,,,taxable,parent,1,1,,0,0,,1350,60,1.2,0,,2721,4895,,,,,,,69450212-H,,,,,,98,,,Size,60x1350,,1,,,,,,,,,,,,,,,,,,,,,,,,,,,,,,,,,,,,,60x1350,,,,,,,,,,,,,,,,,,,,,,,,141454,,,,,,,,,,,,,,,,,,,
110363,variation,69450327,,D-sign Rug 1P0446 Grey - 60x1400,1,0,visible,,D-sign Rug 1P0446 Grey 60x1400 cm,,,taxable,parent,1,1,,0,0,,1400,60,1.2,0,,2809,5055,,,,,,,69450212-H,,,,,,99,,,Size,60x1400,,1,,,,,,,,,,,,,,,,,,,,,,,,,,,,,,,,,,,,,60x1400,,,,,,,,,,,,,,,,,,,,,,,,141455,,,,,,,,,,,,,,,,,,,
110365,variation,69450329,,D-sign Rug 1P0447 Grey - 70x100,1,0,visible,,D-sign Rug 1P0447 Grey 70x100 cm,,,taxable,parent,1,22,,0,0,,100,70,1.2,0,,480,855,,,,,,,69450329-H,,,,,,1,,,Size,70x100,,1,,,,,,,,,,,,,,,,,,,,,,,,,,,,,,,,,,,,,70x100,,,,,,,,,,,,,,,,,,,,,,,,141258,,,,,,,,,,,,,,,,,,,
110366,variation,69456311,,D-sign Rug 1P0447 Grey - 70x110,1,0,visible,,D-sign Rug 1P0447 Grey 70x110 cm,,,taxable,parent,1,20,,0,0,,110,70,1.2,0,,501,895,,,,,,,69450329-H,,,,,,2,,,Size,70x110,,1,,,,,,,,,,,,,,,,,,,,,,,,,,,,,,,,,,,,,70x110,,,,,,,,,,,,,,,,,,,,,,,,141259,,,,,,,,,,,,,,,,,,,
110367,variation,69456303,,D-sign Rug 1P0447 Grey - 70x120,1,0,visible,,D-sign Rug 1P0447 Grey 70x120 cm,,,taxable,parent,1,18,,0,0,,120,70,1.2,0,,521,935,,,,,,,69450329-H,,,,,,3,,,Size,70x120,,1,,,,,,,,,,,,,,,,,,,,,,,,,,,,,,,,,,,,,70x120,,,,,,,,,,,,,,,,,,,,,,,,141260,,,,,,,,,,,,,,,,,,,
110368,variation,69456309,,D-sign Rug 1P0447 Grey - 70x130,1,0,visible,,D-sign Rug 1P0447 Grey 70x130 cm,,,taxable,parent,1,16,,0,0,,130,70,1.2,0,,542,975,,,,,,,69450329-H,,,,,,4,,,Size,70x130,,1,,,,,,,,,,,,,,,,,,,,,,,,,,,,,,,,,,,,,70x130,,,,,,,,,,,,,,,,,,,,,,,,141261,,,,,,,,,,,,,,,,,,,
110369,variation,69456306,,D-sign Rug 1P0447 Grey - 70x140,1,0,visible,,D-sign Rug 1P0447 Grey 70x140 cm,,,taxable,parent,1,15,,0,0,,140,70,1.2,0,,563,1005,,,,,,,69450329-H,,,,,,5,,,Size,70x140,,1,,,,,,,,,,,,,,,,,,,,,,,,,,,,,,,,,,,,,70x140,,,,,,,,,,,,,,,,,,,,,,,,141262,,,,,,,,,,,,,,,,,,,
110370,variation,69456302,,D-sign Rug 1P0447 Grey - 70x150,1,0,visible,,D-sign Rug 1P0447 Grey 70x150 cm,,,taxable,parent,1,14,,0,0,,150,70,1.2,0,,583,1045,,,,,,,69450329-H,,,,,,6,,,Size,70x150,,1,,,,,,,,,,,,,,,,,,,,,,,,,,,,,,,,,,,,,70x150,,,,,,,,,,,,,,,,,,,,,,,,141263,,,,,,,,,,,,,,,,,,,
110371,variation,69456304,,D-sign Rug 1P0447 Grey - 70x160,1,0,visible,,D-sign Rug 1P0447 Grey 70x160 cm,,,taxable,parent,1,13,,0,0,,160,70,1.2,0,,604,1085,,,,,,,69450329-H,,,,,,7,,,Size,70x160,,1,,,,,,,,,,,,,,,,,,,,,,,,,,,,,,,,,,,,,70x160,,,,,,,,,,,,,,,,,,,,,,,,141264,,,,,,,,,,,,,,,,,,,
110372,variation,69456310,,D-sign Rug 1P0447 Grey - 70x170,1,0,visible,,D-sign Rug 1P0447 Grey 70x170 cm,,,taxable,parent,1,12,,0,0,,170,70,1.2,0,,624,1115,,,,,,,69450329-H,,,,,,8,,,Size,70x170,,1,,,,,,,,,,,,,,,,,,,,,,,,,,,,,,,,,,,,,70x170,,,,,,,,,,,,,,,,,,,,,,,,141265,,,,,,,,,,,,,,,,,,,
110373,variation,69450331,,D-sign Rug 1P0447 Grey - 70x180,1,0,visible,,D-sign Rug 1P0447 Grey 70x180 cm,,,taxable,parent,1,12,,0,0,,180,70,1.2,0,,645,1155,,,,,,,69450329-H,,,,,,9,,,Size,70x180,,1,,,,,,,,,,,,,,,,,,,,,,,,,,,,,,,,,,,,,70x180,,,,,,,,,,,,,,,,,,,,,,,,141266,,,,,,,,,,,,,,,,,,,
110374,variation,69450335,,D-sign Rug 1P0447 Grey - 70x190,1,0,visible,,D-sign Rug 1P0447 Grey 70x190 cm,,,taxable,parent,1,11,,0,0,,190,70,1.2,0,,665,1195,,,,,,,69450329-H,,,,,,10,,,Size,70x190,,1,,,,,,,,,,,,,,,,,,,,,,,,,,,,,,,,,,,,,70x190,,,,,,,,,,,,,,,,,,,,,,,,141267,,,,,,,,,,,,,,,,,,,
110375,variation,69450330,,D-sign Rug 1P0447 Grey - 70x200,1,0,visible,,D-sign Rug 1P0447 Grey 70x200 cm,,,taxable,parent,1,11,,0,0,,200,70,1.2,0,,686,1225,,,,,,,69450329-H,,,,,,11,,,Size,70x200,,1,,,,,,,,,,,,,,,,,,,,,,,,,,,,,,,,,,,,,70x200,,,,,,,,,,,,,,,,,,,,,,,,141268,,,,,,,,,,,,,,,,,,,
110376,variation,69450337,,D-sign Rug 1P0447 Grey - 70x210,1,0,visible,,D-sign Rug 1P0447 Grey 70x210 cm,,,taxable,parent,1,10,,0,0,,210,70,1.2,0,,706,1265,,,,,,,69450329-H,,,,,,12,,,Size,70x210,,1,,,,,,,,,,,,,,,,,,,,,,,,,,,,,,,,,,,,,70x210,,,,,,,,,,,,,,,,,,,,,,,,141269,,,,,,,,,,,,,,,,,,,
110377,variation,69450333,,D-sign Rug 1P0447 Grey - 70x220,1,0,visible,,D-sign Rug 1P0447 Grey 70x220 cm,,,taxable,parent,1,10,,0,0,,220,70,1.2,0,,727,1305,,,,,,,69450329-H,,,,,,13,,,Size,70x220,,1,,,,,,,,,,,,,,,,,,,,,,,,,,,,,,,,,,,,,70x220,,,,,,,,,,,,,,,,,,,,,,,,141270,,,,,,,,,,,,,,,,,,,
110378,variation,69450332,,D-sign Rug 1P0447 Grey - 70x230,1,0,visible,,D-sign Rug 1P0447 Grey 70x230 cm ,,,taxable,parent,1,9,,0,0,,230,70,1.2,0,,747,1345,,,,,,,69450329-H,,,,,,14,,,Size,70x230,,1,,,,,,,,,,,,,,,,,,,,,,,,,,,,,,,,,,,,,70x230,,,,,,,,,,,,,,,,,,,,,,,,141271,,,,,,,,,,,,,,,,,,,
110379,variation,69450334,,D-sign Rug 1P0447 Grey - 70x240,1,0,visible,,D-sign Rug 1P0447 Grey 70x240 cm,,,taxable,parent,1,9,,0,0,,240,70,1.2,0,,768,1375,,,,,,,69450329-H,,,,,,15,,,Size,70x240,,1,,,,,,,,,,,,,,,,,,,,,,,,,,,,,,,,,,,,,70x240,,,,,,,,,,,,,,,,,,,,,,,,141272,,,,,,,,,,,,,,,,,,,
110380,variation,69450338,,D-sign Rug 1P0447 Grey - 70x250,1,0,visible,,D-sign Rug 1P0447 Grey 70x250 cm,,,taxable,parent,1,8,,0,0,,250,70,1.2,0,,789,1415,,,,,,,69450329-H,,,,,,16,,,Size,70x250,,1,,,,,,,,,,,,,,,,,,,,,,,,,,,,,,,,,,,,,70x250,,,,,,,,,,,,,,,,,,,,,,,,141273,,,,,,,,,,,,,,,,,,,
110381,variation,69450336,,D-sign Rug 1P0447 Grey - 70x260,1,0,visible,,D-sign Rug 1P0447 Grey 70x260 cm,,,taxable,parent,1,8,,0,0,,260,70,1.2,0,,809,1455,,,,,,,69450329-H,,,,,,17,,,Size,70x260,,1,,,,,,,,,,,,,,,,,,,,,,,,,,,,,,,,,,,,,70x260,,,,,,,,,,,,,,,,,,,,,,,,141274,,,,,,,,,,,,,,,,,,,
110382,variation,69450339,,D-sign Rug 1P0447 Grey - 70x270,1,0,visible,,D-sign Rug 1P0447 Grey 70x270 cm,,,taxable,parent,1,8,,0,0,,270,70,1.2,0,,830,1485,,,,,,,69450329-H,,,,,,18,,,Size,70x270,,1,,,,,,,,,,,,,,,,,,,,,,,,,,,,,,,,,,,,,70x270,,,,,,,,,,,,,,,,,,,,,,,,141275,,,,,,,,,,,,,,,,,,,
110383,variation,69450345,,D-sign Rug 1P0447 Grey - 70x280,1,0,visible,,D-sign Rug 1P0447 Grey 70x280 cm,,,taxable,parent,1,7,,0,0,,280,70,1.2,0,,850,1525,,,,,,,69450329-H,,,,,,19,,,Size,70x280,,1,,,,,,,,,,,,,,,,,,,,,,,,,,,,,,,,,,,,,70x280,,,,,,,,,,,,,,,,,,,,,,,,141276,,,,,,,,,,,,,,,,,,,
110384,variation,69450346,,D-sign Rug 1P0447 Grey - 70x290,1,0,visible,,D-sign Rug 1P0447 Grey 70x290 cm,,,taxable,parent,1,7,,0,0,,290,70,1.2,0,,871,1565,,,,,,,69450329-H,,,,,,20,,,Size,70x290,,1,,,,,,,,,,,,,,,,,,,,,,,,,,,,,,,,,,,,,70x290,,,,,,,,,,,,,,,,,,,,,,,,141277,,,,,,,,,,,,,,,,,,,
110385,variation,69450341,,D-sign Rug 1P0447 Grey - 70x300,1,0,visible,,D-sign Rug 1P0447 Grey 70x300 cm,,,taxable,parent,1,7,,0,0,,300,70,1.2,0,,891,1595,,,,,,,69450329-H,,,,,,21,,,Size,70x300,,1,,,,,,,,,,,,,,,,,,,,,,,,,,,,,,,,,,,,,70x300,,,,,,,,,,,,,,,,,,,,,,,,141278,,,,,,,,,,,,,,,,,,,
110386,variation,69450344,,D-sign Rug 1P0447 Grey - 70x310,1,0,visible,,D-sign Rug 1P0447 Grey 70x310 cm,,,taxable,parent,1,7,,0,0,,310,70,1.2,0,,912,1635,,,,,,,69450329-H,,,,,,22,,,Size,70x310,,1,,,,,,,,,,,,,,,,,,,,,,,,,,,,,,,,,,,,,70x310,,,,,,,,,,,,,,,,,,,,,,,,141279,,,,,,,,,,,,,,,,,,,
110387,variation,69450343,,D-sign Rug 1P0447 Grey - 70x320,1,0,visible,,D-sign Rug 1P0447 Grey 70x320 cm,,,taxable,parent,1,6,,0,0,,320,70,1.2,0,,932,1675,,,,,,,69450329-H,,,,,,23,,,Size,70x320,,1,,,,,,,,,,,,,,,,,,,,,,,,,,,,,,,,,,,,,70x320,,,,,,,,,,,,,,,,,,,,,,,,141280,,,,,,,,,,,,,,,,,,,
110388,variation,69450342,,D-sign Rug 1P0447 Grey - 70x330,1,0,visible,,D-sign Rug 1P0447 Grey 70x330 cm,,,taxable,parent,1,6,,0,0,,330,70,1.2,0,,953,1715,,,,,,,69450329-H,,,,,,24,,,Size,70x330,,1,,,,,,,,,,,,,,,,,,,,,,,,,,,,,,,,,,,,,70x330,,,,,,,,,,,,,,,,,,,,,,,,141281,,,,,,,,,,,,,,,,,,,
110389,variation,69450349,,D-sign Rug 1P0447 Grey - 70x340,1,0,visible,,D-sign Rug 1P0447 Grey 70x340 cm,,,taxable,parent,1,6,,0,0,,340,70,1.2,0,,973,1745,,,,,,,69450329-H,,,,,,25,,,Size,70x340,,1,,,,,,,,,,,,,,,,,,,,,,,,,,,,,,,,,,,,,70x340,,,,,,,,,,,,,,,,,,,,,,,,141282,,,,,,,,,,,,,,,,,,,
110390,variation,69450340,,D-sign Rug 1P0447 Grey - 70x350,1,0,visible,,D-sign Rug 1P0447 Grey 70x350 cm,,,taxable,parent,1,6,,0,0,,350,70,1.2,0,,994,1785,,,,,,,69450329-H,,,,,,26,,,Size,70x350,,1,,,,,,,,,,,,,,,,,,,,,,,,,,,,,,,,,,,,,70x350,,,,,,,,,,,,,,,,,,,,,,,,141283,,,,,,,,,,,,,,,,,,,
110391,variation,69450348,,D-sign Rug 1P0447 Grey - 70x360,1,0,visible,,D-sign Rug 1P0447 Grey 70x360 cm,,,taxable,parent,1,6,,0,0,,360,70,1.2,0,,1014,1825,,,,,,,69450329-H,,,,,,27,,,Size,70x360,,1,,,,,,,,,,,,,,,,,,,,,,,,,,,,,,,,,,,,,70x360,,,,,,,,,,,,,,,,,,,,,,,,141284,,,,,,,,,,,,,,,,,,,
110392,variation,69450347,,D-sign Rug 1P0447 Grey - 70x370,1,0,visible,,D-sign Rug 1P0447 Grey 70x370 cm,,,taxable,parent,1,5,,0,0,,370,70,1.2,0,,1035,1855,,,,,,,69450329-H,,,,,,28,,,Size,70x370,,1,,,,,,,,,,,,,,,,,,,,,,,,,,,,,,,,,,,,,70x370,,,,,,,,,,,,,,,,,,,,,,,,141285,,,,,,,,,,,,,,,,,,,
110393,variation,69450351,,D-sign Rug 1P0447 Grey - 70x380,1,0,visible,,D-sign Rug 1P0447 Grey 70x380 cm,,,taxable,parent,1,5,,0,0,,380,70,1.2,0,,1056,1895,,,,,,,69450329-H,,,,,,29,,,Size,70x380,,1,,,,,,,,,,,,,,,,,,,,,,,,,,,,,,,,,,,,,70x380,,,,,,,,,,,,,,,,,,,,,,,,141286,,,,,,,,,,,,,,,,,,,
110394,variation,69450352,,D-sign Rug 1P0447 Grey - 70x390,1,0,visible,,D-sign Rug 1P0447 Grey 70x390 cm,,,taxable,parent,1,5,,0,0,,390,70,1.2,0,,1076,1935,,,,,,,69450329-H,,,,,,30,,,Size,70x390,,1,,,,,,,,,,,,,,,,,,,,,,,,,,,,,,,,,,,,,70x390,,,,,,,,,,,,,,,,,,,,,,,,141287,,,,,,,,,,,,,,,,,,,
110395,variation,69450353,,D-sign Rug 1P0447 Grey - 70x400,1,0,visible,,D-sign Rug 1P0447 Grey 70x400 cm,,,taxable,parent,1,5,,0,0,,400,70,1.2,0,,1097,1965,,,,,,,69450329-H,,,,,,31,,,Size,70x400,,1,,,,,,,,,,,,,,,,,,,,,,,,,,,,,,,,,,,,,70x400,,,,,,,,,,,,,,,,,,,,,,,,141288,,,,,,,,,,,,,,,,,,,
110396,variation,69450358,,D-sign Rug 1P0447 Grey - 70x410,1,0,visible,,D-sign Rug 1P0447 Grey 70x410 cm,,,taxable,parent,1,5,,0,0,,410,70,1.2,0,,1117,2005,,,,,,,69450329-H,,,,,,32,,,Size,70x410,,1,,,,,,,,,,,,,,,,,,,,,,,,,,,,,,,,,,,,,70x410,,,,,,,,,,,,,,,,,,,,,,,,141289,,,,,,,,,,,,,,,,,,,
110397,variation,69450355,,D-sign Rug 1P0447 Grey - 70x420,1,0,visible,,D-sign Rug 1P0447 Grey 70x420 cm,,,taxable,parent,1,5,,0,0,,420,70,1.2,0,,1138,2045,,,,,,,69450329-H,,,,,,33,,,Size,70x420,,1,,,,,,,,,,,,,,,,,,,,,,,,,,,,,,,,,,,,,70x420,,,,,,,,,,,,,,,,,,,,,,,,141290,,,,,,,,,,,,,,,,,,,
110398,variation,69450356,,D-sign Rug 1P0447 Grey - 70x430,1,0,visible,,D-sign Rug 1P0447 Grey 70x430 cm,,,taxable,parent,1,5,,0,0,,430,70,1.2,0,,1158,2075,,,,,,,69450329-H,,,,,,34,,,Size,70x430,,1,,,,,,,,,,,,,,,,,,,,,,,,,,,,,,,,,,,,,70x430,,,,,,,,,,,,,,,,,,,,,,,,141291,,,,,,,,,,,,,,,,,,,
110399,variation,69450357,,D-sign Rug 1P0447 Grey - 70x440,1,0,visible,,D-sign Rug 1P0447 Grey 70x440 cm,,,taxable,parent,1,5,,0,0,,440,70,1.2,0,,1179,2115,,,,,,,69450329-H,,,,,,35,,,Size,70x440,,1,,,,,,,,,,,,,,,,,,,,,,,,,,,,,,,,,,,,,70x440,,,,,,,,,,,,,,,,,,,,,,,,141292,,,,,,,,,,,,,,,,,,,
110400,variation,69450354,,D-sign Rug 1P0447 Grey - 70x450,1,0,visible,,D-sign Rug 1P0447 Grey 70x450 cm,,,taxable,parent,1,4,,0,0,,450,70,1.2,0,,1199,2155,,,,,,,69450329-H,,,,,,36,,,Size,70x450,,1,,,,,,,,,,,,,,,,,,,,,,,,,,,,,,,,,,,,,70x450,,,,,,,,,,,,,,,,,,,,,,,,141293,,,,,,,,,,,,,,,,,,,
110401,variation,69450359,,D-sign Rug 1P0447 Grey - 70x460,1,0,visible,,D-sign Rug 1P0447 Grey 70x460 cm,,,taxable,parent,1,4,,0,0,,460,70,1.2,0,,1220,2195,,,,,,,69450329-H,,,,,,37,,,Size,70x460,,1,,,,,,,,,,,,,,,,,,,,,,,,,,,,,,,,,,,,,70x460,,,,,,,,,,,,,,,,,,,,,,,,141294,,,,,,,,,,,,,,,,,,,
110402,variation,69450360,,D-sign Rug 1P0447 Grey - 70x470,1,0,visible,,D-sign Rug 1P0447 Grey 70x470 cm,,,taxable,parent,1,4,,0,0,,470,70,1.2,0,,1240,2225,,,,,,,69450329-H,,,,,,38,,,Size,70x470,,1,,,,,,,,,,,,,,,,,,,,,,,,,,,,,,,,,,,,,70x470,,,,,,,,,,,,,,,,,,,,,,,,141295,,,,,,,,,,,,,,,,,,,
110403,variation,69450379,,D-sign Rug 1P0447 Grey - 70x480,1,0,visible,,D-sign Rug 1P0447 Grey 70x480 cm,,,taxable,parent,1,4,,0,0,,480,70,1.2,0,,1261,2265,,,,,,,69450329-H,,,,,,39,,,Size,70x480,,1,,,,,,,,,,,,,,,,,,,,,,,,,,,,,,,,,,,,,70x480,,,,,,,,,,,,,,,,,,,,,,,,141296,,,,,,,,,,,,,,,,,,,
110404,variation,69450375,,D-sign Rug 1P0447 Grey - 70x490,1,0,visible,,D-sign Rug 1P0447 Grey 70x490 cm,,,taxable,parent,1,4,,0,0,,490,70,1.2,0,,1282,2305,,,,,,,69450329-H,,,,,,40,,,Size,70x490,,1,,,,,,,,,,,,,,,,,,,,,,,,,,,,,,,,,,,,,70x490,,,,,,,,,,,,,,,,,,,,,,,,141297,,,,,,,,,,,,,,,,,,,
110405,variation,69450372,,D-sign Rug 1P0447 Grey - 70x500,1,0,visible,,D-sign Rug 1P0447 Grey 70x500 cm,,,taxable,parent,1,4,,0,0,,500,70,1.2,0,,1302,2335,,,,,,,69450329-H,,,,,,41,,,Size,70x500,,1,,,,,,,,,,,,,,,,,,,,,,,,,,,,,,,,,,,,,70x500,,,,,,,,,,,,,,,,,,,,,,,,141298,,,,,,,,,,,,,,,,,,,
110406,variation,69450374,,D-sign Rug 1P0447 Grey - 70x510,1,0,visible,,D-sign Rug 1P0447 Grey 70x510 cm,,,taxable,parent,1,4,,0,0,,510,70,1.2,0,,1323,2375,,,,,,,69450329-H,,,,,,42,,,Size,70x510,,1,,,,,,,,,,,,,,,,,,,,,,,,,,,,,,,,,,,,,70x510,,,,,,,,,,,,,,,,,,,,,,,,141299,,,,,,,,,,,,,,,,,,,
110407,variation,69450378,,D-sign Rug 1P0447 Grey - 70x520,1,0,visible,,D-sign Rug 1P0447 Grey 70x520 cm,,,taxable,parent,1,4,,0,0,,520,70,1.2,0,,1343,2415,,,,,,,69450329-H,,,,,,43,,,Size,70x520,,1,,,,,,,,,,,,,,,,,,,,,,,,,,,,,,,,,,,,,70x520,,,,,,,,,,,,,,,,,,,,,,,,141300,,,,,,,,,,,,,,,,,,,
110408,variation,69450371,,D-sign Rug 1P0447 Grey - 70x530,1,0,visible,,D-sign Rug 1P0447 Grey 70x530 cm,,,taxable,parent,1,4,,0,0,,530,70,1.2,0,,1364,2445,,,,,,,69450329-H,,,,,,44,,,Size,70x530,,1,,,,,,,,,,,,,,,,,,,,,,,,,,,,,,,,,,,,,70x530,,,,,,,,,,,,,,,,,,,,,,,,141301,,,,,,,,,,,,,,,,,,,
110409,variation,69450368,,D-sign Rug 1P0447 Grey - 70x540,1,0,visible,,D-sign Rug 1P0447 Grey 70x540 cm,,,taxable,parent,1,4,,0,0,,540,70,1.2,0,,1384,2485,,,,,,,69450329-H,,,,,,45,,,Size,70x540,,1,,,,,,,,,,,,,,,,,,,,,,,,,,,,,,,,,,,,,70x540,,,,,,,,,,,,,,,,,,,,,,,,141302,,,,,,,,,,,,,,,,,,,
110410,variation,69450382,,D-sign Rug 1P0447 Grey - 70x550,1,0,visible,,D-sign Rug 1P0447 Grey 70x550 cm,,,taxable,parent,1,4,,0,0,,550,70,1.2,0,,1405,2525,,,,,,,69450329-H,,,,,,46,,,Size,70x550,,1,,,,,,,,,,,,,,,,,,,,,,,,,,,,,,,,,,,,,70x550,,,,,,,,,,,,,,,,,,,,,,,,141303,,,,,,,,,,,,,,,,,,,
110411,variation,69450369,,D-sign Rug 1P0447 Grey - 70x560,1,0,visible,,D-sign Rug 1P0447 Grey 70x560 cm,,,taxable,parent,1,3,,0,0,,560,70,1.2,0,,1425,2565,,,,,,,69450329-H,,,,,,47,,,Size,70x560,,1,,,,,,,,,,,,,,,,,,,,,,,,,,,,,,,,,,,,,70x560,,,,,,,,,,,,,,,,,,,,,,,,141304,,,,,,,,,,,,,,,,,,,
110412,variation,69450377,,D-sign Rug 1P0447 Grey - 70x570,1,0,visible,,D-sign Rug 1P0447 Grey 70x570 cm,,,taxable,parent,1,3,,0,0,,570,70,1.2,0,,1446,2595,,,,,,,69450329-H,,,,,,48,,,Size,70x570,,1,,,,,,,,,,,,,,,,,,,,,,,,,,,,,,,,,,,,,70x570,,,,,,,,,,,,,,,,,,,,,,,,141305,,,,,,,,,,,,,,,,,,,
110413,variation,69450392,,D-sign Rug 1P0447 Grey - 70x580,1,0,visible,,D-sign Rug 1P0447 Grey 70x580 cm,,,taxable,parent,1,3,,0,0,,580,70,1.2,0,,1466,2635,,,,,,,69450329-H,,,,,,49,,,Size,70x580,,1,,,,,,,,,,,,,,,,,,,,,,,,,,,,,,,,,,,,,70x580,,,,,,,,,,,,,,,,,,,,,,,,141306,,,,,,,,,,,,,,,,,,,
110414,variation,69450388,,D-sign Rug 1P0447 Grey - 70x590,1,0,visible,,D-sign Rug 1P0447 Grey 70x590 cm,,,taxable,parent,1,3,,0,0,,590,70,1.2,0,,1487,2675,,,,,,,69450329-H,,,,,,50,,,Size,70x590,,1,,,,,,,,,,,,,,,,,,,,,,,,,,,,,,,,,,,,,70x590,,,,,,,,,,,,,,,,,,,,,,,,141307,,,,,,,,,,,,,,,,,,,
110415,variation,69450395,,D-sign Rug 1P0447 Grey - 70x600,1,0,visible,,D-sign Rug 1P0447 Grey 70x600 cm,,,taxable,parent,1,3,,0,0,,600,70,1.2,0,,1507,2705,,,,,,,69450329-H,,,,,,51,,,Size,70x600,,1,,,,,,,,,,,,,,,,,,,,,,,,,,,,,,,,,,,,,70x600,,,,,,,,,,,,,,,,,,,,,,,,141308,,,,,,,,,,,,,,,,,,,
110416,variation,69450391,,D-sign Rug 1P0447 Grey - 70x610,1,0,visible,,D-sign Rug 1P0447 Grey 70x610 cm,,,taxable,parent,1,3,,0,0,,610,70,1.2,0,,1528,2745,,,,,,,69450329-H,,,,,,52,,,Size,70x610,,1,,,,,,,,,,,,,,,,,,,,,,,,,,,,,,,,,,,,,70x610,,,,,,,,,,,,,,,,,,,,,,,,141309,,,,,,,,,,,,,,,,,,,
110417,variation,69450390,,D-sign Rug 1P0447 Grey - 70x620,1,0,visible,,D-sign Rug 1P0447 Grey 70x620 cm,,,taxable,parent,1,3,,0,0,,620,70,1.2,0,,1549,2785,,,,,,,69450329-H,,,,,,53,,,Size,70x620,,1,,,,,,,,,,,,,,,,,,,,,,,,,,,,,,,,,,,,,70x620,,,,,,,,,,,,,,,,,,,,,,,,141310,,,,,,,,,,,,,,,,,,,
110418,variation,69450389,,D-sign Rug 1P0447 Grey - 70x630,1,0,visible,,D-sign Rug 1P0447 Grey 70x630 cm,,,taxable,parent,1,3,,0,0,,630,70,1.2,0,,1569,2815,,,,,,,69450329-H,,,,,,54,,,Size,70x630,,1,,,,,,,,,,,,,,,,,,,,,,,,,,,,,,,,,,,,,70x630,,,,,,,,,,,,,,,,,,,,,,,,141311,,,,,,,,,,,,,,,,,,,
110419,variation,69450394,,D-sign Rug 1P0447 Grey - 70x640,1,0,visible,,D-sign Rug 1P0447 Grey 70x640 cm,,,taxable,parent,1,3,,0,0,,640,70,1.2,0,,1590,2855,,,,,,,69450329-H,,,,,,55,,,Size,70x640,,1,,,,,,,,,,,,,,,,,,,,,,,,,,,,,,,,,,,,,70x640,,,,,,,,,,,,,,,,,,,,,,,,141312,,,,,,,,,,,,,,,,,,,
110420,variation,69450393,,D-sign Rug 1P0447 Grey - 70x650,1,0,visible,,D-sign Rug 1P0447 Grey 70x650 cm,,,taxable,parent,1,3,,0,0,,650,70,1.2,0,,1610,2895,,,,,,,69450329-H,,,,,,56,,,Size,70x650,,1,,,,,,,,,,,,,,,,,,,,,,,,,,,,,,,,,,,,,70x650,,,,,,,,,,,,,,,,,,,,,,,,141313,,,,,,,,,,,,,,,,,,,
110421,variation,69450397,,D-sign Rug 1P0447 Grey - 70x660,1,0,visible,,D-sign Rug 1P0447 Grey 70x660 cm,,,taxable,parent,1,3,,0,0,,660,70,1.2,0,,1631,2935,,,,,,,69450329-H,,,,,,57,,,Size,70x660,,1,,,,,,,,,,,,,,,,,,,,,,,,,,,,,,,,,,,,,70x660,,,,,,,,,,,,,,,,,,,,,,,,141314,,,,,,,,,,,,,,,,,,,
110422,variation,69450396,,D-sign Rug 1P0447 Grey - 70x670,1,0,visible,,D-sign Rug 1P0447 Grey 70x670 cm,,,taxable,parent,1,3,,0,0,,670,70,1.2,0,,1651,2965,,,,,,,69450329-H,,,,,,58,,,Size,70x670,,1,,,,,,,,,,,,,,,,,,,,,,,,,,,,,,,,,,,,,70x670,,,,,,,,,,,,,,,,,,,,,,,,141315,,,,,,,,,,,,,,,,,,,
110423,variation,69450400,,D-sign Rug 1P0447 Grey - 70x680,1,0,visible,,D-sign Rug 1P0447 Grey 70x680 cm,,,taxable,parent,1,3,,0,0,,680,70,1.2,0,,1672,3005,,,,,,,69450329-H,,,,,,59,,,Size,70x680,,1,,,,,,,,,,,,,,,,,,,,,,,,,,,,,,,,,,,,,70x680,,,,,,,,,,,,,,,,,,,,,,,,141316,,,,,,,,,,,,,,,,,,,
110424,variation,69450409,,D-sign Rug 1P0447 Grey - 70x690,1,0,visible,,D-sign Rug 1P0447 Grey 70x690 cm,,,taxable,parent,1,3,,0,0,,690,70,1.2,0,,1692,3045,,,,,,,69450329-H,,,,,,60,,,Size,70x690,,1,,,,,,,,,,,,,,,,,,,,,,,,,,,,,,,,,,,,,70x690,,,,,,,,,,,,,,,,,,,,,,,,141317,,,,,,,,,,,,,,,,,,,
110425,variation,69450406,,D-sign Rug 1P0447 Grey - 70x700,1,0,visible,,D-sign Rug 1P0447 Grey 70x700 cm,,,taxable,parent,1,3,,0,0,,700,70,1.2,0,,1713,3075,,,,,,,69450329-H,,,,,,61,,,Size,70x700,,1,,,,,,,,,,,,,,,,,,,,,,,,,,,,,,,,,,,,,70x700,,,,,,,,,,,,,,,,,,,,,,,,141318,,,,,,,,,,,,,,,,,,,
110426,variation,69450408,,D-sign Rug 1P0447 Grey - 70x710,1,0,visible,,D-sign Rug 1P0447 Grey 70x710 cm,,,taxable,parent,1,3,,0,0,,710,70,1.2,0,,1733,3115,,,,,,,69450329-H,,,,,,62,,,Size,70x710,,1,,,,,,,,,,,,,,,,,,,,,,,,,,,,,,,,,,,,,70x710,,,,,,,,,,,,,,,,,,,,,,,,141319,,,,,,,,,,,,,,,,,,,
110427,variation,69450402,,D-sign Rug 1P0447 Grey - 70x720,1,0,visible,,D-sign Rug 1P0447 Grey 70x720 cm,,,taxable,parent,1,3,,0,0,,720,70,1.2,0,,1754,3155,,,,,,,69450329-H,,,,,,63,,,Size,70x720,,1,,,,,,,,,,,,,,,,,,,,,,,,,,,,,,,,,,,,,70x720,,,,,,,,,,,,,,,,,,,,,,,,141320,,,,,,,,,,,,,,,,,,,
110428,variation,69450407,,D-sign Rug 1P0447 Grey - 70x730,1,0,visible,,D-sign Rug 1P0447 Grey 70x730 cm,,,taxable,parent,1,3,,0,0,,730,70,1.2,0,,1775,3185,,,,,,,69450329-H,,,,,,64,,,Size,70x730,,1,,,,,,,,,,,,,,,,,,,,,,,,,,,,,,,,,,,,,70x730,,,,,,,,,,,,,,,,,,,,,,,,141321,,,,,,,,,,,,,,,,,,,
110429,variation,69450405,,D-sign Rug 1P0447 Grey - 70x740,1,0,visible,,D-sign Rug 1P0447 Grey 70x740 cm,,,taxable,parent,1,2,,0,0,,740,70,1.2,0,,1795,3225,,,,,,,69450329-H,,,,,,65,,,Size,70x740,,1,,,,,,,,,,,,,,,,,,,,,,,,,,,,,,,,,,,,,70x740,,,,,,,,,,,,,,,,,,,,,,,,141322,,,,,,,,,,,,,,,,,,,
110430,variation,69450404,,D-sign Rug 1P0447 Grey - 70x750,1,0,visible,,D-sign Rug 1P0447 Grey 70x750 cm,,,taxable,parent,1,2,,0,0,,750,70,1.2,0,,1816,3265,,,,,,,69450329-H,,,,,,66,,,Size,70x750,,1,,,,,,,,,,,,,,,,,,,,,,,,,,,,,,,,,,,,,70x750,,,,,,,,,,,,,,,,,,,,,,,,141323,,,,,,,,,,,,,,,,,,,
110431,variation,69450401,,D-sign Rug 1P0447 Grey - 70x760,1,0,visible,,D-sign Rug 1P0447 Grey 70x760 cm,,,taxable,parent,1,2,,0,0,,760,70,1.2,0,,1836,3305,,,,,,,69450329-H,,,,,,67,,,Size,70x760,,1,,,,,,,,,,,,,,,,,,,,,,,,,,,,,,,,,,,,,70x760,,,,,,,,,,,,,,,,,,,,,,,,141324,,,,,,,,,,,,,,,,,,,
110432,variation,69450403,,D-sign Rug 1P0447 Grey - 70x770,1,0,visible,,D-sign Rug 1P0447 Grey 70x770 cm,,,taxable,parent,1,2,,0,0,,770,70,1.2,0,,1857,3335,,,,,,,69450329-H,,,,,,68,,,Size,70x770,,1,,,,,,,,,,,,,,,,,,,,,,,,,,,,,,,,,,,,,70x770,,,,,,,,,,,,,,,,,,,,,,,,141325,,,,,,,,,,,,,,,,,,,
110433,variation,69450416,,D-sign Rug 1P0447 Grey - 70x780,1,0,visible,,D-sign Rug 1P0447 Grey 70x780 cm,,,taxable,parent,1,2,,0,0,,780,70,1.2,0,,1877,3375,,,,,,,69450329-H,,,,,,69,,,Size,70x780,,1,,,,,,,,,,,,,,,,,,,,,,,,,,,,,,,,,,,,,70x780,,,,,,,,,,,,,,,,,,,,,,,,141326,,,,,,,,,,,,,,,,,,,
110434,variation,69450418,,D-sign Rug 1P0447 Grey - 70x790,1,0,visible,,D-sign Rug 1P0447 Grey 70x790 cm,,,taxable,parent,1,2,,0,0,,790,70,1.2,0,,1898,3415,,,,,,,69450329-H,,,,,,70,,,Size,70x790,,1,,,,,,,,,,,,,,,,,,,,,,,,,,,,,,,,,,,,,70x790,,,,,,,,,,,,,,,,,,,,,,,,141327,,,,,,,,,,,,,,,,,,,
110435,variation,69450414,,D-sign Rug 1P0447 Grey - 70x800,1,0,visible,,D-sign Rug 1P0447 Grey 70x800 cm,,,taxable,parent,1,2,,0,0,,800,70,1.2,0,,1918,3445,,,,,,,69450329-H,,,,,,71,,,Size,70x800,,1,,,,,,,,,,,,,,,,,,,,,,,,,,,,,,,,,,,,,70x800,,,,,,,,,,,,,,,,,,,,,,,,141328,,,,,,,,,,,,,,,,,,,
110436,variation,69450417,,D-sign Rug 1P0447 Grey - 70x810,1,0,visible,,D-sign Rug 1P0447 Grey 70x810 cm,,,taxable,parent,1,2,,0,0,,810,70,1.2,0,,1939,3485,,,,,,,69450329-H,,,,,,72,,,Size,70x810,,1,,,,,,,,,,,,,,,,,,,,,,,,,,,,,,,,,,,,,70x810,,,,,,,,,,,,,,,,,,,,,,,,141329,,,,,,,,,,,,,,,,,,,
110437,variable,69450445-H,,D-sign Rug 1P0448 Grey,1,0,visible,D-sign Rug 1P0448 Grey,D-sign Rug 1P0448 Grey,,,taxable,,1,,,0,0,,,,,1,,,,"Rooms > Entrance & Corridor, Rooms > Kitchen, Rugs > Modern, Rugs",,,"https://rugshop.eu/wp-content/uploads/2022/09/runner-karmel-plain-one-colour-grey-100-cm.jpg, https://rugshop.eu/wp-content/uploads/2022/09/runner-karmel-plain-one-colour-grey-100-cm-1.jpg, https://rugshop.eu/wp-content/uploads/2022/09/runner-karmel-plain-one-colour-grey-100-cm-2.jpg, https://rugshop.eu/wp-content/uploads/2022/09/runner-karmel-plain-one-colour-grey-100-cm-3.jpg, https://rugshop.eu/wp-content/uploads/2022/09/runner-karmel-plain-one-colour-grey-100-cm-4.jpg",,,,,,,,,2665,,,Size,"100x100, 100x1000, 100x1050, 100x110, 100x1100, 100x1150, 100x120, 100x1200, 100x1250, 100x130, 100x1300, 100x1350, 100x140, 100x1400, 100x150, 100x160, 100x170, 100x180, 100x190, 100x200, 100x210, 100x220, 100x230, 100x240, 100x250, 100x260, 100x270, 100x280, 100x290, 100x300, 100x310, 100x320, 100x330, 100x340, 100x350, 100x360, 100x370, 100x380, 100x390, 100x400, 100x410, 100x420, 100x430, 100x440, 100x450, 100x460, 100x470, 100x480, 100x490, 100x500, 100x510, 100x520, 100x530, 100x540, 100x550, 100x560, 100x570, 100x580, 100x590, 100x600, 100x610, 100x620, 100x630, 100x640, 100x650, 100x660, 100x670, 100x680, 100x690, 100x700, 100x710, 100x720, 100x730, 100x740, 100x750, 100x760, 100x770, 100x780, 100x790, 100x800, 100x810, 100x820, 100x830, 100x840, 100x850, 100x860, 100x870, 100x880, 100x890, 100x900, 100x910, 100x920, 100x930, 100x940, 100x950, 100x960, 100x970, 100x980, 100x990",1,1,Brand,D-sign,1,1,Color,Black-Grey,1,1,Type of color,Singlecolor,1,1,Shape,Rectangular,1,1,Material,Polypropylene,1,1,Type of rug,Modern,1,1,Weave,Machinemade,1,1,Age,New,1,1,,,,,100x530 | 100x680 | 100x670 | 100x660 | 100x640 | 100x630 | 100x620 | 100x610 | 100x590 | 100x580 | 100x570 | 100x560 | 100x540 | 100x690 | 100x520 | 100x510 | 100x490 | 100x480 | 100x470 | 100x460 | 100x440 | 100x430 | 100x420 | 100x410 | 100x390 | 100x840 | 100x990 | 100x980 | 100x970 | 100x960 | 100x940 | 100x930 | 100x920 | 100x910 | 100x890 | 100x880 | 100x870 | 100x860 | 100x380 | 100x830 | 100x820 | 100x810 | 100x790 | 100x780 | 100x770 | 100x760 | 100x740 | 100x730 | 100x720 | 100x710 | 100x400 | 100x950 | 100x900 | 100x850 | 100x800 | 100x750 | 100x700 | 100x650 | 100x600 | 100x500 | 100x450 | 100x350 | 100x250 | 100x1000 | 100x120 | 100x180 | 100x300 | 100x170 | 100x100 | 100x280 | 100x260 | 100x190 | 100x200 | 100x160 | 100x150 | 100x140 | 100x370 | 100x360 | 100x340 | 100x330 | 100x320 | 100x310 | 100x270 | 100x240 | 100x230 | 100x220 | 100x210 | 100x290 | 100x130 | 100x110 | 100x550 | 100x1400 | 100x1350 | 100x1300 | 100x1250 | 100x1200 | 100x1150 | 100x1100 | 100x1050,D-sign,Black-Grey,Polypropylene,,,,,,,,,,yes,yes,,,,,,,,,,,,,,,,,,,,,,,,,,,,,
110438,variation,69450413,,D-sign Rug 1P0447 Grey - 70x820,1,0,visible,,D-sign Rug 1P0447 Grey 70x820 cm,,,taxable,parent,1,2,,0,0,,820,70,1.2,0,,1959,3525,,,,,,,69450329-H,,,,,,73,,,Size,70x820,,1,,,,,,,,,,,,,,,,,,,,,,,,,,,,,,,,,,,,,70x820,,,,,,,,,,,,,,,,,,,,,,,,141330,,,,,,,,,,,,,,,,,,,
110439,variation,69450415,,D-sign Rug 1P0447 Grey - 70x830,1,0,visible,,D-sign Rug 1P0447 Grey 70x830 cm,,,taxable,parent,1,2,,0,0,,830,70,1.2,0,,1980,3555,,,,,,,69450329-H,,,,,,74,,,Size,70x830,,1,,,,,,,,,,,,,,,,,,,,,,,,,,,,,,,,,,,,,70x830,,,,,,,,,,,,,,,,,,,,,,,,141331,,,,,,,,,,,,,,,,,,,
110440,variation,69450412,,D-sign Rug 1P0447 Grey - 70x840,1,0,visible,,D-sign Rug 1P0447 Grey 70x840 cm,,,taxable,parent,1,2,,0,0,,840,70,1.2,0,,2000,3595,,,,,,,69450329-H,,,,,,75,,,Size,70x840,,1,,,,,,,,,,,,,,,,,,,,,,,,,,,,,,,,,,,,,70x840,,,,,,,,,,,,,,,,,,,,,,,,141332,,,,,,,,,,,,,,,,,,,
110441,variation,69450421,,D-sign Rug 1P0447 Grey - 70x850,1,0,visible,,D-sign Rug 1P0447 Grey 70x850 cm,,,taxable,parent,1,2,,0,0,,850,70,1.2,0,,2021,3635,,,,,,,69450329-H,,,,,,76,,,Size,70x850,,1,,,,,,,,,,,,,,,,,,,,,,,,,,,,,,,,,,,,,70x850,,,,,,,,,,,,,,,,,,,,,,,,141333,,,,,,,,,,,,,,,,,,,
110442,variation,69450419,,D-sign Rug 1P0447 Grey - 70x860,1,0,visible,,D-sign Rug 1P0447 Grey 70x860 cm,,,taxable,parent,1,2,,0,0,,860,70,1.2,0,,2042,3665,,,,,,,69450329-H,,,,,,77,,,Size,70x860,,1,,,,,,,,,,,,,,,,,,,,,,,,,,,,,,,,,,,,,70x860,,,,,,,,,,,,,,,,,,,,,,,,141334,,,,,,,,,,,,,,,,,,,
110443,variation,69450420,,D-sign Rug 1P0447 Grey - 70x870,1,0,visible,,D-sign Rug 1P0447 Grey 70x870 cm,,,taxable,parent,1,2,,0,0,,870,70,1.2,0,,2062,3705,,,,,,,69450329-H,,,,,,78,,,Size,70x870,,1,,,,,,,,,,,,,,,,,,,,,,,,,,,,,,,,,,,,,70x870,,,,,,,,,,,,,,,,,,,,,,,,141335,,,,,,,,,,,,,,,,,,,
110444,variation,69450423,,D-sign Rug 1P0447 Grey - 70x880,1,0,visible,,D-sign Rug 1P0447 Grey 70x880 cm,,,taxable,parent,1,2,,0,0,,880,70,1.2,0,,2083,3745,,,,,,,69450329-H,,,,,,79,,,Size,70x880,,1,,,,,,,,,,,,,,,,,,,,,,,,,,,,,,,,,,,,,70x880,,,,,,,,,,,,,,,,,,,,,,,,141336,,,,,,,,,,,,,,,,,,,
110445,variation,69450428,,D-sign Rug 1P0447 Grey - 70x890,1,0,visible,,D-sign Rug 1P0447 Grey 70x890 cm,,,taxable,parent,1,2,,0,0,,890,70,1.2,0,,2172,3905,,,,,,,69450329-H,,,,,,80,,,Size,70x890,,1,,,,,,,,,,,,,,,,,,,,,,,,,,,,,,,,,,,,,70x890,,,,,,,,,,,,,,,,,,,,,,,,141337,,,,,,,,,,,,,,,,,,,
110446,variation,69450431,,D-sign Rug 1P0447 Grey - 70x900,1,0,visible,,D-sign Rug 1P0447 Grey 70x900 cm,,,taxable,parent,1,2,,0,0,,900,70,1.2,0,,2192,3945,,,,,,,69450329-H,,,,,,81,,,Size,70x900,,1,,,,,,,,,,,,,,,,,,,,,,,,,,,,,,,,,,,,,70x900,,,,,,,,,,,,,,,,,,,,,,,,141338,,,,,,,,,,,,,,,,,,,
110447,variation,69450430,,D-sign Rug 1P0447 Grey - 70x910,1,0,visible,,D-sign Rug 1P0447 Grey 70x910 cm,,,taxable,parent,1,2,,0,0,,910,70,1.2,0,,2213,3975,,,,,,,69450329-H,,,,,,82,,,Size,70x910,,1,,,,,,,,,,,,,,,,,,,,,,,,,,,,,,,,,,,,,70x910,,,,,,,,,,,,,,,,,,,,,,,,141339,,,,,,,,,,,,,,,,,,,
110448,variation,69450427,,D-sign Rug 1P0447 Grey - 70x920,1,0,visible,,D-sign Rug 1P0447 Grey 70x920 cm,,,taxable,parent,1,2,,0,0,,920,70,1.2,0,,2234,4015,,,,,,,69450329-H,,,,,,83,,,Size,70x920,,1,,,,,,,,,,,,,,,,,,,,,,,,,,,,,,,,,,,,,70x920,,,,,,,,,,,,,,,,,,,,,,,,141340,,,,,,,,,,,,,,,,,,,
110449,variation,69450425,,D-sign Rug 1P0447 Grey - 70x930,1,0,visible,,D-sign Rug 1P0447 Grey 70x930 cm,,,taxable,parent,1,2,,0,0,,930,70,1.2,0,,2254,4055,,,,,,,69450329-H,,,,,,84,,,Size,70x930,,1,,,,,,,,,,,,,,,,,,,,,,,,,,,,,,,,,,,,,70x930,,,,,,,,,,,,,,,,,,,,,,,,141341,,,,,,,,,,,,,,,,,,,
110450,variation,69450429,,D-sign Rug 1P0447 Grey - 70x940,1,0,visible,,D-sign Rug 1P0447 Grey 70x940 cm,,,taxable,parent,1,2,,0,0,,940,70,1.2,0,,2275,4085,,,,,,,69450329-H,,,,,,85,,,Size,70x940,,1,,,,,,,,,,,,,,,,,,,,,,,,,,,,,,,,,,,,,70x940,,,,,,,,,,,,,,,,,,,,,,,,141342,,,,,,,,,,,,,,,,,,,
110451,variation,69450424,,D-sign Rug 1P0447 Grey - 70x950,1,0,visible,,D-sign Rug 1P0447 Grey 70x950 cm,,,taxable,parent,1,2,,0,0,,950,70,1.2,0,,2295,4125,,,,,,,69450329-H,,,,,,86,,,Size,70x950,,1,,,,,,,,,,,,,,,,,,,,,,,,,,,,,,,,,,,,,70x950,,,,,,,,,,,,,,,,,,,,,,,,141343,,,,,,,,,,,,,,,,,,,
110452,variation,69450426,,D-sign Rug 1P0447 Grey - 70x960,1,0,visible,,D-sign Rug 1P0447 Grey 70x960 cm,,,taxable,parent,1,2,,0,0,,960,70,1.2,0,,2316,4165,,,,,,,69450329-H,,,,,,87,,,Size,70x960,,1,,,,,,,,,,,,,,,,,,,,,,,,,,,,,,,,,,,,,70x960,,,,,,,,,,,,,,,,,,,,,,,,141344,,,,,,,,,,,,,,,,,,,
110453,variation,69450432,,D-sign Rug 1P0447 Grey - 70x970,1,0,visible,,D-sign Rug 1P0447 Grey 70x970 cm,,,taxable,parent,1,2,,0,0,,970,70,1.2,0,,2336,4205,,,,,,,69450329-H,,,,,,88,,,Size,70x970,,1,,,,,,,,,,,,,,,,,,,,,,,,,,,,,,,,,,,,,70x970,,,,,,,,,,,,,,,,,,,,,,,,141345,,,,,,,,,,,,,,,,,,,
110454,variation,69450437,,D-sign Rug 1P0447 Grey - 70x980,1,0,visible,,D-sign Rug 1P0447 Grey 70x980 cm,,,taxable,parent,1,2,,0,0,,980,70,1.2,0,,2357,4235,,,,,,,69450329-H,,,,,,89,,,Size,70x980,,1,,,,,,,,,,,,,,,,,,,,,,,,,,,,,,,,,,,,,70x980,,,,,,,,,,,,,,,,,,,,,,,,141346,,,,,,,,,,,,,,,,,,,
110455,variation,69450436,,D-sign Rug 1P0447 Grey - 70x990,1,0,visible,,D-sign Rug 1P0447 Grey 70x990 cm,,,taxable,parent,1,2,,0,0,,990,70,1.2,0,,2377,4275,,,,,,,69450329-H,,,,,,90,,,Size,70x990,,1,,,,,,,,,,,,,,,,,,,,,,,,,,,,,,,,,,,,,70x990,,,,,,,,,,,,,,,,,,,,,,,,141347,,,,,,,,,,,,,,,,,,,
110456,variation,69450434,,D-sign Rug 1P0447 Grey - 70x1000,1,0,visible,,D-sign Rug 1P0447 Grey 70x1000 cm,,,taxable,parent,1,2,,0,0,,1000,70,1.2,0,,2398,4315,,,,,,,69450329-H,,,,,,91,,,Size,70x1000,,1,,,,,,,,,,,,,,,,,,,,,,,,,,,,,,,,,,,,,70x1000,,,,,,,,,,,,,,,,,,,,,,,,141348,,,,,,,,,,,,,,,,,,,
110457,variation,69450438,,D-sign Rug 1P0447 Grey - 70x1050,1,0,visible,,D-sign Rug 1P0447 Grey 70x1050 cm,,,taxable,parent,1,2,,0,0,,1050,70,1.2,0,,2501,4495,,,,,,,69450329-H,,,,,,92,,,Size,70x1050,,1,,,,,,,,,,,,,,,,,,,,,,,,,,,,,,,,,,,,,70x1050,,,,,,,,,,,,,,,,,,,,,,,,141349,,,,,,,,,,,,,,,,,,,
110458,variation,69450442,,D-sign Rug 1P0447 Grey - 70x1100,1,0,visible,,D-sign Rug 1P0447 Grey 70x1100 cm,,,taxable,parent,1,2,,0,0,,1100,70,1.2,0,,2603,4685,,,,,,,69450329-H,,,,,,93,,,Size,70x1100,,1,,,,,,,,,,,,,,,,,,,,,,,,,,,,,,,,,,,,,70x1100,,,,,,,,,,,,,,,,,,,,,,,,141350,,,,,,,,,,,,,,,,,,,
110459,variation,69450435,,D-sign Rug 1P0447 Grey - 70x1150,1,0,visible,,D-sign Rug 1P0447 Grey 70x1150 cm,,,taxable,parent,0,0,,0,0,,1150,70,1.2,0,,2706,4865,,,,,,,69450329-H,,,,,,94,,,Size,70x1150,,1,,,,,,,,,,,,,,,,,,,,,,,,,,,,,,,,,,,,,70x1150,,,,,,,,,,,,,,,,,,,,,,,,141351,,,,,,,,,,,,,,,,,,,
110460,variation,69450433,,D-sign Rug 1P0447 Grey - 70x1200,1,0,visible,,D-sign Rug 1P0447 Grey 70x1200 cm,,,taxable,parent,0,0,,0,0,,1200,70,1.2,0,,2809,5055,,,,,,,69450329-H,,,,,,95,,,Size,70x1200,,1,,,,,,,,,,,,,,,,,,,,,,,,,,,,,,,,,,,,,70x1200,,,,,,,,,,,,,,,,,,,,,,,,141352,,,,,,,,,,,,,,,,,,,
110461,variation,69450441,,D-sign Rug 1P0447 Grey - 70x1250,1,0,visible,,D-sign Rug 1P0447 Grey 70x1250 cm,,,taxable,parent,0,0,,0,0,,1250,70,1.2,0,,2911,5235,,,,,,,69450329-H,,,,,,96,,,Size,70x1250,,1,,,,,,,,,,,,,,,,,,,,,,,,,,,,,,,,,,,,,70x1250,,,,,,,,,,,,,,,,,,,,,,,,141353,,,,,,,,,,,,,,,,,,,
110462,variation,69450440,,D-sign Rug 1P0447 Grey - 70x1300,1,0,visible,,D-sign Rug 1P0447 Grey 70x1300 cm,,,taxable,parent,0,0,,0,0,,1300,70,1.2,0,,3014,5425,,,,,,,69450329-H,,,,,,97,,,Size,70x1300,,1,,,,,,,,,,,,,,,,,,,,,,,,,,,,,,,,,,,,,70x1300,,,,,,,,,,,,,,,,,,,,,,,,141354,,,,,,,,,,,,,,,,,,,
110463,variation,69450439,,D-sign Rug 1P0447 Grey - 70x1350,1,0,visible,,D-sign Rug 1P0447 Grey 70x1350 cm,,,taxable,parent,0,0,,0,0,,1350,70,1.2,0,,3117,5605,,,,,,,69450329-H,,,,,,98,,,Size,70x1350,,1,,,,,,,,,,,,,,,,,,,,,,,,,,,,,,,,,,,,,70x1350,,,,,,,,,,,,,,,,,,,,,,,,141355,,,,,,,,,,,,,,,,,,,
110464,variation,69450444,,D-sign Rug 1P0447 Grey - 70x1400,1,0,visible,,D-sign Rug 1P0447 Grey 70x1400 cm,,,taxable,parent,0,0,,0,0,,1400,70,1.2,0,,3220,5795,,,,,,,69450329-H,,,,,,99,,,Size,70x1400,,1,,,,,,,,,,,,,,,,,,,,,,,,,,,,,,,,,,,,,70x1400,,,,,,,,,,,,,,,,,,,,,,,,141356,,,,,,,,,,,,,,,,,,,
110466,variation,69450445,,D-sign Rug 1P0448 Grey - 100x100,1,0,visible,,D-sign Rug 1P0448 Grey 100x100 cm,,,taxable,parent,1,26,,0,0,,100,100,1.2,0,,568,1015,,,,,,,69450445-H,,,,,,1,,,Size,100x100,,1,,,,,,,,,,,,,,,,,,,,,,,,,,,,,,,,,,,,,100x100,,,,,,,,,,,,,,,,,,,,,,,,141572,,,,,,,,,,,,,,,,,,,
110467,variation,69456307,,D-sign Rug 1P0448 Grey - 100x110,1,0,visible,,D-sign Rug 1P0448 Grey 100x110 cm,,,taxable,parent,1,24,,0,0,,110,100,1.2,0,,598,1075,,,,,,,69450445-H,,,,,,2,,,Size,100x110,,1,,,,,,,,,,,,,,,,,,,,,,,,,,,,,,,,,,,,,100x110,,,,,,,,,,,,,,,,,,,,,,,,141573,,,,,,,,,,,,,,,,,,,
110468,variation,69456308,,D-sign Rug 1P0448 Grey - 100x120,1,0,visible,,D-sign Rug 1P0448 Grey 100x120 cm,,,taxable,parent,1,22,,0,0,,120,100,1.2,0,,627,1125,,,,,,,69450445-H,,,,,,3,,,Size,100x120,,1,,,,,,,,,,,,,,,,,,,,,,,,,,,,,,,,,,,,,100x120,,,,,,,,,,,,,,,,,,,,,,,,141574,,,,,,,,,,,,,,,,,,,
110469,variation,69457160,,D-sign Rug 1P0448 Grey - 100x130,1,0,visible,,D-sign Rug 1P0448 Grey 100x130 cm,,,taxable,parent,1,20,,0,0,,130,100,1.2,0,,656,1175,,,,,,,69450445-H,,,,,,4,,,Size,100x130,,1,,,,,,,,,,,,,,,,,,,,,,,,,,,,,,,,,,,,,100x130,,,,,,,,,,,,,,,,,,,,,,,,141575,,,,,,,,,,,,,,,,,,,
110470,variation,69457154,,D-sign Rug 1P0448 Grey - 100x140,1,0,visible,,D-sign Rug 1P0448 Grey 100x140 cm,,,taxable,parent,1,19,,0,0,,140,100,1.2,0,,686,1225,,,,,,,69450445-H,,,,,,5,,,Size,100x140,,1,,,,,,,,,,,,,,,,,,,,,,,,,,,,,,,,,,,,,100x140,,,,,,,,,,,,,,,,,,,,,,,,141576,,,,,,,,,,,,,,,,,,,
110471,variation,69457155,,D-sign Rug 1P0448 Grey - 100x150,1,0,visible,,D-sign Rug 1P0448 Grey 100x150 cm ,,,taxable,parent,1,17,,0,0,,150,100,1.2,0,,715,1285,,,,,,,69450445-H,,,,,,6,,,Size,100x150,,1,,,,,,,,,,,,,,,,,,,,,,,,,,,,,,,,,,,,,100x150,,,,,,,,,,,,,,,,,,,,,,,,141577,,,,,,,,,,,,,,,,,,,
110472,variation,69457152,,D-sign Rug 1P0448 Grey - 100x160,1,0,visible,,D-sign Rug 1P0448 Grey 100x160 cm,,,taxable,parent,1,16,,0,0,,160,100,1.2,0,,745,1335,,,,,,,69450445-H,,,,,,7,,,Size,100x160,,1,,,,,,,,,,,,,,,,,,,,,,,,,,,,,,,,,,,,,100x160,,,,,,,,,,,,,,,,,,,,,,,,141578,,,,,,,,,,,,,,,,,,,
110473,variation,69457159,,D-sign Rug 1P0448 Grey - 100x170,1,0,visible,,D-sign Rug 1P0448 Grey 100x170 cm,,,taxable,parent,1,15,,0,0,,170,100,1.2,0,,774,1385,,,,,,,69450445-H,,,,,,8,,,Size,100x170,,1,,,,,,,,,,,,,,,,,,,,,,,,,,,,,,,,,,,,,100x170,,,,,,,,,,,,,,,,,,,,,,,,141579,,,,,,,,,,,,,,,,,,,
110474,variation,69457153,,D-sign Rug 1P0448 Grey - 100x180,1,0,visible,,D-sign Rug 1P0448 Grey 100x180 cm,,,taxable,parent,1,14,,0,0,,180,100,1.2,0,,803,1445,,,,,,,69450445-H,,,,,,9,,,Size,100x180,,1,,,,,,,,,,,,,,,,,,,,,,,,,,,,,,,,,,,,,100x180,,,,,,,,,,,,,,,,,,,,,,,,141580,,,,,,,,,,,,,,,,,,,
110475,variation,69450455,,D-sign Rug 1P0448 Grey - 100x190,1,0,visible,,D-sign Rug 1P0448 Grey 100x190 cm,,,taxable,parent,1,14,,0,0,,190,100,1.2,0,,833,1495,,,,,,,69450445-H,,,,,,10,,,Size,100x190,,1,,,,,,,,,,,,,,,,,,,,,,,,,,,,,,,,,,,,,100x190,,,,,,,,,,,,,,,,,,,,,,,,141581,,,,,,,,,,,,,,,,,,,
110476,variation,69450448,,D-sign Rug 1P0448 Grey - 100x200,1,0,visible,,D-sign Rug 1P0448 Grey 100x200 cm,,,taxable,parent,1,13,,0,0,,200,100,1.2,0,,829,1485,,,,,,,69450445-H,,,,,,11,,,Size,100x200,,1,,,,,,,,,,,,,,,,,,,,,,,,,,,,,,,,,,,,,100x200,,,,,,,,,,,,,,,,,,,,,,,,141582,,,,,,,,,,,,,,,,,,,
110477,variation,69450457,,D-sign Rug 1P0448 Grey - 100x210,1,0,visible,,D-sign Rug 1P0448 Grey 100x210 cm,,,taxable,parent,1,12,,0,0,,210,100,1.2,0,,891,1595,,,,,,,69450445-H,,,,,,12,,,Size,100x210,,1,,,,,,,,,,,,,,,,,,,,,,,,,,,,,,,,,,,,,100x210,,,,,,,,,,,,,,,,,,,,,,,,141583,,,,,,,,,,,,,,,,,,,
110478,variation,69450451,,D-sign Rug 1P0448 Grey - 100x220,1,0,visible,,D-sign Rug 1P0448 Grey 100x220 cm,,,taxable,parent,1,12,,0,0,,220,100,1.2,0,,921,1655,,,,,,,69450445-H,,,,,,13,,,Size,100x220,,1,,,,,,,,,,,,,,,,,,,,,,,,,,,,,,,,,,,,,100x220,,,,,,,,,,,,,,,,,,,,,,,,141584,,,,,,,,,,,,,,,,,,,
110479,variation,69450450,,D-sign Rug 1P0448 Grey - 100x230,1,0,visible,,D-sign Rug 1P0448 Grey 100x230 cm,,,taxable,parent,1,11,,0,0,,230,100,1.2,0,,950,1705,,,,,,,69450445-H,,,,,,14,,,Size,100x230,,1,,,,,,,,,,,,,,,,,,,,,,,,,,,,,,,,,,,,,100x230,,,,,,,,,,,,,,,,,,,,,,,,141585,,,,,,,,,,,,,,,,,,,
110480,variation,69450454,,D-sign Rug 1P0448 Grey - 100x240,1,0,visible,,D-sign Rug 1P0448 Grey 100x240 cm,,,taxable,parent,1,11,,0,0,,240,100,1.2,0,,979,1755,,,,,,,69450445-H,,,,,,15,,,Size,100x240,,1,,,,,,,,,,,,,,,,,,,,,,,,,,,,,,,,,,,,,100x240,,,,,,,,,,,,,,,,,,,,,,,,141586,,,,,,,,,,,,,,,,,,,
110481,variation,69450453,,D-sign Rug 1P0448 Grey - 100x250,1,0,visible,,D-sign Rug 1P0448 Grey 100x250 cm,,,taxable,parent,1,10,,0,0,,250,100,1.2,0,,1009,1815,,,,,,,69450445-H,,,,,,16,,,Size,100x250,,1,,,,,,,,,,,,,,,,,,,,,,,,,,,,,,,,,,,,,100x250,,,,,,,,,,,,,,,,,,,,,,,,141587,,,,,,,,,,,,,,,,,,,
110482,variation,69450456,,D-sign Rug 1P0448 Grey - 100x260,1,0,visible,,D-sign Rug 1P0448 Grey 100x260 cm,,,taxable,parent,1,10,,0,0,,260,100,1.2,0,,1038,1865,,,,,,,69450445-H,,,,,,17,,,Size,100x260,,1,,,,,,,,,,,,,,,,,,,,,,,,,,,,,,,,,,,,,100x260,,,,,,,,,,,,,,,,,,,,,,,,141588,,,,,,,,,,,,,,,,,,,
110483,variation,69450452,,D-sign Rug 1P0448 Grey - 100x270,1,0,visible,,D-sign Rug 1P0448 Grey 100x270 cm,,,taxable,parent,1,9,,0,0,,270,100,1.2,0,,1067,1915,,,,,,,69450445-H,,,,,,18,,,Size,100x270,,1,,,,,,,,,,,,,,,,,,,,,,,,,,,,,,,,,,,,,100x270,,,,,,,,,,,,,,,,,,,,,,,,141589,,,,,,,,,,,,,,,,,,,
110484,variation,69450449,,D-sign Rug 1P0448 Grey - 100x280,1,0,visible,,D-sign Rug 1P0448 Grey 100x280 cm,,,taxable,parent,1,9,,0,0,,280,100,1.2,0,,1097,1965,,,,,,,69450445-H,,,,,,19,,,Size,100x280,,1,,,,,,,,,,,,,,,,,,,,,,,,,,,,,,,,,,,,,100x280,,,,,,,,,,,,,,,,,,,,,,,,141590,,,,,,,,,,,,,,,,,,,
110485,variation,69450463,,D-sign Rug 1P0448 Grey - 100x290,1,0,visible,,D-sign Rug 1P0448 Grey 100x290 cm,,,taxable,parent,1,9,,0,0,,290,100,1.2,0,,1126,2025,,,,,,,69450445-H,,,,,,20,,,Size,100x290,,1,,,,,,,,,,,,,,,,,,,,,,,,,,,,,,,,,,,,,100x290,,,,,,,,,,,,,,,,,,,,,,,,141591,,,,,,,,,,,,,,,,,,,
110486,variation,69450462,,D-sign Rug 1P0448 Grey - 100x300,1,0,visible,,D-sign Rug 1P0448 Grey 100x300 cm,,,taxable,parent,1,8,,0,0,,300,100,1.2,0,,1155,2075,,,,,,,69450445-H,,,,,,21,,,Size,100x300,,1,,,,,,,,,,,,,,,,,,,,,,,,,,,,,,,,,,,,,100x300,,,,,,,,,,,,,,,,,,,,,,,,141592,,,,,,,,,,,,,,,,,,,
110487,variation,69450458,,D-sign Rug 1P0448 Grey - 100x310,1,0,visible,,D-sign Rug 1P0448 Grey 100x310 cm,,,taxable,parent,1,8,,0,0,,310,100,1.2,0,,1185,2125,,,,,,,69450445-H,,,,,,22,,,Size,100x310,,1,,,,,,,,,,,,,,,,,,,,,,,,,,,,,,,,,,,,,100x310,,,,,,,,,,,,,,,,,,,,,,,,141593,,,,,,,,,,,,,,,,,,,
110488,variation,69450464,,D-sign Rug 1P0448 Grey - 100x320,1,0,visible,,D-sign Rug 1P0448 Grey 100x320 cm,,,taxable,parent,1,8,,0,0,,320,100,1.2,0,,1214,2185,,,,,,,69450445-H,,,,,,23,,,Size,100x320,,1,,,,,,,,,,,,,,,,,,,,,,,,,,,,,,,,,,,,,100x320,,,,,,,,,,,,,,,,,,,,,,,,141594,,,,,,,,,,,,,,,,,,,
110489,variation,69450459,,D-sign Rug 1P0448 Grey - 100x330,1,0,visible,,D-sign Rug 1P0448 Grey 100x330 cm,,,taxable,parent,1,8,,0,0,,330,100,1.2,0,,1243,2235,,,,,,,69450445-H,,,,,,24,,,Size,100x330,,1,,,,,,,,,,,,,,,,,,,,,,,,,,,,,,,,,,,,,100x330,,,,,,,,,,,,,,,,,,,,,,,,141595,,,,,,,,,,,,,,,,,,,
110490,variation,69450461,,D-sign Rug 1P0448 Grey - 100x340,1,0,visible,,D-sign Rug 1P0448 Grey 100x340 cm,,,taxable,parent,1,7,,0,0,,340,100,1.2,0,,1273,2285,,,,,,,69450445-H,,,,,,25,,,Size,100x340,,1,,,,,,,,,,,,,,,,,,,,,,,,,,,,,,,,,,,,,100x340,,,,,,,,,,,,,,,,,,,,,,,,141596,,,,,,,,,,,,,,,,,,,
110491,variation,69450466,,D-sign Rug 1P0448 Grey - 100x350,1,0,visible,,D-sign Rug 1P0448 Grey 100x350 cm,,,taxable,parent,1,7,,0,0,,350,100,1.2,0,,1302,2335,,,,,,,69450445-H,,,,,,26,,,Size,100x350,,1,,,,,,,,,,,,,,,,,,,,,,,,,,,,,,,,,,,,,100x350,,,,,,,,,,,,,,,,,,,,,,,,141597,,,,,,,,,,,,,,,,,,,
110492,variation,69450460,,D-sign Rug 1P0448 Grey - 100x360,1,0,visible,,D-sign Rug 1P0448 Grey 100x360 cm,,,taxable,parent,1,7,,0,0,,360,100,1.2,0,,1331,2395,,,,,,,69450445-H,,,,,,27,,,Size,100x360,,1,,,,,,,,,,,,,,,,,,,,,,,,,,,,,,,,,,,,,100x360,,,,,,,,,,,,,,,,,,,,,,,,141598,,,,,,,,,,,,,,,,,,,
110493,variation,69450467,,D-sign Rug 1P0448 Grey - 100x370,1,0,visible,,D-sign Rug 1P0448 Grey 100x370 cm,,,taxable,parent,1,7,,0,0,,370,100,1.2,0,,1361,2445,,,,,,,69450445-H,,,,,,28,,,Size,100x370,,1,,,,,,,,,,,,,,,,,,,,,,,,,,,,,,,,,,,,,100x370,,,,,,,,,,,,,,,,,,,,,,,,141599,,,,,,,,,,,,,,,,,,,
110494,variation,69450465,,D-sign Rug 1P0448 Grey - 100x380,1,0,visible,,D-sign Rug 1P0448 Grey 100x380 cm,,,taxable,parent,1,7,,0,0,,380,100,1.2,0,,1390,2495,,,,,,,69450445-H,,,,,,29,,,Size,100x380,,1,,,,,,,,,,,,,,,,,,,,,,,,,,,,,,,,,,,,,100x380,,,,,,,,,,,,,,,,,,,,,,,,141600,,,,,,,,,,,,,,,,,,,
110495,variation,69450472,,D-sign Rug 1P0448 Grey - 100x390,1,0,visible,,D-sign Rug 1P0448 Grey 100x390 cm,,,taxable,parent,1,6,,0,0,,390,100,1.2,0,,1419,2545,,,,,,,69450445-H,,,,,,30,,,Size,100x390,,1,,,,,,,,,,,,,,,,,,,,,,,,,,,,,,,,,,,,,100x390,,,,,,,,,,,,,,,,,,,,,,,,141601,,,,,,,,,,,,,,,,,,,
110496,variation,69450474,,D-sign Rug 1P0448 Grey - 100x400,1,0,visible,,D-sign Rug 1P0448 Grey 100x400 cm,,,taxable,parent,1,6,,0,0,,400,100,1.2,0,,1449,2605,,,,,,,69450445-H,,,,,,31,,,Size,100x400,,1,,,,,,,,,,,,,,,,,,,,,,,,,,,,,,,,,,,,,100x400,,,,,,,,,,,,,,,,,,,,,,,,141602,,,,,,,,,,,,,,,,,,,
110497,variation,69450471,,D-sign Rug 1P0448 Grey - 100x410,1,0,visible,,D-sign Rug 1P0448 Grey 100x410 cm,,,taxable,parent,1,6,,0,0,,410,100,1.2,0,,1475,2645,,,,,,,69450445-H,,,,,,32,,,Size,100x410,,1,,,,,,,,,,,,,,,,,,,,,,,,,,,,,,,,,,,,,100x410,,,,,,,,,,,,,,,,,,,,,,,,141603,,,,,,,,,,,,,,,,,,,
110498,variation,69450476,,D-sign Rug 1P0448 Grey - 100x420,1,0,visible,,D-sign Rug 1P0448 Grey 100x420 cm,,,taxable,parent,1,6,,0,0,,420,100,1.2,0,,1507,2705,,,,,,,69450445-H,,,,,,33,,,Size,100x420,,1,,,,,,,,,,,,,,,,,,,,,,,,,,,,,,,,,,,,,100x420,,,,,,,,,,,,,,,,,,,,,,,,141604,,,,,,,,,,,,,,,,,,,
110499,variation,69450470,,D-sign Rug 1P0448 Grey - 100x430,1,0,visible,,D-sign Rug 1P0448 Grey 100x430 cm,,,taxable,parent,1,6,,0,0,,430,100,1.2,0,,1537,2765,,,,,,,69450445-H,,,,,,34,,,Size,100x430,,1,,,,,,,,,,,,,,,,,,,,,,,,,,,,,,,,,,,,,100x430,,,,,,,,,,,,,,,,,,,,,,,,141605,,,,,,,,,,,,,,,,,,,
110500,variation,69450469,,D-sign Rug 1P0448 Grey - 100x440,1,0,visible,,D-sign Rug 1P0448 Grey 100x440 cm,,,taxable,parent,1,6,,0,0,,440,100,1.2,0,,1566,2815,,,,,,,69450445-H,,,,,,35,,,Size,100x440,,1,,,,,,,,,,,,,,,,,,,,,,,,,,,,,,,,,,,,,100x440,,,,,,,,,,,,,,,,,,,,,,,,141606,,,,,,,,,,,,,,,,,,,
110501,variation,69450468,,D-sign Rug 1P0448 Grey - 100x450,1,0,visible,,D-sign Rug 1P0448 Grey 100x450 cm,,,taxable,parent,1,5,,0,0,,450,100,1.2,0,,1596,2865,,,,,,,69450445-H,,,,,,36,,,Size,100x450,,1,,,,,,,,,,,,,,,,,,,,,,,,,,,,,,,,,,,,,100x450,,,,,,,,,,,,,,,,,,,,,,,,141607,,,,,,,,,,,,,,,,,,,
110502,variation,69450477,,D-sign Rug 1P0448 Grey - 100x460,1,0,visible,,D-sign Rug 1P0448 Grey 100x460 cm,,,taxable,parent,1,5,,0,0,,460,100,1.2,0,,1625,2915,,,,,,,69450445-H,,,,,,37,,,Size,100x460,,1,,,,,,,,,,,,,,,,,,,,,,,,,,,,,,,,,,,,,100x460,,,,,,,,,,,,,,,,,,,,,,,,141608,,,,,,,,,,,,,,,,,,,
110503,variation,69450473,,D-sign Rug 1P0448 Grey - 100x470,1,0,visible,,D-sign Rug 1P0448 Grey 100x470 cm,,,taxable,parent,1,5,,0,0,,470,100,1.2,0,,1654,2975,,,,,,,69450445-H,,,,,,38,,,Size,100x470,,1,,,,,,,,,,,,,,,,,,,,,,,,,,,,,,,,,,,,,100x470,,,,,,,,,,,,,,,,,,,,,,,,141609,,,,,,,,,,,,,,,,,,,
110504,variation,69450475,,D-sign Rug 1P0448 Grey - 100x480,1,0,visible,,D-sign Rug 1P0448 Grey 100x480 cm,,,taxable,parent,1,5,,0,0,,480,100,1.2,0,,1684,3025,,,,,,,69450445-H,,,,,,39,,,Size,100x480,,1,,,,,,,,,,,,,,,,,,,,,,,,,,,,,,,,,,,,,100x480,,,,,,,,,,,,,,,,,,,,,,,,141610,,,,,,,,,,,,,,,,,,,
110505,variation,69450481,,D-sign Rug 1P0448 Grey - 100x490,1,0,visible,,D-sign Rug 1P0448 Grey 100x490 cm,,,taxable,parent,1,5,,0,0,,490,100,1.2,0,,1713,3075,,,,,,,69450445-H,,,,,,40,,,Size,100x490,,1,,,,,,,,,,,,,,,,,,,,,,,,,,,,,,,,,,,,,100x490,,,,,,,,,,,,,,,,,,,,,,,,141611,,,,,,,,,,,,,,,,,,,
110506,variation,69450486,,D-sign Rug 1P0448 Grey - 100x500,1,0,visible,,D-sign Rug 1P0448 Grey 100x500 cm,,,taxable,parent,1,5,,0,0,,500,100,1.2,0,,1742,3135,,,,,,,69450445-H,,,,,,41,,,Size,100x500,,1,,,,,,,,,,,,,,,,,,,,,,,,,,,,,,,,,,,,,100x500,,,,,,,,,,,,,,,,,,,,,,,,141612,,,,,,,,,,,,,,,,,,,
110507,variation,69450483,,D-sign Rug 1P0448 Grey - 100x510,1,0,visible,,D-sign Rug 1P0448 Grey 100x510 cm,,,taxable,parent,1,5,,0,0,,510,100,1.2,0,,1772,3185,,,,,,,69450445-H,,,,,,42,,,Size,100x510,,1,,,,,,,,,,,,,,,,,,,,,,,,,,,,,,,,,,,,,100x510,,,,,,,,,,,,,,,,,,,,,,,,141613,,,,,,,,,,,,,,,,,,,
110508,variation,69450482,,D-sign Rug 1P0448 Grey - 100x520,1,0,visible,,D-sign Rug 1P0448 Grey 100x520 cm,,,taxable,parent,1,5,,0,0,,520,100,1.2,0,,1801,3235,,,,,,,69450445-H,,,,,,43,,,Size,100x520,,1,,,,,,,,,,,,,,,,,,,,,,,,,,,,,,,,,,,,,100x520,,,,,,,,,,,,,,,,,,,,,,,,141614,,,,,,,,,,,,,,,,,,,
110509,variation,69450488,,D-sign Rug 1P0448 Grey - 100x530,1,0,visible,,D-sign Rug 1P0448 Grey 100x530 cm,,,taxable,parent,1,5,,0,0,,530,100,1.2,0,,1830,3285,,,,,,,69450445-H,,,,,,44,,,Size,100x530,,1,,,,,,,,,,,,,,,,,,,,,,,,,,,,,,,,,,,,,100x530,,,,,,,,,,,,,,,,,,,,,,,,141615,,,,,,,,,,,,,,,,,,,
110510,variation,69450484,,D-sign Rug 1P0448 Grey - 100x540,1,0,visible,,D-sign Rug 1P0448 Grey 100x540 cm,,,taxable,parent,1,4,,0,0,,540,100,1.2,0,,1860,3345,,,,,,,69450445-H,,,,,,45,,,Size,100x540,,1,,,,,,,,,,,,,,,,,,,,,,,,,,,,,,,,,,,,,100x540,,,,,,,,,,,,,,,,,,,,,,,,141616,,,,,,,,,,,,,,,,,,,
110511,variation,69450480,,D-sign Rug 1P0448 Grey - 100x550,1,0,visible,,D-sign Rug 1P0448 Grey 100x550 cm,,,taxable,parent,1,4,,0,0,,550,100,1.2,0,,1889,3395,,,,,,,69450445-H,,,,,,46,,,Size,100x550,,1,,,,,,,,,,,,,,,,,,,,,,,,,,,,,,,,,,,,,100x550,,,,,,,,,,,,,,,,,,,,,,,,141617,,,,,,,,,,,,,,,,,,,
110512,variation,69450489,,D-sign Rug 1P0448 Grey - 100x560,1,0,visible,,D-sign Rug 1P0448 Grey 100x560 cm,,,taxable,parent,1,4,,0,0,,560,100,1.2,0,,1918,3445,,,,,,,69450445-H,,,,,,47,,,Size,100x560,,1,,,,,,,,,,,,,,,,,,,,,,,,,,,,,,,,,,,,,100x560,,,,,,,,,,,,,,,,,,,,,,,,141618,,,,,,,,,,,,,,,,,,,
110513,variation,69450485,,D-sign Rug 1P0448 Grey - 100x570,1,0,visible,,D-sign Rug 1P0448 Grey 100x570 cm,,,taxable,parent,1,4,,0,0,,570,100,1.2,0,,1948,3505,,,,,,,69450445-H,,,,,,48,,,Size,100x570,,1,,,,,,,,,,,,,,,,,,,,,,,,,,,,,,,,,,,,,100x570,,,,,,,,,,,,,,,,,,,,,,,,141619,,,,,,,,,,,,,,,,,,,
110514,variation,69450487,,D-sign Rug 1P0448 Grey - 100x580,1,0,visible,,D-sign Rug 1P0448 Grey 100x580 cm,,,taxable,parent,1,4,,0,0,,580,100,1.2,0,,1977,3555,,,,,,,69450445-H,,,,,,49,,,Size,100x580,,1,,,,,,,,,,,,,,,,,,,,,,,,,,,,,,,,,,,,,100x580,,,,,,,,,,,,,,,,,,,,,,,,141620,,,,,,,,,,,,,,,,,,,
110515,variation,69450507,,D-sign Rug 1P0448 Grey - 100x590,1,0,visible,,D-sign Rug 1P0448 Grey 100x590 cm,,,taxable,parent,1,4,,0,0,,590,100,1.2,0,,2006,3605,,,,,,,69450445-H,,,,,,50,,,Size,100x590,,1,,,,,,,,,,,,,,,,,,,,,,,,,,,,,,,,,,,,,100x590,,,,,,,,,,,,,,,,,,,,,,,,141621,,,,,,,,,,,,,,,,,,,
110516,variation,69450508,,D-sign Rug 1P0448 Grey - 100x600,1,0,visible,,D-sign Rug 1P0448 Grey 100x600 cm,,,taxable,parent,1,4,,0,0,,600,100,1.2,0,,2036,3655,,,,,,,69450445-H,,,,,,51,,,Size,100x600,,1,,,,,,,,,,,,,,,,,,,,,,,,,,,,,,,,,,,,,100x600,,,,,,,,,,,,,,,,,,,,,,,,141622,,,,,,,,,,,,,,,,,,,
110517,variation,69450510,,D-sign Rug 1P0448 Grey - 100x610,1,0,visible,,D-sign Rug 1P0448 Grey 100x610 cm,,,taxable,parent,1,4,,0,0,,610,100,1.2,0,,2065,3715,,,,,,,69450445-H,,,,,,52,,,Size,100x610,,1,,,,,,,,,,,,,,,,,,,,,,,,,,,,,,,,,,,,,100x610,,,,,,,,,,,,,,,,,,,,,,,,141623,,,,,,,,,,,,,,,,,,,
110518,variation,69450503,,D-sign Rug 1P0448 Grey - 100x620,1,0,visible,,D-sign Rug 1P0448 Grey 100x620 cm,,,taxable,parent,1,4,,0,0,,620,100,1.2,0,,2094,3765,,,,,,,69450445-H,,,,,,53,,,Size,100x620,,1,,,,,,,,,,,,,,,,,,,,,,,,,,,,,,,,,,,,,100x620,,,,,,,,,,,,,,,,,,,,,,,,141624,,,,,,,,,,,,,,,,,,,
110519,variation,69450506,,D-sign Rug 1P0448 Grey - 100x630,1,0,visible,,D-sign Rug 1P0448 Grey 100x630 cm,,,taxable,parent,1,4,,0,0,,630,100,1.2,0,,2124,3815,,,,,,,69450445-H,,,,,,54,,,Size,100x630,,1,,,,,,,,,,,,,,,,,,,,,,,,,,,,,,,,,,,,,100x630,,,,,,,,,,,,,,,,,,,,,,,,141625,,,,,,,,,,,,,,,,,,,
110520,variation,69450511,,D-sign Rug 1P0448 Grey - 100x640,1,0,visible,,D-sign Rug 1P0448 Grey 100x640 cm,,,taxable,parent,1,4,,0,0,,640,100,1.2,0,,2153,3875,,,,,,,69450445-H,,,,,,55,,,Size,100x640,,1,,,,,,,,,,,,,,,,,,,,,,,,,,,,,,,,,,,,,100x640,,,,,,,,,,,,,,,,,,,,,,,,141626,,,,,,,,,,,,,,,,,,,
110521,variation,69450509,,D-sign Rug 1P0448 Grey - 100x650,1,0,visible,,D-sign Rug 1P0448 Grey 100x650 cm,,,taxable,parent,1,4,,0,0,,650,100,1.2,0,,2182,3925,,,,,,,69450445-H,,,,,,56,,,Size,100x650,,1,,,,,,,,,,,,,,,,,,,,,,,,,,,,,,,,,,,,,100x650,,,,,,,,,,,,,,,,,,,,,,,,141627,,,,,,,,,,,,,,,,,,,
110522,variation,69450512,,D-sign Rug 1P0448 Grey - 100x660,1,0,visible,,D-sign Rug 1P0448 Grey 100x660 cm,,,taxable,parent,1,4,,0,0,,660,100,1.2,0,,2212,3975,,,,,,,69450445-H,,,,,,57,,,Size,100x660,,1,,,,,,,,,,,,,,,,,,,,,,,,,,,,,,,,,,,,,100x660,,,,,,,,,,,,,,,,,,,,,,,,141628,,,,,,,,,,,,,,,,,,,
110523,variation,69450505,,D-sign Rug 1P0448 Grey - 100x670,1,0,visible,,D-sign Rug 1P0448 Grey 100x670 cm,,,taxable,parent,1,3,,0,0,,670,100,1.2,0,,2241,4025,,,,,,,69450445-H,,,,,,58,,,Size,100x670,,1,,,,,,,,,,,,,,,,,,,,,,,,,,,,,,,,,,,,,100x670,,,,,,,,,,,,,,,,,,,,,,,,141629,,,,,,,,,,,,,,,,,,,
110524,variation,69450504,,D-sign Rug 1P0448 Grey - 100x680,1,0,visible,,D-sign Rug 1P0448 Grey 100x680 cm,,,taxable,parent,1,3,,0,0,,680,100,1.2,0,,2270,4085,,,,,,,69450445-H,,,,,,59,,,Size,100x680,,1,,,,,,,,,,,,,,,,,,,,,,,,,,,,,,,,,,,,,100x680,,,,,,,,,,,,,,,,,,,,,,,,141630,,,,,,,,,,,,,,,,,,,
110525,variation,69450519,,D-sign Rug 1P0448 Grey - 100x690,1,0,visible,,D-sign Rug 1P0448 Grey 100x690 cm,,,taxable,parent,1,3,,0,0,,690,100,1.2,0,,2300,4135,,,,,,,69450445-H,,,,,,60,,,Size,100x690,,1,,,,,,,,,,,,,,,,,,,,,,,,,,,,,,,,,,,,,100x690,,,,,,,,,,,,,,,,,,,,,,,,141631,,,,,,,,,,,,,,,,,,,
110526,variation,69450517,,D-sign Rug 1P0448 Grey - 100x700,1,0,visible,,D-sign Rug 1P0448 Grey 100x700 cm,,,taxable,parent,1,3,,0,0,,700,100,1.2,0,,2329,4185,,,,,,,69450445-H,,,,,,61,,,Size,100x700,,1,,,,,,,,,,,,,,,,,,,,,,,,,,,,,,,,,,,,,100x700,,,,,,,,,,,,,,,,,,,,,,,,141632,,,,,,,,,,,,,,,,,,,
110527,variation,69450524,,D-sign Rug 1P0448 Grey - 100x710,1,0,visible,,D-sign Rug 1P0448 Grey 100x710 cm,,,taxable,parent,1,3,,0,0,,710,100,1.2,0,,2358,4245,,,,,,,69450445-H,,,,,,62,,,Size,100x710,,1,,,,,,,,,,,,,,,,,,,,,,,,,,,,,,,,,,,,,100x710,,,,,,,,,,,,,,,,,,,,,,,,141633,,,,,,,,,,,,,,,,,,,
110528,variation,69450521,,D-sign Rug 1P0448 Grey - 100x720,1,0,visible,,D-sign Rug 1P0448 Grey 100x720 cm,,,taxable,parent,1,3,,0,0,,720,100,1.2,0,,2388,4295,,,,,,,69450445-H,,,,,,63,,,Size,100x720,,1,,,,,,,,,,,,,,,,,,,,,,,,,,,,,,,,,,,,,100x720,,,,,,,,,,,,,,,,,,,,,,,,141634,,,,,,,,,,,,,,,,,,,
110529,variation,69450516,,D-sign Rug 1P0448 Grey - 100x730,1,0,visible,,D-sign Rug 1P0448 Grey 100x730 cm,,,taxable,parent,1,3,,0,0,,730,100,1.2,0,,2417,4345,,,,,,,69450445-H,,,,,,64,,,Size,100x730,,1,,,,,,,,,,,,,,,,,,,,,,,,,,,,,,,,,,,,,100x730,,,,,,,,,,,,,,,,,,,,,,,,141635,,,,,,,,,,,,,,,,,,,
110530,variation,69450520,,D-sign Rug 1P0448 Grey - 100x740,1,0,visible,,D-sign Rug 1P0448 Grey 100x740 cm,,,taxable,parent,1,3,,0,0,,740,100,1.2,0,,2446,4395,,,,,,,69450445-H,,,,,,65,,,Size,100x740,,1,,,,,,,,,,,,,,,,,,,,,,,,,,,,,,,,,,,,,100x740,,,,,,,,,,,,,,,,,,,,,,,,141636,,,,,,,,,,,,,,,,,,,
110531,variation,69450515,,D-sign Rug 1P0448 Grey - 100x750,1,0,visible,,D-sign Rug 1P0448 Grey 100x750 cm,,,taxable,parent,1,3,,0,0,,750,100,1.2,0,,2476,4455,,,,,,,69450445-H,,,,,,66,,,Size,100x750,,1,,,,,,,,,,,,,,,,,,,,,,,,,,,,,,,,,,,,,100x750,,,,,,,,,,,,,,,,,,,,,,,,141637,,,,,,,,,,,,,,,,,,,
110532,variation,69450522,,D-sign Rug 1P0448 Grey - 100x760,1,0,visible,,D-sign Rug 1P0448 Grey 100x760 cm,,,taxable,parent,1,3,,0,0,,760,100,1.2,0,,2505,4505,,,,,,,69450445-H,,,,,,67,,,Size,100x760,,1,,,,,,,,,,,,,,,,,,,,,,,,,,,,,,,,,,,,,100x760,,,,,,,,,,,,,,,,,,,,,,,,141638,,,,,,,,,,,,,,,,,,,
110533,variation,69450518,,D-sign Rug 1P0448 Grey - 100x770,1,0,visible,,D-sign Rug 1P0448 Grey 100x770 cm,,,taxable,parent,1,3,,0,0,,770,100,1.2,0,,2535,4555,,,,,,,69450445-H,,,,,,68,,,Size,100x770,,1,,,,,,,,,,,,,,,,,,,,,,,,,,,,,,,,,,,,,100x770,,,,,,,,,,,,,,,,,,,,,,,,141639,,,,,,,,,,,,,,,,,,,
110534,variation,69450523,,D-sign Rug 1P0448 Grey - 100x780,1,0,visible,,D-sign Rug 1P0448 Grey 100x780 cm,,,taxable,parent,1,3,,0,0,,780,100,1.2,0,,2564,4605,,,,,,,69450445-H,,,,,,69,,,Size,100x780,,1,,,,,,,,,,,,,,,,,,,,,,,,,,,,,,,,,,,,,100x780,,,,,,,,,,,,,,,,,,,,,,,,141640,,,,,,,,,,,,,,,,,,,
110535,variation,69450535,,D-sign Rug 1P0448 Grey - 100x790,1,0,visible,,D-sign Rug 1P0448 Grey 100x790 cm,,,taxable,parent,1,3,,0,0,,790,100,1.2,0,,2593,4665,,,,,,,69450445-H,,,,,,70,,,Size,100x790,,1,,,,,,,,,,,,,,,,,,,,,,,,,,,,,,,,,,,,,100x790,,,,,,,,,,,,,,,,,,,,,,,,141641,,,,,,,,,,,,,,,,,,,
110536,variation,69450532,,D-sign Rug 1P0448 Grey - 100x800,1,0,visible,,D-sign Rug 1P0448 Grey 100x800 cm,,,taxable,parent,1,3,,0,0,,800,100,1.2,0,,2623,4715,,,,,,,69450445-H,,,,,,71,,,Size,100x800,,1,,,,,,,,,,,,,,,,,,,,,,,,,,,,,,,,,,,,,100x800,,,,,,,,,,,,,,,,,,,,,,,,141642,,,,,,,,,,,,,,,,,,,
110537,variation,69450527,,D-sign Rug 1P0448 Grey - 100x810,1,0,visible,,D-sign Rug 1P0448 Grey 100x810 cm,,,taxable,parent,1,3,,0,0,,810,100,1.2,0,,2652,4765,,,,,,,69450445-H,,,,,,72,,,Size,100x810,,1,,,,,,,,,,,,,,,,,,,,,,,,,,,,,,,,,,,,,100x810,,,,,,,,,,,,,,,,,,,,,,,,141643,,,,,,,,,,,,,,,,,,,
110538,variation,69450533,,D-sign Rug 1P0448 Grey - 100x820,1,0,visible,,D-sign Rug 1P0448 Grey 100x820 cm,,,taxable,parent,1,3,,0,0,,820,100,1.2,0,,2681,4825,,,,,,,69450445-H,,,,,,73,,,Size,100x820,,1,,,,,,,,,,,,,,,,,,,,,,,,,,,,,,,,,,,,,100x820,,,,,,,,,,,,,,,,,,,,,,,,141644,,,,,,,,,,,,,,,,,,,
110539,variation,69450528,,D-sign Rug 1P0448 Grey - 100x830,1,0,visible,,D-sign Rug 1P0448 Grey 100x830 cm,,,taxable,parent,1,3,,0,0,,830,100,1.2,0,,2711,4875,,,,,,,69450445-H,,,,,,74,,,Size,100x830,,1,,,,,,,,,,,,,,,,,,,,,,,,,,,,,,,,,,,,,100x830,,,,,,,,,,,,,,,,,,,,,,,,141645,,,,,,,,,,,,,,,,,,,
110540,variation,69450529,,D-sign Rug 1P0448 Grey - 100x840,1,0,visible,,D-sign Rug 1P0448 Grey 100x840 cm,,,taxable,parent,1,3,,0,0,,840,100,1.2,0,,2740,4925,,,,,,,69450445-H,,,,,,75,,,Size,100x840,,1,,,,,,,,,,,,,,,,,,,,,,,,,,,,,,,,,,,,,100x840,,,,,,,,,,,,,,,,,,,,,,,,141646,,,,,,,,,,,,,,,,,,,
110541,variation,69450530,,D-sign Rug 1P0448 Grey - 100x850,1,0,visible,,D-sign Rug 1P0448 Grey 100x850 cm,,,taxable,parent,1,3,,0,0,,850,100,1.2,0,,2769,4975,,,,,,,69450445-H,,,,,,76,,,Size,100x850,,1,,,,,,,,,,,,,,,,,,,,,,,,,,,,,,,,,,,,,100x850,,,,,,,,,,,,,,,,,,,,,,,,141647,,,,,,,,,,,,,,,,,,,
110542,variation,69450536,,D-sign Rug 1P0448 Grey - 100x860,1,0,visible,,D-sign Rug 1P0448 Grey 100x860 cm,,,taxable,parent,1,3,,0,0,,860,100,1.2,0,,2867,5155,,,,,,,69450445-H,,,,,,77,,,Size,100x860,,1,,,,,,,,,,,,,,,,,,,,,,,,,,,,,,,,,,,,,100x860,,,,,,,,,,,,,,,,,,,,,,,,141648,,,,,,,,,,,,,,,,,,,
110543,variation,69450531,,D-sign Rug 1P0448 Grey - 100x870,1,0,visible,,D-sign Rug 1P0448 Grey 100x870 cm,,,taxable,parent,1,3,,0,0,,870,100,1.2,0,,2897,5205,,,,,,,69450445-H,,,,,,78,,,Size,100x870,,1,,,,,,,,,,,,,,,,,,,,,,,,,,,,,,,,,,,,,100x870,,,,,,,,,,,,,,,,,,,,,,,,141649,,,,,,,,,,,,,,,,,,,
110544,variation,69450534,,D-sign Rug 1P0448 Grey - 100x880,1,0,visible,,D-sign Rug 1P0448 Grey 100x880 cm,,,taxable,parent,1,3,,0,0,,880,100,1.2,0,,2926,5265,,,,,,,69450445-H,,,,,,79,,,Size,100x880,,1,,,,,,,,,,,,,,,,,,,,,,,,,,,,,,,,,,,,,100x880,,,,,,,,,,,,,,,,,,,,,,,,141650,,,,,,,,,,,,,,,,,,,
110545,variation,69450541,,D-sign Rug 1P0448 Grey - 100x890,1,0,visible,,D-sign Rug 1P0448 Grey 100x890 cm,,,taxable,parent,1,2,,0,0,,890,100,1.2,0,,2955,5315,,,,,,,69450445-H,,,,,,80,,,Size,100x890,,1,,,,,,,,,,,,,,,,,,,,,,,,,,,,,,,,,,,,,100x890,,,,,,,,,,,,,,,,,,,,,,,,141651,,,,,,,,,,,,,,,,,,,
110546,variation,69450544,,D-sign Rug 1P0448 Grey - 100x900,1,0,visible,,D-sign Rug 1P0448 Grey 100x900 cm,,,taxable,parent,1,2,,0,0,,900,100,1.2,0,,2985,5365,,,,,,,69450445-H,,,,,,81,,,Size,100x900,,1,,,,,,,,,,,,,,,,,,,,,,,,,,,,,,,,,,,,,100x900,,,,,,,,,,,,,,,,,,,,,,,,141652,,,,,,,,,,,,,,,,,,,
110547,variation,69450540,,D-sign Rug 1P0448 Grey - 100x910,1,0,visible,,D-sign Rug 1P0448 Grey 100x910 cm,,,taxable,parent,1,2,,0,0,,910,100,1.2,0,,3014,5425,,,,,,,69450445-H,,,,,,82,,,Size,100x910,,1,,,,,,,,,,,,,,,,,,,,,,,,,,,,,,,,,,,,,100x910,,,,,,,,,,,,,,,,,,,,,,,,141653,,,,,,,,,,,,,,,,,,,
110548,variation,69450546,,D-sign Rug 1P0448 Grey - 100x920,1,0,visible,,D-sign Rug 1P0448 Grey 100x920 cm,,,taxable,parent,1,2,,0,0,,920,100,1.2,0,,3043,5475,,,,,,,69450445-H,,,,,,83,,,Size,100x920,,1,,,,,,,,,,,,,,,,,,,,,,,,,,,,,,,,,,,,,100x920,,,,,,,,,,,,,,,,,,,,,,,,141654,,,,,,,,,,,,,,,,,,,
110549,variable,69450562-H,,D-sign Rug 1P0449 Grey,1,0,visible,D-sign Rug 1P0449 Grey,D-sign Rug 1P0449 Grey,,,taxable,,1,,,0,0,,,,,1,,,,"Rooms > Entrance & Corridor, Rooms > Kitchen, Rugs > Modern, Rugs",,,"https://rugshop.eu/wp-content/uploads/2022/09/runner-karmel-plain-one-colour-grey-120-cm.jpg, https://rugshop.eu/wp-content/uploads/2022/09/runner-karmel-plain-one-colour-grey-120-cm-1.jpg, https://rugshop.eu/wp-content/uploads/2022/09/runner-karmel-plain-one-colour-grey-120-cm-2.jpg, https://rugshop.eu/wp-content/uploads/2022/09/runner-karmel-plain-one-colour-grey-120-cm-3.jpg, https://rugshop.eu/wp-content/uploads/2022/09/runner-karmel-plain-one-colour-grey-120-cm-4.jpg",,,,,,,,,2666,,,Size,"120x100, 120x1000, 120x1050, 120x110, 120x1100, 120x120, 120x130, 120x140, 120x150, 120x160, 120x170, 120x180, 120x190, 120x200, 120x210, 120x220, 120x230, 120x240, 120x250, 120x260, 120x270, 120x280, 120x290, 120x300, 120x310, 120x320, 120x330, 120x340, 120x350, 120x360, 120x370, 120x380, 120x390, 120x400, 120x410, 120x420, 120x430, 120x440, 120x450, 120x460, 120x470, 120x480, 120x490, 120x500, 120x510, 120x520, 120x530, 120x540, 120x550, 120x560, 120x570, 120x580, 120x590, 120x600, 120x610, 120x620, 120x630, 120x640, 120x650, 120x660, 120x670, 120x680, 120x690, 120x700, 120x710, 120x720, 120x730, 120x740, 120x750, 120x760, 120x770, 120x780, 120x790, 120x800, 120x810, 120x820, 120x830, 120x840, 120x850, 120x860, 120x870, 120x880, 120x890, 120x900, 120x910, 120x920, 120x930, 120x940, 120x950, 120x960, 120x970, 120x980, 120x990",1,1,Brand,D-sign,1,1,Color,Black-Grey,1,1,Type of color,Singlecolor,1,1,Shape,Rectangular,1,1,Material,Polypropylene,1,1,Type of rug,Modern,1,1,Weave,Machinemade,1,1,Age,New,1,1,,,,,120x680 | 120x790 | 120x780 | 120x770 | 120x760 | 120x750 | 120x740 | 120x730 | 120x720 | 120x710 | 120x700 | 120x690 | 120x800 | 120x670 | 120x660 | 120x650 | 120x640 | 120x630 | 120x620 | 120x610 | 120x600 | 120x590 | 120x580 | 120x570 | 120x910 | 120x1100 | 120x1050 | 120x1000 | 120x990 | 120x980 | 120x970 | 120x960 | 120x950 | 120x940 | 120x930 | 120x920 | 120x560 | 120x900 | 120x890 | 120x880 | 120x870 | 120x860 | 120x850 | 120x840 | 120x830 | 120x820 | 120x810 | 120x130 | 120x320 | 120x310 | 120x300 | 120x290 | 120x280 | 120x250 | 120x240 | 120x230 | 120x220 | 120x190 | 120x140 | 120x330 | 120x110 | 120x100 | 120x150 | 120x120 | 120x160 | 120x180 | 120x260 | 120x270 | 120x200 | 120x210 | 120x440 | 120x550 | 120x540 | 120x530 | 120x520 | 120x510 | 120x500 | 120x490 | 120x480 | 120x470 | 120x460 | 120x450 | 120x170 | 120x430 | 120x420 | 120x410 | 120x400 | 120x390 | 120x380 | 120x370 | 120x360 | 120x350 | 120x340,D-sign,Black-Grey,Polypropylene,,,,,,,,,,yes,yes,,,,,,,,,,,,,,,,,,,,,,,,,,,,,
110550,variation,69450543,,D-sign Rug 1P0448 Grey - 100x930,1,0,visible,,D-sign Rug 1P0448 Grey 100x930 cm,,,taxable,parent,1,2,,0,0,,930,100,1.2,0,,3073,5525,,,,,,,69450445-H,,,,,,84,,,Size,100x930,,1,,,,,,,,,,,,,,,,,,,,,,,,,,,,,,,,,,,,,100x930,,,,,,,,,,,,,,,,,,,,,,,,141655,,,,,,,,,,,,,,,,,,,
110551,variation,69450548,,D-sign Rug 1P0448 Grey - 100x940,1,0,visible,,D-sign Rug 1P0448 Grey 100x940 cm,,,taxable,parent,1,2,,0,0,,940,100,1.2,0,,3102,5575,,,,,,,69450445-H,,,,,,85,,,Size,100x940,,1,,,,,,,,,,,,,,,,,,,,,,,,,,,,,,,,,,,,,100x940,,,,,,,,,,,,,,,,,,,,,,,,141656,,,,,,,,,,,,,,,,,,,
110552,variation,69450539,,D-sign Rug 1P0448 Grey - 100x950,1,0,visible,,D-sign Rug 1P0448 Grey 100x950 cm,,,taxable,parent,1,2,,0,0,,950,100,1.2,0,,3131,5635,,,,,,,69450445-H,,,,,,86,,,Size,100x950,,1,,,,,,,,,,,,,,,,,,,,,,,,,,,,,,,,,,,,,100x950,,,,,,,,,,,,,,,,,,,,,,,,141657,,,,,,,,,,,,,,,,,,,
110553,variation,69450545,,D-sign Rug 1P0448 Grey - 100x960,1,0,visible,,D-sign Rug 1P0448 Grey 100x960 cm,,,taxable,parent,1,2,,0,0,,960,100,1.2,0,,3161,5685,,,,,,,69450445-H,,,,,,87,,,Size,100x960,,1,,,,,,,,,,,,,,,,,,,,,,,,,,,,,,,,,,,,,100x960,,,,,,,,,,,,,,,,,,,,,,,,141658,,,,,,,,,,,,,,,,,,,
110554,variation,69450542,,D-sign Rug 1P0448 Grey - 100x970,1,0,visible,,D-sign Rug 1P0448 Grey 100x970 cm,,,taxable,parent,1,2,,0,0,,970,100,1.2,0,,3190,5735,,,,,,,69450445-H,,,,,,88,,,Size,100x970,,1,,,,,,,,,,,,,,,,,,,,,,,,,,,,,,,,,,,,,100x970,,,,,,,,,,,,,,,,,,,,,,,,141659,,,,,,,,,,,,,,,,,,,
110555,variation,69450547,,D-sign Rug 1P0448 Grey - 100x980,1,0,visible,,D-sign Rug 1P0448 Grey 100x980 cm,,,taxable,parent,1,2,,0,0,,980,100,1.2,0,,3220,5795,,,,,,,69450445-H,,,,,,89,,,Size,100x980,,1,,,,,,,,,,,,,,,,,,,,,,,,,,,,,,,,,,,,,100x980,,,,,,,,,,,,,,,,,,,,,,,,141660,,,,,,,,,,,,,,,,,,,
110556,variation,69450560,,D-sign Rug 1P0448 Grey - 100x990,1,0,visible,,D-sign Rug 1P0448 Grey 100x990 cm,,,taxable,parent,1,2,,0,0,,990,100,1.2,0,,3249,5845,,,,,,,69450445-H,,,,,,90,,,Size,100x990,,1,,,,,,,,,,,,,,,,,,,,,,,,,,,,,,,,,,,,,100x990,,,,,,,,,,,,,,,,,,,,,,,,141661,,,,,,,,,,,,,,,,,,,
110557,variation,69450554,,D-sign Rug 1P0448 Grey - 100x1000,1,0,visible,,D-sign Rug 1P0448 Grey 100x1000 cm,,,taxable,parent,1,2,,0,0,,1000,100,1.2,0,,3278,5895,,,,,,,69450445-H,,,,,,91,,,Size,100x1000,,1,,,,,,,,,,,,,,,,,,,,,,,,,,,,,,,,,,,,,100x1000,,,,,,,,,,,,,,,,,,,,,,,,141662,,,,,,,,,,,,,,,,,,,
110558,variation,69450559,,D-sign Rug 1P0448 Grey - 100x1050,1,0,visible,,D-sign Rug 1P0448 Grey 100x1050 cm,,,taxable,parent,1,2,,0,0,,1050,100,1.2,0,,3425,6155,,,,,,,69450445-H,,,,,,92,,,Size,100x1050,,1,,,,,,,,,,,,,,,,,,,,,,,,,,,,,,,,,,,,,100x1050,,,,,,,,,,,,,,,,,,,,,,,,141663,,,,,,,,,,,,,,,,,,,
110559,variation,69450557,,D-sign Rug 1P0448 Grey - 100x1100,1,0,visible,,D-sign Rug 1P0448 Grey 100x1100 cm,,,taxable,parent,1,2,,0,0,,1100,100,1.2,0,,3572,6425,,,,,,,69450445-H,,,,,,93,,,Size,100x1100,,1,,,,,,,,,,,,,,,,,,,,,,,,,,,,,,,,,,,,,100x1100,,,,,,,,,,,,,,,,,,,,,,,,141664,,,,,,,,,,,,,,,,,,,
110560,variation,69450552,,D-sign Rug 1P0448 Grey - 100x1150,1,0,visible,,D-sign Rug 1P0448 Grey 100x1150 cm,,,taxable,parent,1,2,,0,0,,1150,100,1.2,0,,3718,6685,,,,,,,69450445-H,,,,,,94,,,Size,100x1150,,1,,,,,,,,,,,,,,,,,,,,,,,,,,,,,,,,,,,,,100x1150,,,,,,,,,,,,,,,,,,,,,,,,141665,,,,,,,,,,,,,,,,,,,
110561,variation,69450558,,D-sign Rug 1P0448 Grey - 100x1200,1,0,visible,,D-sign Rug 1P0448 Grey 100x1200 cm,,,taxable,parent,1,2,,0,0,,1200,100,1.2,0,,3865,6955,,,,,,,69450445-H,,,,,,95,,,Size,100x1200,,1,,,,,,,,,,,,,,,,,,,,,,,,,,,,,,,,,,,,,100x1200,,,,,,,,,,,,,,,,,,,,,,,,141666,,,,,,,,,,,,,,,,,,,
110562,variation,69450553,,D-sign Rug 1P0448 Grey - 100x1250,1,0,visible,,D-sign Rug 1P0448 Grey 100x1250 cm,,,taxable,parent,1,2,,0,0,,1250,100,1.2,0,,4012,7215,,,,,,,69450445-H,,,,,,96,,,Size,100x1250,,1,,,,,,,,,,,,,,,,,,,,,,,,,,,,,,,,,,,,,100x1250,,,,,,,,,,,,,,,,,,,,,,,,141667,,,,,,,,,,,,,,,,,,,
110563,variation,69450561,,D-sign Rug 1P0448 Grey - 100x1300,1,0,visible,,D-sign Rug 1P0448 Grey 100x1300 cm,,,taxable,parent,1,2,,0,0,,1300,100,1.2,0,,4159,7485,,,,,,,69450445-H,,,,,,97,,,Size,100x1300,,1,,,,,,,,,,,,,,,,,,,,,,,,,,,,,,,,,,,,,100x1300,,,,,,,,,,,,,,,,,,,,,,,,141668,,,,,,,,,,,,,,,,,,,
110564,variation,69450556,,D-sign Rug 1P0448 Grey - 100x1350,1,0,visible,,D-sign Rug 1P0448 Grey 100x1350 cm,,,taxable,parent,1,1,,0,0,,1350,100,1.2,0,,4305,7745,,,,,,,69450445-H,,,,,,98,,,Size,100x1350,,1,,,,,,,,,,,,,,,,,,,,,,,,,,,,,,,,,,,,,100x1350,,,,,,,,,,,,,,,,,,,,,,,,141669,,,,,,,,,,,,,,,,,,,
110565,variation,69450555,,D-sign Rug 1P0448 Grey - 100x1400,1,0,visible,,D-sign Rug 1P0448 Grey 100x1400 cm,,,taxable,parent,1,1,,0,0,,1400,100,1.2,0,,4452,8005,,,,,,,69450445-H,,,,,,99,,,Size,100x1400,,1,,,,,,,,,,,,,,,,,,,,,,,,,,,,,,,,,,,,,100x1400,,,,,,,,,,,,,,,,,,,,,,,,141670,,,,,,,,,,,,,,,,,,,
110567,variation,69450562,,D-sign Rug 1P0449 Grey - 120x100,1,0,visible,,D-sign Rug 1P0449 Grey 120x100 cm,,,taxable,parent,1,26,,0,0,,100,120,1.2,0,,627,1125,,,,,,,69450562-H,,,,,,1,,,Size,120x100,,1,,,,,,,,,,,,,,,,,,,,,,,,,,,,,,,,,,,,,120x100,,,,,,,,,,,,,,,,,,,,,,,,141671,,,,,,,,,,,,,,,,,,,
110568,variation,69457156,,D-sign Rug 1P0449 Grey - 120x110,1,0,visible,,D-sign Rug 1P0449 Grey 120x110 cm,,,taxable,parent,1,23,,0,0,,110,120,1.2,0,,662,1185,,,,,,,69450562-H,,,,,,2,,,Size,120x110,,1,,,,,,,,,,,,,,,,,,,,,,,,,,,,,,,,,,,,,120x110,,,,,,,,,,,,,,,,,,,,,,,,141672,,,,,,,,,,,,,,,,,,,
110569,variation,69457158,,D-sign Rug 1P0449 Grey - 120x120,1,0,visible,,D-sign Rug 1P0449 Grey 120x120 cm,,,taxable,parent,1,21,,0,0,,120,120,1.2,0,,698,1255,,,,,,,69450562-H,,,,,,3,,,Size,120x120,,1,,,,,,,,,,,,,,,,,,,,,,,,,,,,,,,,,,,,,120x120,,,,,,,,,,,,,,,,,,,,,,,,141673,,,,,,,,,,,,,,,,,,,
110570,variation,69457151,,D-sign Rug 1P0449 Grey - 120x130,1,0,visible,,D-sign Rug 1P0449 Grey 120x130 cm,,,taxable,parent,1,20,,0,0,,130,120,1.2,0,,733,1315,,,,,,,69450562-H,,,,,,4,,,Size,120x130,,1,,,,,,,,,,,,,,,,,,,,,,,,,,,,,,,,,,,,,120x130,,,,,,,,,,,,,,,,,,,,,,,,141674,,,,,,,,,,,,,,,,,,,
110571,variation,69457338,,D-sign Rug 1P0449 Grey - 120x140,1,0,visible,,D-sign Rug 1P0449 Grey 120x140 cm,,,taxable,parent,1,18,,0,0,,140,120,1.2,0,,768,1375,,,,,,,69450562-H,,,,,,5,,,Size,120x140,,1,,,,,,,,,,,,,,,,,,,,,,,,,,,,,,,,,,,,,120x140,,,,,,,,,,,,,,,,,,,,,,,,141675,,,,,,,,,,,,,,,,,,,
110572,variation,69457157,,D-sign Rug 1P0449 Grey - 120x150,1,0,visible,,D-sign Rug 1P0449 Grey 120x150 cm,,,taxable,parent,1,17,,0,0,,150,120,1.2,0,,803,1445,,,,,,,69450562-H,,,,,,6,,,Size,120x150,,1,,,,,,,,,,,,,,,,,,,,,,,,,,,,,,,,,,,,,120x150,,,,,,,,,,,,,,,,,,,,,,,,141676,,,,,,,,,,,,,,,,,,,
110573,variation,69457341,,D-sign Rug 1P0449 Grey - 120x160,1,0,visible,,D-sign Rug 1P0449 Grey 120x160 cm,,,taxable,parent,1,16,,0,0,,160,120,1.2,0,,838,1505,,,,,,,69450562-H,,,,,,7,,,Size,120x160,,1,,,,,,,,,,,,,,,,,,,,,,,,,,,,,,,,,,,,,120x160,,,,,,,,,,,,,,,,,,,,,,,,141677,,,,,,,,,,,,,,,,,,,
110574,variation,69457336,,D-sign Rug 1P0449 Grey - 120x170,1,0,visible,,D-sign Rug 1P0449 Grey 120x170 cm,,,taxable,parent,1,15,,0,0,,170,120,1.2,0,,874,1565,,,,,,,69450562-H,,,,,,8,,,Size,120x170,,1,,,,,,,,,,,,,,,,,,,,,,,,,,,,,,,,,,,,,120x170,,,,,,,,,,,,,,,,,,,,,,,,141678,,,,,,,,,,,,,,,,,,,
110575,variation,69457343,,D-sign Rug 1P0449 Grey - 120x180,1,0,visible,,D-sign Rug 1P0449 Grey 120x180 cm,,,taxable,parent,1,14,,0,0,,180,120,1.2,0,,909,1635,,,,,,,69450562-H,,,,,,9,,,Size,120x180,,1,,,,,,,,,,,,,,,,,,,,,,,,,,,,,,,,,,,,,120x180,,,,,,,,,,,,,,,,,,,,,,,,141679,,,,,,,,,,,,,,,,,,,
110576,variation,69457335,,D-sign Rug 1P0449 Grey - 120x190,1,0,visible,,D-sign Rug 1P0449 Grey 120x190 cm,,,taxable,parent,1,13,,0,0,,190,120,1.2,0,,944,1695,,,,,,,69450562-H,,,,,,10,,,Size,120x190,,1,,,,,,,,,,,,,,,,,,,,,,,,,,,,,,,,,,,,,120x190,,,,,,,,,,,,,,,,,,,,,,,,141680,,,,,,,,,,,,,,,,,,,
110577,variation,69450571,,D-sign Rug 1P0449 Grey - 120x200,1,0,visible,,D-sign Rug 1P0449 Grey 120x200 cm,,,taxable,parent,1,13,,0,0,,200,120,1.2,0,,979,1755,,,,,,,69450562-H,,,,,,11,,,Size,120x200,,1,,,,,,,,,,,,,,,,,,,,,,,,,,,,,,,,,,,,,120x200,,,,,,,,,,,,,,,,,,,,,,,,141681,,,,,,,,,,,,,,,,,,,
110578,variation,69450574,,D-sign Rug 1P0449 Grey - 120x210,1,0,visible,,D-sign Rug 1P0449 Grey 120x210 cm,,,taxable,parent,1,12,,0,0,,210,120,1.2,0,,1014,1825,,,,,,,69450562-H,,,,,,12,,,Size,120x210,,1,,,,,,,,,,,,,,,,,,,,,,,,,,,,,,,,,,,,,120x210,,,,,,,,,,,,,,,,,,,,,,,,141682,,,,,,,,,,,,,,,,,,,
110579,variation,69450566,,D-sign Rug 1P0449 Grey - 120x220,1,0,visible,,D-sign Rug 1P0449 Grey 120x220 cm,,,taxable,parent,1,11,,0,0,,220,120,1.2,0,,1050,1885,,,,,,,69450562-H,,,,,,13,,,Size,120x220,,1,,,,,,,,,,,,,,,,,,,,,,,,,,,,,,,,,,,,,120x220,,,,,,,,,,,,,,,,,,,,,,,,141683,,,,,,,,,,,,,,,,,,,
110580,variation,69450573,,D-sign Rug 1P0449 Grey - 120x230,1,0,visible,,D-sign Rug 1P0449 Grey 120x230 cm,,,taxable,parent,1,11,,0,0,,230,120,1.2,0,,1085,1945,,,,,,,69450562-H,,,,,,14,,,Size,120x230,,1,,,,,,,,,,,,,,,,,,,,,,,,,,,,,,,,,,,,,120x230,,,,,,,,,,,,,,,,,,,,,,,,141684,,,,,,,,,,,,,,,,,,,
110581,variation,69450567,,D-sign Rug 1P0449 Grey - 120x240,1,0,visible,,D-sign Rug 1P0449 Grey 120x240 cm,,,taxable,parent,1,10,,0,0,,240,120,1.2,0,,1120,2015,,,,,,,69450562-H,,,,,,15,,,Size,120x240,,1,,,,,,,,,,,,,,,,,,,,,,,,,,,,,,,,,,,,,120x240,,,,,,,,,,,,,,,,,,,,,,,,141685,,,,,,,,,,,,,,,,,,,
110582,variation,69450572,,D-sign Rug 1P0449 Grey - 120x250,1,0,visible,,D-sign Rug 1P0449 Grey 120x250 cm,,,taxable,parent,1,10,,0,0,,250,120,1.2,0,,1155,2075,,,,,,,69450562-H,,,,,,16,,,Size,120x250,,1,,,,,,,,,,,,,,,,,,,,,,,,,,,,,,,,,,,,,120x250,,,,,,,,,,,,,,,,,,,,,,,,141686,,,,,,,,,,,,,,,,,,,
110583,variation,69450570,,D-sign Rug 1P0449 Grey - 120x260,1,0,visible,,D-sign Rug 1P0449 Grey 120x260 cm,,,taxable,parent,1,10,,0,0,,260,120,1.2,0,,1191,2135,,,,,,,69450562-H,,,,,,17,,,Size,120x260,,1,,,,,,,,,,,,,,,,,,,,,,,,,,,,,,,,,,,,,120x260,,,,,,,,,,,,,,,,,,,,,,,,141687,,,,,,,,,,,,,,,,,,,
110584,variation,69450568,,D-sign Rug 1P0449 Grey - 120x270,1,0,visible,,D-sign Rug 1P0449 Grey 120x270 cm,,,taxable,parent,1,9,,0,0,,270,120,1.2,0,,1226,2205,,,,,,,69450562-H,,,,,,18,,,Size,120x270,,1,,,,,,,,,,,,,,,,,,,,,,,,,,,,,,,,,,,,,120x270,,,,,,,,,,,,,,,,,,,,,,,,141688,,,,,,,,,,,,,,,,,,,
110585,variation,69450569,,D-sign Rug 1P0449 Grey - 120x280,1,0,visible,,D-sign Rug 1P0449 Grey 120x280 cm,,,taxable,parent,1,9,,0,0,,280,120,1.2,0,,1261,2265,,,,,,,69450562-H,,,,,,19,,,Size,120x280,,1,,,,,,,,,,,,,,,,,,,,,,,,,,,,,,,,,,,,,120x280,,,,,,,,,,,,,,,,,,,,,,,,141689,,,,,,,,,,,,,,,,,,,
110586,variation,69450575,,D-sign Rug 1P0449 Grey - 120x290,1,0,visible,,D-sign Rug 1P0449 Grey 120x290 cm,,,taxable,parent,1,9,,0,0,,290,120,1.2,0,,1296,2325,,,,,,,69450562-H,,,,,,20,,,Size,120x290,,1,,,,,,,,,,,,,,,,,,,,,,,,,,,,,,,,,,,,,120x290,,,,,,,,,,,,,,,,,,,,,,,,141690,,,,,,,,,,,,,,,,,,,
110587,variation,69450576,,D-sign Rug 1P0449 Grey - 120x300,1,0,visible,,D-sign Rug 1P0449 Grey 120x300 cm,,,taxable,parent,1,8,,0,0,,300,120,1.2,0,,1331,2395,,,,,,,69450562-H,,,,,,21,,,Size,120x300,,1,,,,,,,,,,,,,,,,,,,,,,,,,,,,,,,,,,,,,120x300,,,,,,,,,,,,,,,,,,,,,,,,141691,,,,,,,,,,,,,,,,,,,
110588,variation,69450577,,D-sign Rug 1P0449 Grey - 120x310,1,0,visible,,D-sign Rug 1P0449 Grey 120x310 cm,,,taxable,parent,1,8,,0,0,,310,120,1.2,0,,1367,2455,,,,,,,69450562-H,,,,,,22,,,Size,120x310,,1,,,,,,,,,,,,,,,,,,,,,,,,,,,,,,,,,,,,,120x310,,,,,,,,,,,,,,,,,,,,,,,,141692,,,,,,,,,,,,,,,,,,,
110589,variation,69450579,,D-sign Rug 1P0449 Grey - 120x320,1,0,visible,,D-sign Rug 1P0449 Grey 120x320 cm,,,taxable,parent,1,8,,0,0,,320,120,1.2,0,,1402,2515,,,,,,,69450562-H,,,,,,23,,,Size,120x320,,1,,,,,,,,,,,,,,,,,,,,,,,,,,,,,,,,,,,,,120x320,,,,,,,,,,,,,,,,,,,,,,,,141693,,,,,,,,,,,,,,,,,,,
110590,variation,69450583,,D-sign Rug 1P0449 Grey - 120x330,1,0,visible,,D-sign Rug 1P0449 Grey 120x330 cm,,,taxable,parent,1,7,,0,0,,330,120,1.2,0,,1437,2585,,,,,,,69450562-H,,,,,,24,,,Size,120x330,,1,,,,,,,,,,,,,,,,,,,,,,,,,,,,,,,,,,,,,120x330,,,,,,,,,,,,,,,,,,,,,,,,141694,,,,,,,,,,,,,,,,,,,
110591,variation,69450580,,D-sign Rug 1P0449 Grey - 120x340,1,0,visible,,D-sign Rug 1P0449 Grey 120x340 cm,,,taxable,parent,1,7,,0,0,,340,120,1.2,0,,1472,2645,,,,,,,69450562-H,,,,,,25,,,Size,120x340,,1,,,,,,,,,,,,,,,,,,,,,,,,,,,,,,,,,,,,,120x340,,,,,,,,,,,,,,,,,,,,,,,,141695,,,,,,,,,,,,,,,,,,,
110592,variation,69450582,,D-sign Rug 1P0449 Grey - 120x350,1,0,visible,,D-sign Rug 1P0449 Grey 120x350 cm,,,taxable,parent,1,7,,0,0,,350,120,1.2,0,,1507,2705,,,,,,,69450562-H,,,,,,26,,,Size,120x350,,1,,,,,,,,,,,,,,,,,,,,,,,,,,,,,,,,,,,,,120x350,,,,,,,,,,,,,,,,,,,,,,,,141696,,,,,,,,,,,,,,,,,,,
110593,variation,69450578,,D-sign Rug 1P0449 Grey - 120x360,1,0,visible,,D-sign Rug 1P0449 Grey 120x360 cm,,,taxable,parent,1,7,,0,0,,360,120,1.2,0,,1543,2775,,,,,,,69450562-H,,,,,,27,,,Size,120x360,,1,,,,,,,,,,,,,,,,,,,,,,,,,,,,,,,,,,,,,120x360,,,,,,,,,,,,,,,,,,,,,,,,141697,,,,,,,,,,,,,,,,,,,
110594,variation,69450581,,D-sign Rug 1P0449 Grey - 120x370,1,0,visible,,D-sign Rug 1P0449 Grey 120x370 cm,,,taxable,parent,1,7,,0,0,,370,120,1.2,0,,1578,2835,,,,,,,69450562-H,,,,,,28,,,Size,120x370,,1,,,,,,,,,,,,,,,,,,,,,,,,,,,,,,,,,,,,,120x370,,,,,,,,,,,,,,,,,,,,,,,,141698,,,,,,,,,,,,,,,,,,,
110595,variation,69450584,,D-sign Rug 1P0449 Grey - 120x380,1,0,visible,,D-sign Rug 1P0449 Grey 120x380 cm,,,taxable,parent,1,6,,0,0,,380,120,1.2,0,,1613,2895,,,,,,,69450562-H,,,,,,29,,,Size,120x380,,1,,,,,,,,,,,,,,,,,,,,,,,,,,,,,,,,,,,,,120x380,,,,,,,,,,,,,,,,,,,,,,,,141699,,,,,,,,,,,,,,,,,,,
110596,variation,69450585,,D-sign Rug 1P0449 Grey - 120x390,1,0,visible,,D-sign Rug 1P0449 Grey 120x390 cm,,,taxable,parent,1,6,,0,0,,390,120,1.2,0,,1648,2965,,,,,,,69450562-H,,,,,,30,,,Size,120x390,,1,,,,,,,,,,,,,,,,,,,,,,,,,,,,,,,,,,,,,120x390,,,,,,,,,,,,,,,,,,,,,,,,141700,,,,,,,,,,,,,,,,,,,
110597,variation,69450588,,D-sign Rug 1P0449 Grey - 120x400,1,0,visible,,D-sign Rug 1P0449 Grey 120x400 cm,,,taxable,parent,1,6,,0,0,,400,120,1.2,0,,1684,3025,,,,,,,69450562-H,,,,,,31,,,Size,120x400,,1,,,,,,,,,,,,,,,,,,,,,,,,,,,,,,,,,,,,,120x400,,,,,,,,,,,,,,,,,,,,,,,,141701,,,,,,,,,,,,,,,,,,,
110598,variation,69450589,,D-sign Rug 1P0449 Grey - 120x410,1,0,visible,,D-sign Rug 1P0449 Grey 120x410 cm,,,taxable,parent,1,6,,0,0,,410,120,1.2,0,,1719,3085,,,,,,,69450562-H,,,,,,32,,,Size,120x410,,1,,,,,,,,,,,,,,,,,,,,,,,,,,,,,,,,,,,,,120x410,,,,,,,,,,,,,,,,,,,,,,,,141702,,,,,,,,,,,,,,,,,,,
110599,variation,69450592,,D-sign Rug 1P0449 Grey - 120x420,1,0,visible,,D-sign Rug 1P0449 Grey 120x420 cm,,,taxable,parent,1,6,,0,0,,420,120,1.2,0,,1754,3155,,,,,,,69450562-H,,,,,,33,,,Size,120x420,,1,,,,,,,,,,,,,,,,,,,,,,,,,,,,,,,,,,,,,120x420,,,,,,,,,,,,,,,,,,,,,,,,141703,,,,,,,,,,,,,,,,,,,
110600,variation,69450591,,D-sign Rug 1P0449 Grey - 120x430,1,0,visible,,D-sign Rug 1P0449 Grey 120x430 cm,,,taxable,parent,1,6,,0,0,,430,120,1.2,0,,1789,3215,,,,,,,69450562-H,,,,,,34,,,Size,120x430,,1,,,,,,,,,,,,,,,,,,,,,,,,,,,,,,,,,,,,,120x430,,,,,,,,,,,,,,,,,,,,,,,,141704,,,,,,,,,,,,,,,,,,,
110601,variation,69450593,,D-sign Rug 1P0449 Grey - 120x440,1,0,visible,,D-sign Rug 1P0449 Grey 120x440 cm,,,taxable,parent,1,5,,0,0,,440,120,1.2,0,,1824,3275,,,,,,,69450562-H,,,,,,35,,,Size,120x440,,1,,,,,,,,,,,,,,,,,,,,,,,,,,,,,,,,,,,,,120x440,,,,,,,,,,,,,,,,,,,,,,,,141705,,,,,,,,,,,,,,,,,,,
110602,variation,69450587,,D-sign Rug 1P0449 Grey - 120x450,1,0,visible,,D-sign Rug 1P0449 Grey 120x450 cm,,,taxable,parent,1,5,,0,0,,450,120,1.2,0,,1860,3345,,,,,,,69450562-H,,,,,,36,,,Size,120x450,,1,,,,,,,,,,,,,,,,,,,,,,,,,,,,,,,,,,,,,120x450,,,,,,,,,,,,,,,,,,,,,,,,141706,,,,,,,,,,,,,,,,,,,
110603,variation,69450586,,D-sign Rug 1P0449 Grey - 120x460,1,0,visible,,D-sign Rug 1P0449 Grey 120x460 cm,,,taxable,parent,1,5,,0,0,,460,120,1.2,0,,1895,3405,,,,,,,69450562-H,,,,,,37,,,Size,120x460,,1,,,,,,,,,,,,,,,,,,,,,,,,,,,,,,,,,,,,,120x460,,,,,,,,,,,,,,,,,,,,,,,,141707,,,,,,,,,,,,,,,,,,,
110604,variation,69450594,,D-sign Rug 1P0449 Grey - 120x470,1,0,visible,,D-sign Rug 1P0449 Grey 120x470 cm,,,taxable,parent,1,5,,0,0,,470,120,1.2,0,,1930,3465,,,,,,,69450562-H,,,,,,38,,,Size,120x470,,1,,,,,,,,,,,,,,,,,,,,,,,,,,,,,,,,,,,,,120x470,,,,,,,,,,,,,,,,,,,,,,,,141708,,,,,,,,,,,,,,,,,,,
110605,variation,69450590,,D-sign Rug 1P0449 Grey - 120x480,1,0,visible,,D-sign Rug 1P0449 Grey 120x480 cm,,,taxable,parent,1,5,,0,0,,480,120,1.2,0,,1965,3535,,,,,,,69450562-H,,,,,,39,,,Size,120x480,,1,,,,,,,,,,,,,,,,,,,,,,,,,,,,,,,,,,,,,120x480,,,,,,,,,,,,,,,,,,,,,,,,141709,,,,,,,,,,,,,,,,,,,
110606,variation,69450595,,D-sign Rug 1P0449 Grey - 120x490,1,0,visible,,D-sign Rug 1P0449 Grey 120x490 cm,,,taxable,parent,1,5,,0,0,,490,120,1.2,0,,2000,3595,,,,,,,69450562-H,,,,,,40,,,Size,120x490,,1,,,,,,,,,,,,,,,,,,,,,,,,,,,,,,,,,,,,,120x490,,,,,,,,,,,,,,,,,,,,,,,,141710,,,,,,,,,,,,,,,,,,,
110607,variation,69450599,,D-sign Rug 1P0449 Grey - 120x500,1,0,visible,,D-sign Rug 1P0449 Grey 120x500 cm,,,taxable,parent,1,5,,0,0,,500,120,1.2,0,,2036,3655,,,,,,,69450562-H,,,,,,41,,,Size,120x500,,1,,,,,,,,,,,,,,,,,,,,,,,,,,,,,,,,,,,,,120x500,,,,,,,,,,,,,,,,,,,,,,,,141711,,,,,,,,,,,,,,,,,,,
110608,variation,69450601,,D-sign Rug 1P0449 Grey - 120x510,1,0,visible,,D-sign Rug 1P0449 Grey 120x510 cm,,,taxable,parent,1,5,,0,0,,510,120,1.2,0,,2071,3725,,,,,,,69450562-H,,,,,,42,,,Size,120x510,,1,,,,,,,,,,,,,,,,,,,,,,,,,,,,,,,,,,,,,120x510,,,,,,,,,,,,,,,,,,,,,,,,141712,,,,,,,,,,,,,,,,,,,
110609,variation,69450602,,D-sign Rug 1P0449 Grey - 120x520,1,0,visible,,D-sign Rug 1P0449 Grey 120x520 cm,,,taxable,parent,1,5,,0,0,,520,120,1.2,0,,2106,3785,,,,,,,69450562-H,,,,,,43,,,Size,120x520,,1,,,,,,,,,,,,,,,,,,,,,,,,,,,,,,,,,,,,,120x520,,,,,,,,,,,,,,,,,,,,,,,,141713,,,,,,,,,,,,,,,,,,,
110610,variation,69450603,,D-sign Rug 1P0449 Grey - 120x530,1,0,visible,,D-sign Rug 1P0449 Grey 120x530 cm,,,taxable,parent,1,4,,0,0,,530,120,1.2,0,,2141,3845,,,,,,,69450562-H,,,,,,44,,,Size,120x530,,1,,,,,,,,,,,,,,,,,,,,,,,,,,,,,,,,,,,,,120x530,,,,,,,,,,,,,,,,,,,,,,,,141714,,,,,,,,,,,,,,,,,,,
110611,variation,69450608,,D-sign Rug 1P0449 Grey - 120x540,1,0,visible,,D-sign Rug 1P0449 Grey 120x540 cm,,,taxable,parent,1,4,,0,0,,540,120,1.2,0,,2177,3915,,,,,,,69450562-H,,,,,,45,,,Size,120x540,,1,,,,,,,,,,,,,,,,,,,,,,,,,,,,,,,,,,,,,120x540,,,,,,,,,,,,,,,,,,,,,,,,141715,,,,,,,,,,,,,,,,,,,
110612,variation,69450606,,D-sign Rug 1P0449 Grey - 120x550,1,0,visible,,D-sign Rug 1P0449 Grey 120x550 cm,,,taxable,parent,1,4,,0,0,,550,120,1.2,0,,2212,3975,,,,,,,69450562-H,,,,,,46,,,Size,120x550,,1,,,,,,,,,,,,,,,,,,,,,,,,,,,,,,,,,,,,,120x550,,,,,,,,,,,,,,,,,,,,,,,,141716,,,,,,,,,,,,,,,,,,,
110613,variation,69450607,,D-sign Rug 1P0449 Grey - 120x560,1,0,visible,,D-sign Rug 1P0449 Grey 120x560 cm,,,taxable,parent,1,4,,0,0,,560,120,1.2,0,,2247,4035,,,,,,,69450562-H,,,,,,47,,,Size,120x560,,1,,,,,,,,,,,,,,,,,,,,,,,,,,,,,,,,,,,,,120x560,,,,,,,,,,,,,,,,,,,,,,,,141717,,,,,,,,,,,,,,,,,,,
110614,variation,69450605,,D-sign Rug 1P0449 Grey - 120x570,1,0,visible,,D-sign Rug 1P0449 Grey 120x570 cm,,,taxable,parent,1,4,,0,0,,570,120,1.2,0,,2282,4105,,,,,,,69450562-H,,,,,,48,,,Size,120x570,,1,,,,,,,,,,,,,,,,,,,,,,,,,,,,,,,,,,,,,120x570,,,,,,,,,,,,,,,,,,,,,,,,141718,,,,,,,,,,,,,,,,,,,
110615,variation,69450600,,D-sign Rug 1P0449 Grey - 120x580,1,0,visible,,D-sign Rug 1P0449 Grey 120x580 cm,,,taxable,parent,1,4,,0,0,,580,120,1.2,0,,2317,4165,,,,,,,69450562-H,,,,,,49,,,Size,120x580,,1,,,,,,,,,,,,,,,,,,,,,,,,,,,,,,,,,,,,,120x580,,,,,,,,,,,,,,,,,,,,,,,,141719,,,,,,,,,,,,,,,,,,,
110616,variation,69450604,,D-sign Rug 1P0449 Grey - 120x590,1,0,visible,,D-sign Rug 1P0449 Grey 120x590 cm,,,taxable,parent,1,4,,0,0,,590,120,1.2,0,,2353,4225,,,,,,,69450562-H,,,,,,50,,,Size,120x590,,1,,,,,,,,,,,,,,,,,,,,,,,,,,,,,,,,,,,,,120x590,,,,,,,,,,,,,,,,,,,,,,,,141720,,,,,,,,,,,,,,,,,,,
110617,variation,69450622,,D-sign Rug 1P0449 Grey - 120x600,1,0,visible,,D-sign Rug 1P0449 Grey 120x600 cm,,,taxable,parent,1,4,,0,0,,600,120,1.2,0,,2388,4295,,,,,,,69450562-H,,,,,,51,,,Size,120x600,,1,,,,,,,,,,,,,,,,,,,,,,,,,,,,,,,,,,,,,120x600,,,,,,,,,,,,,,,,,,,,,,,,141721,,,,,,,,,,,,,,,,,,,
110618,variation,69450623,,D-sign Rug 1P0449 Grey - 120x610,1,0,visible,,D-sign Rug 1P0449 Grey 120x610 cm,,,taxable,parent,1,4,,0,0,,610,120,1.2,0,,2423,4355,,,,,,,69450562-H,,,,,,52,,,Size,120x610,,1,,,,,,,,,,,,,,,,,,,,,,,,,,,,,,,,,,,,,120x610,,,,,,,,,,,,,,,,,,,,,,,,141722,,,,,,,,,,,,,,,,,,,
110619,variation,69450624,,D-sign Rug 1P0449 Grey - 120x620,1,0,visible,,D-sign Rug 1P0449 Grey 120x620 cm,,,taxable,parent,1,4,,0,0,,620,120,1.2,0,,2458,4415,,,,,,,69450562-H,,,,,,53,,,Size,120x620,,1,,,,,,,,,,,,,,,,,,,,,,,,,,,,,,,,,,,,,120x620,,,,,,,,,,,,,,,,,,,,,,,,141723,,,,,,,,,,,,,,,,,,,
110620,variation,69450625,,D-sign Rug 1P0449 Grey - 120x630,1,0,visible,,D-sign Rug 1P0449 Grey 120x630 cm,,,taxable,parent,1,4,,0,0,,630,120,1.2,0,,2493,4485,,,,,,,69450562-H,,,,,,54,,,Size,120x630,,1,,,,,,,,,,,,,,,,,,,,,,,,,,,,,,,,,,,,,120x630,,,,,,,,,,,,,,,,,,,,,,,,141724,,,,,,,,,,,,,,,,,,,
110621,variation,69450619,,D-sign Rug 1P0449 Grey - 120x640,1,0,visible,,D-sign Rug 1P0449 Grey 120x640 cm,,,taxable,parent,1,4,,0,0,,640,120,1.2,0,,2529,4545,,,,,,,69450562-H,,,,,,55,,,Size,120x640,,1,,,,,,,,,,,,,,,,,,,,,,,,,,,,,,,,,,,,,120x640,,,,,,,,,,,,,,,,,,,,,,,,141725,,,,,,,,,,,,,,,,,,,
110622,variation,69450621,,D-sign Rug 1P0449 Grey - 120x650,1,0,visible,,D-sign Rug 1P0449 Grey 120x650 cm,,,taxable,parent,1,4,,0,0,,650,120,1.2,0,,2564,4605,,,,,,,69450562-H,,,,,,56,,,Size,120x650,,1,,,,,,,,,,,,,,,,,,,,,,,,,,,,,,,,,,,,,120x650,,,,,,,,,,,,,,,,,,,,,,,,141726,,,,,,,,,,,,,,,,,,,
110623,variation,69450628,,D-sign Rug 1P0449 Grey - 120x660,1,0,visible,,D-sign Rug 1P0449 Grey 120x660 cm,,,taxable,parent,1,3,,0,0,,660,120,1.2,0,,2599,4675,,,,,,,69450562-H,,,,,,57,,,Size,120x660,,1,,,,,,,,,,,,,,,,,,,,,,,,,,,,,,,,,,,,,120x660,,,,,,,,,,,,,,,,,,,,,,,,141727,,,,,,,,,,,,,,,,,,,
110624,variation,69450620,,D-sign Rug 1P0449 Grey - 120x670,1,0,visible,,D-sign Rug 1P0449 Grey 120x670 cm,,,taxable,parent,1,3,,0,0,,670,120,1.2,0,,2634,4735,,,,,,,69450562-H,,,,,,58,,,Size,120x670,,1,,,,,,,,,,,,,,,,,,,,,,,,,,,,,,,,,,,,,120x670,,,,,,,,,,,,,,,,,,,,,,,,141728,,,,,,,,,,,,,,,,,,,
110625,variation,69450629,,D-sign Rug 1P0449 Grey - 120x680,1,0,visible,,D-sign Rug 1P0449 Grey 120x680 cm,,,taxable,parent,1,3,,0,0,,680,120,1.2,0,,2670,4805,,,,,,,69450562-H,,,,,,59,,,Size,120x680,,1,,,,,,,,,,,,,,,,,,,,,,,,,,,,,,,,,,,,,120x680,,,,,,,,,,,,,,,,,,,,,,,,141729,,,,,,,,,,,,,,,,,,,
110626,variation,69450626,,D-sign Rug 1P0449 Grey - 120x690,1,0,visible,,D-sign Rug 1P0449 Grey 120x690 cm,,,taxable,parent,1,3,,0,0,,690,120,1.2,0,,2705,4865,,,,,,,69450562-H,,,,,,60,,,Size,120x690,,1,,,,,,,,,,,,,,,,,,,,,,,,,,,,,,,,,,,,,120x690,,,,,,,,,,,,,,,,,,,,,,,,141730,,,,,,,,,,,,,,,,,,,
110627,variation,69450633,,D-sign Rug 1P0449 Grey - 120x700,1,0,visible,,D-sign Rug 1P0449 Grey 120x700 cm,,,taxable,parent,1,3,,0,0,,700,120,1.2,0,,2740,4925,,,,,,,69450562-H,,,,,,61,,,Size,120x700,,1,,,,,,,,,,,,,,,,,,,,,,,,,,,,,,,,,,,,,120x700,,,,,,,,,,,,,,,,,,,,,,,,141731,,,,,,,,,,,,,,,,,,,
110628,variation,69450632,,D-sign Rug 1P0449 Grey - 120x710,1,0,visible,,D-sign Rug 1P0449 Grey 120x710 cm,,,taxable,parent,1,3,,0,0,,710,120,1.2,0,,2775,4995,,,,,,,69450562-H,,,,,,62,,,Size,120x710,,1,,,,,,,,,,,,,,,,,,,,,,,,,,,,,,,,,,,,,120x710,,,,,,,,,,,,,,,,,,,,,,,,141732,,,,,,,,,,,,,,,,,,,
110629,variation,69450638,,D-sign Rug 1P0449 Grey - 120x720,1,0,visible,,D-sign Rug 1P0449 Grey 120x720 cm,,,taxable,parent,1,3,,0,0,,720,120,1.2,0,,2810,5055,,,,,,,69450562-H,,,,,,63,,,Size,120x720,,1,,,,,,,,,,,,,,,,,,,,,,,,,,,,,,,,,,,,,120x720,,,,,,,,,,,,,,,,,,,,,,,,141733,,,,,,,,,,,,,,,,,,,
110630,variation,69450641,,D-sign Rug 1P0449 Grey - 120x730,1,0,visible,,D-sign Rug 1P0449 Grey 120x730 cm,,,taxable,parent,1,3,,0,0,,730,120,1.2,0,,2846,5115,,,,,,,69450562-H,,,,,,64,,,Size,120x730,,1,,,,,,,,,,,,,,,,,,,,,,,,,,,,,,,,,,,,,120x730,,,,,,,,,,,,,,,,,,,,,,,,141734,,,,,,,,,,,,,,,,,,,
110631,variation,69450637,,D-sign Rug 1P0449 Grey - 120x740,1,0,visible,,D-sign Rug 1P0449 Grey 120x740 cm,,,taxable,parent,1,3,,0,0,,740,120,1.2,0,,2881,5185,,,,,,,69450562-H,,,,,,65,,,Size,120x740,,1,,,,,,,,,,,,,,,,,,,,,,,,,,,,,,,,,,,,,120x740,,,,,,,,,,,,,,,,,,,,,,,,141735,,,,,,,,,,,,,,,,,,,
110632,variation,69450634,,D-sign Rug 1P0449 Grey - 120x750,1,0,visible,,D-sign Rug 1P0449 Grey 120x750 cm,,,taxable,parent,1,3,,0,0,,750,120,1.2,0,,2916,5245,,,,,,,69450562-H,,,,,,66,,,Size,120x750,,1,,,,,,,,,,,,,,,,,,,,,,,,,,,,,,,,,,,,,120x750,,,,,,,,,,,,,,,,,,,,,,,,141736,,,,,,,,,,,,,,,,,,,
110633,variation,69450639,,D-sign Rug 1P0449 Grey - 120x760,1,0,visible,,D-sign Rug 1P0449 Grey 120x760 cm,,,taxable,parent,1,3,,0,0,,760,120,1.2,0,,2951,5305,,,,,,,69450562-H,,,,,,67,,,Size,120x760,,1,,,,,,,,,,,,,,,,,,,,,,,,,,,,,,,,,,,,,120x760,,,,,,,,,,,,,,,,,,,,,,,,141737,,,,,,,,,,,,,,,,,,,
110634,variation,69450631,,D-sign Rug 1P0449 Grey - 120x770,1,0,visible,,D-sign Rug 1P0449 Grey 120x770 cm,,,taxable,parent,1,3,,0,0,,770,120,1.2,0,,2986,5375,,,,,,,69450562-H,,,,,,68,,,Size,120x770,,1,,,,,,,,,,,,,,,,,,,,,,,,,,,,,,,,,,,,,120x770,,,,,,,,,,,,,,,,,,,,,,,,141738,,,,,,,,,,,,,,,,,,,
110635,variation,69450635,,D-sign Rug 1P0449 Grey - 120x780,1,0,visible,,D-sign Rug 1P0449 Grey 120x780 cm,,,taxable,parent,1,3,,0,0,,780,120,1.2,0,,3022,5435,,,,,,,69450562-H,,,,,,69,,,Size,120x780,,1,,,,,,,,,,,,,,,,,,,,,,,,,,,,,,,,,,,,,120x780,,,,,,,,,,,,,,,,,,,,,,,,141739,,,,,,,,,,,,,,,,,,,
110636,variation,69450640,,D-sign Rug 1P0449 Grey - 120x790,1,0,visible,,D-sign Rug 1P0449 Grey 120x790 cm,,,taxable,parent,1,3,,0,0,,790,120,1.2,0,,3057,5495,,,,,,,69450562-H,,,,,,70,,,Size,120x790,,1,,,,,,,,,,,,,,,,,,,,,,,,,,,,,,,,,,,,,120x790,,,,,,,,,,,,,,,,,,,,,,,,141740,,,,,,,,,,,,,,,,,,,
110637,variation,69450645,,D-sign Rug 1P0449 Grey - 120x800,1,0,visible,,D-sign Rug 1P0449 Grey 120x800 cm,,,taxable,parent,1,3,,0,0,,800,120,1.2,0,,3092,5565,,,,,,,69450562-H,,,,,,71,,,Size,120x800,,1,,,,,,,,,,,,,,,,,,,,,,,,,,,,,,,,,,,,,120x800,,,,,,,,,,,,,,,,,,,,,,,,141741,,,,,,,,,,,,,,,,,,,
110638,variation,69450650,,D-sign Rug 1P0449 Grey - 120x810,1,0,visible,,D-sign Rug 1P0449 Grey 120x810 cm,,,taxable,parent,1,3,,0,0,,810,120,1.2,0,,3127,5625,,,,,,,69450562-H,,,,,,72,,,Size,120x810,,1,,,,,,,,,,,,,,,,,,,,,,,,,,,,,,,,,,,,,120x810,,,,,,,,,,,,,,,,,,,,,,,,141742,,,,,,,,,,,,,,,,,,,
110639,variation,69450648,,D-sign Rug 1P0449 Grey - 120x820,1,0,visible,,D-sign Rug 1P0449 Grey 120x820 cm,,,taxable,parent,1,3,,0,0,,820,120,1.2,0,,3163,5685,,,,,,,69450562-H,,,,,,73,,,Size,120x820,,1,,,,,,,,,,,,,,,,,,,,,,,,,,,,,,,,,,,,,120x820,,,,,,,,,,,,,,,,,,,,,,,,141743,,,,,,,,,,,,,,,,,,,
110640,variation,69450649,,D-sign Rug 1P0449 Grey - 120x830,1,0,visible,,D-sign Rug 1P0449 Grey 120x830 cm,,,taxable,parent,1,3,,0,0,,830,120,1.2,0,,3198,5755,,,,,,,69450562-H,,,,,,74,,,Size,120x830,,1,,,,,,,,,,,,,,,,,,,,,,,,,,,,,,,,,,,,,120x830,,,,,,,,,,,,,,,,,,,,,,,,141744,,,,,,,,,,,,,,,,,,,
110641,variation,69450646,,D-sign Rug 1P0449 Grey - 120x840,1,0,visible,,D-sign Rug 1P0449 Grey 120x840 cm,,,taxable,parent,1,3,,0,0,,840,120,1.2,0,,3302,5935,,,,,,,69450562-H,,,,,,75,,,Size,120x840,,1,,,,,,,,,,,,,,,,,,,,,,,,,,,,,,,,,,,,,120x840,,,,,,,,,,,,,,,,,,,,,,,,141745,,,,,,,,,,,,,,,,,,,
110642,variation,69450644,,D-sign Rug 1P0449 Grey - 120x850,1,0,visible,,D-sign Rug 1P0449 Grey 120x850 cm,,,taxable,parent,1,3,,0,0,,850,120,1.2,0,,3337,6005,,,,,,,69450562-H,,,,,,76,,,Size,120x850,,1,,,,,,,,,,,,,,,,,,,,,,,,,,,,,,,,,,,,,120x850,,,,,,,,,,,,,,,,,,,,,,,,141746,,,,,,,,,,,,,,,,,,,
110643,variation,69450653,,D-sign Rug 1P0449 Grey - 120x860,1,0,visible,,D-sign Rug 1P0449 Grey 120x860 cm,,,taxable,parent,1,3,,0,0,,860,120,1.2,0,,3372,6065,,,,,,,69450562-H,,,,,,77,,,Size,120x860,,1,,,,,,,,,,,,,,,,,,,,,,,,,,,,,,,,,,,,,120x860,,,,,,,,,,,,,,,,,,,,,,,,141747,,,,,,,,,,,,,,,,,,,
110644,variable,69450670-H,,D-sign Rug 1P0450 Grey,1,0,visible,D-sign Rug 1P0450 Grey,D-sign Rug 1P0450 Grey,,,taxable,,1,,,0,0,,,,,1,,,,"Rooms > Entrance & Corridor, Rooms > Kitchen, Rugs > Modern, Rugs",,,"https://rugshop.eu/wp-content/uploads/2022/09/runner-karmel-plain-one-colour-grey-140-cm.jpg, https://rugshop.eu/wp-content/uploads/2022/09/runner-karmel-plain-one-colour-grey-140-cm-1.jpg, https://rugshop.eu/wp-content/uploads/2022/09/runner-karmel-plain-one-colour-grey-140-cm-2.jpg, https://rugshop.eu/wp-content/uploads/2022/09/runner-karmel-plain-one-colour-grey-140-cm-3.jpg, https://rugshop.eu/wp-content/uploads/2022/09/runner-karmel-plain-one-colour-grey-140-cm-4.jpg",,,,,,,,,2667,,,Size,"140x100, 140x1000, 140x110, 140x120, 140x130, 140x140, 140x150, 140x160, 140x170, 140x180, 140x190, 140x200, 140x210, 140x220, 140x230, 140x240, 140x250, 140x260, 140x270, 140x280, 140x290, 140x300, 140x310, 140x320, 140x330, 140x340, 140x350, 140x360, 140x370, 140x380, 140x390, 140x400, 140x410, 140x420, 140x430, 140x440, 140x450, 140x460, 140x470, 140x480, 140x490, 140x500, 140x510, 140x520, 140x530, 140x540, 140x550, 140x560, 140x570, 140x580, 140x590, 140x600, 140x610, 140x620, 140x630, 140x640, 140x650, 140x660, 140x670, 140x680, 140x690, 140x700, 140x710, 140x720, 140x730, 140x740, 140x750, 140x760, 140x770, 140x780, 140x790, 140x800, 140x810, 140x820, 140x830, 140x840, 140x850, 140x860, 140x870, 140x880, 140x890, 140x900, 140x910, 140x920, 140x930, 140x940, 140x950, 140x960, 140x970, 140x980, 140x990",1,1,Brand,D-sign,1,1,Color,Black-Grey,1,1,Type of color,Singlecolor,1,1,Shape,Rectangular,1,1,Material,Polypropylene,1,1,Type of rug,Modern,1,1,Weave,Machinemade,1,1,Age,New,1,1,,,,,140x660 | 140x770 | 140x760 | 140x750 | 140x740 | 140x730 | 140x720 | 140x710 | 140x700 | 140x690 | 140x680 | 140x670 | 140x780 | 140x650 | 140x640 | 140x630 | 140x620 | 140x610 | 140x600 | 140x590 | 140x580 | 140x570 | 140x560 | 140x890 | 140x1000 | 140x990 | 140x980 | 140x970 | 140x960 | 140x950 | 140x940 | 140x930 | 140x920 | 140x910 | 140x900 | 140x550 | 140x880 | 140x870 | 140x860 | 140x850 | 140x840 | 140x830 | 140x820 | 140x810 | 140x800 | 140x790 | 140x170 | 140x310 | 140x300 | 140x290 | 140x280 | 140x270 | 140x250 | 140x240 | 140x230 | 140x220 | 140x210 | 140x180 | 140x320 | 140x160 | 140x140 | 140x130 | 140x120 | 140x110 | 140x100 | 140x260 | 140x380 | 140x190 | 140x150 | 140x440 | 140x540 | 140x530 | 140x520 | 140x510 | 140x500 | 140x490 | 140x480 | 140x470 | 140x460 | 140x450 | 140x200 | 140x430 | 140x420 | 140x410 | 140x400 | 140x390 | 140x370 | 140x360 | 140x350 | 140x340 | 140x330,D-sign,Black-Grey,Polypropylene,,,,,,,,,,yes,yes,,,,,,,,,,,,,,,,,,,,,,,,,,,,,
110645,variation,69450651,,D-sign Rug 1P0449 Grey - 120x870,1,0,visible,,D-sign Rug 1P0449 Grey 120x870 cm,,,taxable,parent,1,3,,0,0,,870,120,1.2,0,,3407,6125,,,,,,,69450562-H,,,,,,78,,,Size,120x870,,1,,,,,,,,,,,,,,,,,,,,,,,,,,,,,,,,,,,,,120x870,,,,,,,,,,,,,,,,,,,,,,,,141748,,,,,,,,,,,,,,,,,,,
110646,variation,69450652,,D-sign Rug 1P0449 Grey - 120x880,1,0,visible,,D-sign Rug 1P0449 Grey 120x880 cm,,,taxable,parent,1,2,,0,0,,880,120,1.2,0,,3443,6195,,,,,,,69450562-H,,,,,,79,,,Size,120x880,,1,,,,,,,,,,,,,,,,,,,,,,,,,,,,,,,,,,,,,120x880,,,,,,,,,,,,,,,,,,,,,,,,141749,,,,,,,,,,,,,,,,,,,
110647,variation,69450647,,D-sign Rug 1P0449 Grey - 120x890,1,0,visible,,D-sign Rug 1P0449 Grey 120x890 cm,,,taxable,parent,1,2,,0,0,,890,120,1.2,0,,3478,6255,,,,,,,69450562-H,,,,,,80,,,Size,120x890,,1,,,,,,,,,,,,,,,,,,,,,,,,,,,,,,,,,,,,,120x890,,,,,,,,,,,,,,,,,,,,,,,,141750,,,,,,,,,,,,,,,,,,,
110648,variation,69450657,,D-sign Rug 1P0449 Grey - 120x900,1,0,visible,,D-sign Rug 1P0449 Grey 120x900 cm,,,taxable,parent,1,2,,0,0,,900,120,1.2,0,,3513,6315,,,,,,,69450562-H,,,,,,81,,,Size,120x900,,1,,,,,,,,,,,,,,,,,,,,,,,,,,,,,,,,,,,,,120x900,,,,,,,,,,,,,,,,,,,,,,,,141751,,,,,,,,,,,,,,,,,,,
110649,variation,69450658,,D-sign Rug 1P0449 Grey - 120x910,1,0,visible,,D-sign Rug 1P0449 Grey 120x910 cm,,,taxable,parent,1,2,,0,0,,910,120,1.2,0,,3548,6385,,,,,,,69450562-H,,,,,,82,,,Size,120x910,,1,,,,,,,,,,,,,,,,,,,,,,,,,,,,,,,,,,,,,120x910,,,,,,,,,,,,,,,,,,,,,,,,141752,,,,,,,,,,,,,,,,,,,
110650,variation,69450665,,D-sign Rug 1P0449 Grey - 120x920,1,0,visible,,D-sign Rug 1P0449 Grey 120x920 cm,,,taxable,parent,1,2,,0,0,,920,120,1.2,0,,3583,6445,,,,,,,69450562-H,,,,,,83,,,Size,120x920,,1,,,,,,,,,,,,,,,,,,,,,,,,,,,,,,,,,,,,,120x920,,,,,,,,,,,,,,,,,,,,,,,,141753,,,,,,,,,,,,,,,,,,,
110651,variation,69450659,,D-sign Rug 1P0449 Grey - 120x930,1,0,visible,,D-sign Rug 1P0449 Grey 120x930 cm,,,taxable,parent,1,2,,0,0,,930,120,1.2,0,,3619,6505,,,,,,,69450562-H,,,,,,84,,,Size,120x930,,1,,,,,,,,,,,,,,,,,,,,,,,,,,,,,,,,,,,,,120x930,,,,,,,,,,,,,,,,,,,,,,,,141754,,,,,,,,,,,,,,,,,,,
110652,variation,69450661,,D-sign Rug 1P0449 Grey - 120x940,1,0,visible,,D-sign Rug 1P0449 Grey 120x940 cm,,,taxable,parent,1,2,,0,0,,940,120,1.2,0,,3654,6575,,,,,,,69450562-H,,,,,,85,,,Size,120x940,,1,,,,,,,,,,,,,,,,,,,,,,,,,,,,,,,,,,,,,120x940,,,,,,,,,,,,,,,,,,,,,,,,141755,,,,,,,,,,,,,,,,,,,
110653,variation,69450663,,D-sign Rug 1P0449 Grey - 120x950,1,0,visible,,D-sign Rug 1P0449 Grey 120x950 cm,,,taxable,parent,1,2,,0,0,,950,120,1.2,0,,3689,6635,,,,,,,69450562-H,,,,,,86,,,Size,120x950,,1,,,,,,,,,,,,,,,,,,,,,,,,,,,,,,,,,,,,,120x950,,,,,,,,,,,,,,,,,,,,,,,,141756,,,,,,,,,,,,,,,,,,,
110654,variation,69450660,,D-sign Rug 1P0449 Grey - 120x960,1,0,visible,,D-sign Rug 1P0449 Grey 120x960 cm,,,taxable,parent,1,2,,0,0,,960,120,1.2,0,,3724,6695,,,,,,,69450562-H,,,,,,87,,,Size,120x960,,1,,,,,,,,,,,,,,,,,,,,,,,,,,,,,,,,,,,,,120x960,,,,,,,,,,,,,,,,,,,,,,,,141757,,,,,,,,,,,,,,,,,,,
110655,variation,69450656,,D-sign Rug 1P0449 Grey - 120x970,1,0,visible,,D-sign Rug 1P0449 Grey 120x970 cm,,,taxable,parent,1,2,,0,0,,970,120,1.2,0,,3759,6765,,,,,,,69450562-H,,,,,,88,,,Size,120x970,,1,,,,,,,,,,,,,,,,,,,,,,,,,,,,,,,,,,,,,120x970,,,,,,,,,,,,,,,,,,,,,,,,141758,,,,,,,,,,,,,,,,,,,
110656,variation,69450664,,D-sign Rug 1P0449 Grey - 120x980,1,0,visible,,D-sign Rug 1P0449 Grey 120x980 cm,,,taxable,parent,1,2,,0,0,,980,120,1.2,0,,3795,6825,,,,,,,69450562-H,,,,,,89,,,Size,120x980,,1,,,,,,,,,,,,,,,,,,,,,,,,,,,,,,,,,,,,,120x980,,,,,,,,,,,,,,,,,,,,,,,,141759,,,,,,,,,,,,,,,,,,,
110657,variation,69450662,,D-sign Rug 1P0449 Grey - 120x990,1,0,visible,,D-sign Rug 1P0449 Grey 120x990 cm,,,taxable,parent,1,2,,0,0,,990,120,1.2,0,,3830,6885,,,,,,,69450562-H,,,,,,90,,,Size,120x990,,1,,,,,,,,,,,,,,,,,,,,,,,,,,,,,,,,,,,,,120x990,,,,,,,,,,,,,,,,,,,,,,,,141760,,,,,,,,,,,,,,,,,,,
110658,variation,69450669,,D-sign Rug 1P0449 Grey - 120x1000,1,0,visible,,D-sign Rug 1P0449 Grey 120x1000 cm,,,taxable,parent,1,2,,0,0,,1000,120,1.2,0,,3865,6955,,,,,,,69450562-H,,,,,,91,,,Size,120x1000,,1,,,,,,,,,,,,,,,,,,,,,,,,,,,,,,,,,,,,,120x1000,,,,,,,,,,,,,,,,,,,,,,,,141761,,,,,,,,,,,,,,,,,,,
110659,variation,69450668,,D-sign Rug 1P0449 Grey - 120x1050,1,0,visible,,D-sign Rug 1P0449 Grey 120x1050 cm,,,taxable,parent,1,2,,0,0,,1050,120,1.2,0,,4041,7265,,,,,,,69450562-H,,,,,,92,,,Size,120x1050,,1,,,,,,,,,,,,,,,,,,,,,,,,,,,,,,,,,,,,,120x1050,,,,,,,,,,,,,,,,,,,,,,,,141762,,,,,,,,,,,,,,,,,,,
110660,variation,69450667,,D-sign Rug 1P0449 Grey - 120x1100,1,0,visible,,D-sign Rug 1P0449 Grey 120x1100 cm,,,taxable,parent,1,2,,0,0,,1100,120,1.2,0,,4217,7585,,,,,,,69450562-H,,,,,,93,,,Size,120x1100,,1,,,,,,,,,,,,,,,,,,,,,,,,,,,,,,,,,,,,,120x1100,,,,,,,,,,,,,,,,,,,,,,,,141763,,,,,,,,,,,,,,,,,,,
110662,variation,69450670,,D-sign Rug 1P0450 Grey - 140x100,1,0,visible,,D-sign Rug 1P0450 Grey 140x100 cm,,,taxable,parent,1,23,,0,0,,100,140,1.2,0,,686,1225,,,,,,,69450670-H,,,,,,1,,,Size,140x100,,1,,,,,,,,,,,,,,,,,,,,,,,,,,,,,,,,,,,,,140x100,,,,,,,,,,,,,,,,,,,,,,,,141764,,,,,,,,,,,,,,,,,,,
110663,variation,69457340,,D-sign Rug 1P0450 Grey - 140x110,1,0,visible,,D-sign Rug 1P0450 Grey 140x110 cm,,,taxable,parent,1,21,,0,0,,110,140,1.2,0,,727,1305,,,,,,,69450670-H,,,,,,2,,,Size,140x110,,1,,,,,,,,,,,,,,,,,,,,,,,,,,,,,,,,,,,,,140x110,,,,,,,,,,,,,,,,,,,,,,,,141765,,,,,,,,,,,,,,,,,,,
110664,variation,69457339,,D-sign Rug 1P0450 Grey - 140x120,1,0,visible,,D-sign Rug 1P0450 Grey 140x120 cm,,,taxable,parent,1,19,,0,0,,120,140,1.2,0,,768,1375,,,,,,,69450670-H,,,,,,3,,,Size,140x120,,1,,,,,,,,,,,,,,,,,,,,,,,,,,,,,,,,,,,,,140x120,,,,,,,,,,,,,,,,,,,,,,,,141766,,,,,,,,,,,,,,,,,,,
110665,variation,69457344,,D-sign Rug 1P0450 Grey - 140x130,1,0,visible,,D-sign Rug 1P0450 Grey 140x130 cm,,,taxable,parent,1,18,,0,0,,130,140,1.2,0,,809,1455,,,,,,,69450670-H,,,,,,4,,,Size,140x130,,1,,,,,,,,,,,,,,,,,,,,,,,,,,,,,,,,,,,,,140x130,,,,,,,,,,,,,,,,,,,,,,,,141767,,,,,,,,,,,,,,,,,,,
110666,variation,69457337,,D-sign Rug 1P0450 Grey - 140x140,1,0,visible,,D-sign Rug 1P0450 Grey 140x140 cm,,,taxable,parent,1,16,,0,0,,140,140,1.2,0,,850,1525,,,,,,,69450670-H,,,,,,5,,,Size,140x140,,1,,,,,,,,,,,,,,,,,,,,,,,,,,,,,,,,,,,,,140x140,,,,,,,,,,,,,,,,,,,,,,,,141768,,,,,,,,,,,,,,,,,,,
110667,variation,69457342,,D-sign Rug 1P0450 Grey - 140x150,1,0,visible,,D-sign Rug 1P0450 Grey 140x150 cm,,,taxable,parent,1,15,,0,0,,150,140,1.2,0,,891,1595,,,,,,,69450670-H,,,,,,6,,,Size,140x150,,1,,,,,,,,,,,,,,,,,,,,,,,,,,,,,,,,,,,,,140x150,,,,,,,,,,,,,,,,,,,,,,,,141769,,,,,,,,,,,,,,,,,,,
110668,variation,69457703,,D-sign Rug 1P0450 Grey - 140x160,1,0,visible,,D-sign Rug 1P0450 Grey 140x160 cm,,,taxable,parent,1,14,,0,0,,160,140,1.2,0,,932,1675,,,,,,,69450670-H,,,,,,7,,,Size,140x160,,1,,,,,,,,,,,,,,,,,,,,,,,,,,,,,,,,,,,,,140x160,,,,,,,,,,,,,,,,,,,,,,,,141770,,,,,,,,,,,,,,,,,,,
110669,variation,69450674,,D-sign Rug 1P0450 Grey - 140x170,1,0,visible,,D-sign Rug 1P0450 Grey 140x170 cm,,,taxable,parent,1,13,,0,0,,170,140,1.2,0,,973,1745,,,,,,,69450670-H,,,,,,8,,,Size,140x170,,1,,,,,,,,,,,,,,,,,,,,,,,,,,,,,,,,,,,,,140x170,,,,,,,,,,,,,,,,,,,,,,,,141771,,,,,,,,,,,,,,,,,,,
110670,variation,69450677,,D-sign Rug 1P0450 Grey - 140x180,1,0,visible,,D-sign Rug 1P0450 Grey 140x180 cm,,,taxable,parent,1,13,,0,0,,180,140,1.2,0,,1014,1825,,,,,,,69450670-H,,,,,,9,,,Size,140x180,,1,,,,,,,,,,,,,,,,,,,,,,,,,,,,,,,,,,,,,140x180,,,,,,,,,,,,,,,,,,,,,,,,141772,,,,,,,,,,,,,,,,,,,
110671,variation,69450675,,D-sign Rug 1P0450 Grey - 140x190,1,0,visible,,D-sign Rug 1P0450 Grey 140x190 cm,,,taxable,parent,1,12,,0,0,,190,140,1.2,0,,1056,1895,,,,,,,69450670-H,,,,,,10,,,Size,140x190,,1,,,,,,,,,,,,,,,,,,,,,,,,,,,,,,,,,,,,,140x190,,,,,,,,,,,,,,,,,,,,,,,,141773,,,,,,,,,,,,,,,,,,,
110672,variation,69450672,,D-sign Rug 1P0450 Grey - 140x200,1,0,visible,,D-sign Rug 1P0450 Grey 140x200 cm,,,taxable,parent,1,11,,0,0,,200,140,1.2,0,,1097,1965,,,,,,,69450670-H,,,,,,11,,,Size,140x200,,1,,,,,,,,,,,,,,,,,,,,,,,,,,,,,,,,,,,,,140x200,,,,,,,,,,,,,,,,,,,,,,,,141774,,,,,,,,,,,,,,,,,,,
110673,variation,69450678,,D-sign Rug 1P0450 Grey - 140x210,1,0,visible,,D-sign Rug 1P0450 Grey 140x210 cm,,,taxable,parent,1,11,,0,0,,210,140,1.2,0,,1138,2045,,,,,,,69450670-H,,,,,,12,,,Size,140x210,,1,,,,,,,,,,,,,,,,,,,,,,,,,,,,,,,,,,,,,140x210,,,,,,,,,,,,,,,,,,,,,,,,141775,,,,,,,,,,,,,,,,,,,
110674,variation,69450676,,D-sign Rug 1P0450 Grey - 140x220,1,0,visible,,D-sign Rug 1P0450 Grey 140x220 cm,,,taxable,parent,1,10,,0,0,,220,140,1.2,0,,1179,2115,,,,,,,69450670-H,,,,,,13,,,Size,140x220,,1,,,,,,,,,,,,,,,,,,,,,,,,,,,,,,,,,,,,,140x220,,,,,,,,,,,,,,,,,,,,,,,,141776,,,,,,,,,,,,,,,,,,,
110675,variation,69450673,,D-sign Rug 1P0450 Grey - 140x230,1,0,visible,,D-sign Rug 1P0450 Grey 140x230 cm,,,taxable,parent,1,10,,0,0,,230,140,1.2,0,,1220,2195,,,,,,,69450670-H,,,,,,14,,,Size,140x230,,1,,,,,,,,,,,,,,,,,,,,,,,,,,,,,,,,,,,,,140x230,,,,,,,,,,,,,,,,,,,,,,,,141777,,,,,,,,,,,,,,,,,,,
110676,variation,69450679,,D-sign Rug 1P0450 Grey - 140x240,1,0,visible,,D-sign Rug 1P0450 Grey 140x240 cm,,,taxable,parent,1,9,,0,0,,240,140,1.2,0,,1261,2265,,,,,,,69450670-H,,,,,,15,,,Size,140x240,,1,,,,,,,,,,,,,,,,,,,,,,,,,,,,,,,,,,,,,140x240,,,,,,,,,,,,,,,,,,,,,,,,141778,,,,,,,,,,,,,,,,,,,
110677,variation,69450671,,D-sign Rug 1P0450 Grey - 140x250,1,0,visible,,D-sign Rug 1P0450 Grey 140x250 cm,,,taxable,parent,1,9,,0,0,,250,140,1.2,0,,1302,2335,,,,,,,69450670-H,,,,,,16,,,Size,140x250,,1,,,,,,,,,,,,,,,,,,,,,,,,,,,,,,,,,,,,,140x250,,,,,,,,,,,,,,,,,,,,,,,,141779,,,,,,,,,,,,,,,,,,,
110678,variation,69450680,,D-sign Rug 1P0450 Grey - 140x260,1,0,visible,,D-sign Rug 1P0450 Grey 140x260 cm,,,taxable,parent,1,9,,0,0,,260,140,1.2,0,,1343,2415,,,,,,,69450670-H,,,,,,17,,,Size,140x260,,1,,,,,,,,,,,,,,,,,,,,,,,,,,,,,,,,,,,,,140x260,,,,,,,,,,,,,,,,,,,,,,,,141780,,,,,,,,,,,,,,,,,,,
110679,variation,69450686,,D-sign Rug 1P0450 Grey - 140x270,1,0,visible,,D-sign Rug 1P0450 Grey 140x270 cm,,,taxable,parent,1,8,,0,0,,270,140,1.2,0,,1384,2485,,,,,,,69450670-H,,,,,,18,,,Size,140x270,,1,,,,,,,,,,,,,,,,,,,,,,,,,,,,,,,,,,,,,140x270,,,,,,,,,,,,,,,,,,,,,,,,141781,,,,,,,,,,,,,,,,,,,
110680,variation,69450690,,D-sign Rug 1P0450 Grey - 140x280,1,0,visible,,D-sign Rug 1P0450 Grey 140x280 cm,,,taxable,parent,1,8,,0,0,,280,140,1.2,0,,1425,2565,,,,,,,69450670-H,,,,,,19,,,Size,140x280,,1,,,,,,,,,,,,,,,,,,,,,,,,,,,,,,,,,,,,,140x280,,,,,,,,,,,,,,,,,,,,,,,,141782,,,,,,,,,,,,,,,,,,,
110681,variation,69450683,,D-sign Rug 1P0450 Grey - 140x290,1,0,visible,,D-sign Rug 1P0450 Grey 140x290 cm,,,taxable,parent,1,8,,0,0,,290,140,1.2,0,,1466,2635,,,,,,,69450670-H,,,,,,20,,,Size,140x290,,1,,,,,,,,,,,,,,,,,,,,,,,,,,,,,,,,,,,,,140x290,,,,,,,,,,,,,,,,,,,,,,,,141783,,,,,,,,,,,,,,,,,,,
110682,variation,69450682,,D-sign Rug 1P0450 Grey - 140x300,1,0,visible,,D-sign Rug 1P0450 Grey 140x300 cm,,,taxable,parent,1,7,,0,0,,300,140,1.2,0,,1507,2705,,,,,,,69450670-H,,,,,,21,,,Size,140x300,,1,,,,,,,,,,,,,,,,,,,,,,,,,,,,,,,,,,,,,140x300,,,,,,,,,,,,,,,,,,,,,,,,141784,,,,,,,,,,,,,,,,,,,
110683,variation,69450689,,D-sign Rug 1P0450 Grey - 140x310,1,0,visible,,D-sign Rug 1P0450 Grey 140x310 cm,,,taxable,parent,1,7,,0,0,,310,140,1.2,0,,1549,2785,,,,,,,69450670-H,,,,,,22,,,Size,140x310,,1,,,,,,,,,,,,,,,,,,,,,,,,,,,,,,,,,,,,,140x310,,,,,,,,,,,,,,,,,,,,,,,,141785,,,,,,,,,,,,,,,,,,,
110684,variation,69450691,,D-sign Rug 1P0450 Grey - 140x320,1,0,visible,,D-sign Rug 1P0450 Grey 140x320 cm,,,taxable,parent,1,7,,0,0,,320,140,1.2,0,,1590,2855,,,,,,,69450670-H,,,,,,23,,,Size,140x320,,1,,,,,,,,,,,,,,,,,,,,,,,,,,,,,,,,,,,,,140x320,,,,,,,,,,,,,,,,,,,,,,,,141786,,,,,,,,,,,,,,,,,,,
110685,variation,69450684,,D-sign Rug 1P0450 Grey - 140x330,1,0,visible,,D-sign Rug 1P0450 Grey 140x330 cm,,,taxable,parent,1,7,,0,0,,330,140,1.2,0,,1631,2935,,,,,,,69450670-H,,,,,,24,,,Size,140x330,,1,,,,,,,,,,,,,,,,,,,,,,,,,,,,,,,,,,,,,140x330,,,,,,,,,,,,,,,,,,,,,,,,141787,,,,,,,,,,,,,,,,,,,
110686,variation,69450685,,D-sign Rug 1P0450 Grey - 140x340,1,0,visible,,D-sign Rug 1P0450 Grey 140x340 cm,,,taxable,parent,1,6,,0,0,,340,140,1.2,0,,1672,3005,,,,,,,69450670-H,,,,,,25,,,Size,140x340,,1,,,,,,,,,,,,,,,,,,,,,,,,,,,,,,,,,,,,,140x340,,,,,,,,,,,,,,,,,,,,,,,,141788,,,,,,,,,,,,,,,,,,,
110687,variation,69450687,,D-sign Rug 1P0450 Grey - 140x350,1,0,visible,,D-sign Rug 1P0450 Grey 140x350 cm,,,taxable,parent,1,6,,0,0,,350,140,1.2,0,,1713,3075,,,,,,,69450670-H,,,,,,26,,,Size,140x350,,1,,,,,,,,,,,,,,,,,,,,,,,,,,,,,,,,,,,,,140x350,,,,,,,,,,,,,,,,,,,,,,,,141789,,,,,,,,,,,,,,,,,,,
110688,variation,69450688,,D-sign Rug 1P0450 Grey - 140x360,1,0,visible,,D-sign Rug 1P0450 Grey 140x360 cm,,,taxable,parent,1,6,,0,0,,360,140,1.2,0,,1754,3155,,,,,,,69450670-H,,,,,,27,,,Size,140x360,,1,,,,,,,,,,,,,,,,,,,,,,,,,,,,,,,,,,,,,140x360,,,,,,,,,,,,,,,,,,,,,,,,141790,,,,,,,,,,,,,,,,,,,
110689,variation,69450699,,D-sign Rug 1P0450 Grey - 140x370,1,0,visible,,D-sign Rug 1P0450 Grey 140x370 cm,,,taxable,parent,1,6,,0,0,,370,140,1.2,0,,1795,3225,,,,,,,69450670-H,,,,,,28,,,Size,140x370,,1,,,,,,,,,,,,,,,,,,,,,,,,,,,,,,,,,,,,,140x370,,,,,,,,,,,,,,,,,,,,,,,,141791,,,,,,,,,,,,,,,,,,,
110690,variation,69450694,,D-sign Rug 1P0450 Grey - 140x380,1,0,visible,,D-sign Rug 1P0450 Grey 140x380 cm,,,taxable,parent,1,6,,0,0,,380,140,1.2,0,,1836,3305,,,,,,,69450670-H,,,,,,29,,,Size,140x380,,1,,,,,,,,,,,,,,,,,,,,,,,,,,,,,,,,,,,,,140x380,,,,,,,,,,,,,,,,,,,,,,,,141792,,,,,,,,,,,,,,,,,,,
110691,variation,69450697,,D-sign Rug 1P0450 Grey - 140x390,1,0,visible,,D-sign Rug 1P0450 Grey 140x390 cm,,,taxable,parent,1,6,,0,0,,390,140,1.2,0,,1877,3375,,,,,,,69450670-H,,,,,,30,,,Size,140x390,,1,,,,,,,,,,,,,,,,,,,,,,,,,,,,,,,,,,,,,140x390,,,,,,,,,,,,,,,,,,,,,,,,141793,,,,,,,,,,,,,,,,,,,
110692,variation,69450696,,D-sign Rug 1P0450 Grey - 140x400,1,0,visible,,D-sign Rug 1P0450 Grey 140x400 cm,,,taxable,parent,1,5,,0,0,,400,140,1.2,0,,1918,3445,,,,,,,69450670-H,,,,,,31,,,Size,140x400,,1,,,,,,,,,,,,,,,,,,,,,,,,,,,,,,,,,,,,,140x400,,,,,,,,,,,,,,,,,,,,,,,,141794,,,,,,,,,,,,,,,,,,,
110693,variation,69450701,,D-sign Rug 1P0450 Grey - 140x410,1,0,visible,,D-sign Rug 1P0450 Grey 140x410 cm,,,taxable,parent,1,5,,0,0,,410,140,1.2,0,,1959,3525,,,,,,,69450670-H,,,,,,32,,,Size,140x410,,1,,,,,,,,,,,,,,,,,,,,,,,,,,,,,,,,,,,,,140x410,,,,,,,,,,,,,,,,,,,,,,,,141795,,,,,,,,,,,,,,,,,,,
110694,variation,69450693,,D-sign Rug 1P0450 Grey - 140x420,1,0,visible,,D-sign Rug 1P0450 Grey 140x420 cm,,,taxable,parent,1,5,,0,0,,420,140,1.2,0,,2000,3595,,,,,,,69450670-H,,,,,,33,,,Size,140x420,,1,,,,,,,,,,,,,,,,,,,,,,,,,,,,,,,,,,,,,140x420,,,,,,,,,,,,,,,,,,,,,,,,141796,,,,,,,,,,,,,,,,,,,
110695,variation,69450692,,D-sign Rug 1P0450 Grey - 140x430,1,0,visible,,D-sign Rug 1P0450 Grey 140x430 cm,,,taxable,parent,1,5,,0,0,,430,140,1.2,0,,2042,3665,,,,,,,69450670-H,,,,,,34,,,Size,140x430,,1,,,,,,,,,,,,,,,,,,,,,,,,,,,,,,,,,,,,,140x430,,,,,,,,,,,,,,,,,,,,,,,,141797,,,,,,,,,,,,,,,,,,,
110696,variation,69450695,,D-sign Rug 1P0450 Grey - 140x440,1,0,visible,,D-sign Rug 1P0450 Grey 140x440 cm,,,taxable,parent,1,5,,0,0,,440,140,1.2,0,,2083,3745,,,,,,,69450670-H,,,,,,35,,,Size,140x440,,1,,,,,,,,,,,,,,,,,,,,,,,,,,,,,,,,,,,,,140x440,,,,,,,,,,,,,,,,,,,,,,,,141798,,,,,,,,,,,,,,,,,,,
110697,variation,69450700,,D-sign Rug 1P0450 Grey - 140x450,1,0,visible,,D-sign Rug 1P0450 Grey 140x450 cm,,,taxable,parent,1,5,,0,0,,450,140,1.2,0,,2124,3815,,,,,,,69450670-H,,,,,,36,,,Size,140x450,,1,,,,,,,,,,,,,,,,,,,,,,,,,,,,,,,,,,,,,140x450,,,,,,,,,,,,,,,,,,,,,,,,141799,,,,,,,,,,,,,,,,,,,
110698,variation,69450698,,D-sign Rug 1P0450 Grey - 140x460,1,0,visible,,D-sign Rug 1P0450 Grey 140x460 cm,,,taxable,parent,1,5,,0,0,,460,140,1.2,0,,2165,3895,,,,,,,69450670-H,,,,,,37,,,Size,140x460,,1,,,,,,,,,,,,,,,,,,,,,,,,,,,,,,,,,,,,,140x460,,,,,,,,,,,,,,,,,,,,,,,,141800,,,,,,,,,,,,,,,,,,,
110699,variation,69450703,,D-sign Rug 1P0450 Grey - 140x470,1,0,visible,,D-sign Rug 1P0450 Grey 140x470 cm,,,taxable,parent,1,5,,0,0,,470,140,1.2,0,,2206,3965,,,,,,,69450670-H,,,,,,38,,,Size,140x470,,1,,,,,,,,,,,,,,,,,,,,,,,,,,,,,,,,,,,,,140x470,,,,,,,,,,,,,,,,,,,,,,,,141801,,,,,,,,,,,,,,,,,,,
110700,variation,69450704,,D-sign Rug 1P0450 Grey - 140x480,1,0,visible,,D-sign Rug 1P0450 Grey 140x480 cm,,,taxable,parent,1,4,,0,0,,480,140,1.2,0,,2247,4035,,,,,,,69450670-H,,,,,,39,,,Size,140x480,,1,,,,,,,,,,,,,,,,,,,,,,,,,,,,,,,,,,,,,140x480,,,,,,,,,,,,,,,,,,,,,,,,141802,,,,,,,,,,,,,,,,,,,
110701,variation,69450707,,D-sign Rug 1P0450 Grey - 140x490,1,0,visible,,D-sign Rug 1P0450 Grey 140x490 cm,,,taxable,parent,1,4,,0,0,,490,140,1.2,0,,2288,4115,,,,,,,69450670-H,,,,,,40,,,Size,140x490,,1,,,,,,,,,,,,,,,,,,,,,,,,,,,,,,,,,,,,,140x490,,,,,,,,,,,,,,,,,,,,,,,,141803,,,,,,,,,,,,,,,,,,,
110702,variation,69450711,,D-sign Rug 1P0450 Grey - 140x500,1,0,visible,,D-sign Rug 1P0450 Grey 140x500 cm,,,taxable,parent,1,4,,0,0,,500,140,1.2,0,,2329,4185,,,,,,,69450670-H,,,,,,41,,,Size,140x500,,1,,,,,,,,,,,,,,,,,,,,,,,,,,,,,,,,,,,,,140x500,,,,,,,,,,,,,,,,,,,,,,,,141804,,,,,,,,,,,,,,,,,,,
110703,variation,69450712,,D-sign Rug 1P0450 Grey - 140x510,1,0,visible,,D-sign Rug 1P0450 Grey 140x510 cm,,,taxable,parent,1,4,,0,0,,510,140,1.2,0,,2370,4265,,,,,,,69450670-H,,,,,,42,,,Size,140x510,,1,,,,,,,,,,,,,,,,,,,,,,,,,,,,,,,,,,,,,140x510,,,,,,,,,,,,,,,,,,,,,,,,141805,,,,,,,,,,,,,,,,,,,
110704,variation,69450710,,D-sign Rug 1P0450 Grey - 140x520,1,0,visible,,D-sign Rug 1P0450 Grey 140x520 cm,,,taxable,parent,1,4,,0,0,,520,140,1.2,0,,2411,4335,,,,,,,69450670-H,,,,,,43,,,Size,140x520,,1,,,,,,,,,,,,,,,,,,,,,,,,,,,,,,,,,,,,,140x520,,,,,,,,,,,,,,,,,,,,,,,,141806,,,,,,,,,,,,,,,,,,,
110705,variation,69450706,,D-sign Rug 1P0450 Grey - 140x530,1,0,visible,,D-sign Rug 1P0450 Grey 140x530 cm,,,taxable,parent,1,4,,0,0,,530,140,1.2,0,,2452,4405,,,,,,,69450670-H,,,,,,44,,,Size,140x530,,1,,,,,,,,,,,,,,,,,,,,,,,,,,,,,,,,,,,,,140x530,,,,,,,,,,,,,,,,,,,,,,,,141807,,,,,,,,,,,,,,,,,,,
110706,variation,69450709,,D-sign Rug 1P0450 Grey - 140x540,1,0,visible,,D-sign Rug 1P0450 Grey 140x540 cm,,,taxable,parent,1,4,,0,0,,540,140,1.2,0,,2493,4485,,,,,,,69450670-H,,,,,,45,,,Size,140x540,,1,,,,,,,,,,,,,,,,,,,,,,,,,,,,,,,,,,,,,140x540,,,,,,,,,,,,,,,,,,,,,,,,141808,,,,,,,,,,,,,,,,,,,
110707,variation,69450705,,D-sign Rug 1P0450 Grey - 140x550,1,0,visible,,D-sign Rug 1P0450 Grey 140x550 cm,,,taxable,parent,1,4,,0,0,,550,140,1.2,0,,2535,4555,,,,,,,69450670-H,,,,,,46,,,Size,140x550,,1,,,,,,,,,,,,,,,,,,,,,,,,,,,,,,,,,,,,,140x550,,,,,,,,,,,,,,,,,,,,,,,,141809,,,,,,,,,,,,,,,,,,,
110708,variation,69450708,,D-sign Rug 1P0450 Grey - 140x560,1,0,visible,,D-sign Rug 1P0450 Grey 140x560 cm,,,taxable,parent,1,4,,0,0,,560,140,1.2,0,,2576,4635,,,,,,,69450670-H,,,,,,47,,,Size,140x560,,1,,,,,,,,,,,,,,,,,,,,,,,,,,,,,,,,,,,,,140x560,,,,,,,,,,,,,,,,,,,,,,,,141810,,,,,,,,,,,,,,,,,,,
110709,variation,69450722,,D-sign Rug 1P0450 Grey - 140x570,1,0,visible,,D-sign Rug 1P0450 Grey 140x570 cm,,,taxable,parent,1,4,,0,0,,570,140,1.2,0,,2617,4705,,,,,,,69450670-H,,,,,,48,,,Size,140x570,,1,,,,,,,,,,,,,,,,,,,,,,,,,,,,,,,,,,,,,140x570,,,,,,,,,,,,,,,,,,,,,,,,141811,,,,,,,,,,,,,,,,,,,
110710,variation,69450715,,D-sign Rug 1P0450 Grey - 140x580,1,0,visible,,D-sign Rug 1P0450 Grey 140x580 cm,,,taxable,parent,1,4,,0,0,,580,140,1.2,0,,2658,4775,,,,,,,69450670-H,,,,,,49,,,Size,140x580,,1,,,,,,,,,,,,,,,,,,,,,,,,,,,,,,,,,,,,,140x580,,,,,,,,,,,,,,,,,,,,,,,,141812,,,,,,,,,,,,,,,,,,,
110711,variation,69450714,,D-sign Rug 1P0450 Grey - 140x590,1,0,visible,,D-sign Rug 1P0450 Grey 140x590 cm,,,taxable,parent,1,4,,0,0,,590,140,1.2,0,,2699,4855,,,,,,,69450670-H,,,,,,50,,,Size,140x590,,1,,,,,,,,,,,,,,,,,,,,,,,,,,,,,,,,,,,,,140x590,,,,,,,,,,,,,,,,,,,,,,,,141813,,,,,,,,,,,,,,,,,,,
110712,variation,69450716,,D-sign Rug 1P0450 Grey - 140x600,1,0,visible,,D-sign Rug 1P0450 Grey 140x600 cm,,,taxable,parent,1,3,,0,0,,600,140,1.2,0,,2740,4925,,,,,,,69450670-H,,,,,,51,,,Size,140x600,,1,,,,,,,,,,,,,,,,,,,,,,,,,,,,,,,,,,,,,140x600,,,,,,,,,,,,,,,,,,,,,,,,141814,,,,,,,,,,,,,,,,,,,
110713,variation,69450720,,D-sign Rug 1P0450 Grey - 140x610,1,0,visible,,D-sign Rug 1P0450 Grey 140x610 cm,,,taxable,parent,1,3,,0,0,,610,140,1.2,0,,2781,5005,,,,,,,69450670-H,,,,,,52,,,Size,140x610,,1,,,,,,,,,,,,,,,,,,,,,,,,,,,,,,,,,,,,,140x610,,,,,,,,,,,,,,,,,,,,,,,,141815,,,,,,,,,,,,,,,,,,,
110714,variation,69450713,,D-sign Rug 1P0450 Grey - 140x620,1,0,visible,,D-sign Rug 1P0450 Grey 140x620 cm,,,taxable,parent,1,3,,0,0,,620,140,1.2,0,,2822,5075,,,,,,,69450670-H,,,,,,53,,,Size,140x620,,1,,,,,,,,,,,,,,,,,,,,,,,,,,,,,,,,,,,,,140x620,,,,,,,,,,,,,,,,,,,,,,,,141816,,,,,,,,,,,,,,,,,,,
110715,variation,69450717,,D-sign Rug 1P0450 Grey - 140x630,1,0,visible,,D-sign Rug 1P0450 Grey 140x630 cm,,,taxable,parent,1,3,,0,0,,630,140,1.2,0,,2863,5145,,,,,,,69450670-H,,,,,,54,,,Size,140x630,,1,,,,,,,,,,,,,,,,,,,,,,,,,,,,,,,,,,,,,140x630,,,,,,,,,,,,,,,,,,,,,,,,141817,,,,,,,,,,,,,,,,,,,
110716,variation,69450718,,D-sign Rug 1P0450 Grey - 140x640,1,0,visible,,D-sign Rug 1P0450 Grey 140x640 cm,,,taxable,parent,1,3,,0,0,,640,140,1.2,0,,2904,5225,,,,,,,69450670-H,,,,,,55,,,Size,140x640,,1,,,,,,,,,,,,,,,,,,,,,,,,,,,,,,,,,,,,,140x640,,,,,,,,,,,,,,,,,,,,,,,,141818,,,,,,,,,,,,,,,,,,,
110717,variation,69450719,,D-sign Rug 1P0450 Grey - 140x650,1,0,visible,,D-sign Rug 1P0450 Grey 140x650 cm,,,taxable,parent,1,3,,0,0,,650,140,1.2,0,,2945,5295,,,,,,,69450670-H,,,,,,56,,,Size,140x650,,1,,,,,,,,,,,,,,,,,,,,,,,,,,,,,,,,,,,,,140x650,,,,,,,,,,,,,,,,,,,,,,,,141819,,,,,,,,,,,,,,,,,,,
110718,variation,69450721,,D-sign Rug 1P0450 Grey - 140x660,1,0,visible,,D-sign Rug 1P0450 Grey 140x660 cm,,,taxable,parent,1,3,,0,0,,660,140,1.2,0,,2986,5375,,,,,,,69450670-H,,,,,,57,,,Size,140x660,,1,,,,,,,,,,,,,,,,,,,,,,,,,,,,,,,,,,,,,140x660,,,,,,,,,,,,,,,,,,,,,,,,141820,,,,,,,,,,,,,,,,,,,
110719,variation,69450736,,D-sign Rug 1P0450 Grey - 140x670,1,0,visible,,D-sign Rug 1P0450 Grey 140x670 cm,,,taxable,parent,1,3,,0,0,,670,140,1.2,0,,3028,5445,,,,,,,69450670-H,,,,,,58,,,Size,140x670,,1,,,,,,,,,,,,,,,,,,,,,,,,,,,,,,,,,,,,,140x670,,,,,,,,,,,,,,,,,,,,,,,,141821,,,,,,,,,,,,,,,,,,,
110720,variation,69450738,,D-sign Rug 1P0450 Grey - 140x680,1,0,visible,,D-sign Rug 1P0450 Grey 140x680 cm,,,taxable,parent,1,3,,0,0,,680,140,1.2,0,,3069,5515,,,,,,,69450670-H,,,,,,59,,,Size,140x680,,1,,,,,,,,,,,,,,,,,,,,,,,,,,,,,,,,,,,,,140x680,,,,,,,,,,,,,,,,,,,,,,,,141822,,,,,,,,,,,,,,,,,,,
110721,variation,69450741,,D-sign Rug 1P0450 Grey - 140x690,1,0,visible,,D-sign Rug 1P0450 Grey 140x690 cm,,,taxable,parent,1,3,,0,0,,690,140,1.2,0,,3110,5595,,,,,,,69450670-H,,,,,,60,,,Size,140x690,,1,,,,,,,,,,,,,,,,,,,,,,,,,,,,,,,,,,,,,140x690,,,,,,,,,,,,,,,,,,,,,,,,141823,,,,,,,,,,,,,,,,,,,
110722,variation,69450740,,D-sign Rug 1P0450 Grey - 140x700,1,0,visible,,D-sign Rug 1P0450 Grey 140x700 cm,,,taxable,parent,1,3,,0,0,,700,140,1.2,0,,3151,5665,,,,,,,69450670-H,,,,,,61,,,Size,140x700,,1,,,,,,,,,,,,,,,,,,,,,,,,,,,,,,,,,,,,,140x700,,,,,,,,,,,,,,,,,,,,,,,,141824,,,,,,,,,,,,,,,,,,,
110723,variation,69450737,,D-sign Rug 1P0450 Grey - 140x710,1,0,visible,,D-sign Rug 1P0450 Grey 140x710 cm,,,taxable,parent,1,3,,0,0,,710,140,1.2,0,,3192,5745,,,,,,,69450670-H,,,,,,62,,,Size,140x710,,1,,,,,,,,,,,,,,,,,,,,,,,,,,,,,,,,,,,,,140x710,,,,,,,,,,,,,,,,,,,,,,,,141825,,,,,,,,,,,,,,,,,,,
110724,variation,69450734,,D-sign Rug 1P0450 Grey - 140x720,1,0,visible,,D-sign Rug 1P0450 Grey 140x720 cm,,,taxable,parent,1,3,,0,0,,720,140,1.2,0,,3233,5815,,,,,,,69450670-H,,,,,,63,,,Size,140x720,,1,,,,,,,,,,,,,,,,,,,,,,,,,,,,,,,,,,,,,140x720,,,,,,,,,,,,,,,,,,,,,,,,141826,,,,,,,,,,,,,,,,,,,
110725,variation,69450739,,D-sign Rug 1P0450 Grey - 140x730,1,0,visible,,D-sign Rug 1P0450 Grey 140x730 cm,,,taxable,parent,1,3,,0,0,,730,140,1.2,0,,3274,5885,,,,,,,69450670-H,,,,,,64,,,Size,140x730,,1,,,,,,,,,,,,,,,,,,,,,,,,,,,,,,,,,,,,,140x730,,,,,,,,,,,,,,,,,,,,,,,,141827,,,,,,,,,,,,,,,,,,,
110726,variation,69450735,,D-sign Rug 1P0450 Grey - 140x740,1,0,visible,,D-sign Rug 1P0450 Grey 140x740 cm,,,taxable,parent,1,3,,0,0,,740,140,1.2,0,,3315,5965,,,,,,,69450670-H,,,,,,65,,,Size,140x740,,1,,,,,,,,,,,,,,,,,,,,,,,,,,,,,,,,,,,,,140x740,,,,,,,,,,,,,,,,,,,,,,,,141828,,,,,,,,,,,,,,,,,,,
110727,variation,69450743,,D-sign Rug 1P0450 Grey - 140x750,1,0,visible,,D-sign Rug 1P0450 Grey 140x750 cm,,,taxable,parent,1,3,,0,0,,750,140,1.2,0,,3356,6035,,,,,,,69450670-H,,,,,,66,,,Size,140x750,,1,,,,,,,,,,,,,,,,,,,,,,,,,,,,,,,,,,,,,140x750,,,,,,,,,,,,,,,,,,,,,,,,141829,,,,,,,,,,,,,,,,,,,
110728,variation,69450742,,D-sign Rug 1P0450 Grey - 140x760,1,0,visible,,D-sign Rug 1P0450 Grey 140x760 cm,,,taxable,parent,1,3,,0,0,,760,140,1.2,0,,3397,6115,,,,,,,69450670-H,,,,,,67,,,Size,140x760,,1,,,,,,,,,,,,,,,,,,,,,,,,,,,,,,,,,,,,,140x760,,,,,,,,,,,,,,,,,,,,,,,,141830,,,,,,,,,,,,,,,,,,,
110729,variation,69450753,,D-sign Rug 1P0450 Grey - 140x770,1,0,visible,,D-sign Rug 1P0450 Grey 140x770 cm,,,taxable,parent,1,3,,0,0,,770,140,1.2,0,,3438,6185,,,,,,,69450670-H,,,,,,68,,,Size,140x770,,1,,,,,,,,,,,,,,,,,,,,,,,,,,,,,,,,,,,,,140x770,,,,,,,,,,,,,,,,,,,,,,,,141831,,,,,,,,,,,,,,,,,,,
110730,variation,69450750,,D-sign Rug 1P0450 Grey - 140x780,1,0,visible,,D-sign Rug 1P0450 Grey 140x780 cm,,,taxable,parent,1,3,,0,0,,780,140,1.2,0,,3479,6255,,,,,,,69450670-H,,,,,,69,,,Size,140x780,,1,,,,,,,,,,,,,,,,,,,,,,,,,,,,,,,,,,,,,140x780,,,,,,,,,,,,,,,,,,,,,,,,141832,,,,,,,,,,,,,,,,,,,
110731,variation,69450749,,D-sign Rug 1P0450 Grey - 140x790,1,0,visible,,D-sign Rug 1P0450 Grey 140x790 cm,,,taxable,parent,1,2,,0,0,,790,140,1.2,0,,3521,6335,,,,,,,69450670-H,,,,,,70,,,Size,140x790,,1,,,,,,,,,,,,,,,,,,,,,,,,,,,,,,,,,,,,,140x790,,,,,,,,,,,,,,,,,,,,,,,,141833,,,,,,,,,,,,,,,,,,,
110732,variation,69450748,,D-sign Rug 1P0450 Grey - 140x800,1,0,visible,,D-sign Rug 1P0450 Grey 140x800 cm,,,taxable,parent,1,2,,0,0,,800,140,1.2,0,,3562,6405,,,,,,,69450670-H,,,,,,71,,,Size,140x800,,1,,,,,,,,,,,,,,,,,,,,,,,,,,,,,,,,,,,,,140x800,,,,,,,,,,,,,,,,,,,,,,,,141834,,,,,,,,,,,,,,,,,,,
110733,variation,69450747,,D-sign Rug 1P0450 Grey - 140x810,1,0,visible,,D-sign Rug 1P0450 Grey 140x810 cm,,,taxable,parent,1,2,,0,0,,810,140,1.2,0,,3603,6475,,,,,,,69450670-H,,,,,,72,,,Size,140x810,,1,,,,,,,,,,,,,,,,,,,,,,,,,,,,,,,,,,,,,140x810,,,,,,,,,,,,,,,,,,,,,,,,141835,,,,,,,,,,,,,,,,,,,
110734,variation,69450757,,D-sign Rug 1P0450 Grey - 140x820,1,0,visible,,D-sign Rug 1P0450 Grey 140x820 cm,,,taxable,parent,1,2,,0,0,,820,140,1.2,0,,3713,6675,,,,,,,69450670-H,,,,,,73,,,Size,140x820,,1,,,,,,,,,,,,,,,,,,,,,,,,,,,,,,,,,,,,,140x820,,,,,,,,,,,,,,,,,,,,,,,,141836,,,,,,,,,,,,,,,,,,,
110735,variation,69450751,,D-sign Rug 1P0450 Grey - 140x830,1,0,visible,,D-sign Rug 1P0450 Grey 140x830 cm,,,taxable,parent,1,2,,0,0,,830,140,1.2,0,,3754,6755,,,,,,,69450670-H,,,,,,74,,,Size,140x830,,1,,,,,,,,,,,,,,,,,,,,,,,,,,,,,,,,,,,,,140x830,,,,,,,,,,,,,,,,,,,,,,,,141837,,,,,,,,,,,,,,,,,,,
110736,variation,69450754,,D-sign Rug 1P0450 Grey - 140x840,1,0,visible,,D-sign Rug 1P0450 Grey 140x840 cm,,,taxable,parent,1,2,,0,0,,840,140,1.2,0,,3795,6825,,,,,,,69450670-H,,,,,,75,,,Size,140x840,,1,,,,,,,,,,,,,,,,,,,,,,,,,,,,,,,,,,,,,140x840,,,,,,,,,,,,,,,,,,,,,,,,141838,,,,,,,,,,,,,,,,,,,
110737,variation,69450755,,D-sign Rug 1P0450 Grey - 140x850,1,0,visible,,D-sign Rug 1P0450 Grey 140x850 cm,,,taxable,parent,1,2,,0,0,,850,140,1.2,0,,3836,6895,,,,,,,69450670-H,,,,,,76,,,Size,140x850,,1,,,,,,,,,,,,,,,,,,,,,,,,,,,,,,,,,,,,,140x850,,,,,,,,,,,,,,,,,,,,,,,,141839,,,,,,,,,,,,,,,,,,,
110738,variation,69450752,,D-sign Rug 1P0450 Grey - 140x860,1,0,visible,,D-sign Rug 1P0450 Grey 140x860 cm,,,taxable,parent,1,2,,0,0,,860,140,1.2,0,,3877,6975,,,,,,,69450670-H,,,,,,77,,,Size,140x860,,1,,,,,,,,,,,,,,,,,,,,,,,,,,,,,,,,,,,,,140x860,,,,,,,,,,,,,,,,,,,,,,,,141840,,,,,,,,,,,,,,,,,,,
110739,variation,69450767,,D-sign Rug 1P0450 Grey - 140x870,1,0,visible,,D-sign Rug 1P0450 Grey 140x870 cm,,,taxable,parent,1,2,,0,0,,870,140,1.2,0,,3918,7045,,,,,,,69450670-H,,,,,,78,,,Size,140x870,,1,,,,,,,,,,,,,,,,,,,,,,,,,,,,,,,,,,,,,140x870,,,,,,,,,,,,,,,,,,,,,,,,141841,,,,,,,,,,,,,,,,,,,
110740,variation,69450762,,D-sign Rug 1P0450 Grey - 140x880,1,0,visible,,D-sign Rug 1P0450 Grey 140x880 cm,,,taxable,parent,1,2,,0,0,,880,140,1.2,0,,3959,7125,,,,,,,69450670-H,,,,,,79,,,Size,140x880,,1,,,,,,,,,,,,,,,,,,,,,,,,,,,,,,,,,,,,,140x880,,,,,,,,,,,,,,,,,,,,,,,,141842,,,,,,,,,,,,,,,,,,,
110741,variation,69450764,,D-sign Rug 1P0450 Grey - 140x890,1,0,visible,,D-sign Rug 1P0450 Grey 140x890 cm,,,taxable,parent,1,2,,0,0,,890,140,1.2,0,,4000,7195,,,,,,,69450670-H,,,,,,80,,,Size,140x890,,1,,,,,,,,,,,,,,,,,,,,,,,,,,,,,,,,,,,,,140x890,,,,,,,,,,,,,,,,,,,,,,,,141843,,,,,,,,,,,,,,,,,,,
110742,variation,69450760,,D-sign Rug 1P0450 Grey - 140x900,1,0,visible,,D-sign Rug 1P0450 Grey 140x900 cm,,,taxable,parent,1,2,,0,0,,900,140,1.2,0,,4041,7265,,,,,,,69450670-H,,,,,,81,,,Size,140x900,,1,,,,,,,,,,,,,,,,,,,,,,,,,,,,,,,,,,,,,140x900,,,,,,,,,,,,,,,,,,,,,,,,141844,,,,,,,,,,,,,,,,,,,
110743,variation,69450763,,D-sign Rug 1P0450 Grey - 140x910,1,0,visible,,D-sign Rug 1P0450 Grey 140x910 cm,,,taxable,parent,1,2,,0,0,,910,140,1.2,0,,4082,7345,,,,,,,69450670-H,,,,,,82,,,Size,140x910,,1,,,,,,,,,,,,,,,,,,,,,,,,,,,,,,,,,,,,,140x910,,,,,,,,,,,,,,,,,,,,,,,,141845,,,,,,,,,,,,,,,,,,,
110744,variation,69450759,,D-sign Rug 1P0450 Grey - 140x920,1,0,visible,,D-sign Rug 1P0450 Grey 140x920 cm,,,taxable,parent,1,2,,0,0,,920,140,1.2,0,,4123,7415,,,,,,,69450670-H,,,,,,83,,,Size,140x920,,1,,,,,,,,,,,,,,,,,,,,,,,,,,,,,,,,,,,,,140x920,,,,,,,,,,,,,,,,,,,,,,,,141846,,,,,,,,,,,,,,,,,,,
110745,variation,69450768,,D-sign Rug 1P0450 Grey - 140x930,1,0,visible,,D-sign Rug 1P0450 Grey 140x930 cm,,,taxable,parent,1,2,,0,0,,930,140,1.2,0,,4164,7495,,,,,,,69450670-H,,,,,,84,,,Size,140x930,,1,,,,,,,,,,,,,,,,,,,,,,,,,,,,,,,,,,,,,140x930,,,,,,,,,,,,,,,,,,,,,,,,141847,,,,,,,,,,,,,,,,,,,
110746,variation,69450765,,D-sign Rug 1P0450 Grey - 140x940,1,0,visible,,D-sign Rug 1P0450 Grey 140x940 cm,,,taxable,parent,1,2,,0,0,,940,140,1.2,0,,4205,7565,,,,,,,69450670-H,,,,,,85,,,Size,140x940,,1,,,,,,,,,,,,,,,,,,,,,,,,,,,,,,,,,,,,,140x940,,,,,,,,,,,,,,,,,,,,,,,,141848,,,,,,,,,,,,,,,,,,,
110747,variation,69450766,,D-sign Rug 1P0450 Grey - 140x950,1,0,visible,,D-sign Rug 1P0450 Grey 140x950 cm,,,taxable,parent,1,2,,0,0,,950,140,1.2,0,,4247,7635,,,,,,,69450670-H,,,,,,86,,,Size,140x950,,1,,,,,,,,,,,,,,,,,,,,,,,,,,,,,,,,,,,,,140x950,,,,,,,,,,,,,,,,,,,,,,,,141849,,,,,,,,,,,,,,,,,,,
110748,variation,69450761,,D-sign Rug 1P0450 Grey - 140x960,1,0,visible,,D-sign Rug 1P0450 Grey 140x960 cm,,,taxable,parent,1,2,,0,0,,960,140,1.2,0,,4288,7715,,,,,,,69450670-H,,,,,,87,,,Size,140x960,,1,,,,,,,,,,,,,,,,,,,,,,,,,,,,,,,,,,,,,140x960,,,,,,,,,,,,,,,,,,,,,,,,141850,,,,,,,,,,,,,,,,,,,
110749,variation,69450774,,D-sign Rug 1P0450 Grey - 140x970,1,0,visible,,D-sign Rug 1P0450 Grey 140x970 cm,,,taxable,parent,1,2,,0,0,,970,140,1.2,0,,4329,7785,,,,,,,69450670-H,,,,,,88,,,Size,140x970,,1,,,,,,,,,,,,,,,,,,,,,,,,,,,,,,,,,,,,,140x970,,,,,,,,,,,,,,,,,,,,,,,,141851,,,,,,,,,,,,,,,,,,,
110750,variation,69450775,,D-sign Rug 1P0450 Grey - 140x980,1,0,visible,,D-sign Rug 1P0450 Grey 140x980 cm,,,taxable,parent,1,2,,0,0,,980,140,1.2,0,,4370,7865,,,,,,,69450670-H,,,,,,89,,,Size,140x980,,1,,,,,,,,,,,,,,,,,,,,,,,,,,,,,,,,,,,,,140x980,,,,,,,,,,,,,,,,,,,,,,,,141852,,,,,,,,,,,,,,,,,,,
110751,variation,69450773,,D-sign Rug 1P0450 Grey - 140x990,1,0,visible,,D-sign Rug 1P0450 Grey 140x990 cm,,,taxable,parent,1,2,,0,0,,990,140,1.2,0,,4411,7935,,,,,,,69450670-H,,,,,,90,,,Size,140x990,,1,,,,,,,,,,,,,,,,,,,,,,,,,,,,,,,,,,,,,140x990,,,,,,,,,,,,,,,,,,,,,,,,141853,,,,,,,,,,,,,,,,,,,
110752,variable,69450776-H,,D-sign Rug 1P0451 Grey,1,0,visible,D-sign Rug 1P0451 Grey,D-sign Rug 1P0451 Grey,,,taxable,,1,,,0,0,,,,,1,,,,"Rooms > Entrance & Corridor, Rooms > Kitchen, Rugs > Modern, Rugs",,,"https://rugshop.eu/wp-content/uploads/2022/09/runner-karmel-plain-one-colour-grey-160-cm.jpg, https://rugshop.eu/wp-content/uploads/2022/09/runner-karmel-plain-one-colour-grey-160-cm-1.jpg, https://rugshop.eu/wp-content/uploads/2022/09/runner-karmel-plain-one-colour-grey-160-cm-2.jpg, https://rugshop.eu/wp-content/uploads/2022/09/runner-karmel-plain-one-colour-grey-160-cm-3.jpg, https://rugshop.eu/wp-content/uploads/2022/09/runner-karmel-plain-one-colour-grey-160-cm-4.jpg",,,,,,,,,2668,,,Size,"160x100, 160x110, 160x120, 160x130, 160x140, 160x150, 160x160, 160x170, 160x180, 160x190, 160x200, 160x210, 160x220, 160x230, 160x240, 160x250, 160x260, 160x270, 160x280, 160x290, 160x300, 160x310, 160x320, 160x330, 160x340, 160x350, 160x360, 160x370, 160x380, 160x390, 160x400, 160x410, 160x420, 160x430, 160x440, 160x450, 160x460, 160x470, 160x480, 160x490, 160x500, 160x510, 160x520, 160x530, 160x540, 160x550, 160x560, 160x570, 160x580, 160x590, 160x600, 160x610, 160x620, 160x630, 160x640, 160x650, 160x660, 160x670, 160x680, 160x690, 160x700, 160x710, 160x720, 160x730, 160x740, 160x750, 160x760, 160x770, 160x780, 160x790, 160x800, 160x810, 160x820, 160x830, 160x840, 160x850",1,1,Brand,D-sign,1,1,Color,Black-Grey,1,1,Type of color,Singlecolor,1,1,Shape,Rectangular,1,1,Material,Polypropylene,1,1,Type of rug,Modern,1,1,Weave,Machinemade,1,1,Age,New,1,1,,,,,160x570 | 160x660 | 160x650 | 160x640 | 160x630 | 160x620 | 160x610 | 160x600 | 160x590 | 160x580 | 160x670 | 160x560 | 160x550 | 160x540 | 160x530 | 160x520 | 160x510 | 160x500 | 160x490 | 160x760 | 160x850 | 160x840 | 160x830 | 160x820 | 160x810 | 160x800 | 160x790 | 160x780 | 160x770 | 160x480 | 160x750 | 160x740 | 160x730 | 160x720 | 160x710 | 160x700 | 160x690 | 160x680 | 160x100 | 160x260 | 160x250 | 160x190 | 160x180 | 160x170 | 160x150 | 160x140 | 160x130 | 160x120 | 160x270 | 160x160 | 160x240 | 160x200 | 160x220 | 160x230 | 160x210 | 160x340 | 160x110 | 160x370 | 160x470 | 160x460 | 160x450 | 160x440 | 160x430 | 160x420 | 160x410 | 160x400 | 160x380 | 160x390 | 160x360 | 160x350 | 160x330 | 160x320 | 160x310 | 160x300 | 160x290 | 160x280,D-sign,Black-Grey,Polypropylene,,,,,,,,,,yes,yes,,,,,,,,,,,,,,,,,,,,,,,,,,,,,
110753,variation,69450771,,D-sign Rug 1P0450 Grey - 140x1000,1,0,visible,,D-sign Rug 1P0450 Grey 140x1000 cm,,,taxable,parent,1,2,,0,0,,1000,140,1.2,0,,4452,8005,,,,,,,69450670-H,,,,,,91,,,Size,140x1000,,1,,,,,,,,,,,,,,,,,,,,,,,,,,,,,,,,,,,,,140x1000,,,,,,,,,,,,,,,,,,,,,,,,141854,,,,,,,,,,,,,,,,,,,
110755,variation,69450776,,D-sign Rug 1P0451 Grey - 160x100,1,0,visible,,D-sign Rug 1P0451 Grey 160x100 cm,,,taxable,parent,1,8,,0,0,,100,160,1.2,0,,745,1335,,,,,,,69450776-H,,,,,,1,,,Size,160x100,,1,,,,,,,,,,,,,,,,,,,,,,,,,,,,,,,,,,,,,160x100,,,,,,,,,,,,,,,,,,,,,,,,141855,,,,,,,,,,,,,,,,,,,
110756,variation,69457705,,D-sign Rug 1P0451 Grey - 160x110,1,0,visible,,D-sign Rug 1P0451 Grey 160x110 cm,,,taxable,parent,1,8,,0,0,,110,160,1.2,0,,791,1415,,,,,,,69450776-H,,,,,,2,,,Size,160x110,,1,,,,,,,,,,,,,,,,,,,,,,,,,,,,,,,,,,,,,160x110,,,,,,,,,,,,,,,,,,,,,,,,141856,,,,,,,,,,,,,,,,,,,
110757,variation,69457707,,D-sign Rug 1P0451 Grey - 160x120,1,0,visible,,D-sign Rug 1P0451 Grey 160x120 cm,,,taxable,parent,1,7,,0,0,,120,160,1.2,0,,838,1505,,,,,,,69450776-H,,,,,,3,,,Size,160x120,,1,,,,,,,,,,,,,,,,,,,,,,,,,,,,,,,,,,,,,160x120,,,,,,,,,,,,,,,,,,,,,,,,141857,,,,,,,,,,,,,,,,,,,
110758,variation,69457711,,D-sign Rug 1P0451 Grey - 160x130,1,0,visible,,D-sign Rug 1P0451 Grey 160x130 cm,,,taxable,parent,1,6,,0,0,,130,160,1.2,0,,885,1585,,,,,,,69450776-H,,,,,,4,,,Size,160x130,,1,,,,,,,,,,,,,,,,,,,,,,,,,,,,,,,,,,,,,160x130,,,,,,,,,,,,,,,,,,,,,,,,141858,,,,,,,,,,,,,,,,,,,
110759,variation,69457710,,D-sign Rug 1P0451 Grey - 160x140,1,0,visible,,D-sign Rug 1P0451 Grey 160x140 cm,,,taxable,parent,1,6,,0,0,,140,160,1.2,0,,932,1675,,,,,,,69450776-H,,,,,,5,,,Size,160x140,,1,,,,,,,,,,,,,,,,,,,,,,,,,,,,,,,,,,,,,160x140,,,,,,,,,,,,,,,,,,,,,,,,141859,,,,,,,,,,,,,,,,,,,
110760,variation,69457704,,D-sign Rug 1P0451 Grey - 160x150,1,0,visible,,D-sign Rug 1P0451 Grey 160x150 cm,,,taxable,parent,1,5,,0,0,,150,160,1.2,0,,979,1755,,,,,,,69450776-H,,,,,,6,,,Size,160x150,,1,,,,,,,,,,,,,,,,,,,,,,,,,,,,,,,,,,,,,160x150,,,,,,,,,,,,,,,,,,,,,,,,141860,,,,,,,,,,,,,,,,,,,
110761,variation,69450785,,D-sign Rug 1P0451 Grey - 160x160,1,0,visible,,D-sign Rug 1P0451 Grey 160x160 cm,,,taxable,parent,1,5,,0,0,,160,160,1.2,0,,1026,1845,,,,,,,69450776-H,,,,,,7,,,Size,160x160,,1,,,,,,,,,,,,,,,,,,,,,,,,,,,,,,,,,,,,,160x160,,,,,,,,,,,,,,,,,,,,,,,,141861,,,,,,,,,,,,,,,,,,,
110762,variation,69450779,,D-sign Rug 1P0451 Grey - 160x170,1,0,visible,,D-sign Rug 1P0451 Grey 160x170 cm,,,taxable,parent,1,5,,0,0,,170,160,1.2,0,,1073,1925,,,,,,,69450776-H,,,,,,8,,,Size,160x170,,1,,,,,,,,,,,,,,,,,,,,,,,,,,,,,,,,,,,,,160x170,,,,,,,,,,,,,,,,,,,,,,,,141862,,,,,,,,,,,,,,,,,,,
110763,variation,69450786,,D-sign Rug 1P0451 Grey - 160x180,1,0,visible,,D-sign Rug 1P0451 Grey 160x180 cm,,,taxable,parent,1,4,,0,0,,180,160,1.2,0,,1120,2015,,,,,,,69450776-H,,,,,,9,,,Size,160x180,,1,,,,,,,,,,,,,,,,,,,,,,,,,,,,,,,,,,,,,160x180,,,,,,,,,,,,,,,,,,,,,,,,141863,,,,,,,,,,,,,,,,,,,
110764,variation,69450781,,D-sign Rug 1P0451 Grey - 160x190,1,0,visible,,D-sign Rug 1P0451 Grey 160x190 cm,,,taxable,parent,1,4,,0,0,,190,160,1.2,0,,1167,2095,,,,,,,69450776-H,,,,,,10,,,Size,160x190,,1,,,,,,,,,,,,,,,,,,,,,,,,,,,,,,,,,,,,,160x190,,,,,,,,,,,,,,,,,,,,,,,,141864,,,,,,,,,,,,,,,,,,,
110765,variation,69450788,,D-sign Rug 1P0451 Grey - 160x200,1,0,visible,,D-sign Rug 1P0451 Grey 160x200 cm,,,taxable,parent,1,4,,0,0,,200,160,1.2,0,,1214,2185,,,,,,,69450776-H,,,,,,11,,,Size,160x200,,1,,,,,,,,,,,,,,,,,,,,,,,,,,,,,,,,,,,,,160x200,,,,,,,,,,,,,,,,,,,,,,,,141865,,,,,,,,,,,,,,,,,,,
110766,variation,69450782,,D-sign Rug 1P0451 Grey - 160x210,1,0,visible,,D-sign Rug 1P0451 Grey 160x210 cm,,,taxable,parent,1,4,,0,0,,210,160,1.2,0,,1261,2265,,,,,,,69450776-H,,,,,,12,,,Size,160x210,,1,,,,,,,,,,,,,,,,,,,,,,,,,,,,,,,,,,,,,160x210,,,,,,,,,,,,,,,,,,,,,,,,141866,,,,,,,,,,,,,,,,,,,
110767,variation,69450780,,D-sign Rug 1P0451 Grey - 160x220,1,0,visible,,D-sign Rug 1P0451 Grey 160x220 cm,,,taxable,parent,1,4,,0,0,,220,160,1.2,0,,1308,2345,,,,,,,69450776-H,,,,,,13,,,Size,160x220,,1,,,,,,,,,,,,,,,,,,,,,,,,,,,,,,,,,,,,,160x220,,,,,,,,,,,,,,,,,,,,,,,,141867,,,,,,,,,,,,,,,,,,,
110768,variation,69450783,,D-sign Rug 1P0451 Grey - 160x230,1,0,visible,,D-sign Rug 1P0451 Grey 160x230 cm,,,taxable,parent,1,3,,0,0,,230,160,1.2,0,,1355,2435,,,,,,,69450776-H,,,,,,14,,,Size,160x230,,1,,,,,,,,,,,,,,,,,,,,,,,,,,,,,,,,,,,,,160x230,,,,,,,,,,,,,,,,,,,,,,,,141868,,,,,,,,,,,,,,,,,,,
110769,variation,69450787,,D-sign Rug 1P0451 Grey - 160x240,1,0,visible,,D-sign Rug 1P0451 Grey 160x240 cm,,,taxable,parent,1,3,,0,0,,240,160,1.2,0,,1402,2515,,,,,,,69450776-H,,,,,,15,,,Size,160x240,,1,,,,,,,,,,,,,,,,,,,,,,,,,,,,,,,,,,,,,160x240,,,,,,,,,,,,,,,,,,,,,,,,141869,,,,,,,,,,,,,,,,,,,
110770,variation,69450784,,D-sign Rug 1P0451 Grey - 160x250,1,0,visible,,D-sign Rug 1P0451 Grey 160x250 cm,,,taxable,parent,1,3,,0,0,,250,160,1.2,0,,1449,2605,,,,,,,69450776-H,,,,,,16,,,Size,160x250,,1,,,,,,,,,,,,,,,,,,,,,,,,,,,,,,,,,,,,,160x250,,,,,,,,,,,,,,,,,,,,,,,,141870,,,,,,,,,,,,,,,,,,,
110771,variation,69450790,,D-sign Rug 1P0451 Grey - 160x260,1,0,visible,,D-sign Rug 1P0451 Grey 160x260 cm,,,taxable,parent,1,3,,0,0,,260,160,1.2,0,,1496,2685,,,,,,,69450776-H,,,,,,17,,,Size,160x260,,1,,,,,,,,,,,,,,,,,,,,,,,,,,,,,,,,,,,,,160x260,,,,,,,,,,,,,,,,,,,,,,,,141871,,,,,,,,,,,,,,,,,,,
110772,variation,69450795,,D-sign Rug 1P0451 Grey - 160x270,1,0,visible,,D-sign Rug 1P0451 Grey 160x270 cm,,,taxable,parent,1,3,,0,0,,270,160,1.2,0,,1543,2775,,,,,,,69450776-H,,,,,,18,,,Size,160x270,,1,,,,,,,,,,,,,,,,,,,,,,,,,,,,,,,,,,,,,160x270,,,,,,,,,,,,,,,,,,,,,,,,141872,,,,,,,,,,,,,,,,,,,
110773,variation,69450793,,D-sign Rug 1P0451 Grey - 160x280,1,0,visible,,D-sign Rug 1P0451 Grey 160x280 cm,,,taxable,parent,1,3,,0,0,,280,160,1.2,0,,1590,2855,,,,,,,69450776-H,,,,,,19,,,Size,160x280,,1,,,,,,,,,,,,,,,,,,,,,,,,,,,,,,,,,,,,,160x280,,,,,,,,,,,,,,,,,,,,,,,,141873,,,,,,,,,,,,,,,,,,,
110774,variation,69450796,,D-sign Rug 1P0451 Grey - 160x290,1,0,visible,,D-sign Rug 1P0451 Grey 160x290 cm,,,taxable,parent,1,3,,0,0,,290,160,1.2,0,,1637,2945,,,,,,,69450776-H,,,,,,20,,,Size,160x290,,1,,,,,,,,,,,,,,,,,,,,,,,,,,,,,,,,,,,,,160x290,,,,,,,,,,,,,,,,,,,,,,,,141874,,,,,,,,,,,,,,,,,,,
110775,variation,69450789,,D-sign Rug 1P0451 Grey - 160x300,1,0,visible,,D-sign Rug 1P0451 Grey 160x300 cm,,,taxable,parent,1,2,,0,0,,300,160,1.2,0,,1684,3025,,,,,,,69450776-H,,,,,,21,,,Size,160x300,,1,,,,,,,,,,,,,,,,,,,,,,,,,,,,,,,,,,,,,160x300,,,,,,,,,,,,,,,,,,,,,,,,141875,,,,,,,,,,,,,,,,,,,
110776,variation,69450792,,D-sign Rug 1P0451 Grey - 160x310,1,0,visible,,D-sign Rug 1P0451 Grey 160x310 cm,,,taxable,parent,1,2,,0,0,,310,160,1.2,0,,1730,3105,,,,,,,69450776-H,,,,,,22,,,Size,160x310,,1,,,,,,,,,,,,,,,,,,,,,,,,,,,,,,,,,,,,,160x310,,,,,,,,,,,,,,,,,,,,,,,,141876,,,,,,,,,,,,,,,,,,,
110777,variation,69450794,,D-sign Rug 1P0451 Grey - 160x320,1,0,visible,,D-sign Rug 1P0451 Grey 160x320 cm,,,taxable,parent,1,2,,0,0,,320,160,1.2,0,,1777,3195,,,,,,,69450776-H,,,,,,23,,,Size,160x320,,1,,,,,,,,,,,,,,,,,,,,,,,,,,,,,,,,,,,,,160x320,,,,,,,,,,,,,,,,,,,,,,,,141877,,,,,,,,,,,,,,,,,,,
110778,variation,69450791,,D-sign Rug 1P0451 Grey - 160x330,1,0,visible,,D-sign Rug 1P0451 Grey 160x330 cm,,,taxable,parent,1,2,,0,0,,330,160,1.2,0,,1824,3275,,,,,,,69450776-H,,,,,,24,,,Size,160x330,,1,,,,,,,,,,,,,,,,,,,,,,,,,,,,,,,,,,,,,160x330,,,,,,,,,,,,,,,,,,,,,,,,141878,,,,,,,,,,,,,,,,,,,
110779,variation,69450797,,D-sign Rug 1P0451 Grey - 160x340,1,0,visible,,D-sign Rug 1P0451 Grey 160x340 cm,,,taxable,parent,1,2,,0,0,,340,160,1.2,0,,1871,3365,,,,,,,69450776-H,,,,,,25,,,Size,160x340,,1,,,,,,,,,,,,,,,,,,,,,,,,,,,,,,,,,,,,,160x340,,,,,,,,,,,,,,,,,,,,,,,,141879,,,,,,,,,,,,,,,,,,,
110780,variation,69450798,,D-sign Rug 1P0451 Grey - 160x350,1,0,visible,,D-sign Rug 1P0451 Grey 160x350 cm,,,taxable,parent,1,2,,0,0,,350,160,1.2,0,,1918,3445,,,,,,,69450776-H,,,,,,26,,,Size,160x350,,1,,,,,,,,,,,,,,,,,,,,,,,,,,,,,,,,,,,,,160x350,,,,,,,,,,,,,,,,,,,,,,,,141880,,,,,,,,,,,,,,,,,,,
110781,variation,69450799,,D-sign Rug 1P0451 Grey - 160x360,1,0,visible,,D-sign Rug 1P0451 Grey 160x360 cm,,,taxable,parent,1,2,,0,0,,360,160,1.2,0,,1965,3535,,,,,,,69450776-H,,,,,,27,,,Size,160x360,,1,,,,,,,,,,,,,,,,,,,,,,,,,,,,,,,,,,,,,160x360,,,,,,,,,,,,,,,,,,,,,,,,141881,,,,,,,,,,,,,,,,,,,
110782,variation,69450806,,D-sign Rug 1P0451 Grey - 160x370,1,0,visible,,D-sign Rug 1P0451 Grey 160x370 cm,,,taxable,parent,1,2,,0,0,,370,160,1.2,0,,2012,3615,,,,,,,69450776-H,,,,,,28,,,Size,160x370,,1,,,,,,,,,,,,,,,,,,,,,,,,,,,,,,,,,,,,,160x370,,,,,,,,,,,,,,,,,,,,,,,,141882,,,,,,,,,,,,,,,,,,,
110783,variation,69450805,,D-sign Rug 1P0451 Grey - 160x380,1,0,visible,,D-sign Rug 1P0451 Grey 160x380 cm,,,taxable,parent,1,2,,0,0,,380,160,1.2,0,,2059,3705,,,,,,,69450776-H,,,,,,29,,,Size,160x380,,1,,,,,,,,,,,,,,,,,,,,,,,,,,,,,,,,,,,,,160x380,,,,,,,,,,,,,,,,,,,,,,,,141883,,,,,,,,,,,,,,,,,,,
110784,variation,69450807,,D-sign Rug 1P0451 Grey - 160x390,1,0,visible,,D-sign Rug 1P0451 Grey 160x390 cm,,,taxable,parent,1,2,,0,0,,390,160,1.2,0,,2106,3785,,,,,,,69450776-H,,,,,,30,,,Size,160x390,,1,,,,,,,,,,,,,,,,,,,,,,,,,,,,,,,,,,,,,160x390,,,,,,,,,,,,,,,,,,,,,,,,141884,,,,,,,,,,,,,,,,,,,
110785,variation,69450804,,D-sign Rug 1P0451 Grey - 160x400,1,0,visible,,D-sign Rug 1P0451 Grey 160x400 cm,,,taxable,parent,1,2,,0,0,,400,160,1.2,0,,2153,3875,,,,,,,69450776-H,,,,,,31,,,Size,160x400,,1,,,,,,,,,,,,,,,,,,,,,,,,,,,,,,,,,,,,,160x400,,,,,,,,,,,,,,,,,,,,,,,,141885,,,,,,,,,,,,,,,,,,,
110786,variation,69450801,,D-sign Rug 1P0451 Grey - 160x410,1,0,visible,,D-sign Rug 1P0451 Grey 160x410 cm,,,taxable,parent,1,2,,0,0,,410,160,1.2,0,,2200,3955,,,,,,,69450776-H,,,,,,32,,,Size,160x410,,1,,,,,,,,,,,,,,,,,,,,,,,,,,,,,,,,,,,,,160x410,,,,,,,,,,,,,,,,,,,,,,,,141886,,,,,,,,,,,,,,,,,,,
110787,variation,69450803,,D-sign Rug 1P0451 Grey - 160x420,1,0,visible,,D-sign Rug 1P0451 Grey 160x420 cm,,,taxable,parent,1,2,,0,0,,420,160,1.2,0,,2247,4035,,,,,,,69450776-H,,,,,,33,,,Size,160x420,,1,,,,,,,,,,,,,,,,,,,,,,,,,,,,,,,,,,,,,160x420,,,,,,,,,,,,,,,,,,,,,,,,141887,,,,,,,,,,,,,,,,,,,
110788,variation,69450800,,D-sign Rug 1P0451 Grey - 160x430,1,0,visible,,D-sign Rug 1P0451 Grey 160x430 cm,,,taxable,parent,1,2,,0,0,,430,160,1.2,0,,2294,4125,,,,,,,69450776-H,,,,,,34,,,Size,160x430,,1,,,,,,,,,,,,,,,,,,,,,,,,,,,,,,,,,,,,,160x430,,,,,,,,,,,,,,,,,,,,,,,,141888,,,,,,,,,,,,,,,,,,,
110789,variation,69450802,,D-sign Rug 1P0451 Grey - 160x440,1,0,visible,,D-sign Rug 1P0451 Grey 160x440 cm,,,taxable,parent,1,2,,0,0,,440,160,1.2,0,,2341,4205,,,,,,,69450776-H,,,,,,35,,,Size,160x440,,1,,,,,,,,,,,,,,,,,,,,,,,,,,,,,,,,,,,,,160x440,,,,,,,,,,,,,,,,,,,,,,,,141889,,,,,,,,,,,,,,,,,,,
110790,variation,69450808,,D-sign Rug 1P0451 Grey - 160x450,1,0,visible,,D-sign Rug 1P0451 Grey 160x450 cm,,,taxable,parent,1,1,,0,0,,450,160,1.2,0,,2388,4295,,,,,,,69450776-H,,,,,,36,,,Size,160x450,,1,,,,,,,,,,,,,,,,,,,,,,,,,,,,,,,,,,,,,160x450,,,,,,,,,,,,,,,,,,,,,,,,141890,,,,,,,,,,,,,,,,,,,
110791,variation,69450814,,D-sign Rug 1P0451 Grey - 160x460,1,0,visible,,D-sign Rug 1P0451 Grey 160x460 cm,,,taxable,parent,1,1,,0,0,,460,160,1.2,0,,2435,4375,,,,,,,69450776-H,,,,,,37,,,Size,160x460,,1,,,,,,,,,,,,,,,,,,,,,,,,,,,,,,,,,,,,,160x460,,,,,,,,,,,,,,,,,,,,,,,,141891,,,,,,,,,,,,,,,,,,,
110792,variation,69450812,,D-sign Rug 1P0451 Grey - 160x470,1,0,visible,,D-sign Rug 1P0451 Grey 160x470 cm,,,taxable,parent,1,1,,0,0,,470,160,1.2,0,,2482,4465,,,,,,,69450776-H,,,,,,38,,,Size,160x470,,1,,,,,,,,,,,,,,,,,,,,,,,,,,,,,,,,,,,,,160x470,,,,,,,,,,,,,,,,,,,,,,,,141892,,,,,,,,,,,,,,,,,,,
110793,variation,69450818,,D-sign Rug 1P0451 Grey - 160x480,1,0,visible,,D-sign Rug 1P0451 Grey 160x480 cm,,,taxable,parent,1,1,,0,0,,480,160,1.2,0,,2529,4545,,,,,,,69450776-H,,,,,,39,,,Size,160x480,,1,,,,,,,,,,,,,,,,,,,,,,,,,,,,,,,,,,,,,160x480,,,,,,,,,,,,,,,,,,,,,,,,141893,,,,,,,,,,,,,,,,,,,
110794,variation,69450810,,D-sign Rug 1P0451 Grey - 160x490,1,0,visible,,D-sign Rug 1P0451 Grey 160x490 cm,,,taxable,parent,1,1,,0,0,,490,160,1.2,0,,2576,4635,,,,,,,69450776-H,,,,,,40,,,Size,160x490,,1,,,,,,,,,,,,,,,,,,,,,,,,,,,,,,,,,,,,,160x490,,,,,,,,,,,,,,,,,,,,,,,,141894,,,,,,,,,,,,,,,,,,,
110795,variation,69450811,,D-sign Rug 1P0451 Grey - 160x500,1,0,visible,,D-sign Rug 1P0451 Grey 160x500 cm,,,taxable,parent,1,1,,0,0,,500,160,1.2,0,,2623,4715,,,,,,,69450776-H,,,,,,41,,,Size,160x500,,1,,,,,,,,,,,,,,,,,,,,,,,,,,,,,,,,,,,,,160x500,,,,,,,,,,,,,,,,,,,,,,,,141895,,,,,,,,,,,,,,,,,,,
110796,variation,69450813,,D-sign Rug 1P0451 Grey - 160x510,1,0,visible,,D-sign Rug 1P0451 Grey 160x510 cm,,,taxable,parent,1,1,,0,0,,510,160,1.2,0,,2670,4805,,,,,,,69450776-H,,,,,,42,,,Size,160x510,,1,,,,,,,,,,,,,,,,,,,,,,,,,,,,,,,,,,,,,160x510,,,,,,,,,,,,,,,,,,,,,,,,141896,,,,,,,,,,,,,,,,,,,
110797,variation,69450815,,D-sign Rug 1P0451 Grey - 160x520,1,0,visible,,D-sign Rug 1P0451 Grey 160x520 cm,,,taxable,parent,1,1,,0,0,,520,160,1.2,0,,2716,4885,,,,,,,69450776-H,,,,,,43,,,Size,160x520,,1,,,,,,,,,,,,,,,,,,,,,,,,,,,,,,,,,,,,,160x520,,,,,,,,,,,,,,,,,,,,,,,,141897,,,,,,,,,,,,,,,,,,,
110798,variation,69450809,,D-sign Rug 1P0451 Grey - 160x530,1,0,visible,,D-sign Rug 1P0451 Grey 160x530 cm,,,taxable,parent,1,1,,0,0,,530,160,1.2,0,,2763,4965,,,,,,,69450776-H,,,,,,44,,,Size,160x530,,1,,,,,,,,,,,,,,,,,,,,,,,,,,,,,,,,,,,,,160x530,,,,,,,,,,,,,,,,,,,,,,,,141898,,,,,,,,,,,,,,,,,,,
110799,variation,69450816,,D-sign Rug 1P0451 Grey - 160x540,1,0,visible,,D-sign Rug 1P0451 Grey 160x540 cm,,,taxable,parent,1,1,,0,0,,540,160,1.2,0,,2810,5055,,,,,,,69450776-H,,,,,,45,,,Size,160x540,,1,,,,,,,,,,,,,,,,,,,,,,,,,,,,,,,,,,,,,160x540,,,,,,,,,,,,,,,,,,,,,,,,141899,,,,,,,,,,,,,,,,,,,
110800,variation,69450817,,D-sign Rug 1P0451 Grey - 160x550,1,0,visible,,D-sign Rug 1P0451 Grey 160x550 cm,,,taxable,parent,1,1,,0,0,,550,160,1.2,0,,2857,5135,,,,,,,69450776-H,,,,,,46,,,Size,160x550,,1,,,,,,,,,,,,,,,,,,,,,,,,,,,,,,,,,,,,,160x550,,,,,,,,,,,,,,,,,,,,,,,,141900,,,,,,,,,,,,,,,,,,,
110801,variation,69450825,,D-sign Rug 1P0451 Grey - 160x560,1,0,visible,,D-sign Rug 1P0451 Grey 160x560 cm,,,taxable,parent,1,1,,0,0,,560,160,1.2,0,,2904,5225,,,,,,,69450776-H,,,,,,47,,,Size,160x560,,1,,,,,,,,,,,,,,,,,,,,,,,,,,,,,,,,,,,,,160x560,,,,,,,,,,,,,,,,,,,,,,,,141901,,,,,,,,,,,,,,,,,,,
110802,variable,69450858-H,,D-sign Rug 1P0452 Grey,1,0,visible,D-sign Rug 1P0452 Grey,D-sign Rug 1P0452 Grey,,,taxable,,1,,,0,0,,,,,0,,,,"Rooms > Entrance & Corridor, Rooms > Kitchen, Rugs > Modern, Rugs",,,"https://rugshop.eu/wp-content/uploads/2022/09/runner-karmel-plain-one-colour-grey-200-cm.jpg, https://rugshop.eu/wp-content/uploads/2022/09/runner-karmel-plain-one-colour-grey-200-cm-1.jpg, https://rugshop.eu/wp-content/uploads/2022/09/runner-karmel-plain-one-colour-grey-200-cm-2.jpg, https://rugshop.eu/wp-content/uploads/2022/09/runner-karmel-plain-one-colour-grey-200-cm-3.jpg, https://rugshop.eu/wp-content/uploads/2022/09/runner-karmel-plain-one-colour-grey-200-cm-4.jpg",,,,,,,,,2669,,,Size,"200x100, 200x110, 200x120, 200x130, 200x140, 200x150, 200x160, 200x170, 200x180, 200x190, 200x200, 200x210, 200x220, 200x230, 200x240, 200x250, 200x260, 200x270, 200x280, 200x290, 200x300, 200x310, 200x320, 200x330, 200x340, 200x350, 200x360, 200x370, 200x380, 200x390, 200x400",1,1,Brand,D-sign,1,1,Color,Black-Grey,1,1,Type of color,Singlecolor,1,1,Shape,Rectangular,1,1,Material,Polypropylene,1,1,Type of rug,Modern,1,1,Weave,Machinemade,1,1,Age,New,1,1,,,,,200x110 | 200x380 | 200x360 | 200x340 | 200x310 | 200x260 | 200x240 | 200x220 | 200x190 | 200x180 | 200x170 | 200x160 | 200x150 | 200x140 | 200x130 | 200x120 | 200x300 | 200x100 | 200x370 | 200x330 | 200x270 | 200x230 | 200x350 | 200x210 | 200x250 | 200x390 | 200x400 | 200x280 | 200x200 | 200x320 | 200x290,D-sign,Black-Grey,Polypropylene,default,default,default,default,,,,,,yes,yes,,,,,,,,,,,,,,,,,,,,,,,,,,,,,
110803,variation,69450821,,D-sign Rug 1P0451 Grey - 160x570,1,0,visible,,D-sign Rug 1P0451 Grey 160x570 cm,,,taxable,parent,1,1,,0,0,,570,160,1.2,0,,2951,5305,,,,,,,69450776-H,,,,,,48,,,Size,160x570,,1,,,,,,,,,,,,,,,,,,,,,,,,,,,,,,,,,,,,,160x570,,,,,,,,,,,,,,,,,,,,,,,,141902,,,,,,,,,,,,,,,,,,,
110804,variation,69450820,,D-sign Rug 1P0451 Grey - 160x580,1,0,visible,,D-sign Rug 1P0451 Grey 160x580 cm,,,taxable,parent,1,1,,0,0,,580,160,1.2,0,,2998,5395,,,,,,,69450776-H,,,,,,49,,,Size,160x580,,1,,,,,,,,,,,,,,,,,,,,,,,,,,,,,,,,,,,,,160x580,,,,,,,,,,,,,,,,,,,,,,,,141903,,,,,,,,,,,,,,,,,,,
110805,variation,69450819,,D-sign Rug 1P0451 Grey - 160x590,1,0,visible,,D-sign Rug 1P0451 Grey 160x590 cm,,,taxable,parent,1,1,,0,0,,590,160,1.2,0,,3045,5475,,,,,,,69450776-H,,,,,,50,,,Size,160x590,,1,,,,,,,,,,,,,,,,,,,,,,,,,,,,,,,,,,,,,160x590,,,,,,,,,,,,,,,,,,,,,,,,141904,,,,,,,,,,,,,,,,,,,
110806,variation,69450826,,D-sign Rug 1P0451 Grey - 160x600,1,0,visible,,D-sign Rug 1P0451 Grey 160x600 cm,,,taxable,parent,1,1,,0,0,,600,160,1.2,0,,3092,5565,,,,,,,69450776-H,,,,,,51,,,Size,160x600,,1,,,,,,,,,,,,,,,,,,,,,,,,,,,,,,,,,,,,,160x600,,,,,,,,,,,,,,,,,,,,,,,,141905,,,,,,,,,,,,,,,,,,,
110807,variation,69450828,,D-sign Rug 1P0451 Grey - 160x610,1,0,visible,,D-sign Rug 1P0451 Grey 160x610 cm,,,taxable,parent,1,1,,0,0,,610,160,1.2,0,,3139,5645,,,,,,,69450776-H,,,,,,52,,,Size,160x610,,1,,,,,,,,,,,,,,,,,,,,,,,,,,,,,,,,,,,,,160x610,,,,,,,,,,,,,,,,,,,,,,,,141906,,,,,,,,,,,,,,,,,,,
110808,variation,69450823,,D-sign Rug 1P0451 Grey - 160x620,1,0,visible,,D-sign Rug 1P0451 Grey 160x620 cm,,,taxable,parent,1,1,,0,0,,620,160,1.2,0,,3186,5725,,,,,,,69450776-H,,,,,,53,,,Size,160x620,,1,,,,,,,,,,,,,,,,,,,,,,,,,,,,,,,,,,,,,160x620,,,,,,,,,,,,,,,,,,,,,,,,141907,,,,,,,,,,,,,,,,,,,
110809,variation,69450822,,D-sign Rug 1P0451 Grey - 160x630,1,0,visible,,D-sign Rug 1P0451 Grey 160x630 cm,,,taxable,parent,1,1,,0,0,,630,160,1.2,0,,3233,5815,,,,,,,69450776-H,,,,,,54,,,Size,160x630,,1,,,,,,,,,,,,,,,,,,,,,,,,,,,,,,,,,,,,,160x630,,,,,,,,,,,,,,,,,,,,,,,,141908,,,,,,,,,,,,,,,,,,,
110810,variation,69450824,,D-sign Rug 1P0451 Grey - 160x640,1,0,visible,,D-sign Rug 1P0451 Grey 160x640 cm,,,taxable,parent,1,1,,0,0,,640,160,1.2,0,,3280,5895,,,,,,,69450776-H,,,,,,55,,,Size,160x640,,1,,,,,,,,,,,,,,,,,,,,,,,,,,,,,,,,,,,,,160x640,,,,,,,,,,,,,,,,,,,,,,,,141909,,,,,,,,,,,,,,,,,,,
110811,variation,69450827,,D-sign Rug 1P0451 Grey - 160x650,1,0,visible,,D-sign Rug 1P0451 Grey 160x650 cm,,,taxable,parent,1,1,,0,0,,650,160,1.2,0,,3327,5985,,,,,,,69450776-H,,,,,,56,,,Size,160x650,,1,,,,,,,,,,,,,,,,,,,,,,,,,,,,,,,,,,,,,160x650,,,,,,,,,,,,,,,,,,,,,,,,141910,,,,,,,,,,,,,,,,,,,
110812,variation,69450832,,D-sign Rug 1P0451 Grey - 160x660,1,0,visible,,D-sign Rug 1P0451 Grey 160x660 cm,,,taxable,parent,1,1,,0,0,,660,160,1.2,0,,3374,6065,,,,,,,69450776-H,,,,,,57,,,Size,160x660,,1,,,,,,,,,,,,,,,,,,,,,,,,,,,,,,,,,,,,,160x660,,,,,,,,,,,,,,,,,,,,,,,,141911,,,,,,,,,,,,,,,,,,,
110813,variation,69450834,,D-sign Rug 1P0451 Grey - 160x670,1,0,visible,,D-sign Rug 1P0451 Grey 160x670 cm,,,taxable,parent,1,1,,0,0,,670,160,1.2,0,,3421,6155,,,,,,,69450776-H,,,,,,58,,,Size,160x670,,1,,,,,,,,,,,,,,,,,,,,,,,,,,,,,,,,,,,,,160x670,,,,,,,,,,,,,,,,,,,,,,,,141912,,,,,,,,,,,,,,,,,,,
110814,variation,69450831,,D-sign Rug 1P0451 Grey - 160x680,1,0,visible,,D-sign Rug 1P0451 Grey 160x680 cm,,,taxable,parent,1,1,,0,0,,680,160,1.2,0,,3468,6235,,,,,,,69450776-H,,,,,,59,,,Size,160x680,,1,,,,,,,,,,,,,,,,,,,,,,,,,,,,,,,,,,,,,160x680,,,,,,,,,,,,,,,,,,,,,,,,141913,,,,,,,,,,,,,,,,,,,
110815,variation,69450840,,D-sign Rug 1P0451 Grey - 160x690,1,0,visible,,D-sign Rug 1P0451 Grey 160x690 cm,,,taxable,parent,1,1,,0,0,,690,160,1.2,0,,3515,6325,,,,,,,69450776-H,,,,,,60,,,Size,160x690,,1,,,,,,,,,,,,,,,,,,,,,,,,,,,,,,,,,,,,,160x690,,,,,,,,,,,,,,,,,,,,,,,,141914,,,,,,,,,,,,,,,,,,,
110816,variation,69450837,,D-sign Rug 1P0451 Grey - 160x700,1,0,visible,,D-sign Rug 1P0451 Grey 160x700 cm,,,taxable,parent,1,1,,0,0,,700,160,1.2,0,,3562,6405,,,,,,,69450776-H,,,,,,61,,,Size,160x700,,1,,,,,,,,,,,,,,,,,,,,,,,,,,,,,,,,,,,,,160x700,,,,,,,,,,,,,,,,,,,,,,,,141915,,,,,,,,,,,,,,,,,,,
110817,variation,69450836,,D-sign Rug 1P0451 Grey - 160x710,1,0,visible,,D-sign Rug 1P0451 Grey 160x710 cm,,,taxable,parent,1,1,,0,0,,710,160,1.2,0,,3609,6495,,,,,,,69450776-H,,,,,,62,,,Size,160x710,,1,,,,,,,,,,,,,,,,,,,,,,,,,,,,,,,,,,,,,160x710,,,,,,,,,,,,,,,,,,,,,,,,141916,,,,,,,,,,,,,,,,,,,
110818,variation,69450833,,D-sign Rug 1P0451 Grey - 160x720,1,0,visible,,D-sign Rug 1P0451 Grey 160x720 cm,,,taxable,parent,1,1,,0,0,,720,160,1.2,0,,3655,6575,,,,,,,69450776-H,,,,,,63,,,Size,160x720,,1,,,,,,,,,,,,,,,,,,,,,,,,,,,,,,,,,,,,,160x720,,,,,,,,,,,,,,,,,,,,,,,,141917,,,,,,,,,,,,,,,,,,,
110819,variation,69450842,,D-sign Rug 1P0451 Grey - 160x730,1,0,visible,,D-sign Rug 1P0451 Grey 160x730 cm,,,taxable,parent,1,1,,0,0,,730,160,1.2,0,,3702,6655,,,,,,,69450776-H,,,,,,64,,,Size,160x730,,1,,,,,,,,,,,,,,,,,,,,,,,,,,,,,,,,,,,,,160x730,,,,,,,,,,,,,,,,,,,,,,,,141918,,,,,,,,,,,,,,,,,,,
110820,variation,69450838,,D-sign Rug 1P0451 Grey - 160x740,1,0,visible,,D-sign Rug 1P0451 Grey 160x740 cm,,,taxable,parent,1,1,,0,0,,740,160,1.2,0,,3749,6745,,,,,,,69450776-H,,,,,,65,,,Size,160x740,,1,,,,,,,,,,,,,,,,,,,,,,,,,,,,,,,,,,,,,160x740,,,,,,,,,,,,,,,,,,,,,,,,141919,,,,,,,,,,,,,,,,,,,
110821,variation,69450839,,D-sign Rug 1P0451 Grey - 160x750,1,0,visible,,D-sign Rug 1P0451 Grey 160x750 cm,,,taxable,parent,1,1,,0,0,,750,160,1.2,0,,3796,6825,,,,,,,69450776-H,,,,,,66,,,Size,160x750,,1,,,,,,,,,,,,,,,,,,,,,,,,,,,,,,,,,,,,,160x750,,,,,,,,,,,,,,,,,,,,,,,,141920,,,,,,,,,,,,,,,,,,,
110822,variation,69450845,,D-sign Rug 1P0451 Grey - 160x760,1,0,visible,,D-sign Rug 1P0451 Grey 160x760 cm,,,taxable,parent,1,1,,0,0,,760,160,1.2,0,,3843,6915,,,,,,,69450776-H,,,,,,67,,,Size,160x760,,1,,,,,,,,,,,,,,,,,,,,,,,,,,,,,,,,,,,,,160x760,,,,,,,,,,,,,,,,,,,,,,,,141921,,,,,,,,,,,,,,,,,,,
110823,variation,69450847,,D-sign Rug 1P0451 Grey - 160x770,1,0,visible,,D-sign Rug 1P0451 Grey 160x770 cm,,,taxable,parent,1,1,,0,0,,770,160,1.2,0,,3890,6995,,,,,,,69450776-H,,,,,,68,,,Size,160x770,,1,,,,,,,,,,,,,,,,,,,,,,,,,,,,,,,,,,,,,160x770,,,,,,,,,,,,,,,,,,,,,,,,141922,,,,,,,,,,,,,,,,,,,
110824,variation,69450851,,D-sign Rug 1P0451 Grey - 160x780,1,0,visible,,D-sign Rug 1P0451 Grey 160x780 cm,,,taxable,parent,1,1,,0,0,,780,160,1.2,0,,3937,7085,,,,,,,69450776-H,,,,,,69,,,Size,160x780,,1,,,,,,,,,,,,,,,,,,,,,,,,,,,,,,,,,,,,,160x780,,,,,,,,,,,,,,,,,,,,,,,,141923,,,,,,,,,,,,,,,,,,,
110825,variation,69450852,,D-sign Rug 1P0451 Grey - 160x790,1,0,visible,,D-sign Rug 1P0451 Grey 160x790 cm,,,taxable,parent,1,1,,0,0,,790,160,1.2,0,,3984,7165,,,,,,,69450776-H,,,,,,70,,,Size,160x790,,1,,,,,,,,,,,,,,,,,,,,,,,,,,,,,,,,,,,,,160x790,,,,,,,,,,,,,,,,,,,,,,,,141924,,,,,,,,,,,,,,,,,,,
110826,variation,69450853,,D-sign Rug 1P0451 Grey - 160x800,1,0,visible,,D-sign Rug 1P0451 Grey 160x800 cm,,,taxable,parent,1,1,,0,0,,800,160,1.2,0,,4100,7375,,,,,,,69450776-H,,,,,,71,,,Size,160x800,,1,,,,,,,,,,,,,,,,,,,,,,,,,,,,,,,,,,,,,160x800,,,,,,,,,,,,,,,,,,,,,,,,141925,,,,,,,,,,,,,,,,,,,
110827,variation,69450850,,D-sign Rug 1P0451 Grey - 160x810,1,0,visible,,D-sign Rug 1P0451 Grey 160x810 cm,,,taxable,parent,1,1,,0,0,,810,160,1.2,0,,4147,7455,,,,,,,69450776-H,,,,,,72,,,Size,160x810,,1,,,,,,,,,,,,,,,,,,,,,,,,,,,,,,,,,,,,,160x810,,,,,,,,,,,,,,,,,,,,,,,,141926,,,,,,,,,,,,,,,,,,,
110828,variation,69450846,,D-sign Rug 1P0451 Grey - 160x820,1,0,visible,,D-sign Rug 1P0451 Grey 160x820 cm,,,taxable,parent,1,1,,0,0,,820,160,1.2,0,,4194,7545,,,,,,,69450776-H,,,,,,73,,,Size,160x820,,1,,,,,,,,,,,,,,,,,,,,,,,,,,,,,,,,,,,,,160x820,,,,,,,,,,,,,,,,,,,,,,,,141927,,,,,,,,,,,,,,,,,,,
110829,variation,69450848,,D-sign Rug 1P0451 Grey - 160x830,1,0,visible,,D-sign Rug 1P0451 Grey 160x830 cm,,,taxable,parent,1,1,,0,0,,830,160,1.2,0,,4241,7625,,,,,,,69450776-H,,,,,,74,,,Size,160x830,,1,,,,,,,,,,,,,,,,,,,,,,,,,,,,,,,,,,,,,160x830,,,,,,,,,,,,,,,,,,,,,,,,141928,,,,,,,,,,,,,,,,,,,
110830,variation,69450844,,D-sign Rug 1P0451 Grey - 160x840,1,0,visible,,D-sign Rug 1P0451 Grey 160x840 cm,,,taxable,parent,1,1,,0,0,,840,160,1.2,0,,4288,7715,,,,,,,69450776-H,,,,,,75,,,Size,160x840,,1,,,,,,,,,,,,,,,,,,,,,,,,,,,,,,,,,,,,,160x840,,,,,,,,,,,,,,,,,,,,,,,,141929,,,,,,,,,,,,,,,,,,,
110831,variation,69450849,,D-sign Rug 1P0451 Grey - 160x850,1,0,visible,,D-sign Rug 1P0451 Grey 160x850 cm,,,taxable,parent,1,1,,0,0,,850,160,1.2,0,,4335,7795,,,,,,,69450776-H,,,,,,76,,,Size,160x850,,1,,,,,,,,,,,,,,,,,,,,,,,,,,,,,,,,,,,,,160x850,,,,,,,,,,,,,,,,,,,,,,,,141930,,,,,,,,,,,,,,,,,,,
110833,variation,69450858,,D-sign Rug 1P0452 Grey - 200x100,1,0,visible,,D-sign Rug 1P0452 Grey 200x100 cm,,,taxable,parent,1,25,,0,0,,100,200,1.2,0,,862,1545,,,,,,,69450858-H,,,,,,1,,,Size,200x100,,1,,,,,,,,,,,,,,,,,,,,,,,,,,,,,,,,,,,,,200x100,,,,,,,,,,,,,,,,,,,,,,,,141931,,,,,,,,,,,,,,,,,,,
110834,variation,69457708,,D-sign Rug 1P0452 Grey - 200x110,1,0,visible,,D-sign Rug 1P0452 Grey 200x110 cm,,,taxable,parent,1,22,,0,0,,110,200,1.2,0,,921,1655,,,,,,,69450858-H,,,,,,2,,,Size,200x110,,1,,,,,,,,,,,,,,,,,,,,,,,,,,,,,,,,,,,,,200x110,,,,,,,,,,,,,,,,,,,,,,,,141932,,,,,,,,,,,,,,,,,,,
110835,variation,69457706,,D-sign Rug 1P0452 Grey - 200x120,1,0,visible,,D-sign Rug 1P0452 Grey 200x120 cm,,,taxable,parent,1,21,,0,0,,120,200,1.2,0,,979,1755,,,,,,,69450858-H,,,,,,3,,,Size,200x120,,1,,,,,,,,,,,,,,,,,,,,,,,,,,,,,,,,,,,,,200x120,,,,,,,,,,,,,,,,,,,,,,,,141933,,,,,,,,,,,,,,,,,,,
110836,variation,69457912,,D-sign Rug 1P0452 Grey - 200x130,1,0,visible,,D-sign Rug 1P0452 Grey 200x130 cm,,,taxable,parent,1,19,,0,0,,130,200,1.2,0,,1038,1865,,,,,,,69450858-H,,,,,,4,,,Size,200x130,,1,,,,,,,,,,,,,,,,,,,,,,,,,,,,,,,,,,,,,200x130,,,,,,,,,,,,,,,,,,,,,,,,141934,,,,,,,,,,,,,,,,,,,
110837,variation,69457712,,D-sign Rug 1P0452 Grey - 200x140,1,0,visible,,D-sign Rug 1P0452 Grey 200x140 cm,,,taxable,parent,1,18,,0,0,,140,200,1.2,0,,1097,1965,,,,,,,69450858-H,,,,,,5,,,Size,200x140,,1,,,,,,,,,,,,,,,,,,,,,,,,,,,,,,,,,,,,,200x140,,,,,,,,,,,,,,,,,,,,,,,,141935,,,,,,,,,,,,,,,,,,,
110838,variation,69457709,,D-sign Rug 1P0452 Grey - 200x150,1,0,visible,,D-sign Rug 1P0452 Grey 200x150 cm,,,taxable,parent,1,16,,0,0,,150,200,1.2,0,,1155,2075,,,,,,,69450858-H,,,,,,6,,,Size,200x150,,1,,,,,,,,,,,,,,,,,,,,,,,,,,,,,,,,,,,,,200x150,,,,,,,,,,,,,,,,,,,,,,,,141936,,,,,,,,,,,,,,,,,,,
110839,variation,69457910,,D-sign Rug 1P0452 Grey - 200x160,1,0,visible,,D-sign Rug 1P0452 Grey 200x160 cm,,,taxable,parent,1,15,,0,0,,160,200,1.2,0,,1214,2185,,,,,,,69450858-H,,,,,,7,,,Size,200x160,,1,,,,,,,,,,,,,,,,,,,,,,,,,,,,,,,,,,,,,200x160,,,,,,,,,,,,,,,,,,,,,,,,141937,,,,,,,,,,,,,,,,,,,
110840,variation,69457907,,D-sign Rug 1P0452 Grey - 200x170,1,0,visible,,D-sign Rug 1P0452 Grey 200x170 cm,,,taxable,parent,1,14,,0,0,,170,200,1.2,0,,1273,2285,,,,,,,69450858-H,,,,,,8,,,Size,200x170,,1,,,,,,,,,,,,,,,,,,,,,,,,,,,,,,,,,,,,,200x170,,,,,,,,,,,,,,,,,,,,,,,,141938,,,,,,,,,,,,,,,,,,,
110841,variation,69457913,,D-sign Rug 1P0452 Grey - 200x180,1,0,visible,,D-sign Rug 1P0452 Grey 200x180 cm,,,taxable,parent,1,14,,0,0,,180,200,1.2,0,,1331,2395,,,,,,,69450858-H,,,,,,9,,,Size,200x180,,1,,,,,,,,,,,,,,,,,,,,,,,,,,,,,,,,,,,,,200x180,,,,,,,,,,,,,,,,,,,,,,,,141939,,,,,,,,,,,,,,,,,,,
110842,variation,69457909,,D-sign Rug 1P0452 Grey - 200x190,1,0,visible,,D-sign Rug 1P0452 Grey 200x190 cm,,,taxable,parent,1,13,,0,0,,190,200,1.2,0,,1390,2495,,,,,,,69450858-H,,,,,,10,,,Size,200x190,,1,,,,,,,,,,,,,,,,,,,,,,,,,,,,,,,,,,,,,200x190,,,,,,,,,,,,,,,,,,,,,,,,141940,,,,,,,,,,,,,,,,,,,
110843,variation,69450862,,D-sign Rug 1P0452 Grey - 200x200,1,0,visible,,D-sign Rug 1P0452 Grey 200x200 cm,,,taxable,parent,1,12,,0,0,,200,200,1.2,0,,1449,2605,,,,,,,69450858-H,,,,,,11,,,Size,200x200,,1,,,,,,,,,,,,,,,,,,,,,,,,,,,,,,,,,,,,,200x200,,,,,,,,,,,,,,,,,,,,,,,,141941,,,,,,,,,,,,,,,,,,,
110844,variation,69450861,,D-sign Rug 1P0452 Grey - 200x210,1,0,visible,,D-sign Rug 1P0452 Grey 200x210 cm,,,taxable,parent,1,12,,0,0,,210,200,1.2,0,,1507,2705,,,,,,,69450858-H,,,,,,12,,,Size,200x210,,1,,,,,,,,,,,,,,,,,,,,,,,,,,,,,,,,,,,,,200x210,,,,,,,,,,,,,,,,,,,,,,,,141942,,,,,,,,,,,,,,,,,,,
110845,variation,69450868,,D-sign Rug 1P0452 Grey - 200x220,1,0,visible,,D-sign Rug 1P0452 Grey 200x220 cm,,,taxable,parent,1,11,,0,0,,220,200,1.2,0,,1566,2815,,,,,,,69450858-H,,,,,,13,,,Size,200x220,,1,,,,,,,,,,,,,,,,,,,,,,,,,,,,,,,,,,,,,200x220,,,,,,,,,,,,,,,,,,,,,,,,141943,,,,,,,,,,,,,,,,,,,
110846,variation,69450863,,D-sign Rug 1P0452 Grey - 200x230,1,0,visible,,D-sign Rug 1P0452 Grey 200x230 cm,,,taxable,parent,1,10,,0,0,,230,200,1.2,0,,1625,2915,,,,,,,69450858-H,,,,,,14,,,Size,200x230,,1,,,,,,,,,,,,,,,,,,,,,,,,,,,,,,,,,,,,,200x230,,,,,,,,,,,,,,,,,,,,,,,,141944,,,,,,,,,,,,,,,,,,,
110847,variation,69450869,,D-sign Rug 1P0452 Grey - 200x240,1,0,visible,,D-sign Rug 1P0452 Grey 200x240 cm,,,taxable,parent,1,10,,0,0,,240,200,1.2,0,,1684,3025,,,,,,,69450858-H,,,,,,15,,,Size,200x240,,1,,,,,,,,,,,,,,,,,,,,,,,,,,,,,,,,,,,,,200x240,,,,,,,,,,,,,,,,,,,,,,,,141945,,,,,,,,,,,,,,,,,,,
110848,variation,69450864,,D-sign Rug 1P0452 Grey - 200x250,1,0,visible,,D-sign Rug 1P0452 Grey 200x250 cm,,,taxable,parent,1,10,,0,0,,250,200,1.2,0,,1742,3135,,,,,,,69450858-H,,,,,,16,,,Size,200x250,,1,,,,,,,,,,,,,,,,,,,,,,,,,,,,,,,,,,,,,200x250,,,,,,,,,,,,,,,,,,,,,,,,141946,,,,,,,,,,,,,,,,,,,
110849,variation,69450866,,D-sign Rug 1P0452 Grey - 200x260,1,0,visible,,D-sign Rug 1P0452 Grey 200x260 cm,,,taxable,parent,1,9,,0,0,,260,200,1.2,0,,1801,3235,,,,,,,69450858-H,,,,,,17,,,Size,200x260,,1,,,,,,,,,,,,,,,,,,,,,,,,,,,,,,,,,,,,,200x260,,,,,,,,,,,,,,,,,,,,,,,,141947,,,,,,,,,,,,,,,,,,,
110850,variation,69450867,,D-sign Rug 1P0452 Grey - 200x270,1,0,visible,,D-sign Rug 1P0452 Grey 200x270 cm,,,taxable,parent,1,9,,0,0,,270,200,1.2,0,,1860,3345,,,,,,,69450858-H,,,,,,18,,,Size,200x270,,1,,,,,,,,,,,,,,,,,,,,,,,,,,,,,,,,,,,,,200x270,,,,,,,,,,,,,,,,,,,,,,,,141948,,,,,,,,,,,,,,,,,,,
110851,variation,69450870,,D-sign Rug 1P0452 Grey - 200x280,1,0,visible,,D-sign Rug 1P0452 Grey 200x280 cm,,,taxable,parent,1,9,,0,0,,280,200,1.2,0,,1918,3445,,,,,,,69450858-H,,,,,,19,,,Size,200x280,,1,,,,,,,,,,,,,,,,,,,,,,,,,,,,,,,,,,,,,200x280,,,,,,,,,,,,,,,,,,,,,,,,141949,,,,,,,,,,,,,,,,,,,
110852,variation,69450871,,D-sign Rug 1P0452 Grey - 200x290,1,0,visible,,D-sign Rug 1P0452 Grey 200x290 cm,,,taxable,parent,1,8,,0,0,,290,200,1.2,0,,1977,3555,,,,,,,69450858-H,,,,,,20,,,Size,200x290,,1,,,,,,,,,,,,,,,,,,,,,,,,,,,,,,,,,,,,,200x290,,,,,,,,,,,,,,,,,,,,,,,,141950,,,,,,,,,,,,,,,,,,,
110853,variation,69450874,,D-sign Rug 1P0452 Grey - 200x300,1,0,visible,,D-sign Rug 1P0452 Grey 200x300 cm,,,taxable,parent,1,8,,0,0,,300,200,1.2,0,,2036,3655,,,,,,,69450858-H,,,,,,21,,,Size,200x300,,1,,,,,,,,,,,,,,,,,,,,,,,,,,,,,,,,,,,,,200x300,,,,,,,,,,,,,,,,,,,,,,,,141951,,,,,,,,,,,,,,,,,,,
110854,variation,69450882,,D-sign Rug 1P0452 Grey - 200x310,1,0,visible,,D-sign Rug 1P0452 Grey 200x310 cm,,,taxable,parent,1,8,,0,0,,310,200,1.2,0,,2094,3765,,,,,,,69450858-H,,,,,,22,,,Size,200x310,,1,,,,,,,,,,,,,,,,,,,,,,,,,,,,,,,,,,,,,200x310,,,,,,,,,,,,,,,,,,,,,,,,141952,,,,,,,,,,,,,,,,,,,
110855,variation,69450875,,D-sign Rug 1P0452 Grey - 200x320,1,0,visible,,D-sign Rug 1P0452 Grey 200x320 cm,,,taxable,parent,0,0,,0,0,,320,200,1.2,0,,2153,3875,,,,,,,69450858-H,,,,,,23,,,Size,200x320,,1,,,,,,,,,,,,,,,,,,,,,,,,,,,,,,,,,,,,,200x320,,,,,,,,,,,,,,,,,,,,,,,,141953,,,,,,,,,,,,,,,,,,,
110856,variation,69450873,,D-sign Rug 1P0452 Grey - 200x330,1,0,visible,,D-sign Rug 1P0452 Grey 200x330 cm,,,taxable,parent,1,7,,0,0,,330,200,1.2,0,,2212,3975,,,,,,,69450858-H,,,,,,24,,,Size,200x330,,1,,,,,,,,,,,,,,,,,,,,,,,,,,,,,,,,,,,,,200x330,,,,,,,,,,,,,,,,,,,,,,,,141954,,,,,,,,,,,,,,,,,,,
110857,variation,69450878,,D-sign Rug 1P0452 Grey - 200x340,1,0,visible,,D-sign Rug 1P0452 Grey 200x340 cm,,,taxable,parent,1,7,,0,0,,340,200,1.2,0,,2270,4085,,,,,,,69450858-H,,,,,,25,,,Size,200x340,,1,,,,,,,,,,,,,,,,,,,,,,,,,,,,,,,,,,,,,200x340,,,,,,,,,,,,,,,,,,,,,,,,141955,,,,,,,,,,,,,,,,,,,
110858,variation,69450879,,D-sign Rug 1P0452 Grey - 200x350,1,0,visible,,D-sign Rug 1P0452 Grey 200x350 cm,,,taxable,parent,1,7,,0,0,,350,200,1.2,0,,2329,4185,,,,,,,69450858-H,,,,,,26,,,Size,200x350,,1,,,,,,,,,,,,,,,,,,,,,,,,,,,,,,,,,,,,,200x350,,,,,,,,,,,,,,,,,,,,,,,,141956,,,,,,,,,,,,,,,,,,,
110859,variation,69450883,,D-sign Rug 1P0452 Grey - 200x360,1,0,visible,,D-sign Rug 1P0452 Grey 200x360 cm,,,taxable,parent,1,7,,0,0,,360,200,1.2,0,,2388,4295,,,,,,,69450858-H,,,,,,27,,,Size,200x360,,1,,,,,,,,,,,,,,,,,,,,,,,,,,,,,,,,,,,,,200x360,,,,,,,,,,,,,,,,,,,,,,,,141957,,,,,,,,,,,,,,,,,,,
110860,variation,69450877,,D-sign Rug 1P0452 Grey - 200x370,1,0,visible,,D-sign Rug 1P0452 Grey 200x370 cm,,,taxable,parent,0,0,,0,0,,370,200,1.2,0,,2446,4395,,,,,,,69450858-H,,,,,,28,,,Size,200x370,,1,,,,,,,,,,,,,,,,,,,,,,,,,,,,,,,,,,,,,200x370,,,,,,,,,,,,,,,,,,,,,,,,141958,,,,,,,,,,,,,,,,,,,
110861,variation,69450880,,D-sign Rug 1P0452 Grey - 200x380,1,0,visible,,D-sign Rug 1P0452 Grey 200x380 cm,,,taxable,parent,1,6,,0,0,,380,200,1.2,0,,2505,4505,,,,,,,69450858-H,,,,,,29,,,Size,200x380,,1,,,,,,,,,,,,,,,,,,,,,,,,,,,,,,,,,,,,,200x380,,,,,,,,,,,,,,,,,,,,,,,,141959,,,,,,,,,,,,,,,,,,,
110862,variation,69450876,,D-sign Rug 1P0452 Grey - 200x390,1,0,visible,,D-sign Rug 1P0452 Grey 200x390 cm,,,taxable,parent,1,6,,0,0,,390,200,1.2,0,,2564,4605,,,,,,,69450858-H,,,,,,30,,,Size,200x390,,1,,,,,,,,,,,,,,,,,,,,,,,,,,,,,,,,,,,,,200x390,,,,,,,,,,,,,,,,,,,,,,,,141960,,,,,,,,,,,,,,,,,,,
110863,variable,69450888-H,,D-sign Rug 1P0453 Beige,1,0,visible,D-sign Rug 1P0453 Beige,D-sign Rug 1P0453 Beige,,,taxable,,1,,,0,0,,,,,1,,,,"Rooms > Entrance & Corridor, Rooms > Living room, Rugs > Persian, Rugs, Rugs > Traditional",,,"https://rugshop.eu/wp-content/uploads/2022/09/wool-carpet-polonia-astoria-oriental-cognac-beige.jpg, https://rugshop.eu/wp-content/uploads/2022/09/wool-carpet-polonia-astoria-oriental-cognac-beige.jpg",,,,,,,,,2670,,,Size,"170x235, 200x300, 235x350",1,1,Brand,D-sign,1,1,Color,"Blue, White-Beige",1,1,Type of color,Multicolor,1,1,Shape,Rectangular,1,1,Material,Wool,1,1,Type of rug,"Persian, Traditional",1,1,Weave,Machinemade,1,1,Country,Poland,1,1,Age,New,1,1,170x235 | 200x300 | 235x350,D-sign,Blue | White-Beige,Wool,,,,,,,,,,yes,yes,,,,,,,,,,,,,,,,,,,,,,,,,,,,,
110865,variable,69450885-H,,D-sign Rug 1P0455 Red,1,0,visible,D-sign Rug 1P0455 Red,D-sign Rug 1P0455 Red,,,taxable,,1,,,0,0,,,,,1,,,,"Rooms > Living room, Rugs > Persian, Rugs",,,"https://rugshop.eu/wp-content/uploads/2022/09/wool-carpet-superior-piena-rosette-ruby.jpg, https://rugshop.eu/wp-content/uploads/2022/09/wool-carpet-superior-piena-rosette-ruby-1.jpg, https://rugshop.eu/wp-content/uploads/2022/09/wool-carpet-superior-piena-rosette-ruby-2.jpg, https://rugshop.eu/wp-content/uploads/2022/09/wool-carpet-superior-piena-rosette-ruby-3.jpg, https://rugshop.eu/wp-content/uploads/2022/09/wool-carpet-superior-piena-rosette-ruby-4.jpg",,,,,,,,,2672,,,Size,"170x235, 200x300, 235x350",1,1,Brand,D-sign,1,1,Color,Red,1,1,Type of color,Multicolor,1,1,Shape,Rectangular,1,1,Material,Wool,1,1,Type of rug,Persian,1,1,Weave,Machinemade,1,1,Country,Poland,1,1,Age,New,1,1,170x235 | 200x300 | 235x350,D-sign,Red,Wool,,,,,,,,,,yes,yes,,,,,,,,,,,,,,,,,,,,,,,,,,,,,
110866,variable,69450894-H,,D-sign Rug 1P0456 Brown,1,0,visible,D-sign Rug 1P0456 Brown,D-sign Rug 1P0456 Brown,,,taxable,,1,,,0,0,,,,,1,,,,"Rooms > Living room, Rugs, Rugs > Vintage",,,"https://rugshop.eu/wp-content/uploads/2022/09/wool-carpet-omega-lumena-ethnic-vintage-camel.jpg, https://rugshop.eu/wp-content/uploads/2022/09/wool-carpet-omega-lumena-ethnic-vintage-camel-1.jpg, https://rugshop.eu/wp-content/uploads/2022/09/wool-carpet-omega-lumena-ethnic-vintage-camel-2.jpg, https://rugshop.eu/wp-content/uploads/2022/09/wool-carpet-omega-lumena-ethnic-vintage-camel-3.jpg, https://rugshop.eu/wp-content/uploads/2022/09/wool-carpet-omega-lumena-ethnic-vintage-camel-4.jpg",,,,,,,,,2673,,,Size,"170x235, 200x300, 235x350",1,1,Brand,D-sign,1,1,Color,White-Beige,1,1,Type of color,Multicolor,1,1,Shape,Rectangular,1,1,Material,Wool,1,1,Type of rug,Vintage / Colored Vintage,1,1,Weave,Machinemade,1,1,Age,New,1,1,,,,,170x235 | 200x300 | 235x350,D-sign,White-Beige,Wool,,,,,,,,,,yes,yes,,,,,,,,,,,,,,,,,,,,,,,,,,,,,
110867,variable,69450895-H,,D-sign Rug 1P0457 Brown,1,0,visible,D-sign Rug 1P0457 Brown,D-sign Rug 1P0457 Brown,,,taxable,,1,,,0,0,,,,,1,,,,"Rooms > Living room, Rugs, Rugs > Traditional",,,"https://rugshop.eu/wp-content/uploads/2022/09/wool-carpet-omega-parillo-frame-jadeit-brown.jpg, https://rugshop.eu/wp-content/uploads/2022/09/wool-carpet-omega-parillo-frame-jadeit-brown-1.jpg, https://rugshop.eu/wp-content/uploads/2022/09/wool-carpet-omega-parillo-frame-jadeit-brown-2.jpg, https://rugshop.eu/wp-content/uploads/2022/09/wool-carpet-omega-parillo-frame-jadeit-brown-3.jpg, https://rugshop.eu/wp-content/uploads/2022/09/wool-carpet-omega-parillo-frame-jadeit-brown-4.jpg",,,,,,,,,2674,,,Size,"170x235, 200x300, 235x350",1,1,Brand,D-sign,1,1,Color,Yellow-Brown,1,1,Type of color,Multicolor,1,1,Shape,Rectangular,1,1,Material,Wool,1,1,Type of rug,Traditional,1,1,Weave,Machinemade,1,1,Age,New,1,1,,,,,170x235 | 200x300 | 235x350,D-sign,Yellow-Brown,Wool,,,,,,,,,,yes,yes,,,,,,,,,,,,,,,,,,,,,,,,,,,,,
110870,variation,69450887,,D-sign Rug 1P0452 Grey - 200x400,1,0,visible,,D-sign Rug 1P0452 Grey 200x400 cm,,,taxable,parent,1,6,,0,0,,400,200,1.2,0,,2623,4715,,,,,,,69450858-H,,,,,,31,,,Size,200x400,,1,,,,,,,,,,,,,,,,,,,,,,,,,,,,,,,,,,,,,200x400,,,,,,,,,,,,,,,,,,,,,,,,141961,,,,,,,,,,,,,,,,,,,
110873,variation,69450888,,D-sign Rug 1P0453 Beige - 170x235,1,0,visible,,D-sign Rug 1P0453 Beige 170x235 cm,,,taxable,parent,1,3,,0,0,,235,170,1,0,,4449,8005,,,,,,,69450888-H,,,,,,1,,,Size,170x235,,1,,,,,,,,,,,,,,,,,,,,,,,,,,,,,,,,,,,,,170x235,,,,,,,,,,,,,,,,,,,,,,,,141456,,,,,,,,,,,,,,,,,,,
110874,variation,69457906,,D-sign Rug 1P0453 Beige - 200x300,1,0,visible,,D-sign Rug 1P0453 Beige 200x300 cm,,,taxable,parent,0,0,,0,0,,300,200,1,0,,6847,12315,,,,,,,69450888-H,,,,,,2,,,Size,200x300,,1,,,,,,,,,,,,,,,,,,,,,,,,,,,,,,,,,,,,,200x300,,,,,,,,,,,,,,,,,,,,,,,,141457,,,,,,,,,,,,,,,,,,,
110875,variation,69457915,,D-sign Rug 1P0453 Beige - 235x350,1,0,visible,,D-sign Rug 1P0453 Beige 235x350 cm,,,taxable,parent,1,2,,0,0,,350,235,1,0,,9129,16425,,,,,,,69450888-H,,,,,,3,,,Size,235x350,,1,,,,,,,,,,,,,,,,,,,,,,,,,,,,,,,,,,,,,235x350,,,,,,,,,,,,,,,,,,,,,,,,141458,,,,,,,,,,,,,,,,,,,
110881,variable,69450900-H,,D-sign Rug 1P0465 Red,1,0,visible,D-sign Rug 1P0465 Red,D-sign Rug 1P0465 Red,,,taxable,,1,,,0,0,,,,,1,,,,"Rooms > Bedroom, Rugs, Rugs > Traditional",,,"https://rugshop.eu/wp-content/uploads/2022/09/wool-carpet-kashqai-4356-300-ethnic-claret.jpg, https://rugshop.eu/wp-content/uploads/2022/09/wool-carpet-kashqai-4356-300-ethnic-claret-1.jpg, https://rugshop.eu/wp-content/uploads/2022/09/wool-carpet-kashqai-4356-300-ethnic-claret-2.jpg, https://rugshop.eu/wp-content/uploads/2022/09/wool-carpet-kashqai-4356-300-ethnic-claret-3.jpg, https://rugshop.eu/wp-content/uploads/2022/09/wool-carpet-kashqai-4356-300-ethnic-claret-4.jpg",,,,,,,,,2678,,,Size,"120x170, 135x200, 67x130, 80x160",1,1,Brand,D-sign,1,1,Color,Red,1,1,Type of color,Multicolor,1,1,Shape,Rectangular,1,1,Material,Wool,1,1,Type of rug,Traditional,1,1,Weave,Machinemade,1,1,Country,Belgium,1,1,Age,New,1,1,67x130 | 80x160 | 120x170 | 135x200,D-sign,Red,Wool,,,,,,,,,,yes,yes,,,,,,,,,,,,,,,,,,,,,,,,,,,,,
110882,variation,69450885,,D-sign Rug 1P0455 Red - 170x235,1,0,visible,,D-sign Rug 1P0455 Red 170x235 cm,,,taxable,parent,1,1,,0,0,,235,170,0.8,0,,6238,11225,,,,,,,69450885-H,,,,,,1,,,Size,170x235,,1,,,,,,,,,,,,,,,,,,,,,,,,,,,,,,,,,,,,,170x235,,,,,,,,,,,,,,,,,,,,,,,,141565,,,,,,,,,,,,,,,,,,,
110883,variation,69457911,,D-sign Rug 1P0455 Red - 200x300,1,0,visible,,D-sign Rug 1P0455 Red 200x300 cm,,,taxable,parent,0,0,,0,0,,300,200,0.8,0,,9307,16745,,,,,,,69450885-H,,,,,,2,,,Size,200x300,,1,,,,,,,,,,,,,,,,,,,,,,,,,,,,,,,,,,,,,200x300,,,,,,,,,,,,,,,,,,,,,,,,141566,,,,,,,,,,,,,,,,,,,
110884,variation,69457908,,D-sign Rug 1P0455 Red - 235x350,1,0,visible,,D-sign Rug 1P0455 Red 235x350 cm,,,taxable,parent,0,0,,0,0,,350,235,0.8,0,,12944,23295,,,,,,,69450885-H,,,,,,3,,,Size,235x350,,1,,,,,,,,,,,,,,,,,,,,,,,,,,,,,,,,,,,,,235x350,,,,,,,,,,,,,,,,,,,,,,,,141567,,,,,,,,,,,,,,,,,,,
110887,variation,69450894,,D-sign Rug 1P0456 Brown - 170x235,1,0,visible,,D-sign Rug 1P0456 Brown 170x235 cm,,,taxable,parent,1,2,,0,0,,235,170,0.8,0,,3760,6765,,,,,,,69450894-H,,,,,,1,,,Size,170x235,,1,,,,,,,,,,,,,,,,,,,,,,,,,,,,,,,,,,,,,170x235,,,,,,,,,,,,,,,,,,,,,,,,141569,,,,,,,,,,,,,,,,,,,
110888,variation,69457931,,D-sign Rug 1P0456 Brown - 200x300,1,0,visible,,D-sign Rug 1P0456 Brown 200x300 cm,,,taxable,parent,0,0,,0,0,,300,200,0.8,0,,5557,9995,,,,,,,69450894-H,,,,,,2,,,Size,200x300,,1,,,,,,,,,,,,,,,,,,,,,,,,,,,,,,,,,,,,,200x300,,,,,,,,,,,,,,,,,,,,,,,,141568,,,,,,,,,,,,,,,,,,,
110889,variation,69457935,,D-sign Rug 1P0456 Brown - 235x350,1,0,visible,,D-sign Rug 1P0456 Brown 235x350 cm,,,taxable,parent,0,0,,0,0,,350,235,0.8,0,,7514,13515,,,,,,,69450894-H,,,,,,3,,,Size,235x350,,1,,,,,,,,,,,,,,,,,,,,,,,,,,,,,,,,,,,,,235x350,,,,,,,,,,,,,,,,,,,,,,,,141570,,,,,,,,,,,,,,,,,,,
110892,variation,69450895,,D-sign Rug 1P0457 Brown - 170x235,1,0,visible,,D-sign Rug 1P0457 Brown 170x235 cm,,,taxable,parent,0,0,,0,0,,235,170,0.8,0,,3760,6765,,,,,,,69450895-H,,,,,,1,,,Size,170x235,,1,,,,,,,,,,,,,,,,,,,,,,,,,,,,,,,,,,,,,170x235,,,,,,,,,,,,,,,,,,,,,,,,141963,,,,,,,,,,,,,,,,,,,
110893,variation,69457928,,D-sign Rug 1P0457 Brown - 200x300,1,0,visible,,D-sign Rug 1P0457 Brown 200x300 cm,,,taxable,parent,1,5,,0,0,,300,200,0.8,0,,5557,9995,,,,,,,69450895-H,,,,,,2,,,Size,200x300,,1,,,,,,,,,,,,,,,,,,,,,,,,,,,,,,,,,,,,,200x300,,,,,,,,,,,,,,,,,,,,,,,,141962,,,,,,,,,,,,,,,,,,,
110894,variation,69457936,,D-sign Rug 1P0457 Brown - 235x350,1,0,visible,,D-sign Rug 1P0457 Brown 235x350 cm,,,taxable,parent,0,0,,0,0,,350,235,0.8,0,,7514,13515,,,,,,,69450895-H,,,,,,3,,,Size,235x350,,1,,,,,,,,,,,,,,,,,,,,,,,,,,,,,,,,,,,,,235x350,,,,,,,,,,,,,,,,,,,,,,,,141964,,,,,,,,,,,,,,,,,,,
110914,variation,69450900,,D-sign Rug 1P0465 Red - 67x130,1,0,visible,,D-sign Rug 1P0465 Red 67x130 cm,,,taxable,parent,0,0,,0,0,,130,67,1,0,,1446,2595,,,,,,,69450900-H,,,,,,1,,,Size,67x130,,1,,,,,,,,,,,,,,,,,,,,,,,,,,,,,,,,,,,,,67x130,,,,,,,,,,,,,,,,,,,,,,,,143390,,,,,,,,,,,,,,,,,,,
110915,variable,69450910-H,,D-sign Rug 1P0471 Terracotta,1,0,visible,D-sign Rug 1P0471 Terracotta,D-sign Rug 1P0471 Terracotta,,,taxable,,1,,,0,0,,,,,0,,,,"Rooms > Bedroom, Rooms > Entrance & Corridor, Rooms > Living room, Rugs, Rugs > Traditional",,,"https://rugshop.eu/wp-content/uploads/2022/09/wool-carpet-kashqai-4356-500-ethnic-terracotta.jpg, https://rugshop.eu/wp-content/uploads/2022/09/wool-carpet-kashqai-4356-500-ethnic-terracotta-1.jpg, https://rugshop.eu/wp-content/uploads/2022/09/wool-carpet-kashqai-4356-500-ethnic-terracotta-2.jpg, https://rugshop.eu/wp-content/uploads/2022/09/wool-carpet-kashqai-4356-500-ethnic-terracotta-3.jpg, https://rugshop.eu/wp-content/uploads/2022/09/wool-carpet-kashqai-4356-500-ethnic-terracotta-4.jpg",,,,,,,,,2683,,,Size,"135x200, 160x240, 200x250, 240x300, 240x340, 67x130, 67x275, 80x160",1,1,Brand,D-sign,1,1,Color,Yellow-Brown,1,1,Type of color,Multicolor,1,1,Shape,Rectangular,1,1,Material,Wool,1,1,Type of rug,Traditional,1,1,Weave,Machinemade,1,1,Country,Belgium,1,1,Age,New,1,1,67x130 | 67x275 | 80x160 | 135x200 | 160x240 | 200x250 | 240x300 | 240x340,D-sign,Yellow-Brown,Wool,default,default,default,default,,,,,,yes,yes,,,,,,,,,classic-editor,,,,,,,,,,,,,,,,,,,,67x130
110916,variation,69450904,,D-sign Rug 1P0465 Red - 80x160,1,0,visible,,D-sign Rug 1P0465 Red 80x160 cm,,,taxable,parent,0,0,,0,0,,160,80,1,0,,2000,3595,,,,,,,69450900-H,,,,,,2,,,Size,80x160,,1,,,,,,,,,,,,,,,,,,,,,,,,,,,,,,,,,,,,,80x160,,,,,,,,,,,,,,,,,,,,,,,,143395,,,,,,,,,,,,,,,,,,,
110917,variation,69450902,,D-sign Rug 1P0465 Red - 120x170,1,0,visible,,D-sign Rug 1P0465 Red 120x170 cm,,,taxable,parent,0,0,,0,0,,170,120,1,0,,3079,5535,,,,,,,69450900-H,,,,,,3,,,Size,120x170,,1,,,,,,,,,,,,,,,,,,,,,,,,,,,,,,,,,,,,,120x170,,,,,,,,,,,,,,,,,,,,,,,,143392,,,,,,,,,,,,,,,,,,,
110918,variation,69450903,,D-sign Rug 1P0465 Red - 135x200,1,0,visible,,D-sign Rug 1P0465 Red 135x200 cm,,,taxable,parent,1,2,,0,0,,200,135,1,0,,3960,7125,,,,,,,69450900-H,,,,,,4,,,Size,135x200,,1,,,,,,,,,,,,,,,,,,,,,,,,,,,,,,,,,,,,,135x200,,,,,,,,,,,,,,,,,,,,,,,,143393,,,,,,,,,,,,,,,,,,,
110943,variation,69450910,,D-sign Rug 1P0471 Terracotta - 67x130,1,0,visible,,D-sign Rug 1P0471 Terracotta 67x130 cm,,,taxable,parent,1,4,,0,0,,130,67,1,0,,1446,2595,,,,,,,69450910-H,,,,,,1,,,Size,67x130,,1,,,,,,,,,,,,,,,,,,,,,,,,,,,,,,,,,,,,,67x130,,,,,,,,,,,,,,,,,,,,,,,,144239,,,,,,,,,,,,,,,,,,,
110944,variation,69457986,,D-sign Rug 1P0471 Terracotta - 67x275,1,0,visible,,D-sign Rug 1P0471 Terracotta 67x275 cm,,,taxable,parent,0,0,,0,0,,275,67,1,0,,2750,4945,,,,,,,69450910-H,,,,,,2,,,Size,67x275,,1,,,,,,,,,,,,,,,,,,,,,,,,,,,,,,,,,,,,,67x275,,,,,,,,,,,,,,,,,,,,,,,,144132,,,,,,,,,,,,,,,,,,,
110945,variation,69457978,,D-sign Rug 1P0471 Terracotta - 80x160,1,0,visible,,D-sign Rug 1P0471 Terracotta 80x160 cm,,,taxable,parent,0,0,,0,0,,160,80,1,0,,2000,3595,,,,,,,69450910-H,,,,,,3,,,Size,80x160,,1,,,,,,,,,,,,,,,,,,,,,,,,,,,,,,,,,,,,,80x160,,,,,,,,,,,,,,,,,,,,,,,,144133,,,,,,,,,,,,,,,,,,,
110946,variation,69457982,,D-sign Rug 1P0471 Terracotta - 135x200,1,0,visible,,D-sign Rug 1P0471 Terracotta 135x200 cm,,,taxable,parent,1,1,,0,0,,200,135,1,0,,3960,7125,,,,,,,69450910-H,,,,,,4,,,Size,135x200,,1,,,,,,,,,,,,,,,,,,,,,,,,,,,,,,,,,,,,,135x200,,,,,,,,,,,,,,,,,,,,,,,,144134,,,,,,,,,,,,,,,,,,,
110947,variation,69457985,,D-sign Rug 1P0471 Terracotta - 160x240,1,0,visible,,D-sign Rug 1P0471 Terracotta 160x240 cm,,,taxable,parent,0,0,,0,0,,240,160,1,0,,5492,9885,,,,,,,69450910-H,,,,,,5,,,Size,160x240,,1,,,,,,,,,,,,,,,,,,,,,,,,,,,,,,,,,,,,,160x240,,,,,,,,,,,,,,,,,,,,,,,,144136,,,,,,,,,,,,,,,,,,,
110948,variation,69457984,,D-sign Rug 1P0471 Terracotta - 200x250,1,0,visible,,D-sign Rug 1P0471 Terracotta 200x250 cm,,,taxable,parent,0,0,,0,0,,250,200,1,0,,7025,12635,,,,,,,69450910-H,,,,,,6,,,Size,200x250,,1,,,,,,,,,,,,,,,,,,,,,,,,,,,,,,,,,,,,,200x250,,,,,,,,,,,,,,,,,,,,,,,,144137,,,,,,,,,,,,,,,,,,,
110949,variation,69457981,,D-sign Rug 1P0471 Terracotta - 240x300,1,0,visible,,D-sign Rug 1P0471 Terracotta 240x300 cm,,,taxable,parent,0,0,,0,0,,300,240,1,0,,10303,18535,,,,,,,69450910-H,,,,,,7,,,Size,240x300,,1,,,,,,,,,,,,,,,,,,,,,,,,,,,,,,,,,,,,,240x300,,,,,,,,,,,,,,,,,,,,,,,,144138,,,,,,,,,,,,,,,,,,,
110950,variation,69457987,,D-sign Rug 1P0471 Terracotta - 240x340,1,0,visible,,D-sign Rug 1P0471 Terracotta 240x340 cm,,,taxable,parent,0,0,,0,0,,340,240,1,0,,11607,20885,,,,,,,69450910-H,,,,,,8,,,Size,240x340,,1,,,,,,,,,,,,,,,,,,,,,,,,,,,,,,,,,,,,,240x340,,,,,,,,,,,,,,,,,,,,,,,,144139,,,,,,,,,,,,,,,,,,,
131029,variable,EBY4J-130-170,,Western 525 silver/black,1,0,hidden,,,,,taxable,,0,0,,0,0,,,,,0,,,,"Rooms > Bedroom, Rooms > Entrance & Corridor, Rooms > Living room, Rugs > Modern, Rugs",,,"https://rugshop.eu/wp-content/uploads/2026/08/Paklajs-Western-500-silver-black-01.jpg, https://rugshop.eu/wp-content/uploads/2026/08/Paklajs-Western-500-silver-black-02.jpg, https://rugshop.eu/wp-content/uploads/2026/08/Paklajs-Western-500-silver-black-03.jpg, https://rugshop.eu/wp-content/uploads/2026/08/Paklajs-Western-500-silver-black-04.jpg",,,,,,,,,0,,,Size,130x170,1,1,,,,,,,,,,,,,,,,,,,,,,,,,,,,,,,,,,,,,130x170,,,,default,default,default,default,,24,90,1,1788640772,yes,yes,,,product,,,,,,,,,,,,,,,,,,,,,,,,,,
131037,variation,,,Western 525 silver/black - 130x170,1,0,hidden,,,,,taxable,parent,0,,,0,0,,,,,0,,499,1856,,,,,,,EBY4J-130-170,,,,,,1,,,Size,130x170,,1,,,,,,,,,,,,,,,,,,,,,,,,,,,,,,,,,,,,,130x170,,,,,,,,,,,,1788640773,yes,yes,,,product,,,,,,,,,,,,,,,,,,upload,,,,,,,,
