ID,Type,SKU,"GTIN, UPC, EAN, or ISBN",Name,Published,Is featured?,Visibility in catalog,Short description,Description,Date sale price starts,Date sale price ends,Tax status,Tax class,In stock?,Stock,Low stock amount,Backorders allowed?,Sold individually?,Weight (kg),Length (cm),Width (cm),Height (cm),Allow customer reviews?,Purchase note,Sale price,Regular price,Categories,Tags,Shipping class,Images,Download limit,Download expiry days,Parent,Grouped products,Upsells,Cross-sells,External URL,Button text,Position,Swatches Attributes,Brands,Attribute 1 name,Attribute 1 value(s),Attribute 1 visible,Attribute 1 global,Attribute 2 name,Attribute 2 value(s),Attribute 2 visible,Attribute 2 global,Attribute 3 name,Attribute 3 value(s),Attribute 3 visible,Attribute 3 global,Attribute 4 name,Attribute 4 value(s),Attribute 4 visible,Attribute 4 global,Attribute 5 name,Attribute 5 value(s),Attribute 5 visible,Attribute 5 global,Attribute 6 name,Attribute 6 value(s),Attribute 6 visible,Attribute 6 global,Attribute 7 name,Attribute 7 value(s),Attribute 7 visible,Attribute 7 global,Attribute 8 name,Attribute 8 value(s),Attribute 8 visible,Attribute 8 global,Attribute 9 name,Attribute 9 value(s),Attribute 9 visible,Attribute 9 global,Attribute 10 name,Attribute 10 value(s),Attribute 10 visible,Attribute 10 global,Meta: fb_size,Meta: fb_brand,Meta: fb_color,Meta: fb_material,Meta: _wp_page_template,Meta: site-sidebar-layout,Meta: site-content-layout,Meta: theme-transparent-header-meta,Meta: _yoast_wpseo_primary_product_brand,Meta: _yoast_wpseo_primary_product_cat,Meta: _yoast_wpseo_content_score,Meta: _yoast_wpseo_estimated-reading-time-minutes,Meta: _last_change_time,Meta: _wc_facebook_sync_enabled_v2,Meta: fb_visibility,Meta: fb_product_description,Meta: fb_rich_text_description,Meta: _wc_facebook_product_image_source,Meta: fb_mpn,Meta: fb_pattern,Meta: fb_age_group,Meta: fb_gender,Meta: fb_product_condition,Meta: _last_editor_used_jetpack,Meta: _wpm_gtin_code,Meta: _wpm_gtin_code_label,Meta: _yoast_wpseo_seo_title_score,Meta: _yoast_wpseo_meta_description_score,Meta: _yoast_wpseo_wordproof_timestamp,Meta: _elementor_edit_mode,Meta: _elementor_template_type,Meta: _elementor_version,Meta: _elementor_pro_version,Meta: fb_product_group_id,Meta: fb_product_image,Meta: _wc_facebook_product_video_source,Meta: fb_product_images,Meta: fb_product_price,Attribute 11 name,Attribute 11 value(s),Attribute 11 visible,Attribute 11 global,Meta: _wp_old_date,Attribute 1 default
57814,variation,61323550,,D-sign Rug 1P0040 Beige - 60x110,1,0,visible,,D-sign Rug 1P0040 Beige 60x110,,,taxable,parent,0,0,,0,0,,110,60,0.8,0,,503,905,,,,,,,61323550-H,,,,,,1,,,Size,60x110,,1,,,,,,,,,,,,,,,,,,,,,,,,,,,,,,,,,,,,,60x110,,,,,,,,,,,,,,,,,,,,,,,,131671,,,,,,,,,,,,,,,,,,,
57815,variation,61323558,,D-sign Rug 1P0040 Beige - 80x150,1,0,visible,,D-sign Rug 1P0040 Beige 80x150,,,taxable,parent,1,7,,0,0,,150,80,0.8,0,,699,1255,,,,,,,61323550-H,,,,,,2,,,Size,80x150,,1,,,,,,,,,,,,,,,,,,,,,,,,,,,,,,,,,,,,,80x150,,,,,,,,,,,,,,,,,,,,,,,,131676,,,,,,,,,,,,,,,,,,,
57816,variation,61323563,,D-sign Rug 1P0040 Beige - 120x170,1,0,visible,,D-sign Rug 1P0040 Beige 120x170,,,taxable,parent,1,11,,0,0,,170,120,0.8,0,,992,1785,,,,,,,61323550-H,,,,,,3,,,Size,120x170,,1,,,,,,,,,,,,,,,,,,,,,,,,,,,,,,,,,,,,,120x170,,,,,,,,,,,,,,,,,,,,,,,,131684,,,,,,,,,,,,,,,,,,,
57817,variation,61323559,,D-sign Rug 1P0040 Beige - 160x230,1,0,visible,,D-sign Rug 1P0040 Beige 160x230,,,taxable,parent,1,6,,0,0,,230,160,0.8,0,,1547,2775,,,,,,,61323550-H,,,,,,4,,,Size,160x230,,1,,,,,,,,,,,,,,,,,,,,,,,,,,,,,,,,,,,,,160x230,,,,,,,,,,,,,,,,,,,,,,,,131687,,,,,,,,,,,,,,,,,,,
57818,variation,61323565,,D-sign Rug 1P0040 Beige - 200x290,1,0,visible,,D-sign Rug 1P0040 Beige 200x290,,,taxable,parent,1,1,,0,0,,290,200,0.8,0,,2280,4095,,,,,,,61323550-H,,,,,,5,,,Size,200x290,,1,,,,,,,,,,,,,,,,,,,,,,,,,,,,,,,,,,,,,200x290,,,,,,,,,,,,,,,,,,,,,,,,131689,,,,,,,,,,,,,,,,,,,
57820,variation,61323546,,D-sign Rug 1P0041 Beige - 60x110,1,0,visible,,D-sign Rug 1P0041 Beige 60x110,,,taxable,parent,0,0,,0,0,,110,60,0.8,0,,503,905,,,,,,,61323546-H,,,,,,1,,,Size,60x110,,1,,,,,,,,,,,,,,,,,,,,,,,,,,,,,,,,,,,,,60x110,,,,,,,,,,,,,,,,,,,,,,,,131698,,,,,,,,,,,,,,,,,,,
57821,variation,61323562,,D-sign Rug 1P0041 Beige - 80x150,1,0,visible,,D-sign Rug 1P0041 Beige 80x150,,,taxable,parent,0,0,,0,0,,150,80,0.8,0,,699,1255,,,,,,,61323546-H,,,,,,2,,,Size,80x150,,1,,,,,,,,,,,,,,,,,,,,,,,,,,,,,,,,,,,,,80x150,,,,,,,,,,,,,,,,,,,,,,,,131700,,,,,,,,,,,,,,,,,,,
57822,variation,61323554,,D-sign Rug 1P0041 Beige - 120x170,1,0,visible,,D-sign Rug 1P0041 Beige 120x170,,,taxable,parent,1,5,,0,0,,170,120,0.8,0,,992,1785,,,,,,,61323546-H,,,,,,3,,,Size,120x170,,1,,,,,,,,,,,,,,,,,,,,,,,,,,,,,,,,,,,,,120x170,,,,,,,,,,,,,,,,,,,,,,,,131702,,,,,,,,,,,,,,,,,,,
57823,variation,61323552,,D-sign Rug 1P0041 Beige - 140x200,1,0,visible,,D-sign Rug 1P0041 Beige 140x200,,,taxable,parent,1,3,,0,0,,200,140,0.8,0,,1253,2255,,,,,,,61323546-H,,,,,,4,,,Size,140x200,,1,,,,,,,,,,,,,,,,,,,,,,,,,,,,,,,,,,,,,140x200,,,,,,,,,,,,,,,,,,,,,,,,131704,,,,,,,,,,,,,,,,,,,
57824,variation,61323553,,D-sign Rug 1P0041 Beige - 160x230,1,0,visible,,D-sign Rug 1P0041 Beige 160x230,,,taxable,parent,1,9,,0,0,,230,160,0.8,0,,1547,2775,,,,,,,61323546-H,,,,,,5,,,Size,160x230,,1,,,,,,,,,,,,,,,,,,,,,,,,,,,,,,,,,,,,,160x230,,,,,,,,,,,,,,,,,,,,,,,,131709,,,,,,,,,,,,,,,,,,,
57825,variation,61323556,,D-sign Rug 1P0041 Beige - 200x290,1,0,visible,,D-sign Rug 1P0041 Beige 200x290,,,taxable,parent,1,2,,0,0,,290,200,0.8,0,,2280,4095,,,,,,,61323546-H,,,,,,6,,,Size,200x290,,1,,,,,,,,,,,,,,,,,,,,,,,,,,,,,,,,,,,,,200x290,,,,,,,,,,,,,,,,,,,,,,,,131713,,,,,,,,,,,,,,,,,,,
57827,variable,61323566-H,,D-sign Rug 1P0091 Green,1,0,visible,D-sign Rug 1P0091 Green,D-sign Rug 1P0091 Green,,,taxable,,1,,,0,0,,,,,1,,,,"Rooms > Bedroom, Rooms > Living room, Rugs, Rugs > Sisal",,,"https://rugshop.eu/wp-content/uploads/2021/11/modern-fisy-carpet-sisal-20776-zigzag-melange-rainbow.jpg, https://rugshop.eu/wp-content/uploads/2021/11/modern-fisy-carpet-sisal-20776-zigzag-melange-rainbow-1.jpg, https://rugshop.eu/wp-content/uploads/2021/11/modern-fisy-carpet-sisal-20776-zigzag-melange-rainbow-2.jpg, https://rugshop.eu/wp-content/uploads/2021/11/modern-fisy-carpet-sisal-20776-zigzag-melange-rainbow-3.jpg, https://rugshop.eu/wp-content/uploads/2021/11/modern-fisy-carpet-sisal-20776-zigzag-melange-rainbow-4.jpg",,,,,,,,,2428,,,Size,"120x170, 140x190, 160x220, 180x270, 200x290, 80x150",1,1,Brand,D-sign,1,1,Color,White-Beige,1,1,Type of color,Multicolor,1,1,Shape,Rectangular,1,1,Material,Polypropylene,1,1,Type of rug,Sisal,1,1,Weave,Machinemade,1,1,Age,New,1,1,,,,,,,,,,,,,,,,,,yes,yes,,,,,,,,,,,,,,,,,,,,,,,,,,,,,
57830,variation,61323557,,D-sign Rug 1P0042 Beige - 80x150,1,0,visible,,D-sign Rug 1P0042 Beige 80x150,,,taxable,parent,0,0,,0,0,,150,80,0.8,0,,699,1255,,,,,,,61323557-H,,,,,,1,,,Size,80x150,,1,,,,,,,,,,,,,,,,,,,,,,,,,,,,,,,,,,,,,80x150,,,,,,,,,,,,,,,,,,,,,,,,131724,,,,,,,,,,,,,,,,,,,
57831,variation,61323576,,D-sign Rug 1P0042 Beige - 120x170,1,0,visible,,D-sign Rug 1P0042 Beige 120x170,,,taxable,parent,1,14,,0,0,,170,120,0.8,0,,992,1785,,,,,,,61323557-H,,,,,,2,,,Size,120x170,,1,,,,,,,,,,,,,,,,,,,,,,,,,,,,,,,,,,,,,120x170,,,,,,,,,,,,,,,,,,,,,,,,131732,,,,,,,,,,,,,,,,,,,
57832,variation,61323574,,D-sign Rug 1P0042 Beige - 140x200,1,0,visible,,D-sign Rug 1P0042 Beige 140x200,,,taxable,parent,0,0,,0,0,,200,140,0.8,0,,1253,2255,,,,,,,61323557-H,,,,,,3,,,Size,140x200,,1,,,,,,,,,,,,,,,,,,,,,,,,,,,,,,,,,,,,,140x200,,,,,,,,,,,,,,,,,,,,,,,,131733,,,,,,,,,,,,,,,,,,,
57833,variation,61323579,,D-sign Rug 1P0042 Beige - 160x230,1,0,visible,,D-sign Rug 1P0042 Beige 160x230,,,taxable,parent,0,0,,0,0,,230,160,0.8,0,,1547,2775,,,,,,,61323557-H,,,,,,4,,,Size,160x230,,1,,,,,,,,,,,,,,,,,,,,,,,,,,,,,,,,,,,,,160x230,,,,,,,,,,,,,,,,,,,,,,,,131734,,,,,,,,,,,,,,,,,,,
57834,variation,61323578,,D-sign Rug 1P0042 Beige - 200x290,1,0,visible,,D-sign Rug 1P0042 Beige 200x290,,,taxable,parent,1,6,,0,0,,290,200,0.8,0,,2280,4095,,,,,,,61323557-H,,,,,,5,,,Size,200x290,,1,,,,,,,,,,,,,,,,,,,,,,,,,,,,,,,,,,,,,200x290,,,,,,,,,,,,,,,,,,,,,,,,131735,,,,,,,,,,,,,,,,,,,
57836,variation,61323555,,D-sign Rug 1P0090 Blue - 80x150,1,0,visible,,D-sign Rug 1P0090 Blue 80x150,,,taxable,parent,1,2,,0,0,,150,80,0.8,0,,634,1135,,,,,,,61323555-H,,,,,,1,,,Size,80x150,,1,,,,,,,,,,,,,,,,,,,,,,,,,,,,,,,,,,,,,80x150,,,,,,,,,,,,,,,,,,,,,,,,131866,,,,,,,,,,,,,,,,,,,
57837,variation,61323570,,D-sign Rug 1P0090 Blue - 120x170,1,0,visible,,D-sign Rug 1P0090 Blue 120x170,,,taxable,parent,0,0,,0,0,,170,120,1,0,,878,1575,,,,,,,61323555-H,,,,,,2,,,Size,120x170,,1,,,,,,,,,,,,,,,,,,,,,,,,,,,,,,,,,,,,,120x170,,,,,,,,,,,,,,,,,,,,,,,,131867,,,,,,,,,,,,,,,,,,,
57838,variation,61323569,,D-sign Rug 1P0090 Blue - 140x190,1,0,visible,,D-sign Rug 1P0090 Blue 140x190,,,taxable,parent,1,5,,0,0,,190,140,1,0,,1074,1925,,,,,,,61323555-H,,,,,,3,,,Size,140x190,,1,,,,,,,,,,,,,,,,,,,,,,,,,,,,,,,,,,,,,140x190,,,,,,,,,,,,,,,,,,,,,,,,131868,,,,,,,,,,,,,,,,,,,
57839,variation,61323568,,D-sign Rug 1P0090 Blue - 160x220,1,0,visible,,D-sign Rug 1P0090 Blue 160x220,,,taxable,parent,1,4,,0,0,,220,160,1,0,,1318,2365,,,,,,,61323555-H,,,,,,4,,,Size,160x220,,1,,,,,,,,,,,,,,,,,,,,,,,,,,,,,,,,,,,,,160x220,,,,,,,,,,,,,,,,,,,,,,,,131869,,,,,,,,,,,,,,,,,,,
57840,variation,61323567,,D-sign Rug 1P0090 Blue - 180x270,1,0,visible,,D-sign Rug 1P0090 Blue 180x270,,,taxable,parent,1,4,,0,0,,270,180,1,0,,1726,3105,,,,,,,61323555-H,,,,,,5,,,Size,180x270,,1,,,,,,,,,,,,,,,,,,,,,,,,,,,,,,,,,,,,,180x270,,,,,,,,,,,,,,,,,,,,,,,,131870,,,,,,,,,,,,,,,,,,,
57841,variation,61323571,,D-sign Rug 1P0090 Blue - 200x290,1,0,visible,,D-sign Rug 1P0090 Blue 200x290,,,taxable,parent,0,0,,0,0,,290,200,1,0,,2003,3605,,,,,,,61323555-H,,,,,,6,,,Size,200x290,,1,,,,,,,,,,,,,,,,,,,,,,,,,,,,,,,,,,,,,200x290,,,,,,,,,,,,,,,,,,,,,,,,131871,,,,,,,,,,,,,,,,,,,
57843,variation,61323566,,D-sign Rug 1P0091 Green - 80x150,1,0,visible,,D-sign Rug 1P0091 Green 80x150,,,taxable,parent,1,1,,0,0,,150,80,1,0,,634,1135,,,,,,,61323566-H,,,,,,1,,,Size,80x150,,1,,,,,,,,,,,,,,,,,,,,,,,,,,,,,,,,,,,,,80x150,,,,,,,,,,,,,,,,,,,,,,,,131878,,,,,,,,,,,,,,,,,,,
57844,variation,61323573,,D-sign Rug 1P0091 Green - 120x170,1,0,visible,,D-sign Rug 1P0091 Green 120x170,,,taxable,parent,1,6,,0,0,,170,120,1,0,,878,1575,,,,,,,61323566-H,,,,,,2,,,Size,120x170,,1,,,,,,,,,,,,,,,,,,,,,,,,,,,,,,,,,,,,,120x170,,,,,,,,,,,,,,,,,,,,,,,,131879,,,,,,,,,,,,,,,,,,,
57845,variation,61323577,,D-sign Rug 1P0091 Green - 140x190,1,0,visible,,D-sign Rug 1P0091 Green 140x190,,,taxable,parent,1,6,,0,0,,190,140,1,0,,1074,1925,,,,,,,61323566-H,,,,,,3,,,Size,140x190,,1,,,,,,,,,,,,,,,,,,,,,,,,,,,,,,,,,,,,,140x190,,,,,,,,,,,,,,,,,,,,,,,,131880,,,,,,,,,,,,,,,,,,,
57846,variation,61323572,,D-sign Rug 1P0091 Green - 160x220,1,0,visible,,D-sign Rug 1P0091 Green 160x220,,,taxable,parent,0,0,,0,0,,220,160,1,0,,1318,2365,,,,,,,61323566-H,,,,,,4,,,Size,160x220,,1,,,,,,,,,,,,,,,,,,,,,,,,,,,,,,,,,,,,,160x220,,,,,,,,,,,,,,,,,,,,,,,,131881,,,,,,,,,,,,,,,,,,,
57847,variation,61323575,,D-sign Rug 1P0091 Green - 180x270,1,0,visible,,D-sign Rug 1P0091 Green 180x270,,,taxable,parent,0,0,,0,0,,270,180,1,0,,1726,3105,,,,,,,61323566-H,,,,,,5,,,Size,180x270,,1,,,,,,,,,,,,,,,,,,,,,,,,,,,,,,,,,,,,,180x270,,,,,,,,,,,,,,,,,,,,,,,,131882,,,,,,,,,,,,,,,,,,,
57848,variation,61323581,,D-sign Rug 1P0091 Green - 200x290,1,0,visible,,D-sign Rug 1P0091 Green 200x290,,,taxable,parent,0,0,,0,0,,290,200,1,0,,2003,3605,,,,,,,61323566-H,,,,,,6,,,Size,200x290,,1,,,,,,,,,,,,,,,,,,,,,,,,,,,,,,,,,,,,,200x290,,,,,,,,,,,,,,,,,,,,,,,,131883,,,,,,,,,,,,,,,,,,,
57850,variable,61323595-H,,D-sign Rug 1P0094 Blue,1,0,visible,D-sign Rug 1P0094 Blue,D-sign Rug 1P0094 Blue,,,taxable,,1,,,0,0,,,,,1,,,,"Rooms > Bedroom, Rooms > Living room, Rugs, Rugs > Sisal",,,"https://rugshop.eu/wp-content/uploads/2021/11/modern-fisy-carpet-sisal-20777-stripes-melange-blue.jpg, https://rugshop.eu/wp-content/uploads/2021/11/modern-fisy-carpet-sisal-20777-stripes-melange-blue-1.jpg, https://rugshop.eu/wp-content/uploads/2021/11/modern-fisy-carpet-sisal-20777-stripes-melange-blue-2.jpg, https://rugshop.eu/wp-content/uploads/2021/11/modern-fisy-carpet-sisal-20777-stripes-melange-blue-3.jpg, https://rugshop.eu/wp-content/uploads/2021/11/modern-fisy-carpet-sisal-20777-stripes-melange-blue-4.jpg",,,,,,,,,2431,,,Size,"120x170, 140x190, 160x220, 180x270, 200x290, 80x150",1,1,Brand,D-sign,1,1,Color,"Blue, Green",1,1,Type of color,Multicolor,1,1,Shape,Rectangular,1,1,Material,Polypropylene,1,1,Type of rug,Sisal,1,1,Weave,Machinemade,1,1,Age,New,1,1,,,,,,,,,,,,,,,,,,yes,yes,,,,,,,,,,,,,,,,,,,,,,,,,,,,,
57852,variable,61323608-H,,D-sign Rug 1P0096 Pink,1,0,visible,D-sign Rug 1P0096 Pink,D-sign Rug 1P0096 Pink,,,taxable,,1,,,0,0,,,,,1,,,,"Rooms > Bedroom, Rooms > Living room, Rugs, Rugs > Sisal",,,"https://rugshop.eu/wp-content/uploads/2021/11/modern-fisy-carpet-sisal-20774-squares-melange-pink.jpg, https://rugshop.eu/wp-content/uploads/2021/11/modern-fisy-carpet-sisal-20774-squares-melange-pink-1.jpg, https://rugshop.eu/wp-content/uploads/2021/11/modern-fisy-carpet-sisal-20774-squares-melange-pink-2.jpg, https://rugshop.eu/wp-content/uploads/2021/11/modern-fisy-carpet-sisal-20774-squares-melange-pink-3.jpg, https://rugshop.eu/wp-content/uploads/2021/11/modern-fisy-carpet-sisal-20774-squares-melange-pink-4.jpg",,,,,,,,,2433,,,Size,"120x170, 140x190, 160x220, 180x270, 200x290, 80x150",1,1,Brand,D-sign,1,1,Color,Pink-Purple,1,1,Type of color,Multicolor,1,1,Shape,Rectangular,1,1,Material,Polypropylene,1,1,Type of rug,Sisal,1,1,Weave,Machinemade,1,1,Age,New,1,1,,,,,,,,,,,,,,,,,,yes,yes,,,,,,,,,,,,,,,,,,,,,,,,,,,,,
57867,variation,61323595,,D-sign Rug 1P0094 Blue - 80x150,1,0,visible,,D-sign Rug 1P0094 Blue 80x150,,,taxable,parent,1,7,,0,0,,150,80,1,0,,634,1135,,,,,,,61323595-H,,,,,,1,,,Size,80x150,,1,,,,,,,,,,,,,,,,,,,,,,,,,,,,,,,,,,,,,80x150,,,,,,,,,,,,,,,,,,,,,,,,131908,,,,,,,,,,,,,,,,,,,
57868,variation,61323599,,D-sign Rug 1P0094 Blue - 120x170,1,0,visible,,D-sign Rug 1P0094 Blue 120x170,,,taxable,parent,1,7,,0,0,,170,120,1,0,,878,1575,,,,,,,61323595-H,,,,,,2,,,Size,120x170,,1,,,,,,,,,,,,,,,,,,,,,,,,,,,,,,,,,,,,,120x170,,,,,,,,,,,,,,,,,,,,,,,,131909,,,,,,,,,,,,,,,,,,,
57869,variation,61323602,,D-sign Rug 1P0094 Blue - 140x190,1,0,visible,,D-sign Rug 1P0094 Blue 140x190,,,taxable,parent,1,11,,0,0,,190,140,1,0,,1074,1925,,,,,,,61323595-H,,,,,,3,,,Size,140x190,,1,,,,,,,,,,,,,,,,,,,,,,,,,,,,,,,,,,,,,140x190,,,,,,,,,,,,,,,,,,,,,,,,131910,,,,,,,,,,,,,,,,,,,
57870,variation,61323601,,D-sign Rug 1P0094 Blue - 160x220,1,0,visible,,D-sign Rug 1P0094 Blue 160x220,,,taxable,parent,1,12,,0,0,,220,160,1,0,,1318,2365,,,,,,,61323595-H,,,,,,4,,,Size,160x220,,1,,,,,,,,,,,,,,,,,,,,,,,,,,,,,,,,,,,,,160x220,,,,,,,,,,,,,,,,,,,,,,,,131911,,,,,,,,,,,,,,,,,,,
57871,variation,61323600,,D-sign Rug 1P0094 Blue - 180x270,1,0,visible,,D-sign Rug 1P0094 Blue 180x270,,,taxable,parent,1,1,,0,0,,270,180,1,0,,1726,3105,,,,,,,61323595-H,,,,,,5,,,Size,180x270,,1,,,,,,,,,,,,,,,,,,,,,,,,,,,,,,,,,,,,,180x270,,,,,,,,,,,,,,,,,,,,,,,,131912,,,,,,,,,,,,,,,,,,,
57872,variation,61323598,,D-sign Rug 1P0094 Blue - 200x290,1,0,visible,,D-sign Rug 1P0094 Blue 200x290,,,taxable,parent,0,0,,0,0,,290,200,1,0,,2003,3605,,,,,,,61323595-H,,,,,,6,,,Size,200x290,,1,,,,,,,,,,,,,,,,,,,,,,,,,,,,,,,,,,,,,200x290,,,,,,,,,,,,,,,,,,,,,,,,131913,,,,,,,,,,,,,,,,,,,
57874,variable,61323616-H,,D-sign Rug 1P0097 Green,1,0,visible,D-sign Rug 1P0097 Green,D-sign Rug 1P0097 Green,,,taxable,,1,,,0,0,,,,,1,,,,"Rooms > Bedroom, Rooms > Living room, Rugs, Rugs > Sisal",,,"https://rugshop.eu/wp-content/uploads/2021/11/modern-fisy-carpet-sisal-20789-melange-rainbow.jpg, https://rugshop.eu/wp-content/uploads/2021/11/modern-fisy-carpet-sisal-20789-melange-rainbow-1.jpg, https://rugshop.eu/wp-content/uploads/2021/11/modern-fisy-carpet-sisal-20789-melange-rainbow-2.jpg, https://rugshop.eu/wp-content/uploads/2021/11/modern-fisy-carpet-sisal-20789-melange-rainbow-3.jpg, https://rugshop.eu/wp-content/uploads/2021/11/modern-fisy-carpet-sisal-20789-melange-rainbow-4.jpg",,,,,,,,,2434,,,Size,"120x170, 140x190, 160x220, 180x270, 200x290, 80x150",1,1,Brand,D-sign,1,1,Color,White-Beige,1,1,Type of color,Multicolor,1,1,Shape,Rectangular,1,1,Material,Polypropylene,1,1,Type of rug,Sisal,1,1,Weave,Machinemade,1,1,Age,New,1,1,,,,,,,,,,,,,,,,,,yes,yes,,,,,,,,,,,,,,,,,,,,,,,,,,,,,
57875,variable,61323615-H,,D-sign Rug 1P0098 Black,1,0,hidden,D-sign Rug 1P0098 Black,D-sign Rug 1P0098 Black,,,taxable,,1,,,0,0,,,,,1,,,,"Rooms > Bedroom, Rooms > Living room, Rugs > Modern, Rugs, Sale, Rugs > Shaggy",Sale,,"https://rugshop.eu/wp-content/uploads/2021/11/carpet-soffi-shaggy-5cm-black.jpg, https://rugshop.eu/wp-content/uploads/2021/11/carpet-soffi-shaggy-5cm-black-1.jpg, https://rugshop.eu/wp-content/uploads/2021/11/carpet-soffi-shaggy-5cm-black-2.jpg, https://rugshop.eu/wp-content/uploads/2021/11/carpet-soffi-shaggy-5cm-black-3.jpg, https://rugshop.eu/wp-content/uploads/2021/11/carpet-soffi-shaggy-5cm-black-4.jpg",,,,,,,,,2435,,,Size,"120x170, 140x190, 160x220, 180x270, 200x290, 60x100, 80x150",1,1,Brand,D-sign,1,1,Color,Black-Grey,1,1,Type of color,Singlecolor,1,1,Shape,Rectangular,1,1,Material,Polypropylene,1,1,Type of rug,"Modern, Rya / Shaggy",1,1,Weave,Machinemade,1,1,Age,New,1,1,,,,,,,,,,,,,,,,,,yes,,,,,,,,,,classic-editor,,,,,,,,,,,,,,,,,,,,
57876,variable,61323621-H,,D-sign Rug 1P0099 Pink,1,0,hidden,D-sign Rug 1P0099 Pink,D-sign Rug 1P0099 Pink,,,taxable,,1,,,0,0,,,,,1,,,,"Rooms > Bedroom, Rooms > Living room, Rugs > Modern, Rugs, Sale, Rugs > Shaggy",Sale,,"https://rugshop.eu/wp-content/uploads/2021/11/carpet-soffi-shaggy-5cm-blush-pink.jpg, https://rugshop.eu/wp-content/uploads/2021/11/carpet-soffi-shaggy-5cm-blush-pink-1.jpg, https://rugshop.eu/wp-content/uploads/2021/11/carpet-soffi-shaggy-5cm-blush-pink-2.jpg, https://rugshop.eu/wp-content/uploads/2021/11/carpet-soffi-shaggy-5cm-blush-pink-3.jpg, https://rugshop.eu/wp-content/uploads/2021/11/carpet-soffi-shaggy-5cm-blush-pink-4.jpg",,,,,,,,,2436,,,Size,"120x170, 140x190, 160x220, 180x270, 200x290, 60x100, 80x150",1,1,Brand,D-sign,1,1,Color,Pink-Purple,1,1,Type of color,Singlecolor,1,1,Shape,Rectangular,1,1,Material,Polypropylene,1,1,Type of rug,"Modern, Rya / Shaggy",1,1,Weave,Machinemade,1,1,Age,New,1,1,,,,,,,,,,,,,,,,,,yes,,,,,,,,,,classic-editor,,,,,,,,,,,,,,,,,,,,
57884,variation,61323608,,D-sign Rug 1P0096 Pink - 80x150,1,0,visible,,D-sign Rug 1P0096 Pink 80x150,,,taxable,parent,0,0,,0,0,,150,80,1,0,,634,1135,,,,,,,61323608-H,,,,,,1,,,Size,80x150,,1,,,,,,,,,,,,,,,,,,,,,,,,,,,,,,,,,,,,,80x150,,,,,,,,,,,,,,,,,,,,,,,,131932,,,,,,,,,,,,,,,,,,,
57885,variation,61323614,,D-sign Rug 1P0096 Pink - 120x170,1,0,visible,,D-sign Rug 1P0096 Pink 120x170,,,taxable,parent,0,0,,0,0,,170,120,1,0,,878,1575,,,,,,,61323608-H,,,,,,2,,,Size,120x170,,1,,,,,,,,,,,,,,,,,,,,,,,,,,,,,,,,,,,,,120x170,,,,,,,,,,,,,,,,,,,,,,,,131933,,,,,,,,,,,,,,,,,,,
57886,variation,61323612,,D-sign Rug 1P0096 Pink - 140x190,1,0,visible,,D-sign Rug 1P0096 Pink 140x190,,,taxable,parent,1,2,,0,0,,190,140,1,0,,1074,1925,,,,,,,61323608-H,,,,,,3,,,Size,140x190,,1,,,,,,,,,,,,,,,,,,,,,,,,,,,,,,,,,,,,,140x190,,,,,,,,,,,,,,,,,,,,,,,,131934,,,,,,,,,,,,,,,,,,,
57887,variation,61323610,,D-sign Rug 1P0096 Pink - 160x220,1,0,visible,,D-sign Rug 1P0096 Pink 160x220,,,taxable,parent,0,0,,0,0,,220,160,1,0,,1318,2365,,,,,,,61323608-H,,,,,,4,,,Size,160x220,,1,,,,,,,,,,,,,,,,,,,,,,,,,,,,,,,,,,,,,160x220,,,,,,,,,,,,,,,,,,,,,,,,131935,,,,,,,,,,,,,,,,,,,
57888,variation,61323613,,D-sign Rug 1P0096 Pink - 180x270,1,0,visible,,D-sign Rug 1P0096 Pink 180x270,,,taxable,parent,0,0,,0,0,,270,180,1,0,,1726,3105,,,,,,,61323608-H,,,,,,5,,,Size,180x270,,1,,,,,,,,,,,,,,,,,,,,,,,,,,,,,,,,,,,,,180x270,,,,,,,,,,,,,,,,,,,,,,,,131936,,,,,,,,,,,,,,,,,,,
57889,variation,61323617,,D-sign Rug 1P0096 Pink - 200x290,1,0,visible,,D-sign Rug 1P0096 Pink 200x290,,,taxable,parent,0,0,,0,0,,290,200,1,0,,2003,3605,,,,,,,61323608-H,,,,,,6,,,Size,200x290,,1,,,,,,,,,,,,,,,,,,,,,,,,,,,,,,,,,,,,,200x290,,,,,,,,,,,,,,,,,,,,,,,,131937,,,,,,,,,,,,,,,,,,,
57891,variation,61323616,,D-sign Rug 1P0097 Green - 80x150,1,0,visible,,D-sign Rug 1P0097 Green 80x150,,,taxable,parent,1,4,,0,0,,150,80,1,0,,634,1135,,,,,,,61323616-H,,,,,,1,,,Size,80x150,,1,,,,,,,,,,,,,,,,,,,,,,,,,,,,,,,,,,,,,80x150,,,,,,,,,,,,,,,,,,,,,,,,131938,,,,,,,,,,,,,,,,,,,
57892,variation,61323626,,D-sign Rug 1P0097 Green - 120x170,1,0,visible,,D-sign Rug 1P0097 Green 120x170,,,taxable,parent,1,15,,0,0,,170,120,1,0,,878,1575,,,,,,,61323616-H,,,,,,2,,,Size,120x170,,1,,,,,,,,,,,,,,,,,,,,,,,,,,,,,,,,,,,,,120x170,,,,,,,,,,,,,,,,,,,,,,,,131939,,,,,,,,,,,,,,,,,,,
57893,variation,61323629,,D-sign Rug 1P0097 Green - 140x190,1,0,visible,,D-sign Rug 1P0097 Green 140x190,,,taxable,parent,1,7,,0,0,,190,140,1,0,,1074,1925,,,,,,,61323616-H,,,,,,3,,,Size,140x190,,1,,,,,,,,,,,,,,,,,,,,,,,,,,,,,,,,,,,,,140x190,,,,,,,,,,,,,,,,,,,,,,,,131940,,,,,,,,,,,,,,,,,,,
57894,variation,61323627,,D-sign Rug 1P0097 Green - 160x220,1,0,visible,,D-sign Rug 1P0097 Green 160x220,,,taxable,parent,1,12,,0,0,,220,160,1,0,,1318,2365,,,,,,,61323616-H,,,,,,4,,,Size,160x220,,1,,,,,,,,,,,,,,,,,,,,,,,,,,,,,,,,,,,,,160x220,,,,,,,,,,,,,,,,,,,,,,,,131941,,,,,,,,,,,,,,,,,,,
57895,variation,61323631,,D-sign Rug 1P0097 Green - 180x270,1,0,visible,,D-sign Rug 1P0097 Green 180x270,,,taxable,parent,1,1,,0,0,,270,180,1,0,,1726,3105,,,,,,,61323616-H,,,,,,5,,,Size,180x270,,1,,,,,,,,,,,,,,,,,,,,,,,,,,,,,,,,,,,,,180x270,,,,,,,,,,,,,,,,,,,,,,,,131942,,,,,,,,,,,,,,,,,,,
57896,variation,61323632,,D-sign Rug 1P0097 Green - 200x290,1,0,visible,,D-sign Rug 1P0097 Green 200x290,,,taxable,parent,0,0,,0,0,,290,200,1,0,,2003,3605,,,,,,,61323616-H,,,,,,6,,,Size,200x290,,1,,,,,,,,,,,,,,,,,,,,,,,,,,,,,,,,,,,,,200x290,,,,,,,,,,,,,,,,,,,,,,,,131943,,,,,,,,,,,,,,,,,,,
57897,variable,61323638-H,,D-sign Rug 1P0100 Green,1,0,hidden,D-sign Rug 1P0100 Green,D-sign Rug 1P0100 Green,,,taxable,,1,,,0,0,,,,,1,,,,"Rooms > Bedroom, Rooms > Living room, Rugs > Modern, Rugs, Sale, Rugs > Shaggy",Sale,,"https://rugshop.eu/wp-content/uploads/2021/11/carpet-soffi-shaggy-5cm-bottle-green.jpg, https://rugshop.eu/wp-content/uploads/2021/11/carpet-soffi-shaggy-5cm-bottle-green-1.jpg, https://rugshop.eu/wp-content/uploads/2021/11/carpet-soffi-shaggy-5cm-bottle-green-2.jpg, https://rugshop.eu/wp-content/uploads/2021/11/carpet-soffi-shaggy-5cm-bottle-green-3.jpg, https://rugshop.eu/wp-content/uploads/2021/11/carpet-soffi-shaggy-5cm-bottle-green-4.jpg",,,,,,,,,2437,,,Size,"120x170, 140x190, 160x220, 180x270, 200x290, 60x100, 80x150",1,1,Brand,D-sign,1,1,Color,Green,1,1,Type of color,Singlecolor,1,1,Shape,Rectangular,1,1,Material,Polypropylene,1,1,Type of rug,"Modern, Rya / Shaggy",1,1,Weave,Machinemade,1,1,Age,New,1,1,,,,,,,,,,,,,,,,,,yes,,,,,,,,,,classic-editor,,,,,,,,,,,,,,,,,,,,
57898,variable,61323637-H,,D-sign Rug 1P0101 Brown,1,0,hidden,D-sign Rug 1P0101 Brown,D-sign Rug 1P0101 Brown,,,taxable,,1,,,0,0,,,,,1,,,,"Rooms > Bedroom, Rooms > Living room, Rugs > Modern, Rugs, Sale, Rugs > Shaggy",Sale,,"https://rugshop.eu/wp-content/uploads/2021/11/carpet-soffi-shaggy-5cm-brown.jpg, https://rugshop.eu/wp-content/uploads/2021/11/carpet-soffi-shaggy-5cm-brown-1.jpg, https://rugshop.eu/wp-content/uploads/2021/11/carpet-soffi-shaggy-5cm-brown-2.jpg, https://rugshop.eu/wp-content/uploads/2021/11/carpet-soffi-shaggy-5cm-brown-3.jpg, https://rugshop.eu/wp-content/uploads/2021/11/carpet-soffi-shaggy-5cm-brown-4.jpg",,,,,,,,,2438,,,Size,"120x170, 140x190, 160x220, 180x270, 200x290, 60x100, 80x150",1,1,Brand,D-sign,1,1,Color,Yellow-Brown,1,1,Type of color,Singlecolor,1,1,Shape,Rectangular,1,1,Material,Polypropylene,1,1,Type of rug,"Modern, Rya / Shaggy",1,1,Weave,Machinemade,1,1,Age,New,1,1,,,,,,,,,,,,,,,,,,yes,,,,,,,,,,classic-editor,,,,,,,,,,,,,,,,,,,,
57900,variation,61323615,,D-sign Rug 1P0098 Black - 60x100,1,0,hidden,,D-sign Rug 1P0098 Black 60x100,,,taxable,parent,1,11,,0,0,,100,60,5,0,,"357,5",715,,,,,,,61323615-H,,,,,,1,,,Size,60x100,,1,,,,,,,,,,,,,,,,,,,,,,,,,,,,,,,,,,,,,,,,,,,,,,,,,,,,,,,,,,,,,131945,,,,,,,,,,,,,,,,,,,
57901,variation,61323630,,D-sign Rug 1P0098 Black - 80x150,1,0,hidden,,D-sign Rug 1P0098 Black 80x150,,,taxable,parent,0,0,,0,0,,150,80,5,0,,"477,5",955,,,,,,,61323615-H,,,,,,2,,,Size,80x150,,1,,,,,,,,,,,,,,,,,,,,,,,,,,,,,,,,,,,,,,,,,,,,,,,,,,,,,,,,,,,,,131952,,,,,,,,,,,,,,,,,,,
57902,variation,61323628,,D-sign Rug 1P0098 Black - 120x170,1,0,hidden,,D-sign Rug 1P0098 Black 120x170,,,taxable,parent,1,27,,0,0,,170,120,5,0,,"682,5",1365,,,,,,,61323615-H,,,,,,3,,,Size,120x170,,1,,,,,,,,,,,,,,,,,,,,,,,,,,,,,,,,,,,,,,,,,,,,,,,,,,,,,,,,,,,,,131956,,,,,,,,,,,,,,,,,,,
57903,variation,61323624,,D-sign Rug 1P0098 Black - 140x190,1,0,hidden,,D-sign Rug 1P0098 Black 140x190,,,taxable,parent,0,0,,0,0,,190,140,5,0,,"797,5",1595,,,,,,,61323615-H,,,,,,4,,,Size,140x190,,1,,,,,,,,,,,,,,,,,,,,,,,,,,,,,,,,,,,,,,,,,,,,,,,,,,,,,,,,,,,,,131957,,,,,,,,,,,,,,,,,,,
57904,variation,61323623,,D-sign Rug 1P0098 Black - 160x220,1,0,hidden,,D-sign Rug 1P0098 Black 160x220,,,taxable,parent,1,19,,0,0,,220,160,5,0,,"977,5",1955,,,,,,,61323615-H,,,,,,5,,,Size,160x220,,1,,,,,,,,,,,,,,,,,,,,,,,,,,,,,,,,,,,,,,,,,,,,,,,,,,,,,,,,,,,,,131958,,,,,,,,,,,,,,,,,,,
57905,variation,61323625,,D-sign Rug 1P0098 Black - 180x270,1,0,hidden,,D-sign Rug 1P0098 Black 180x270,,,taxable,parent,1,10,,0,0,,270,180,5,0,,"1237,5",2475,,,,,,,61323615-H,,,,,,6,,,Size,180x270,,1,,,,,,,,,,,,,,,,,,,,,,,,,,,,,,,,,,,,,,,,,,,,,,,,,,,,,,,,,,,,,131959,,,,,,,,,,,,,,,,,,,
57906,variation,61323622,,D-sign Rug 1P0098 Black - 200x290,1,0,hidden,,D-sign Rug 1P0098 Black 200x290,,,taxable,parent,1,7,,0,0,,290,200,5,0,,"1477,5",2955,,,,,,,61323615-H,,,,,,7,,,Size,200x290,,1,,,,,,,,,,,,,,,,,,,,,,,,,,,,,,,,,,,,,,,,,,,,,,,,,,,,,,,,,,,,,131960,,,,,,,,,,,,,,,,,,,
57908,variation,61323621,,D-sign Rug 1P0099 Pink - 60x100,1,0,hidden,,D-sign Rug 1P0099 Pink 60x100,,,taxable,parent,1,23,,0,0,,100,60,5,0,,"357,5",715,,,,,,,61323621-H,,,,,,1,,,Size,60x100,,1,,,,,,,,,,,,,,,,,,,,,,,,,,,,,,,,,,,,,,,,,,,,,,,,,,,,,,,,,,,,,131977,,,,,,,,,,,,,,,,,,,
57909,variation,61323639,,D-sign Rug 1P0099 Pink - 80x150,1,0,hidden,,D-sign Rug 1P0099 Pink 80x150,,,taxable,parent,1,14,,0,0,,150,80,5,0,,"477,5",955,,,,,,,61323621-H,,,,,,2,,,Size,80x150,,1,,,,,,,,,,,,,,,,,,,,,,,,,,,,,,,,,,,,,,,,,,,,,,,,,,,,,,,,,,,,,131984,,,,,,,,,,,,,,,,,,,
57910,variation,61323646,,D-sign Rug 1P0099 Pink - 120x170,1,0,hidden,,D-sign Rug 1P0099 Pink 120x170,,,taxable,parent,0,0,,0,0,,170,120,5,0,,"682,5",1365,,,,,,,61323621-H,,,,,,3,,,Size,120x170,,1,,,,,,,,,,,,,,,,,,,,,,,,,,,,,,,,,,,,,,,,,,,,,,,,,,,,,,,,,,,,,131988,,,,,,,,,,,,,,,,,,,
57911,variation,61323643,,D-sign Rug 1P0099 Pink - 140x190,1,0,hidden,,D-sign Rug 1P0099 Pink 140x190,,,taxable,parent,1,1,,0,0,,190,140,5,0,,"797,5",1595,,,,,,,61323621-H,,,,,,4,,,Size,140x190,,1,,,,,,,,,,,,,,,,,,,,,,,,,,,,,,,,,,,,,,,,,,,,,,,,,,,,,,,,,,,,,131989,,,,,,,,,,,,,,,,,,,
57912,variation,61323641,,D-sign Rug 1P0099 Pink - 160x220,1,0,hidden,,D-sign Rug 1P0099 Pink 160x220,,,taxable,parent,0,0,,0,0,,220,160,5,0,,"977,5",1955,,,,,,,61323621-H,,,,,,5,,,Size,160x220,,1,,,,,,,,,,,,,,,,,,,,,,,,,,,,,,,,,,,,,,,,,,,,,,,,,,,,,,,,,,,,,131990,,,,,,,,,,,,,,,,,,,
57913,variation,61323644,,D-sign Rug 1P0099 Pink - 180x270,1,0,hidden,,D-sign Rug 1P0099 Pink 180x270,,,taxable,parent,1,8,,0,0,,270,180,5,0,,"1237,5",2475,,,,,,,61323621-H,,,,,,6,,,Size,180x270,,1,,,,,,,,,,,,,,,,,,,,,,,,,,,,,,,,,,,,,,,,,,,,,,,,,,,,,,,,,,,,,131991,,,,,,,,,,,,,,,,,,,
57914,variation,61323635,,D-sign Rug 1P0099 Pink - 200x290,1,0,hidden,,D-sign Rug 1P0099 Pink 200x290,,,taxable,parent,1,7,,0,0,,290,200,5,0,,"1477,5",2955,,,,,,,61323621-H,,,,,,7,,,Size,200x290,,1,,,,,,,,,,,,,,,,,,,,,,,,,,,,,,,,,,,,,,,,,,,,,,,,,,,,,,,,,,,,,131992,,,,,,,,,,,,,,,,,,,
57916,variable,61323654-H,,D-sign Rug 1P0102 Creme,1,0,hidden,D-sign Rug 1P0102 Creme,D-sign Rug 1P0102 Creme,,,taxable,,1,,,0,0,,,,,1,,,,"Rooms > Bedroom, Rooms > Living room, Rugs > Modern, Rugs, Sale, Rugs > Shaggy",Sale,,"https://rugshop.eu/wp-content/uploads/2021/11/carpet-soffi-shaggy-5cm-cream.jpg, https://rugshop.eu/wp-content/uploads/2021/11/carpet-soffi-shaggy-5cm-cream-1.jpg, https://rugshop.eu/wp-content/uploads/2021/11/carpet-soffi-shaggy-5cm-cream-2.jpg, https://rugshop.eu/wp-content/uploads/2021/11/carpet-soffi-shaggy-5cm-cream-3.jpg, https://rugshop.eu/wp-content/uploads/2021/11/carpet-soffi-shaggy-5cm-cream-4.jpg",,,,,,,,,2439,,,Size,"120x170, 140x190, 160x220, 180x270, 200x290, 60x100, 80x150",1,1,Brand,D-sign,1,1,Color,White-Beige,1,1,Type of color,Singlecolor,1,1,Shape,Rectangular,1,1,Material,Polypropylene,1,1,Type of rug,"Modern, Rya / Shaggy",1,1,Weave,Machinemade,1,1,Age,New,1,1,,,,,,,,,,,,,,,,,,yes,,,,,,,,,,classic-editor,,,,,,,,,,,,,,,,,,,,
57917,variable,61323667-H,,D-sign Rug 1P0103 Gold,1,0,hidden,D-sign Rug 1P0103 Gold,D-sign Rug 1P0103 Gold,,,taxable,,1,,,0,0,,,,,1,,,,"Rooms > Bedroom, Rooms > Living room, Rugs > Modern, Rugs, Sale, Rugs > Shaggy",Sale,,"https://rugshop.eu/wp-content/uploads/2021/11/carpet-soffi-shaggy-5cm-gold.jpg, https://rugshop.eu/wp-content/uploads/2021/11/carpet-soffi-shaggy-5cm-gold-1.jpg, https://rugshop.eu/wp-content/uploads/2021/11/carpet-soffi-shaggy-5cm-gold-2.jpg, https://rugshop.eu/wp-content/uploads/2021/11/carpet-soffi-shaggy-5cm-gold-3.jpg, https://rugshop.eu/wp-content/uploads/2021/11/carpet-soffi-shaggy-5cm-gold-4.jpg",,,,,,,,,2440,,,Size,"120x170, 140x190, 160x220, 180x270, 200x290, 60x100, 80x150",1,1,Brand,D-sign,1,1,Color,Yellow-Brown,1,1,Type of color,Singlecolor,1,1,Shape,Rectangular,1,1,Material,Polypropylene,1,1,Type of rug,"Modern, Rya / Shaggy",1,1,Weave,Machinemade,1,1,Age,New,1,1,,,,,,,,,,,,,,,,,,yes,,,,,,,,,,classic-editor,,,,,,,,,,,,,,,,,,,,
57918,variation,61323638,,D-sign Rug 1P0100 Green - 60x100,1,0,hidden,,D-sign Rug 1P0100 Green 60x100,,,taxable,parent,0,0,,0,0,,100,60,5,0,,"357,5",715,,,,,,,61323638-H,,,,,,1,,,Size,60x100,,1,,,,,,,,,,,,,,,,,,,,,,,,,,,,,,,,,,,,,,,,,,,,,,,,,,,,,,,,,,,,,132009,,,,,,,,,,,,,,,,,,,
57919,variation,61323640,,D-sign Rug 1P0100 Green - 80x150,1,0,hidden,,D-sign Rug 1P0100 Green 80x150,,,taxable,parent,1,3,,0,0,,150,80,5,0,,"477,5",955,,,,,,,61323638-H,,,,,,2,,,Size,80x150,,1,,,,,,,,,,,,,,,,,,,,,,,,,,,,,,,,,,,,,,,,,,,,,,,,,,,,,,,,,,,,,132016,,,,,,,,,,,,,,,,,,,
57920,variation,61323647,,D-sign Rug 1P0100 Green - 120x170,1,0,hidden,,D-sign Rug 1P0100 Green 120x170,,,taxable,parent,1,17,,0,0,,170,120,5,0,,"682,5",1365,,,,,,,61323638-H,,,,,,3,,,Size,120x170,,1,,,,,,,,,,,,,,,,,,,,,,,,,,,,,,,,,,,,,,,,,,,,,,,,,,,,,,,,,,,,,132020,,,,,,,,,,,,,,,,,,,
57921,variation,61323659,,D-sign Rug 1P0100 Green - 140x190,1,0,hidden,,D-sign Rug 1P0100 Green 140x190,,,taxable,parent,1,50,,0,0,,190,140,5,0,,"797,5",1595,,,,,,,61323638-H,,,,,,4,,,Size,140x190,,1,,,,,,,,,,,,,,,,,,,,,,,,,,,,,,,,,,,,,,,,,,,,,,,,,,,,,,,,,,,,,132021,,,,,,,,,,,,,,,,,,,
57922,variation,61323662,,D-sign Rug 1P0100 Green - 160x220,1,0,hidden,,D-sign Rug 1P0100 Green 160x220,,,taxable,parent,1,21,,0,0,,220,160,5,0,,"977,5",1955,,,,,,,61323638-H,,,,,,5,,,Size,160x220,,1,,,,,,,,,,,,,,,,,,,,,,,,,,,,,,,,,,,,,,,,,,,,,,,,,,,,,,,,,,,,,132022,,,,,,,,,,,,,,,,,,,
57923,variation,61323642,,D-sign Rug 1P0100 Green - 180x270,1,0,hidden,,D-sign Rug 1P0100 Green 180x270,,,taxable,parent,1,20,,0,0,,270,180,5,0,,"1237,5",2475,,,,,,,61323638-H,,,,,,6,,,Size,180x270,,1,,,,,,,,,,,,,,,,,,,,,,,,,,,,,,,,,,,,,,,,,,,,,,,,,,,,,,,,,,,,,132023,,,,,,,,,,,,,,,,,,,
57924,variation,61323645,,D-sign Rug 1P0100 Green - 200x290,1,0,hidden,,D-sign Rug 1P0100 Green 200x290,,,taxable,parent,1,29,,0,0,,290,200,5,0,,"1477,5",2955,,,,,,,61323638-H,,,,,,7,,,Size,200x290,,1,,,,,,,,,,,,,,,,,,,,,,,,,,,,,,,,,,,,,,,,,,,,,,,,,,,,,,,,,,,,,132024,,,,,,,,,,,,,,,,,,,
57926,variation,61323637,,D-sign Rug 1P0101 Brown - 60x100,1,0,hidden,,D-sign Rug 1P0101 Brown 60x100,,,taxable,parent,1,2,,0,0,,100,60,5,0,,"357,5",715,,,,,,,61323637-H,,,,,,1,,,Size,60x100,,1,,,,,,,,,,,,,,,,,,,,,,,,,,,,,,,,,,,,,,,,,,,,,,,,,,,,,,,,,,,,,132058,,,,,,,,,,,,,,,,,,,
57927,variation,61323648,,D-sign Rug 1P0101 Brown - 80x150,1,0,hidden,,D-sign Rug 1P0101 Brown 80x150,,,taxable,parent,0,0,,0,0,,150,80,5,0,,"477,5",955,,,,,,,61323637-H,,,,,,2,,,Size,80x150,,1,,,,,,,,,,,,,,,,,,,,,,,,,,,,,,,,,,,,,,,,,,,,,,,,,,,,,,,,,,,,,132049,,,,,,,,,,,,,,,,,,,
57928,variation,61323652,,D-sign Rug 1P0101 Brown - 120x170,1,0,hidden,,D-sign Rug 1P0101 Brown 120x170,,,taxable,parent,1,1,,0,0,,170,120,5,0,,"682,5",1365,,,,,,,61323637-H,,,,,,3,,,Size,120x170,,1,,,,,,,,,,,,,,,,,,,,,,,,,,,,,,,,,,,,,,,,,,,,,,,,,,,,,,,,,,,,,132053,,,,,,,,,,,,,,,,,,,
57929,variation,61323653,,D-sign Rug 1P0101 Brown - 140x190,1,0,hidden,,D-sign Rug 1P0101 Brown 140x190,,,taxable,parent,1,1,,0,0,,190,140,5,0,,"797,5",1595,,,,,,,61323637-H,,,,,,4,,,Size,140x190,,1,,,,,,,,,,,,,,,,,,,,,,,,,,,,,,,,,,,,,,,,,,,,,,,,,,,,,,,,,,,,,132054,,,,,,,,,,,,,,,,,,,
57930,variation,61323656,,D-sign Rug 1P0101 Brown - 160x220,1,0,hidden,,D-sign Rug 1P0101 Brown 160x220,,,taxable,parent,0,0,,0,0,,220,160,5,0,,"977,5",1955,,,,,,,61323637-H,,,,,,5,,,Size,160x220,,1,,,,,,,,,,,,,,,,,,,,,,,,,,,,,,,,,,,,,,,,,,,,,,,,,,,,,,,,,,,,,132055,,,,,,,,,,,,,,,,,,,
57931,variation,61323655,,D-sign Rug 1P0101 Brown - 180x270,1,0,hidden,,D-sign Rug 1P0101 Brown 180x270,,,taxable,parent,1,2,,0,0,,270,180,5,0,,"1237,5",2475,,,,,,,61323637-H,,,,,,6,,,Size,180x270,,1,,,,,,,,,,,,,,,,,,,,,,,,,,,,,,,,,,,,,,,,,,,,,,,,,,,,,,,,,,,,,132056,,,,,,,,,,,,,,,,,,,
57932,variation,61323657,,D-sign Rug 1P0101 Brown - 200x290,1,0,hidden,,D-sign Rug 1P0101 Brown 200x290,,,taxable,parent,1,10,,0,0,,290,200,5,0,,"1477,5",2955,,,,,,,61323637-H,,,,,,7,,,Size,200x290,,1,,,,,,,,,,,,,,,,,,,,,,,,,,,,,,,,,,,,,,,,,,,,,,,,,,,,,,,,,,,,,132057,,,,,,,,,,,,,,,,,,,
57934,variation,61323654,,D-sign Rug 1P0102 Creme - 60x100,1,0,hidden,,D-sign Rug 1P0102 Creme 60x100,,,taxable,parent,1,45,,0,0,,100,60,5,0,,"357,5",715,,,,,,,61323654-H,,,,,,1,,,Size,60x100,,1,,,,,,,,,,,,,,,,,,,,,,,,,,,,,,,,,,,,,,,,,,,,,,,,,,,,,,,,,,,,,132075,,,,,,,,,,,,,,,,,,,
57935,variation,61323661,,D-sign Rug 1P0102 Creme - 80x150,1,0,hidden,,D-sign Rug 1P0102 Creme 80x150,,,taxable,parent,0,0,,0,0,,150,80,5,0,,"477,5",955,,,,,,,61323654-H,,,,,,2,,,Size,80x150,,1,,,,,,,,,,,,,,,,,,,,,,,,,,,,,,,,,,,,,,,,,,,,,,,,,,,,,,,,,,,,,132082,,,,,,,,,,,,,,,,,,,
57936,variation,61323664,,D-sign Rug 1P0102 Creme - 120x170,1,0,hidden,,D-sign Rug 1P0102 Creme 120x170,,,taxable,parent,1,18,,0,0,,170,120,5,0,,"682,5",1365,,,,,,,61323654-H,,,,,,3,,,Size,120x170,,1,,,,,,,,,,,,,,,,,,,,,,,,,,,,,,,,,,,,,,,,,,,,,,,,,,,,,,,,,,,,,132086,,,,,,,,,,,,,,,,,,,
57937,variation,61323660,,D-sign Rug 1P0102 Creme - 140x190,1,0,hidden,,D-sign Rug 1P0102 Creme 140x190,,,taxable,parent,1,24,,0,0,,190,140,5,0,,"797,5",1595,,,,,,,61323654-H,,,,,,4,,,Size,140x190,,1,,,,,,,,,,,,,,,,,,,,,,,,,,,,,,,,,,,,,,,,,,,,,,,,,,,,,,,,,,,,,132087,,,,,,,,,,,,,,,,,,,
57938,variation,61323663,,D-sign Rug 1P0102 Creme - 160x220,1,0,hidden,,D-sign Rug 1P0102 Creme 160x220,,,taxable,parent,1,1,,0,0,,220,160,5,0,,"977,5",1955,,,,,,,61323654-H,,,,,,5,,,Size,160x220,,1,,,,,,,,,,,,,,,,,,,,,,,,,,,,,,,,,,,,,,,,,,,,,,,,,,,,,,,,,,,,,132088,,,,,,,,,,,,,,,,,,,
57939,variation,61323668,,D-sign Rug 1P0102 Creme - 180x270,1,0,hidden,,D-sign Rug 1P0102 Creme 180x270,,,taxable,parent,1,5,,0,0,,270,180,5,0,,"1237,5",2475,,,,,,,61323654-H,,,,,,6,,,Size,180x270,,1,,,,,,,,,,,,,,,,,,,,,,,,,,,,,,,,,,,,,,,,,,,,,,,,,,,,,,,,,,,,,132089,,,,,,,,,,,,,,,,,,,
57940,variable,61323669-H,,D-sign Rug 1P0104 Grey,1,0,hidden,D-sign Rug 1P0104 Grey,D-sign Rug 1P0104 Grey,,,taxable,,1,,,0,0,,,,,1,,,,"Rooms > Bedroom, Rooms > Living room, Rugs > Modern, Rugs, Sale, Rugs > Shaggy",Sale,,"https://rugshop.eu/wp-content/uploads/2021/11/carpet-soffi-shaggy-5cm-grey.jpg, https://rugshop.eu/wp-content/uploads/2021/11/carpet-soffi-shaggy-5cm-grey-1.jpg, https://rugshop.eu/wp-content/uploads/2021/11/carpet-soffi-shaggy-5cm-grey-2.jpg, https://rugshop.eu/wp-content/uploads/2021/11/carpet-soffi-shaggy-5cm-grey-3.jpg, https://rugshop.eu/wp-content/uploads/2021/11/carpet-soffi-shaggy-5cm-grey-4.jpg",,,,,,,,,2441,,,Size,"120x170, 140x190, 160x220, 180x270, 200x290, 60x100, 80x150",1,1,Brand,D-sign,1,1,Color,Black-Grey,1,1,Type of color,Singlecolor,1,1,Shape,Rectangular,1,1,Material,Polypropylene,1,1,Type of rug,"Modern, Rya / Shaggy",1,1,Weave,Machinemade,1,1,Age,New,1,1,,,,,,,,,,,,,,,,,,yes,,,,,,,,,,classic-editor,,,,,,,,,,,,,,,,,,,,
57941,variable,61323683-H,,D-sign Rug 1P0105 Beige,1,0,hidden,D-sign Rug 1P0105 Beige,D-sign Rug 1P0105 Beige,,,taxable,,1,,,0,0,,,,,1,,,,"Rooms > Bedroom, Rooms > Living room, Rugs > Modern, Rugs, Sale, Rugs > Shaggy",Sale,,"https://rugshop.eu/wp-content/uploads/2021/11/carpet-soffi-shaggy-5cm-beige.jpg, https://rugshop.eu/wp-content/uploads/2021/11/carpet-soffi-shaggy-5cm-beige-1.jpg, https://rugshop.eu/wp-content/uploads/2021/11/carpet-soffi-shaggy-5cm-beige-2.jpg, https://rugshop.eu/wp-content/uploads/2021/11/carpet-soffi-shaggy-5cm-beige-3.jpg, https://rugshop.eu/wp-content/uploads/2021/11/carpet-soffi-shaggy-5cm-beige-4.jpg",,,,,,,,,2442,,,Size,"120x170, 140x190, 160x220, 180x270, 200x290, 60x100, 80x150",1,1,Brand,D-sign,1,1,Color,White-Beige,1,1,Type of color,Singlecolor,1,1,Shape,Rectangular,1,1,Material,Polypropylene,1,1,Type of rug,"Modern, Rya / Shaggy",1,1,Weave,Machinemade,1,1,Age,New,1,1,,,,,,,,,,,,,,,,,,yes,,,,,,,,,,classic-editor,,,,,,,,,,,,,,,,,,,,
57942,variable,61323694-H,,D-sign Rug 1P0106 Blue,1,0,hidden,D-sign Rug 1P0106 Blue,D-sign Rug 1P0106 Blue,,,taxable,,1,,,0,0,,,,,1,,,,"Rooms > Bedroom, Rooms > Living room, Rugs > Modern, Rugs, Sale, Rugs > Shaggy",Sale,,"https://rugshop.eu/wp-content/uploads/2021/11/carpet-soffi-shaggy-5cm-blue.jpg, https://rugshop.eu/wp-content/uploads/2021/11/carpet-soffi-shaggy-5cm-blue-1.jpg, https://rugshop.eu/wp-content/uploads/2021/11/carpet-soffi-shaggy-5cm-blue-2.jpg, https://rugshop.eu/wp-content/uploads/2021/11/carpet-soffi-shaggy-5cm-blue-3.jpg, https://rugshop.eu/wp-content/uploads/2021/11/carpet-soffi-shaggy-5cm-blue-4.jpg",,,,,,,,,2443,,,Size,"120x170, 140x190, 160x220, 180x270, 200x290, 60x100, 80x150",1,1,Brand,D-sign,1,1,Color,Blue,1,1,Type of color,Singlecolor,1,1,Shape,Rectangular,1,1,Material,Polypropylene,1,1,Type of rug,"Modern, Rya / Shaggy",1,1,Weave,Machinemade,1,1,Age,New,1,1,,,,,,,,,,,,,,,,,,yes,,,,,,,,,,classic-editor,,,,,,,,,,,,,,,,,,,,
57943,variation,61323666,,D-sign Rug 1P0102 Creme - 200x290,1,0,hidden,,D-sign Rug 1P0102 Creme 200x290,,,taxable,parent,1,22,,0,0,,290,200,5,0,,"1477,5",2955,,,,,,,61323654-H,,,,,,7,,,Size,200x290,,1,,,,,,,,,,,,,,,,,,,,,,,,,,,,,,,,,,,,,,,,,,,,,,,,,,,,,,,,,,,,,132090,,,,,,,,,,,,,,,,,,,
57945,variation,61323667,,D-sign Rug 1P0103 Gold - 60x100,1,0,hidden,,D-sign Rug 1P0103 Gold 60x100,,,taxable,parent,1,80,,0,0,,100,60,5,0,,"357,5",715,,,,,,,61323667-H,,,,,,1,,,Size,60x100,,1,,,,,,,,,,,,,,,,,,,,,,,,,,,,,,,,,,,,,,,,,,,,,,,,,,,,,,,,,,,,,132107,,,,,,,,,,,,,,,,,,,
57946,variation,61323675,,D-sign Rug 1P0103 Gold - 80x150,1,0,hidden,,D-sign Rug 1P0103 Gold 80x150,,,taxable,parent,1,49,,0,0,,150,80,5,0,,"477,5",955,,,,,,,61323667-H,,,,,,2,,,Size,80x150,,1,,,,,,,,,,,,,,,,,,,,,,,,,,,,,,,,,,,,,,,,,,,,,,,,,,,,,,,,,,,,,132114,,,,,,,,,,,,,,,,,,,
57947,variation,61323672,,D-sign Rug 1P0103 Gold - 120x170,1,0,hidden,,D-sign Rug 1P0103 Gold 120x170,,,taxable,parent,0,0,,0,0,,170,120,5,0,,"682,5",1365,,,,,,,61323667-H,,,,,,3,,,Size,120x170,,1,,,,,,,,,,,,,,,,,,,,,,,,,,,,,,,,,,,,,,,,,,,,,,,,,,,,,,,,,,,,,132118,,,,,,,,,,,,,,,,,,,
57948,variation,61323671,,D-sign Rug 1P0103 Gold - 140x190,1,0,hidden,,D-sign Rug 1P0103 Gold 140x190,,,taxable,parent,1,42,,0,0,,190,140,5,0,,"797,5",1595,,,,,,,61323667-H,,,,,,4,,,Size,140x190,,1,,,,,,,,,,,,,,,,,,,,,,,,,,,,,,,,,,,,,,,,,,,,,,,,,,,,,,,,,,,,,132119,,,,,,,,,,,,,,,,,,,
57949,variation,61323673,,D-sign Rug 1P0103 Gold - 160x220,1,0,hidden,,D-sign Rug 1P0103 Gold 160x220,,,taxable,parent,1,15,,0,0,,220,160,5,0,,"977,5",1955,,,,,,,61323667-H,,,,,,5,,,Size,160x220,,1,,,,,,,,,,,,,,,,,,,,,,,,,,,,,,,,,,,,,,,,,,,,,,,,,,,,,,,,,,,,,132120,,,,,,,,,,,,,,,,,,,
57950,variation,61323674,,D-sign Rug 1P0103 Gold - 180x270,1,0,hidden,,D-sign Rug 1P0103 Gold 180x270,,,taxable,parent,1,6,,0,0,,270,180,5,0,,"1237,5",2475,,,,,,,61323667-H,,,,,,6,,,Size,180x270,,1,,,,,,,,,,,,,,,,,,,,,,,,,,,,,,,,,,,,,,,,,,,,,,,,,,,,,,,,,,,,,132121,,,,,,,,,,,,,,,,,,,
57951,variation,61323676,,D-sign Rug 1P0103 Gold - 200x290,1,0,hidden,,D-sign Rug 1P0103 Gold 200x290,,,taxable,parent,1,21,,0,0,,290,200,5,0,,"1477,5",2955,,,,,,,61323667-H,,,,,,7,,,Size,200x290,,1,,,,,,,,,,,,,,,,,,,,,,,,,,,,,,,,,,,,,,,,,,,,,,,,,,,,,,,,,,,,,132122,,,,,,,,,,,,,,,,,,,
57953,variation,61323669,,D-sign Rug 1P0104 Grey - 60x100,1,0,hidden,,D-sign Rug 1P0104 Grey 60x100,,,taxable,parent,1,89,,0,0,,100,60,5,0,,"357,5",715,,,,,,,61323669-H,,,,,,1,,,Size,60x100,,1,,,,,,,,,,,,,,,,,,,,,,,,,,,,,,,,,,,,,,,,,,,,,,,,,,,,,,,,,,,,,132144,,,,,,,,,,,,,,,,,,,
57954,variation,61323679,,D-sign Rug 1P0104 Grey - 80x150,1,0,hidden,,D-sign Rug 1P0104 Grey 80x150,,,taxable,parent,0,0,,0,0,,150,80,5,0,,"477,5",955,,,,,,,61323669-H,,,,,,2,,,Size,80x150,,1,,,,,,,,,,,,,,,,,,,,,,,,,,,,,,,,,,,,,,,,,,,,,,,,,,,,,,,,,,,,,132154,,,,,,,,,,,,,,,,,,,
57955,variation,61323685,,D-sign Rug 1P0104 Grey - 120x170,1,0,hidden,,D-sign Rug 1P0104 Grey 120x170,,,taxable,parent,0,0,,0,0,,170,120,5,0,,"682,5",1365,,,,,,,61323669-H,,,,,,3,,,Size,120x170,,1,,,,,,,,,,,,,,,,,,,,,,,,,,,,,,,,,,,,,,,,,,,,,,,,,,,,,,,,,,,,,132159,,,,,,,,,,,,,,,,,,,
57956,variation,61323682,,D-sign Rug 1P0104 Grey - 140x190,1,0,hidden,,D-sign Rug 1P0104 Grey 140x190,,,taxable,parent,1,10,,0,0,,190,140,5,0,,"797,5",1595,,,,,,,61323669-H,,,,,,4,,,Size,140x190,,1,,,,,,,,,,,,,,,,,,,,,,,,,,,,,,,,,,,,,,,,,,,,,,,,,,,,,,,,,,,,,132161,,,,,,,,,,,,,,,,,,,
57957,variation,61323681,,D-sign Rug 1P0104 Grey - 160x220,1,0,hidden,,D-sign Rug 1P0104 Grey 160x220,,,taxable,parent,1,16,,0,0,,220,160,5,0,,"977,5",1955,,,,,,,61323669-H,,,,,,5,,,Size,160x220,,1,,,,,,,,,,,,,,,,,,,,,,,,,,,,,,,,,,,,,,,,,,,,,,,,,,,,,,,,,,,,,132162,,,,,,,,,,,,,,,,,,,
57958,variation,61323680,,D-sign Rug 1P0104 Grey - 180x270,1,0,hidden,,D-sign Rug 1P0104 Grey 180x270,,,taxable,parent,1,4,,0,0,,270,180,5,0,,"1237,5",2475,,,,,,,61323669-H,,,,,,6,,,Size,180x270,,1,,,,,,,,,,,,,,,,,,,,,,,,,,,,,,,,,,,,,,,,,,,,,,,,,,,,,,,,,,,,,132164,,,,,,,,,,,,,,,,,,,
57959,variation,61323684,,D-sign Rug 1P0104 Grey - 200x290,1,0,hidden,,D-sign Rug 1P0104 Grey 200x290,,,taxable,parent,1,4,,0,0,,290,200,5,0,,"1477,5",2955,,,,,,,61323669-H,,,,,,7,,,Size,200x290,,1,,,,,,,,,,,,,,,,,,,,,,,,,,,,,,,,,,,,,,,,,,,,,,,,,,,,,,,,,,,,,132165,,,,,,,,,,,,,,,,,,,
57961,variable,61323702-H,,D-sign Rug 1P0107 Blue,1,0,hidden,D-sign Rug 1P0107 Blue,D-sign Rug 1P0107 Blue,,,taxable,,1,,,0,0,,,,,1,,,,"Rooms > Bedroom, Rooms > Living room, Rugs > Modern, Rugs, Sale, Rugs > Shaggy",Sale,,"https://rugshop.eu/wp-content/uploads/2021/11/carpet-soffi-shaggy-5cm-navy.jpg, https://rugshop.eu/wp-content/uploads/2021/11/carpet-soffi-shaggy-5cm-navy-1.jpg, https://rugshop.eu/wp-content/uploads/2021/11/carpet-soffi-shaggy-5cm-navy-2.jpg, https://rugshop.eu/wp-content/uploads/2021/11/carpet-soffi-shaggy-5cm-navy-3.jpg, https://rugshop.eu/wp-content/uploads/2021/11/carpet-soffi-shaggy-5cm-navy-4.jpg",,,,,,,,,2444,,,Size,"120x170, 140x190, 160x220, 180x270, 200x290, 60x100, 80x150",1,1,Brand,D-sign,1,1,Color,Blue,1,1,Type of color,Singlecolor,1,1,Shape,Rectangular,1,1,Material,Polypropylene,1,1,Type of rug,"Modern, Rya / Shaggy",1,1,Weave,Machinemade,1,1,Age,New,1,1,,,,,,,,,,,,,,,,,,yes,,,,,,,,,,classic-editor,,,,,,,,,,,,,,,,,,,,
57962,variable,61323701-H,,D-sign Rug 1P0108 Black,1,0,hidden,D-sign Rug 1P0108 Black,D-sign Rug 1P0108 Black,,,taxable,,1,,,0,0,,,,,1,,,,"Rooms > Entrance & Corridor, Rooms > Kitchen, Rugs > Modern, Rugs, Sale, Rugs > Shaggy",Sale,,"https://rugshop.eu/wp-content/uploads/2021/11/carpet-runner-soffi-shaggy-5cm-black-for-the-kitchen-corridor-hallway.jpg, https://rugshop.eu/wp-content/uploads/2021/11/carpet-runner-soffi-shaggy-5cm-black-for-the-kitchen-corridor-hallway-1.jpg, https://rugshop.eu/wp-content/uploads/2021/11/carpet-runner-soffi-shaggy-5cm-black-for-the-kitchen-corridor-hallway-2.jpg, https://rugshop.eu/wp-content/uploads/2021/11/carpet-runner-soffi-shaggy-5cm-black-for-the-kitchen-corridor-hallway-3.jpg, https://rugshop.eu/wp-content/uploads/2021/11/carpet-runner-soffi-shaggy-5cm-black-for-the-kitchen-corridor-hallway-4.jpg",,,,,,,,,2445,,,Size,"60x200, 60x250, 60x300, 70x200, 70x250, 70x300, 80x200, 80x250, 80x300",1,1,Brand,D-sign,1,1,Color,Black-Grey,1,1,Type of color,Singlecolor,1,1,Shape,"Rectangular, Runner",1,1,Material,Polypropylene,1,1,Type of rug,"Modern, Rya / Shaggy",1,1,Weave,Machinemade,1,1,Age,New,1,1,,,,,,,,,,,,,,,,,,yes,,,,,,,,,,classic-editor,,,,,,,,,,,,,,,,,,,,
57963,variation,61323683,,D-sign Rug 1P0105 Beige - 60x100,1,0,hidden,,D-sign Rug 1P0105 Beige 60x100,,,taxable,parent,0,0,,0,0,,100,60,5,0,,"357,5",715,,,,,,,61323683-H,,,,,,1,,,Size,60x100,,1,,,,,,,,,,,,,,,,,,,,,,,,,,,,,,,,,,,,,,,,,,,,,,,,,,,,,,,,,,,,,132193,,,,,,,,,,,,,,,,,,,
57964,variation,61323696,,D-sign Rug 1P0105 Beige - 80x150,1,0,hidden,,D-sign Rug 1P0105 Beige 80x150,,,taxable,parent,1,10,,0,0,,150,80,5,0,,"477,5",955,,,,,,,61323683-H,,,,,,2,,,Size,80x150,,1,,,,,,,,,,,,,,,,,,,,,,,,,,,,,,,,,,,,,,,,,,,,,,,,,,,,,,,,,,,,,132200,,,,,,,,,,,,,,,,,,,
57965,variation,61323695,,D-sign Rug 1P0105 Beige - 120x170,1,0,hidden,,D-sign Rug 1P0105 Beige 120x170,,,taxable,parent,1,15,,0,0,,170,120,5,0,,"682,5",1365,,,,,,,61323683-H,,,,,,3,,,Size,120x170,,1,,,,,,,,,,,,,,,,,,,,,,,,,,,,,,,,,,,,,,,,,,,,,,,,,,,,,,,,,,,,,132206,,,,,,,,,,,,,,,,,,,
57966,variation,61323697,,D-sign Rug 1P0105 Beige - 140x190,1,0,hidden,,D-sign Rug 1P0105 Beige 140x190,,,taxable,parent,1,11,,0,0,,190,140,5,0,,"797,5",1595,,,,,,,61323683-H,,,,,,4,,,Size,140x190,,1,,,,,,,,,,,,,,,,,,,,,,,,,,,,,,,,,,,,,,,,,,,,,,,,,,,,,,,,,,,,,132208,,,,,,,,,,,,,,,,,,,
57967,variation,61323691,,D-sign Rug 1P0105 Beige - 160x220,1,0,hidden,,D-sign Rug 1P0105 Beige 160x220,,,taxable,parent,0,0,,0,0,,220,160,5,0,,"977,5",1955,,,,,,,61323683-H,,,,,,5,,,Size,160x220,,1,,,,,,,,,,,,,,,,,,,,,,,,,,,,,,,,,,,,,,,,,,,,,,,,,,,,,,,,,,,,,132209,,,,,,,,,,,,,,,,,,,
57968,variation,61323692,,D-sign Rug 1P0105 Beige - 180x270,1,0,hidden,,D-sign Rug 1P0105 Beige 180x270,,,taxable,parent,0,0,,0,0,,270,180,5,0,,"1237,5",2475,,,,,,,61323683-H,,,,,,6,,,Size,180x270,,1,,,,,,,,,,,,,,,,,,,,,,,,,,,,,,,,,,,,,,,,,,,,,,,,,,,,,,,,,,,,,132211,,,,,,,,,,,,,,,,,,,
57969,variation,61323693,,D-sign Rug 1P0105 Beige - 200x290,1,0,hidden,,D-sign Rug 1P0105 Beige 200x290,,,taxable,parent,0,0,,0,0,,290,200,5,0,,"1477,5",2955,,,,,,,61323683-H,,,,,,7,,,Size,200x290,,1,,,,,,,,,,,,,,,,,,,,,,,,,,,,,,,,,,,,,,,,,,,,,,,,,,,,,,,,,,,,,132212,,,,,,,,,,,,,,,,,,,
57971,variation,61323694,,D-sign Rug 1P0106 Blue - 60x100,1,0,hidden,,D-sign Rug 1P0106 Blue 60x100,,,taxable,parent,1,52,,0,0,,100,60,5,0,,"357,5",715,,,,,,,61323694-H,,,,,,1,,,Size,60x100,,1,,,,,,,,,,,,,,,,,,,,,,,,,,,,,,,,,,,,,,,,,,,,,,,,,,,,,,,,,,,,,132230,,,,,,,,,,,,,,,,,,,
57972,variation,61323703,,D-sign Rug 1P0106 Blue - 80x150,1,0,hidden,,D-sign Rug 1P0106 Blue 80x150,,,taxable,parent,1,32,,0,0,,150,80,5,0,,"477,5",955,,,,,,,61323694-H,,,,,,2,,,Size,80x150,,1,,,,,,,,,,,,,,,,,,,,,,,,,,,,,,,,,,,,,,,,,,,,,,,,,,,,,,,,,,,,,132237,,,,,,,,,,,,,,,,,,,
57973,variation,61323708,,D-sign Rug 1P0106 Blue - 120x170,1,0,hidden,,D-sign Rug 1P0106 Blue 120x170,,,taxable,parent,0,0,,0,0,,170,120,5,0,,"682,5",1365,,,,,,,61323694-H,,,,,,3,,,Size,120x170,,1,,,,,,,,,,,,,,,,,,,,,,,,,,,,,,,,,,,,,,,,,,,,,,,,,,,,,,,,,,,,,132241,,,,,,,,,,,,,,,,,,,
57974,variation,61323706,,D-sign Rug 1P0106 Blue - 140x190,1,0,hidden,,D-sign Rug 1P0106 Blue 140x190,,,taxable,parent,1,10,,0,0,,190,140,5,0,,"797,5",1595,,,,,,,61323694-H,,,,,,4,,,Size,140x190,,1,,,,,,,,,,,,,,,,,,,,,,,,,,,,,,,,,,,,,,,,,,,,,,,,,,,,,,,,,,,,,132242,,,,,,,,,,,,,,,,,,,
57975,variation,61323704,,D-sign Rug 1P0106 Blue - 160x220,1,0,hidden,,D-sign Rug 1P0106 Blue 160x220,,,taxable,parent,1,18,,0,0,,220,160,5,0,,"977,5",1955,,,,,,,61323694-H,,,,,,5,,,Size,160x220,,1,,,,,,,,,,,,,,,,,,,,,,,,,,,,,,,,,,,,,,,,,,,,,,,,,,,,,,,,,,,,,132243,,,,,,,,,,,,,,,,,,,
57976,variation,61323709,,D-sign Rug 1P0106 Blue - 180x270,1,0,hidden,,D-sign Rug 1P0106 Blue 180x270,,,taxable,parent,1,11,,0,0,,270,180,5,0,,"1237,5",2475,,,,,,,61323694-H,,,,,,6,,,Size,180x270,,1,,,,,,,,,,,,,,,,,,,,,,,,,,,,,,,,,,,,,,,,,,,,,,,,,,,,,,,,,,,,,132244,,,,,,,,,,,,,,,,,,,
57977,variation,61323705,,D-sign Rug 1P0106 Blue - 200x290,1,0,hidden,,D-sign Rug 1P0106 Blue 200x290,,,taxable,parent,1,17,,0,0,,290,200,5,0,,"1477,5",2955,,,,,,,61323694-H,,,,,,7,,,Size,200x290,,1,,,,,,,,,,,,,,,,,,,,,,,,,,,,,,,,,,,,,,,,,,,,,,,,,,,,,,,,,,,,,132245,,,,,,,,,,,,,,,,,,,
57979,variation,61323702,,D-sign Rug 1P0107 Blue - 60x100,1,0,hidden,,D-sign Rug 1P0107 Blue 60x100,,,taxable,parent,1,70,,0,0,,100,60,5,0,,"357,5",715,,,,,,,61323702-H,,,,,,1,,,Size,60x100,,1,,,,,,,,,,,,,,,,,,,,,,,,,,,,,,,,,,,,,,,,,,,,,,,,,,,,,,,,,,,,,132246,,,,,,,,,,,,,,,,,,,
57980,variation,61323721,,D-sign Rug 1P0107 Blue - 80x150,1,0,hidden,,D-sign Rug 1P0107 Blue 80x150,,,taxable,parent,1,52,,0,0,,150,80,5,0,,"477,5",955,,,,,,,61323702-H,,,,,,2,,,Size,80x150,,1,,,,,,,,,,,,,,,,,,,,,,,,,,,,,,,,,,,,,,,,,,,,,,,,,,,,,,,,,,,,,132253,,,,,,,,,,,,,,,,,,,
57981,variation,61323724,,D-sign Rug 1P0107 Blue - 120x170,1,0,hidden,,D-sign Rug 1P0107 Blue 120x170,,,taxable,parent,1,66,,0,0,,170,120,5,0,,"682,5",1365,,,,,,,61323702-H,,,,,,3,,,Size,120x170,,1,,,,,,,,,,,,,,,,,,,,,,,,,,,,,,,,,,,,,,,,,,,,,,,,,,,,,,,,,,,,,132257,,,,,,,,,,,,,,,,,,,
57982,variation,61323723,,D-sign Rug 1P0107 Blue - 140x190,1,0,hidden,,D-sign Rug 1P0107 Blue 140x190,,,taxable,parent,1,61,,0,0,,190,140,5,0,,"797,5",1595,,,,,,,61323702-H,,,,,,4,,,Size,140x190,,1,,,,,,,,,,,,,,,,,,,,,,,,,,,,,,,,,,,,,,,,,,,,,,,,,,,,,,,,,,,,,132258,,,,,,,,,,,,,,,,,,,
57983,variation,61323719,,D-sign Rug 1P0107 Blue - 160x220,1,0,hidden,,D-sign Rug 1P0107 Blue 160x220,,,taxable,parent,1,12,,0,0,,220,160,5,0,,"977,5",1955,,,,,,,61323702-H,,,,,,5,,,Size,160x220,,1,,,,,,,,,,,,,,,,,,,,,,,,,,,,,,,,,,,,,,,,,,,,,,,,,,,,,,,,,,,,,132259,,,,,,,,,,,,,,,,,,,
57984,variation,61323707,,D-sign Rug 1P0107 Blue - 180x270,1,0,hidden,,D-sign Rug 1P0107 Blue 180x270,,,taxable,parent,1,11,,0,0,,270,180,5,0,,"1237,5",2475,,,,,,,61323702-H,,,,,,6,,,Size,180x270,,1,,,,,,,,,,,,,,,,,,,,,,,,,,,,,,,,,,,,,,,,,,,,,,,,,,,,,,,,,,,,,132260,,,,,,,,,,,,,,,,,,,
57985,variation,61323720,,D-sign Rug 1P0107 Blue - 200x290,1,0,hidden,,D-sign Rug 1P0107 Blue 200x290,,,taxable,parent,1,7,,0,0,,290,200,5,0,,"1477,5",2955,,,,,,,61323702-H,,,,,,7,,,Size,200x290,,1,,,,,,,,,,,,,,,,,,,,,,,,,,,,,,,,,,,,,,,,,,,,,,,,,,,,,,,,,,,,,132261,,,,,,,,,,,,,,,,,,,
57987,variable,61323714-H,,D-sign Rug 1P0109 Pink,1,0,hidden,D-sign Rug 1P0109 Pink,D-sign Rug 1P0109 Pink,,,taxable,,1,,,0,0,,,,,1,,,,"Rooms > Entrance & Corridor, Rooms > Kitchen, Rugs > Modern, Rugs, Sale, Rugs > Shaggy",Sale,,"https://rugshop.eu/wp-content/uploads/2021/11/carpet-runner-soffi-shaggy-5cm-blush-pink-for-the-kitchen-corridor-hallway.jpg, https://rugshop.eu/wp-content/uploads/2021/11/carpet-runner-soffi-shaggy-5cm-blush-pink-for-the-kitchen-corridor-hallway-1.jpg, https://rugshop.eu/wp-content/uploads/2021/11/carpet-runner-soffi-shaggy-5cm-blush-pink-for-the-kitchen-corridor-hallway-2.jpg, https://rugshop.eu/wp-content/uploads/2021/11/carpet-runner-soffi-shaggy-5cm-blush-pink-for-the-kitchen-corridor-hallway-3.jpg, https://rugshop.eu/wp-content/uploads/2021/11/carpet-runner-soffi-shaggy-5cm-blush-pink-for-the-kitchen-corridor-hallway-4.jpg",,,,,,,,,2446,,,Size,"60x200, 60x250, 60x300, 70x200, 70x250, 70x300, 80x200, 80x250, 80x300",1,1,Brand,D-sign,1,1,Color,Pink-Purple,1,1,Type of color,Singlecolor,1,1,Shape,"Rectangular, Runner",1,1,Material,Polypropylene,1,1,Type of rug,"Modern, Rya / Shaggy",1,1,Weave,Machinemade,1,1,Age,New,1,1,,,,,,,,,,,,,,,,,,yes,,,,,,,,,,classic-editor,,,,,,,,,,,,,,,,,,,,
57988,variable,61323729-H,,D-sign Rug 1P0110 Green,1,0,hidden,D-sign Rug 1P0110 Green,D-sign Rug 1P0110 Green,,,taxable,,1,,,0,0,,,,,1,,,,"Rooms > Entrance & Corridor, Rooms > Kitchen, Rugs > Modern, Rugs, Sale, Rugs > Shaggy",Sale,,"https://rugshop.eu/wp-content/uploads/2021/11/carpet-runner-soffi-shaggy-5cm-bottle-green-for-the-kitchen-corridor-hallway.jpg, https://rugshop.eu/wp-content/uploads/2021/11/carpet-runner-soffi-shaggy-5cm-bottle-green-for-the-kitchen-corridor-hallway-1.jpg, https://rugshop.eu/wp-content/uploads/2021/11/carpet-runner-soffi-shaggy-5cm-bottle-green-for-the-kitchen-corridor-hallway-2.jpg, https://rugshop.eu/wp-content/uploads/2021/11/carpet-runner-soffi-shaggy-5cm-bottle-green-for-the-kitchen-corridor-hallway-3.jpg, https://rugshop.eu/wp-content/uploads/2021/11/carpet-runner-soffi-shaggy-5cm-bottle-green-for-the-kitchen-corridor-hallway-4.jpg",,,,,,,,,2447,,,Size,"60x200, 60x250, 60x300, 70x200, 70x250, 70x300, 80x200, 80x250, 80x300",1,1,Brand,D-sign,1,1,Color,Green,1,1,Type of color,Singlecolor,1,1,Shape,"Rectangular, Runner",1,1,Material,Polypropylene,1,1,Type of rug,"Modern, Rya / Shaggy",1,1,Weave,Machinemade,1,1,Age,New,1,1,,,,,,,,,,,,,,,,,,yes,,,,,,,,,,classic-editor,,,,,,,,,,,,,,,,,,,,
57989,variable,61326626-H,,D-sign Rug 1P0137 Brown,1,0,hidden,D-sign Rug 1P0137 Brown,D-sign Rug 1P0137 Brown,,,taxable,,1,,,0,0,,,,,1,,,,"Rooms > Entrance & Corridor, Rooms > Kitchen, Rugs > Modern, Rugs, Sale, Rugs > Shaggy",Sale,,"https://rugshop.eu/wp-content/uploads/2021/11/carpet-runner-soffi-shaggy-5cm-brown-for-the-kitchen-corridor-hallway.jpg, https://rugshop.eu/wp-content/uploads/2021/11/carpet-runner-soffi-shaggy-5cm-brown-for-the-kitchen-corridor-hallway-1.jpg, https://rugshop.eu/wp-content/uploads/2021/11/carpet-runner-soffi-shaggy-5cm-brown-for-the-kitchen-corridor-hallway-2.jpg, https://rugshop.eu/wp-content/uploads/2021/11/carpet-runner-soffi-shaggy-5cm-brown-for-the-kitchen-corridor-hallway-3.jpg, https://rugshop.eu/wp-content/uploads/2021/11/carpet-runner-soffi-shaggy-5cm-brown-for-the-kitchen-corridor-hallway-4.jpg",,,,,,,,,2448,,,Size,"60x200, 60x250, 60x300, 70x200, 70x250, 70x300, 80x200, 80x250, 80x300",1,1,Brand,D-sign,1,1,Color,Yellow-Brown,1,1,Type of color,Singlecolor,1,1,Shape,"Rectangular, Runner",1,1,Material,Polypropylene,1,1,Type of rug,"Modern, Rya / Shaggy",1,1,Weave,Machinemade,1,1,Age,New,1,1,,,,,,,,,,,,,,,,,,yes,,,,,,,,,,classic-editor,,,,,,,,,,,,,,,,,,,,
57990,variation,61323701,,D-sign Rug 1P0108 Black - 60x200,1,0,hidden,,D-sign Rug 1P0108 Black 60x200,,,taxable,parent,1,15,,0,0,,200,60,5,0,,"477,5",955,,,,,,,61323701-H,,,,,,1,,,Size,60x200,,1,,,,,,,,,,,,,,,,,,,,,,,,,,,,,,,,,,,,,,,,,,,,,,,,,,,,,,,,,,,,,132263,,,,,,,,,,,,,,,,,,,
57991,variation,61323726,,D-sign Rug 1P0108 Black - 60x250,1,0,hidden,,D-sign Rug 1P0108 Black 60x250,,,taxable,parent,1,11,,0,0,,250,60,5,0,,"537,5",1075,,,,,,,61323701-H,,,,,,2,,,Size,60x250,,1,,,,,,,,,,,,,,,,,,,,,,,,,,,,,,,,,,,,,,,,,,,,,,,,,,,,,,,,,,,,,132264,,,,,,,,,,,,,,,,,,,
57992,variation,61323718,,D-sign Rug 1P0108 Black - 60x300,1,0,hidden,,D-sign Rug 1P0108 Black 60x300,,,taxable,parent,1,8,,0,0,,300,60,5,0,,"622,5",1245,,,,,,,61323701-H,,,,,,3,,,Size,60x300,,1,,,,,,,,,,,,,,,,,,,,,,,,,,,,,,,,,,,,,,,,,,,,,,,,,,,,,,,,,,,,,132265,,,,,,,,,,,,,,,,,,,
57993,variation,61323711,,D-sign Rug 1P0108 Black - 70x200,1,0,hidden,,D-sign Rug 1P0108 Black 70x200,,,taxable,parent,1,14,,0,0,,200,70,5,0,,"537,5",1075,,,,,,,61323701-H,,,,,,4,,,Size,70x200,,1,,,,,,,,,,,,,,,,,,,,,,,,,,,,,,,,,,,,,,,,,,,,,,,,,,,,,,,,,,,,,132266,,,,,,,,,,,,,,,,,,,
57994,variation,61323712,,D-sign Rug 1P0108 Black - 70x250,1,0,hidden,,D-sign Rug 1P0108 Black 70x250,,,taxable,parent,1,27,,0,0,,250,70,5,0,,"592,5",1185,,,,,,,61323701-H,,,,,,5,,,Size,70x250,,1,,,,,,,,,,,,,,,,,,,,,,,,,,,,,,,,,,,,,,,,,,,,,,,,,,,,,,,,,,,,,132267,,,,,,,,,,,,,,,,,,,
57995,variation,61323713,,D-sign Rug 1P0108 Black - 70x300,1,0,hidden,,D-sign Rug 1P0108 Black 70x300,,,taxable,parent,1,23,,0,0,,300,70,5,0,,"682,5",1365,,,,,,,61323701-H,,,,,,6,,,Size,70x300,,1,,,,,,,,,,,,,,,,,,,,,,,,,,,,,,,,,,,,,,,,,,,,,,,,,,,,,,,,,,,,,132268,,,,,,,,,,,,,,,,,,,
57996,variation,61323715,,D-sign Rug 1P0108 Black - 80x200,1,0,hidden,,D-sign Rug 1P0108 Black 80x200,,,taxable,parent,1,19,,0,0,,200,80,5,0,,"562,5",1125,,,,,,,61323701-H,,,,,,7,,,Size,80x200,,1,,,,,,,,,,,,,,,,,,,,,,,,,,,,,,,,,,,,,,,,,,,,,,,,,,,,,,,,,,,,,132270,,,,,,,,,,,,,,,,,,,
57997,variation,61323717,,D-sign Rug 1P0108 Black - 80x250,1,0,hidden,,D-sign Rug 1P0108 Black 80x250,,,taxable,parent,1,31,,0,0,,250,80,5,0,,"652,5",1305,,,,,,,61323701-H,,,,,,8,,,Size,80x250,,1,,,,,,,,,,,,,,,,,,,,,,,,,,,,,,,,,,,,,,,,,,,,,,,,,,,,,,,,,,,,,132271,,,,,,,,,,,,,,,,,,,
57998,variation,61323716,,D-sign Rug 1P0108 Black - 80x300,1,0,hidden,,D-sign Rug 1P0108 Black 80x300,,,taxable,parent,1,5,,0,0,,300,80,5,0,,"742,5",1485,,,,,,,61323701-H,,,,,,9,,,Size,80x300,,1,,,,,,,,,,,,,,,,,,,,,,,,,,,,,,,,,,,,,,,,,,,,,,,,,,,,,,,,,,,,,132272,,,,,,,,,,,,,,,,,,,
58000,variation,61323714,,D-sign Rug 1P0109 Pink - 60x200,1,0,hidden,,D-sign Rug 1P0109 Pink 60x200,,,taxable,parent,1,5,,0,0,,200,60,5,0,,"477,5",955,,,,,,,61323714-H,,,,,,1,,,Size,60x200,,1,,,,,,,,,,,,,,,,,,,,,,,,,,,,,,,,,,,,,,,,,,,,,,,,,,,,,,,,,,,,,132279,,,,,,,,,,,,,,,,,,,
58001,variation,61323725,,D-sign Rug 1P0109 Pink - 60x250,1,0,hidden,,D-sign Rug 1P0109 Pink 60x250,,,taxable,parent,1,12,,0,0,,250,60,5,0,,"537,5",1075,,,,,,,61323714-H,,,,,,2,,,Size,60x250,,1,,,,,,,,,,,,,,,,,,,,,,,,,,,,,,,,,,,,,,,,,,,,,,,,,,,,,,,,,,,,,132280,,,,,,,,,,,,,,,,,,,
58002,variation,61323727,,D-sign Rug 1P0109 Pink - 60x300,1,0,hidden,,D-sign Rug 1P0109 Pink 60x300,,,taxable,parent,1,22,,0,0,,300,60,5,0,,"622,5",1245,,,,,,,61323714-H,,,,,,3,,,Size,60x300,,1,,,,,,,,,,,,,,,,,,,,,,,,,,,,,,,,,,,,,,,,,,,,,,,,,,,,,,,,,,,,,132281,,,,,,,,,,,,,,,,,,,
58003,variation,61323722,,D-sign Rug 1P0109 Pink - 70x200,1,0,hidden,,D-sign Rug 1P0109 Pink 70x200,,,taxable,parent,1,19,,0,0,,200,70,5,0,,"537,5",1075,,,,,,,61323714-H,,,,,,4,,,Size,70x200,,1,,,,,,,,,,,,,,,,,,,,,,,,,,,,,,,,,,,,,,,,,,,,,,,,,,,,,,,,,,,,,132282,,,,,,,,,,,,,,,,,,,
58004,variation,61323732,,D-sign Rug 1P0109 Pink - 70x250,1,0,hidden,,D-sign Rug 1P0109 Pink 70x250,,,taxable,parent,1,11,,0,0,,250,70,5,0,,"592,5",1185,,,,,,,61323714-H,,,,,,5,,,Size,70x250,,1,,,,,,,,,,,,,,,,,,,,,,,,,,,,,,,,,,,,,,,,,,,,,,,,,,,,,,,,,,,,,132283,,,,,,,,,,,,,,,,,,,
58005,variation,61323731,,D-sign Rug 1P0109 Pink - 70x300,1,0,hidden,,D-sign Rug 1P0109 Pink 70x300,,,taxable,parent,1,30,,0,0,,300,70,5,0,,"682,5",1365,,,,,,,61323714-H,,,,,,6,,,Size,70x300,,1,,,,,,,,,,,,,,,,,,,,,,,,,,,,,,,,,,,,,,,,,,,,,,,,,,,,,,,,,,,,,132284,,,,,,,,,,,,,,,,,,,
58006,variation,61323730,,D-sign Rug 1P0109 Pink - 80x200,1,0,hidden,,D-sign Rug 1P0109 Pink 80x200,,,taxable,parent,1,5,,0,0,,200,80,5,0,,"562,5",1125,,,,,,,61323714-H,,,,,,7,,,Size,80x200,,1,,,,,,,,,,,,,,,,,,,,,,,,,,,,,,,,,,,,,,,,,,,,,,,,,,,,,,,,,,,,,132286,,,,,,,,,,,,,,,,,,,
58007,variation,61323728,,D-sign Rug 1P0109 Pink - 80x250,1,0,hidden,,D-sign Rug 1P0109 Pink 80x250,,,taxable,parent,1,23,,0,0,,250,80,5,0,,"652,5",1305,,,,,,,61323714-H,,,,,,8,,,Size,80x250,,1,,,,,,,,,,,,,,,,,,,,,,,,,,,,,,,,,,,,,,,,,,,,,,,,,,,,,,,,,,,,,132287,,,,,,,,,,,,,,,,,,,
58008,variation,61323733,,D-sign Rug 1P0109 Pink - 80x300,1,0,hidden,,D-sign Rug 1P0109 Pink 80x300,,,taxable,parent,1,22,,0,0,,300,80,5,0,,"742,5",1485,,,,,,,61323714-H,,,,,,9,,,Size,80x300,,1,,,,,,,,,,,,,,,,,,,,,,,,,,,,,,,,,,,,,,,,,,,,,,,,,,,,,,,,,,,,,132288,,,,,,,,,,,,,,,,,,,
58010,variation,61323729,,D-sign Rug 1P0110 Green - 60x200,1,0,hidden,,D-sign Rug 1P0110 Green 60x200,,,taxable,parent,1,2,,0,0,,200,60,5,0,,"477,5",955,,,,,,,61323729-H,,,,,,1,,,Size,60x200,,1,,,,,,,,,,,,,,,,,,,,,,,,,,,,,,,,,,,,,,,,,,,,,,,,,,,,,,,,,,,,,132295,,,,,,,,,,,,,,,,,,,
58011,variation,61323736,,D-sign Rug 1P0110 Green - 60x250,1,0,hidden,,D-sign Rug 1P0110 Green 60x250,,,taxable,parent,1,16,,0,0,,250,60,5,0,,"537,5",1075,,,,,,,61323729-H,,,,,,2,,,Size,60x250,,1,,,,,,,,,,,,,,,,,,,,,,,,,,,,,,,,,,,,,,,,,,,,,,,,,,,,,,,,,,,,,132296,,,,,,,,,,,,,,,,,,,
58012,variation,61323735,,D-sign Rug 1P0110 Green - 60x300,1,0,hidden,,D-sign Rug 1P0110 Green 60x300,,,taxable,parent,1,7,,0,0,,300,60,5,0,,"622,5",1245,,,,,,,61323729-H,,,,,,3,,,Size,60x300,,1,,,,,,,,,,,,,,,,,,,,,,,,,,,,,,,,,,,,,,,,,,,,,,,,,,,,,,,,,,,,,132297,,,,,,,,,,,,,,,,,,,
58013,variation,61323734,,D-sign Rug 1P0110 Green - 70x200,1,0,hidden,,D-sign Rug 1P0110 Green 70x200,,,taxable,parent,1,7,,0,0,,200,70,5,0,,"537,5",1075,,,,,,,61323729-H,,,,,,4,,,Size,70x200,,1,,,,,,,,,,,,,,,,,,,,,,,,,,,,,,,,,,,,,,,,,,,,,,,,,,,,,,,,,,,,,132298,,,,,,,,,,,,,,,,,,,
58014,variation,61323737,,D-sign Rug 1P0110 Green - 70x250,1,0,hidden,,D-sign Rug 1P0110 Green 70x250,,,taxable,parent,1,18,,0,0,,250,70,5,0,,"592,5",1185,,,,,,,61323729-H,,,,,,5,,,Size,70x250,,1,,,,,,,,,,,,,,,,,,,,,,,,,,,,,,,,,,,,,,,,,,,,,,,,,,,,,,,,,,,,,132299,,,,,,,,,,,,,,,,,,,
58015,variation,61323742,,D-sign Rug 1P0110 Green - 70x300,1,0,hidden,,D-sign Rug 1P0110 Green 70x300,,,taxable,parent,1,15,,0,0,,300,70,5,0,,"682,5",1365,,,,,,,61323729-H,,,,,,6,,,Size,70x300,,1,,,,,,,,,,,,,,,,,,,,,,,,,,,,,,,,,,,,,,,,,,,,,,,,,,,,,,,,,,,,,132300,,,,,,,,,,,,,,,,,,,
58016,variation,61323738,,D-sign Rug 1P0110 Green - 80x200,1,0,hidden,,D-sign Rug 1P0110 Green 80x200,,,taxable,parent,0,0,,0,0,,200,80,5,0,,"562,5",1125,,,,,,,61323729-H,,,,,,7,,,Size,80x200,,1,,,,,,,,,,,,,,,,,,,,,,,,,,,,,,,,,,,,,,,,,,,,,,,,,,,,,,,,,,,,,132302,,,,,,,,,,,,,,,,,,,
58017,variation,61323741,,D-sign Rug 1P0110 Green - 80x250,1,0,hidden,,D-sign Rug 1P0110 Green 80x250,,,taxable,parent,1,19,,0,0,,250,80,5,0,,"652,5",1305,,,,,,,61323729-H,,,,,,8,,,Size,80x250,,1,,,,,,,,,,,,,,,,,,,,,,,,,,,,,,,,,,,,,,,,,,,,,,,,,,,,,,,,,,,,,132303,,,,,,,,,,,,,,,,,,,
58018,variation,61323739,,D-sign Rug 1P0110 Green - 80x300,1,0,hidden,,D-sign Rug 1P0110 Green 80x300,,,taxable,parent,1,19,,0,0,,300,80,5,0,,"742,5",1485,,,,,,,61323729-H,,,,,,9,,,Size,80x300,,1,,,,,,,,,,,,,,,,,,,,,,,,,,,,,,,,,,,,,,,,,,,,,,,,,,,,,,,,,,,,,132304,,,,,,,,,,,,,,,,,,,
58020,variable,61326629-H,,D-sign Rug 1P0138 Creme,1,0,hidden,D-sign Rug 1P0138 Creme,D-sign Rug 1P0138 Creme,,,taxable,,1,,,0,0,,,,,1,,,,"Rooms > Entrance & Corridor, Rooms > Kitchen, Rugs > Modern, Rugs, Sale, Rugs > Shaggy",Sale,,"https://rugshop.eu/wp-content/uploads/2021/11/carpet-runner-soffi-shaggy-5cm-cream-for-the-kitchen-corridor-hallway.jpg, https://rugshop.eu/wp-content/uploads/2021/11/carpet-runner-soffi-shaggy-5cm-cream-for-the-kitchen-corridor-hallway-1.jpg, https://rugshop.eu/wp-content/uploads/2021/11/carpet-runner-soffi-shaggy-5cm-cream-for-the-kitchen-corridor-hallway-2.jpg, https://rugshop.eu/wp-content/uploads/2021/11/carpet-runner-soffi-shaggy-5cm-cream-for-the-kitchen-corridor-hallway-3.jpg, https://rugshop.eu/wp-content/uploads/2021/11/carpet-runner-soffi-shaggy-5cm-cream-for-the-kitchen-corridor-hallway-4.jpg",,,,,,,,,2449,,,Size,"60x200, 60x250, 60x300, 70x200, 70x250, 70x300, 80x200, 80x250, 80x300",1,1,Brand,D-sign,1,1,Color,White-Beige,1,1,Type of color,Singlecolor,1,1,Shape,"Rectangular, Runner",1,1,Material,Polypropylene,1,1,Type of rug,"Modern, Rya / Shaggy",1,1,Weave,Machinemade,1,1,Age,New,1,1,,,,,,,,,,,,,,,,,,yes,,,,,,,,,,classic-editor,,,,,,,,,,,,,,,,,,,,
58021,variable,61326638-H,,D-sign Rug 1P0139 Gold,1,0,hidden,D-sign Rug 1P0139 Gold,D-sign Rug 1P0139 Gold,,,taxable,,1,,,0,0,,,,,1,,,,"Rooms > Entrance & Corridor, Rooms > Kitchen, Rugs > Modern, Rugs, Sale, Rugs > Shaggy",Sale,,"https://rugshop.eu/wp-content/uploads/2021/11/carpet-runner-soffi-shaggy-5cm-gold-for-the-kitchen-corridor-hallway.jpg, https://rugshop.eu/wp-content/uploads/2021/11/carpet-runner-soffi-shaggy-5cm-gold-for-the-kitchen-corridor-hallway-1.jpg, https://rugshop.eu/wp-content/uploads/2021/11/carpet-runner-soffi-shaggy-5cm-gold-for-the-kitchen-corridor-hallway-2.jpg, https://rugshop.eu/wp-content/uploads/2021/11/carpet-runner-soffi-shaggy-5cm-gold-for-the-kitchen-corridor-hallway-3.jpg, https://rugshop.eu/wp-content/uploads/2021/11/carpet-runner-soffi-shaggy-5cm-gold-for-the-kitchen-corridor-hallway-4.jpg",,,,,,,,,2450,,,Size,"60x200, 60x250, 60x300, 70x200, 70x250, 70x300, 80x200, 80x250, 80x300",1,1,Brand,D-sign,1,1,Color,Yellow-Brown,1,1,Type of color,Singlecolor,1,1,Shape,"Rectangular, Runner",1,1,Material,Polypropylene,1,1,Type of rug,"Modern, Rya / Shaggy",1,1,Weave,Machinemade,1,1,Age,New,1,1,,,,,,,,,,,,,,,,,,yes,,,,,,,,,,classic-editor,,,,,,,,,,,,,,,,,,,,
58022,variable,61326645-H,,D-sign Rug 1P0140 Grey,1,0,hidden,D-sign Rug 1P0140 Grey,D-sign Rug 1P0140 Grey,,,taxable,,1,,,0,0,,,,,1,,,,"Rooms > Entrance & Corridor, Rooms > Kitchen, Rugs > Modern, Rugs, Sale, Rugs > Shaggy",Sale,,"https://rugshop.eu/wp-content/uploads/2021/11/carpet-runner-soffi-shaggy-5cm-grey-for-the-kitchen-corridor-hallway.jpg, https://rugshop.eu/wp-content/uploads/2021/11/carpet-runner-soffi-shaggy-5cm-grey-for-the-kitchen-corridor-hallway-1.jpg, https://rugshop.eu/wp-content/uploads/2021/11/carpet-runner-soffi-shaggy-5cm-grey-for-the-kitchen-corridor-hallway-2.jpg, https://rugshop.eu/wp-content/uploads/2021/11/carpet-runner-soffi-shaggy-5cm-grey-for-the-kitchen-corridor-hallway-3.jpg, https://rugshop.eu/wp-content/uploads/2021/11/carpet-runner-soffi-shaggy-5cm-grey-for-the-kitchen-corridor-hallway-4.jpg",,,,,,,,,2451,,,Size,"60x200, 60x250, 60x300, 70x200, 70x250, 70x300, 80x200, 80x250, 80x300",1,1,Brand,D-sign,1,1,Color,Black-Grey,1,1,Type of color,Singlecolor,1,1,Shape,"Rectangular, Runner",1,1,Material,Polypropylene,1,1,Type of rug,"Modern, Rya / Shaggy",1,1,Weave,Machinemade,1,1,Age,New,1,1,,,,,,,,,,,,,,,,,,yes,,,,,,,,,,classic-editor,,,,,,,,,,,,,,,,,,,,
58023,variation,61326626,,D-sign Rug 1P0137 Brown - 60x200,1,0,hidden,,D-sign Rug 1P0137 Brown 60x200,,,taxable,parent,0,0,,0,0,,200,60,5,0,,"477,5",955,,,,,,,61326626-H,,,,,,1,,,Size,60x200,,1,,,,,,,,,,,,,,,,,,,,,,,,,,,,,,,,,,,,,,,,,,,,,,,,,,,,,,,,,,,,,135223,,,,,,,,,,,,,,,,,,,
58024,variation,61334522,,D-sign Rug 1P0137 Brown - 60x250,1,0,hidden,,D-sign Rug 1P0137 Brown 60x250,,,taxable,parent,1,12,,0,0,,250,60,5,0,,"537,5",1075,,,,,,,61326626-H,,,,,,2,,,Size,60x250,,1,,,,,,,,,,,,,,,,,,,,,,,,,,,,,,,,,,,,,,,,,,,,,,,,,,,,,,,,,,,,,135224,,,,,,,,,,,,,,,,,,,
58025,variation,61334525,,D-sign Rug 1P0137 Brown - 60x300,1,0,hidden,,D-sign Rug 1P0137 Brown 60x300,,,taxable,parent,1,8,,0,0,,300,60,5,0,,"622,5",1245,,,,,,,61326626-H,,,,,,3,,,Size,60x300,,1,,,,,,,,,,,,,,,,,,,,,,,,,,,,,,,,,,,,,,,,,,,,,,,,,,,,,,,,,,,,,135225,,,,,,,,,,,,,,,,,,,
58026,variation,61326630,,D-sign Rug 1P0137 Brown - 70x200,1,0,hidden,,D-sign Rug 1P0137 Brown 70x200,,,taxable,parent,1,11,,0,0,,200,70,5,0,,"537,5",1075,,,,,,,61326626-H,,,,,,4,,,Size,70x200,,1,,,,,,,,,,,,,,,,,,,,,,,,,,,,,,,,,,,,,,,,,,,,,,,,,,,,,,,,,,,,,135226,,,,,,,,,,,,,,,,,,,
58027,variation,61326634,,D-sign Rug 1P0137 Brown - 70x250,1,0,hidden,,D-sign Rug 1P0137 Brown 70x250,,,taxable,parent,1,13,,0,0,,250,70,5,0,,"592,5",1185,,,,,,,61326626-H,,,,,,5,,,Size,70x250,,1,,,,,,,,,,,,,,,,,,,,,,,,,,,,,,,,,,,,,,,,,,,,,,,,,,,,,,,,,,,,,135227,,,,,,,,,,,,,,,,,,,
58028,variation,61326633,,D-sign Rug 1P0137 Brown - 70x300,1,0,hidden,,D-sign Rug 1P0137 Brown 70x300,,,taxable,parent,1,5,,0,0,,300,70,5,0,,"682,5",1365,,,,,,,61326626-H,,,,,,6,,,Size,70x300,,1,,,,,,,,,,,,,,,,,,,,,,,,,,,,,,,,,,,,,,,,,,,,,,,,,,,,,,,,,,,,,135228,,,,,,,,,,,,,,,,,,,
58029,variation,61326631,,D-sign Rug 1P0137 Brown - 80x200,1,0,hidden,,D-sign Rug 1P0137 Brown 80x200,,,taxable,parent,1,1,,0,0,,200,80,5,0,,"562,5",1125,,,,,,,61326626-H,,,,,,7,,,Size,80x200,,1,,,,,,,,,,,,,,,,,,,,,,,,,,,,,,,,,,,,,,,,,,,,,,,,,,,,,,,,,,,,,135230,,,,,,,,,,,,,,,,,,,
58030,variation,61326635,,D-sign Rug 1P0137 Brown - 80x250,1,0,hidden,,D-sign Rug 1P0137 Brown 80x250,,,taxable,parent,1,21,,0,0,,250,80,5,0,,"652,5",1305,,,,,,,61326626-H,,,,,,8,,,Size,80x250,,1,,,,,,,,,,,,,,,,,,,,,,,,,,,,,,,,,,,,,,,,,,,,,,,,,,,,,,,,,,,,,135231,,,,,,,,,,,,,,,,,,,
58031,variation,61326632,,D-sign Rug 1P0137 Brown - 80x300,1,0,hidden,,D-sign Rug 1P0137 Brown 80x300,,,taxable,parent,1,22,,0,0,,300,80,5,0,,"742,5",1485,,,,,,,61326626-H,,,,,,9,,,Size,80x300,,1,,,,,,,,,,,,,,,,,,,,,,,,,,,,,,,,,,,,,,,,,,,,,,,,,,,,,,,,,,,,,135232,,,,,,,,,,,,,,,,,,,
58033,variation,61326629,,D-sign Rug 1P0138 Creme - 60x200,1,0,hidden,,D-sign Rug 1P0138 Creme 60x200,,,taxable,parent,1,1,,0,0,,200,60,5,0,,"477,5",955,,,,,,,61326629-H,,,,,,1,,,Size,60x200,,1,,,,,,,,,,,,,,,,,,,,,,,,,,,,,,,,,,,,,,,,,,,,,,,,,,,,,,,,,,,,,135245,,,,,,,,,,,,,,,,,,,
58034,variation,61334618,,D-sign Rug 1P0138 Creme - 60x250,1,0,hidden,,D-sign Rug 1P0138 Creme 60x250,,,taxable,parent,0,0,,0,0,,250,60,5,0,,"537,5",1075,,,,,,,61326629-H,,,,,,2,,,Size,60x250,,1,,,,,,,,,,,,,,,,,,,,,,,,,,,,,,,,,,,,,,,,,,,,,,,,,,,,,,,,,,,,,135246,,,,,,,,,,,,,,,,,,,
58035,variation,61334621,,D-sign Rug 1P0138 Creme - 60x300,1,0,hidden,,D-sign Rug 1P0138 Creme 60x300,,,taxable,parent,0,0,,0,0,,300,60,5,0,,"622,5",1245,,,,,,,61326629-H,,,,,,3,,,Size,60x300,,1,,,,,,,,,,,,,,,,,,,,,,,,,,,,,,,,,,,,,,,,,,,,,,,,,,,,,,,,,,,,,135247,,,,,,,,,,,,,,,,,,,
58036,variation,61334619,,D-sign Rug 1P0138 Creme - 70x200,1,0,hidden,,D-sign Rug 1P0138 Creme 70x200,,,taxable,parent,0,0,,0,0,,200,70,5,0,,"537,5",1075,,,,,,,61326629-H,,,,,,4,,,Size,70x200,,1,,,,,,,,,,,,,,,,,,,,,,,,,,,,,,,,,,,,,,,,,,,,,,,,,,,,,,,,,,,,,135248,,,,,,,,,,,,,,,,,,,
58037,variation,61326640,,D-sign Rug 1P0138 Creme - 70x250,1,0,hidden,,D-sign Rug 1P0138 Creme 70x250,,,taxable,parent,1,5,,0,0,,250,70,5,0,,"592,5",1185,,,,,,,61326629-H,,,,,,5,,,Size,70x250,,1,,,,,,,,,,,,,,,,,,,,,,,,,,,,,,,,,,,,,,,,,,,,,,,,,,,,,,,,,,,,,135249,,,,,,,,,,,,,,,,,,,
58038,variation,61326639,,D-sign Rug 1P0138 Creme - 70x300,1,0,hidden,,D-sign Rug 1P0138 Creme 70x300,,,taxable,parent,0,0,,0,0,,300,70,5,0,,"682,5",1365,,,,,,,61326629-H,,,,,,6,,,Size,70x300,,1,,,,,,,,,,,,,,,,,,,,,,,,,,,,,,,,,,,,,,,,,,,,,,,,,,,,,,,,,,,,,135250,,,,,,,,,,,,,,,,,,,
58039,variation,61326637,,D-sign Rug 1P0138 Creme - 80x200,1,0,hidden,,D-sign Rug 1P0138 Creme 80x200,,,taxable,parent,0,0,,0,0,,200,80,5,0,,"562,5",1125,,,,,,,61326629-H,,,,,,7,,,Size,80x200,,1,,,,,,,,,,,,,,,,,,,,,,,,,,,,,,,,,,,,,,,,,,,,,,,,,,,,,,,,,,,,,135252,,,,,,,,,,,,,,,,,,,
58040,variation,61326643,,D-sign Rug 1P0138 Creme - 80x250,1,0,hidden,,D-sign Rug 1P0138 Creme 80x250,,,taxable,parent,1,20,,0,0,,250,80,5,0,,"652,5",1305,,,,,,,61326629-H,,,,,,8,,,Size,80x250,,1,,,,,,,,,,,,,,,,,,,,,,,,,,,,,,,,,,,,,,,,,,,,,,,,,,,,,,,,,,,,,135253,,,,,,,,,,,,,,,,,,,
58041,variation,61326641,,D-sign Rug 1P0138 Creme - 80x300,1,0,hidden,,D-sign Rug 1P0138 Creme 80x300,,,taxable,parent,0,0,,0,0,,300,80,5,0,,"742,5",1485,,,,,,,61326629-H,,,,,,9,,,Size,80x300,,1,,,,,,,,,,,,,,,,,,,,,,,,,,,,,,,,,,,,,,,,,,,,,,,,,,,,,,,,,,,,,135254,,,,,,,,,,,,,,,,,,,
58043,variation,61326638,,D-sign Rug 1P0139 Gold - 60x200,1,0,hidden,,D-sign Rug 1P0139 Gold 60x200,,,taxable,parent,1,10,,0,0,,200,60,5,0,,"477,5",955,,,,,,,61326638-H,,,,,,1,,,Size,60x200,,1,,,,,,,,,,,,,,,,,,,,,,,,,,,,,,,,,,,,,,,,,,,,,,,,,,,,,,,,,,,,,135267,,,,,,,,,,,,,,,,,,,
58044,variation,61334873,,D-sign Rug 1P0139 Gold - 60x250,1,0,hidden,,D-sign Rug 1P0139 Gold 60x250,,,taxable,parent,1,20,,0,0,,250,60,5,0,,"537,5",1075,,,,,,,61326638-H,,,,,,2,,,Size,60x250,,1,,,,,,,,,,,,,,,,,,,,,,,,,,,,,,,,,,,,,,,,,,,,,,,,,,,,,,,,,,,,,135268,,,,,,,,,,,,,,,,,,,
58045,variation,61334874,,D-sign Rug 1P0139 Gold - 60x300,1,0,hidden,,D-sign Rug 1P0139 Gold 60x300,,,taxable,parent,1,20,,0,0,,300,60,5,0,,"622,5",1245,,,,,,,61326638-H,,,,,,3,,,Size,60x300,,1,,,,,,,,,,,,,,,,,,,,,,,,,,,,,,,,,,,,,,,,,,,,,,,,,,,,,,,,,,,,,135269,,,,,,,,,,,,,,,,,,,
58046,variation,61334875,,D-sign Rug 1P0139 Gold - 70x200,1,0,hidden,,D-sign Rug 1P0139 Gold 70x200,,,taxable,parent,1,20,,0,0,,200,70,5,0,,"537,5",1075,,,,,,,61326638-H,,,,,,4,,,Size,70x200,,1,,,,,,,,,,,,,,,,,,,,,,,,,,,,,,,,,,,,,,,,,,,,,,,,,,,,,,,,,,,,,135270,,,,,,,,,,,,,,,,,,,
58047,variation,61334872,,D-sign Rug 1P0139 Gold - 70x250,1,0,hidden,,D-sign Rug 1P0139 Gold 70x250,,,taxable,parent,1,19,,0,0,,250,70,5,0,,"592,5",1185,,,,,,,61326638-H,,,,,,5,,,Size,70x250,,1,,,,,,,,,,,,,,,,,,,,,,,,,,,,,,,,,,,,,,,,,,,,,,,,,,,,,,,,,,,,,135271,,,,,,,,,,,,,,,,,,,
58048,variation,61326648,,D-sign Rug 1P0139 Gold - 70x300,1,0,hidden,,D-sign Rug 1P0139 Gold 70x300,,,taxable,parent,1,20,,0,0,,300,70,5,0,,"682,5",1365,,,,,,,61326638-H,,,,,,6,,,Size,70x300,,1,,,,,,,,,,,,,,,,,,,,,,,,,,,,,,,,,,,,,,,,,,,,,,,,,,,,,,,,,,,,,135272,,,,,,,,,,,,,,,,,,,
58049,variation,61326647,,D-sign Rug 1P0139 Gold - 80x200,1,0,hidden,,D-sign Rug 1P0139 Gold 80x200,,,taxable,parent,1,9,,0,0,,200,80,5,0,,"562,5",1125,,,,,,,61326638-H,,,,,,7,,,Size,80x200,,1,,,,,,,,,,,,,,,,,,,,,,,,,,,,,,,,,,,,,,,,,,,,,,,,,,,,,,,,,,,,,135274,,,,,,,,,,,,,,,,,,,
58050,variation,61326646,,D-sign Rug 1P0139 Gold - 80x250,1,0,hidden,,D-sign Rug 1P0139 Gold 80x250,,,taxable,parent,1,26,,0,0,,250,80,5,0,,"652,5",1305,,,,,,,61326638-H,,,,,,8,,,Size,80x250,,1,,,,,,,,,,,,,,,,,,,,,,,,,,,,,,,,,,,,,,,,,,,,,,,,,,,,,,,,,,,,,135275,,,,,,,,,,,,,,,,,,,
58051,variation,61326644,,D-sign Rug 1P0139 Gold - 80x300,1,0,hidden,,D-sign Rug 1P0139 Gold 80x300,,,taxable,parent,1,5,,0,0,,300,80,5,0,,"742,5",1485,,,,,,,61326638-H,,,,,,9,,,Size,80x300,,1,,,,,,,,,,,,,,,,,,,,,,,,,,,,,,,,,,,,,,,,,,,,,,,,,,,,,,,,,,,,,135276,,,,,,,,,,,,,,,,,,,
58052,variable,61326656-H,,D-sign Rug 1P0141 Beige,1,0,hidden,D-sign Rug 1P0141 Beige,D-sign Rug 1P0141 Beige,,,taxable,,1,,,0,0,,,,,1,,,,"Rooms > Entrance & Corridor, Rooms > Kitchen, Rugs > Modern, Rugs, Sale, Rugs > Shaggy",Sale,,"https://rugshop.eu/wp-content/uploads/2021/11/carpet-runner-soffi-shaggy-5cm-beige-for-the-kitchen-corridor-hallway.jpg, https://rugshop.eu/wp-content/uploads/2021/11/carpet-runner-soffi-shaggy-5cm-beige-for-the-kitchen-corridor-hallway-1.jpg, https://rugshop.eu/wp-content/uploads/2021/11/carpet-runner-soffi-shaggy-5cm-beige-for-the-kitchen-corridor-hallway-2.jpg, https://rugshop.eu/wp-content/uploads/2021/11/carpet-runner-soffi-shaggy-5cm-beige-for-the-kitchen-corridor-hallway-3.jpg, https://rugshop.eu/wp-content/uploads/2021/11/carpet-runner-soffi-shaggy-5cm-beige-for-the-kitchen-corridor-hallway-4.jpg",,,,,,,,,2452,,,Size,"60x200, 60x250, 60x300, 70x200, 70x250, 70x300, 80x200, 80x250, 80x300",1,1,Brand,D-sign,1,1,Color,White-Beige,1,1,Type of color,Singlecolor,1,1,Shape,"Rectangular, Runner",1,1,Material,Polypropylene,1,1,Type of rug,"Modern, Rya / Shaggy",1,1,Weave,Machinemade,1,1,Age,New,1,1,,,,,,,,,,,,,,,,,,yes,,,,,,,,,,classic-editor,,,,,,,,,,,,,,,,,,,,
58053,variable,61326660-H,,D-sign Rug 1P0142 Blue,1,0,hidden,D-sign Rug 1P0142 Blue,D-sign Rug 1P0142 Blue,,,taxable,,1,,,0,0,,,,,1,,,,"Rooms > Entrance & Corridor, Rooms > Kitchen, Rugs > Modern, Rugs, Sale, Rugs > Shaggy",Sale,,"https://rugshop.eu/wp-content/uploads/2021/11/carpet-runner-soffi-shaggy-5cm-blue-for-the-kitchen-corridor-hallway.jpg, https://rugshop.eu/wp-content/uploads/2021/11/carpet-runner-soffi-shaggy-5cm-blue-for-the-kitchen-corridor-hallway-1.jpg, https://rugshop.eu/wp-content/uploads/2021/11/carpet-runner-soffi-shaggy-5cm-blue-for-the-kitchen-corridor-hallway-2.jpg, https://rugshop.eu/wp-content/uploads/2021/11/carpet-runner-soffi-shaggy-5cm-blue-for-the-kitchen-corridor-hallway-3.jpg, https://rugshop.eu/wp-content/uploads/2021/11/carpet-runner-soffi-shaggy-5cm-blue-for-the-kitchen-corridor-hallway-4.jpg",,,,,,,,,2453,,,Size,"60x200, 60x250, 60x300, 70x200, 70x250, 70x300, 80x200, 80x250, 80x300",1,1,Brand,D-sign,1,1,Color,Blue,1,1,Type of color,Singlecolor,1,1,Shape,"Rectangular, Runner",1,1,Material,Polypropylene,1,1,Type of rug,"Modern, Rya / Shaggy",1,1,Weave,Machinemade,1,1,Age,New,1,1,,,,,,,,,,,,,,,,,,yes,,,,,,,,,,classic-editor,,,,,,,,,,,,,,,,,,,,
58055,variation,61326645,,D-sign Rug 1P0140 Grey - 60x200,1,0,hidden,,D-sign Rug 1P0140 Grey 60x200,,,taxable,parent,1,25,,0,0,,200,60,5,0,,"477,5",955,,,,,,,61326645-H,,,,,,1,,,Size,60x200,,1,,,,,,,,,,,,,,,,,,,,,,,,,,,,,,,,,,,,,,,,,,,,,,,,,,,,,,,,,,,,,135290,,,,,,,,,,,,,,,,,,,
58056,variation,61334878,,D-sign Rug 1P0140 Grey - 60x250,1,0,hidden,,D-sign Rug 1P0140 Grey 60x250,,,taxable,parent,1,8,,0,0,,250,60,5,0,,"537,5",1075,,,,,,,61326645-H,,,,,,2,,,Size,60x250,,1,,,,,,,,,,,,,,,,,,,,,,,,,,,,,,,,,,,,,,,,,,,,,,,,,,,,,,,,,,,,,135291,,,,,,,,,,,,,,,,,,,
58057,variation,61334876,,D-sign Rug 1P0140 Grey - 60x300,1,0,hidden,,D-sign Rug 1P0140 Grey 60x300,,,taxable,parent,1,33,,0,0,,300,60,5,0,,"622,5",1245,,,,,,,61326645-H,,,,,,3,,,Size,60x300,,1,,,,,,,,,,,,,,,,,,,,,,,,,,,,,,,,,,,,,,,,,,,,,,,,,,,,,,,,,,,,,135292,,,,,,,,,,,,,,,,,,,
58058,variation,61334877,,D-sign Rug 1P0140 Grey - 70x200,1,0,hidden,,D-sign Rug 1P0140 Grey 70x200,,,taxable,parent,1,23,,0,0,,200,70,5,0,,"537,5",1075,,,,,,,61326645-H,,,,,,4,,,Size,70x200,,1,,,,,,,,,,,,,,,,,,,,,,,,,,,,,,,,,,,,,,,,,,,,,,,,,,,,,,,,,,,,,135293,,,,,,,,,,,,,,,,,,,
58059,variation,61334871,,D-sign Rug 1P0140 Grey - 70x250,1,0,hidden,,D-sign Rug 1P0140 Grey 70x250,,,taxable,parent,1,11,,0,0,,250,70,5,0,,"592,5",1185,,,,,,,61326645-H,,,,,,5,,,Size,70x250,,1,,,,,,,,,,,,,,,,,,,,,,,,,,,,,,,,,,,,,,,,,,,,,,,,,,,,,,,,,,,,,135294,,,,,,,,,,,,,,,,,,,
58060,variation,61334879,,D-sign Rug 1P0140 Grey - 70x300,1,0,hidden,,D-sign Rug 1P0140 Grey 70x300,,,taxable,parent,1,16,,0,0,,300,70,5,0,,"682,5",1365,,,,,,,61326645-H,,,,,,6,,,Size,70x300,,1,,,,,,,,,,,,,,,,,,,,,,,,,,,,,,,,,,,,,,,,,,,,,,,,,,,,,,,,,,,,,135295,,,,,,,,,,,,,,,,,,,
58061,variation,61326655,,D-sign Rug 1P0140 Grey - 80x200,1,0,hidden,,D-sign Rug 1P0140 Grey 80x200,,,taxable,parent,1,5,,0,0,,200,80,5,0,,"562,5",1125,,,,,,,61326645-H,,,,,,7,,,Size,80x200,,1,,,,,,,,,,,,,,,,,,,,,,,,,,,,,,,,,,,,,,,,,,,,,,,,,,,,,,,,,,,,,135297,,,,,,,,,,,,,,,,,,,
58062,variation,61326658,,D-sign Rug 1P0140 Grey - 80x250,1,0,hidden,,D-sign Rug 1P0140 Grey 80x250,,,taxable,parent,1,21,,0,0,,250,80,5,0,,"652,5",1305,,,,,,,61326645-H,,,,,,8,,,Size,80x250,,1,,,,,,,,,,,,,,,,,,,,,,,,,,,,,,,,,,,,,,,,,,,,,,,,,,,,,,,,,,,,,135298,,,,,,,,,,,,,,,,,,,
58063,variation,61326657,,D-sign Rug 1P0140 Grey - 80x300,1,0,hidden,,D-sign Rug 1P0140 Grey 80x300,,,taxable,parent,0,0,,0,0,,300,80,5,0,,"742,5",1485,,,,,,,61326645-H,,,,,,9,,,Size,80x300,,1,,,,,,,,,,,,,,,,,,,,,,,,,,,,,,,,,,,,,,,,,,,,,,,,,,,,,,,,,,,,,135299,,,,,,,,,,,,,,,,,,,
58065,variation,61326656,,D-sign Rug 1P0141 Beige - 60x200,1,0,hidden,,D-sign Rug 1P0141 Beige 60x200,,,taxable,parent,0,0,,0,0,,200,60,5,0,,"477,5",955,,,,,,,61326656-H,,,,,,1,,,Size,60x200,,1,,,,,,,,,,,,,,,,,,,,,,,,,,,,,,,,,,,,,,,,,,,,,,,,,,,,,,,,,,,,,135312,,,,,,,,,,,,,,,,,,,
58066,variation,61334888,,D-sign Rug 1P0141 Beige - 60x250,1,0,hidden,,D-sign Rug 1P0141 Beige 60x250,,,taxable,parent,1,2,,0,0,,250,60,5,0,,"537,5",1075,,,,,,,61326656-H,,,,,,2,,,Size,60x250,,1,,,,,,,,,,,,,,,,,,,,,,,,,,,,,,,,,,,,,,,,,,,,,,,,,,,,,,,,,,,,,135313,,,,,,,,,,,,,,,,,,,
58067,variation,61334887,,D-sign Rug 1P0141 Beige - 60x300,1,0,hidden,,D-sign Rug 1P0141 Beige 60x300,,,taxable,parent,0,0,,0,0,,300,60,5,0,,"622,5",1245,,,,,,,61326656-H,,,,,,3,,,Size,60x300,,1,,,,,,,,,,,,,,,,,,,,,,,,,,,,,,,,,,,,,,,,,,,,,,,,,,,,,,,,,,,,,135314,,,,,,,,,,,,,,,,,,,
58068,variation,61334890,,D-sign Rug 1P0141 Beige - 70x200,1,0,hidden,,D-sign Rug 1P0141 Beige 70x200,,,taxable,parent,1,10,,0,0,,200,70,5,0,,"537,5",1075,,,,,,,61326656-H,,,,,,4,,,Size,70x200,,1,,,,,,,,,,,,,,,,,,,,,,,,,,,,,,,,,,,,,,,,,,,,,,,,,,,,,,,,,,,,,135315,,,,,,,,,,,,,,,,,,,
58069,variation,61334880,,D-sign Rug 1P0141 Beige - 70x250,1,0,hidden,,D-sign Rug 1P0141 Beige 70x250,,,taxable,parent,1,4,,0,0,,250,70,5,0,,"592,5",1185,,,,,,,61326656-H,,,,,,5,,,Size,70x250,,1,,,,,,,,,,,,,,,,,,,,,,,,,,,,,,,,,,,,,,,,,,,,,,,,,,,,,,,,,,,,,135316,,,,,,,,,,,,,,,,,,,
58070,variation,61334891,,D-sign Rug 1P0141 Beige - 70x300,1,0,hidden,,D-sign Rug 1P0141 Beige 70x300,,,taxable,parent,0,0,,0,0,,300,70,5,0,,"682,5",1365,,,,,,,61326656-H,,,,,,6,,,Size,70x300,,1,,,,,,,,,,,,,,,,,,,,,,,,,,,,,,,,,,,,,,,,,,,,,,,,,,,,,,,,,,,,,135317,,,,,,,,,,,,,,,,,,,
58071,variation,61334886,,D-sign Rug 1P0141 Beige - 80x200,1,0,hidden,,D-sign Rug 1P0141 Beige 80x200,,,taxable,parent,0,0,,0,0,,200,80,5,0,,"562,5",1125,,,,,,,61326656-H,,,,,,7,,,Size,80x200,,1,,,,,,,,,,,,,,,,,,,,,,,,,,,,,,,,,,,,,,,,,,,,,,,,,,,,,,,,,,,,,135319,,,,,,,,,,,,,,,,,,,
58072,variation,61326659,,D-sign Rug 1P0141 Beige - 80x250,1,0,hidden,,D-sign Rug 1P0141 Beige 80x250,,,taxable,parent,0,0,,0,0,,250,80,5,0,,"652,5",1305,,,,,,,61326656-H,,,,,,8,,,Size,80x250,,1,,,,,,,,,,,,,,,,,,,,,,,,,,,,,,,,,,,,,,,,,,,,,,,,,,,,,,,,,,,,,135320,,,,,,,,,,,,,,,,,,,
58073,variation,61326661,,D-sign Rug 1P0141 Beige - 80x300,1,0,hidden,,D-sign Rug 1P0141 Beige 80x300,,,taxable,parent,1,8,,0,0,,300,80,5,0,,"742,5",1485,,,,,,,61326656-H,,,,,,9,,,Size,80x300,,1,,,,,,,,,,,,,,,,,,,,,,,,,,,,,,,,,,,,,,,,,,,,,,,,,,,,,,,,,,,,,135321,,,,,,,,,,,,,,,,,,,
58075,variable,61326662-H,,D-sign Rug 1P0142 Blue,1,0,hidden,D-sign Rug 1P0142 Blue,D-sign Rug 1P0142 Blue,,,taxable,,1,,,0,0,,,,,1,,,,"Rooms > Entrance & Corridor, Rooms > Kitchen, Rugs > Modern, Rugs, Sale, Rugs > Shaggy",Sale,,"https://rugshop.eu/wp-content/uploads/2021/11/carpet-runner-soffi-shaggy-5cm-navy-for-the-kitchen-corridor-hallway.jpg, https://rugshop.eu/wp-content/uploads/2021/11/carpet-runner-soffi-shaggy-5cm-navy-for-the-kitchen-corridor-hallway-1.jpg, https://rugshop.eu/wp-content/uploads/2021/11/carpet-runner-soffi-shaggy-5cm-navy-for-the-kitchen-corridor-hallway-2.jpg, https://rugshop.eu/wp-content/uploads/2021/11/carpet-runner-soffi-shaggy-5cm-navy-for-the-kitchen-corridor-hallway-3.jpg, https://rugshop.eu/wp-content/uploads/2021/11/carpet-runner-soffi-shaggy-5cm-navy-for-the-kitchen-corridor-hallway-4.jpg",,,,,,,,,2454,,,Size,"60x200, 60x250, 60x300, 70x200, 70x250, 70x300, 80x200, 80x250, 80x300",1,1,Brand,D-sign,1,1,Color,Blue,1,1,Type of color,Singlecolor,1,1,Shape,"Rectangular, Runner",1,1,Material,Polypropylene,1,1,Type of rug,"Modern, Rya / Shaggy",1,1,Weave,Machinemade,1,1,Age,New,1,1,,,,,,,,,,,,,,,,,,yes,,,,,,,,,,classic-editor,,,,,,,,,,,,,,,,,,,,
58081,variation,61326660,,D-sign Rug 1P0142 Blue - 60x200,1,0,hidden,,D-sign Rug 1P0142 Blue 60x200,,,taxable,parent,1,13,,0,0,,200,60,5,0,,"477,5",955,,,,,,,61326660-H,,,,,,1,,,Size,60x200,,1,,,,,,,,,,,,,,,,,,,,,,,,,,,,,,,,,,,,,,,,,,,,,,,,,,,,,,,,,,,,,135334,,,,,,,,,,,,,,,,,,,
58082,variation,61334913,,D-sign Rug 1P0142 Blue - 60x250,1,0,hidden,,D-sign Rug 1P0142 Blue 60x250,,,taxable,parent,1,15,,0,0,,250,60,5,0,,"537,5",1075,,,,,,,61326660-H,,,,,,2,,,Size,60x250,,1,,,,,,,,,,,,,,,,,,,,,,,,,,,,,,,,,,,,,,,,,,,,,,,,,,,,,,,,,,,,,135335,,,,,,,,,,,,,,,,,,,
58083,variation,61334882,,D-sign Rug 1P0142 Blue - 60x300,1,0,hidden,,D-sign Rug 1P0142 Blue 60x300,,,taxable,parent,1,18,,0,0,,300,60,5,0,,"622,5",1245,,,,,,,61326660-H,,,,,,3,,,Size,60x300,,1,,,,,,,,,,,,,,,,,,,,,,,,,,,,,,,,,,,,,,,,,,,,,,,,,,,,,,,,,,,,,135336,,,,,,,,,,,,,,,,,,,
58084,variation,61334889,,D-sign Rug 1P0142 Blue - 70x200,1,0,hidden,,D-sign Rug 1P0142 Blue 70x200,,,taxable,parent,1,15,,0,0,,200,70,5,0,,"537,5",1075,,,,,,,61326660-H,,,,,,4,,,Size,70x200,,1,,,,,,,,,,,,,,,,,,,,,,,,,,,,,,,,,,,,,,,,,,,,,,,,,,,,,,,,,,,,,135337,,,,,,,,,,,,,,,,,,,
58085,variation,61334914,,D-sign Rug 1P0142 Blue - 70x250,1,0,hidden,,D-sign Rug 1P0142 Blue 70x250,,,taxable,parent,1,10,,0,0,,250,70,5,0,,"592,5",1185,,,,,,,61326660-H,,,,,,5,,,Size,70x250,,1,,,,,,,,,,,,,,,,,,,,,,,,,,,,,,,,,,,,,,,,,,,,,,,,,,,,,,,,,,,,,135338,,,,,,,,,,,,,,,,,,,
58086,variation,61334884,,D-sign Rug 1P0142 Blue - 70x300,1,0,hidden,,D-sign Rug 1P0142 Blue 70x300,,,taxable,parent,1,18,,0,0,,300,70,5,0,,"682,5",1365,,,,,,,61326660-H,,,,,,6,,,Size,70x300,,1,,,,,,,,,,,,,,,,,,,,,,,,,,,,,,,,,,,,,,,,,,,,,,,,,,,,,,,,,,,,,135339,,,,,,,,,,,,,,,,,,,
58087,variation,61334883,,D-sign Rug 1P0142 Blue - 80x200,1,0,hidden,,D-sign Rug 1P0142 Blue 80x200,,,taxable,parent,0,0,,0,0,,200,80,5,0,,"562,5",1125,,,,,,,61326660-H,,,,,,7,,,Size,80x200,,1,,,,,,,,,,,,,,,,,,,,,,,,,,,,,,,,,,,,,,,,,,,,,,,,,,,,,,,,,,,,,135341,,,,,,,,,,,,,,,,,,,
58088,variation,61334885,,D-sign Rug 1P0142 Blue - 80x250,1,0,hidden,,D-sign Rug 1P0142 Blue 80x250,,,taxable,parent,1,10,,0,0,,250,80,5,0,,"652,5",1305,,,,,,,61326660-H,,,,,,8,,,Size,80x250,,1,,,,,,,,,,,,,,,,,,,,,,,,,,,,,,,,,,,,,,,,,,,,,,,,,,,,,,,,,,,,,135342,,,,,,,,,,,,,,,,,,,
58089,variation,61326663,,D-sign Rug 1P0142 Blue - 80x300,1,0,hidden,,D-sign Rug 1P0142 Blue 80x300,,,taxable,parent,1,2,,0,0,,300,80,5,0,,"742,5",1485,,,,,,,61326660-H,,,,,,9,,,Size,80x300,,1,,,,,,,,,,,,,,,,,,,,,,,,,,,,,,,,,,,,,,,,,,,,,,,,,,,,,,,,,,,,,135343,,,,,,,,,,,,,,,,,,,
58091,variation,61326662,,D-sign Rug 1P0142 Blue - 60x200,1,0,hidden,,D-sign Rug 1P0142 Blue 60x200,,,taxable,parent,1,28,,0,0,,200,60,5,0,,"477,5",955,,,,,,,61326662-H,,,,,,1,,,Size,60x200,,1,,,,,,,,,,,,,,,,,,,,,,,,,,,,,,,,,,,,,,,,,,,,,,,,,,,,,,,,,,,,,135345,,,,,,,,,,,,,,,,,,,
58092,variation,61334912,,D-sign Rug 1P0142 Blue - 60x250,1,0,hidden,,D-sign Rug 1P0142 Blue 60x250,,,taxable,parent,1,35,,0,0,,250,60,5,0,,"537,5",1075,,,,,,,61326662-H,,,,,,2,,,Size,60x250,,1,,,,,,,,,,,,,,,,,,,,,,,,,,,,,,,,,,,,,,,,,,,,,,,,,,,,,,,,,,,,,135346,,,,,,,,,,,,,,,,,,,
58093,variation,61334921,,D-sign Rug 1P0142 Blue - 60x300,1,0,hidden,,D-sign Rug 1P0142 Blue 60x300,,,taxable,parent,1,26,,0,0,,300,60,5,0,,"622,5",1245,,,,,,,61326662-H,,,,,,3,,,Size,60x300,,1,,,,,,,,,,,,,,,,,,,,,,,,,,,,,,,,,,,,,,,,,,,,,,,,,,,,,,,,,,,,,135347,,,,,,,,,,,,,,,,,,,
58094,variation,61334920,,D-sign Rug 1P0142 Blue - 70x200,1,0,hidden,,D-sign Rug 1P0142 Blue 70x200,,,taxable,parent,0,0,,0,0,,200,70,5,0,,"537,5",1075,,,,,,,61326662-H,,,,,,4,,,Size,70x200,,1,,,,,,,,,,,,,,,,,,,,,,,,,,,,,,,,,,,,,,,,,,,,,,,,,,,,,,,,,,,,,135348,,,,,,,,,,,,,,,,,,,
58095,variation,61334917,,D-sign Rug 1P0142 Blue - 70x250,1,0,hidden,,D-sign Rug 1P0142 Blue 70x250,,,taxable,parent,1,26,,0,0,,250,70,5,0,,"592,5",1185,,,,,,,61326662-H,,,,,,5,,,Size,70x250,,1,,,,,,,,,,,,,,,,,,,,,,,,,,,,,,,,,,,,,,,,,,,,,,,,,,,,,,,,,,,,,135349,,,,,,,,,,,,,,,,,,,
58096,variation,61334918,,D-sign Rug 1P0142 Blue - 70x300,1,0,hidden,,D-sign Rug 1P0142 Blue 70x300,,,taxable,parent,1,19,,0,0,,300,70,5,0,,"682,5",1365,,,,,,,61326662-H,,,,,,6,,,Size,70x300,,1,,,,,,,,,,,,,,,,,,,,,,,,,,,,,,,,,,,,,,,,,,,,,,,,,,,,,,,,,,,,,135350,,,,,,,,,,,,,,,,,,,
58097,variation,61334916,,D-sign Rug 1P0142 Blue - 80x200,1,0,hidden,,D-sign Rug 1P0142 Blue 80x200,,,taxable,parent,1,23,,0,0,,200,80,5,0,,"562,5",1125,,,,,,,61326662-H,,,,,,7,,,Size,80x200,,1,,,,,,,,,,,,,,,,,,,,,,,,,,,,,,,,,,,,,,,,,,,,,,,,,,,,,,,,,,,,,135352,,,,,,,,,,,,,,,,,,,
58098,variation,61334919,,D-sign Rug 1P0142 Blue - 80x250,1,0,hidden,,D-sign Rug 1P0142 Blue 80x250,,,taxable,parent,1,24,,0,0,,250,80,5,0,,"652,5",1305,,,,,,,61326662-H,,,,,,8,,,Size,80x250,,1,,,,,,,,,,,,,,,,,,,,,,,,,,,,,,,,,,,,,,,,,,,,,,,,,,,,,,,,,,,,,135353,,,,,,,,,,,,,,,,,,,
58099,variation,61334915,,D-sign Rug 1P0142 Blue - 80x300,1,0,hidden,,D-sign Rug 1P0142 Blue 80x300,,,taxable,parent,1,19,,0,0,,300,80,5,0,,"742,5",1485,,,,,,,61326662-H,,,,,,9,,,Size,80x300,,1,,,,,,,,,,,,,,,,,,,,,,,,,,,,,,,,,,,,,,,,,,,,,,,,,,,,,,,,,,,,,135354,,,,,,,,,,,,,,,,,,,
58199,variable,61326697-H,,D-sign Rug 1P0160 Grey,1,0,visible,D-sign Rug 1P0160 Grey,D-sign Rug 1P0160 Grey,,,taxable,,1,,,0,0,,,,,1,,,,"Rooms > Bedroom, Rooms > Living room, Rugs > Modern, Rugs",,,"https://rugshop.eu/wp-content/uploads/2021/11/modern-mefe-carpet-b400-cube-geometric-3d-structural-two-levels-of-fleece-grey-.jpg, https://rugshop.eu/wp-content/uploads/2021/11/modern-mefe-carpet-b400-cube-geometric-3d-structural-two-levels-of-fleece-grey-1-1.jpg, https://rugshop.eu/wp-content/uploads/2021/11/modern-mefe-carpet-b400-cube-geometric-3d-structural-two-levels-of-fleece-grey-1-2.jpg, https://rugshop.eu/wp-content/uploads/2021/11/modern-mefe-carpet-b400-cube-geometric-3d-structural-two-levels-of-fleece-grey-1-3.jpg, https://rugshop.eu/wp-content/uploads/2021/11/modern-mefe-carpet-b400-cube-geometric-3d-structural-two-levels-of-fleece-grey-1-4.jpg",,,,,,,,,2468,,,Size,"120x170, 140x190, 160x220, 180x270, 200x290, 240x330, 280x370, 80x150",1,1,Brand,D-sign,1,1,Color,Black-Grey,1,1,Type of color,Multicolor,1,1,Shape,Rectangular,1,1,Material,Polyester,1,1,Type of rug,Modern,1,1,Weave,Machinemade,1,1,Age,New,1,1,,,,,,,,,,,,,,,,,,yes,yes,,,,,,,,,,,,,,,,,,,,,,,,,,,,,
58226,variation,61326697,,D-sign Rug 1P0160 Grey - 80x150,1,0,visible,,D-sign Rug 1P0160 Grey 80x150,,,taxable,parent,0,0,,0,0,,150,80,0.8,0,,467,835,,,,,,,61326697-H,,,,,,1,,,Size,80x150,,1,,,,,,,,,,,,,,,,,,,,,,,,,,,,,,,,,,,,,80x150,,,,,,,,,,,,,,,,,,,,,,,,135817,,,,,,,,,,,,,,,,,,,
58227,variation,61335048,,D-sign Rug 1P0160 Grey - 120x170,1,0,visible,,D-sign Rug 1P0160 Grey 120x170,,,taxable,parent,0,0,,0,0,,170,120,0.8,0,,598,1075,,,,,,,61326697-H,,,,,,2,,,Size,120x170,,1,,,,,,,,,,,,,,,,,,,,,,,,,,,,,,,,,,,,,120x170,,,,,,,,,,,,,,,,,,,,,,,,135818,,,,,,,,,,,,,,,,,,,
58228,variation,61335055,,D-sign Rug 1P0160 Grey - 140x190,1,0,visible,,D-sign Rug 1P0160 Grey 140x190,,,taxable,parent,0,0,,0,0,,190,140,0.8,0,,696,1245,,,,,,,61326697-H,,,,,,3,,,Size,140x190,,1,,,,,,,,,,,,,,,,,,,,,,,,,,,,,,,,,,,,,140x190,,,,,,,,,,,,,,,,,,,,,,,,135819,,,,,,,,,,,,,,,,,,,
58229,variation,61335050,,D-sign Rug 1P0160 Grey - 160x220,1,0,visible,,D-sign Rug 1P0160 Grey 160x220,,,taxable,parent,0,0,,0,0,,220,160,0.8,0,,826,1485,,,,,,,61326697-H,,,,,,4,,,Size,160x220,,1,,,,,,,,,,,,,,,,,,,,,,,,,,,,,,,,,,,,,160x220,,,,,,,,,,,,,,,,,,,,,,,,135813,,,,,,,,,,,,,,,,,,,
58230,variation,61335054,,D-sign Rug 1P0160 Grey - 180x270,1,0,visible,,D-sign Rug 1P0160 Grey 180x270,,,taxable,parent,0,0,,0,0,,270,180,0.8,0,,1041,1865,,,,,,,61326697-H,,,,,,5,,,Size,180x270,,1,,,,,,,,,,,,,,,,,,,,,,,,,,,,,,,,,,,,,180x270,,,,,,,,,,,,,,,,,,,,,,,,135820,,,,,,,,,,,,,,,,,,,
58231,variation,61335049,,D-sign Rug 1P0160 Grey - 200x290,1,0,visible,,D-sign Rug 1P0160 Grey 200x290,,,taxable,parent,0,0,,0,0,,290,200,0.8,0,,1204,2165,,,,,,,61326697-H,,,,,,6,,,Size,200x290,,1,,,,,,,,,,,,,,,,,,,,,,,,,,,,,,,,,,,,,200x290,,,,,,,,,,,,,,,,,,,,,,,,135814,,,,,,,,,,,,,,,,,,,
58232,variation,61335053,,D-sign Rug 1P0160 Grey - 240x330,1,0,visible,,D-sign Rug 1P0160 Grey 240x330,,,taxable,parent,0,0,,0,0,,330,240,0.8,0,,1530,2745,,,,,,,61326697-H,,,,,,7,,,Size,240x330,,1,,,,,,,,,,,,,,,,,,,,,,,,,,,,,,,,,,,,,240x330,,,,,,,,,,,,,,,,,,,,,,,,135815,,,,,,,,,,,,,,,,,,,
58233,variation,61335052,,D-sign Rug 1P0160 Grey - 280x370,1,0,visible,,D-sign Rug 1P0160 Grey 280x370,,,taxable,parent,1,1,,0,0,,370,280,0.8,0,,2003,3605,,,,,,,61326697-H,,,,,,8,,,Size,280x370,,1,,,,,,,,,,,,,,,,,,,,,,,,,,,,,,,,,,,,,280x370,,,,,,,,,,,,,,,,,,,,,,,,135816,,,,,,,,,,,,,,,,,,,
58235,variable,61326713-H,,D-sign Rug 1P0163 Grey,1,0,visible,D-sign Rug 1P0163 Grey,D-sign Rug 1P0163 Grey,,,taxable,,1,,,0,0,,,,,1,,,,"Rooms > Bedroom, Rooms > Living room, Rugs > Modern, Rugs",,,"https://rugshop.eu/wp-content/uploads/2021/11/modern-mefe-carpet-b402-structural-two-levels-of-fleece-dark-grey-.jpg, https://rugshop.eu/wp-content/uploads/2021/11/modern-mefe-carpet-b402-structural-two-levels-of-fleece-dark-grey-1-1.jpg, https://rugshop.eu/wp-content/uploads/2021/11/modern-mefe-carpet-b402-structural-two-levels-of-fleece-dark-grey-1-2.jpg, https://rugshop.eu/wp-content/uploads/2021/11/modern-mefe-carpet-b402-structural-two-levels-of-fleece-dark-grey-1-3.jpg, https://rugshop.eu/wp-content/uploads/2021/11/modern-mefe-carpet-b402-structural-two-levels-of-fleece-dark-grey-1-4.jpg",,,,,,,,,2471,,,Size,"120x170, 140x190, 160x220, 180x270, 200x290, 240x330, 280x370, 80x150",1,1,Brand,D-sign,1,1,Color,Black-Grey,1,1,Type of color,Multicolor,1,1,Shape,Rectangular,1,1,Material,Polyester,1,1,Type of rug,Modern,1,1,Weave,Machinemade,1,1,Age,New,1,1,,,,,,,,,,,,,,,,,,yes,yes,,,,,,,,,,,,,,,,,,,,,,,,,,,,,
58255,variation,61326713,,D-sign Rug 1P0163 Grey - 80x150,1,0,visible,,D-sign Rug 1P0163 Grey 80x150,,,taxable,parent,1,5,,0,0,,150,80,0.8,0,,467,835,,,,,,,61326713-H,,,,,,1,,,Size,80x150,,1,,,,,,,,,,,,,,,,,,,,,,,,,,,,,,,,,,,,,80x150,,,,,,,,,,,,,,,,,,,,,,,,135841,,,,,,,,,,,,,,,,,,,
58256,variation,61335060,,D-sign Rug 1P0163 Grey - 120x170,1,0,visible,,D-sign Rug 1P0163 Grey 120x170,,,taxable,parent,0,0,,0,0,,170,120,0.8,0,,598,1075,,,,,,,61326713-H,,,,,,2,,,Size,120x170,,1,,,,,,,,,,,,,,,,,,,,,,,,,,,,,,,,,,,,,120x170,,,,,,,,,,,,,,,,,,,,,,,,135842,,,,,,,,,,,,,,,,,,,
58257,variation,61335062,,D-sign Rug 1P0163 Grey - 140x190,1,0,visible,,D-sign Rug 1P0163 Grey 140x190,,,taxable,parent,0,0,,0,0,,190,140,0.8,0,,696,1245,,,,,,,61326713-H,,,,,,3,,,Size,140x190,,1,,,,,,,,,,,,,,,,,,,,,,,,,,,,,,,,,,,,,140x190,,,,,,,,,,,,,,,,,,,,,,,,135843,,,,,,,,,,,,,,,,,,,
58258,variation,61335063,,D-sign Rug 1P0163 Grey - 160x220,1,0,visible,,D-sign Rug 1P0163 Grey 160x220,,,taxable,parent,0,0,,0,0,,220,160,0.8,0,,826,1485,,,,,,,61326713-H,,,,,,4,,,Size,160x220,,1,,,,,,,,,,,,,,,,,,,,,,,,,,,,,,,,,,,,,160x220,,,,,,,,,,,,,,,,,,,,,,,,135837,,,,,,,,,,,,,,,,,,,
58259,variation,61335058,,D-sign Rug 1P0163 Grey - 180x270,1,0,visible,,D-sign Rug 1P0163 Grey 180x270,,,taxable,parent,0,0,,0,0,,270,180,0.8,0,,1041,1865,,,,,,,61326713-H,,,,,,5,,,Size,180x270,,1,,,,,,,,,,,,,,,,,,,,,,,,,,,,,,,,,,,,,180x270,,,,,,,,,,,,,,,,,,,,,,,,135844,,,,,,,,,,,,,,,,,,,
58260,variation,61335065,,D-sign Rug 1P0163 Grey - 200x290,1,0,visible,,D-sign Rug 1P0163 Grey 200x290,,,taxable,parent,0,0,,0,0,,290,200,0.8,0,,1204,2165,,,,,,,61326713-H,,,,,,6,,,Size,200x290,,1,,,,,,,,,,,,,,,,,,,,,,,,,,,,,,,,,,,,,200x290,,,,,,,,,,,,,,,,,,,,,,,,135838,,,,,,,,,,,,,,,,,,,
58261,variation,61326719,,D-sign Rug 1P0163 Grey - 240x330,1,0,visible,,D-sign Rug 1P0163 Grey 240x330,,,taxable,parent,0,0,,0,0,,330,240,0.8,0,,1530,2745,,,,,,,61326713-H,,,,,,7,,,Size,240x330,,1,,,,,,,,,,,,,,,,,,,,,,,,,,,,,,,,,,,,,240x330,,,,,,,,,,,,,,,,,,,,,,,,135839,,,,,,,,,,,,,,,,,,,
58262,variable,61326722-H,,D-sign Rug 1P0165 Beige,1,0,visible,D-sign Rug 1P0165 Beige,D-sign Rug 1P0165 Beige,,,taxable,,1,,,0,0,,,,,1,,,,"Rooms > Bedroom, Rooms > Living room, Rugs > Modern, Rugs, Rugs > Vintage",,,"https://rugshop.eu/wp-content/uploads/2021/11/modern-mefe-carpet-b402-vintage-structural-two-levels-of-fleece-dark-beige.jpg, https://rugshop.eu/wp-content/uploads/2021/11/modern-mefe-carpet-b402-vintage-structural-two-levels-of-fleece-dark-beige-1.jpg, https://rugshop.eu/wp-content/uploads/2021/11/modern-mefe-carpet-b402-vintage-structural-two-levels-of-fleece-dark-beige-2.jpg, https://rugshop.eu/wp-content/uploads/2021/11/modern-mefe-carpet-b402-vintage-structural-two-levels-of-fleece-dark-beige-3.jpg, https://rugshop.eu/wp-content/uploads/2021/11/modern-mefe-carpet-b402-vintage-structural-two-levels-of-fleece-dark-beige-4.jpg",,,,,,,,,2473,,,Size,"120x170, 140x190, 160x220, 180x270, 200x290, 240x330, 280x370, 80x150",1,1,Brand,D-sign,1,1,Color,"White-Beige, Yellow-Brown",1,1,Type of color,Multicolor,1,1,Shape,Rectangular,1,1,Material,Polyester,1,1,Type of rug,"Modern, Vintage / Colored Vintage",1,1,Weave,Machinemade,1,1,Age,New,1,1,,,,,,,,,,,,,,,,,,yes,yes,,,,,,,,,,,,,,,,,,,,,,,,,,,,,
58265,variation,61326721,,D-sign Rug 1P0163 Grey - 280x370,1,0,visible,,D-sign Rug 1P0163 Grey 280x370,,,taxable,parent,0,0,,0,0,,370,280,0.8,0,,2003,3605,,,,,,,61326713-H,,,,,,8,,,Size,280x370,,1,,,,,,,,,,,,,,,,,,,,,,,,,,,,,,,,,,,,,280x370,,,,,,,,,,,,,,,,,,,,,,,,135840,,,,,,,,,,,,,,,,,,,
58272,variation,61326722,,D-sign Rug 1P0165 Beige - 80x150,1,0,visible,,D-sign Rug 1P0165 Beige 80x150,,,taxable,parent,0,0,,0,0,,150,80,0.8,0,,467,835,,,,,,,61326722-H,,,,,,1,,,Size,80x150,,1,,,,,,,,,,,,,,,,,,,,,,,,,,,,,,,,,,,,,80x150,,,,,,,,,,,,,,,,,,,,,,,,135865,,,,,,,,,,,,,,,,,,,
58273,variation,61335066,,D-sign Rug 1P0165 Beige - 120x170,1,0,visible,,D-sign Rug 1P0165 Beige 120x170,,,taxable,parent,1,16,,0,0,,170,120,0.8,0,,598,1075,,,,,,,61326722-H,,,,,,2,,,Size,120x170,,1,,,,,,,,,,,,,,,,,,,,,,,,,,,,,,,,,,,,,120x170,,,,,,,,,,,,,,,,,,,,,,,,135866,,,,,,,,,,,,,,,,,,,
58274,variation,61335059,,D-sign Rug 1P0165 Beige - 140x190,1,0,visible,,D-sign Rug 1P0165 Beige 140x190,,,taxable,parent,1,18,,0,0,,190,140,0.8,0,,696,1245,,,,,,,61326722-H,,,,,,3,,,Size,140x190,,1,,,,,,,,,,,,,,,,,,,,,,,,,,,,,,,,,,,,,140x190,,,,,,,,,,,,,,,,,,,,,,,,135867,,,,,,,,,,,,,,,,,,,
58275,variation,61335124,,D-sign Rug 1P0165 Beige - 160x220,1,0,visible,,D-sign Rug 1P0165 Beige 160x220,,,taxable,parent,1,11,,0,0,,220,160,0.8,0,,826,1485,,,,,,,61326722-H,,,,,,4,,,Size,160x220,,1,,,,,,,,,,,,,,,,,,,,,,,,,,,,,,,,,,,,,160x220,,,,,,,,,,,,,,,,,,,,,,,,135868,,,,,,,,,,,,,,,,,,,
58276,variation,61326728,,D-sign Rug 1P0165 Beige - 180x270,1,0,visible,,D-sign Rug 1P0165 Beige 180x270,,,taxable,parent,0,0,,0,0,,270,180,0.8,0,,1041,1865,,,,,,,61326722-H,,,,,,5,,,Size,180x270,,1,,,,,,,,,,,,,,,,,,,,,,,,,,,,,,,,,,,,,180x270,,,,,,,,,,,,,,,,,,,,,,,,135869,,,,,,,,,,,,,,,,,,,
58277,variation,61326729,,D-sign Rug 1P0165 Beige - 200x290,1,0,visible,,D-sign Rug 1P0165 Beige 200x290,,,taxable,parent,0,0,,0,0,,290,200,0.8,0,,1204,2165,,,,,,,61326722-H,,,,,,6,,,Size,200x290,,1,,,,,,,,,,,,,,,,,,,,,,,,,,,,,,,,,,,,,200x290,,,,,,,,,,,,,,,,,,,,,,,,135870,,,,,,,,,,,,,,,,,,,
58278,variation,61326727,,D-sign Rug 1P0165 Beige - 240x330,1,0,visible,,D-sign Rug 1P0165 Beige 240x330,,,taxable,parent,0,0,,0,0,,330,240,0.8,0,,1530,2745,,,,,,,61326722-H,,,,,,7,,,Size,240x330,,1,,,,,,,,,,,,,,,,,,,,,,,,,,,,,,,,,,,,,240x330,,,,,,,,,,,,,,,,,,,,,,,,135871,,,,,,,,,,,,,,,,,,,
58279,variation,61326726,,D-sign Rug 1P0165 Beige - 280x370,1,0,visible,,D-sign Rug 1P0165 Beige 280x370,,,taxable,parent,0,0,,0,0,,370,280,0.8,0,,2003,3605,,,,,,,61326722-H,,,,,,8,,,Size,280x370,,1,,,,,,,,,,,,,,,,,,,,,,,,,,,,,,,,,,,,,280x370,,,,,,,,,,,,,,,,,,,,,,,,135872,,,,,,,,,,,,,,,,,,,
58281,variable,61326736-H,,D-sign Rug 1P0169 Creme,1,0,visible,D-sign Rug 1P0169 Creme,D-sign Rug 1P0169 Creme,,,taxable,,1,,,0,0,,,,,1,,,,"Rooms > Bedroom, Rooms > Living room, Rugs > Modern, Rugs",,,"https://rugshop.eu/wp-content/uploads/2021/11/modern-mefe-carpet-b400-cube-geometric-3d-structural-two-levels-of-fleece-cream-beige.jpg, https://rugshop.eu/wp-content/uploads/2021/11/modern-mefe-carpet-b400-cube-geometric-3d-structural-two-levels-of-fleece-cream-beige-1.jpg, https://rugshop.eu/wp-content/uploads/2021/11/modern-mefe-carpet-b400-cube-geometric-3d-structural-two-levels-of-fleece-cream-beige-2.jpg, https://rugshop.eu/wp-content/uploads/2021/11/modern-mefe-carpet-b400-cube-geometric-3d-structural-two-levels-of-fleece-cream-beige-3.jpg, https://rugshop.eu/wp-content/uploads/2021/11/modern-mefe-carpet-b400-cube-geometric-3d-structural-two-levels-of-fleece-cream-beige-4.jpg",,,,,,,,,2477,,,Size,"120x170, 140x190, 160x220, 180x270, 200x290, 240x330, 280x370, 80x150",1,1,Brand,D-sign,1,1,Color,White-Beige,1,1,Type of color,Multicolor,1,1,Shape,Rectangular,1,1,Material,Polyester,1,1,Type of rug,Modern,1,1,Weave,Machinemade,1,1,Age,New,1,1,,,,,,,,,,,,,,,,,,yes,yes,,,,,,,,,,,,,,,,,,,,,,,,,,,,,
58282,variable,61326737-H,,D-sign Rug 1P0170 Beige,1,0,visible,D-sign Rug 1P0170 Beige,D-sign Rug 1P0170 Beige,,,taxable,,1,,,0,0,,,,,1,,,,"Rooms > Bedroom, Rooms > Living room, Rugs > Modern, Rugs",,,"https://rugshop.eu/wp-content/uploads/2021/11/modern-mefe-carpet-b400-cube-geometric-3d-structural-two-levels-of-fleece-dark-beige.jpg, https://rugshop.eu/wp-content/uploads/2021/11/modern-mefe-carpet-b400-cube-geometric-3d-structural-two-levels-of-fleece-dark-beige-1.jpg, https://rugshop.eu/wp-content/uploads/2021/11/modern-mefe-carpet-b400-cube-geometric-3d-structural-two-levels-of-fleece-dark-beige-2.jpg, https://rugshop.eu/wp-content/uploads/2021/11/modern-mefe-carpet-b400-cube-geometric-3d-structural-two-levels-of-fleece-dark-beige-3.jpg, https://rugshop.eu/wp-content/uploads/2021/11/modern-mefe-carpet-b400-cube-geometric-3d-structural-two-levels-of-fleece-dark-beige-4.jpg",,,,,,,,,2478,,,Size,"120x170, 140x190, 160x220, 180x270, 200x290, 240x330, 280x370, 80x150",1,1,Brand,D-sign,1,1,Color,"White-Beige, Yellow-Brown",1,1,Type of color,Multicolor,1,1,Shape,Rectangular,1,1,Material,Polyester,1,1,Type of rug,Modern,1,1,Weave,Machinemade,1,1,Age,New,1,1,,,,,,,,,,,,,,,,,,yes,yes,,,,,,,,,,,,,,,,,,,,,,,,,,,,,
58301,variation,61326736,,D-sign Rug 1P0169 Creme - 80x150,1,0,visible,,D-sign Rug 1P0169 Creme 80x150,,,taxable,parent,0,0,,0,0,,150,80,0.8,0,,467,835,,,,,,,61326736-H,,,,,,1,,,Size,80x150,,1,,,,,,,,,,,,,,,,,,,,,,,,,,,,,,,,,,,,,80x150,,,,,,,,,,,,,,,,,,,,,,,,135917,,,,,,,,,,,,,,,,,,,
58302,variation,61335168,,D-sign Rug 1P0169 Creme - 120x170,1,0,visible,,D-sign Rug 1P0169 Creme 120x170,,,taxable,parent,1,4,,0,0,,170,120,0.8,0,,598,1075,,,,,,,61326736-H,,,,,,2,,,Size,120x170,,1,,,,,,,,,,,,,,,,,,,,,,,,,,,,,,,,,,,,,120x170,,,,,,,,,,,,,,,,,,,,,,,,135918,,,,,,,,,,,,,,,,,,,
58303,variation,61335176,,D-sign Rug 1P0169 Creme - 140x190,1,0,visible,,D-sign Rug 1P0169 Creme 140x190,,,taxable,parent,1,3,,0,0,,190,140,0.8,0,,696,1245,,,,,,,61326736-H,,,,,,3,,,Size,140x190,,1,,,,,,,,,,,,,,,,,,,,,,,,,,,,,,,,,,,,,140x190,,,,,,,,,,,,,,,,,,,,,,,,135919,,,,,,,,,,,,,,,,,,,
58304,variation,61335318,,D-sign Rug 1P0169 Creme - 160x220,1,0,visible,,D-sign Rug 1P0169 Creme 160x220,,,taxable,parent,0,0,,0,0,,220,160,0.8,0,,826,1485,,,,,,,61326736-H,,,,,,4,,,Size,160x220,,1,,,,,,,,,,,,,,,,,,,,,,,,,,,,,,,,,,,,,160x220,,,,,,,,,,,,,,,,,,,,,,,,135920,,,,,,,,,,,,,,,,,,,
58305,variation,61335175,,D-sign Rug 1P0169 Creme - 180x270,1,0,visible,,D-sign Rug 1P0169 Creme 180x270,,,taxable,parent,0,0,,0,0,,270,180,0.8,0,,1041,1865,,,,,,,61326736-H,,,,,,5,,,Size,180x270,,1,,,,,,,,,,,,,,,,,,,,,,,,,,,,,,,,,,,,,180x270,,,,,,,,,,,,,,,,,,,,,,,,135921,,,,,,,,,,,,,,,,,,,
58306,variation,61335317,,D-sign Rug 1P0169 Creme - 200x290,1,0,visible,,D-sign Rug 1P0169 Creme 200x290,,,taxable,parent,0,0,,0,0,,290,200,0.8,0,,1204,2165,,,,,,,61326736-H,,,,,,6,,,Size,200x290,,1,,,,,,,,,,,,,,,,,,,,,,,,,,,,,,,,,,,,,200x290,,,,,,,,,,,,,,,,,,,,,,,,135922,,,,,,,,,,,,,,,,,,,
58308,variable,61326750-H,,D-sign Rug 1P0172 Beige,1,0,visible,D-sign Rug 1P0172 Beige,D-sign Rug 1P0172 Beige,,,taxable,,1,,,0,0,,,,,1,,,,"Rooms > Bedroom, Rooms > Living room, Rugs > Modern, Rugs, Rugs > Traditional",,,"https://rugshop.eu/wp-content/uploads/2021/11/modern-mefe-carpet-9096-frame-greek-key-structural-two-levels-of-fleece-beige-brown.jpg, https://rugshop.eu/wp-content/uploads/2021/11/modern-mefe-carpet-9096-frame-greek-key-structural-two-levels-of-fleece-beige-brown-1.jpg, https://rugshop.eu/wp-content/uploads/2021/11/modern-mefe-carpet-9096-frame-greek-key-structural-two-levels-of-fleece-beige-brown-2.jpg, https://rugshop.eu/wp-content/uploads/2021/11/modern-mefe-carpet-9096-frame-greek-key-structural-two-levels-of-fleece-beige-brown-3.jpg, https://rugshop.eu/wp-content/uploads/2021/11/modern-mefe-carpet-9096-frame-greek-key-structural-two-levels-of-fleece-beige-brown-4.jpg",,,,,,,,,2480,,,Size,"120x170, 140x190, 160x220, 180x270, 200x290, 240x330, 280x370, 80x150",1,1,Brand,D-sign,1,1,Color,"White-Beige, Yellow-Brown",1,1,Type of color,Multicolor,1,1,Shape,Rectangular,1,1,Material,Polyester,1,1,Type of rug,"Modern, Traditional",1,1,Weave,Machinemade,1,1,Age,New,1,1,,,,,,,,,,,,,,,,,,yes,yes,,,,,,,,,,,,,,,,,,,,,,,,,,,,,
58309,variable,61326753-H,,D-sign Rug 1P0173 Beige,1,0,visible,D-sign Rug 1P0173 Beige,D-sign Rug 1P0173 Beige,,,taxable,,1,,,0,0,,,,,1,,,,"Rooms > Bedroom, Rooms > Living room, Rugs > Modern, Rugs, Rugs > Vintage",,,"https://rugshop.eu/wp-content/uploads/2021/11/modern-mefe-carpet-8731-rosette-vintage-structural-two-levels-of-fleece-beige-gold.jpg, https://rugshop.eu/wp-content/uploads/2021/11/modern-mefe-carpet-8731-rosette-vintage-structural-two-levels-of-fleece-beige-gold-1.jpg, https://rugshop.eu/wp-content/uploads/2021/11/modern-mefe-carpet-8731-rosette-vintage-structural-two-levels-of-fleece-beige-gold-2.jpg, https://rugshop.eu/wp-content/uploads/2021/11/modern-mefe-carpet-8731-rosette-vintage-structural-two-levels-of-fleece-beige-gold-3.jpg, https://rugshop.eu/wp-content/uploads/2021/11/modern-mefe-carpet-8731-rosette-vintage-structural-two-levels-of-fleece-beige-gold-4.jpg",,,,,,,,,2481,,,Size,"120x170, 140x190, 160x220, 180x270, 200x290, 240x330, 280x370, 80x150",1,1,Brand,D-sign,1,1,Color,"White-Beige, Yellow-Brown",1,1,Type of color,Multicolor,1,1,Shape,Rectangular,1,1,Material,Polyester,1,1,Type of rug,"Modern, Vintage / Colored Vintage",1,1,Weave,Machinemade,1,1,Age,New,1,1,,,,,,,,,,,,,,,,,,yes,yes,,,,,,,,,,,,,,,,,,,,,,,,,,,,,
58310,variation,61335170,,D-sign Rug 1P0169 Creme - 240x330,1,0,visible,,D-sign Rug 1P0169 Creme 240x330,,,taxable,parent,0,0,,0,0,,330,240,0.8,0,,1530,2745,,,,,,,61326736-H,,,,,,7,,,Size,240x330,,1,,,,,,,,,,,,,,,,,,,,,,,,,,,,,,,,,,,,,240x330,,,,,,,,,,,,,,,,,,,,,,,,135923,,,,,,,,,,,,,,,,,,,
58311,variation,61335169,,D-sign Rug 1P0169 Creme - 280x370,1,0,visible,,D-sign Rug 1P0169 Creme 280x370,,,taxable,parent,0,0,,0,0,,370,280,0.8,0,,2003,3605,,,,,,,61326736-H,,,,,,8,,,Size,280x370,,1,,,,,,,,,,,,,,,,,,,,,,,,,,,,,,,,,,,,,280x370,,,,,,,,,,,,,,,,,,,,,,,,135924,,,,,,,,,,,,,,,,,,,
58313,variation,61326737,,D-sign Rug 1P0170 Beige - 80x150,1,0,visible,,D-sign Rug 1P0170 Beige 80x150,,,taxable,parent,0,0,,0,0,,150,80,0.8,0,,467,835,,,,,,,61326737-H,,,,,,1,,,Size,80x150,,1,,,,,,,,,,,,,,,,,,,,,,,,,,,,,,,,,,,,,80x150,,,,,,,,,,,,,,,,,,,,,,,,135933,,,,,,,,,,,,,,,,,,,
58314,variation,61335172,,D-sign Rug 1P0170 Beige - 120x170,1,0,visible,,D-sign Rug 1P0170 Beige 120x170,,,taxable,parent,1,15,,0,0,,170,120,0.8,0,,598,1075,,,,,,,61326737-H,,,,,,2,,,Size,120x170,,1,,,,,,,,,,,,,,,,,,,,,,,,,,,,,,,,,,,,,120x170,,,,,,,,,,,,,,,,,,,,,,,,135934,,,,,,,,,,,,,,,,,,,
58315,variation,61326743,,D-sign Rug 1P0170 Beige - 140x190,1,0,visible,,D-sign Rug 1P0170 Beige 140x190,,,taxable,parent,1,19,,0,0,,190,140,0.8,0,,696,1245,,,,,,,61326737-H,,,,,,3,,,Size,140x190,,1,,,,,,,,,,,,,,,,,,,,,,,,,,,,,,,,,,,,,140x190,,,,,,,,,,,,,,,,,,,,,,,,135935,,,,,,,,,,,,,,,,,,,
58316,variation,61326739,,D-sign Rug 1P0170 Beige - 160x220,1,0,visible,,D-sign Rug 1P0170 Beige 160x220,,,taxable,parent,1,17,,0,0,,220,160,0.8,0,,826,1485,,,,,,,61326737-H,,,,,,4,,,Size,160x220,,1,,,,,,,,,,,,,,,,,,,,,,,,,,,,,,,,,,,,,160x220,,,,,,,,,,,,,,,,,,,,,,,,135936,,,,,,,,,,,,,,,,,,,
58317,variation,61326740,,D-sign Rug 1P0170 Beige - 180x270,1,0,visible,,D-sign Rug 1P0170 Beige 180x270,,,taxable,parent,0,0,,0,0,,270,180,0.8,0,,1041,1865,,,,,,,61326737-H,,,,,,5,,,Size,180x270,,1,,,,,,,,,,,,,,,,,,,,,,,,,,,,,,,,,,,,,180x270,,,,,,,,,,,,,,,,,,,,,,,,135937,,,,,,,,,,,,,,,,,,,
58318,variation,61326741,,D-sign Rug 1P0170 Beige - 200x290,1,0,visible,,D-sign Rug 1P0170 Beige 200x290,,,taxable,parent,0,0,,0,0,,290,200,0.8,0,,1204,2165,,,,,,,61326737-H,,,,,,6,,,Size,200x290,,1,,,,,,,,,,,,,,,,,,,,,,,,,,,,,,,,,,,,,200x290,,,,,,,,,,,,,,,,,,,,,,,,135938,,,,,,,,,,,,,,,,,,,
58319,variation,61326742,,D-sign Rug 1P0170 Beige - 240x330,1,0,visible,,D-sign Rug 1P0170 Beige 240x330,,,taxable,parent,0,0,,0,0,,330,240,0.8,0,,1530,2745,,,,,,,61326737-H,,,,,,7,,,Size,240x330,,1,,,,,,,,,,,,,,,,,,,,,,,,,,,,,,,,,,,,,240x330,,,,,,,,,,,,,,,,,,,,,,,,135939,,,,,,,,,,,,,,,,,,,
58320,variation,61326744,,D-sign Rug 1P0170 Beige - 280x370,1,0,visible,,D-sign Rug 1P0170 Beige 280x370,,,taxable,parent,0,0,,0,0,,370,280,0.8,0,,2003,3605,,,,,,,61326737-H,,,,,,8,,,Size,280x370,,1,,,,,,,,,,,,,,,,,,,,,,,,,,,,,,,,,,,,,280x370,,,,,,,,,,,,,,,,,,,,,,,,135940,,,,,,,,,,,,,,,,,,,
58333,variation,61326750,,D-sign Rug 1P0172 Beige - 80x150,1,0,visible,,D-sign Rug 1P0172 Beige 80x150,,,taxable,parent,0,0,,0,0,,150,80,0.8,0,,467,835,,,,,,,61326750-H,,,,,,1,,,Size,80x150,,1,,,,,,,,,,,,,,,,,,,,,,,,,,,,,,,,,,,,,80x150,,,,,,,,,,,,,,,,,,,,,,,,135957,,,,,,,,,,,,,,,,,,,
58334,variation,61335325,,D-sign Rug 1P0172 Beige - 120x170,1,0,visible,,D-sign Rug 1P0172 Beige 120x170,,,taxable,parent,1,1,,0,0,,170,120,0.8,0,,598,1075,,,,,,,61326750-H,,,,,,2,,,Size,120x170,,1,,,,,,,,,,,,,,,,,,,,,,,,,,,,,,,,,,,,,120x170,,,,,,,,,,,,,,,,,,,,,,,,135958,,,,,,,,,,,,,,,,,,,
58335,variation,61335322,,D-sign Rug 1P0172 Beige - 140x190,1,0,visible,,D-sign Rug 1P0172 Beige 140x190,,,taxable,parent,1,19,,0,0,,190,140,0.8,0,,696,1245,,,,,,,61326750-H,,,,,,3,,,Size,140x190,,1,,,,,,,,,,,,,,,,,,,,,,,,,,,,,,,,,,,,,140x190,,,,,,,,,,,,,,,,,,,,,,,,135959,,,,,,,,,,,,,,,,,,,
58336,variation,61335324,,D-sign Rug 1P0172 Beige - 160x220,1,0,visible,,D-sign Rug 1P0172 Beige 160x220,,,taxable,parent,1,1,,0,0,,220,160,0.8,0,,826,1485,,,,,,,61326750-H,,,,,,4,,,Size,160x220,,1,,,,,,,,,,,,,,,,,,,,,,,,,,,,,,,,,,,,,160x220,,,,,,,,,,,,,,,,,,,,,,,,135960,,,,,,,,,,,,,,,,,,,
58337,variation,61335321,,D-sign Rug 1P0172 Beige - 180x270,1,0,visible,,D-sign Rug 1P0172 Beige 180x270,,,taxable,parent,0,0,,0,0,,270,180,0.8,0,,1041,1865,,,,,,,61326750-H,,,,,,5,,,Size,180x270,,1,,,,,,,,,,,,,,,,,,,,,,,,,,,,,,,,,,,,,180x270,,,,,,,,,,,,,,,,,,,,,,,,135961,,,,,,,,,,,,,,,,,,,
58338,variation,61335326,,D-sign Rug 1P0172 Beige - 200x290,1,0,visible,,D-sign Rug 1P0172 Beige 200x290,,,taxable,parent,0,0,,0,0,,290,200,0.8,0,,1204,2165,,,,,,,61326750-H,,,,,,6,,,Size,200x290,,1,,,,,,,,,,,,,,,,,,,,,,,,,,,,,,,,,,,,,200x290,,,,,,,,,,,,,,,,,,,,,,,,135962,,,,,,,,,,,,,,,,,,,
58339,variation,61326751,,D-sign Rug 1P0172 Beige - 240x330,1,0,visible,,D-sign Rug 1P0172 Beige 240x330,,,taxable,parent,0,0,,0,0,,330,240,0.8,0,,1530,2745,,,,,,,61326750-H,,,,,,7,,,Size,240x330,,1,,,,,,,,,,,,,,,,,,,,,,,,,,,,,,,,,,,,,240x330,,,,,,,,,,,,,,,,,,,,,,,,135963,,,,,,,,,,,,,,,,,,,
58340,variation,61326752,,D-sign Rug 1P0172 Beige - 280x370,1,0,visible,,D-sign Rug 1P0172 Beige 280x370,,,taxable,parent,0,0,,0,0,,370,280,0.8,0,,2003,3605,,,,,,,61326750-H,,,,,,8,,,Size,280x370,,1,,,,,,,,,,,,,,,,,,,,,,,,,,,,,,,,,,,,,280x370,,,,,,,,,,,,,,,,,,,,,,,,135964,,,,,,,,,,,,,,,,,,,
58342,variation,61326753,,D-sign Rug 1P0173 Beige - 80x150,1,0,visible,,D-sign Rug 1P0173 Beige 80x150,,,taxable,parent,0,0,,0,0,,150,80,0.8,0,,467,835,,,,,,,61326753-H,,,,,,1,,,Size,80x150,,1,,,,,,,,,,,,,,,,,,,,,,,,,,,,,,,,,,,,,80x150,,,,,,,,,,,,,,,,,,,,,,,,135967,,,,,,,,,,,,,,,,,,,
58343,variation,61335330,,D-sign Rug 1P0173 Beige - 120x170,1,0,visible,,D-sign Rug 1P0173 Beige 120x170,,,taxable,parent,1,15,,0,0,,170,120,0.8,0,,598,1075,,,,,,,61326753-H,,,,,,2,,,Size,120x170,,1,,,,,,,,,,,,,,,,,,,,,,,,,,,,,,,,,,,,,120x170,,,,,,,,,,,,,,,,,,,,,,,,135968,,,,,,,,,,,,,,,,,,,
58344,variation,61335332,,D-sign Rug 1P0173 Beige - 140x190,1,0,visible,,D-sign Rug 1P0173 Beige 140x190,,,taxable,parent,1,14,,0,0,,190,140,0.8,0,,696,1245,,,,,,,61326753-H,,,,,,3,,,Size,140x190,,1,,,,,,,,,,,,,,,,,,,,,,,,,,,,,,,,,,,,,140x190,,,,,,,,,,,,,,,,,,,,,,,,135969,,,,,,,,,,,,,,,,,,,
58345,variation,61335328,,D-sign Rug 1P0173 Beige - 160x220,1,0,visible,,D-sign Rug 1P0173 Beige 160x220,,,taxable,parent,0,0,,0,0,,220,160,0.8,0,,826,1485,,,,,,,61326753-H,,,,,,4,,,Size,160x220,,1,,,,,,,,,,,,,,,,,,,,,,,,,,,,,,,,,,,,,160x220,,,,,,,,,,,,,,,,,,,,,,,,135970,,,,,,,,,,,,,,,,,,,
58346,variation,61335334,,D-sign Rug 1P0173 Beige - 180x270,1,0,visible,,D-sign Rug 1P0173 Beige 180x270,,,taxable,parent,0,0,,0,0,,270,180,0.8,0,,924,1655,,,,,,,61326753-H,,,,,,5,,,Size,180x270,,1,,,,,,,,,,,,,,,,,,,,,,,,,,,,,,,,,,,,,180x270,,,,,,,,,,,,,,,,,,,,,,,,135971,,,,,,,,,,,,,,,,,,,
58347,variation,61335327,,D-sign Rug 1P0173 Beige - 200x290,1,0,visible,,D-sign Rug 1P0173 Beige 200x290,,,taxable,parent,0,0,,0,0,,290,200,0.8,0,,1204,2165,,,,,,,61326753-H,,,,,,6,,,Size,200x290,,1,,,,,,,,,,,,,,,,,,,,,,,,,,,,,,,,,,,,,200x290,,,,,,,,,,,,,,,,,,,,,,,,135972,,,,,,,,,,,,,,,,,,,
58348,variation,61335329,,D-sign Rug 1P0173 Beige - 240x330,1,0,visible,,D-sign Rug 1P0173 Beige 240x330,,,taxable,parent,0,0,,0,0,,330,240,0.8,0,,1530,2745,,,,,,,61326753-H,,,,,,7,,,Size,240x330,,1,,,,,,,,,,,,,,,,,,,,,,,,,,,,,,,,,,,,,240x330,,,,,,,,,,,,,,,,,,,,,,,,135973,,,,,,,,,,,,,,,,,,,
58349,variation,61335331,,D-sign Rug 1P0173 Beige - 280x370,1,0,visible,,D-sign Rug 1P0173 Beige 280x370,,,taxable,parent,0,0,,0,0,,370,280,0.8,0,,2003,3605,,,,,,,61326753-H,,,,,,8,,,Size,280x370,,1,,,,,,,,,,,,,,,,,,,,,,,,,,,,,,,,,,,,,280x370,,,,,,,,,,,,,,,,,,,,,,,,135974,,,,,,,,,,,,,,,,,,,
58383,variable,61326777-H,,D-sign Artificial Grass 1P0183 Green,1,0,hidden,D-sign Rug 1P0183 Green,D-sign KonstgrÃ¤s 1P0183 Green,,,taxable,,1,,,0,0,,,,,0,,,,"Rugs > Artificial Grass, Rooms > Balcony, Rugs, Sale",Sale,,"https://rugshop.eu/wp-content/uploads/2021/11/artificial-grass-walnut-any-size.jpg, https://rugshop.eu/wp-content/uploads/2021/11/artificial-grass-walnut-any-size-1.jpg, https://rugshop.eu/wp-content/uploads/2021/11/artificial-grass-walnut-any-size-2.jpg, https://rugshop.eu/wp-content/uploads/2021/11/artificial-grass-walnut-any-size-3.jpg, https://rugshop.eu/wp-content/uploads/2021/11/artificial-grass-walnut-any-size-4.jpg",,,,,,,,,299,,,Size,"100x100, 100x1000, 100x1050, 100x1100, 100x1150, 100x1200, 100x1250, 100x1300, 100x133, 100x1350, 100x1400, 100x1450, 100x150, 100x1500, 100x200, 100x250, 100x300, 100x350, 100x400, 100x450, 100x500, 100x600, 100x650, 100x700, 100x750, 100x800, 100x850, 100x900, 100x950, 133x100, 133x1000, 133x1050, 133x1100, 133x1150, 133x1200, 133x150, 133x200, 133x250, 133x300, 133x350, 133x400, 133x450, 133x500, 133x550, 133x600, 133x650, 133x700, 133x750, 133x800, 133x850, 133x900, 133x950, 150x200, 150x300, 150x400, 200x200, 200x250, 200x300, 200x350, 200x400, 200x450, 200x500, 200x550, 200x600, 200x650, 200x700, 200x750, 200x800, 250x300, 250x400, 300x300, 300x350, 300x400, 300x450, 300x500, 350x400, 400x400",1,1,Brand,D-sign,1,1,Color,Green,1,1,Type of color,Singlecolor,1,1,Shape,"Rectangular, Square",1,1,Material,Polyester,1,1,Type of rug,Artificial grass,1,1,Weave,Machinemade,1,1,Age,New,1,1,,,,,,,,,default,default,default,default,,,,,,yes,,,,,,,,,,classic-editor,,,,,,,,,,,,,,,,,,,,
58404,variation,61326777,,D-sign Artificial Grass 1P0183 Green - 100x133,1,0,hidden,,D-sign KonstgrÃ¤s 1P0183 Green 100x133,,,taxable,parent,1,18,,0,0,,133,100,2.7,0,,498,995,,,,,,,61326777-H,,,,,,1,,,Size,100x133,,1,,,,,,,,,,,,,,,,,,,,,,,,,,,,,,,,,,,,,,,,,,,,,,,,,,,,,,,,,,,,,136236,,,,,,,,,,,,,,,,,,,
58405,variation,61335424,,D-sign Artificial Grass 1P0183 Green - 100x150,1,0,hidden,,D-sign KonstgrÃ¤s 1P0183 Green 100x150 ,,,taxable,parent,1,12,,0,0,,150,100,2.7,0,,533,1065,,,,,,,61326777-H,,,,,,2,,,Size,100x150,,1,,,,,,,,,,,,,,,,,,,,,,,,,,,,,,,,,,,,,,,,,,,,,,,,,,,,,,,,,,,,,136237,,,,,,,,,,,,,,,,,,,
58406,variation,61335372,,D-sign Artificial Grass 1P0183 Green - 100x200,1,0,hidden,,D-sign KonstgrÃ¤s 1P0183 Green 100x200,,,taxable,parent,1,34,,0,0,,200,100,2.7,0,,628,1255,,,,,,,61326777-H,,,,,,3,,,Size,100x200,,1,,,,,,,,,,,,,,,,,,,,,,,,,,,,,,,,,,,,,,,,,,,,,,,,,,,,,,,,,,,,,136238,,,,,,,,,,,,,,,,,,,
58407,variation,61335425,,D-sign Artificial Grass 1P0183 Green - 100x250,1,0,hidden,,D-sign KonstgrÃ¤s 1P0183 Green 100x250,,,taxable,parent,1,6,,0,0,,250,100,2.7,0,,723,1445,,,,,,,61326777-H,,,,,,4,,,Size,100x250,,1,,,,,,,,,,,,,,,,,,,,,,,,,,,,,,,,,,,,,,,,,,,,,,,,,,,,,,,,,,,,,136239,,,,,,,,,,,,,,,,,,,
58408,variation,61335427,,D-sign Artificial Grass 1P0183 Green - 100x300,1,0,hidden,,D-sign KonstgrÃ¤s 1P0183 Green 100x300,,,taxable,parent,1,6,,0,0,,300,100,2.7,0,,818,1635,,,,,,,61326777-H,,,,,,5,,,Size,100x300,,1,,,,,,,,,,,,,,,,,,,,,,,,,,,,,,,,,,,,,,,,,,,,,,,,,,,,,,,,,,,,,136240,,,,,,,,,,,,,,,,,,,
58409,variation,61335426,,D-sign Artificial Grass 1P0183 Green - 100x350,1,0,hidden,,D-sign KonstgrÃ¤s 1P0183 Green 100x350,,,taxable,parent,1,4,,0,0,,350,100,2.7,0,,913,1825,,,,,,,61326777-H,,,,,,6,,,Size,100x350,,1,,,,,,,,,,,,,,,,,,,,,,,,,,,,,,,,,,,,,,,,,,,,,,,,,,,,,,,,,,,,,136241,,,,,,,,,,,,,,,,,,,
58410,variation,61335422,,D-sign Artificial Grass 1P0183 Green - 100x400,1,0,hidden,,D-sign KonstgrÃ¤s 1P0183 Green 100x400,,,taxable,parent,1,9,,0,0,,400,100,2.7,0,,1008,2015,,,,,,,61326777-H,,,,,,7,,,Size,100x400,,1,,,,,,,,,,,,,,,,,,,,,,,,,,,,,,,,,,,,,,,,,,,,,,,,,,,,,,,,,,,,,136242,,,,,,,,,,,,,,,,,,,
58411,variation,61335423,,D-sign Artificial Grass 1P0183 Green - 100x450,1,0,hidden,,D-sign KonstgrÃ¤s 1P0183 Green 100x450,,,taxable,parent,1,3,,0,0,,450,100,2.7,0,,1103,2205,,,,,,,61326777-H,,,,,,8,,,Size,100x450,,1,,,,,,,,,,,,,,,,,,,,,,,,,,,,,,,,,,,,,,,,,,,,,,,,,,,,,,,,,,,,,136243,,,,,,,,,,,,,,,,,,,
58412,variation,61335429,,D-sign Artificial Grass 1P0183 Green - 100x500,1,0,hidden,,D-sign KonstgrÃ¤s 1P0183 Green 100x500,,,taxable,parent,1,3,,0,0,,500,100,2.7,0,,1198,2395,,,,,,,61326777-H,,,,,,9,,,Size,100x500,,1,,,,,,,,,,,,,,,,,,,,,,,,,,,,,,,,,,,,,,,,,,,,,,,,,,,,,,,,,,,,,136244,,,,,,,,,,,,,,,,,,,
58413,variation,61335375,,D-sign Artificial Grass 1P0183 Green - 100x600,1,0,hidden,,D-sign KonstgrÃ¤s 1P0183 Green 100x600,,,taxable,parent,1,2,,0,0,,600,100,2.7,0,,1388,2775,,,,,,,61326777-H,,,,,,10,,,Size,100x600,,1,,,,,,,,,,,,,,,,,,,,,,,,,,,,,,,,,,,,,,,,,,,,,,,,,,,,,,,,,,,,,136245,,,,,,,,,,,,,,,,,,,
58414,variation,61326785,,D-sign Artificial Grass 1P0183 Green - 100x650,1,0,hidden,,D-sign KonstgrÃ¤s 1P0183 Green 100x650,,,taxable,parent,1,2,,0,0,,650,100,2.7,0,,1483,2965,,,,,,,61326777-H,,,,,,11,,,Size,100x650,,1,,,,,,,,,,,,,,,,,,,,,,,,,,,,,,,,,,,,,,,,,,,,,,,,,,,,,,,,,,,,,136246,,,,,,,,,,,,,,,,,,,
58415,variation,61326781,,D-sign Artificial Grass 1P0183 Green - 100x700,1,0,hidden,,D-sign KonstgrÃ¤s 1P0183 Green 100x700,,,taxable,parent,1,2,,0,0,,700,100,2.7,0,,1583,3165,,,,,,,61326777-H,,,,,,12,,,Size,100x700,,1,,,,,,,,,,,,,,,,,,,,,,,,,,,,,,,,,,,,,,,,,,,,,,,,,,,,,,,,,,,,,136247,,,,,,,,,,,,,,,,,,,
58416,variation,61326780,,D-sign Artificial Grass 1P0183 Green - 100x750,1,0,hidden,,D-sign KonstgrÃ¤s 1P0183 Green 100x750,,,taxable,parent,1,2,,0,0,,750,100,2.7,0,,1678,3355,,,,,,,61326777-H,,,,,,13,,,Size,100x750,,1,,,,,,,,,,,,,,,,,,,,,,,,,,,,,,,,,,,,,,,,,,,,,,,,,,,,,,,,,,,,,136248,,,,,,,,,,,,,,,,,,,
58417,variation,61326788,,D-sign Artificial Grass 1P0183 Green - 100x800,1,0,hidden,,D-sign KonstgrÃ¤s 1P0183 Green 100x800,,,taxable,parent,1,2,,0,0,,800,100,2.7,0,,1773,3545,,,,,,,61326777-H,,,,,,14,,,Size,100x800,,1,,,,,,,,,,,,,,,,,,,,,,,,,,,,,,,,,,,,,,,,,,,,,,,,,,,,,,,,,,,,,136249,,,,,,,,,,,,,,,,,,,
58418,variation,61326783,,D-sign Artificial Grass 1P0183 Green - 100x850,1,0,hidden,,D-sign KonstgrÃ¤s 1P0183 Green 100x850,,,taxable,parent,1,2,,0,0,,850,100,2.7,0,,2858,5715,,,,,,,61326777-H,,,,,,15,,,Size,100x850,,1,,,,,,,,,,,,,,,,,,,,,,,,,,,,,,,,,,,,,,,,,,,,,,,,,,,,,,,,,,,,,136250,,,,,,,,,,,,,,,,,,,
58419,variation,61326779,,D-sign Artificial Grass 1P0183 Green - 100x900,1,0,hidden,,D-sign KonstgrÃ¤s 1P0183 Green 100x900,,,taxable,parent,1,1,,0,0,,900,100,2.7,0,,2953,5905,,,,,,,61326777-H,,,,,,16,,,Size,100x900,,1,,,,,,,,,,,,,,,,,,,,,,,,,,,,,,,,,,,,,,,,,,,,,,,,,,,,,,,,,,,,,136251,,,,,,,,,,,,,,,,,,,
58420,variation,61326782,,D-sign Artificial Grass 1P0183 Green - 100x950,1,0,hidden,,D-sign KonstgrÃ¤s 1P0183 Green 100x950,,,taxable,parent,1,1,,0,0,,950,100,2.7,0,,3048,6095,,,,,,,61326777-H,,,,,,17,,,Size,100x950,,1,,,,,,,,,,,,,,,,,,,,,,,,,,,,,,,,,,,,,,,,,,,,,,,,,,,,,,,,,,,,,136252,,,,,,,,,,,,,,,,,,,
58421,variation,61326784,,D-sign Artificial Grass 1P0183 Green - 100x1000,1,0,hidden,,D-sign KonstgrÃ¤s 1P0183 Green 100x1000,,,taxable,parent,1,1,,0,0,,1000,100,2.7,0,,3143,6285,,,,,,,61326777-H,,,,,,18,,,Size,100x1000,,1,,,,,,,,,,,,,,,,,,,,,,,,,,,,,,,,,,,,,,,,,,,,,,,,,,,,,,,,,,,,,136253,,,,,,,,,,,,,,,,,,,
58422,variation,61326786,,D-sign Artificial Grass 1P0183 Green - 100x1050,1,0,hidden,,D-sign KonstgrÃ¤s 1P0183 Green 100x1050,,,taxable,parent,1,1,,0,0,,1050,100,2.7,0,,3238,6475,,,,,,,61326777-H,,,,,,19,,,Size,100x1050,,1,,,,,,,,,,,,,,,,,,,,,,,,,,,,,,,,,,,,,,,,,,,,,,,,,,,,,,,,,,,,,136254,,,,,,,,,,,,,,,,,,,
58423,variation,61326787,,D-sign Artificial Grass 1P0183 Green - 100x1100,1,0,hidden,,D-sign KonstgrÃ¤s 1P0183 Green 100x1100,,,taxable,parent,1,1,,0,0,,1100,100,2.7,0,,3333,6665,,,,,,,61326777-H,,,,,,20,,,Size,100x1100,,1,,,,,,,,,,,,,,,,,,,,,,,,,,,,,,,,,,,,,,,,,,,,,,,,,,,,,,,,,,,,,136255,,,,,,,,,,,,,,,,,,,
58424,variation,61326797,,D-sign Artificial Grass 1P0183 Green - 100x1150,1,0,hidden,,D-sign KonstgrÃ¤s 1P0183 Green 100x1150,,,taxable,parent,1,1,,0,0,,1150,100,2.7,0,,3428,6855,,,,,,,61326777-H,,,,,,21,,,Size,100x1150,,1,,,,,,,,,,,,,,,,,,,,,,,,,,,,,,,,,,,,,,,,,,,,,,,,,,,,,,,,,,,,,136256,,,,,,,,,,,,,,,,,,,
58425,variation,61326802,,D-sign Artificial Grass 1P0183 Green - 100x1200,1,0,hidden,,D-sign KonstgrÃ¤s 1P0183 Green 100x1200,,,taxable,parent,1,1,,0,0,,1200,100,2.7,0,,3523,7045,,,,,,,61326777-H,,,,,,22,,,Size,100x1200,,1,,,,,,,,,,,,,,,,,,,,,,,,,,,,,,,,,,,,,,,,,,,,,,,,,,,,,,,,,,,,,136257,,,,,,,,,,,,,,,,,,,
58426,variation,61326805,,D-sign Artificial Grass 1P0183 Green - 100x1250,1,0,hidden,,D-sign KonstgrÃ¤s 1P0183 Green 100x1250,,,taxable,parent,1,1,,0,0,,1250,100,2.7,0,,3618,7235,,,,,,,61326777-H,,,,,,23,,,Size,100x1250,,1,,,,,,,,,,,,,,,,,,,,,,,,,,,,,,,,,,,,,,,,,,,,,,,,,,,,,,,,,,,,,136258,,,,,,,,,,,,,,,,,,,
58427,variation,61326798,,D-sign Artificial Grass 1P0183 Green - 100x1300,1,0,hidden,,D-sign KonstgrÃ¤s 1P0183 Green 100x1300,,,taxable,parent,1,1,,0,0,,1300,100,2.7,0,,2788,5575,,,,,,,61326777-H,,,,,,24,,,Size,100x1300,,1,,,,,,,,,,,,,,,,,,,,,,,,,,,,,,,,,,,,,,,,,,,,,,,,,,,,,,,,,,,,,136259,,,,,,,,,,,,,,,,,,,
58428,variation,61326804,,D-sign Artificial Grass 1P0183 Green - 100x1350,1,0,hidden,,D-sign KonstgrÃ¤s 1P0183 Green 100x1350,,,taxable,parent,1,1,,0,0,,1350,100,2.7,0,,3808,7615,,,,,,,61326777-H,,,,,,25,,,Size,100x1350,,1,,,,,,,,,,,,,,,,,,,,,,,,,,,,,,,,,,,,,,,,,,,,,,,,,,,,,,,,,,,,,136260,,,,,,,,,,,,,,,,,,,
58429,variation,61326803,,D-sign Artificial Grass 1P0183 Green - 100x1400,1,0,hidden,,D-sign KonstgrÃ¤s 1P0183 Green 100x1400,,,taxable,parent,1,1,,0,0,,1400,100,2.7,0,,3908,7815,,,,,,,61326777-H,,,,,,26,,,Size,100x1400,,1,,,,,,,,,,,,,,,,,,,,,,,,,,,,,,,,,,,,,,,,,,,,,,,,,,,,,,,,,,,,,136261,,,,,,,,,,,,,,,,,,,
58430,variation,61326799,,D-sign Artificial Grass 1P0183 Green - 100x1450,1,0,hidden,,D-sign KonstgrÃ¤s 1P0183 Green 100x1450,,,taxable,parent,1,1,,0,0,,1450,100,2.7,0,,4003,8005,,,,,,,61326777-H,,,,,,27,,,Size,100x1450,,1,,,,,,,,,,,,,,,,,,,,,,,,,,,,,,,,,,,,,,,,,,,,,,,,,,,,,,,,,,,,,136262,,,,,,,,,,,,,,,,,,,
58431,variation,61326800,,D-sign Artificial Grass 1P0183 Green - 100x1500,1,0,hidden,,D-sign KonstgrÃ¤s 1P0183 Green 100x1500,,,taxable,parent,1,1,,0,0,,1500,100,2.7,0,,4098,8195,,,,,,,61326777-H,,,,,,28,,,Size,100x1500,,1,,,,,,,,,,,,,,,,,,,,,,,,,,,,,,,,,,,,,,,,,,,,,,,,,,,,,,,,,,,,,136263,,,,,,,,,,,,,,,,,,,
58432,variation,61326801,,D-sign Artificial Grass 1P0183 Green - 100x100,1,0,hidden,,D-sign KonstgrÃ¤s 1P0183 Green 100x100,,,taxable,parent,1,18,,0,0,,100,100,2.7,0,,438,875,,,,,,,61326777-H,,,,,,29,,,Size,100x100,,1,,,,,,,,,,,,,,,,,,,,,,,,,,,,,,,,,,,,,,,,,,,,,,,,,,,,,,,,,,,,,136530,,,,,,,,,,,,,,,,,,,
58433,variation,61326806,,D-sign Artificial Grass 1P0183 Green - 133x100,1,0,hidden,,D-sign KonstgrÃ¤s 1P0183 Green 133x100,,,taxable,parent,1,17,,0,0,,100,133,2.7,0,,498,995,,,,,,,61326777-H,,,,,,30,,,Size,133x100,,1,,,,,,,,,,,,,,,,,,,,,,,,,,,,,,,,,,,,,,,,,,,,,,,,,,,,,,,,,,,,,136264,,,,,,,,,,,,,,,,,,,
58434,variation,61326811,,D-sign Artificial Grass 1P0183 Green - 133x150,1,0,hidden,,D-sign KonstgrÃ¤s 1P0183 Green 133x150,,,taxable,parent,1,3,,0,0,,150,133,2.7,0,,623,1245,,,,,,,61326777-H,,,,,,31,,,Size,133x150,,1,,,,,,,,,,,,,,,,,,,,,,,,,,,,,,,,,,,,,,,,,,,,,,,,,,,,,,,,,,,,,136265,,,,,,,,,,,,,,,,,,,
58435,variation,61326810,,D-sign Artificial Grass 1P0183 Green - 133x200,1,0,hidden,,D-sign KonstgrÃ¤s 1P0183 Green 133x200,,,taxable,parent,1,20,,0,0,,200,133,2.7,0,,748,1495,,,,,,,61326777-H,,,,,,32,,,Size,133x200,,1,,,,,,,,,,,,,,,,,,,,,,,,,,,,,,,,,,,,,,,,,,,,,,,,,,,,,,,,,,,,,136266,,,,,,,,,,,,,,,,,,,
58436,variation,61326815,,D-sign Artificial Grass 1P0183 Green - 133x250,1,0,hidden,,D-sign KonstgrÃ¤s 1P0183 Green 133x250,,,taxable,parent,1,2,,0,0,,250,133,2.7,0,,878,1755,,,,,,,61326777-H,,,,,,33,,,Size,133x250,,1,,,,,,,,,,,,,,,,,,,,,,,,,,,,,,,,,,,,,,,,,,,,,,,,,,,,,,,,,,,,,136267,,,,,,,,,,,,,,,,,,,
58437,variation,61326814,,D-sign Artificial Grass 1P0183 Green - 133x300,1,0,hidden,,D-sign KonstgrÃ¤s 1P0183 Green 133x300,,,taxable,parent,1,1,,0,0,,300,133,2.7,0,,1003,2005,,,,,,,61326777-H,,,,,,34,,,Size,133x300,,1,,,,,,,,,,,,,,,,,,,,,,,,,,,,,,,,,,,,,,,,,,,,,,,,,,,,,,,,,,,,,136268,,,,,,,,,,,,,,,,,,,
58438,variation,61326817,,D-sign Artificial Grass 1P0183 Green - 133x350,1,0,hidden,,D-sign KonstgrÃ¤s 1P0183 Green 133x350,,,taxable,parent,1,1,,0,0,,350,133,2.7,0,,1128,2255,,,,,,,61326777-H,,,,,,35,,,Size,133x350,,1,,,,,,,,,,,,,,,,,,,,,,,,,,,,,,,,,,,,,,,,,,,,,,,,,,,,,,,,,,,,,136269,,,,,,,,,,,,,,,,,,,
58439,variation,61326809,,D-sign Artificial Grass 1P0183 Green - 133x400,1,0,hidden,,D-sign KonstgrÃ¤s 1P0183 Green 133x400,,,taxable,parent,1,5,,0,0,,400,133,2.7,0,,1253,2505,,,,,,,61326777-H,,,,,,36,,,Size,133x400,,1,,,,,,,,,,,,,,,,,,,,,,,,,,,,,,,,,,,,,,,,,,,,,,,,,,,,,,,,,,,,,136270,,,,,,,,,,,,,,,,,,,
58440,variation,61326816,,D-sign Artificial Grass 1P0183 Green - 133x450,1,0,hidden,,D-sign KonstgrÃ¤s 1P0183 Green 133x450,,,taxable,parent,1,1,,0,0,,450,133,2.7,0,,1383,2765,,,,,,,61326777-H,,,,,,37,,,Size,133x450,,1,,,,,,,,,,,,,,,,,,,,,,,,,,,,,,,,,,,,,,,,,,,,,,,,,,,,,,,,,,,,,136271,,,,,,,,,,,,,,,,,,,
58441,variation,61326808,,D-sign Artificial Grass 1P0183 Green - 133x500,1,0,hidden,,D-sign KonstgrÃ¤s 1P0183 Green 133x500,,,taxable,parent,1,1,,0,0,,500,133,2.7,0,,1508,3015,,,,,,,61326777-H,,,,,,38,,,Size,133x500,,1,,,,,,,,,,,,,,,,,,,,,,,,,,,,,,,,,,,,,,,,,,,,,,,,,,,,,,,,,,,,,136272,,,,,,,,,,,,,,,,,,,
58442,variation,61326812,,D-sign Artificial Grass 1P0183 Green - 133x550,1,0,hidden,,D-sign KonstgrÃ¤s 1P0183 Green 133x550,,,taxable,parent,1,1,,0,0,,550,133,2.7,0,,1633,3265,,,,,,,61326777-H,,,,,,39,,,Size,133x550,,1,,,,,,,,,,,,,,,,,,,,,,,,,,,,,,,,,,,,,,,,,,,,,,,,,,,,,,,,,,,,,136273,,,,,,,,,,,,,,,,,,,
58443,variation,61326813,,D-sign Artificial Grass 1P0183 Green - 133x600,1,0,hidden,,D-sign KonstgrÃ¤s 1P0183 Green 133x600,,,taxable,parent,0,0,,0,0,,600,133,2.7,0,,1758,3515,,,,,,,61326777-H,,,,,,40,,,Size,133x600,,1,,,,,,,,,,,,,,,,,,,,,,,,,,,,,,,,,,,,,,,,,,,,,,,,,,,,,,,,,,,,,136274,,,,,,,,,,,,,,,,,,,
58444,variation,61326820,,D-sign Artificial Grass 1P0183 Green - 133x650,1,0,hidden,,D-sign KonstgrÃ¤s 1P0183 Green 133x650,,,taxable,parent,0,0,,0,0,,650,133,2.7,0,,1798,3595,,,,,,,61326777-H,,,,,,41,,,Size,133x650,,1,,,,,,,,,,,,,,,,,,,,,,,,,,,,,,,,,,,,,,,,,,,,,,,,,,,,,,,,,,,,,136275,,,,,,,,,,,,,,,,,,,
58445,variation,61326823,,D-sign Artificial Grass 1P0183 Green - 133x700,1,0,hidden,,D-sign KonstgrÃ¤s 1P0183 Green 133x700,,,taxable,parent,0,0,,0,0,,700,133,2.7,0,,2013,4025,,,,,,,61326777-H,,,,,,42,,,Size,133x700,,1,,,,,,,,,,,,,,,,,,,,,,,,,,,,,,,,,,,,,,,,,,,,,,,,,,,,,,,,,,,,,136276,,,,,,,,,,,,,,,,,,,
58446,variation,61326821,,D-sign Artificial Grass 1P0183 Green - 133x750,1,0,hidden,,D-sign KonstgrÃ¤s 1P0183 Green 133x750,,,taxable,parent,0,0,,0,0,,750,133,2.7,0,,2198,4395,,,,,,,61326777-H,,,,,,43,,,Size,133x750,,1,,,,,,,,,,,,,,,,,,,,,,,,,,,,,,,,,,,,,,,,,,,,,,,,,,,,,,,,,,,,,136277,,,,,,,,,,,,,,,,,,,
58447,variation,61326827,,D-sign Artificial Grass 1P0183 Green - 133x800,1,0,hidden,,D-sign KonstgrÃ¤s 1P0183 Green 133x800,,,taxable,parent,0,0,,0,0,,800,133,2.7,0,,2328,4655,,,,,,,61326777-H,,,,,,44,,,Size,133x800,,1,,,,,,,,,,,,,,,,,,,,,,,,,,,,,,,,,,,,,,,,,,,,,,,,,,,,,,,,,,,,,136278,,,,,,,,,,,,,,,,,,,
58448,variation,61326825,,D-sign Artificial Grass 1P0183 Green - 133x850,1,0,hidden,,D-sign KonstgrÃ¤s 1P0183 Green 133x850,,,taxable,parent,0,0,,0,0,,850,133,2.7,0,,2453,4905,,,,,,,61326777-H,,,,,,45,,,Size,133x850,,1,,,,,,,,,,,,,,,,,,,,,,,,,,,,,,,,,,,,,,,,,,,,,,,,,,,,,,,,,,,,,136279,,,,,,,,,,,,,,,,,,,
58449,variation,61326819,,D-sign Artificial Grass 1P0183 Green - 133x900,1,0,hidden,,D-sign KonstgrÃ¤s 1P0183 Green 133x900,,,taxable,parent,0,0,,0,0,,900,133,2.7,0,,2578,5155,,,,,,,61326777-H,,,,,,46,,,Size,133x900,,1,,,,,,,,,,,,,,,,,,,,,,,,,,,,,,,,,,,,,,,,,,,,,,,,,,,,,,,,,,,,,136280,,,,,,,,,,,,,,,,,,,
58450,variation,61326824,,D-sign Artificial Grass 1P0183 Green - 133x950,1,0,hidden,,D-sign KonstgrÃ¤s 1P0183 Green 133x950,,,taxable,parent,0,0,,0,0,,950,133,2.7,0,,3633,7265,,,,,,,61326777-H,,,,,,47,,,Size,133x950,,1,,,,,,,,,,,,,,,,,,,,,,,,,,,,,,,,,,,,,,,,,,,,,,,,,,,,,,,,,,,,,136281,,,,,,,,,,,,,,,,,,,
58451,variation,61326828,,D-sign Artificial Grass 1P0183 Green - 133x1000,1,0,hidden,,D-sign KonstgrÃ¤s 1P0183 Green 133x1000,,,taxable,parent,0,0,,0,0,,1000,133,2.7,0,,3758,7515,,,,,,,61326777-H,,,,,,48,,,Size,133x1000,,1,,,,,,,,,,,,,,,,,,,,,,,,,,,,,,,,,,,,,,,,,,,,,,,,,,,,,,,,,,,,,136282,,,,,,,,,,,,,,,,,,,
58452,variation,61326826,,D-sign Artificial Grass 1P0183 Green - 133x1050,1,0,hidden,,D-sign KonstgrÃ¤s 1P0183 Green 133x1050,,,taxable,parent,0,0,,0,0,,1050,133,2.7,0,,3883,7765,,,,,,,61326777-H,,,,,,49,,,Size,133x1050,,1,,,,,,,,,,,,,,,,,,,,,,,,,,,,,,,,,,,,,,,,,,,,,,,,,,,,,,,,,,,,,136283,,,,,,,,,,,,,,,,,,,
58453,variation,61326822,,D-sign Artificial Grass 1P0183 Green - 133x1100,1,0,hidden,,D-sign KonstgrÃ¤s 1P0183 Green 133x1100,,,taxable,parent,0,0,,0,0,,1100,133,2.7,0,,4013,8025,,,,,,,61326777-H,,,,,,50,,,Size,133x1100,,1,,,,,,,,,,,,,,,,,,,,,,,,,,,,,,,,,,,,,,,,,,,,,,,,,,,,,,,,,,,,,136284,,,,,,,,,,,,,,,,,,,
58454,variation,61326834,,D-sign Artificial Grass 1P0183 Green - 133x1150,1,0,hidden,,D-sign KonstgrÃ¤s 1P0183 Green 133x1150,,,taxable,parent,0,0,,0,0,,1150,133,2.7,0,,4138,8275,,,,,,,61326777-H,,,,,,51,,,Size,133x1150,,1,,,,,,,,,,,,,,,,,,,,,,,,,,,,,,,,,,,,,,,,,,,,,,,,,,,,,,,,,,,,,136285,,,,,,,,,,,,,,,,,,,
58455,variation,61326836,,D-sign Artificial Grass 1P0183 Green - 133x1200,1,0,hidden,,D-sign KonstgrÃ¤s 1P0183 Green 133x1200,,,taxable,parent,0,0,,0,0,,1200,133,2.7,0,,4263,8525,,,,,,,61326777-H,,,,,,52,,,Size,133x1200,,1,,,,,,,,,,,,,,,,,,,,,,,,,,,,,,,,,,,,,,,,,,,,,,,,,,,,,,,,,,,,,136286,,,,,,,,,,,,,,,,,,,
58456,variation,61326839,,D-sign Artificial Grass 1P0183 Green - 150x200,1,0,hidden,,D-sign KonstgrÃ¤s 1P0183 Green 150x200,,,taxable,parent,1,16,,0,0,,200,150,2.7,0,,818,1635,,,,,,,61326777-H,,,,,,53,,,Size,150x200,,1,,,,,,,,,,,,,,,,,,,,,,,,,,,,,,,,,,,,,,,,,,,,,,,,,,,,,,,,,,,,,136289,,,,,,,,,,,,,,,,,,,
58457,variation,61326831,,D-sign Artificial Grass 1P0183 Green - 150x300,1,0,hidden,,D-sign KonstgrÃ¤s 1P0183 Green 150x300,,,taxable,parent,0,0,,0,0,,300,150,2.7,0,,1103,2205,,,,,,,61326777-H,,,,,,54,,,Size,150x300,,1,,,,,,,,,,,,,,,,,,,,,,,,,,,,,,,,,,,,,,,,,,,,,,,,,,,,,,,,,,,,,136290,,,,,,,,,,,,,,,,,,,
58458,variation,61326835,,D-sign Artificial Grass 1P0183 Green - 150x400,1,0,hidden,,D-sign KonstgrÃ¤s 1P0183 Green 150x400,,,taxable,parent,1,3,,0,0,,400,150,2.7,0,,1388,2775,,,,,,,61326777-H,,,,,,55,,,Size,150x400,,1,,,,,,,,,,,,,,,,,,,,,,,,,,,,,,,,,,,,,,,,,,,,,,,,,,,,,,,,,,,,,136291,,,,,,,,,,,,,,,,,,,
58461,variation,61326832,,D-sign Artificial Grass 1P0183 Green - 200x200,1,0,hidden,,D-sign KonstgrÃ¤s 1P0183 Green 200x200,,,taxable,parent,1,12,,0,0,,200,200,2.7,0,,1008,2015,,,,,,,61326777-H,,,,,,56,,,Size,200x200,,1,,,,,,,,,,,,,,,,,,,,,,,,,,,,,,,,,,,,,,,,,,,,,,,,,,,,,,,,,,,,,136292,,,,,,,,,,,,,,,,,,,
58462,variation,61326833,,D-sign Artificial Grass 1P0183 Green - 200x250,1,0,hidden,,D-sign KonstgrÃ¤s 1P0183 Green 200x250,,,taxable,parent,1,11,,0,0,,250,200,2.7,0,,1198,2395,,,,,,,61326777-H,,,,,,57,,,Size,200x250,,1,,,,,,,,,,,,,,,,,,,,,,,,,,,,,,,,,,,,,,,,,,,,,,,,,,,,,,,,,,,,,136293,,,,,,,,,,,,,,,,,,,
58463,variation,61326837,,D-sign Artificial Grass 1P0183 Green - 200x300,1,0,hidden,,D-sign KonstgrÃ¤s 1P0183 Green 200x300,,,taxable,parent,1,9,,0,0,,300,200,2.7,0,,1388,2775,,,,,,,61326777-H,,,,,,58,,,Size,200x300,,1,,,,,,,,,,,,,,,,,,,,,,,,,,,,,,,,,,,,,,,,,,,,,,,,,,,,,,,,,,,,,136294,,,,,,,,,,,,,,,,,,,
58464,variation,61326830,,D-sign Artificial Grass 1P0183 Green - 200x350,1,0,hidden,,D-sign KonstgrÃ¤s 1P0183 Green 200x350,,,taxable,parent,1,7,,0,0,,350,200,2.7,0,,1583,3165,,,,,,,61326777-H,,,,,,59,,,Size,200x350,,1,,,,,,,,,,,,,,,,,,,,,,,,,,,,,,,,,,,,,,,,,,,,,,,,,,,,,,,,,,,,,136295,,,,,,,,,,,,,,,,,,,
58465,variation,61326838,,D-sign Artificial Grass 1P0183 Green - 200x400,1,0,hidden,,D-sign KonstgrÃ¤s 1P0183 Green 200x400,,,taxable,parent,1,9,,0,0,,400,200,2.7,0,,1773,3545,,,,,,,61326777-H,,,,,,60,,,Size,200x400,,1,,,,,,,,,,,,,,,,,,,,,,,,,,,,,,,,,,,,,,,,,,,,,,,,,,,,,,,,,,,,,136296,,,,,,,,,,,,,,,,,,,
58466,variation,61326845,,D-sign Artificial Grass 1P0183 Green - 200x450,1,0,hidden,,D-sign KonstgrÃ¤s 1P0183 Green 200x450,,,taxable,parent,1,5,,0,0,,450,200,2.7,0,,1963,3925,,,,,,,61326777-H,,,,,,61,,,Size,200x450,,1,,,,,,,,,,,,,,,,,,,,,,,,,,,,,,,,,,,,,,,,,,,,,,,,,,,,,,,,,,,,,136297,,,,,,,,,,,,,,,,,,,
58467,variation,61326841,,D-sign Artificial Grass 1P0183 Green - 200x500,1,0,hidden,,D-sign KonstgrÃ¤s 1P0183 Green 200x500,,,taxable,parent,1,5,,0,0,,500,200,2.7,0,,2213,4425,,,,,,,61326777-H,,,,,,62,,,Size,200x500,,1,,,,,,,,,,,,,,,,,,,,,,,,,,,,,,,,,,,,,,,,,,,,,,,,,,,,,,,,,,,,,136298,,,,,,,,,,,,,,,,,,,
58468,variation,61326849,,D-sign Artificial Grass 1P0183 Green - 200x550,1,0,hidden,,D-sign KonstgrÃ¤s 1P0183 Green 200x550,,,taxable,parent,1,4,,0,0,,550,200,2.7,0,,2408,4815,,,,,,,61326777-H,,,,,,63,,,Size,200x550,,1,,,,,,,,,,,,,,,,,,,,,,,,,,,,,,,,,,,,,,,,,,,,,,,,,,,,,,,,,,,,,136299,,,,,,,,,,,,,,,,,,,
58469,variation,61326840,,D-sign Artificial Grass 1P0183 Green - 200x600,1,0,hidden,,D-sign KonstgrÃ¤s 1P0183 Green 200x600,,,taxable,parent,1,4,,0,0,,600,200,2.7,0,,2598,5195,,,,,,,61326777-H,,,,,,64,,,Size,200x600,,1,,,,,,,,,,,,,,,,,,,,,,,,,,,,,,,,,,,,,,,,,,,,,,,,,,,,,,,,,,,,,136300,,,,,,,,,,,,,,,,,,,
58470,variation,61326843,,D-sign Artificial Grass 1P0183 Green - 200x650,1,0,hidden,,D-sign KonstgrÃ¤s 1P0183 Green 200x650,,,taxable,parent,1,3,,0,0,,650,200,2.7,0,,2788,5575,,,,,,,61326777-H,,,,,,65,,,Size,200x650,,1,,,,,,,,,,,,,,,,,,,,,,,,,,,,,,,,,,,,,,,,,,,,,,,,,,,,,,,,,,,,,136301,,,,,,,,,,,,,,,,,,,
58471,variation,61326847,,D-sign Artificial Grass 1P0183 Green - 200x700,1,0,hidden,,D-sign KonstgrÃ¤s 1P0183 Green 200x700,,,taxable,parent,1,3,,0,0,,700,200,2.7,0,,2978,5955,,,,,,,61326777-H,,,,,,66,,,Size,200x700,,1,,,,,,,,,,,,,,,,,,,,,,,,,,,,,,,,,,,,,,,,,,,,,,,,,,,,,,,,,,,,,136302,,,,,,,,,,,,,,,,,,,
58472,variation,61326846,,D-sign Artificial Grass 1P0183 Green - 200x750,1,0,hidden,,D-sign KonstgrÃ¤s 1P0183 Green 200x750,,,taxable,parent,1,3,,0,0,,750,200,2.7,0,,3168,6335,,,,,,,61326777-H,,,,,,67,,,Size,200x750,,1,,,,,,,,,,,,,,,,,,,,,,,,,,,,,,,,,,,,,,,,,,,,,,,,,,,,,,,,,,,,,136303,,,,,,,,,,,,,,,,,,,
58473,variation,61326844,,D-sign Artificial Grass 1P0183 Green - 200x800,1,0,hidden,,D-sign KonstgrÃ¤s 1P0183 Green 200x800,,,taxable,parent,1,3,,0,0,,800,200,2.7,0,,3358,6715,,,,,,,61326777-H,,,,,,68,,,Size,200x800,,1,,,,,,,,,,,,,,,,,,,,,,,,,,,,,,,,,,,,,,,,,,,,,,,,,,,,,,,,,,,,,136304,,,,,,,,,,,,,,,,,,,
58474,variation,61326842,,D-sign Artificial Grass 1P0183 Green - 250x300,1,0,hidden,,D-sign KonstgrÃ¤s 1P0183 Green 250x300,,,taxable,parent,0,0,,0,0,,300,250,2.7,0,,2668,5335,,,,,,,61326777-H,,,,,,69,,,Size,250x300,,1,,,,,,,,,,,,,,,,,,,,,,,,,,,,,,,,,,,,,,,,,,,,,,,,,,,,,,,,,,,,,136307,,,,,,,,,,,,,,,,,,,
58475,variation,61326848,,D-sign Artificial Grass 1P0183 Green - 250x400,1,0,hidden,,D-sign KonstgrÃ¤s 1P0183 Green 250x400,,,taxable,parent,1,1,,0,0,,400,250,2.7,0,,3143,6285,,,,,,,61326777-H,,,,,,70,,,Size,250x400,,1,,,,,,,,,,,,,,,,,,,,,,,,,,,,,,,,,,,,,,,,,,,,,,,,,,,,,,,,,,,,,136308,,,,,,,,,,,,,,,,,,,
58476,variation,61326854,,D-sign Artificial Grass 1P0183 Green - 300x300,1,0,hidden,,D-sign KonstgrÃ¤s 1P0183 Green 300x300,,,taxable,parent,0,0,,0,0,,300,300,2.7,0,,2953,5905,,,,,,,61326777-H,,,,,,71,,,Size,300x300,,1,,,,,,,,,,,,,,,,,,,,,,,,,,,,,,,,,,,,,,,,,,,,,,,,,,,,,,,,,,,,,136309,,,,,,,,,,,,,,,,,,,
58477,variation,61326851,,D-sign Artificial Grass 1P0183 Green - 300x350,1,0,hidden,,D-sign KonstgrÃ¤s 1P0183 Green 300x350,,,taxable,parent,0,0,,0,0,,350,300,2.7,0,,3238,6475,,,,,,,61326777-H,,,,,,72,,,Size,300x350,,1,,,,,,,,,,,,,,,,,,,,,,,,,,,,,,,,,,,,,,,,,,,,,,,,,,,,,,,,,,,,,136310,,,,,,,,,,,,,,,,,,,
58478,variation,61326850,,D-sign Artificial Grass 1P0183 Green - 300x400,1,0,hidden,,D-sign KonstgrÃ¤s 1P0183 Green 300x400,,,taxable,parent,1,1,,0,0,,400,300,2.7,0,,3523,7045,,,,,,,61326777-H,,,,,,73,,,Size,300x400,,1,,,,,,,,,,,,,,,,,,,,,,,,,,,,,,,,,,,,,,,,,,,,,,,,,,,,,,,,,,,,,136311,,,,,,,,,,,,,,,,,,,
58479,variation,61326852,,D-sign Artificial Grass 1P0183 Green - 300x450,1,0,hidden,,D-sign KonstgrÃ¤s 1P0183 Green 300x450,,,taxable,parent,0,0,,0,0,,450,300,2.7,0,,3808,7615,,,,,,,61326777-H,,,,,,74,,,Size,300x450,,1,,,,,,,,,,,,,,,,,,,,,,,,,,,,,,,,,,,,,,,,,,,,,,,,,,,,,,,,,,,,,136312,,,,,,,,,,,,,,,,,,,
58480,variation,61326855,,D-sign Artificial Grass 1P0183 Green - 300x500,1,0,hidden,,D-sign KonstgrÃ¤s 1P0183 Green 300x500,,,taxable,parent,0,0,,0,0,,500,300,2.7,0,,4098,8195,,,,,,,61326777-H,,,,,,75,,,Size,300x500,,1,,,,,,,,,,,,,,,,,,,,,,,,,,,,,,,,,,,,,,,,,,,,,,,,,,,,,,,,,,,,,136313,,,,,,,,,,,,,,,,,,,
58481,variation,61326853,,D-sign Artificial Grass 1P0183 Green - 350x400,1,0,hidden,,D-sign KonstgrÃ¤s 1P0183 Green 350x400,,,taxable,parent,1,1,,0,0,,400,350,2.7,0,,3908,7815,,,,,,,61326777-H,,,,,,76,,,Size,350x400,,1,,,,,,,,,,,,,,,,,,,,,,,,,,,,,,,,,,,,,,,,,,,,,,,,,,,,,,,,,,,,,136315,,,,,,,,,,,,,,,,,,,
58482,variation,61326857,,D-sign Artificial Grass 1P0183 Green - 400x400,1,0,hidden,,D-sign KonstgrÃ¤s 1P0183 Green 400x400,,,taxable,parent,1,1,,0,0,,400,400,2.7,0,,4288,8575,,,,,,,61326777-H,,,,,,77,,,Size,400x400,,1,,,,,,,,,,,,,,,,,,,,,,,,,,,,,,,,,,,,,,,,,,,,,,,,,,,,,,,,,,,,,136316,,,,,,,,,,,,,,,,,,,
58510,variable,61326874-H,,D-sign Artificial Grass 1P0191 Green,1,0,hidden,D-sign Rug 1P0191 Green,D-sign KonstgrÃ¤s 1P0191 Green,,,taxable,,1,,,0,0,,,,,0,,,,"Rugs > Artificial Grass, Rooms > Balcony, Rugs, Sale",Sale,,"https://rugshop.eu/wp-content/uploads/2021/11/artificial-grass-woodland-any-size.jpg, https://rugshop.eu/wp-content/uploads/2021/11/artificial-grass-woodland-any-size-1.jpg, https://rugshop.eu/wp-content/uploads/2021/11/artificial-grass-woodland-any-size-2.jpg, https://rugshop.eu/wp-content/uploads/2021/11/artificial-grass-woodland-any-size-3.jpg, https://rugshop.eu/wp-content/uploads/2021/11/artificial-grass-woodland-any-size-4.jpg",,,,,,,,,300,,,Size,"100x100, 100x1000, 100x1050, 100x1100, 100x1150, 100x1200, 100x1250, 100x1300, 100x133, 100x1350, 100x1400, 100x1450, 100x150, 100x1500, 100x200, 100x250, 100x300, 100x350, 100x400, 100x450, 100x500, 100x550, 100x600, 100x650, 100x700, 100x750, 100x800, 100x850, 100x900, 100x950, 133x100, 133x1000, 133x1050, 133x1100, 133x150, 133x200, 133x250, 133x300, 133x350, 133x400, 133x450, 133x500, 133x550, 133x600, 133x650, 133x700, 133x750, 133x800, 133x850, 133x900, 133x950, 150x200, 150x300, 150x400, 200x200, 200x250, 200x300, 200x350, 200x400, 200x450, 200x500, 200x550, 200x600, 200x650, 200x700, 200x750, 250x300, 250x400, 300x300, 300x350, 300x400, 300x450, 300x500, 350x400",1,1,Brand,D-sign,1,1,Color,Green,1,1,Type of color,Singlecolor,1,1,Shape,"Rectangular, Square",1,1,Material,Polyester,1,1,Type of rug,Artificial grass,1,1,Weave,Machinemade,1,1,Country,Belgium,1,1,Age,New,1,1,,,,,default,default,default,default,,,,,,yes,,,,,,,,,,classic-editor,,,,,,,,,,,,,,,,,,,,
58531,variation,61326874,,D-sign Artificial Grass 1P0191 Green - 100x100,1,0,hidden,,D-sign KonstgrÃ¤s 1P0191 Green 100x100,,,taxable,parent,1,9,,0,0,,100,100,3.2,0,,438,875,,,,,,,61326874-H,,,,,,1,,,Size,100x100,,1,,,,,,,,,,,,,,,,,,,,,,,,,,,,,,,,,,,,,,,,,,,,,,,,,,,,,,,,,,,,,136533,,,,,,,,,,,,,,,,,,,
58532,variation,61326880,,D-sign Artificial Grass 1P0191 Green - 100x133,1,0,hidden,,D-sign KonstgrÃ¤s 1P0191 Green 100x133,,,taxable,parent,1,7,,0,0,,133,100,3.2,0,,498,995,,,,,,,61326874-H,,,,,,2,,,Size,100x133,,1,,,,,,,,,,,,,,,,,,,,,,,,,,,,,,,,,,,,,,,,,,,,,,,,,,,,,,,,,,,,,136534,,,,,,,,,,,,,,,,,,,
58533,variation,61326882,,D-sign Artificial Grass 1P0191 Green - 100x150,1,0,hidden,,D-sign KonstgrÃ¤s 1P0191 Green 100x150 ,,,taxable,parent,1,6,,0,0,,150,100,3.2,0,,533,1065,,,,,,,61326874-H,,,,,,3,,,Size,100x150,,1,,,,,,,,,,,,,,,,,,,,,,,,,,,,,,,,,,,,,,,,,,,,,,,,,,,,,,,,,,,,,136535,,,,,,,,,,,,,,,,,,,
58534,variation,61326884,,D-sign Artificial Grass 1P0191 Green - 100x200,1,0,hidden,,D-sign KonstgrÃ¤s 1P0191 Green 100x200,,,taxable,parent,1,4,,0,0,,200,100,3.2,0,,628,1255,,,,,,,61326874-H,,,,,,4,,,Size,100x200,,1,,,,,,,,,,,,,,,,,,,,,,,,,,,,,,,,,,,,,,,,,,,,,,,,,,,,,,,,,,,,,136536,,,,,,,,,,,,,,,,,,,
58535,variation,61326878,,D-sign Artificial Grass 1P0191 Green - 100x250,1,0,hidden,,D-sign KonstgrÃ¤s 1P0191 Green 100x250,,,taxable,parent,1,3,,0,0,,250,100,3.2,0,,723,1445,,,,,,,61326874-H,,,,,,5,,,Size,100x250,,1,,,,,,,,,,,,,,,,,,,,,,,,,,,,,,,,,,,,,,,,,,,,,,,,,,,,,,,,,,,,,136537,,,,,,,,,,,,,,,,,,,
58536,variation,61326879,,D-sign Artificial Grass 1P0191 Green - 100x300,1,0,hidden,,D-sign KonstgrÃ¤s 1P0191 Green 100x300,,,taxable,parent,1,2,,0,0,,300,100,3.2,0,,818,1635,,,,,,,61326874-H,,,,,,6,,,Size,100x300,,1,,,,,,,,,,,,,,,,,,,,,,,,,,,,,,,,,,,,,,,,,,,,,,,,,,,,,,,,,,,,,136538,,,,,,,,,,,,,,,,,,,
58537,variation,61326881,,D-sign Artificial Grass 1P0191 Green - 100x350,1,0,hidden,,D-sign KonstgrÃ¤s 1P0191 Green 100x350,,,taxable,parent,1,2,,0,0,,350,100,3.2,0,,913,1825,,,,,,,61326874-H,,,,,,7,,,Size,100x350,,1,,,,,,,,,,,,,,,,,,,,,,,,,,,,,,,,,,,,,,,,,,,,,,,,,,,,,,,,,,,,,136539,,,,,,,,,,,,,,,,,,,
58538,variation,61326876,,D-sign Artificial Grass 1P0191 Green - 100x400,1,0,hidden,,D-sign KonstgrÃ¤s 1P0191 Green 100x400,,,taxable,parent,1,1,,0,0,,400,100,3.2,0,,1008,2015,,,,,,,61326874-H,,,,,,8,,,Size,100x400,,1,,,,,,,,,,,,,,,,,,,,,,,,,,,,,,,,,,,,,,,,,,,,,,,,,,,,,,,,,,,,,136540,,,,,,,,,,,,,,,,,,,
58539,variation,61326877,,D-sign Artificial Grass 1P0191 Green - 100x450,1,0,hidden,,D-sign KonstgrÃ¤s 1P0191 Green 100x450,,,taxable,parent,1,1,,0,0,,450,100,3.2,0,,1103,2205,,,,,,,61326874-H,,,,,,9,,,Size,100x450,,1,,,,,,,,,,,,,,,,,,,,,,,,,,,,,,,,,,,,,,,,,,,,,,,,,,,,,,,,,,,,,136541,,,,,,,,,,,,,,,,,,,
58540,variation,61326885,,D-sign Artificial Grass 1P0191 Green - 100x500,1,0,hidden,,D-sign KonstgrÃ¤s 1P0191 Green 100x500,,,taxable,parent,1,1,,0,0,,500,100,3.2,0,,1198,2395,,,,,,,61326874-H,,,,,,10,,,Size,100x500,,1,,,,,,,,,,,,,,,,,,,,,,,,,,,,,,,,,,,,,,,,,,,,,,,,,,,,,,,,,,,,,136542,,,,,,,,,,,,,,,,,,,
58541,variation,61326883,,D-sign Artificial Grass 1P0191 Green - 100x550,1,0,hidden,,D-sign KonstgrÃ¤s 1P0191 Green 100x550,,,taxable,parent,1,1,,0,0,,550,100,3.2,0,,1293,2585,,,,,,,61326874-H,,,,,,11,,,Size,100x550,,1,,,,,,,,,,,,,,,,,,,,,,,,,,,,,,,,,,,,,,,,,,,,,,,,,,,,,,,,,,,,,136543,,,,,,,,,,,,,,,,,,,
58542,variation,61326887,,D-sign Artificial Grass 1P0191 Green - 100x600,1,0,hidden,,D-sign KonstgrÃ¤s 1P0191 Green 100x600,,,taxable,parent,1,1,,0,0,,600,100,3.2,0,,1388,2775,,,,,,,61326874-H,,,,,,12,,,Size,100x600,,1,,,,,,,,,,,,,,,,,,,,,,,,,,,,,,,,,,,,,,,,,,,,,,,,,,,,,,,,,,,,,136544,,,,,,,,,,,,,,,,,,,
58543,variation,61326890,,D-sign Artificial Grass 1P0191 Green - 100x650,1,0,hidden,,D-sign KonstgrÃ¤s 1P0191 Green 100x650,,,taxable,parent,1,1,,0,0,,650,100,3.2,0,,1483,2965,,,,,,,61326874-H,,,,,,13,,,Size,100x650,,1,,,,,,,,,,,,,,,,,,,,,,,,,,,,,,,,,,,,,,,,,,,,,,,,,,,,,,,,,,,,,136545,,,,,,,,,,,,,,,,,,,
58544,variation,61326888,,D-sign Artificial Grass 1P0191 Green - 100x700,1,0,hidden,,D-sign KonstgrÃ¤s 1P0191 Green 100x700,,,taxable,parent,1,1,,0,0,,700,100,3.2,0,,1583,3165,,,,,,,61326874-H,,,,,,14,,,Size,100x700,,1,,,,,,,,,,,,,,,,,,,,,,,,,,,,,,,,,,,,,,,,,,,,,,,,,,,,,,,,,,,,,136546,,,,,,,,,,,,,,,,,,,
58545,variation,61326895,,D-sign Artificial Grass 1P0191 Green - 100x750,1,0,hidden,,D-sign KonstgrÃ¤s 1P0191 Green 100x750,,,taxable,parent,1,1,,0,0,,750,100,3.2,0,,1678,3355,,,,,,,61326874-H,,,,,,15,,,Size,100x750,,1,,,,,,,,,,,,,,,,,,,,,,,,,,,,,,,,,,,,,,,,,,,,,,,,,,,,,,,,,,,,,136547,,,,,,,,,,,,,,,,,,,
58546,variation,61326891,,D-sign Artificial Grass 1P0191 Green - 100x800,1,0,hidden,,D-sign KonstgrÃ¤s 1P0191 Green 100x800,,,taxable,parent,0,0,,0,0,,800,100,3.2,0,,1773,3545,,,,,,,61326874-H,,,,,,16,,,Size,100x800,,1,,,,,,,,,,,,,,,,,,,,,,,,,,,,,,,,,,,,,,,,,,,,,,,,,,,,,,,,,,,,,136548,,,,,,,,,,,,,,,,,,,
58547,variation,61326894,,D-sign Artificial Grass 1P0191 Green - 100x850,1,0,hidden,,D-sign KonstgrÃ¤s 1P0191 Green 100x850,,,taxable,parent,0,0,,0,0,,850,100,3.2,0,,1868,3735,,,,,,,61326874-H,,,,,,17,,,Size,100x850,,1,,,,,,,,,,,,,,,,,,,,,,,,,,,,,,,,,,,,,,,,,,,,,,,,,,,,,,,,,,,,,136549,,,,,,,,,,,,,,,,,,,
58548,variation,61326886,,D-sign Artificial Grass 1P0191 Green - 100x900,1,0,hidden,,D-sign KonstgrÃ¤s 1P0191 Green 100x900,,,taxable,parent,0,0,,0,0,,900,100,3.2,0,,2023,4045,,,,,,,61326874-H,,,,,,18,,,Size,100x900,,1,,,,,,,,,,,,,,,,,,,,,,,,,,,,,,,,,,,,,,,,,,,,,,,,,,,,,,,,,,,,,136550,,,,,,,,,,,,,,,,,,,
58549,variation,61326893,,D-sign Artificial Grass 1P0191 Green - 100x950,1,0,hidden,,D-sign KonstgrÃ¤s 1P0191 Green 100x950,,,taxable,parent,0,0,,0,0,,950,100,3.2,0,,2118,4235,,,,,,,61326874-H,,,,,,19,,,Size,100x950,,1,,,,,,,,,,,,,,,,,,,,,,,,,,,,,,,,,,,,,,,,,,,,,,,,,,,,,,,,,,,,,136551,,,,,,,,,,,,,,,,,,,
58550,variation,61326892,,D-sign Artificial Grass 1P0191 Green - 100x1000,1,0,hidden,,D-sign KonstgrÃ¤s 1P0191 Green 100x1000,,,taxable,parent,0,0,,0,0,,1000,100,3.2,0,,2213,4425,,,,,,,61326874-H,,,,,,20,,,Size,100x1000,,1,,,,,,,,,,,,,,,,,,,,,,,,,,,,,,,,,,,,,,,,,,,,,,,,,,,,,,,,,,,,,136552,,,,,,,,,,,,,,,,,,,
58551,variation,61326889,,D-sign Artificial Grass 1P0191 Green - 100x1050,1,0,hidden,,D-sign KonstgrÃ¤s 1P0191 Green 100x1050,,,taxable,parent,0,0,,0,0,,1050,100,3.2,0,,2308,4615,,,,,,,61326874-H,,,,,,21,,,Size,100x1050,,1,,,,,,,,,,,,,,,,,,,,,,,,,,,,,,,,,,,,,,,,,,,,,,,,,,,,,,,,,,,,,136553,,,,,,,,,,,,,,,,,,,
58552,variation,61326897,,D-sign Artificial Grass 1P0191 Green - 100x1100,1,0,hidden,,D-sign KonstgrÃ¤s 1P0191 Green 100x1100,,,taxable,parent,0,0,,0,0,,1100,100,3.2,0,,2408,4815,,,,,,,61326874-H,,,,,,22,,,Size,100x1100,,1,,,,,,,,,,,,,,,,,,,,,,,,,,,,,,,,,,,,,,,,,,,,,,,,,,,,,,,,,,,,,136554,,,,,,,,,,,,,,,,,,,
58553,variation,61326902,,D-sign Artificial Grass 1P0191 Green - 100x1150,1,0,hidden,,D-sign KonstgrÃ¤s 1P0191 Green 100x1150,,,taxable,parent,0,0,,0,0,,1150,100,3.2,0,,2503,5005,,,,,,,61326874-H,,,,,,23,,,Size,100x1150,,1,,,,,,,,,,,,,,,,,,,,,,,,,,,,,,,,,,,,,,,,,,,,,,,,,,,,,,,,,,,,,136555,,,,,,,,,,,,,,,,,,,
58554,variation,61326898,,D-sign Artificial Grass 1P0191 Green - 100x1200,1,0,hidden,,D-sign KonstgrÃ¤s 1P0191 Green 100x1200,,,taxable,parent,0,0,,0,0,,1200,100,3.2,0,,2598,5195,,,,,,,61326874-H,,,,,,24,,,Size,100x1200,,1,,,,,,,,,,,,,,,,,,,,,,,,,,,,,,,,,,,,,,,,,,,,,,,,,,,,,,,,,,,,,136556,,,,,,,,,,,,,,,,,,,
58555,variation,61326899,,D-sign Artificial Grass 1P0191 Green - 100x1250,1,0,hidden,,D-sign KonstgrÃ¤s 1P0191 Green 100x1250,,,taxable,parent,0,0,,0,0,,1250,100,3.2,0,,2693,5385,,,,,,,61326874-H,,,,,,25,,,Size,100x1250,,1,,,,,,,,,,,,,,,,,,,,,,,,,,,,,,,,,,,,,,,,,,,,,,,,,,,,,,,,,,,,,136557,,,,,,,,,,,,,,,,,,,
58556,variation,61326904,,D-sign Artificial Grass 1P0191 Green - 100x1300,1,0,hidden,,D-sign KonstgrÃ¤s 1P0191 Green 100x1300,,,taxable,parent,0,0,,0,0,,1300,100,3.2,0,,2788,5575,,,,,,,61326874-H,,,,,,26,,,Size,100x1300,,1,,,,,,,,,,,,,,,,,,,,,,,,,,,,,,,,,,,,,,,,,,,,,,,,,,,,,,,,,,,,,136558,,,,,,,,,,,,,,,,,,,
58557,variation,61326900,,D-sign Artificial Grass 1P0191 Green - 100x1350,1,0,hidden,,D-sign KonstgrÃ¤s 1P0191 Green 100x1350,,,taxable,parent,0,0,,0,0,,1350,100,3.2,0,,2883,5765,,,,,,,61326874-H,,,,,,27,,,Size,100x1350,,1,,,,,,,,,,,,,,,,,,,,,,,,,,,,,,,,,,,,,,,,,,,,,,,,,,,,,,,,,,,,,136559,,,,,,,,,,,,,,,,,,,
58558,variation,61326901,,D-sign Artificial Grass 1P0191 Green - 100x1400,1,0,hidden,,D-sign KonstgrÃ¤s 1P0191 Green 100x1400,,,taxable,parent,0,0,,0,0,,1400,100,3.2,0,,2978,5955,,,,,,,61326874-H,,,,,,28,,,Size,100x1400,,1,,,,,,,,,,,,,,,,,,,,,,,,,,,,,,,,,,,,,,,,,,,,,,,,,,,,,,,,,,,,,136560,,,,,,,,,,,,,,,,,,,
58559,variation,61326896,,D-sign Artificial Grass 1P0191 Green - 100x1450,1,0,hidden,,D-sign KonstgrÃ¤s 1P0191 Green 100x1450,,,taxable,parent,0,0,,0,0,,1450,100,3.2,0,,3073,6145,,,,,,,61326874-H,,,,,,29,,,Size,100x1450,,1,,,,,,,,,,,,,,,,,,,,,,,,,,,,,,,,,,,,,,,,,,,,,,,,,,,,,,,,,,,,,136561,,,,,,,,,,,,,,,,,,,
58560,variation,61326905,,D-sign Artificial Grass 1P0191 Green - 100x1500,1,0,hidden,,D-sign KonstgrÃ¤s 1P0191 Green 100x1500,,,taxable,parent,0,0,,0,0,,1500,100,3.2,0,,3478,6955,,,,,,,61326874-H,,,,,,30,,,Size,100x1500,,1,,,,,,,,,,,,,,,,,,,,,,,,,,,,,,,,,,,,,,,,,,,,,,,,,,,,,,,,,,,,,136562,,,,,,,,,,,,,,,,,,,
58561,variation,61326903,,D-sign Artificial Grass 1P0191 Green - 133x100,1,0,hidden,,D-sign KonstgrÃ¤s 1P0191 Green 133x100,,,taxable,parent,1,7,,0,0,,100,133,3.2,0,,498,995,,,,,,,61326874-H,,,,,,31,,,Size,133x100,,1,,,,,,,,,,,,,,,,,,,,,,,,,,,,,,,,,,,,,,,,,,,,,,,,,,,,,,,,,,,,,136563,,,,,,,,,,,,,,,,,,,
58562,variation,61326910,,D-sign Artificial Grass 1P0191 Green - 133x150,1,0,hidden,,D-sign KonstgrÃ¤s 1P0191 Green 133x150,,,taxable,parent,1,1,,0,0,,150,133,3.2,0,,623,1245,,,,,,,61326874-H,,,,,,32,,,Size,133x150,,1,,,,,,,,,,,,,,,,,,,,,,,,,,,,,,,,,,,,,,,,,,,,,,,,,,,,,,,,,,,,,136564,,,,,,,,,,,,,,,,,,,
58563,variation,61326913,,D-sign Artificial Grass 1P0191 Green - 133x200,1,0,hidden,,D-sign KonstgrÃ¤s 1P0191 Green 133x200,,,taxable,parent,1,1,,0,0,,200,133,3.2,0,,748,1495,,,,,,,61326874-H,,,,,,33,,,Size,133x200,,1,,,,,,,,,,,,,,,,,,,,,,,,,,,,,,,,,,,,,,,,,,,,,,,,,,,,,,,,,,,,,136565,,,,,,,,,,,,,,,,,,,
58564,variation,61326909,,D-sign Artificial Grass 1P0191 Green - 133x250,1,0,hidden,,D-sign KonstgrÃ¤s 1P0191 Green 133x250,,,taxable,parent,0,0,,0,0,,250,133,3.2,0,,878,1755,,,,,,,61326874-H,,,,,,34,,,Size,133x250,,1,,,,,,,,,,,,,,,,,,,,,,,,,,,,,,,,,,,,,,,,,,,,,,,,,,,,,,,,,,,,,136566,,,,,,,,,,,,,,,,,,,
58565,variation,61326911,,D-sign Artificial Grass 1P0191 Green - 133x300,1,0,hidden,,D-sign KonstgrÃ¤s 1P0191 Green 133x300,,,taxable,parent,0,0,,0,0,,300,133,3.2,0,,1003,2005,,,,,,,61326874-H,,,,,,35,,,Size,133x300,,1,,,,,,,,,,,,,,,,,,,,,,,,,,,,,,,,,,,,,,,,,,,,,,,,,,,,,,,,,,,,,136567,,,,,,,,,,,,,,,,,,,
58566,variation,61326912,,D-sign Artificial Grass 1P0191 Green - 133x350,1,0,hidden,,D-sign KonstgrÃ¤s 1P0191 Green 133x350,,,taxable,parent,0,0,,0,0,,350,133,3.2,0,,1128,2255,,,,,,,61326874-H,,,,,,36,,,Size,133x350,,1,,,,,,,,,,,,,,,,,,,,,,,,,,,,,,,,,,,,,,,,,,,,,,,,,,,,,,,,,,,,,136568,,,,,,,,,,,,,,,,,,,
58567,variation,61326908,,D-sign Artificial Grass 1P0191 Green - 133x400,1,0,hidden,,D-sign KonstgrÃ¤s 1P0191 Green 133x400,,,taxable,parent,0,0,,0,0,,400,133,3.2,0,,1253,2505,,,,,,,61326874-H,,,,,,37,,,Size,133x400,,1,,,,,,,,,,,,,,,,,,,,,,,,,,,,,,,,,,,,,,,,,,,,,,,,,,,,,,,,,,,,,136569,,,,,,,,,,,,,,,,,,,
58568,variation,61326907,,D-sign Artificial Grass 1P0191 Green - 133x450,1,0,hidden,,D-sign KonstgrÃ¤s 1P0191 Green 133x450,,,taxable,parent,0,0,,0,0,,450,133,3.2,0,,1383,2765,,,,,,,61326874-H,,,,,,38,,,Size,133x450,,1,,,,,,,,,,,,,,,,,,,,,,,,,,,,,,,,,,,,,,,,,,,,,,,,,,,,,,,,,,,,,136570,,,,,,,,,,,,,,,,,,,
58569,variation,61326906,,D-sign Artificial Grass 1P0191 Green - 133x500,1,0,hidden,,D-sign KonstgrÃ¤s 1P0191 Green 133x500,,,taxable,parent,0,0,,0,0,,500,133,3.2,0,,1508,3015,,,,,,,61326874-H,,,,,,39,,,Size,133x500,,1,,,,,,,,,,,,,,,,,,,,,,,,,,,,,,,,,,,,,,,,,,,,,,,,,,,,,,,,,,,,,136571,,,,,,,,,,,,,,,,,,,
58570,variation,61326914,,D-sign Artificial Grass 1P0191 Green - 133x550,1,0,hidden,,D-sign KonstgrÃ¤s 1P0191 Green 133x550,,,taxable,parent,0,0,,0,0,,550,133,3.2,0,,1633,3265,,,,,,,61326874-H,,,,,,40,,,Size,133x550,,1,,,,,,,,,,,,,,,,,,,,,,,,,,,,,,,,,,,,,,,,,,,,,,,,,,,,,,,,,,,,,136572,,,,,,,,,,,,,,,,,,,
58571,variation,61326915,,D-sign Artificial Grass 1P0191 Green - 133x600,1,0,hidden,,D-sign KonstgrÃ¤s 1P0191 Green 133x600,,,taxable,parent,0,0,,0,0,,600,133,3.2,0,,1758,3515,,,,,,,61326874-H,,,,,,41,,,Size,133x600,,1,,,,,,,,,,,,,,,,,,,,,,,,,,,,,,,,,,,,,,,,,,,,,,,,,,,,,,,,,,,,,136573,,,,,,,,,,,,,,,,,,,
58572,variation,61326917,,D-sign Artificial Grass 1P0191 Green - 133x650,1,0,hidden,,D-sign KonstgrÃ¤s 1P0191 Green 133x650,,,taxable,parent,0,0,,0,0,,650,133,3.2,0,,1888,3775,,,,,,,61326874-H,,,,,,42,,,Size,133x650,,1,,,,,,,,,,,,,,,,,,,,,,,,,,,,,,,,,,,,,,,,,,,,,,,,,,,,,,,,,,,,,136574,,,,,,,,,,,,,,,,,,,
58573,variation,61326923,,D-sign Artificial Grass 1P0191 Green - 133x700,1,0,hidden,,D-sign KonstgrÃ¤s 1P0191 Green 133x700,,,taxable,parent,0,0,,0,0,,700,133,3.2,0,,2073,4145,,,,,,,61326874-H,,,,,,43,,,Size,133x700,,1,,,,,,,,,,,,,,,,,,,,,,,,,,,,,,,,,,,,,,,,,,,,,,,,,,,,,,,,,,,,,136575,,,,,,,,,,,,,,,,,,,
58574,variation,61326922,,D-sign Artificial Grass 1P0191 Green - 133x750,1,0,hidden,,D-sign KonstgrÃ¤s 1P0191 Green 133x750,,,taxable,parent,0,0,,0,0,,750,133,3.2,0,,2198,4395,,,,,,,61326874-H,,,,,,44,,,Size,133x750,,1,,,,,,,,,,,,,,,,,,,,,,,,,,,,,,,,,,,,,,,,,,,,,,,,,,,,,,,,,,,,,136576,,,,,,,,,,,,,,,,,,,
58575,variation,61326924,,D-sign Artificial Grass 1P0191 Green - 133x800,1,0,hidden,,D-sign KonstgrÃ¤s 1P0191 Green 133x800,,,taxable,parent,0,0,,0,0,,800,133,3.2,0,,2328,4655,,,,,,,61326874-H,,,,,,45,,,Size,133x800,,1,,,,,,,,,,,,,,,,,,,,,,,,,,,,,,,,,,,,,,,,,,,,,,,,,,,,,,,,,,,,,136577,,,,,,,,,,,,,,,,,,,
58576,variation,61326918,,D-sign Artificial Grass 1P0191 Green - 133x850,1,0,hidden,,D-sign KonstgrÃ¤s 1P0191 Green 133x850,,,taxable,parent,0,0,,0,0,,850,133,3.2,0,,2453,4905,,,,,,,61326874-H,,,,,,46,,,Size,133x850,,1,,,,,,,,,,,,,,,,,,,,,,,,,,,,,,,,,,,,,,,,,,,,,,,,,,,,,,,,,,,,,136578,,,,,,,,,,,,,,,,,,,
58577,variation,61326925,,D-sign Artificial Grass 1P0191 Green - 133x900,1,0,hidden,,D-sign KonstgrÃ¤s 1P0191 Green 133x900,,,taxable,parent,0,0,,0,0,,900,133,3.2,0,,2578,5155,,,,,,,61326874-H,,,,,,47,,,Size,133x900,,1,,,,,,,,,,,,,,,,,,,,,,,,,,,,,,,,,,,,,,,,,,,,,,,,,,,,,,,,,,,,,136579,,,,,,,,,,,,,,,,,,,
58578,variation,61326916,,D-sign Artificial Grass 1P0191 Green - 133x950,1,0,hidden,,D-sign KonstgrÃ¤s 1P0191 Green 133x950,,,taxable,parent,0,0,,0,0,,950,133,3.2,0,,2703,5405,,,,,,,61326874-H,,,,,,48,,,Size,133x950,,1,,,,,,,,,,,,,,,,,,,,,,,,,,,,,,,,,,,,,,,,,,,,,,,,,,,,,,,,,,,,,136580,,,,,,,,,,,,,,,,,,,
58579,variation,61326920,,D-sign Artificial Grass 1P0191 Green - 133x1000,1,0,hidden,,D-sign KonstgrÃ¤s 1P0191 Green 133x1000,,,taxable,parent,0,0,,0,0,,1000,133,3.2,0,,2833,5665,,,,,,,61326874-H,,,,,,49,,,Size,133x1000,,1,,,,,,,,,,,,,,,,,,,,,,,,,,,,,,,,,,,,,,,,,,,,,,,,,,,,,,,,,,,,,136581,,,,,,,,,,,,,,,,,,,
58580,variation,61326921,,D-sign Artificial Grass 1P0191 Green - 133x1050,1,0,hidden,,D-sign KonstgrÃ¤s 1P0191 Green 133x1050,,,taxable,parent,0,0,,0,0,,1050,133,3.2,0,,2958,5915,,,,,,,61326874-H,,,,,,50,,,Size,133x1050,,1,,,,,,,,,,,,,,,,,,,,,,,,,,,,,,,,,,,,,,,,,,,,,,,,,,,,,,,,,,,,,136582,,,,,,,,,,,,,,,,,,,
58581,variation,61326919,,D-sign Artificial Grass 1P0191 Green - 133x1100,1,0,hidden,,D-sign KonstgrÃ¤s 1P0191 Green 133x1100,,,taxable,parent,0,0,,0,0,,1100,133,3.2,0,,3083,6165,,,,,,,61326874-H,,,,,,51,,,Size,133x1100,,1,,,,,,,,,,,,,,,,,,,,,,,,,,,,,,,,,,,,,,,,,,,,,,,,,,,,,,,,,,,,,136583,,,,,,,,,,,,,,,,,,,
58582,variation,61326929,,D-sign Artificial Grass 1P0191 Green - 150x200,1,0,hidden,,D-sign KonstgrÃ¤s 1P0191 Green 150x200,,,taxable,parent,1,17,,0,0,,200,150,3.2,0,,818,1635,,,,,,,61326874-H,,,,,,52,,,Size,150x200,,1,,,,,,,,,,,,,,,,,,,,,,,,,,,,,,,,,,,,,,,,,,,,,,,,,,,,,,,,,,,,,136588,,,,,,,,,,,,,,,,,,,
58583,variation,61326930,,D-sign Artificial Grass 1P0191 Green - 150x300,1,0,hidden,,D-sign KonstgrÃ¤s 1P0191 Green 150x300,,,taxable,parent,0,0,,0,0,,300,150,3.2,0,,1103,2205,,,,,,,61326874-H,,,,,,53,,,Size,150x300,,1,,,,,,,,,,,,,,,,,,,,,,,,,,,,,,,,,,,,,,,,,,,,,,,,,,,,,,,,,,,,,136589,,,,,,,,,,,,,,,,,,,
58584,variation,61326926,,D-sign Artificial Grass 1P0191 Green - 150x400,1,0,hidden,,D-sign KonstgrÃ¤s 1P0191 Green 150x400,,,taxable,parent,0,0,,0,0,,400,150,3.2,0,,1388,2775,,,,,,,61326874-H,,,,,,54,,,Size,150x400,,1,,,,,,,,,,,,,,,,,,,,,,,,,,,,,,,,,,,,,,,,,,,,,,,,,,,,,,,,,,,,,136590,,,,,,,,,,,,,,,,,,,
58585,variation,61326927,,D-sign Artificial Grass 1P0191 Green - 200x200,1,0,hidden,,D-sign KonstgrÃ¤s 1P0191 Green 200x200,,,taxable,parent,1,12,,0,0,,200,200,3.2,0,,1008,2015,,,,,,,61326874-H,,,,,,55,,,Size,200x200,,1,,,,,,,,,,,,,,,,,,,,,,,,,,,,,,,,,,,,,,,,,,,,,,,,,,,,,,,,,,,,,136591,,,,,,,,,,,,,,,,,,,
58587,variable,61326958-H,,D-sign Artificial Grass 1P0193 Green,1,0,hidden,D-sign Rug 1P0193 Green,D-sign KonstgrÃ¤s 1P0193 Green,,,taxable,,1,,,0,0,,,,,0,,,,"Rugs > Artificial Grass, Rooms > Balcony, Rugs, Sale",Sale,,"https://rugshop.eu/wp-content/uploads/2021/11/artificial-grass-forestland-any-size.jpg, https://rugshop.eu/wp-content/uploads/2021/11/artificial-grass-forestland-any-size-1.jpg, https://rugshop.eu/wp-content/uploads/2021/11/artificial-grass-forestland-any-size-2.jpg, https://rugshop.eu/wp-content/uploads/2021/11/artificial-grass-forestland-any-size-3.jpg, https://rugshop.eu/wp-content/uploads/2021/11/artificial-grass-forestland-any-size-4.jpg",,,,,,,,,301,,,Size,"100x100, 100x1000, 100x1050, 100x1100, 100x1150, 100x150, 100x200, 100x250, 100x300, 100x350, 100x400, 100x450, 100x500, 100x550, 100x600, 100x650, 100x700, 100x750, 100x800, 100x850, 100x900, 100x950, 133x100, 133x150, 133x200, 133x250, 133x300, 133x350, 133x400, 133x450, 133x500, 133x550, 133x600, 133x650, 133x700, 133x750, 133x800, 133x850, 133x900, 150x200, 150x300, 150x400, 200x200, 200x250, 200x300, 200x350, 200x400, 200x450, 200x500, 200x550, 200x600, 250x300, 250x400, 300x300, 300x350, 300x400",1,1,Brand,D-sign,1,1,Color,Green,1,1,Type of color,Singlecolor,1,1,Shape,"Rectangular, Square",1,1,Material,Polyester,1,1,Type of rug,Artificial grass,1,1,Weave,Machinemade,1,1,Country,Belgium,1,1,Age,New,1,1,,,,,default,default,default,default,,,,,,yes,,,,,,,,,,classic-editor,,,,,,,,,,,,,,,,,,,,
58588,variation,61326936,,D-sign Artificial Grass 1P0191 Green - 200x250,1,0,hidden,,D-sign KonstgrÃ¤s 1P0191 Green 200x250,,,taxable,parent,1,10,,0,0,,250,200,3.2,0,,1198,2395,,,,,,,61326874-H,,,,,,56,,,Size,200x250,,1,,,,,,,,,,,,,,,,,,,,,,,,,,,,,,,,,,,,,,,,,,,,,,,,,,,,,,,,,,,,,136592,,,,,,,,,,,,,,,,,,,
58589,variation,61326931,,D-sign Artificial Grass 1P0191 Green - 200x300,1,0,hidden,,D-sign KonstgrÃ¤s 1P0191 Green 200x300,,,taxable,parent,1,8,,0,0,,300,200,3.2,0,,1388,2775,,,,,,,61326874-H,,,,,,57,,,Size,200x300,,1,,,,,,,,,,,,,,,,,,,,,,,,,,,,,,,,,,,,,,,,,,,,,,,,,,,,,,,,,,,,,136593,,,,,,,,,,,,,,,,,,,
58590,variation,61326928,,D-sign Artificial Grass 1P0191 Green - 200x350,1,0,hidden,,D-sign KonstgrÃ¤s 1P0191 Green 200x350,,,taxable,parent,1,7,,0,0,,350,200,3.2,0,,1583,3165,,,,,,,61326874-H,,,,,,58,,,Size,200x350,,1,,,,,,,,,,,,,,,,,,,,,,,,,,,,,,,,,,,,,,,,,,,,,,,,,,,,,,,,,,,,,136594,,,,,,,,,,,,,,,,,,,
58591,variation,61326932,,D-sign Artificial Grass 1P0191 Green - 200x400,1,0,hidden,,D-sign KonstgrÃ¤s 1P0191 Green 200x400,,,taxable,parent,1,6,,0,0,,400,200,3.2,0,,1773,3545,,,,,,,61326874-H,,,,,,59,,,Size,200x400,,1,,,,,,,,,,,,,,,,,,,,,,,,,,,,,,,,,,,,,,,,,,,,,,,,,,,,,,,,,,,,,136595,,,,,,,,,,,,,,,,,,,
58592,variation,61326933,,D-sign Artificial Grass 1P0191 Green - 200x450,1,0,hidden,,D-sign KonstgrÃ¤s 1P0191 Green 200x450,,,taxable,parent,1,5,,0,0,,450,200,3.2,0,,2023,4045,,,,,,,61326874-H,,,,,,60,,,Size,200x450,,1,,,,,,,,,,,,,,,,,,,,,,,,,,,,,,,,,,,,,,,,,,,,,,,,,,,,,,,,,,,,,136596,,,,,,,,,,,,,,,,,,,
58593,variation,61326934,,D-sign Artificial Grass 1P0191 Green - 200x500,1,0,hidden,,D-sign KonstgrÃ¤s 1P0191 Green 200x500,,,taxable,parent,1,5,,0,0,,500,200,3.2,0,,2213,4425,,,,,,,61326874-H,,,,,,61,,,Size,200x500,,1,,,,,,,,,,,,,,,,,,,,,,,,,,,,,,,,,,,,,,,,,,,,,,,,,,,,,,,,,,,,,136597,,,,,,,,,,,,,,,,,,,
58594,variation,61326939,,D-sign Artificial Grass 1P0191 Green - 200x550,1,0,hidden,,D-sign KonstgrÃ¤s 1P0191 Green 200x550,,,taxable,parent,1,4,,0,0,,550,200,3.2,0,,2408,4815,,,,,,,61326874-H,,,,,,62,,,Size,200x550,,1,,,,,,,,,,,,,,,,,,,,,,,,,,,,,,,,,,,,,,,,,,,,,,,,,,,,,,,,,,,,,136598,,,,,,,,,,,,,,,,,,,
58595,variation,61326941,,D-sign Artificial Grass 1P0191 Green - 200x600,1,0,hidden,,D-sign KonstgrÃ¤s 1P0191 Green 200x600,,,taxable,parent,1,4,,0,0,,600,200,3.2,0,,2598,5195,,,,,,,61326874-H,,,,,,63,,,Size,200x600,,1,,,,,,,,,,,,,,,,,,,,,,,,,,,,,,,,,,,,,,,,,,,,,,,,,,,,,,,,,,,,,136599,,,,,,,,,,,,,,,,,,,
58596,variation,61326947,,D-sign Artificial Grass 1P0191 Green - 200x650,1,0,hidden,,D-sign KonstgrÃ¤s 1P0191 Green 200x650,,,taxable,parent,1,3,,0,0,,650,200,3.2,0,,2788,5575,,,,,,,61326874-H,,,,,,64,,,Size,200x650,,1,,,,,,,,,,,,,,,,,,,,,,,,,,,,,,,,,,,,,,,,,,,,,,,,,,,,,,,,,,,,,136600,,,,,,,,,,,,,,,,,,,
58597,variation,61326942,,D-sign Artificial Grass 1P0191 Green - 200x700,1,0,hidden,,D-sign KonstgrÃ¤s 1P0191 Green 200x700,,,taxable,parent,1,3,,0,0,,700,200,3.2,0,,2978,5955,,,,,,,61326874-H,,,,,,65,,,Size,200x700,,1,,,,,,,,,,,,,,,,,,,,,,,,,,,,,,,,,,,,,,,,,,,,,,,,,,,,,,,,,,,,,136601,,,,,,,,,,,,,,,,,,,
58598,variation,61326943,,D-sign Artificial Grass 1P0191 Green - 200x750,1,0,hidden,,D-sign KonstgrÃ¤s 1P0191 Green 200x750,,,taxable,parent,1,3,,0,0,,750,200,3.2,0,,3478,6955,,,,,,,61326874-H,,,,,,66,,,Size,200x750,,1,,,,,,,,,,,,,,,,,,,,,,,,,,,,,,,,,,,,,,,,,,,,,,,,,,,,,,,,,,,,,136602,,,,,,,,,,,,,,,,,,,
58599,variation,61326948,,D-sign Artificial Grass 1P0191 Green - 250x300,1,0,hidden,,D-sign KonstgrÃ¤s 1P0191 Green 250x300,,,taxable,parent,0,0,,0,0,,300,250,3.2,0,,1678,3355,,,,,,,61326874-H,,,,,,67,,,Size,250x300,,1,,,,,,,,,,,,,,,,,,,,,,,,,,,,,,,,,,,,,,,,,,,,,,,,,,,,,,,,,,,,,136610,,,,,,,,,,,,,,,,,,,
58600,variation,61326946,,D-sign Artificial Grass 1P0191 Green - 250x400,1,0,hidden,,D-sign KonstgrÃ¤s 1P0191 Green 250x400,,,taxable,parent,0,0,,0,0,,400,250,3.2,0,,2213,4425,,,,,,,61326874-H,,,,,,68,,,Size,250x400,,1,,,,,,,,,,,,,,,,,,,,,,,,,,,,,,,,,,,,,,,,,,,,,,,,,,,,,,,,,,,,,136611,,,,,,,,,,,,,,,,,,,
58601,variation,61326940,,D-sign Artificial Grass 1P0191 Green - 300x300,1,0,hidden,,D-sign KonstgrÃ¤s 1P0191 Green 300x300,,,taxable,parent,0,0,,0,0,,300,300,3.2,0,,2023,4045,,,,,,,61326874-H,,,,,,69,,,Size,300x300,,1,,,,,,,,,,,,,,,,,,,,,,,,,,,,,,,,,,,,,,,,,,,,,,,,,,,,,,,,,,,,,136612,,,,,,,,,,,,,,,,,,,
58602,variation,61326945,,D-sign Artificial Grass 1P0191 Green - 300x350,1,0,hidden,,D-sign KonstgrÃ¤s 1P0191 Green 300x350,,,taxable,parent,0,0,,0,0,,350,300,3.2,0,,2308,4615,,,,,,,61326874-H,,,,,,70,,,Size,300x350,,1,,,,,,,,,,,,,,,,,,,,,,,,,,,,,,,,,,,,,,,,,,,,,,,,,,,,,,,,,,,,,136613,,,,,,,,,,,,,,,,,,,
58603,variation,61326944,,D-sign Artificial Grass 1P0191 Green - 300x400,1,0,hidden,,D-sign KonstgrÃ¤s 1P0191 Green 300x400,,,taxable,parent,0,0,,0,0,,400,300,3.2,0,,2598,5195,,,,,,,61326874-H,,,,,,71,,,Size,300x400,,1,,,,,,,,,,,,,,,,,,,,,,,,,,,,,,,,,,,,,,,,,,,,,,,,,,,,,,,,,,,,,136614,,,,,,,,,,,,,,,,,,,
58604,variation,61326955,,D-sign Artificial Grass 1P0191 Green - 300x450,1,0,hidden,,D-sign KonstgrÃ¤s 1P0191 Green 300x450,,,taxable,parent,0,0,,0,0,,450,300,3.2,0,,2883,5765,,,,,,,61326874-H,,,,,,72,,,Size,300x450,,1,,,,,,,,,,,,,,,,,,,,,,,,,,,,,,,,,,,,,,,,,,,,,,,,,,,,,,,,,,,,,136615,,,,,,,,,,,,,,,,,,,
58605,variation,61326956,,D-sign Artificial Grass 1P0191 Green - 300x500,1,0,hidden,,D-sign KonstgrÃ¤s 1P0191 Green 300x500,,,taxable,parent,0,0,,0,0,,500,300,3.2,0,,3478,6955,,,,,,,61326874-H,,,,,,73,,,Size,300x500,,1,,,,,,,,,,,,,,,,,,,,,,,,,,,,,,,,,,,,,,,,,,,,,,,,,,,,,,,,,,,,,136616,,,,,,,,,,,,,,,,,,,
58606,variation,61326957,,D-sign Artificial Grass 1P0191 Green - 350x400,1,0,hidden,,D-sign KonstgrÃ¤s 1P0191 Green 350x400,,,taxable,parent,0,0,,0,0,,400,350,3.2,0,,2978,5955,,,,,,,61326874-H,,,,,,74,,,Size,350x400,,1,,,,,,,,,,,,,,,,,,,,,,,,,,,,,,,,,,,,,,,,,,,,,,,,,,,,,,,,,,,,,136618,,,,,,,,,,,,,,,,,,,
58613,variation,61326958,,D-sign Artificial Grass 1P0193 Green - 100x100,1,0,hidden,,D-sign KonstgrÃ¤s 1P0193 Green 100x100,,,taxable,parent,1,25,,0,0,,100,100,3.7,0,,488,975,,,,,,,61326958-H,,,,,,1,,,Size,100x100,,1,,,,,,,,,,,,,,,,,,,,,,,,,,,,,,,,,,,,,,,,,,,,,,,,,,,,,,,,,,,,,136797,,,,,,,,,,,,,,,,,,,
58614,variation,61335521,,D-sign Artificial Grass 1P0193 Green - 100x150,1,0,hidden,,D-sign KonstgrÃ¤s 1P0193 Green 100x150 ,,,taxable,parent,1,16,,0,0,,150,100,3.7,0,,608,1215,,,,,,,61326958-H,,,,,,2,,,Size,100x150,,1,,,,,,,,,,,,,,,,,,,,,,,,,,,,,,,,,,,,,,,,,,,,,,,,,,,,,,,,,,,,,136798,,,,,,,,,,,,,,,,,,,
58615,variation,61335524,,D-sign Artificial Grass 1P0193 Green - 100x200,1,0,hidden,,D-sign KonstgrÃ¤s 1P0193 Green 100x200,,,taxable,parent,1,41,,0,0,,200,100,3.7,0,,728,1455,,,,,,,61326958-H,,,,,,3,,,Size,100x200,,1,,,,,,,,,,,,,,,,,,,,,,,,,,,,,,,,,,,,,,,,,,,,,,,,,,,,,,,,,,,,,136799,,,,,,,,,,,,,,,,,,,
58616,variation,61326961,,D-sign Artificial Grass 1P0193 Green - 100x250,1,0,hidden,,D-sign KonstgrÃ¤s 1P0193 Green 100x250,,,taxable,parent,1,9,,0,0,,250,100,3.7,0,,848,1695,,,,,,,61326958-H,,,,,,4,,,Size,100x250,,1,,,,,,,,,,,,,,,,,,,,,,,,,,,,,,,,,,,,,,,,,,,,,,,,,,,,,,,,,,,,,136800,,,,,,,,,,,,,,,,,,,
58617,variation,61326970,,D-sign Artificial Grass 1P0193 Green - 100x300,1,0,hidden,,D-sign KonstgrÃ¤s 1P0193 Green 100x300,,,taxable,parent,1,8,,0,0,,300,100,3.7,0,,968,1935,,,,,,,61326958-H,,,,,,5,,,Size,100x300,,1,,,,,,,,,,,,,,,,,,,,,,,,,,,,,,,,,,,,,,,,,,,,,,,,,,,,,,,,,,,,,136801,,,,,,,,,,,,,,,,,,,
58618,variation,61326966,,D-sign Artificial Grass 1P0193 Green - 100x350,1,0,hidden,,D-sign KonstgrÃ¤s 1P0193 Green 100x350,,,taxable,parent,1,6,,0,0,,350,100,3.7,0,,1088,2175,,,,,,,61326958-H,,,,,,6,,,Size,100x350,,1,,,,,,,,,,,,,,,,,,,,,,,,,,,,,,,,,,,,,,,,,,,,,,,,,,,,,,,,,,,,,136802,,,,,,,,,,,,,,,,,,,
58619,variation,61326965,,D-sign Artificial Grass 1P0193 Green - 100x400,1,0,hidden,,D-sign KonstgrÃ¤s 1P0193 Green 100x400,,,taxable,parent,1,6,,0,0,,400,100,3.7,0,,1208,2415,,,,,,,61326958-H,,,,,,7,,,Size,100x400,,1,,,,,,,,,,,,,,,,,,,,,,,,,,,,,,,,,,,,,,,,,,,,,,,,,,,,,,,,,,,,,136803,,,,,,,,,,,,,,,,,,,
58620,variation,61326971,,D-sign Artificial Grass 1P0193 Green - 100x450,1,0,hidden,,D-sign KonstgrÃ¤s 1P0193 Green 100x450,,,taxable,parent,1,5,,0,0,,450,100,3.7,0,,1328,2655,,,,,,,61326958-H,,,,,,8,,,Size,100x450,,1,,,,,,,,,,,,,,,,,,,,,,,,,,,,,,,,,,,,,,,,,,,,,,,,,,,,,,,,,,,,,136804,,,,,,,,,,,,,,,,,,,
58621,variation,61326964,,D-sign Artificial Grass 1P0193 Green - 100x500,1,0,hidden,,D-sign KonstgrÃ¤s 1P0193 Green 100x500,,,taxable,parent,1,4,,0,0,,500,100,3.7,0,,1448,2895,,,,,,,61326958-H,,,,,,9,,,Size,100x500,,1,,,,,,,,,,,,,,,,,,,,,,,,,,,,,,,,,,,,,,,,,,,,,,,,,,,,,,,,,,,,,136805,,,,,,,,,,,,,,,,,,,
58622,variation,61326963,,D-sign Artificial Grass 1P0193 Green - 100x550,1,0,hidden,,D-sign KonstgrÃ¤s 1P0193 Green 100x550,,,taxable,parent,1,4,,0,0,,550,100,3.7,0,,1568,3135,,,,,,,61326958-H,,,,,,10,,,Size,100x550,,1,,,,,,,,,,,,,,,,,,,,,,,,,,,,,,,,,,,,,,,,,,,,,,,,,,,,,,,,,,,,,136806,,,,,,,,,,,,,,,,,,,
58623,variation,61326967,,D-sign Artificial Grass 1P0193 Green - 100x600,1,0,hidden,,D-sign KonstgrÃ¤s 1P0193 Green 100x600,,,taxable,parent,1,4,,0,0,,600,100,3.7,0,,1688,3375,,,,,,,61326958-H,,,,,,11,,,Size,100x600,,1,,,,,,,,,,,,,,,,,,,,,,,,,,,,,,,,,,,,,,,,,,,,,,,,,,,,,,,,,,,,,136807,,,,,,,,,,,,,,,,,,,
58624,variation,61326968,,D-sign Artificial Grass 1P0193 Green - 100x650,1,0,hidden,,D-sign KonstgrÃ¤s 1P0193 Green 100x650,,,taxable,parent,1,3,,0,0,,650,100,3.7,0,,1808,3615,,,,,,,61326958-H,,,,,,12,,,Size,100x650,,1,,,,,,,,,,,,,,,,,,,,,,,,,,,,,,,,,,,,,,,,,,,,,,,,,,,,,,,,,,,,,136808,,,,,,,,,,,,,,,,,,,
58625,variation,61326969,,D-sign Artificial Grass 1P0193 Green - 100x700,1,0,hidden,,D-sign KonstgrÃ¤s 1P0193 Green 100x700,,,taxable,parent,1,3,,0,0,,700,100,3.7,0,,1928,3855,,,,,,,61326958-H,,,,,,13,,,Size,100x700,,1,,,,,,,,,,,,,,,,,,,,,,,,,,,,,,,,,,,,,,,,,,,,,,,,,,,,,,,,,,,,,136809,,,,,,,,,,,,,,,,,,,
58626,variation,61326976,,D-sign Artificial Grass 1P0193 Green - 100x750,1,0,hidden,,D-sign Rug KonstgrÃ¤s Green 100x750,,,taxable,parent,1,3,,0,0,,750,100,3.7,0,,2113,4225,,,,,,,61326958-H,,,,,,14,,,Size,100x750,,1,,,,,,,,,,,,,,,,,,,,,,,,,,,,,,,,,,,,,,,,,,,,,,,,,,,,,,,,,,,,,136810,,,,,,,,,,,,,,,,,,,
58627,variation,61326982,,D-sign Artificial Grass 1P0193 Green - 100x800,1,0,hidden,,D-sign KonstgrÃ¤s 1P0193 Green 100x800,,,taxable,parent,1,3,,0,0,,800,100,3.7,0,,2233,4465,,,,,,,61326958-H,,,,,,15,,,Size,100x800,,1,,,,,,,,,,,,,,,,,,,,,,,,,,,,,,,,,,,,,,,,,,,,,,,,,,,,,,,,,,,,,136811,,,,,,,,,,,,,,,,,,,
58628,variation,61326974,,D-sign Artificial Grass 1P0193 Green - 100x850,1,0,hidden,,D-sign KonstgrÃ¤s 1P0193 Green 100x850,,,taxable,parent,1,2,,0,0,,850,100,3.7,0,,2353,4705,,,,,,,61326958-H,,,,,,16,,,Size,100x850,,1,,,,,,,,,,,,,,,,,,,,,,,,,,,,,,,,,,,,,,,,,,,,,,,,,,,,,,,,,,,,,136812,,,,,,,,,,,,,,,,,,,
58629,variation,61326978,,D-sign Artificial Grass 1P0193 Green - 100x900,1,0,hidden,,D-sign KonstgrÃ¤s 1P0193 Green 100x900,,,taxable,parent,1,2,,0,0,,900,100,3.7,0,,2473,4945,,,,,,,61326958-H,,,,,,17,,,Size,100x900,,1,,,,,,,,,,,,,,,,,,,,,,,,,,,,,,,,,,,,,,,,,,,,,,,,,,,,,,,,,,,,,136813,,,,,,,,,,,,,,,,,,,
58630,variation,61326977,,D-sign Artificial Grass 1P0193 Green - 100x950,1,0,hidden,,D-sign KonstgrÃ¤s 1P0193 Green 100x950,,,taxable,parent,1,2,,0,0,,950,100,3.7,0,,2593,5185,,,,,,,61326958-H,,,,,,18,,,Size,100x950,,1,,,,,,,,,,,,,,,,,,,,,,,,,,,,,,,,,,,,,,,,,,,,,,,,,,,,,,,,,,,,,136814,,,,,,,,,,,,,,,,,,,
58631,variation,61326979,,D-sign Artificial Grass 1P0193 Green - 100x1000,1,0,hidden,,D-sign KonstgrÃ¤s 1P0193 Green 100x1000,,,taxable,parent,1,2,,0,0,,1000,100,3.7,0,,2713,5425,,,,,,,61326958-H,,,,,,19,,,Size,100x1000,,1,,,,,,,,,,,,,,,,,,,,,,,,,,,,,,,,,,,,,,,,,,,,,,,,,,,,,,,,,,,,,136815,,,,,,,,,,,,,,,,,,,
58632,variation,61326980,,D-sign Artificial Grass 1P0193 Green - 100x1050,1,0,hidden,,D-sign KonstgrÃ¤s 1P0193 Green 100x1050,,,taxable,parent,1,2,,0,0,,1050,100,3.7,0,,2833,5665,,,,,,,61326958-H,,,,,,20,,,Size,100x1050,,1,,,,,,,,,,,,,,,,,,,,,,,,,,,,,,,,,,,,,,,,,,,,,,,,,,,,,,,,,,,,,136816,,,,,,,,,,,,,,,,,,,
58633,variation,61326975,,D-sign Artificial Grass 1P0193 Green - 100x1100,1,0,hidden,,D-sign KonstgrÃ¤s 1P0193 Green 100x1100,,,taxable,parent,1,2,,0,0,,1100,100,3.7,0,,2953,5905,,,,,,,61326958-H,,,,,,21,,,Size,100x1100,,1,,,,,,,,,,,,,,,,,,,,,,,,,,,,,,,,,,,,,,,,,,,,,,,,,,,,,,,,,,,,,136817,,,,,,,,,,,,,,,,,,,
58634,variation,61326981,,D-sign Artificial Grass 1P0193 Green - 100x1150,1,0,hidden,,D-sign KonstgrÃ¤s 1P0193 Green 100x1150,,,taxable,parent,1,2,,0,0,,1150,100,3.7,0,,3073,6145,,,,,,,61326958-H,,,,,,22,,,Size,100x1150,,1,,,,,,,,,,,,,,,,,,,,,,,,,,,,,,,,,,,,,,,,,,,,,,,,,,,,,,,,,,,,,136818,,,,,,,,,,,,,,,,,,,
58635,variation,61326983,,D-sign Artificial Grass 1P0193 Green - 133x100,1,0,hidden,,D-sign KonstgrÃ¤s 1P0193 Green 133x100,,,taxable,parent,1,38,,0,0,,100,133,3.7,0,,563,1125,,,,,,,61326958-H,,,,,,23,,,Size,133x100,,1,,,,,,,,,,,,,,,,,,,,,,,,,,,,,,,,,,,,,,,,,,,,,,,,,,,,,,,,,,,,,136826,,,,,,,,,,,,,,,,,,,
58636,variation,61326995,,D-sign Artificial Grass 1P0193 Green - 133x150,1,0,hidden,,D-sign KonstgrÃ¤s 1P0193 Green 133x150,,,taxable,parent,1,13,,0,0,,150,133,3.7,0,,723,1445,,,,,,,61326958-H,,,,,,24,,,Size,133x150,,1,,,,,,,,,,,,,,,,,,,,,,,,,,,,,,,,,,,,,,,,,,,,,,,,,,,,,,,,,,,,,136827,,,,,,,,,,,,,,,,,,,
58637,variation,61326988,,D-sign Artificial Grass 1P0193 Green - 133x200,1,0,hidden,,D-sign KonstgrÃ¤s 1P0193 Green 133x200,,,taxable,parent,1,10,,0,0,,200,133,3.7,0,,883,1765,,,,,,,61326958-H,,,,,,25,,,Size,133x200,,1,,,,,,,,,,,,,,,,,,,,,,,,,,,,,,,,,,,,,,,,,,,,,,,,,,,,,,,,,,,,,136828,,,,,,,,,,,,,,,,,,,
58638,variation,61326992,,D-sign Artificial Grass 1P0193 Green - 133x250,1,0,hidden,,D-sign KonstgrÃ¤s 1P0193 Green 133x250,,,taxable,parent,1,8,,0,0,,250,133,3.7,0,,1043,2085,,,,,,,61326958-H,,,,,,26,,,Size,133x250,,1,,,,,,,,,,,,,,,,,,,,,,,,,,,,,,,,,,,,,,,,,,,,,,,,,,,,,,,,,,,,,136829,,,,,,,,,,,,,,,,,,,
58639,variation,61326991,,D-sign Artificial Grass 1P0193 Green - 133x300,1,0,hidden,,D-sign KonstgrÃ¤s 1P0193 Green 133x300,,,taxable,parent,1,6,,0,0,,300,133,3.7,0,,1203,2405,,,,,,,61326958-H,,,,,,27,,,Size,133x300,,1,,,,,,,,,,,,,,,,,,,,,,,,,,,,,,,,,,,,,,,,,,,,,,,,,,,,,,,,,,,,,136830,,,,,,,,,,,,,,,,,,,
58640,variation,61326990,,D-sign Artificial Grass 1P0193 Green - 133x350,1,0,hidden,,D-sign KonstgrÃ¤s 1P0193 Green 133x350,,,taxable,parent,1,5,,0,0,,350,133,3.7,0,,1363,2725,,,,,,,61326958-H,,,,,,28,,,Size,133x350,,1,,,,,,,,,,,,,,,,,,,,,,,,,,,,,,,,,,,,,,,,,,,,,,,,,,,,,,,,,,,,,136831,,,,,,,,,,,,,,,,,,,
58641,variation,61326989,,D-sign Artificial Grass 1P0193 Green - 133x400,1,0,hidden,,D-sign KonstgrÃ¤s 1P0193 Green 133x400,,,taxable,parent,1,5,,0,0,,400,133,3.7,0,,1523,3045,,,,,,,61326958-H,,,,,,29,,,Size,133x400,,1,,,,,,,,,,,,,,,,,,,,,,,,,,,,,,,,,,,,,,,,,,,,,,,,,,,,,,,,,,,,,136832,,,,,,,,,,,,,,,,,,,
58642,variation,61326986,,D-sign Artificial Grass 1P0193 Green - 133x450,1,0,hidden,,D-sign KonstgrÃ¤s 1P0193 Green 133x450,,,taxable,parent,1,4,,0,0,,450,133,3.7,0,,1683,3365,,,,,,,61326958-H,,,,,,30,,,Size,133x450,,1,,,,,,,,,,,,,,,,,,,,,,,,,,,,,,,,,,,,,,,,,,,,,,,,,,,,,,,,,,,,,136833,,,,,,,,,,,,,,,,,,,
58643,variation,61326993,,D-sign Artificial Grass 1P0193 Green - 133x500,1,0,hidden,,D-sign KonstgrÃ¤s 1P0193 Green 133x500,,,taxable,parent,1,4,,0,0,,500,133,3.7,0,,1843,3685,,,,,,,61326958-H,,,,,,31,,,Size,133x500,,1,,,,,,,,,,,,,,,,,,,,,,,,,,,,,,,,,,,,,,,,,,,,,,,,,,,,,,,,,,,,,136834,,,,,,,,,,,,,,,,,,,
58644,variable,61327021-H,,D-sign Rug 1P0029 Grey,1,0,visible,D-sign Rug 1P0029 Grey,D-sign Rug 1P0029 Grey,,,taxable,,1,,,0,0,,,,,1,,,,"Rooms > Bedroom, Rooms > Living room, Rugs > Modern, Rugs",,,"https://rugshop.eu/wp-content/uploads/2021/11/carpet-structural-sierra-g6042-flat-woven-light-grey-geometric-ethnic.jpg, https://rugshop.eu/wp-content/uploads/2021/11/carpet-structural-sierra-g6042-flat-woven-light-grey-geometric-ethnic-1.jpg, https://rugshop.eu/wp-content/uploads/2021/11/carpet-structural-sierra-g6042-flat-woven-light-grey-geometric-ethnic-2.jpg, https://rugshop.eu/wp-content/uploads/2021/11/carpet-structural-sierra-g6042-flat-woven-light-grey-geometric-ethnic-3.jpg, https://rugshop.eu/wp-content/uploads/2021/11/carpet-structural-sierra-g6042-flat-woven-light-grey-geometric-ethnic-4.jpg",,,,,,,,,2349,,,Size,"120x170, 140x190, 160x220, 180x270, 200x290, 80x150",1,1,Brand,D-sign,1,1,Color,"Black-Grey, White-Beige",1,1,Type of color,Multicolor,1,1,Shape,Rectangular,1,1,Material,Polypropylene,1,1,Type of rug,Modern,1,1,Weave,Machinemade,1,1,Age,New,1,1,,,,,,,,,,,,,,,,,,yes,yes,,,,,,,,,,,,,,,,,,,,,,,,,,,,,
58645,variation,61326994,,D-sign Artificial Grass 1P0193 Green - 133x550,1,0,hidden,,D-sign KonstgrÃ¤s 1P0193 Green 133x550,,,taxable,parent,1,3,,0,0,,550,133,3.7,0,,2003,4005,,,,,,,61326958-H,,,,,,32,,,Size,133x550,,1,,,,,,,,,,,,,,,,,,,,,,,,,,,,,,,,,,,,,,,,,,,,,,,,,,,,,,,,,,,,,136835,,,,,,,,,,,,,,,,,,,
58646,variation,61326987,,D-sign Artificial Grass 1P0193 Green - 133x600,1,0,hidden,,D-sign KonstgrÃ¤s 1P0193 Green 133x600,,,taxable,parent,1,3,,0,0,,600,133,3.7,0,,2228,4455,,,,,,,61326958-H,,,,,,33,,,Size,133x600,,1,,,,,,,,,,,,,,,,,,,,,,,,,,,,,,,,,,,,,,,,,,,,,,,,,,,,,,,,,,,,,136836,,,,,,,,,,,,,,,,,,,
58647,variation,61327004,,D-sign Artificial Grass 1P0193 Green - 133x650,1,0,hidden,,D-sign KonstgrÃ¤s 1P0193 Green 133x650,,,taxable,parent,1,3,,0,0,,650,133,3.7,0,,2388,4775,,,,,,,61326958-H,,,,,,34,,,Size,133x650,,1,,,,,,,,,,,,,,,,,,,,,,,,,,,,,,,,,,,,,,,,,,,,,,,,,,,,,,,,,,,,,136837,,,,,,,,,,,,,,,,,,,
58648,variation,61327003,,D-sign Artificial Grass 1P0193 Green - 133x700,1,0,hidden,,D-sign KonstgrÃ¤s 1P0193 Green 133x700,,,taxable,parent,1,2,,0,0,,700,133,3.7,0,,2548,5095,,,,,,,61326958-H,,,,,,35,,,Size,133x700,,1,,,,,,,,,,,,,,,,,,,,,,,,,,,,,,,,,,,,,,,,,,,,,,,,,,,,,,,,,,,,,136838,,,,,,,,,,,,,,,,,,,
58649,variation,61327000,,D-sign Artificial Grass 1P0193 Green - 133x750,1,0,hidden,,D-sign KonstgrÃ¤s 1P0193 Green 133x750,,,taxable,parent,1,2,,0,0,,750,133,3.7,0,,2708,5415,,,,,,,61326958-H,,,,,,36,,,Size,133x750,,1,,,,,,,,,,,,,,,,,,,,,,,,,,,,,,,,,,,,,,,,,,,,,,,,,,,,,,,,,,,,,136839,,,,,,,,,,,,,,,,,,,
58650,variation,61327005,,D-sign Artificial Grass 1P0193 Green - 133x800,1,0,hidden,,D-sign KonstgrÃ¤s 1P0193 Green 133x800,,,taxable,parent,1,2,,0,0,,800,133,3.7,0,,2868,5735,,,,,,,61326958-H,,,,,,37,,,Size,133x800,,1,,,,,,,,,,,,,,,,,,,,,,,,,,,,,,,,,,,,,,,,,,,,,,,,,,,,,,,,,,,,,136840,,,,,,,,,,,,,,,,,,,
58651,variation,61327008,,D-sign Artificial Grass 1P0193 Green - 133x850,1,0,hidden,,D-sign KonstgrÃ¤s 1P0193 Green 133x850,,,taxable,parent,1,2,,0,0,,850,133,3.7,0,,3028,6055,,,,,,,61326958-H,,,,,,38,,,Size,133x850,,1,,,,,,,,,,,,,,,,,,,,,,,,,,,,,,,,,,,,,,,,,,,,,,,,,,,,,,,,,,,,,136841,,,,,,,,,,,,,,,,,,,
58652,variation,61327006,,D-sign Artificial Grass 1P0193 Green - 133x900,1,0,hidden,,D-sign KonstgrÃ¤s 1P0193 Green 133x900,,,taxable,parent,1,2,,0,0,,900,133,3.7,0,,3188,6375,,,,,,,61326958-H,,,,,,39,,,Size,133x900,,1,,,,,,,,,,,,,,,,,,,,,,,,,,,,,,,,,,,,,,,,,,,,,,,,,,,,,,,,,,,,,136842,,,,,,,,,,,,,,,,,,,
58653,variation,61327002,,D-sign Artificial Grass 1P0193 Green - 150x200,1,0,hidden,,D-sign KonstgrÃ¤s 1P0193 Green 150x200,,,taxable,parent,1,18,,0,0,,200,150,3.7,0,,968,1935,,,,,,,61326958-H,,,,,,40,,,Size,150x200,,1,,,,,,,,,,,,,,,,,,,,,,,,,,,,,,,,,,,,,,,,,,,,,,,,,,,,,,,,,,,,,136855,,,,,,,,,,,,,,,,,,,
58654,variation,61326999,,D-sign Artificial Grass 1P0193 Green - 150x300,1,0,hidden,,D-sign KonstgrÃ¤s 1P0193 Green 150x300,,,taxable,parent,0,0,,0,0,,300,150,3.7,0,,1328,2655,,,,,,,61326958-H,,,,,,41,,,Size,150x300,,1,,,,,,,,,,,,,,,,,,,,,,,,,,,,,,,,,,,,,,,,,,,,,,,,,,,,,,,,,,,,,136856,,,,,,,,,,,,,,,,,,,
58655,variation,61327001,,D-sign Artificial Grass 1P0193 Green - 150x400,1,0,hidden,,D-sign KonstgrÃ¤s 1P0193 Green 150x400,,,taxable,parent,1,8,,0,0,,400,150,3.7,0,,1688,3375,,,,,,,61326958-H,,,,,,42,,,Size,150x400,,1,,,,,,,,,,,,,,,,,,,,,,,,,,,,,,,,,,,,,,,,,,,,,,,,,,,,,,,,,,,,,136857,,,,,,,,,,,,,,,,,,,
58656,variation,61327007,,D-sign Artificial Grass 1P0193 Green - 200x200,1,0,hidden,,D-sign KonstgrÃ¤s 1P0193 Green 200x200,,,taxable,parent,1,14,,0,0,,200,200,3.7,0,,1208,2415,,,,,,,61326958-H,,,,,,43,,,Size,200x200,,1,,,,,,,,,,,,,,,,,,,,,,,,,,,,,,,,,,,,,,,,,,,,,,,,,,,,,,,,,,,,,136860,,,,,,,,,,,,,,,,,,,
58657,variation,61327012,,D-sign Artificial Grass 1P0193 Green - 200x250,1,0,hidden,,D-sign KonstgrÃ¤s 1P0193 Green 200x250,,,taxable,parent,1,11,,0,0,,250,200,3.7,0,,1448,2895,,,,,,,61326958-H,,,,,,44,,,Size,200x250,,1,,,,,,,,,,,,,,,,,,,,,,,,,,,,,,,,,,,,,,,,,,,,,,,,,,,,,,,,,,,,,136861,,,,,,,,,,,,,,,,,,,
58658,variation,61327015,,D-sign Artificial Grass 1P0193 Green - 200x300,1,0,hidden,,D-sign KonstgrÃ¤s 1P0193 Green 200x300,,,taxable,parent,1,9,,0,0,,300,200,3.7,0,,1688,3375,,,,,,,61326958-H,,,,,,45,,,Size,200x300,,1,,,,,,,,,,,,,,,,,,,,,,,,,,,,,,,,,,,,,,,,,,,,,,,,,,,,,,,,,,,,,136862,,,,,,,,,,,,,,,,,,,
58659,variation,61327013,,D-sign Artificial Grass 1P0193 Green - 200x350,1,0,hidden,,D-sign KonstgrÃ¤s 1P0193 Green 200x350,,,taxable,parent,1,8,,0,0,,350,200,3.7,0,,1928,3855,,,,,,,61326958-H,,,,,,46,,,Size,200x350,,1,,,,,,,,,,,,,,,,,,,,,,,,,,,,,,,,,,,,,,,,,,,,,,,,,,,,,,,,,,,,,136863,,,,,,,,,,,,,,,,,,,
58660,variation,61327010,,D-sign Artificial Grass 1P0193 Green - 200x400,1,0,hidden,,D-sign KonstgrÃ¤s 1P0193 Green 200x400,,,taxable,parent,1,13,,0,0,,400,200,3.7,0,,2233,4465,,,,,,,61326958-H,,,,,,47,,,Size,200x400,,1,,,,,,,,,,,,,,,,,,,,,,,,,,,,,,,,,,,,,,,,,,,,,,,,,,,,,,,,,,,,,136864,,,,,,,,,,,,,,,,,,,
58661,variation,61327017,,D-sign Artificial Grass 1P0193 Green - 200x450,1,0,hidden,,D-sign KonstgrÃ¤s 1P0193 Green 200x450,,,taxable,parent,1,6,,0,0,,450,200,3.7,0,,2473,4945,,,,,,,61326958-H,,,,,,48,,,Size,200x450,,1,,,,,,,,,,,,,,,,,,,,,,,,,,,,,,,,,,,,,,,,,,,,,,,,,,,,,,,,,,,,,136865,,,,,,,,,,,,,,,,,,,
58662,variation,61327014,,D-sign Artificial Grass 1P0193 Green - 200x500,1,0,hidden,,D-sign KonstgrÃ¤s 1P0193 Green 200x500,,,taxable,parent,1,5,,0,0,,500,200,3.7,0,,2713,5425,,,,,,,61326958-H,,,,,,49,,,Size,200x500,,1,,,,,,,,,,,,,,,,,,,,,,,,,,,,,,,,,,,,,,,,,,,,,,,,,,,,,,,,,,,,,136866,,,,,,,,,,,,,,,,,,,
58663,variation,61327011,,D-sign Artificial Grass 1P0193 Green - 200x550,1,0,hidden,,D-sign KonstgrÃ¤s 1P0193 Green 200x550,,,taxable,parent,1,5,,0,0,,550,200,3.7,0,,2953,5905,,,,,,,61326958-H,,,,,,50,,,Size,200x550,,1,,,,,,,,,,,,,,,,,,,,,,,,,,,,,,,,,,,,,,,,,,,,,,,,,,,,,,,,,,,,,136867,,,,,,,,,,,,,,,,,,,
58664,variation,61327016,,D-sign Artificial Grass 1P0193 Green - 200x600,1,0,hidden,,D-sign KonstgrÃ¤s 1P0193 Green 200x600,,,taxable,parent,1,4,,0,0,,600,200,3.7,0,,3193,6385,,,,,,,61326958-H,,,,,,51,,,Size,200x600,,1,,,,,,,,,,,,,,,,,,,,,,,,,,,,,,,,,,,,,,,,,,,,,,,,,,,,,,,,,,,,,136868,,,,,,,,,,,,,,,,,,,
58665,variation,61327018,,D-sign Artificial Grass 1P0193 Green - 250x300,1,0,hidden,,D-sign KonstgrÃ¤s 1P0193 Green 250x300,,,taxable,parent,0,0,,0,0,,300,250,3.7,0,,2113,4225,,,,,,,61326958-H,,,,,,52,,,Size,250x300,,1,,,,,,,,,,,,,,,,,,,,,,,,,,,,,,,,,,,,,,,,,,,,,,,,,,,,,,,,,,,,,136879,,,,,,,,,,,,,,,,,,,
58666,variation,61327019,,D-sign Artificial Grass 1P0193 Green - 250x400,1,0,hidden,,D-sign KonstgrÃ¤s 1P0193 Green 250x400,,,taxable,parent,1,5,,0,0,,400,250,3.7,0,,2713,5425,,,,,,,61326958-H,,,,,,53,,,Size,250x400,,1,,,,,,,,,,,,,,,,,,,,,,,,,,,,,,,,,,,,,,,,,,,,,,,,,,,,,,,,,,,,,136880,,,,,,,,,,,,,,,,,,,
58667,variation,61327022,,D-sign Artificial Grass 1P0193 Green - 300x300,1,0,hidden,,D-sign KonstgrÃ¤s 1P0193 Green 300x300,,,taxable,parent,0,0,,0,0,,300,300,3.7,0,,2473,4945,,,,,,,61326958-H,,,,,,54,,,Size,300x300,,1,,,,,,,,,,,,,,,,,,,,,,,,,,,,,,,,,,,,,,,,,,,,,,,,,,,,,,,,,,,,,136881,,,,,,,,,,,,,,,,,,,
58668,variation,61327023,,D-sign Artificial Grass 1P0193 Green - 300x350,1,0,hidden,,D-sign KonstgrÃ¤s 1P0193 Green 300x350,,,taxable,parent,0,0,,0,0,,350,300,3.7,0,,2833,5665,,,,,,,61326958-H,,,,,,55,,,Size,300x350,,1,,,,,,,,,,,,,,,,,,,,,,,,,,,,,,,,,,,,,,,,,,,,,,,,,,,,,,,,,,,,,136882,,,,,,,,,,,,,,,,,,,
58669,variation,61327024,,D-sign Artificial Grass 1P0193 Green - 300x400,1,0,hidden,,D-sign KonstgrÃ¤s 1P0193 Green 300x400,,,taxable,parent,1,4,,0,0,,400,300,3.7,0,,3193,6385,,,,,,,61326958-H,,,,,,56,,,Size,300x400,,1,,,,,,,,,,,,,,,,,,,,,,,,,,,,,,,,,,,,,,,,,,,,,,,,,,,,,,,,,,,,,136883,,,,,,,,,,,,,,,,,,,
58671,variation,61327021,,D-sign Rug 1P0029 Grey - 80x150,1,0,visible,,D-sign Rug 1P0029 Grey 80x150,,,taxable,parent,0,0,,0,0,,150,80,0.6,0,,598,1075,,,,,,,61327021-H,,,,,,1,,,Size,80x150,,1,,,,,,,,,,,,,,,,,,,,,,,,,,,,,,,,,,,,,80x150,,,,,,,,,,,,,,,,,,,,,,,,136924,,,,,,,,,,,,,,,,,,,
58672,variation,61335530,,D-sign Rug 1P0029 Grey - 120x170,1,0,visible,,D-sign Rug 1P0029 Grey 120x170,,,taxable,parent,1,4,,0,0,,170,120,0.6,0,,924,1655,,,,,,,61327021-H,,,,,,2,,,Size,120x170,,1,,,,,,,,,,,,,,,,,,,,,,,,,,,,,,,,,,,,,120x170,,,,,,,,,,,,,,,,,,,,,,,,136925,,,,,,,,,,,,,,,,,,,
58673,variation,61335529,,D-sign Rug 1P0029 Grey - 140x190,1,0,visible,,D-sign Rug 1P0029 Grey 140x190,,,taxable,parent,0,0,,0,0,,190,140,0.6,0,,1087,1955,,,,,,,61327021-H,,,,,,3,,,Size,140x190,,1,,,,,,,,,,,,,,,,,,,,,,,,,,,,,,,,,,,,,140x190,,,,,,,,,,,,,,,,,,,,,,,,136935,,,,,,,,,,,,,,,,,,,
58674,variation,61335532,,D-sign Rug 1P0029 Grey - 160x220,1,0,visible,,D-sign Rug 1P0029 Grey 160x220,,,taxable,parent,0,0,,0,0,,220,160,0.6,0,,1413,2535,,,,,,,61327021-H,,,,,,4,,,Size,160x220,,1,,,,,,,,,,,,,,,,,,,,,,,,,,,,,,,,,,,,,160x220,,,,,,,,,,,,,,,,,,,,,,,,136926,,,,,,,,,,,,,,,,,,,
58675,variable,61327025-H,,D-sign Artificial Grass 1P0194 Green,1,0,hidden,D-sign Rug 1P0194 Green,D-sign KonstgrÃ¤s 1P0194 Green,,,taxable,,1,,,0,0,,,,,0,,,,"Rugs > Artificial Grass, Rooms > Balcony, Rugs, Sale",Sale,,"https://rugshop.eu/wp-content/uploads/2021/11/artificial-grass-etile-any-size.jpg, https://rugshop.eu/wp-content/uploads/2021/11/artificial-grass-etile-any-size-1.jpg, https://rugshop.eu/wp-content/uploads/2021/11/artificial-grass-etile-any-size-2.jpg, https://rugshop.eu/wp-content/uploads/2021/11/artificial-grass-etile-any-size-3.jpg, https://rugshop.eu/wp-content/uploads/2021/11/artificial-grass-etile-any-size-4.jpg",,,,,,,,,302,,,Size,"100x100, 100x150, 100x200, 100x250, 100x300, 100x350, 100x400, 100x450, 100x500, 100x550, 100x600, 100x650, 100x700, 100x750, 100x800, 100x850, 100x900, 100x950, 133x100, 133x150, 133x200, 133x250, 133x300, 133x350, 133x400, 133x450, 133x500, 133x550, 133x600, 133x650, 133x700, 133x750, 150x200, 150x300, 150x400, 200x200, 200x250, 200x300, 200x350, 200x400, 200x450, 250x300, 300x300",1,1,Brand,D-sign,1,1,Color,Green,1,1,Type of color,Singlecolor,1,1,Shape,"Rectangular, Square",1,1,Material,Polyester,1,1,Type of rug,Artificial grass,1,1,Weave,Machinemade,1,1,Country,Belgium,1,1,Age,New,1,1,,,,,default,default,default,default,,,,,,yes,,,,,,,,,,classic-editor,,,,,,,,,,,,,,,,,,,,
58676,variation,61335535,,D-sign Rug 1P0029 Grey - 180x270,1,0,visible,,D-sign Rug 1P0029 Grey 180x270,,,taxable,parent,0,0,,0,0,,270,180,0.6,0,,1706,3065,,,,,,,61327021-H,,,,,,5,,,Size,180x270,,1,,,,,,,,,,,,,,,,,,,,,,,,,,,,,,,,,,,,,180x270,,,,,,,,,,,,,,,,,,,,,,,,136933,,,,,,,,,,,,,,,,,,,
58677,variation,61335533,,D-sign Rug 1P0029 Grey - 200x290,1,0,visible,,D-sign Rug 1P0029 Grey 200x290,,,taxable,parent,0,0,,0,0,,290,200,0.6,0,,1970,3545,,,,,,,61327021-H,,,,,,6,,,Size,200x290,,1,,,,,,,,,,,,,,,,,,,,,,,,,,,,,,,,,,,,,200x290,,,,,,,,,,,,,,,,,,,,,,,,136934,,,,,,,,,,,,,,,,,,,
58679,variation,61327025,,D-sign Artificial Grass 1P0194 Green - 100x100,1,0,hidden,,D-sign KonstgrÃ¤s 1P0194 Green 100x100,,,taxable,parent,1,4,,0,0,,100,100,4.2,0,,563,1125,,,,,,,61327025-H,,,,,,1,,,Size,100x100,,1,,,,,,,,,,,,,,,,,,,,,,,,,,,,,,,,,,,,,,,,,,,,,,,,,,,,,,,,,,,,,136951,,,,,,,,,,,,,,,,,,,
58680,variation,61327028,,D-sign Artificial Grass 1P0194 Green - 100x150,1,0,hidden,,D-sign KonstgrÃ¤s 1P0194 Green 100x150 ,,,taxable,parent,1,2,,0,0,,150,100,4.2,0,,723,1445,,,,,,,61327025-H,,,,,,2,,,Size,100x150,,1,,,,,,,,,,,,,,,,,,,,,,,,,,,,,,,,,,,,,,,,,,,,,,,,,,,,,,,,,,,,,136952,,,,,,,,,,,,,,,,,,,
58681,variation,61327030,,D-sign Artificial Grass 1P0194 Green - 100x200,1,0,hidden,,D-sign KonstgrÃ¤s 1P0194 Green 100x200,,,taxable,parent,1,24,,0,0,,200,100,4.2,0,,883,1765,,,,,,,61327025-H,,,,,,3,,,Size,100x200,,1,,,,,,,,,,,,,,,,,,,,,,,,,,,,,,,,,,,,,,,,,,,,,,,,,,,,,,,,,,,,,136953,,,,,,,,,,,,,,,,,,,
58682,variation,61327034,,D-sign Artificial Grass 1P0194 Green - 100x250,1,0,hidden,,D-sign KonstgrÃ¤s 1P0194 Green 100x250,,,taxable,parent,1,1,,0,0,,250,100,4.2,0,,1043,2085,,,,,,,61327025-H,,,,,,4,,,Size,100x250,,1,,,,,,,,,,,,,,,,,,,,,,,,,,,,,,,,,,,,,,,,,,,,,,,,,,,,,,,,,,,,,136954,,,,,,,,,,,,,,,,,,,
58683,variation,61327026,,D-sign Artificial Grass 1P0194 Green - 100x300,1,0,hidden,,D-sign KonstgrÃ¤s 1P0194 Green 100x300,,,taxable,parent,1,13,,0,0,,300,100,4.2,0,,1203,2405,,,,,,,61327025-H,,,,,,5,,,Size,100x300,,1,,,,,,,,,,,,,,,,,,,,,,,,,,,,,,,,,,,,,,,,,,,,,,,,,,,,,,,,,,,,,136955,,,,,,,,,,,,,,,,,,,
58684,variation,61327032,,D-sign Artificial Grass 1P0194 Green - 100x350,1,0,hidden,,D-sign KonstgrÃ¤s 1P0194 Green 100x350,,,taxable,parent,1,1,,0,0,,350,100,4.2,0,,1363,2725,,,,,,,61327025-H,,,,,,6,,,Size,100x350,,1,,,,,,,,,,,,,,,,,,,,,,,,,,,,,,,,,,,,,,,,,,,,,,,,,,,,,,,,,,,,,136956,,,,,,,,,,,,,,,,,,,
58685,variation,61327031,,D-sign Artificial Grass 1P0194 Green - 100x400,1,0,hidden,,D-sign KonstgrÃ¤s 1P0194 Green 100x400,,,taxable,parent,1,21,,0,0,,400,100,4.2,0,,1523,3045,,,,,,,61327025-H,,,,,,7,,,Size,100x400,,1,,,,,,,,,,,,,,,,,,,,,,,,,,,,,,,,,,,,,,,,,,,,,,,,,,,,,,,,,,,,,136957,,,,,,,,,,,,,,,,,,,
58686,variation,61327027,,D-sign Artificial Grass 1P0194 Green - 100x450,1,0,hidden,,D-sign KonstgrÃ¤s 1P0194 Green 100x450,,,taxable,parent,0,0,,0,0,,450,100,4.2,0,,1683,3365,,,,,,,61327025-H,,,,,,8,,,Size,100x450,,1,,,,,,,,,,,,,,,,,,,,,,,,,,,,,,,,,,,,,,,,,,,,,,,,,,,,,,,,,,,,,136958,,,,,,,,,,,,,,,,,,,
58687,variation,61327035,,D-sign Artificial Grass 1P0194 Green - 100x500,1,0,hidden,,D-sign KonstgrÃ¤s 1P0194 Green 100x500,,,taxable,parent,0,0,,0,0,,500,100,4.2,0,,1843,3685,,,,,,,61327025-H,,,,,,9,,,Size,100x500,,1,,,,,,,,,,,,,,,,,,,,,,,,,,,,,,,,,,,,,,,,,,,,,,,,,,,,,,,,,,,,,136959,,,,,,,,,,,,,,,,,,,
58688,variation,61327033,,D-sign Artificial Grass 1P0194 Green - 100x550,1,0,hidden,,D-sign KonstgrÃ¤s 1P0194 Green 100x550,,,taxable,parent,0,0,,0,0,,550,100,4.2,0,,2003,4005,,,,,,,61327025-H,,,,,,10,,,Size,100x550,,1,,,,,,,,,,,,,,,,,,,,,,,,,,,,,,,,,,,,,,,,,,,,,,,,,,,,,,,,,,,,,136960,,,,,,,,,,,,,,,,,,,
58689,variation,61327029,,D-sign Artificial Grass 1P0194 Green - 100x600,1,0,hidden,,D-sign KonstgrÃ¤s 1P0194 Green 100x600,,,taxable,parent,0,0,,0,0,,600,100,4.2,0,,2228,4455,,,,,,,61327025-H,,,,,,11,,,Size,100x600,,1,,,,,,,,,,,,,,,,,,,,,,,,,,,,,,,,,,,,,,,,,,,,,,,,,,,,,,,,,,,,,136961,,,,,,,,,,,,,,,,,,,
58690,variation,61327039,,D-sign Artificial Grass 1P0194 Green - 100x650,1,0,hidden,,D-sign KonstgrÃ¤s 1P0194 Green 100x650,,,taxable,parent,0,0,,0,0,,650,100,4.2,0,,2388,4775,,,,,,,61327025-H,,,,,,12,,,Size,100x650,,1,,,,,,,,,,,,,,,,,,,,,,,,,,,,,,,,,,,,,,,,,,,,,,,,,,,,,,,,,,,,,136962,,,,,,,,,,,,,,,,,,,
58691,variation,61327041,,D-sign Artificial Grass 1P0194 Green - 100x700,1,0,hidden,,D-sign KonstgrÃ¤s 1P0194 Green 100x700,,,taxable,parent,0,0,,0,0,,700,100,4.2,0,,2548,5095,,,,,,,61327025-H,,,,,,13,,,Size,100x700,,1,,,,,,,,,,,,,,,,,,,,,,,,,,,,,,,,,,,,,,,,,,,,,,,,,,,,,,,,,,,,,136963,,,,,,,,,,,,,,,,,,,
58692,variation,61327043,,D-sign Artificial Grass 1P0194 Green - 100x750,1,0,hidden,,D-sign KonstgrÃ¤s 1P0194 Green 100x750,,,taxable,parent,0,0,,0,0,,750,100,4.2,0,,2708,5415,,,,,,,61327025-H,,,,,,14,,,Size,100x750,,1,,,,,,,,,,,,,,,,,,,,,,,,,,,,,,,,,,,,,,,,,,,,,,,,,,,,,,,,,,,,,136964,,,,,,,,,,,,,,,,,,,
58693,variation,61327044,,D-sign Artificial Grass 1P0194 Green - 100x800,1,0,hidden,,D-sign KonstgrÃ¤s 1P0194 Green 100x800,,,taxable,parent,0,0,,0,0,,800,100,4.2,0,,2868,5735,,,,,,,61327025-H,,,,,,15,,,Size,100x800,,1,,,,,,,,,,,,,,,,,,,,,,,,,,,,,,,,,,,,,,,,,,,,,,,,,,,,,,,,,,,,,136965,,,,,,,,,,,,,,,,,,,
58694,variation,61327038,,D-sign Artificial Grass 1P0194 Green - 100x850,1,0,hidden,,D-sign KonstgrÃ¤s 1P0194 Green 100x850,,,taxable,parent,0,0,,0,0,,850,100,4.2,0,,3028,6055,,,,,,,61327025-H,,,,,,16,,,Size,100x850,,1,,,,,,,,,,,,,,,,,,,,,,,,,,,,,,,,,,,,,,,,,,,,,,,,,,,,,,,,,,,,,136966,,,,,,,,,,,,,,,,,,,
58695,variation,61327040,,D-sign Artificial Grass 1P0194 Green - 100x900,1,0,hidden,,D-sign KonstgrÃ¤s 1P0194 Green 100x900,,,taxable,parent,0,0,,0,0,,900,100,4.2,0,,3188,6375,,,,,,,61327025-H,,,,,,17,,,Size,100x900,,1,,,,,,,,,,,,,,,,,,,,,,,,,,,,,,,,,,,,,,,,,,,,,,,,,,,,,,,,,,,,,136967,,,,,,,,,,,,,,,,,,,
58696,variation,61327036,,D-sign Artificial Grass 1P0194 Green - 100x950,1,0,hidden,,D-sign KonstgrÃ¤s 1P0194 Green 100x950,,,taxable,parent,0,0,,0,0,,950,100,4.2,0,,3348,6695,,,,,,,61327025-H,,,,,,18,,,Size,100x950,,1,,,,,,,,,,,,,,,,,,,,,,,,,,,,,,,,,,,,,,,,,,,,,,,,,,,,,,,,,,,,,136968,,,,,,,,,,,,,,,,,,,
58697,variation,61327037,,D-sign Artificial Grass 1P0194 Green - 133x100,1,0,hidden,,D-sign KonstgrÃ¤s 1P0194 Green 133x100,,,taxable,parent,1,21,,0,0,,100,133,4.2,0,,673,1345,,,,,,,61327025-H,,,,,,19,,,Size,133x100,,1,,,,,,,,,,,,,,,,,,,,,,,,,,,,,,,,,,,,,,,,,,,,,,,,,,,,,,,,,,,,,136969,,,,,,,,,,,,,,,,,,,
58698,variation,61327045,,D-sign Artificial Grass 1P0194 Green - 133x150,1,0,hidden,,D-sign KonstgrÃ¤s 1P0194 Green 133x150,,,taxable,parent,1,13,,0,0,,150,133,4.2,0,,883,1765,,,,,,,61327025-H,,,,,,20,,,Size,133x150,,1,,,,,,,,,,,,,,,,,,,,,,,,,,,,,,,,,,,,,,,,,,,,,,,,,,,,,,,,,,,,,136970,,,,,,,,,,,,,,,,,,,
58699,variation,61327042,,D-sign Artificial Grass 1P0194 Green - 133x200,1,0,hidden,,D-sign KonstgrÃ¤s 1P0194 Green 133x200,,,taxable,parent,1,25,,0,0,,200,133,4.2,0,,1098,2195,,,,,,,61327025-H,,,,,,21,,,Size,133x200,,1,,,,,,,,,,,,,,,,,,,,,,,,,,,,,,,,,,,,,,,,,,,,,,,,,,,,,,,,,,,,,136971,,,,,,,,,,,,,,,,,,,
58700,variation,61327050,,D-sign Artificial Grass 1P0194 Green - 133x250,1,0,hidden,,D-sign KonstgrÃ¤s 1P0194 Green 133x250,,,taxable,parent,1,7,,0,0,,250,133,4.2,0,,1308,2615,,,,,,,61327025-H,,,,,,22,,,Size,133x250,,1,,,,,,,,,,,,,,,,,,,,,,,,,,,,,,,,,,,,,,,,,,,,,,,,,,,,,,,,,,,,,136972,,,,,,,,,,,,,,,,,,,
58701,variation,61327048,,D-sign Artificial Grass 1P0194 Green - 133x300,1,0,hidden,,D-sign KonstgrÃ¤s 1P0194 Green 133x300,,,taxable,parent,1,15,,0,0,,300,133,4.2,0,,1523,3045,,,,,,,61327025-H,,,,,,23,,,Size,133x300,,1,,,,,,,,,,,,,,,,,,,,,,,,,,,,,,,,,,,,,,,,,,,,,,,,,,,,,,,,,,,,,136973,,,,,,,,,,,,,,,,,,,
58702,variation,61327052,,D-sign Artificial Grass 1P0194 Green - 133x350,1,0,hidden,,D-sign KonstgrÃ¤s 1P0194 Green 133x350,,,taxable,parent,1,5,,0,0,,350,133,4.2,0,,1733,3465,,,,,,,61327025-H,,,,,,24,,,Size,133x350,,1,,,,,,,,,,,,,,,,,,,,,,,,,,,,,,,,,,,,,,,,,,,,,,,,,,,,,,,,,,,,,136974,,,,,,,,,,,,,,,,,,,
58703,variation,61327049,,D-sign Artificial Grass 1P0194 Green - 133x400,1,0,hidden,,D-sign KonstgrÃ¤s 1P0194 Green 133x400,,,taxable,parent,1,20,,0,0,,400,133,4.2,0,,1948,3895,,,,,,,61327025-H,,,,,,25,,,Size,133x400,,1,,,,,,,,,,,,,,,,,,,,,,,,,,,,,,,,,,,,,,,,,,,,,,,,,,,,,,,,,,,,,136975,,,,,,,,,,,,,,,,,,,
58704,variation,61327051,,D-sign Artificial Grass 1P0194 Green - 133x450,1,0,hidden,,D-sign KonstgrÃ¤s 1P0194 Green 133x450,,,taxable,parent,1,4,,0,0,,450,133,4.2,0,,2223,4445,,,,,,,61327025-H,,,,,,26,,,Size,133x450,,1,,,,,,,,,,,,,,,,,,,,,,,,,,,,,,,,,,,,,,,,,,,,,,,,,,,,,,,,,,,,,136976,,,,,,,,,,,,,,,,,,,
58705,variation,61327047,,D-sign Artificial Grass 1P0194 Green - 133x500,1,0,hidden,,D-sign KonstgrÃ¤s 1P0194 Green 133x500,,,taxable,parent,1,3,,0,0,,500,133,4.2,0,,2433,4865,,,,,,,61327025-H,,,,,,27,,,Size,133x500,,1,,,,,,,,,,,,,,,,,,,,,,,,,,,,,,,,,,,,,,,,,,,,,,,,,,,,,,,,,,,,,136977,,,,,,,,,,,,,,,,,,,
58706,variable,61327071-H,,D-sign Rug 1P0166 Beige,1,0,visible,D-sign Rug 1P0166 Beige,D-sign Rug 1P0166 Beige,,,taxable,,1,,,0,0,,,,,1,,,,"Rooms > Bedroom, Rooms > Living room, Rugs > Modern, Rugs",,,"https://rugshop.eu/wp-content/uploads/2021/11/modern-mefe-carpet-2783-marble-structural-two-levels-of-fleece-dark-beige.jpg, https://rugshop.eu/wp-content/uploads/2021/11/modern-mefe-carpet-2783-marble-structural-two-levels-of-fleece-dark-beige-1.jpg, https://rugshop.eu/wp-content/uploads/2021/11/modern-mefe-carpet-2783-marble-structural-two-levels-of-fleece-dark-beige-2.jpg, https://rugshop.eu/wp-content/uploads/2021/11/modern-mefe-carpet-2783-marble-structural-two-levels-of-fleece-dark-beige-3.jpg, https://rugshop.eu/wp-content/uploads/2021/11/modern-mefe-carpet-2783-marble-structural-two-levels-of-fleece-dark-beige-4.jpg",,,,,,,,,2474,,,Size,"120x170, 140x190, 160x220, 180x270, 200x290, 240x330, 280x370, 80x150",1,1,Brand,D-sign,1,1,Color,Yellow-Brown,1,1,Type of color,Multicolor,1,1,Shape,Rectangular,1,1,Material,Polyester,1,1,Type of rug,Modern,1,1,Weave,Machinemade,1,1,Age,New,1,1,,,,,,,,,,,,,,,,,,yes,yes,,,,,,,,,,,,,,,,,,,,,,,,,,,,,
58707,variable,61327072-H,,D-sign Rug 1P0174 Beige,1,0,visible,D-sign Rug 1P0174 Beige,D-sign Rug 1P0174 Beige,,,taxable,,1,,,0,0,,,,,1,,,,"Rooms > Bedroom, Rooms > Living room, Rugs > Modern, Rugs",,,"https://rugshop.eu/wp-content/uploads/2021/11/modern-mefe-carpet-6184-paving-brick-structural-two-levels-of-fleece-dark-beige.jpg, https://rugshop.eu/wp-content/uploads/2021/11/modern-mefe-carpet-6184-paving-brick-structural-two-levels-of-fleece-dark-beige-1.jpg, https://rugshop.eu/wp-content/uploads/2021/11/modern-mefe-carpet-6184-paving-brick-structural-two-levels-of-fleece-dark-beige-2.jpg, https://rugshop.eu/wp-content/uploads/2021/11/modern-mefe-carpet-6184-paving-brick-structural-two-levels-of-fleece-dark-beige-3.jpg, https://rugshop.eu/wp-content/uploads/2021/11/modern-mefe-carpet-6184-paving-brick-structural-two-levels-of-fleece-dark-beige-4.jpg",,,,,,,,,2482,,,Size,"120x170, 140x190, 160x220, 180x270, 200x290, 240x330, 280x370, 80x150",1,1,Brand,D-sign,1,1,Color,Yellow-Brown,1,1,Type of color,Multicolor,1,1,Shape,Rectangular,1,1,Material,Polyester,1,1,Type of rug,Modern,1,1,Weave,Machinemade,1,1,Age,New,1,1,,,,,,,,,,,,,,,,,,yes,yes,,,,,,,,,,,,,,,,,,,,,,,,,,,,,
58708,variation,61327053,,D-sign Artificial Grass 1P0194 Green - 133x550,1,0,hidden,,D-sign KonstgrÃ¤s 1P0194 Green 133x550,,,taxable,parent,1,3,,0,0,,550,133,4.2,0,,2648,5295,,,,,,,61327025-H,,,,,,28,,,Size,133x550,,1,,,,,,,,,,,,,,,,,,,,,,,,,,,,,,,,,,,,,,,,,,,,,,,,,,,,,,,,,,,,,136978,,,,,,,,,,,,,,,,,,,
58709,variation,61327046,,D-sign Artificial Grass 1P0194 Green - 133x600,1,0,hidden,,D-sign KonstgrÃ¤s 1P0194 Green 133x600,,,taxable,parent,1,3,,0,0,,600,133,4.2,0,,2858,5715,,,,,,,61327025-H,,,,,,29,,,Size,133x600,,1,,,,,,,,,,,,,,,,,,,,,,,,,,,,,,,,,,,,,,,,,,,,,,,,,,,,,,,,,,,,,136979,,,,,,,,,,,,,,,,,,,
58710,variation,61327055,,D-sign Artificial Grass 1P0194 Green - 133x650,1,0,hidden,,D-sign KonstgrÃ¤s 1P0194 Green 133x650,,,taxable,parent,1,3,,0,0,,650,133,4.2,0,,3073,6145,,,,,,,61327025-H,,,,,,30,,,Size,133x650,,1,,,,,,,,,,,,,,,,,,,,,,,,,,,,,,,,,,,,,,,,,,,,,,,,,,,,,,,,,,,,,136980,,,,,,,,,,,,,,,,,,,
58711,variation,61327054,,D-sign Artificial Grass 1P0194 Green - 133x700,1,0,hidden,,D-sign KonstgrÃ¤s 1P0194 Green 133x700,,,taxable,parent,1,2,,0,0,,700,133,4.2,0,,3288,6575,,,,,,,61327025-H,,,,,,31,,,Size,133x700,,1,,,,,,,,,,,,,,,,,,,,,,,,,,,,,,,,,,,,,,,,,,,,,,,,,,,,,,,,,,,,,136981,,,,,,,,,,,,,,,,,,,
58712,variation,61327059,,D-sign Artificial Grass 1P0194 Green - 133x750,1,0,hidden,,D-sign KonstgrÃ¤s 1P0194 Green 133x750,,,taxable,parent,1,2,,0,0,,750,133,4.2,0,,3808,7615,,,,,,,61327025-H,,,,,,32,,,Size,133x750,,1,,,,,,,,,,,,,,,,,,,,,,,,,,,,,,,,,,,,,,,,,,,,,,,,,,,,,,,,,,,,,136982,,,,,,,,,,,,,,,,,,,
58713,variation,61327066,,D-sign Artificial Grass 1P0194 Green - 150x200,1,0,hidden,,D-sign KonstgrÃ¤s 1P0194 Green 150x200,,,taxable,parent,1,15,,0,0,,200,150,4.2,0,,1203,2405,,,,,,,61327025-H,,,,,,33,,,Size,150x200,,1,,,,,,,,,,,,,,,,,,,,,,,,,,,,,,,,,,,,,,,,,,,,,,,,,,,,,,,,,,,,,136983,,,,,,,,,,,,,,,,,,,
58714,variation,61327063,,D-sign Artificial Grass 1P0194 Green - 150x300,1,0,hidden,,D-sign KonstgrÃ¤s 1P0194 Green 150x300,,,taxable,parent,1,8,,0,0,,300,150,4.2,0,,1683,3365,,,,,,,61327025-H,,,,,,34,,,Size,150x300,,1,,,,,,,,,,,,,,,,,,,,,,,,,,,,,,,,,,,,,,,,,,,,,,,,,,,,,,,,,,,,,136984,,,,,,,,,,,,,,,,,,,
58715,variation,61327065,,D-sign Artificial Grass 1P0194 Green - 150x400,1,0,hidden,,D-sign KonstgrÃ¤s 1P0194 Green 150x400,,,taxable,parent,1,5,,0,0,,400,150,4.2,0,,2228,4455,,,,,,,61327025-H,,,,,,35,,,Size,150x400,,1,,,,,,,,,,,,,,,,,,,,,,,,,,,,,,,,,,,,,,,,,,,,,,,,,,,,,,,,,,,,,136985,,,,,,,,,,,,,,,,,,,
58716,variation,61327057,,D-sign Artificial Grass 1P0194 Green - 200x200,1,0,hidden,,D-sign KonstgrÃ¤s 1P0194 Green 200x200,,,taxable,parent,1,11,,0,0,,200,200,4.2,0,,1523,3045,,,,,,,61327025-H,,,,,,36,,,Size,200x200,,1,,,,,,,,,,,,,,,,,,,,,,,,,,,,,,,,,,,,,,,,,,,,,,,,,,,,,,,,,,,,,136986,,,,,,,,,,,,,,,,,,,
58717,variation,61327060,,D-sign Artificial Grass 1P0194 Green - 200x250,1,0,hidden,,D-sign KonstgrÃ¤s 1P0194 Green 200x250,,,taxable,parent,1,9,,0,0,,250,200,4.2,0,,1843,3685,,,,,,,61327025-H,,,,,,37,,,Size,200x250,,1,,,,,,,,,,,,,,,,,,,,,,,,,,,,,,,,,,,,,,,,,,,,,,,,,,,,,,,,,,,,,136987,,,,,,,,,,,,,,,,,,,
58718,variation,61327064,,D-sign Artificial Grass 1P0194 Green - 200x300,1,0,hidden,,D-sign KonstgrÃ¤s 1P0194 Green 200x300,,,taxable,parent,1,13,,0,0,,300,200,4.2,0,,2228,4455,,,,,,,61327025-H,,,,,,38,,,Size,200x300,,1,,,,,,,,,,,,,,,,,,,,,,,,,,,,,,,,,,,,,,,,,,,,,,,,,,,,,,,,,,,,,136988,,,,,,,,,,,,,,,,,,,
58719,variation,61327058,,D-sign Artificial Grass 1P0194 Green - 200x350,1,0,hidden,,D-sign KonstgrÃ¤s 1P0194 Green 200x350,,,taxable,parent,1,6,,0,0,,350,200,4.2,0,,2548,5095,,,,,,,61327025-H,,,,,,39,,,Size,200x350,,1,,,,,,,,,,,,,,,,,,,,,,,,,,,,,,,,,,,,,,,,,,,,,,,,,,,,,,,,,,,,,136989,,,,,,,,,,,,,,,,,,,
58720,variation,61327062,,D-sign Artificial Grass 1P0194 Green - 200x400,1,0,hidden,,D-sign KonstgrÃ¤s 1P0194 Green 200x400,,,taxable,parent,1,15,,0,0,,400,200,4.2,0,,2868,5735,,,,,,,61327025-H,,,,,,40,,,Size,200x400,,1,,,,,,,,,,,,,,,,,,,,,,,,,,,,,,,,,,,,,,,,,,,,,,,,,,,,,,,,,,,,,136990,,,,,,,,,,,,,,,,,,,
58721,variation,61327061,,D-sign Artificial Grass 1P0194 Green - 200x450,1,0,hidden,,D-sign KonstgrÃ¤s 1P0194 Green 200x450,,,taxable,parent,1,5,,0,0,,450,200,4.2,0,,3188,6375,,,,,,,61327025-H,,,,,,41,,,Size,200x450,,1,,,,,,,,,,,,,,,,,,,,,,,,,,,,,,,,,,,,,,,,,,,,,,,,,,,,,,,,,,,,,136991,,,,,,,,,,,,,,,,,,,
58722,variation,61327070,,D-sign Artificial Grass 1P0194 Green - 250x300,1,0,hidden,,D-sign KonstgrÃ¤s 1P0194 Green 250x300,,,taxable,parent,1,4,,0,0,,300,250,4.2,0,,2708,5415,,,,,,,61327025-H,,,,,,42,,,Size,250x300,,1,,,,,,,,,,,,,,,,,,,,,,,,,,,,,,,,,,,,,,,,,,,,,,,,,,,,,,,,,,,,,136992,,,,,,,,,,,,,,,,,,,
58723,variation,61327069,,D-sign Artificial Grass 1P0194 Green - 300x300,1,0,hidden,,D-sign KonstgrÃ¤s 1P0194 Green 300x300,,,taxable,parent,1,4,,0,0,,300,300,4.2,0,,3188,6375,,,,,,,61327025-H,,,,,,43,,,Size,300x300,,1,,,,,,,,,,,,,,,,,,,,,,,,,,,,,,,,,,,,,,,,,,,,,,,,,,,,,,,,,,,,,136993,,,,,,,,,,,,,,,,,,,
58725,variation,61327071,,D-sign Rug 1P0166 Beige - 80x150,1,0,visible,,D-sign Rug 1P0166 Beige 80x150,,,taxable,parent,0,0,,0,0,,150,80,0.8,0,,467,835,,,,,,,61327071-H,,,,,,1,,,Size,80x150,,1,,,,,,,,,,,,,,,,,,,,,,,,,,,,,,,,,,,,,80x150,,,,,,,,,,,,,,,,,,,,,,,,137236,,,,,,,,,,,,,,,,,,,
58726,variation,61335557,,D-sign Rug 1P0166 Beige - 120x170,1,0,visible,,D-sign Rug 1P0166 Beige 120x170,,,taxable,parent,1,8,,0,0,,170,120,0.8,0,,598,1075,,,,,,,61327071-H,,,,,,2,,,Size,120x170,,1,,,,,,,,,,,,,,,,,,,,,,,,,,,,,,,,,,,,,120x170,,,,,,,,,,,,,,,,,,,,,,,,135881,,,,,,,,,,,,,,,,,,,
58727,variation,61335536,,D-sign Rug 1P0166 Beige - 140x190,1,0,visible,,D-sign Rug 1P0166 Beige 140x190,,,taxable,parent,1,11,,0,0,,190,140,0.8,0,,696,1245,,,,,,,61327071-H,,,,,,3,,,Size,140x190,,1,,,,,,,,,,,,,,,,,,,,,,,,,,,,,,,,,,,,,140x190,,,,,,,,,,,,,,,,,,,,,,,,137238,,,,,,,,,,,,,,,,,,,
58728,variation,61335549,,D-sign Rug 1P0166 Beige - 160x220,1,0,visible,,D-sign Rug 1P0166 Beige 160x220,,,taxable,parent,0,0,,0,0,,220,160,0.8,0,,826,1485,,,,,,,61327071-H,,,,,,4,,,Size,160x220,,1,,,,,,,,,,,,,,,,,,,,,,,,,,,,,,,,,,,,,160x220,,,,,,,,,,,,,,,,,,,,,,,,135882,,,,,,,,,,,,,,,,,,,
58729,variation,61335528,,D-sign Rug 1P0166 Beige - 180x270,1,0,visible,,D-sign Rug 1P0166 Beige 180x270,,,taxable,parent,0,0,,0,0,,270,180,0.8,0,,1041,1865,,,,,,,61327071-H,,,,,,5,,,Size,180x270,,1,,,,,,,,,,,,,,,,,,,,,,,,,,,,,,,,,,,,,180x270,,,,,,,,,,,,,,,,,,,,,,,,135883,,,,,,,,,,,,,,,,,,,
58730,variation,61335531,,D-sign Rug 1P0166 Beige - 200x290,1,0,visible,,D-sign Rug 1P0166 Beige 200x290,,,taxable,parent,0,0,,0,0,,290,200,0.8,0,,1204,2165,,,,,,,61327071-H,,,,,,6,,,Size,200x290,,1,,,,,,,,,,,,,,,,,,,,,,,,,,,,,,,,,,,,,200x290,,,,,,,,,,,,,,,,,,,,,,,,135884,,,,,,,,,,,,,,,,,,,
58731,variation,61335559,,D-sign Rug 1P0166 Beige - 240x330,1,0,visible,,D-sign Rug 1P0166 Beige 240x330,,,taxable,parent,0,0,,0,0,,330,240,0.8,0,,1530,2745,,,,,,,61327071-H,,,,,,7,,,Size,240x330,,1,,,,,,,,,,,,,,,,,,,,,,,,,,,,,,,,,,,,,240x330,,,,,,,,,,,,,,,,,,,,,,,,137239,,,,,,,,,,,,,,,,,,,
58732,variation,61335534,,D-sign Rug 1P0166 Beige - 280x370,1,0,visible,,D-sign Rug 1P0166 Beige 280x370,,,taxable,parent,0,0,,0,0,,370,280,0.8,0,,2003,3605,,,,,,,61327071-H,,,,,,8,,,Size,280x370,,1,,,,,,,,,,,,,,,,,,,,,,,,,,,,,,,,,,,,,280x370,,,,,,,,,,,,,,,,,,,,,,,,137240,,,,,,,,,,,,,,,,,,,
58734,variable,61327073-H,,D-sign Rug 1P0195 Grey,1,0,visible,D-sign Rug 1P0195 Grey,D-sign Rug 1P0195 Grey,,,taxable,,1,,,0,0,,,,,1,,,,"Rooms > Bedroom, Rooms > Living room, Rugs, Rugs > Sisal",,,"https://rugshop.eu/wp-content/uploads/2021/11/carpet-color-47373960-sisal-labyrinth-grey-beige.jpg, https://rugshop.eu/wp-content/uploads/2021/11/carpet-color-47373960-sisal-labyrinth-grey-beige-1.jpg, https://rugshop.eu/wp-content/uploads/2021/11/carpet-color-47373960-sisal-labyrinth-grey-beige-2.jpg, https://rugshop.eu/wp-content/uploads/2021/11/carpet-color-47373960-sisal-labyrinth-grey-beige-3.jpg, https://rugshop.eu/wp-content/uploads/2021/11/carpet-color-47373960-sisal-labyrinth-grey-beige-4.jpg",,,,,,,,,2499,,,Size,"120x170, 140x200, 160x230, 200x290, 60x110, 80x150",1,1,Brand,D-sign,1,1,Color,"Black-Grey, White-Beige",1,1,Type of color,Multicolor,1,1,Shape,Rectangular,1,1,Material,Polypropylene,1,1,Type of rug,Sisal,1,1,Weave,Machinemade,1,1,Age,New,1,1,,,,,,,,,,,,,,,,,,yes,yes,,,,,,,,,,,,,,,,,,,,,,,,,,,,,
58735,variable,61327077-H,,D-sign Rug 1P0196 Beige,1,0,visible,D-sign Rug 1P0196 Beige,D-sign Rug 1P0196 Beige,,,taxable,,1,,,0,0,,,,,1,,,,"Rooms > Bedroom, Rooms > Living room, Rugs, Rugs > Sisal",,,"https://rugshop.eu/wp-content/uploads/2021/11/carpet-color-47278306-sisal-lines-triangles-beige-blue.jpg, https://rugshop.eu/wp-content/uploads/2021/11/carpet-color-47278306-sisal-lines-triangles-beige-blue-1.jpg, https://rugshop.eu/wp-content/uploads/2021/11/carpet-color-47278306-sisal-lines-triangles-beige-blue-2.jpg, https://rugshop.eu/wp-content/uploads/2021/11/carpet-color-47278306-sisal-lines-triangles-beige-blue-3.jpg, https://rugshop.eu/wp-content/uploads/2021/11/carpet-color-47278306-sisal-lines-triangles-beige-blue-4.jpg",,,,,,,,,2500,,,Size,"120x170, 140x200, 160x230, 200x290, 60x110, 80x150",1,1,Brand,D-sign,1,1,Color,White-Beige,1,1,Type of color,Multicolor,1,1,Shape,Rectangular,1,1,Material,Polypropylene,1,1,Type of rug,Sisal,1,1,Weave,Machinemade,1,1,Age,New,1,1,,,,,,,,,,,,,,,,,,yes,yes,,,,,,,,,classic-editor,,,,,,,,,,,,,,,,,,,,
58736,variable,61327081-H,,D-sign Rug 1P0196 Beige,1,0,visible,D-sign Rug 1P0196 Beige,D-sign Rug 1P0196 Beige,,,taxable,,1,,,0,0,,,,,1,,,,"Rooms > Bedroom, Rooms > Living room, Rugs, Rugs > Sisal",,,"https://rugshop.eu/wp-content/uploads/2021/11/carpet-color-19676362-sisal-lines-beige-green.jpg, https://rugshop.eu/wp-content/uploads/2021/11/carpet-color-19676362-sisal-lines-beige-green-1.jpg, https://rugshop.eu/wp-content/uploads/2021/11/carpet-color-19676362-sisal-lines-beige-green-2.jpg, https://rugshop.eu/wp-content/uploads/2021/11/carpet-color-19676362-sisal-lines-beige-green-3.jpg, https://rugshop.eu/wp-content/uploads/2021/11/carpet-color-19676362-sisal-lines-beige-green-4.jpg",,,,,,,,,2501,,,Size,"120x170, 140x200, 160x230, 200x290, 80x150",1,1,Brand,D-sign,1,1,Color,White-Beige,1,1,Type of color,Multicolor,1,1,Shape,Rectangular,1,1,Material,Polypropylene,1,1,Type of rug,Sisal,1,1,Weave,Machinemade,1,1,Age,New,1,1,,,,,,,,,,,,,,,,,,yes,yes,,,,,,,,,,,,,,,,,,,,,,,,,,,,,
58737,variable,61327082-H,,D-sign Rug 1P0196 Beige,1,0,visible,D-sign Rug 1P0196 Beige,D-sign Rug 1P0196 Beige,,,taxable,,1,,,0,0,,,,,1,,,,"Rooms > Bedroom, Rooms > Living room, Rugs, Rugs > Sisal",,,"https://rugshop.eu/wp-content/uploads/2021/11/carpet-color-19521260-sisal-ornament-frame-beige.jpg, https://rugshop.eu/wp-content/uploads/2021/11/carpet-color-19521260-sisal-ornament-frame-beige-1.jpg, https://rugshop.eu/wp-content/uploads/2021/11/carpet-color-19521260-sisal-ornament-frame-beige-2.jpg, https://rugshop.eu/wp-content/uploads/2021/11/carpet-color-19521260-sisal-ornament-frame-beige-3.jpg, https://rugshop.eu/wp-content/uploads/2021/11/carpet-color-19521260-sisal-ornament-frame-beige-4.jpg",,,,,,,,,2502,,,Size,"120x170, 140x200, 160x230, 200x290, 80x150",1,1,Brand,D-sign,1,1,Color,"Black-Grey, White-Beige",1,1,Type of color,Multicolor,1,1,Shape,Rectangular,1,1,Material,Polypropylene,1,1,Type of rug,Sisal,1,1,Weave,Machinemade,1,1,Age,New,1,1,,,,,,,,,,,,,,,,,,yes,yes,,,,,,,,,,,,,,,,,,,,,,,,,,,,,
58738,variation,61327072,,D-sign Rug 1P0174 Beige - 80x150,1,0,visible,,D-sign Rug 1P0174 Beige 80x150,,,taxable,parent,0,0,,0,0,,150,80,0.8,0,,467,835,,,,,,,61327072-H,,,,,,1,,,Size,80x150,,1,,,,,,,,,,,,,,,,,,,,,,,,,,,,,,,,,,,,,80x150,,,,,,,,,,,,,,,,,,,,,,,,137241,,,,,,,,,,,,,,,,,,,
58739,variation,61335555,,D-sign Rug 1P0174 Beige - 120x170,1,0,visible,,D-sign Rug 1P0174 Beige 120x170,,,taxable,parent,1,16,,0,0,,170,120,0.8,0,,598,1075,,,,,,,61327072-H,,,,,,2,,,Size,120x170,,1,,,,,,,,,,,,,,,,,,,,,,,,,,,,,,,,,,,,,120x170,,,,,,,,,,,,,,,,,,,,,,,,136093,,,,,,,,,,,,,,,,,,,
58740,variation,61335553,,D-sign Rug 1P0174 Beige - 140x190,1,0,visible,,D-sign Rug 1P0174 Beige 140x190,,,taxable,parent,1,22,,0,0,,190,140,0.8,0,,696,1245,,,,,,,61327072-H,,,,,,3,,,Size,140x190,,1,,,,,,,,,,,,,,,,,,,,,,,,,,,,,,,,,,,,,140x190,,,,,,,,,,,,,,,,,,,,,,,,136094,,,,,,,,,,,,,,,,,,,
58741,variation,61335554,,D-sign Rug 1P0174 Beige - 160x220,1,0,visible,,D-sign Rug 1P0174 Beige 160x220,,,taxable,parent,1,16,,0,0,,220,160,0.8,0,,826,1485,,,,,,,61327072-H,,,,,,4,,,Size,160x220,,1,,,,,,,,,,,,,,,,,,,,,,,,,,,,,,,,,,,,,160x220,,,,,,,,,,,,,,,,,,,,,,,,136095,,,,,,,,,,,,,,,,,,,
58742,variation,61335552,,D-sign Rug 1P0174 Beige - 180x270,1,0,visible,,D-sign Rug 1P0174 Beige 180x270,,,taxable,parent,0,0,,0,0,,270,180,0.8,0,,1041,1865,,,,,,,61327072-H,,,,,,5,,,Size,180x270,,1,,,,,,,,,,,,,,,,,,,,,,,,,,,,,,,,,,,,,180x270,,,,,,,,,,,,,,,,,,,,,,,,136096,,,,,,,,,,,,,,,,,,,
58743,variation,61335556,,D-sign Rug 1P0174 Beige - 200x290,1,0,visible,,D-sign Rug 1P0174 Beige 200x290,,,taxable,parent,1,1,,0,0,,290,200,0.8,0,,1204,2165,,,,,,,61327072-H,,,,,,6,,,Size,200x290,,1,,,,,,,,,,,,,,,,,,,,,,,,,,,,,,,,,,,,,200x290,,,,,,,,,,,,,,,,,,,,,,,,136097,,,,,,,,,,,,,,,,,,,
58744,variation,61335563,,D-sign Rug 1P0174 Beige - 240x330,1,0,visible,,D-sign Rug 1P0174 Beige 240x330,,,taxable,parent,0,0,,0,0,,330,240,0.8,0,,1530,2745,,,,,,,61327072-H,,,,,,7,,,Size,240x330,,1,,,,,,,,,,,,,,,,,,,,,,,,,,,,,,,,,,,,,240x330,,,,,,,,,,,,,,,,,,,,,,,,137242,,,,,,,,,,,,,,,,,,,
58745,variation,61335551,,D-sign Rug 1P0174 Beige - 280x370,1,0,visible,,D-sign Rug 1P0174 Beige 280x370,,,taxable,parent,0,0,,0,0,,370,280,0.8,0,,2003,3605,,,,,,,61327072-H,,,,,,8,,,Size,280x370,,1,,,,,,,,,,,,,,,,,,,,,,,,,,,,,,,,,,,,,280x370,,,,,,,,,,,,,,,,,,,,,,,,137243,,,,,,,,,,,,,,,,,,,
58747,variation,61327073,,D-sign Rug 1P0195 Grey - 60x110,1,0,visible,,D-sign Rug 1P0195 Grey 60x110,,,taxable,parent,0,0,,0,0,,110,60,0.6,0,,471,845,,,,,,,61327073-H,,,,,,1,,,Size,60x110,,1,,,,,,,,,,,,,,,,,,,,,,,,,,,,,,,,,,,,,60x110,,,,,,,,,,,,,,,,,,,,,,,,137378,,,,,,,,,,,,,,,,,,,
58748,variation,61335558,,D-sign Rug 1P0195 Grey - 80x150,1,0,visible,,D-sign Rug 1P0195 Grey 80x150,,,taxable,parent,1,6,,0,0,,150,80,0.6,0,,666,1195,,,,,,,61327073-H,,,,,,2,,,Size,80x150,,1,,,,,,,,,,,,,,,,,,,,,,,,,,,,,,,,,,,,,80x150,,,,,,,,,,,,,,,,,,,,,,,,137379,,,,,,,,,,,,,,,,,,,
58749,variation,61327075,,D-sign Rug 1P0195 Grey - 120x170,1,0,visible,,D-sign Rug 1P0195 Grey 120x170,,,taxable,parent,1,5,,0,0,,170,120,0.6,0,,924,1655,,,,,,,61327073-H,,,,,,3,,,Size,120x170,,1,,,,,,,,,,,,,,,,,,,,,,,,,,,,,,,,,,,,,120x170,,,,,,,,,,,,,,,,,,,,,,,,137380,,,,,,,,,,,,,,,,,,,
58750,variation,61327078,,D-sign Rug 1P0195 Grey - 140x200,1,0,visible,,D-sign Rug 1P0195 Grey 140x200,,,taxable,parent,1,5,,0,0,,200,140,0.6,0,,1185,2125,,,,,,,61327073-H,,,,,,4,,,Size,140x200,,1,,,,,,,,,,,,,,,,,,,,,,,,,,,,,,,,,,,,,140x200,,,,,,,,,,,,,,,,,,,,,,,,137381,,,,,,,,,,,,,,,,,,,
58751,variation,61327076,,D-sign Rug 1P0195 Grey - 160x230,1,0,visible,,D-sign Rug 1P0195 Grey 160x230,,,taxable,parent,1,4,,0,0,,230,160,0.6,0,,1446,2595,,,,,,,61327073-H,,,,,,5,,,Size,160x230,,1,,,,,,,,,,,,,,,,,,,,,,,,,,,,,,,,,,,,,160x230,,,,,,,,,,,,,,,,,,,,,,,,137382,,,,,,,,,,,,,,,,,,,
58752,variation,61327079,,D-sign Rug 1P0195 Grey - 200x290,1,0,visible,,D-sign Rug 1P0195 Grey 200x290,,,taxable,parent,1,2,,0,0,,290,200,0.6,0,,2163,3885,,,,,,,61327073-H,,,,,,6,,,Size,200x290,,1,,,,,,,,,,,,,,,,,,,,,,,,,,,,,,,,,,,,,200x290,,,,,,,,,,,,,,,,,,,,,,,,137383,,,,,,,,,,,,,,,,,,,
58754,variation,61327077,,D-sign Rug 1P0196 Beige - 60x110,1,0,visible,,D-sign Rug 1P0196 Beige 60x110,,,taxable,parent,1,13,,0,0,,110,60,0.6,0,,471,845,,,,,,,61327077-H,,,,,,1,,,Size,60x110,,1,,,,,,,,,,,,,,,,,,,,,,,,,,,,,,,,,,,,,60x110,,,,,,,,,,,,,,,,,,,,,,,,137390,,,,,,,,,,,,,,,,,,,
58755,variation,61335561,,D-sign Rug 1P0196 Beige - 80x150,1,0,visible,,D-sign Rug 1P0196 Beige 80x150,,,taxable,parent,1,15,,0,0,,150,80,0.6,0,,666,1195,,,,,,,61327077-H,,,,,,2,,,Size,80x150,,1,,,,,,,,,,,,,,,,,,,,,,,,,,,,,,,,,,,,,80x150,,,,,,,,,,,,,,,,,,,,,,,,137391,,,,,,,,,,,,,,,,,,,
58756,variation,61335564,,D-sign Rug 1P0196 Beige - 120x170,1,0,visible,,D-sign Rug 1P0196 Beige 120x170,,,taxable,parent,1,8,,0,0,,170,120,0.6,0,,924,1655,,,,,,,61327077-H,,,,,,3,,,Size,120x170,,1,,,,,,,,,,,,,,,,,,,,,,,,,,,,,,,,,,,,,120x170,,,,,,,,,,,,,,,,,,,,,,,,137392,,,,,,,,,,,,,,,,,,,
58757,variation,61335566,,D-sign Rug 1P0196 Beige - 140x200,1,0,visible,,D-sign Rug 1P0196 Beige 140x200,,,taxable,parent,1,11,,0,0,,200,140,0.6,0,,1185,2125,,,,,,,61327077-H,,,,,,4,,,Size,140x200,,1,,,,,,,,,,,,,,,,,,,,,,,,,,,,,,,,,,,,,140x200,,,,,,,,,,,,,,,,,,,,,,,,137393,,,,,,,,,,,,,,,,,,,
58758,variation,61335567,,D-sign Rug 1P0196 Beige - 160x230,1,0,visible,,D-sign Rug 1P0196 Beige 160x230,,,taxable,parent,1,10,,0,0,,230,160,0.6,0,,1446,2595,,,,,,,61327077-H,,,,,,5,,,Size,160x230,,1,,,,,,,,,,,,,,,,,,,,,,,,,,,,,,,,,,,,,160x230,,,,,,,,,,,,,,,,,,,,,,,,137394,,,,,,,,,,,,,,,,,,,
58759,variation,61335568,,D-sign Rug 1P0196 Beige - 200x290,1,0,visible,,D-sign Rug 1P0196 Beige 200x290,,,taxable,parent,1,1,,0,0,,290,200,0.6,0,,2163,3885,,,,,,,61327077-H,,,,,,6,,,Size,200x290,,1,,,,,,,,,,,,,,,,,,,,,,,,,,,,,,,,,,,,,200x290,,,,,,,,,,,,,,,,,,,,,,,,137395,,,,,,,,,,,,,,,,,,,
58761,variable,61327084-H,,D-sign Rug 1P0196 Beige,1,0,visible,D-sign Rug 1P0196 Beige,D-sign Rug 1P0196 Beige,,,taxable,,1,,,0,0,,,,,1,,,,"Rooms > Bedroom, Rooms > Living room, Rugs, Rugs > Sisal",,,"https://rugshop.eu/wp-content/uploads/2021/11/carpet-color-47373560-sisal-labyrinth-beige.jpg, https://rugshop.eu/wp-content/uploads/2021/11/carpet-color-47373560-sisal-labyrinth-beige-1.jpg, https://rugshop.eu/wp-content/uploads/2021/11/carpet-color-47373560-sisal-labyrinth-beige-2.jpg, https://rugshop.eu/wp-content/uploads/2021/11/carpet-color-47373560-sisal-labyrinth-beige-3.jpg, https://rugshop.eu/wp-content/uploads/2021/11/carpet-color-47373560-sisal-labyrinth-beige-4.jpg",,,,,,,,,2503,,,Size,"120x170, 140x200, 160x230, 200x290, 60x110, 80x150",1,1,Brand,D-sign,1,1,Color,"Black-Grey, White-Beige",1,1,Type of color,Multicolor,1,1,Shape,Rectangular,1,1,Material,Polypropylene,1,1,Type of rug,Sisal,1,1,Weave,Machinemade,1,1,Age,New,1,1,,,,,,,,,,,,,,,,,,yes,yes,,,,,,,,,,,,,,,,,,,,,,,,,,,,,
58762,variable,61327085-H,,D-sign Rug 1P0031 Beige,1,0,visible,D-sign Rug 1P0031 Beige,D-sign Rug 1P0031 Beige,,,taxable,,1,,,0,0,,,,,1,,,,"Rooms > Bedroom, Rooms > Living room, Rugs > Persian, Rugs",,,"https://rugshop.eu/wp-content/uploads/2021/10/carpet-wool-keshan-rosette-oriental-7519-53555-beige-navy.jpg, https://rugshop.eu/wp-content/uploads/2021/10/carpet-wool-keshan-rosette-oriental-7519-53555-beige-navy-1.jpg, https://rugshop.eu/wp-content/uploads/2021/10/carpet-wool-keshan-rosette-oriental-7519-53555-beige-navy-2.jpg, https://rugshop.eu/wp-content/uploads/2021/10/carpet-wool-keshan-rosette-oriental-7519-53555-beige-navy-3.jpg, https://rugshop.eu/wp-content/uploads/2021/11/carpet-wool-keshan-rosette-oriental-7519-53555-beige-navy.jpg",,,,,,,,,2351,,,Size,"120x145, 160x230, 200x290, 250x340, 300x380, 80x145",1,1,Brand,D-sign,1,1,Color,Yellow-Brown,1,1,Type of color,Multicolor,1,1,Shape,Rectangular,1,1,Material,Polypropylene,1,1,Type of rug,Persian,1,1,Weave,Machinemade,1,1,Age,New,1,1,,,,,,,,,,,,,,,,,,yes,yes,,,,,,,,,,,,,,,,,,,,,,,,,,,,,
58763,variable,61327087-H,,D-sign Rug 1P0031 Beige,1,0,visible,D-sign Rug 1P0031 Beige,D-sign Rug 1P0031 Beige,,,taxable,,1,,,0,0,,,,,1,,,,"Rooms > Bedroom, Rooms > Living room, Rugs > Persian, Rugs",,,"https://rugshop.eu/wp-content/uploads/2021/10/carpet-wool-keshan-oriental-classic-7521-53555-beige-navy.jpg, https://rugshop.eu/wp-content/uploads/2021/10/carpet-wool-keshan-oriental-classic-7521-53555-beige-navy-1.jpg, https://rugshop.eu/wp-content/uploads/2021/10/carpet-wool-keshan-oriental-classic-7521-53555-beige-navy-2.jpg, https://rugshop.eu/wp-content/uploads/2021/10/carpet-wool-keshan-oriental-classic-7521-53555-beige-navy-3.jpg, https://rugshop.eu/wp-content/uploads/2021/11/carpet-wool-keshan-oriental-classic-7521-53555-beige-navy.jpg",,,,,,,,,2352,,,Size,"120x145, 160x230, 200x290, 250x340, 300x380, 80x145",1,1,Brand,D-sign,1,1,Color,Yellow-Brown,1,1,Type of color,Multicolor,1,1,Shape,Rectangular,1,1,Material,Polypropylene,1,1,Type of rug,Persian,1,1,Weave,Machinemade,1,1,Age,New,1,1,,,,,,,,,,,,,,,,,,yes,yes,,,,,,,,,,,,,,,,,,,,,,,,,,,,,
58764,variation,61327081,,D-sign Rug 1P0196 Beige - 80x150,1,0,visible,,D-sign Rug 1P0196 Beige 80x150,,,taxable,parent,0,0,,0,0,,150,80,0.6,0,,666,1195,,,,,,,61327081-H,,,,,,1,,,Size,80x150,,1,,,,,,,,,,,,,,,,,,,,,,,,,,,,,,,,,,,,,80x150,,,,,,,,,,,,,,,,,,,,,,,,137397,,,,,,,,,,,,,,,,,,,
58765,variation,61335588,,D-sign Rug 1P0196 Beige - 120x170,1,0,visible,,D-sign Rug 1P0196 Beige 120x170,,,taxable,parent,1,11,,0,0,,170,120,0.6,0,,924,1655,,,,,,,61327081-H,,,,,,2,,,Size,120x170,,1,,,,,,,,,,,,,,,,,,,,,,,,,,,,,,,,,,,,,120x170,,,,,,,,,,,,,,,,,,,,,,,,137398,,,,,,,,,,,,,,,,,,,
58766,variation,61335562,,D-sign Rug 1P0196 Beige - 140x200,1,0,visible,,D-sign Rug 1P0196 Beige 140x200,,,taxable,parent,0,0,,0,0,,200,140,0.6,0,,1185,2125,,,,,,,61327081-H,,,,,,3,,,Size,140x200,,1,,,,,,,,,,,,,,,,,,,,,,,,,,,,,,,,,,,,,140x200,,,,,,,,,,,,,,,,,,,,,,,,137399,,,,,,,,,,,,,,,,,,,
58767,variation,61335589,,D-sign Rug 1P0196 Beige - 160x230,1,0,visible,,D-sign Rug 1P0196 Beige 160x230,,,taxable,parent,0,0,,0,0,,230,160,0.6,0,,1446,2595,,,,,,,61327081-H,,,,,,4,,,Size,160x230,,1,,,,,,,,,,,,,,,,,,,,,,,,,,,,,,,,,,,,,160x230,,,,,,,,,,,,,,,,,,,,,,,,137400,,,,,,,,,,,,,,,,,,,
58768,variation,61335565,,D-sign Rug 1P0196 Beige - 200x290,1,0,visible,,D-sign Rug 1P0196 Beige 200x290,,,taxable,parent,1,4,,0,0,,290,200,0.6,0,,2163,3885,,,,,,,61327081-H,,,,,,5,,,Size,200x290,,1,,,,,,,,,,,,,,,,,,,,,,,,,,,,,,,,,,,,,200x290,,,,,,,,,,,,,,,,,,,,,,,,137401,,,,,,,,,,,,,,,,,,,
58770,variation,61327082,,D-sign Rug 1P0196 Beige - 80x150,1,0,visible,,D-sign Rug 1P0196 Beige 80x150,,,taxable,parent,1,6,,0,0,,150,80,0.6,0,,663,1185,,,,,,,61327082-H,,,,,,1,,,Size,80x150,,1,,,,,,,,,,,,,,,,,,,,,,,,,,,,,,,,,,,,,80x150,,,,,,,,,,,,,,,,,,,,,,,,137402,,,,,,,,,,,,,,,,,,,
58771,variation,61335569,,D-sign Rug 1P0196 Beige - 120x170,1,0,visible,,D-sign Rug 1P0196 Beige 120x170,,,taxable,parent,1,5,,0,0,,170,120,0.6,0,,924,1655,,,,,,,61327082-H,,,,,,2,,,Size,120x170,,1,,,,,,,,,,,,,,,,,,,,,,,,,,,,,,,,,,,,,120x170,,,,,,,,,,,,,,,,,,,,,,,,137403,,,,,,,,,,,,,,,,,,,
58772,variation,61335570,,D-sign Rug 1P0196 Beige - 140x200,1,0,visible,,D-sign Rug 1P0196 Beige 140x200,,,taxable,parent,1,8,,0,0,,200,140,0.6,0,,1185,2125,,,,,,,61327082-H,,,,,,3,,,Size,140x200,,1,,,,,,,,,,,,,,,,,,,,,,,,,,,,,,,,,,,,,140x200,,,,,,,,,,,,,,,,,,,,,,,,137404,,,,,,,,,,,,,,,,,,,
58773,variation,61335587,,D-sign Rug 1P0196 Beige - 160x230,1,0,visible,,D-sign Rug 1P0196 Beige 160x230,,,taxable,parent,0,0,,0,0,,230,160,0.6,0,,1446,2595,,,,,,,61327082-H,,,,,,4,,,Size,160x230,,1,,,,,,,,,,,,,,,,,,,,,,,,,,,,,,,,,,,,,160x230,,,,,,,,,,,,,,,,,,,,,,,,137405,,,,,,,,,,,,,,,,,,,
58774,variation,61335586,,D-sign Rug 1P0196 Beige - 200x290,1,0,visible,,D-sign Rug 1P0196 Beige 200x290,,,taxable,parent,0,0,,0,0,,290,200,0.6,0,,2163,3885,,,,,,,61327082-H,,,,,,5,,,Size,200x290,,1,,,,,,,,,,,,,,,,,,,,,,,,,,,,,,,,,,,,,200x290,,,,,,,,,,,,,,,,,,,,,,,,137406,,,,,,,,,,,,,,,,,,,
58776,variation,61327084,,D-sign Rug 1P0196 Beige - 60x110,1,0,visible,,D-sign Rug 1P0196 Beige 60x110,,,taxable,parent,1,4,,0,0,,110,60,0.6,0,,471,845,,,,,,,61327084-H,,,,,,1,,,Size,60x110,,1,,,,,,,,,,,,,,,,,,,,,,,,,,,,,,,,,,,,,60x110,,,,,,,,,,,,,,,,,,,,,,,,137413,,,,,,,,,,,,,,,,,,,
58777,variation,61335583,,D-sign Rug 1P0196 Beige - 80x150,1,0,visible,,D-sign Rug 1P0196 Beige 80x150,,,taxable,parent,1,8,,0,0,,150,80,0.6,0,,666,1195,,,,,,,61327084-H,,,,,,2,,,Size,80x150,,1,,,,,,,,,,,,,,,,,,,,,,,,,,,,,,,,,,,,,80x150,,,,,,,,,,,,,,,,,,,,,,,,137414,,,,,,,,,,,,,,,,,,,
58778,variation,61335591,,D-sign Rug 1P0196 Beige - 120x170,1,0,visible,,D-sign Rug 1P0196 Beige 120x170,,,taxable,parent,1,5,,0,0,,170,120,0.6,0,,924,1655,,,,,,,61327084-H,,,,,,3,,,Size,120x170,,1,,,,,,,,,,,,,,,,,,,,,,,,,,,,,,,,,,,,,120x170,,,,,,,,,,,,,,,,,,,,,,,,137415,,,,,,,,,,,,,,,,,,,
58779,variation,61335610,,D-sign Rug 1P0196 Beige - 140x200,1,0,visible,,D-sign Rug 1P0196 Beige 140x200,,,taxable,parent,1,5,,0,0,,200,140,0.6,0,,1185,2125,,,,,,,61327084-H,,,,,,4,,,Size,140x200,,1,,,,,,,,,,,,,,,,,,,,,,,,,,,,,,,,,,,,,140x200,,,,,,,,,,,,,,,,,,,,,,,,137416,,,,,,,,,,,,,,,,,,,
58780,variation,61335592,,D-sign Rug 1P0196 Beige - 160x230,1,0,visible,,D-sign Rug 1P0196 Beige 160x230,,,taxable,parent,1,1,,0,0,,230,160,0.6,0,,1446,2595,,,,,,,61327084-H,,,,,,5,,,Size,160x230,,1,,,,,,,,,,,,,,,,,,,,,,,,,,,,,,,,,,,,,160x230,,,,,,,,,,,,,,,,,,,,,,,,137417,,,,,,,,,,,,,,,,,,,
58781,variation,61335607,,D-sign Rug 1P0196 Beige - 200x290,1,0,visible,,D-sign Rug 1P0196 Beige 200x290,,,taxable,parent,1,1,,0,0,,290,200,0.6,0,,2163,3885,,,,,,,61327084-H,,,,,,6,,,Size,200x290,,1,,,,,,,,,,,,,,,,,,,,,,,,,,,,,,,,,,,,,200x290,,,,,,,,,,,,,,,,,,,,,,,,137418,,,,,,,,,,,,,,,,,,,
58783,variable,61335612-H,,D-sign Rug 1P0031 Beige,1,0,visible,D-sign Rug 1P0031 Beige,D-sign Rug 1P0031 Beige,,,taxable,,1,,,0,0,,,,,1,,,,"Rooms > Bedroom, Rooms > Living room, Rugs > Persian, Rugs",,,"https://rugshop.eu/wp-content/uploads/2021/10/carpet-wool-keshan-oriental-classic-7522-53588-beige-claret-navy.jpg, https://rugshop.eu/wp-content/uploads/2021/10/carpet-wool-keshan-oriental-classic-7522-53588-beige-claret-navy-1.jpg, https://rugshop.eu/wp-content/uploads/2021/10/carpet-wool-keshan-oriental-classic-7522-53588-beige-claret-navy-2.jpg, https://rugshop.eu/wp-content/uploads/2021/10/carpet-wool-keshan-oriental-classic-7522-53588-beige-claret-navy-3.jpg, https://rugshop.eu/wp-content/uploads/2021/11/carpet-wool-keshan-oriental-classic-7522-53588-beige-claret-navy.jpg",,,,,,,,,2353,,,Size,"120x145, 160x230, 200x290, 250x340, 300x380, 80x145",1,1,Brand,D-sign,1,1,Color,Red,1,1,Type of color,Multicolor,1,1,Shape,Rectangular,1,1,Material,Polypropylene,1,1,Type of rug,Persian,1,1,Weave,Machinemade,1,1,Age,New,1,1,,,,,,,,,,,,,,,,,,yes,yes,,,,,,,,,,,,,,,,,,,,,,,,,,,,,
58784,variable,61327092-H,,D-sign Rug 1P0197 Grey,1,0,visible,D-sign Rug 1P0197 Grey,D-sign Rug 1P0197 Grey,,,taxable,,1,,,0,0,,,,,1,,,,"Rooms > Bedroom, Rooms > Living room, Rugs, Rugs > Sisal",,,"https://rugshop.eu/wp-content/uploads/2021/11/carpet-spring-20404332-hexagon-sisal-looped-grey.jpg, https://rugshop.eu/wp-content/uploads/2021/11/carpet-spring-20404332-hexagon-sisal-looped-grey-1.jpg, https://rugshop.eu/wp-content/uploads/2021/11/carpet-spring-20404332-hexagon-sisal-looped-grey-2.jpg, https://rugshop.eu/wp-content/uploads/2021/11/carpet-spring-20404332-hexagon-sisal-looped-grey-3.jpg, https://rugshop.eu/wp-content/uploads/2021/11/carpet-spring-20404332-hexagon-sisal-looped-grey-4.jpg",,,,,,,,,2504,,,Size,"120x170, 140x200, 160x230, 200x290, 60x110, 80x150",1,1,Brand,D-sign,1,1,Color,"Black-Grey, White-Beige",1,1,Type of color,Multicolor,1,1,Shape,Rectangular,1,1,Material,Polypropylene,1,1,Type of rug,Sisal,1,1,Weave,Machinemade,1,1,Age,New,1,1,,,,,,,,,,,,,,,,,,yes,yes,,,,,,,,,,,,,,,,,,,,,,,,,,,,,
58785,variable,61327097-H,,D-sign Rug 1P0198 Black,1,0,visible,D-sign Rug 1P0198 Black,D-sign Rug 1P0198 Black,,,taxable,,1,,,0,0,,,,,1,,,,"Rooms > Bedroom, Rooms > Living room, Rugs, Rugs > Sisal",,,"https://rugshop.eu/wp-content/uploads/2021/11/carpet-spring-20404993-hexagon-sisal-looped-black.jpg, https://rugshop.eu/wp-content/uploads/2021/11/carpet-spring-20404993-hexagon-sisal-looped-black-1.jpg, https://rugshop.eu/wp-content/uploads/2021/11/carpet-spring-20404993-hexagon-sisal-looped-black-2.jpg, https://rugshop.eu/wp-content/uploads/2021/11/carpet-spring-20404993-hexagon-sisal-looped-black-3.jpg, https://rugshop.eu/wp-content/uploads/2021/11/carpet-spring-20404993-hexagon-sisal-looped-black-4.jpg",,,,,,,,,2505,,,Size,"120x170, 140x200, 160x230, 200x290, 60x110, 80x150",1,1,Brand,D-sign,1,1,Color,Black-Grey,1,1,Type of color,Multicolor,1,1,Shape,Rectangular,1,1,Material,Polypropylene,1,1,Type of rug,Sisal,1,1,Weave,Machinemade,1,1,Age,New,1,1,,,,,,,,,,,,,,,,,,yes,yes,,,,,,,,,,,,,,,,,,,,,,,,,,,,,
58786,variation,61327085,,D-sign Rug 1P0031 Beige - 80x145,1,0,visible,,D-sign Rug 1P0031 Beige 80x145 ,,,taxable,parent,1,9,,0,0,,145,80,0.9,0,,1514,2725,,,,,,,61327085-H,,,,,,1,,,Size,80x145,,1,,,,,,,,,,,,,,,,,,,,,,,,,,,,,,,,,,,,,80x145,,,,,,,,,,,,,,,,,,,,,,,,137443,,,,,,,,,,,,,,,,,,,
58787,variation,61335585,,D-sign Rug 1P0031 Beige - 120x145,1,0,visible,,D-sign Rug 1P0031 Beige 120x145 ,,,taxable,parent,1,10,,0,0,,145,120,0.9,0,,2117,3805,,,,,,,61327085-H,,,,,,2,,,Size,120x145,,1,,,,,,,,,,,,,,,,,,,,,,,,,,,,,,,,,,,,,120x145,,,,,,,,,,,,,,,,,,,,,,,,137438,,,,,,,,,,,,,,,,,,,
58788,variation,61335590,,D-sign Rug 1P0031 Beige - 160x230,1,0,visible,,D-sign Rug 1P0031 Beige 160x230,,,taxable,parent,1,9,,0,0,,230,160,0.9,0,,4188,7535,,,,,,,61327085-H,,,,,,3,,,Size,160x230,,1,,,,,,,,,,,,,,,,,,,,,,,,,,,,,,,,,,,,,160x230,,,,,,,,,,,,,,,,,,,,,,,,137439,,,,,,,,,,,,,,,,,,,
58789,variation,61335584,,D-sign Rug 1P0031 Beige - 200x290,1,0,visible,,D-sign Rug 1P0031 Beige 200x290,,,taxable,parent,1,3,,0,0,,290,200,0.9,0,,6421,11555,,,,,,,61327085-H,,,,,,4,,,Size,200x290,,1,,,,,,,,,,,,,,,,,,,,,,,,,,,,,,,,,,,,,200x290,,,,,,,,,,,,,,,,,,,,,,,,137440,,,,,,,,,,,,,,,,,,,
58790,variation,61327089,,D-sign Rug 1P0031 Beige - 250x340,1,0,visible,,D-sign Rug 1P0031 Beige 250x340,,,taxable,parent,1,3,,0,0,,340,250,0.9,0,,9359,16845,,,,,,,61327085-H,,,,,,5,,,Size,250x340,,1,,,,,,,,,,,,,,,,,,,,,,,,,,,,,,,,,,,,,250x340,,,,,,,,,,,,,,,,,,,,,,,,137441,,,,,,,,,,,,,,,,,,,
58791,variation,61327086,,D-sign Rug 1P0031 Beige - 300x380,1,0,visible,,D-sign Rug 1P0031 Beige 300x380,,,taxable,parent,1,2,,0,0,,380,300,0.9,0,,12768,22975,,,,,,,61327085-H,,,,,,6,,,Size,300x380,,1,,,,,,,,,,,,,,,,,,,,,,,,,,,,,,,,,,,,,300x380,,,,,,,,,,,,,,,,,,,,,,,,137442,,,,,,,,,,,,,,,,,,,
58793,variation,61327087,,D-sign Rug 1P0031 Beige - 80x145,1,0,visible,,D-sign Rug 1P0031 Beige 80x145 ,,,taxable,parent,1,13,,0,0,,145,80,0.9,0,,1514,2725,,,,,,,61327087-H,,,,,,1,,,Size,80x145,,1,,,,,,,,,,,,,,,,,,,,,,,,,,,,,,,,,,,,,80x145,,,,,,,,,,,,,,,,,,,,,,,,137449,,,,,,,,,,,,,,,,,,,
58794,variation,61335613,,D-sign Rug 1P0031 Beige - 120x145,1,0,visible,,D-sign Rug 1P0031 Beige 120x145 ,,,taxable,parent,1,7,,0,0,,145,120,0.9,0,,2117,3805,,,,,,,61327087-H,,,,,,2,,,Size,120x145,,1,,,,,,,,,,,,,,,,,,,,,,,,,,,,,,,,,,,,,120x145,,,,,,,,,,,,,,,,,,,,,,,,137444,,,,,,,,,,,,,,,,,,,
58795,variation,61335614,,D-sign Rug 1P0031 Beige - 160x230,1,0,visible,,D-sign Rug 1P0031 Beige 160x230,,,taxable,parent,1,8,,0,0,,230,160,0.9,0,,4188,7535,,,,,,,61327087-H,,,,,,3,,,Size,160x230,,1,,,,,,,,,,,,,,,,,,,,,,,,,,,,,,,,,,,,,160x230,,,,,,,,,,,,,,,,,,,,,,,,137445,,,,,,,,,,,,,,,,,,,
58796,variation,61335605,,D-sign Rug 1P0031 Beige - 200x290,1,0,visible,,D-sign Rug 1P0031 Beige 200x290,,,taxable,parent,1,5,,0,0,,290,200,0.9,0,,6421,11555,,,,,,,61327087-H,,,,,,4,,,Size,200x290,,1,,,,,,,,,,,,,,,,,,,,,,,,,,,,,,,,,,,,,200x290,,,,,,,,,,,,,,,,,,,,,,,,137446,,,,,,,,,,,,,,,,,,,
58797,variation,61335615,,D-sign Rug 1P0031 Beige - 250x340,1,0,visible,,D-sign Rug 1P0031 Beige 250x340,,,taxable,parent,0,0,,0,0,,340,250,0.9,0,,9359,16845,,,,,,,61327087-H,,,,,,5,,,Size,250x340,,1,,,,,,,,,,,,,,,,,,,,,,,,,,,,,,,,,,,,,250x340,,,,,,,,,,,,,,,,,,,,,,,,137447,,,,,,,,,,,,,,,,,,,
58798,variation,61335609,,D-sign Rug 1P0031 Beige - 300x380,1,0,visible,,D-sign Rug 1P0031 Beige 300x380,,,taxable,parent,1,1,,0,0,,380,300,0.9,0,,12768,22975,,,,,,,61327087-H,,,,,,6,,,Size,300x380,,1,,,,,,,,,,,,,,,,,,,,,,,,,,,,,,,,,,,,,300x380,,,,,,,,,,,,,,,,,,,,,,,,137448,,,,,,,,,,,,,,,,,,,
58800,variation,61335612,,D-sign Rug 1P0031 Beige - 300x380,1,0,visible,,D-sign Rug 1P0031 Beige 300x380,,,taxable,parent,1,2,,0,0,,380,300,0.9,0,,12768,22975,,,,,,,61335612-H,,,,,,1,,,Size,300x380,,1,,,,,,,,,,,,,,,,,,,,,,,,,,,,,,,,,,,,,300x380,,,,,,,,,,,,,,,,,,,,,,,,137460,,,,,,,,,,,,,,,,,,,
58801,variation,61327088,,D-sign Rug 1P0031 Beige - 80x145,1,0,visible,,D-sign Rug 1P0031 Beige 80x145 ,,,taxable,parent,1,3,,0,0,,145,80,0.9,0,,1514,2725,,,,,,,61335612-H,,,,,,2,,,Size,80x145,,1,,,,,,,,,,,,,,,,,,,,,,,,,,,,,,,,,,,,,80x145,,,,,,,,,,,,,,,,,,,,,,,,137461,,,,,,,,,,,,,,,,,,,
58802,variation,61327095,,D-sign Rug 1P0031 Beige - 120x145,1,0,visible,,D-sign Rug 1P0031 Beige 120x145 ,,,taxable,parent,1,5,,0,0,,145,120,0.9,0,,2117,3805,,,,,,,61335612-H,,,,,,3,,,Size,120x145,,1,,,,,,,,,,,,,,,,,,,,,,,,,,,,,,,,,,,,,120x145,,,,,,,,,,,,,,,,,,,,,,,,137456,,,,,,,,,,,,,,,,,,,
58803,variation,61327094,,D-sign Rug 1P0031 Beige - 160x230,1,0,visible,,D-sign Rug 1P0031 Beige 160x230,,,taxable,parent,1,5,,0,0,,230,160,0.9,0,,4188,7535,,,,,,,61335612-H,,,,,,4,,,Size,160x230,,1,,,,,,,,,,,,,,,,,,,,,,,,,,,,,,,,,,,,,160x230,,,,,,,,,,,,,,,,,,,,,,,,137457,,,,,,,,,,,,,,,,,,,
58804,variation,61327091,,D-sign Rug 1P0031 Beige - 200x290,1,0,visible,,D-sign Rug 1P0031 Beige 200x290,,,taxable,parent,1,7,,0,0,,290,200,0.9,0,,6421,11555,,,,,,,61335612-H,,,,,,5,,,Size,200x290,,1,,,,,,,,,,,,,,,,,,,,,,,,,,,,,,,,,,,,,200x290,,,,,,,,,,,,,,,,,,,,,,,,137458,,,,,,,,,,,,,,,,,,,
58805,variation,61327093,,D-sign Rug 1P0031 Beige - 250x340,1,0,visible,,D-sign Rug 1P0031 Beige 250x340,,,taxable,parent,1,2,,0,0,,340,250,0.9,0,,9359,16845,,,,,,,61335612-H,,,,,,6,,,Size,250x340,,1,,,,,,,,,,,,,,,,,,,,,,,,,,,,,,,,,,,,,250x340,,,,,,,,,,,,,,,,,,,,,,,,137459,,,,,,,,,,,,,,,,,,,
58807,variable,61327098-H,,D-sign Rug 1P0199 Grey,1,0,visible,D-sign Rug 1P0199 Grey,D-sign Rug 1P0199 Grey,,,taxable,,1,,,0,0,,,,,1,,,,"Rooms > Bedroom, Rooms > Living room, Rugs, Rugs > Sisal",,,"https://rugshop.eu/wp-content/uploads/2021/11/carpet-spring-20406332-diamonds-triangles-sisal-looped-grey.jpg, https://rugshop.eu/wp-content/uploads/2021/11/carpet-spring-20406332-diamonds-triangles-sisal-looped-grey-1.jpg, https://rugshop.eu/wp-content/uploads/2021/11/carpet-spring-20406332-diamonds-triangles-sisal-looped-grey-2.jpg, https://rugshop.eu/wp-content/uploads/2021/11/carpet-spring-20406332-diamonds-triangles-sisal-looped-grey-3.jpg, https://rugshop.eu/wp-content/uploads/2021/11/carpet-spring-20406332-diamonds-triangles-sisal-looped-grey-4.jpg",,,,,,,,,2506,,,Size,"120x170, 140x200, 160x230, 200x290, 60x110, 80x150",1,1,Brand,D-sign,1,1,Color,"Black-Grey, White-Beige",1,1,Type of color,Multicolor,1,1,Shape,Rectangular,1,1,Material,Polypropylene,1,1,Type of rug,Sisal,1,1,Weave,Machinemade,1,1,Age,New,1,1,,,,,,,,,,,,,,,,,,yes,yes,,,,,,,,,,,,,,,,,,,,,,,,,,,,,
58808,variable,61327102-H,,D-sign Rug 1P0200 Grey,1,0,visible,D-sign Rug 1P0200 Grey,D-sign Rug 1P0200 Grey,,,taxable,,1,,,0,0,,,,,1,,,,"Rooms > Bedroom, Rooms > Living room, Rugs, Rugs > Sisal",,,"https://rugshop.eu/wp-content/uploads/2021/11/carpet-spring-20409332-triangles-sisal-looped-grey.jpg, https://rugshop.eu/wp-content/uploads/2021/11/carpet-spring-20409332-triangles-sisal-looped-grey-1.jpg, https://rugshop.eu/wp-content/uploads/2021/11/carpet-spring-20409332-triangles-sisal-looped-grey-2.jpg, https://rugshop.eu/wp-content/uploads/2021/11/carpet-spring-20409332-triangles-sisal-looped-grey-3.jpg, https://rugshop.eu/wp-content/uploads/2021/11/carpet-spring-20409332-triangles-sisal-looped-grey-4.jpg",,,,,,,,,2507,,,Size,"120x170, 140x200, 160x230, 200x290, 60x110, 80x150",1,1,Brand,D-sign,1,1,Color,"Black-Grey, White-Beige",1,1,Type of color,Multicolor,1,1,Shape,Rectangular,1,1,Material,Polypropylene,1,1,Type of rug,Sisal,1,1,Weave,Machinemade,1,1,Age,New,1,1,,,,,,,,,,,,,,,,,,yes,yes,,,,,,,,,,,,,,,,,,,,,,,,,,,,,
58809,variable,61327103-H,,D-sign Rug 1P0201 Creme,1,0,visible,D-sign Rug 1P0201 Creme,D-sign Rug 1P0201 Creme,,,taxable,,1,,,0,0,,,,,1,,,,"Rooms > Bedroom, Rooms > Living room, Rugs, Rugs > Sisal",,,"https://rugshop.eu/wp-content/uploads/2021/11/carpet-spring-20421994-labyrinth-sisal-looped-cream-blue.jpg, https://rugshop.eu/wp-content/uploads/2021/11/carpet-spring-20421994-labyrinth-sisal-looped-cream-blue-1.jpg, https://rugshop.eu/wp-content/uploads/2021/11/carpet-spring-20421994-labyrinth-sisal-looped-cream-blue-2.jpg, https://rugshop.eu/wp-content/uploads/2021/11/carpet-spring-20421994-labyrinth-sisal-looped-cream-blue-3.jpg, https://rugshop.eu/wp-content/uploads/2021/11/carpet-spring-20421994-labyrinth-sisal-looped-cream-blue-4.jpg",,,,,,,,,2508,,,Size,"120x170, 140x200, 160x230, 200x290, 60x110, 80x150",1,1,Brand,D-sign,1,1,Color,"Black-Grey, White-Beige",1,1,Type of color,Multicolor,1,1,Shape,Rectangular,1,1,Material,Polypropylene,1,1,Type of rug,Sisal,1,1,Weave,Machinemade,1,1,Age,New,1,1,,,,,,,,,,,,,,,,,,yes,yes,,,,,,,,,,,,,,,,,,,,,,,,,,,,,
58810,variation,61327092,,D-sign Rug 1P0197 Grey - 60x110,1,0,visible,,D-sign Rug 1P0197 Grey 60x110,,,taxable,parent,0,0,,0,0,,110,60,0.6,0,,467,835,,,,,,,61327092-H,,,,,,1,,,Size,60x110,,1,,,,,,,,,,,,,,,,,,,,,,,,,,,,,,,,,,,,,60x110,,,,,,,,,,,,,,,,,,,,,,,,137463,,,,,,,,,,,,,,,,,,,
58811,variation,61335618,,D-sign Rug 1P0197 Grey - 80x150,1,0,visible,,D-sign Rug 1P0197 Grey 80x150,,,taxable,parent,1,4,,0,0,,150,80,0.6,0,,663,1185,,,,,,,61327092-H,,,,,,2,,,Size,80x150,,1,,,,,,,,,,,,,,,,,,,,,,,,,,,,,,,,,,,,,80x150,,,,,,,,,,,,,,,,,,,,,,,,137464,,,,,,,,,,,,,,,,,,,
58812,variation,61335611,,D-sign Rug 1P0197 Grey - 120x170,1,0,visible,,D-sign Rug 1P0197 Grey 120x170,,,taxable,parent,1,5,,0,0,,170,120,0.6,0,,924,1655,,,,,,,61327092-H,,,,,,3,,,Size,120x170,,1,,,,,,,,,,,,,,,,,,,,,,,,,,,,,,,,,,,,,120x170,,,,,,,,,,,,,,,,,,,,,,,,137465,,,,,,,,,,,,,,,,,,,
58813,variation,61335608,,D-sign Rug 1P0197 Grey - 140x200,1,0,visible,,D-sign Rug 1P0197 Grey 140x200,,,taxable,parent,1,2,,0,0,,200,140,0.6,0,,1152,2065,,,,,,,61327092-H,,,,,,4,,,Size,140x200,,1,,,,,,,,,,,,,,,,,,,,,,,,,,,,,,,,,,,,,140x200,,,,,,,,,,,,,,,,,,,,,,,,137466,,,,,,,,,,,,,,,,,,,
58814,variation,61335624,,D-sign Rug 1P0197 Grey - 160x230,1,0,visible,,D-sign Rug 1P0197 Grey 160x230,,,taxable,parent,1,3,,0,0,,230,160,0.6,0,,1413,2535,,,,,,,61327092-H,,,,,,5,,,Size,160x230,,1,,,,,,,,,,,,,,,,,,,,,,,,,,,,,,,,,,,,,160x230,,,,,,,,,,,,,,,,,,,,,,,,137467,,,,,,,,,,,,,,,,,,,
58815,variation,61335619,,D-sign Rug 1P0197 Grey - 200x290,1,0,visible,,D-sign Rug 1P0197 Grey 200x290,,,taxable,parent,1,7,,0,0,,290,200,0.6,0,,2098,3775,,,,,,,61327092-H,,,,,,6,,,Size,200x290,,1,,,,,,,,,,,,,,,,,,,,,,,,,,,,,,,,,,,,,200x290,,,,,,,,,,,,,,,,,,,,,,,,137468,,,,,,,,,,,,,,,,,,,
58817,variation,61327097,,D-sign Rug 1P0198 Black - 60x110,1,0,visible,,D-sign Rug 1P0198 Black 60x110,,,taxable,parent,0,0,,0,0,,110,60,0.6,0,,467,835,,,,,,,61327097-H,,,,,,1,,,Size,60x110,,1,,,,,,,,,,,,,,,,,,,,,,,,,,,,,,,,,,,,,60x110,,,,,,,,,,,,,,,,,,,,,,,,137475,,,,,,,,,,,,,,,,,,,
58818,variation,61335623,,D-sign Rug 1P0198 Black - 80x150,1,0,visible,,D-sign Rug 1P0198 Black 80x150,,,taxable,parent,0,0,,0,0,,150,80,0.6,0,,663,1185,,,,,,,61327097-H,,,,,,2,,,Size,80x150,,1,,,,,,,,,,,,,,,,,,,,,,,,,,,,,,,,,,,,,80x150,,,,,,,,,,,,,,,,,,,,,,,,137476,,,,,,,,,,,,,,,,,,,
58819,variation,61335620,,D-sign Rug 1P0198 Black - 120x170,1,0,visible,,D-sign Rug 1P0198 Black 120x170,,,taxable,parent,1,5,,0,0,,170,120,0.6,0,,924,1655,,,,,,,61327097-H,,,,,,3,,,Size,120x170,,1,,,,,,,,,,,,,,,,,,,,,,,,,,,,,,,,,,,,,120x170,,,,,,,,,,,,,,,,,,,,,,,,137477,,,,,,,,,,,,,,,,,,,
58820,variation,61327099,,D-sign Rug 1P0198 Black - 140x200,1,0,visible,,D-sign Rug 1P0198 Black 140x200,,,taxable,parent,1,2,,0,0,,200,140,0.6,0,,1152,2065,,,,,,,61327097-H,,,,,,4,,,Size,140x200,,1,,,,,,,,,,,,,,,,,,,,,,,,,,,,,,,,,,,,,140x200,,,,,,,,,,,,,,,,,,,,,,,,137478,,,,,,,,,,,,,,,,,,,
58821,variation,61335625,,D-sign Rug 1P0198 Black - 160x230,1,0,visible,,D-sign Rug 1P0198 Black 160x230,,,taxable,parent,1,4,,0,0,,230,160,0.6,0,,1413,2535,,,,,,,61327097-H,,,,,,5,,,Size,160x230,,1,,,,,,,,,,,,,,,,,,,,,,,,,,,,,,,,,,,,,160x230,,,,,,,,,,,,,,,,,,,,,,,,137479,,,,,,,,,,,,,,,,,,,
58822,variation,61335617,,D-sign Rug 1P0198 Black - 200x290,1,0,visible,,D-sign Rug 1P0198 Black 200x290,,,taxable,parent,1,3,,0,0,,290,200,0.6,0,,2098,3775,,,,,,,61327097-H,,,,,,6,,,Size,200x290,,1,,,,,,,,,,,,,,,,,,,,,,,,,,,,,,,,,,,,,200x290,,,,,,,,,,,,,,,,,,,,,,,,137480,,,,,,,,,,,,,,,,,,,
58824,variation,61327098,,D-sign Rug 1P0199 Grey - 60x110,1,0,visible,,D-sign Rug 1P0199 Grey 60x110,,,taxable,parent,0,0,,0,0,,110,60,0.6,0,,467,835,,,,,,,61327098-H,,,,,,1,,,Size,60x110,,1,,,,,,,,,,,,,,,,,,,,,,,,,,,,,,,,,,,,,60x110,,,,,,,,,,,,,,,,,,,,,,,,137481,,,,,,,,,,,,,,,,,,,
58825,variation,61335626,,D-sign Rug 1P0199 Grey - 80x150,1,0,visible,,D-sign Rug 1P0199 Grey 80x150,,,taxable,parent,1,18,,0,0,,150,80,0.6,0,,663,1185,,,,,,,61327098-H,,,,,,2,,,Size,80x150,,1,,,,,,,,,,,,,,,,,,,,,,,,,,,,,,,,,,,,,80x150,,,,,,,,,,,,,,,,,,,,,,,,137482,,,,,,,,,,,,,,,,,,,
58826,variation,61335621,,D-sign Rug 1P0199 Grey - 120x170,1,0,visible,,D-sign Rug 1P0199 Grey 120x170,,,taxable,parent,1,9,,0,0,,170,120,0.6,0,,924,1655,,,,,,,61327098-H,,,,,,3,,,Size,120x170,,1,,,,,,,,,,,,,,,,,,,,,,,,,,,,,,,,,,,,,120x170,,,,,,,,,,,,,,,,,,,,,,,,137483,,,,,,,,,,,,,,,,,,,
58827,variation,61335622,,D-sign Rug 1P0199 Grey - 140x200,1,0,visible,,D-sign Rug 1P0199 Grey 140x200,,,taxable,parent,1,9,,0,0,,200,140,0.6,0,,1152,2065,,,,,,,61327098-H,,,,,,4,,,Size,140x200,,1,,,,,,,,,,,,,,,,,,,,,,,,,,,,,,,,,,,,,140x200,,,,,,,,,,,,,,,,,,,,,,,,137484,,,,,,,,,,,,,,,,,,,
58828,variation,61327104,,D-sign Rug 1P0199 Grey - 160x230,1,0,visible,,D-sign Rug 1P0199 Grey 160x230,,,taxable,parent,1,7,,0,0,,230,160,0.6,0,,1413,2535,,,,,,,61327098-H,,,,,,5,,,Size,160x230,,1,,,,,,,,,,,,,,,,,,,,,,,,,,,,,,,,,,,,,160x230,,,,,,,,,,,,,,,,,,,,,,,,137485,,,,,,,,,,,,,,,,,,,
58829,variation,61327101,,D-sign Rug 1P0199 Grey - 200x290,1,0,visible,,D-sign Rug 1P0199 Grey 200x290,,,taxable,parent,1,4,,0,0,,290,200,0.6,0,,2098,3775,,,,,,,61327098-H,,,,,,6,,,Size,200x290,,1,,,,,,,,,,,,,,,,,,,,,,,,,,,,,,,,,,,,,200x290,,,,,,,,,,,,,,,,,,,,,,,,137486,,,,,,,,,,,,,,,,,,,
58831,variable,61327107-H,,D-sign Rug 1P0202 Grey,1,0,visible,D-sign Rug 1P0202 Grey,D-sign Rug 1P0202 Grey,,,taxable,,1,,,0,0,,,,,1,,,,"Rooms > Bedroom, Rooms > Living room, Rugs, Rugs > Sisal",,,"https://rugshop.eu/wp-content/uploads/2021/11/carpet-spring-20426332-squares-frame-sisal-looped-grey.jpg, https://rugshop.eu/wp-content/uploads/2021/11/carpet-spring-20426332-squares-frame-sisal-looped-grey-1.jpg, https://rugshop.eu/wp-content/uploads/2021/11/carpet-spring-20426332-squares-frame-sisal-looped-grey-2.jpg, https://rugshop.eu/wp-content/uploads/2021/11/carpet-spring-20426332-squares-frame-sisal-looped-grey-3.jpg, https://rugshop.eu/wp-content/uploads/2021/11/carpet-spring-20426332-squares-frame-sisal-looped-grey-4.jpg",,,,,,,,,2509,,,Size,"120x170, 140x200, 160x230, 200x290, 60x110, 80x150",1,1,Brand,D-sign,1,1,Color,"Black-Grey, White-Beige",1,1,Type of color,Multicolor,1,1,Shape,Rectangular,1,1,Material,Polypropylene,1,1,Type of rug,Sisal,1,1,Weave,Machinemade,1,1,Age,New,1,1,,,,,,,,,,,,,,,,,,yes,yes,,,,,,,,,,,,,,,,,,,,,,,,,,,,,
58832,variable,61327114-H,,D-sign Rug 1P0203 Blue,1,0,visible,D-sign Rug 1P0203 Blue,D-sign Rug 1P0203 Blue,,,taxable,,1,,,0,0,,,,,1,,,,"Rooms > Bedroom, Rooms > Living room, Rugs, Rugs > Sisal",,,"https://rugshop.eu/wp-content/uploads/2021/11/carpet-spring-20426994-squares-frame-sisal-looped-grey.jpg, https://rugshop.eu/wp-content/uploads/2021/11/carpet-spring-20426994-squares-frame-sisal-looped-grey-1.jpg, https://rugshop.eu/wp-content/uploads/2021/11/carpet-spring-20426994-squares-frame-sisal-looped-grey-2.jpg, https://rugshop.eu/wp-content/uploads/2021/11/carpet-spring-20426994-squares-frame-sisal-looped-grey-3.jpg, https://rugshop.eu/wp-content/uploads/2021/11/carpet-spring-20426994-squares-frame-sisal-looped-grey-4.jpg",,,,,,,,,2510,,,Size,"120x170, 140x200, 160x230, 200x290, 60x110, 80x150",1,1,Brand,D-sign,1,1,Color,Blue,1,1,Type of color,Multicolor,1,1,Shape,Rectangular,1,1,Material,Polypropylene,1,1,Type of rug,Sisal,1,1,Weave,Machinemade,1,1,Age,New,1,1,,,,,,,,,,,,,,,,,,yes,yes,,,,,,,,,,,,,,,,,,,,,,,,,,,,,
58833,variable,61327113-H,,D-sign Rug 1P0204 Creme,1,0,visible,D-sign Rug 1P0204 Creme,D-sign Rug 1P0204 Creme,,,taxable,,1,,,0,0,,,,,1,,,,"Rooms > Bedroom, Rooms > Living room, Rugs > Modern, Rugs",,,"https://rugshop.eu/wp-content/uploads/2021/11/modern-noble-carpet-1515-64-marble-geometric-structural-two-levels-of-fleece-cream-grey.jpg, https://rugshop.eu/wp-content/uploads/2021/11/modern-noble-carpet-1515-64-marble-geometric-structural-two-levels-of-fleece-cream-grey-1.jpg, https://rugshop.eu/wp-content/uploads/2021/11/modern-noble-carpet-1515-64-marble-geometric-structural-two-levels-of-fleece-cream-grey-2.jpg, https://rugshop.eu/wp-content/uploads/2021/11/modern-noble-carpet-1515-64-marble-geometric-structural-two-levels-of-fleece-cream-grey-3.jpg, https://rugshop.eu/wp-content/uploads/2021/11/modern-noble-carpet-1515-64-marble-geometric-structural-two-levels-of-fleece-cream-grey-4.jpg",,,,,,,,,2511,,,Size,"120x170, 140x190, 160x220, 180x270, 200x290, 240x330, 80x150",1,1,Brand,D-sign,1,1,Color,"Black-Grey, White-Beige",1,1,Type of color,Multicolor,1,1,Shape,Rectangular,1,1,Material,Polyester,1,1,Type of rug,Modern,1,1,Weave,Machinemade,1,1,Age,New,1,1,,,,,,,,,,,,,,,,,,yes,yes,,,,,,,,,classic-editor,,,,,,,,,,,,,,,,,,,,
58834,variation,61327102,,D-sign Rug 1P0200 Grey - 60x110,1,0,visible,,D-sign Rug 1P0200 Grey 60x110,,,taxable,parent,0,0,,0,0,,110,60,0.6,0,,467,835,,,,,,,61327102-H,,,,,,1,,,Size,60x110,,1,,,,,,,,,,,,,,,,,,,,,,,,,,,,,,,,,,,,,60x110,,,,,,,,,,,,,,,,,,,,,,,,137489,,,,,,,,,,,,,,,,,,,
58835,variation,61335638,,D-sign Rug 1P0200 Grey - 80x150,1,0,visible,,D-sign Rug 1P0200 Grey 80x150,,,taxable,parent,1,8,,0,0,,150,80,0.6,0,,663,1185,,,,,,,61327102-H,,,,,,2,,,Size,80x150,,1,,,,,,,,,,,,,,,,,,,,,,,,,,,,,,,,,,,,,80x150,,,,,,,,,,,,,,,,,,,,,,,,137490,,,,,,,,,,,,,,,,,,,
58836,variation,61335630,,D-sign Rug 1P0200 Grey - 120x170,1,0,visible,,D-sign Rug 1P0200 Grey 120x170,,,taxable,parent,1,6,,0,0,,170,120,0.6,0,,924,1655,,,,,,,61327102-H,,,,,,3,,,Size,120x170,,1,,,,,,,,,,,,,,,,,,,,,,,,,,,,,,,,,,,,,120x170,,,,,,,,,,,,,,,,,,,,,,,,137491,,,,,,,,,,,,,,,,,,,
58837,variation,61335633,,D-sign Rug 1P0200 Grey - 140x200,1,0,visible,,D-sign Rug 1P0200 Grey 140x200,,,taxable,parent,1,7,,0,0,,200,140,0.6,0,,1152,2065,,,,,,,61327102-H,,,,,,4,,,Size,140x200,,1,,,,,,,,,,,,,,,,,,,,,,,,,,,,,,,,,,,,,140x200,,,,,,,,,,,,,,,,,,,,,,,,137492,,,,,,,,,,,,,,,,,,,
58838,variation,61335632,,D-sign Rug 1P0200 Grey - 160x230,1,0,visible,,D-sign Rug 1P0200 Grey 160x230,,,taxable,parent,1,6,,0,0,,230,160,0.6,0,,1413,2535,,,,,,,61327102-H,,,,,,5,,,Size,160x230,,1,,,,,,,,,,,,,,,,,,,,,,,,,,,,,,,,,,,,,160x230,,,,,,,,,,,,,,,,,,,,,,,,137493,,,,,,,,,,,,,,,,,,,
58839,variation,61335629,,D-sign Rug 1P0200 Grey - 200x290,1,0,visible,,D-sign Rug 1P0200 Grey 200x290,,,taxable,parent,1,5,,0,0,,290,200,0.6,0,,2098,3775,,,,,,,61327102-H,,,,,,6,,,Size,200x290,,1,,,,,,,,,,,,,,,,,,,,,,,,,,,,,,,,,,,,,200x290,,,,,,,,,,,,,,,,,,,,,,,,137494,,,,,,,,,,,,,,,,,,,
58841,variation,61327103,,D-sign Rug 1P0201 Creme - 60x110,1,0,visible,,D-sign Rug 1P0201 Creme 60x110,,,taxable,parent,0,0,,0,0,,110,60,0.6,0,,467,835,,,,,,,61327103-H,,,,,,1,,,Size,60x110,,1,,,,,,,,,,,,,,,,,,,,,,,,,,,,,,,,,,,,,60x110,,,,,,,,,,,,,,,,,,,,,,,,137541,,,,,,,,,,,,,,,,,,,
58842,variation,61335634,,D-sign Rug 1P0201 Creme - 80x150,1,0,visible,,D-sign Rug 1P0201 Creme 80x150,,,taxable,parent,1,9,,0,0,,150,80,0.6,0,,663,1185,,,,,,,61327103-H,,,,,,2,,,Size,80x150,,1,,,,,,,,,,,,,,,,,,,,,,,,,,,,,,,,,,,,,80x150,,,,,,,,,,,,,,,,,,,,,,,,137542,,,,,,,,,,,,,,,,,,,
58843,variation,61327106,,D-sign Rug 1P0201 Creme - 120x170,1,0,visible,,D-sign Rug 1P0201 Creme 120x170,,,taxable,parent,1,2,,0,0,,170,120,0.6,0,,924,1655,,,,,,,61327103-H,,,,,,3,,,Size,120x170,,1,,,,,,,,,,,,,,,,,,,,,,,,,,,,,,,,,,,,,120x170,,,,,,,,,,,,,,,,,,,,,,,,137543,,,,,,,,,,,,,,,,,,,
58844,variation,61327109,,D-sign Rug 1P0201 Creme - 140x200,1,0,visible,,D-sign Rug 1P0201 Creme 140x200,,,taxable,parent,1,5,,0,0,,200,140,0.6,0,,1152,2065,,,,,,,61327103-H,,,,,,4,,,Size,140x200,,1,,,,,,,,,,,,,,,,,,,,,,,,,,,,,,,,,,,,,140x200,,,,,,,,,,,,,,,,,,,,,,,,137544,,,,,,,,,,,,,,,,,,,
58845,variation,61327110,,D-sign Rug 1P0201 Creme - 160x230,1,0,visible,,D-sign Rug 1P0201 Creme 160x230,,,taxable,parent,1,8,,0,0,,230,160,0.6,0,,1413,2535,,,,,,,61327103-H,,,,,,5,,,Size,160x230,,1,,,,,,,,,,,,,,,,,,,,,,,,,,,,,,,,,,,,,160x230,,,,,,,,,,,,,,,,,,,,,,,,137545,,,,,,,,,,,,,,,,,,,
58846,variation,61327108,,D-sign Rug 1P0201 Creme - 200x290,1,0,visible,,D-sign Rug 1P0201 Creme 200x290,,,taxable,parent,1,6,,0,0,,290,200,0.6,0,,2098,3775,,,,,,,61327103-H,,,,,,6,,,Size,200x290,,1,,,,,,,,,,,,,,,,,,,,,,,,,,,,,,,,,,,,,200x290,,,,,,,,,,,,,,,,,,,,,,,,137546,,,,,,,,,,,,,,,,,,,
58848,variation,61327107,,D-sign Rug 1P0202 Grey - 60x110,1,0,visible,,D-sign Rug 1P0202 Grey 60x110,,,taxable,parent,0,0,,0,0,,110,60,0.6,0,,467,835,,,,,,,61327107-H,,,,,,1,,,Size,60x110,,1,,,,,,,,,,,,,,,,,,,,,,,,,,,,,,,,,,,,,60x110,,,,,,,,,,,,,,,,,,,,,,,,137547,,,,,,,,,,,,,,,,,,,
58849,variation,61335636,,D-sign Rug 1P0202 Grey - 80x150,1,0,visible,,D-sign Rug 1P0202 Grey 80x150,,,taxable,parent,1,9,,0,0,,150,80,0.6,0,,663,1185,,,,,,,61327107-H,,,,,,2,,,Size,80x150,,1,,,,,,,,,,,,,,,,,,,,,,,,,,,,,,,,,,,,,80x150,,,,,,,,,,,,,,,,,,,,,,,,137548,,,,,,,,,,,,,,,,,,,
58850,variation,61335631,,D-sign Rug 1P0202 Grey - 120x170,1,0,visible,,D-sign Rug 1P0202 Grey 120x170,,,taxable,parent,0,0,,0,0,,170,120,0.6,0,,924,1655,,,,,,,61327107-H,,,,,,3,,,Size,120x170,,1,,,,,,,,,,,,,,,,,,,,,,,,,,,,,,,,,,,,,120x170,,,,,,,,,,,,,,,,,,,,,,,,137549,,,,,,,,,,,,,,,,,,,
58851,variation,61335635,,D-sign Rug 1P0202 Grey - 140x200,1,0,visible,,D-sign Rug 1P0202 Grey 140x200,,,taxable,parent,0,0,,0,0,,200,140,0.6,0,,1152,2065,,,,,,,61327107-H,,,,,,4,,,Size,140x200,,1,,,,,,,,,,,,,,,,,,,,,,,,,,,,,,,,,,,,,140x200,,,,,,,,,,,,,,,,,,,,,,,,137550,,,,,,,,,,,,,,,,,,,
58852,variation,61335637,,D-sign Rug 1P0202 Grey - 160x230,1,0,visible,,D-sign Rug 1P0202 Grey 160x230,,,taxable,parent,0,0,,0,0,,230,160,0.6,0,,1413,2535,,,,,,,61327107-H,,,,,,5,,,Size,160x230,,1,,,,,,,,,,,,,,,,,,,,,,,,,,,,,,,,,,,,,160x230,,,,,,,,,,,,,,,,,,,,,,,,137551,,,,,,,,,,,,,,,,,,,
58853,variation,61335651,,D-sign Rug 1P0202 Grey - 200x290,1,0,visible,,D-sign Rug 1P0202 Grey 200x290,,,taxable,parent,1,2,,0,0,,290,200,0.6,0,,2098,3775,,,,,,,61327107-H,,,,,,6,,,Size,200x290,,1,,,,,,,,,,,,,,,,,,,,,,,,,,,,,,,,,,,,,200x290,,,,,,,,,,,,,,,,,,,,,,,,137552,,,,,,,,,,,,,,,,,,,
58855,variable,61327119-H,,D-sign Rug 1P0205 Creme,1,0,visible,D-sign Rug 1P0205 Creme,D-sign Rug 1P0205 Creme,,,taxable,,1,,,0,0,,,,,1,,,,"Rooms > Bedroom, Rooms > Living room, Rugs > Modern, Rugs",,,"https://rugshop.eu/wp-content/uploads/2021/11/modern-noble-carpet-1517-65-frame-greek-marble-structural-two-levels-of-fleece-cream-grey.jpg, https://rugshop.eu/wp-content/uploads/2021/11/modern-noble-carpet-1517-65-frame-greek-marble-structural-two-levels-of-fleece-cream-grey-1.jpg, https://rugshop.eu/wp-content/uploads/2021/11/modern-noble-carpet-1517-65-frame-greek-marble-structural-two-levels-of-fleece-cream-grey-2.jpg, https://rugshop.eu/wp-content/uploads/2021/11/modern-noble-carpet-1517-65-frame-greek-marble-structural-two-levels-of-fleece-cream-grey-3.jpg, https://rugshop.eu/wp-content/uploads/2021/11/modern-noble-carpet-1517-65-frame-greek-marble-structural-two-levels-of-fleece-cream-grey-4.jpg",,,,,,,,,2512,,,Size,"120x170, 140x190, 160x220, 180x270, 200x290, 240x330, 80x150",1,1,Brand,D-sign,1,1,Color,"Black-Grey, White-Beige",1,1,Type of color,Multicolor,1,1,Shape,Rectangular,1,1,Material,Polyester,1,1,Type of rug,Modern,1,1,Weave,Machinemade,1,1,Age,New,1,1,,,,,,,,,,,,,,,,,,yes,yes,,,,,,,,,,,,,,,,,,,,,,,,,,,,,
58856,variable,61327121-H,,D-sign Rug 1P0206 Creme,1,0,visible,D-sign Rug 1P0206 Creme,D-sign Rug 1P0206 Creme,,,taxable,,1,,,0,0,,,,,1,,,,"Rooms > Bedroom, Rooms > Living room, Rugs > Modern, Rugs, Rugs > Vintage",,,"https://rugshop.eu/wp-content/uploads/2021/11/modern-noble-carpet-1518-67-vintage-geometric-structural-two-levels-of-fleece-cream-grey.jpg, https://rugshop.eu/wp-content/uploads/2021/11/modern-noble-carpet-1518-67-vintage-geometric-structural-two-levels-of-fleece-cream-grey-1.jpg, https://rugshop.eu/wp-content/uploads/2021/11/modern-noble-carpet-1518-67-vintage-geometric-structural-two-levels-of-fleece-cream-grey-2.jpg, https://rugshop.eu/wp-content/uploads/2021/11/modern-noble-carpet-1518-67-vintage-geometric-structural-two-levels-of-fleece-cream-grey-3.jpg, https://rugshop.eu/wp-content/uploads/2021/11/modern-noble-carpet-1518-67-vintage-geometric-structural-two-levels-of-fleece-cream-grey-4.jpg",,,,,,,,,2513,,,Size,"120x170, 140x190, 160x220, 180x270, 200x290, 240x330, 80x150",1,1,Brand,D-sign,1,1,Color,"Black-Grey, White-Beige",1,1,Type of color,Multicolor,1,1,Shape,Rectangular,1,1,Material,Polyester,1,1,Type of rug,"Modern, Vintage / Colored Vintage",1,1,Weave,Machinemade,1,1,Age,New,1,1,,,,,,,,,,,,,,,,,,yes,yes,,,,,,,,,,,,,,,,,,,,,,,,,,,,,
58857,variation,61327114,,D-sign Rug 1P0203 Blue - 60x110,1,0,visible,,D-sign Rug 1P0203 Blue 60x110,,,taxable,parent,0,0,,0,0,,110,60,0.6,0,,467,835,,,,,,,61327114-H,,,,,,1,,,Size,60x110,,1,,,,,,,,,,,,,,,,,,,,,,,,,,,,,,,,,,,,,60x110,,,,,,,,,,,,,,,,,,,,,,,,137559,,,,,,,,,,,,,,,,,,,
58858,variation,61335657,,D-sign Rug 1P0203 Blue - 80x150,1,0,visible,,D-sign Rug 1P0203 Blue 80x150,,,taxable,parent,1,6,,0,0,,150,80,0.6,0,,663,1185,,,,,,,61327114-H,,,,,,2,,,Size,80x150,,1,,,,,,,,,,,,,,,,,,,,,,,,,,,,,,,,,,,,,80x150,,,,,,,,,,,,,,,,,,,,,,,,137560,,,,,,,,,,,,,,,,,,,
58859,variation,61335656,,D-sign Rug 1P0203 Blue - 120x170,1,0,visible,,D-sign Rug 1P0203 Blue 120x170,,,taxable,parent,0,0,,0,0,,170,120,0.6,0,,924,1655,,,,,,,61327114-H,,,,,,3,,,Size,120x170,,1,,,,,,,,,,,,,,,,,,,,,,,,,,,,,,,,,,,,,120x170,,,,,,,,,,,,,,,,,,,,,,,,137561,,,,,,,,,,,,,,,,,,,
58860,variation,61335655,,D-sign Rug 1P0203 Blue - 140x200,1,0,visible,,D-sign Rug 1P0203 Blue 140x200,,,taxable,parent,0,0,,0,0,,200,140,0.6,0,,1152,2065,,,,,,,61327114-H,,,,,,4,,,Size,140x200,,1,,,,,,,,,,,,,,,,,,,,,,,,,,,,,,,,,,,,,140x200,,,,,,,,,,,,,,,,,,,,,,,,137562,,,,,,,,,,,,,,,,,,,
58861,variation,61335658,,D-sign Rug 1P0203 Blue - 160x230,1,0,visible,,D-sign Rug 1P0203 Blue 160x230,,,taxable,parent,1,2,,0,0,,230,160,0.6,0,,1413,2535,,,,,,,61327114-H,,,,,,5,,,Size,160x230,,1,,,,,,,,,,,,,,,,,,,,,,,,,,,,,,,,,,,,,160x230,,,,,,,,,,,,,,,,,,,,,,,,137563,,,,,,,,,,,,,,,,,,,
58862,variation,61335653,,D-sign Rug 1P0203 Blue - 200x290,1,0,visible,,D-sign Rug 1P0203 Blue 200x290,,,taxable,parent,1,7,,0,0,,290,200,0.6,0,,2098,3775,,,,,,,61327114-H,,,,,,6,,,Size,200x290,,1,,,,,,,,,,,,,,,,,,,,,,,,,,,,,,,,,,,,,200x290,,,,,,,,,,,,,,,,,,,,,,,,137564,,,,,,,,,,,,,,,,,,,
58864,variation,61327113,,D-sign Rug 1P0204 Creme - 80x150,1,0,visible,,D-sign Rug 1P0204 Creme 80x150,,,taxable,parent,1,2,,0,0,,150,80,1.2,0,,894,1605,,,,,,,61327113-H,,,,,,1,,,Size,80x150,,1,,,,,,,,,,,,,,,,,,,,,,,,,,,,,,,,,,,,,80x150,,,,,,,,,,,,,,,,,,,,,,,,137565,,,,,,,,,,,,,,,,,,,
58865,variation,61335650,,D-sign Rug 1P0204 Creme - 120x170,1,0,visible,,D-sign Rug 1P0204 Creme 120x170,,,taxable,parent,1,4,,0,0,,170,120,1.2,0,,1351,2425,,,,,,,61327113-H,,,,,,2,,,Size,120x170,,1,,,,,,,,,,,,,,,,,,,,,,,,,,,,,,,,,,,,,120x170,,,,,,,,,,,,,,,,,,,,,,,,137566,,,,,,,,,,,,,,,,,,,
58866,variation,61335652,,D-sign Rug 1P0204 Creme - 140x190,1,0,visible,,D-sign Rug 1P0204 Creme 140x190,,,taxable,parent,1,4,,0,0,,190,140,1.2,0,,1644,2955,,,,,,,61327113-H,,,,,,3,,,Size,140x190,,1,,,,,,,,,,,,,,,,,,,,,,,,,,,,,,,,,,,,,140x190,,,,,,,,,,,,,,,,,,,,,,,,137567,,,,,,,,,,,,,,,,,,,
58867,variation,61335654,,D-sign Rug 1P0204 Creme - 160x220,1,0,visible,,D-sign Rug 1P0204 Creme 160x220,,,taxable,parent,0,0,,0,0,,220,160,1.2,0,,2101,3775,,,,,,,61327113-H,,,,,,4,,,Size,160x220,,1,,,,,,,,,,,,,,,,,,,,,,,,,,,,,,,,,,,,,160x220,,,,,,,,,,,,,,,,,,,,,,,,137568,,,,,,,,,,,,,,,,,,,
58868,variation,61327116,,D-sign Rug 1P0204 Creme - 180x270,1,0,visible,,D-sign Rug 1P0204 Creme 180x270,,,taxable,parent,0,0,,0,0,,270,180,1.2,0,,2786,5005,,,,,,,61327113-H,,,,,,5,,,Size,180x270,,1,,,,,,,,,,,,,,,,,,,,,,,,,,,,,,,,,,,,,180x270,,,,,,,,,,,,,,,,,,,,,,,,137569,,,,,,,,,,,,,,,,,,,
58869,variation,61327117,,D-sign Rug 1P0204 Creme - 200x290,1,0,visible,,D-sign Rug 1P0204 Creme 200x290,,,taxable,parent,0,0,,0,0,,290,200,1.2,0,,3275,5885,,,,,,,61327113-H,,,,,,6,,,Size,200x290,,1,,,,,,,,,,,,,,,,,,,,,,,,,,,,,,,,,,,,,200x290,,,,,,,,,,,,,,,,,,,,,,,,137570,,,,,,,,,,,,,,,,,,,
58870,variation,61327118,,D-sign Rug 1P0204 Creme - 240x330,1,0,visible,,D-sign Rug 1P0204 Creme 240x330,,,taxable,parent,0,0,,0,0,,330,240,1.2,0,,4452,8005,,,,,,,61327113-H,,,,,,7,,,Size,240x330,,1,,,,,,,,,,,,,,,,,,,,,,,,,,,,,,,,,,,,,240x330,,,,,,,,,,,,,,,,,,,,,,,,137571,,,,,,,,,,,,,,,,,,,
58872,variation,61327119,,D-sign Rug 1P0205 Creme - 80x150,1,0,visible,,D-sign Rug 1P0205 Creme 80x150,,,taxable,parent,1,5,,0,0,,150,80,1.2,0,,894,1605,,,,,,,61327119-H,,,,,,1,,,Size,80x150,,1,,,,,,,,,,,,,,,,,,,,,,,,,,,,,,,,,,,,,80x150,,,,,,,,,,,,,,,,,,,,,,,,137572,,,,,,,,,,,,,,,,,,,
58873,variation,61335669,,D-sign Rug 1P0205 Creme - 120x170,1,0,visible,,D-sign Rug 1P0205 Creme 120x170,,,taxable,parent,1,13,,0,0,,170,120,1.2,0,,1351,2425,,,,,,,61327119-H,,,,,,2,,,Size,120x170,,1,,,,,,,,,,,,,,,,,,,,,,,,,,,,,,,,,,,,,120x170,,,,,,,,,,,,,,,,,,,,,,,,137573,,,,,,,,,,,,,,,,,,,
58874,variation,61335672,,D-sign Rug 1P0205 Creme - 140x190,1,0,visible,,D-sign Rug 1P0205 Creme 140x190,,,taxable,parent,1,7,,0,0,,190,140,1.2,0,,1644,2955,,,,,,,61327119-H,,,,,,3,,,Size,140x190,,1,,,,,,,,,,,,,,,,,,,,,,,,,,,,,,,,,,,,,140x190,,,,,,,,,,,,,,,,,,,,,,,,137574,,,,,,,,,,,,,,,,,,,
58875,variation,61335674,,D-sign Rug 1P0205 Creme - 160x220,1,0,visible,,D-sign Rug 1P0205 Creme 160x220,,,taxable,parent,1,7,,0,0,,220,160,1.2,0,,2101,3775,,,,,,,61327119-H,,,,,,4,,,Size,160x220,,1,,,,,,,,,,,,,,,,,,,,,,,,,,,,,,,,,,,,,160x220,,,,,,,,,,,,,,,,,,,,,,,,137575,,,,,,,,,,,,,,,,,,,
58876,variation,61335659,,D-sign Rug 1P0205 Creme - 180x270,1,0,visible,,D-sign Rug 1P0205 Creme 180x270,,,taxable,parent,1,6,,0,0,,270,180,1.2,0,,2786,5005,,,,,,,61327119-H,,,,,,5,,,Size,180x270,,1,,,,,,,,,,,,,,,,,,,,,,,,,,,,,,,,,,,,,180x270,,,,,,,,,,,,,,,,,,,,,,,,137576,,,,,,,,,,,,,,,,,,,
58877,variation,61335677,,D-sign Rug 1P0205 Creme - 200x290,1,0,visible,,D-sign Rug 1P0205 Creme 200x290,,,taxable,parent,1,3,,0,0,,290,200,1.2,0,,3275,5885,,,,,,,61327119-H,,,,,,6,,,Size,200x290,,1,,,,,,,,,,,,,,,,,,,,,,,,,,,,,,,,,,,,,200x290,,,,,,,,,,,,,,,,,,,,,,,,137577,,,,,,,,,,,,,,,,,,,
58878,variation,61335670,,D-sign Rug 1P0205 Creme - 240x330,1,0,visible,,D-sign Rug 1P0205 Creme 240x330,,,taxable,parent,0,0,,0,0,,330,240,1.2,0,,4452,8005,,,,,,,61327119-H,,,,,,7,,,Size,240x330,,1,,,,,,,,,,,,,,,,,,,,,,,,,,,,,,,,,,,,,240x330,,,,,,,,,,,,,,,,,,,,,,,,137578,,,,,,,,,,,,,,,,,,,
58880,variable,61327120-H,,D-sign Rug 1P0031 Beige,1,0,visible,D-sign Rug 1P0031 Beige,D-sign Rug 1P0031 Beige,,,taxable,,1,,,0,0,,,,,1,,,,"Rooms > Bedroom, Rooms > Living room, Rugs > Persian, Rugs",,,"https://rugshop.eu/wp-content/uploads/2021/10/carpet-wool-keshan-ornament-oriental-7518-53528-beige-navy.jpg, https://rugshop.eu/wp-content/uploads/2021/10/carpet-wool-keshan-ornament-oriental-7518-53528-beige-navy-1.jpg, https://rugshop.eu/wp-content/uploads/2021/10/carpet-wool-keshan-ornament-oriental-7518-53528-beige-navy-2.jpg, https://rugshop.eu/wp-content/uploads/2021/10/carpet-wool-keshan-ornament-oriental-7518-53528-beige-navy-3.jpg, https://rugshop.eu/wp-content/uploads/2021/11/carpet-wool-keshan-ornament-oriental-7518-53528-beige-navy.jpg",,,,,,,,,2354,,,Size,"120x145, 160x230, 200x290, 250x340, 300x380, 80x145",1,1,Brand,D-sign,1,1,Color,Yellow-Brown,1,1,Type of color,Multicolor,1,1,Shape,Rectangular,1,1,Material,Polypropylene,1,1,Type of rug,Persian,1,1,Weave,Machinemade,1,1,Age,New,1,1,,,,,,,,,,,,,,,,,,yes,yes,,,,,,,,,,,,,,,,,,,,,,,,,,,,,
58881,variable,61327130-H,,D-sign Rug 1P0207 Grey,1,0,visible,D-sign Rug 1P0207 Grey,D-sign Rug 1P0207 Grey,,,taxable,,1,,,0,0,,,,,1,,,,"Rooms > Bedroom, Rooms > Living room, Rugs > Modern, Rugs, Rugs > Vintage",,,"https://rugshop.eu/wp-content/uploads/2021/11/modern-noble-carpet-1520-45-vintage-geometric-lines-structural-two-levels-of-fleece-cream-grey.jpg, https://rugshop.eu/wp-content/uploads/2021/11/modern-noble-carpet-1520-45-vintage-geometric-lines-structural-two-levels-of-fleece-cream-grey-1.jpg, https://rugshop.eu/wp-content/uploads/2021/11/modern-noble-carpet-1520-45-vintage-geometric-lines-structural-two-levels-of-fleece-cream-grey-2.jpg, https://rugshop.eu/wp-content/uploads/2021/11/modern-noble-carpet-1520-45-vintage-geometric-lines-structural-two-levels-of-fleece-cream-grey-3.jpg, https://rugshop.eu/wp-content/uploads/2021/11/modern-noble-carpet-1520-45-vintage-geometric-lines-structural-two-levels-of-fleece-cream-grey-4.jpg",,,,,,,,,2514,,,Size,"120x170, 140x190, 160x220, 180x270, 200x290, 240x330, 80x150",1,1,Brand,D-sign,1,1,Color,"Black-Grey, White-Beige",1,1,Type of color,Multicolor,1,1,Shape,Rectangular,1,1,Material,Polyester,1,1,Type of rug,"Modern, Vintage / Colored Vintage",1,1,Weave,Machinemade,1,1,Age,New,1,1,,,,,,,,,,,,,,,,,,yes,yes,,,,,,,,,,,,,,,,,,,,,,,,,,,,,
58882,variable,61327133-H,,D-sign Rug 1P0208 Grey,1,0,visible,D-sign Rug 1P0208 Grey,D-sign Rug 1P0208 Grey,,,taxable,,1,,,0,0,,,,,1,,,,"Rooms > Bedroom, Rooms > Living room, Rugs > Modern, Rugs, Rugs > Vintage",,,"https://rugshop.eu/wp-content/uploads/2021/11/modern-noble-carpet-1532-45-vintage-moroccan-trellis-structural-two-levels-of-fleece-cream-grey.jpg, https://rugshop.eu/wp-content/uploads/2021/11/modern-noble-carpet-1532-45-vintage-moroccan-trellis-structural-two-levels-of-fleece-cream-grey-1.jpg, https://rugshop.eu/wp-content/uploads/2021/11/modern-noble-carpet-1532-45-vintage-moroccan-trellis-structural-two-levels-of-fleece-cream-grey-2.jpg, https://rugshop.eu/wp-content/uploads/2021/11/modern-noble-carpet-1532-45-vintage-moroccan-trellis-structural-two-levels-of-fleece-cream-grey-3.jpg, https://rugshop.eu/wp-content/uploads/2021/11/modern-noble-carpet-1532-45-vintage-moroccan-trellis-structural-two-levels-of-fleece-cream-grey-4.jpg",,,,,,,,,2515,,,Size,"120x170, 140x190, 160x220, 180x270, 200x290, 240x330, 80x150",1,1,Brand,D-sign,1,1,Color,"Black-Grey, White-Beige",1,1,Type of color,Multicolor,1,1,Shape,Rectangular,1,1,Material,Polyester,1,1,Type of rug,"Modern, Vintage / Colored Vintage",1,1,Weave,Machinemade,1,1,Age,New,1,1,,,,,,,,,,,,,,,,,,yes,yes,,,,,,,,,,,,,,,,,,,,,,,,,,,,,
58883,variation,61327121,,D-sign Rug 1P0206 Creme - 80x150,1,0,visible,,D-sign Rug 1P0206 Creme 80x150,,,taxable,parent,1,3,,0,0,,150,80,1.2,0,,894,1605,,,,,,,61327121-H,,,,,,1,,,Size,80x150,,1,,,,,,,,,,,,,,,,,,,,,,,,,,,,,,,,,,,,,80x150,,,,,,,,,,,,,,,,,,,,,,,,137579,,,,,,,,,,,,,,,,,,,
58884,variation,61335717,,D-sign Rug 1P0206 Creme - 120x170,1,0,visible,,D-sign Rug 1P0206 Creme 120x170,,,taxable,parent,1,4,,0,0,,170,120,1.2,0,,1351,2425,,,,,,,61327121-H,,,,,,2,,,Size,120x170,,1,,,,,,,,,,,,,,,,,,,,,,,,,,,,,,,,,,,,,120x170,,,,,,,,,,,,,,,,,,,,,,,,137580,,,,,,,,,,,,,,,,,,,
58885,variation,61335675,,D-sign Rug 1P0206 Creme - 140x190,1,0,visible,,D-sign Rug 1P0206 Creme 140x190,,,taxable,parent,1,2,,0,0,,190,140,1.2,0,,1644,2955,,,,,,,61327121-H,,,,,,3,,,Size,140x190,,1,,,,,,,,,,,,,,,,,,,,,,,,,,,,,,,,,,,,,140x190,,,,,,,,,,,,,,,,,,,,,,,,137581,,,,,,,,,,,,,,,,,,,
58886,variation,61335676,,D-sign Rug 1P0206 Creme - 160x220,1,0,visible,,D-sign Rug 1P0206 Creme 160x220,,,taxable,parent,0,0,,0,0,,220,160,1.2,0,,2101,3775,,,,,,,61327121-H,,,,,,4,,,Size,160x220,,1,,,,,,,,,,,,,,,,,,,,,,,,,,,,,,,,,,,,,160x220,,,,,,,,,,,,,,,,,,,,,,,,137582,,,,,,,,,,,,,,,,,,,
58887,variation,61335678,,D-sign Rug 1P0206 Creme - 180x270,1,0,visible,,D-sign Rug 1P0206 Creme 180x270,,,taxable,parent,1,1,,0,0,,270,180,1.2,0,,2786,5005,,,,,,,61327121-H,,,,,,5,,,Size,180x270,,1,,,,,,,,,,,,,,,,,,,,,,,,,,,,,,,,,,,,,180x270,,,,,,,,,,,,,,,,,,,,,,,,137583,,,,,,,,,,,,,,,,,,,
58888,variation,61335723,,D-sign Rug 1P0206 Creme - 200x290,1,0,visible,,D-sign Rug 1P0206 Creme 200x290,,,taxable,parent,0,0,,0,0,,290,200,1.2,0,,3275,5885,,,,,,,61327121-H,,,,,,6,,,Size,200x290,,1,,,,,,,,,,,,,,,,,,,,,,,,,,,,,,,,,,,,,200x290,,,,,,,,,,,,,,,,,,,,,,,,137584,,,,,,,,,,,,,,,,,,,
58889,variation,61335673,,D-sign Rug 1P0206 Creme - 240x330,1,0,visible,,D-sign Rug 1P0206 Creme 240x330,,,taxable,parent,0,0,,0,0,,330,240,1.2,0,,4452,8005,,,,,,,61327121-H,,,,,,7,,,Size,240x330,,1,,,,,,,,,,,,,,,,,,,,,,,,,,,,,,,,,,,,,240x330,,,,,,,,,,,,,,,,,,,,,,,,137585,,,,,,,,,,,,,,,,,,,
58891,variation,61327120,,D-sign Rug 1P0031 Beige - 80x145,1,0,visible,,D-sign Rug 1P0031 Beige 80x145 ,,,taxable,parent,1,13,,0,0,,145,80,0.9,0,,1514,2725,,,,,,,61327120-H,,,,,,1,,,Size,80x145,,1,,,,,,,,,,,,,,,,,,,,,,,,,,,,,,,,,,,,,80x145,,,,,,,,,,,,,,,,,,,,,,,,137659,,,,,,,,,,,,,,,,,,,
58892,variation,61335716,,D-sign Rug 1P0031 Beige - 120x145,1,0,visible,,D-sign Rug 1P0031 Beige 120x145 ,,,taxable,parent,1,9,,0,0,,145,120,0.9,0,,2117,3805,,,,,,,61327120-H,,,,,,2,,,Size,120x145,,1,,,,,,,,,,,,,,,,,,,,,,,,,,,,,,,,,,,,,120x145,,,,,,,,,,,,,,,,,,,,,,,,137431,,,,,,,,,,,,,,,,,,,
58893,variation,61335671,,D-sign Rug 1P0031 Beige - 160x230,1,0,visible,,D-sign Rug 1P0031 Beige 160x230,,,taxable,parent,1,10,,0,0,,230,160,0.9,0,,4188,7535,,,,,,,61327120-H,,,,,,3,,,Size,160x230,,1,,,,,,,,,,,,,,,,,,,,,,,,,,,,,,,,,,,,,160x230,,,,,,,,,,,,,,,,,,,,,,,,137432,,,,,,,,,,,,,,,,,,,
58894,variation,61327129,,D-sign Rug 1P0031 Beige - 200x290,1,0,visible,,D-sign Rug 1P0031 Beige 200x290,,,taxable,parent,1,4,,0,0,,290,200,0.9,0,,6421,11555,,,,,,,61327120-H,,,,,,4,,,Size,200x290,,1,,,,,,,,,,,,,,,,,,,,,,,,,,,,,,,,,,,,,200x290,,,,,,,,,,,,,,,,,,,,,,,,137656,,,,,,,,,,,,,,,,,,,
58895,variation,61327127,,D-sign Rug 1P0031 Beige - 250x340,1,0,visible,,D-sign Rug 1P0031 Beige 250x340,,,taxable,parent,0,0,,0,0,,340,250,0.9,0,,9359,16845,,,,,,,61327120-H,,,,,,5,,,Size,250x340,,1,,,,,,,,,,,,,,,,,,,,,,,,,,,,,,,,,,,,,250x340,,,,,,,,,,,,,,,,,,,,,,,,137657,,,,,,,,,,,,,,,,,,,
58896,variation,61327128,,D-sign Rug 1P0031 Beige - 300x380,1,0,visible,,D-sign Rug 1P0031 Beige 300x380,,,taxable,parent,1,1,,0,0,,380,300,0.9,0,,12768,22975,,,,,,,61327120-H,,,,,,6,,,Size,300x380,,1,,,,,,,,,,,,,,,,,,,,,,,,,,,,,,,,,,,,,300x380,,,,,,,,,,,,,,,,,,,,,,,,137658,,,,,,,,,,,,,,,,,,,
58898,variation,61327130,,D-sign Rug 1P0207 Grey - 80x150,1,0,visible,,D-sign Rug 1P0207 Grey 80x150,,,taxable,parent,1,2,,0,0,,150,80,1.2,0,,894,1605,,,,,,,61327130-H,,,,,,1,,,Size,80x150,,1,,,,,,,,,,,,,,,,,,,,,,,,,,,,,,,,,,,,,80x150,,,,,,,,,,,,,,,,,,,,,,,,137660,,,,,,,,,,,,,,,,,,,
58899,variation,61335718,,D-sign Rug 1P0207 Grey - 120x170,1,0,visible,,D-sign Rug 1P0207 Grey 120x170,,,taxable,parent,1,3,,0,0,,170,120,1.2,0,,1351,2425,,,,,,,61327130-H,,,,,,2,,,Size,120x170,,1,,,,,,,,,,,,,,,,,,,,,,,,,,,,,,,,,,,,,120x170,,,,,,,,,,,,,,,,,,,,,,,,137661,,,,,,,,,,,,,,,,,,,
58900,variation,61335724,,D-sign Rug 1P0207 Grey - 140x190,1,0,visible,,D-sign Rug 1P0207 Grey 140x190,,,taxable,parent,1,2,,0,0,,190,140,1.2,0,,1644,2955,,,,,,,61327130-H,,,,,,3,,,Size,140x190,,1,,,,,,,,,,,,,,,,,,,,,,,,,,,,,,,,,,,,,140x190,,,,,,,,,,,,,,,,,,,,,,,,137662,,,,,,,,,,,,,,,,,,,
58901,variation,61335719,,D-sign Rug 1P0207 Grey - 160x220,1,0,visible,,D-sign Rug 1P0207 Grey 160x220,,,taxable,parent,0,0,,0,0,,220,160,1.2,0,,2101,3775,,,,,,,61327130-H,,,,,,4,,,Size,160x220,,1,,,,,,,,,,,,,,,,,,,,,,,,,,,,,,,,,,,,,160x220,,,,,,,,,,,,,,,,,,,,,,,,137663,,,,,,,,,,,,,,,,,,,
58902,variation,61335725,,D-sign Rug 1P0207 Grey - 180x270,1,0,visible,,D-sign Rug 1P0207 Grey 180x270,,,taxable,parent,0,0,,0,0,,270,180,1.2,0,,2786,5005,,,,,,,61327130-H,,,,,,5,,,Size,180x270,,1,,,,,,,,,,,,,,,,,,,,,,,,,,,,,,,,,,,,,180x270,,,,,,,,,,,,,,,,,,,,,,,,137664,,,,,,,,,,,,,,,,,,,
58903,variation,61335720,,D-sign Rug 1P0207 Grey - 200x290,1,0,visible,,D-sign Rug 1P0207 Grey 200x290,,,taxable,parent,0,0,,0,0,,290,200,1.2,0,,3275,5885,,,,,,,61327130-H,,,,,,6,,,Size,200x290,,1,,,,,,,,,,,,,,,,,,,,,,,,,,,,,,,,,,,,,200x290,,,,,,,,,,,,,,,,,,,,,,,,137665,,,,,,,,,,,,,,,,,,,
58904,variation,61335722,,D-sign Rug 1P0207 Grey - 240x330,1,0,visible,,D-sign Rug 1P0207 Grey 240x330,,,taxable,parent,0,0,,0,0,,330,240,1.2,0,,4452,8005,,,,,,,61327130-H,,,,,,7,,,Size,240x330,,1,,,,,,,,,,,,,,,,,,,,,,,,,,,,,,,,,,,,,240x330,,,,,,,,,,,,,,,,,,,,,,,,137666,,,,,,,,,,,,,,,,,,,
58906,variable,61327132-H,,D-sign Rug 1P0209 Grey,1,0,visible,D-sign Rug 1P0209 Grey,D-sign Rug 1P0209 Grey,,,taxable,,1,,,0,0,,,,,1,,,,"Rooms > Bedroom, Rooms > Living room, Rugs > Modern, Rugs, Rugs > Vintage",,,"https://rugshop.eu/wp-content/uploads/2021/11/modern-noble-carpet-6773-45-ornament-vintage-structural-two-levels-of-fleece-grey.jpg, https://rugshop.eu/wp-content/uploads/2021/11/modern-noble-carpet-6773-45-ornament-vintage-structural-two-levels-of-fleece-grey-1.jpg, https://rugshop.eu/wp-content/uploads/2021/11/modern-noble-carpet-6773-45-ornament-vintage-structural-two-levels-of-fleece-grey-2.jpg, https://rugshop.eu/wp-content/uploads/2021/11/modern-noble-carpet-6773-45-ornament-vintage-structural-two-levels-of-fleece-grey-3.jpg, https://rugshop.eu/wp-content/uploads/2021/11/modern-noble-carpet-6773-45-ornament-vintage-structural-two-levels-of-fleece-grey-4.jpg",,,,,,,,,2516,,,Size,"120x170, 140x190, 160x220, 180x270, 200x290, 240x330, 80x150",1,1,Brand,D-sign,1,1,Color,"Black-Grey, White-Beige",1,1,Type of color,Multicolor,1,1,Shape,Rectangular,1,1,Material,Polyester,1,1,Type of rug,"Modern, Vintage / Colored Vintage",1,1,Weave,Machinemade,1,1,Age,New,1,1,,,,,,,,,,,,,,,,,,yes,yes,,,,,,,,,,,,,,,,,,,,,,,,,,,,,
58908,variable,61327142-H,,D-sign Rug 1P0211 Grey,1,0,visible,D-sign Rug 1P0211 Grey,D-sign Rug 1P0211 Grey,,,taxable,,1,,,0,0,,,,,1,,,,"Rooms > Bedroom, Rooms > Living room, Rugs > Modern, Rugs, Rugs > Vintage",,,"https://rugshop.eu/wp-content/uploads/2021/11/modern-noble-carpet-9732-47-herringbone-vintage-structural-two-levels-of-fleece-grey-beige.jpg, https://rugshop.eu/wp-content/uploads/2021/11/modern-noble-carpet-9732-47-herringbone-vintage-structural-two-levels-of-fleece-grey-beige-1.jpg, https://rugshop.eu/wp-content/uploads/2021/11/modern-noble-carpet-9732-47-herringbone-vintage-structural-two-levels-of-fleece-grey-beige-2.jpg, https://rugshop.eu/wp-content/uploads/2021/11/modern-noble-carpet-9732-47-herringbone-vintage-structural-two-levels-of-fleece-grey-beige-3.jpg, https://rugshop.eu/wp-content/uploads/2021/11/modern-noble-carpet-9732-47-herringbone-vintage-structural-two-levels-of-fleece-grey-beige-4.jpg",,,,,,,,,2518,,,Size,"120x170, 140x190, 160x220, 180x270, 200x290, 240x330, 80x150",1,1,Brand,D-sign,1,1,Color,"Black-Grey, White-Beige",1,1,Type of color,Multicolor,1,1,Shape,Rectangular,1,1,Material,Polyester,1,1,Type of rug,"Modern, Vintage / Colored Vintage",1,1,Weave,Machinemade,1,1,Age,New,1,1,,,,,,,,,,,,,,,,,,yes,yes,,,,,,,,,,,,,,,,,,,,,,,,,,,,,
58909,variation,61327133,,D-sign Rug 1P0208 Grey - 80x150,1,0,visible,,D-sign Rug 1P0208 Grey 80x150,,,taxable,parent,1,6,,0,0,,150,80,1.2,0,,894,1605,,,,,,,61327133-H,,,,,,1,,,Size,80x150,,1,,,,,,,,,,,,,,,,,,,,,,,,,,,,,,,,,,,,,80x150,,,,,,,,,,,,,,,,,,,,,,,,137667,,,,,,,,,,,,,,,,,,,
58910,variation,61335728,,D-sign Rug 1P0208 Grey - 120x170,1,0,visible,,D-sign Rug 1P0208 Grey 120x170,,,taxable,parent,1,3,,0,0,,170,120,1.2,0,,1351,2425,,,,,,,61327133-H,,,,,,2,,,Size,120x170,,1,,,,,,,,,,,,,,,,,,,,,,,,,,,,,,,,,,,,,120x170,,,,,,,,,,,,,,,,,,,,,,,,137668,,,,,,,,,,,,,,,,,,,
58911,variation,61335736,,D-sign Rug 1P0208 Grey - 140x190,1,0,visible,,D-sign Rug 1P0208 Grey 140x190,,,taxable,parent,0,0,,0,0,,190,140,1.2,0,,1644,2955,,,,,,,61327133-H,,,,,,3,,,Size,140x190,,1,,,,,,,,,,,,,,,,,,,,,,,,,,,,,,,,,,,,,140x190,,,,,,,,,,,,,,,,,,,,,,,,137669,,,,,,,,,,,,,,,,,,,
58912,variation,61335733,,D-sign Rug 1P0208 Grey - 160x220,1,0,visible,,D-sign Rug 1P0208 Grey 160x220,,,taxable,parent,0,0,,0,0,,220,160,1.2,0,,2101,3775,,,,,,,61327133-H,,,,,,4,,,Size,160x220,,1,,,,,,,,,,,,,,,,,,,,,,,,,,,,,,,,,,,,,160x220,,,,,,,,,,,,,,,,,,,,,,,,137670,,,,,,,,,,,,,,,,,,,
58913,variation,61335734,,D-sign Rug 1P0208 Grey - 180x270,1,0,visible,,D-sign Rug 1P0208 Grey 180x270,,,taxable,parent,0,0,,0,0,,270,180,1.2,0,,2786,5005,,,,,,,61327133-H,,,,,,5,,,Size,180x270,,1,,,,,,,,,,,,,,,,,,,,,,,,,,,,,,,,,,,,,180x270,,,,,,,,,,,,,,,,,,,,,,,,137671,,,,,,,,,,,,,,,,,,,
58914,variation,61335729,,D-sign Rug 1P0208 Grey - 200x290,1,0,visible,,D-sign Rug 1P0208 Grey 200x290,,,taxable,parent,0,0,,0,0,,290,200,1.2,0,,3275,5885,,,,,,,61327133-H,,,,,,6,,,Size,200x290,,1,,,,,,,,,,,,,,,,,,,,,,,,,,,,,,,,,,,,,200x290,,,,,,,,,,,,,,,,,,,,,,,,137672,,,,,,,,,,,,,,,,,,,
58915,variation,61335721,,D-sign Rug 1P0208 Grey - 240x330,1,0,visible,,D-sign Rug 1P0208 Grey 240x330,,,taxable,parent,1,1,,0,0,,330,240,1.2,0,,4452,8005,,,,,,,61327133-H,,,,,,7,,,Size,240x330,,1,,,,,,,,,,,,,,,,,,,,,,,,,,,,,,,,,,,,,240x330,,,,,,,,,,,,,,,,,,,,,,,,137673,,,,,,,,,,,,,,,,,,,
58917,variation,61327132,,D-sign Rug 1P0209 Grey - 80x150,1,0,visible,,D-sign Rug 1P0209 Grey 80x150,,,taxable,parent,1,1,,0,0,,150,80,1.2,0,,894,1605,,,,,,,61327132-H,,,,,,1,,,Size,80x150,,1,,,,,,,,,,,,,,,,,,,,,,,,,,,,,,,,,,,,,80x150,,,,,,,,,,,,,,,,,,,,,,,,137681,,,,,,,,,,,,,,,,,,,
58918,variation,61335731,,D-sign Rug 1P0209 Grey - 120x170,1,0,visible,,D-sign Rug 1P0209 Grey 120x170,,,taxable,parent,1,7,,0,0,,170,120,1.2,0,,1351,2425,,,,,,,61327132-H,,,,,,2,,,Size,120x170,,1,,,,,,,,,,,,,,,,,,,,,,,,,,,,,,,,,,,,,120x170,,,,,,,,,,,,,,,,,,,,,,,,137682,,,,,,,,,,,,,,,,,,,
58919,variation,61335727,,D-sign Rug 1P0209 Grey - 140x190,1,0,visible,,D-sign Rug 1P0209 Grey 140x190,,,taxable,parent,0,0,,0,0,,190,140,1.2,0,,1644,2955,,,,,,,61327132-H,,,,,,3,,,Size,140x190,,1,,,,,,,,,,,,,,,,,,,,,,,,,,,,,,,,,,,,,140x190,,,,,,,,,,,,,,,,,,,,,,,,137683,,,,,,,,,,,,,,,,,,,
58920,variation,61327136,,D-sign Rug 1P0209 Grey - 160x220,1,0,visible,,D-sign Rug 1P0209 Grey 160x220,,,taxable,parent,0,0,,0,0,,220,160,1.2,0,,2101,3775,,,,,,,61327132-H,,,,,,4,,,Size,160x220,,1,,,,,,,,,,,,,,,,,,,,,,,,,,,,,,,,,,,,,160x220,,,,,,,,,,,,,,,,,,,,,,,,137684,,,,,,,,,,,,,,,,,,,
58921,variation,61327137,,D-sign Rug 1P0209 Grey - 180x270,1,0,visible,,D-sign Rug 1P0209 Grey 180x270,,,taxable,parent,0,0,,0,0,,270,180,1.2,0,,2786,5005,,,,,,,61327132-H,,,,,,5,,,Size,180x270,,1,,,,,,,,,,,,,,,,,,,,,,,,,,,,,,,,,,,,,180x270,,,,,,,,,,,,,,,,,,,,,,,,137685,,,,,,,,,,,,,,,,,,,
58922,variation,61327134,,D-sign Rug 1P0209 Grey - 200x290,1,0,visible,,D-sign Rug 1P0209 Grey 200x290,,,taxable,parent,0,0,,0,0,,290,200,1.2,0,,3275,5885,,,,,,,61327132-H,,,,,,6,,,Size,200x290,,1,,,,,,,,,,,,,,,,,,,,,,,,,,,,,,,,,,,,,200x290,,,,,,,,,,,,,,,,,,,,,,,,137686,,,,,,,,,,,,,,,,,,,
58923,variation,61327135,,D-sign Rug 1P0209 Grey - 240x330,1,0,visible,,D-sign Rug 1P0209 Grey 240x330,,,taxable,parent,0,0,,0,0,,330,240,1.2,0,,4452,8005,,,,,,,61327132-H,,,,,,7,,,Size,240x330,,1,,,,,,,,,,,,,,,,,,,,,,,,,,,,,,,,,,,,,240x330,,,,,,,,,,,,,,,,,,,,,,,,137687,,,,,,,,,,,,,,,,,,,
58931,variable,61327141-H,,D-sign Rug 1P0212 Grey,1,0,visible,D-sign Rug 1P0212 Grey,D-sign Rug 1P0212 Grey,,,taxable,,1,,,0,0,,,,,1,,,,"Rooms > Bedroom, Rooms > Living room, Rugs, Rugs > Sisal",,,"https://rugshop.eu/wp-content/uploads/2021/11/carpet-sisal-flat-48607637-squares-diamonds-grey-cream.jpg, https://rugshop.eu/wp-content/uploads/2021/11/carpet-sisal-flat-48607637-squares-diamonds-grey-cream-1.jpg, https://rugshop.eu/wp-content/uploads/2021/11/carpet-sisal-flat-48607637-squares-diamonds-grey-cream-2.jpg, https://rugshop.eu/wp-content/uploads/2021/11/carpet-sisal-flat-48607637-squares-diamonds-grey-cream-3.jpg, https://rugshop.eu/wp-content/uploads/2021/11/carpet-sisal-flat-48607637-squares-diamonds-grey-cream-4.jpg",,,,,,,,,2519,,,Size,"120x170, 140x200, 160x230, 200x290, 80x150",1,1,Brand,D-sign,1,1,Color,"Black-Grey, White-Beige",1,1,Type of color,Multicolor,1,1,Shape,Rectangular,1,1,Material,Polypropylene,1,1,Type of rug,Sisal,1,1,Weave,Machinemade,1,1,Age,New,1,1,,,,,,,,,,,,,,,,,,yes,yes,,,,,,,,,,,,,,,,,,,,,,,,,,,,,
58932,variable,61327145-H,,D-sign Rug 1P0213 Grey,1,0,visible,D-sign Rug 1P0213 Grey,D-sign Rug 1P0213 Grey,,,taxable,,1,,,0,0,,,,,1,,,,"Rooms > Bedroom, Rooms > Living room, Rugs, Rugs > Sisal",,,"https://rugshop.eu/wp-content/uploads/2021/11/carpet-sisal-flat-48731637-squares-diamonds-geometric-grey-cream.jpg, https://rugshop.eu/wp-content/uploads/2021/11/carpet-sisal-flat-48731637-squares-diamonds-geometric-grey-cream-1.jpg, https://rugshop.eu/wp-content/uploads/2021/11/carpet-sisal-flat-48731637-squares-diamonds-geometric-grey-cream-2.jpg, https://rugshop.eu/wp-content/uploads/2021/11/carpet-sisal-flat-48731637-squares-diamonds-geometric-grey-cream-3.jpg, https://rugshop.eu/wp-content/uploads/2021/11/carpet-sisal-flat-48731637-squares-diamonds-geometric-grey-cream-4.jpg",,,,,,,,,2520,,,Size,"120x170, 140x200, 160x230, 200x290, 80x150",1,1,Brand,D-sign,1,1,Color,"Black-Grey, White-Beige",1,1,Type of color,Multicolor,1,1,Shape,Rectangular,1,1,Material,Polypropylene,1,1,Type of rug,Sisal,1,1,Weave,Machinemade,1,1,Age,New,1,1,,,,,,,,,,,,,,,,,,yes,yes,,,,,,,,,,,,,,,,,,,,,,,,,,,,,
58933,variable,61327148-H,,D-sign Rug 1P0214 Creme,1,0,visible,D-sign Rug 1P0214 Creme,D-sign Rug 1P0214 Creme,,,taxable,,1,,,0,0,,,,,1,,,,"Rooms > Bedroom, Rooms > Living room, Rugs, Rugs > Sisal",,,"https://rugshop.eu/wp-content/uploads/2021/11/carpet-sisal-flat-48731960-squares-diamonds-geometric-cream-grey-.jpg, https://rugshop.eu/wp-content/uploads/2021/11/carpet-sisal-flat-48731960-squares-diamonds-geometric-cream-grey-1-1.jpg, https://rugshop.eu/wp-content/uploads/2021/11/carpet-sisal-flat-48731960-squares-diamonds-geometric-cream-grey-1-2.jpg, https://rugshop.eu/wp-content/uploads/2021/11/carpet-sisal-flat-48731960-squares-diamonds-geometric-cream-grey-1-3.jpg, https://rugshop.eu/wp-content/uploads/2021/11/carpet-sisal-flat-48731960-squares-diamonds-geometric-cream-grey-1-4.jpg",,,,,,,,,2521,,,Size,"120x170, 140x200, 160x230, 200x290, 80x150",1,1,Brand,D-sign,1,1,Color,"Black-Grey, White-Beige",1,1,Type of color,Multicolor,1,1,Shape,Rectangular,1,1,Material,Polypropylene,1,1,Type of rug,Sisal,1,1,Weave,Machinemade,1,1,Age,New,1,1,,,,,,,,,,,,,,,,,,yes,yes,,,,,,,,,,,,,,,,,,,,,,,,,,,,,
58934,variable,61327151-H,,D-sign Rug 1P0215 Creme,1,0,visible,D-sign Rug 1P0215 Creme,D-sign Rug 1P0215 Creme,,,taxable,,1,,,0,0,,,,,1,,,,"Rooms > Bedroom, Rooms > Living room, Rugs, Rugs > Sisal",,,"https://rugshop.eu/wp-content/uploads/2021/11/carpet-sisal-flat-48832367-circles-dots-cream-grey-.jpg, https://rugshop.eu/wp-content/uploads/2021/11/carpet-sisal-flat-48832367-circles-dots-cream-grey-1-1.jpg, https://rugshop.eu/wp-content/uploads/2021/11/carpet-sisal-flat-48832367-circles-dots-cream-grey-1-2.jpg, https://rugshop.eu/wp-content/uploads/2021/11/carpet-sisal-flat-48832367-circles-dots-cream-grey-1-3.jpg, https://rugshop.eu/wp-content/uploads/2021/11/carpet-sisal-flat-48832367-circles-dots-cream-grey-1-4.jpg",,,,,,,,,2522,,,Size,"120x170, 140x200, 160x230, 200x290, 80x150",1,1,Brand,D-sign,1,1,Color,"Black-Grey, White-Beige",1,1,Type of color,Multicolor,1,1,Shape,Rectangular,1,1,Material,Polypropylene,1,1,Type of rug,Sisal,1,1,Weave,Machinemade,1,1,Age,New,1,1,,,,,,,,,,,,,,,,,,yes,yes,,,,,,,,,,,,,,,,,,,,,,,,,,,,,
58937,variation,61327142,,D-sign Rug 1P0211 Grey - 80x150,1,0,visible,,D-sign Rug 1P0211 Grey 80x150,,,taxable,parent,1,6,,0,0,,150,80,1.2,0,,894,1605,,,,,,,61327142-H,,,,,,1,,,Size,80x150,,1,,,,,,,,,,,,,,,,,,,,,,,,,,,,,,,,,,,,,80x150,,,,,,,,,,,,,,,,,,,,,,,,137695,,,,,,,,,,,,,,,,,,,
58938,variation,61335743,,D-sign Rug 1P0211 Grey - 120x170,1,0,visible,,D-sign Rug 1P0211 Grey 120x170,,,taxable,parent,1,5,,0,0,,170,120,1.2,0,,1351,2425,,,,,,,61327142-H,,,,,,2,,,Size,120x170,,1,,,,,,,,,,,,,,,,,,,,,,,,,,,,,,,,,,,,,120x170,,,,,,,,,,,,,,,,,,,,,,,,137696,,,,,,,,,,,,,,,,,,,
58939,variation,61335742,,D-sign Rug 1P0211 Grey - 140x190,1,0,visible,,D-sign Rug 1P0211 Grey 140x190,,,taxable,parent,1,3,,0,0,,190,140,1.2,0,,1644,2955,,,,,,,61327142-H,,,,,,3,,,Size,140x190,,1,,,,,,,,,,,,,,,,,,,,,,,,,,,,,,,,,,,,,140x190,,,,,,,,,,,,,,,,,,,,,,,,137697,,,,,,,,,,,,,,,,,,,
58940,variation,61335744,,D-sign Rug 1P0211 Grey - 160x220,1,0,visible,,D-sign Rug 1P0211 Grey 160x220,,,taxable,parent,0,0,,0,0,,220,160,1.2,0,,2101,3775,,,,,,,61327142-H,,,,,,4,,,Size,160x220,,1,,,,,,,,,,,,,,,,,,,,,,,,,,,,,,,,,,,,,160x220,,,,,,,,,,,,,,,,,,,,,,,,137698,,,,,,,,,,,,,,,,,,,
58941,variation,61335741,,D-sign Rug 1P0211 Grey - 180x270,1,0,visible,,D-sign Rug 1P0211 Grey 180x270,,,taxable,parent,0,0,,0,0,,270,180,1.2,0,,2786,5005,,,,,,,61327142-H,,,,,,5,,,Size,180x270,,1,,,,,,,,,,,,,,,,,,,,,,,,,,,,,,,,,,,,,180x270,,,,,,,,,,,,,,,,,,,,,,,,137699,,,,,,,,,,,,,,,,,,,
58942,variation,61335747,,D-sign Rug 1P0211 Grey - 200x290,1,0,visible,,D-sign Rug 1P0211 Grey 200x290,,,taxable,parent,0,0,,0,0,,290,200,1.2,0,,3275,5885,,,,,,,61327142-H,,,,,,6,,,Size,200x290,,1,,,,,,,,,,,,,,,,,,,,,,,,,,,,,,,,,,,,,200x290,,,,,,,,,,,,,,,,,,,,,,,,137700,,,,,,,,,,,,,,,,,,,
58943,variation,61335740,,D-sign Rug 1P0211 Grey - 240x330,1,0,visible,,D-sign Rug 1P0211 Grey 240x330,,,taxable,parent,0,0,,0,0,,330,240,1.2,0,,4452,8005,,,,,,,61327142-H,,,,,,7,,,Size,240x330,,1,,,,,,,,,,,,,,,,,,,,,,,,,,,,,,,,,,,,,240x330,,,,,,,,,,,,,,,,,,,,,,,,137701,,,,,,,,,,,,,,,,,,,
58945,variation,61327141,,D-sign Rug 1P0212 Grey - 80x150,1,0,visible,,D-sign Rug 1P0212 Grey 80x150,,,taxable,parent,1,5,,0,0,,150,80,0.6,0,,598,1075,,,,,,,61327141-H,,,,,,1,,,Size,80x150,,1,,,,,,,,,,,,,,,,,,,,,,,,,,,,,,,,,,,,,80x150,,,,,,,,,,,,,,,,,,,,,,,,137704,,,,,,,,,,,,,,,,,,,
58946,variation,61335739,,D-sign Rug 1P0212 Grey - 120x170,1,0,visible,,D-sign Rug 1P0212 Grey 120x170,,,taxable,parent,1,12,,0,0,,170,120,0.6,0,,793,1425,,,,,,,61327141-H,,,,,,2,,,Size,120x170,,1,,,,,,,,,,,,,,,,,,,,,,,,,,,,,,,,,,,,,120x170,,,,,,,,,,,,,,,,,,,,,,,,137705,,,,,,,,,,,,,,,,,,,
58947,variation,61327149,,D-sign Rug 1P0212 Grey - 140x200,1,0,visible,,D-sign Rug 1P0212 Grey 140x200,,,taxable,parent,1,5,,0,0,,200,140,0.6,0,,1022,1835,,,,,,,61327141-H,,,,,,3,,,Size,140x200,,1,,,,,,,,,,,,,,,,,,,,,,,,,,,,,,,,,,,,,140x200,,,,,,,,,,,,,,,,,,,,,,,,137706,,,,,,,,,,,,,,,,,,,
58948,variation,61327147,,D-sign Rug 1P0212 Grey - 160x230,1,0,visible,,D-sign Rug 1P0212 Grey 160x230,,,taxable,parent,1,10,,0,0,,230,160,0.6,0,,1250,2245,,,,,,,61327141-H,,,,,,4,,,Size,160x230,,1,,,,,,,,,,,,,,,,,,,,,,,,,,,,,,,,,,,,,160x230,,,,,,,,,,,,,,,,,,,,,,,,137707,,,,,,,,,,,,,,,,,,,
58949,variation,61327146,,D-sign Rug 1P0212 Grey - 200x290,1,0,visible,,D-sign Rug 1P0212 Grey 200x290,,,taxable,parent,1,2,,0,0,,290,200,0.6,0,,1837,3305,,,,,,,61327141-H,,,,,,5,,,Size,200x290,,1,,,,,,,,,,,,,,,,,,,,,,,,,,,,,,,,,,,,,200x290,,,,,,,,,,,,,,,,,,,,,,,,137708,,,,,,,,,,,,,,,,,,,
58951,variable,61327155-H,,D-sign Rug 1P0216 Grey,1,0,visible,D-sign Rug 1P0216 Grey,D-sign Rug 1P0216 Grey,,,taxable,,1,,,0,0,,,,,1,,,,"Rooms > Bedroom, Rooms > Living room, Rugs, Rugs > Sisal",,,"https://rugshop.eu/wp-content/uploads/2021/11/carpet-sisal-flat-48832637-circles-dots-grey-cream.jpg, https://rugshop.eu/wp-content/uploads/2021/11/carpet-sisal-flat-48832637-circles-dots-grey-cream-1.jpg, https://rugshop.eu/wp-content/uploads/2021/11/carpet-sisal-flat-48832637-circles-dots-grey-cream-2.jpg, https://rugshop.eu/wp-content/uploads/2021/11/carpet-sisal-flat-48832637-circles-dots-grey-cream-3.jpg, https://rugshop.eu/wp-content/uploads/2021/11/carpet-sisal-flat-48832637-circles-dots-grey-cream-4.jpg",,,,,,,,,2523,,,Size,"120x170, 140x200, 160x230, 200x290, 80x150",1,1,Brand,D-sign,1,1,Color,"Black-Grey, White-Beige",1,1,Type of color,Multicolor,1,1,Shape,Rectangular,1,1,Material,Polypropylene,1,1,Type of rug,Sisal,1,1,Weave,Machinemade,1,1,Age,New,1,1,,,,,,,,,,,,,,,,,,yes,yes,,,,,,,,,,,,,,,,,,,,,,,,,,,,,
58952,variable,61327161-H,,D-sign Rug 1P0217 Beige,1,0,visible,D-sign Rug 1P0217 Beige,D-sign Rug 1P0217 Beige,,,taxable,,1,,,0,0,,,,,1,,,,"Rooms > Bedroom, Rooms > Living room, Rugs, Rugs > Sisal",,,"https://rugshop.eu/wp-content/uploads/2021/11/carpet-sisal-boho-39013037-frame-beige.jpg, https://rugshop.eu/wp-content/uploads/2021/11/carpet-sisal-boho-39013037-frame-beige-1.jpg, https://rugshop.eu/wp-content/uploads/2021/11/carpet-sisal-boho-39013037-frame-beige-2.jpg, https://rugshop.eu/wp-content/uploads/2021/11/carpet-sisal-boho-39013037-frame-beige-3.jpg, https://rugshop.eu/wp-content/uploads/2021/11/carpet-sisal-boho-39013037-frame-beige-4.jpg",,,,,,,,,2524,,,Size,"120x170, 140x200, 160x230, 200x290, 60x110, 80x150",1,1,Brand,D-sign,1,1,Color,"Black-Grey, White-Beige",1,1,Type of color,Multicolor,1,1,Shape,Rectangular,1,1,Material,Polypropylene,1,1,Type of rug,Sisal,1,1,Weave,Machinemade,1,1,Age,New,1,1,,,,,,,,,,,,,,,,,,yes,yes,,,,,,,,,,,,,,,,,,,,,,,,,,,,,
58953,variation,61327145,,D-sign Rug 1P0213 Grey - 80x150,1,0,visible,,D-sign Rug 1P0213 Grey 80x150,,,taxable,parent,1,3,,0,0,,150,80,0.6,0,,598,1075,,,,,,,61327145-H,,,,,,1,,,Size,80x150,,1,,,,,,,,,,,,,,,,,,,,,,,,,,,,,,,,,,,,,80x150,,,,,,,,,,,,,,,,,,,,,,,,137709,,,,,,,,,,,,,,,,,,,
58954,variation,61335751,,D-sign Rug 1P0213 Grey - 120x170,1,0,visible,,D-sign Rug 1P0213 Grey 120x170,,,taxable,parent,1,6,,0,0,,170,120,0.6,0,,793,1425,,,,,,,61327145-H,,,,,,2,,,Size,120x170,,1,,,,,,,,,,,,,,,,,,,,,,,,,,,,,,,,,,,,,120x170,,,,,,,,,,,,,,,,,,,,,,,,137710,,,,,,,,,,,,,,,,,,,
58955,variation,61335759,,D-sign Rug 1P0213 Grey - 140x200,1,0,visible,,D-sign Rug 1P0213 Grey 140x200,,,taxable,parent,1,2,,0,0,,200,140,0.6,0,,1022,1835,,,,,,,61327145-H,,,,,,3,,,Size,140x200,,1,,,,,,,,,,,,,,,,,,,,,,,,,,,,,,,,,,,,,140x200,,,,,,,,,,,,,,,,,,,,,,,,137711,,,,,,,,,,,,,,,,,,,
58956,variation,61335752,,D-sign Rug 1P0213 Grey - 160x230,1,0,visible,,D-sign Rug 1P0213 Grey 160x230,,,taxable,parent,1,14,,0,0,,230,160,0.6,0,,1250,2245,,,,,,,61327145-H,,,,,,4,,,Size,160x230,,1,,,,,,,,,,,,,,,,,,,,,,,,,,,,,,,,,,,,,160x230,,,,,,,,,,,,,,,,,,,,,,,,137712,,,,,,,,,,,,,,,,,,,
58957,variation,61335746,,D-sign Rug 1P0213 Grey - 200x290,1,0,visible,,D-sign Rug 1P0213 Grey 200x290,,,taxable,parent,0,0,,0,0,,290,200,0.6,0,,1837,3305,,,,,,,61327145-H,,,,,,5,,,Size,200x290,,1,,,,,,,,,,,,,,,,,,,,,,,,,,,,,,,,,,,,,200x290,,,,,,,,,,,,,,,,,,,,,,,,137713,,,,,,,,,,,,,,,,,,,
58959,variation,61327148,,D-sign Rug 1P0214 Creme - 80x150,1,0,visible,,D-sign Rug 1P0214 Creme 80x150,,,taxable,parent,1,19,,0,0,,150,80,0.6,0,,598,1075,,,,,,,61327148-H,,,,,,1,,,Size,80x150,,1,,,,,,,,,,,,,,,,,,,,,,,,,,,,,,,,,,,,,80x150,,,,,,,,,,,,,,,,,,,,,,,,137719,,,,,,,,,,,,,,,,,,,
58960,variation,61327150,,D-sign Rug 1P0214 Creme - 120x170,1,0,visible,,D-sign Rug 1P0214 Creme 120x170,,,taxable,parent,1,13,,0,0,,170,120,0.6,0,,793,1425,,,,,,,61327148-H,,,,,,2,,,Size,120x170,,1,,,,,,,,,,,,,,,,,,,,,,,,,,,,,,,,,,,,,120x170,,,,,,,,,,,,,,,,,,,,,,,,137720,,,,,,,,,,,,,,,,,,,
58961,variation,61327152,,D-sign Rug 1P0214 Creme - 140x200,1,0,visible,,D-sign Rug 1P0214 Creme 140x200,,,taxable,parent,1,5,,0,0,,200,140,0.6,0,,1022,1835,,,,,,,61327148-H,,,,,,3,,,Size,140x200,,1,,,,,,,,,,,,,,,,,,,,,,,,,,,,,,,,,,,,,140x200,,,,,,,,,,,,,,,,,,,,,,,,137721,,,,,,,,,,,,,,,,,,,
58962,variation,61327153,,D-sign Rug 1P0214 Creme - 160x230,1,0,visible,,D-sign Rug 1P0214 Creme 160x230,,,taxable,parent,1,17,,0,0,,230,160,0.6,0,,1250,2245,,,,,,,61327148-H,,,,,,4,,,Size,160x230,,1,,,,,,,,,,,,,,,,,,,,,,,,,,,,,,,,,,,,,160x230,,,,,,,,,,,,,,,,,,,,,,,,137722,,,,,,,,,,,,,,,,,,,
58963,variation,61327156,,D-sign Rug 1P0214 Creme - 200x290,1,0,visible,,D-sign Rug 1P0214 Creme 200x290,,,taxable,parent,1,3,,0,0,,290,200,0.6,0,,1837,3305,,,,,,,61327148-H,,,,,,5,,,Size,200x290,,1,,,,,,,,,,,,,,,,,,,,,,,,,,,,,,,,,,,,,200x290,,,,,,,,,,,,,,,,,,,,,,,,137723,,,,,,,,,,,,,,,,,,,
58965,variation,61327151,,D-sign Rug 1P0215 Creme - 80x150,1,0,visible,,D-sign Rug 1P0215 Creme 80x150,,,taxable,parent,1,14,,0,0,,150,80,0.6,0,,598,1075,,,,,,,61327151-H,,,,,,1,,,Size,80x150,,1,,,,,,,,,,,,,,,,,,,,,,,,,,,,,,,,,,,,,80x150,,,,,,,,,,,,,,,,,,,,,,,,137724,,,,,,,,,,,,,,,,,,,
58966,variation,61335750,,D-sign Rug 1P0215 Creme - 120x170,1,0,visible,,D-sign Rug 1P0215 Creme 120x170,,,taxable,parent,1,4,,0,0,,170,120,0.6,0,,793,1425,,,,,,,61327151-H,,,,,,2,,,Size,120x170,,1,,,,,,,,,,,,,,,,,,,,,,,,,,,,,,,,,,,,,120x170,,,,,,,,,,,,,,,,,,,,,,,,137725,,,,,,,,,,,,,,,,,,,
58967,variation,61335754,,D-sign Rug 1P0215 Creme - 140x200,1,0,visible,,D-sign Rug 1P0215 Creme 140x200,,,taxable,parent,1,3,,0,0,,200,140,0.6,0,,1022,1835,,,,,,,61327151-H,,,,,,3,,,Size,140x200,,1,,,,,,,,,,,,,,,,,,,,,,,,,,,,,,,,,,,,,140x200,,,,,,,,,,,,,,,,,,,,,,,,137726,,,,,,,,,,,,,,,,,,,
58968,variation,61335755,,D-sign Rug 1P0215 Creme - 160x230,1,0,visible,,D-sign Rug 1P0215 Creme 160x230,,,taxable,parent,0,0,,0,0,,230,160,0.6,0,,1250,2245,,,,,,,61327151-H,,,,,,4,,,Size,160x230,,1,,,,,,,,,,,,,,,,,,,,,,,,,,,,,,,,,,,,,160x230,,,,,,,,,,,,,,,,,,,,,,,,137727,,,,,,,,,,,,,,,,,,,
58969,variation,61335753,,D-sign Rug 1P0215 Creme - 200x290,1,0,visible,,D-sign Rug 1P0215 Creme 200x290,,,taxable,parent,1,6,,0,0,,290,200,0.6,0,,1837,3305,,,,,,,61327151-H,,,,,,5,,,Size,200x290,,1,,,,,,,,,,,,,,,,,,,,,,,,,,,,,,,,,,,,,200x290,,,,,,,,,,,,,,,,,,,,,,,,137728,,,,,,,,,,,,,,,,,,,
58971,variable,61327163-H,,D-sign Rug 1P0218 Creme,1,0,visible,D-sign Rug 1P0218 Creme,D-sign Rug 1P0218 Creme,,,taxable,,1,,,0,0,,,,,1,,,,"Rooms > Bedroom, Rooms > Living room, Rugs, Rugs > Sisal",,,"https://rugshop.eu/wp-content/uploads/2021/11/carpet-sisal-boho-39038069-cream.jpg, https://rugshop.eu/wp-content/uploads/2021/11/carpet-sisal-boho-39038069-cream-1.jpg, https://rugshop.eu/wp-content/uploads/2021/11/carpet-sisal-boho-39038069-cream-2.jpg, https://rugshop.eu/wp-content/uploads/2021/11/carpet-sisal-boho-39038069-cream-3.jpg, https://rugshop.eu/wp-content/uploads/2021/11/carpet-sisal-boho-39038069-cream-4.jpg",,,,,,,,,2525,,,Size,"120x170, 140x200, 160x230, 200x290, 60x110, 80x150",1,1,Brand,D-sign,1,1,Color,White-Beige,1,1,Type of color,Multicolor,1,1,Shape,Rectangular,1,1,Material,Polypropylene,1,1,Type of rug,Sisal,1,1,Weave,Machinemade,1,1,Age,New,1,1,,,,,,,,,,,,,,,,,,yes,yes,,,,,,,,,,,,,,,,,,,,,,,,,,,,,
58972,variable,61327173-H,,D-sign Rug 1P0219 Beige,1,0,visible,D-sign Rug 1P0219 Beige,D-sign Rug 1P0219 Beige,,,taxable,,1,,,0,0,,,,,1,,,,"Rooms > Bedroom, Rooms > Living room, Rugs, Rugs > Sisal, Rugs > Vintage",,,"https://rugshop.eu/wp-content/uploads/2021/11/carpet-sisal-boho-39495363-vintage-beige.jpg, https://rugshop.eu/wp-content/uploads/2021/11/carpet-sisal-boho-39495363-vintage-beige-1.jpg, https://rugshop.eu/wp-content/uploads/2021/11/carpet-sisal-boho-39495363-vintage-beige-2.jpg, https://rugshop.eu/wp-content/uploads/2021/11/carpet-sisal-boho-39495363-vintage-beige-3.jpg, https://rugshop.eu/wp-content/uploads/2021/11/carpet-sisal-boho-39495363-vintage-beige-4.jpg",,,,,,,,,2526,,,Size,"120x170, 140x200, 160x230, 200x290, 60x110, 80x150",1,1,Brand,D-sign,1,1,Color,White-Beige,1,1,Type of color,Multicolor,1,1,Shape,Rectangular,1,1,Material,Polypropylene,1,1,Type of rug,"Sisal, Vintage / Colored Vintage",1,1,Weave,Machinemade,1,1,Age,New,1,1,,,,,,,,,,,,,,,,,,yes,yes,,,,,,,,,classic-editor,,,,,,,,,,,,,,,,,,,,
58973,variable,61327178-H,,D-sign Rug 1P0220 Beige,1,0,visible,D-sign Rug 1P0220 Beige,D-sign Rug 1P0220 Beige,,,taxable,,1,,,0,0,,,,,1,,,,"Rooms > Bedroom, Rooms > Living room, Rugs, Rugs > Sisal",,,"https://rugshop.eu/wp-content/uploads/2021/11/carpet-spring-20404558-hexagon-sisal-looped-beige.jpg, https://rugshop.eu/wp-content/uploads/2021/11/carpet-spring-20404558-hexagon-sisal-looped-beige-1.jpg, https://rugshop.eu/wp-content/uploads/2021/11/carpet-spring-20404558-hexagon-sisal-looped-beige-2.jpg, https://rugshop.eu/wp-content/uploads/2021/11/carpet-spring-20404558-hexagon-sisal-looped-beige-3.jpg, https://rugshop.eu/wp-content/uploads/2021/11/carpet-spring-20404558-hexagon-sisal-looped-beige-4.jpg",,,,,,,,,2527,,,Size,"120x170, 140x200, 160x230, 200x290, 60x110, 80x150",1,1,Brand,D-sign,1,1,Color,White-Beige,1,1,Type of color,Multicolor,1,1,Shape,Rectangular,1,1,Material,Polypropylene,1,1,Type of rug,Sisal,1,1,Weave,Machinemade,1,1,Age,New,1,1,,,,,,,,,,,,,,,,,,yes,yes,,,,,,,,,,,,,,,,,,,,,,,,,,,,,
58974,variation,61327155,,D-sign Rug 1P0216 Grey - 80x150,1,0,visible,,D-sign Rug 1P0216 Grey 80x150,,,taxable,parent,1,15,,0,0,,150,80,0.6,0,,598,1075,,,,,,,61327155-H,,,,,,1,,,Size,80x150,,1,,,,,,,,,,,,,,,,,,,,,,,,,,,,,,,,,,,,,80x150,,,,,,,,,,,,,,,,,,,,,,,,137734,,,,,,,,,,,,,,,,,,,
58975,variation,61335758,,D-sign Rug 1P0216 Grey - 120x170,1,0,visible,,D-sign Rug 1P0216 Grey 120x170,,,taxable,parent,1,3,,0,0,,170,120,0.6,0,,793,1425,,,,,,,61327155-H,,,,,,2,,,Size,120x170,,1,,,,,,,,,,,,,,,,,,,,,,,,,,,,,,,,,,,,,120x170,,,,,,,,,,,,,,,,,,,,,,,,137735,,,,,,,,,,,,,,,,,,,
58976,variation,61327160,,D-sign Rug 1P0216 Grey - 140x200,1,0,visible,,D-sign Rug 1P0216 Grey 140x200,,,taxable,parent,1,5,,0,0,,200,140,0.6,0,,1022,1835,,,,,,,61327155-H,,,,,,3,,,Size,140x200,,1,,,,,,,,,,,,,,,,,,,,,,,,,,,,,,,,,,,,,140x200,,,,,,,,,,,,,,,,,,,,,,,,137736,,,,,,,,,,,,,,,,,,,
58977,variation,61327159,,D-sign Rug 1P0216 Grey - 160x230,1,0,visible,,D-sign Rug 1P0216 Grey 160x230,,,taxable,parent,1,20,,0,0,,230,160,0.6,0,,1250,2245,,,,,,,61327155-H,,,,,,4,,,Size,160x230,,1,,,,,,,,,,,,,,,,,,,,,,,,,,,,,,,,,,,,,160x230,,,,,,,,,,,,,,,,,,,,,,,,137737,,,,,,,,,,,,,,,,,,,
58978,variation,61327162,,D-sign Rug 1P0216 Grey - 200x290,1,0,visible,,D-sign Rug 1P0216 Grey 200x290,,,taxable,parent,1,5,,0,0,,290,200,0.6,0,,1837,3305,,,,,,,61327155-H,,,,,,5,,,Size,200x290,,1,,,,,,,,,,,,,,,,,,,,,,,,,,,,,,,,,,,,,200x290,,,,,,,,,,,,,,,,,,,,,,,,137738,,,,,,,,,,,,,,,,,,,
58980,variation,61327161,,D-sign Rug 1P0217 Beige - 60x110,1,0,visible,,D-sign Rug 1P0217 Beige 60x110,,,taxable,parent,0,0,,0,0,,110,60,0.8,0,,503,905,,,,,,,61327161-H,,,,,,1,,,Size,60x110,,1,,,,,,,,,,,,,,,,,,,,,,,,,,,,,,,,,,,,,60x110,,,,,,,,,,,,,,,,,,,,,,,,137747,,,,,,,,,,,,,,,,,,,
58981,variation,61335757,,D-sign Rug 1P0217 Beige - 80x150,1,0,visible,,D-sign Rug 1P0217 Beige 80x150,,,taxable,parent,1,4,,0,0,,150,80,0.8,0,,699,1255,,,,,,,61327161-H,,,,,,2,,,Size,80x150,,1,,,,,,,,,,,,,,,,,,,,,,,,,,,,,,,,,,,,,80x150,,,,,,,,,,,,,,,,,,,,,,,,137742,,,,,,,,,,,,,,,,,,,
58982,variation,61335756,,D-sign Rug 1P0217 Beige - 120x170,1,0,visible,,D-sign Rug 1P0217 Beige 120x170,,,taxable,parent,1,3,,0,0,,170,120,0.8,0,,992,1785,,,,,,,61327161-H,,,,,,3,,,Size,120x170,,1,,,,,,,,,,,,,,,,,,,,,,,,,,,,,,,,,,,,,120x170,,,,,,,,,,,,,,,,,,,,,,,,137743,,,,,,,,,,,,,,,,,,,
58983,variation,61335769,,D-sign Rug 1P0217 Beige - 140x200,1,0,visible,,D-sign Rug 1P0217 Beige 140x200,,,taxable,parent,1,12,,0,0,,200,140,0.8,0,,1253,2255,,,,,,,61327161-H,,,,,,4,,,Size,140x200,,1,,,,,,,,,,,,,,,,,,,,,,,,,,,,,,,,,,,,,140x200,,,,,,,,,,,,,,,,,,,,,,,,137744,,,,,,,,,,,,,,,,,,,
58984,variation,61335765,,D-sign Rug 1P0217 Beige - 160x230,1,0,visible,,D-sign Rug 1P0217 Beige 160x230,,,taxable,parent,1,5,,0,0,,230,160,0.8,0,,1547,2775,,,,,,,61327161-H,,,,,,5,,,Size,160x230,,1,,,,,,,,,,,,,,,,,,,,,,,,,,,,,,,,,,,,,160x230,,,,,,,,,,,,,,,,,,,,,,,,137745,,,,,,,,,,,,,,,,,,,
58985,variation,61335767,,D-sign Rug 1P0217 Beige - 200x290,1,0,visible,,D-sign Rug 1P0217 Beige 200x290,,,taxable,parent,0,0,,0,0,,290,200,0.8,0,,2280,4095,,,,,,,61327161-H,,,,,,6,,,Size,200x290,,1,,,,,,,,,,,,,,,,,,,,,,,,,,,,,,,,,,,,,200x290,,,,,,,,,,,,,,,,,,,,,,,,137746,,,,,,,,,,,,,,,,,,,
58987,variation,61327163,,D-sign Rug 1P0218 Creme - 60x110,1,0,visible,,D-sign Rug 1P0218 Creme 60x110,,,taxable,parent,0,0,,0,0,,110,60,0.8,0,,503,905,,,,,,,61327163-H,,,,,,1,,,Size,60x110,,1,,,,,,,,,,,,,,,,,,,,,,,,,,,,,,,,,,,,,60x110,,,,,,,,,,,,,,,,,,,,,,,,137755,,,,,,,,,,,,,,,,,,,
58988,variation,61327174,,D-sign Rug 1P0218 Creme - 80x150,1,0,visible,,D-sign Rug 1P0218 Creme 80x150,,,taxable,parent,1,11,,0,0,,150,80,0.8,0,,699,1255,,,,,,,61327163-H,,,,,,2,,,Size,80x150,,1,,,,,,,,,,,,,,,,,,,,,,,,,,,,,,,,,,,,,80x150,,,,,,,,,,,,,,,,,,,,,,,,137756,,,,,,,,,,,,,,,,,,,
58989,variation,61327170,,D-sign Rug 1P0218 Creme - 120x170,1,0,visible,,D-sign Rug 1P0218 Creme 120x170,,,taxable,parent,1,7,,0,0,,170,120,0.8,0,,992,1785,,,,,,,61327163-H,,,,,,3,,,Size,120x170,,1,,,,,,,,,,,,,,,,,,,,,,,,,,,,,,,,,,,,,120x170,,,,,,,,,,,,,,,,,,,,,,,,137757,,,,,,,,,,,,,,,,,,,
58990,variation,61327172,,D-sign Rug 1P0218 Creme - 140x200,1,0,visible,,D-sign Rug 1P0218 Creme 140x200,,,taxable,parent,1,4,,0,0,,200,140,0.8,0,,1253,2255,,,,,,,61327163-H,,,,,,4,,,Size,140x200,,1,,,,,,,,,,,,,,,,,,,,,,,,,,,,,,,,,,,,,140x200,,,,,,,,,,,,,,,,,,,,,,,,137758,,,,,,,,,,,,,,,,,,,
58991,variation,61327171,,D-sign Rug 1P0218 Creme - 160x230,1,0,visible,,D-sign Rug 1P0218 Creme 160x230,,,taxable,parent,1,5,,0,0,,230,160,0.8,0,,1547,2775,,,,,,,61327163-H,,,,,,5,,,Size,160x230,,1,,,,,,,,,,,,,,,,,,,,,,,,,,,,,,,,,,,,,160x230,,,,,,,,,,,,,,,,,,,,,,,,137759,,,,,,,,,,,,,,,,,,,
58992,variation,61327169,,D-sign Rug 1P0218 Creme - 200x290,1,0,visible,,D-sign Rug 1P0218 Creme 200x290,,,taxable,parent,1,2,,0,0,,290,200,0.8,0,,2280,4095,,,,,,,61327163-H,,,,,,6,,,Size,200x290,,1,,,,,,,,,,,,,,,,,,,,,,,,,,,,,,,,,,,,,200x290,,,,,,,,,,,,,,,,,,,,,,,,137760,,,,,,,,,,,,,,,,,,,
58994,variable,61327177-H,,D-sign Rug 1P0221 Blue,1,0,visible,D-sign Rug 1P0221 Blue,D-sign Rug 1P0221 Blue,,,taxable,,1,,,0,0,,,,,1,,,,"Rooms > Bedroom, Rooms > Living room, Rugs, Rugs > Sisal",,,"https://rugshop.eu/wp-content/uploads/2021/11/carpet-spring-20404994-hexagon-sisal-looped-blue.jpg, https://rugshop.eu/wp-content/uploads/2021/11/carpet-spring-20404994-hexagon-sisal-looped-blue-1.jpg, https://rugshop.eu/wp-content/uploads/2021/11/carpet-spring-20404994-hexagon-sisal-looped-blue-2.jpg, https://rugshop.eu/wp-content/uploads/2021/11/carpet-spring-20404994-hexagon-sisal-looped-blue-3.jpg, https://rugshop.eu/wp-content/uploads/2021/11/carpet-spring-20404994-hexagon-sisal-looped-blue-4.jpg",,,,,,,,,2528,,,Size,"120x170, 140x200, 160x230, 200x290, 60x110, 80x150",1,1,Brand,D-sign,1,1,Color,Blue,1,1,Type of color,Multicolor,1,1,Shape,Rectangular,1,1,Material,Polypropylene,1,1,Type of rug,Sisal,1,1,Weave,Machinemade,1,1,Age,New,1,1,,,,,,,,,,,,,,,,,,yes,yes,,,,,,,,,,,,,,,,,,,,,,,,,,,,,
58995,variable,61327182-H,,D-sign Rug 1P0222 Creme,1,0,visible,D-sign Rug 1P0222 Creme,D-sign Rug 1P0222 Creme,,,taxable,,1,,,0,0,,,,,1,,,,"Rooms > Bedroom, Rooms > Living room, Rugs, Rugs > Sisal",,,"https://rugshop.eu/wp-content/uploads/2021/11/carpet-spring-20409662-triangles-sisal-looped-cream.jpg, https://rugshop.eu/wp-content/uploads/2021/11/carpet-spring-20409662-triangles-sisal-looped-cream-1.jpg, https://rugshop.eu/wp-content/uploads/2021/11/carpet-spring-20409662-triangles-sisal-looped-cream-2.jpg, https://rugshop.eu/wp-content/uploads/2021/11/carpet-spring-20409662-triangles-sisal-looped-cream-3.jpg, https://rugshop.eu/wp-content/uploads/2021/11/carpet-spring-20409662-triangles-sisal-looped-cream-4.jpg",,,,,,,,,2529,,,Size,"120x170, 140x200, 160x230, 200x290, 60x110, 80x150",1,1,Brand,D-sign,1,1,Color,"Black-Grey, White-Beige",1,1,Type of color,Multicolor,1,1,Shape,Rectangular,1,1,Material,Polypropylene,1,1,Type of rug,Sisal,1,1,Weave,Machinemade,1,1,Age,New,1,1,,,,,,,,,,,,,,,,,,yes,yes,,,,,,,,,,,,,,,,,,,,,,,,,,,,,
58996,variable,61327184-H,,D-sign Rug 1P0223 Grey,1,0,visible,D-sign Rug 1P0223 Grey,D-sign Rug 1P0223 Grey,,,taxable,,1,,,0,0,,,,,1,,,,"Rooms > Bedroom, Rooms > Living room, Rugs, Rugs > Sisal",,,"https://rugshop.eu/wp-content/uploads/2021/11/carpet-spring-20411332-lines-frame-sisal-looped-grey.jpg, https://rugshop.eu/wp-content/uploads/2021/11/carpet-spring-20411332-lines-frame-sisal-looped-grey-1.jpg, https://rugshop.eu/wp-content/uploads/2021/11/carpet-spring-20411332-lines-frame-sisal-looped-grey-2.jpg, https://rugshop.eu/wp-content/uploads/2021/11/carpet-spring-20411332-lines-frame-sisal-looped-grey-3.jpg, https://rugshop.eu/wp-content/uploads/2021/11/carpet-spring-20411332-lines-frame-sisal-looped-grey-4.jpg",,,,,,,,,2530,,,Size,"120x170, 140x200, 160x230, 200x290, 60x110, 80x150",1,1,Brand,D-sign,1,1,Color,"Black-Grey, White-Beige",1,1,Type of color,Multicolor,1,1,Shape,Rectangular,1,1,Material,Polypropylene,1,1,Type of rug,Sisal,1,1,Weave,Machinemade,1,1,Age,New,1,1,,,,,,,,,,,,,,,,,,yes,yes,,,,,,,,,,,,,,,,,,,,,,,,,,,,,
58997,variation,61327173,,D-sign Rug 1P0219 Beige - 60x110,1,0,visible,,D-sign Rug 1P0219 Beige 60x110,,,taxable,parent,1,5,,0,0,,110,60,0.8,0,,503,905,,,,,,,61327173-H,,,,,,1,,,Size,60x110,,1,,,,,,,,,,,,,,,,,,,,,,,,,,,,,,,,,,,,,60x110,,,,,,,,,,,,,,,,,,,,,,,,137762,,,,,,,,,,,,,,,,,,,
58998,variation,61335764,,D-sign Rug 1P0219 Beige - 80x150,1,0,visible,,D-sign Rug 1P0219 Beige 80x150,,,taxable,parent,1,4,,0,0,,150,80,0.8,0,,699,1255,,,,,,,61327173-H,,,,,,2,,,Size,80x150,,1,,,,,,,,,,,,,,,,,,,,,,,,,,,,,,,,,,,,,80x150,,,,,,,,,,,,,,,,,,,,,,,,137763,,,,,,,,,,,,,,,,,,,
58999,variation,61335768,,D-sign Rug 1P0219 Beige - 120x170,1,0,visible,,D-sign Rug 1P0219 Beige 120x170,,,taxable,parent,1,3,,0,0,,170,120,0.8,0,,992,1785,,,,,,,61327173-H,,,,,,3,,,Size,120x170,,1,,,,,,,,,,,,,,,,,,,,,,,,,,,,,,,,,,,,,120x170,,,,,,,,,,,,,,,,,,,,,,,,137764,,,,,,,,,,,,,,,,,,,
59000,variation,61335762,,D-sign Rug 1P0219 Beige - 140x200,1,0,visible,,D-sign Rug 1P0219 Beige 140x200,,,taxable,parent,1,13,,0,0,,200,140,0.8,0,,1253,2255,,,,,,,61327173-H,,,,,,4,,,Size,140x200,,1,,,,,,,,,,,,,,,,,,,,,,,,,,,,,,,,,,,,,140x200,,,,,,,,,,,,,,,,,,,,,,,,137765,,,,,,,,,,,,,,,,,,,
59001,variation,61335761,,D-sign Rug 1P0219 Beige - 160x230,1,0,visible,,D-sign Rug 1P0219 Beige 160x230,,,taxable,parent,0,0,,0,0,,230,160,0.8,0,,1547,2775,,,,,,,61327173-H,,,,,,5,,,Size,160x230,,1,,,,,,,,,,,,,,,,,,,,,,,,,,,,,,,,,,,,,160x230,,,,,,,,,,,,,,,,,,,,,,,,137766,,,,,,,,,,,,,,,,,,,
59002,variation,61327176,,D-sign Rug 1P0219 Beige - 200x290,1,0,visible,,D-sign Rug 1P0219 Beige 200x290,,,taxable,parent,1,6,,0,0,,290,200,0.8,0,,2280,4095,,,,,,,61327173-H,,,,,,6,,,Size,200x290,,1,,,,,,,,,,,,,,,,,,,,,,,,,,,,,,,,,,,,,200x290,,,,,,,,,,,,,,,,,,,,,,,,137767,,,,,,,,,,,,,,,,,,,
59004,variation,61327178,,D-sign Rug 1P0220 Beige - 60x110,1,0,visible,,D-sign Rug 1P0220 Beige 60x110,,,taxable,parent,0,0,,0,0,,110,60,0.6,0,,467,835,,,,,,,61327178-H,,,,,,1,,,Size,60x110,,1,,,,,,,,,,,,,,,,,,,,,,,,,,,,,,,,,,,,,60x110,,,,,,,,,,,,,,,,,,,,,,,,137774,,,,,,,,,,,,,,,,,,,
59005,variation,61335763,,D-sign Rug 1P0220 Beige - 80x150,1,0,visible,,D-sign Rug 1P0220 Beige 80x150,,,taxable,parent,0,0,,0,0,,150,80,0.6,0,,663,1185,,,,,,,61327178-H,,,,,,2,,,Size,80x150,,1,,,,,,,,,,,,,,,,,,,,,,,,,,,,,,,,,,,,,80x150,,,,,,,,,,,,,,,,,,,,,,,,137775,,,,,,,,,,,,,,,,,,,
59006,variation,61335771,,D-sign Rug 1P0220 Beige - 120x170,1,0,visible,,D-sign Rug 1P0220 Beige 120x170,,,taxable,parent,1,6,,0,0,,170,120,0.6,0,,924,1655,,,,,,,61327178-H,,,,,,3,,,Size,120x170,,1,,,,,,,,,,,,,,,,,,,,,,,,,,,,,,,,,,,,,120x170,,,,,,,,,,,,,,,,,,,,,,,,137776,,,,,,,,,,,,,,,,,,,
59007,variation,61335766,,D-sign Rug 1P0220 Beige - 140x200,1,0,visible,,D-sign Rug 1P0220 Beige 140x200,,,taxable,parent,1,3,,0,0,,200,140,0.6,0,,1152,2065,,,,,,,61327178-H,,,,,,4,,,Size,140x200,,1,,,,,,,,,,,,,,,,,,,,,,,,,,,,,,,,,,,,,140x200,,,,,,,,,,,,,,,,,,,,,,,,137777,,,,,,,,,,,,,,,,,,,
59008,variation,61335770,,D-sign Rug 1P0220 Beige - 160x230,1,0,visible,,D-sign Rug 1P0220 Beige 160x230,,,taxable,parent,1,6,,0,0,,230,160,0.6,0,,1413,2535,,,,,,,61327178-H,,,,,,5,,,Size,160x230,,1,,,,,,,,,,,,,,,,,,,,,,,,,,,,,,,,,,,,,160x230,,,,,,,,,,,,,,,,,,,,,,,,137778,,,,,,,,,,,,,,,,,,,
59009,variation,61335760,,D-sign Rug 1P0220 Beige - 200x290,1,0,visible,,D-sign Rug 1P0220 Beige 200x290,,,taxable,parent,1,2,,0,0,,290,200,0.6,0,,2098,3775,,,,,,,61327178-H,,,,,,6,,,Size,200x290,,1,,,,,,,,,,,,,,,,,,,,,,,,,,,,,,,,,,,,,200x290,,,,,,,,,,,,,,,,,,,,,,,,137779,,,,,,,,,,,,,,,,,,,
59011,variation,61327177,,D-sign Rug 1P0221 Blue - 60x110,1,0,visible,,D-sign Rug 1P0221 Blue 60x110,,,taxable,parent,0,0,,0,0,,110,60,0.6,0,,467,835,,,,,,,61327177-H,,,,,,1,,,Size,60x110,,1,,,,,,,,,,,,,,,,,,,,,,,,,,,,,,,,,,,,,60x110,,,,,,,,,,,,,,,,,,,,,,,,137786,,,,,,,,,,,,,,,,,,,
59012,variation,61335774,,D-sign Rug 1P0221 Blue - 80x150,1,0,visible,,D-sign Rug 1P0221 Blue 80x150,,,taxable,parent,1,13,,0,0,,150,80,0.6,0,,663,1185,,,,,,,61327177-H,,,,,,2,,,Size,80x150,,1,,,,,,,,,,,,,,,,,,,,,,,,,,,,,,,,,,,,,80x150,,,,,,,,,,,,,,,,,,,,,,,,137787,,,,,,,,,,,,,,,,,,,
59013,variation,61335778,,D-sign Rug 1P0221 Blue - 120x170,1,0,visible,,D-sign Rug 1P0221 Blue 120x170,,,taxable,parent,1,4,,0,0,,170,120,0.6,0,,924,1655,,,,,,,61327177-H,,,,,,3,,,Size,120x170,,1,,,,,,,,,,,,,,,,,,,,,,,,,,,,,,,,,,,,,120x170,,,,,,,,,,,,,,,,,,,,,,,,137788,,,,,,,,,,,,,,,,,,,
59014,variation,61327183,,D-sign Rug 1P0221 Blue - 140x200,1,0,visible,,D-sign Rug 1P0221 Blue 140x200,,,taxable,parent,1,1,,0,0,,200,140,0.6,0,,1152,2065,,,,,,,61327177-H,,,,,,4,,,Size,140x200,,1,,,,,,,,,,,,,,,,,,,,,,,,,,,,,,,,,,,,,140x200,,,,,,,,,,,,,,,,,,,,,,,,137789,,,,,,,,,,,,,,,,,,,
59015,variation,61327181,,D-sign Rug 1P0221 Blue - 160x230,1,0,visible,,D-sign Rug 1P0221 Blue 160x230,,,taxable,parent,1,4,,0,0,,230,160,0.6,0,,1413,2535,,,,,,,61327177-H,,,,,,5,,,Size,160x230,,1,,,,,,,,,,,,,,,,,,,,,,,,,,,,,,,,,,,,,160x230,,,,,,,,,,,,,,,,,,,,,,,,137790,,,,,,,,,,,,,,,,,,,
59016,variation,61327180,,D-sign Rug 1P0221 Blue - 200x290,1,0,visible,,D-sign Rug 1P0221 Blue 200x290,,,taxable,parent,1,2,,0,0,,290,200,0.6,0,,2098,3775,,,,,,,61327177-H,,,,,,6,,,Size,200x290,,1,,,,,,,,,,,,,,,,,,,,,,,,,,,,,,,,,,,,,200x290,,,,,,,,,,,,,,,,,,,,,,,,137791,,,,,,,,,,,,,,,,,,,
59018,variable,61327189-H,,D-sign Rug 1P0224 Beige,1,0,visible,D-sign Rug 1P0224 Beige,D-sign Rug 1P0224 Beige,,,taxable,,1,,,0,0,,,,,1,,,,"Rooms > Bedroom, Rooms > Living room, Rugs, Rugs > Sisal",,,"https://rugshop.eu/wp-content/uploads/2021/11/carpet-spring-20411558-lines-frame-sisal-looped-beige.jpg, https://rugshop.eu/wp-content/uploads/2021/11/carpet-spring-20411558-lines-frame-sisal-looped-beige-1.jpg, https://rugshop.eu/wp-content/uploads/2021/11/carpet-spring-20411558-lines-frame-sisal-looped-beige-2.jpg, https://rugshop.eu/wp-content/uploads/2021/11/carpet-spring-20411558-lines-frame-sisal-looped-beige-3.jpg, https://rugshop.eu/wp-content/uploads/2021/11/carpet-spring-20411558-lines-frame-sisal-looped-beige-4.jpg",,,,,,,,,2531,,,Size,"120x170, 140x200, 160x230, 200x290, 60x110, 80x150",1,1,Brand,D-sign,1,1,Color,White-Beige,1,1,Type of color,Multicolor,1,1,Shape,Rectangular,1,1,Material,Polypropylene,1,1,Type of rug,Sisal,1,1,Weave,Machinemade,1,1,Age,New,1,1,,,,,,,,,,,,,,,,,,yes,yes,,,,,,,,,,,,,,,,,,,,,,,,,,,,,
59019,variable,61327192-H,,D-sign Rug 1P0225 Blue,1,0,visible,D-sign Rug 1P0225 Blue,D-sign Rug 1P0225 Blue,,,taxable,,1,,,0,0,,,,,1,,,,"Rooms > Bedroom, Rooms > Living room, Rugs, Rugs > Sisal",,,"https://rugshop.eu/wp-content/uploads/2021/11/carpet-spring-20411994-lines-frame-sisal-looped-blue.jpg, https://rugshop.eu/wp-content/uploads/2021/11/carpet-spring-20411994-lines-frame-sisal-looped-blue-1.jpg, https://rugshop.eu/wp-content/uploads/2021/11/carpet-spring-20411994-lines-frame-sisal-looped-blue-2.jpg, https://rugshop.eu/wp-content/uploads/2021/11/carpet-spring-20411994-lines-frame-sisal-looped-blue-3.jpg, https://rugshop.eu/wp-content/uploads/2021/11/carpet-spring-20411994-lines-frame-sisal-looped-blue-4.jpg",,,,,,,,,2532,,,Size,"120x170, 140x200, 160x230, 200x290, 60x110, 80x150",1,1,Brand,D-sign,1,1,Color,Blue,1,1,Type of color,Multicolor,1,1,Shape,Rectangular,1,1,Material,Polypropylene,1,1,Type of rug,Sisal,1,1,Weave,Machinemade,1,1,Age,New,1,1,,,,,,,,,,,,,,,,,,yes,yes,,,,,,,,,,,,,,,,,,,,,,,,,,,,,
59020,variable,61327194-H,,D-sign Rug 1P0226 Grey,1,0,visible,D-sign Rug 1P0226 Grey,D-sign Rug 1P0226 Grey,,,taxable,,1,,,0,0,,,,,1,,,,"Rooms > Bedroom, Rooms > Living room, Rugs, Rugs > Sisal",,,"https://rugshop.eu/wp-content/uploads/2021/11/carpet-spring-20414332-triangles-sisal-looped-grey-cream.jpg, https://rugshop.eu/wp-content/uploads/2021/11/carpet-spring-20414332-triangles-sisal-looped-grey-cream-1.jpg, https://rugshop.eu/wp-content/uploads/2021/11/carpet-spring-20414332-triangles-sisal-looped-grey-cream-2.jpg, https://rugshop.eu/wp-content/uploads/2021/11/carpet-spring-20414332-triangles-sisal-looped-grey-cream-3.jpg, https://rugshop.eu/wp-content/uploads/2021/11/carpet-spring-20414332-triangles-sisal-looped-grey-cream-4.jpg",,,,,,,,,2533,,,Size,"120x170, 140x200, 160x230, 200x290, 60x110, 80x150",1,1,Brand,D-sign,1,1,Color,"Black-Grey, White-Beige",1,1,Type of color,Multicolor,1,1,Shape,Rectangular,1,1,Material,Polypropylene,1,1,Type of rug,Sisal,1,1,Weave,Machinemade,1,1,Age,New,1,1,,,,,,,,,,,,,,,,,,yes,yes,,,,,,,,,,,,,,,,,,,,,,,,,,,,,
59021,variation,61327182,,D-sign Rug 1P0222 Creme - 60x110,1,0,visible,,D-sign Rug 1P0222 Creme 60x110,,,taxable,parent,0,0,,0,0,,110,60,0.6,0,,467,835,,,,,,,61327182-H,,,,,,1,,,Size,60x110,,1,,,,,,,,,,,,,,,,,,,,,,,,,,,,,,,,,,,,,60x110,,,,,,,,,,,,,,,,,,,,,,,,137798,,,,,,,,,,,,,,,,,,,
59022,variation,61335777,,D-sign Rug 1P0222 Creme - 80x150,1,0,visible,,D-sign Rug 1P0222 Creme 80x150,,,taxable,parent,1,17,,0,0,,150,80,0.6,0,,663,1185,,,,,,,61327182-H,,,,,,2,,,Size,80x150,,1,,,,,,,,,,,,,,,,,,,,,,,,,,,,,,,,,,,,,80x150,,,,,,,,,,,,,,,,,,,,,,,,137799,,,,,,,,,,,,,,,,,,,
59023,variation,61335775,,D-sign Rug 1P0222 Creme - 120x170,1,0,visible,,D-sign Rug 1P0222 Creme 120x170,,,taxable,parent,1,6,,0,0,,170,120,0.6,0,,924,1655,,,,,,,61327182-H,,,,,,3,,,Size,120x170,,1,,,,,,,,,,,,,,,,,,,,,,,,,,,,,,,,,,,,,120x170,,,,,,,,,,,,,,,,,,,,,,,,137800,,,,,,,,,,,,,,,,,,,
59024,variation,61335772,,D-sign Rug 1P0222 Creme - 140x200,1,0,visible,,D-sign Rug 1P0222 Creme 140x200,,,taxable,parent,1,4,,0,0,,200,140,0.6,0,,1152,2065,,,,,,,61327182-H,,,,,,4,,,Size,140x200,,1,,,,,,,,,,,,,,,,,,,,,,,,,,,,,,,,,,,,,140x200,,,,,,,,,,,,,,,,,,,,,,,,137801,,,,,,,,,,,,,,,,,,,
59025,variation,61335779,,D-sign Rug 1P0222 Creme - 160x230,1,0,visible,,D-sign Rug 1P0222 Creme 160x230,,,taxable,parent,1,7,,0,0,,230,160,0.6,0,,1413,2535,,,,,,,61327182-H,,,,,,5,,,Size,160x230,,1,,,,,,,,,,,,,,,,,,,,,,,,,,,,,,,,,,,,,160x230,,,,,,,,,,,,,,,,,,,,,,,,137802,,,,,,,,,,,,,,,,,,,
59026,variation,61335776,,D-sign Rug 1P0222 Creme - 200x290,1,0,visible,,D-sign Rug 1P0222 Creme 200x290,,,taxable,parent,1,5,,0,0,,290,200,0.6,0,,2098,3775,,,,,,,61327182-H,,,,,,6,,,Size,200x290,,1,,,,,,,,,,,,,,,,,,,,,,,,,,,,,,,,,,,,,200x290,,,,,,,,,,,,,,,,,,,,,,,,137803,,,,,,,,,,,,,,,,,,,
59028,variation,61327184,,D-sign Rug 1P0223 Grey - 60x110,1,0,visible,,D-sign Rug 1P0223 Grey 60x110,,,taxable,parent,0,0,,0,0,,110,60,0.6,0,,467,835,,,,,,,61327184-H,,,,,,1,,,Size,60x110,,1,,,,,,,,,,,,,,,,,,,,,,,,,,,,,,,,,,,,,60x110,,,,,,,,,,,,,,,,,,,,,,,,137804,,,,,,,,,,,,,,,,,,,
59029,variation,61327187,,D-sign Rug 1P0223 Grey - 80x150,1,0,visible,,D-sign Rug 1P0223 Grey 80x150,,,taxable,parent,1,10,,0,0,,150,80,0.6,0,,663,1185,,,,,,,61327184-H,,,,,,2,,,Size,80x150,,1,,,,,,,,,,,,,,,,,,,,,,,,,,,,,,,,,,,,,80x150,,,,,,,,,,,,,,,,,,,,,,,,137805,,,,,,,,,,,,,,,,,,,
59030,variation,61327191,,D-sign Rug 1P0223 Grey - 120x170,1,0,visible,,D-sign Rug 1P0223 Grey 120x170,,,taxable,parent,1,7,,0,0,,170,120,0.6,0,,924,1655,,,,,,,61327184-H,,,,,,3,,,Size,120x170,,1,,,,,,,,,,,,,,,,,,,,,,,,,,,,,,,,,,,,,120x170,,,,,,,,,,,,,,,,,,,,,,,,137806,,,,,,,,,,,,,,,,,,,
59031,variation,61327186,,D-sign Rug 1P0223 Grey - 140x200,1,0,visible,,D-sign Rug 1P0223 Grey 140x200,,,taxable,parent,1,4,,0,0,,200,140,0.6,0,,1152,2065,,,,,,,61327184-H,,,,,,4,,,Size,140x200,,1,,,,,,,,,,,,,,,,,,,,,,,,,,,,,,,,,,,,,140x200,,,,,,,,,,,,,,,,,,,,,,,,137807,,,,,,,,,,,,,,,,,,,
59032,variation,61327185,,D-sign Rug 1P0223 Grey - 160x230,1,0,visible,,D-sign Rug 1P0223 Grey 160x230,,,taxable,parent,1,4,,0,0,,230,160,0.6,0,,1413,2535,,,,,,,61327184-H,,,,,,5,,,Size,160x230,,1,,,,,,,,,,,,,,,,,,,,,,,,,,,,,,,,,,,,,160x230,,,,,,,,,,,,,,,,,,,,,,,,137808,,,,,,,,,,,,,,,,,,,
59033,variation,61327190,,D-sign Rug 1P0223 Grey - 200x290,1,0,visible,,D-sign Rug 1P0223 Grey 200x290,,,taxable,parent,1,2,,0,0,,290,200,0.6,0,,2098,3775,,,,,,,61327184-H,,,,,,6,,,Size,200x290,,1,,,,,,,,,,,,,,,,,,,,,,,,,,,,,,,,,,,,,200x290,,,,,,,,,,,,,,,,,,,,,,,,137809,,,,,,,,,,,,,,,,,,,
59035,variation,61327189,,D-sign Rug 1P0224 Beige - 60x110,1,0,visible,,D-sign Rug 1P0224 Beige 60x110,,,taxable,parent,0,0,,0,0,,110,60,0.6,0,,467,835,,,,,,,61327189-H,,,,,,1,,,Size,60x110,,1,,,,,,,,,,,,,,,,,,,,,,,,,,,,,,,,,,,,,60x110,,,,,,,,,,,,,,,,,,,,,,,,137816,,,,,,,,,,,,,,,,,,,
59036,variation,61335773,,D-sign Rug 1P0224 Beige - 80x150,1,0,visible,,D-sign Rug 1P0224 Beige 80x150,,,taxable,parent,0,0,,0,0,,150,80,0.6,0,,663,1185,,,,,,,61327189-H,,,,,,2,,,Size,80x150,,1,,,,,,,,,,,,,,,,,,,,,,,,,,,,,,,,,,,,,80x150,,,,,,,,,,,,,,,,,,,,,,,,137817,,,,,,,,,,,,,,,,,,,
59037,variation,61335784,,D-sign Rug 1P0224 Beige - 120x170,1,0,visible,,D-sign Rug 1P0224 Beige 120x170,,,taxable,parent,1,12,,0,0,,170,120,0.6,0,,924,1655,,,,,,,61327189-H,,,,,,3,,,Size,120x170,,1,,,,,,,,,,,,,,,,,,,,,,,,,,,,,,,,,,,,,120x170,,,,,,,,,,,,,,,,,,,,,,,,137818,,,,,,,,,,,,,,,,,,,
59038,variation,61335780,,D-sign Rug 1P0224 Beige - 140x200,1,0,visible,,D-sign Rug 1P0224 Beige 140x200,,,taxable,parent,0,0,,0,0,,200,140,0.6,0,,1152,2065,,,,,,,61327189-H,,,,,,4,,,Size,140x200,,1,,,,,,,,,,,,,,,,,,,,,,,,,,,,,,,,,,,,,140x200,,,,,,,,,,,,,,,,,,,,,,,,137819,,,,,,,,,,,,,,,,,,,
59039,variation,61335782,,D-sign Rug 1P0224 Beige - 160x230,1,0,visible,,D-sign Rug 1P0224 Beige 160x230,,,taxable,parent,1,4,,0,0,,230,160,0.6,0,,1413,2535,,,,,,,61327189-H,,,,,,5,,,Size,160x230,,1,,,,,,,,,,,,,,,,,,,,,,,,,,,,,,,,,,,,,160x230,,,,,,,,,,,,,,,,,,,,,,,,137820,,,,,,,,,,,,,,,,,,,
59040,variation,61327193,,D-sign Rug 1P0224 Beige - 200x290,1,0,visible,,D-sign Rug 1P0224 Beige 200x290,,,taxable,parent,0,0,,0,0,,290,200,0.6,0,,2098,3775,,,,,,,61327189-H,,,,,,6,,,Size,200x290,,1,,,,,,,,,,,,,,,,,,,,,,,,,,,,,,,,,,,,,200x290,,,,,,,,,,,,,,,,,,,,,,,,137821,,,,,,,,,,,,,,,,,,,
59042,variable,61327198-H,,D-sign Rug 1P0227 Creme,1,0,visible,D-sign Rug 1P0227 Creme,D-sign Rug 1P0227 Creme,,,taxable,,1,,,0,0,,,,,1,,,,"Rooms > Bedroom, Rooms > Living room, Rugs, Rugs > Sisal",,,"https://rugshop.eu/wp-content/uploads/2021/11/carpet-spring-20421332-labyrinth-sisal-looped-cream-grey.jpg, https://rugshop.eu/wp-content/uploads/2021/11/carpet-spring-20421332-labyrinth-sisal-looped-cream-grey-1.jpg, https://rugshop.eu/wp-content/uploads/2021/11/carpet-spring-20421332-labyrinth-sisal-looped-cream-grey-2.jpg, https://rugshop.eu/wp-content/uploads/2021/11/carpet-spring-20421332-labyrinth-sisal-looped-cream-grey-3.jpg, https://rugshop.eu/wp-content/uploads/2021/11/carpet-spring-20421332-labyrinth-sisal-looped-cream-grey-4.jpg",,,,,,,,,2534,,,Size,"120x170, 140x200, 160x230, 200x290, 60x110, 80x150",1,1,Brand,D-sign,1,1,Color,"Black-Grey, White-Beige",1,1,Type of color,Multicolor,1,1,Shape,Rectangular,1,1,Material,Polypropylene,1,1,Type of rug,Sisal,1,1,Weave,Machinemade,1,1,Age,New,1,1,,,,,,,,,,,,,,,,,,yes,yes,,,,,,,,,,,,,,,,,,,,,,,,,,,,,
59043,variable,61327195-H,,D-sign Rug 1P0228 Creme,1,0,visible,D-sign Rug 1P0228 Creme,D-sign Rug 1P0228 Creme,,,taxable,,1,,,0,0,,,,,1,,,,"Rooms > Bedroom, Rooms > Living room, Rugs, Rugs > Sisal",,,"https://rugshop.eu/wp-content/uploads/2021/11/carpet-spring-20467332-herringbone-sisal-looped-cream.jpg, https://rugshop.eu/wp-content/uploads/2021/11/carpet-spring-20467332-herringbone-sisal-looped-cream-1.jpg, https://rugshop.eu/wp-content/uploads/2021/11/carpet-spring-20467332-herringbone-sisal-looped-cream-2.jpg, https://rugshop.eu/wp-content/uploads/2021/11/carpet-spring-20467332-herringbone-sisal-looped-cream-3.jpg, https://rugshop.eu/wp-content/uploads/2021/11/carpet-spring-20467332-herringbone-sisal-looped-cream-4.jpg",,,,,,,,,2535,,,Size,"120x170, 140x200, 160x230, 200x290, 60x110, 80x150",1,1,Brand,D-sign,1,1,Color,White-Beige,1,1,Type of color,Multicolor,1,1,Shape,Rectangular,1,1,Material,Polypropylene,1,1,Type of rug,Sisal,1,1,Weave,Machinemade,1,1,Age,New,1,1,,,,,,,,,,,,,,,,,,yes,yes,,,,,,,,,,,,,,,,,,,,,,,,,,,,,
59044,variable,61327204-H,,D-sign Rug 1P0229 Beige,1,0,visible,D-sign Rug 1P0229 Beige,D-sign Rug 1P0229 Beige,,,taxable,,1,,,0,0,,,,,1,,,,"Rooms > Bedroom, Rooms > Living room, Rugs, Rugs > Sisal",,,"https://rugshop.eu/wp-content/uploads/2021/11/carpet-spring-20467558-herringbone-sisal-looped-beige.jpg, https://rugshop.eu/wp-content/uploads/2021/11/carpet-spring-20467558-herringbone-sisal-looped-beige-1.jpg, https://rugshop.eu/wp-content/uploads/2021/11/carpet-spring-20467558-herringbone-sisal-looped-beige-2.jpg, https://rugshop.eu/wp-content/uploads/2021/11/carpet-spring-20467558-herringbone-sisal-looped-beige-3.jpg, https://rugshop.eu/wp-content/uploads/2021/11/carpet-spring-20467558-herringbone-sisal-looped-beige-4.jpg",,,,,,,,,2536,,,Size,"120x170, 140x200, 160x230, 200x290, 60x110, 80x150",1,1,Brand,D-sign,1,1,Color,White-Beige,1,1,Type of color,Multicolor,1,1,Shape,Rectangular,1,1,Material,Polypropylene,1,1,Type of rug,Sisal,1,1,Weave,Machinemade,1,1,Age,New,1,1,,,,,,,,,,,,,,,,,,yes,yes,,,,,,,,,,,,,,,,,,,,,,,,,,,,,
59045,variation,61327192,,D-sign Rug 1P0225 Blue - 60x110,1,0,visible,,D-sign Rug 1P0225 Blue 60x110,,,taxable,parent,0,0,,0,0,,110,60,0.6,0,,467,835,,,,,,,61327192-H,,,,,,1,,,Size,60x110,,1,,,,,,,,,,,,,,,,,,,,,,,,,,,,,,,,,,,,,60x110,,,,,,,,,,,,,,,,,,,,,,,,137828,,,,,,,,,,,,,,,,,,,
59046,variation,61335787,,D-sign Rug 1P0225 Blue - 80x150,1,0,visible,,D-sign Rug 1P0225 Blue 80x150,,,taxable,parent,1,11,,0,0,,150,80,0.6,0,,663,1185,,,,,,,61327192-H,,,,,,2,,,Size,80x150,,1,,,,,,,,,,,,,,,,,,,,,,,,,,,,,,,,,,,,,80x150,,,,,,,,,,,,,,,,,,,,,,,,137829,,,,,,,,,,,,,,,,,,,
59047,variation,61335785,,D-sign Rug 1P0225 Blue - 120x170,1,0,visible,,D-sign Rug 1P0225 Blue 120x170,,,taxable,parent,1,7,,0,0,,170,120,0.6,0,,924,1655,,,,,,,61327192-H,,,,,,3,,,Size,120x170,,1,,,,,,,,,,,,,,,,,,,,,,,,,,,,,,,,,,,,,120x170,,,,,,,,,,,,,,,,,,,,,,,,137830,,,,,,,,,,,,,,,,,,,
59048,variation,61335783,,D-sign Rug 1P0225 Blue - 140x200,1,0,visible,,D-sign Rug 1P0225 Blue 140x200,,,taxable,parent,1,7,,0,0,,200,140,0.6,0,,1152,2065,,,,,,,61327192-H,,,,,,4,,,Size,140x200,,1,,,,,,,,,,,,,,,,,,,,,,,,,,,,,,,,,,,,,140x200,,,,,,,,,,,,,,,,,,,,,,,,137831,,,,,,,,,,,,,,,,,,,
59049,variation,61335781,,D-sign Rug 1P0225 Blue - 160x230,1,0,visible,,D-sign Rug 1P0225 Blue 160x230,,,taxable,parent,1,6,,0,0,,230,160,0.6,0,,1413,2535,,,,,,,61327192-H,,,,,,5,,,Size,160x230,,1,,,,,,,,,,,,,,,,,,,,,,,,,,,,,,,,,,,,,160x230,,,,,,,,,,,,,,,,,,,,,,,,137832,,,,,,,,,,,,,,,,,,,
59050,variation,61335788,,D-sign Rug 1P0225 Blue - 200x290,1,0,visible,,D-sign Rug 1P0225 Blue 200x290,,,taxable,parent,1,4,,0,0,,290,200,0.6,0,,2098,3775,,,,,,,61327192-H,,,,,,6,,,Size,200x290,,1,,,,,,,,,,,,,,,,,,,,,,,,,,,,,,,,,,,,,200x290,,,,,,,,,,,,,,,,,,,,,,,,137833,,,,,,,,,,,,,,,,,,,
59052,variation,61327194,,D-sign Rug 1P0226 Grey - 60x110,1,0,visible,,D-sign Rug 1P0226 Grey 60x110,,,taxable,parent,0,0,,0,0,,110,60,0.6,0,,467,835,,,,,,,61327194-H,,,,,,1,,,Size,60x110,,1,,,,,,,,,,,,,,,,,,,,,,,,,,,,,,,,,,,,,60x110,,,,,,,,,,,,,,,,,,,,,,,,137834,,,,,,,,,,,,,,,,,,,
59053,variation,61335789,,D-sign Rug 1P0226 Grey - 80x150,1,0,visible,,D-sign Rug 1P0226 Grey 80x150,,,taxable,parent,1,17,,0,0,,150,80,0.6,0,,663,1185,,,,,,,61327194-H,,,,,,2,,,Size,80x150,,1,,,,,,,,,,,,,,,,,,,,,,,,,,,,,,,,,,,,,80x150,,,,,,,,,,,,,,,,,,,,,,,,137835,,,,,,,,,,,,,,,,,,,
59054,variation,61335786,,D-sign Rug 1P0226 Grey - 120x170,1,0,visible,,D-sign Rug 1P0226 Grey 120x170,,,taxable,parent,1,11,,0,0,,170,120,0.6,0,,924,1655,,,,,,,61327194-H,,,,,,3,,,Size,120x170,,1,,,,,,,,,,,,,,,,,,,,,,,,,,,,,,,,,,,,,120x170,,,,,,,,,,,,,,,,,,,,,,,,137836,,,,,,,,,,,,,,,,,,,
59055,variation,61327196,,D-sign Rug 1P0226 Grey - 140x200,1,0,visible,,D-sign Rug 1P0226 Grey 140x200,,,taxable,parent,1,9,,0,0,,200,140,0.6,0,,1152,2065,,,,,,,61327194-H,,,,,,4,,,Size,140x200,,1,,,,,,,,,,,,,,,,,,,,,,,,,,,,,,,,,,,,,140x200,,,,,,,,,,,,,,,,,,,,,,,,137837,,,,,,,,,,,,,,,,,,,
59056,variation,61327199,,D-sign Rug 1P0226 Grey - 160x230,1,0,visible,,D-sign Rug 1P0226 Grey 160x230,,,taxable,parent,1,8,,0,0,,230,160,0.6,0,,1413,2535,,,,,,,61327194-H,,,,,,5,,,Size,160x230,,1,,,,,,,,,,,,,,,,,,,,,,,,,,,,,,,,,,,,,160x230,,,,,,,,,,,,,,,,,,,,,,,,137838,,,,,,,,,,,,,,,,,,,
59057,variation,61327197,,D-sign Rug 1P0226 Grey - 200x290,1,0,visible,,D-sign Rug 1P0226 Grey 200x290,,,taxable,parent,1,3,,0,0,,290,200,0.6,0,,2098,3775,,,,,,,61327194-H,,,,,,6,,,Size,200x290,,1,,,,,,,,,,,,,,,,,,,,,,,,,,,,,,,,,,,,,200x290,,,,,,,,,,,,,,,,,,,,,,,,137839,,,,,,,,,,,,,,,,,,,
59059,variation,61327198,,D-sign Rug 1P0227 Creme - 60x110,1,0,visible,,D-sign Rug 1P0227 Creme 60x110,,,taxable,parent,0,0,,0,0,,110,60,0.6,0,,467,835,,,,,,,61327198-H,,,,,,1,,,Size,60x110,,1,,,,,,,,,,,,,,,,,,,,,,,,,,,,,,,,,,,,,60x110,,,,,,,,,,,,,,,,,,,,,,,,137840,,,,,,,,,,,,,,,,,,,
59060,variation,61335794,,D-sign Rug 1P0227 Creme - 80x150,1,0,visible,,D-sign Rug 1P0227 Creme 80x150,,,taxable,parent,1,2,,0,0,,150,80,0.6,0,,663,1185,,,,,,,61327198-H,,,,,,2,,,Size,80x150,,1,,,,,,,,,,,,,,,,,,,,,,,,,,,,,,,,,,,,,80x150,,,,,,,,,,,,,,,,,,,,,,,,137841,,,,,,,,,,,,,,,,,,,
59061,variation,61335793,,D-sign Rug 1P0227 Creme - 120x170,1,0,visible,,D-sign Rug 1P0227 Creme 120x170,,,taxable,parent,1,7,,0,0,,170,120,0.6,0,,924,1655,,,,,,,61327198-H,,,,,,3,,,Size,120x170,,1,,,,,,,,,,,,,,,,,,,,,,,,,,,,,,,,,,,,,120x170,,,,,,,,,,,,,,,,,,,,,,,,137842,,,,,,,,,,,,,,,,,,,
59062,variation,61335797,,D-sign Rug 1P0227 Creme - 140x200,1,0,visible,,D-sign Rug 1P0227 Creme 140x200,,,taxable,parent,1,5,,0,0,,200,140,0.6,0,,1152,2065,,,,,,,61327198-H,,,,,,4,,,Size,140x200,,1,,,,,,,,,,,,,,,,,,,,,,,,,,,,,,,,,,,,,140x200,,,,,,,,,,,,,,,,,,,,,,,,137843,,,,,,,,,,,,,,,,,,,
59063,variation,61335801,,D-sign Rug 1P0227 Creme - 160x230,1,0,visible,,D-sign Rug 1P0227 Creme 160x230,,,taxable,parent,1,10,,0,0,,230,160,0.6,0,,1413,2535,,,,,,,61327198-H,,,,,,5,,,Size,160x230,,1,,,,,,,,,,,,,,,,,,,,,,,,,,,,,,,,,,,,,160x230,,,,,,,,,,,,,,,,,,,,,,,,137844,,,,,,,,,,,,,,,,,,,
59064,variation,61335800,,D-sign Rug 1P0227 Creme - 200x290,1,0,visible,,D-sign Rug 1P0227 Creme 200x290,,,taxable,parent,1,2,,0,0,,290,200,0.6,0,,2098,3775,,,,,,,61327198-H,,,,,,6,,,Size,200x290,,1,,,,,,,,,,,,,,,,,,,,,,,,,,,,,,,,,,,,,200x290,,,,,,,,,,,,,,,,,,,,,,,,137845,,,,,,,,,,,,,,,,,,,
59065,variable,61327209-H,,D-sign Rug 1P0230 Beige,1,0,visible,D-sign Rug 1P0230 Beige,D-sign Rug 1P0230 Beige,,,taxable,,1,,,0,0,,,,,1,,,,"Rooms > Bedroom, Rooms > Living room, Rugs, Rugs > Sisal",,,"https://rugshop.eu/wp-content/uploads/2021/11/carpet-color-19521460-sisal-ornament-frame-cinnamon-beige.jpg, https://rugshop.eu/wp-content/uploads/2021/11/carpet-color-19521460-sisal-ornament-frame-cinnamon-beige-1.jpg, https://rugshop.eu/wp-content/uploads/2021/11/carpet-color-19521460-sisal-ornament-frame-cinnamon-beige-2.jpg, https://rugshop.eu/wp-content/uploads/2021/11/carpet-color-19521460-sisal-ornament-frame-cinnamon-beige-3.jpg, https://rugshop.eu/wp-content/uploads/2021/11/carpet-color-19521460-sisal-ornament-frame-cinnamon-beige-4.jpg",,,,,,,,,2537,,,Size,"120x170, 140x200, 160x230, 200x290, 80x150",1,1,Brand,D-sign,1,1,Color,White-Beige,1,1,Type of color,Multicolor,1,1,Shape,Rectangular,1,1,Material,Polypropylene,1,1,Type of rug,Sisal,1,1,Weave,Machinemade,1,1,Age,New,1,1,,,,,,,,,,,,,,,,,,yes,yes,,,,,,,,,,,,,,,,,,,,,,,,,,,,,
59066,variable,61327210-H,,D-sign Rug 1P0231 Beige,1,0,visible,D-sign Rug 1P0231 Beige,D-sign Rug 1P0231 Beige,,,taxable,,1,,,0,0,,,,,1,,,,"Rooms > Bedroom, Rooms > Living room, Rugs, Rugs > Sisal",,,"https://rugshop.eu/wp-content/uploads/2021/11/carpet-color-19676369-sisal-lines-beige-blue.jpg, https://rugshop.eu/wp-content/uploads/2021/11/carpet-color-19676369-sisal-lines-beige-blue-1.jpg, https://rugshop.eu/wp-content/uploads/2021/11/carpet-color-19676369-sisal-lines-beige-blue-2.jpg, https://rugshop.eu/wp-content/uploads/2021/11/carpet-color-19676369-sisal-lines-beige-blue-3.jpg, https://rugshop.eu/wp-content/uploads/2021/11/carpet-color-19676369-sisal-lines-beige-blue-4.jpg",,,,,,,,,2538,,,Size,"120x170, 140x200, 160x230, 200x290, 80x150",1,1,Brand,D-sign,1,1,Color,White-Beige,1,1,Type of color,Multicolor,1,1,Shape,Rectangular,1,1,Material,Polypropylene,1,1,Type of rug,Sisal,1,1,Weave,Machinemade,1,1,Age,New,1,1,,,,,,,,,,,,,,,,,,yes,yes,,,,,,,,,,,,,,,,,,,,,,,,,,,,,
59067,variable,61327213-H,,D-sign Rug 1P0232 Beige,1,0,visible,D-sign Rug 1P0232 Beige,D-sign Rug 1P0232 Beige,,,taxable,,1,,,0,0,,,,,1,,,,"Rooms > Bedroom, Rooms > Living room, Rugs, Rugs > Sisal",,,"https://rugshop.eu/wp-content/uploads/2021/11/carpet-color-47176260-sisal-lines-triangles-zigzag-beige-blush-pink.jpg, https://rugshop.eu/wp-content/uploads/2021/11/carpet-color-47176260-sisal-lines-triangles-zigzag-beige-blush-pink-1.jpg, https://rugshop.eu/wp-content/uploads/2021/11/carpet-color-47176260-sisal-lines-triangles-zigzag-beige-blush-pink-2.jpg, https://rugshop.eu/wp-content/uploads/2021/11/carpet-color-47176260-sisal-lines-triangles-zigzag-beige-blush-pink-3.jpg, https://rugshop.eu/wp-content/uploads/2021/11/carpet-color-47176260-sisal-lines-triangles-zigzag-beige-blush-pink-4.jpg",,,,,,,,,2539,,,Size,"120x170, 140x200, 160x230, 200x290, 60x110, 80x150",1,1,Brand,D-sign,1,1,Color,White-Beige,1,1,Type of color,Multicolor,1,1,Shape,Rectangular,1,1,Material,Polypropylene,1,1,Type of rug,Sisal,1,1,Weave,Machinemade,1,1,Age,New,1,1,,,,,,,,,,,,,,,,,,yes,yes,,,,,,,,,,,,,,,,,,,,,,,,,,,,,
59069,variation,61327195,,D-sign Rug 1P0228 Creme - 60x110,1,0,visible,,D-sign Rug 1P0228 Creme 60x110,,,taxable,parent,0,0,,0,0,,110,60,0.6,0,,467,835,,,,,,,61327195-H,,,,,,1,,,Size,60x110,,1,,,,,,,,,,,,,,,,,,,,,,,,,,,,,,,,,,,,,60x110,,,,,,,,,,,,,,,,,,,,,,,,137852,,,,,,,,,,,,,,,,,,,
59070,variation,61327203,,D-sign Rug 1P0228 Creme - 80x150,1,0,visible,,D-sign Rug 1P0228 Creme 80x150,,,taxable,parent,1,9,,0,0,,150,80,0.6,0,,663,1185,,,,,,,61327195-H,,,,,,2,,,Size,80x150,,1,,,,,,,,,,,,,,,,,,,,,,,,,,,,,,,,,,,,,80x150,,,,,,,,,,,,,,,,,,,,,,,,137853,,,,,,,,,,,,,,,,,,,
59071,variation,61327207,,D-sign Rug 1P0228 Creme - 120x170,1,0,visible,,D-sign Rug 1P0228 Creme 120x170,,,taxable,parent,1,18,,0,0,,170,120,0.6,0,,924,1655,,,,,,,61327195-H,,,,,,3,,,Size,120x170,,1,,,,,,,,,,,,,,,,,,,,,,,,,,,,,,,,,,,,,120x170,,,,,,,,,,,,,,,,,,,,,,,,137854,,,,,,,,,,,,,,,,,,,
59072,variation,61327206,,D-sign Rug 1P0228 Creme - 140x200,1,0,visible,,D-sign Rug 1P0228 Creme 140x200,,,taxable,parent,0,0,,0,0,,200,140,0.6,0,,1152,2065,,,,,,,61327195-H,,,,,,4,,,Size,140x200,,1,,,,,,,,,,,,,,,,,,,,,,,,,,,,,,,,,,,,,140x200,,,,,,,,,,,,,,,,,,,,,,,,137855,,,,,,,,,,,,,,,,,,,
59073,variation,61327208,,D-sign Rug 1P0228 Creme - 160x230,1,0,visible,,D-sign Rug 1P0228 Creme 160x230,,,taxable,parent,1,16,,0,0,,230,160,0.6,0,,1413,2535,,,,,,,61327195-H,,,,,,5,,,Size,160x230,,1,,,,,,,,,,,,,,,,,,,,,,,,,,,,,,,,,,,,,160x230,,,,,,,,,,,,,,,,,,,,,,,,137856,,,,,,,,,,,,,,,,,,,
59074,variation,61327205,,D-sign Rug 1P0228 Creme - 200x290,1,0,visible,,D-sign Rug 1P0228 Creme 200x290,,,taxable,parent,1,2,,0,0,,290,200,0.6,0,,2098,3775,,,,,,,61327195-H,,,,,,6,,,Size,200x290,,1,,,,,,,,,,,,,,,,,,,,,,,,,,,,,,,,,,,,,200x290,,,,,,,,,,,,,,,,,,,,,,,,137857,,,,,,,,,,,,,,,,,,,
59076,variation,61327204,,D-sign Rug 1P0229 Beige - 60x110,1,0,visible,,D-sign Rug 1P0229 Beige 60x110,,,taxable,parent,1,197,,0,0,,110,60,0.6,0,,467,835,,,,,,,61327204-H,,,,,,1,,,Size,60x110,,1,,,,,,,,,,,,,,,,,,,,,,,,,,,,,,,,,,,,,60x110,,,,,,,,,,,,,,,,,,,,,,,,137864,,,,,,,,,,,,,,,,,,,
59077,variation,61335798,,D-sign Rug 1P0229 Beige - 80x150,1,0,visible,,D-sign Rug 1P0229 Beige 80x150,,,taxable,parent,1,74,,0,0,,150,80,0.6,0,,663,1185,,,,,,,61327204-H,,,,,,2,,,Size,80x150,,1,,,,,,,,,,,,,,,,,,,,,,,,,,,,,,,,,,,,,80x150,,,,,,,,,,,,,,,,,,,,,,,,137865,,,,,,,,,,,,,,,,,,,
59078,variation,61335799,,D-sign Rug 1P0229 Beige - 120x170,1,0,visible,,D-sign Rug 1P0229 Beige 120x170,,,taxable,parent,1,54,,0,0,,170,120,0.6,0,,924,1655,,,,,,,61327204-H,,,,,,3,,,Size,120x170,,1,,,,,,,,,,,,,,,,,,,,,,,,,,,,,,,,,,,,,120x170,,,,,,,,,,,,,,,,,,,,,,,,137866,,,,,,,,,,,,,,,,,,,
59079,variation,61335795,,D-sign Rug 1P0229 Beige - 140x200,1,0,visible,,D-sign Rug 1P0229 Beige 140x200,,,taxable,parent,1,85,,0,0,,200,140,0.6,0,,1152,2065,,,,,,,61327204-H,,,,,,4,,,Size,140x200,,1,,,,,,,,,,,,,,,,,,,,,,,,,,,,,,,,,,,,,140x200,,,,,,,,,,,,,,,,,,,,,,,,137867,,,,,,,,,,,,,,,,,,,
59080,variation,61335792,,D-sign Rug 1P0229 Beige - 160x230,1,0,visible,,D-sign Rug 1P0229 Beige 160x230,,,taxable,parent,1,48,,0,0,,230,160,0.6,0,,1413,2535,,,,,,,61327204-H,,,,,,5,,,Size,160x230,,1,,,,,,,,,,,,,,,,,,,,,,,,,,,,,,,,,,,,,160x230,,,,,,,,,,,,,,,,,,,,,,,,137868,,,,,,,,,,,,,,,,,,,
59081,variation,61327211,,D-sign Rug 1P0229 Beige - 200x290,1,0,visible,,D-sign Rug 1P0229 Beige 200x290,,,taxable,parent,1,24,,0,0,,290,200,0.6,0,,2098,3775,,,,,,,61327204-H,,,,,,6,,,Size,200x290,,1,,,,,,,,,,,,,,,,,,,,,,,,,,,,,,,,,,,,,200x290,,,,,,,,,,,,,,,,,,,,,,,,137869,,,,,,,,,,,,,,,,,,,
59083,variable,61327212-H,,D-sign Rug 1P0233 Beige,1,0,visible,D-sign Rug 1P0233 Beige,D-sign Rug 1P0233 Beige,,,taxable,,1,,,0,0,,,,,1,,,,"Rooms > Bedroom, Rooms > Living room, Rugs, Rugs > Sisal",,,"https://rugshop.eu/wp-content/uploads/2021/11/carpet-color-47176360-sisal-lines-triangles-zigzag-beige-blue.jpg, https://rugshop.eu/wp-content/uploads/2021/11/carpet-color-47176360-sisal-lines-triangles-zigzag-beige-blue-1.jpg, https://rugshop.eu/wp-content/uploads/2021/11/carpet-color-47176360-sisal-lines-triangles-zigzag-beige-blue-2.jpg, https://rugshop.eu/wp-content/uploads/2021/11/carpet-color-47176360-sisal-lines-triangles-zigzag-beige-blue-3.jpg, https://rugshop.eu/wp-content/uploads/2021/11/carpet-color-47176360-sisal-lines-triangles-zigzag-beige-blue-4.jpg",,,,,,,,,2540,,,Size,"120x170, 140x200, 160x230, 200x290, 60x110, 80x150",1,1,Brand,D-sign,1,1,Color,White-Beige,1,1,Type of color,Multicolor,1,1,Shape,Rectangular,1,1,Material,Polypropylene,1,1,Type of rug,Sisal,1,1,Weave,Machinemade,1,1,Age,New,1,1,,,,,,,,,,,,,,,,,,yes,yes,,,,,,,,,,,,,,,,,,,,,,,,,,,,,
59085,variation,61327209,,D-sign Rug 1P0230 Beige - 80x150,1,0,visible,,D-sign Rug 1P0230 Beige 80x150,,,taxable,parent,1,7,,0,0,,150,80,0.6,0,,663,1185,,,,,,,61327209-H,,,,,,1,,,Size,80x150,,1,,,,,,,,,,,,,,,,,,,,,,,,,,,,,,,,,,,,,80x150,,,,,,,,,,,,,,,,,,,,,,,,137870,,,,,,,,,,,,,,,,,,,
59086,variation,61335796,,D-sign Rug 1P0230 Beige - 120x170,1,0,visible,,D-sign Rug 1P0230 Beige 120x170,,,taxable,parent,1,5,,0,0,,170,120,0.6,0,,924,1655,,,,,,,61327209-H,,,,,,2,,,Size,120x170,,1,,,,,,,,,,,,,,,,,,,,,,,,,,,,,,,,,,,,,120x170,,,,,,,,,,,,,,,,,,,,,,,,137871,,,,,,,,,,,,,,,,,,,
59087,variation,61335830,,D-sign Rug 1P0230 Beige - 140x200,1,0,visible,,D-sign Rug 1P0230 Beige 140x200,,,taxable,parent,1,8,,0,0,,200,140,0.6,0,,1185,2125,,,,,,,61327209-H,,,,,,3,,,Size,140x200,,1,,,,,,,,,,,,,,,,,,,,,,,,,,,,,,,,,,,,,140x200,,,,,,,,,,,,,,,,,,,,,,,,137872,,,,,,,,,,,,,,,,,,,
59088,variation,61335831,,D-sign Rug 1P0230 Beige - 160x230,1,0,visible,,D-sign Rug 1P0230 Beige 160x230,,,taxable,parent,0,0,,0,0,,230,160,0.6,0,,1446,2595,,,,,,,61327209-H,,,,,,4,,,Size,160x230,,1,,,,,,,,,,,,,,,,,,,,,,,,,,,,,,,,,,,,,160x230,,,,,,,,,,,,,,,,,,,,,,,,137873,,,,,,,,,,,,,,,,,,,
59089,variation,61335833,,D-sign Rug 1P0230 Beige - 200x290,1,0,visible,,D-sign Rug 1P0230 Beige 200x290,,,taxable,parent,1,4,,0,0,,290,200,0.6,0,,2163,3885,,,,,,,61327209-H,,,,,,5,,,Size,200x290,,1,,,,,,,,,,,,,,,,,,,,,,,,,,,,,,,,,,,,,200x290,,,,,,,,,,,,,,,,,,,,,,,,137874,,,,,,,,,,,,,,,,,,,
59091,variation,61327210,,D-sign Rug 1P0231 Beige - 80x150,1,0,visible,,D-sign Rug 1P0231 Beige 80x150,,,taxable,parent,1,10,,0,0,,150,80,0.6,0,,666,1195,,,,,,,61327210-H,,,,,,1,,,Size,80x150,,1,,,,,,,,,,,,,,,,,,,,,,,,,,,,,,,,,,,,,80x150,,,,,,,,,,,,,,,,,,,,,,,,137875,,,,,,,,,,,,,,,,,,,
59092,variation,61335826,,D-sign Rug 1P0231 Beige - 120x170,1,0,visible,,D-sign Rug 1P0231 Beige 120x170,,,taxable,parent,1,4,,0,0,,170,120,0.6,0,,924,1655,,,,,,,61327210-H,,,,,,2,,,Size,120x170,,1,,,,,,,,,,,,,,,,,,,,,,,,,,,,,,,,,,,,,120x170,,,,,,,,,,,,,,,,,,,,,,,,137876,,,,,,,,,,,,,,,,,,,
59093,variation,61335834,,D-sign Rug 1P0231 Beige - 140x200,1,0,visible,,D-sign Rug 1P0231 Beige 140x200,,,taxable,parent,1,8,,0,0,,200,140,0.6,0,,1185,2125,,,,,,,61327210-H,,,,,,3,,,Size,140x200,,1,,,,,,,,,,,,,,,,,,,,,,,,,,,,,,,,,,,,,140x200,,,,,,,,,,,,,,,,,,,,,,,,137877,,,,,,,,,,,,,,,,,,,
59094,variation,61335829,,D-sign Rug 1P0231 Beige - 160x230,1,0,visible,,D-sign Rug 1P0231 Beige 160x230,,,taxable,parent,1,4,,0,0,,230,160,0.6,0,,1446,2595,,,,,,,61327210-H,,,,,,4,,,Size,160x230,,1,,,,,,,,,,,,,,,,,,,,,,,,,,,,,,,,,,,,,160x230,,,,,,,,,,,,,,,,,,,,,,,,137878,,,,,,,,,,,,,,,,,,,
59095,variation,61327214,,D-sign Rug 1P0231 Beige - 200x290,1,0,visible,,D-sign Rug 1P0231 Beige 200x290,,,taxable,parent,1,4,,0,0,,290,200,0.6,0,,2163,3885,,,,,,,61327210-H,,,,,,5,,,Size,200x290,,1,,,,,,,,,,,,,,,,,,,,,,,,,,,,,,,,,,,,,200x290,,,,,,,,,,,,,,,,,,,,,,,,137879,,,,,,,,,,,,,,,,,,,
59097,variation,61327213,,D-sign Rug 1P0232 Beige - 60x110,1,0,visible,,D-sign Rug 1P0232 Beige 60x110,,,taxable,parent,1,1,,0,0,,110,60,0.6,0,,471,845,,,,,,,61327213-H,,,,,,1,,,Size,60x110,,1,,,,,,,,,,,,,,,,,,,,,,,,,,,,,,,,,,,,,60x110,,,,,,,,,,,,,,,,,,,,,,,,137880,,,,,,,,,,,,,,,,,,,
59098,variation,61335832,,D-sign Rug 1P0232 Beige - 80x150,1,0,visible,,D-sign Rug 1P0232 Beige 80x150,,,taxable,parent,1,9,,0,0,,150,80,0.6,0,,666,1195,,,,,,,61327213-H,,,,,,2,,,Size,80x150,,1,,,,,,,,,,,,,,,,,,,,,,,,,,,,,,,,,,,,,80x150,,,,,,,,,,,,,,,,,,,,,,,,137881,,,,,,,,,,,,,,,,,,,
59099,variation,61335828,,D-sign Rug 1P0232 Beige - 120x170,1,0,visible,,D-sign Rug 1P0232 Beige 120x170,,,taxable,parent,1,9,,0,0,,170,120,0.6,0,,924,1655,,,,,,,61327213-H,,,,,,3,,,Size,120x170,,1,,,,,,,,,,,,,,,,,,,,,,,,,,,,,,,,,,,,,120x170,,,,,,,,,,,,,,,,,,,,,,,,137882,,,,,,,,,,,,,,,,,,,
59100,variation,61335825,,D-sign Rug 1P0232 Beige - 140x200,1,0,visible,,D-sign Rug 1P0232 Beige 140x200,,,taxable,parent,1,7,,0,0,,200,140,0.6,0,,1185,2125,,,,,,,61327213-H,,,,,,4,,,Size,140x200,,1,,,,,,,,,,,,,,,,,,,,,,,,,,,,,,,,,,,,,140x200,,,,,,,,,,,,,,,,,,,,,,,,137883,,,,,,,,,,,,,,,,,,,
59101,variation,61335844,,D-sign Rug 1P0232 Beige - 160x230,1,0,visible,,D-sign Rug 1P0232 Beige 160x230,,,taxable,parent,1,10,,0,0,,230,160,0.6,0,,1446,2595,,,,,,,61327213-H,,,,,,5,,,Size,160x230,,1,,,,,,,,,,,,,,,,,,,,,,,,,,,,,,,,,,,,,160x230,,,,,,,,,,,,,,,,,,,,,,,,137884,,,,,,,,,,,,,,,,,,,
59102,variable,61327219-H,,D-sign Rug 1P0235 Beige,1,0,visible,D-sign Rug 1P0235 Beige,D-sign Rug 1P0235 Beige,,,taxable,,1,,,0,0,,,,,1,,,,"Rooms > Bedroom, Rooms > Living room, Rugs, Rugs > Sisal, Rugs > Vintage",,,"https://rugshop.eu/wp-content/uploads/2021/11/carpet-color-47362965-sisal-vintage-beige.jpg, https://rugshop.eu/wp-content/uploads/2021/11/carpet-color-47362965-sisal-vintage-beige-1.jpg, https://rugshop.eu/wp-content/uploads/2021/11/carpet-color-47362965-sisal-vintage-beige-2.jpg, https://rugshop.eu/wp-content/uploads/2021/11/carpet-color-47362965-sisal-vintage-beige-3.jpg, https://rugshop.eu/wp-content/uploads/2021/11/carpet-color-47362965-sisal-vintage-beige-4.jpg",,,,,,,,,2542,,,Size,"120x170, 140x200, 160x230, 200x290, 60x110, 80x150",1,1,Brand,D-sign,1,1,Color,"Black-Grey, White-Beige",1,1,Type of color,Multicolor,1,1,Shape,Rectangular,1,1,Material,Polypropylene,1,1,Type of rug,"Sisal, Vintage / Colored Vintage",1,1,Weave,Machinemade,1,1,Age,New,1,1,,,,,,,,,,,,,,,,,,yes,yes,,,,,,,,,,,,,,,,,,,,,,,,,,,,,
59103,variable,61327222-H,,D-sign Rug 1P0236 Purple,1,0,visible,D-sign Rug 1P0236 Purple,D-sign Rug 1P0236 Purple,,,taxable,,1,,,0,0,,,,,1,,,,"Rooms > Bedroom, Rooms > Living room, Rugs, Rugs > Sisal",,,"https://rugshop.eu/wp-content/uploads/2021/11/carpet-color-47373260-sisal-lines-triangles-herringbone-purple-beige.jpg, https://rugshop.eu/wp-content/uploads/2021/11/carpet-color-47373260-sisal-lines-triangles-herringbone-purple-beige-1.jpg, https://rugshop.eu/wp-content/uploads/2021/11/carpet-color-47373260-sisal-lines-triangles-herringbone-purple-beige-2.jpg, https://rugshop.eu/wp-content/uploads/2021/11/carpet-color-47373260-sisal-lines-triangles-herringbone-purple-beige-3.jpg, https://rugshop.eu/wp-content/uploads/2021/11/carpet-color-47373260-sisal-lines-triangles-herringbone-purple-beige-4.jpg",,,,,,,,,2543,,,Size,"120x170, 140x200, 160x230, 200x290, 60x110, 80x150",1,1,Brand,D-sign,1,1,Color,Pink-Purple,1,1,Type of color,Multicolor,1,1,Shape,Rectangular,1,1,Material,Polypropylene,1,1,Type of rug,Sisal,1,1,Weave,Machinemade,1,1,Age,New,1,1,,,,,,,,,,,,,,,,,,yes,yes,,,,,,,,,,,,,,,,,,,,,,,,,,,,,
59104,variable,61327230-H,,D-sign Rug 1P0237 Grey,1,0,visible,D-sign Rug 1P0237 Grey,D-sign Rug 1P0237 Grey,,,taxable,,1,,,0,0,,,,,1,,,,"Rooms > Bedroom, Rooms > Living room, Rugs > Modern, Rugs",,,"https://rugshop.eu/wp-content/uploads/2021/11/modern-washing-carpet-latio-71351070-grey.jpg, https://rugshop.eu/wp-content/uploads/2021/11/modern-washing-carpet-latio-71351070-grey-1.jpg, https://rugshop.eu/wp-content/uploads/2021/11/modern-washing-carpet-latio-71351070-grey-2.jpg, https://rugshop.eu/wp-content/uploads/2021/11/modern-washing-carpet-latio-71351070-grey-3.jpg, https://rugshop.eu/wp-content/uploads/2021/11/modern-washing-carpet-latio-71351070-grey-4.jpg",,,,,,,,,2544,,,Size,"120x170, 140x200, 160x230, 200x290, 240x340, 60x115, 80x150",1,1,Brand,D-sign,1,1,Color,Black-Grey,1,1,Type of color,Singlecolor,1,1,Shape,Rectangular,1,1,Material,Polyester,1,1,Type of rug,Modern,1,1,Weave,Machinemade,1,1,Age,New,1,1,,,,,,,,,,,,,,,,,,yes,yes,,,,,,,,,classic-editor,,,,,,,,,,,,,,,,,,,,
59105,variation,61335846,,D-sign Rug 1P0232 Beige - 200x290,1,0,visible,,D-sign Rug 1P0232 Beige 200x290,,,taxable,parent,1,8,,0,0,,290,200,0.6,0,,2163,3885,,,,,,,61327213-H,,,,,,6,,,Size,200x290,,1,,,,,,,,,,,,,,,,,,,,,,,,,,,,,,,,,,,,,200x290,,,,,,,,,,,,,,,,,,,,,,,,137885,,,,,,,,,,,,,,,,,,,
59107,variation,61327212,,D-sign Rug 1P0233 Beige - 60x110,1,0,visible,,D-sign Rug 1P0233 Beige 60x110,,,taxable,parent,1,2,,0,0,,110,60,0.6,0,,471,845,,,,,,,61327212-H,,,,,,1,,,Size,60x110,,1,,,,,,,,,,,,,,,,,,,,,,,,,,,,,,,,,,,,,60x110,,,,,,,,,,,,,,,,,,,,,,,,137886,,,,,,,,,,,,,,,,,,,
59108,variation,61335840,,D-sign Rug 1P0233 Beige - 80x150,1,0,visible,,D-sign Rug 1P0233 Beige 80x150,,,taxable,parent,1,23,,0,0,,150,80,0.6,0,,666,1195,,,,,,,61327212-H,,,,,,2,,,Size,80x150,,1,,,,,,,,,,,,,,,,,,,,,,,,,,,,,,,,,,,,,80x150,,,,,,,,,,,,,,,,,,,,,,,,137887,,,,,,,,,,,,,,,,,,,
59109,variation,61335827,,D-sign Rug 1P0233 Beige - 120x170,1,0,visible,,D-sign Rug 1P0233 Beige 120x170,,,taxable,parent,1,1,,0,0,,170,120,0.6,0,,924,1655,,,,,,,61327212-H,,,,,,3,,,Size,120x170,,1,,,,,,,,,,,,,,,,,,,,,,,,,,,,,,,,,,,,,120x170,,,,,,,,,,,,,,,,,,,,,,,,137888,,,,,,,,,,,,,,,,,,,
59110,variation,61327215,,D-sign Rug 1P0233 Beige - 140x200,1,0,visible,,D-sign Rug 1P0233 Beige 140x200,,,taxable,parent,1,4,,0,0,,200,140,0.6,0,,1185,2125,,,,,,,61327212-H,,,,,,4,,,Size,140x200,,1,,,,,,,,,,,,,,,,,,,,,,,,,,,,,,,,,,,,,140x200,,,,,,,,,,,,,,,,,,,,,,,,137889,,,,,,,,,,,,,,,,,,,
59111,variation,61327217,,D-sign Rug 1P0233 Beige - 160x230,1,0,visible,,D-sign Rug 1P0233 Beige 160x230,,,taxable,parent,1,3,,0,0,,230,160,0.6,0,,1446,2595,,,,,,,61327212-H,,,,,,5,,,Size,160x230,,1,,,,,,,,,,,,,,,,,,,,,,,,,,,,,,,,,,,,,160x230,,,,,,,,,,,,,,,,,,,,,,,,137890,,,,,,,,,,,,,,,,,,,
59112,variation,61327218,,D-sign Rug 1P0233 Beige - 200x290,1,0,visible,,D-sign Rug 1P0233 Beige 200x290,,,taxable,parent,1,4,,0,0,,290,200,0.6,0,,2163,3885,,,,,,,61327212-H,,,,,,6,,,Size,200x290,,1,,,,,,,,,,,,,,,,,,,,,,,,,,,,,,,,,,,,,200x290,,,,,,,,,,,,,,,,,,,,,,,,137891,,,,,,,,,,,,,,,,,,,
59123,variable,61327235-H,,D-sign Rug 1P0239 Grey,1,0,visible,D-sign Rug 1P0239 Grey,D-sign Rug 1P0239 Grey,,,taxable,,1,,,0,0,,,,,1,,,,"Rooms > Bedroom, Rooms > Living room, Rugs > Modern, Rugs",,,"https://rugshop.eu/wp-content/uploads/2021/11/modern-washing-carpet-latio-71351060-silver.jpg, https://rugshop.eu/wp-content/uploads/2021/11/modern-washing-carpet-latio-71351060-silver-1.jpg, https://rugshop.eu/wp-content/uploads/2021/11/modern-washing-carpet-latio-71351060-silver-2.jpg, https://rugshop.eu/wp-content/uploads/2021/11/modern-washing-carpet-latio-71351060-silver-3.jpg, https://rugshop.eu/wp-content/uploads/2021/11/modern-washing-carpet-latio-71351060-silver-4.jpg",,,,,,,,,2546,,,Size,"120x170, 140x200, 160x230, 200x290, 240x340, 60x115, 80x150",1,1,Brand,D-sign,1,1,Color,Black-Grey,1,1,Type of color,Singlecolor,1,1,Shape,Rectangular,1,1,Material,Polyester,1,1,Type of rug,Modern,1,1,Weave,Machinemade,1,1,Age,New,1,1,,,,,,,,,,,,,,,,,,yes,yes,,,,,,,,,classic-editor,,,,,,,,,,,,,,,,,,,,
59124,variation,61327219,,D-sign Rug 1P0235 Beige - 60x110,1,0,visible,,D-sign Rug 1P0235 Beige 60x110,,,taxable,parent,1,3,,0,0,,110,60,0.6,0,,663,1185,,,,,,,61327219-H,,,,,,1,,,Size,60x110,,1,,,,,,,,,,,,,,,,,,,,,,,,,,,,,,,,,,,,,60x110,,,,,,,,,,,,,,,,,,,,,,,,137903,,,,,,,,,,,,,,,,,,,
59125,variation,61327221,,D-sign Rug 1P0235 Beige - 80x150,1,0,visible,,D-sign Rug 1P0235 Beige 80x150,,,taxable,parent,1,11,,0,0,,150,80,0.6,0,,663,1185,,,,,,,61327219-H,,,,,,2,,,Size,80x150,,1,,,,,,,,,,,,,,,,,,,,,,,,,,,,,,,,,,,,,80x150,,,,,,,,,,,,,,,,,,,,,,,,137898,,,,,,,,,,,,,,,,,,,
59126,variation,61327220,,D-sign Rug 1P0235 Beige - 120x170,1,0,visible,,D-sign Rug 1P0235 Beige 120x170,,,taxable,parent,0,0,,0,0,,170,120,0.6,0,,924,1655,,,,,,,61327219-H,,,,,,3,,,Size,120x170,,1,,,,,,,,,,,,,,,,,,,,,,,,,,,,,,,,,,,,,120x170,,,,,,,,,,,,,,,,,,,,,,,,137899,,,,,,,,,,,,,,,,,,,
59127,variation,61327225,,D-sign Rug 1P0235 Beige - 140x200,1,0,visible,,D-sign Rug 1P0235 Beige 140x200,,,taxable,parent,1,4,,0,0,,200,140,0.6,0,,1185,2125,,,,,,,61327219-H,,,,,,4,,,Size,140x200,,1,,,,,,,,,,,,,,,,,,,,,,,,,,,,,,,,,,,,,140x200,,,,,,,,,,,,,,,,,,,,,,,,137900,,,,,,,,,,,,,,,,,,,
59128,variation,61327224,,D-sign Rug 1P0235 Beige - 160x230,1,0,visible,,D-sign Rug 1P0235 Beige 160x230,,,taxable,parent,1,1,,0,0,,230,160,0.6,0,,1446,2595,,,,,,,61327219-H,,,,,,5,,,Size,160x230,,1,,,,,,,,,,,,,,,,,,,,,,,,,,,,,,,,,,,,,160x230,,,,,,,,,,,,,,,,,,,,,,,,137901,,,,,,,,,,,,,,,,,,,
59129,variation,61327223,,D-sign Rug 1P0235 Beige - 200x290,1,0,visible,,D-sign Rug 1P0235 Beige 200x290,,,taxable,parent,1,1,,0,0,,290,200,0.6,0,,2163,3885,,,,,,,61327219-H,,,,,,6,,,Size,200x290,,1,,,,,,,,,,,,,,,,,,,,,,,,,,,,,,,,,,,,,200x290,,,,,,,,,,,,,,,,,,,,,,,,137902,,,,,,,,,,,,,,,,,,,
59131,variation,61327222,,D-sign Rug 1P0236 Purple - 60x110,1,0,visible,,D-sign Rug 1P0236 Purple 60x110,,,taxable,parent,0,0,,0,0,,110,60,0.6,0,,471,845,,,,,,,61327222-H,,,,,,1,,,Size,60x110,,1,,,,,,,,,,,,,,,,,,,,,,,,,,,,,,,,,,,,,60x110,,,,,,,,,,,,,,,,,,,,,,,,137916,,,,,,,,,,,,,,,,,,,
59132,variation,61335853,,D-sign Rug 1P0236 Purple - 80x150,1,0,visible,,D-sign Rug 1P0236 Purple 80x150,,,taxable,parent,1,2,,0,0,,150,80,0.6,0,,666,1195,,,,,,,61327222-H,,,,,,2,,,Size,80x150,,1,,,,,,,,,,,,,,,,,,,,,,,,,,,,,,,,,,,,,80x150,,,,,,,,,,,,,,,,,,,,,,,,137917,,,,,,,,,,,,,,,,,,,
59133,variation,61335845,,D-sign Rug 1P0236 Purple - 120x170,1,0,visible,,D-sign Rug 1P0236 Purple 120x170,,,taxable,parent,0,0,,0,0,,170,120,0.6,0,,924,1655,,,,,,,61327222-H,,,,,,3,,,Size,120x170,,1,,,,,,,,,,,,,,,,,,,,,,,,,,,,,,,,,,,,,120x170,,,,,,,,,,,,,,,,,,,,,,,,137918,,,,,,,,,,,,,,,,,,,
59134,variation,61335856,,D-sign Rug 1P0236 Purple - 140x200,1,0,visible,,D-sign Rug 1P0236 Purple 140x200,,,taxable,parent,1,2,,0,0,,200,140,0.6,0,,1185,2125,,,,,,,61327222-H,,,,,,4,,,Size,140x200,,1,,,,,,,,,,,,,,,,,,,,,,,,,,,,,,,,,,,,,140x200,,,,,,,,,,,,,,,,,,,,,,,,137919,,,,,,,,,,,,,,,,,,,
59135,variation,61335842,,D-sign Rug 1P0236 Purple - 160x230,1,0,visible,,D-sign Rug 1P0236 Purple 160x230,,,taxable,parent,1,2,,0,0,,230,160,0.6,0,,1446,2595,,,,,,,61327222-H,,,,,,5,,,Size,160x230,,1,,,,,,,,,,,,,,,,,,,,,,,,,,,,,,,,,,,,,160x230,,,,,,,,,,,,,,,,,,,,,,,,137920,,,,,,,,,,,,,,,,,,,
59136,variation,61327228,,D-sign Rug 1P0236 Purple - 200x290,1,0,visible,,D-sign Rug 1P0236 Purple 200x290,,,taxable,parent,1,4,,0,0,,290,200,0.6,0,,2163,3885,,,,,,,61327222-H,,,,,,6,,,Size,200x290,,1,,,,,,,,,,,,,,,,,,,,,,,,,,,,,,,,,,,,,200x290,,,,,,,,,,,,,,,,,,,,,,,,137921,,,,,,,,,,,,,,,,,,,
59138,variation,61327230,,D-sign Rug 1P0237 Grey - 60x115,1,0,visible,,D-sign Rug 1P0237 Grey 60x115,,,taxable,parent,1,4,,0,0,,115,60,1.1,0,,663,1185,,,,,,,61327230-H,,,,,,1,,,Size,60x115,,1,,,,,,,,,,,,,,,,,,,,,,,,,,,,,,,,,,,,,60x115,,,,,,,,,,,,,,,,,,,,,,,,138029,,,,,,,,,,,,,,,,,,,
59139,variation,61335851,,D-sign Rug 1P0237 Grey - 80x150,1,0,visible,,D-sign Rug 1P0237 Grey 80x150,,,taxable,parent,1,11,,0,0,,150,80,1.1,0,,956,1715,,,,,,,61327230-H,,,,,,2,,,Size,80x150,,1,,,,,,,,,,,,,,,,,,,,,,,,,,,,,,,,,,,,,80x150,,,,,,,,,,,,,,,,,,,,,,,,138030,,,,,,,,,,,,,,,,,,,
59140,variation,61335859,,D-sign Rug 1P0237 Grey - 120x170,1,0,visible,,D-sign Rug 1P0237 Grey 120x170,,,taxable,parent,0,0,,0,0,,170,120,1.1,0,,1380,2475,,,,,,,61327230-H,,,,,,3,,,Size,120x170,,1,,,,,,,,,,,,,,,,,,,,,,,,,,,,,,,,,,,,,120x170,,,,,,,,,,,,,,,,,,,,,,,,138031,,,,,,,,,,,,,,,,,,,
59141,variation,61335850,,D-sign Rug 1P0237 Grey - 140x200,1,0,visible,,D-sign Rug 1P0237 Grey 140x200,,,taxable,parent,1,2,,0,0,,200,140,1.1,0,,1739,3125,,,,,,,61327230-H,,,,,,4,,,Size,140x200,,1,,,,,,,,,,,,,,,,,,,,,,,,,,,,,,,,,,,,,140x200,,,,,,,,,,,,,,,,,,,,,,,,138032,,,,,,,,,,,,,,,,,,,
59142,variation,61335852,,D-sign Rug 1P0237 Grey - 160x230,1,0,visible,,D-sign Rug 1P0237 Grey 160x230,,,taxable,parent,1,2,,0,0,,230,160,1.1,0,,2195,3945,,,,,,,61327230-H,,,,,,5,,,Size,160x230,,1,,,,,,,,,,,,,,,,,,,,,,,,,,,,,,,,,,,,,160x230,,,,,,,,,,,,,,,,,,,,,,,,138033,,,,,,,,,,,,,,,,,,,
59143,variation,61335855,,D-sign Rug 1P0237 Grey - 200x290,1,0,visible,,D-sign Rug 1P0237 Grey 200x290,,,taxable,parent,1,4,,0,0,,290,200,1.1,0,,3304,5945,,,,,,,61327230-H,,,,,,6,,,Size,200x290,,1,,,,,,,,,,,,,,,,,,,,,,,,,,,,,,,,,,,,,200x290,,,,,,,,,,,,,,,,,,,,,,,,138034,,,,,,,,,,,,,,,,,,,
59146,variable,61327243-H,,D-sign Rug 1P0040 Beige,1,0,visible,D-sign Rug 1P0040 Beige,D-sign Rug 1P0040 Beige,,,taxable,,1,,,0,0,,,,,1,,,,"Rooms > Bedroom, Rooms > Living room, Rugs, Rugs > Sisal",,,"https://rugshop.eu/wp-content/uploads/2021/10/carpet-sisal-boho-39136026-beige.jpg, https://rugshop.eu/wp-content/uploads/2021/10/carpet-sisal-boho-39136026-beige-1.jpg, https://rugshop.eu/wp-content/uploads/2021/10/carpet-sisal-boho-39136026-beige-2.jpg, https://rugshop.eu/wp-content/uploads/2021/10/carpet-sisal-boho-39136026-beige-3.jpg, https://rugshop.eu/wp-content/uploads/2021/11/carpet-sisal-boho-39136026-beige.jpg",,,,,,,,,2369,,,Size,"140x200, 160x230, 200x290, 80x150",1,1,Brand,D-sign,1,1,Color,White-Beige,1,1,Type of color,Multicolor,1,1,Shape,Rectangular,1,1,Material,Polyester,1,1,Type of rug,Sisal,1,1,Weave,Machinemade,1,1,Age,New,1,1,,,,,,,,,,,,,,,,,,yes,yes,,,,,,,,,,,,,,,,,,,,,,,,,,,,,
59149,variable,61327247-H,,D-sign Rug 1P0242 Beige,1,0,visible,D-sign Rug 1P0242 Beige,D-sign Rug 1P0242 Beige,,,taxable,,1,,,0,0,,,,,1,,,,"Rooms > Bedroom, Rooms > Living room, Rugs, Rugs > Sisal",,,"https://rugshop.eu/wp-content/uploads/2021/11/carpet-sisal-loft-21118-boho-ivorysilverblue.jpg, https://rugshop.eu/wp-content/uploads/2021/11/carpet-sisal-loft-21118-boho-ivorysilverblue-1.jpg, https://rugshop.eu/wp-content/uploads/2021/11/carpet-sisal-loft-21118-boho-ivorysilverblue-2.jpg, https://rugshop.eu/wp-content/uploads/2021/11/carpet-sisal-loft-21118-boho-ivorysilverblue-3.jpg, https://rugshop.eu/wp-content/uploads/2021/11/carpet-sisal-loft-21118-boho-ivorysilverblue-4.jpg",,,,,,,,,2549,,,Size,"120x170, 140x200, 160x230, 200x290, 60x110, 80x150",1,1,Brand,D-sign,1,1,Color,Blue,1,1,Type of color,Multicolor,1,1,Shape,Rectangular,1,1,Material,Polypropylene,1,1,Type of rug,Sisal,1,1,Weave,Machinemade,1,1,Age,New,1,1,,,,,,,,,,,,,,,,,,yes,yes,,,,,,,,,,,,,,,,,,,,,,,,,,,,,
59150,variation,61335849,,D-sign Rug 1P0237 Grey - 240x340,1,0,visible,,D-sign Rug 1P0237 Grey 240x340,,,taxable,parent,1,1,,0,0,,340,240,1.1,0,,4576,8235,,,,,,,61327230-H,,,,,,7,,,Size,240x340,,1,,,,,,,,,,,,,,,,,,,,,,,,,,,,,,,,,,,,,240x340,,,,,,,,,,,,,,,,,,,,,,,,138035,,,,,,,,,,,,,,,,,,,
59157,variation,61327235,,D-sign Rug 1P0239 Grey - 60x115,1,0,visible,,D-sign Rug 1P0239 Grey 60x115,,,taxable,parent,1,11,,0,0,,115,60,1.1,0,,663,1185,,,,,,,61327235-H,,,,,,1,,,Size,60x115,,1,,,,,,,,,,,,,,,,,,,,,,,,,,,,,,,,,,,,,60x115,,,,,,,,,,,,,,,,,,,,,,,,138040,,,,,,,,,,,,,,,,,,,
59158,variation,61335863,,D-sign Rug 1P0239 Grey - 80x150,1,0,visible,,D-sign Rug 1P0239 Grey 80x150,,,taxable,parent,1,9,,0,0,,150,80,1.1,0,,956,1715,,,,,,,61327235-H,,,,,,2,,,Size,80x150,,1,,,,,,,,,,,,,,,,,,,,,,,,,,,,,,,,,,,,,80x150,,,,,,,,,,,,,,,,,,,,,,,,138041,,,,,,,,,,,,,,,,,,,
59159,variation,61335862,,D-sign Rug 1P0239 Grey - 120x170,1,0,visible,,D-sign Rug 1P0239 Grey 120x170,,,taxable,parent,1,1,,0,0,,170,120,1.1,0,,1380,2475,,,,,,,61327235-H,,,,,,3,,,Size,120x170,,1,,,,,,,,,,,,,,,,,,,,,,,,,,,,,,,,,,,,,120x170,,,,,,,,,,,,,,,,,,,,,,,,138042,,,,,,,,,,,,,,,,,,,
59160,variation,61335867,,D-sign Rug 1P0239 Grey - 140x200,1,0,visible,,D-sign Rug 1P0239 Grey 140x200,,,taxable,parent,1,1,,0,0,,200,140,1.1,0,,1739,3125,,,,,,,61327235-H,,,,,,4,,,Size,140x200,,1,,,,,,,,,,,,,,,,,,,,,,,,,,,,,,,,,,,,,140x200,,,,,,,,,,,,,,,,,,,,,,,,138043,,,,,,,,,,,,,,,,,,,
59161,variation,61335854,,D-sign Rug 1P0239 Grey - 160x230,1,0,visible,,D-sign Rug 1P0239 Grey 160x230,,,taxable,parent,0,0,,0,0,,230,160,1.1,0,,2195,3945,,,,,,,61327235-H,,,,,,5,,,Size,160x230,,1,,,,,,,,,,,,,,,,,,,,,,,,,,,,,,,,,,,,,160x230,,,,,,,,,,,,,,,,,,,,,,,,138044,,,,,,,,,,,,,,,,,,,
59162,variation,61335868,,D-sign Rug 1P0239 Grey - 200x290,1,0,visible,,D-sign Rug 1P0239 Grey 200x290,,,taxable,parent,0,0,,0,0,,290,200,1.1,0,,3304,5945,,,,,,,61327235-H,,,,,,6,,,Size,200x290,,1,,,,,,,,,,,,,,,,,,,,,,,,,,,,,,,,,,,,,200x290,,,,,,,,,,,,,,,,,,,,,,,,138045,,,,,,,,,,,,,,,,,,,
59163,variation,61335866,,D-sign Rug 1P0239 Grey - 240x340,1,0,visible,,D-sign Rug 1P0239 Grey 240x340,,,taxable,parent,1,2,,0,0,,340,240,1.1,0,,4576,8235,,,,,,,61327235-H,,,,,,7,,,Size,240x340,,1,,,,,,,,,,,,,,,,,,,,,,,,,,,,,,,,,,,,,240x340,,,,,,,,,,,,,,,,,,,,,,,,138046,,,,,,,,,,,,,,,,,,,
59170,variable,61327246-H,,D-sign Rug 1P0251 Grey,1,0,visible,D-sign Rug 1P0251 Grey,D-sign Rug 1P0251 Grey,,,taxable,,1,,,0,0,,,,,1,,,,"Rooms > Bedroom, Rooms > Living room, Rugs, Rugs > Sisal",,,"https://rugshop.eu/wp-content/uploads/2021/11/carpet-sisal-flat-herringbone-chevron-48829637-grey.jpg, https://rugshop.eu/wp-content/uploads/2021/11/carpet-sisal-flat-herringbone-chevron-48829637-grey-1.jpg, https://rugshop.eu/wp-content/uploads/2021/11/carpet-sisal-flat-herringbone-chevron-48829637-grey-2.jpg, https://rugshop.eu/wp-content/uploads/2021/11/carpet-sisal-flat-herringbone-chevron-48829637-grey-3.jpg, https://rugshop.eu/wp-content/uploads/2021/11/carpet-sisal-flat-herringbone-chevron-48829637-grey-4.jpg",,,,,,,,,2550,,,Size,"120x170, 140x200, 160x230, 200x290, 80x150",1,1,Brand,D-sign,1,1,Color,"Black-Grey, White-Beige",1,1,Type of color,Multicolor,1,1,Shape,Rectangular,1,1,Material,Polypropylene,1,1,Type of rug,Sisal,1,1,Weave,Machinemade,1,1,Age,New,1,1,,,,,,,,,,,,,,,,,,yes,yes,,,,,,,,,,,,,,,,,,,,,,,,,,,,,
59171,variable,61327254-H,,D-sign Rug 1P0252 Green,1,0,hidden,D-sign Rug 1P0252 Green,D-sign Rug 1P0252 Green,,,taxable,,0,0,,0,0,,,,,0,,,,"Rooms > Bedroom, Rooms > Living room, Rugs > Modern, Rugs",,,"https://rugshop.eu/wp-content/uploads/2021/11/carpet-bunny-green-imitation-of-rabbit-fur.jpg, https://rugshop.eu/wp-content/uploads/2021/11/carpet-bunny-green-imitation-of-rabbit-fur-1.jpg, https://rugshop.eu/wp-content/uploads/2021/11/carpet-bunny-green-imitation-of-rabbit-fur-2.jpg, https://rugshop.eu/wp-content/uploads/2021/11/carpet-bunny-green-imitation-of-rabbit-fur-3.jpg, https://rugshop.eu/wp-content/uploads/2021/11/carpet-bunny-green-imitation-of-rabbit-fur-4.jpg",,,,,,,,,2551,,,Size,"120x170, 140x190, 160x220, 180x270, 200x290, 60x100, 80x150",1,1,Brand,D-sign,1,1,Color,Green,1,1,Type of color,Singlecolor,1,1,Shape,Rectangular,1,1,Material,Polyester,1,1,Type of rug,Modern,1,1,Weave,Machinemade,1,1,Age,New,1,1,,,,,,,,,default,default,default,default,,,90,1,1788352382,yes,yes,,,product,,,,,,classic-editor,,,,,,,,,,1172104205995813,,,,,,,,,,
59172,variation,61327243,,D-sign Rug 1P0040 Beige - 80x150,1,0,visible,,D-sign Rug 1P0040 Beige 80x150,,,taxable,parent,1,17,,0,0,,150,80,0.8,0,,699,1255,,,,,,,61327243-H,,,,,,1,,,Size,80x150,,1,,,,,,,,,,,,,,,,,,,,,,,,,,,,,,,,,,,,,80x150,,,,,,,,,,,,,,,,,,,,,,,,138075,,,,,,,,,,,,,,,,,,,
59173,variation,61335870,,D-sign Rug 1P0040 Beige - 140x200,1,0,visible,,D-sign Rug 1P0040 Beige 140x200,,,taxable,parent,1,19,,0,0,,200,140,0.8,0,,1253,2255,,,,,,,61327243-H,,,,,,2,,,Size,140x200,,1,,,,,,,,,,,,,,,,,,,,,,,,,,,,,,,,,,,,,140x200,,,,,,,,,,,,,,,,,,,,,,,,138072,,,,,,,,,,,,,,,,,,,
59174,variation,61335865,,D-sign Rug 1P0040 Beige - 160x230,1,0,visible,,D-sign Rug 1P0040 Beige 160x230,,,taxable,parent,1,17,,0,0,,230,160,0.8,0,,1547,2775,,,,,,,61327243-H,,,,,,3,,,Size,160x230,,1,,,,,,,,,,,,,,,,,,,,,,,,,,,,,,,,,,,,,160x230,,,,,,,,,,,,,,,,,,,,,,,,138073,,,,,,,,,,,,,,,,,,,
59175,variation,61335861,,D-sign Rug 1P0040 Beige - 200x290,1,0,visible,,D-sign Rug 1P0040 Beige 200x290,,,taxable,parent,1,1,,0,0,,290,200,0.8,0,,2280,4095,,,,,,,61327243-H,,,,,,4,,,Size,200x290,,1,,,,,,,,,,,,,,,,,,,,,,,,,,,,,,,,,,,,,200x290,,,,,,,,,,,,,,,,,,,,,,,,138074,,,,,,,,,,,,,,,,,,,
59182,variation,61327247,,D-sign Rug 1P0242 Beige - 60x110,1,0,visible,,D-sign Rug 1P0242 Beige 60x110,,,taxable,parent,0,0,,0,0,,110,60,1.1,0,,422,755,,,,,,,61327247-H,,,,,,1,,,Size,60x110,,1,,,,,,,,,,,,,,,,,,,,,,,,,,,,,,,,,,,,,60x110,,,,,,,,,,,,,,,,,,,,,,,,138181,,,,,,,,,,,,,,,,,,,
59183,variation,61335875,,D-sign Rug 1P0242 Beige - 80x150,1,0,visible,,D-sign Rug 1P0242 Beige 80x150,,,taxable,parent,1,1,,0,0,,150,80,1.1,0,,552,985,,,,,,,61327247-H,,,,,,2,,,Size,80x150,,1,,,,,,,,,,,,,,,,,,,,,,,,,,,,,,,,,,,,,80x150,,,,,,,,,,,,,,,,,,,,,,,,138182,,,,,,,,,,,,,,,,,,,
59184,variation,61335877,,D-sign Rug 1P0242 Beige - 120x170,1,0,visible,,D-sign Rug 1P0242 Beige 120x170,,,taxable,parent,0,0,,0,0,,170,120,1.1,0,,731,1315,,,,,,,61327247-H,,,,,,3,,,Size,120x170,,1,,,,,,,,,,,,,,,,,,,,,,,,,,,,,,,,,,,,,120x170,,,,,,,,,,,,,,,,,,,,,,,,138183,,,,,,,,,,,,,,,,,,,
59185,variation,61335874,,D-sign Rug 1P0242 Beige - 140x200,1,0,visible,,D-sign Rug 1P0242 Beige 140x200,,,taxable,parent,0,0,,0,0,,200,140,1.1,0,,911,1635,,,,,,,61327247-H,,,,,,4,,,Size,140x200,,1,,,,,,,,,,,,,,,,,,,,,,,,,,,,,,,,,,,,,140x200,,,,,,,,,,,,,,,,,,,,,,,,138184,,,,,,,,,,,,,,,,,,,
59186,variation,61335876,,D-sign Rug 1P0242 Beige - 160x230,1,0,visible,,D-sign Rug 1P0242 Beige 160x230,,,taxable,parent,0,0,,0,0,,230,160,1.1,0,,1123,2015,,,,,,,61327247-H,,,,,,5,,,Size,160x230,,1,,,,,,,,,,,,,,,,,,,,,,,,,,,,,,,,,,,,,160x230,,,,,,,,,,,,,,,,,,,,,,,,138185,,,,,,,,,,,,,,,,,,,
59187,variation,61335872,,D-sign Rug 1P0242 Beige - 200x290,1,0,visible,,D-sign Rug 1P0242 Beige 200x290,,,taxable,parent,1,1,,0,0,,290,200,1.1,0,,1612,2895,,,,,,,61327247-H,,,,,,6,,,Size,200x290,,1,,,,,,,,,,,,,,,,,,,,,,,,,,,,,,,,,,,,,200x290,,,,,,,,,,,,,,,,,,,,,,,,138186,,,,,,,,,,,,,,,,,,,
59194,variation,61327246,,D-sign Rug 1P0251 Grey - 80x150,1,0,visible,,D-sign Rug 1P0251 Grey 80x150,,,taxable,parent,1,16,,0,0,,150,80,0.6,0,,598,1075,,,,,,,61327246-H,,,,,,1,,,Size,80x150,,1,,,,,,,,,,,,,,,,,,,,,,,,,,,,,,,,,,,,,80x150,,,,,,,,,,,,,,,,,,,,,,,,138277,,,,,,,,,,,,,,,,,,,
59195,variation,61335879,,D-sign Rug 1P0251 Grey - 120x170,1,0,visible,,D-sign Rug 1P0251 Grey 120x170,,,taxable,parent,1,15,,0,0,,170,120,0.6,0,,793,1425,,,,,,,61327246-H,,,,,,2,,,Size,120x170,,1,,,,,,,,,,,,,,,,,,,,,,,,,,,,,,,,,,,,,120x170,,,,,,,,,,,,,,,,,,,,,,,,138278,,,,,,,,,,,,,,,,,,,
59196,variation,61335873,,D-sign Rug 1P0251 Grey - 140x200,1,0,visible,,D-sign Rug 1P0251 Grey 140x200,,,taxable,parent,1,5,,0,0,,200,140,0.6,0,,1022,1835,,,,,,,61327246-H,,,,,,3,,,Size,140x200,,1,,,,,,,,,,,,,,,,,,,,,,,,,,,,,,,,,,,,,140x200,,,,,,,,,,,,,,,,,,,,,,,,138279,,,,,,,,,,,,,,,,,,,
59197,variation,61327253,,D-sign Rug 1P0251 Grey - 160x230,1,0,visible,,D-sign Rug 1P0251 Grey 160x230,,,taxable,parent,1,15,,0,0,,230,160,0.6,0,,1250,2245,,,,,,,61327246-H,,,,,,4,,,Size,160x230,,1,,,,,,,,,,,,,,,,,,,,,,,,,,,,,,,,,,,,,160x230,,,,,,,,,,,,,,,,,,,,,,,,138280,,,,,,,,,,,,,,,,,,,
59198,variation,61327252,,D-sign Rug 1P0251 Grey - 200x290,1,0,visible,,D-sign Rug 1P0251 Grey 200x290,,,taxable,parent,1,9,,0,0,,290,200,0.6,0,,1837,3305,,,,,,,61327246-H,,,,,,5,,,Size,200x290,,1,,,,,,,,,,,,,,,,,,,,,,,,,,,,,,,,,,,,,200x290,,,,,,,,,,,,,,,,,,,,,,,,138281,,,,,,,,,,,,,,,,,,,
59200,variation,61327254,,D-sign Rug 1P0252 Green - 60x100,1,0,hidden,,D-sign Rug 1P0252 Green 60x100,,,taxable,parent,0,0,,0,0,,100,60,3,0,,598,1075,,,,,,,61327254-H,,,,,,1,,,Size,60x100,,1,,,,,,,,,,,,,,,,,,,,,,,,,,,,,,,,,,,,,60x100,,,,,,,,,,,,,yes,yes,,,product,,,,,,,138296,,,,,,,,,,,upload,,,,,,,,
59201,variation,61335878,,D-sign Rug 1P0252 Green - 80x150,1,0,hidden,,D-sign Rug 1P0252 Green 80x150,,,taxable,parent,0,0,,0,0,,150,80,3,0,,924,1655,,,,,,,61327254-H,,,,,,2,,,Size,80x150,,1,,,,,,,,,,,,,,,,,,,,,,,,,,,,,,,,,,,,,80x150,,,,,,,,,,,,1788352727,yes,yes,,,product,,,,,,,138297,,,,,,,,,,,upload,,,,,,,,
59202,variation,61335884,,D-sign Rug 1P0252 Green - 120x170,1,0,hidden,,D-sign Rug 1P0252 Green 120x170,,,taxable,parent,0,0,,0,0,,170,120,3,0,,1315,2365,,,,,,,61327254-H,,,,,,3,,,Size,120x170,,1,,,,,,,,,,,,,,,,,,,,,,,,,,,,,,,,,,,,,120x170,,,,,,,,,,,,,yes,yes,,,product,,,,,,,138298,,,,,,,,,,,upload,,,,,,,,
59203,variation,61335881,,D-sign Rug 1P0252 Green - 140x190,1,0,hidden,,D-sign Rug 1P0252 Green 140x190,,,taxable,parent,0,0,,0,0,,190,140,3,0,,1739,3125,,,,,,,61327254-H,,,,,,4,,,Size,140x190,,1,,,,,,,,,,,,,,,,,,,,,,,,,,,,,,,,,,,,,140x190,,,,,,,,,,,,1788352663,yes,yes,,,product,,,,,,,138299,,,,,,,,,,,upload,,,,,,,,
59204,variation,61335882,,D-sign Rug 1P0252 Green - 160x220,1,0,hidden,,D-sign Rug 1P0252 Green 160x220,,,taxable,parent,0,0,,0,0,,220,160,3,0,,2293,4125,,,,,,,61327254-H,,,,,,5,,,Size,160x220,,1,,,,,,,,,,,,,,,,,,,,,,,,,,,,,,,,,,,,,160x220,,,,,,,,,,,,1788352595,yes,yes,,,product,,,,,,,138300,,,,,,,,,,,upload,,,,,,,,
59205,variation,61335880,,D-sign Rug 1P0252 Green - 180x270,1,0,hidden,,D-sign Rug 1P0252 Green 180x270,,,taxable,parent,0,0,,0,0,,270,180,3,0,,2945,5295,,,,,,,61327254-H,,,,,,6,,,Size,180x270,,1,,,,,,,,,,,,,,,,,,,,,,,,,,,,,,,,,,,,,180x270,,,,,,,,,,,,,yes,yes,,,product,,,,,,,138301,,,,,,,,,,,upload,,,,,,,,
59206,variation,61335883,,D-sign Rug 1P0252 Green - 200x290,1,0,hidden,,D-sign Rug 1P0252 Green 200x290,,,taxable,parent,0,0,,0,0,,290,200,3,0,,3532,6355,,,,,,,61327254-H,,,,,,7,,,Size,200x290,,1,,,,,,,,,,,,,,,,,,,,,,,,,,,,,,,,,,,,,200x290,,,,,,,,,,,,1788352507,yes,yes,,,product,,,,,,,138302,,,,,,,,,,,upload,,,,,,,,
59214,variable,61331718-H,,D-sign Rug 1P0289 Black,1,0,visible,D-sign Rug 1P0289 Black,D-sign Rug 1P0289 Black,,,taxable,,1,,,0,0,,,,,1,,,,"Rooms > Bedroom, Rooms > Living room, Rugs > Modern, Rugs",,,"https://rugshop.eu/wp-content/uploads/2021/11/modern-gloss-circle-carpet-6776-85-stylish-frame-greek-black-ivory.jpg, https://rugshop.eu/wp-content/uploads/2021/11/modern-gloss-circle-carpet-6776-85-stylish-frame-greek-black-ivory.jpg",,,,,,,,,2556,,,Size,"120, 150, 200",1,1,Brand,D-sign,1,1,Color,Black-Grey,1,1,Type of color,Multicolor,1,1,Shape,Round,1,1,Material,Polyester,1,1,Type of rug,Modern,1,1,Weave,Machinemade,1,1,Age,New,1,1,,,,,,,,,,,,,,,,,,yes,yes,,,,,,,,,classic-editor,,,,,,,,,,,,,,,,,,,,
59217,variable,61331732-H,,D-sign Rug 1P0293 Black,1,0,visible,D-sign Rug 1P0293 Black,D-sign Rug 1P0293 Black,,,taxable,,1,,,0,0,,,,,1,,,,"Rooms > Bedroom, Rooms > Entrance & Corridor, Rugs > Modern, Rugs",,,"https://rugshop.eu/wp-content/uploads/2021/11/modern-gloss-carpet-runner-2813-87-stylish-frame-greek-black-grey.jpg, https://rugshop.eu/wp-content/uploads/2021/11/modern-gloss-carpet-runner-2813-87-stylish-frame-greek-black-grey-1.jpg, https://rugshop.eu/wp-content/uploads/2021/11/modern-gloss-carpet-runner-2813-87-stylish-frame-greek-black-grey-2.jpg, https://rugshop.eu/wp-content/uploads/2021/11/modern-gloss-carpet-runner-2813-87-stylish-frame-greek-black-grey-3.jpg, https://rugshop.eu/wp-content/uploads/2021/11/modern-gloss-carpet-runner-2813-87-stylish-frame-greek-black-grey-4.jpg",,,,,,,,,2559,,,Size,"60x200, 60x250, 60x300, 70x200, 70x250, 70x300, 80x200, 80x250, 80x300",1,1,Brand,D-sign,1,1,Color,Black-Grey,1,1,Type of color,Multicolor,1,1,Shape,"Rectangular, Runner",1,1,Material,Polyester,1,1,Type of rug,Modern,1,1,Weave,Machinemade,1,1,Age,New,1,1,,,,,,,,,,,,,,,,,,yes,yes,,,,,,,,,classic-editor,,,,,,,,,,,,,,,,,,,,
59230,variable,61331775-H,,D-sign Rug 1P0294 Black,1,0,visible,D-sign Rug 1P0294 Black,D-sign Rug 1P0294 Black,,,taxable,,1,,,0,0,,,,,1,,,,"Rooms > Bedroom, Rooms > Entrance & Corridor, Rugs > Modern, Rugs",,,"https://rugshop.eu/wp-content/uploads/2021/11/modern-gloss-carpet-runner-400b-86-stylish-glamour-art-deco-3d-geometric-black-gold.jpg, https://rugshop.eu/wp-content/uploads/2021/11/modern-gloss-carpet-runner-400b-86-stylish-glamour-art-deco-3d-geometric-black-gold-1.jpg, https://rugshop.eu/wp-content/uploads/2021/11/modern-gloss-carpet-runner-400b-86-stylish-glamour-art-deco-3d-geometric-black-gold-2.jpg, https://rugshop.eu/wp-content/uploads/2021/11/modern-gloss-carpet-runner-400b-86-stylish-glamour-art-deco-3d-geometric-black-gold-3.jpg, https://rugshop.eu/wp-content/uploads/2021/11/modern-gloss-carpet-runner-400b-86-stylish-glamour-art-deco-3d-geometric-black-gold-4.jpg",,,,,,,,,2560,,,Size,"60x200, 60x250, 60x300, 70x200, 70x250, 70x300, 80x200, 80x250, 80x300",1,1,Brand,D-sign,1,1,Color,Black-Grey,1,1,Type of color,Multicolor,1,1,Shape,"Rectangular, Runner",1,1,Material,Polyester,1,1,Type of rug,Modern,1,1,Weave,Machinemade,1,1,Age,New,1,1,,,,,,,,,,,,,,,,,,yes,yes,,,,,,,,,classic-editor,,,,,,,,,,,,,,,,,,,,
59231,variation,61331718,,D-sign Rug 1P0289 Black - 120,1,0,visible,,D-sign Rug 1P0289 Black 120,,,taxable,parent,0,0,,0,0,,120,120,1.2,0,,992,1785,,,,,,,61331718-H,,,,,,1,,,Size,120,,1,,,,,,,,,,,,,,,,,,,,,,,,,,,,,,,,,,,,,120,,,,,,,,,,,,,,,,,,,,,,,,144474,,,,,,,,,,,,,,,,,,,
59232,variation,61336139,,D-sign Rug 1P0289 Black - 150,1,0,visible,,D-sign Rug 1P0289 Black 150,,,taxable,parent,0,0,,0,0,,150,150,1.2,0,,1384,2485,,,,,,,61331718-H,,,,,,2,,,Size,150,,1,,,,,,,,,,,,,,,,,,,,,,,,,,,,,,,,,,,,,150,,,,,,,,,,,,,,,,,,,,,,,,144475,,,,,,,,,,,,,,,,,,,
59233,variation,61336137,,D-sign Rug 1P0289 Black - 200,1,0,visible,,D-sign Rug 1P0289 Black 200,,,taxable,parent,1,4,,0,0,,200,200,1.2,0,,2264,4075,,,,,,,61331718-H,,,,,,3,,,Size,200,,1,,,,,,,,,,,,,,,,,,,,,,,,,,,,,,,,,,,,,200,,,,,,,,,,,,,,,,,,,,,,,,144476,,,,,,,,,,,,,,,,,,,
59249,variable,61331794-H,,D-sign Rug 1P0295 Black,1,0,visible,D-sign Rug 1P0295 Black,D-sign Rug 1P0295 Black,,,taxable,,1,,,0,0,,,,,1,,,,"Rooms > Bedroom, Rooms > Entrance & Corridor, Rugs > Modern, Rugs",,,"https://rugshop.eu/wp-content/uploads/2021/11/modern-gloss-carpet-runner-409c-86-cube-stylish-glamour-art-deco-black-gold.jpg, https://rugshop.eu/wp-content/uploads/2021/11/modern-gloss-carpet-runner-409c-86-cube-stylish-glamour-art-deco-black-gold-1.jpg, https://rugshop.eu/wp-content/uploads/2021/11/modern-gloss-carpet-runner-409c-86-cube-stylish-glamour-art-deco-black-gold-2.jpg, https://rugshop.eu/wp-content/uploads/2021/11/modern-gloss-carpet-runner-409c-86-cube-stylish-glamour-art-deco-black-gold-3.jpg, https://rugshop.eu/wp-content/uploads/2021/11/modern-gloss-carpet-runner-409c-86-cube-stylish-glamour-art-deco-black-gold-4.jpg",,,,,,,,,2561,,,Size,"60x200, 60x250, 60x300, 70x200, 70x250, 70x300, 80x200, 80x250, 80x300",1,1,Brand,D-sign,1,1,Color,Black-Grey,1,1,Type of color,Multicolor,1,1,Shape,"Rectangular, Runner",1,1,Material,Polyester,1,1,Type of rug,Modern,1,1,Weave,Machinemade,1,1,Age,New,1,1,,,,,,,,,,,,,,,,,,yes,yes,,,,,,,,,classic-editor,,,,,,,,,,,,,,,,,,,,
59250,variable,61331811-H,,D-sign Rug 1P0296 Black,1,0,visible,D-sign Rug 1P0296 Black,D-sign Rug 1P0296 Black,,,taxable,,1,,,0,0,,,,,1,,,,"Rooms > Bedroom, Rooms > Entrance & Corridor, Rugs > Modern, Rugs",,,"https://rugshop.eu/wp-content/uploads/2021/11/modern-gloss-carpet-runner-408c-86-frame-stylish-glamour-art-deco-black-gold.jpg, https://rugshop.eu/wp-content/uploads/2021/11/modern-gloss-carpet-runner-408c-86-frame-stylish-glamour-art-deco-black-gold-1.jpg, https://rugshop.eu/wp-content/uploads/2021/11/modern-gloss-carpet-runner-408c-86-frame-stylish-glamour-art-deco-black-gold-2.jpg, https://rugshop.eu/wp-content/uploads/2021/11/modern-gloss-carpet-runner-408c-86-frame-stylish-glamour-art-deco-black-gold-3.jpg, https://rugshop.eu/wp-content/uploads/2021/11/modern-gloss-carpet-runner-408c-86-frame-stylish-glamour-art-deco-black-gold-4.jpg",,,,,,,,,2562,,,Size,"60x200, 60x250, 60x300, 70x200, 70x250, 70x300, 80x200, 80x250, 80x300",1,1,Brand,D-sign,1,1,Color,Black-Grey,1,1,Type of color,Multicolor,1,1,Shape,"Rectangular, Runner",1,1,Material,Polyester,1,1,Type of rug,Modern,1,1,Weave,Machinemade,1,1,Age,New,1,1,,,,,,,,,,,,,,,,,,yes,yes,,,,,,,,,classic-editor,,,,,,,,,,,,,,,,,,,,
59251,variation,61331732,,D-sign Rug 1P0293 Black - 60x200,1,0,visible,,D-sign Rug 1P0293 Black 60x200,,,taxable,parent,0,0,,0,0,,200,60,1.2,0,,862,1545,,,,,,,61331732-H,,,,,,1,,,Size,60x200,,1,,,,,,,,,,,,,,,,,,,,,,,,,,,,,,,,,,,,,60x200,,,,,,,,,,,,,,,,,,,,,,,,144721,,,,,,,,,,,,,,,,,,,
59252,variation,61336141,,D-sign Rug 1P0293 Black - 60x250,1,0,visible,,D-sign Rug 1P0293 Black 60x250,,,taxable,parent,0,0,,0,0,,250,60,1.2,0,,1025,1835,,,,,,,61331732-H,,,,,,2,,,Size,60x250,,1,,,,,,,,,,,,,,,,,,,,,,,,,,,,,,,,,,,,,60x250,,,,,,,,,,,,,,,,,,,,,,,,144722,,,,,,,,,,,,,,,,,,,
59253,variation,61331776,,D-sign Rug 1P0293 Black - 60x300,1,0,visible,,D-sign Rug 1P0293 Black 60x300,,,taxable,parent,1,10,,0,0,,300,60,1.2,0,,1155,2075,,,,,,,61331732-H,,,,,,3,,,Size,60x300,,1,,,,,,,,,,,,,,,,,,,,,,,,,,,,,,,,,,,,,60x300,,,,,,,,,,,,,,,,,,,,,,,,144723,,,,,,,,,,,,,,,,,,,
59254,variation,61331771,,D-sign Rug 1P0293 Black - 70x200,1,0,visible,,D-sign Rug 1P0293 Black 70x200,,,taxable,parent,0,0,,0,0,,200,70,1.2,0,,960,1725,,,,,,,61331732-H,,,,,,4,,,Size,70x200,,1,,,,,,,,,,,,,,,,,,,,,,,,,,,,,,,,,,,,,70x200,,,,,,,,,,,,,,,,,,,,,,,,144724,,,,,,,,,,,,,,,,,,,
59255,variation,61331772,,D-sign Rug 1P0293 Black - 70x250,1,0,visible,,D-sign Rug 1P0293 Black 70x250,,,taxable,parent,1,10,,0,0,,250,70,1.2,0,,1123,2015,,,,,,,61331732-H,,,,,,5,,,Size,70x250,,1,,,,,,,,,,,,,,,,,,,,,,,,,,,,,,,,,,,,,70x250,,,,,,,,,,,,,,,,,,,,,,,,144725,,,,,,,,,,,,,,,,,,,
59256,variation,61331770,,D-sign Rug 1P0293 Black - 70x300,1,0,visible,,D-sign Rug 1P0293 Black 70x300,,,taxable,parent,1,9,,0,0,,300,70,1.2,0,,1318,2365,,,,,,,61331732-H,,,,,,6,,,Size,70x300,,1,,,,,,,,,,,,,,,,,,,,,,,,,,,,,,,,,,,,,70x300,,,,,,,,,,,,,,,,,,,,,,,,144726,,,,,,,,,,,,,,,,,,,
59257,variation,61331774,,D-sign Rug 1P0293 Black - 80x200,1,0,visible,,D-sign Rug 1P0293 Black 80x200,,,taxable,parent,0,0,,0,0,,200,80,1.2,0,,1058,1895,,,,,,,61331732-H,,,,,,7,,,Size,80x200,,1,,,,,,,,,,,,,,,,,,,,,,,,,,,,,,,,,,,,,80x200,,,,,,,,,,,,,,,,,,,,,,,,144727,,,,,,,,,,,,,,,,,,,
59258,variation,61331778,,D-sign Rug 1P0293 Black - 80x250,1,0,visible,,D-sign Rug 1P0293 Black 80x250,,,taxable,parent,0,0,,0,0,,250,80,1.2,0,,1253,2255,,,,,,,61331732-H,,,,,,8,,,Size,80x250,,1,,,,,,,,,,,,,,,,,,,,,,,,,,,,,,,,,,,,,80x250,,,,,,,,,,,,,,,,,,,,,,,,144728,,,,,,,,,,,,,,,,,,,
59259,variation,61331773,,D-sign Rug 1P0293 Black - 80x300,1,0,visible,,D-sign Rug 1P0293 Black 80x300,,,taxable,parent,0,0,,0,0,,300,80,1.2,0,,1449,2605,,,,,,,61331732-H,,,,,,9,,,Size,80x300,,1,,,,,,,,,,,,,,,,,,,,,,,,,,,,,,,,,,,,,80x300,,,,,,,,,,,,,,,,,,,,,,,,144729,,,,,,,,,,,,,,,,,,,
59261,variation,61331775,,D-sign Rug 1P0294 Black - 60x200,1,0,visible,,D-sign Rug 1P0294 Black 60x200,,,taxable,parent,0,0,,0,0,,200,60,1.2,0,,862,1545,,,,,,,61331775-H,,,,,,1,,,Size,60x200,,1,,,,,,,,,,,,,,,,,,,,,,,,,,,,,,,,,,,,,60x200,,,,,,,,,,,,,,,,,,,,,,,,144730,,,,,,,,,,,,,,,,,,,
59262,variation,61336146,,D-sign Rug 1P0294 Black - 60x250,1,0,visible,,D-sign Rug 1P0294 Black 60x250,,,taxable,parent,1,8,,0,0,,250,60,1.2,0,,1025,1835,,,,,,,61331775-H,,,,,,2,,,Size,60x250,,1,,,,,,,,,,,,,,,,,,,,,,,,,,,,,,,,,,,,,60x250,,,,,,,,,,,,,,,,,,,,,,,,144731,,,,,,,,,,,,,,,,,,,
59263,variation,61336145,,D-sign Rug 1P0294 Black - 60x300,1,0,visible,,D-sign Rug 1P0294 Black 60x300,,,taxable,parent,1,9,,0,0,,300,60,1.2,0,,1155,2075,,,,,,,61331775-H,,,,,,3,,,Size,60x300,,1,,,,,,,,,,,,,,,,,,,,,,,,,,,,,,,,,,,,,60x300,,,,,,,,,,,,,,,,,,,,,,,,144732,,,,,,,,,,,,,,,,,,,
59264,variation,61331795,,D-sign Rug 1P0294 Black - 70x200,1,0,visible,,D-sign Rug 1P0294 Black 70x200,,,taxable,parent,0,0,,0,0,,200,70,1.2,0,,960,1725,,,,,,,61331775-H,,,,,,4,,,Size,70x200,,1,,,,,,,,,,,,,,,,,,,,,,,,,,,,,,,,,,,,,70x200,,,,,,,,,,,,,,,,,,,,,,,,144733,,,,,,,,,,,,,,,,,,,
59265,variation,61331793,,D-sign Rug 1P0294 Black - 70x250,1,0,visible,,D-sign Rug 1P0294 Black 70x250,,,taxable,parent,1,14,,0,0,,250,70,1.2,0,,1123,2015,,,,,,,61331775-H,,,,,,5,,,Size,70x250,,1,,,,,,,,,,,,,,,,,,,,,,,,,,,,,,,,,,,,,70x250,,,,,,,,,,,,,,,,,,,,,,,,144734,,,,,,,,,,,,,,,,,,,
59266,variation,61331790,,D-sign Rug 1P0294 Black - 70x300,1,0,visible,,D-sign Rug 1P0294 Black 70x300,,,taxable,parent,1,4,,0,0,,300,70,1.2,0,,1318,2365,,,,,,,61331775-H,,,,,,6,,,Size,70x300,,1,,,,,,,,,,,,,,,,,,,,,,,,,,,,,,,,,,,,,70x300,,,,,,,,,,,,,,,,,,,,,,,,144735,,,,,,,,,,,,,,,,,,,
59267,variation,61331791,,D-sign Rug 1P0294 Black - 80x200,1,0,visible,,D-sign Rug 1P0294 Black 80x200,,,taxable,parent,0,0,,0,0,,200,80,1.2,0,,1058,1895,,,,,,,61331775-H,,,,,,7,,,Size,80x200,,1,,,,,,,,,,,,,,,,,,,,,,,,,,,,,,,,,,,,,80x200,,,,,,,,,,,,,,,,,,,,,,,,144736,,,,,,,,,,,,,,,,,,,
59268,variation,61331796,,D-sign Rug 1P0294 Black - 80x250,1,0,visible,,D-sign Rug 1P0294 Black 80x250,,,taxable,parent,1,3,,0,0,,250,80,1.2,0,,1253,2255,,,,,,,61331775-H,,,,,,8,,,Size,80x250,,1,,,,,,,,,,,,,,,,,,,,,,,,,,,,,,,,,,,,,80x250,,,,,,,,,,,,,,,,,,,,,,,,144737,,,,,,,,,,,,,,,,,,,
59269,variation,61331792,,D-sign Rug 1P0294 Black - 80x300,1,0,visible,,D-sign Rug 1P0294 Black 80x300,,,taxable,parent,1,2,,0,0,,300,80,1.2,0,,1449,2605,,,,,,,61331775-H,,,,,,9,,,Size,80x300,,1,,,,,,,,,,,,,,,,,,,,,,,,,,,,,,,,,,,,,80x300,,,,,,,,,,,,,,,,,,,,,,,,144738,,,,,,,,,,,,,,,,,,,
59271,variation,61331794,,D-sign Rug 1P0295 Black - 60x200,1,0,visible,,D-sign Rug 1P0295 Black 60x200,,,taxable,parent,1,8,,0,0,,200,60,1.2,0,,862,1545,,,,,,,61331794-H,,,,,,1,,,Size,60x200,,1,,,,,,,,,,,,,,,,,,,,,,,,,,,,,,,,,,,,,60x200,,,,,,,,,,,,,,,,,,,,,,,,144739,,,,,,,,,,,,,,,,,,,
59272,variation,61336140,,D-sign Rug 1P0295 Black - 60x250,1,0,visible,,D-sign Rug 1P0295 Black 60x250,,,taxable,parent,1,6,,0,0,,250,60,1.2,0,,1025,1835,,,,,,,61331794-H,,,,,,2,,,Size,60x250,,1,,,,,,,,,,,,,,,,,,,,,,,,,,,,,,,,,,,,,60x250,,,,,,,,,,,,,,,,,,,,,,,,144740,,,,,,,,,,,,,,,,,,,
59273,variation,61336143,,D-sign Rug 1P0295 Black - 60x300,1,0,visible,,D-sign Rug 1P0295 Black 60x300,,,taxable,parent,1,10,,0,0,,300,60,1.2,0,,1155,2075,,,,,,,61331794-H,,,,,,3,,,Size,60x300,,1,,,,,,,,,,,,,,,,,,,,,,,,,,,,,,,,,,,,,60x300,,,,,,,,,,,,,,,,,,,,,,,,144741,,,,,,,,,,,,,,,,,,,
59274,variation,61336148,,D-sign Rug 1P0295 Black - 70x200,1,0,visible,,D-sign Rug 1P0295 Black 70x200,,,taxable,parent,1,8,,0,0,,200,70,1.2,0,,960,1725,,,,,,,61331794-H,,,,,,4,,,Size,70x200,,1,,,,,,,,,,,,,,,,,,,,,,,,,,,,,,,,,,,,,70x200,,,,,,,,,,,,,,,,,,,,,,,,144742,,,,,,,,,,,,,,,,,,,
59275,variation,61331807,,D-sign Rug 1P0295 Black - 70x250,1,0,visible,,D-sign Rug 1P0295 Black 70x250,,,taxable,parent,0,0,,0,0,,250,70,1.2,0,,1123,2015,,,,,,,61331794-H,,,,,,5,,,Size,70x250,,1,,,,,,,,,,,,,,,,,,,,,,,,,,,,,,,,,,,,,70x250,,,,,,,,,,,,,,,,,,,,,,,,144743,,,,,,,,,,,,,,,,,,,
59276,variable,61331813-H,,D-sign Rug 1P0297 Black,1,0,visible,D-sign Rug 1P0297 Black,D-sign Rug 1P0297 Black,,,taxable,,1,,,0,0,,,,,1,,,,"Rooms > Bedroom, Rooms > Entrance & Corridor, Rugs > Modern, Rugs",,,"https://rugshop.eu/wp-content/uploads/2021/11/modern-gloss-carpet-runner-409a-82-cube-stylish-glamour-art-deco-black-grey-gold.jpg, https://rugshop.eu/wp-content/uploads/2021/11/modern-gloss-carpet-runner-409a-82-cube-stylish-glamour-art-deco-black-grey-gold-1.jpg, https://rugshop.eu/wp-content/uploads/2021/11/modern-gloss-carpet-runner-409a-82-cube-stylish-glamour-art-deco-black-grey-gold-2.jpg, https://rugshop.eu/wp-content/uploads/2021/11/modern-gloss-carpet-runner-409a-82-cube-stylish-glamour-art-deco-black-grey-gold-3.jpg, https://rugshop.eu/wp-content/uploads/2021/11/modern-gloss-carpet-runner-409a-82-cube-stylish-glamour-art-deco-black-grey-gold-4.jpg",,,,,,,,,2563,,,Size,"60x200, 60x250, 60x300, 70x200, 70x250, 70x300, 80x200, 80x250, 80x300",1,1,Brand,D-sign,1,1,Color,"Black-Grey, White-Beige",1,1,Type of color,Multicolor,1,1,Shape,"Rectangular, Runner",1,1,Material,Polyester,1,1,Type of rug,Modern,1,1,Weave,Machinemade,1,1,Age,New,1,1,,,,,,,,,,,,,,,,,,yes,yes,,,,,,,,,classic-editor,,,,,,,,,,,,,,,,,,,,
59277,variable,61331843-H,,D-sign Rug 1P0298 Black,1,0,visible,D-sign Rug 1P0298 Black,D-sign Rug 1P0298 Black,,,taxable,,1,,,0,0,,,,,1,,,,"Rooms > Bedroom, Rooms > Entrance & Corridor, Rugs > Modern, Rugs",,,"https://rugshop.eu/wp-content/uploads/2021/11/modern-gloss-carpet-runner-6776-85-stylish-frame-greek-black-ivory.jpg, https://rugshop.eu/wp-content/uploads/2021/11/modern-gloss-carpet-runner-6776-85-stylish-frame-greek-black-ivory-1.jpg, https://rugshop.eu/wp-content/uploads/2021/11/modern-gloss-carpet-runner-6776-85-stylish-frame-greek-black-ivory-2.jpg, https://rugshop.eu/wp-content/uploads/2021/11/modern-gloss-carpet-runner-6776-85-stylish-frame-greek-black-ivory-3.jpg, https://rugshop.eu/wp-content/uploads/2021/11/modern-gloss-carpet-runner-6776-85-stylish-frame-greek-black-ivory-4.jpg",,,,,,,,,2564,,,Size,"60x200, 60x250, 60x300, 70x200, 70x250, 70x300, 80x200, 80x250, 80x300",1,1,Brand,D-sign,1,1,Color,Black-Grey,1,1,Type of color,Multicolor,1,1,Shape,"Rectangular, Runner",1,1,Material,Polyester,1,1,Type of rug,Modern,1,1,Weave,Machinemade,1,1,Age,New,1,1,,,,,,,,,,,,,,,,,,yes,yes,,,,,,,,,classic-editor,,,,,,,,,,,,,,,,,,,,
59278,variation,61331806,,D-sign Rug 1P0295 Black - 70x300,1,0,visible,,D-sign Rug 1P0295 Black 70x300,,,taxable,parent,0,0,,0,0,,300,70,1.2,0,,1318,2365,,,,,,,61331794-H,,,,,,6,,,Size,70x300,,1,,,,,,,,,,,,,,,,,,,,,,,,,,,,,,,,,,,,,70x300,,,,,,,,,,,,,,,,,,,,,,,,144744,,,,,,,,,,,,,,,,,,,
59279,variation,61331810,,D-sign Rug 1P0295 Black - 80x200,1,0,visible,,D-sign Rug 1P0295 Black 80x200,,,taxable,parent,0,0,,0,0,,200,80,1.2,0,,1058,1895,,,,,,,61331794-H,,,,,,7,,,Size,80x200,,1,,,,,,,,,,,,,,,,,,,,,,,,,,,,,,,,,,,,,80x200,,,,,,,,,,,,,,,,,,,,,,,,144745,,,,,,,,,,,,,,,,,,,
59280,variation,61331809,,D-sign Rug 1P0295 Black - 80x250,1,0,visible,,D-sign Rug 1P0295 Black 80x250,,,taxable,parent,0,0,,0,0,,250,80,1.2,0,,1253,2255,,,,,,,61331794-H,,,,,,8,,,Size,80x250,,1,,,,,,,,,,,,,,,,,,,,,,,,,,,,,,,,,,,,,80x250,,,,,,,,,,,,,,,,,,,,,,,,144746,,,,,,,,,,,,,,,,,,,
59281,variation,61331808,,D-sign Rug 1P0295 Black - 80x300,1,0,visible,,D-sign Rug 1P0295 Black 80x300,,,taxable,parent,0,0,,0,0,,300,80,1.2,0,,1449,2605,,,,,,,61331794-H,,,,,,9,,,Size,80x300,,1,,,,,,,,,,,,,,,,,,,,,,,,,,,,,,,,,,,,,80x300,,,,,,,,,,,,,,,,,,,,,,,,144747,,,,,,,,,,,,,,,,,,,
59283,variation,61331811,,D-sign Rug 1P0296 Black - 60x200,1,0,visible,,D-sign Rug 1P0296 Black 60x200,,,taxable,parent,0,0,,0,0,,200,60,1.2,0,,862,1545,,,,,,,61331811-H,,,,,,1,,,Size,60x200,,1,,,,,,,,,,,,,,,,,,,,,,,,,,,,,,,,,,,,,60x200,,,,,,,,,,,,,,,,,,,,,,,,144748,,,,,,,,,,,,,,,,,,,
59284,variation,61336144,,D-sign Rug 1P0296 Black - 60x250,1,0,visible,,D-sign Rug 1P0296 Black 60x250,,,taxable,parent,0,0,,0,0,,250,60,1.2,0,,1025,1835,,,,,,,61331811-H,,,,,,2,,,Size,60x250,,1,,,,,,,,,,,,,,,,,,,,,,,,,,,,,,,,,,,,,60x250,,,,,,,,,,,,,,,,,,,,,,,,144749,,,,,,,,,,,,,,,,,,,
59285,variation,61336180,,D-sign Rug 1P0296 Black - 60x300,1,0,visible,,D-sign Rug 1P0296 Black 60x300,,,taxable,parent,0,0,,0,0,,300,60,1.2,0,,1155,2075,,,,,,,61331811-H,,,,,,3,,,Size,60x300,,1,,,,,,,,,,,,,,,,,,,,,,,,,,,,,,,,,,,,,60x300,,,,,,,,,,,,,,,,,,,,,,,,144750,,,,,,,,,,,,,,,,,,,
59286,variation,61336175,,D-sign Rug 1P0296 Black - 70x200,1,0,visible,,D-sign Rug 1P0296 Black 70x200,,,taxable,parent,0,0,,0,0,,200,70,1.2,0,,960,1725,,,,,,,61331811-H,,,,,,4,,,Size,70x200,,1,,,,,,,,,,,,,,,,,,,,,,,,,,,,,,,,,,,,,70x200,,,,,,,,,,,,,,,,,,,,,,,,144751,,,,,,,,,,,,,,,,,,,
59287,variation,61336176,,D-sign Rug 1P0296 Black - 70x250,1,0,visible,,D-sign Rug 1P0296 Black 70x250,,,taxable,parent,0,0,,0,0,,250,70,1.2,0,,1123,2015,,,,,,,61331811-H,,,,,,5,,,Size,70x250,,1,,,,,,,,,,,,,,,,,,,,,,,,,,,,,,,,,,,,,70x250,,,,,,,,,,,,,,,,,,,,,,,,144752,,,,,,,,,,,,,,,,,,,
59288,variation,61331814,,D-sign Rug 1P0296 Black - 70x300,1,0,visible,,D-sign Rug 1P0296 Black 70x300,,,taxable,parent,0,0,,0,0,,300,70,1.2,0,,1318,2365,,,,,,,61331811-H,,,,,,6,,,Size,70x300,,1,,,,,,,,,,,,,,,,,,,,,,,,,,,,,,,,,,,,,70x300,,,,,,,,,,,,,,,,,,,,,,,,144753,,,,,,,,,,,,,,,,,,,
59289,variation,61331815,,D-sign Rug 1P0296 Black - 80x200,1,0,visible,,D-sign Rug 1P0296 Black 80x200,,,taxable,parent,0,0,,0,0,,200,80,1.2,0,,1058,1895,,,,,,,61331811-H,,,,,,7,,,Size,80x200,,1,,,,,,,,,,,,,,,,,,,,,,,,,,,,,,,,,,,,,80x200,,,,,,,,,,,,,,,,,,,,,,,,144754,,,,,,,,,,,,,,,,,,,
59290,variation,61331816,,D-sign Rug 1P0296 Black - 80x250,1,0,visible,,D-sign Rug 1P0296 Black 80x250,,,taxable,parent,1,3,,0,0,,250,80,1.2,0,,1253,2255,,,,,,,61331811-H,,,,,,8,,,Size,80x250,,1,,,,,,,,,,,,,,,,,,,,,,,,,,,,,,,,,,,,,80x250,,,,,,,,,,,,,,,,,,,,,,,,144755,,,,,,,,,,,,,,,,,,,
59291,variation,61331817,,D-sign Rug 1P0296 Black - 80x300,1,0,visible,,D-sign Rug 1P0296 Black 80x300,,,taxable,parent,1,10,,0,0,,300,80,1.2,0,,1449,2605,,,,,,,61331811-H,,,,,,9,,,Size,80x300,,1,,,,,,,,,,,,,,,,,,,,,,,,,,,,,,,,,,,,,80x300,,,,,,,,,,,,,,,,,,,,,,,,144756,,,,,,,,,,,,,,,,,,,
59293,variation,61331813,,D-sign Rug 1P0297 Black - 60x200,1,0,visible,,D-sign Rug 1P0297 Black 60x200,,,taxable,parent,1,3,,0,0,,200,60,1.2,0,,862,1545,,,,,,,61331813-H,,,,,,1,,,Size,60x200,,1,,,,,,,,,,,,,,,,,,,,,,,,,,,,,,,,,,,,,60x200,,,,,,,,,,,,,,,,,,,,,,,,146006,,,,,,,,,,,,,,,,,,,
59294,variation,61336182,,D-sign Rug 1P0297 Black - 60x250,1,0,visible,,D-sign Rug 1P0297 Black 60x250,,,taxable,parent,1,7,,0,0,,250,60,1.2,0,,1025,1835,,,,,,,61331813-H,,,,,,2,,,Size,60x250,,1,,,,,,,,,,,,,,,,,,,,,,,,,,,,,,,,,,,,,60x250,,,,,,,,,,,,,,,,,,,,,,,,146007,,,,,,,,,,,,,,,,,,,
59295,variable,61331846-H,,D-sign Rug 1P0299 Black,1,0,visible,D-sign Rug 1P0299 Black,D-sign Rug 1P0299 Black,,,taxable,,1,,,0,0,,,,,1,,,,"Rooms > Bedroom, Rooms > Entrance & Corridor, Rugs > Modern, Rugs",,,"https://rugshop.eu/wp-content/uploads/2021/11/modern-gloss-carpet-runner-6776-86-stylish-frame-greek-black-gold.jpg, https://rugshop.eu/wp-content/uploads/2021/11/modern-gloss-carpet-runner-6776-86-stylish-frame-greek-black-gold-1.jpg, https://rugshop.eu/wp-content/uploads/2021/11/modern-gloss-carpet-runner-6776-86-stylish-frame-greek-black-gold-2.jpg, https://rugshop.eu/wp-content/uploads/2021/11/modern-gloss-carpet-runner-6776-86-stylish-frame-greek-black-gold-3.jpg, https://rugshop.eu/wp-content/uploads/2021/11/modern-gloss-carpet-runner-6776-86-stylish-frame-greek-black-gold-4.jpg",,,,,,,,,2565,,,Size,"60x200, 60x250, 60x300, 70x200, 70x250, 70x300, 80x200, 80x250, 80x300",1,1,Brand,D-sign,1,1,Color,"Black-Grey, Yellow-Brown",1,1,Type of color,Multicolor,1,1,Shape,"Rectangular, Runner",1,1,Material,Polyester,1,1,Type of rug,Modern,1,1,Weave,Machinemade,1,1,Age,New,1,1,,,,,,,,,,,,,,,,,,yes,yes,,,,,,,,,classic-editor,,,,,,,,,,,,,,,,,,,,
59296,variable,61331850-H,,D-sign Rug 1P0300 Beige,1,0,visible,D-sign Rug 1P0300 Beige,D-sign Rug 1P0300 Beige,,,taxable,,1,,,0,0,,,,,1,,,,"Rooms > Bedroom, Rooms > Living room, Rugs > Modern, Rugs, Rugs > Vintage",,,"https://rugshop.eu/wp-content/uploads/2021/11/carpet-wool-nain-vintage-700550955-beige-navy.jpg, https://rugshop.eu/wp-content/uploads/2021/11/carpet-wool-nain-vintage-700550955-beige-navy-1.jpg, https://rugshop.eu/wp-content/uploads/2021/11/carpet-wool-nain-vintage-700550955-beige-navy-2.jpg, https://rugshop.eu/wp-content/uploads/2021/11/carpet-wool-nain-vintage-700550955-beige-navy-3.jpg, https://rugshop.eu/wp-content/uploads/2021/11/carpet-wool-nain-vintage-700550955-beige-navy-4.jpg",,,,,,,,,2566,,,Size,"120x170, 160x230, 200x300, 240x340, 80x150",1,1,Brand,D-sign,1,1,Color,White-Beige,1,1,Type of color,Multicolor,1,1,Shape,Rectangular,1,1,Material,Wool,1,1,Type of rug,"Modern, Vintage / Colored Vintage",1,1,Weave,Machinemade,1,1,Age,New,1,1,,,,,,,,,,,,,,,,,,yes,yes,,,,,,,,,,,,,,,,,,,,,,,,,,,,,
59297,variation,61336181,,D-sign Rug 1P0297 Black - 60x300,1,0,visible,,D-sign Rug 1P0297 Black 60x300,,,taxable,parent,1,6,,0,0,,300,60,1.2,0,,1155,2075,,,,,,,61331813-H,,,,,,3,,,Size,60x300,,1,,,,,,,,,,,,,,,,,,,,,,,,,,,,,,,,,,,,,60x300,,,,,,,,,,,,,,,,,,,,,,,,146008,,,,,,,,,,,,,,,,,,,
59298,variation,61336174,,D-sign Rug 1P0297 Black - 70x200,1,0,visible,,D-sign Rug 1P0297 Black 70x200,,,taxable,parent,1,13,,0,0,,200,70,1.2,0,,960,1725,,,,,,,61331813-H,,,,,,4,,,Size,70x200,,1,,,,,,,,,,,,,,,,,,,,,,,,,,,,,,,,,,,,,70x200,,,,,,,,,,,,,,,,,,,,,,,,146009,,,,,,,,,,,,,,,,,,,
59299,variation,61336177,,D-sign Rug 1P0297 Black - 70x250,1,0,visible,,D-sign Rug 1P0297 Black 70x250,,,taxable,parent,1,11,,0,0,,250,70,1.2,0,,1123,2015,,,,,,,61331813-H,,,,,,5,,,Size,70x250,,1,,,,,,,,,,,,,,,,,,,,,,,,,,,,,,,,,,,,,70x250,,,,,,,,,,,,,,,,,,,,,,,,146010,,,,,,,,,,,,,,,,,,,
59300,variation,61336183,,D-sign Rug 1P0297 Black - 70x300,1,0,visible,,D-sign Rug 1P0297 Black 70x300,,,taxable,parent,1,1,,0,0,,300,70,1.2,0,,1318,2365,,,,,,,61331813-H,,,,,,6,,,Size,70x300,,1,,,,,,,,,,,,,,,,,,,,,,,,,,,,,,,,,,,,,70x300,,,,,,,,,,,,,,,,,,,,,,,,146011,,,,,,,,,,,,,,,,,,,
59301,variation,61331840,,D-sign Rug 1P0297 Black - 80x200,1,0,visible,,D-sign Rug 1P0297 Black 80x200,,,taxable,parent,1,5,,0,0,,200,80,1.2,0,,1058,1895,,,,,,,61331813-H,,,,,,7,,,Size,80x200,,1,,,,,,,,,,,,,,,,,,,,,,,,,,,,,,,,,,,,,80x200,,,,,,,,,,,,,,,,,,,,,,,,146012,,,,,,,,,,,,,,,,,,,
59302,variation,61331841,,D-sign Rug 1P0297 Black - 80x250,1,0,visible,,D-sign Rug 1P0297 Black 80x250,,,taxable,parent,1,10,,0,0,,250,80,1.2,0,,1253,2255,,,,,,,61331813-H,,,,,,8,,,Size,80x250,,1,,,,,,,,,,,,,,,,,,,,,,,,,,,,,,,,,,,,,80x250,,,,,,,,,,,,,,,,,,,,,,,,146013,,,,,,,,,,,,,,,,,,,
59303,variation,61331842,,D-sign Rug 1P0297 Black - 80x300,1,0,visible,,D-sign Rug 1P0297 Black 80x300,,,taxable,parent,0,0,,0,0,,300,80,1.2,0,,1449,2605,,,,,,,61331813-H,,,,,,9,,,Size,80x300,,1,,,,,,,,,,,,,,,,,,,,,,,,,,,,,,,,,,,,,80x300,,,,,,,,,,,,,,,,,,,,,,,,146014,,,,,,,,,,,,,,,,,,,
59305,variation,61331843,,D-sign Rug 1P0298 Black - 60x200,1,0,visible,,D-sign Rug 1P0298 Black 60x200,,,taxable,parent,0,0,,0,0,,200,60,1.2,0,,862,1545,,,,,,,61331843-H,,,,,,1,,,Size,60x200,,1,,,,,,,,,,,,,,,,,,,,,,,,,,,,,,,,,,,,,60x200,,,,,,,,,,,,,,,,,,,,,,,,146015,,,,,,,,,,,,,,,,,,,
59306,variation,61331844,,D-sign Rug 1P0298 Black - 60x250,1,0,visible,,D-sign Rug 1P0298 Black 60x250,,,taxable,parent,1,7,,0,0,,250,60,1.2,0,,1025,1835,,,,,,,61331843-H,,,,,,2,,,Size,60x250,,1,,,,,,,,,,,,,,,,,,,,,,,,,,,,,,,,,,,,,60x250,,,,,,,,,,,,,,,,,,,,,,,,146016,,,,,,,,,,,,,,,,,,,
59307,variation,61336186,,D-sign Rug 1P0298 Black - 60x300,1,0,visible,,D-sign Rug 1P0298 Black 60x300,,,taxable,parent,1,12,,0,0,,300,60,1.2,0,,1155,2075,,,,,,,61331843-H,,,,,,3,,,Size,60x300,,1,,,,,,,,,,,,,,,,,,,,,,,,,,,,,,,,,,,,,60x300,,,,,,,,,,,,,,,,,,,,,,,,146017,,,,,,,,,,,,,,,,,,,
59308,variation,61336192,,D-sign Rug 1P0298 Black - 70x200,1,0,visible,,D-sign Rug 1P0298 Black 70x200,,,taxable,parent,1,9,,0,0,,200,70,1.2,0,,960,1725,,,,,,,61331843-H,,,,,,4,,,Size,70x200,,1,,,,,,,,,,,,,,,,,,,,,,,,,,,,,,,,,,,,,70x200,,,,,,,,,,,,,,,,,,,,,,,,146018,,,,,,,,,,,,,,,,,,,
59309,variation,61336178,,D-sign Rug 1P0298 Black - 70x250,1,0,visible,,D-sign Rug 1P0298 Black 70x250,,,taxable,parent,1,9,,0,0,,250,70,1.2,0,,1123,2015,,,,,,,61331843-H,,,,,,5,,,Size,70x250,,1,,,,,,,,,,,,,,,,,,,,,,,,,,,,,,,,,,,,,70x250,,,,,,,,,,,,,,,,,,,,,,,,146019,,,,,,,,,,,,,,,,,,,
59310,variation,61336179,,D-sign Rug 1P0298 Black - 70x300,1,0,visible,,D-sign Rug 1P0298 Black 70x300,,,taxable,parent,1,6,,0,0,,300,70,1.2,0,,1318,2365,,,,,,,61331843-H,,,,,,6,,,Size,70x300,,1,,,,,,,,,,,,,,,,,,,,,,,,,,,,,,,,,,,,,70x300,,,,,,,,,,,,,,,,,,,,,,,,146020,,,,,,,,,,,,,,,,,,,
59311,variation,61336193,,D-sign Rug 1P0298 Black - 80x200,1,0,visible,,D-sign Rug 1P0298 Black 80x200,,,taxable,parent,1,9,,0,0,,200,80,1.2,0,,1058,1895,,,,,,,61331843-H,,,,,,7,,,Size,80x200,,1,,,,,,,,,,,,,,,,,,,,,,,,,,,,,,,,,,,,,80x200,,,,,,,,,,,,,,,,,,,,,,,,146021,,,,,,,,,,,,,,,,,,,
59312,variation,61331848,,D-sign Rug 1P0298 Black - 80x250,1,0,visible,,D-sign Rug 1P0298 Black 80x250,,,taxable,parent,1,7,,0,0,,250,80,1.2,0,,1253,2255,,,,,,,61331843-H,,,,,,8,,,Size,80x250,,1,,,,,,,,,,,,,,,,,,,,,,,,,,,,,,,,,,,,,80x250,,,,,,,,,,,,,,,,,,,,,,,,146022,,,,,,,,,,,,,,,,,,,
59313,variation,61331847,,D-sign Rug 1P0298 Black - 80x300,1,0,visible,,D-sign Rug 1P0298 Black 80x300,,,taxable,parent,0,0,,0,0,,300,80,1.2,0,,1449,2605,,,,,,,61331843-H,,,,,,9,,,Size,80x300,,1,,,,,,,,,,,,,,,,,,,,,,,,,,,,,,,,,,,,,80x300,,,,,,,,,,,,,,,,,,,,,,,,146023,,,,,,,,,,,,,,,,,,,
59315,variation,61331846,,D-sign Rug 1P0299 Black - 60x200,1,0,visible,,D-sign Rug 1P0299 Black 60x200,,,taxable,parent,0,0,,0,0,,200,60,1.2,0,,862,1545,,,,,,,61331846-H,,,,,,1,,,Size,60x200,,1,,,,,,,,,,,,,,,,,,,,,,,,,,,,,,,,,,,,,60x200,,,,,,,,,,,,,,,,,,,,,,,,146024,,,,,,,,,,,,,,,,,,,
59316,variation,61336188,,D-sign Rug 1P0299 Black - 60x250,1,0,visible,,D-sign Rug 1P0299 Black 60x250,,,taxable,parent,1,4,,0,0,,250,60,1.2,0,,1025,1835,,,,,,,61331846-H,,,,,,2,,,Size,60x250,,1,,,,,,,,,,,,,,,,,,,,,,,,,,,,,,,,,,,,,60x250,,,,,,,,,,,,,,,,,,,,,,,,146025,,,,,,,,,,,,,,,,,,,
59317,variation,61336189,,D-sign Rug 1P0299 Black - 60x300,1,0,visible,,D-sign Rug 1P0299 Black 60x300,,,taxable,parent,1,4,,0,0,,300,60,1.2,0,,1155,2075,,,,,,,61331846-H,,,,,,3,,,Size,60x300,,1,,,,,,,,,,,,,,,,,,,,,,,,,,,,,,,,,,,,,60x300,,,,,,,,,,,,,,,,,,,,,,,,146026,,,,,,,,,,,,,,,,,,,
59318,variation,61336195,,D-sign Rug 1P0299 Black - 70x200,1,0,visible,,D-sign Rug 1P0299 Black 70x200,,,taxable,parent,0,0,,0,0,,200,70,1.2,0,,960,1725,,,,,,,61331846-H,,,,,,4,,,Size,70x200,,1,,,,,,,,,,,,,,,,,,,,,,,,,,,,,,,,,,,,,70x200,,,,,,,,,,,,,,,,,,,,,,,,146027,,,,,,,,,,,,,,,,,,,
59319,variation,61336190,,D-sign Rug 1P0299 Black - 70x250,1,0,visible,,D-sign Rug 1P0299 Black 70x250,,,taxable,parent,1,7,,0,0,,250,70,1.2,0,,1123,2015,,,,,,,61331846-H,,,,,,5,,,Size,70x250,,1,,,,,,,,,,,,,,,,,,,,,,,,,,,,,,,,,,,,,70x250,,,,,,,,,,,,,,,,,,,,,,,,146028,,,,,,,,,,,,,,,,,,,
59320,variation,61336187,,D-sign Rug 1P0299 Black - 70x300,1,0,visible,,D-sign Rug 1P0299 Black 70x300,,,taxable,parent,0,0,,0,0,,300,70,1.2,0,,1318,2365,,,,,,,61331846-H,,,,,,6,,,Size,70x300,,1,,,,,,,,,,,,,,,,,,,,,,,,,,,,,,,,,,,,,70x300,,,,,,,,,,,,,,,,,,,,,,,,146029,,,,,,,,,,,,,,,,,,,
59321,variation,61336191,,D-sign Rug 1P0299 Black - 80x200,1,0,visible,,D-sign Rug 1P0299 Black 80x200,,,taxable,parent,1,1,,0,0,,200,80,1.2,0,,1058,1895,,,,,,,61331846-H,,,,,,7,,,Size,80x200,,1,,,,,,,,,,,,,,,,,,,,,,,,,,,,,,,,,,,,,80x200,,,,,,,,,,,,,,,,,,,,,,,,146030,,,,,,,,,,,,,,,,,,,
59322,variation,61336194,,D-sign Rug 1P0299 Black - 80x250,1,0,visible,,D-sign Rug 1P0299 Black 80x250,,,taxable,parent,0,0,,0,0,,250,80,1.2,0,,1253,2255,,,,,,,61331846-H,,,,,,8,,,Size,80x250,,1,,,,,,,,,,,,,,,,,,,,,,,,,,,,,,,,,,,,,80x250,,,,,,,,,,,,,,,,,,,,,,,,146031,,,,,,,,,,,,,,,,,,,
59323,variation,61331851,,D-sign Rug 1P0299 Black - 80x300,1,0,visible,,D-sign Rug 1P0299 Black 80x300,,,taxable,parent,0,0,,0,0,,300,80,1.2,0,,1449,2605,,,,,,,61331846-H,,,,,,9,,,Size,80x300,,1,,,,,,,,,,,,,,,,,,,,,,,,,,,,,,,,,,,,,80x300,,,,,,,,,,,,,,,,,,,,,,,,146032,,,,,,,,,,,,,,,,,,,
59327,variable,61331855-H,,D-sign Rug 1P0304 White,1,0,visible,D-sign Rug 1P0304 White,D-sign Rug 1P0304 White,,,taxable,,1,,,0,0,,,,,1,,,,"Rooms > Bedroom, Rooms > Living room, Rugs > Modern, Rugs",,,"https://rugshop.eu/wp-content/uploads/2021/11/carpet-argent-w4949-flowers-white-grey.jpg, https://rugshop.eu/wp-content/uploads/2021/11/carpet-argent-w4949-flowers-white-grey-1.jpg, https://rugshop.eu/wp-content/uploads/2021/11/carpet-argent-w4949-flowers-white-grey-2.jpg, https://rugshop.eu/wp-content/uploads/2021/11/carpet-argent-w4949-flowers-white-grey-3.jpg, https://rugshop.eu/wp-content/uploads/2021/11/carpet-argent-w4949-flowers-white-grey-4.jpg",,,,,,,,,2570,,,Size,"133x190, 160x220, 200x290, 240x330",1,1,Brand,D-sign,1,1,Color,"Black-Grey, White-Beige",1,1,Type of color,Multicolor,1,1,Shape,Rectangular,1,1,Material,Polypropylene,1,1,Type of rug,Modern,1,1,Weave,Machinemade,1,1,Age,New,1,1,,,,,,,,,,,,,,,,,,yes,yes,,,,,,,,,,,,,,,,,,,,,,,,,,,,,
59330,variation,61331850,,D-sign Rug 1P0300 Beige - 80x150,1,0,visible,,D-sign Rug 1P0300 Beige 80x150,,,taxable,parent,1,6,,0,0,,150,80,0.8,0,,1416,2545,,,,,,,61331850-H,,,,,,1,,,Size,80x150,,1,,,,,,,,,,,,,,,,,,,,,,,,,,,,,,,,,,,,,80x150,,,,,,,,,,,,,,,,,,,,,,,,146343,,,,,,,,,,,,,,,,,,,
59331,variation,61336201,,D-sign Rug 1P0300 Beige - 120x170,1,0,visible,,D-sign Rug 1P0300 Beige 120x170,,,taxable,parent,0,0,,0,0,,170,120,0.8,0,,2215,3985,,,,,,,61331850-H,,,,,,2,,,Size,120x170,,1,,,,,,,,,,,,,,,,,,,,,,,,,,,,,,,,,,,,,120x170,,,,,,,,,,,,,,,,,,,,,,,,146344,,,,,,,,,,,,,,,,,,,
59332,variation,61336203,,D-sign Rug 1P0300 Beige - 160x230,1,0,visible,,D-sign Rug 1P0300 Beige 160x230,,,taxable,parent,0,0,,0,0,,230,160,0.8,0,,3780,6795,,,,,,,61331850-H,,,,,,3,,,Size,160x230,,1,,,,,,,,,,,,,,,,,,,,,,,,,,,,,,,,,,,,,160x230,,,,,,,,,,,,,,,,,,,,,,,,146345,,,,,,,,,,,,,,,,,,,
59333,variation,61336205,,D-sign Rug 1P0300 Beige - 200x300,1,0,visible,,D-sign Rug 1P0300 Beige 200x300,,,taxable,parent,0,0,,0,0,,300,200,0.8,0,,6050,10885,,,,,,,61331850-H,,,,,,4,,,Size,200x300,,1,,,,,,,,,,,,,,,,,,,,,,,,,,,,,,,,,,,,,200x300,,,,,,,,,,,,,,,,,,,,,,,,146346,,,,,,,,,,,,,,,,,,,
59334,variation,61336202,,D-sign Rug 1P0300 Beige - 240x340,1,0,visible,,D-sign Rug 1P0300 Beige 240x340,,,taxable,parent,0,0,,0,0,,340,240,0.8,0,,8120,14615,,,,,,,61331850-H,,,,,,5,,,Size,240x340,,1,,,,,,,,,,,,,,,,,,,,,,,,,,,,,,,,,,,,,240x340,,,,,,,,,,,,,,,,,,,,,,,,146347,,,,,,,,,,,,,,,,,,,
59347,variable,61331863-H,,D-sign Rug 1P0308 Grey,1,0,visible,D-sign Rug 1P0308 Grey,D-sign Rug 1P0308 Grey,,,taxable,,1,,,0,0,,,,,1,,,,"Rooms > Bedroom, Rooms > Living room, Rugs > Persian, Rugs",,,"https://rugshop.eu/wp-content/uploads/2021/11/carpet-argent-w7039-flowers-grey-black.jpg, https://rugshop.eu/wp-content/uploads/2021/11/carpet-argent-w7039-flowers-grey-black-1.jpg, https://rugshop.eu/wp-content/uploads/2021/11/carpet-argent-w7039-flowers-grey-black-2.jpg, https://rugshop.eu/wp-content/uploads/2021/11/carpet-argent-w7039-flowers-grey-black-3.jpg, https://rugshop.eu/wp-content/uploads/2021/11/carpet-argent-w7039-flowers-grey-black-4.jpg",,,,,,,,,2574,,,Size,"133x190, 160x220, 200x290, 240x330",1,1,Brand,D-sign,1,1,Color,"Black-Grey, White-Beige",1,1,Type of color,Multicolor,1,1,Shape,Rectangular,1,1,Material,Polypropylene,1,1,Type of rug,Persian,1,1,Weave,Machinemade,1,1,Age,New,1,1,,,,,,,,,,,,,,,,,,yes,yes,,,,,,,,,,,,,,,,,,,,,,,,,,,,,
59350,variation,61331855,,D-sign Rug 1P0304 White - 133x190,1,0,visible,,D-sign Rug 1P0304 White 133x190,,,taxable,parent,1,7,,0,0,,190,133,1.3,0,,1054,1895,,,,,,,61331855-H,,,,,,1,,,Size,133x190,,1,,,,,,,,,,,,,,,,,,,,,,,,,,,,,,,,,,,,,133x190,,,,,,,,,,,,,,,,,,,,,,,,149351,,,,,,,,,,,,,,,,,,,
59351,variation,61336217,,D-sign Rug 1P0304 White - 160x220,1,0,visible,,D-sign Rug 1P0304 White 160x220,,,taxable,parent,1,6,,0,0,,220,160,1.3,0,,1367,2455,,,,,,,61331855-H,,,,,,2,,,Size,160x220,,1,,,,,,,,,,,,,,,,,,,,,,,,,,,,,,,,,,,,,160x220,,,,,,,,,,,,,,,,,,,,,,,,149352,,,,,,,,,,,,,,,,,,,
59352,variation,61336213,,D-sign Rug 1P0304 White - 200x290,1,0,visible,,D-sign Rug 1P0304 White 200x290,,,taxable,parent,1,1,,0,0,,290,200,1.3,0,,2065,3715,,,,,,,61331855-H,,,,,,3,,,Size,200x290,,1,,,,,,,,,,,,,,,,,,,,,,,,,,,,,,,,,,,,,200x290,,,,,,,,,,,,,,,,,,,,,,,,149353,,,,,,,,,,,,,,,,,,,
59353,variation,61336206,,D-sign Rug 1P0304 White - 240x330,1,0,visible,,D-sign Rug 1P0304 White 240x330,,,taxable,parent,1,1,,0,0,,330,240,1.3,0,,2786,5005,,,,,,,61331855-H,,,,,,4,,,Size,240x330,,1,,,,,,,,,,,,,,,,,,,,,,,,,,,,,,,,,,,,,240x330,,,,,,,,,,,,,,,,,,,,,,,,149354,,,,,,,,,,,,,,,,,,,
59366,variable,61331870-H,,D-sign Rug 1P0312 Grey,1,0,visible,D-sign Rug 1P0312 Grey,D-sign Rug 1P0312 Grey,,,taxable,,1,,,0,0,,,,,1,,,,"Rooms > Bedroom, Rooms > Living room, Rugs > Modern, Rugs, Rugs > Vintage",,,"https://rugshop.eu/wp-content/uploads/2021/11/carpet-argent-w9557-frame-vintage-lines-grey.jpg, https://rugshop.eu/wp-content/uploads/2021/11/carpet-argent-w9557-frame-vintage-lines-grey-1.jpg, https://rugshop.eu/wp-content/uploads/2021/11/carpet-argent-w9557-frame-vintage-lines-grey-2.jpg, https://rugshop.eu/wp-content/uploads/2021/11/carpet-argent-w9557-frame-vintage-lines-grey-3.jpg, https://rugshop.eu/wp-content/uploads/2021/11/carpet-argent-w9557-frame-vintage-lines-grey-4.jpg",,,,,,,,,2578,,,Size,"133x190, 160x220, 200x290, 240x330",1,1,Brand,D-sign,1,1,Color,"Black-Grey, White-Beige",1,1,Type of color,Multicolor,1,1,Shape,Rectangular,1,1,Material,Polypropylene,1,1,Type of rug,"Modern, Vintage / Colored Vintage",1,1,Weave,Machinemade,1,1,Age,New,1,1,,,,,,,,,,,,,,,,,,yes,yes,,,,,,,,,,,,,,,,,,,,,,,,,,,,,
59373,variation,61331863,,D-sign Rug 1P0308 Grey - 133x190,1,0,visible,,D-sign Rug 1P0308 Grey 133x190,,,taxable,parent,1,6,,0,0,,190,133,1.3,0,,1054,1895,,,,,,,61331863-H,,,,,,1,,,Size,133x190,,1,,,,,,,,,,,,,,,,,,,,,,,,,,,,,,,,,,,,,133x190,,,,,,,,,,,,,,,,,,,,,,,,149504,,,,,,,,,,,,,,,,,,,
59374,variation,61336229,,D-sign Rug 1P0308 Grey - 160x220,1,0,visible,,D-sign Rug 1P0308 Grey 160x220,,,taxable,parent,1,2,,0,0,,220,160,1.3,0,,1367,2455,,,,,,,61331863-H,,,,,,2,,,Size,160x220,,1,,,,,,,,,,,,,,,,,,,,,,,,,,,,,,,,,,,,,160x220,,,,,,,,,,,,,,,,,,,,,,,,149505,,,,,,,,,,,,,,,,,,,
59375,variation,61336224,,D-sign Rug 1P0308 Grey - 200x290,1,0,visible,,D-sign Rug 1P0308 Grey 200x290,,,taxable,parent,0,0,,0,0,,290,200,1.3,0,,2065,3715,,,,,,,61331863-H,,,,,,3,,,Size,200x290,,1,,,,,,,,,,,,,,,,,,,,,,,,,,,,,,,,,,,,,200x290,,,,,,,,,,,,,,,,,,,,,,,,149506,,,,,,,,,,,,,,,,,,,
59376,variation,61336228,,D-sign Rug 1P0308 Grey - 240x330,1,0,visible,,D-sign Rug 1P0308 Grey 240x330,,,taxable,parent,0,0,,0,0,,330,240,1.3,0,,2786,5005,,,,,,,61331863-H,,,,,,4,,,Size,240x330,,1,,,,,,,,,,,,,,,,,,,,,,,,,,,,,,,,,,,,,240x330,,,,,,,,,,,,,,,,,,,,,,,,149507,,,,,,,,,,,,,,,,,,,
59396,variation,61331870,,D-sign Rug 1P0312 Grey - 133x190,1,0,visible,,D-sign Rug 1P0312 Grey 133x190,,,taxable,parent,0,0,,0,0,,190,133,1.3,0,,1054,1895,,,,,,,61331870-H,,,,,,1,,,Size,133x190,,1,,,,,,,,,,,,,,,,,,,,,,,,,,,,,,,,,,,,,133x190,,,,,,,,,,,,,,,,,,,,,,,,149528,,,,,,,,,,,,,,,,,,,
59397,variation,61336222,,D-sign Rug 1P0312 Grey - 160x220,1,0,visible,,D-sign Rug 1P0312 Grey 160x220,,,taxable,parent,0,0,,0,0,,220,160,1.3,0,,1367,2455,,,,,,,61331870-H,,,,,,2,,,Size,160x220,,1,,,,,,,,,,,,,,,,,,,,,,,,,,,,,,,,,,,,,160x220,,,,,,,,,,,,,,,,,,,,,,,,149529,,,,,,,,,,,,,,,,,,,
59398,variation,61336240,,D-sign Rug 1P0312 Grey - 200x290,1,0,visible,,D-sign Rug 1P0312 Grey 200x290,,,taxable,parent,1,1,,0,0,,290,200,1.3,0,,2068,3715,,,,,,,61331870-H,,,,,,3,,,Size,200x290,,1,,,,,,,,,,,,,,,,,,,,,,,,,,,,,,,,,,,,,200x290,,,,,,,,,,,,,,,,,,,,,,,,149530,,,,,,,,,,,,,,,,,,,
59399,variation,61336234,,D-sign Rug 1P0312 Grey - 240x330,1,0,visible,,D-sign Rug 1P0312 Grey 240x330,,,taxable,parent,1,1,,0,0,,330,240,1.3,0,,2789,5015,,,,,,,61331870-H,,,,,,4,,,Size,240x330,,1,,,,,,,,,,,,,,,,,,,,,,,,,,,,,,,,,,,,,240x330,,,,,,,,,,,,,,,,,,,,,,,,149531,,,,,,,,,,,,,,,,,,,
59402,variable,61331878-H,,D-sign Rug 1P0318 Beige,1,0,visible,D-sign Rug 1P0318 Beige,D-sign Rug 1P0318 Beige,,,taxable,,1,,,0,0,,,,,1,,,,"Rooms > Bedroom, Rooms > Living room, Rugs > Persian, Rugs",,,"https://rugshop.eu/wp-content/uploads/2021/11/carpet-wool-nain-ornament-frame-663551036-beige-claret.jpg, https://rugshop.eu/wp-content/uploads/2021/11/carpet-wool-nain-ornament-frame-663551036-beige-claret-1.jpg, https://rugshop.eu/wp-content/uploads/2021/11/carpet-wool-nain-ornament-frame-663551036-beige-claret-2.jpg, https://rugshop.eu/wp-content/uploads/2021/11/carpet-wool-nain-ornament-frame-663551036-beige-claret-3.jpg, https://rugshop.eu/wp-content/uploads/2021/11/carpet-wool-nain-ornament-frame-663551036-beige-claret-4.jpg",,,,,,,,,2584,,,Size,"120x170, 160x230, 200x300, 240x340, 80x150",1,1,Brand,D-sign,1,1,Color,"Red, White-Beige",1,1,Type of color,Multicolor,1,1,Shape,Rectangular,1,1,Material,Wool,1,1,Type of rug,Persian,1,1,Weave,Machinemade,1,1,Age,New,1,1,,,,,,,,,,,,,,,,,,yes,yes,,,,,,,,,,,,,,,,,,,,,,,,,,,,,
59418,variable,61331879-H,,D-sign Rug 1P0319 Red,1,0,visible,D-sign Rug 1P0319 Red,D-sign Rug 1P0319 Red,,,taxable,,1,,,0,0,,,,,1,,,,"Rooms > Bedroom, Rooms > Living room, Rugs > Persian, Rugs",,,"https://rugshop.eu/wp-content/uploads/2021/11/carpet-wool-nain-rosette-frame-717651066-claret.jpg, https://rugshop.eu/wp-content/uploads/2021/11/carpet-wool-nain-rosette-frame-717651066-claret-1.jpg, https://rugshop.eu/wp-content/uploads/2021/11/carpet-wool-nain-rosette-frame-717651066-claret-2.jpg, https://rugshop.eu/wp-content/uploads/2021/11/carpet-wool-nain-rosette-frame-717651066-claret-3.jpg, https://rugshop.eu/wp-content/uploads/2021/11/carpet-wool-nain-rosette-frame-717651066-claret-4.jpg",,,,,,,,,2585,,,Size,"120x170, 160x230, 200x300, 240x340, 80x150",1,1,Brand,D-sign,1,1,Color,Red,1,1,Type of color,Multicolor,1,1,Shape,Rectangular,1,1,Material,Wool,1,1,Type of rug,Persian,1,1,Weave,Machinemade,1,1,Age,New,1,1,,,,,,,,,,,,,,,,,,yes,yes,,,,,,,,,,,,,,,,,,,,,,,,,,,,,
59419,variable,61331880-H,,D-sign Rug 1P0320 Beige,1,0,visible,D-sign Rug 1P0320 Beige,D-sign Rug 1P0320 Beige,,,taxable,,1,,,0,0,,,,,1,,,,"Rooms > Bedroom, Rooms > Living room, Rugs > Persian, Rugs",,,"https://rugshop.eu/wp-content/uploads/2021/11/carpet-wool-nain-rosette-frame-717751011-beige-black.jpg, https://rugshop.eu/wp-content/uploads/2021/11/carpet-wool-nain-rosette-frame-717751011-beige-black-1.jpg, https://rugshop.eu/wp-content/uploads/2021/11/carpet-wool-nain-rosette-frame-717751011-beige-black-2.jpg, https://rugshop.eu/wp-content/uploads/2021/11/carpet-wool-nain-rosette-frame-717751011-beige-black-3.jpg, https://rugshop.eu/wp-content/uploads/2021/11/carpet-wool-nain-rosette-frame-717751011-beige-black-4.jpg",,,,,,,,,2586,,,Size,"120x170, 160x230, 200x300, 240x340, 80x150",1,1,Brand,D-sign,1,1,Color,White-Beige,1,1,Type of color,Multicolor,1,1,Shape,Rectangular,1,1,Material,Wool,1,1,Type of rug,Persian,1,1,Weave,Machinemade,1,1,Age,New,1,1,,,,,,,,,,,,,,,,,,yes,yes,,,,,,,,,,,,,,,,,,,,,,,,,,,,,
59420,variable,61331881-H,,D-sign Rug 1P0321 Beige,1,0,visible,D-sign Rug 1P0321 Beige,D-sign Rug 1P0321 Beige,,,taxable,,1,,,0,0,,,,,1,,,,"Rooms > Bedroom, Rooms > Living room, Rugs > Persian, Rugs",,,"https://rugshop.eu/wp-content/uploads/2021/11/carpet-wool-nain-frame-ornament-717951913-beige-navy.jpg, https://rugshop.eu/wp-content/uploads/2021/11/carpet-wool-nain-frame-ornament-717951913-beige-navy-1.jpg, https://rugshop.eu/wp-content/uploads/2021/11/carpet-wool-nain-frame-ornament-717951913-beige-navy-2.jpg, https://rugshop.eu/wp-content/uploads/2021/11/carpet-wool-nain-frame-ornament-717951913-beige-navy-3.jpg, https://rugshop.eu/wp-content/uploads/2021/11/carpet-wool-nain-frame-ornament-717951913-beige-navy-4.jpg",,,,,,,,,2587,,,Size,"120x170, 160x230, 200x300, 240x340, 80x150",1,1,Brand,D-sign,1,1,Color,White-Beige,1,1,Type of color,Multicolor,1,1,Shape,Rectangular,1,1,Material,Wool,1,1,Type of rug,Persian,1,1,Weave,Machinemade,1,1,Age,New,1,1,,,,,,,,,,,,,,,,,,yes,yes,,,,,,,,,,,,,,,,,,,,,,,,,,,,,
59431,variation,61331878,,D-sign Rug 1P0318 Beige - 80x150,1,0,visible,,D-sign Rug 1P0318 Beige 80x150,,,taxable,parent,1,14,,0,0,,150,80,0.8,0,,1416,2545,,,,,,,61331878-H,,,,,,1,,,Size,80x150,,1,,,,,,,,,,,,,,,,,,,,,,,,,,,,,,,,,,,,,80x150,,,,,,,,,,,,,,,,,,,,,,,,150288,,,,,,,,,,,,,,,,,,,
59432,variation,61336247,,D-sign Rug 1P0318 Beige - 120x170,1,0,visible,,D-sign Rug 1P0318 Beige 120x170,,,taxable,parent,1,1,,0,0,,170,120,0.8,0,,2215,3985,,,,,,,61331878-H,,,,,,2,,,Size,120x170,,1,,,,,,,,,,,,,,,,,,,,,,,,,,,,,,,,,,,,,120x170,,,,,,,,,,,,,,,,,,,,,,,,150289,,,,,,,,,,,,,,,,,,,
59433,variation,61336262,,D-sign Rug 1P0318 Beige - 160x230,1,0,visible,,D-sign Rug 1P0318 Beige 160x230,,,taxable,parent,0,0,,0,0,,230,160,0.8,0,,3780,6795,,,,,,,61331878-H,,,,,,3,,,Size,160x230,,1,,,,,,,,,,,,,,,,,,,,,,,,,,,,,,,,,,,,,160x230,,,,,,,,,,,,,,,,,,,,,,,,150290,,,,,,,,,,,,,,,,,,,
59434,variation,61336249,,D-sign Rug 1P0318 Beige - 200x300,1,0,visible,,D-sign Rug 1P0318 Beige 200x300,,,taxable,parent,0,0,,0,0,,300,200,0.8,0,,6050,10885,,,,,,,61331878-H,,,,,,4,,,Size,200x300,,1,,,,,,,,,,,,,,,,,,,,,,,,,,,,,,,,,,,,,200x300,,,,,,,,,,,,,,,,,,,,,,,,150291,,,,,,,,,,,,,,,,,,,
59435,variation,61336245,,D-sign Rug 1P0318 Beige - 240x340,1,0,visible,,D-sign Rug 1P0318 Beige 240x340,,,taxable,parent,0,0,,0,0,,340,240,0.8,0,,8120,14615,,,,,,,61331878-H,,,,,,5,,,Size,240x340,,1,,,,,,,,,,,,,,,,,,,,,,,,,,,,,,,,,,,,,240x340,,,,,,,,,,,,,,,,,,,,,,,,150292,,,,,,,,,,,,,,,,,,,
59438,variable,61331900-H,,D-sign Rug 1P0301 Green,1,0,visible,D-sign Rug 1P0301 Green,D-sign Rug 1P0301 Green,,,taxable,,1,,,0,0,,,,,1,,,,"Rooms > Bedroom, Rooms > Living room, Rugs > Persian, Rugs",,,"https://rugshop.eu/wp-content/uploads/2021/11/carpet-wool-nain-ornament-frame-733851088-green-beige.jpg, https://rugshop.eu/wp-content/uploads/2021/11/carpet-wool-nain-ornament-frame-733851088-green-beige-1.jpg, https://rugshop.eu/wp-content/uploads/2021/11/carpet-wool-nain-ornament-frame-733851088-green-beige-2.jpg, https://rugshop.eu/wp-content/uploads/2021/11/carpet-wool-nain-ornament-frame-733851088-green-beige-3.jpg, https://rugshop.eu/wp-content/uploads/2021/11/carpet-wool-nain-ornament-frame-733851088-green-beige-4.jpg",,,,,,,,,2567,,,Size,"120x170, 160x230, 200x300, 240x340, 80x150",1,1,Brand,D-sign,1,1,Color,Green,1,1,Type of color,Multicolor,1,1,Shape,Rectangular,1,1,Material,Wool,1,1,Type of rug,Persian,1,1,Weave,Machinemade,1,1,Age,New,1,1,,,,,,,,,,,,,,,,,,yes,yes,,,,,,,,,,,,,,,,,,,,,,,,,,,,,
59439,variable,61331907-H,,D-sign Rug 1P0323 Beige,1,0,visible,D-sign Rug 1P0323 Beige,D-sign Rug 1P0323 Beige,,,taxable,,1,,,0,0,,,,,1,,,,"Rooms > Bedroom, Rooms > Living room, Rugs > Modern, Rugs, Rugs > Vintage",,,"https://rugshop.eu/wp-content/uploads/2021/11/carpet-wool-nain-ornament-frame-vintage-769951955-beige.jpg, https://rugshop.eu/wp-content/uploads/2021/11/carpet-wool-nain-ornament-frame-vintage-769951955-beige-1.jpg, https://rugshop.eu/wp-content/uploads/2021/11/carpet-wool-nain-ornament-frame-vintage-769951955-beige-2.jpg, https://rugshop.eu/wp-content/uploads/2021/11/carpet-wool-nain-ornament-frame-vintage-769951955-beige-3.jpg, https://rugshop.eu/wp-content/uploads/2021/11/carpet-wool-nain-ornament-frame-vintage-769951955-beige-4.jpg",,,,,,,,,2589,,,Size,"120x170, 160x230, 200x300, 240x340, 80x150",1,1,Brand,D-sign,1,1,Color,White-Beige,1,1,Type of color,Multicolor,1,1,Shape,Rectangular,1,1,Material,Wool,1,1,Type of rug,"Modern, Vintage / Colored Vintage",1,1,Weave,Machinemade,1,1,Age,New,1,1,,,,,,,,,,,,,,,,,,yes,yes,,,,,,,,,classic-editor,,,,,,,,,,,,,,,,,,,,
59440,variation,61331879,,D-sign Rug 1P0319 Red - 80x150,1,0,visible,,D-sign Rug 1P0319 Red 80x150,,,taxable,parent,1,10,,0,0,,150,80,0.8,0,,1416,2545,,,,,,,61331879-H,,,,,,1,,,Size,80x150,,1,,,,,,,,,,,,,,,,,,,,,,,,,,,,,,,,,,,,,80x150,,,,,,,,,,,,,,,,,,,,,,,,150298,,,,,,,,,,,,,,,,,,,
59441,variation,61336271,,D-sign Rug 1P0319 Red - 120x170,1,0,visible,,D-sign Rug 1P0319 Red 120x170,,,taxable,parent,1,5,,0,0,,170,120,0.8,0,,2215,3985,,,,,,,61331879-H,,,,,,2,,,Size,120x170,,1,,,,,,,,,,,,,,,,,,,,,,,,,,,,,,,,,,,,,120x170,,,,,,,,,,,,,,,,,,,,,,,,150299,,,,,,,,,,,,,,,,,,,
59442,variation,61336251,,D-sign Rug 1P0319 Red - 160x230,1,0,visible,,D-sign Rug 1P0319 Red 160x230,,,taxable,parent,1,6,,0,0,,230,160,0.8,0,,3780,6795,,,,,,,61331879-H,,,,,,3,,,Size,160x230,,1,,,,,,,,,,,,,,,,,,,,,,,,,,,,,,,,,,,,,160x230,,,,,,,,,,,,,,,,,,,,,,,,150300,,,,,,,,,,,,,,,,,,,
59443,variation,61336267,,D-sign Rug 1P0319 Red - 200x300,1,0,visible,,D-sign Rug 1P0319 Red 200x300,,,taxable,parent,1,3,,0,0,,300,200,0.8,0,,6050,10885,,,,,,,61331879-H,,,,,,4,,,Size,200x300,,1,,,,,,,,,,,,,,,,,,,,,,,,,,,,,,,,,,,,,200x300,,,,,,,,,,,,,,,,,,,,,,,,150301,,,,,,,,,,,,,,,,,,,
59444,variation,61336264,,D-sign Rug 1P0319 Red - 240x340,1,0,visible,,D-sign Rug 1P0319 Red 240x340,,,taxable,parent,1,2,,0,0,,340,240,0.8,0,,8120,14615,,,,,,,61331879-H,,,,,,5,,,Size,240x340,,1,,,,,,,,,,,,,,,,,,,,,,,,,,,,,,,,,,,,,240x340,,,,,,,,,,,,,,,,,,,,,,,,150302,,,,,,,,,,,,,,,,,,,
59446,variation,61331880,,D-sign Rug 1P0320 Beige - 80x150,1,0,visible,,D-sign Rug 1P0320 Beige 80x150,,,taxable,parent,0,0,,0,0,,150,80,0.8,0,,1416,2545,,,,,,,61331880-H,,,,,,1,,,Size,80x150,,1,,,,,,,,,,,,,,,,,,,,,,,,,,,,,,,,,,,,,80x150,,,,,,,,,,,,,,,,,,,,,,,,150313,,,,,,,,,,,,,,,,,,,
59447,variation,61336265,,D-sign Rug 1P0320 Beige - 120x170,1,0,visible,,D-sign Rug 1P0320 Beige 120x170,,,taxable,parent,1,4,,0,0,,170,120,0.8,0,,2215,3985,,,,,,,61331880-H,,,,,,2,,,Size,120x170,,1,,,,,,,,,,,,,,,,,,,,,,,,,,,,,,,,,,,,,120x170,,,,,,,,,,,,,,,,,,,,,,,,150309,,,,,,,,,,,,,,,,,,,
59448,variation,61336266,,D-sign Rug 1P0320 Beige - 160x230,1,0,visible,,D-sign Rug 1P0320 Beige 160x230,,,taxable,parent,1,1,,0,0,,230,160,0.8,0,,3780,6795,,,,,,,61331880-H,,,,,,3,,,Size,160x230,,1,,,,,,,,,,,,,,,,,,,,,,,,,,,,,,,,,,,,,160x230,,,,,,,,,,,,,,,,,,,,,,,,150310,,,,,,,,,,,,,,,,,,,
59449,variation,61336288,,D-sign Rug 1P0320 Beige - 200x300,1,0,visible,,D-sign Rug 1P0320 Beige 200x300,,,taxable,parent,1,4,,0,0,,300,200,0.8,0,,6050,10885,,,,,,,61331880-H,,,,,,4,,,Size,200x300,,1,,,,,,,,,,,,,,,,,,,,,,,,,,,,,,,,,,,,,200x300,,,,,,,,,,,,,,,,,,,,,,,,150311,,,,,,,,,,,,,,,,,,,
59450,variation,61336263,,D-sign Rug 1P0320 Beige - 240x340,1,0,visible,,D-sign Rug 1P0320 Beige 240x340,,,taxable,parent,1,3,,0,0,,340,240,0.8,0,,8120,14615,,,,,,,61331880-H,,,,,,5,,,Size,240x340,,1,,,,,,,,,,,,,,,,,,,,,,,,,,,,,,,,,,,,,240x340,,,,,,,,,,,,,,,,,,,,,,,,150312,,,,,,,,,,,,,,,,,,,
59452,variation,61331881,,D-sign Rug 1P0321 Beige - 80x150,1,0,visible,,D-sign Rug 1P0321 Beige 80x150,,,taxable,parent,0,0,,0,0,,150,80,0.8,0,,1416,2545,,,,,,,61331881-H,,,,,,1,,,Size,80x150,,1,,,,,,,,,,,,,,,,,,,,,,,,,,,,,,,,,,,,,80x150,,,,,,,,,,,,,,,,,,,,,,,,150314,,,,,,,,,,,,,,,,,,,
59453,variation,61336269,,D-sign Rug 1P0321 Beige - 120x170,1,0,visible,,D-sign Rug 1P0321 Beige 120x170,,,taxable,parent,0,0,,0,0,,170,120,0.8,0,,2215,3985,,,,,,,61331881-H,,,,,,2,,,Size,120x170,,1,,,,,,,,,,,,,,,,,,,,,,,,,,,,,,,,,,,,,120x170,,,,,,,,,,,,,,,,,,,,,,,,150315,,,,,,,,,,,,,,,,,,,
59454,variation,61336268,,D-sign Rug 1P0321 Beige - 160x230,1,0,visible,,D-sign Rug 1P0321 Beige 160x230,,,taxable,parent,0,0,,0,0,,230,160,0.8,0,,3780,6795,,,,,,,61331881-H,,,,,,3,,,Size,160x230,,1,,,,,,,,,,,,,,,,,,,,,,,,,,,,,,,,,,,,,160x230,,,,,,,,,,,,,,,,,,,,,,,,150316,,,,,,,,,,,,,,,,,,,
59455,variation,61336281,,D-sign Rug 1P0321 Beige - 200x300,1,0,visible,,D-sign Rug 1P0321 Beige 200x300,,,taxable,parent,0,0,,0,0,,300,200,0.8,0,,6050,10885,,,,,,,61331881-H,,,,,,4,,,Size,200x300,,1,,,,,,,,,,,,,,,,,,,,,,,,,,,,,,,,,,,,,200x300,,,,,,,,,,,,,,,,,,,,,,,,150317,,,,,,,,,,,,,,,,,,,
59456,variable,61331908-H,,D-sign Rug 1P0324 Beige,1,0,visible,D-sign Rug 1P0324 Beige,D-sign Rug 1P0324 Beige,,,taxable,,1,,,0,0,,,,,1,,,,"Rooms > Bedroom, Rooms > Living room, Rugs > Modern, Rugs",,,"https://rugshop.eu/wp-content/uploads/2021/11/carpet-wool-nain-geometric-770651955-beige-blue.jpg, https://rugshop.eu/wp-content/uploads/2021/11/carpet-wool-nain-geometric-770651955-beige-blue-1.jpg, https://rugshop.eu/wp-content/uploads/2021/11/carpet-wool-nain-geometric-770651955-beige-blue-2.jpg, https://rugshop.eu/wp-content/uploads/2021/11/carpet-wool-nain-geometric-770651955-beige-blue-3.jpg, https://rugshop.eu/wp-content/uploads/2021/11/carpet-wool-nain-geometric-770651955-beige-blue-4.jpg",,,,,,,,,2590,,,Size,"120x170, 160x230, 200x300, 240x340, 80x150",1,1,Brand,D-sign,1,1,Color,White-Beige,1,1,Type of color,Multicolor,1,1,Shape,Rectangular,1,1,Material,Wool,1,1,Type of rug,Modern,1,1,Weave,Machinemade,1,1,Age,New,1,1,,,,,,,,,,,,,,,,,,yes,yes,,,,,,,,,,,,,,,,,,,,,,,,,,,,,
59457,variable,61331915-H,,D-sign Rug 1P0325 Blue,1,0,visible,D-sign Rug 1P0325 Blue,D-sign Rug 1P0325 Blue,,,taxable,,1,,,0,0,,,,,1,,,,"Rooms > Bedroom, Rooms > Living room, Rugs > Modern, Rugs",,,"https://rugshop.eu/wp-content/uploads/2021/11/carpet-wool-nain-ornament-770851911-navy-orange.jpg, https://rugshop.eu/wp-content/uploads/2021/11/carpet-wool-nain-ornament-770851911-navy-orange-1.jpg, https://rugshop.eu/wp-content/uploads/2021/11/carpet-wool-nain-ornament-770851911-navy-orange-2.jpg, https://rugshop.eu/wp-content/uploads/2021/11/carpet-wool-nain-ornament-770851911-navy-orange-3.jpg, https://rugshop.eu/wp-content/uploads/2021/11/carpet-wool-nain-ornament-770851911-navy-orange-4.jpg",,,,,,,,,2591,,,Size,"120x170, 160x230, 200x300, 240x340, 80x150",1,1,Brand,D-sign,1,1,Color,Blue,1,1,Type of color,Multicolor,1,1,Shape,Rectangular,1,1,Material,Wool,1,1,Type of rug,Modern,1,1,Weave,Machinemade,1,1,Age,New,1,1,,,,,,,,,,,,,,,,,,yes,yes,,,,,,,,,,,,,,,,,,,,,,,,,,,,,
59458,variation,61336270,,D-sign Rug 1P0321 Beige - 240x340,1,0,visible,,D-sign Rug 1P0321 Beige 240x340,,,taxable,parent,1,1,,0,0,,340,240,0.8,0,,8120,14615,,,,,,,61331881-H,,,,,,5,,,Size,240x340,,1,,,,,,,,,,,,,,,,,,,,,,,,,,,,,,,,,,,,,240x340,,,,,,,,,,,,,,,,,,,,,,,,150318,,,,,,,,,,,,,,,,,,,
59466,variation,61331900,,D-sign Rug 1P0301 Green - 80x150,1,0,visible,,D-sign Rug 1P0301 Green 80x150,,,taxable,parent,0,0,,0,0,,150,80,0.8,0,,1416,2545,,,,,,,61331900-H,,,,,,1,,,Size,80x150,,1,,,,,,,,,,,,,,,,,,,,,,,,,,,,,,,,,,,,,80x150,,,,,,,,,,,,,,,,,,,,,,,,150324,,,,,,,,,,,,,,,,,,,
59467,variation,61336289,,D-sign Rug 1P0301 Green - 120x170,1,0,visible,,D-sign Rug 1P0301 Green 120x170,,,taxable,parent,0,0,,0,0,,170,120,0.8,0,,2215,3985,,,,,,,61331900-H,,,,,,2,,,Size,120x170,,1,,,,,,,,,,,,,,,,,,,,,,,,,,,,,,,,,,,,,120x170,,,,,,,,,,,,,,,,,,,,,,,,150325,,,,,,,,,,,,,,,,,,,
59468,variation,61336285,,D-sign Rug 1P0301 Green - 160x230,1,0,visible,,D-sign Rug 1P0301 Green 160x230,,,taxable,parent,0,0,,0,0,,230,160,0.8,0,,3780,6795,,,,,,,61331900-H,,,,,,3,,,Size,160x230,,1,,,,,,,,,,,,,,,,,,,,,,,,,,,,,,,,,,,,,160x230,,,,,,,,,,,,,,,,,,,,,,,,150326,,,,,,,,,,,,,,,,,,,
59469,variation,61336284,,D-sign Rug 1P0301 Green - 200x300,1,0,visible,,D-sign Rug 1P0301 Green 200x300,,,taxable,parent,1,5,,0,0,,300,200,0.8,0,,6050,10885,,,,,,,61331900-H,,,,,,4,,,Size,200x300,,1,,,,,,,,,,,,,,,,,,,,,,,,,,,,,,,,,,,,,200x300,,,,,,,,,,,,,,,,,,,,,,,,150327,,,,,,,,,,,,,,,,,,,
59470,variation,61336287,,D-sign Rug 1P0301 Green - 240x340,1,0,visible,,D-sign Rug 1P0301 Green 240x340,,,taxable,parent,0,0,,0,0,,340,240,0.8,0,,8120,14615,,,,,,,61331900-H,,,,,,5,,,Size,240x340,,1,,,,,,,,,,,,,,,,,,,,,,,,,,,,,,,,,,,,,240x340,,,,,,,,,,,,,,,,,,,,,,,,150328,,,,,,,,,,,,,,,,,,,
59472,variable,61331914-H,,D-sign Rug 1P0326 Red,1,0,visible,D-sign Rug 1P0326 Red,D-sign Rug 1P0326 Red,,,taxable,,1,,,0,0,,,,,1,,,,"Rooms > Bedroom, Rooms > Living room, Rugs > Modern, Rugs",,,"https://rugshop.eu/wp-content/uploads/2021/11/carpet-wool-nain-geometric-771051944-red-blue.jpg, https://rugshop.eu/wp-content/uploads/2021/11/carpet-wool-nain-geometric-771051944-red-blue-1.jpg, https://rugshop.eu/wp-content/uploads/2021/11/carpet-wool-nain-geometric-771051944-red-blue-2.jpg, https://rugshop.eu/wp-content/uploads/2021/11/carpet-wool-nain-geometric-771051944-red-blue-3.jpg, https://rugshop.eu/wp-content/uploads/2021/11/carpet-wool-nain-geometric-771051944-red-blue-4.jpg",,,,,,,,,2592,,,Size,"120x170, 160x230, 200x300, 240x340, 80x150",1,1,Brand,D-sign,1,1,Color,"Blue, Red",1,1,Type of color,Multicolor,1,1,Shape,Rectangular,1,1,Material,Wool,1,1,Type of rug,Modern,1,1,Weave,Machinemade,1,1,Age,New,1,1,,,,,,,,,,,,,,,,,,yes,yes,,,,,,,,,,,,,,,,,,,,,,,,,,,,,
59473,variable,61331918-H,,D-sign Rug 1P0327 Beige,1,0,visible,D-sign Rug 1P0327 Beige,D-sign Rug 1P0327 Beige,,,taxable,,1,,,0,0,,,,,1,,,,"Rooms > Bedroom, Rooms > Living room, Rugs > Modern, Rugs, Rugs > Vintage",,,"https://rugshop.eu/wp-content/uploads/2021/11/carpet-wool-nain-ornament-vintage-770051922-beige-navy-terracotta.jpg, https://rugshop.eu/wp-content/uploads/2021/11/carpet-wool-nain-ornament-vintage-770051922-beige-navy-terracotta-1.jpg, https://rugshop.eu/wp-content/uploads/2021/11/carpet-wool-nain-ornament-vintage-770051922-beige-navy-terracotta-2.jpg, https://rugshop.eu/wp-content/uploads/2021/11/carpet-wool-nain-ornament-vintage-770051922-beige-navy-terracotta-3.jpg, https://rugshop.eu/wp-content/uploads/2021/11/carpet-wool-nain-ornament-vintage-770051922-beige-navy-terracotta-4.jpg",,,,,,,,,2593,,,Size,"120x170, 160x230, 200x300, 240x340, 80x150",1,1,Brand,D-sign,1,1,Color,White-Beige,1,1,Type of color,Multicolor,1,1,Shape,Rectangular,1,1,Material,Wool,1,1,Type of rug,"Modern, Vintage / Colored Vintage",1,1,Weave,Machinemade,1,1,Age,New,1,1,,,,,,,,,,,,,,,,,,yes,yes,,,,,,,,,classic-editor,,,,,,,,,,,,,,,,,,,,
59475,variation,61331907,,D-sign Rug 1P0323 Beige - 80x150,1,0,visible,,D-sign Rug 1P0323 Beige 80x150,,,taxable,parent,1,5,,0,0,,150,80,0.8,0,,1416,2545,,,,,,,61331907-H,,,,,,1,,,Size,80x150,,1,,,,,,,,,,,,,,,,,,,,,,,,,,,,,,,,,,,,,80x150,,,,,,,,,,,,,,,,,,,,,,,,150329,,,,,,,,,,,,,,,,,,,
59476,variation,61336295,,D-sign Rug 1P0323 Beige - 120x170,1,0,visible,,D-sign Rug 1P0323 Beige 120x170,,,taxable,parent,0,0,,0,0,,170,120,0.8,0,,2215,3985,,,,,,,61331907-H,,,,,,2,,,Size,120x170,,1,,,,,,,,,,,,,,,,,,,,,,,,,,,,,,,,,,,,,120x170,,,,,,,,,,,,,,,,,,,,,,,,150330,,,,,,,,,,,,,,,,,,,
59477,variation,61336294,,D-sign Rug 1P0323 Beige - 160x230,1,0,visible,,D-sign Rug 1P0323 Beige 160x230,,,taxable,parent,0,0,,0,0,,230,160,0.8,0,,3780,6795,,,,,,,61331907-H,,,,,,3,,,Size,160x230,,1,,,,,,,,,,,,,,,,,,,,,,,,,,,,,,,,,,,,,160x230,,,,,,,,,,,,,,,,,,,,,,,,150331,,,,,,,,,,,,,,,,,,,
59478,variation,61336293,,D-sign Rug 1P0323 Beige - 200x300,1,0,visible,,D-sign Rug 1P0323 Beige 200x300,,,taxable,parent,0,0,,0,0,,300,200,0.8,0,,6050,10885,,,,,,,61331907-H,,,,,,4,,,Size,200x300,,1,,,,,,,,,,,,,,,,,,,,,,,,,,,,,,,,,,,,,200x300,,,,,,,,,,,,,,,,,,,,,,,,150332,,,,,,,,,,,,,,,,,,,
59479,variation,61336292,,D-sign Rug 1P0323 Beige - 240x340,1,0,visible,,D-sign Rug 1P0323 Beige 240x340,,,taxable,parent,1,1,,0,0,,340,240,0.8,0,,8120,14615,,,,,,,61331907-H,,,,,,5,,,Size,240x340,,1,,,,,,,,,,,,,,,,,,,,,,,,,,,,,,,,,,,,,240x340,,,,,,,,,,,,,,,,,,,,,,,,150333,,,,,,,,,,,,,,,,,,,
59481,variation,61331908,,D-sign Rug 1P0324 Beige - 80x150,1,0,visible,,D-sign Rug 1P0324 Beige 80x150,,,taxable,parent,1,2,,0,0,,150,80,0.8,0,,1416,2545,,,,,,,61331908-H,,,,,,1,,,Size,80x150,,1,,,,,,,,,,,,,,,,,,,,,,,,,,,,,,,,,,,,,80x150,,,,,,,,,,,,,,,,,,,,,,,,150334,,,,,,,,,,,,,,,,,,,
59482,variation,61336302,,D-sign Rug 1P0324 Beige - 120x170,1,0,visible,,D-sign Rug 1P0324 Beige 120x170,,,taxable,parent,1,4,,0,0,,170,120,0.8,0,,2215,3985,,,,,,,61331908-H,,,,,,2,,,Size,120x170,,1,,,,,,,,,,,,,,,,,,,,,,,,,,,,,,,,,,,,,120x170,,,,,,,,,,,,,,,,,,,,,,,,150335,,,,,,,,,,,,,,,,,,,
59483,variation,61336299,,D-sign Rug 1P0324 Beige - 160x230,1,0,visible,,D-sign Rug 1P0324 Beige 160x230,,,taxable,parent,0,0,,0,0,,230,160,0.8,0,,3780,6795,,,,,,,61331908-H,,,,,,3,,,Size,160x230,,1,,,,,,,,,,,,,,,,,,,,,,,,,,,,,,,,,,,,,160x230,,,,,,,,,,,,,,,,,,,,,,,,150336,,,,,,,,,,,,,,,,,,,
59484,variation,61336296,,D-sign Rug 1P0324 Beige - 200x300,1,0,visible,,D-sign Rug 1P0324 Beige 200x300,,,taxable,parent,1,3,,0,0,,300,200,0.8,0,,6050,10885,,,,,,,61331908-H,,,,,,4,,,Size,200x300,,1,,,,,,,,,,,,,,,,,,,,,,,,,,,,,,,,,,,,,200x300,,,,,,,,,,,,,,,,,,,,,,,,150337,,,,,,,,,,,,,,,,,,,
59485,variation,61336298,,D-sign Rug 1P0324 Beige - 240x340,1,0,visible,,D-sign Rug 1P0324 Beige 240x340,,,taxable,parent,0,0,,0,0,,340,240,0.8,0,,8120,14615,,,,,,,61331908-H,,,,,,5,,,Size,240x340,,1,,,,,,,,,,,,,,,,,,,,,,,,,,,,,,,,,,,,,240x340,,,,,,,,,,,,,,,,,,,,,,,,150338,,,,,,,,,,,,,,,,,,,
59487,variation,61331915,,D-sign Rug 1P0325 Blue - 80x150,1,0,visible,,D-sign Rug 1P0325 Blue 80x150,,,taxable,parent,1,5,,0,0,,150,80,0.8,0,,1416,2545,,,,,,,61331915-H,,,,,,1,,,Size,80x150,,1,,,,,,,,,,,,,,,,,,,,,,,,,,,,,,,,,,,,,80x150,,,,,,,,,,,,,,,,,,,,,,,,150339,,,,,,,,,,,,,,,,,,,
59488,variation,61336308,,D-sign Rug 1P0325 Blue - 120x170,1,0,visible,,D-sign Rug 1P0325 Blue 120x170,,,taxable,parent,0,0,,0,0,,170,120,0.8,0,,2215,3985,,,,,,,61331915-H,,,,,,2,,,Size,120x170,,1,,,,,,,,,,,,,,,,,,,,,,,,,,,,,,,,,,,,,120x170,,,,,,,,,,,,,,,,,,,,,,,,150340,,,,,,,,,,,,,,,,,,,
59489,variation,61336309,,D-sign Rug 1P0325 Blue - 160x230,1,0,visible,,D-sign Rug 1P0325 Blue 160x230,,,taxable,parent,0,0,,0,0,,230,160,0.8,0,,3780,6795,,,,,,,61331915-H,,,,,,3,,,Size,160x230,,1,,,,,,,,,,,,,,,,,,,,,,,,,,,,,,,,,,,,,160x230,,,,,,,,,,,,,,,,,,,,,,,,150341,,,,,,,,,,,,,,,,,,,
59490,variation,61336301,,D-sign Rug 1P0325 Blue - 200x300,1,0,visible,,D-sign Rug 1P0325 Blue 200x300,,,taxable,parent,0,0,,0,0,,300,200,0.8,0,,6050,10885,,,,,,,61331915-H,,,,,,4,,,Size,200x300,,1,,,,,,,,,,,,,,,,,,,,,,,,,,,,,,,,,,,,,200x300,,,,,,,,,,,,,,,,,,,,,,,,150342,,,,,,,,,,,,,,,,,,,
59491,variation,61336314,,D-sign Rug 1P0325 Blue - 240x340,1,0,visible,,D-sign Rug 1P0325 Blue 240x340,,,taxable,parent,0,0,,0,0,,340,240,0.8,0,,8120,14615,,,,,,,61331915-H,,,,,,5,,,Size,240x340,,1,,,,,,,,,,,,,,,,,,,,,,,,,,,,,,,,,,,,,240x340,,,,,,,,,,,,,,,,,,,,,,,,150343,,,,,,,,,,,,,,,,,,,
59493,variation,61331914,,D-sign Rug 1P0326 Red - 80x150,1,0,visible,,D-sign Rug 1P0326 Red 80x150,,,taxable,parent,1,15,,0,0,,150,80,0.8,0,,1416,2545,,,,,,,61331914-H,,,,,,1,,,Size,80x150,,1,,,,,,,,,,,,,,,,,,,,,,,,,,,,,,,,,,,,,80x150,,,,,,,,,,,,,,,,,,,,,,,,150551,,,,,,,,,,,,,,,,,,,
59494,variation,61336300,,D-sign Rug 1P0326 Red - 120x170,1,0,visible,,D-sign Rug 1P0326 Red 120x170,,,taxable,parent,1,6,,0,0,,170,120,0.8,0,,2215,3985,,,,,,,61331914-H,,,,,,2,,,Size,120x170,,1,,,,,,,,,,,,,,,,,,,,,,,,,,,,,,,,,,,,,120x170,,,,,,,,,,,,,,,,,,,,,,,,150552,,,,,,,,,,,,,,,,,,,
59495,variation,61336310,,D-sign Rug 1P0326 Red - 160x230,1,0,visible,,D-sign Rug 1P0326 Red 160x230,,,taxable,parent,1,9,,0,0,,230,160,0.8,0,,3780,6795,,,,,,,61331914-H,,,,,,3,,,Size,160x230,,1,,,,,,,,,,,,,,,,,,,,,,,,,,,,,,,,,,,,,160x230,,,,,,,,,,,,,,,,,,,,,,,,150553,,,,,,,,,,,,,,,,,,,
59496,variation,61336306,,D-sign Rug 1P0326 Red - 200x300,1,0,visible,,D-sign Rug 1P0326 Red 200x300,,,taxable,parent,1,2,,0,0,,300,200,0.8,0,,6050,10885,,,,,,,61331914-H,,,,,,4,,,Size,200x300,,1,,,,,,,,,,,,,,,,,,,,,,,,,,,,,,,,,,,,,200x300,,,,,,,,,,,,,,,,,,,,,,,,150554,,,,,,,,,,,,,,,,,,,
59497,variation,61336311,,D-sign Rug 1P0326 Red - 240x340,1,0,visible,,D-sign Rug 1P0326 Red 240x340,,,taxable,parent,0,0,,0,0,,340,240,0.8,0,,8120,14615,,,,,,,61331914-H,,,,,,5,,,Size,240x340,,1,,,,,,,,,,,,,,,,,,,,,,,,,,,,,,,,,,,,,240x340,,,,,,,,,,,,,,,,,,,,,,,,150555,,,,,,,,,,,,,,,,,,,
59499,variation,61331918,,D-sign Rug 1P0327 Beige - 80x150,1,0,visible,,D-sign Rug 1P0327 Beige 80x150,,,taxable,parent,0,0,,0,0,,150,80,0.8,0,,1416,2545,,,,,,,61331918-H,,,,,,1,,,Size,80x150,,1,,,,,,,,,,,,,,,,,,,,,,,,,,,,,,,,,,,,,80x150,,,,,,,,,,,,,,,,,,,,,,,,153086,,,,,,,,,,,,,,,,,,,
59500,variation,61336321,,D-sign Rug 1P0327 Beige - 120x170,1,0,visible,,D-sign Rug 1P0327 Beige 120x170,,,taxable,parent,1,3,,0,0,,170,120,0.8,0,,2215,3985,,,,,,,61331918-H,,,,,,2,,,Size,120x170,,1,,,,,,,,,,,,,,,,,,,,,,,,,,,,,,,,,,,,,120x170,,,,,,,,,,,,,,,,,,,,,,,,153087,,,,,,,,,,,,,,,,,,,
59501,variation,61336307,,D-sign Rug 1P0327 Beige - 160x230,1,0,visible,,D-sign Rug 1P0327 Beige 160x230,,,taxable,parent,0,0,,0,0,,230,160,0.8,0,,3780,6795,,,,,,,61331918-H,,,,,,3,,,Size,160x230,,1,,,,,,,,,,,,,,,,,,,,,,,,,,,,,,,,,,,,,160x230,,,,,,,,,,,,,,,,,,,,,,,,153088,,,,,,,,,,,,,,,,,,,
59502,variation,61336319,,D-sign Rug 1P0327 Beige - 200x300,1,0,visible,,D-sign Rug 1P0327 Beige 200x300,,,taxable,parent,1,2,,0,0,,300,200,0.8,0,,6050,10885,,,,,,,61331918-H,,,,,,4,,,Size,200x300,,1,,,,,,,,,,,,,,,,,,,,,,,,,,,,,,,,,,,,,200x300,,,,,,,,,,,,,,,,,,,,,,,,153089,,,,,,,,,,,,,,,,,,,
59503,variation,61336305,,D-sign Rug 1P0327 Beige - 240x340,1,0,visible,,D-sign Rug 1P0327 Beige 240x340,,,taxable,parent,0,0,,0,0,,340,240,0.8,0,,8120,14615,,,,,,,61331918-H,,,,,,5,,,Size,240x340,,1,,,,,,,,,,,,,,,,,,,,,,,,,,,,,,,,,,,,,240x340,,,,,,,,,,,,,,,,,,,,,,,,153090,,,,,,,,,,,,,,,,,,,
61235,variable,61322983-H,,D-sign Rug 1P0037 Anthracite,1,0,visible,D-sign Rug 1P0037 Anthracite,D-sign Rug 1P0037 Anthracite,,,taxable,,1,,,0,0,,,,,1,,,,"Rooms > Bedroom, Rooms > Living room, Rugs > Modern, Rugs",,,"https://rugshop.eu/wp-content/uploads/2021/11/modern-washing-carpet-ildo-71181070-circle-anthracite-grey.jpg, https://rugshop.eu/wp-content/uploads/2021/11/modern-washing-carpet-ildo-71181070-circle-anthracite-grey-1.jpg, https://rugshop.eu/wp-content/uploads/2021/11/modern-washing-carpet-ildo-71181070-circle-anthracite-grey-2.jpg, https://rugshop.eu/wp-content/uploads/2021/11/modern-washing-carpet-ildo-71181070-circle-anthracite-grey-3.jpg, https://rugshop.eu/wp-content/uploads/2021/11/modern-washing-carpet-ildo-71181070-circle-anthracite-grey-4.jpg",,,,,,,,,2364,,,Size,"120, 160, 200, 80",1,1,Brand,D-sign,1,1,Color,Black-Grey,1,1,Type of color,Singlecolor,1,1,Shape,Round,1,1,Material,Polypropylene,1,1,Type of rug,Modern,1,1,Weave,Machinemade,1,1,Age,New,1,1,,,,,,,,,,,,,,,,,,yes,yes,,,,,,,,,classic-editor,,,,,,,,,,,,,,,,,,,,
61236,variable,61334924-H,,D-sign Rug 1P0143 Black,1,0,hidden,D-sign Rug 1P0143 Black,D-sign Rug 1P0143 Black,,,taxable,,1,,,0,0,,,,,1,,,,"Rooms > Bedroom, Rugs > Modern, Rugs, Sale, Rugs > Shaggy",Sale,,"https://rugshop.eu/wp-content/uploads/2021/11/carpet-soffi-circle-shaggy-5cm-black.jpg, https://rugshop.eu/wp-content/uploads/2021/11/carpet-soffi-circle-shaggy-5cm-black-1.jpg, https://rugshop.eu/wp-content/uploads/2021/11/carpet-soffi-circle-shaggy-5cm-black-2.jpg, https://rugshop.eu/wp-content/uploads/2021/11/carpet-soffi-circle-shaggy-5cm-black-3.jpg, https://rugshop.eu/wp-content/uploads/2021/11/carpet-soffi-circle-shaggy-5cm-black-4.jpg",,,,,,,,,2455,,,Size,"100, 120, 160, 80",1,1,Brand,D-sign,1,1,Color,Black-Grey,1,1,Type of color,Singlecolor,1,1,Shape,Round,1,1,Material,Polypropylene,1,1,Type of rug,"Modern, Rya / Shaggy",1,1,Weave,Machinemade,1,1,Age,New,1,1,,,,,,,,,,,,,,,,,,yes,,,,,,,,,,classic-editor,,,,,,,,,,,,,,,,,,,,
61237,variable,61334923-H,,D-sign Rug 1P0144 Pink,1,0,hidden,D-sign Rug 1P0144 Pink,D-sign Rug 1P0144 Pink,,,taxable,,1,,,0,0,,,,,1,,,,"Rooms > Bedroom, Rugs > Modern, Rugs, Sale, Rugs > Shaggy",Sale,,"https://rugshop.eu/wp-content/uploads/2021/11/carpet-soffi-circle-shaggy-5cm-blush-pink.jpg, https://rugshop.eu/wp-content/uploads/2021/11/carpet-soffi-circle-shaggy-5cm-blush-pink-1.jpg, https://rugshop.eu/wp-content/uploads/2021/11/carpet-soffi-circle-shaggy-5cm-blush-pink-2.jpg, https://rugshop.eu/wp-content/uploads/2021/11/carpet-soffi-circle-shaggy-5cm-blush-pink-3.jpg, https://rugshop.eu/wp-content/uploads/2021/11/carpet-soffi-circle-shaggy-5cm-blush-pink-4.jpg",,,,,,,,,2456,,,Size,"100, 120, 160, 80",1,1,Brand,D-sign,1,1,Color,Pink-Purple,1,1,Type of color,Singlecolor,1,1,Shape,Round,1,1,Material,Polypropylene,1,1,Type of rug,"Modern, Rya / Shaggy",1,1,Weave,Machinemade,1,1,Age,New,1,1,,,,,,,,,,,,,,,,,,yes,,,,,,,,,,classic-editor,,,,,,,,,,,,,,,,,,,,
61238,variable,61326668-H,,D-sign Rug 1P0145 Green,1,0,hidden,D-sign Rug 1P0145 Green,D-sign Rug 1P0145 Green,,,taxable,,1,,,0,0,,,,,1,,,,"Rooms > Bedroom, Rugs > Modern, Rugs, Sale, Rugs > Shaggy",Sale,,"https://rugshop.eu/wp-content/uploads/2021/11/carpet-soffi-circle-shaggy-5cm-bottle-green.jpg, https://rugshop.eu/wp-content/uploads/2021/11/carpet-soffi-circle-shaggy-5cm-bottle-green-1.jpg, https://rugshop.eu/wp-content/uploads/2021/11/carpet-soffi-circle-shaggy-5cm-bottle-green-2.jpg, https://rugshop.eu/wp-content/uploads/2021/11/carpet-soffi-circle-shaggy-5cm-bottle-green-3.jpg, https://rugshop.eu/wp-content/uploads/2021/11/carpet-soffi-circle-shaggy-5cm-bottle-green-4.jpg",,,,,,,,,2457,,,Size,"100, 120, 160, 80",1,1,Brand,D-sign,1,1,Color,Green,1,1,Type of color,Singlecolor,1,1,Shape,Round,1,1,Material,Polypropylene,1,1,Type of rug,"Modern, Rya / Shaggy",1,1,Weave,Machinemade,1,1,Age,New,1,1,,,,,,,,,,,,,,,,,,yes,,,,,,,,,,classic-editor,,,,,,,,,,,,,,,,,,,,
61239,variable,61334929-H,,D-sign Rug 1P0146 Brown,1,0,hidden,D-sign Rug 1P0146 Brown,D-sign Rug 1P0146 Brown,,,taxable,,1,,,0,0,,,,,1,,,,"Rooms > Bedroom, Rugs > Modern, Rugs, Sale, Rugs > Shaggy",Sale,,"https://rugshop.eu/wp-content/uploads/2021/11/carpet-soffi-circle-shaggy-5cm-brown.jpg, https://rugshop.eu/wp-content/uploads/2021/11/carpet-soffi-circle-shaggy-5cm-brown-1.jpg, https://rugshop.eu/wp-content/uploads/2021/11/carpet-soffi-circle-shaggy-5cm-brown-2.jpg, https://rugshop.eu/wp-content/uploads/2021/11/carpet-soffi-circle-shaggy-5cm-brown-3.jpg, https://rugshop.eu/wp-content/uploads/2021/11/carpet-soffi-circle-shaggy-5cm-brown-4.jpg",,,,,,,,,2458,,,Size,"100, 120, 160, 80",1,1,Brand,D-sign,1,1,Color,Yellow-Brown,1,1,Type of color,Singlecolor,1,1,Shape,Round,1,1,Material,Polypropylene,1,1,Type of rug,"Modern, Rya / Shaggy",1,1,Weave,Machinemade,1,1,Age,New,1,1,,,,,,,,,,,,,,,,,,yes,,,,,,,,,,classic-editor,,,,,,,,,,,,,,,,,,,,
61247,variable,61334928-H,,D-sign Rug 1P0147 Creme,1,0,hidden,D-sign Rug 1P0147 Creme,D-sign Rug 1P0147 Creme,,,taxable,,1,,,0,0,,,,,1,,,,"Rooms > Bedroom, Rugs > Modern, Rugs, Sale, Rugs > Shaggy",Sale,,"https://rugshop.eu/wp-content/uploads/2021/11/carpet-soffi-circle-shaggy-5cm-cream.jpg, https://rugshop.eu/wp-content/uploads/2021/11/carpet-soffi-circle-shaggy-5cm-cream-1.jpg, https://rugshop.eu/wp-content/uploads/2021/11/carpet-soffi-circle-shaggy-5cm-cream-2.jpg, https://rugshop.eu/wp-content/uploads/2021/11/carpet-soffi-circle-shaggy-5cm-cream-3.jpg, https://rugshop.eu/wp-content/uploads/2021/11/carpet-soffi-circle-shaggy-5cm-cream-4.jpg",,,,,,,,,2459,,,Size,"100, 120, 160, 80",1,1,Brand,D-sign,1,1,Color,White-Beige,1,1,Type of color,Singlecolor,1,1,Shape,Round,1,1,Material,Polypropylene,1,1,Type of rug,"Modern, Rya / Shaggy",1,1,Weave,Machinemade,1,1,Age,New,1,1,,,,,,,,,,,,,,,,,,yes,,,,,,,,,,classic-editor,,,,,,,,,,,,,,,,,,,,
61250,variation,61322966,,D-sign Rug 1P0037 Anthracite - 120,1,0,visible,,D-sign Rug 1P0037 Anthracite 120,,,taxable,parent,0,0,,0,0,,120,120,1.1,0,,728,1305,,,,,,,61322983-H,,,,,,1,,,Size,120,,1,,,,,,,,,,,,,,,,,,,,,,,,,,,,,,,,,,,,,120,,,,,,,,,,,,,,,,,,,,,,,,103500,,,,,,,,,,,,,,,,,,,
61251,variation,61322985,,D-sign Rug 1P0037 Anthracite - 160,1,0,visible,,D-sign Rug 1P0037 Anthracite 160,,,taxable,parent,1,7,,0,0,,160,160,1.1,0,,1054,1895,,,,,,,61322983-H,,,,,,2,,,Size,160,,1,,,,,,,,,,,,,,,,,,,,,,,,,,,,,,,,,,,,,160,,,,,,,,,,,,,,,,,,,,,,,,103501,,,,,,,,,,,,,,,,,,,
61252,variation,61322986,,D-sign Rug 1P0037 Anthracite - 200,1,0,visible,,D-sign Rug 1P0037 Anthracite 200,,,taxable,parent,1,5,,0,0,,200,200,1.1,0,,1478,2655,,,,,,,61322983-H,,,,,,3,,,Size,200,,1,,,,,,,,,,,,,,,,,,,,,,,,,,,,,,,,,,,,,200,,,,,,,,,,,,,,,,,,,,,,,,103502,,,,,,,,,,,,,,,,,,,
61253,variation,61322983,,D-sign Rug 1P0037 Anthracite - 80,1,0,visible,,D-sign Rug 1P0037 Anthracite 80,,,taxable,parent,1,11,,0,0,,80,80,1.1,0,,467,835,,,,,,,61322983-H,,,,,,4,,,Size,80,,1,,,,,,,,,,,,,,,,,,,,,,,,,,,,,,,,,,,,,80,,,,,,,,,,,,,,,,,,,,,,,,103499,,,,,,,,,,,,,,,,,,,
61255,variation,61326664,,D-sign Rug 1P0143 Black - 100,1,0,hidden,,D-sign Rug 1P0143 Black 100,,,taxable,parent,1,120,,0,0,,100,100,5,0,,"447,5",895,,,,,,,61334924-H,,,,,,1,,,Size,100,,1,,,,,,,,,,,,,,,,,,,,,,,,,,,,,,,,,,,,,,,,,,,,,,,,,,,,,,,,,,,,,135477,,,,,,,,,,,,,,,,,,,
61256,variable,61334972-H,,D-sign Rug 1P0148 Gold,1,0,hidden,D-sign Rug 1P0148 Gold,D-sign Rug 1P0148 Gold,,,taxable,,1,,,0,0,,,,,1,,,,"Rooms > Bedroom, Rugs > Modern, Rugs, Sale, Rugs > Shaggy",Sale,,"https://rugshop.eu/wp-content/uploads/2021/11/carpet-soffi-circle-shaggy-5cm-gold.jpg, https://rugshop.eu/wp-content/uploads/2021/11/carpet-soffi-circle-shaggy-5cm-gold-1.jpg, https://rugshop.eu/wp-content/uploads/2021/11/carpet-soffi-circle-shaggy-5cm-gold-2.jpg, https://rugshop.eu/wp-content/uploads/2021/11/carpet-soffi-circle-shaggy-5cm-gold-3.jpg, https://rugshop.eu/wp-content/uploads/2021/11/carpet-soffi-circle-shaggy-5cm-gold-4.jpg",,,,,,,,,2460,,,Size,"100, 120, 160, 80",1,1,Brand,D-sign,1,1,Color,Yellow-Brown,1,1,Type of color,Singlecolor,1,1,Shape,Round,1,1,Material,Polypropylene,1,1,Type of rug,"Modern, Rya / Shaggy",1,1,Weave,Machinemade,1,1,Age,New,1,1,,,,,,,,,,,,,,,,,,yes,,,,,,,,,,classic-editor,,,,,,,,,,,,,,,,,,,,
61257,variable,61334975-H,,D-sign Rug 1P0149 Grey,1,0,hidden,D-sign Rug 1P0149 Grey,D-sign Rug 1P0149 Grey,,,taxable,,1,,,0,0,,,,,1,,,,"Rooms > Bedroom, Rugs > Modern, Rugs, Sale, Rugs > Shaggy",Sale,,"https://rugshop.eu/wp-content/uploads/2021/11/carpet-soffi-circle-shaggy-5cm-grey.jpg, https://rugshop.eu/wp-content/uploads/2021/11/carpet-soffi-circle-shaggy-5cm-grey-1.jpg, https://rugshop.eu/wp-content/uploads/2021/11/carpet-soffi-circle-shaggy-5cm-grey-2.jpg, https://rugshop.eu/wp-content/uploads/2021/11/carpet-soffi-circle-shaggy-5cm-grey-3.jpg, https://rugshop.eu/wp-content/uploads/2021/11/carpet-soffi-circle-shaggy-5cm-grey-4.jpg",,,,,,,,,2461,,,Size,"100, 120, 160, 80",1,1,Brand,D-sign,1,1,Color,Black-Grey,1,1,Type of color,Singlecolor,1,1,Shape,Round,1,1,Material,Polypropylene,1,1,Type of rug,"Modern, Rya / Shaggy",1,1,Weave,Machinemade,1,1,Age,New,1,1,,,,,,,,,,,,,,,,,,yes,,,,,,,,,,classic-editor,,,,,,,,,,,,,,,,,,,,
61258,variation,61334932,,D-sign Rug 1P0143 Black - 120,1,0,hidden,,D-sign Rug 1P0143 Black 120,,,taxable,parent,1,34,,0,0,,120,120,5,0,,"537,5",1075,,,,,,,61334924-H,,,,,,2,,,Size,120,,1,,,,,,,,,,,,,,,,,,,,,,,,,,,,,,,,,,,,,,,,,,,,,,,,,,,,,,,,,,,,,135478,,,,,,,,,,,,,,,,,,,
61259,variation,61334926,,D-sign Rug 1P0143 Black - 160,1,0,hidden,,D-sign Rug 1P0143 Black 160,,,taxable,parent,1,37,,0,0,,160,160,5,0,,"772,5",1545,,,,,,,61334924-H,,,,,,3,,,Size,160,,1,,,,,,,,,,,,,,,,,,,,,,,,,,,,,,,,,,,,,,,,,,,,,,,,,,,,,,,,,,,,,135479,,,,,,,,,,,,,,,,,,,
61260,variation,61334924,,D-sign Rug 1P0143 Black - 80,1,0,hidden,,D-sign Rug 1P0143 Black 80,,,taxable,parent,1,119,,0,0,,80,80,5,0,,"387,5",775,,,,,,,61334924-H,,,,,,4,,,Size,80,,1,,,,,,,,,,,,,,,,,,,,,,,,,,,,,,,,,,,,,,,,,,,,,,,,,,,,,,,,,,,,,135476,,,,,,,,,,,,,,,,,,,
61262,variation,61326665,,D-sign Rug 1P0144 Pink - 100,1,0,hidden,,D-sign Rug 1P0144 Pink 100,,,taxable,parent,1,72,,0,0,,100,100,5,0,,"447,5",895,,,,,,,61334923-H,,,,,,1,,,Size,100,,1,,,,,,,,,,,,,,,,,,,,,,,,,,,,,,,,,,,,,,,,,,,,,,,,,,,,,,,,,,,,,135488,,,,,,,,,,,,,,,,,,,
61263,variation,61334925,,D-sign Rug 1P0144 Pink - 120,1,0,hidden,,D-sign Rug 1P0144 Pink 120,,,taxable,parent,1,34,,0,0,,120,120,5,0,,"537,5",1075,,,,,,,61334923-H,,,,,,2,,,Size,120,,1,,,,,,,,,,,,,,,,,,,,,,,,,,,,,,,,,,,,,,,,,,,,,,,,,,,,,,,,,,,,,135489,,,,,,,,,,,,,,,,,,,
61264,variation,61334931,,D-sign Rug 1P0144 Pink - 160,1,0,hidden,,D-sign Rug 1P0144 Pink 160,,,taxable,parent,1,7,,0,0,,160,160,5,0,,"772,5",1545,,,,,,,61334923-H,,,,,,3,,,Size,160,,1,,,,,,,,,,,,,,,,,,,,,,,,,,,,,,,,,,,,,,,,,,,,,,,,,,,,,,,,,,,,,135490,,,,,,,,,,,,,,,,,,,
61265,variation,61334923,,D-sign Rug 1P0144 Pink - 80,1,0,hidden,,D-sign Rug 1P0144 Pink 80,,,taxable,parent,1,54,,0,0,,80,80,5,0,,"387,5",775,,,,,,,61334923-H,,,,,,4,,,Size,80,,1,,,,,,,,,,,,,,,,,,,,,,,,,,,,,,,,,,,,,,,,,,,,,,,,,,,,,,,,,,,,,135487,,,,,,,,,,,,,,,,,,,
61267,variation,61326666,,D-sign Rug 1P0145 Green - 100,1,0,hidden,,D-sign Rug 1P0145 Green 100,,,taxable,parent,1,146,,0,0,,100,100,5,0,,"447,5",895,,,,,,,61326668-H,,,,,,1,,,Size,100,,1,,,,,,,,,,,,,,,,,,,,,,,,,,,,,,,,,,,,,,,,,,,,,,,,,,,,,,,,,,,,,135496,,,,,,,,,,,,,,,,,,,
61268,variation,61334927,,D-sign Rug 1P0145 Green - 120,1,0,hidden,,D-sign Rug 1P0145 Green 120,,,taxable,parent,1,71,,0,0,,120,120,5,0,,"537,5",1075,,,,,,,61326668-H,,,,,,2,,,Size,120,,1,,,,,,,,,,,,,,,,,,,,,,,,,,,,,,,,,,,,,,,,,,,,,,,,,,,,,,,,,,,,,135497,,,,,,,,,,,,,,,,,,,
61269,variation,61326667,,D-sign Rug 1P0145 Green - 160,1,0,hidden,,D-sign Rug 1P0145 Green 160,,,taxable,parent,1,29,,0,0,,160,160,5,0,,"772,5",1545,,,,,,,61326668-H,,,,,,3,,,Size,160,,1,,,,,,,,,,,,,,,,,,,,,,,,,,,,,,,,,,,,,,,,,,,,,,,,,,,,,,,,,,,,,135498,,,,,,,,,,,,,,,,,,,
61270,variation,61326668,,D-sign Rug 1P0145 Green - 80,1,0,hidden,,D-sign Rug 1P0145 Green 80,,,taxable,parent,1,127,,0,0,,80,80,5,0,,"387,5",775,,,,,,,61326668-H,,,,,,4,,,Size,80,,1,,,,,,,,,,,,,,,,,,,,,,,,,,,,,,,,,,,,,,,,,,,,,,,,,,,,,,,,,,,,,135495,,,,,,,,,,,,,,,,,,,
61272,variable,61326677-H,,D-sign Rug 1P0150 Beige,1,0,hidden,D-sign Rug 1P0150 Beige,D-sign Rug 1P0150 Beige,,,taxable,,1,,,0,0,,,,,1,,,,"Rooms > Bedroom, Rugs > Modern, Rugs, Sale, Rugs > Shaggy",Sale,,"https://rugshop.eu/wp-content/uploads/2021/11/carpet-soffi-circle-shaggy-5cm-beige.jpg, https://rugshop.eu/wp-content/uploads/2021/11/carpet-soffi-circle-shaggy-5cm-beige-1.jpg, https://rugshop.eu/wp-content/uploads/2021/11/carpet-soffi-circle-shaggy-5cm-beige-2.jpg, https://rugshop.eu/wp-content/uploads/2021/11/carpet-soffi-circle-shaggy-5cm-beige-3.jpg, https://rugshop.eu/wp-content/uploads/2021/11/carpet-soffi-circle-shaggy-5cm-beige-4.jpg",,,,,,,,,2462,,,Size,"100, 120, 60, 80",1,1,Brand,D-sign,1,1,Color,White-Beige,1,1,Type of color,Singlecolor,1,1,Shape,Round,1,1,Material,Polypropylene,1,1,Type of rug,"Modern, Rya / Shaggy",1,1,Weave,Machinemade,1,1,Age,New,1,1,,,,,,,,,,,,,,,,,,yes,,,,,,,,,,classic-editor,,,,,,,,,,,,,,,,,,,,
61273,variable,61334995-H,,D-sign Rug 1P0151 Blue,1,0,hidden,D-sign Rug 1P0151 Blue,D-sign Rug 1P0151 Blue,,,taxable,,1,,,0,0,,,,,1,,,,"Rooms > Bedroom, Rugs > Modern, Rugs, Sale, Rugs > Shaggy",Sale,,"https://rugshop.eu/wp-content/uploads/2021/11/carpet-soffi-circle-shaggy-5cm-blue.jpg, https://rugshop.eu/wp-content/uploads/2021/11/carpet-soffi-circle-shaggy-5cm-blue-1.jpg, https://rugshop.eu/wp-content/uploads/2021/11/carpet-soffi-circle-shaggy-5cm-blue-2.jpg, https://rugshop.eu/wp-content/uploads/2021/11/carpet-soffi-circle-shaggy-5cm-blue-3.jpg, https://rugshop.eu/wp-content/uploads/2021/11/carpet-soffi-circle-shaggy-5cm-blue-4.jpg",,,,,,,,,2463,,,Size,"100, 120, 160, 80",1,1,Brand,D-sign,1,1,Color,Blue,1,1,Type of color,Singlecolor,1,1,Shape,Round,1,1,Material,Polypropylene,1,1,Type of rug,"Modern, Rya / Shaggy",1,1,Weave,Machinemade,1,1,Age,New,1,1,,,,,,,,,,,,,,,,,,yes,,,,,,,,,,classic-editor,,,,,,,,,,,,,,,,,,,,
61274,variation,61326669,,D-sign Rug 1P0146 Brown - 100,1,0,hidden,,D-sign Rug 1P0146 Brown 100,,,taxable,parent,1,35,,0,0,,100,100,5,0,,"447,5",895,,,,,,,61334929-H,,,,,,1,,,Size,100,,1,,,,,,,,,,,,,,,,,,,,,,,,,,,,,,,,,,,,,,,,,,,,,,,,,,,,,,,,,,,,,135504,,,,,,,,,,,,,,,,,,,
61275,variation,61334968,,D-sign Rug 1P0146 Brown - 120,1,0,hidden,,D-sign Rug 1P0146 Brown 120,,,taxable,parent,0,0,,0,0,,120,120,5,0,,"537,5",1075,,,,,,,61334929-H,,,,,,2,,,Size,120,,1,,,,,,,,,,,,,,,,,,,,,,,,,,,,,,,,,,,,,,,,,,,,,,,,,,,,,,,,,,,,,135505,,,,,,,,,,,,,,,,,,,
61276,variation,61334930,,D-sign Rug 1P0146 Brown - 160,1,0,hidden,,D-sign Rug 1P0146 Brown 160,,,taxable,parent,1,9,,0,0,,160,160,5,0,,"772,5",1545,,,,,,,61334929-H,,,,,,3,,,Size,160,,1,,,,,,,,,,,,,,,,,,,,,,,,,,,,,,,,,,,,,,,,,,,,,,,,,,,,,,,,,,,,,135506,,,,,,,,,,,,,,,,,,,
61277,variation,61334929,,D-sign Rug 1P0146 Brown - 80,1,0,hidden,,D-sign Rug 1P0146 Brown 80,,,taxable,parent,1,83,,0,0,,80,80,5,0,,"387,5",775,,,,,,,61334929-H,,,,,,4,,,Size,80,,1,,,,,,,,,,,,,,,,,,,,,,,,,,,,,,,,,,,,,,,,,,,,,,,,,,,,,,,,,,,,,135503,,,,,,,,,,,,,,,,,,,
61279,variation,61326670,,D-sign Rug 1P0147 Creme - 100,1,0,hidden,,D-sign Rug 1P0147 Creme 100,,,taxable,parent,1,134,,0,0,,100,100,5,0,,"447,5",895,,,,,,,61334928-H,,,,,,1,,,Size,100,,1,,,,,,,,,,,,,,,,,,,,,,,,,,,,,,,,,,,,,,,,,,,,,,,,,,,,,,,,,,,,,135512,,,,,,,,,,,,,,,,,,,
61280,variation,61334969,,D-sign Rug 1P0147 Creme - 120,1,0,hidden,,D-sign Rug 1P0147 Creme 120,,,taxable,parent,1,88,,0,0,,120,120,5,0,,"537,5",1075,,,,,,,61334928-H,,,,,,2,,,Size,120,,1,,,,,,,,,,,,,,,,,,,,,,,,,,,,,,,,,,,,,,,,,,,,,,,,,,,,,,,,,,,,,135513,,,,,,,,,,,,,,,,,,,
61281,variation,61334971,,D-sign Rug 1P0147 Creme - 160,1,0,hidden,,D-sign Rug 1P0147 Creme 160,,,taxable,parent,1,76,,0,0,,160,160,5,0,,"772,5",1545,,,,,,,61334928-H,,,,,,3,,,Size,160,,1,,,,,,,,,,,,,,,,,,,,,,,,,,,,,,,,,,,,,,,,,,,,,,,,,,,,,,,,,,,,,135514,,,,,,,,,,,,,,,,,,,
61282,variation,61334928,,D-sign Rug 1P0147 Creme - 80,1,0,hidden,,D-sign Rug 1P0147 Creme 80,,,taxable,parent,1,260,,0,0,,80,80,5,0,,"387,5",775,,,,,,,61334928-H,,,,,,4,,,Size,80,,1,,,,,,,,,,,,,,,,,,,,,,,,,,,,,,,,,,,,,,,,,,,,,,,,,,,,,,,,,,,,,135511,,,,,,,,,,,,,,,,,,,
61284,variation,61326673,,D-sign Rug 1P0148 Gold - 100,1,0,hidden,,D-sign Rug 1P0148 Gold 100,,,taxable,parent,1,61,,0,0,,100,100,5,0,,"447,5",895,,,,,,,61334972-H,,,,,,1,,,Size,100,,1,,,,,,,,,,,,,,,,,,,,,,,,,,,,,,,,,,,,,,,,,,,,,,,,,,,,,,,,,,,,,135520,,,,,,,,,,,,,,,,,,,
61285,variation,61334970,,D-sign Rug 1P0148 Gold - 120,1,0,hidden,,D-sign Rug 1P0148 Gold 120,,,taxable,parent,0,0,,0,0,,120,120,5,0,,"537,5",1075,,,,,,,61334972-H,,,,,,2,,,Size,120,,1,,,,,,,,,,,,,,,,,,,,,,,,,,,,,,,,,,,,,,,,,,,,,,,,,,,,,,,,,,,,,135521,,,,,,,,,,,,,,,,,,,
61286,variation,61334976,,D-sign Rug 1P0148 Gold - 160,1,0,hidden,,D-sign Rug 1P0148 Gold 160,,,taxable,parent,1,28,,0,0,,160,160,5,0,,"772,5",1545,,,,,,,61334972-H,,,,,,3,,,Size,160,,1,,,,,,,,,,,,,,,,,,,,,,,,,,,,,,,,,,,,,,,,,,,,,,,,,,,,,,,,,,,,,135522,,,,,,,,,,,,,,,,,,,
61287,variation,61334972,,D-sign Rug 1P0148 Gold - 80,1,0,hidden,,D-sign Rug 1P0148 Gold 80,,,taxable,parent,1,118,,0,0,,80,80,5,0,,"387,5",775,,,,,,,61334972-H,,,,,,4,,,Size,80,,1,,,,,,,,,,,,,,,,,,,,,,,,,,,,,,,,,,,,,,,,,,,,,,,,,,,,,,,,,,,,,135519,,,,,,,,,,,,,,,,,,,
61289,variable,61327232-H,,D-sign Rug 1P0238 Grey,1,0,visible,D-sign Rug 1P0238 Grey,D-sign Rug 1P0238 Grey,,,taxable,,1,,,0,0,,,,,1,,,,"Rooms > Bedroom, Rooms > Living room, Rugs > Modern, Rugs",,,"https://rugshop.eu/wp-content/uploads/2021/11/modern-washing-carpet-latio-71351070-circle-grey.jpg, https://rugshop.eu/wp-content/uploads/2021/11/modern-washing-carpet-latio-71351070-circle-grey-1.jpg, https://rugshop.eu/wp-content/uploads/2021/11/modern-washing-carpet-latio-71351070-circle-grey-2.jpg, https://rugshop.eu/wp-content/uploads/2021/11/modern-washing-carpet-latio-71351070-circle-grey-3.jpg, https://rugshop.eu/wp-content/uploads/2021/11/modern-washing-carpet-latio-71351070-circle-grey-4.jpg",,,,,,,,,2545,,,Size,"120, 160, 200, 80",1,1,Brand,D-sign,1,1,Color,Black-Grey,1,1,Type of color,Singlecolor,1,1,Shape,Round,1,1,Material,Polyester,1,1,Type of rug,Modern,1,1,Weave,Machinemade,1,1,Age,New,1,1,,,,,,,,,,,,,,,,,,yes,yes,,,,,,,,,classic-editor,,,,,,,,,,,,,,,,,,,,
61290,variable,61327240-H,,D-sign Rug 1P0240 Grey,1,0,visible,D-sign Rug 1P0240 Grey,D-sign Rug 1P0240 Grey,,,taxable,,1,,,0,0,,,,,0,,,,"Rooms > Bedroom, Rooms > Living room, Rugs > Modern, Rugs",,,"https://rugshop.eu/wp-content/uploads/2021/11/modern-washing-carpet-latio-71351060-circle-silver.jpg, https://rugshop.eu/wp-content/uploads/2021/11/modern-washing-carpet-latio-71351060-circle-silver-1.jpg, https://rugshop.eu/wp-content/uploads/2021/11/modern-washing-carpet-latio-71351060-circle-silver-2.jpg, https://rugshop.eu/wp-content/uploads/2021/11/modern-washing-carpet-latio-71351060-circle-silver-3.jpg, https://rugshop.eu/wp-content/uploads/2021/11/modern-washing-carpet-latio-71351060-circle-silver-4.jpg",,,,,,,,,2547,,,Size,"120, 160, 200, 80",1,1,Brand,D-sign,1,1,Color,Black-Grey,1,1,Type of color,Singlecolor,1,1,Shape,Round,1,1,Material,Polyester,1,1,Type of rug,Modern,1,1,Weave,Machinemade,1,1,Age,New,1,1,,,,,,,,,default,default,default,default,,,,,,yes,yes,,,,,,,,,classic-editor,,,,,,,,,,,,,,,,,,,,
61291,variable,61327245-H,,D-sign Rug 1P0241 Beige,1,0,visible,D-sign Rug 1P0241 Beige,D-sign Rug 1P0241 Beige,,,taxable,,1,,,0,0,,,,,1,,,,"Rooms > Bedroom, Rooms > Living room, Rugs > Modern, Rugs",,,"https://rugshop.eu/wp-content/uploads/2021/11/modern-washing-carpet-latio-71351050-circle-beige.jpg, https://rugshop.eu/wp-content/uploads/2021/11/modern-washing-carpet-latio-71351050-circle-beige-1.jpg, https://rugshop.eu/wp-content/uploads/2021/11/modern-washing-carpet-latio-71351050-circle-beige-2.jpg, https://rugshop.eu/wp-content/uploads/2021/11/modern-washing-carpet-latio-71351050-circle-beige-3.jpg, https://rugshop.eu/wp-content/uploads/2021/11/modern-washing-carpet-latio-71351050-circle-beige-4.jpg",,,,,,,,,2548,,,Size,"120, 160, 200, 80",1,1,Brand,D-sign,1,1,Color,White-Beige,1,1,Type of color,Multicolor,1,1,Shape,Round,1,1,Material,Polyester,1,1,Type of rug,Modern,1,1,Weave,Machinemade,1,1,Age,New,1,1,,,,,,,,,,,,,,,,,,yes,yes,,,,,,,,,classic-editor,,,,,,,,,,,,,,,,,,,,
61292,variation,61326674,,D-sign Rug 1P0149 Grey - 100,1,0,hidden,,D-sign Rug 1P0149 Grey 100,,,taxable,parent,1,85,,0,0,,100,100,5,0,,"447,5",895,,,,,,,61334975-H,,,,,,1,,,Size,100,,1,,,,,,,,,,,,,,,,,,,,,,,,,,,,,,,,,,,,,,,,,,,,,,,,,,,,,,,,,,,,,135528,,,,,,,,,,,,,,,,,,,
61293,variation,61334967,,D-sign Rug 1P0149 Grey - 120,1,0,hidden,,D-sign Rug 1P0149 Grey 120,,,taxable,parent,1,45,,0,0,,120,120,5,0,,"537,5",1075,,,,,,,61334975-H,,,,,,2,,,Size,120,,1,,,,,,,,,,,,,,,,,,,,,,,,,,,,,,,,,,,,,,,,,,,,,,,,,,,,,,,,,,,,,135529,,,,,,,,,,,,,,,,,,,
61294,variation,61334973,,D-sign Rug 1P0149 Grey - 160,1,0,hidden,,D-sign Rug 1P0149 Grey 160,,,taxable,parent,1,43,,0,0,,160,160,5,0,,"772,5",1545,,,,,,,61334975-H,,,,,,3,,,Size,160,,1,,,,,,,,,,,,,,,,,,,,,,,,,,,,,,,,,,,,,,,,,,,,,,,,,,,,,,,,,,,,,135530,,,,,,,,,,,,,,,,,,,
61295,variation,61334975,,D-sign Rug 1P0149 Grey - 80,1,0,hidden,,D-sign Rug 1P0149 Grey 80,,,taxable,parent,1,240,,0,0,,80,80,5,0,,"387,5",775,,,,,,,61334975-H,,,,,,4,,,Size,80,,1,,,,,,,,,,,,,,,,,,,,,,,,,,,,,,,,,,,,,,,,,,,,,,,,,,,,,,,,,,,,,135527,,,,,,,,,,,,,,,,,,,
61297,variation,61326672,,D-sign Rug 1P0150 Beige - 100,1,0,hidden,,D-sign Rug 1P0150 Beige 100,,,taxable,parent,1,67,,0,0,,100,100,5,0,,"447,5",895,,,,,,,61326677-H,,,,,,1,,,Size,100,,1,,,,,,,,,,,,,,,,,,,,,,,,,,,,,,,,,,,,,,,,,,,,,,,,,,,,,,,,,,,,,135536,,,,,,,,,,,,,,,,,,,
61298,variation,61334974,,D-sign Rug 1P0150 Beige - 120,1,0,hidden,,D-sign Rug 1P0150 Beige 120,,,taxable,parent,0,0,,0,0,,120,120,5,0,,"537,5",1075,,,,,,,61326677-H,,,,,,2,,,Size,120,,1,,,,,,,,,,,,,,,,,,,,,,,,,,,,,,,,,,,,,,,,,,,,,,,,,,,,,,,,,,,,,135537,,,,,,,,,,,,,,,,,,,
61299,variation,61326675,,D-sign Rug 1P0150 Beige - 60,1,0,hidden,,D-sign Rug 1P0150 Beige 60,,,taxable,parent,1,14,,0,0,,60,60,5,0,,"772,5",1545,,,,,,,61326677-H,,,,,,3,,,Size,60,,1,,,,,,,,,,,,,,,,,,,,,,,,,,,,,,,,,,,,,,,,,,,,,,,,,,,,,,,,,,,,,135538,,,,,,,,,,,,,,,,,,,
61300,variation,61326677,,D-sign Rug 1P0150 Beige - 80,1,0,hidden,,D-sign Rug 1P0150 Beige 80,,,taxable,parent,0,0,,0,0,,80,80,5,0,,"387,5",775,,,,,,,61326677-H,,,,,,4,,,Size,80,,1,,,,,,,,,,,,,,,,,,,,,,,,,,,,,,,,,,,,,,,,,,,,,,,,,,,,,,,,,,,,,135535,,,,,,,,,,,,,,,,,,,
61302,variation,61326678,,D-sign Rug 1P0151 Blue - 100,1,0,hidden,,D-sign Rug 1P0151 Blue 100,,,taxable,parent,1,50,,0,0,,100,100,5,0,,"447,5",895,,,,,,,61334995-H,,,,,,1,,,Size,100,,1,,,,,,,,,,,,,,,,,,,,,,,,,,,,,,,,,,,,,,,,,,,,,,,,,,,,,,,,,,,,,135544,,,,,,,,,,,,,,,,,,,
61303,variation,61334992,,D-sign Rug 1P0151 Blue - 120,1,0,hidden,,D-sign Rug 1P0151 Blue 120,,,taxable,parent,1,32,,0,0,,120,120,5,0,,"537,5",1075,,,,,,,61334995-H,,,,,,2,,,Size,120,,1,,,,,,,,,,,,,,,,,,,,,,,,,,,,,,,,,,,,,,,,,,,,,,,,,,,,,,,,,,,,,135545,,,,,,,,,,,,,,,,,,,
61304,variation,61334998,,D-sign Rug 1P0151 Blue - 160,1,0,hidden,,D-sign Rug 1P0151 Blue 160,,,taxable,parent,1,26,,0,0,,160,160,5,0,,"772,5",1545,,,,,,,61334995-H,,,,,,3,,,Size,160,,1,,,,,,,,,,,,,,,,,,,,,,,,,,,,,,,,,,,,,,,,,,,,,,,,,,,,,,,,,,,,,135546,,,,,,,,,,,,,,,,,,,
61305,variation,61334995,,D-sign Rug 1P0151 Blue - 80,1,0,hidden,,D-sign Rug 1P0151 Blue 80,,,taxable,parent,1,74,,0,0,,80,80,5,0,,"387,5",775,,,,,,,61334995-H,,,,,,4,,,Size,80,,1,,,,,,,,,,,,,,,,,,,,,,,,,,,,,,,,,,,,,,,,,,,,,,,,,,,,,,,,,,,,,135543,,,,,,,,,,,,,,,,,,,
61307,variable,61327260-H,,D-sign Rug 1P0253 Green,1,0,visible,D-sign Rug 1P0253 Green,D-sign Rug 1P0253 Green,,,taxable,,1,,,0,0,,,,,1,,,,"Rooms > Bedroom, Rooms > Living room, Rugs > Modern, Rugs",,,"https://rugshop.eu/wp-content/uploads/2021/11/carpet-bunny-circle-green-imitation-of-rabbit-fur.jpg, https://rugshop.eu/wp-content/uploads/2021/11/carpet-bunny-circle-green-imitation-of-rabbit-fur-1.jpg, https://rugshop.eu/wp-content/uploads/2021/11/carpet-bunny-circle-green-imitation-of-rabbit-fur-2.jpg, https://rugshop.eu/wp-content/uploads/2021/11/carpet-bunny-circle-green-imitation-of-rabbit-fur-3.jpg, https://rugshop.eu/wp-content/uploads/2021/11/carpet-bunny-circle-green-imitation-of-rabbit-fur-4.jpg",,,,,,,,,2552,,,Size,"100, 120, 140, 160, 80",1,1,Brand,D-sign,1,1,Color,Green,1,1,Type of color,Singlecolor,1,1,Shape,Round,1,1,Material,Polyester,1,1,Type of rug,Modern,1,1,Weave,Machinemade,1,1,Age,New,1,1,,,,,,,,,,,,,,,,,,yes,yes,,,,,,,,,classic-editor,,,,,,,,,,,,,,,,,,,,
61309,variation,61327229,,D-sign Rug 1P0238 Grey - 120,1,0,visible,,D-sign Rug 1P0238 Grey 120,,,taxable,parent,0,0,,0,0,,120,120,1.1,0,,1054,1895,,,,,,,61327232-H,,,,,,1,,,Size,120,,1,,,,,,,,,,,,,,,,,,,,,,,,,,,,,,,,,,,,,120,,,,,,,,,,,,,,,,,,,,,,,,138037,,,,,,,,,,,,,,,,,,,
61310,variation,61335857,,D-sign Rug 1P0238 Grey - 160,1,0,visible,,D-sign Rug 1P0238 Grey 160,,,taxable,parent,1,2,,0,0,,160,160,1.1,0,,1609,2895,,,,,,,61327232-H,,,,,,2,,,Size,160,,1,,,,,,,,,,,,,,,,,,,,,,,,,,,,,,,,,,,,,160,,,,,,,,,,,,,,,,,,,,,,,,138038,,,,,,,,,,,,,,,,,,,
61311,variation,61327231,,D-sign Rug 1P0238 Grey - 200,1,0,visible,,D-sign Rug 1P0238 Grey 200,,,taxable,parent,0,0,,0,0,,200,200,1.1,0,,2358,4245,,,,,,,61327232-H,,,,,,3,,,Size,200,,1,,,,,,,,,,,,,,,,,,,,,,,,,,,,,,,,,,,,,200,,,,,,,,,,,,,,,,,,,,,,,,138039,,,,,,,,,,,,,,,,,,,
61312,variation,61327232,,D-sign Rug 1P0238 Grey - 80,1,0,visible,,D-sign Rug 1P0238 Grey 80,,,taxable,parent,1,7,,0,0,,80,80,1.1,0,,630,1125,,,,,,,61327232-H,,,,,,4,,,Size,80,,1,,,,,,,,,,,,,,,,,,,,,,,,,,,,,,,,,,,,,80,,,,,,,,,,,,,,,,,,,,,,,,138036,,,,,,,,,,,,,,,,,,,
61314,variation,61327233,,D-sign Rug 1P0240 Grey - 120,1,0,visible,,D-sign Rug 1P0240 Grey 120,,,taxable,parent,1,4,,0,0,,120,120,1.1,0,,1054,1895,,,,,,,61327240-H,,,,,,1,,,Size,120,,1,,,,,,,,,,,,,,,,,,,,,,,,,,,,,,,,,,,,,120,,,,,,,,,,,,,,,,,,,,,,,,138048,,,,,,,,,,,,,,,,,,,
61315,variation,61327241,,D-sign Rug 1P0240 Grey - 160,1,0,visible,,D-sign Rug 1P0240 Grey 160,,,taxable,parent,1,1,,0,0,,160,160,1.1,0,,1609,2895,,,,,,,61327240-H,,,,,,2,,,Size,160,,1,,,,,,,,,,,,,,,,,,,,,,,,,,,,,,,,,,,,,160,,,,,,,,,,,,,,,,,,,,,,,,138049,,,,,,,,,,,,,,,,,,,
61316,variation,61327242,,D-sign Rug 1P0240 Grey - 200,1,0,visible,,D-sign Rug 1P0240 Grey 200,,,taxable,parent,0,0,,0,0,,200,200,1.1,0,,2358,4245,,,,,,,61327240-H,,,,,,3,,,Size,200,,1,,,,,,,,,,,,,,,,,,,,,,,,,,,,,,,,,,,,,200,,,,,,,,,,,,,,,,,,,,,,,,138050,,,,,,,,,,,,,,,,,,,
61317,variation,61327240,,D-sign Rug 1P0240 Grey - 80,1,0,visible,,D-sign Rug 1P0240 Grey 80,,,taxable,parent,1,16,,0,0,,80,80,1.1,0,,630,1125,,,,,,,61327240-H,,,,,,4,,,Size,80,,1,,,,,,,,,,,,,,,,,,,,,,,,,,,,,,,,,,,,,80,,,,,,,,,,,,,,,,,,,,,,,,138047,,,,,,,,,,,,,,,,,,,
61319,variation,61327239,,D-sign Rug 1P0241 Beige - 120,1,0,visible,,D-sign Rug 1P0241 Beige 120,,,taxable,parent,0,0,,0,0,,120,120,1.1,0,,1054,1895,,,,,,,61327245-H,,,,,,1,,,Size,120,,1,,,,,,,,,,,,,,,,,,,,,,,,,,,,,,,,,,,,,120,,,,,,,,,,,,,,,,,,,,,,,,138158,,,,,,,,,,,,,,,,,,,
61320,variation,61335860,,D-sign Rug 1P0241 Beige - 160,1,0,visible,,D-sign Rug 1P0241 Beige 160,,,taxable,parent,0,0,,0,0,,160,160,1.1,0,,1609,2895,,,,,,,61327245-H,,,,,,2,,,Size,160,,1,,,,,,,,,,,,,,,,,,,,,,,,,,,,,,,,,,,,,160,,,,,,,,,,,,,,,,,,,,,,,,138159,,,,,,,,,,,,,,,,,,,
61321,variation,61335864,,D-sign Rug 1P0241 Beige - 200,1,0,visible,,D-sign Rug 1P0241 Beige 200,,,taxable,parent,0,0,,0,0,,200,200,1.1,0,,2358,4245,,,,,,,61327245-H,,,,,,3,,,Size,200,,1,,,,,,,,,,,,,,,,,,,,,,,,,,,,,,,,,,,,,200,,,,,,,,,,,,,,,,,,,,,,,,138160,,,,,,,,,,,,,,,,,,,
61322,variation,61327245,,D-sign Rug 1P0241 Beige - 80,1,0,visible,,D-sign Rug 1P0241 Beige 80,,,taxable,parent,1,2,,0,0,,80,80,1.1,0,,630,1125,,,,,,,61327245-H,,,,,,4,,,Size,80,,1,,,,,,,,,,,,,,,,,,,,,,,,,,,,,,,,,,,,,80,,,,,,,,,,,,,,,,,,,,,,,,138157,,,,,,,,,,,,,,,,,,,
61324,variation,61327255,,D-sign Rug 1P0253 Green - 100,1,0,visible,,D-sign Rug 1P0253 Green 100,,,taxable,parent,1,15,,0,0,,100,100,3,0,,826,1485,,,,,,,61327260-H,,,,,,1,,,Size,100,,1,,,,,,,,,,,,,,,,,,,,,,,,,,,,,,,,,,,,,100,,,,,,,,,,,,,,,,,,,,,,,,138309,,,,,,,,,,,,,,,,,,,
61325,variation,61327258,,D-sign Rug 1P0253 Green - 120,1,0,visible,,D-sign Rug 1P0253 Green 120,,,taxable,parent,1,16,,0,0,,120,120,3,0,,1087,1955,,,,,,,61327260-H,,,,,,2,,,Size,120,,1,,,,,,,,,,,,,,,,,,,,,,,,,,,,,,,,,,,,,120,,,,,,,,,,,,,,,,,,,,,,,,138310,,,,,,,,,,,,,,,,,,,
61326,variation,61327259,,D-sign Rug 1P0253 Green - 140,1,0,visible,,D-sign Rug 1P0253 Green 140,,,taxable,parent,1,5,,0,0,,140,140,3,0,,1348,2425,,,,,,,61327260-H,,,,,,3,,,Size,140,,1,,,,,,,,,,,,,,,,,,,,,,,,,,,,,,,,,,,,,140,,,,,,,,,,,,,,,,,,,,,,,,138311,,,,,,,,,,,,,,,,,,,
61327,variation,61327257,,D-sign Rug 1P0253 Green - 160,1,0,visible,,D-sign Rug 1P0253 Green 160,,,taxable,parent,0,0,,0,0,,160,160,3,0,,1674,3005,,,,,,,61327260-H,,,,,,4,,,Size,160,,1,,,,,,,,,,,,,,,,,,,,,,,,,,,,,,,,,,,,,160,,,,,,,,,,,,,,,,,,,,,,,,138312,,,,,,,,,,,,,,,,,,,
61328,variation,61327260,,D-sign Rug 1P0253 Green - 80,1,0,visible,,D-sign Rug 1P0253 Green 80,,,taxable,parent,1,23,,0,0,,80,80,3,0,,630,1125,,,,,,,61327260-H,,,,,,5,,,Size,80,,1,,,,,,,,,,,,,,,,,,,,,,,,,,,,,,,,,,,,,80,,,,,,,,,,,,,,,,,,,,,,,,138308,,,,,,,,,,,,,,,,,,,
63686,variable,46182342,,Pierre Cardin Diamond Rug 2780A Cream/Brown,1,0,hidden,Pierre Cardin Diamond Rug 2780A Cream/Brown,Pierre Cardin Diamond Rug 2780A Cream/Brown,,,taxable,,0,0,,0,0,,,,,0,,,,"Rooms > Entrance & Corridor, Rugs > Modern, Rugs, Sale",Sale,,"https://rugshop.eu/wp-content/uploads/2022/01/pierre-cardin-diamond-rug-2780a-cream-brown-80x300cm-1.jpg, https://rugshop.eu/wp-content/uploads/2022/01/pierre-cardin-diamond-rug-2780a-cream-brown-80x300cm-2.jpg, https://rugshop.eu/wp-content/uploads/2022/01/pierre-cardin-diamond-rug-2780a-cream-brown-80x300cm.jpg",,,,,,,,,4836,,,Size,"80x150, 80x300",1,1,Brand,Pierre Cardin,1,1,Color,Yellow-Brown,1,1,Type of color,Multicolor,1,1,Shape,Runner,1,1,Material,Acrylic,1,1,Type of rug,"Modern, Persian, Traditional",1,1,Weave,Machinemade,1,1,Country,Turkey,1,1,Age,New,1,1,,,,,default,default,default,default,,341,90,1,1788160420,yes,yes,,,product,,,,,,classic-editor,,,,,,,,,,3074112879460745,,,,,,,,,2022-01-18,
63692,variation,670282-300,,Pierre Cardin Diamond Rug 2780A Cream/Brown - 80x300,1,0,hidden,,Pierre Cardin Diamond Rug 2780A Cream/Brown 80x300cm,,,taxable,parent,0,0,,0,0,,300,80,1.2,0,,"142,4",1595,,,,,,,46182342,,,,,,1,,,Size,80x300,,1,,,,,,,,,,,,,,,,,,,,,,,,,,,,,,,,,,,,,80x300,,,,,,,,,,,,1787938284,yes,yes,,,,,,,,,,,,,,,,,,,,,,,,,,,,,
63693,variation,670282-150,,Pierre Cardin Diamond Rug 2780A Cream/Brown - 80x150,1,0,hidden,,Pierre Cardin Diamond Rug 2780A Cream/Brown 80x150cm,,,taxable,parent,1,8,,0,0,,150,80,1.2,0,,"70,4",795,,,,,,,46182342,,,,,,2,,,Size,80x150,,1,,,,,,,,,,,,,,,,,,,,,,,,,,,,,,,,,,,,,80x150,,,,,,,,,,,,,yes,yes,,,,,,,,,,,,,,,,,,,,,,,,,,,,,
108766,variable,69448943-H,,D-sign Carpet 1P0351 Turquoise,1,0,visible,D-sign Carpet 1P0351 Turquoise,D-sign Carpet 1P0351 Turquoise,,,taxable,,1,,,0,0,,,,,1,,,,"Rooms > Bedroom, Rooms > Living room, Rugs > Modern, Rugs",,,"https://rugshop.eu/wp-content/uploads/2022/09/carpet-wall-to-wall-eton-turquoise.jpg, https://rugshop.eu/wp-content/uploads/2022/09/carpet-wall-to-wall-eton-turquoise-1.jpg, https://rugshop.eu/wp-content/uploads/2022/09/carpet-wall-to-wall-eton-turquoise-2.jpg, https://rugshop.eu/wp-content/uploads/2022/09/carpet-wall-to-wall-eton-turquoise-3.jpg, https://rugshop.eu/wp-content/uploads/2022/09/carpet-wall-to-wall-eton-turquoise-4.jpg",,,,,,,,,303,,,Size,"100x150, 100x200, 100x250, 100x300, 100x400, 100x500, 150x200, 150x250, 150x300, 150x350, 150x400, 150x500, 170x230, 200x200, 200x250, 200x300, 200x350, 200x400, 200x500, 200x600, 250x300, 250x350, 250x400, 250x500, 300x300, 300x350, 300x400, 300x450, 300x500, 300x600, 350x400, 350x500, 400x400, 400x450, 400x500, 400x600, 500x500, 500x600",1,1,Brand,D-sign,1,1,Color,Blue,1,1,Type of color,Singlecolor,1,1,Shape,"Rectangular, Square",1,1,Material,Polypropylene,1,1,Type of rug,Modern,1,1,Weave,Machinemade,1,1,Country,Belgium,1,1,Age,New,1,1,,,,,,,,,,,,,,yes,yes,,,,,,,,,,,,,,,,,,,,,,,,,,,,,
108768,variation,69448943,,D-sign Carpet 1P0351 Turquoise - 100x150,1,0,visible,,D-sign Carpet 1P0351 Turquoise 100x150 cm ,,,taxable,parent,1,24,,0,0,,150,100,1.1,0,,493,885,,,,,,,69448943-H,,,,,,1,,,Size,100x150,,1,,,,,,,,,,,,,,,,,,,,,,,,,,,,,,,,,,,,,100x150,,,,,,,,,,,,,,,,,,,,,,,,154074,,,,,,,,,,,,,,,,,,,
108769,variation,69453906,,D-sign Carpet 1P0351 Turquoise - 100x200,1,0,visible,,D-sign Carpet 1P0351 Turquoise 100x200 cm,,,taxable,parent,1,26,,0,0,,200,100,1.1,0,,568,1015,,,,,,,69448943-H,,,,,,2,,,Size,100x200,,1,,,,,,,,,,,,,,,,,,,,,,,,,,,,,,,,,,,,,100x200,,,,,,,,,,,,,,,,,,,,,,,,154075,,,,,,,,,,,,,,,,,,,
108770,variation,69453909,,D-sign Carpet 1P0351 Turquoise - 100x250,1,0,visible,,D-sign Carpet 1P0351 Turquoise 100x250 cm,,,taxable,parent,1,20,,0,0,,250,100,1.1,0,,640,1145,,,,,,,69448943-H,,,,,,3,,,Size,100x250,,1,,,,,,,,,,,,,,,,,,,,,,,,,,,,,,,,,,,,,100x250,,,,,,,,,,,,,,,,,,,,,,,,154073,,,,,,,,,,,,,,,,,,,
108771,variation,69453908,,D-sign Carpet 1P0351 Turquoise - 100x300,1,0,visible,,D-sign Carpet 1P0351 Turquoise 100x300 cm,,,taxable,parent,1,22,,0,0,,300,100,1.1,0,,715,1285,,,,,,,69448943-H,,,,,,4,,,Size,100x300,,1,,,,,,,,,,,,,,,,,,,,,,,,,,,,,,,,,,,,,100x300,,,,,,,,,,,,,,,,,,,,,,,,154080,,,,,,,,,,,,,,,,,,,
108772,variation,69453912,,D-sign Carpet 1P0351 Turquoise - 100x400,1,0,visible,,D-sign Carpet 1P0351 Turquoise 100x400 cm,,,taxable,parent,1,19,,0,0,,400,100,1.1,0,,859,1545,,,,,,,69448943-H,,,,,,5,,,Size,100x400,,1,,,,,,,,,,,,,,,,,,,,,,,,,,,,,,,,,,,,,100x400,,,,,,,,,,,,,,,,,,,,,,,,154081,,,,,,,,,,,,,,,,,,,
108773,variation,69453911,,D-sign Carpet 1P0351 Turquoise - 100x500,1,0,visible,,D-sign Carpet 1P0351 Turquoise 100x500 cm,,,taxable,parent,1,17,,0,0,,500,100,1.1,0,,1009,1815,,,,,,,69448943-H,,,,,,6,,,Size,100x500,,1,,,,,,,,,,,,,,,,,,,,,,,,,,,,,,,,,,,,,100x500,,,,,,,,,,,,,,,,,,,,,,,,154082,,,,,,,,,,,,,,,,,,,
108774,variation,69453903,,D-sign Carpet 1P0351 Turquoise - 150x200,1,0,visible,,D-sign Carpet 1P0351 Turquoise 150x200 cm,,,taxable,parent,1,14,,0,0,,200,150,1.1,0,,715,1285,,,,,,,69448943-H,,,,,,7,,,Size,150x200,,1,,,,,,,,,,,,,,,,,,,,,,,,,,,,,,,,,,,,,150x200,,,,,,,,,,,,,,,,,,,,,,,,154083,,,,,,,,,,,,,,,,,,,
108775,variation,69453904,,D-sign Carpet 1P0351 Turquoise - 150x250,1,0,visible,,D-sign Carpet 1P0351 Turquoise 150x250 cm,,,taxable,parent,1,11,,0,0,,250,150,1.1,0,,823,1475,,,,,,,69448943-H,,,,,,8,,,Size,150x250,,1,,,,,,,,,,,,,,,,,,,,,,,,,,,,,,,,,,,,,150x250,,,,,,,,,,,,,,,,,,,,,,,,154084,,,,,,,,,,,,,,,,,,,
108776,variation,69453905,,D-sign Carpet 1P0351 Turquoise - 150x300,1,0,visible,,D-sign Carpet 1P0351 Turquoise 150x300 cm,,,taxable,parent,1,12,,0,0,,300,150,1.1,0,,924,1655,,,,,,,69448943-H,,,,,,9,,,Size,150x300,,1,,,,,,,,,,,,,,,,,,,,,,,,,,,,,,,,,,,,,150x300,,,,,,,,,,,,,,,,,,,,,,,,154085,,,,,,,,,,,,,,,,,,,
108777,variation,69453907,,D-sign Carpet 1P0351 Turquoise - 150x350,1,0,visible,,D-sign Carpet 1P0351 Turquoise 150x350 cm,,,taxable,parent,1,11,,0,0,,350,150,1.1,0,,1044,1875,,,,,,,69448943-H,,,,,,10,,,Size,150x350,,1,,,,,,,,,,,,,,,,,,,,,,,,,,,,,,,,,,,,,150x350,,,,,,,,,,,,,,,,,,,,,,,,154086,,,,,,,,,,,,,,,,,,,
108778,variation,69448954,,D-sign Carpet 1P0351 Turquoise - 150x400,1,0,visible,,D-sign Carpet 1P0351 Turquoise 150x400 cm,,,taxable,parent,1,11,,0,0,,400,150,1.1,0,,1152,2065,,,,,,,69448943-H,,,,,,11,,,Size,150x400,,1,,,,,,,,,,,,,,,,,,,,,,,,,,,,,,,,,,,,,150x400,,,,,,,,,,,,,,,,,,,,,,,,154087,,,,,,,,,,,,,,,,,,,
108779,variation,69448953,,D-sign Carpet 1P0351 Turquoise - 150x500,1,0,visible,,D-sign Carpet 1P0351 Turquoise 150x500 cm,,,taxable,parent,1,11,,0,0,,500,150,1.1,0,,1374,2465,,,,,,,69448943-H,,,,,,12,,,Size,150x500,,1,,,,,,,,,,,,,,,,,,,,,,,,,,,,,,,,,,,,,150x500,,,,,,,,,,,,,,,,,,,,,,,,154088,,,,,,,,,,,,,,,,,,,
108780,variation,69448952,,D-sign Carpet 1P0351 Turquoise - 170x230,1,0,visible,,D-sign Carpet 1P0351 Turquoise 170x230 cm,,,taxable,parent,1,11,,0,0,,230,170,1.1,0,,846,1515,,,,,,,69448943-H,,,,,,13,,,Size,170x230,,1,,,,,,,,,,,,,,,,,,,,,,,,,,,,,,,,,,,,,170x230,,,,,,,,,,,,,,,,,,,,,,,,154089,,,,,,,,,,,,,,,,,,,
108781,variation,69448951,,D-sign Carpet 1P0351 Turquoise - 200x200,1,0,visible,,D-sign Carpet 1P0351 Turquoise 200x200 cm,,,taxable,parent,1,11,,0,0,,200,200,1.1,0,,859,1545,,,,,,,69448943-H,,,,,,14,,,Size,200x200,,1,,,,,,,,,,,,,,,,,,,,,,,,,,,,,,,,,,,,,200x200,,,,,,,,,,,,,,,,,,,,,,,,154090,,,,,,,,,,,,,,,,,,,
108782,variation,69448956,,D-sign Carpet 1P0351 Turquoise - 200x250,1,0,visible,,D-sign Carpet 1P0351 Turquoise 200x250 cm,,,taxable,parent,1,9,,0,0,,250,200,1.1,0,,1009,1815,,,,,,,69448943-H,,,,,,15,,,Size,200x250,,1,,,,,,,,,,,,,,,,,,,,,,,,,,,,,,,,,,,,,200x250,,,,,,,,,,,,,,,,,,,,,,,,154091,,,,,,,,,,,,,,,,,,,
108783,variation,69448955,,D-sign Carpet 1P0351 Turquoise - 200x300,1,0,visible,,D-sign Carpet 1P0351 Turquoise 200x300 cm,,,taxable,parent,1,10,,0,0,,300,200,1.1,0,,1152,2065,,,,,,,69448943-H,,,,,,16,,,Size,200x300,,1,,,,,,,,,,,,,,,,,,,,,,,,,,,,,,,,,,,,,200x300,,,,,,,,,,,,,,,,,,,,,,,,154092,,,,,,,,,,,,,,,,,,,
108784,variation,69448949,,D-sign Carpet 1P0351 Turquoise - 200x350,1,0,visible,,D-sign Carpet 1P0351 Turquoise 200x350 cm,,,taxable,parent,1,9,,0,0,,350,200,1.1,0,,1302,2335,,,,,,,69448943-H,,,,,,17,,,Size,200x350,,1,,,,,,,,,,,,,,,,,,,,,,,,,,,,,,,,,,,,,200x350,,,,,,,,,,,,,,,,,,,,,,,,154093,,,,,,,,,,,,,,,,,,,
108785,variation,69448958,,D-sign Carpet 1P0351 Turquoise - 200x400,1,0,visible,,D-sign Carpet 1P0351 Turquoise 200x400 cm,,,taxable,parent,1,9,,0,0,,400,200,1.1,0,,1152,2065,,,,,,,69448943-H,,,,,,18,,,Size,200x400,,1,,,,,,,,,,,,,,,,,,,,,,,,,,,,,,,,,,,,,200x400,,,,,,,,,,,,,,,,,,,,,,,,154101,,,,,,,,,,,,,,,,,,,
108786,variation,69448957,,D-sign Carpet 1P0351 Turquoise - 200x500,1,0,visible,,D-sign Carpet 1P0351 Turquoise 200x500 cm,,,taxable,parent,1,8,,0,0,,500,200,1.1,0,,1742,3135,,,,,,,69448943-H,,,,,,19,,,Size,200x500,,1,,,,,,,,,,,,,,,,,,,,,,,,,,,,,,,,,,,,,200x500,,,,,,,,,,,,,,,,,,,,,,,,154102,,,,,,,,,,,,,,,,,,,
108787,variable,69448985-H,,D-sign Carpet 1P0650 Brown,1,0,visible,D-sign Carpet 1P0650 Brown,D-sign Carpet 1P0650 Brown,,,taxable,,1,,,0,0,,,,,1,,,,"Rooms > Bedroom, Rooms > Living room, Rugs > Modern, Rugs",,,"https://rugshop.eu/wp-content/uploads/2022/09/carpet-wall-to-wall-eton-brown.jpg, https://rugshop.eu/wp-content/uploads/2022/09/carpet-wall-to-wall-eton-brown-1.jpg, https://rugshop.eu/wp-content/uploads/2022/09/carpet-wall-to-wall-eton-brown-2.jpg, https://rugshop.eu/wp-content/uploads/2022/09/carpet-wall-to-wall-eton-brown-3.jpg, https://rugshop.eu/wp-content/uploads/2022/09/carpet-wall-to-wall-eton-brown-4.jpg",,,,,,,,,304,,,Size,"100x150, 100x200, 100x250, 100x300, 100x400, 100x500, 150x200, 150x250, 150x300, 150x350, 150x400, 150x500, 170x230, 200x200, 200x250, 200x300, 200x350, 200x400, 200x500, 200x600, 250x300, 250x350, 250x400, 250x500, 300x300, 300x350, 300x400, 300x450, 300x500, 300x600, 350x400, 350x500, 400x400, 400x450, 400x500, 400x600, 500x500, 500x600",1,1,Brand,D-sign,1,1,Color,Yellow-Brown,1,1,Type of color,Singlecolor,1,1,Shape,"Rectangular, Square",1,1,Material,Polypropylene,1,1,Type of rug,Modern,1,1,Weave,Machinemade,1,1,Country,Belgium,1,1,Age,New,1,1,,,,,,,,,,,,,,yes,yes,,,,,,,,,,,,,,,,,,,,,,,,,,,,,
108788,variation,69448948,,D-sign Carpet 1P0351 Turquoise - 200x600,1,0,visible,,D-sign Carpet 1P0351 Turquoise 200x600 cm,,,taxable,parent,1,2,,0,0,,600,200,1.1,0,,2101,3775,,,,,,,69448943-H,,,,,,20,,,Size,200x600,,1,,,,,,,,,,,,,,,,,,,,,,,,,,,,,,,,,,,,,200x600,,,,,,,,,,,,,,,,,,,,,,,,154103,,,,,,,,,,,,,,,,,,,
108789,variation,69448964,,D-sign Carpet 1P0351 Turquoise - 250x300,1,0,visible,,D-sign Carpet 1P0351 Turquoise 250x300 cm,,,taxable,parent,1,6,,0,0,,300,250,1.1,0,,1374,2465,,,,,,,69448943-H,,,,,,21,,,Size,250x300,,1,,,,,,,,,,,,,,,,,,,,,,,,,,,,,,,,,,,,,250x300,,,,,,,,,,,,,,,,,,,,,,,,154104,,,,,,,,,,,,,,,,,,,
108790,variation,69448965,,D-sign Carpet 1P0351 Turquoise - 250x350,1,0,visible,,D-sign Carpet 1P0351 Turquoise 250x350 cm,,,taxable,parent,1,6,,0,0,,350,250,1.1,0,,1556,2795,,,,,,,69448943-H,,,,,,22,,,Size,250x350,,1,,,,,,,,,,,,,,,,,,,,,,,,,,,,,,,,,,,,,250x350,,,,,,,,,,,,,,,,,,,,,,,,154105,,,,,,,,,,,,,,,,,,,
108791,variation,69448967,,D-sign Carpet 1P0351 Turquoise - 250x400,1,0,visible,,D-sign Carpet 1P0351 Turquoise 250x400 cm,,,taxable,parent,1,6,,0,0,,400,250,1.1,0,,1742,3135,,,,,,,69448943-H,,,,,,23,,,Size,250x400,,1,,,,,,,,,,,,,,,,,,,,,,,,,,,,,,,,,,,,,250x400,,,,,,,,,,,,,,,,,,,,,,,,154106,,,,,,,,,,,,,,,,,,,
108792,variation,69448966,,D-sign Carpet 1P0351 Turquoise - 250x500,1,0,visible,,D-sign Carpet 1P0351 Turquoise 250x500 cm,,,taxable,parent,1,6,,0,0,,500,250,1.1,0,,2176,3915,,,,,,,69448943-H,,,,,,24,,,Size,250x500,,1,,,,,,,,,,,,,,,,,,,,,,,,,,,,,,,,,,,,,250x500,,,,,,,,,,,,,,,,,,,,,,,,154107,,,,,,,,,,,,,,,,,,,
108793,variation,69448963,,D-sign Carpet 1P0351 Turquoise - 300x300,1,0,visible,,D-sign Carpet 1P0351 Turquoise 300x300 cm,,,taxable,parent,1,5,,0,0,,300,300,1.1,0,,1596,2865,,,,,,,69448943-H,,,,,,25,,,Size,300x300,,1,,,,,,,,,,,,,,,,,,,,,,,,,,,,,,,,,,,,,300x300,,,,,,,,,,,,,,,,,,,,,,,,154108,,,,,,,,,,,,,,,,,,,
108794,variation,69448969,,D-sign Carpet 1P0351 Turquoise - 300x350,1,0,visible,,D-sign Carpet 1P0351 Turquoise 300x350 cm,,,taxable,parent,1,5,,0,0,,350,300,1.1,0,,1814,3265,,,,,,,69448943-H,,,,,,26,,,Size,300x350,,1,,,,,,,,,,,,,,,,,,,,,,,,,,,,,,,,,,,,,300x350,,,,,,,,,,,,,,,,,,,,,,,,154116,,,,,,,,,,,,,,,,,,,
108795,variation,69448968,,D-sign Carpet 1P0351 Turquoise - 300x400,1,0,visible,,D-sign Carpet 1P0351 Turquoise 300x400 cm,,,taxable,parent,1,5,,0,0,,400,300,1.1,0,,2036,3655,,,,,,,69448943-H,,,,,,27,,,Size,300x400,,1,,,,,,,,,,,,,,,,,,,,,,,,,,,,,,,,,,,,,300x400,,,,,,,,,,,,,,,,,,,,,,,,154117,,,,,,,,,,,,,,,,,,,
108796,variation,69448972,,D-sign Carpet 1P0351 Turquoise - 300x450,1,0,visible,,D-sign Carpet 1P0351 Turquoise 300x450 cm,,,taxable,parent,1,3,,0,0,,450,300,1.1,0,,2323,4175,,,,,,,69448943-H,,,,,,28,,,Size,300x450,,1,,,,,,,,,,,,,,,,,,,,,,,,,,,,,,,,,,,,,300x450,,,,,,,,,,,,,,,,,,,,,,,,154118,,,,,,,,,,,,,,,,,,,
108797,variation,69448970,,D-sign Carpet 1P0351 Turquoise - 300x500,1,0,visible,,D-sign Carpet 1P0351 Turquoise 300x500 cm,,,taxable,parent,1,5,,0,0,,500,300,1.1,0,,2545,4575,,,,,,,69448943-H,,,,,,29,,,Size,300x500,,1,,,,,,,,,,,,,,,,,,,,,,,,,,,,,,,,,,,,,300x500,,,,,,,,,,,,,,,,,,,,,,,,154130,,,,,,,,,,,,,,,,,,,
108798,variation,69448971,,D-sign Carpet 1P0351 Turquoise - 300x600,1,0,visible,,D-sign Carpet 1P0351 Turquoise 300x600 cm,,,taxable,parent,1,2,,0,0,,600,300,1.1,0,,2985,5365,,,,,,,69448943-H,,,,,,30,,,Size,300x600,,1,,,,,,,,,,,,,,,,,,,,,,,,,,,,,,,,,,,,,300x600,,,,,,,,,,,,,,,,,,,,,,,,154131,,,,,,,,,,,,,,,,,,,
108799,variation,69448981,,D-sign Carpet 1P0351 Turquoise - 350x400,1,0,visible,,D-sign Carpet 1P0351 Turquoise 350x400 cm,,,taxable,parent,1,4,,0,0,,400,350,1.1,0,,2398,4315,,,,,,,69448943-H,,,,,,31,,,Size,350x400,,1,,,,,,,,,,,,,,,,,,,,,,,,,,,,,,,,,,,,,350x400,,,,,,,,,,,,,,,,,,,,,,,,154132,,,,,,,,,,,,,,,,,,,
108800,variation,69448980,,D-sign Carpet 1P0351 Turquoise - 350x500,1,0,visible,,D-sign Carpet 1P0351 Turquoise 350x500 cm,,,taxable,parent,1,4,,0,0,,500,350,1.1,0,,3254,5855,,,,,,,69448943-H,,,,,,32,,,Size,350x500,,1,,,,,,,,,,,,,,,,,,,,,,,,,,,,,,,,,,,,,350x500,,,,,,,,,,,,,,,,,,,,,,,,154139,,,,,,,,,,,,,,,,,,,
108801,variation,69448982,,D-sign Carpet 1P0351 Turquoise - 400x400,1,0,visible,,D-sign Carpet 1P0351 Turquoise 400x400 cm,,,taxable,parent,1,4,,0,0,,400,400,1.1,0,,2688,4835,,,,,,,69448943-H,,,,,,33,,,Size,400x400,,1,,,,,,,,,,,,,,,,,,,,,,,,,,,,,,,,,,,,,400x400,,,,,,,,,,,,,,,,,,,,,,,,154133,,,,,,,,,,,,,,,,,,,
108802,variation,69448984,,D-sign Carpet 1P0351 Turquoise - 400x450,1,0,visible,,D-sign Carpet 1P0351 Turquoise 400x450 cm,,,taxable,parent,1,3,,0,0,,450,400,1.1,0,,2981,5365,,,,,,,69448943-H,,,,,,34,,,Size,400x450,,1,,,,,,,,,,,,,,,,,,,,,,,,,,,,,,,,,,,,,400x450,,,,,,,,,,,,,,,,,,,,,,,,154134,,,,,,,,,,,,,,,,,,,
108803,variation,69448979,,D-sign Carpet 1P0351 Turquoise - 400x500,1,0,visible,,D-sign Carpet 1P0351 Turquoise 400x500 cm,,,taxable,parent,1,4,,0,0,,500,400,1.1,0,,3619,6505,,,,,,,69448943-H,,,,,,35,,,Size,400x500,,1,,,,,,,,,,,,,,,,,,,,,,,,,,,,,,,,,,,,,400x500,,,,,,,,,,,,,,,,,,,,,,,,154135,,,,,,,,,,,,,,,,,,,
108804,variation,69448983,,D-sign Carpet 1P0351 Turquoise - 400x600,1,0,visible,,D-sign Carpet 1P0351 Turquoise 400x600 cm,,,taxable,parent,1,2,,0,0,,600,400,1.1,0,,4893,8805,,,,,,,69448943-H,,,,,,36,,,Size,400x600,,1,,,,,,,,,,,,,,,,,,,,,,,,,,,,,,,,,,,,,400x600,,,,,,,,,,,,,,,,,,,,,,,,154136,,,,,,,,,,,,,,,,,,,
108805,variation,69448986,,D-sign Carpet 1P0351 Turquoise - 500x500,1,0,visible,,D-sign Carpet 1P0351 Turquoise 500x500 cm,,,taxable,parent,1,3,,0,0,,500,500,1.1,0,,5043,9075,,,,,,,69448943-H,,,,,,37,,,Size,500x500,,1,,,,,,,,,,,,,,,,,,,,,,,,,,,,,,,,,,,,,500x500,,,,,,,,,,,,,,,,,,,,,,,,154137,,,,,,,,,,,,,,,,,,,
108806,variation,69448987,,D-sign Carpet 1P0351 Turquoise - 500x600,1,0,visible,,D-sign Carpet 1P0351 Turquoise 500x600 cm,,,taxable,parent,1,2,,0,0,,600,500,1.1,0,,5773,10385,,,,,,,69448943-H,,,,,,38,,,Size,500x600,,1,,,,,,,,,,,,,,,,,,,,,,,,,,,,,,,,,,,,,500x600,,,,,,,,,,,,,,,,,,,,,,,,154138,,,,,,,,,,,,,,,,,,,
108808,variation,69448985,,D-sign Carpet 1P0650 Brown - 100x150,1,0,visible,,D-sign Carpet 1P0650 Brown 100x150 cm ,,,taxable,parent,1,32,,0,0,,150,100,1.1,0,,493,885,,,,,,,69448985-H,,,,,,1,,,Size,100x150,,1,,,,,,,,,,,,,,,,,,,,,,,,,,,,,,,,,,,,,100x150,,,,,,,,,,,,,,,,,,,,,,,,154271,,,,,,,,,,,,,,,,,,,
108809,variation,69453910,,D-sign Carpet 1P0650 Brown - 100x200,1,0,visible,,D-sign Carpet 1P0650 Brown 100x200 cm,,,taxable,parent,1,31,,0,0,,200,100,1.1,0,,568,1015,,,,,,,69448985-H,,,,,,2,,,Size,100x200,,1,,,,,,,,,,,,,,,,,,,,,,,,,,,,,,,,,,,,,100x200,,,,,,,,,,,,,,,,,,,,,,,,154272,,,,,,,,,,,,,,,,,,,
108810,variation,69448991,,D-sign Carpet 1P0650 Brown - 100x250,1,0,visible,,D-sign Carpet 1P0650 Brown 100x250 cm,,,taxable,parent,1,32,,0,0,,250,100,1.1,0,,640,1145,,,,,,,69448985-H,,,,,,3,,,Size,100x250,,1,,,,,,,,,,,,,,,,,,,,,,,,,,,,,,,,,,,,,100x250,,,,,,,,,,,,,,,,,,,,,,,,154273,,,,,,,,,,,,,,,,,,,
108811,variation,69448993,,D-sign Carpet 1P0650 Brown - 100x300,1,0,visible,,D-sign Carpet 1P0650 Brown 100x300 cm,,,taxable,parent,1,30,,0,0,,300,100,1.1,0,,715,1285,,,,,,,69448985-H,,,,,,4,,,Size,100x300,,1,,,,,,,,,,,,,,,,,,,,,,,,,,,,,,,,,,,,,100x300,,,,,,,,,,,,,,,,,,,,,,,,154274,,,,,,,,,,,,,,,,,,,
108812,variation,69448990,,D-sign Carpet 1P0650 Brown - 100x400,1,0,visible,,D-sign Carpet 1P0650 Brown 100x400 cm,,,taxable,parent,1,30,,0,0,,400,100,1.1,0,,859,1545,,,,,,,69448985-H,,,,,,5,,,Size,100x400,,1,,,,,,,,,,,,,,,,,,,,,,,,,,,,,,,,,,,,,100x400,,,,,,,,,,,,,,,,,,,,,,,,154275,,,,,,,,,,,,,,,,,,,
108813,variation,69448989,,D-sign Carpet 1P0650 Brown - 100x500,1,0,visible,,D-sign Carpet 1P0650 Brown 100x500 cm,,,taxable,parent,1,6,,0,0,,500,100,1.1,0,,1009,1815,,,,,,,69448985-H,,,,,,6,,,Size,100x500,,1,,,,,,,,,,,,,,,,,,,,,,,,,,,,,,,,,,,,,100x500,,,,,,,,,,,,,,,,,,,,,,,,154276,,,,,,,,,,,,,,,,,,,
108814,variation,69448992,,D-sign Carpet 1P0650 Brown - 150x200,1,0,visible,,D-sign Carpet 1P0650 Brown 150x200 cm,,,taxable,parent,1,20,,0,0,,200,150,1.1,0,,715,1285,,,,,,,69448985-H,,,,,,7,,,Size,150x200,,1,,,,,,,,,,,,,,,,,,,,,,,,,,,,,,,,,,,,,150x200,,,,,,,,,,,,,,,,,,,,,,,,154277,,,,,,,,,,,,,,,,,,,
108815,variation,69448995,,D-sign Carpet 1P0650 Brown - 150x250,1,0,visible,,D-sign Carpet 1P0650 Brown 150x250 cm,,,taxable,parent,1,20,,0,0,,250,150,1.1,0,,823,1475,,,,,,,69448985-H,,,,,,8,,,Size,150x250,,1,,,,,,,,,,,,,,,,,,,,,,,,,,,,,,,,,,,,,150x250,,,,,,,,,,,,,,,,,,,,,,,,154278,,,,,,,,,,,,,,,,,,,
108816,variation,69448996,,D-sign Carpet 1P0650 Brown - 150x300,1,0,visible,,D-sign Carpet 1P0650 Brown 150x300 cm,,,taxable,parent,1,20,,0,0,,300,150,1.1,0,,924,1655,,,,,,,69448985-H,,,,,,9,,,Size,150x300,,1,,,,,,,,,,,,,,,,,,,,,,,,,,,,,,,,,,,,,150x300,,,,,,,,,,,,,,,,,,,,,,,,154279,,,,,,,,,,,,,,,,,,,
108817,variation,69448988,,D-sign Carpet 1P0650 Brown - 150x350,1,0,visible,,D-sign Carpet 1P0650 Brown 150x350 cm,,,taxable,parent,1,8,,0,0,,350,150,1.1,0,,1044,1875,,,,,,,69448985-H,,,,,,10,,,Size,150x350,,1,,,,,,,,,,,,,,,,,,,,,,,,,,,,,,,,,,,,,150x350,,,,,,,,,,,,,,,,,,,,,,,,154280,,,,,,,,,,,,,,,,,,,
108818,variation,69448997,,D-sign Carpet 1P0650 Brown - 150x400,1,0,visible,,D-sign Carpet 1P0650 Brown 150x400 cm,,,taxable,parent,1,20,,0,0,,400,150,1.1,0,,1152,2065,,,,,,,69448985-H,,,,,,11,,,Size,150x400,,1,,,,,,,,,,,,,,,,,,,,,,,,,,,,,,,,,,,,,150x400,,,,,,,,,,,,,,,,,,,,,,,,154281,,,,,,,,,,,,,,,,,,,
108819,variation,69448994,,D-sign Carpet 1P0650 Brown - 150x500,1,0,visible,,D-sign Carpet 1P0650 Brown 150x500 cm,,,taxable,parent,1,6,,0,0,,500,150,1.1,0,,1374,2465,,,,,,,69448985-H,,,,,,12,,,Size,150x500,,1,,,,,,,,,,,,,,,,,,,,,,,,,,,,,,,,,,,,,150x500,,,,,,,,,,,,,,,,,,,,,,,,154283,,,,,,,,,,,,,,,,,,,
108820,variation,69448998,,D-sign Carpet 1P0650 Brown - 170x230,1,0,visible,,D-sign Carpet 1P0650 Brown 170x230 cm,,,taxable,parent,1,18,,0,0,,230,170,1.1,0,,846,1515,,,,,,,69448985-H,,,,,,13,,,Size,170x230,,1,,,,,,,,,,,,,,,,,,,,,,,,,,,,,,,,,,,,,170x230,,,,,,,,,,,,,,,,,,,,,,,,154284,,,,,,,,,,,,,,,,,,,
108821,variation,69449000,,D-sign Carpet 1P0650 Brown - 200x200,1,0,visible,,D-sign Carpet 1P0650 Brown 200x200 cm,,,taxable,parent,1,15,,0,0,,200,200,1.1,0,,859,1545,,,,,,,69448985-H,,,,,,14,,,Size,200x200,,1,,,,,,,,,,,,,,,,,,,,,,,,,,,,,,,,,,,,,200x200,,,,,,,,,,,,,,,,,,,,,,,,154285,,,,,,,,,,,,,,,,,,,
108822,variation,69449007,,D-sign Carpet 1P0650 Brown - 200x250,1,0,visible,,D-sign Carpet 1P0650 Brown 200x250 cm,,,taxable,parent,1,15,,0,0,,250,200,1.1,0,,1009,1815,,,,,,,69448985-H,,,,,,15,,,Size,200x250,,1,,,,,,,,,,,,,,,,,,,,,,,,,,,,,,,,,,,,,200x250,,,,,,,,,,,,,,,,,,,,,,,,154286,,,,,,,,,,,,,,,,,,,
108823,variation,69449003,,D-sign Carpet 1P0650 Brown - 200x300,1,0,visible,,D-sign Carpet 1P0650 Brown 200x300 cm,,,taxable,parent,1,15,,0,0,,300,200,1.1,0,,1152,2065,,,,,,,69448985-H,,,,,,16,,,Size,200x300,,1,,,,,,,,,,,,,,,,,,,,,,,,,,,,,,,,,,,,,200x300,,,,,,,,,,,,,,,,,,,,,,,,154287,,,,,,,,,,,,,,,,,,,
108824,variation,69449002,,D-sign Carpet 1P0650 Brown - 200x350,1,0,visible,,D-sign Carpet 1P0650 Brown 200x350 cm,,,taxable,parent,1,8,,0,0,,350,200,1.1,0,,1302,2335,,,,,,,69448985-H,,,,,,17,,,Size,200x350,,1,,,,,,,,,,,,,,,,,,,,,,,,,,,,,,,,,,,,,200x350,,,,,,,,,,,,,,,,,,,,,,,,154288,,,,,,,,,,,,,,,,,,,
108825,variation,69449004,,D-sign Carpet 1P0650 Brown - 200x400,1,0,visible,,D-sign Carpet 1P0650 Brown 200x400 cm,,,taxable,parent,1,15,,0,0,,400,200,1.1,0,,1449,2605,,,,,,,69448985-H,,,,,,18,,,Size,200x400,,1,,,,,,,,,,,,,,,,,,,,,,,,,,,,,,,,,,,,,200x400,,,,,,,,,,,,,,,,,,,,,,,,154289,,,,,,,,,,,,,,,,,,,
108826,variation,69449001,,D-sign Carpet 1P0650 Brown - 200x500,1,0,visible,,D-sign Carpet 1P0650 Brown 200x500 cm,,,taxable,parent,1,6,,0,0,,500,200,1.1,0,,1742,3135,,,,,,,69448985-H,,,,,,19,,,Size,200x500,,1,,,,,,,,,,,,,,,,,,,,,,,,,,,,,,,,,,,,,200x500,,,,,,,,,,,,,,,,,,,,,,,,154290,,,,,,,,,,,,,,,,,,,
108827,variation,69449006,,D-sign Carpet 1P0650 Brown - 200x600,1,0,visible,,D-sign Carpet 1P0650 Brown 200x600 cm,,,taxable,parent,1,5,,0,0,,600,200,1.1,0,,2101,3775,,,,,,,69448985-H,,,,,,20,,,Size,200x600,,1,,,,,,,,,,,,,,,,,,,,,,,,,,,,,,,,,,,,,200x600,,,,,,,,,,,,,,,,,,,,,,,,154291,,,,,,,,,,,,,,,,,,,
108828,variation,69448999,,D-sign Carpet 1P0650 Brown - 250x300,1,0,visible,,D-sign Carpet 1P0650 Brown 250x300 cm,,,taxable,parent,1,12,,0,0,,300,250,1.1,0,,1374,2465,,,,,,,69448985-H,,,,,,21,,,Size,250x300,,1,,,,,,,,,,,,,,,,,,,,,,,,,,,,,,,,,,,,,250x300,,,,,,,,,,,,,,,,,,,,,,,,154292,,,,,,,,,,,,,,,,,,,
108829,variation,69449005,,D-sign Carpet 1P0650 Brown - 250x350,1,0,visible,,D-sign Carpet 1P0650 Brown 250x350 cm,,,taxable,parent,1,8,,0,0,,350,250,1.1,0,,1556,2795,,,,,,,69448985-H,,,,,,22,,,Size,250x350,,1,,,,,,,,,,,,,,,,,,,,,,,,,,,,,,,,,,,,,250x350,,,,,,,,,,,,,,,,,,,,,,,,154293,,,,,,,,,,,,,,,,,,,
108830,variation,69449016,,D-sign Carpet 1P0650 Brown - 250x400,1,0,visible,,D-sign Carpet 1P0650 Brown 250x400 cm,,,taxable,parent,1,12,,0,0,,400,250,1.1,0,,1742,3135,,,,,,,69448985-H,,,,,,23,,,Size,250x400,,1,,,,,,,,,,,,,,,,,,,,,,,,,,,,,,,,,,,,,250x400,,,,,,,,,,,,,,,,,,,,,,,,154294,,,,,,,,,,,,,,,,,,,
108831,variation,69449009,,D-sign Carpet 1P0650 Brown - 250x500,1,0,visible,,D-sign Carpet 1P0650 Brown 250x500 cm,,,taxable,parent,1,6,,0,0,,500,250,1.1,0,,2176,3915,,,,,,,69448985-H,,,,,,24,,,Size,250x500,,1,,,,,,,,,,,,,,,,,,,,,,,,,,,,,,,,,,,,,250x500,,,,,,,,,,,,,,,,,,,,,,,,154295,,,,,,,,,,,,,,,,,,,
108832,variation,69449011,,D-sign Carpet 1P0650 Brown - 300x300,1,0,visible,,D-sign Carpet 1P0650 Brown 300x300 cm,,,taxable,parent,1,10,,0,0,,300,300,1.1,0,,1596,2865,,,,,,,69448985-H,,,,,,25,,,Size,300x300,,1,,,,,,,,,,,,,,,,,,,,,,,,,,,,,,,,,,,,,300x300,,,,,,,,,,,,,,,,,,,,,,,,154296,,,,,,,,,,,,,,,,,,,
108833,variation,69449010,,D-sign Carpet 1P0650 Brown - 300x350,1,0,visible,,D-sign Carpet 1P0650 Brown 300x350 cm,,,taxable,parent,1,8,,0,0,,350,300,1.1,0,,1814,3265,,,,,,,69448985-H,,,,,,26,,,Size,300x350,,1,,,,,,,,,,,,,,,,,,,,,,,,,,,,,,,,,,,,,300x350,,,,,,,,,,,,,,,,,,,,,,,,154297,,,,,,,,,,,,,,,,,,,
108834,variation,69449015,,D-sign Carpet 1P0650 Brown - 300x400,1,0,visible,,D-sign Carpet 1P0650 Brown 300x400 cm,,,taxable,parent,1,10,,0,0,,400,300,1.1,0,,2036,3655,,,,,,,69448985-H,,,,,,27,,,Size,300x400,,1,,,,,,,,,,,,,,,,,,,,,,,,,,,,,,,,,,,,,300x400,,,,,,,,,,,,,,,,,,,,,,,,154298,,,,,,,,,,,,,,,,,,,
108835,variation,69449014,,D-sign Carpet 1P0650 Brown - 300x450,1,0,visible,,D-sign Carpet 1P0650 Brown 300x450 cm,,,taxable,parent,1,6,,0,0,,450,300,1.1,0,,2323,4175,,,,,,,69448985-H,,,,,,28,,,Size,300x450,,1,,,,,,,,,,,,,,,,,,,,,,,,,,,,,,,,,,,,,300x450,,,,,,,,,,,,,,,,,,,,,,,,154299,,,,,,,,,,,,,,,,,,,
108836,variation,69449017,,D-sign Carpet 1P0650 Brown - 300x500,1,0,visible,,D-sign Carpet 1P0650 Brown 300x500 cm,,,taxable,parent,1,6,,0,0,,500,300,1.1,0,,2545,4575,,,,,,,69448985-H,,,,,,29,,,Size,300x500,,1,,,,,,,,,,,,,,,,,,,,,,,,,,,,,,,,,,,,,300x500,,,,,,,,,,,,,,,,,,,,,,,,154300,,,,,,,,,,,,,,,,,,,
108837,variation,69449018,,D-sign Carpet 1P0650 Brown - 300x600,1,0,visible,,D-sign Carpet 1P0650 Brown 300x600 cm,,,taxable,parent,1,5,,0,0,,600,300,1.1,0,,2985,5365,,,,,,,69448985-H,,,,,,30,,,Size,300x600,,1,,,,,,,,,,,,,,,,,,,,,,,,,,,,,,,,,,,,,300x600,,,,,,,,,,,,,,,,,,,,,,,,154301,,,,,,,,,,,,,,,,,,,
108838,variable,69449022-H,,D-sign Carpet 1P0653 Blue,1,0,visible,D-sign Carpet 1P0653 Blue,D-sign Carpet 1P0653 Blue,,,taxable,,1,,,0,0,,,,,1,,,,"Rooms > Bedroom, Rooms > Living room, Rugs > Modern, Rugs",,,"https://rugshop.eu/wp-content/uploads/2022/09/carpet-wall-to-wall-eton-dark-blue.jpg, https://rugshop.eu/wp-content/uploads/2022/09/carpet-wall-to-wall-eton-dark-blue-1.jpg, https://rugshop.eu/wp-content/uploads/2022/09/carpet-wall-to-wall-eton-dark-blue-2.jpg, https://rugshop.eu/wp-content/uploads/2022/09/carpet-wall-to-wall-eton-dark-blue-3.jpg, https://rugshop.eu/wp-content/uploads/2022/09/carpet-wall-to-wall-eton-dark-blue-4.jpg",,,,,,,,,305,,,Size,"100x150, 100x200, 100x250, 100x300, 100x400, 100x500, 150x200, 150x250, 150x300, 150x350, 150x400, 150x500, 170x230, 200x200, 200x250, 200x300, 200x350, 200x400, 200x500, 200x600, 250x300, 250x350, 250x400, 250x500, 300x300, 300x350, 300x400, 300x450, 300x500, 300x600, 350x400, 350x500, 400x400, 400x450, 400x500, 400x600, 500x500, 500x600",1,1,Brand,D-sign,1,1,Color,Blue,1,1,Type of color,Singlecolor,1,1,Shape,"Rectangular, Square",1,1,Material,Polypropylene,1,1,Type of rug,Modern,1,1,Weave,Machinemade,1,1,Country,Belgium,1,1,Age,New,1,1,,,,,,,,,,,,,,yes,yes,,,,,,,,,classic-editor,,,,,,,,,,,,,,,,,,,,
108839,variation,69449013,,D-sign Carpet 1P0650 Brown - 350x400,1,0,visible,,D-sign Carpet 1P0650 Brown 350x400 cm,,,taxable,parent,1,8,,0,0,,400,350,1.1,0,,2398,4315,,,,,,,69448985-H,,,,,,31,,,Size,350x400,,1,,,,,,,,,,,,,,,,,,,,,,,,,,,,,,,,,,,,,350x400,,,,,,,,,,,,,,,,,,,,,,,,154302,,,,,,,,,,,,,,,,,,,
108840,variation,69449012,,D-sign Carpet 1P0650 Brown - 350x500,1,0,visible,,D-sign Carpet 1P0650 Brown 350x500 cm,,,taxable,parent,0,0,,0,0,,500,350,1.1,0,,3254,5855,,,,,,,69448985-H,,,,,,32,,,Size,350x500,,1,,,,,,,,,,,,,,,,,,,,,,,,,,,,,,,,,,,,,350x500,,,,,,,,,,,,,,,,,,,,,,,,154309,,,,,,,,,,,,,,,,,,,
108841,variation,69449020,,D-sign Carpet 1P0650 Brown - 400x400,1,0,visible,,D-sign Carpet 1P0650 Brown 400x400 cm,,,taxable,parent,1,7,,0,0,,400,400,1.1,0,,2688,4835,,,,,,,69448985-H,,,,,,33,,,Size,400x400,,1,,,,,,,,,,,,,,,,,,,,,,,,,,,,,,,,,,,,,400x400,,,,,,,,,,,,,,,,,,,,,,,,154303,,,,,,,,,,,,,,,,,,,
108842,variation,69449024,,D-sign Carpet 1P0650 Brown - 400x450,1,0,visible,,D-sign Carpet 1P0650 Brown 400x450 cm,,,taxable,parent,1,6,,0,0,,450,400,1.1,0,,2981,5365,,,,,,,69448985-H,,,,,,34,,,Size,400x450,,1,,,,,,,,,,,,,,,,,,,,,,,,,,,,,,,,,,,,,400x450,,,,,,,,,,,,,,,,,,,,,,,,154304,,,,,,,,,,,,,,,,,,,
108843,variation,69449021,,D-sign Carpet 1P0650 Brown - 400x500,1,0,visible,,D-sign Carpet 1P0650 Brown 400x500 cm,,,taxable,parent,1,6,,0,0,,500,400,1.1,0,,3619,6505,,,,,,,69448985-H,,,,,,35,,,Size,400x500,,1,,,,,,,,,,,,,,,,,,,,,,,,,,,,,,,,,,,,,400x500,,,,,,,,,,,,,,,,,,,,,,,,154305,,,,,,,,,,,,,,,,,,,
108844,variation,69449026,,D-sign Carpet 1P0650 Brown - 400x600,1,0,visible,,D-sign Carpet 1P0650 Brown 400x600 cm,,,taxable,parent,1,5,,0,0,,600,400,1.1,0,,4893,8805,,,,,,,69448985-H,,,,,,36,,,Size,400x600,,1,,,,,,,,,,,,,,,,,,,,,,,,,,,,,,,,,,,,,400x600,,,,,,,,,,,,,,,,,,,,,,,,154306,,,,,,,,,,,,,,,,,,,
108845,variation,69449025,,D-sign Carpet 1P0650 Brown - 500x500,1,0,visible,,D-sign Carpet 1P0650 Brown 500x500 cm,,,taxable,parent,0,0,,0,0,,500,500,1.1,0,,5043,9075,,,,,,,69448985-H,,,,,,37,,,Size,500x500,,1,,,,,,,,,,,,,,,,,,,,,,,,,,,,,,,,,,,,,500x500,,,,,,,,,,,,,,,,,,,,,,,,154307,,,,,,,,,,,,,,,,,,,
108846,variation,69449023,,D-sign Carpet 1P0650 Brown - 500x600,1,0,visible,,D-sign Carpet 1P0650 Brown 500x600 cm,,,taxable,parent,0,0,,0,0,,600,500,1.1,0,,5773,10385,,,,,,,69448985-H,,,,,,38,,,Size,500x600,,1,,,,,,,,,,,,,,,,,,,,,,,,,,,,,,,,,,,,,500x600,,,,,,,,,,,,,,,,,,,,,,,,154308,,,,,,,,,,,,,,,,,,,
108848,variation,69449022,,D-sign Carpet 1P0653 Blue - 100x150,1,0,visible,,D-sign Carpet 1P0653 Blue 100x150 cm ,,,taxable,parent,1,38,,0,0,,150,100,1.1,0,,493,885,,,,,,,69449022-H,,,,,,1,,,Size,100x150,,1,,,,,,,,,,,,,,,,,,,,,,,,,,,,,,,,,,,,,100x150,,,,,,,,,,,,,,,,,,,,,,,,154343,,,,,,,,,,,,,,,,,,,
108849,variation,69454007,,D-sign Carpet 1P0653 Blue - 100x200,1,0,visible,,D-sign Carpet 1P0653 Blue 100x200 cm,,,taxable,parent,1,38,,0,0,,200,100,1.1,0,,568,1015,,,,,,,69449022-H,,,,,,2,,,Size,100x200,,1,,,,,,,,,,,,,,,,,,,,,,,,,,,,,,,,,,,,,100x200,,,,,,,,,,,,,,,,,,,,,,,,154344,,,,,,,,,,,,,,,,,,,
108850,variation,69454010,,D-sign Carpet 1P0653 Blue - 100x250,1,0,visible,,D-sign Carpet 1P0653 Blue 100x250 cm,,,taxable,parent,1,36,,0,0,,250,100,1.1,0,,640,1145,,,,,,,69449022-H,,,,,,3,,,Size,100x250,,1,,,,,,,,,,,,,,,,,,,,,,,,,,,,,,,,,,,,,100x250,,,,,,,,,,,,,,,,,,,,,,,,154345,,,,,,,,,,,,,,,,,,,
108851,variation,69454015,,D-sign Carpet 1P0653 Blue - 100x300,1,0,visible,,D-sign Carpet 1P0653 Blue 100x300 cm,,,taxable,parent,1,35,,0,0,,300,100,1.1,0,,715,1285,,,,,,,69449022-H,,,,,,4,,,Size,100x300,,1,,,,,,,,,,,,,,,,,,,,,,,,,,,,,,,,,,,,,100x300,,,,,,,,,,,,,,,,,,,,,,,,154346,,,,,,,,,,,,,,,,,,,
108852,variation,69449031,,D-sign Carpet 1P0653 Blue - 100x400,1,0,visible,,D-sign Carpet 1P0653 Blue 100x400 cm,,,taxable,parent,1,31,,0,0,,400,100,1.1,0,,859,1545,,,,,,,69449022-H,,,,,,5,,,Size,100x400,,1,,,,,,,,,,,,,,,,,,,,,,,,,,,,,,,,,,,,,100x400,,,,,,,,,,,,,,,,,,,,,,,,154347,,,,,,,,,,,,,,,,,,,
108853,variation,69449035,,D-sign Carpet 1P0653 Blue - 100x500,1,0,visible,,D-sign Carpet 1P0653 Blue 100x500 cm,,,taxable,parent,1,30,,0,0,,500,100,1.1,0,,1009,1815,,,,,,,69449022-H,,,,,,6,,,Size,100x500,,1,,,,,,,,,,,,,,,,,,,,,,,,,,,,,,,,,,,,,100x500,,,,,,,,,,,,,,,,,,,,,,,,154348,,,,,,,,,,,,,,,,,,,
108854,variation,69449039,,D-sign Carpet 1P0653 Blue - 150x200,1,0,visible,,D-sign Carpet 1P0653 Blue 150x200 cm,,,taxable,parent,1,23,,0,0,,200,150,1.1,0,,715,1285,,,,,,,69449022-H,,,,,,7,,,Size,150x200,,1,,,,,,,,,,,,,,,,,,,,,,,,,,,,,,,,,,,,,150x200,,,,,,,,,,,,,,,,,,,,,,,,154349,,,,,,,,,,,,,,,,,,,
108855,variation,69449030,,D-sign Carpet 1P0653 Blue - 150x250,1,0,visible,,D-sign Carpet 1P0653 Blue 150x250 cm,,,taxable,parent,1,21,,0,0,,250,150,1.1,0,,823,1475,,,,,,,69449022-H,,,,,,8,,,Size,150x250,,1,,,,,,,,,,,,,,,,,,,,,,,,,,,,,,,,,,,,,150x250,,,,,,,,,,,,,,,,,,,,,,,,154350,,,,,,,,,,,,,,,,,,,
108856,variation,69449029,,D-sign Carpet 1P0653 Blue - 150x300,1,0,visible,,D-sign Carpet 1P0653 Blue 150x300 cm,,,taxable,parent,1,21,,0,0,,300,150,1.1,0,,924,1655,,,,,,,69449022-H,,,,,,9,,,Size,150x300,,1,,,,,,,,,,,,,,,,,,,,,,,,,,,,,,,,,,,,,150x300,,,,,,,,,,,,,,,,,,,,,,,,154351,,,,,,,,,,,,,,,,,,,
108857,variation,69449034,,D-sign Carpet 1P0653 Blue - 150x350,1,0,visible,,D-sign Carpet 1P0653 Blue 150x350 cm,,,taxable,parent,1,20,,0,0,,350,150,1.1,0,,1044,1875,,,,,,,69449022-H,,,,,,10,,,Size,150x350,,1,,,,,,,,,,,,,,,,,,,,,,,,,,,,,,,,,,,,,150x350,,,,,,,,,,,,,,,,,,,,,,,,154352,,,,,,,,,,,,,,,,,,,
108858,variation,69449038,,D-sign Carpet 1P0653 Blue - 150x400,1,0,visible,,D-sign Carpet 1P0653 Blue 150x400 cm,,,taxable,parent,1,19,,0,0,,400,150,1.1,0,,1152,2065,,,,,,,69449022-H,,,,,,11,,,Size,150x400,,1,,,,,,,,,,,,,,,,,,,,,,,,,,,,,,,,,,,,,150x400,,,,,,,,,,,,,,,,,,,,,,,,154354,,,,,,,,,,,,,,,,,,,
108859,variation,69449032,,D-sign Carpet 1P0653 Blue - 150x500,1,0,visible,,D-sign Carpet 1P0653 Blue 150x500 cm,,,taxable,parent,1,19,,0,0,,500,150,1.1,0,,1374,2465,,,,,,,69449022-H,,,,,,12,,,Size,150x500,,1,,,,,,,,,,,,,,,,,,,,,,,,,,,,,,,,,,,,,150x500,,,,,,,,,,,,,,,,,,,,,,,,154355,,,,,,,,,,,,,,,,,,,
108860,variation,69449037,,D-sign Carpet 1P0653 Blue - 170x230,1,0,visible,,D-sign Carpet 1P0653 Blue 170x230 cm,,,taxable,parent,1,16,,0,0,,230,170,1.1,0,,846,1515,,,,,,,69449022-H,,,,,,13,,,Size,170x230,,1,,,,,,,,,,,,,,,,,,,,,,,,,,,,,,,,,,,,,170x230,,,,,,,,,,,,,,,,,,,,,,,,154356,,,,,,,,,,,,,,,,,,,
108861,variation,69449033,,D-sign Carpet 1P0653 Blue - 200x200,1,0,visible,,D-sign Carpet 1P0653 Blue 200x200 cm,,,taxable,parent,1,17,,0,0,,200,200,1.1,0,,859,1545,,,,,,,69449022-H,,,,,,14,,,Size,200x200,,1,,,,,,,,,,,,,,,,,,,,,,,,,,,,,,,,,,,,,200x200,,,,,,,,,,,,,,,,,,,,,,,,154357,,,,,,,,,,,,,,,,,,,
108862,variation,69449051,,D-sign Carpet 1P0653 Blue - 200x250,1,0,visible,,D-sign Carpet 1P0653 Blue 200x250 cm,,,taxable,parent,1,16,,0,0,,250,200,1.1,0,,1009,1815,,,,,,,69449022-H,,,,,,15,,,Size,200x250,,1,,,,,,,,,,,,,,,,,,,,,,,,,,,,,,,,,,,,,200x250,,,,,,,,,,,,,,,,,,,,,,,,154358,,,,,,,,,,,,,,,,,,,
108863,variation,69449046,,D-sign Carpet 1P0653 Blue - 200x300,1,0,visible,,D-sign Carpet 1P0653 Blue 200x300 cm,,,taxable,parent,1,15,,0,0,,300,200,1.1,0,,1152,2065,,,,,,,69449022-H,,,,,,16,,,Size,200x300,,1,,,,,,,,,,,,,,,,,,,,,,,,,,,,,,,,,,,,,200x300,,,,,,,,,,,,,,,,,,,,,,,,154359,,,,,,,,,,,,,,,,,,,
108864,variation,69449048,,D-sign Carpet 1P0653 Blue - 200x350,1,0,visible,,D-sign Carpet 1P0653 Blue 200x350 cm,,,taxable,parent,1,14,,0,0,,350,200,1.1,0,,1302,2335,,,,,,,69449022-H,,,,,,17,,,Size,200x350,,1,,,,,,,,,,,,,,,,,,,,,,,,,,,,,,,,,,,,,200x350,,,,,,,,,,,,,,,,,,,,,,,,154360,,,,,,,,,,,,,,,,,,,
108865,variation,69449047,,D-sign Carpet 1P0653 Blue - 200x400,1,0,visible,,D-sign Carpet 1P0653 Blue 200x400 cm,,,taxable,parent,1,14,,0,0,,400,200,1.1,0,,1449,2605,,,,,,,69449022-H,,,,,,18,,,Size,200x400,,1,,,,,,,,,,,,,,,,,,,,,,,,,,,,,,,,,,,,,200x400,,,,,,,,,,,,,,,,,,,,,,,,154361,,,,,,,,,,,,,,,,,,,
108866,variation,69449044,,D-sign Carpet 1P0653 Blue - 200x500,1,0,visible,,D-sign Carpet 1P0653 Blue 200x500 cm,,,taxable,parent,1,14,,0,0,,500,200,1.1,0,,1742,3135,,,,,,,69449022-H,,,,,,19,,,Size,200x500,,1,,,,,,,,,,,,,,,,,,,,,,,,,,,,,,,,,,,,,200x500,,,,,,,,,,,,,,,,,,,,,,,,154362,,,,,,,,,,,,,,,,,,,
108867,variation,69449043,,D-sign Carpet 1P0653 Blue - 200x600,1,0,visible,,D-sign Carpet 1P0653 Blue 200x600 cm,,,taxable,parent,1,4,,0,0,,600,200,1.1,0,,2101,3775,,,,,,,69449022-H,,,,,,20,,,Size,200x600,,1,,,,,,,,,,,,,,,,,,,,,,,,,,,,,,,,,,,,,200x600,,,,,,,,,,,,,,,,,,,,,,,,154363,,,,,,,,,,,,,,,,,,,
108868,variation,69449045,,D-sign Carpet 1P0653 Blue - 250x300,1,0,visible,,D-sign Carpet 1P0653 Blue 250x300 cm,,,taxable,parent,1,12,,0,0,,300,250,1.1,0,,1374,2465,,,,,,,69449022-H,,,,,,21,,,Size,250x300,,1,,,,,,,,,,,,,,,,,,,,,,,,,,,,,,,,,,,,,250x300,,,,,,,,,,,,,,,,,,,,,,,,154364,,,,,,,,,,,,,,,,,,,
108869,variation,69449052,,D-sign Carpet 1P0653 Blue - 250x350,1,0,visible,,D-sign Carpet 1P0653 Blue 250x350 cm,,,taxable,parent,1,11,,0,0,,350,250,1.1,0,,1556,2795,,,,,,,69449022-H,,,,,,22,,,Size,250x350,,1,,,,,,,,,,,,,,,,,,,,,,,,,,,,,,,,,,,,,250x350,,,,,,,,,,,,,,,,,,,,,,,,154365,,,,,,,,,,,,,,,,,,,
108870,variation,69449050,,D-sign Carpet 1P0653 Blue - 250x400,1,0,visible,,D-sign Carpet 1P0653 Blue 250x400 cm,,,taxable,parent,1,11,,0,0,,400,250,1.1,0,,1742,3135,,,,,,,69449022-H,,,,,,23,,,Size,250x400,,1,,,,,,,,,,,,,,,,,,,,,,,,,,,,,,,,,,,,,250x400,,,,,,,,,,,,,,,,,,,,,,,,154366,,,,,,,,,,,,,,,,,,,
108871,variation,69449049,,D-sign Carpet 1P0653 Blue - 250x500,1,0,visible,,D-sign Carpet 1P0653 Blue 250x500 cm,,,taxable,parent,1,11,,0,0,,500,250,1.1,0,,2176,3915,,,,,,,69449022-H,,,,,,24,,,Size,250x500,,1,,,,,,,,,,,,,,,,,,,,,,,,,,,,,,,,,,,,,250x500,,,,,,,,,,,,,,,,,,,,,,,,154370,,,,,,,,,,,,,,,,,,,
108872,variation,69449059,,D-sign Carpet 1P0653 Blue - 300x300,1,0,visible,,D-sign Carpet 1P0653 Blue 300x300 cm,,,taxable,parent,1,9,,0,0,,300,300,1.1,0,,1596,2865,,,,,,,69449022-H,,,,,,25,,,Size,300x300,,1,,,,,,,,,,,,,,,,,,,,,,,,,,,,,,,,,,,,,300x300,,,,,,,,,,,,,,,,,,,,,,,,154371,,,,,,,,,,,,,,,,,,,
108873,variation,69449062,,D-sign Carpet 1P0653 Blue - 300x350,1,0,visible,,D-sign Carpet 1P0653 Blue 300x350 cm,,,taxable,parent,1,9,,0,0,,350,300,1.1,0,,1814,3265,,,,,,,69449022-H,,,,,,26,,,Size,300x350,,1,,,,,,,,,,,,,,,,,,,,,,,,,,,,,,,,,,,,,300x350,,,,,,,,,,,,,,,,,,,,,,,,154372,,,,,,,,,,,,,,,,,,,
108874,variation,69449066,,D-sign Carpet 1P0653 Blue - 300x400,1,0,visible,,D-sign Carpet 1P0653 Blue 300x400 cm,,,taxable,parent,1,9,,0,0,,400,300,1.1,0,,2036,3655,,,,,,,69449022-H,,,,,,27,,,Size,300x400,,1,,,,,,,,,,,,,,,,,,,,,,,,,,,,,,,,,,,,,300x400,,,,,,,,,,,,,,,,,,,,,,,,154373,,,,,,,,,,,,,,,,,,,
108875,variation,69449056,,D-sign Carpet 1P0653 Blue - 300x450,1,0,visible,,D-sign Carpet 1P0653 Blue 300x450 cm,,,taxable,parent,1,6,,0,0,,450,300,1.1,0,,2323,4175,,,,,,,69449022-H,,,,,,28,,,Size,300x450,,1,,,,,,,,,,,,,,,,,,,,,,,,,,,,,,,,,,,,,300x450,,,,,,,,,,,,,,,,,,,,,,,,154374,,,,,,,,,,,,,,,,,,,
108876,variation,69449055,,D-sign Carpet 1P0653 Blue - 300x500,1,0,visible,,D-sign Carpet 1P0653 Blue 300x500 cm,,,taxable,parent,1,9,,0,0,,500,300,1.1,0,,2545,4575,,,,,,,69449022-H,,,,,,29,,,Size,300x500,,1,,,,,,,,,,,,,,,,,,,,,,,,,,,,,,,,,,,,,300x500,,,,,,,,,,,,,,,,,,,,,,,,154375,,,,,,,,,,,,,,,,,,,
108877,variation,69449060,,D-sign Carpet 1P0653 Blue - 300x600,1,0,visible,,D-sign Carpet 1P0653 Blue 300x600 cm,,,taxable,parent,1,4,,0,0,,600,300,1.1,0,,2985,5365,,,,,,,69449022-H,,,,,,30,,,Size,300x600,,1,,,,,,,,,,,,,,,,,,,,,,,,,,,,,,,,,,,,,300x600,,,,,,,,,,,,,,,,,,,,,,,,154376,,,,,,,,,,,,,,,,,,,
108878,variation,69449061,,D-sign Carpet 1P0653 Blue - 350x400,1,0,visible,,D-sign Carpet 1P0653 Blue 350x400 cm,,,taxable,parent,1,8,,0,0,,400,350,1.1,0,,2398,4315,,,,,,,69449022-H,,,,,,31,,,Size,350x400,,1,,,,,,,,,,,,,,,,,,,,,,,,,,,,,,,,,,,,,350x400,,,,,,,,,,,,,,,,,,,,,,,,154377,,,,,,,,,,,,,,,,,,,
108879,variation,69449057,,D-sign Carpet 1P0653 Blue - 350x500,1,0,visible,,D-sign Carpet 1P0653 Blue 350x500 cm,,,taxable,parent,1,8,,0,0,,500,350,1.1,0,,3254,5855,,,,,,,69449022-H,,,,,,32,,,Size,350x500,,1,,,,,,,,,,,,,,,,,,,,,,,,,,,,,,,,,,,,,350x500,,,,,,,,,,,,,,,,,,,,,,,,154378,,,,,,,,,,,,,,,,,,,
108880,variation,69449063,,D-sign Carpet 1P0653 Blue - 400x400,1,0,visible,,D-sign Carpet 1P0653 Blue 400x400 cm,,,taxable,parent,1,7,,0,0,,400,400,1.1,0,,2688,4835,,,,,,,69449022-H,,,,,,33,,,Size,400x400,,1,,,,,,,,,,,,,,,,,,,,,,,,,,,,,,,,,,,,,400x400,,,,,,,,,,,,,,,,,,,,,,,,154379,,,,,,,,,,,,,,,,,,,
108881,variation,69449064,,D-sign Carpet 1P0653 Blue - 400x450,1,0,visible,,D-sign Carpet 1P0653 Blue 400x450 cm,,,taxable,parent,1,6,,0,0,,450,400,1.1,0,,2981,5365,,,,,,,69449022-H,,,,,,34,,,Size,400x450,,1,,,,,,,,,,,,,,,,,,,,,,,,,,,,,,,,,,,,,400x450,,,,,,,,,,,,,,,,,,,,,,,,154380,,,,,,,,,,,,,,,,,,,
108882,variation,69449070,,D-sign Carpet 1P0653 Blue - 400x500,1,0,visible,,D-sign Carpet 1P0653 Blue 400x500 cm,,,taxable,parent,1,7,,0,0,,500,400,1.1,0,,3619,6505,,,,,,,69449022-H,,,,,,35,,,Size,400x500,,1,,,,,,,,,,,,,,,,,,,,,,,,,,,,,,,,,,,,,400x500,,,,,,,,,,,,,,,,,,,,,,,,154381,,,,,,,,,,,,,,,,,,,
108883,variation,69449071,,D-sign Carpet 1P0653 Blue - 400x600,1,0,visible,,D-sign Carpet 1P0653 Blue 400x600 cm,,,taxable,parent,1,4,,0,0,,600,400,1.1,0,,4893,8805,,,,,,,69449022-H,,,,,,36,,,Size,400x600,,1,,,,,,,,,,,,,,,,,,,,,,,,,,,,,,,,,,,,,400x600,,,,,,,,,,,,,,,,,,,,,,,,154382,,,,,,,,,,,,,,,,,,,
108884,variation,69449072,,D-sign Carpet 1P0653 Blue - 500x500,1,0,visible,,D-sign Carpet 1P0653 Blue 500x500 cm,,,taxable,parent,1,5,,0,0,,500,500,1.1,0,,5043,9075,,,,,,,69449022-H,,,,,,37,,,Size,500x500,,1,,,,,,,,,,,,,,,,,,,,,,,,,,,,,,,,,,,,,500x500,,,,,,,,,,,,,,,,,,,,,,,,154383,,,,,,,,,,,,,,,,,,,
108885,variation,69449069,,D-sign Carpet 1P0653 Blue - 500x600,1,0,visible,,D-sign Carpet 1P0653 Blue 500x600 cm,,,taxable,parent,1,4,,0,0,,600,500,1.1,0,,5773,10385,,,,,,,69449022-H,,,,,,38,,,Size,500x600,,1,,,,,,,,,,,,,,,,,,,,,,,,,,,,,,,,,,,,,500x600,,,,,,,,,,,,,,,,,,,,,,,,154384,,,,,,,,,,,,,,,,,,,
108887,variable,69449073-H,,D-sign Rug 1P0329 Orange,1,0,visible,D-sign Rug 1P0329 Orange,D-sign Rug 1P0329 Orange,,,taxable,,1,,,0,0,,,,,0,,,,"Rooms > Kids, Rugs > Kids, Rugs",,,"https://rugshop.eu/wp-content/uploads/2022/09/carpet-puzzle-orange.jpg, https://rugshop.eu/wp-content/uploads/2022/09/carpet-puzzle-orange.jpg, https://rugshop.eu/wp-content/uploads/2022/09/carpet-puzzle-orange-1.jpg, https://rugshop.eu/wp-content/uploads/2022/09/carpet-puzzle-orange-2.jpg",,,,,,,,,2595,,,Size,"100x100, 100x150, 100x200, 100x250, 100x300, 100x400, 100x500, 150x150, 150x200, 150x250, 150x300, 150x350, 150x400, 150x500, 170x230, 200x200, 200x250, 200x300, 200x350, 200x400, 200x500, 200x600, 250x300, 250x350, 250x400, 250x500, 300x300, 300x350, 300x400, 300x450, 300x500, 300x600, 350x400, 400x400, 400x450, 400x500",1,1,Brand,D-sign,1,1,Color,Red,1,1,Type of color,Multicolor,1,1,Shape,"Rectangular, Square",1,1,Material,Polypropylene,1,1,Type of rug,Modern,1,1,Weave,Machinemade,1,1,Age,New,1,1,,,,,,,,,default,default,default,default,,,,,,yes,yes,,,,,,,,,,,,,,,,,,,,,,,,,,,,,
108889,variation,69449073,,D-sign Rug 1P0329 Orange - 100x100,1,0,visible,,D-sign Rug 1P0329 Orange 100x100 cm,,,taxable,parent,1,73,,0,0,,100,100,0.7,0,,389,695,,,,,,,69449073-H,,,,,,1,,,Size,100x100,,1,,,,,,,,,,,,,,,,,,,,,,,,,,,,,,,,,,,,,100x100,,,,,,,,,,,,,,,,,,,,,,,,9118,,,,,,,,,,,,,,,,,,,
108890,variation,69454012,,D-sign Rug 1P0329 Orange - 100x150,1,0,visible,,D-sign Rug 1P0329 Orange 100x150 cm ,,,taxable,parent,1,63,,0,0,,150,100,0.7,0,,445,795,,,,,,,69449073-H,,,,,,2,,,Size,100x150,,1,,,,,,,,,,,,,,,,,,,,,,,,,,,,,,,,,,,,,100x150,,,,,,,,,,,,,,,,,,,,,,,,9086,,,,,,,,,,,,,,,,,,,
108891,variation,69454008,,D-sign Rug 1P0329 Orange - 100x200,1,0,visible,,D-sign Rug 1P0329 Orange 100x200 cm,,,taxable,parent,1,48,,0,0,,200,100,0.7,0,,500,895,,,,,,,69449073-H,,,,,,3,,,Size,100x200,,1,,,,,,,,,,,,,,,,,,,,,,,,,,,,,,,,,,,,,100x200,,,,,,,,,,,,,,,,,,,,,,,,9087,,,,,,,,,,,,,,,,,,,
108892,variation,69454013,,D-sign Rug 1P0329 Orange - 100x250,1,0,visible,,D-sign Rug 1P0329 Orange 100x250 cm,,,taxable,parent,1,50,,0,0,,250,100,0.7,0,,559,1005,,,,,,,69449073-H,,,,,,4,,,Size,100x250,,1,,,,,,,,,,,,,,,,,,,,,,,,,,,,,,,,,,,,,100x250,,,,,,,,,,,,,,,,,,,,,,,,69630,,,,,,,,,,,,,,,,,,,
108893,variation,69454016,,D-sign Rug 1P0329 Orange - 100x300,1,0,visible,,D-sign Rug 1P0329 Orange 100x300 cm,,,taxable,parent,1,23,,0,0,,300,100,0.7,0,,617,1105,,,,,,,69449073-H,,,,,,5,,,Size,100x300,,1,,,,,,,,,,,,,,,,,,,,,,,,,,,,,,,,,,,,,100x300,,,,,,,,,,,,,,,,,,,,,,,,69631,,,,,,,,,,,,,,,,,,,
108894,variation,69454009,,D-sign Rug 1P0329 Orange - 100x400,1,0,visible,,D-sign Rug 1P0329 Orange 100x400 cm,,,taxable,parent,1,16,,0,0,,400,100,0.7,0,,728,1305,,,,,,,69449073-H,,,,,,6,,,Size,100x400,,1,,,,,,,,,,,,,,,,,,,,,,,,,,,,,,,,,,,,,100x400,,,,,,,,,,,,,,,,,,,,,,,,9088,,,,,,,,,,,,,,,,,,,
108895,variation,69449078,,D-sign Rug 1P0329 Orange - 100x500,1,0,visible,,D-sign Rug 1P0329 Orange 100x500 cm,,,taxable,parent,1,12,,0,0,,500,100,0.7,0,,846,1515,,,,,,,69449073-H,,,,,,7,,,Size,100x500,,1,,,,,,,,,,,,,,,,,,,,,,,,,,,,,,,,,,,,,100x500,,,,,,,,,,,,,,,,,,,,,,,,69632,,,,,,,,,,,,,,,,,,,
108896,variation,69449077,,D-sign Rug 1P0329 Orange - 150x150,1,0,visible,,D-sign Rug 1P0329 Orange 150x150 cm,,,taxable,parent,0,0,,0,0,,150,150,0.7,0,,533,955,,,,,,,69449073-H,,,,,,8,,,Size,150x150,,1,,,,,,,,,,,,,,,,,,,,,,,,,,,,,,,,,,,,,150x150,,,,,,,,,,,,,,,,,,,,,,,,9089,,,,,,,,,,,,,,,,,,,
108897,variation,69449079,,D-sign Rug 1P0329 Orange - 150x200,1,0,visible,,D-sign Rug 1P0329 Orange 150x200 cm,,,taxable,parent,0,0,,0,0,,200,150,0.7,0,,617,1105,,,,,,,69449073-H,,,,,,9,,,Size,150x200,,1,,,,,,,,,,,,,,,,,,,,,,,,,,,,,,,,,,,,,150x200,,,,,,,,,,,,,,,,,,,,,,,,9090,,,,,,,,,,,,,,,,,,,
108898,variation,69449074,,D-sign Rug 1P0329 Orange - 150x250,1,0,visible,,D-sign Rug 1P0329 Orange 150x250 cm,,,taxable,parent,0,0,,0,0,,250,150,0.7,0,,696,1245,,,,,,,69449073-H,,,,,,10,,,Size,150x250,,1,,,,,,,,,,,,,,,,,,,,,,,,,,,,,,,,,,,,,150x250,,,,,,,,,,,,,,,,,,,,,,,,9091,,,,,,,,,,,,,,,,,,,
108899,variation,69449076,,D-sign Rug 1P0329 Orange - 150x300,1,0,visible,,D-sign Rug 1P0329 Orange 150x300 cm,,,taxable,parent,0,0,,0,0,,300,150,0.7,0,,787,1415,,,,,,,69449073-H,,,,,,11,,,Size,150x300,,1,,,,,,,,,,,,,,,,,,,,,,,,,,,,,,,,,,,,,150x300,,,,,,,,,,,,,,,,,,,,,,,,69633,,,,,,,,,,,,,,,,,,,
108900,variation,69449075,,D-sign Rug 1P0329 Orange - 150x350,1,0,visible,,D-sign Rug 1P0329 Orange 150x350 cm,,,taxable,parent,0,0,,0,0,,350,150,0.7,0,,872,1565,,,,,,,69449073-H,,,,,,12,,,Size,150x350,,1,,,,,,,,,,,,,,,,,,,,,,,,,,,,,,,,,,,,,150x350,,,,,,,,,,,,,,,,,,,,,,,,69635,,,,,,,,,,,,,,,,,,,
108901,variation,69449081,,D-sign Rug 1P0329 Orange - 150x400,1,0,visible,,D-sign Rug 1P0329 Orange 150x400 cm,,,taxable,parent,0,0,,0,0,,400,150,0.7,0,,956,1715,,,,,,,69449073-H,,,,,,13,,,Size,150x400,,1,,,,,,,,,,,,,,,,,,,,,,,,,,,,,,,,,,,,,150x400,,,,,,,,,,,,,,,,,,,,,,,,9092,,,,,,,,,,,,,,,,,,,
108902,variation,69449080,,D-sign Rug 1P0329 Orange - 150x500,1,0,visible,,D-sign Rug 1P0329 Orange 150x500 cm,,,taxable,parent,0,0,,0,0,,500,150,0.7,0,,1129,2025,,,,,,,69449073-H,,,,,,14,,,Size,150x500,,1,,,,,,,,,,,,,,,,,,,,,,,,,,,,,,,,,,,,,150x500,,,,,,,,,,,,,,,,,,,,,,,,69636,,,,,,,,,,,,,,,,,,,
108903,variation,69449082,,D-sign Rug 1P0329 Orange - 170x230,1,0,visible,,D-sign Rug 1P0329 Orange 170x230 cm,,,taxable,parent,0,0,,0,0,,230,170,0.7,0,,696,1245,,,,,,,69449073-H,,,,,,15,,,Size,170x230,,1,,,,,,,,,,,,,,,,,,,,,,,,,,,,,,,,,,,,,170x230,,,,,,,,,,,,,,,,,,,,,,,,69637,,,,,,,,,,,,,,,,,,,
108904,variation,69449083,,D-sign Rug 1P0329 Orange - 200x200,1,0,visible,,D-sign Rug 1P0329 Orange 200x200 cm,,,taxable,parent,0,0,,0,0,,200,200,0.7,0,,728,1305,,,,,,,69449073-H,,,,,,16,,,Size,200x200,,1,,,,,,,,,,,,,,,,,,,,,,,,,,,,,,,,,,,,,200x200,,,,,,,,,,,,,,,,,,,,,,,,9093,,,,,,,,,,,,,,,,,,,
108905,variation,69449084,,D-sign Rug 1P0329 Orange - 200x250,1,0,visible,,D-sign Rug 1P0329 Orange 200x250 cm,,,taxable,parent,0,0,,0,0,,250,200,0.7,0,,846,1515,,,,,,,69449073-H,,,,,,17,,,Size,200x250,,1,,,,,,,,,,,,,,,,,,,,,,,,,,,,,,,,,,,,,200x250,,,,,,,,,,,,,,,,,,,,,,,,9094,,,,,,,,,,,,,,,,,,,
108906,variation,69449085,,D-sign Rug 1P0329 Orange - 200x300,1,0,visible,,D-sign Rug 1P0329 Orange 200x300 cm,,,taxable,parent,0,0,,0,0,,300,200,0.7,0,,956,1715,,,,,,,69449073-H,,,,,,18,,,Size,200x300,,1,,,,,,,,,,,,,,,,,,,,,,,,,,,,,,,,,,,,,200x300,,,,,,,,,,,,,,,,,,,,,,,,9095,,,,,,,,,,,,,,,,,,,
108907,variation,69449088,,D-sign Rug 1P0329 Orange - 200x350,1,0,visible,,D-sign Rug 1P0329 Orange 200x350 cm,,,taxable,parent,0,0,,0,0,,350,200,0.7,0,,1074,1925,,,,,,,69449073-H,,,,,,19,,,Size,200x350,,1,,,,,,,,,,,,,,,,,,,,,,,,,,,,,,,,,,,,,200x350,,,,,,,,,,,,,,,,,,,,,,,,69638,,,,,,,,,,,,,,,,,,,
108908,variation,69449087,,D-sign Rug 1P0329 Orange - 200x400,1,0,visible,,D-sign Rug 1P0329 Orange 200x400 cm,,,taxable,parent,0,0,,0,0,,400,200,0.7,0,,1185,2125,,,,,,,69449073-H,,,,,,20,,,Size,200x400,,1,,,,,,,,,,,,,,,,,,,,,,,,,,,,,,,,,,,,,200x400,,,,,,,,,,,,,,,,,,,,,,,,9096,,,,,,,,,,,,,,,,,,,
108909,variation,69449092,,D-sign Rug 1P0329 Orange - 200x500,1,0,visible,,D-sign Rug 1P0329 Orange 200x500 cm,,,taxable,parent,0,0,,0,0,,500,200,0.7,0,,1413,2535,,,,,,,69449073-H,,,,,,21,,,Size,200x500,,1,,,,,,,,,,,,,,,,,,,,,,,,,,,,,,,,,,,,,200x500,,,,,,,,,,,,,,,,,,,,,,,,69639,,,,,,,,,,,,,,,,,,,
108910,variation,69449093,,D-sign Rug 1P0329 Orange - 200x600,1,0,visible,,D-sign Rug 1P0329 Orange 200x600 cm,,,taxable,parent,0,0,,0,0,,600,200,0.7,0,,1713,3075,,,,,,,69449073-H,,,,,,22,,,Size,200x600,,1,,,,,,,,,,,,,,,,,,,,,,,,,,,,,,,,,,,,,200x600,,,,,,,,,,,,,,,,,,,,,,,,69640,,,,,,,,,,,,,,,,,,,
108911,variation,69449089,,D-sign Rug 1P0329 Orange - 250x300,1,0,visible,,D-sign Rug 1P0329 Orange 250x300 cm,,,taxable,parent,0,0,,0,0,,300,250,0.7,0,,1129,2025,,,,,,,69449073-H,,,,,,23,,,Size,250x300,,1,,,,,,,,,,,,,,,,,,,,,,,,,,,,,,,,,,,,,250x300,,,,,,,,,,,,,,,,,,,,,,,,9097,,,,,,,,,,,,,,,,,,,
108912,variation,69449086,,D-sign Rug 1P0329 Orange - 250x350,1,0,visible,,D-sign Rug 1P0329 Orange 250x350 cm,,,taxable,parent,0,0,,0,0,,350,250,0.7,0,,1250,2245,,,,,,,69449073-H,,,,,,24,,,Size,250x350,,1,,,,,,,,,,,,,,,,,,,,,,,,,,,,,,,,,,,,,250x350,,,,,,,,,,,,,,,,,,,,,,,,9098,,,,,,,,,,,,,,,,,,,
108913,variation,69449091,,D-sign Rug 1P0329 Orange - 250x400,1,0,visible,,D-sign Rug 1P0329 Orange 250x400 cm,,,taxable,parent,0,0,,0,0,,400,250,0.7,0,,1413,2535,,,,,,,69449073-H,,,,,,25,,,Size,250x400,,1,,,,,,,,,,,,,,,,,,,,,,,,,,,,,,,,,,,,,250x400,,,,,,,,,,,,,,,,,,,,,,,,9099,,,,,,,,,,,,,,,,,,,
108914,variation,69449090,,D-sign Rug 1P0329 Orange - 250x500,1,0,visible,,D-sign Rug 1P0329 Orange 250x500 cm,,,taxable,parent,0,0,,0,0,,500,250,0.7,0,,1769,3175,,,,,,,69449073-H,,,,,,26,,,Size,250x500,,1,,,,,,,,,,,,,,,,,,,,,,,,,,,,,,,,,,,,,250x500,,,,,,,,,,,,,,,,,,,,,,,,69641,,,,,,,,,,,,,,,,,,,
108915,variation,69449097,,D-sign Rug 1P0329 Orange - 300x300,1,0,visible,,D-sign Rug 1P0329 Orange 300x300 cm,,,taxable,parent,0,0,,0,0,,300,300,0.7,0,,1302,2335,,,,,,,69449073-H,,,,,,27,,,Size,300x300,,1,,,,,,,,,,,,,,,,,,,,,,,,,,,,,,,,,,,,,300x300,,,,,,,,,,,,,,,,,,,,,,,,69642,,,,,,,,,,,,,,,,,,,
108916,variation,69449099,,D-sign Rug 1P0329 Orange - 300x350,1,0,visible,,D-sign Rug 1P0329 Orange 300x350 cm,,,taxable,parent,0,0,,0,0,,350,300,0.7,0,,1472,2645,,,,,,,69449073-H,,,,,,28,,,Size,300x350,,1,,,,,,,,,,,,,,,,,,,,,,,,,,,,,,,,,,,,,300x350,,,,,,,,,,,,,,,,,,,,,,,,69643,,,,,,,,,,,,,,,,,,,
108917,variation,69449096,,D-sign Rug 1P0329 Orange - 300x400,1,0,visible,,D-sign Rug 1P0329 Orange 300x400 cm,,,taxable,parent,0,0,,0,0,,400,300,0.7,0,,1641,2945,,,,,,,69449073-H,,,,,,29,,,Size,300x400,,1,,,,,,,,,,,,,,,,,,,,,,,,,,,,,,,,,,,,,300x400,,,,,,,,,,,,,,,,,,,,,,,,9100,,,,,,,,,,,,,,,,,,,
108918,variation,69449101,,D-sign Rug 1P0329 Orange - 300x450,1,0,visible,,D-sign Rug 1P0329 Orange 300x450 cm,,,taxable,parent,0,0,,0,0,,450,300,0.7,0,,1883,3385,,,,,,,69449073-H,,,,,,30,,,Size,300x450,,1,,,,,,,,,,,,,,,,,,,,,,,,,,,,,,,,,,,,,300x450,,,,,,,,,,,,,,,,,,,,,,,,69644,,,,,,,,,,,,,,,,,,,
108919,variation,69449098,,D-sign Rug 1P0329 Orange - 300x500,1,0,visible,,D-sign Rug 1P0329 Orange 300x500 cm,,,taxable,parent,0,0,,0,0,,500,300,0.7,0,,2056,3695,,,,,,,69449073-H,,,,,,31,,,Size,300x500,,1,,,,,,,,,,,,,,,,,,,,,,,,,,,,,,,,,,,,,300x500,,,,,,,,,,,,,,,,,,,,,,,,69645,,,,,,,,,,,,,,,,,,,
108920,variation,69449100,,D-sign Rug 1P0329 Orange - 300x600,1,0,visible,,D-sign Rug 1P0329 Orange 300x600 cm,,,taxable,parent,0,0,,0,0,,600,300,0.7,0,,2395,4305,,,,,,,69449073-H,,,,,,32,,,Size,300x600,,1,,,,,,,,,,,,,,,,,,,,,,,,,,,,,,,,,,,,,300x600,,,,,,,,,,,,,,,,,,,,,,,,69646,,,,,,,,,,,,,,,,,,,
108921,variable,69449106-H,,D-sign Rug 1P0330 Purple,1,0,visible,D-sign Rug 1P0330 Purple,D-sign Rug 1P0330 Purple,,,taxable,,1,,,0,0,,,,,0,,,,"Rooms > Kids, Rugs > Kids, Rugs",,,"https://rugshop.eu/wp-content/uploads/2022/09/carpet-puzzle-purple.jpg, https://rugshop.eu/wp-content/uploads/2022/09/carpet-puzzle-purple.jpg, https://rugshop.eu/wp-content/uploads/2022/09/carpet-puzzle-purple-1.jpg, https://rugshop.eu/wp-content/uploads/2022/09/carpet-puzzle-purple-2.jpg",,,,,,,,,2596,,,Size,"100x100, 100x150, 100x200, 100x250, 100x300, 100x400, 100x500, 150x150, 150x200, 150x250, 150x300, 150x350, 150x400, 150x500, 170x230, 200x200, 200x250, 200x300, 200x350, 200x400, 200x500, 200x600, 250x300, 250x350, 250x400, 250x500, 300x300, 300x350, 300x400, 300x450, 300x500, 300x600, 350x400, 400x400, 400x450, 400x500",1,1,Brand,D-sign,1,1,Color,Pink-Purple,1,1,Type of color,Multicolor,1,1,Shape,"Rectangular, Square",1,1,Material,Polypropylene,1,1,Type of rug,Modern,1,1,Weave,Machinemade,1,1,Age,New,1,1,,,,,,,,,default,default,default,default,,,,,,yes,yes,,,,,,,,,,,,,,,,,,,,,,,,,,,,,
108922,variation,69449102,,D-sign Rug 1P0329 Orange - 350x400,1,0,visible,,D-sign Rug 1P0329 Orange 350x400 cm,,,taxable,parent,0,0,,0,0,,400,350,0.7,0,,1938,3485,,,,,,,69449073-H,,,,,,33,,,Size,350x400,,1,,,,,,,,,,,,,,,,,,,,,,,,,,,,,,,,,,,,,350x400,,,,,,,,,,,,,,,,,,,,,,,,69647,,,,,,,,,,,,,,,,,,,
108923,variation,69449095,,D-sign Rug 1P0329 Orange - 400x400,1,0,visible,,D-sign Rug 1P0329 Orange 400x400 cm,,,taxable,parent,0,0,,0,0,,400,400,0.7,0,,2166,3895,,,,,,,69449073-H,,,,,,34,,,Size,400x400,,1,,,,,,,,,,,,,,,,,,,,,,,,,,,,,,,,,,,,,400x400,,,,,,,,,,,,,,,,,,,,,,,,9101,,,,,,,,,,,,,,,,,,,
108924,variation,69449094,,D-sign Rug 1P0329 Orange - 400x450,1,0,visible,,D-sign Rug 1P0329 Orange 400x450 cm,,,taxable,parent,0,0,,0,0,,450,400,0.7,0,,2395,4305,,,,,,,69449073-H,,,,,,35,,,Size,400x450,,1,,,,,,,,,,,,,,,,,,,,,,,,,,,,,,,,,,,,,400x450,,,,,,,,,,,,,,,,,,,,,,,,69648,,,,,,,,,,,,,,,,,,,
108925,variation,69449103,,D-sign Rug 1P0329 Orange - 400x500,1,0,visible,,D-sign Rug 1P0329 Orange 400x500 cm,,,taxable,parent,0,0,,0,0,,500,400,0.7,0,,2967,5335,,,,,,,69449073-H,,,,,,36,,,Size,400x500,,1,,,,,,,,,,,,,,,,,,,,,,,,,,,,,,,,,,,,,400x500,,,,,,,,,,,,,,,,,,,,,,,,9102,,,,,,,,,,,,,,,,,,,
108927,variation,69449106,,D-sign Rug 1P0330 Purple - 100x100,1,0,visible,,D-sign Rug 1P0330 Purple 100x100 cm,,,taxable,parent,1,35,,0,0,,100,100,0.7,0,,389,695,,,,,,,69449106-H,,,,,,1,,,Size,100x100,,1,,,,,,,,,,,,,,,,,,,,,,,,,,,,,,,,,,,,,100x100,,,,,,,,,,,,,,,,,,,,,,,,9136,,,,,,,,,,,,,,,,,,,
108928,variation,69454014,,D-sign Rug 1P0330 Purple - 100x150,1,0,visible,,D-sign Rug 1P0330 Purple 100x150 cm ,,,taxable,parent,1,38,,0,0,,150,100,0.7,0,,445,795,,,,,,,69449106-H,,,,,,2,,,Size,100x150,,1,,,,,,,,,,,,,,,,,,,,,,,,,,,,,,,,,,,,,100x150,,,,,,,,,,,,,,,,,,,,,,,,9119,,,,,,,,,,,,,,,,,,,
108929,variation,69454492,,D-sign Rug 1P0330 Purple - 100x200,1,0,visible,,D-sign Rug 1P0330 Purple 100x200 cm,,,taxable,parent,1,19,,0,0,,200,100,0.7,0,,500,895,,,,,,,69449106-H,,,,,,3,,,Size,100x200,,1,,,,,,,,,,,,,,,,,,,,,,,,,,,,,,,,,,,,,100x200,,,,,,,,,,,,,,,,,,,,,,,,9120,,,,,,,,,,,,,,,,,,,
108930,variation,69454497,,D-sign Rug 1P0330 Purple - 100x250,1,0,visible,,D-sign Rug 1P0330 Purple 100x250 cm,,,taxable,parent,1,34,,0,0,,250,100,0.7,0,,559,1005,,,,,,,69449106-H,,,,,,4,,,Size,100x250,,1,,,,,,,,,,,,,,,,,,,,,,,,,,,,,,,,,,,,,100x250,,,,,,,,,,,,,,,,,,,,,,,,69669,,,,,,,,,,,,,,,,,,,
108931,variation,69454491,,D-sign Rug 1P0330 Purple - 100x300,1,0,visible,,D-sign Rug 1P0330 Purple 100x300 cm,,,taxable,parent,1,36,,0,0,,300,100,0.7,0,,617,1105,,,,,,,69449106-H,,,,,,5,,,Size,100x300,,1,,,,,,,,,,,,,,,,,,,,,,,,,,,,,,,,,,,,,100x300,,,,,,,,,,,,,,,,,,,,,,,,69670,,,,,,,,,,,,,,,,,,,
108932,variation,69454011,,D-sign Rug 1P0330 Purple - 100x400,1,0,visible,,D-sign Rug 1P0330 Purple 100x400 cm,,,taxable,parent,1,34,,0,0,,400,100,0.7,0,,728,1305,,,,,,,69449106-H,,,,,,6,,,Size,100x400,,1,,,,,,,,,,,,,,,,,,,,,,,,,,,,,,,,,,,,,100x400,,,,,,,,,,,,,,,,,,,,,,,,9121,,,,,,,,,,,,,,,,,,,
108933,variation,69454494,,D-sign Rug 1P0330 Purple - 100x500,1,0,visible,,D-sign Rug 1P0330 Purple 100x500 cm,,,taxable,parent,1,6,,0,0,,500,100,0.7,0,,846,1515,,,,,,,69449106-H,,,,,,7,,,Size,100x500,,1,,,,,,,,,,,,,,,,,,,,,,,,,,,,,,,,,,,,,100x500,,,,,,,,,,,,,,,,,,,,,,,,69671,,,,,,,,,,,,,,,,,,,
108934,variation,69454495,,D-sign Rug 1P0330 Purple - 150x150,1,0,visible,,D-sign Rug 1P0330 Purple 150x150 cm,,,taxable,parent,1,23,,0,0,,150,150,0.7,0,,529,945,,,,,,,69449106-H,,,,,,8,,,Size,150x150,,1,,,,,,,,,,,,,,,,,,,,,,,,,,,,,,,,,,,,,150x150,,,,,,,,,,,,,,,,,,,,,,,,9122,,,,,,,,,,,,,,,,,,,
108935,variation,69454496,,D-sign Rug 1P0330 Purple - 150x200,1,0,visible,,D-sign Rug 1P0330 Purple 150x200 cm,,,taxable,parent,1,24,,0,0,,200,150,0.7,0,,617,1105,,,,,,,69449106-H,,,,,,9,,,Size,150x200,,1,,,,,,,,,,,,,,,,,,,,,,,,,,,,,,,,,,,,,150x200,,,,,,,,,,,,,,,,,,,,,,,,9123,,,,,,,,,,,,,,,,,,,
108936,variation,69454501,,D-sign Rug 1P0330 Purple - 150x250,1,0,visible,,D-sign Rug 1P0330 Purple 150x250 cm,,,taxable,parent,1,23,,0,0,,250,150,0.7,0,,696,1245,,,,,,,69449106-H,,,,,,10,,,Size,150x250,,1,,,,,,,,,,,,,,,,,,,,,,,,,,,,,,,,,,,,,150x250,,,,,,,,,,,,,,,,,,,,,,,,9124,,,,,,,,,,,,,,,,,,,
108937,variation,69449112,,D-sign Rug 1P0330 Purple - 150x300,1,0,visible,,D-sign Rug 1P0330 Purple 150x300 cm,,,taxable,parent,1,23,,0,0,,300,150,0.7,0,,787,1415,,,,,,,69449106-H,,,,,,11,,,Size,150x300,,1,,,,,,,,,,,,,,,,,,,,,,,,,,,,,,,,,,,,,150x300,,,,,,,,,,,,,,,,,,,,,,,,69672,,,,,,,,,,,,,,,,,,,
108938,variation,69449110,,D-sign Rug 1P0330 Purple - 150x350,1,0,visible,,D-sign Rug 1P0330 Purple 150x350 cm,,,taxable,parent,1,23,,0,0,,350,150,0.7,0,,872,1565,,,,,,,69449106-H,,,,,,12,,,Size,150x350,,1,,,,,,,,,,,,,,,,,,,,,,,,,,,,,,,,,,,,,150x350,,,,,,,,,,,,,,,,,,,,,,,,69673,,,,,,,,,,,,,,,,,,,
108939,variation,69449115,,D-sign Rug 1P0330 Purple - 150x400,1,0,visible,,D-sign Rug 1P0330 Purple 150x400 cm,,,taxable,parent,1,23,,0,0,,400,150,0.7,0,,956,1715,,,,,,,69449106-H,,,,,,13,,,Size,150x400,,1,,,,,,,,,,,,,,,,,,,,,,,,,,,,,,,,,,,,,150x400,,,,,,,,,,,,,,,,,,,,,,,,9125,,,,,,,,,,,,,,,,,,,
108940,variation,69449111,,D-sign Rug 1P0330 Purple - 150x500,1,0,visible,,D-sign Rug 1P0330 Purple 150x500 cm,,,taxable,parent,1,6,,0,0,,500,150,0.7,0,,1129,2025,,,,,,,69449106-H,,,,,,14,,,Size,150x500,,1,,,,,,,,,,,,,,,,,,,,,,,,,,,,,,,,,,,,,150x500,,,,,,,,,,,,,,,,,,,,,,,,69676,,,,,,,,,,,,,,,,,,,
108941,variation,69449109,,D-sign Rug 1P0330 Purple - 170x230,1,0,visible,,D-sign Rug 1P0330 Purple 170x230 cm,,,taxable,parent,1,20,,0,0,,230,170,0.7,0,,696,1245,,,,,,,69449106-H,,,,,,15,,,Size,170x230,,1,,,,,,,,,,,,,,,,,,,,,,,,,,,,,,,,,,,,,170x230,,,,,,,,,,,,,,,,,,,,,,,,69679,,,,,,,,,,,,,,,,,,,
108942,variation,69449118,,D-sign Rug 1P0330 Purple - 200x200,1,0,visible,,D-sign Rug 1P0330 Purple 200x200 cm,,,taxable,parent,1,18,,0,0,,200,200,0.7,0,,728,1305,,,,,,,69449106-H,,,,,,16,,,Size,200x200,,1,,,,,,,,,,,,,,,,,,,,,,,,,,,,,,,,,,,,,200x200,,,,,,,,,,,,,,,,,,,,,,,,9126,,,,,,,,,,,,,,,,,,,
108943,variation,69449108,,D-sign Rug 1P0330 Purple - 200x250,1,0,visible,,D-sign Rug 1P0330 Purple 200x250 cm,,,taxable,parent,1,17,,0,0,,250,200,0.7,0,,846,1515,,,,,,,69449106-H,,,,,,17,,,Size,200x250,,1,,,,,,,,,,,,,,,,,,,,,,,,,,,,,,,,,,,,,200x250,,,,,,,,,,,,,,,,,,,,,,,,9127,,,,,,,,,,,,,,,,,,,
108944,variation,69449117,,D-sign Rug 1P0330 Purple - 200x300,1,0,visible,,D-sign Rug 1P0330 Purple 200x300 cm,,,taxable,parent,1,18,,0,0,,300,200,0.7,0,,956,1715,,,,,,,69449106-H,,,,,,18,,,Size,200x300,,1,,,,,,,,,,,,,,,,,,,,,,,,,,,,,,,,,,,,,200x300,,,,,,,,,,,,,,,,,,,,,,,,9128,,,,,,,,,,,,,,,,,,,
108945,variation,69449116,,D-sign Rug 1P0330 Purple - 200x350,1,0,visible,,D-sign Rug 1P0330 Purple 200x350 cm,,,taxable,parent,1,17,,0,0,,350,200,0.7,0,,1074,1925,,,,,,,69449106-H,,,,,,19,,,Size,200x350,,1,,,,,,,,,,,,,,,,,,,,,,,,,,,,,,,,,,,,,200x350,,,,,,,,,,,,,,,,,,,,,,,,69694,,,,,,,,,,,,,,,,,,,
108946,variation,69449114,,D-sign Rug 1P0330 Purple - 200x400,1,0,visible,,D-sign Rug 1P0330 Purple 200x400 cm,,,taxable,parent,1,17,,0,0,,400,200,0.7,0,,1185,2125,,,,,,,69449106-H,,,,,,20,,,Size,200x400,,1,,,,,,,,,,,,,,,,,,,,,,,,,,,,,,,,,,,,,200x400,,,,,,,,,,,,,,,,,,,,,,,,9129,,,,,,,,,,,,,,,,,,,
108947,variation,69449123,,D-sign Rug 1P0330 Purple - 200x500,1,0,visible,,D-sign Rug 1P0330 Purple 200x500 cm,,,taxable,parent,1,6,,0,0,,500,200,0.7,0,,1413,2535,,,,,,,69449106-H,,,,,,21,,,Size,200x500,,1,,,,,,,,,,,,,,,,,,,,,,,,,,,,,,,,,,,,,200x500,,,,,,,,,,,,,,,,,,,,,,,,69700,,,,,,,,,,,,,,,,,,,
108948,variation,69449127,,D-sign Rug 1P0330 Purple - 200x600,1,0,visible,,D-sign Rug 1P0330 Purple 200x600 cm,,,taxable,parent,1,5,,0,0,,600,200,0.7,0,,1710,3075,,,,,,,69449106-H,,,,,,22,,,Size,200x600,,1,,,,,,,,,,,,,,,,,,,,,,,,,,,,,,,,,,,,,200x600,,,,,,,,,,,,,,,,,,,,,,,,69702,,,,,,,,,,,,,,,,,,,
108949,variation,69449122,,D-sign Rug 1P0330 Purple - 250x300,1,0,visible,,D-sign Rug 1P0330 Purple 250x300 cm,,,taxable,parent,1,13,,0,0,,300,250,0.7,0,,1129,2025,,,,,,,69449106-H,,,,,,23,,,Size,250x300,,1,,,,,,,,,,,,,,,,,,,,,,,,,,,,,,,,,,,,,250x300,,,,,,,,,,,,,,,,,,,,,,,,9130,,,,,,,,,,,,,,,,,,,
108950,variation,69449130,,D-sign Rug 1P0330 Purple - 250x350,1,0,visible,,D-sign Rug 1P0330 Purple 250x350 cm,,,taxable,parent,1,13,,0,0,,350,250,0.7,0,,1250,2245,,,,,,,69449106-H,,,,,,24,,,Size,250x350,,1,,,,,,,,,,,,,,,,,,,,,,,,,,,,,,,,,,,,,250x350,,,,,,,,,,,,,,,,,,,,,,,,9131,,,,,,,,,,,,,,,,,,,
108951,variation,69449124,,D-sign Rug 1P0330 Purple - 250x400,1,0,visible,,D-sign Rug 1P0330 Purple 250x400 cm,,,taxable,parent,1,13,,0,0,,400,250,0.7,0,,1413,2535,,,,,,,69449106-H,,,,,,25,,,Size,250x400,,1,,,,,,,,,,,,,,,,,,,,,,,,,,,,,,,,,,,,,250x400,,,,,,,,,,,,,,,,,,,,,,,,9132,,,,,,,,,,,,,,,,,,,
108952,variation,69449128,,D-sign Rug 1P0330 Purple - 250x500,1,0,visible,,D-sign Rug 1P0330 Purple 250x500 cm,,,taxable,parent,1,6,,0,0,,500,250,0.7,0,,1769,3175,,,,,,,69449106-H,,,,,,26,,,Size,250x500,,1,,,,,,,,,,,,,,,,,,,,,,,,,,,,,,,,,,,,,250x500,,,,,,,,,,,,,,,,,,,,,,,,69703,,,,,,,,,,,,,,,,,,,
108953,variation,69449125,,D-sign Rug 1P0330 Purple - 300x300,1,0,visible,,D-sign Rug 1P0330 Purple 300x300 cm,,,taxable,parent,1,11,,0,0,,300,300,0.7,0,,1302,2335,,,,,,,69449106-H,,,,,,27,,,Size,300x300,,1,,,,,,,,,,,,,,,,,,,,,,,,,,,,,,,,,,,,,300x300,,,,,,,,,,,,,,,,,,,,,,,,69705,,,,,,,,,,,,,,,,,,,
108954,variation,69449129,,D-sign Rug 1P0330 Purple - 300x350,1,0,visible,,D-sign Rug 1P0330 Purple 300x350 cm,,,taxable,parent,1,11,,0,0,,350,300,0.7,0,,1472,2645,,,,,,,69449106-H,,,,,,28,,,Size,300x350,,1,,,,,,,,,,,,,,,,,,,,,,,,,,,,,,,,,,,,,300x350,,,,,,,,,,,,,,,,,,,,,,,,69707,,,,,,,,,,,,,,,,,,,
108955,variation,69449126,,D-sign Rug 1P0330 Purple - 300x400,1,0,visible,,D-sign Rug 1P0330 Purple 300x400 cm,,,taxable,parent,1,11,,0,0,,400,300,0.7,0,,1641,2945,,,,,,,69449106-H,,,,,,29,,,Size,300x400,,1,,,,,,,,,,,,,,,,,,,,,,,,,,,,,,,,,,,,,300x400,,,,,,,,,,,,,,,,,,,,,,,,9133,,,,,,,,,,,,,,,,,,,
108956,variation,69449121,,D-sign Rug 1P0330 Purple - 300x450,1,0,visible,,D-sign Rug 1P0330 Purple 300x450 cm,,,taxable,parent,1,7,,0,0,,450,300,0.7,0,,1883,3385,,,,,,,69449106-H,,,,,,30,,,Size,300x450,,1,,,,,,,,,,,,,,,,,,,,,,,,,,,,,,,,,,,,,300x450,,,,,,,,,,,,,,,,,,,,,,,,69709,,,,,,,,,,,,,,,,,,,
108957,variation,69449133,,D-sign Rug 1P0330 Purple - 300x500,1,0,visible,,D-sign Rug 1P0330 Purple 300x500 cm,,,taxable,parent,1,6,,0,0,,500,300,0.7,0,,2056,3695,,,,,,,69449106-H,,,,,,31,,,Size,300x500,,1,,,,,,,,,,,,,,,,,,,,,,,,,,,,,,,,,,,,,300x500,,,,,,,,,,,,,,,,,,,,,,,,69710,,,,,,,,,,,,,,,,,,,
108958,variable,69449138-H,,D-sign Rug 1P0331 Blue,1,0,visible,D-sign Rug 1P0331 Blue,D-sign Rug 1P0331 Blue,,,taxable,,1,,,0,0,,,,,0,,,,"Rooms > Kids, Rugs > Kids, Rugs",,,"https://rugshop.eu/wp-content/uploads/2022/09/carpet-puzzle-blue.jpg, https://rugshop.eu/wp-content/uploads/2022/09/carpet-puzzle-blue.jpg, https://rugshop.eu/wp-content/uploads/2022/09/carpet-puzzle-blue-1.jpg, https://rugshop.eu/wp-content/uploads/2022/09/carpet-puzzle-blue-2.jpg",,,,,,,,,2597,,,Size,"100x100, 100x150, 100x200, 100x250, 100x300, 100x400, 100x500, 150x150, 150x200, 150x250, 150x300, 150x350, 150x400, 150x500, 170x230, 200x200, 200x250, 200x300, 200x350, 200x400, 200x500, 200x600, 250x300, 250x350, 250x400, 250x500, 300x300, 300x350, 300x400, 300x450, 300x500, 300x600, 350x400, 400x400, 400x450, 400x500",1,1,Brand,D-sign,1,1,Color,Blue,1,1,Type of color,Multicolor,1,1,Shape,"Rectangular, Square",1,1,Material,Polypropylene,1,1,Type of rug,Modern,1,1,Weave,Machinemade,1,1,Age,New,1,1,,,,,,,,,default,default,default,default,,,,,,yes,yes,,,,,,,,,,,,,,,,,,,,,,,,,,,,,
108959,variation,69449136,,D-sign Rug 1P0330 Purple - 300x600,1,0,visible,,D-sign Rug 1P0330 Purple 300x600 cm,,,taxable,parent,1,5,,0,0,,600,300,0.7,0,,2395,4305,,,,,,,69449106-H,,,,,,32,,,Size,300x600,,1,,,,,,,,,,,,,,,,,,,,,,,,,,,,,,,,,,,,,300x600,,,,,,,,,,,,,,,,,,,,,,,,69712,,,,,,,,,,,,,,,,,,,
108960,variation,69449137,,D-sign Rug 1P0330 Purple - 350x400,1,0,visible,,D-sign Rug 1P0330 Purple 350x400 cm,,,taxable,parent,1,9,,0,0,,400,350,0.7,0,,1938,3485,,,,,,,69449106-H,,,,,,33,,,Size,350x400,,1,,,,,,,,,,,,,,,,,,,,,,,,,,,,,,,,,,,,,350x400,,,,,,,,,,,,,,,,,,,,,,,,69713,,,,,,,,,,,,,,,,,,,
108961,variation,69449135,,D-sign Rug 1P0330 Purple - 400x400,1,0,visible,,D-sign Rug 1P0330 Purple 400x400 cm,,,taxable,parent,1,8,,0,0,,400,400,0.7,0,,2166,3895,,,,,,,69449106-H,,,,,,34,,,Size,400x400,,1,,,,,,,,,,,,,,,,,,,,,,,,,,,,,,,,,,,,,400x400,,,,,,,,,,,,,,,,,,,,,,,,9134,,,,,,,,,,,,,,,,,,,
108962,variation,69449139,,D-sign Rug 1P0330 Purple - 400x450,1,0,visible,,D-sign Rug 1P0330 Purple 400x450 cm,,,taxable,parent,1,7,,0,0,,450,400,0.7,0,,2395,4305,,,,,,,69449106-H,,,,,,35,,,Size,400x450,,1,,,,,,,,,,,,,,,,,,,,,,,,,,,,,,,,,,,,,400x450,,,,,,,,,,,,,,,,,,,,,,,,69714,,,,,,,,,,,,,,,,,,,
108963,variation,69449134,,D-sign Rug 1P0330 Purple - 400x500,1,0,visible,,D-sign Rug 1P0330 Purple 400x500 cm,,,taxable,parent,1,6,,0,0,,500,400,0.7,0,,2967,5335,,,,,,,69449106-H,,,,,,36,,,Size,400x500,,1,,,,,,,,,,,,,,,,,,,,,,,,,,,,,,,,,,,,,400x500,,,,,,,,,,,,,,,,,,,,,,,,9135,,,,,,,,,,,,,,,,,,,
108965,variation,69449138,,D-sign Rug 1P0331 Blue - 100x100,1,0,visible,,D-sign Rug 1P0331 Blue 100x100 cm,,,taxable,parent,1,32,,0,0,,100,100,0.7,0,,389,695,,,,,,,69449138-H,,,,,,1,,,Size,100x100,,1,,,,,,,,,,,,,,,,,,,,,,,,,,,,,,,,,,,,,100x100,,,,,,,,,,,,,,,,,,,,,,,,9154,,,,,,,,,,,,,,,,,,,
108966,variation,69454499,,D-sign Rug 1P0331 Blue - 100x150,1,0,visible,,D-sign Rug 1P0331 Blue 100x150 cm ,,,taxable,parent,1,31,,0,0,,150,100,0.7,0,,445,795,,,,,,,69449138-H,,,,,,2,,,Size,100x150,,1,,,,,,,,,,,,,,,,,,,,,,,,,,,,,,,,,,,,,100x150,,,,,,,,,,,,,,,,,,,,,,,,9153,,,,,,,,,,,,,,,,,,,
108967,variation,69454498,,D-sign Rug 1P0331 Blue - 100x200,1,0,visible,,D-sign Rug 1P0331 Blue 100x200 cm,,,taxable,parent,1,23,,0,0,,200,100,0.7,0,,500,895,,,,,,,69449138-H,,,,,,3,,,Size,100x200,,1,,,,,,,,,,,,,,,,,,,,,,,,,,,,,,,,,,,,,100x200,,,,,,,,,,,,,,,,,,,,,,,,9137,,,,,,,,,,,,,,,,,,,
108968,variation,69454500,,D-sign Rug 1P0331 Blue - 100x250,1,0,visible,,D-sign Rug 1P0331 Blue 100x250 cm,,,taxable,parent,0,0,,0,0,,250,100,0.7,0,,559,1005,,,,,,,69449138-H,,,,,,4,,,Size,100x250,,1,,,,,,,,,,,,,,,,,,,,,,,,,,,,,,,,,,,,,100x250,,,,,,,,,,,,,,,,,,,,,,,,69550,,,,,,,,,,,,,,,,,,,
108969,variation,69449143,,D-sign Rug 1P0331 Blue - 100x300,1,0,visible,,D-sign Rug 1P0331 Blue 100x300 cm,,,taxable,parent,1,14,,0,0,,300,100,0.7,0,,617,1105,,,,,,,69449138-H,,,,,,5,,,Size,100x300,,1,,,,,,,,,,,,,,,,,,,,,,,,,,,,,,,,,,,,,100x300,,,,,,,,,,,,,,,,,,,,,,,,69551,,,,,,,,,,,,,,,,,,,
108970,variation,69449145,,D-sign Rug 1P0331 Blue - 100x400,1,0,visible,,D-sign Rug 1P0331 Blue 100x400 cm,,,taxable,parent,0,0,,0,0,,400,100,0.7,0,,728,1305,,,,,,,69449138-H,,,,,,6,,,Size,100x400,,1,,,,,,,,,,,,,,,,,,,,,,,,,,,,,,,,,,,,,100x400,,,,,,,,,,,,,,,,,,,,,,,,9138,,,,,,,,,,,,,,,,,,,
108971,variation,69449148,,D-sign Rug 1P0331 Blue - 100x500,1,0,visible,,D-sign Rug 1P0331 Blue 100x500 cm,,,taxable,parent,0,0,,0,0,,500,100,0.7,0,,846,1515,,,,,,,69449138-H,,,,,,7,,,Size,100x500,,1,,,,,,,,,,,,,,,,,,,,,,,,,,,,,,,,,,,,,100x500,,,,,,,,,,,,,,,,,,,,,,,,69552,,,,,,,,,,,,,,,,,,,
108972,variation,69449142,,D-sign Rug 1P0331 Blue - 150x150,1,0,visible,,D-sign Rug 1P0331 Blue 150x150 cm,,,taxable,parent,0,0,,0,0,,150,150,0.7,0,,529,945,,,,,,,69449138-H,,,,,,8,,,Size,150x150,,1,,,,,,,,,,,,,,,,,,,,,,,,,,,,,,,,,,,,,150x150,,,,,,,,,,,,,,,,,,,,,,,,9139,,,,,,,,,,,,,,,,,,,
108973,variation,69449146,,D-sign Rug 1P0331 Blue - 150x200,1,0,visible,,D-sign Rug 1P0331 Blue 150x200 cm,,,taxable,parent,0,0,,0,0,,200,150,0.7,0,,617,1105,,,,,,,69449138-H,,,,,,9,,,Size,150x200,,1,,,,,,,,,,,,,,,,,,,,,,,,,,,,,,,,,,,,,150x200,,,,,,,,,,,,,,,,,,,,,,,,9140,,,,,,,,,,,,,,,,,,,
108974,variation,69449150,,D-sign Rug 1P0331 Blue - 150x250,1,0,visible,,D-sign Rug 1P0331 Blue 150x250 cm,,,taxable,parent,0,0,,0,0,,250,150,0.7,0,,696,1245,,,,,,,69449138-H,,,,,,10,,,Size,150x250,,1,,,,,,,,,,,,,,,,,,,,,,,,,,,,,,,,,,,,,150x250,,,,,,,,,,,,,,,,,,,,,,,,9141,,,,,,,,,,,,,,,,,,,
108975,variation,69449144,,D-sign Rug 1P0331 Blue - 150x300,1,0,visible,,D-sign Rug 1P0331 Blue 150x300 cm,,,taxable,parent,0,0,,0,0,,300,150,0.7,0,,787,1415,,,,,,,69449138-H,,,,,,11,,,Size,150x300,,1,,,,,,,,,,,,,,,,,,,,,,,,,,,,,,,,,,,,,150x300,,,,,,,,,,,,,,,,,,,,,,,,69553,,,,,,,,,,,,,,,,,,,
108976,variation,69449149,,D-sign Rug 1P0331 Blue - 150x350,1,0,visible,,D-sign Rug 1P0331 Blue 150x350 cm,,,taxable,parent,0,0,,0,0,,350,150,0.7,0,,859,1545,,,,,,,69449138-H,,,,,,12,,,Size,150x350,,1,,,,,,,,,,,,,,,,,,,,,,,,,,,,,,,,,,,,,150x350,,,,,,,,,,,,,,,,,,,,,,,,69554,,,,,,,,,,,,,,,,,,,
108977,variation,69449147,,D-sign Rug 1P0331 Blue - 150x400,1,0,visible,,D-sign Rug 1P0331 Blue 150x400 cm,,,taxable,parent,0,0,,0,0,,400,150,0.7,0,,956,1715,,,,,,,69449138-H,,,,,,13,,,Size,150x400,,1,,,,,,,,,,,,,,,,,,,,,,,,,,,,,,,,,,,,,150x400,,,,,,,,,,,,,,,,,,,,,,,,9142,,,,,,,,,,,,,,,,,,,
108978,variation,69449151,,D-sign Rug 1P0331 Blue - 150x500,1,0,visible,,D-sign Rug 1P0331 Blue 150x500 cm,,,taxable,parent,0,0,,0,0,,500,150,0.7,0,,1129,2025,,,,,,,69449138-H,,,,,,14,,,Size,150x500,,1,,,,,,,,,,,,,,,,,,,,,,,,,,,,,,,,,,,,,150x500,,,,,,,,,,,,,,,,,,,,,,,,69555,,,,,,,,,,,,,,,,,,,
108979,variation,69449154,,D-sign Rug 1P0331 Blue - 170x230,1,0,visible,,D-sign Rug 1P0331 Blue 170x230 cm,,,taxable,parent,0,0,,0,0,,230,170,0.7,0,,696,1245,,,,,,,69449138-H,,,,,,15,,,Size,170x230,,1,,,,,,,,,,,,,,,,,,,,,,,,,,,,,,,,,,,,,170x230,,,,,,,,,,,,,,,,,,,,,,,,69557,,,,,,,,,,,,,,,,,,,
108980,variation,69449157,,D-sign Rug 1P0331 Blue - 200x200,1,0,visible,,D-sign Rug 1P0331 Blue 200x200 cm,,,taxable,parent,0,0,,0,0,,200,200,0.7,0,,728,1305,,,,,,,69449138-H,,,,,,16,,,Size,200x200,,1,,,,,,,,,,,,,,,,,,,,,,,,,,,,,,,,,,,,,200x200,,,,,,,,,,,,,,,,,,,,,,,,9143,,,,,,,,,,,,,,,,,,,
108981,variation,69449155,,D-sign Rug 1P0331 Blue - 200x250,1,0,visible,,D-sign Rug 1P0331 Blue 200x250 cm,,,taxable,parent,0,0,,0,0,,250,200,0.7,0,,846,1515,,,,,,,69449138-H,,,,,,17,,,Size,200x250,,1,,,,,,,,,,,,,,,,,,,,,,,,,,,,,,,,,,,,,200x250,,,,,,,,,,,,,,,,,,,,,,,,9144,,,,,,,,,,,,,,,,,,,
108982,variation,69449159,,D-sign Rug 1P0331 Blue - 200x300,1,0,visible,,D-sign Rug 1P0331 Blue 200x300 cm,,,taxable,parent,0,0,,0,0,,300,200,0.7,0,,956,1715,,,,,,,69449138-H,,,,,,18,,,Size,200x300,,1,,,,,,,,,,,,,,,,,,,,,,,,,,,,,,,,,,,,,200x300,,,,,,,,,,,,,,,,,,,,,,,,9145,,,,,,,,,,,,,,,,,,,
108983,variation,69449162,,D-sign Rug 1P0331 Blue - 200x350,1,0,visible,,D-sign Rug 1P0331 Blue 200x350 cm,,,taxable,parent,0,0,,0,0,,350,200,0.7,0,,1074,1925,,,,,,,69449138-H,,,,,,19,,,Size,200x350,,1,,,,,,,,,,,,,,,,,,,,,,,,,,,,,,,,,,,,,200x350,,,,,,,,,,,,,,,,,,,,,,,,69558,,,,,,,,,,,,,,,,,,,
108984,variation,69449156,,D-sign Rug 1P0331 Blue - 200x400,1,0,visible,,D-sign Rug 1P0331 Blue 200x400 cm,,,taxable,parent,0,0,,0,0,,400,200,0.7,0,,1185,2125,,,,,,,69449138-H,,,,,,20,,,Size,200x400,,1,,,,,,,,,,,,,,,,,,,,,,,,,,,,,,,,,,,,,200x400,,,,,,,,,,,,,,,,,,,,,,,,9146,,,,,,,,,,,,,,,,,,,
108985,variation,69449158,,D-sign Rug 1P0331 Blue - 200x500,1,0,visible,,D-sign Rug 1P0331 Blue 200x500 cm,,,taxable,parent,0,0,,0,0,,500,200,0.7,0,,1413,2535,,,,,,,69449138-H,,,,,,21,,,Size,200x500,,1,,,,,,,,,,,,,,,,,,,,,,,,,,,,,,,,,,,,,200x500,,,,,,,,,,,,,,,,,,,,,,,,69559,,,,,,,,,,,,,,,,,,,
108986,variation,69449160,,D-sign Rug 1P0331 Blue - 200x600,1,0,visible,,D-sign Rug 1P0331 Blue 200x600 cm,,,taxable,parent,0,0,,0,0,,600,200,0.7,0,,1710,3075,,,,,,,69449138-H,,,,,,22,,,Size,200x600,,1,,,,,,,,,,,,,,,,,,,,,,,,,,,,,,,,,,,,,200x600,,,,,,,,,,,,,,,,,,,,,,,,69560,,,,,,,,,,,,,,,,,,,
108987,variation,69449163,,D-sign Rug 1P0331 Blue - 250x300,1,0,visible,,D-sign Rug 1P0331 Blue 250x300 cm,,,taxable,parent,0,0,,0,0,,300,250,0.7,0,,1129,2025,,,,,,,69449138-H,,,,,,23,,,Size,250x300,,1,,,,,,,,,,,,,,,,,,,,,,,,,,,,,,,,,,,,,250x300,,,,,,,,,,,,,,,,,,,,,,,,9147,,,,,,,,,,,,,,,,,,,
108988,variation,69449161,,D-sign Rug 1P0331 Blue - 250x350,1,0,visible,,D-sign Rug 1P0331 Blue 250x350 cm,,,taxable,parent,0,0,,0,0,,350,250,0.7,0,,1250,2245,,,,,,,69449138-H,,,,,,24,,,Size,250x350,,1,,,,,,,,,,,,,,,,,,,,,,,,,,,,,,,,,,,,,250x350,,,,,,,,,,,,,,,,,,,,,,,,9148,,,,,,,,,,,,,,,,,,,
108989,variation,69449165,,D-sign Rug 1P0331 Blue - 250x400,1,0,visible,,D-sign Rug 1P0331 Blue 250x400 cm,,,taxable,parent,0,0,,0,0,,400,250,0.7,0,,1413,2535,,,,,,,69449138-H,,,,,,25,,,Size,250x400,,1,,,,,,,,,,,,,,,,,,,,,,,,,,,,,,,,,,,,,250x400,,,,,,,,,,,,,,,,,,,,,,,,9149,,,,,,,,,,,,,,,,,,,
108990,variation,69449166,,D-sign Rug 1P0331 Blue - 250x500,1,0,visible,,D-sign Rug 1P0331 Blue 250x500 cm,,,taxable,parent,0,0,,0,0,,500,250,0.7,0,,1769,3175,,,,,,,69449138-H,,,,,,26,,,Size,250x500,,1,,,,,,,,,,,,,,,,,,,,,,,,,,,,,,,,,,,,,250x500,,,,,,,,,,,,,,,,,,,,,,,,69561,,,,,,,,,,,,,,,,,,,
108991,variation,69449168,,D-sign Rug 1P0331 Blue - 300x300,1,0,visible,,D-sign Rug 1P0331 Blue 300x300 cm,,,taxable,parent,0,0,,0,0,,300,300,0.7,0,,1302,2335,,,,,,,69449138-H,,,,,,27,,,Size,300x300,,1,,,,,,,,,,,,,,,,,,,,,,,,,,,,,,,,,,,,,300x300,,,,,,,,,,,,,,,,,,,,,,,,69562,,,,,,,,,,,,,,,,,,,
108992,variation,69449170,,D-sign Rug 1P0331 Blue - 300x350,1,0,visible,,D-sign Rug 1P0331 Blue 300x350 cm,,,taxable,parent,0,0,,0,0,,350,300,0.7,0,,1472,2645,,,,,,,69449138-H,,,,,,28,,,Size,300x350,,1,,,,,,,,,,,,,,,,,,,,,,,,,,,,,,,,,,,,,300x350,,,,,,,,,,,,,,,,,,,,,,,,69563,,,,,,,,,,,,,,,,,,,
108993,variation,69449171,,D-sign Rug 1P0331 Blue - 300x400,1,0,visible,,D-sign Rug 1P0331 Blue 300x400 cm,,,taxable,parent,0,0,,0,0,,400,300,0.7,0,,1641,2945,,,,,,,69449138-H,,,,,,29,,,Size,300x400,,1,,,,,,,,,,,,,,,,,,,,,,,,,,,,,,,,,,,,,300x400,,,,,,,,,,,,,,,,,,,,,,,,9150,,,,,,,,,,,,,,,,,,,
108994,variation,69449167,,D-sign Rug 1P0331 Blue - 300x450,1,0,visible,,D-sign Rug 1P0331 Blue 300x450 cm,,,taxable,parent,0,0,,0,0,,450,300,0.7,0,,1883,3385,,,,,,,69449138-H,,,,,,30,,,Size,300x450,,1,,,,,,,,,,,,,,,,,,,,,,,,,,,,,,,,,,,,,300x450,,,,,,,,,,,,,,,,,,,,,,,,69564,,,,,,,,,,,,,,,,,,,
108995,variation,69449169,,D-sign Rug 1P0331 Blue - 300x500,1,0,visible,,D-sign Rug 1P0331 Blue 300x500 cm,,,taxable,parent,0,0,,0,0,,500,300,0.7,0,,2056,3695,,,,,,,69449138-H,,,,,,31,,,Size,300x500,,1,,,,,,,,,,,,,,,,,,,,,,,,,,,,,,,,,,,,,300x500,,,,,,,,,,,,,,,,,,,,,,,,69565,,,,,,,,,,,,,,,,,,,
108996,variation,69449164,,D-sign Rug 1P0331 Blue - 300x600,1,0,visible,,D-sign Rug 1P0331 Blue 300x600 cm,,,taxable,parent,0,0,,0,0,,600,300,0.7,0,,2395,4305,,,,,,,69449138-H,,,,,,32,,,Size,300x600,,1,,,,,,,,,,,,,,,,,,,,,,,,,,,,,,,,,,,,,300x600,,,,,,,,,,,,,,,,,,,,,,,,69566,,,,,,,,,,,,,,,,,,,
108997,variation,69449173,,D-sign Rug 1P0331 Blue - 350x400,1,0,visible,,D-sign Rug 1P0331 Blue 350x400 cm,,,taxable,parent,0,0,,0,0,,400,350,0.7,0,,1938,3485,,,,,,,69449138-H,,,,,,33,,,Size,350x400,,1,,,,,,,,,,,,,,,,,,,,,,,,,,,,,,,,,,,,,350x400,,,,,,,,,,,,,,,,,,,,,,,,69567,,,,,,,,,,,,,,,,,,,
108998,variation,69449172,,D-sign Rug 1P0331 Blue - 400x400,1,0,visible,,D-sign Rug 1P0331 Blue 400x400 cm,,,taxable,parent,0,0,,0,0,,400,400,0.7,0,,2166,3895,,,,,,,69449138-H,,,,,,34,,,Size,400x400,,1,,,,,,,,,,,,,,,,,,,,,,,,,,,,,,,,,,,,,400x400,,,,,,,,,,,,,,,,,,,,,,,,9151,,,,,,,,,,,,,,,,,,,
108999,variation,69449174,,D-sign Rug 1P0331 Blue - 400x450,1,0,visible,,D-sign Rug 1P0331 Blue 400x450 cm,,,taxable,parent,0,0,,0,0,,450,400,0.7,0,,2395,4305,,,,,,,69449138-H,,,,,,35,,,Size,400x450,,1,,,,,,,,,,,,,,,,,,,,,,,,,,,,,,,,,,,,,400x450,,,,,,,,,,,,,,,,,,,,,,,,69568,,,,,,,,,,,,,,,,,,,
109000,variable,69449176-H,,D-sign Rug 1P0332 Grey,1,0,visible,D-sign Rug 1P0332 Grey,D-sign Rug 1P0332 Grey,,,taxable,,1,,,0,0,,,,,0,,,,"Rooms > Kids, Rugs > Kids, Rugs",,,"https://rugshop.eu/wp-content/uploads/2022/09/carpet-streets-big-city.jpg, https://rugshop.eu/wp-content/uploads/2022/09/carpet-streets-big-city-1.jpg, https://rugshop.eu/wp-content/uploads/2022/09/carpet-streets-big-city-2.jpg, https://rugshop.eu/wp-content/uploads/2022/09/carpet-streets-big-city-3.jpg",,,,,,,,,2598,,,Size,"100x150, 100x200, 100x250, 100x300, 100x400, 100x500, 150x200, 150x250, 150x300, 150x350, 150x400, 150x500, 170x230, 200x200, 200x250, 200x300, 200x350, 200x400, 200x450, 200x500, 200x600, 250x300, 250x350, 250x400, 250x500, 300x300, 300x350, 300x400, 300x450, 300x500, 300x600, 350x400, 350x500, 400x400, 400x450, 400x500, 400x600, 500x500, 500x600",1,1,Brand,D-sign,1,1,Color,Black-Grey,1,1,Type of color,Multicolor,1,1,Shape,"Rectangular, Square",1,1,Material,Polyamide,1,1,Type of rug,Modern,1,1,Weave,Machinemade,1,1,Age,New,1,1,,,,,,,,,default,default,default,default,,,,,,yes,yes,,,,,,,,,,,,,,,,,,,,,,,,,,,,,
109001,variation,69449175,,D-sign Rug 1P0331 Blue - 400x500,1,0,visible,,D-sign Rug 1P0331 Blue 400x500 cm,,,taxable,parent,0,0,,0,0,,500,400,0.7,0,,2967,5335,,,,,,,69449138-H,,,,,,36,,,Size,400x500,,1,,,,,,,,,,,,,,,,,,,,,,,,,,,,,,,,,,,,,400x500,,,,,,,,,,,,,,,,,,,,,,,,9152,,,,,,,,,,,,,,,,,,,
109003,variation,69449176,,D-sign Rug 1P0332 Grey - 100x150,1,0,visible,,D-sign Rug 1P0332 Grey 100x150 cm ,,,taxable,parent,1,23,,0,0,,150,100,0.7,0,,445,795,,,,,,,69449176-H,,,,,,1,,,Size,100x150,,1,,,,,,,,,,,,,,,,,,,,,,,,,,,,,,,,,,,,,100x150,,,,,,,,,,,,,,,,,,,,,,,,14989,,,,,,,,,,,,,,,,,,,
109004,variation,69454568,,D-sign Rug 1P0332 Grey - 100x200,1,0,visible,,D-sign Rug 1P0332 Grey 100x200 cm,,,taxable,parent,1,17,,0,0,,200,100,0.7,0,,500,895,,,,,,,69449176-H,,,,,,2,,,Size,100x200,,1,,,,,,,,,,,,,,,,,,,,,,,,,,,,,,,,,,,,,100x200,,,,,,,,,,,,,,,,,,,,,,,,14990,,,,,,,,,,,,,,,,,,,
109005,variation,69454561,,D-sign Rug 1P0332 Grey - 100x250,1,0,visible,,D-sign Rug 1P0332 Grey 100x250 cm,,,taxable,parent,1,13,,0,0,,250,100,0.7,0,,559,1005,,,,,,,69449176-H,,,,,,3,,,Size,100x250,,1,,,,,,,,,,,,,,,,,,,,,,,,,,,,,,,,,,,,,100x250,,,,,,,,,,,,,,,,,,,,,,,,72287,,,,,,,,,,,,,,,,,,,
109006,variation,69454560,,D-sign Rug 1P0332 Grey - 100x300,1,0,visible,,D-sign Rug 1P0332 Grey 100x300 cm,,,taxable,parent,1,8,,0,0,,300,100,0.7,0,,617,1105,,,,,,,69449176-H,,,,,,4,,,Size,100x300,,1,,,,,,,,,,,,,,,,,,,,,,,,,,,,,,,,,,,,,100x300,,,,,,,,,,,,,,,,,,,,,,,,72288,,,,,,,,,,,,,,,,,,,
109007,variation,69454566,,D-sign Rug 1P0332 Grey - 100x400,1,0,visible,,D-sign Rug 1P0332 Grey 100x400 cm,,,taxable,parent,1,4,,0,0,,400,100,0.7,0,,728,1305,,,,,,,69449176-H,,,,,,5,,,Size,100x400,,1,,,,,,,,,,,,,,,,,,,,,,,,,,,,,,,,,,,,,100x400,,,,,,,,,,,,,,,,,,,,,,,,14991,,,,,,,,,,,,,,,,,,,
109008,variation,69454563,,D-sign Rug 1P0332 Grey - 100x500,1,0,visible,,D-sign Rug 1P0332 Grey 100x500 cm,,,taxable,parent,1,3,,0,0,,500,100,0.7,0,,846,1515,,,,,,,69449176-H,,,,,,6,,,Size,100x500,,1,,,,,,,,,,,,,,,,,,,,,,,,,,,,,,,,,,,,,100x500,,,,,,,,,,,,,,,,,,,,,,,,72289,,,,,,,,,,,,,,,,,,,
109009,variation,69454565,,D-sign Rug 1P0332 Grey - 150x200,1,0,visible,,D-sign Rug 1P0332 Grey 150x200 cm,,,taxable,parent,0,0,,0,0,,200,150,0.7,0,,617,1105,,,,,,,69449176-H,,,,,,7,,,Size,150x200,,1,,,,,,,,,,,,,,,,,,,,,,,,,,,,,,,,,,,,,150x200,,,,,,,,,,,,,,,,,,,,,,,,14993,,,,,,,,,,,,,,,,,,,
109010,variation,69454567,,D-sign Rug 1P0332 Grey - 150x250,1,0,visible,,D-sign Rug 1P0332 Grey 150x250 cm,,,taxable,parent,0,0,,0,0,,250,150,0.7,0,,696,1245,,,,,,,69449176-H,,,,,,8,,,Size,150x250,,1,,,,,,,,,,,,,,,,,,,,,,,,,,,,,,,,,,,,,150x250,,,,,,,,,,,,,,,,,,,,,,,,14994,,,,,,,,,,,,,,,,,,,
109011,variation,69449177,,D-sign Rug 1P0332 Grey - 150x300,1,0,visible,,D-sign Rug 1P0332 Grey 150x300 cm,,,taxable,parent,0,0,,0,0,,300,150,0.7,0,,787,1415,,,,,,,69449176-H,,,,,,9,,,Size,150x300,,1,,,,,,,,,,,,,,,,,,,,,,,,,,,,,,,,,,,,,150x300,,,,,,,,,,,,,,,,,,,,,,,,72290,,,,,,,,,,,,,,,,,,,
109012,variation,69449183,,D-sign Rug 1P0332 Grey - 150x350,1,0,visible,,D-sign Rug 1P0332 Grey 150x350 cm,,,taxable,parent,0,0,,0,0,,350,150,0.7,0,,872,1565,,,,,,,69449176-H,,,,,,10,,,Size,150x350,,1,,,,,,,,,,,,,,,,,,,,,,,,,,,,,,,,,,,,,150x350,,,,,,,,,,,,,,,,,,,,,,,,72291,,,,,,,,,,,,,,,,,,,
109013,variation,69449181,,D-sign Rug 1P0332 Grey - 150x400,1,0,visible,,D-sign Rug 1P0332 Grey 150x400 cm,,,taxable,parent,0,0,,0,0,,400,150,0.7,0,,956,1715,,,,,,,69449176-H,,,,,,11,,,Size,150x400,,1,,,,,,,,,,,,,,,,,,,,,,,,,,,,,,,,,,,,,150x400,,,,,,,,,,,,,,,,,,,,,,,,14995,,,,,,,,,,,,,,,,,,,
109014,variation,69449184,,D-sign Rug 1P0332 Grey - 150x500,1,0,visible,,D-sign Rug 1P0332 Grey 150x500 cm,,,taxable,parent,0,0,,0,0,,500,150,0.7,0,,1129,2025,,,,,,,69449176-H,,,,,,12,,,Size,150x500,,1,,,,,,,,,,,,,,,,,,,,,,,,,,,,,,,,,,,,,150x500,,,,,,,,,,,,,,,,,,,,,,,,72292,,,,,,,,,,,,,,,,,,,
109015,variation,69449182,,D-sign Rug 1P0332 Grey - 170x230,1,0,visible,,D-sign Rug 1P0332 Grey 170x230 cm,,,taxable,parent,0,0,,0,0,,230,170,0.7,0,,718,1285,,,,,,,69449176-H,,,,,,13,,,Size,170x230,,1,,,,,,,,,,,,,,,,,,,,,,,,,,,,,,,,,,,,,170x230,,,,,,,,,,,,,,,,,,,,,,,,72293,,,,,,,,,,,,,,,,,,,
109016,variation,69449178,,D-sign Rug 1P0332 Grey - 200x200,1,0,visible,,D-sign Rug 1P0332 Grey 200x200 cm,,,taxable,parent,0,0,,0,0,,200,200,0.7,0,,728,1305,,,,,,,69449176-H,,,,,,14,,,Size,200x200,,1,,,,,,,,,,,,,,,,,,,,,,,,,,,,,,,,,,,,,200x200,,,,,,,,,,,,,,,,,,,,,,,,14996,,,,,,,,,,,,,,,,,,,
109017,variation,69449179,,D-sign Rug 1P0332 Grey - 200x250,1,0,visible,,D-sign Rug 1P0332 Grey 200x250 cm,,,taxable,parent,0,0,,0,0,,250,200,0.7,0,,846,1515,,,,,,,69449176-H,,,,,,15,,,Size,200x250,,1,,,,,,,,,,,,,,,,,,,,,,,,,,,,,,,,,,,,,200x250,,,,,,,,,,,,,,,,,,,,,,,,14997,,,,,,,,,,,,,,,,,,,
109018,variation,69449180,,D-sign Rug 1P0332 Grey - 200x300,1,0,visible,,D-sign Rug 1P0332 Grey 200x300 cm,,,taxable,parent,0,0,,0,0,,300,200,0.7,0,,956,1715,,,,,,,69449176-H,,,,,,16,,,Size,200x300,,1,,,,,,,,,,,,,,,,,,,,,,,,,,,,,,,,,,,,,200x300,,,,,,,,,,,,,,,,,,,,,,,,14998,,,,,,,,,,,,,,,,,,,
109019,variation,69449186,,D-sign Rug 1P0332 Grey - 200x350,1,0,visible,,D-sign Rug 1P0332 Grey 200x350 cm,,,taxable,parent,0,0,,0,0,,350,200,0.7,0,,1074,1925,,,,,,,69449176-H,,,,,,17,,,Size,200x350,,1,,,,,,,,,,,,,,,,,,,,,,,,,,,,,,,,,,,,,200x350,,,,,,,,,,,,,,,,,,,,,,,,72294,,,,,,,,,,,,,,,,,,,
109020,variation,69449185,,D-sign Rug 1P0332 Grey - 200x400,1,0,visible,,D-sign Rug 1P0332 Grey 200x400 cm,,,taxable,parent,0,0,,0,0,,400,200,0.7,0,,1185,2125,,,,,,,69449176-H,,,,,,18,,,Size,200x400,,1,,,,,,,,,,,,,,,,,,,,,,,,,,,,,,,,,,,,,200x400,,,,,,,,,,,,,,,,,,,,,,,,14999,,,,,,,,,,,,,,,,,,,
109021,variable,69449210-H,,D-sign Rug 1P0333 Grey,1,0,visible,D-sign Rug 1P0333 Grey,D-sign Rug 1P0333 Grey,,,taxable,,1,,,0,0,,,,,0,,,,"Rooms > Kids, Rugs > Kids, Rugs",,,"https://rugshop.eu/wp-content/uploads/2022/09/carpet-circle-streets-big-city.jpg, https://rugshop.eu/wp-content/uploads/2022/09/carpet-circle-streets-big-city-1.jpg, https://rugshop.eu/wp-content/uploads/2022/09/carpet-circle-streets-big-city-2.jpg, https://rugshop.eu/wp-content/uploads/2022/09/carpet-circle-streets-big-city-3.jpg",,,,,,,,,2599,,,Size,"100, 133, 150, 170, 200",1,1,Brand,D-sign,1,1,Color,Black-Grey,1,1,Type of color,Multicolor,1,1,Shape,Round,1,1,Material,Polyamide,1,1,Type of rug,Modern,1,1,Weave,Machinemade,1,1,Age,New,1,1,,,,,,,,,default,default,default,default,,,,,,yes,yes,,,,,,,,,,,,,,,,,,,,,,,,,,,,,
109022,variable,69449211-H,,D-sign Rug 1P0334 Blue,1,0,visible,D-sign Rug 1P0334 Blue,D-sign Rug 1P0334 Blue,,,taxable,,1,,,0,0,,,,,0,,,,"Rooms > Kids, Rugs > Kids, Rugs",,,"https://rugshop.eu/wp-content/uploads/2022/09/carpet-circle-puzzle-blue.jpg, https://rugshop.eu/wp-content/uploads/2022/09/carpet-circle-puzzle-blue-1.jpg, https://rugshop.eu/wp-content/uploads/2022/09/carpet-circle-puzzle-blue.jpg, https://rugshop.eu/wp-content/uploads/2022/09/carpet-circle-puzzle-blue-2.jpg",,,,,,,,,2600,,,Size,"100, 133, 150, 170, 200",1,1,Brand,D-sign,1,1,Color,Blue,1,1,Type of color,Multicolor,1,1,Shape,Round,1,1,Material,Polypropylene,1,1,Type of rug,Modern,1,1,Weave,Machinemade,1,1,Age,New,1,1,,,,,,,,,default,default,default,default,,,,,,yes,yes,,,,,,,,,,,,,,,,,,,,,,,,,,,,,
109023,variation,69449194,,D-sign Rug 1P0332 Grey - 200x450,1,0,visible,,D-sign Rug 1P0332 Grey 200x450 cm,,,taxable,parent,0,0,,0,0,,450,200,0.7,0,,1302,2335,,,,,,,69449176-H,,,,,,19,,,Size,200x450,,1,,,,,,,,,,,,,,,,,,,,,,,,,,,,,,,,,,,,,200x450,,,,,,,,,,,,,,,,,,,,,,,,72295,,,,,,,,,,,,,,,,,,,
109024,variation,69449189,,D-sign Rug 1P0332 Grey - 200x500,1,0,visible,,D-sign Rug 1P0332 Grey 200x500 cm,,,taxable,parent,0,0,,0,0,,500,200,0.7,0,,1416,2545,,,,,,,69449176-H,,,,,,20,,,Size,200x500,,1,,,,,,,,,,,,,,,,,,,,,,,,,,,,,,,,,,,,,200x500,,,,,,,,,,,,,,,,,,,,,,,,72296,,,,,,,,,,,,,,,,,,,
109025,variation,69449187,,D-sign Rug 1P0332 Grey - 200x600,1,0,visible,,D-sign Rug 1P0332 Grey 200x600 cm,,,taxable,parent,0,0,,0,0,,600,200,0.7,0,,1713,3075,,,,,,,69449176-H,,,,,,21,,,Size,200x600,,1,,,,,,,,,,,,,,,,,,,,,,,,,,,,,,,,,,,,,200x600,,,,,,,,,,,,,,,,,,,,,,,,72297,,,,,,,,,,,,,,,,,,,
109026,variation,69449190,,D-sign Rug 1P0332 Grey - 250x300,1,0,visible,,D-sign Rug 1P0332 Grey 250x300 cm,,,taxable,parent,0,0,,0,0,,300,250,0.7,0,,1129,2025,,,,,,,69449176-H,,,,,,22,,,Size,250x300,,1,,,,,,,,,,,,,,,,,,,,,,,,,,,,,,,,,,,,,250x300,,,,,,,,,,,,,,,,,,,,,,,,15000,,,,,,,,,,,,,,,,,,,
109027,variation,69449196,,D-sign Rug 1P0332 Grey - 250x350,1,0,visible,,D-sign Rug 1P0332 Grey 250x350 cm,,,taxable,parent,0,0,,0,0,,350,250,0.7,0,,1276,2295,,,,,,,69449176-H,,,,,,23,,,Size,250x350,,1,,,,,,,,,,,,,,,,,,,,,,,,,,,,,,,,,,,,,250x350,,,,,,,,,,,,,,,,,,,,,,,,15001,,,,,,,,,,,,,,,,,,,
109028,variation,69449193,,D-sign Rug 1P0332 Grey - 250x400,1,0,visible,,D-sign Rug 1P0332 Grey 250x400 cm,,,taxable,parent,0,0,,0,0,,400,250,0.7,0,,1413,2535,,,,,,,69449176-H,,,,,,24,,,Size,250x400,,1,,,,,,,,,,,,,,,,,,,,,,,,,,,,,,,,,,,,,250x400,,,,,,,,,,,,,,,,,,,,,,,,15002,,,,,,,,,,,,,,,,,,,
109029,variation,69449192,,D-sign Rug 1P0332 Grey - 250x500,1,0,visible,,D-sign Rug 1P0332 Grey 250x500 cm,,,taxable,parent,0,0,,0,0,,500,250,0.7,0,,1769,3175,,,,,,,69449176-H,,,,,,25,,,Size,250x500,,1,,,,,,,,,,,,,,,,,,,,,,,,,,,,,,,,,,,,,250x500,,,,,,,,,,,,,,,,,,,,,,,,72298,,,,,,,,,,,,,,,,,,,
109030,variation,69449195,,D-sign Rug 1P0332 Grey - 300x300,1,0,visible,,D-sign Rug 1P0332 Grey 300x300 cm,,,taxable,parent,0,0,,0,0,,300,300,0.7,0,,1302,2335,,,,,,,69449176-H,,,,,,26,,,Size,300x300,,1,,,,,,,,,,,,,,,,,,,,,,,,,,,,,,,,,,,,,300x300,,,,,,,,,,,,,,,,,,,,,,,,72299,,,,,,,,,,,,,,,,,,,
109031,variation,69449191,,D-sign Rug 1P0332 Grey - 300x350,1,0,visible,,D-sign Rug 1P0332 Grey 300x350 cm,,,taxable,parent,0,0,,0,0,,350,300,0.7,0,,1472,2645,,,,,,,69449176-H,,,,,,27,,,Size,300x350,,1,,,,,,,,,,,,,,,,,,,,,,,,,,,,,,,,,,,,,300x350,,,,,,,,,,,,,,,,,,,,,,,,72300,,,,,,,,,,,,,,,,,,,
109032,variation,69449188,,D-sign Rug 1P0332 Grey - 300x400,1,0,visible,,D-sign Rug 1P0332 Grey 300x400 cm,,,taxable,parent,0,0,,0,0,,400,300,0.7,0,,1641,2945,,,,,,,69449176-H,,,,,,28,,,Size,300x400,,1,,,,,,,,,,,,,,,,,,,,,,,,,,,,,,,,,,,,,300x400,,,,,,,,,,,,,,,,,,,,,,,,15003,,,,,,,,,,,,,,,,,,,
109033,variation,69449200,,D-sign Rug 1P0332 Grey - 300x450,1,0,visible,,D-sign Rug 1P0332 Grey 300x450 cm,,,taxable,parent,0,0,,0,0,,450,300,0.7,0,,1883,3385,,,,,,,69449176-H,,,,,,29,,,Size,300x450,,1,,,,,,,,,,,,,,,,,,,,,,,,,,,,,,,,,,,,,300x450,,,,,,,,,,,,,,,,,,,,,,,,72462,,,,,,,,,,,,,,,,,,,
109034,variation,69449199,,D-sign Rug 1P0332 Grey - 300x500,1,0,visible,,D-sign Rug 1P0332 Grey 300x500 cm,,,taxable,parent,0,0,,0,0,,500,300,0.7,0,,2056,3695,,,,,,,69449176-H,,,,,,30,,,Size,300x500,,1,,,,,,,,,,,,,,,,,,,,,,,,,,,,,,,,,,,,,300x500,,,,,,,,,,,,,,,,,,,,,,,,54915,,,,,,,,,,,,,,,,,,,
109035,variation,69449205,,D-sign Rug 1P0332 Grey - 300x600,1,0,visible,,D-sign Rug 1P0332 Grey 300x600 cm,,,taxable,parent,0,0,,0,0,,600,300,0.7,0,,2398,4315,,,,,,,69449176-H,,,,,,31,,,Size,300x600,,1,,,,,,,,,,,,,,,,,,,,,,,,,,,,,,,,,,,,,300x600,,,,,,,,,,,,,,,,,,,,,,,,72301,,,,,,,,,,,,,,,,,,,
109036,variation,69449198,,D-sign Rug 1P0332 Grey - 350x400,1,0,visible,,D-sign Rug 1P0332 Grey 350x400 cm,,,taxable,parent,0,0,,0,0,,400,350,0.7,0,,1941,3485,,,,,,,69449176-H,,,,,,32,,,Size,350x400,,1,,,,,,,,,,,,,,,,,,,,,,,,,,,,,,,,,,,,,350x400,,,,,,,,,,,,,,,,,,,,,,,,72302,,,,,,,,,,,,,,,,,,,
109037,variation,69449206,,D-sign Rug 1P0332 Grey - 350x500,1,0,visible,,D-sign Rug 1P0332 Grey 350x500 cm,,,taxable,parent,0,0,,0,0,,500,350,0.7,0,,2339,4205,,,,,,,69449176-H,,,,,,33,,,Size,350x500,,1,,,,,,,,,,,,,,,,,,,,,,,,,,,,,,,,,,,,,350x500,,,,,,,,,,,,,,,,,,,,,,,,72303,,,,,,,,,,,,,,,,,,,
109038,variation,69449204,,D-sign Rug 1P0332 Grey - 400x400,1,0,visible,,D-sign Rug 1P0332 Grey 400x400 cm,,,taxable,parent,0,0,,0,0,,400,400,0.7,0,,2166,3895,,,,,,,69449176-H,,,,,,34,,,Size,400x400,,1,,,,,,,,,,,,,,,,,,,,,,,,,,,,,,,,,,,,,400x400,,,,,,,,,,,,,,,,,,,,,,,,15004,,,,,,,,,,,,,,,,,,,
109039,variation,69449203,,D-sign Rug 1P0332 Grey - 400x450,1,0,visible,,D-sign Rug 1P0332 Grey 400x450 cm,,,taxable,parent,0,0,,0,0,,450,400,0.7,0,,2398,4315,,,,,,,69449176-H,,,,,,35,,,Size,400x450,,1,,,,,,,,,,,,,,,,,,,,,,,,,,,,,,,,,,,,,400x450,,,,,,,,,,,,,,,,,,,,,,,,72304,,,,,,,,,,,,,,,,,,,
109040,variation,69449202,,D-sign Rug 1P0332 Grey - 400x500,1,0,visible,,D-sign Rug 1P0332 Grey 400x500 cm,,,taxable,parent,0,0,,0,0,,500,400,0.7,0,,2967,5335,,,,,,,69449176-H,,,,,,36,,,Size,400x500,,1,,,,,,,,,,,,,,,,,,,,,,,,,,,,,,,,,,,,,400x500,,,,,,,,,,,,,,,,,,,,,,,,15005,,,,,,,,,,,,,,,,,,,
109041,variation,69449201,,D-sign Rug 1P0332 Grey - 400x600,1,0,visible,,D-sign Rug 1P0332 Grey 400x600 cm,,,taxable,parent,0,0,,0,0,,600,400,0.7,0,,4114,7395,,,,,,,69449176-H,,,,,,37,,,Size,400x600,,1,,,,,,,,,,,,,,,,,,,,,,,,,,,,,,,,,,,,,400x600,,,,,,,,,,,,,,,,,,,,,,,,72305,,,,,,,,,,,,,,,,,,,
109042,variation,69449207,,D-sign Rug 1P0332 Grey - 500x500,1,0,visible,,D-sign Rug 1P0332 Grey 500x500 cm,,,taxable,parent,0,0,,0,0,,500,500,0.7,0,,4228,7605,,,,,,,69449176-H,,,,,,38,,,Size,500x500,,1,,,,,,,,,,,,,,,,,,,,,,,,,,,,,,,,,,,,,500x500,,,,,,,,,,,,,,,,,,,,,,,,54920,,,,,,,,,,,,,,,,,,,
109043,variation,69449212,,D-sign Rug 1P0332 Grey - 500x600,1,0,visible,,D-sign Rug 1P0332 Grey 500x600 cm,,,taxable,parent,0,0,,0,0,,600,500,0.7,0,,4799,8635,,,,,,,69449176-H,,,,,,39,,,Size,500x600,,1,,,,,,,,,,,,,,,,,,,,,,,,,,,,,,,,,,,,,500x600,,,,,,,,,,,,,,,,,,,,,,,,54921,,,,,,,,,,,,,,,,,,,
109045,variation,69449210,,D-sign Rug 1P0333 Grey - 100,1,0,visible,,D-sign Rug 1P0333 Grey 100 cm,,,taxable,parent,1,28,,0,0,,100,100,0.7,0,,389,695,,,,,,,69449210-H,,,,,,1,,,Size,100,,1,,,,,,,,,,,,,,,,,,,,,,,,,,,,,,,,,,,,,100,,,,,,,,,,,,,,,,,,,,,,,,16522,,,,,,,,,,,,,,,,,,,
109046,variable,69449213-H,,D-sign Rug 1P0335 Purple,1,0,visible,D-sign Rug 1P0335 Purple,D-sign Rug 1P0335 Purple,,,taxable,,1,,,0,0,,,,,0,,,,"Rooms > Kids, Rugs > Kids, Rugs",,,"https://rugshop.eu/wp-content/uploads/2022/09/carpet-circle-puzzle-purple.jpg, https://rugshop.eu/wp-content/uploads/2022/09/carpet-circle-puzzle-purple-1.jpg, https://rugshop.eu/wp-content/uploads/2022/09/carpet-circle-puzzle-purple-2.jpg, https://rugshop.eu/wp-content/uploads/2022/09/carpet-circle-puzzle-purple.jpg",,,,,,,,,2601,,,Size,"100, 133, 150, 170, 200",1,1,Brand,D-sign,1,1,Color,Pink-Purple,1,1,Type of color,Multicolor,1,1,Shape,Round,1,1,Material,Polypropylene,1,1,Type of rug,Modern,1,1,Weave,Machinemade,1,1,Age,New,1,1,,,,,,,,,default,default,default,default,,,,,,yes,yes,,,,,,,,,,,,,,,,,,,,,,,,,,,,,
109047,variable,69449215-H,,D-sign Rug 1P0336 Orange,1,0,visible,D-sign Rug 1P0336 Orange,D-sign Rug 1P0336 Orange,,,taxable,,1,,,0,0,,,,,0,,,,"Rooms > Kids, Rugs > Kids, Rugs",,,"https://rugshop.eu/wp-content/uploads/2022/09/carpet-circle-puzzle-orange.jpg, https://rugshop.eu/wp-content/uploads/2022/09/carpet-circle-puzzle-orange-1.jpg, https://rugshop.eu/wp-content/uploads/2022/09/carpet-circle-puzzle-orange.jpg, https://rugshop.eu/wp-content/uploads/2022/09/carpet-circle-puzzle-orange-2.jpg",,,,,,,,,2602,,,Size,"100, 133, 150, 170, 200",1,1,Brand,D-sign,1,1,Color,Red,1,1,Type of color,Multicolor,1,1,Shape,Round,1,1,Material,Polypropylene,1,1,Type of rug,Modern,1,1,Weave,Machinemade,1,1,Age,New,1,1,,,,,,,,,default,default,default,default,,,,,,yes,yes,,,,,,,,,,,,,,,,,,,,,,,,,,,,,
109049,variation,69454585,,D-sign Rug 1P0333 Grey - 133,1,0,visible,,D-sign Rug 1P0333 Grey 133 cm,,,taxable,parent,1,1,,0,0,,133,133,0.7,0,,477,855,,,,,,,69449210-H,,,,,,2,,,Size,133,,1,,,,,,,,,,,,,,,,,,,,,,,,,,,,,,,,,,,,,133,,,,,,,,,,,,,,,,,,,,,,,,16521,,,,,,,,,,,,,,,,,,,
109050,variation,69454587,,D-sign Rug 1P0333 Grey - 150,1,0,visible,,D-sign Rug 1P0333 Grey 150 cm,,,taxable,parent,1,13,,0,0,,150,150,0.7,0,,533,955,,,,,,,69449210-H,,,,,,3,,,Size,150,,1,,,,,,,,,,,,,,,,,,,,,,,,,,,,,,,,,,,,,150,,,,,,,,,,,,,,,,,,,,,,,,16520,,,,,,,,,,,,,,,,,,,
109051,variation,69454562,,D-sign Rug 1P0333 Grey - 170,1,0,visible,,D-sign Rug 1P0333 Grey 170 cm,,,taxable,parent,1,25,,0,0,,170,170,0.7,0,,598,1075,,,,,,,69449210-H,,,,,,4,,,Size,170,,1,,,,,,,,,,,,,,,,,,,,,,,,,,,,,,,,,,,,,170,,,,,,,,,,,,,,,,,,,,,,,,16519,,,,,,,,,,,,,,,,,,,
109052,variation,69454569,,D-sign Rug 1P0333 Grey - 200,1,0,visible,,D-sign Rug 1P0333 Grey 200 cm,,,taxable,parent,0,0,,0,0,,200,200,0.7,0,,728,1305,,,,,,,69449210-H,,,,,,5,,,Size,200,,1,,,,,,,,,,,,,,,,,,,,,,,,,,,,,,,,,,,,,200,,,,,,,,,,,,,,,,,,,,,,,,16518,,,,,,,,,,,,,,,,,,,
109054,variation,69449211,,D-sign Rug 1P0334 Blue - 100,1,0,visible,,D-sign Rug 1P0334 Blue 100 cm,,,taxable,parent,1,32,,0,0,,100,100,0.7,0,,389,695,,,,,,,69449211-H,,,,,,1,,,Size,100,,1,,,,,,,,,,,,,,,,,,,,,,,,,,,,,,,,,,,,,100,,,,,,,,,,,,,,,,,,,,,,,,16561,,,,,,,,,,,,,,,,,,,
109055,variation,69454582,,D-sign Rug 1P0334 Blue - 133,1,0,visible,,D-sign Rug 1P0334 Blue 133 cm,,,taxable,parent,0,0,,0,0,,133,133,0.7,0,,467,835,,,,,,,69449211-H,,,,,,2,,,Size,133,,1,,,,,,,,,,,,,,,,,,,,,,,,,,,,,,,,,,,,,133,,,,,,,,,,,,,,,,,,,,,,,,16560,,,,,,,,,,,,,,,,,,,
109056,variation,69454583,,D-sign Rug 1P0334 Blue - 150,1,0,visible,,D-sign Rug 1P0334 Blue 150 cm,,,taxable,parent,0,0,,0,0,,150,150,0.7,0,,533,955,,,,,,,69449211-H,,,,,,3,,,Size,150,,1,,,,,,,,,,,,,,,,,,,,,,,,,,,,,,,,,,,,,150,,,,,,,,,,,,,,,,,,,,,,,,16559,,,,,,,,,,,,,,,,,,,
109057,variation,69454564,,D-sign Rug 1P0334 Blue - 170,1,0,visible,,D-sign Rug 1P0334 Blue 170 cm,,,taxable,parent,0,0,,0,0,,170,170,0.7,0,,598,1075,,,,,,,69449211-H,,,,,,4,,,Size,170,,1,,,,,,,,,,,,,,,,,,,,,,,,,,,,,,,,,,,,,170,,,,,,,,,,,,,,,,,,,,,,,,16558,,,,,,,,,,,,,,,,,,,
109058,variation,69449214,,D-sign Rug 1P0334 Blue - 200,1,0,visible,,D-sign Rug 1P0334 Blue 200 cm,,,taxable,parent,0,0,,0,0,,200,200,0.7,0,,728,1305,,,,,,,69449211-H,,,,,,5,,,Size,200,,1,,,,,,,,,,,,,,,,,,,,,,,,,,,,,,,,,,,,,200,,,,,,,,,,,,,,,,,,,,,,,,16557,,,,,,,,,,,,,,,,,,,
109060,variation,69449213,,D-sign Rug 1P0335 Purple - 100,1,0,visible,,D-sign Rug 1P0335 Purple 100 cm,,,taxable,parent,1,35,,0,0,,100,100,0.7,0,,389,695,,,,,,,69449213-H,,,,,,1,,,Size,100,,1,,,,,,,,,,,,,,,,,,,,,,,,,,,,,,,,,,,,,100,,,,,,,,,,,,,,,,,,,,,,,,16566,,,,,,,,,,,,,,,,,,,
109061,variation,69454586,,D-sign Rug 1P0335 Purple - 133,1,0,visible,,D-sign Rug 1P0335 Purple 133 cm,,,taxable,parent,1,26,,0,0,,133,133,0.7,0,,467,835,,,,,,,69449213-H,,,,,,2,,,Size,133,,1,,,,,,,,,,,,,,,,,,,,,,,,,,,,,,,,,,,,,133,,,,,,,,,,,,,,,,,,,,,,,,16565,,,,,,,,,,,,,,,,,,,
109062,variation,69454580,,D-sign Rug 1P0335 Purple - 150,1,0,visible,,D-sign Rug 1P0335 Purple 150 cm,,,taxable,parent,1,23,,0,0,,150,150,0.7,0,,533,955,,,,,,,69449213-H,,,,,,3,,,Size,150,,1,,,,,,,,,,,,,,,,,,,,,,,,,,,,,,,,,,,,,150,,,,,,,,,,,,,,,,,,,,,,,,16564,,,,,,,,,,,,,,,,,,,
109063,variation,69454602,,D-sign Rug 1P0335 Purple - 170,1,0,visible,,D-sign Rug 1P0335 Purple 170 cm,,,taxable,parent,0,0,,0,0,,170,170,0.7,0,,598,1075,,,,,,,69449213-H,,,,,,4,,,Size,170,,1,,,,,,,,,,,,,,,,,,,,,,,,,,,,,,,,,,,,,170,,,,,,,,,,,,,,,,,,,,,,,,16563,,,,,,,,,,,,,,,,,,,
109064,variation,69454588,,D-sign Rug 1P0335 Purple - 200,1,0,visible,,D-sign Rug 1P0335 Purple 200 cm,,,taxable,parent,1,18,,0,0,,200,200,0.7,0,,728,1305,,,,,,,69449213-H,,,,,,5,,,Size,200,,1,,,,,,,,,,,,,,,,,,,,,,,,,,,,,,,,,,,,,200,,,,,,,,,,,,,,,,,,,,,,,,16562,,,,,,,,,,,,,,,,,,,
109066,variation,69449215,,D-sign Rug 1P0336 Orange - 100,1,0,visible,,D-sign Rug 1P0336 Orange 100 cm,,,taxable,parent,1,73,,0,0,,100,100,0.7,0,,389,695,,,,,,,69449215-H,,,,,,1,,,Size,100,,1,,,,,,,,,,,,,,,,,,,,,,,,,,,,,,,,,,,,,100,,,,,,,,,,,,,,,,,,,,,,,,16571,,,,,,,,,,,,,,,,,,,
109067,variation,69454584,,D-sign Rug 1P0336 Orange - 133,1,0,visible,,D-sign Rug 1P0336 Orange 133 cm,,,taxable,parent,0,0,,0,0,,133,133,0.7,0,,467,835,,,,,,,69449215-H,,,,,,2,,,Size,133,,1,,,,,,,,,,,,,,,,,,,,,,,,,,,,,,,,,,,,,133,,,,,,,,,,,,,,,,,,,,,,,,16570,,,,,,,,,,,,,,,,,,,
109068,variation,69454589,,D-sign Rug 1P0336 Orange - 150,1,0,visible,,D-sign Rug 1P0336 Orange 150 cm,,,taxable,parent,0,0,,0,0,,150,150,0.7,0,,533,955,,,,,,,69449215-H,,,,,,3,,,Size,150,,1,,,,,,,,,,,,,,,,,,,,,,,,,,,,,,,,,,,,,150,,,,,,,,,,,,,,,,,,,,,,,,16569,,,,,,,,,,,,,,,,,,,
109069,variation,69454581,,D-sign Rug 1P0336 Orange - 170,1,0,visible,,D-sign Rug 1P0336 Orange 170 cm,,,taxable,parent,0,0,,0,0,,170,170,0.7,0,,598,1075,,,,,,,69449215-H,,,,,,4,,,Size,170,,1,,,,,,,,,,,,,,,,,,,,,,,,,,,,,,,,,,,,,170,,,,,,,,,,,,,,,,,,,,,,,,16568,,,,,,,,,,,,,,,,,,,
109070,variation,69449218,,D-sign Rug 1P0336 Orange - 200,1,0,visible,,D-sign Rug 1P0336 Orange 200 cm,,,taxable,parent,0,0,,0,0,,200,200,0.7,0,,728,1305,,,,,,,69449215-H,,,,,,5,,,Size,200,,1,,,,,,,,,,,,,,,,,,,,,,,,,,,,,,,,,,,,,200,,,,,,,,,,,,,,,,,,,,,,,,16567,,,,,,,,,,,,,,,,,,,
109103,variable,69449251-H,,D-sign Rug 1P0339 Red,1,0,visible,D-sign Rug 1P0339 Red,D-sign Rug 1P0339 Red,,,taxable,,1,,,0,0,,,,,1,,,,"Rooms > Living room, Rugs > Persian, Rugs",,,"https://rugshop.eu/wp-content/uploads/2022/09/wool-carpet-polonia-krolewski-burgundy.jpg, https://rugshop.eu/wp-content/uploads/2022/09/wool-carpet-polonia-krolewski-burgundy-1.jpg, https://rugshop.eu/wp-content/uploads/2022/09/wool-carpet-polonia-krolewski-burgundy-2.jpg, https://rugshop.eu/wp-content/uploads/2022/09/wool-carpet-polonia-krolewski-burgundy-3.jpg, https://rugshop.eu/wp-content/uploads/2022/09/wool-carpet-polonia-krolewski-burgundy-4.jpg",,,,,,,,,2605,,,Size,"170x235, 200x300, 235x350, 300x400",1,1,Brand,D-sign,1,1,Color,Red,1,1,Type of color,Multicolor,1,1,Shape,Rectangular,1,1,Material,Wool,1,1,Type of rug,Persian,1,1,Weave,Machinemade,1,1,Age,New,1,1,,,,,,,,,,,,,,,,,,yes,yes,,,,,,,,,,,,,,,,,,,,,,,,,,,,,
109104,variable,69449255-H,,D-sign Rug 1P0340 Beige,1,0,visible,D-sign Rug 1P0340 Beige,D-sign Rug 1P0340 Beige,,,taxable,,1,,,0,0,,,,,1,,,,"Rooms > Bedroom, Rooms > Living room, Rugs, Rugs > Traditional",,,"https://rugshop.eu/wp-content/uploads/2022/09/wool-carpet-omega-kashmir-cream.jpg, https://rugshop.eu/wp-content/uploads/2022/09/wool-carpet-omega-kashmir-cream-1.jpg, https://rugshop.eu/wp-content/uploads/2022/09/wool-carpet-omega-kashmir-cream-2.jpg, https://rugshop.eu/wp-content/uploads/2022/09/wool-carpet-omega-kashmir-cream-3.jpg, https://rugshop.eu/wp-content/uploads/2022/09/wool-carpet-omega-kashmir-cream-4.jpg",,,,,,,,,2606,,,Size,"135x200, 170x235, 200x300, 235x350, 300x400, 66x100",1,1,Brand,D-sign,1,1,Color,White-Beige,1,1,Type of color,Multicolor,1,1,Shape,Rectangular,1,1,Material,Wool,1,1,Type of rug,Traditional,1,1,Weave,Machinemade,1,1,Age,New,1,1,,,,,,,,,,,,,,,,,,yes,yes,,,,,,,,,,,,,,,,,,,,,,,,,,,,,
109105,variable,69449256-H,,D-sign Rug 1P0341 Beige,1,0,visible,D-sign Rug 1P0341 Beige,D-sign Rug 1P0341 Beige,,,taxable,,1,,,0,0,,,,,1,,,,"Rooms > Bedroom, Rooms > Living room, Rugs > Persian, Rugs",,,"https://rugshop.eu/wp-content/uploads/2022/09/wool-carpet-polonia-kordoba-sand2.jpg, https://rugshop.eu/wp-content/uploads/2022/09/wool-carpet-polonia-kordoba-sand2-1.jpg, https://rugshop.eu/wp-content/uploads/2022/09/wool-carpet-polonia-kordoba-sand2-2.jpg, https://rugshop.eu/wp-content/uploads/2022/09/wool-carpet-polonia-kordoba-sand2-3.jpg, https://rugshop.eu/wp-content/uploads/2022/09/wool-carpet-polonia-kordoba-sand2-4.jpg",,,,,,,,,2607,,,Size,"100x150, 135x200, 170x235, 200x300, 235x350, 300x400, 66x100",1,1,Brand,D-sign,1,1,Color,White-Beige,1,1,Type of color,Multicolor,1,1,Shape,Rectangular,1,1,Material,Wool,1,1,Type of rug,Persian,1,1,Weave,Machinemade,1,1,Age,New,1,1,,,,,,,,,,,,,,,,,,yes,yes,,,,,,,,,,,,,,,,,,,,,,,,,,,,,
109119,variable,69449261-H,,D-sign Rug 1P0342 Red,1,0,visible,D-sign Rug 1P0342 Red,D-sign Rug 1P0342 Red,,,taxable,,1,,,0,0,,,,,1,,,,"Rooms > Bedroom, Rooms > Living room, Rugs, Rugs > Traditional",,,"https://rugshop.eu/wp-content/uploads/2022/09/wool-carpet-polonia-baron-burgundy.jpg, https://rugshop.eu/wp-content/uploads/2022/09/wool-carpet-polonia-baron-burgundy-1.jpg, https://rugshop.eu/wp-content/uploads/2022/09/wool-carpet-polonia-baron-burgundy-2.jpg, https://rugshop.eu/wp-content/uploads/2022/09/wool-carpet-polonia-baron-burgundy-3.jpg, https://rugshop.eu/wp-content/uploads/2022/09/wool-carpet-polonia-baron-burgundy-4.jpg",,,,,,,,,2608,,,Size,"100x150, 135x200, 170x235, 200x200, 200x300, 235x350, 300x400, 400x500, 50x80, 66x100",1,1,Brand,D-sign,1,1,Color,Red,1,1,Type of color,Multicolor,1,1,Shape,"Rectangular, Square",1,1,Material,Wool,1,1,Type of rug,Traditional,1,1,Weave,Machinemade,1,1,Age,New,1,1,,,,,,,,,,,,,,,,,,yes,yes,,,,,,,,,,,,,,,,,,,,,,,,,,,,,
109125,variation,69449251,,D-sign Rug 1P0339 Red - 170x235,1,0,visible,,D-sign Rug 1P0339 Red 170x235 cm,,,taxable,parent,1,1,,0,0,,235,170,1,0,,4380,7875,,,,,,,69449251-H,,,,,,1,,,Size,170x235,,1,,,,,,,,,,,,,,,,,,,,,,,,,,,,,,,,,,,,,170x235,,,,,,,,,,,,,,,,,,,,,,,,18035,,,,,,,,,,,,,,,,,,,
109126,variation,69454635,,D-sign Rug 1P0339 Red - 200x300,1,0,visible,,D-sign Rug 1P0339 Red 200x300 cm,,,taxable,parent,1,1,,0,0,,300,200,1,0,,6434,11575,,,,,,,69449251-H,,,,,,2,,,Size,200x300,,1,,,,,,,,,,,,,,,,,,,,,,,,,,,,,,,,,,,,,200x300,,,,,,,,,,,,,,,,,,,,,,,,18036,,,,,,,,,,,,,,,,,,,
109127,variation,69454636,,D-sign Rug 1P0339 Red - 235x350,1,0,visible,,D-sign Rug 1P0339 Red 235x350 cm,,,taxable,parent,1,2,,0,0,,350,235,1,0,,9129,16425,,,,,,,69449251-H,,,,,,3,,,Size,235x350,,1,,,,,,,,,,,,,,,,,,,,,,,,,,,,,,,,,,,,,235x350,,,,,,,,,,,,,,,,,,,,,,,,55211,,,,,,,,,,,,,,,,,,,
109128,variation,69449254,,D-sign Rug 1P0339 Red - 300x400,1,0,visible,,D-sign Rug 1P0339 Red 300x400 cm,,,taxable,parent,1,4,,0,0,,400,300,1,0,,13696,24645,,,,,,,69449251-H,,,,,,4,,,Size,300x400,,1,,,,,,,,,,,,,,,,,,,,,,,,,,,,,,,,,,,,,300x400,,,,,,,,,,,,,,,,,,,,,,,,25345,,,,,,,,,,,,,,,,,,,
109130,variable,69449271-H,,D-sign Rug 1P0343 Red,1,0,visible,D-sign Rug 1P0343 Red,D-sign Rug 1P0343 Red,,,taxable,,1,,,0,0,,,,,1,,,,"Rooms > Bedroom, Rooms > Living room, Rugs > Persian, Rugs",,,"https://rugshop.eu/wp-content/uploads/2022/09/wool-carpet-polonia-wawelski-burgundy.jpg, https://rugshop.eu/wp-content/uploads/2022/09/wool-carpet-polonia-wawelski-burgundy-1.jpg, https://rugshop.eu/wp-content/uploads/2022/09/wool-carpet-polonia-wawelski-burgundy-2.jpg, https://rugshop.eu/wp-content/uploads/2022/09/wool-carpet-polonia-wawelski-burgundy-3.jpg, https://rugshop.eu/wp-content/uploads/2022/09/wool-carpet-polonia-wawelski-burgundy-4.jpg",,,,,,,,,2609,,,Size,"100x150, 135x200, 170x235, 200x300, 235x350, 300x400, 400x500",1,1,Brand,D-sign,1,1,Color,Red,1,1,Type of color,Multicolor,1,1,Shape,Rectangular,1,1,Material,Wool,1,1,Type of rug,Persian,1,1,Weave,Machinemade,1,1,Age,New,1,1,,,,,,,,,,,,,,,,,,yes,yes,,,,,,,,,,,,,,,,,,,,,,,,,,,,,
109131,variation,69449255,,D-sign Rug 1P0340 Beige - 66x100,1,0,visible,,D-sign Rug 1P0340 Beige 66x100 cm,,,taxable,parent,1,6,,0,0,,100,66,0.9,0,,992,1785,,,,,,,69449255-H,,,,,,1,,,Size,66x100,,1,,,,,,,,,,,,,,,,,,,,,,,,,,,,,,,,,,,,,66x100,,,,,,,,,,,,,,,,,,,,,,,,153618,,,,,,,,,,,,,,,,,,,
109132,variation,69454637,,D-sign Rug 1P0340 Beige - 135x200,1,0,visible,,D-sign Rug 1P0340 Beige 135x200 cm,,,taxable,parent,0,0,,0,0,,200,135,0.9,0,,2619,4705,,,,,,,69449255-H,,,,,,2,,,Size,135x200,,1,,,,,,,,,,,,,,,,,,,,,,,,,,,,,,,,,,,,,135x200,,,,,,,,,,,,,,,,,,,,,,,,32796,,,,,,,,,,,,,,,,,,,
109133,variation,69454639,,D-sign Rug 1P0340 Beige - 170x235,1,0,visible,,D-sign Rug 1P0340 Beige 170x235 cm,,,taxable,parent,0,0,,0,0,,235,170,0.9,0,,3829,6885,,,,,,,69449255-H,,,,,,3,,,Size,170x235,,1,,,,,,,,,,,,,,,,,,,,,,,,,,,,,,,,,,,,,170x235,,,,,,,,,,,,,,,,,,,,,,,,18052,,,,,,,,,,,,,,,,,,,
109134,variation,69454631,,D-sign Rug 1P0340 Beige - 200x300,1,0,visible,,D-sign Rug 1P0340 Beige 200x300 cm,,,taxable,parent,0,0,,0,0,,300,200,0.9,0,,5489,9875,,,,,,,69449255-H,,,,,,4,,,Size,200x300,,1,,,,,,,,,,,,,,,,,,,,,,,,,,,,,,,,,,,,,200x300,,,,,,,,,,,,,,,,,,,,,,,,18051,,,,,,,,,,,,,,,,,,,
109135,variation,69454658,,D-sign Rug 1P0340 Beige - 235x350,1,0,visible,,D-sign Rug 1P0340 Beige 235x350 cm,,,taxable,parent,1,2,,0,0,,350,235,0.9,0,,7857,14135,,,,,,,69449255-H,,,,,,5,,,Size,235x350,,1,,,,,,,,,,,,,,,,,,,,,,,,,,,,,,,,,,,,,235x350,,,,,,,,,,,,,,,,,,,,,,,,153616,,,,,,,,,,,,,,,,,,,
109136,variation,69454633,,D-sign Rug 1P0340 Beige - 300x400,1,0,visible,,D-sign Rug 1P0340 Beige 300x400 cm,,,taxable,parent,1,2,,0,0,,400,300,0.9,0,,11805,21245,,,,,,,69449255-H,,,,,,6,,,Size,300x400,,1,,,,,,,,,,,,,,,,,,,,,,,,,,,,,,,,,,,,,300x400,,,,,,,,,,,,,,,,,,,,,,,,153617,,,,,,,,,,,,,,,,,,,
109138,variable,69449272-H,,D-sign Rug 1P0344 Red,1,0,visible,D-sign Rug 1P0344 Red,D-sign Rug 1P0344 Red,,,taxable,,1,,,0,0,,,,,1,,,,"Rooms > Bedroom, Rooms > Living room, Rugs, Rugs > Traditional",,,"https://rugshop.eu/wp-content/uploads/2022/09/wool-carpet-omega-aries-light-ruby.jpg, https://rugshop.eu/wp-content/uploads/2022/09/wool-carpet-omega-aries-light-ruby-1.jpg, https://rugshop.eu/wp-content/uploads/2022/09/wool-carpet-omega-aries-light-ruby-2.jpg, https://rugshop.eu/wp-content/uploads/2022/09/wool-carpet-omega-aries-light-ruby-3.jpg, https://rugshop.eu/wp-content/uploads/2022/09/wool-carpet-omega-aries-light-ruby-4.jpg",,,,,,,,,2610,,,Size,"100x150, 135x200, 170x235, 200x300, 235x350, 300x400, 66x100",1,1,Brand,D-sign,1,1,Color,"Red, White-Beige",1,1,Type of color,Multicolor,1,1,Shape,Rectangular,1,1,Material,Wool,1,1,Type of rug,Traditional,1,1,Weave,Machinemade,1,1,Age,New,1,1,,,,,,,,,,,,,,,,,,yes,yes,,,,,,,,,,,,,,,,,,,,,,,,,,,,,
109139,variation,69449256,,D-sign Rug 1P0341 Beige - 66x100,1,0,visible,,D-sign Rug 1P0341 Beige 66x100 cm,,,taxable,parent,1,6,,0,0,,100,66,1,0,,960,1725,,,,,,,69449256-H,,,,,,1,,,Size,66x100,,1,,,,,,,,,,,,,,,,,,,,,,,,,,,,,,,,,,,,,66x100,,,,,,,,,,,,,,,,,,,,,,,,28355,,,,,,,,,,,,,,,,,,,
109140,variation,69454640,,D-sign Rug 1P0341 Beige - 100x150,1,0,visible,,D-sign Rug 1P0341 Beige 100x150 cm ,,,taxable,parent,1,2,,0,0,,150,100,1,0,,1804,3245,,,,,,,69449256-H,,,,,,2,,,Size,100x150,,1,,,,,,,,,,,,,,,,,,,,,,,,,,,,,,,,,,,,,100x150,,,,,,,,,,,,,,,,,,,,,,,,28356,,,,,,,,,,,,,,,,,,,
109141,variation,69454654,,D-sign Rug 1P0341 Beige - 135x200,1,0,visible,,D-sign Rug 1P0341 Beige 135x200 cm,,,taxable,parent,1,2,,0,0,,200,135,1,0,,3043,5475,,,,,,,69449256-H,,,,,,3,,,Size,135x200,,1,,,,,,,,,,,,,,,,,,,,,,,,,,,,,,,,,,,,,135x200,,,,,,,,,,,,,,,,,,,,,,,,28570,,,,,,,,,,,,,,,,,,,
109142,variation,69449257,,D-sign Rug 1P0341 Beige - 170x235,1,0,visible,,D-sign Rug 1P0341 Beige 170x235 cm,,,taxable,parent,1,2,,0,0,,235,170,1,0,,4449,8005,,,,,,,69449256-H,,,,,,4,,,Size,170x235,,1,,,,,,,,,,,,,,,,,,,,,,,,,,,,,,,,,,,,,170x235,,,,,,,,,,,,,,,,,,,,,,,,54420,,,,,,,,,,,,,,,,,,,
109143,variation,69449259,,D-sign Rug 1P0341 Beige - 200x300,1,0,visible,,D-sign Rug 1P0341 Beige 200x300 cm,,,taxable,parent,1,5,,0,0,,300,200,1,0,,6503,11705,,,,,,,69449256-H,,,,,,5,,,Size,200x300,,1,,,,,,,,,,,,,,,,,,,,,,,,,,,,,,,,,,,,,200x300,,,,,,,,,,,,,,,,,,,,,,,,24455,,,,,,,,,,,,,,,,,,,
109144,variation,69449260,,D-sign Rug 1P0341 Beige - 235x350,1,0,visible,,D-sign Rug 1P0341 Beige 235x350 cm,,,taxable,parent,1,3,,0,0,,350,235,1,0,,8785,15805,,,,,,,69449256-H,,,,,,6,,,Size,235x350,,1,,,,,,,,,,,,,,,,,,,,,,,,,,,,,,,,,,,,,235x350,,,,,,,,,,,,,,,,,,,,,,,,54153,,,,,,,,,,,,,,,,,,,
109145,variation,69449258,,D-sign Rug 1P0341 Beige - 300x400,1,0,visible,,D-sign Rug 1P0341 Beige 300x400 cm,,,taxable,parent,0,0,,0,0,,400,300,1,0,,13696,24645,,,,,,,69449256-H,,,,,,7,,,Size,300x400,,1,,,,,,,,,,,,,,,,,,,,,,,,,,,,,,,,,,,,,300x400,,,,,,,,,,,,,,,,,,,,,,,,74561,,,,,,,,,,,,,,,,,,,
109147,variation,69449261,,D-sign Rug 1P0342 Red - 50x80,1,0,visible,,D-sign Rug 1P0342 Red 50x80 cm,,,taxable,parent,0,0,,0,0,,80,50,1,0,,683,1225,,,,,,,69449261-H,,,,,,1,,,Size,50x80,,1,,,,,,,,,,,,,,,,,,,,,,,,,,,,,,,,,,,,,50x80,,,,,,,,,,,,,,,,,,,,,,,,25179,,,,,,,,,,,,,,,,,,,
109148,variable,69449274-H,,D-sign Rug 1P0345 Blue,1,0,visible,D-sign Rug 1P0345 Blue,D-sign Rug 1P0345 Blue,,,taxable,,1,,,0,0,,,,,1,,,,"Rooms > Living room, Rugs > Persian, Rugs",,,"https://rugshop.eu/wp-content/uploads/2022/09/wool-carpet-omega-harun-navy-blue.jpg, https://rugshop.eu/wp-content/uploads/2022/09/wool-carpet-omega-harun-navy-blue-1.jpg, https://rugshop.eu/wp-content/uploads/2022/09/wool-carpet-omega-harun-navy-blue-2.jpg, https://rugshop.eu/wp-content/uploads/2022/09/wool-carpet-omega-harun-navy-blue-3.jpg, https://rugshop.eu/wp-content/uploads/2022/09/wool-carpet-omega-harun-navy-blue-4.jpg",,,,,,,,,2611,,,Size,"170x235, 200x300, 235x350, 300x400",1,1,Brand,D-sign,1,1,Color,"Blue, Red",1,1,Type of color,Multicolor,1,1,Shape,Rectangular,1,1,Material,Wool,1,1,Type of rug,Persian,1,1,Weave,Machinemade,1,1,Age,New,1,1,,,,,,,,,,,,,,,,,,yes,yes,,,,,,,,,,,,,,,,,,,,,,,,,,,,,
109149,variation,69454659,,D-sign Rug 1P0342 Red - 66x100,1,0,visible,,D-sign Rug 1P0342 Red 66x100 cm,,,taxable,parent,1,6,,0,0,,100,66,1,0,,960,1725,,,,,,,69449261-H,,,,,,2,,,Size,66x100,,1,,,,,,,,,,,,,,,,,,,,,,,,,,,,,,,,,,,,,66x100,,,,,,,,,,,,,,,,,,,,,,,,25180,,,,,,,,,,,,,,,,,,,
109150,variation,69454656,,D-sign Rug 1P0342 Red - 100x150,1,0,visible,,D-sign Rug 1P0342 Red 100x150 cm ,,,taxable,parent,1,5,,0,0,,150,100,1,0,,1804,3245,,,,,,,69449261-H,,,,,,3,,,Size,100x150,,1,,,,,,,,,,,,,,,,,,,,,,,,,,,,,,,,,,,,,100x150,,,,,,,,,,,,,,,,,,,,,,,,25170,,,,,,,,,,,,,,,,,,,
109151,variation,69454652,,D-sign Rug 1P0342 Red - 135x200,1,0,visible,,D-sign Rug 1P0342 Red 135x200 cm,,,taxable,parent,1,5,,0,0,,200,135,1,0,,3043,5475,,,,,,,69449261-H,,,,,,4,,,Size,135x200,,1,,,,,,,,,,,,,,,,,,,,,,,,,,,,,,,,,,,,,135x200,,,,,,,,,,,,,,,,,,,,,,,,25171,,,,,,,,,,,,,,,,,,,
109152,variation,69454651,,D-sign Rug 1P0342 Red - 170x235,1,0,visible,,D-sign Rug 1P0342 Red 170x235 cm,,,taxable,parent,1,1,,0,0,,235,170,1,0,,4380,7875,,,,,,,69449261-H,,,,,,5,,,Size,170x235,,1,,,,,,,,,,,,,,,,,,,,,,,,,,,,,,,,,,,,,170x235,,,,,,,,,,,,,,,,,,,,,,,,25167,,,,,,,,,,,,,,,,,,,
109153,variation,69454655,,D-sign Rug 1P0342 Red - 200x200,1,0,visible,,D-sign Rug 1P0342 Red 200x200 cm,,,taxable,parent,0,0,,0,0,,200,200,1,0,,4188,7535,,,,,,,69449261-H,,,,,,6,,,Size,200x200,,1,,,,,,,,,,,,,,,,,,,,,,,,,,,,,,,,,,,,,200x200,,,,,,,,,,,,,,,,,,,,,,,,28045,,,,,,,,,,,,,,,,,,,
109154,variation,69449262,,D-sign Rug 1P0342 Red - 200x300,1,0,visible,,D-sign Rug 1P0342 Red 200x300 cm,,,taxable,parent,1,2,,0,0,,300,200,1,0,,6434,11575,,,,,,,69449261-H,,,,,,7,,,Size,200x300,,1,,,,,,,,,,,,,,,,,,,,,,,,,,,,,,,,,,,,,200x300,,,,,,,,,,,,,,,,,,,,,,,,25168,,,,,,,,,,,,,,,,,,,
109155,variation,69449269,,D-sign Rug 1P0342 Red - 235x350,1,0,visible,,D-sign Rug 1P0342 Red 235x350 cm,,,taxable,parent,1,1,,0,0,,350,235,1,0,,8785,15805,,,,,,,69449261-H,,,,,,8,,,Size,235x350,,1,,,,,,,,,,,,,,,,,,,,,,,,,,,,,,,,,,,,,235x350,,,,,,,,,,,,,,,,,,,,,,,,25169,,,,,,,,,,,,,,,,,,,
109156,variation,69449264,,D-sign Rug 1P0342 Red - 300x400,1,0,visible,,D-sign Rug 1P0342 Red 300x400 cm,,,taxable,parent,1,1,,0,0,,400,300,1,0,,13009,23415,,,,,,,69449261-H,,,,,,9,,,Size,300x400,,1,,,,,,,,,,,,,,,,,,,,,,,,,,,,,,,,,,,,,300x400,,,,,,,,,,,,,,,,,,,,,,,,46957,,,,,,,,,,,,,,,,,,,
109157,variation,69449263,,D-sign Rug 1P0342 Red - 400x500,1,0,visible,,D-sign Rug 1P0342 Red 400x500 cm,,,taxable,parent,0,0,,0,0,,500,400,1,0,,20286,36505,,,,,,,69449261-H,,,,,,10,,,Size,400x500,,1,,,,,,,,,,,,,,,,,,,,,,,,,,,,,,,,,,,,,400x500,,,,,,,,,,,,,,,,,,,,,,,,153640,,,,,,,,,,,,,,,,,,,
109159,variation,69449271,,D-sign Rug 1P0343 Red - 100x150,1,0,visible,,D-sign Rug 1P0343 Red 100x150 cm ,,,taxable,parent,1,1,,0,0,,150,100,1,0,,1804,3245,,,,,,,69449271-H,,,,,,1,,,Size,100x150,,1,,,,,,,,,,,,,,,,,,,,,,,,,,,,,,,,,,,,,100x150,,,,,,,,,,,,,,,,,,,,,,,,25336,,,,,,,,,,,,,,,,,,,
109160,variable,69449277-H,,D-sign Rug 1P0346 Red,1,0,visible,D-sign Rug 1P0346 Red,D-sign Rug 1P0346 Red,,,taxable,,1,,,0,0,,,,,1,,,,"Rooms > Bedroom, Rooms > Living room, Rugs, Rugs > Traditional",,,"https://rugshop.eu/wp-content/uploads/2022/09/wool-carpet-omega-aries-ruby.jpg, https://rugshop.eu/wp-content/uploads/2022/09/wool-carpet-omega-aries-ruby-1.jpg, https://rugshop.eu/wp-content/uploads/2022/09/wool-carpet-omega-aries-ruby-2.jpg, https://rugshop.eu/wp-content/uploads/2022/09/wool-carpet-omega-aries-ruby-3.jpg, https://rugshop.eu/wp-content/uploads/2022/09/wool-carpet-omega-aries-ruby-4.jpg",,,,,,,,,2612,,,Size,"135x200, 170x235, 200x300, 235x350, 300x400, 66x100",1,1,Brand,D-sign,1,1,Color,Red,1,1,Type of color,Multicolor,1,1,Shape,Rectangular,1,1,Material,Wool,1,1,Type of rug,Traditional,1,1,Weave,Machinemade,1,1,Age,New,1,1,,,,,,,,,,,,,,,,,,yes,yes,,,,,,,,,,,,,,,,,,,,,,,,,,,,,
109161,variable,69449278-H,,D-sign Rug 1P0347 Yellow,1,0,visible,D-sign Rug 1P0347 Yellow,D-sign Rug 1P0347 Yellow,,,taxable,,1,,,0,0,,,,,1,,,,"Rooms > Bedroom, Rooms > Living room, Rugs, Rugs > Traditional",,,"https://rugshop.eu/wp-content/uploads/2022/09/wool-carpet-omega-antik-honey.jpg, https://rugshop.eu/wp-content/uploads/2022/09/wool-carpet-omega-antik-honey-1.jpg, https://rugshop.eu/wp-content/uploads/2022/09/wool-carpet-omega-antik-honey-2.jpg, https://rugshop.eu/wp-content/uploads/2022/09/wool-carpet-omega-antik-honey-3.jpg, https://rugshop.eu/wp-content/uploads/2022/09/wool-carpet-omega-antik-honey-4.jpg",,,,,,,,,2613,,,Size,"135x200, 170x235, 200x300, 235x350, 300x400, 66x100",1,1,Brand,D-sign,1,1,Color,Yellow-Brown,1,1,Type of color,Multicolor,1,1,Shape,Rectangular,1,1,Material,Wool,1,1,Type of rug,Traditional,1,1,Weave,Machinemade,1,1,Age,New,1,1,,,,,,,,,,,,,,,,,,yes,yes,,,,,,,,,,,,,,,,,,,,,,,,,,,,,
109162,variation,69449268,,D-sign Rug 1P0343 Red - 135x200,1,0,visible,,D-sign Rug 1P0343 Red 135x200 cm,,,taxable,parent,1,1,,0,0,,200,135,1,0,,3043,5475,,,,,,,69449271-H,,,,,,2,,,Size,135x200,,1,,,,,,,,,,,,,,,,,,,,,,,,,,,,,,,,,,,,,135x200,,,,,,,,,,,,,,,,,,,,,,,,54155,,,,,,,,,,,,,,,,,,,
109163,variation,69449266,,D-sign Rug 1P0343 Red - 170x235,1,0,visible,,D-sign Rug 1P0343 Red 170x235 cm,,,taxable,parent,1,2,,0,0,,235,170,1,0,,4449,8005,,,,,,,69449271-H,,,,,,3,,,Size,170x235,,1,,,,,,,,,,,,,,,,,,,,,,,,,,,,,,,,,,,,,170x235,,,,,,,,,,,,,,,,,,,,,,,,25334,,,,,,,,,,,,,,,,,,,
109164,variation,69449265,,D-sign Rug 1P0343 Red - 200x300,1,0,visible,,D-sign Rug 1P0343 Red 200x300 cm,,,taxable,parent,1,3,,0,0,,300,200,1,0,,6503,11705,,,,,,,69449271-H,,,,,,4,,,Size,200x300,,1,,,,,,,,,,,,,,,,,,,,,,,,,,,,,,,,,,,,,200x300,,,,,,,,,,,,,,,,,,,,,,,,25330,,,,,,,,,,,,,,,,,,,
109165,variation,69449270,,D-sign Rug 1P0343 Red - 235x350,1,0,visible,,D-sign Rug 1P0343 Red 235x350 cm,,,taxable,parent,1,1,,0,0,,350,235,1,0,,9129,16425,,,,,,,69449271-H,,,,,,5,,,Size,235x350,,1,,,,,,,,,,,,,,,,,,,,,,,,,,,,,,,,,,,,,235x350,,,,,,,,,,,,,,,,,,,,,,,,25335,,,,,,,,,,,,,,,,,,,
109166,variation,69449267,,D-sign Rug 1P0343 Red - 300x400,1,0,visible,,D-sign Rug 1P0343 Red 300x400 cm,,,taxable,parent,1,4,,0,0,,400,300,1,0,,13009,23415,,,,,,,69449271-H,,,,,,6,,,Size,300x400,,1,,,,,,,,,,,,,,,,,,,,,,,,,,,,,,,,,,,,,300x400,,,,,,,,,,,,,,,,,,,,,,,,46956,,,,,,,,,,,,,,,,,,,
109167,variation,69449273,,D-sign Rug 1P0343 Red - 400x500,1,0,visible,,D-sign Rug 1P0343 Red 400x500 cm,,,taxable,parent,0,0,,0,0,,500,400,1,0,,20286,36505,,,,,,,69449271-H,,,,,,7,,,Size,400x500,,1,,,,,,,,,,,,,,,,,,,,,,,,,,,,,,,,,,,,,400x500,,,,,,,,,,,,,,,,,,,,,,,,153641,,,,,,,,,,,,,,,,,,,
109169,variation,69449272,,D-sign Rug 1P0344 Red - 66x100,1,0,visible,,D-sign Rug 1P0344 Red 66x100 cm,,,taxable,parent,1,9,,0,0,,100,66,0.9,0,,1061,1905,,,,,,,69449272-H,,,,,,1,,,Size,66x100,,1,,,,,,,,,,,,,,,,,,,,,,,,,,,,,,,,,,,,,66x100,,,,,,,,,,,,,,,,,,,,,,,,26810,,,,,,,,,,,,,,,,,,,
109170,variation,69454660,,D-sign Rug 1P0344 Red - 100x150,1,0,visible,,D-sign Rug 1P0344 Red 100x150 cm ,,,taxable,parent,1,4,,0,0,,150,100,0.9,0,,1514,2725,,,,,,,69449272-H,,,,,,2,,,Size,100x150,,1,,,,,,,,,,,,,,,,,,,,,,,,,,,,,,,,,,,,,100x150,,,,,,,,,,,,,,,,,,,,,,,,28354,,,,,,,,,,,,,,,,,,,
109171,variation,69454653,,D-sign Rug 1P0344 Red - 135x200,1,0,visible,,D-sign Rug 1P0344 Red 135x200 cm,,,taxable,parent,1,3,,0,0,,200,135,0.9,0,,2619,4705,,,,,,,69449272-H,,,,,,3,,,Size,135x200,,1,,,,,,,,,,,,,,,,,,,,,,,,,,,,,,,,,,,,,135x200,,,,,,,,,,,,,,,,,,,,,,,,25347,,,,,,,,,,,,,,,,,,,
109172,variable,69449283-H,,D-sign Rug 1P0348 Yellow,1,0,visible,D-sign Rug 1P0348 Yellow,D-sign Rug 1P0348 Yellow,,,taxable,,1,,,0,0,,,,,1,,,,"Rooms > Bedroom, Rooms > Living room, Rugs, Rugs > Traditional",,,"https://rugshop.eu/wp-content/uploads/2022/09/wool-carpet-omega-lava-honey.jpg, https://rugshop.eu/wp-content/uploads/2022/09/wool-carpet-omega-lava-honey-1.jpg, https://rugshop.eu/wp-content/uploads/2022/09/wool-carpet-omega-lava-honey-2.jpg, https://rugshop.eu/wp-content/uploads/2022/09/wool-carpet-omega-lava-honey-3.jpg, https://rugshop.eu/wp-content/uploads/2022/09/wool-carpet-omega-lava-honey-4.jpg",,,,,,,,,2614,,,Size,"135x200, 170x235, 200x300, 235x350, 300x400",1,1,Brand,D-sign,1,1,Color,Yellow-Brown,1,1,Type of color,Multicolor,1,1,Shape,Rectangular,1,1,Material,Wool,1,1,Type of rug,Traditional,1,1,Weave,Machinemade,1,1,Age,New,1,1,,,,,,,,,,,,,,,,,,yes,yes,,,,,,,,,,,,,,,,,,,,,,,,,,,,,
109173,variable,69449285-H,,D-sign Rug 1P0349 Brown,1,0,visible,D-sign Rug 1P0349 Brown,D-sign Rug 1P0349 Brown,,,taxable,,1,,,0,0,,,,,1,,,,"Rooms > Bedroom, Rooms > Living room, Rugs > Persian, Rugs",,,"https://rugshop.eu/wp-content/uploads/2022/09/wool-carpet-polonia-kordoba-sepia-2.jpg, https://rugshop.eu/wp-content/uploads/2022/09/wool-carpet-polonia-kordoba-sepia-2-1.jpg, https://rugshop.eu/wp-content/uploads/2022/09/wool-carpet-polonia-kordoba-sepia-2-2.jpg, https://rugshop.eu/wp-content/uploads/2022/09/wool-carpet-polonia-kordoba-sepia-2-3.jpg, https://rugshop.eu/wp-content/uploads/2022/09/wool-carpet-polonia-kordoba-sepia-2-4.jpg",,,,,,,,,2615,,,Size,"100x150, 170x235, 200x300, 235x350, 300x400, 66x100",1,1,Brand,D-sign,1,1,Color,Yellow-Brown,1,1,Type of color,Multicolor,1,1,Shape,Rectangular,1,1,Material,Wool,1,1,Type of rug,Persian,1,1,Weave,Machinemade,1,1,Age,New,1,1,,,,,,,,,,,,,,,,,,yes,yes,,,,,,,,,,,,,,,,,,,,,,,,,,,,,
109174,variation,69454676,,D-sign Rug 1P0344 Red - 170x235,1,0,visible,,D-sign Rug 1P0344 Red 170x235 cm,,,taxable,parent,1,2,,0,0,,235,170,0.9,0,,3760,6765,,,,,,,69449272-H,,,,,,4,,,Size,170x235,,1,,,,,,,,,,,,,,,,,,,,,,,,,,,,,,,,,,,,,170x235,,,,,,,,,,,,,,,,,,,,,,,,32795,,,,,,,,,,,,,,,,,,,
109175,variation,69454678,,D-sign Rug 1P0344 Red - 200x300,1,0,visible,,D-sign Rug 1P0344 Red 200x300 cm,,,taxable,parent,1,1,,0,0,,300,200,0.9,0,,5489,9875,,,,,,,69449272-H,,,,,,5,,,Size,200x300,,1,,,,,,,,,,,,,,,,,,,,,,,,,,,,,,,,,,,,,200x300,,,,,,,,,,,,,,,,,,,,,,,,25346,,,,,,,,,,,,,,,,,,,
109176,variation,69454657,,D-sign Rug 1P0344 Red - 235x350,1,0,visible,,D-sign Rug 1P0344 Red 235x350 cm,,,taxable,parent,1,2,,0,0,,350,235,0.9,0,,7857,14135,,,,,,,69449272-H,,,,,,6,,,Size,235x350,,1,,,,,,,,,,,,,,,,,,,,,,,,,,,,,,,,,,,,,235x350,,,,,,,,,,,,,,,,,,,,,,,,153601,,,,,,,,,,,,,,,,,,,
109177,variation,69454677,,D-sign Rug 1P0344 Red - 300x400,1,0,visible,,D-sign Rug 1P0344 Red 300x400 cm,,,taxable,parent,1,1,,0,0,,400,300,0.9,0,,11118,20005,,,,,,,69449272-H,,,,,,7,,,Size,300x400,,1,,,,,,,,,,,,,,,,,,,,,,,,,,,,,,,,,,,,,300x400,,,,,,,,,,,,,,,,,,,,,,,,25381,,,,,,,,,,,,,,,,,,,
109179,variation,69449274,,D-sign Rug 1P0345 Blue - 170x235,1,0,visible,,D-sign Rug 1P0345 Blue 170x235 cm,,,taxable,parent,1,2,,0,0,,235,170,0.9,0,,3829,6885,,,,,,,69449274-H,,,,,,1,,,Size,170x235,,1,,,,,,,,,,,,,,,,,,,,,,,,,,,,,,,,,,,,,170x235,,,,,,,,,,,,,,,,,,,,,,,,92884,,,,,,,,,,,,,,,,,,,
109180,variation,69454675,,D-sign Rug 1P0345 Blue - 200x300,1,0,visible,,D-sign Rug 1P0345 Blue 200x300 cm,,,taxable,parent,1,2,,0,0,,300,200,0.9,0,,5901,10615,,,,,,,69449274-H,,,,,,2,,,Size,200x300,,1,,,,,,,,,,,,,,,,,,,,,,,,,,,,,,,,,,,,,200x300,,,,,,,,,,,,,,,,,,,,,,,,92885,,,,,,,,,,,,,,,,,,,
109181,variation,69449276,,D-sign Rug 1P0345 Blue - 235x350,1,0,visible,,D-sign Rug 1P0345 Blue 235x350 cm,,,taxable,parent,0,0,,0,0,,350,235,0.9,0,,7857,14135,,,,,,,69449274-H,,,,,,3,,,Size,235x350,,1,,,,,,,,,,,,,,,,,,,,,,,,,,,,,,,,,,,,,235x350,,,,,,,,,,,,,,,,,,,,,,,,92886,,,,,,,,,,,,,,,,,,,
109182,variation,69449279,,D-sign Rug 1P0345 Blue - 300x400,1,0,visible,,D-sign Rug 1P0345 Blue 300x400 cm,,,taxable,parent,1,1,,0,0,,400,300,0.9,0,,11805,21245,,,,,,,69449274-H,,,,,,4,,,Size,300x400,,1,,,,,,,,,,,,,,,,,,,,,,,,,,,,,,,,,,,,,300x400,,,,,,,,,,,,,,,,,,,,,,,,153831,,,,,,,,,,,,,,,,,,,
109185,variation,69449277,,D-sign Rug 1P0346 Red - 66x100,1,0,visible,,D-sign Rug 1P0346 Red 66x100 cm,,,taxable,parent,1,6,,0,0,,100,66,0.9,0,,992,1785,,,,,,,69449277-H,,,,,,1,,,Size,66x100,,1,,,,,,,,,,,,,,,,,,,,,,,,,,,,,,,,,,,,,66x100,,,,,,,,,,,,,,,,,,,,,,,,153614,,,,,,,,,,,,,,,,,,,
109186,variation,69454684,,D-sign Rug 1P0346 Red - 135x200,1,0,visible,,D-sign Rug 1P0346 Red 135x200 cm,,,taxable,parent,1,2,,0,0,,200,135,0.9,0,,2619,4705,,,,,,,69449277-H,,,,,,2,,,Size,135x200,,1,,,,,,,,,,,,,,,,,,,,,,,,,,,,,,,,,,,,,135x200,,,,,,,,,,,,,,,,,,,,,,,,81145,,,,,,,,,,,,,,,,,,,
109187,variation,69454679,,D-sign Rug 1P0346 Red - 170x235,1,0,visible,,D-sign Rug 1P0346 Red 170x235 cm,,,taxable,parent,1,3,,0,0,,235,170,0.9,0,,3760,6765,,,,,,,69449277-H,,,,,,3,,,Size,170x235,,1,,,,,,,,,,,,,,,,,,,,,,,,,,,,,,,,,,,,,170x235,,,,,,,,,,,,,,,,,,,,,,,,26961,,,,,,,,,,,,,,,,,,,
109188,variation,69454682,,D-sign Rug 1P0346 Red - 200x300,1,0,visible,,D-sign Rug 1P0346 Red 200x300 cm,,,taxable,parent,1,7,,0,0,,300,200,0.9,0,,5557,9995,,,,,,,69449277-H,,,,,,4,,,Size,200x300,,1,,,,,,,,,,,,,,,,,,,,,,,,,,,,,,,,,,,,,200x300,,,,,,,,,,,,,,,,,,,,,,,,26962,,,,,,,,,,,,,,,,,,,
109189,variation,69454683,,D-sign Rug 1P0346 Red - 235x350,1,0,visible,,D-sign Rug 1P0346 Red 235x350 cm,,,taxable,parent,1,1,,0,0,,350,235,0.9,0,,7514,13515,,,,,,,69449277-H,,,,,,5,,,Size,235x350,,1,,,,,,,,,,,,,,,,,,,,,,,,,,,,,,,,,,,,,235x350,,,,,,,,,,,,,,,,,,,,,,,,47687,,,,,,,,,,,,,,,,,,,
109190,variation,69454681,,D-sign Rug 1P0346 Red - 300x400,1,0,visible,,D-sign Rug 1P0346 Red 300x400 cm,,,taxable,parent,1,1,,0,0,,400,300,0.9,0,,11118,20005,,,,,,,69449277-H,,,,,,6,,,Size,300x400,,1,,,,,,,,,,,,,,,,,,,,,,,,,,,,,,,,,,,,,300x400,,,,,,,,,,,,,,,,,,,,,,,,153613,,,,,,,,,,,,,,,,,,,
109192,variable,69449292-H,,D-sign Rug 1P0352 Red,1,0,visible,D-sign Rug 1P0352 Red,D-sign Rug 1P0352 Red,,,taxable,,1,,,0,0,,,,,1,,,,"Rooms > Living room, Rugs > Persian, Rugs",,,"https://rugshop.eu/wp-content/uploads/2022/09/wool-carpet-polonia-serapi-bright-ruby.jpg, https://rugshop.eu/wp-content/uploads/2022/09/wool-carpet-polonia-serapi-bright-ruby-1.jpg, https://rugshop.eu/wp-content/uploads/2022/09/wool-carpet-polonia-serapi-bright-ruby-2.jpg, https://rugshop.eu/wp-content/uploads/2022/09/wool-carpet-polonia-serapi-bright-ruby-3.jpg, https://rugshop.eu/wp-content/uploads/2022/09/wool-carpet-polonia-serapi-bright-ruby-4.jpg",,,,,,,,,2617,,,Size,"170x235, 200x300, 235x350, 300x400",1,1,Brand,D-sign,1,1,Color,"Red, White-Beige",1,1,Type of color,Multicolor,1,1,Shape,Rectangular,1,1,Material,Wool,1,1,Type of rug,Persian,1,1,Weave,Machinemade,1,1,Age,New,1,1,,,,,,,,,,,,,,,,,,yes,yes,,,,,,,,,,,,,,,,,,,,,,,,,,,,,
109193,variable,69449297-H,,D-sign Rug 1P0353 Red,1,0,visible,D-sign Rug 1P0353 Red,D-sign Rug 1P0353 Red,,,taxable,,1,,,0,0,,,,,1,,,,"Rooms > Bedroom, Rooms > Living room, Rugs > Modern, Rugs",,,"https://rugshop.eu/wp-content/uploads/2022/09/wool-carpet-omega-baku-red.jpg, https://rugshop.eu/wp-content/uploads/2022/09/wool-carpet-omega-baku-red-1.jpg, https://rugshop.eu/wp-content/uploads/2022/09/wool-carpet-omega-baku-red-2.jpg, https://rugshop.eu/wp-content/uploads/2022/09/wool-carpet-omega-baku-red-3.jpg, https://rugshop.eu/wp-content/uploads/2022/09/wool-carpet-omega-baku-red-4.jpg",,,,,,,,,2618,,,Size,"135x200, 170x235, 200x300, 235x350, 300x400, 66x100",1,1,Brand,D-sign,1,1,Color,Red,1,1,Type of color,Multicolor,1,1,Shape,Rectangular,1,1,Material,Wool,1,1,Type of rug,Modern,1,1,Weave,Machinemade,1,1,Age,New,1,1,,,,,,,,,,,,,,,,,,yes,yes,,,,,,,,,,,,,,,,,,,,,,,,,,,,,
109194,variation,69449278,,D-sign Rug 1P0347 Yellow - 66x100,1,0,visible,,D-sign Rug 1P0347 Yellow 66x100 cm,,,taxable,parent,1,5,,0,0,,100,66,0.9,0,,992,1785,,,,,,,69449278-H,,,,,,1,,,Size,66x100,,1,,,,,,,,,,,,,,,,,,,,,,,,,,,,,,,,,,,,,66x100,,,,,,,,,,,,,,,,,,,,,,,,77134,,,,,,,,,,,,,,,,,,,
109195,variation,69454680,,D-sign Rug 1P0347 Yellow - 135x200,1,0,visible,,D-sign Rug 1P0347 Yellow 135x200 cm,,,taxable,parent,1,1,,0,0,,200,135,0.9,0,,2619,4705,,,,,,,69449278-H,,,,,,2,,,Size,135x200,,1,,,,,,,,,,,,,,,,,,,,,,,,,,,,,,,,,,,,,135x200,,,,,,,,,,,,,,,,,,,,,,,,26963,,,,,,,,,,,,,,,,,,,
109196,variation,69449280,,D-sign Rug 1P0347 Yellow - 170x235,1,0,visible,,D-sign Rug 1P0347 Yellow 170x235 cm,,,taxable,parent,1,1,,0,0,,235,170,0.9,0,,3760,6765,,,,,,,69449278-H,,,,,,3,,,Size,170x235,,1,,,,,,,,,,,,,,,,,,,,,,,,,,,,,,,,,,,,,170x235,,,,,,,,,,,,,,,,,,,,,,,,30804,,,,,,,,,,,,,,,,,,,
109197,variation,69449281,,D-sign Rug 1P0347 Yellow - 200x300,1,0,visible,,D-sign Rug 1P0347 Yellow 200x300 cm,,,taxable,parent,0,0,,0,0,,300,200,0.9,0,,5557,9995,,,,,,,69449278-H,,,,,,4,,,Size,200x300,,1,,,,,,,,,,,,,,,,,,,,,,,,,,,,,,,,,,,,,200x300,,,,,,,,,,,,,,,,,,,,,,,,26964,,,,,,,,,,,,,,,,,,,
109198,variation,69449284,,D-sign Rug 1P0347 Yellow - 235x350,1,0,visible,,D-sign Rug 1P0347 Yellow 235x350 cm,,,taxable,parent,1,2,,0,0,,350,235,0.9,0,,7514,13515,,,,,,,69449278-H,,,,,,5,,,Size,235x350,,1,,,,,,,,,,,,,,,,,,,,,,,,,,,,,,,,,,,,,235x350,,,,,,,,,,,,,,,,,,,,,,,,46500,,,,,,,,,,,,,,,,,,,
109199,variation,69449282,,D-sign Rug 1P0347 Yellow - 300x400,1,0,visible,,D-sign Rug 1P0347 Yellow 300x400 cm,,,taxable,parent,1,1,,0,0,,400,300,0.9,0,,11805,21245,,,,,,,69449278-H,,,,,,6,,,Size,300x400,,1,,,,,,,,,,,,,,,,,,,,,,,,,,,,,,,,,,,,,300x400,,,,,,,,,,,,,,,,,,,,,,,,82806,,,,,,,,,,,,,,,,,,,
109201,variable,69449296-H,,D-sign Rug 1P0354 Red,1,0,visible,D-sign Rug 1P0354 Red,D-sign Rug 1P0354 Red,,,taxable,,1,,,0,0,,,,,1,,,,"Rooms > Bedroom, Rooms > Living room, Rugs > Persian, Rugs",,,"https://rugshop.eu/wp-content/uploads/2022/09/wool-carpet-omega-mistik-red.jpg, https://rugshop.eu/wp-content/uploads/2022/09/wool-carpet-omega-mistik-red-1.jpg, https://rugshop.eu/wp-content/uploads/2022/09/wool-carpet-omega-mistik-red-2.jpg, https://rugshop.eu/wp-content/uploads/2022/09/wool-carpet-omega-mistik-red-3.jpg, https://rugshop.eu/wp-content/uploads/2022/09/wool-carpet-omega-mistik-red-4.jpg",,,,,,,,,2619,,,Size,"135x200, 170x235, 200x300, 235x350, 300x400, 66x100",1,1,Brand,D-sign,1,1,Color,Red,1,1,Type of color,Multicolor,1,1,Shape,Rectangular,1,1,Material,Wool,1,1,Type of rug,Persian,1,1,Weave,Machinemade,1,1,Age,New,1,1,,,,,,,,,,,,,,,,,,yes,yes,,,,,,,,,,,,,,,,,,,,,,,,,,,,,
109202,variation,69449283,,D-sign Rug 1P0348 Yellow - 135x200,1,0,visible,,D-sign Rug 1P0348 Yellow 135x200 cm,,,taxable,parent,1,8,,0,0,,200,135,0.9,0,,2619,4705,,,,,,,69449283-H,,,,,,1,,,Size,135x200,,1,,,,,,,,,,,,,,,,,,,,,,,,,,,,,,,,,,,,,135x200,,,,,,,,,,,,,,,,,,,,,,,,28408,,,,,,,,,,,,,,,,,,,
109203,variation,69454700,,D-sign Rug 1P0348 Yellow - 170x235,1,0,visible,,D-sign Rug 1P0348 Yellow 170x235 cm,,,taxable,parent,1,1,,0,0,,235,170,0.9,0,,3760,6765,,,,,,,69449283-H,,,,,,2,,,Size,170x235,,1,,,,,,,,,,,,,,,,,,,,,,,,,,,,,,,,,,,,,170x235,,,,,,,,,,,,,,,,,,,,,,,,29520,,,,,,,,,,,,,,,,,,,
109204,variation,69454698,,D-sign Rug 1P0348 Yellow - 200x300,1,0,visible,,D-sign Rug 1P0348 Yellow 200x300 cm,,,taxable,parent,0,0,,0,0,,300,200,0.9,0,,5489,9875,,,,,,,69449283-H,,,,,,3,,,Size,200x300,,1,,,,,,,,,,,,,,,,,,,,,,,,,,,,,,,,,,,,,200x300,,,,,,,,,,,,,,,,,,,,,,,,29521,,,,,,,,,,,,,,,,,,,
109205,variation,69454705,,D-sign Rug 1P0348 Yellow - 235x350,1,0,visible,,D-sign Rug 1P0348 Yellow 235x350 cm,,,taxable,parent,1,3,,0,0,,350,235,0.9,0,,7514,13515,,,,,,,69449283-H,,,,,,4,,,Size,235x350,,1,,,,,,,,,,,,,,,,,,,,,,,,,,,,,,,,,,,,,235x350,,,,,,,,,,,,,,,,,,,,,,,,72895,,,,,,,,,,,,,,,,,,,
109206,variation,69454697,,D-sign Rug 1P0348 Yellow - 300x400,1,0,visible,,D-sign Rug 1P0348 Yellow 300x400 cm,,,taxable,parent,1,1,,0,0,,400,300,0.9,0,,11805,21245,,,,,,,69449283-H,,,,,,5,,,Size,300x400,,1,,,,,,,,,,,,,,,,,,,,,,,,,,,,,,,,,,,,,300x400,,,,,,,,,,,,,,,,,,,,,,,,81411,,,,,,,,,,,,,,,,,,,
109208,variation,69449285,,D-sign Rug 1P0349 Brown - 66x100,1,0,visible,,D-sign Rug 1P0349 Brown 66x100 cm,,,taxable,parent,1,2,,0,0,,100,66,1,0,,960,1725,,,,,,,69449285-H,,,,,,1,,,Size,66x100,,1,,,,,,,,,,,,,,,,,,,,,,,,,,,,,,,,,,,,,66x100,,,,,,,,,,,,,,,,,,,,,,,,153638,,,,,,,,,,,,,,,,,,,
109209,variation,69449289,,D-sign Rug 1P0349 Brown - 100x150,1,0,visible,,D-sign Rug 1P0349 Brown 100x150 cm ,,,taxable,parent,1,2,,0,0,,150,100,1,0,,1804,3245,,,,,,,69449285-H,,,,,,2,,,Size,100x150,,1,,,,,,,,,,,,,,,,,,,,,,,,,,,,,,,,,,,,,100x150,,,,,,,,,,,,,,,,,,,,,,,,131032,,,,,,,,,,,,,,,,,,,
109210,variation,69449286,,D-sign Rug 1P0349 Brown - 170x235,1,0,visible,,D-sign Rug 1P0349 Brown 170x235 cm,,,taxable,parent,1,1,,0,0,,235,170,1,0,,4449,8005,,,,,,,69449285-H,,,,,,3,,,Size,170x235,,1,,,,,,,,,,,,,,,,,,,,,,,,,,,,,,,,,,,,,170x235,,,,,,,,,,,,,,,,,,,,,,,,46498,,,,,,,,,,,,,,,,,,,
109211,variation,69449288,,D-sign Rug 1P0349 Brown - 200x300,1,0,visible,,D-sign Rug 1P0349 Brown 200x300 cm,,,taxable,parent,1,2,,0,0,,300,200,1,0,,6503,11705,,,,,,,69449285-H,,,,,,4,,,Size,200x300,,1,,,,,,,,,,,,,,,,,,,,,,,,,,,,,,,,,,,,,200x300,,,,,,,,,,,,,,,,,,,,,,,,33323,,,,,,,,,,,,,,,,,,,
109212,variation,69449290,,D-sign Rug 1P0349 Brown - 235x350,1,0,visible,,D-sign Rug 1P0349 Brown 235x350 cm,,,taxable,parent,0,0,,0,0,,350,235,1,0,,9129,16425,,,,,,,69449285-H,,,,,,5,,,Size,235x350,,1,,,,,,,,,,,,,,,,,,,,,,,,,,,,,,,,,,,,,235x350,,,,,,,,,,,,,,,,,,,,,,,,54318,,,,,,,,,,,,,,,,,,,
109213,variation,69449291,,D-sign Rug 1P0349 Brown - 300x400,1,0,visible,,D-sign Rug 1P0349 Brown 300x400 cm,,,taxable,parent,1,1,,0,0,,400,300,1,0,,13696,24645,,,,,,,69449285-H,,,,,,6,,,Size,300x400,,1,,,,,,,,,,,,,,,,,,,,,,,,,,,,,,,,,,,,,300x400,,,,,,,,,,,,,,,,,,,,,,,,153637,,,,,,,,,,,,,,,,,,,
109215,variable,69449303-H,,D-sign Rug 1P0355 Red,1,0,visible,D-sign Rug 1P0355 Red,D-sign Rug 1P0355 Red,,,taxable,,1,,,0,0,,,,,1,,,,"Rooms > Bedroom, Rooms > Living room, Rugs > Persian, Rugs",,,"https://rugshop.eu/wp-content/uploads/2022/09/wool-carpet-polonia-samarkand-ruby.jpg, https://rugshop.eu/wp-content/uploads/2022/09/wool-carpet-polonia-samarkand-ruby-1.jpg, https://rugshop.eu/wp-content/uploads/2022/09/wool-carpet-polonia-samarkand-ruby-2.jpg, https://rugshop.eu/wp-content/uploads/2022/09/wool-carpet-polonia-samarkand-ruby-3.jpg, https://rugshop.eu/wp-content/uploads/2022/09/wool-carpet-polonia-samarkand-ruby-4.jpg",,,,,,,,,2620,,,Size,"100x150, 135x200, 170x235, 200x300, 235x350, 300x400",1,1,Brand,D-sign,1,1,Color,Red,1,1,Type of color,Multicolor,1,1,Shape,Rectangular,1,1,Material,Wool,1,1,Type of rug,Persian,1,1,Weave,Machinemade,1,1,Country,Poland,1,1,Age,New,1,1,,,,,,,,,,,,,,yes,yes,,,,,,,,,,,,,,,,,,,,,,,,,,,,,
109222,variation,69449292,,D-sign Rug 1P0352 Red - 170x235,1,0,visible,,D-sign Rug 1P0352 Red 170x235 cm,,,taxable,parent,1,3,,0,0,,235,170,1,0,,4449,8005,,,,,,,69449292-H,,,,,,1,,,Size,170x235,,1,,,,,,,,,,,,,,,,,,,,,,,,,,,,,,,,,,,,,170x235,,,,,,,,,,,,,,,,,,,,,,,,47430,,,,,,,,,,,,,,,,,,,
109223,variation,69449295,,D-sign Rug 1P0352 Red - 200x300,1,0,visible,,D-sign Rug 1P0352 Red 200x300 cm,,,taxable,parent,1,5,,0,0,,300,200,1,0,,6434,11575,,,,,,,69449292-H,,,,,,2,,,Size,200x300,,1,,,,,,,,,,,,,,,,,,,,,,,,,,,,,,,,,,,,,200x300,,,,,,,,,,,,,,,,,,,,,,,,47429,,,,,,,,,,,,,,,,,,,
109224,variation,69449293,,D-sign Rug 1P0352 Red - 235x350,1,0,visible,,D-sign Rug 1P0352 Red 235x350 cm,,,taxable,parent,1,2,,0,0,,350,235,1,0,,9129,16425,,,,,,,69449292-H,,,,,,3,,,Size,235x350,,1,,,,,,,,,,,,,,,,,,,,,,,,,,,,,,,,,,,,,235x350,,,,,,,,,,,,,,,,,,,,,,,,152937,,,,,,,,,,,,,,,,,,,
109225,variation,69449294,,D-sign Rug 1P0352 Red - 300x400,1,0,visible,,D-sign Rug 1P0352 Red 300x400 cm,,,taxable,parent,1,3,,0,0,,400,300,1,0,,13696,24645,,,,,,,69449292-H,,,,,,4,,,Size,300x400,,1,,,,,,,,,,,,,,,,,,,,,,,,,,,,,,,,,,,,,300x400,,,,,,,,,,,,,,,,,,,,,,,,153639,,,,,,,,,,,,,,,,,,,
109227,variation,69449297,,D-sign Rug 1P0353 Red - 66x100,1,0,visible,,D-sign Rug 1P0353 Red 66x100 cm,,,taxable,parent,1,12,,0,0,,100,66,0.9,0,,992,1785,,,,,,,69449297-H,,,,,,1,,,Size,66x100,,1,,,,,,,,,,,,,,,,,,,,,,,,,,,,,,,,,,,,,66x100,,,,,,,,,,,,,,,,,,,,,,,,103444,,,,,,,,,,,,,,,,,,,
109228,variation,69454696,,D-sign Rug 1P0353 Red - 135x200,1,0,visible,,D-sign Rug 1P0353 Red 135x200 cm,,,taxable,parent,1,2,,0,0,,200,135,0.9,0,,2619,4705,,,,,,,69449297-H,,,,,,2,,,Size,135x200,,1,,,,,,,,,,,,,,,,,,,,,,,,,,,,,,,,,,,,,135x200,,,,,,,,,,,,,,,,,,,,,,,,54286,,,,,,,,,,,,,,,,,,,
109229,variation,69454731,,D-sign Rug 1P0353 Red - 170x235,1,0,visible,,D-sign Rug 1P0353 Red 170x235 cm,,,taxable,parent,1,4,,0,0,,235,170,0.9,0,,3760,6765,,,,,,,69449297-H,,,,,,3,,,Size,170x235,,1,,,,,,,,,,,,,,,,,,,,,,,,,,,,,,,,,,,,,170x235,,,,,,,,,,,,,,,,,,,,,,,,54284,,,,,,,,,,,,,,,,,,,
109230,variation,69454704,,D-sign Rug 1P0353 Red - 200x300,1,0,visible,,D-sign Rug 1P0353 Red 200x300 cm,,,taxable,parent,1,6,,0,0,,300,200,0.9,0,,5557,9995,,,,,,,69449297-H,,,,,,4,,,Size,200x300,,1,,,,,,,,,,,,,,,,,,,,,,,,,,,,,,,,,,,,,200x300,,,,,,,,,,,,,,,,,,,,,,,,54283,,,,,,,,,,,,,,,,,,,
109231,variation,69454701,,D-sign Rug 1P0353 Red - 235x350,1,0,visible,,D-sign Rug 1P0353 Red 235x350 cm,,,taxable,parent,1,2,,0,0,,350,235,0.9,0,,7514,13515,,,,,,,69449297-H,,,,,,5,,,Size,235x350,,1,,,,,,,,,,,,,,,,,,,,,,,,,,,,,,,,,,,,,235x350,,,,,,,,,,,,,,,,,,,,,,,,111375,,,,,,,,,,,,,,,,,,,
109232,variation,69454735,,D-sign Rug 1P0353 Red - 300x400,1,0,visible,,D-sign Rug 1P0353 Red 300x400 cm,,,taxable,parent,0,0,,0,0,,400,300,0.9,0,,11118,20005,,,,,,,69449297-H,,,,,,6,,,Size,300x400,,1,,,,,,,,,,,,,,,,,,,,,,,,,,,,,,,,,,,,,300x400,,,,,,,,,,,,,,,,,,,,,,,,153615,,,,,,,,,,,,,,,,,,,
109234,variation,69449296,,D-sign Rug 1P0354 Red - 66x100,1,0,visible,,D-sign Rug 1P0354 Red 66x100 cm,,,taxable,parent,1,9,,0,0,,100,66,0.8,0,,992,1785,,,,,,,69449296-H,,,,,,1,,,Size,66x100,,1,,,,,,,,,,,,,,,,,,,,,,,,,,,,,,,,,,,,,66x100,,,,,,,,,,,,,,,,,,,,,,,,153888,,,,,,,,,,,,,,,,,,,
109235,variation,69449301,,D-sign Rug 1P0354 Red - 135x200,1,0,visible,,D-sign Rug 1P0354 Red 135x200 cm,,,taxable,parent,1,13,,0,0,,200,135,0.8,0,,2619,4705,,,,,,,69449296-H,,,,,,2,,,Size,135x200,,1,,,,,,,,,,,,,,,,,,,,,,,,,,,,,,,,,,,,,135x200,,,,,,,,,,,,,,,,,,,,,,,,71232,,,,,,,,,,,,,,,,,,,
109236,variation,69449302,,D-sign Rug 1P0354 Red - 170x235,1,0,visible,,D-sign Rug 1P0354 Red 170x235 cm,,,taxable,parent,1,3,,0,0,,235,170,0.8,0,,3760,6765,,,,,,,69449296-H,,,,,,3,,,Size,170x235,,1,,,,,,,,,,,,,,,,,,,,,,,,,,,,,,,,,,,,,170x235,,,,,,,,,,,,,,,,,,,,,,,,58128,,,,,,,,,,,,,,,,,,,
109237,variation,69449299,,D-sign Rug 1P0354 Red - 200x300,1,0,visible,,D-sign Rug 1P0354 Red 200x300 cm,,,taxable,parent,1,9,,0,0,,300,200,0.8,0,,5489,9875,,,,,,,69449296-H,,,,,,4,,,Size,200x300,,1,,,,,,,,,,,,,,,,,,,,,,,,,,,,,,,,,,,,,200x300,,,,,,,,,,,,,,,,,,,,,,,,58129,,,,,,,,,,,,,,,,,,,
109238,variation,69449300,,D-sign Rug 1P0354 Red - 235x350,1,0,visible,,D-sign Rug 1P0354 Red 235x350 cm,,,taxable,parent,1,1,,0,0,,350,235,0.8,0,,7857,14135,,,,,,,69449296-H,,,,,,5,,,Size,235x350,,1,,,,,,,,,,,,,,,,,,,,,,,,,,,,,,,,,,,,,235x350,,,,,,,,,,,,,,,,,,,,,,,,153620,,,,,,,,,,,,,,,,,,,
109239,variation,69449304,,D-sign Rug 1P0354 Red - 300x400,1,0,visible,,D-sign Rug 1P0354 Red 300x400 cm,,,taxable,parent,1,1,,0,0,,400,300,0.8,0,,11805,21245,,,,,,,69449296-H,,,,,,6,,,Size,300x400,,1,,,,,,,,,,,,,,,,,,,,,,,,,,,,,,,,,,,,,300x400,,,,,,,,,,,,,,,,,,,,,,,,153622,,,,,,,,,,,,,,,,,,,
109241,variation,69449303,,D-sign Rug 1P0355 Red - 100x150,1,0,visible,,D-sign Rug 1P0355 Red 100x150 cm ,,,taxable,parent,0,0,,0,0,,150,100,1,0,,1804,3245,,,,,,,69449303-H,,,,,,1,,,Size,100x150,,1,,,,,,,,,,,,,,,,,,,,,,,,,,,,,,,,,,,,,100x150,,,,,,,,,,,,,,,,,,,,,,,,153632,,,,,,,,,,,,,,,,,,,
109242,variation,69454732,,D-sign Rug 1P0355 Red - 135x200,1,0,visible,,D-sign Rug 1P0355 Red 135x200 cm,,,taxable,parent,0,0,,0,0,,200,135,1,0,,3043,5475,,,,,,,69449303-H,,,,,,2,,,Size,135x200,,1,,,,,,,,,,,,,,,,,,,,,,,,,,,,,,,,,,,,,135x200,,,,,,,,,,,,,,,,,,,,,,,,72633,,,,,,,,,,,,,,,,,,,
109243,variation,69454729,,D-sign Rug 1P0355 Red - 170x235,1,0,visible,,D-sign Rug 1P0355 Red 170x235 cm,,,taxable,parent,1,1,,0,0,,235,170,1,0,,4380,7875,,,,,,,69449303-H,,,,,,3,,,Size,170x235,,1,,,,,,,,,,,,,,,,,,,,,,,,,,,,,,,,,,,,,170x235,,,,,,,,,,,,,,,,,,,,,,,,63733,,,,,,,,,,,,,,,,,,,
109244,variation,69454734,,D-sign Rug 1P0355 Red - 200x300,1,0,visible,,D-sign Rug 1P0355 Red 200x300 cm,,,taxable,parent,1,2,,0,0,,300,200,1,0,,6434,11575,,,,,,,69449303-H,,,,,,4,,,Size,200x300,,1,,,,,,,,,,,,,,,,,,,,,,,,,,,,,,,,,,,,,200x300,,,,,,,,,,,,,,,,,,,,,,,,62828,,,,,,,,,,,,,,,,,,,
109245,variation,69454728,,D-sign Rug 1P0355 Red - 235x350,1,0,visible,,D-sign Rug 1P0355 Red 235x350 cm,,,taxable,parent,1,1,,0,0,,350,235,1,0,,9129,16425,,,,,,,69449303-H,,,,,,5,,,Size,235x350,,1,,,,,,,,,,,,,,,,,,,,,,,,,,,,,,,,,,,,,235x350,,,,,,,,,,,,,,,,,,,,,,,,153633,,,,,,,,,,,,,,,,,,,
109246,variation,69449307,,D-sign Rug 1P0355 Red - 300x400,1,0,visible,,D-sign Rug 1P0355 Red 300x400 cm,,,taxable,parent,1,1,,0,0,,400,300,1,0,,13696,24645,,,,,,,69449303-H,,,,,,6,,,Size,300x400,,1,,,,,,,,,,,,,,,,,,,,,,,,,,,,,,,,,,,,,300x400,,,,,,,,,,,,,,,,,,,,,,,,153634,,,,,,,,,,,,,,,,,,,
109278,variable,69449331-H,,D-sign Rug 1P0358 Pink,1,0,visible,D-sign Rug 1P0358 Pink,D-sign Rug 1P0358 Pink,,,taxable,,1,,,0,0,,,,,0,,,,"Rooms > Kids, Rugs > Kids, Rugs",,,"https://rugshop.eu/wp-content/uploads/2022/09/carpet-round-sweet-town.jpg, https://rugshop.eu/wp-content/uploads/2022/09/carpet-round-sweet-town.jpg, https://rugshop.eu/wp-content/uploads/2022/09/carpet-round-sweet-town-1.jpg, https://rugshop.eu/wp-content/uploads/2022/09/carpet-round-sweet-town-2.jpg",,,,,,,,,2622,,,Size,"100, 133, 150, 170, 200",1,1,Brand,D-sign,1,1,Color,Pink-Purple,1,1,Type of color,Multicolor,1,1,Shape,Round,1,1,Material,Polyamide,1,1,Type of rug,Modern,1,1,Weave,Machinemade,1,1,Country,Belgium,1,1,Age,New,1,1,,,,,default,default,default,default,,,,,,yes,yes,,,,,,,,,,,,,,,,,,,,,,,,Room,Kids,1,1,,
109279,variable,69449341-H,,D-sign Rug 1P0361 Red,1,0,visible,D-sign Rug 1P0361 Red,D-sign Rug 1P0361 Red,,,taxable,,1,,,0,0,,,,,0,,,,"Rooms > Bedroom, Rooms > Living room, Rugs > Modern, Rugs",,,"https://rugshop.eu/wp-content/uploads/2022/09/wool-carpet-omega-mia-red.jpg, https://rugshop.eu/wp-content/uploads/2022/09/wool-carpet-omega-mia-red-1.jpg, https://rugshop.eu/wp-content/uploads/2022/09/wool-carpet-omega-mia-red-2.jpg, https://rugshop.eu/wp-content/uploads/2022/09/wool-carpet-omega-mia-red-3.jpg, https://rugshop.eu/wp-content/uploads/2022/09/wool-carpet-omega-mia-red-4.jpg",,,,,,,,,2623,,,Size,"135x200, 170x235, 200x300, 235x350",1,1,Brand,D-sign,1,1,Color,Red,1,1,Type of color,Multicolor,1,1,Shape,Rectangular,1,1,Material,Wool,1,1,Type of rug,Modern,1,1,Weave,Machinemade,1,1,Age,New,1,1,,,,,,,,,default,default,default,default,,,,1,,yes,yes,,,,,,,,,,,,,,,,,,,,,,,,,,,,,
109280,variable,69449338-H,,D-sign Rug 1P0362 Beige,1,0,visible,D-sign Rug 1P0362 Beige,D-sign Rug 1P0362 Beige,,,taxable,,1,,,0,0,,,,,1,,,,"Rooms > Living room, Rugs > Persian, Rugs",,,"https://rugshop.eu/wp-content/uploads/2022/09/wool-carpet-omega-stila-cream.jpg, https://rugshop.eu/wp-content/uploads/2022/09/wool-carpet-omega-stila-cream-1.jpg, https://rugshop.eu/wp-content/uploads/2022/09/wool-carpet-omega-stila-cream-2.jpg, https://rugshop.eu/wp-content/uploads/2022/09/wool-carpet-omega-stila-cream-3.jpg, https://rugshop.eu/wp-content/uploads/2022/09/wool-carpet-omega-stila-cream-4.jpg",,,,,,,,,2624,,,Size,"170x235, 200x300, 235x350, 300x400",1,1,Brand,D-sign,1,1,Color,White-Beige,1,1,Type of color,Multicolor,1,1,Shape,Rectangular,1,1,Material,Wool,1,1,Type of rug,Persian,1,1,Weave,Machinemade,1,1,Age,New,1,1,,,,,,,,,,,,,,,,,,yes,yes,,,,,,,,,,,,,,,,,,,,,,,,,,,,,
109281,variable,69449343-H,,D-sign Rug 1P0363 Burgundy,1,0,visible,D-sign Rug 1P0363 Burgundy,D-sign Rug 1P0363 Burgundy,,,taxable,,1,,,0,0,,,,,0,,,,"Rooms > Bedroom, Rooms > Living room, Rugs, Rugs > Traditional",,,"https://rugshop.eu/wp-content/uploads/2022/09/wool-carpet-superior-kain-copper.jpg, https://rugshop.eu/wp-content/uploads/2022/09/wool-carpet-superior-kain-copper-1.jpg, https://rugshop.eu/wp-content/uploads/2022/09/wool-carpet-superior-kain-copper-2.jpg, https://rugshop.eu/wp-content/uploads/2022/09/wool-carpet-superior-kain-copper-3.jpg, https://rugshop.eu/wp-content/uploads/2022/09/wool-carpet-superior-kain-copper-4.jpg",,,,,,,,,2625,,,Size,"135x200, 160x230, 170x235, 200x300, 235x350",1,1,Brand,D-sign,1,1,Color,Red,1,1,Type of color,Multicolor,1,1,Shape,Rectangular,1,1,Material,Wool,1,1,Type of rug,Traditional,1,1,Weave,Machinemade,1,1,Country,Poland,1,1,Age,New,1,1,,,,,default,default,default,default,,,,1,,yes,yes,,,,,,,,,,,,,,,,,,,,,,,,,,,,,
109282,variable,69449344-H,,D-sign Rug 1P0364 Beige,1,0,visible,D-sign Rug 1P0364 Beige,D-sign Rug 1P0364 Beige,,,taxable,,1,,,0,0,,,,,1,,,,"Rooms > Bedroom, Rooms > Living room, Rugs > Persian, Rugs",,,"https://rugshop.eu/wp-content/uploads/2022/09/wool-carpet-superior-nuri-cognac.jpg, https://rugshop.eu/wp-content/uploads/2022/09/wool-carpet-superior-nuri-cognac-1.jpg, https://rugshop.eu/wp-content/uploads/2022/09/wool-carpet-superior-nuri-cognac-2.jpg, https://rugshop.eu/wp-content/uploads/2022/09/wool-carpet-superior-nuri-cognac-3.jpg, https://rugshop.eu/wp-content/uploads/2022/09/wool-carpet-superior-nuri-cognac-4.jpg",,,,,,,,,2626,,,Size,"135x200, 170x235, 200x300, 235x350, 300x400",1,1,Brand,D-sign,1,1,Color,White-Beige,1,1,Type of color,Multicolor,1,1,Shape,Rectangular,1,1,Material,Wool,1,1,Type of rug,Persian,1,1,Weave,Machinemade,1,1,Country,Poland,1,1,Age,New,1,1,,,,,,,,,,,,,,yes,yes,,,,,,,,,,,,,,,,,,,,,,,,,,,,,
109290,variable,69449346-H,,D-sign Rug 1P0366 Blue,1,0,visible,D-sign Rug 1P0366 Blue,D-sign Rug 1P0366 Blue,,,taxable,,1,,,0,0,,,,,1,,,,"Rooms > Bedroom, Rooms > Living room, Rugs > Persian, Rugs",,,"https://rugshop.eu/wp-content/uploads/2022/09/carpet-windsor-22935-jacquard-navy-flowers.jpg, https://rugshop.eu/wp-content/uploads/2022/09/carpet-windsor-22935-jacquard-navy-flowers-1.jpg, https://rugshop.eu/wp-content/uploads/2022/09/carpet-windsor-22935-jacquard-navy-flowers-2.jpg, https://rugshop.eu/wp-content/uploads/2022/09/carpet-windsor-22935-jacquard-navy-flowers-3.jpg, https://rugshop.eu/wp-content/uploads/2022/09/carpet-windsor-22935-jacquard-navy-flowers-4.jpg",,,,,,,,,2627,,,Size,"120x170, 160x230, 200x300, 60x100",1,1,Brand,D-sign,1,1,Color,Blue,1,1,Type of color,Multicolor,1,1,Shape,Rectangular,1,1,Material,Viscose,1,1,Type of rug,Persian,1,1,Weave,Machinemade,1,1,Age,New,1,1,,,,,,,,,,,,,,,,,,yes,yes,,,,,,,,,,,,,,,,,,,,,,,,,,,,,
109291,variation,69449331,,D-sign Rug 1P0358 Pink - 100,1,0,visible,,D-sign Rug 1P0358 Pink 100 cm,,,taxable,parent,0,0,,0,0,,100,100,0.7,0,,389,695,,,,,,,69449331-H,,,,,,1,,,Size,100,,1,,,,,,,,,,,,,,,,,,,,,,,,,,,,,,,,,,,,,100,,,,,,,,,,,,,,,,,,,,,,,,71488,,,,,,,,,,,,,,,,,,,
109292,variation,69454756,,D-sign Rug 1P0358 Pink - 133,1,0,visible,,D-sign Rug 1P0358 Pink 133 cm,,,taxable,parent,0,0,,0,0,,133,133,0.7,0,,477,855,,,,,,,69449331-H,,,,,,2,,,Size,133,,1,,,,,,,,,,,,,,,,,,,,,,,,,,,,,,,,,,,,,133,,,,,,,,,,,,,,,,,,,,,,,,71489,,,,,,,,,,,,,,,,,,,
109293,variation,69454751,,D-sign Rug 1P0358 Pink - 150,1,0,visible,,D-sign Rug 1P0358 Pink 150 cm,,,taxable,parent,0,0,,0,0,,150,150,0.7,0,,533,955,,,,,,,69449331-H,,,,,,3,,,Size,150,,1,,,,,,,,,,,,,,,,,,,,,,,,,,,,,,,,,,,,,150,,,,,,,,,,,,,,,,,,,,,,,,71490,,,,,,,,,,,,,,,,,,,
109294,variation,69449339,,D-sign Rug 1P0358 Pink - 170,1,0,visible,,D-sign Rug 1P0358 Pink 170 cm,,,taxable,parent,1,12,,0,0,,170,170,0.7,0,,598,1075,,,,,,,69449331-H,,,,,,4,,,Size,170,,1,,,,,,,,,,,,,,,,,,,,,,,,,,,,,,,,,,,,,170,,,,,,,,,,,,,,,,,,,,,,,,71491,,,,,,,,,,,,,,,,,,,
109295,variation,69449340,,D-sign Rug 1P0358 Pink - 200,1,0,visible,,D-sign Rug 1P0358 Pink 200 cm,,,taxable,parent,0,0,,0,0,,200,200,0.7,0,,728,1305,,,,,,,69449331-H,,,,,,5,,,Size,200,,1,,,,,,,,,,,,,,,,,,,,,,,,,,,,,,,,,,,,,200,,,,,,,,,,,,,,,,,,,,,,,,71492,,,,,,,,,,,,,,,,,,,
109298,variation,69449341,,D-sign Rug 1P0361 Red - 135x200,1,0,visible,,D-sign Rug 1P0361 Red 135x200 cm,,,taxable,parent,1,3,,0,0,,200,135,0.8,0,,2619,4705,,,,,,,69449341-H,,,,,,1,,,Size,135x200,,1,,,,,,,,,,,,,,,,,,,,,,,,,,,,,,,,,,,,,135x200,,,,,,,,,,,,,,,,,,,,,,,,153597,,,,,,,,,,,,,,,,,,,
109299,variation,69454757,,D-sign Rug 1P0361 Red - 170x235,1,0,visible,,D-sign Rug 1P0361 Red 170x235 cm,,,taxable,parent,1,2,,0,0,,235,170,0.8,0,,3760,6765,,,,,,,69449341-H,,,,,,2,,,Size,170x235,,1,,,,,,,,,,,,,,,,,,,,,,,,,,,,,,,,,,,,,170x235,,,,,,,,,,,,,,,,,,,,,,,,78227,,,,,,,,,,,,,,,,,,,
109300,variation,69454755,,D-sign Rug 1P0361 Red - 200x300,1,0,visible,,D-sign Rug 1P0361 Red 200x300 cm,,,taxable,parent,1,6,,0,0,,300,200,0.8,0,,5557,9995,,,,,,,69449341-H,,,,,,3,,,Size,200x300,,1,,,,,,,,,,,,,,,,,,,,,,,,,,,,,,,,,,,,,200x300,,,,,,,,,,,,,,,,,,,,,,,,152936,,,,,,,,,,,,,,,,,,,
109301,variation,69454753,,D-sign Rug 1P0361 Red - 235x350,1,0,visible,,D-sign Rug 1P0361 Red 235x350 cm,,,taxable,parent,1,2,,0,0,,350,235,0.8,0,,7514,13515,,,,,,,69449341-H,,,,,,4,,,Size,235x350,,1,,,,,,,,,,,,,,,,,,,,,,,,,,,,,,,,,,,,,235x350,,,,,,,,,,,,,,,,,,,,,,,,153610,,,,,,,,,,,,,,,,,,,
109303,variation,69449338,,D-sign Rug 1P0362 Beige - 170x235,1,0,visible,,D-sign Rug 1P0362 Beige 170x235 cm,,,taxable,parent,1,1,,0,0,,235,170,0.8,0,,3760,6765,,,,,,,69449338-H,,,,,,1,,,Size,170x235,,1,,,,,,,,,,,,,,,,,,,,,,,,,,,,,,,,,,,,,170x235,,,,,,,,,,,,,,,,,,,,,,,,152935,,,,,,,,,,,,,,,,,,,
109304,variation,69454754,,D-sign Rug 1P0362 Beige - 200x300,1,0,visible,,D-sign Rug 1P0362 Beige 200x300 cm,,,taxable,parent,1,1,,0,0,,300,200,0.8,0,,5557,9995,,,,,,,69449338-H,,,,,,2,,,Size,200x300,,1,,,,,,,,,,,,,,,,,,,,,,,,,,,,,,,,,,,,,200x300,,,,,,,,,,,,,,,,,,,,,,,,78228,,,,,,,,,,,,,,,,,,,
109305,variable,69449347-H,,D-sign Rug 1P0368 Green,1,0,visible,D-sign Rug 1P0368 Green,D-sign Rug 1P0368 Green,,,taxable,,1,,,0,0,,,,,0,,,,"Rooms > Kids, Rugs > Kids, Rugs",,,"https://rugshop.eu/wp-content/uploads/2022/09/carpet-round-candy-town-for-children-streets-town.jpg, https://rugshop.eu/wp-content/uploads/2022/09/carpet-round-candy-town-for-children-streets-town-1.jpg, https://rugshop.eu/wp-content/uploads/2022/09/carpet-round-candy-town-for-children-streets-town-2.jpg, https://rugshop.eu/wp-content/uploads/2022/09/carpet-round-candy-town-for-children-streets-town-3.jpg, https://rugshop.eu/wp-content/uploads/2022/09/carpet-round-candy-town-for-children-streets-town-4.jpg",,,,,,,,,2629,,,Size,"100, 133, 150, 170, 200",1,1,Brand,D-sign,1,1,Color,Green,1,1,Type of color,Multicolor,1,1,Shape,Round,1,1,Material,Polyamide,1,1,Type of rug,Modern,1,1,Weave,Machinemade,1,1,Country,Belgium,1,1,Age,New,1,1,,,,,default,default,default,default,,,,,,yes,yes,,,,,,,,,,,,,,,,,,,,,,,,Room,Kids,1,1,,
109306,variation,69454774,,D-sign Rug 1P0362 Beige - 235x350,1,0,visible,,D-sign Rug 1P0362 Beige 235x350 cm,,,taxable,parent,1,2,,0,0,,350,235,0.8,0,,7514,13515,,,,,,,69449338-H,,,,,,3,,,Size,235x350,,1,,,,,,,,,,,,,,,,,,,,,,,,,,,,,,,,,,,,,235x350,,,,,,,,,,,,,,,,,,,,,,,,153611,,,,,,,,,,,,,,,,,,,
109307,variation,69454778,,D-sign Rug 1P0362 Beige - 300x400,1,0,visible,,D-sign Rug 1P0362 Beige 300x400 cm,,,taxable,parent,0,0,,0,0,,400,300,0.8,0,,11118,20005,,,,,,,69449338-H,,,,,,4,,,Size,300x400,,1,,,,,,,,,,,,,,,,,,,,,,,,,,,,,,,,,,,,,300x400,,,,,,,,,,,,,,,,,,,,,,,,153612,,,,,,,,,,,,,,,,,,,
109309,variation,69449343,,D-sign Rug 1P0363 Burgundy - 135x200,1,0,visible,,D-sign Rug 1P0363 Burgundy 135x200 cm,,,taxable,parent,1,1,,0,0,,200,135,0.8,0,,4315,7765,,,,,,,69449343-H,,,,,,1,,,Size,135x200,,1,,,,,,,,,,,,,,,,,,,,,,,,,,,,,,,,,,,,,135x200,,,,,,,,,,,,,,,,,,,,,,,,153642,,,,,,,,,,,,,,,,,,,
109310,variation,69454775,,D-sign Rug 1P0363 Burgundy - 160x230,1,0,visible,,D-sign Rug 1P0363 Burgundy 160x230 cm,,,taxable,parent,0,0,,0,0,,230,160,0.8,0,,5749,10345,,,,,,,69449343-H,,,,,,2,,,Size,160x230,,1,,,,,,,,,,,,,,,,,,,,,,,,,,,,,,,,,,,,,160x230,,,,,,,,,,,,,,,,,,,,,,,,86107,,,,,,,,,,,,,,,,,,,
109311,variation,69454777,,D-sign Rug 1P0363 Burgundy - 170x235,1,0,visible,,D-sign Rug 1P0363 Burgundy 170x235 cm,,,taxable,parent,1,1,,0,0,,235,170,0.8,0,,6238,11225,,,,,,,69449343-H,,,,,,3,,,Size,170x235,,1,,,,,,,,,,,,,,,,,,,,,,,,,,,,,,,,,,,,,170x235,,,,,,,,,,,,,,,,,,,,,,,,152932,,,,,,,,,,,,,,,,,,,
109313,variation,69454772,,D-sign Rug 1P0363 Burgundy - 200x300,1,0,visible,,D-sign Rug 1P0363 Burgundy 200x300 cm,,,taxable,parent,1,1,,0,0,,300,200,0.8,0,,9307,16745,,,,,,,69449343-H,,,,,,4,,,Size,200x300,,1,,,,,,,,,,,,,,,,,,,,,,,,,,,,,,,,,,,,,200x300,,,,,,,,,,,,,,,,,,,,,,,,152933,,,,,,,,,,,,,,,,,,,
109314,variation,69454779,,D-sign Rug 1P0363 Burgundy - 235x350,1,0,visible,,D-sign Rug 1P0363 Burgundy 235x350 cm,,,taxable,parent,1,2,,0,0,,350,235,0.8,0,,13631,24535,,,,,,,69449343-H,,,,,,5,,,Size,235x350,,1,,,,,,,,,,,,,,,,,,,,,,,,,,,,,,,,,,,,,235x350,,,,,,,,,,,,,,,,,,,,,,,,152934,,,,,,,,,,,,,,,,,,,
109316,variation,69449344,,D-sign Rug 1P0364 Beige - 135x200,1,0,visible,,D-sign Rug 1P0364 Beige 135x200 cm,,,taxable,parent,1,3,,0,0,,200,135,0.8,0,,4315,7765,,,,,,,69449344-H,,,,,,1,,,Size,135x200,,1,,,,,,,,,,,,,,,,,,,,,,,,,,,,,,,,,,,,,135x200,,,,,,,,,,,,,,,,,,,,,,,,153643,,,,,,,,,,,,,,,,,,,
109317,variation,69454773,,D-sign Rug 1P0364 Beige - 170x235,1,0,visible,,D-sign Rug 1P0364 Beige 170x235 cm,,,taxable,parent,1,7,,0,0,,235,170,0.8,0,,6238,11225,,,,,,,69449344-H,,,,,,2,,,Size,170x235,,1,,,,,,,,,,,,,,,,,,,,,,,,,,,,,,,,,,,,,170x235,,,,,,,,,,,,,,,,,,,,,,,,79706,,,,,,,,,,,,,,,,,,,
109318,variation,69454780,,D-sign Rug 1P0364 Beige - 200x300,1,0,visible,,D-sign Rug 1P0364 Beige 200x300 cm,,,taxable,parent,1,4,,0,0,,300,200,0.8,0,,9307,16745,,,,,,,69449344-H,,,,,,3,,,Size,200x300,,1,,,,,,,,,,,,,,,,,,,,,,,,,,,,,,,,,,,,,200x300,,,,,,,,,,,,,,,,,,,,,,,,83282,,,,,,,,,,,,,,,,,,,
109319,variation,69454776,,D-sign Rug 1P0364 Beige - 235x350,1,0,visible,,D-sign Rug 1P0364 Beige 235x350 cm,,,taxable,parent,1,2,,0,0,,350,235,0.8,0,,13631,24535,,,,,,,69449344-H,,,,,,4,,,Size,235x350,,1,,,,,,,,,,,,,,,,,,,,,,,,,,,,,,,,,,,,,235x350,,,,,,,,,,,,,,,,,,,,,,,,86108,,,,,,,,,,,,,,,,,,,
109320,variation,69454771,,D-sign Rug 1P0364 Beige - 300x400,1,0,visible,,D-sign Rug 1P0364 Beige 300x400 cm,,,taxable,parent,1,1,,0,0,,400,300,0.8,0,,19272,34685,,,,,,,69449344-H,,,,,,5,,,Size,300x400,,1,,,,,,,,,,,,,,,,,,,,,,,,,,,,,,,,,,,,,300x400,,,,,,,,,,,,,,,,,,,,,,,,88593,,,,,,,,,,,,,,,,,,,
109322,variation,69449346,,D-sign Rug 1P0366 Blue - 60x100,1,0,visible,,D-sign Rug 1P0366 Blue 60x100 cm,,,taxable,parent,0,0,,0,0,,100,60,0.9,0,,601,1075,,,,,,,69449346-H,,,,,,1,,,Size,60x100,,1,,,,,,,,,,,,,,,,,,,,,,,,,,,,,,,,,,,,,60x100,,,,,,,,,,,,,,,,,,,,,,,,86877,,,,,,,,,,,,,,,,,,,
109323,variation,69454793,,D-sign Rug 1P0366 Blue - 120x170,1,0,visible,,D-sign Rug 1P0366 Blue 120x170 cm,,,taxable,parent,1,1,,0,0,,170,120,0.9,0,,1400,2515,,,,,,,69449346-H,,,,,,2,,,Size,120x170,,1,,,,,,,,,,,,,,,,,,,,,,,,,,,,,,,,,,,,,120x170,,,,,,,,,,,,,,,,,,,,,,,,86878,,,,,,,,,,,,,,,,,,,
109324,variation,69454794,,D-sign Rug 1P0366 Blue - 160x230,1,0,visible,,D-sign Rug 1P0366 Blue 160x230 cm,,,taxable,parent,0,0,,0,0,,230,160,0.9,0,,2313,4155,,,,,,,69449346-H,,,,,,3,,,Size,160x230,,1,,,,,,,,,,,,,,,,,,,,,,,,,,,,,,,,,,,,,160x230,,,,,,,,,,,,,,,,,,,,,,,,86879,,,,,,,,,,,,,,,,,,,
109325,variation,69454795,,D-sign Rug 1P0366 Blue - 200x300,1,0,visible,,D-sign Rug 1P0366 Blue 200x300 cm,,,taxable,parent,0,0,,0,0,,300,200,0.9,0,,3601,6475,,,,,,,69449346-H,,,,,,4,,,Size,200x300,,1,,,,,,,,,,,,,,,,,,,,,,,,,,,,,,,,,,,,,200x300,,,,,,,,,,,,,,,,,,,,,,,,86880,,,,,,,,,,,,,,,,,,,
109334,variation,69449347,,D-sign Rug 1P0368 Green - 100,1,0,visible,,D-sign Rug 1P0368 Green 100 cm,,,taxable,parent,0,0,,0,0,,100,100,0.7,0,,495,695,,,,,,,69449347-H,,,,,,1,,,Size,100,,1,,,,,,,,,,,,,,,,,,,,,,,,,,,,,,,,,,,,,100,,,,,,,,,,,,,,,,,,,,,,,,92567,,,,,,,,,,,,,,,,,,,
109335,variation,69454815,,D-sign Rug 1P0368 Green - 133,1,0,visible,,D-sign Rug 1P0368 Green 133 cm,,,taxable,parent,0,0,,0,0,,133,133,0.7,0,,,855,,,,,,,69449347-H,,,,,,2,,,Size,133,,1,,,,,,,,,,,,,,,,,,,,,,,,,,,,,,,,,,,,,133,,,,,,,,,,,,,,,,,,,,,,,,92568,,,,,,,,,,,,,,,,,,,
109336,variation,69454818,,D-sign Rug 1P0368 Green - 150,1,0,visible,,D-sign Rug 1P0368 Green 150 cm,,,taxable,parent,0,0,,0,0,,150,150,0.7,0,,,955,,,,,,,69449347-H,,,,,,3,,,Size,150,,1,,,,,,,,,,,,,,,,,,,,,,,,,,,,,,,,,,,,,150,,,,,,,,,,,,,,,,,,,,,,,,92566,,,,,,,,,,,,,,,,,,,
109337,variation,69454800,,D-sign Rug 1P0368 Green - 170,1,0,visible,,D-sign Rug 1P0368 Green 170 cm,,,taxable,parent,1,3,,0,0,,170,170,0.7,0,,,1075,,,,,,,69449347-H,,,,,,4,,,Size,170,,1,,,,,,,,,,,,,,,,,,,,,,,,,,,,,,,,,,,,,170,,,,,,,,,,,,,,,,,,,,,,,,92569,,,,,,,,,,,,,,,,,,,
109338,variation,69454798,,D-sign Rug 1P0368 Green - 200,1,0,visible,,D-sign Rug 1P0368 Green 200 cm,,,taxable,parent,0,0,,0,0,,200,200,0.7,0,,,1305,,,,,,,69449347-H,,,,,,5,,,Size,200,,1,,,,,,,,,,,,,,,,,,,,,,,,,,,,,,,,,,,,,200,,,,,,,,,,,,,,,,,,,,,,,,92570,,,,,,,,,,,,,,,,,,,
109358,variable,69449379-H,,D-sign Rug 1P0370 Brown,1,0,visible,D-sign Rug 1P0370 Brown,D-sign Rug 1P0370 Brown,,,taxable,,1,,,0,0,,,,,1,,,,"Rooms > Bedroom, Rooms > Living room, Rugs, Rugs > Traditional",,,"https://rugshop.eu/wp-content/uploads/2022/09/wool-carpet-polonia-tari-snuff.jpg, https://rugshop.eu/wp-content/uploads/2022/09/wool-carpet-polonia-tari-snuff-1.jpg, https://rugshop.eu/wp-content/uploads/2022/09/wool-carpet-polonia-tari-snuff-2.jpg, https://rugshop.eu/wp-content/uploads/2022/09/wool-carpet-polonia-tari-snuff-3.jpg, https://rugshop.eu/wp-content/uploads/2022/09/wool-carpet-polonia-tari-snuff-4.jpg",,,,,,,,,2631,,,Size,"135x200, 170x235, 200x300, 235x350",1,1,Brand,D-sign,1,1,Color,Yellow-Brown,1,1,Type of color,Multicolor,1,1,Shape,Rectangular,1,1,Material,Wool,1,1,Type of rug,Traditional,1,1,Weave,Machinemade,1,1,Age,New,1,1,,,,,,,,,,,,,,,,,,yes,yes,,,,,,,,,,,,,,,,,,,,,,,,,,,,,
109360,variable,69449382-H,,D-sign Rug 1P0373 Beige,1,0,visible,D-sign Rug 1P0373 Beige,D-sign Rug 1P0373 Beige,,,taxable,,1,,,0,0,,,,,1,,,,"Rooms > Kitchen, Rugs, Rugs > Sisal",,,"https://rugshop.eu/wp-content/uploads/2022/09/carpet-sisal-sion-palm-leaves-tropical-2837-flat-woven-ecru-pink.jpg, https://rugshop.eu/wp-content/uploads/2022/09/carpet-sisal-sion-palm-leaves-tropical-2837-flat-woven-ecru-pink-1.jpg, https://rugshop.eu/wp-content/uploads/2022/09/carpet-sisal-sion-palm-leaves-tropical-2837-flat-woven-ecru-pink-2.jpg, https://rugshop.eu/wp-content/uploads/2022/09/carpet-sisal-sion-palm-leaves-tropical-2837-flat-woven-ecru-pink-3.jpg, https://rugshop.eu/wp-content/uploads/2022/09/carpet-sisal-sion-palm-leaves-tropical-2837-flat-woven-ecru-pink-4.jpg",,,,,,,,,2633,,,Size,"120x170, 140x190, 160x220, 180x270, 200x290, 80x150",1,1,Brand,D-sign,1,1,Color,White-Beige,1,1,Type of color,Multicolor,1,1,Shape,Rectangular,1,1,Material,Polypropylene,1,1,Type of rug,Sisal,1,1,Weave,Machinemade,1,1,Age,New,1,1,,,,,,,,,,,,,,,,,,yes,yes,,,,,,,,,,,,,,,,,,,,,,,,,,,,,
109379,variable,69449383-H,,D-sign Rug 1P0377 Pink,1,0,visible,D-sign Rug 1P0377 Pink,D-sign Rug 1P0377 Pink,,,taxable,,1,,,0,0,,,,,1,,,,"Rooms > Bedroom, Rooms > Kitchen, Rooms > Living room, Rugs > Modern, Rugs",,,"https://rugshop.eu/wp-content/uploads/2022/09/modern-washing-carpet-ildo-71181020-blush-pink.jpg, https://rugshop.eu/wp-content/uploads/2022/09/modern-washing-carpet-ildo-71181020-blush-pink-1.jpg, https://rugshop.eu/wp-content/uploads/2022/09/modern-washing-carpet-ildo-71181020-blush-pink-2.jpg, https://rugshop.eu/wp-content/uploads/2022/09/modern-washing-carpet-ildo-71181020-blush-pink-3.jpg, https://rugshop.eu/wp-content/uploads/2022/09/modern-washing-carpet-ildo-71181020-blush-pink-4.jpg",,,,,,,,,2634,,,Size,"120x170, 140x190, 160x230, 200x290, 240x340, 60x115, 80x150",1,1,Brand,D-sign,1,1,Color,Pink-Purple,1,1,Type of color,Singlecolor,1,1,Shape,Rectangular,1,1,Material,Polypropylene,1,1,Type of rug,Modern,1,1,Weave,Machinemade,1,1,Age,New,1,1,,,,,,,,,,,,,,,,,,yes,yes,,,,,,,,,,,,,,,,,,,,,,,,,,,,,
109380,variable,69449388-H,,D-sign Rug 1P0417 Blue,1,0,visible,D-sign Rug 1P0417 Blue,D-sign Rug 1P0417 Blue,,,taxable,,1,,,0,0,,,,,0,,,,"Rooms > Bedroom, Rugs, Rugs > Shaggy",Sale,,"https://rugshop.eu/wp-content/uploads/2022/09/carpet-soffi-circle-shaggy-5cm-navy.jpg, https://rugshop.eu/wp-content/uploads/2022/09/carpet-soffi-circle-shaggy-5cm-navy-1.jpg, https://rugshop.eu/wp-content/uploads/2022/09/carpet-soffi-circle-shaggy-5cm-navy-2.jpg, https://rugshop.eu/wp-content/uploads/2022/09/carpet-soffi-circle-shaggy-5cm-navy-3.jpg, https://rugshop.eu/wp-content/uploads/2022/09/carpet-soffi-circle-shaggy-5cm-navy-4.jpg",,,,,,,,,2635,,,Size,"100, 120, 160, 80",1,1,Brand,D-sign,1,1,Color,Blue,1,1,Type of color,Singlecolor,1,1,Shape,Round,1,1,Material,Polypropylene,1,1,Type of rug,Rya / Shaggy,1,1,Weave,Machinemade,1,1,Age,New,1,1,,,,,,,,,default,default,default,default,,24,90,1,,yes,yes,,,product,,,,,,,,,,,,,,,,2370640293675777,,,,,,,,,,
109381,variation,69449379,,D-sign Rug 1P0370 Brown - 135x200,1,0,visible,,D-sign Rug 1P0370 Brown 135x200 cm,,,taxable,parent,1,2,,0,0,,200,135,0.9,0,,3112,5595,,,,,,,69449379-H,,,,,,1,,,Size,135x200,,1,,,,,,,,,,,,,,,,,,,,,,,,,,,,,,,,,,,,,135x200,,,,,,,,,,,,,,,,,,,,,,,,153635,,,,,,,,,,,,,,,,,,,
109382,variation,69454834,,D-sign Rug 1P0370 Brown - 170x235,1,0,visible,,D-sign Rug 1P0370 Brown 170x235 cm,,,taxable,parent,1,3,,0,0,,235,170,0.9,0,,4449,8005,,,,,,,69449379-H,,,,,,2,,,Size,170x235,,1,,,,,,,,,,,,,,,,,,,,,,,,,,,,,,,,,,,,,170x235,,,,,,,,,,,,,,,,,,,,,,,,114832,,,,,,,,,,,,,,,,,,,
109383,variation,69454817,,D-sign Rug 1P0370 Brown - 200x300,1,0,visible,,D-sign Rug 1P0370 Brown 200x300 cm,,,taxable,parent,1,1,,0,0,,300,200,0.9,0,,6847,12315,,,,,,,69449379-H,,,,,,3,,,Size,200x300,,1,,,,,,,,,,,,,,,,,,,,,,,,,,,,,,,,,,,,,200x300,,,,,,,,,,,,,,,,,,,,,,,,92882,,,,,,,,,,,,,,,,,,,
109384,variation,69454835,,D-sign Rug 1P0370 Brown - 235x350,1,0,visible,,D-sign Rug 1P0370 Brown 235x350 cm,,,taxable,parent,0,0,,0,0,,350,235,0.9,0,,9129,16425,,,,,,,69449379-H,,,,,,4,,,Size,235x350,,1,,,,,,,,,,,,,,,,,,,,,,,,,,,,,,,,,,,,,235x350,,,,,,,,,,,,,,,,,,,,,,,,153636,,,,,,,,,,,,,,,,,,,
109387,variable,69449384-H,,D-sign Rug 1P0418 Red,1,0,visible,D-sign Rug 1P0418 Red,D-sign Rug 1P0418 Red,,,taxable,,1,,,0,0,,,,,1,,,,"Rooms > Bedroom, Rooms > Entrance & Corridor, Rooms > Kitchen, Rooms > Living room, Rugs > Modern, Rugs",,,"https://rugshop.eu/wp-content/uploads/2022/09/washing-carpet-mood-71151011-modern-red.jpg, https://rugshop.eu/wp-content/uploads/2022/09/washing-carpet-mood-71151011-modern-red-1.jpg, https://rugshop.eu/wp-content/uploads/2022/09/washing-carpet-mood-71151011-modern-red-2.jpg, https://rugshop.eu/wp-content/uploads/2022/09/washing-carpet-mood-71151011-modern-red-3.jpg, https://rugshop.eu/wp-content/uploads/2022/09/washing-carpet-mood-71151011-modern-red-4.jpg",,,,,,,,,2636,,,Size,"120x170, 140x200, 160x230, 200x290, 240x340, 60x115, 80x150",1,1,Brand,D-sign,1,1,Color,Red,1,1,Type of color,Singlecolor,1,1,Shape,Rectangular,1,1,Material,Polypropylene,1,1,Type of rug,Modern,1,1,Weave,Machinemade,1,1,Age,New,1,1,,,,,,,,,,,,,,,,,,yes,yes,,,,,,,,,,,,,,,,,,,,,,,,,,,,,
109394,variation,69449382,,D-sign Rug 1P0373 Beige - 80x150,1,0,visible,,D-sign Rug 1P0373 Beige 80x150 cm,,,taxable,parent,0,0,,0,0,,150,80,0.7,0,,536,955,,,,,,,69449382-H,,,,,,1,,,Size,80x150,,1,,,,,,,,,,,,,,,,,,,,,,,,,,,,,,,,,,,,,80x150,,,,,,,,,,,,,,,,,,,,,,,,104818,,,,,,,,,,,,,,,,,,,
109395,variation,69454831,,D-sign Rug 1P0373 Beige - 120x170,1,0,visible,,D-sign Rug 1P0373 Beige 120x170 cm,,,taxable,parent,0,0,,0,0,,170,120,0.7,0,,715,1285,,,,,,,69449382-H,,,,,,2,,,Size,120x170,,1,,,,,,,,,,,,,,,,,,,,,,,,,,,,,,,,,,,,,120x170,,,,,,,,,,,,,,,,,,,,,,,,104819,,,,,,,,,,,,,,,,,,,
109396,variation,69454832,,D-sign Rug 1P0373 Beige - 140x190,1,0,visible,,D-sign Rug 1P0373 Beige 140x190 cm,,,taxable,parent,0,0,,0,0,,190,140,0.7,0,,846,1515,,,,,,,69449382-H,,,,,,3,,,Size,140x190,,1,,,,,,,,,,,,,,,,,,,,,,,,,,,,,,,,,,,,,140x190,,,,,,,,,,,,,,,,,,,,,,,,104820,,,,,,,,,,,,,,,,,,,
109397,variable,69449390-H,,D-sign Rug 1P0419 Black,1,0,visible,D-sign Rug 1P0419 Black,D-sign Rug 1P0419 Black,,,taxable,,1,,,0,0,,,,,1,,,,"Rooms > Bedroom, Rooms > Entrance & Corridor, Rooms > Kitchen, Rooms > Living room, Rugs > Modern, Rugs",,,"https://rugshop.eu/wp-content/uploads/2022/09/washing-carpet-mood-71151030-modern-black.jpg, https://rugshop.eu/wp-content/uploads/2022/09/washing-carpet-mood-71151030-modern-black-1.jpg, https://rugshop.eu/wp-content/uploads/2022/09/washing-carpet-mood-71151030-modern-black-2.jpg, https://rugshop.eu/wp-content/uploads/2022/09/washing-carpet-mood-71151030-modern-black-3.jpg, https://rugshop.eu/wp-content/uploads/2022/09/washing-carpet-mood-71151030-modern-black-4.jpg",,,,,,,,,2637,,,Size,"120x170, 140x200, 160x230, 200x290, 240x340, 60x115, 80x150",1,1,Brand,D-sign,1,1,Color,Black-Grey,1,1,Type of color,Singlecolor,1,1,Shape,Rectangular,1,1,Material,Polypropylene,1,1,Type of rug,Modern,1,1,Weave,Machinemade,1,1,Age,New,1,1,,,,,,,,,,,,,,,,,,yes,yes,,,,,,,,,,,,,,,,,,,,,,,,,,,,,
109398,variation,69454833,,D-sign Rug 1P0373 Beige - 160x220,1,0,visible,,D-sign Rug 1P0373 Beige 160x220 cm,,,taxable,parent,0,0,,0,0,,220,160,0.7,0,,1025,1835,,,,,,,69449382-H,,,,,,4,,,Size,160x220,,1,,,,,,,,,,,,,,,,,,,,,,,,,,,,,,,,,,,,,160x220,,,,,,,,,,,,,,,,,,,,,,,,104821,,,,,,,,,,,,,,,,,,,
109399,variation,69454858,,D-sign Rug 1P0373 Beige - 180x270,1,0,visible,,D-sign Rug 1P0373 Beige 180x270 cm,,,taxable,parent,1,1,,0,0,,270,180,0.7,0,,1302,2335,,,,,,,69449382-H,,,,,,5,,,Size,180x270,,1,,,,,,,,,,,,,,,,,,,,,,,,,,,,,,,,,,,,,180x270,,,,,,,,,,,,,,,,,,,,,,,,104822,,,,,,,,,,,,,,,,,,,
109400,variation,69454837,,D-sign Rug 1P0373 Beige - 200x290,1,0,visible,,D-sign Rug 1P0373 Beige 200x290 cm,,,taxable,parent,0,0,,0,0,,290,200,0.7,0,,1514,2725,,,,,,,69449382-H,,,,,,6,,,Size,200x290,,1,,,,,,,,,,,,,,,,,,,,,,,,,,,,,,,,,,,,,200x290,,,,,,,,,,,,,,,,,,,,,,,,104823,,,,,,,,,,,,,,,,,,,
109402,variation,69449383,,D-sign Rug 1P0377 Pink - 60x115,1,0,visible,,D-sign Rug 1P0377 Pink 60x115 cm,,,taxable,parent,1,15,,0,0,,115,60,1.1,0,,500,895,,,,,,,69449383-H,,,,,,1,,,Size,60x115,,1,,,,,,,,,,,,,,,,,,,,,,,,,,,,,,,,,,,,,60x115,,,,,,,,,,,,,,,,,,,,,,,,110231,,,,,,,,,,,,,,,,,,,
109404,variation,69454838,,D-sign Rug 1P0377 Pink - 80x150,1,0,visible,,D-sign Rug 1P0377 Pink 80x150 cm,,,taxable,parent,1,13,,0,0,,150,80,1.1,0,,630,1125,,,,,,,69449383-H,,,,,,2,,,Size,80x150,,1,,,,,,,,,,,,,,,,,,,,,,,,,,,,,,,,,,,,,80x150,,,,,,,,,,,,,,,,,,,,,,,,153596,,,,,,,,,,,,,,,,,,,
109405,variation,69454857,,D-sign Rug 1P0377 Pink - 120x170,1,0,visible,,D-sign Rug 1P0377 Pink 120x170 cm,,,taxable,parent,1,8,,0,0,,170,120,1.1,0,,891,1595,,,,,,,69449383-H,,,,,,3,,,Size,120x170,,1,,,,,,,,,,,,,,,,,,,,,,,,,,,,,,,,,,,,,120x170,,,,,,,,,,,,,,,,,,,,,,,,153591,,,,,,,,,,,,,,,,,,,
109406,variation,69454836,,D-sign Rug 1P0377 Pink - 140x190,1,0,visible,,D-sign Rug 1P0377 Pink 140x190 cm,,,taxable,parent,0,0,,0,0,,190,140,1.1,0,,1119,2015,,,,,,,69449383-H,,,,,,4,,,Size,140x190,,1,,,,,,,,,,,,,,,,,,,,,,,,,,,,,,,,,,,,,140x190,,,,,,,,,,,,,,,,,,,,,,,,153592,,,,,,,,,,,,,,,,,,,
109407,variation,69449387,,D-sign Rug 1P0377 Pink - 160x230,1,0,visible,,D-sign Rug 1P0377 Pink 160x230 cm,,,taxable,parent,1,3,,0,0,,230,160,1.1,0,,1380,2475,,,,,,,69449383-H,,,,,,5,,,Size,160x230,,1,,,,,,,,,,,,,,,,,,,,,,,,,,,,,,,,,,,,,160x230,,,,,,,,,,,,,,,,,,,,,,,,153593,,,,,,,,,,,,,,,,,,,
109408,variation,69449386,,D-sign Rug 1P0377 Pink - 200x290,1,0,visible,,D-sign Rug 1P0377 Pink 200x290 cm,,,taxable,parent,0,0,,0,0,,290,200,1.1,0,,2000,3595,,,,,,,69449383-H,,,,,,6,,,Size,200x290,,1,,,,,,,,,,,,,,,,,,,,,,,,,,,,,,,,,,,,,200x290,,,,,,,,,,,,,,,,,,,,,,,,153594,,,,,,,,,,,,,,,,,,,
109409,variation,69449385,,D-sign Rug 1P0377 Pink - 240x340,1,0,visible,,D-sign Rug 1P0377 Pink 240x340 cm,,,taxable,parent,0,0,,0,0,,340,240,1.1,0,,2717,4885,,,,,,,69449383-H,,,,,,7,,,Size,240x340,,1,,,,,,,,,,,,,,,,,,,,,,,,,,,,,,,,,,,,,240x340,,,,,,,,,,,,,,,,,,,,,,,,153595,,,,,,,,,,,,,,,,,,,
109412,variation,69449388,,D-sign Rug 1P0417 Blue - 80,1,0,visible,,D-sign Rug 1P0417 Blue 80 cm,,,taxable,parent,1,152,,0,0,,80,80,5,0,,"387,5",775,,,,,,,69449388-H,,,,,,1,,,Size,80,,1,,,,,,,,,,,,,,,,,,,,,,,,,,,,,,,,,,,,,80,,,,,,,,,,,,,yes,yes,,,,,,,,,,135547,,,,,,,,,,,,,,,,,,,
109413,variation,69454861,,D-sign Rug 1P0417 Blue - 100,1,0,visible,,D-sign Rug 1P0417 Blue 100 cm,,,taxable,parent,1,101,,0,0,,100,100,5,0,,"447,5",895,,,,,,,69449388-H,,,,,,2,,,Size,100,,1,,,,,,,,,,,,,,,,,,,,,,,,,,,,,,,,,,,,,100,,,,,,,,,,,,,yes,yes,,,,,,,,,,135548,,,,,,,,,,,,,,,,,,,
109414,variation,69454867,,D-sign Rug 1P0417 Blue - 120,1,0,visible,,D-sign Rug 1P0417 Blue 120 cm,,,taxable,parent,1,21,,0,0,,120,120,5,0,,"537,5",1075,,,,,,,69449388-H,,,,,,3,,,Size,120,,1,,,,,,,,,,,,,,,,,,,,,,,,,,,,,,,,,,,,,120,,,,,,,,,,,,,yes,yes,,,,,,,,,,135549,,,,,,,,,,,,,,,,,,,
109415,variation,69454859,,D-sign Rug 1P0417 Blue - 160,1,0,visible,,D-sign Rug 1P0417 Blue 160 cm,,,taxable,parent,1,26,,0,0,,160,160,5,0,,"772,5",1545,,,,,,,69449388-H,,,,,,4,,,Size,160,,1,,,,,,,,,,,,,,,,,,,,,,,,,,,,,,,,,,,,,160,,,,,,,,,,,,,yes,yes,,,,,,,,,,135550,,,,,,,,,,,,,,,,,,,
109417,variation,69449384,,D-sign Rug 1P0418 Red - 60x115,1,0,visible,,D-sign Rug 1P0418 Red 60x115 cm,,,taxable,parent,0,0,,0,0,,115,60,2,0,,663,1185,,,,,,,69449384-H,,,,,,1,,,Size,60x115,,1,,,,,,,,,,,,,,,,,,,,,,,,,,,,,,,,,,,,,60x115,,,,,,,,,,,,,,,,,,,,,,,,137931,,,,,,,,,,,,,,,,,,,
109418,variation,69454864,,D-sign Rug 1P0418 Red - 80x150,1,0,visible,,D-sign Rug 1P0418 Red 80x150 cm,,,taxable,parent,0,0,,0,0,,150,80,2,0,,956,1715,,,,,,,69449384-H,,,,,,2,,,Size,80x150,,1,,,,,,,,,,,,,,,,,,,,,,,,,,,,,,,,,,,,,80x150,,,,,,,,,,,,,,,,,,,,,,,,137932,,,,,,,,,,,,,,,,,,,
109419,variation,69454863,,D-sign Rug 1P0418 Red - 120x170,1,0,visible,,D-sign Rug 1P0418 Red 120x170 cm,,,taxable,parent,0,0,,0,0,,170,120,2,0,,1380,2475,,,,,,,69449384-H,,,,,,3,,,Size,120x170,,1,,,,,,,,,,,,,,,,,,,,,,,,,,,,,,,,,,,,,120x170,,,,,,,,,,,,,,,,,,,,,,,,137933,,,,,,,,,,,,,,,,,,,
109421,variation,69449392,,D-sign Rug 1P0418 Red - 140x200,1,0,visible,,D-sign Rug 1P0418 Red 140x200 cm,,,taxable,parent,0,0,,0,0,,200,140,2,0,,1739,3125,,,,,,,69449384-H,,,,,,4,,,Size,140x200,,1,,,,,,,,,,,,,,,,,,,,,,,,,,,,,,,,,,,,,140x200,,,,,,,,,,,,,,,,,,,,,,,,137934,,,,,,,,,,,,,,,,,,,
109422,variation,69449393,,D-sign Rug 1P0418 Red - 160x230,1,0,visible,,D-sign Rug 1P0418 Red 160x230 cm,,,taxable,parent,0,0,,0,0,,230,160,2,0,,2195,3945,,,,,,,69449384-H,,,,,,5,,,Size,160x230,,1,,,,,,,,,,,,,,,,,,,,,,,,,,,,,,,,,,,,,160x230,,,,,,,,,,,,,,,,,,,,,,,,137935,,,,,,,,,,,,,,,,,,,
109423,variation,69449389,,D-sign Rug 1P0418 Red - 200x290,1,0,visible,,D-sign Rug 1P0418 Red 200x290 cm,,,taxable,parent,1,1,,0,0,,290,200,2,0,,3304,5945,,,,,,,69449384-H,,,,,,6,,,Size,200x290,,1,,,,,,,,,,,,,,,,,,,,,,,,,,,,,,,,,,,,,200x290,,,,,,,,,,,,,,,,,,,,,,,,137936,,,,,,,,,,,,,,,,,,,
109424,variation,69449391,,D-sign Rug 1P0418 Red - 240x340,1,0,visible,,D-sign Rug 1P0418 Red 240x340 cm,,,taxable,parent,1,1,,0,0,,340,240,2,0,,4576,8235,,,,,,,69449384-H,,,,,,7,,,Size,240x340,,1,,,,,,,,,,,,,,,,,,,,,,,,,,,,,,,,,,,,,240x340,,,,,,,,,,,,,,,,,,,,,,,,137937,,,,,,,,,,,,,,,,,,,
109426,variation,69449390,,D-sign Rug 1P0419 Black - 60x115,1,0,visible,,D-sign Rug 1P0419 Black 60x115 cm,,,taxable,parent,0,0,,0,0,,115,60,2,0,,663,1185,,,,,,,69449390-H,,,,,,1,,,Size,60x115,,1,,,,,,,,,,,,,,,,,,,,,,,,,,,,,,,,,,,,,60x115,,,,,,,,,,,,,,,,,,,,,,,,137945,,,,,,,,,,,,,,,,,,,
109427,variation,69454866,,D-sign Rug 1P0419 Black - 80x150,1,0,visible,,D-sign Rug 1P0419 Black 80x150 cm,,,taxable,parent,0,0,,0,0,,150,80,2,0,,956,1715,,,,,,,69449390-H,,,,,,2,,,Size,80x150,,1,,,,,,,,,,,,,,,,,,,,,,,,,,,,,,,,,,,,,80x150,,,,,,,,,,,,,,,,,,,,,,,,137946,,,,,,,,,,,,,,,,,,,
109428,variation,69454880,,D-sign Rug 1P0419 Black - 120x170,1,0,visible,,D-sign Rug 1P0419 Black 120x170 cm,,,taxable,parent,0,0,,0,0,,170,120,2,0,,1380,2475,,,,,,,69449390-H,,,,,,3,,,Size,120x170,,1,,,,,,,,,,,,,,,,,,,,,,,,,,,,,,,,,,,,,120x170,,,,,,,,,,,,,,,,,,,,,,,,137947,,,,,,,,,,,,,,,,,,,
109429,variation,69454860,,D-sign Rug 1P0419 Black - 140x200,1,0,visible,,D-sign Rug 1P0419 Black 140x200 cm,,,taxable,parent,0,0,,0,0,,200,140,2,0,,1739,3125,,,,,,,69449390-H,,,,,,4,,,Size,140x200,,1,,,,,,,,,,,,,,,,,,,,,,,,,,,,,,,,,,,,,140x200,,,,,,,,,,,,,,,,,,,,,,,,137948,,,,,,,,,,,,,,,,,,,
109430,variable,69449406-H,,D-sign Rug 1P0423 Blue,1,0,visible,D-sign Rug 1P0423 Blue,D-sign Rug 1P0423 Blue,,,taxable,,1,,,0,0,,,,,1,,,,"Rooms > Bedroom, Rooms > Entrance & Corridor, Rooms > Kitchen, Rooms > Living room, Rugs > Modern, Rugs",,,"https://rugshop.eu/wp-content/uploads/2022/09/washing-carpet-mood-71151099-modern-turquoise.jpg, https://rugshop.eu/wp-content/uploads/2022/09/washing-carpet-mood-71151099-modern-turquoise-1.jpg, https://rugshop.eu/wp-content/uploads/2022/09/washing-carpet-mood-71151099-modern-turquoise-2.jpg, https://rugshop.eu/wp-content/uploads/2022/09/washing-carpet-mood-71151099-modern-turquoise-3.jpg, https://rugshop.eu/wp-content/uploads/2022/09/washing-carpet-mood-71151099-modern-turquoise-4.jpg",,,,,,,,,2641,,,Size,"120x170, 140x200, 160x230, 200x290, 240x340, 60x115, 80x150",1,1,Brand,D-sign,1,1,Color,Blue,1,1,Type of color,Singlecolor,1,1,Shape,Rectangular,1,1,Material,Polypropylene,1,1,Type of rug,Modern,1,1,Weave,Machinemade,1,1,Age,New,1,1,,,,,,,,,,,,,,,,,,yes,yes,,,,,,,,,,,,,,,,,,,,,,,,,,,,,
109431,variation,69454865,,D-sign Rug 1P0419 Black - 160x230,1,0,visible,,D-sign Rug 1P0419 Black 160x230 cm,,,taxable,parent,0,0,,0,0,,230,160,2,0,,2195,3945,,,,,,,69449390-H,,,,,,5,,,Size,160x230,,1,,,,,,,,,,,,,,,,,,,,,,,,,,,,,,,,,,,,,160x230,,,,,,,,,,,,,,,,,,,,,,,,137949,,,,,,,,,,,,,,,,,,,
109432,variation,69454889,,D-sign Rug 1P0419 Black - 200x290,1,0,visible,,D-sign Rug 1P0419 Black 200x290 cm,,,taxable,parent,0,0,,0,0,,290,200,2,0,,3304,5945,,,,,,,69449390-H,,,,,,6,,,Size,200x290,,1,,,,,,,,,,,,,,,,,,,,,,,,,,,,,,,,,,,,,200x290,,,,,,,,,,,,,,,,,,,,,,,,137950,,,,,,,,,,,,,,,,,,,
109433,variation,69449396,,D-sign Rug 1P0419 Black - 240x340,1,0,visible,,D-sign Rug 1P0419 Black 240x340 cm,,,taxable,parent,1,1,,0,0,,340,240,2,0,,4576,8235,,,,,,,69449390-H,,,,,,7,,,Size,240x340,,1,,,,,,,,,,,,,,,,,,,,,,,,,,,,,,,,,,,,,240x340,,,,,,,,,,,,,,,,,,,,,,,,137951,,,,,,,,,,,,,,,,,,,
109444,variable,69449407-H,,D-sign Rug 1P0424 Grey,1,0,visible,D-sign Rug 1P0424 Grey,D-sign Rug 1P0424 Grey,,,taxable,,1,,,0,0,,,,,1,,,,"Rooms > Bedroom, Rooms > Entrance & Corridor, Rooms > Kitchen, Rooms > Living room, Rugs > Modern, Rugs",,,"https://rugshop.eu/wp-content/uploads/2022/09/washing-carpet-mood-71151100-modern-grey.jpg, https://rugshop.eu/wp-content/uploads/2022/09/washing-carpet-mood-71151100-modern-grey-1.jpg, https://rugshop.eu/wp-content/uploads/2022/09/washing-carpet-mood-71151100-modern-grey-2.jpg, https://rugshop.eu/wp-content/uploads/2022/09/washing-carpet-mood-71151100-modern-grey-3.jpg, https://rugshop.eu/wp-content/uploads/2022/09/washing-carpet-mood-71151100-modern-grey-4.jpg",,,,,,,,,2642,,,Size,"120x170, 140x200, 160x230, 200x290, 240x340, 60x115, 80x150",1,1,Brand,D-sign,1,1,Color,Black-Grey,1,1,Type of color,Singlecolor,1,1,Shape,Rectangular,1,1,Material,Polypropylene,1,1,Type of rug,Modern,1,1,Weave,Machinemade,1,1,Age,New,1,1,,,,,,,,,,,,,,,,,,yes,yes,,,,,,,,,,,,,,,,,,,,,,,,,,,,,
109453,variable,69449412-H,,D-sign Rug 1P0425 Grey,1,0,visible,D-sign Rug 1P0425 Grey,D-sign Rug 1P0425 Grey,,,taxable,,1,,,0,0,,,,,1,,,,"Rooms > Bedroom, Rooms > Entrance & Corridor, Rooms > Kitchen, Rooms > Living room, Rugs > Modern, Rugs",,,"https://rugshop.eu/wp-content/uploads/2022/09/washing-carpet-mood-71151600-modern-silver.jpg, https://rugshop.eu/wp-content/uploads/2022/09/washing-carpet-mood-71151600-modern-silver-1.jpg, https://rugshop.eu/wp-content/uploads/2022/09/washing-carpet-mood-71151600-modern-silver-2.jpg, https://rugshop.eu/wp-content/uploads/2022/09/washing-carpet-mood-71151600-modern-silver-3.jpg, https://rugshop.eu/wp-content/uploads/2022/09/washing-carpet-mood-71151600-modern-silver-4.jpg",,,,,,,,,2643,,,Size,"120x170, 140x200, 160x230, 200x290, 240x340, 60x115, 80x150",1,1,Brand,D-sign,1,1,Color,Black-Grey,1,1,Type of color,Singlecolor,1,1,Shape,Rectangular,1,1,Material,Polypropylene,1,1,Type of rug,Modern,1,1,Weave,Machinemade,1,1,Age,New,1,1,,,,,,,,,,,,,,,,,,yes,yes,,,,,,,,,,,,,,,,,,,,,,,,,,,,,
109461,variable,69449417-H,,D-sign Rug 1P0426 Blue,1,0,visible,D-sign Rug 1P0426 Blue,D-sign Rug 1P0426 Blue,,,taxable,,1,,,0,0,,,,,1,,,,"Rooms > Bedroom, Rooms > Entrance & Corridor, Rooms > Kitchen, Rooms > Living room, Rugs > Modern, Rugs",,,"https://rugshop.eu/wp-content/uploads/2022/09/washing-carpet-craft-71401099-soft-blue.jpg, https://rugshop.eu/wp-content/uploads/2022/09/washing-carpet-craft-71401099-soft-blue-1.jpg, https://rugshop.eu/wp-content/uploads/2022/09/washing-carpet-craft-71401099-soft-blue-2.jpg, https://rugshop.eu/wp-content/uploads/2022/09/washing-carpet-craft-71401099-soft-blue-3.jpg, https://rugshop.eu/wp-content/uploads/2022/09/washing-carpet-craft-71401099-soft-blue-4.jpg",,,,,,,,,2644,,,Size,"120x170, 140x200, 160x230, 200x290, 240x340, 60x115, 80x150",1,1,Brand,D-sign,1,1,Color,Blue,1,1,Type of color,Singlecolor,1,1,Shape,Rectangular,1,1,Material,Polypropylene,1,1,Type of rug,Modern,1,1,Weave,Machinemade,1,1,Age,New,1,1,,,,,,,,,,,,,,,,,,yes,yes,,,,,,,,,,,,,,,,,,,,,,,,,,,,,
109462,variation,69449406,,D-sign Rug 1P0423 Blue - 60x115,1,0,visible,,D-sign Rug 1P0423 Blue 60x115 cm,,,taxable,parent,0,0,,0,0,,115,60,2,0,,663,1185,,,,,,,69449406-H,,,,,,1,,,Size,60x115,,1,,,,,,,,,,,,,,,,,,,,,,,,,,,,,,,,,,,,,60x115,,,,,,,,,,,,,,,,,,,,,,,,138001,,,,,,,,,,,,,,,,,,,
109463,variation,69454904,,D-sign Rug 1P0423 Blue - 80x150,1,0,visible,,D-sign Rug 1P0423 Blue 80x150 cm,,,taxable,parent,1,6,,0,0,,150,80,2,0,,956,1715,,,,,,,69449406-H,,,,,,2,,,Size,80x150,,1,,,,,,,,,,,,,,,,,,,,,,,,,,,,,,,,,,,,,80x150,,,,,,,,,,,,,,,,,,,,,,,,138002,,,,,,,,,,,,,,,,,,,
109464,variation,69454903,,D-sign Rug 1P0423 Blue - 120x170,1,0,visible,,D-sign Rug 1P0423 Blue 120x170 cm,,,taxable,parent,0,0,,0,0,,170,120,2,0,,1380,2475,,,,,,,69449406-H,,,,,,3,,,Size,120x170,,1,,,,,,,,,,,,,,,,,,,,,,,,,,,,,,,,,,,,,120x170,,,,,,,,,,,,,,,,,,,,,,,,138003,,,,,,,,,,,,,,,,,,,
109465,variation,69454901,,D-sign Rug 1P0423 Blue - 140x200,1,0,visible,,D-sign Rug 1P0423 Blue 140x200 cm,,,taxable,parent,0,0,,0,0,,200,140,2,0,,1739,3125,,,,,,,69449406-H,,,,,,4,,,Size,140x200,,1,,,,,,,,,,,,,,,,,,,,,,,,,,,,,,,,,,,,,140x200,,,,,,,,,,,,,,,,,,,,,,,,138004,,,,,,,,,,,,,,,,,,,
109466,variation,69454905,,D-sign Rug 1P0423 Blue - 160x230,1,0,visible,,D-sign Rug 1P0423 Blue 160x230 cm,,,taxable,parent,0,0,,0,0,,230,160,2,0,,2195,3945,,,,,,,69449406-H,,,,,,5,,,Size,160x230,,1,,,,,,,,,,,,,,,,,,,,,,,,,,,,,,,,,,,,,160x230,,,,,,,,,,,,,,,,,,,,,,,,138005,,,,,,,,,,,,,,,,,,,
109467,variation,69454908,,D-sign Rug 1P0423 Blue - 200x290,1,0,visible,,D-sign Rug 1P0423 Blue 200x290 cm,,,taxable,parent,0,0,,0,0,,290,200,2,0,,3304,5945,,,,,,,69449406-H,,,,,,6,,,Size,200x290,,1,,,,,,,,,,,,,,,,,,,,,,,,,,,,,,,,,,,,,200x290,,,,,,,,,,,,,,,,,,,,,,,,138006,,,,,,,,,,,,,,,,,,,
109468,variation,69454900,,D-sign Rug 1P0423 Blue - 240x340,1,0,visible,,D-sign Rug 1P0423 Blue 240x340 cm,,,taxable,parent,0,0,,0,0,,340,240,2,0,,4576,8235,,,,,,,69449406-H,,,,,,7,,,Size,240x340,,1,,,,,,,,,,,,,,,,,,,,,,,,,,,,,,,,,,,,,240x340,,,,,,,,,,,,,,,,,,,,,,,,138007,,,,,,,,,,,,,,,,,,,
109470,variable,69449419-H,,D-sign Rug 1P0427 Pink,1,0,visible,D-sign Rug 1P0427 Pink,D-sign Rug 1P0427 Pink,,,taxable,,1,,,0,0,,,,,1,,,,"Rooms > Bedroom, Rooms > Entrance & Corridor, Rooms > Kitchen, Rooms > Living room, Rugs > Modern, Rugs",,,"https://rugshop.eu/wp-content/uploads/2022/09/washing-carpet-craft-71401020-soft-blush-pink.jpg, https://rugshop.eu/wp-content/uploads/2022/09/washing-carpet-craft-71401020-soft-blush-pink-1.jpg, https://rugshop.eu/wp-content/uploads/2022/09/washing-carpet-craft-71401020-soft-blush-pink-2.jpg, https://rugshop.eu/wp-content/uploads/2022/09/washing-carpet-craft-71401020-soft-blush-pink-3.jpg, https://rugshop.eu/wp-content/uploads/2022/09/washing-carpet-craft-71401020-soft-blush-pink-4.jpg",,,,,,,,,2645,,,Size,"120x170, 140x200, 160x230, 200x290, 240x340, 60x115, 80x150",1,1,Brand,D-sign,1,1,Color,Pink-Purple,1,1,Type of color,Singlecolor,1,1,Shape,Rectangular,1,1,Material,Polypropylene,1,1,Type of rug,Modern,1,1,Weave,Machinemade,1,1,Age,New,1,1,,,,,,,,,,,,,,,,,,yes,yes,,,,,,,,,,,,,,,,,,,,,,,,,,,,,
109471,variation,69449407,,D-sign Rug 1P0424 Grey - 60x115,1,0,visible,,D-sign Rug 1P0424 Grey 60x115 cm,,,taxable,parent,0,0,,0,0,,115,60,2,0,,663,1185,,,,,,,69449407-H,,,,,,1,,,Size,60x115,,1,,,,,,,,,,,,,,,,,,,,,,,,,,,,,,,,,,,,,60x115,,,,,,,,,,,,,,,,,,,,,,,,138015,,,,,,,,,,,,,,,,,,,
109472,variation,69449408,,D-sign Rug 1P0424 Grey - 80x150,1,0,visible,,D-sign Rug 1P0424 Grey 80x150 cm,,,taxable,parent,0,0,,0,0,,150,80,2,0,,956,1715,,,,,,,69449407-H,,,,,,2,,,Size,80x150,,1,,,,,,,,,,,,,,,,,,,,,,,,,,,,,,,,,,,,,80x150,,,,,,,,,,,,,,,,,,,,,,,,138016,,,,,,,,,,,,,,,,,,,
109473,variation,69449411,,D-sign Rug 1P0424 Grey - 120x170,1,0,visible,,D-sign Rug 1P0424 Grey 120x170 cm,,,taxable,parent,1,2,,0,0,,170,120,2,0,,1380,2475,,,,,,,69449407-H,,,,,,3,,,Size,120x170,,1,,,,,,,,,,,,,,,,,,,,,,,,,,,,,,,,,,,,,120x170,,,,,,,,,,,,,,,,,,,,,,,,138017,,,,,,,,,,,,,,,,,,,
109474,variation,69449409,,D-sign Rug 1P0424 Grey - 140x200,1,0,visible,,D-sign Rug 1P0424 Grey 140x200 cm,,,taxable,parent,1,6,,0,0,,200,140,2,0,,1739,3125,,,,,,,69449407-H,,,,,,4,,,Size,140x200,,1,,,,,,,,,,,,,,,,,,,,,,,,,,,,,,,,,,,,,140x200,,,,,,,,,,,,,,,,,,,,,,,,138018,,,,,,,,,,,,,,,,,,,
109475,variation,69449413,,D-sign Rug 1P0424 Grey - 160x230,1,0,visible,,D-sign Rug 1P0424 Grey 160x230 cm,,,taxable,parent,0,0,,0,0,,230,160,2,0,,2195,3945,,,,,,,69449407-H,,,,,,5,,,Size,160x230,,1,,,,,,,,,,,,,,,,,,,,,,,,,,,,,,,,,,,,,160x230,,,,,,,,,,,,,,,,,,,,,,,,138019,,,,,,,,,,,,,,,,,,,
109476,variation,69449410,,D-sign Rug 1P0424 Grey - 200x290,1,0,visible,,D-sign Rug 1P0424 Grey 200x290 cm,,,taxable,parent,0,0,,0,0,,290,200,2,0,,3304,5945,,,,,,,69449407-H,,,,,,6,,,Size,200x290,,1,,,,,,,,,,,,,,,,,,,,,,,,,,,,,,,,,,,,,200x290,,,,,,,,,,,,,,,,,,,,,,,,138020,,,,,,,,,,,,,,,,,,,
109477,variation,69449414,,D-sign Rug 1P0424 Grey - 240x340,1,0,visible,,D-sign Rug 1P0424 Grey 240x340 cm,,,taxable,parent,0,0,,0,0,,340,240,2,0,,4576,8235,,,,,,,69449407-H,,,,,,7,,,Size,240x340,,1,,,,,,,,,,,,,,,,,,,,,,,,,,,,,,,,,,,,,240x340,,,,,,,,,,,,,,,,,,,,,,,,138021,,,,,,,,,,,,,,,,,,,
109479,variable,69449420-H,,D-sign Rug 1P0428 Cream,1,0,visible,D-sign Rug 1P0428 Cream,D-sign Rug 1P0428 Cream,,,taxable,,1,,,0,0,,,,,1,,,,"Rooms > Bedroom, Rooms > Entrance & Corridor, Rooms > Kitchen, Rooms > Living room, Rugs > Modern, Rugs",,,"https://rugshop.eu/wp-content/uploads/2022/09/washing-carpet-craft-71401060-soft-cream.jpg, https://rugshop.eu/wp-content/uploads/2022/09/washing-carpet-craft-71401060-soft-cream-1.jpg, https://rugshop.eu/wp-content/uploads/2022/09/washing-carpet-craft-71401060-soft-cream-2.jpg, https://rugshop.eu/wp-content/uploads/2022/09/washing-carpet-craft-71401060-soft-cream-3.jpg, https://rugshop.eu/wp-content/uploads/2022/09/washing-carpet-craft-71401060-soft-cream-4.jpg",,,,,,,,,2646,,,Size,"120x170, 140x200, 160x230, 200x290, 240x340, 60x115, 80x150",1,1,Brand,D-sign,1,1,Color,White-Beige,1,1,Type of color,Singlecolor,1,1,Shape,Rectangular,1,1,Material,Polypropylene,1,1,Type of rug,Modern,1,1,Weave,Machinemade,1,1,Age,New,1,1,,,,,,,,,,,,,,,,,,yes,yes,,,,,,,,,,,,,,,,,,,,,,,,,,,,,
109480,variation,69449412,,D-sign Rug 1P0425 Grey - 60x115,1,0,visible,,D-sign Rug 1P0425 Grey 60x115 cm,,,taxable,parent,0,0,,0,0,,115,60,2,0,,663,1185,,,,,,,69449412-H,,,,,,1,,,Size,60x115,,1,,,,,,,,,,,,,,,,,,,,,,,,,,,,,,,,,,,,,60x115,,,,,,,,,,,,,,,,,,,,,,,,138022,,,,,,,,,,,,,,,,,,,
109481,variation,69454909,,D-sign Rug 1P0425 Grey - 80x150,1,0,visible,,D-sign Rug 1P0425 Grey 80x150 cm,,,taxable,parent,1,4,,0,0,,150,80,2,0,,956,1715,,,,,,,69449412-H,,,,,,2,,,Size,80x150,,1,,,,,,,,,,,,,,,,,,,,,,,,,,,,,,,,,,,,,80x150,,,,,,,,,,,,,,,,,,,,,,,,138023,,,,,,,,,,,,,,,,,,,
109482,variation,69454932,,D-sign Rug 1P0425 Grey - 120x170,1,0,visible,,D-sign Rug 1P0425 Grey 120x170 cm,,,taxable,parent,0,0,,0,0,,170,120,2,0,,1380,2475,,,,,,,69449412-H,,,,,,3,,,Size,120x170,,1,,,,,,,,,,,,,,,,,,,,,,,,,,,,,,,,,,,,,120x170,,,,,,,,,,,,,,,,,,,,,,,,138024,,,,,,,,,,,,,,,,,,,
109483,variation,69454937,,D-sign Rug 1P0425 Grey - 140x200,1,0,visible,,D-sign Rug 1P0425 Grey 140x200 cm,,,taxable,parent,1,2,,0,0,,200,140,2,0,,1739,3125,,,,,,,69449412-H,,,,,,4,,,Size,140x200,,1,,,,,,,,,,,,,,,,,,,,,,,,,,,,,,,,,,,,,140x200,,,,,,,,,,,,,,,,,,,,,,,,138025,,,,,,,,,,,,,,,,,,,
109484,variation,69449415,,D-sign Rug 1P0425 Grey - 160x230,1,0,visible,,D-sign Rug 1P0425 Grey 160x230 cm,,,taxable,parent,0,0,,0,0,,230,160,2,0,,2195,3945,,,,,,,69449412-H,,,,,,5,,,Size,160x230,,1,,,,,,,,,,,,,,,,,,,,,,,,,,,,,,,,,,,,,160x230,,,,,,,,,,,,,,,,,,,,,,,,138026,,,,,,,,,,,,,,,,,,,
109485,variation,69449416,,D-sign Rug 1P0425 Grey - 200x290,1,0,visible,,D-sign Rug 1P0425 Grey 200x290 cm,,,taxable,parent,0,0,,0,0,,290,200,2,0,,3304,5945,,,,,,,69449412-H,,,,,,6,,,Size,200x290,,1,,,,,,,,,,,,,,,,,,,,,,,,,,,,,,,,,,,,,200x290,,,,,,,,,,,,,,,,,,,,,,,,138027,,,,,,,,,,,,,,,,,,,
109486,variation,69449418,,D-sign Rug 1P0425 Grey - 240x340,1,0,visible,,D-sign Rug 1P0425 Grey 240x340 cm,,,taxable,parent,0,0,,0,0,,340,240,2,0,,4576,8235,,,,,,,69449412-H,,,,,,7,,,Size,240x340,,1,,,,,,,,,,,,,,,,,,,,,,,,,,,,,,,,,,,,,240x340,,,,,,,,,,,,,,,,,,,,,,,,138028,,,,,,,,,,,,,,,,,,,
109488,variable,69449425-H,,D-sign Rug 1P0429 Grey,1,0,visible,D-sign Rug 1P0429 Grey,D-sign Rug 1P0429 Grey,,,taxable,,1,,,0,0,,,,,1,,,,"Rooms > Bedroom, Rooms > Entrance & Corridor, Rooms > Kitchen, Rooms > Living room, Rugs > Modern, Rugs",,,"https://rugshop.eu/wp-content/uploads/2022/09/washing-carpet-craft-71401070-soft-taupe-grey.jpg, https://rugshop.eu/wp-content/uploads/2022/09/washing-carpet-craft-71401070-soft-taupe-grey-1.jpg, https://rugshop.eu/wp-content/uploads/2022/09/washing-carpet-craft-71401070-soft-taupe-grey-2.jpg, https://rugshop.eu/wp-content/uploads/2022/09/washing-carpet-craft-71401070-soft-taupe-grey-3.jpg, https://rugshop.eu/wp-content/uploads/2022/09/washing-carpet-craft-71401070-soft-taupe-grey-4.jpg",,,,,,,,,2647,,,Size,"120x170, 140x200, 160x230, 200x290, 240x340, 60x115, 80x150",1,1,Brand,D-sign,1,1,Color,Black-Grey,1,1,Type of color,Singlecolor,1,1,Shape,Rectangular,1,1,Material,Polypropylene,1,1,Type of rug,Modern,1,1,Weave,Machinemade,1,1,Age,New,1,1,,,,,,,,,,,,,,,,,,yes,yes,,,,,,,,,,,,,,,,,,,,,,,,,,,,,
109489,variation,69449417,,D-sign Rug 1P0426 Blue - 60x115,1,0,visible,,D-sign Rug 1P0426 Blue 60x115 cm,,,taxable,parent,1,3,,0,0,,115,60,1.5,0,,663,1185,,,,,,,69449417-H,,,,,,1,,,Size,60x115,,1,,,,,,,,,,,,,,,,,,,,,,,,,,,,,,,,,,,,,60x115,,,,,,,,,,,,,,,,,,,,,,,,138269,,,,,,,,,,,,,,,,,,,
109490,variation,69454933,,D-sign Rug 1P0426 Blue - 80x150,1,0,visible,,D-sign Rug 1P0426 Blue 80x150 cm,,,taxable,parent,1,1,,0,0,,150,80,1.5,0,,956,1715,,,,,,,69449417-H,,,,,,2,,,Size,80x150,,1,,,,,,,,,,,,,,,,,,,,,,,,,,,,,,,,,,,,,80x150,,,,,,,,,,,,,,,,,,,,,,,,138270,,,,,,,,,,,,,,,,,,,
109491,variation,69454935,,D-sign Rug 1P0426 Blue - 120x170,1,0,visible,,D-sign Rug 1P0426 Blue 120x170 cm,,,taxable,parent,0,0,,0,0,,170,120,1.5,0,,1380,2475,,,,,,,69449417-H,,,,,,3,,,Size,120x170,,1,,,,,,,,,,,,,,,,,,,,,,,,,,,,,,,,,,,,,120x170,,,,,,,,,,,,,,,,,,,,,,,,138271,,,,,,,,,,,,,,,,,,,
109492,variation,69454939,,D-sign Rug 1P0426 Blue - 140x200,1,0,visible,,D-sign Rug 1P0426 Blue 140x200 cm,,,taxable,parent,1,6,,0,0,,200,140,1.5,0,,1739,3125,,,,,,,69449417-H,,,,,,4,,,Size,140x200,,1,,,,,,,,,,,,,,,,,,,,,,,,,,,,,,,,,,,,,140x200,,,,,,,,,,,,,,,,,,,,,,,,138272,,,,,,,,,,,,,,,,,,,
109493,variation,69454931,,D-sign Rug 1P0426 Blue - 160x230,1,0,visible,,D-sign Rug 1P0426 Blue 160x230 cm,,,taxable,parent,0,0,,0,0,,230,160,1.5,0,,2195,3945,,,,,,,69449417-H,,,,,,5,,,Size,160x230,,1,,,,,,,,,,,,,,,,,,,,,,,,,,,,,,,,,,,,,160x230,,,,,,,,,,,,,,,,,,,,,,,,138273,,,,,,,,,,,,,,,,,,,
109494,variation,69454940,,D-sign Rug 1P0426 Blue - 200x290,1,0,visible,,D-sign Rug 1P0426 Blue 200x290 cm,,,taxable,parent,1,1,,0,0,,290,200,1.5,0,,3304,5945,,,,,,,69449417-H,,,,,,6,,,Size,200x290,,1,,,,,,,,,,,,,,,,,,,,,,,,,,,,,,,,,,,,,200x290,,,,,,,,,,,,,,,,,,,,,,,,138274,,,,,,,,,,,,,,,,,,,
109495,variation,69454936,,D-sign Rug 1P0426 Blue - 240x340,1,0,visible,,D-sign Rug 1P0426 Blue 240x340 cm,,,taxable,parent,0,0,,0,0,,340,240,1.5,0,,4644,8355,,,,,,,69449417-H,,,,,,7,,,Size,240x340,,1,,,,,,,,,,,,,,,,,,,,,,,,,,,,,,,,,,,,,240x340,,,,,,,,,,,,,,,,,,,,,,,,138275,,,,,,,,,,,,,,,,,,,
109497,variable,69449431-H,,D-sign Rug 1P0430 Red,1,0,visible,D-sign Rug 1P0430 Red,D-sign Rug 1P0430 Red,,,taxable,,1,,,0,0,,,,,1,,,,"Rooms > Entrance & Corridor, Rooms > Living room, Rugs > Persian, Rugs",,,"https://rugshop.eu/wp-content/uploads/2022/09/wool-carpet-polonia-dukato-ornament-ruby.jpg, https://rugshop.eu/wp-content/uploads/2022/09/wool-carpet-polonia-dukato-ornament-ruby-1.jpg, https://rugshop.eu/wp-content/uploads/2022/09/wool-carpet-polonia-dukato-ornament-ruby-2.jpg, https://rugshop.eu/wp-content/uploads/2022/09/wool-carpet-polonia-dukato-ornament-ruby-3.jpg, https://rugshop.eu/wp-content/uploads/2022/09/wool-carpet-polonia-dukato-ornament-ruby-4.jpg",,,,,,,,,2648,,,Size,"170x235, 200x300, 235x350",1,1,Brand,D-sign,1,1,Color,Red,1,1,Type of color,Multicolor,1,1,Shape,Rectangular,1,1,Material,Wool,1,1,Type of rug,Persian,1,1,Weave,Machinemade,1,1,Country,Poland,1,1,Age,New,1,1,,,,,,,,,,,,,,yes,yes,,,,,,,,,,,,,,,,,,,,,,,,,,,,,
109498,variable,69449430-H,,D-sign Rug 1P0431 Silver,1,0,visible,D-sign Rug 1P0431 Silver,D-sign Rug 1P0431 Silver,,,taxable,,1,,,0,0,,,,,1,,,,"Rooms > Bedroom, Rooms > Entrance & Corridor, Rooms > Kitchen, Rooms > Living room, Rugs > Modern, Rugs",,,"https://rugshop.eu/wp-content/uploads/2022/09/carpet-sizal-floorlux-20580-plain-flat-one-colour-silver-black.jpg, https://rugshop.eu/wp-content/uploads/2022/09/carpet-sizal-floorlux-20580-plain-flat-one-colour-silver-black-1.jpg, https://rugshop.eu/wp-content/uploads/2022/09/carpet-sizal-floorlux-20580-plain-flat-one-colour-silver-black-2.jpg, https://rugshop.eu/wp-content/uploads/2022/09/carpet-sizal-floorlux-20580-plain-flat-one-colour-silver-black-3.jpg, https://rugshop.eu/wp-content/uploads/2022/09/carpet-sizal-floorlux-20580-plain-flat-one-colour-silver-black-4.jpg",,,,,,,,,2649,,,Size,"120x170, 140x200, 160x230, 200x290, 240x330, 60x110, 80x150",1,1,Brand,D-sign,1,1,Color,Black-Grey,1,1,Type of color,Multicolor,1,1,Shape,Rectangular,1,1,Material,Polypropylene,1,1,Type of rug,Modern,1,1,Weave,Machinemade,1,1,Country,Belgium,1,1,Age,New,1,1,,,,,,,,,,,,,,yes,yes,,,,,,,,,,,,,,,,,,,,,,,,,,,,,
109499,variation,69449419,,D-sign Rug 1P0427 Pink - 60x115,1,0,visible,,D-sign Rug 1P0427 Pink 60x115 cm,,,taxable,parent,1,4,,0,0,,115,60,1.5,0,,663,1185,,,,,,,69449419-H,,,,,,1,,,Size,60x115,,1,,,,,,,,,,,,,,,,,,,,,,,,,,,,,,,,,,,,,60x115,,,,,,,,,,,,,,,,,,,,,,,,138234,,,,,,,,,,,,,,,,,,,
109500,variation,69454956,,D-sign Rug 1P0427 Pink - 80x150,1,0,visible,,D-sign Rug 1P0427 Pink 80x150 cm,,,taxable,parent,1,9,,0,0,,150,80,1.5,0,,956,1715,,,,,,,69449419-H,,,,,,2,,,Size,80x150,,1,,,,,,,,,,,,,,,,,,,,,,,,,,,,,,,,,,,,,80x150,,,,,,,,,,,,,,,,,,,,,,,,138235,,,,,,,,,,,,,,,,,,,
109501,variation,69454938,,D-sign Rug 1P0427 Pink - 120x170,1,0,visible,,D-sign Rug 1P0427 Pink 120x170 cm,,,taxable,parent,1,5,,0,0,,170,120,1.5,0,,1380,2475,,,,,,,69449419-H,,,,,,3,,,Size,120x170,,1,,,,,,,,,,,,,,,,,,,,,,,,,,,,,,,,,,,,,120x170,,,,,,,,,,,,,,,,,,,,,,,,138236,,,,,,,,,,,,,,,,,,,
109502,variation,69454954,,D-sign Rug 1P0427 Pink - 140x200,1,0,visible,,D-sign Rug 1P0427 Pink 140x200 cm,,,taxable,parent,1,1,,0,0,,200,140,1.5,0,,1739,3125,,,,,,,69449419-H,,,,,,4,,,Size,140x200,,1,,,,,,,,,,,,,,,,,,,,,,,,,,,,,,,,,,,,,140x200,,,,,,,,,,,,,,,,,,,,,,,,138237,,,,,,,,,,,,,,,,,,,
109503,variation,69454957,,D-sign Rug 1P0427 Pink - 160x230,1,0,visible,,D-sign Rug 1P0427 Pink 160x230 cm,,,taxable,parent,0,0,,0,0,,230,160,1.5,0,,2195,3945,,,,,,,69449419-H,,,,,,5,,,Size,160x230,,1,,,,,,,,,,,,,,,,,,,,,,,,,,,,,,,,,,,,,160x230,,,,,,,,,,,,,,,,,,,,,,,,138238,,,,,,,,,,,,,,,,,,,
109504,variation,69454934,,D-sign Rug 1P0427 Pink - 200x290,1,0,visible,,D-sign Rug 1P0427 Pink 200x290 cm,,,taxable,parent,0,0,,0,0,,290,200,1.5,0,,3304,5945,,,,,,,69449419-H,,,,,,6,,,Size,200x290,,1,,,,,,,,,,,,,,,,,,,,,,,,,,,,,,,,,,,,,200x290,,,,,,,,,,,,,,,,,,,,,,,,138239,,,,,,,,,,,,,,,,,,,
109505,variation,69454953,,D-sign Rug 1P0427 Pink - 240x340,1,0,visible,,D-sign Rug 1P0427 Pink 240x340 cm,,,taxable,parent,0,0,,0,0,,340,240,1.5,0,,4644,8355,,,,,,,69449419-H,,,,,,7,,,Size,240x340,,1,,,,,,,,,,,,,,,,,,,,,,,,,,,,,,,,,,,,,240x340,,,,,,,,,,,,,,,,,,,,,,,,138240,,,,,,,,,,,,,,,,,,,
109507,variation,69449420,,D-sign Rug 1P0428 Cream - 60x115,1,0,visible,,D-sign Rug 1P0428 Cream 60x115 cm,,,taxable,parent,1,4,,0,0,,115,60,1.5,0,,663,1185,,,,,,,69449420-H,,,,,,1,,,Size,60x115,,1,,,,,,,,,,,,,,,,,,,,,,,,,,,,,,,,,,,,,60x115,,,,,,,,,,,,,,,,,,,,,,,,138248,,,,,,,,,,,,,,,,,,,
109508,variable,69449434-H,,D-sign Rug 1P0433 Green,1,0,visible,D-sign Rug 1P0433 Green,D-sign Rug 1P0433 Green,,,taxable,,1,,,0,0,,,,,1,,,,"Rooms > Entrance & Corridor, Rooms > Living room, Rugs > Persian, Rugs",,,"https://rugshop.eu/wp-content/uploads/2022/09/wool-carpet-polonia-dukato-ornament-iron-green.jpg, https://rugshop.eu/wp-content/uploads/2022/09/wool-carpet-polonia-dukato-ornament-iron-green.jpg",,,,,,,,,2650,,,Size,"170x235, 200x300, 235x350",1,1,Brand,D-sign,1,1,Color,Green,1,1,Type of color,Multicolor,1,1,Shape,Rectangular,1,1,Material,Wool,1,1,Type of rug,Persian,1,1,Weave,Machinemade,1,1,Country,Poland,1,1,Age,New,1,1,,,,,,,,,,,,,,yes,yes,,,,,,,,,,,,,,,,,,,,,,,,,,,,,
109509,variation,69454952,,D-sign Rug 1P0428 Cream - 80x150,1,0,visible,,D-sign Rug 1P0428 Cream 80x150 cm,,,taxable,parent,1,7,,0,0,,150,80,1.5,0,,956,1715,,,,,,,69449420-H,,,,,,2,,,Size,80x150,,1,,,,,,,,,,,,,,,,,,,,,,,,,,,,,,,,,,,,,80x150,,,,,,,,,,,,,,,,,,,,,,,,138249,,,,,,,,,,,,,,,,,,,
109510,variation,69454951,,D-sign Rug 1P0428 Cream - 120x170,1,0,visible,,D-sign Rug 1P0428 Cream 120x170 cm,,,taxable,parent,1,1,,0,0,,170,120,1.5,0,,1380,2475,,,,,,,69449420-H,,,,,,3,,,Size,120x170,,1,,,,,,,,,,,,,,,,,,,,,,,,,,,,,,,,,,,,,120x170,,,,,,,,,,,,,,,,,,,,,,,,138250,,,,,,,,,,,,,,,,,,,
109511,variation,69449424,,D-sign Rug 1P0428 Cream - 140x200,1,0,visible,,D-sign Rug 1P0428 Cream 140x200 cm,,,taxable,parent,0,0,,0,0,,200,140,1.5,0,,1739,3125,,,,,,,69449420-H,,,,,,4,,,Size,140x200,,1,,,,,,,,,,,,,,,,,,,,,,,,,,,,,,,,,,,,,140x200,,,,,,,,,,,,,,,,,,,,,,,,138251,,,,,,,,,,,,,,,,,,,
109512,variation,69449428,,D-sign Rug 1P0428 Cream - 160x230,1,0,visible,,D-sign Rug 1P0428 Cream 160x230 cm,,,taxable,parent,0,0,,0,0,,230,160,1.5,0,,2195,3945,,,,,,,69449420-H,,,,,,5,,,Size,160x230,,1,,,,,,,,,,,,,,,,,,,,,,,,,,,,,,,,,,,,,160x230,,,,,,,,,,,,,,,,,,,,,,,,138252,,,,,,,,,,,,,,,,,,,
109513,variation,69449426,,D-sign Rug 1P0428 Cream - 200x290,1,0,visible,,D-sign Rug 1P0428 Cream 200x290 cm,,,taxable,parent,0,0,,0,0,,290,200,1.5,0,,3304,5945,,,,,,,69449420-H,,,,,,6,,,Size,200x290,,1,,,,,,,,,,,,,,,,,,,,,,,,,,,,,,,,,,,,,200x290,,,,,,,,,,,,,,,,,,,,,,,,138253,,,,,,,,,,,,,,,,,,,
109514,variation,69449427,,D-sign Rug 1P0428 Cream - 240x340,1,0,visible,,D-sign Rug 1P0428 Cream 240x340 cm,,,taxable,parent,0,0,,0,0,,340,240,1.5,0,,4644,8355,,,,,,,69449420-H,,,,,,7,,,Size,240x340,,1,,,,,,,,,,,,,,,,,,,,,,,,,,,,,,,,,,,,,240x340,,,,,,,,,,,,,,,,,,,,,,,,138254,,,,,,,,,,,,,,,,,,,
109516,variable,69449432-H,,D-sign Rug 1P0434 Beige,1,0,visible,D-sign Rug 1P0434 Beige,D-sign Rug 1P0434 Beige,,,taxable,,1,,,0,0,,,,,1,,,,"Rooms > Entrance & Corridor, Rooms > Living room, Rugs > Persian, Rugs",,,"https://rugshop.eu/wp-content/uploads/2022/09/wool-carpet-polonia-dukato-ornament-cognac-beige.jpg, https://rugshop.eu/wp-content/uploads/2022/09/wool-carpet-polonia-dukato-ornament-cognac-beige-1.jpg, https://rugshop.eu/wp-content/uploads/2022/09/wool-carpet-polonia-dukato-ornament-cognac-beige-2.jpg, https://rugshop.eu/wp-content/uploads/2022/09/wool-carpet-polonia-dukato-ornament-cognac-beige-3.jpg, https://rugshop.eu/wp-content/uploads/2022/09/wool-carpet-polonia-dukato-ornament-cognac-beige-4.jpg",,,,,,,,,2651,,,Size,"170x235, 200x300, 235x350",1,1,Brand,D-sign,1,1,Color,Yellow-Brown,1,1,Type of color,Multicolor,1,1,Shape,Rectangular,1,1,Material,Wool,1,1,Type of rug,Persian,1,1,Weave,Machinemade,1,1,Country,Poland,1,1,Age,New,1,1,,,,,,,,,,,,,,yes,yes,,,,,,,,,,,,,,,,,,,,,,,,,,,,,
109517,variable,69449433-H,,D-sign Rug 1P0435 Brown,1,0,visible,D-sign Rug 1P0435 Brown,D-sign Rug 1P0435 Brown,,,taxable,,1,,,0,0,,,,,1,,,,"Rooms > Entrance & Corridor, Rooms > Living room, Rugs, Rugs > Traditional",,,"https://rugshop.eu/wp-content/uploads/2022/09/wool-carpet-polonia-samari-ornament-jadeit.jpg, https://rugshop.eu/wp-content/uploads/2022/09/wool-carpet-polonia-samari-ornament-jadeit-1.jpg, https://rugshop.eu/wp-content/uploads/2022/09/wool-carpet-polonia-samari-ornament-jadeit-2.jpg, https://rugshop.eu/wp-content/uploads/2022/09/wool-carpet-polonia-samari-ornament-jadeit-3.jpg, https://rugshop.eu/wp-content/uploads/2022/09/wool-carpet-polonia-samari-ornament-jadeit-4.jpg",,,,,,,,,2652,,,Size,"170x235, 200x300, 235x350",1,1,Brand,D-sign,1,1,Color,"Red, Yellow-Brown",1,1,Type of color,Multicolor,1,1,Shape,Rectangular,1,1,Material,Wool,1,1,Type of rug,Traditional,1,1,Weave,Machinemade,1,1,Country,Poland,1,1,Age,New,1,1,,,,,,,,,,,,,,yes,yes,,,,,,,,,,,,,,,,,,,,,,,,,,,,,
109518,variation,69449425,,D-sign Rug 1P0429 Grey - 60x115,1,0,visible,,D-sign Rug 1P0429 Grey 60x115 cm,,,taxable,parent,0,0,,0,0,,115,60,1.5,0,,663,1185,,,,,,,69449425-H,,,,,,1,,,Size,60x115,,1,,,,,,,,,,,,,,,,,,,,,,,,,,,,,,,,,,,,,60x115,,,,,,,,,,,,,,,,,,,,,,,,138262,,,,,,,,,,,,,,,,,,,
109519,variation,69454987,,D-sign Rug 1P0429 Grey - 80x150,1,0,visible,,D-sign Rug 1P0429 Grey 80x150 cm,,,taxable,parent,1,5,,0,0,,150,80,1.5,0,,956,1715,,,,,,,69449425-H,,,,,,2,,,Size,80x150,,1,,,,,,,,,,,,,,,,,,,,,,,,,,,,,,,,,,,,,80x150,,,,,,,,,,,,,,,,,,,,,,,,138263,,,,,,,,,,,,,,,,,,,
109520,variation,69454959,,D-sign Rug 1P0429 Grey - 120x170,1,0,visible,,D-sign Rug 1P0429 Grey 120x170 cm,,,taxable,parent,1,2,,0,0,,170,120,1.5,0,,1380,2475,,,,,,,69449425-H,,,,,,3,,,Size,120x170,,1,,,,,,,,,,,,,,,,,,,,,,,,,,,,,,,,,,,,,120x170,,,,,,,,,,,,,,,,,,,,,,,,138264,,,,,,,,,,,,,,,,,,,
109521,variation,69454958,,D-sign Rug 1P0429 Grey - 140x200,1,0,visible,,D-sign Rug 1P0429 Grey 140x200 cm,,,taxable,parent,1,2,,0,0,,200,140,1.5,0,,1739,3125,,,,,,,69449425-H,,,,,,4,,,Size,140x200,,1,,,,,,,,,,,,,,,,,,,,,,,,,,,,,,,,,,,,,140x200,,,,,,,,,,,,,,,,,,,,,,,,138265,,,,,,,,,,,,,,,,,,,
109522,variation,69454960,,D-sign Rug 1P0429 Grey - 160x230,1,0,visible,,D-sign Rug 1P0429 Grey 160x230 cm,,,taxable,parent,0,0,,0,0,,230,160,1.5,0,,2195,3945,,,,,,,69449425-H,,,,,,5,,,Size,160x230,,1,,,,,,,,,,,,,,,,,,,,,,,,,,,,,,,,,,,,,160x230,,,,,,,,,,,,,,,,,,,,,,,,138266,,,,,,,,,,,,,,,,,,,
109523,variation,69454955,,D-sign Rug 1P0429 Grey - 200x290,1,0,visible,,D-sign Rug 1P0429 Grey 200x290 cm,,,taxable,parent,0,0,,0,0,,290,200,1.5,0,,3304,5945,,,,,,,69449425-H,,,,,,6,,,Size,200x290,,1,,,,,,,,,,,,,,,,,,,,,,,,,,,,,,,,,,,,,200x290,,,,,,,,,,,,,,,,,,,,,,,,138267,,,,,,,,,,,,,,,,,,,
109524,variation,69449429,,D-sign Rug 1P0429 Grey - 240x340,1,0,visible,,D-sign Rug 1P0429 Grey 240x340 cm,,,taxable,parent,0,0,,0,0,,340,240,1.5,0,,4644,8355,,,,,,,69449425-H,,,,,,7,,,Size,240x340,,1,,,,,,,,,,,,,,,,,,,,,,,,,,,,,,,,,,,,,240x340,,,,,,,,,,,,,,,,,,,,,,,,138268,,,,,,,,,,,,,,,,,,,
109526,variation,69449431,,D-sign Rug 1P0430 Red - 170x235,1,0,visible,,D-sign Rug 1P0430 Red 170x235 cm,,,taxable,parent,1,1,,0,0,,235,170,1,0,,4449,8005,,,,,,,69449431-H,,,,,,1,,,Size,170x235,,1,,,,,,,,,,,,,,,,,,,,,,,,,,,,,,,,,,,,,170x235,,,,,,,,,,,,,,,,,,,,,,,,138314,,,,,,,,,,,,,,,,,,,
109527,variable,69449436-H,,D-sign Rug 1P0436 Blue,1,0,visible,D-sign Rug 1P0436 Blue,D-sign Rug 1P0436 Blue,,,taxable,,1,,,0,0,,,,,1,,,,"Rooms > Entrance & Corridor, Rooms > Living room, Rugs, Rugs > Traditional",,,"https://rugshop.eu/wp-content/uploads/2022/09/wool-carpet-polonia-tesoro-frame-navy-blue.jpg, https://rugshop.eu/wp-content/uploads/2022/09/wool-carpet-polonia-tesoro-frame-navy-blue-1.jpg, https://rugshop.eu/wp-content/uploads/2022/09/wool-carpet-polonia-tesoro-frame-navy-blue-2.jpg, https://rugshop.eu/wp-content/uploads/2022/09/wool-carpet-polonia-tesoro-frame-navy-blue-3.jpg, https://rugshop.eu/wp-content/uploads/2022/09/wool-carpet-polonia-tesoro-frame-navy-blue-4.jpg",,,,,,,,,2653,,,Size,"170x235, 200x300, 235x350",1,1,Brand,D-sign,1,1,Color,"Blue, Red",1,1,Type of color,Multicolor,1,1,Shape,Rectangular,1,1,Material,Wool,1,1,Type of rug,Traditional,1,1,Weave,Machinemade,1,1,Country,Poland,1,1,Age,New,1,1,,,,,,,,,,,,,,yes,yes,,,,,,,,,,,,,,,,,,,,,,,,,,,,,
109528,variable,69449437-H,,D-sign Rug 1P0437 Black,1,0,visible,D-sign Rug 1P0437 Black,D-sign Rug 1P0437 Black,,,taxable,,1,,,0,0,,,,,1,,,,"Rooms > Entrance & Corridor, Rooms > Kitchen, Rugs > Modern, Rugs",,,"https://rugshop.eu/wp-content/uploads/2022/09/runner-karmel-plain-one-colour-black-60-cm.jpg, https://rugshop.eu/wp-content/uploads/2022/09/runner-karmel-plain-one-colour-black-60-cm.jpg, https://rugshop.eu/wp-content/uploads/2022/09/runner-karmel-plain-one-colour-black-60-cm-1.jpg, https://rugshop.eu/wp-content/uploads/2022/09/runner-karmel-plain-one-colour-black-60-cm-2.jpg",,,,,,,,,2654,,,Size,"60x100, 60x1000, 60x1050, 60x110, 60x1100, 60x1150, 60x120, 60x1200, 60x1250, 60x130, 60x1300, 60x1350, 60x140, 60x1400, 60x150, 60x160, 60x170, 60x180, 60x190, 60x200, 60x210, 60x220, 60x230, 60x240, 60x250, 60x260, 60x270, 60x280, 60x290, 60x300, 60x310, 60x320, 60x330, 60x340, 60x350, 60x360, 60x370, 60x380, 60x390, 60x400, 60x410, 60x420, 60x430, 60x440, 60x450, 60x460, 60x470, 60x480, 60x490, 60x500, 60x510, 60x520, 60x530, 60x540, 60x550, 60x560, 60x570, 60x580, 60x590, 60x600, 60x610, 60x620, 60x630, 60x640, 60x650, 60x660, 60x670, 60x680, 60x690, 60x700, 60x710, 60x720, 60x730, 60x740, 60x750, 60x760, 60x770, 60x780, 60x790, 60x800, 60x810, 60x820, 60x830, 60x840, 60x850, 60x860, 60x870, 60x880, 60x890, 60x900, 60x910, 60x920, 60x930, 60x940, 60x950, 60x960, 60x970, 60x980, 60x990",1,1,Brand,D-sign,1,1,Color,Black-Grey,1,1,Type of color,Singlecolor,1,1,Shape,Rectangular,1,1,Material,Polypropylene,1,1,Type of rug,Modern,1,1,Weave,Machinemade,1,1,Age,New,1,1,,,,,,,,,,,,,,,,,,yes,yes,,,,,,,,,classic-editor,,,,,,,,,,,,,,,,,,,,
109529,variation,69454984,,D-sign Rug 1P0430 Red - 200x300,1,0,visible,,D-sign Rug 1P0430 Red 200x300 cm,,,taxable,parent,0,0,,0,0,,300,200,1,0,,6847,12315,,,,,,,69449431-H,,,,,,2,,,Size,200x300,,1,,,,,,,,,,,,,,,,,,,,,,,,,,,,,,,,,,,,,200x300,,,,,,,,,,,,,,,,,,,,,,,,138313,,,,,,,,,,,,,,,,,,,
109530,variation,69454989,,D-sign Rug 1P0430 Red - 235x350,1,0,visible,,D-sign Rug 1P0430 Red 235x350 cm,,,taxable,parent,0,0,,0,0,,350,235,1,0,,9129,16425,,,,,,,69449431-H,,,,,,3,,,Size,235x350,,1,,,,,,,,,,,,,,,,,,,,,,,,,,,,,,,,,,,,,235x350,,,,,,,,,,,,,,,,,,,,,,,,138612,,,,,,,,,,,,,,,,,,,
109532,variation,69449430,,D-sign Rug 1P0431 Silver - 60x110,1,0,visible,,D-sign Rug 1P0431 Silver 60x110 cm,,,taxable,parent,1,32,,0,0,,110,60,0.6,0,,467,835,,,,,,,69449430-H,,,,,,1,,,Size,60x110,,1,,,,,,,,,,,,,,,,,,,,,,,,,,,,,,,,,,,,,60x110,,,,,,,,,,,,,,,,,,,,,,,,139135,,,,,,,,,,,,,,,,,,,
109533,variation,69454990,,D-sign Rug 1P0431 Silver - 80x150,1,0,visible,,D-sign Rug 1P0431 Silver 80x150 cm,,,taxable,parent,1,28,,0,0,,150,80,0.6,0,,598,1075,,,,,,,69449430-H,,,,,,2,,,Size,80x150,,1,,,,,,,,,,,,,,,,,,,,,,,,,,,,,,,,,,,,,80x150,,,,,,,,,,,,,,,,,,,,,,,,139144,,,,,,,,,,,,,,,,,,,
109534,variation,69454991,,D-sign Rug 1P0431 Silver - 120x170,1,0,visible,,D-sign Rug 1P0431 Silver 120x170 cm,,,taxable,parent,1,23,,0,0,,170,120,0.6,0,,793,1425,,,,,,,69449430-H,,,,,,3,,,Size,120x170,,1,,,,,,,,,,,,,,,,,,,,,,,,,,,,,,,,,,,,,120x170,,,,,,,,,,,,,,,,,,,,,,,,139145,,,,,,,,,,,,,,,,,,,
109535,variation,69454988,,D-sign Rug 1P0431 Silver - 140x200,1,0,visible,,D-sign Rug 1P0431 Silver 140x200 cm,,,taxable,parent,1,33,,0,0,,200,140,0.6,0,,989,1775,,,,,,,69449430-H,,,,,,4,,,Size,140x200,,1,,,,,,,,,,,,,,,,,,,,,,,,,,,,,,,,,,,,,140x200,,,,,,,,,,,,,,,,,,,,,,,,139146,,,,,,,,,,,,,,,,,,,
109536,variation,69454985,,D-sign Rug 1P0431 Silver - 160x230,1,0,visible,,D-sign Rug 1P0431 Silver 160x230 cm,,,taxable,parent,1,13,,0,0,,230,160,0.6,0,,1217,2185,,,,,,,69449430-H,,,,,,5,,,Size,160x230,,1,,,,,,,,,,,,,,,,,,,,,,,,,,,,,,,,,,,,,160x230,,,,,,,,,,,,,,,,,,,,,,,,139147,,,,,,,,,,,,,,,,,,,
109537,variation,69454986,,D-sign Rug 1P0431 Silver - 200x290,1,0,visible,,D-sign Rug 1P0431 Silver 200x290 cm,,,taxable,parent,1,11,,0,0,,290,200,0.6,0,,1739,3125,,,,,,,69449430-H,,,,,,6,,,Size,200x290,,1,,,,,,,,,,,,,,,,,,,,,,,,,,,,,,,,,,,,,200x290,,,,,,,,,,,,,,,,,,,,,,,,139148,,,,,,,,,,,,,,,,,,,
109538,variation,69449435,,D-sign Rug 1P0431 Silver - 240x330,1,0,visible,,D-sign Rug 1P0431 Silver 240x330 cm,,,taxable,parent,1,8,,0,0,,330,240,0.6,0,,2261,4065,,,,,,,69449430-H,,,,,,7,,,Size,240x330,,1,,,,,,,,,,,,,,,,,,,,,,,,,,,,,,,,,,,,,240x330,,,,,,,,,,,,,,,,,,,,,,,,139149,,,,,,,,,,,,,,,,,,,
109540,variation,69449434,,D-sign Rug 1P0433 Green - 170x235,1,0,visible,,D-sign Rug 1P0433 Green 170x235 cm,,,taxable,parent,1,2,,0,0,,235,170,1,0,,4449,8005,,,,,,,69449434-H,,,,,,1,,,Size,170x235,,1,,,,,,,,,,,,,,,,,,,,,,,,,,,,,,,,,,,,,170x235,,,,,,,,,,,,,,,,,,,,,,,,139450,,,,,,,,,,,,,,,,,,,
109541,variation,69454992,,D-sign Rug 1P0433 Green - 200x300,1,0,visible,,D-sign Rug 1P0433 Green 200x300 cm,,,taxable,parent,1,2,,0,0,,300,200,1,0,,6847,12315,,,,,,,69449434-H,,,,,,2,,,Size,200x300,,1,,,,,,,,,,,,,,,,,,,,,,,,,,,,,,,,,,,,,200x300,,,,,,,,,,,,,,,,,,,,,,,,139451,,,,,,,,,,,,,,,,,,,
109542,variation,69455035,,D-sign Rug 1P0433 Green - 235x350,1,0,visible,,D-sign Rug 1P0433 Green 235x350 cm,,,taxable,parent,0,0,,0,0,,350,235,1,0,,9129,16425,,,,,,,69449434-H,,,,,,3,,,Size,235x350,,1,,,,,,,,,,,,,,,,,,,,,,,,,,,,,,,,,,,,,235x350,,,,,,,,,,,,,,,,,,,,,,,,139452,,,,,,,,,,,,,,,,,,,
109544,variation,69449432,,D-sign Rug 1P0434 Beige - 170x235,1,0,visible,,D-sign Rug 1P0434 Beige 170x235 cm,,,taxable,parent,0,0,,0,0,,235,170,1,0,,4449,8005,,,,,,,69449432-H,,,,,,1,,,Size,170x235,,1,,,,,,,,,,,,,,,,,,,,,,,,,,,,,,,,,,,,,170x235,,,,,,,,,,,,,,,,,,,,,,,,139555,,,,,,,,,,,,,,,,,,,
109545,variation,69455031,,D-sign Rug 1P0434 Beige - 200x300,1,0,visible,,D-sign Rug 1P0434 Beige 200x300 cm,,,taxable,parent,1,1,,0,0,,300,200,1,0,,6847,12315,,,,,,,69449432-H,,,,,,2,,,Size,200x300,,1,,,,,,,,,,,,,,,,,,,,,,,,,,,,,,,,,,,,,200x300,,,,,,,,,,,,,,,,,,,,,,,,139556,,,,,,,,,,,,,,,,,,,
109546,variation,69454993,,D-sign Rug 1P0434 Beige - 235x350,1,0,visible,,D-sign Rug 1P0434 Beige 235x350 cm,,,taxable,parent,0,0,,0,0,,350,235,1,0,,9129,16425,,,,,,,69449432-H,,,,,,3,,,Size,235x350,,1,,,,,,,,,,,,,,,,,,,,,,,,,,,,,,,,,,,,,235x350,,,,,,,,,,,,,,,,,,,,,,,,139557,,,,,,,,,,,,,,,,,,,
109548,variation,69449433,,D-sign Rug 1P0435 Brown - 170x235,1,0,visible,,D-sign Rug 1P0435 Brown 170x235 cm,,,taxable,parent,1,3,,0,0,,235,170,1,0,,4449,8005,,,,,,,69449433-H,,,,,,1,,,Size,170x235,,1,,,,,,,,,,,,,,,,,,,,,,,,,,,,,,,,,,,,,170x235,,,,,,,,,,,,,,,,,,,,,,,,140055,,,,,,,,,,,,,,,,,,,
109549,variation,69455032,,D-sign Rug 1P0435 Brown - 200x300,1,0,visible,,D-sign Rug 1P0435 Brown 200x300 cm,,,taxable,parent,1,4,,0,0,,300,200,1,0,,6847,12315,,,,,,,69449433-H,,,,,,2,,,Size,200x300,,1,,,,,,,,,,,,,,,,,,,,,,,,,,,,,,,,,,,,,200x300,,,,,,,,,,,,,,,,,,,,,,,,140056,,,,,,,,,,,,,,,,,,,
109550,variation,69455033,,D-sign Rug 1P0435 Brown - 235x350,1,0,visible,,D-sign Rug 1P0435 Brown 235x350 cm,,,taxable,parent,1,2,,0,0,,350,235,1,0,,9129,16425,,,,,,,69449433-H,,,,,,3,,,Size,235x350,,1,,,,,,,,,,,,,,,,,,,,,,,,,,,,,,,,,,,,,235x350,,,,,,,,,,,,,,,,,,,,,,,,140057,,,,,,,,,,,,,,,,,,,
109552,variation,69449436,,D-sign Rug 1P0436 Blue - 170x235,1,0,visible,,D-sign Rug 1P0436 Blue 170x235 cm,,,taxable,parent,1,2,,0,0,,235,170,1,0,,4449,8005,,,,,,,69449436-H,,,,,,1,,,Size,170x235,,1,,,,,,,,,,,,,,,,,,,,,,,,,,,,,,,,,,,,,170x235,,,,,,,,,,,,,,,,,,,,,,,,140061,,,,,,,,,,,,,,,,,,,
109553,variation,69455065,,D-sign Rug 1P0436 Blue - 200x300,1,0,visible,,D-sign Rug 1P0436 Blue 200x300 cm,,,taxable,parent,1,3,,0,0,,300,200,1,0,,6847,12315,,,,,,,69449436-H,,,,,,2,,,Size,200x300,,1,,,,,,,,,,,,,,,,,,,,,,,,,,,,,,,,,,,,,200x300,,,,,,,,,,,,,,,,,,,,,,,,140062,,,,,,,,,,,,,,,,,,,
109554,variation,69455064,,D-sign Rug 1P0436 Blue - 235x350,1,0,visible,,D-sign Rug 1P0436 Blue 235x350 cm,,,taxable,parent,0,0,,0,0,,350,235,1,0,,9129,16425,,,,,,,69449436-H,,,,,,3,,,Size,235x350,,1,,,,,,,,,,,,,,,,,,,,,,,,,,,,,,,,,,,,,235x350,,,,,,,,,,,,,,,,,,,,,,,,140063,,,,,,,,,,,,,,,,,,,
109556,variation,69449437,,D-sign Rug 1P0437 Black - 60x100,1,0,visible,,D-sign Rug 1P0437 Black 60x100 cm,,,taxable,parent,1,1,,0,0,,100,60,1.2,0,,451,805,,,,,,,69449437-H,,,,,,1,,,Size,60x100,,1,,,,,,,,,,,,,,,,,,,,,,,,,,,,,,,,,,,,,60x100,,,,,,,,,,,,,,,,,,,,,,,,140454,,,,,,,,,,,,,,,,,,,
109557,variation,69455036,,D-sign Rug 1P0437 Black - 60x110,1,0,visible,,D-sign Rug 1P0437 Black 60x110 cm,,,taxable,parent,1,1,,0,0,,110,60,1.2,0,,469,835,,,,,,,69449437-H,,,,,,2,,,Size,60x110,,1,,,,,,,,,,,,,,,,,,,,,,,,,,,,,,,,,,,,,60x110,,,,,,,,,,,,,,,,,,,,,,,,140455,,,,,,,,,,,,,,,,,,,
109558,variation,69455067,,D-sign Rug 1P0437 Black - 60x120,1,0,visible,,D-sign Rug 1P0437 Black 60x120 cm,,,taxable,parent,1,1,,0,0,,120,60,1.2,0,,486,875,,,,,,,69449437-H,,,,,,3,,,Size,60x120,,1,,,,,,,,,,,,,,,,,,,,,,,,,,,,,,,,,,,,,60x120,,,,,,,,,,,,,,,,,,,,,,,,140456,,,,,,,,,,,,,,,,,,,
109559,variation,69455066,,D-sign Rug 1P0437 Black - 60x130,1,0,visible,,D-sign Rug 1P0437 Black 60x130 cm,,,taxable,parent,1,1,,0,0,,130,60,1.2,0,,504,905,,,,,,,69449437-H,,,,,,4,,,Size,60x130,,1,,,,,,,,,,,,,,,,,,,,,,,,,,,,,,,,,,,,,60x130,,,,,,,,,,,,,,,,,,,,,,,,140457,,,,,,,,,,,,,,,,,,,
109560,variation,69455034,,D-sign Rug 1P0437 Black - 60x140,1,0,visible,,D-sign Rug 1P0437 Black 60x140 cm,,,taxable,parent,1,1,,0,0,,140,60,1.2,0,,521,935,,,,,,,69449437-H,,,,,,5,,,Size,60x140,,1,,,,,,,,,,,,,,,,,,,,,,,,,,,,,,,,,,,,,60x140,,,,,,,,,,,,,,,,,,,,,,,,140458,,,,,,,,,,,,,,,,,,,
109561,variation,69455072,,D-sign Rug 1P0437 Black - 60x150,1,0,visible,,D-sign Rug 1P0437 Black 60x150 cm,,,taxable,parent,1,1,,0,0,,150,60,1.2,0,,539,965,,,,,,,69449437-H,,,,,,6,,,Size,60x150,,1,,,,,,,,,,,,,,,,,,,,,,,,,,,,,,,,,,,,,60x150,,,,,,,,,,,,,,,,,,,,,,,,140459,,,,,,,,,,,,,,,,,,,
109562,variation,69455069,,D-sign Rug 1P0437 Black - 60x160,1,0,visible,,D-sign Rug 1P0437 Black 60x160 cm,,,taxable,parent,0,0,,0,0,,160,60,1.2,0,,557,995,,,,,,,69449437-H,,,,,,7,,,Size,60x160,,1,,,,,,,,,,,,,,,,,,,,,,,,,,,,,,,,,,,,,60x160,,,,,,,,,,,,,,,,,,,,,,,,140460,,,,,,,,,,,,,,,,,,,
109563,variation,69449441,,D-sign Rug 1P0437 Black - 60x170,1,0,visible,,D-sign Rug 1P0437 Black 60x170 cm,,,taxable,parent,0,0,,0,0,,170,60,1.2,0,,574,1025,,,,,,,69449437-H,,,,,,8,,,Size,60x170,,1,,,,,,,,,,,,,,,,,,,,,,,,,,,,,,,,,,,,,60x170,,,,,,,,,,,,,,,,,,,,,,,,140461,,,,,,,,,,,,,,,,,,,
109564,variation,69449449,,D-sign Rug 1P0437 Black - 60x180,1,0,visible,,D-sign Rug 1P0437 Black 60x180 cm,,,taxable,parent,0,0,,0,0,,180,60,1.2,0,,592,1065,,,,,,,69449437-H,,,,,,9,,,Size,60x180,,1,,,,,,,,,,,,,,,,,,,,,,,,,,,,,,,,,,,,,60x180,,,,,,,,,,,,,,,,,,,,,,,,140462,,,,,,,,,,,,,,,,,,,
109565,variation,69449442,,D-sign Rug 1P0437 Black - 60x190,1,0,visible,,D-sign Rug 1P0437 Black 60x190 cm,,,taxable,parent,0,0,,0,0,,190,60,1.2,0,,610,1095,,,,,,,69449437-H,,,,,,10,,,Size,60x190,,1,,,,,,,,,,,,,,,,,,,,,,,,,,,,,,,,,,,,,60x190,,,,,,,,,,,,,,,,,,,,,,,,140463,,,,,,,,,,,,,,,,,,,
109566,variation,69449450,,D-sign Rug 1P0437 Black - 60x200,1,0,visible,,D-sign Rug 1P0437 Black 60x200 cm,,,taxable,parent,0,0,,0,0,,200,60,1.2,0,,627,1125,,,,,,,69449437-H,,,,,,11,,,Size,60x200,,1,,,,,,,,,,,,,,,,,,,,,,,,,,,,,,,,,,,,,60x200,,,,,,,,,,,,,,,,,,,,,,,,140464,,,,,,,,,,,,,,,,,,,
109567,variation,69449444,,D-sign Rug 1P0437 Black - 60x210,1,0,visible,,D-sign Rug 1P0437 Black 60x210 cm,,,taxable,parent,0,0,,0,0,,210,60,1.2,0,,645,1155,,,,,,,69449437-H,,,,,,12,,,Size,60x210,,1,,,,,,,,,,,,,,,,,,,,,,,,,,,,,,,,,,,,,60x210,,,,,,,,,,,,,,,,,,,,,,,,140465,,,,,,,,,,,,,,,,,,,
109568,variation,69449446,,D-sign Rug 1P0437 Black - 60x220,1,0,visible,,D-sign Rug 1P0437 Black 60x220 cm,,,taxable,parent,0,0,,0,0,,220,60,1.2,0,,662,1185,,,,,,,69449437-H,,,,,,13,,,Size,60x220,,1,,,,,,,,,,,,,,,,,,,,,,,,,,,,,,,,,,,,,60x220,,,,,,,,,,,,,,,,,,,,,,,,140466,,,,,,,,,,,,,,,,,,,
109569,variation,69449445,,D-sign Rug 1P0437 Black - 60x230,1,0,visible,,D-sign Rug 1P0437 Black 60x230 cm,,,taxable,parent,0,0,,0,0,,230,60,1.2,0,,680,1215,,,,,,,69449437-H,,,,,,14,,,Size,60x230,,1,,,,,,,,,,,,,,,,,,,,,,,,,,,,,,,,,,,,,60x230,,,,,,,,,,,,,,,,,,,,,,,,140467,,,,,,,,,,,,,,,,,,,
109570,variation,69449443,,D-sign Rug 1P0437 Black - 60x240,1,0,visible,,D-sign Rug 1P0437 Black 60x240 cm,,,taxable,parent,0,0,,0,0,,240,60,1.2,0,,698,1255,,,,,,,69449437-H,,,,,,15,,,Size,60x240,,1,,,,,,,,,,,,,,,,,,,,,,,,,,,,,,,,,,,,,60x240,,,,,,,,,,,,,,,,,,,,,,,,140468,,,,,,,,,,,,,,,,,,,
109571,variation,69449448,,D-sign Rug 1P0437 Black - 60x250,1,0,visible,,D-sign Rug 1P0437 Black 60x250 cm,,,taxable,parent,0,0,,0,0,,250,60,1.2,0,,715,1285,,,,,,,69449437-H,,,,,,16,,,Size,60x250,,1,,,,,,,,,,,,,,,,,,,,,,,,,,,,,,,,,,,,,60x250,,,,,,,,,,,,,,,,,,,,,,,,140469,,,,,,,,,,,,,,,,,,,
109572,variation,69449452,,D-sign Rug 1P0437 Black - 60x260,1,0,visible,,D-sign Rug 1P0437 Black 60x260 cm,,,taxable,parent,0,0,,0,0,,260,60,1.2,0,,733,1315,,,,,,,69449437-H,,,,,,17,,,Size,60x260,,1,,,,,,,,,,,,,,,,,,,,,,,,,,,,,,,,,,,,,60x260,,,,,,,,,,,,,,,,,,,,,,,,140470,,,,,,,,,,,,,,,,,,,
109573,variation,69449457,,D-sign Rug 1P0437 Black - 60x270,1,0,visible,,D-sign Rug 1P0437 Black 60x270 cm,,,taxable,parent,0,0,,0,0,,270,60,1.2,0,,750,1345,,,,,,,69449437-H,,,,,,18,,,Size,60x270,,1,,,,,,,,,,,,,,,,,,,,,,,,,,,,,,,,,,,,,60x270,,,,,,,,,,,,,,,,,,,,,,,,140471,,,,,,,,,,,,,,,,,,,
109574,variation,69449461,,D-sign Rug 1P0437 Black - 60x280,1,0,visible,,D-sign Rug 1P0437 Black 60x280 cm,,,taxable,parent,0,0,,0,0,,280,60,1.2,0,,768,1375,,,,,,,69449437-H,,,,,,19,,,Size,60x280,,1,,,,,,,,,,,,,,,,,,,,,,,,,,,,,,,,,,,,,60x280,,,,,,,,,,,,,,,,,,,,,,,,140472,,,,,,,,,,,,,,,,,,,
109575,variation,69449456,,D-sign Rug 1P0437 Black - 60x290,1,0,visible,,D-sign Rug 1P0437 Black 60x290 cm,,,taxable,parent,0,0,,0,0,,290,60,1.2,0,,786,1405,,,,,,,69449437-H,,,,,,20,,,Size,60x290,,1,,,,,,,,,,,,,,,,,,,,,,,,,,,,,,,,,,,,,60x290,,,,,,,,,,,,,,,,,,,,,,,,140473,,,,,,,,,,,,,,,,,,,
109576,variation,69449462,,D-sign Rug 1P0437 Black - 60x300,1,0,visible,,D-sign Rug 1P0437 Black 60x300 cm,,,taxable,parent,0,0,,0,0,,300,60,1.2,0,,803,1445,,,,,,,69449437-H,,,,,,21,,,Size,60x300,,1,,,,,,,,,,,,,,,,,,,,,,,,,,,,,,,,,,,,,60x300,,,,,,,,,,,,,,,,,,,,,,,,140474,,,,,,,,,,,,,,,,,,,
109577,variation,69449459,,D-sign Rug 1P0437 Black - 60x310,1,0,visible,,D-sign Rug 1P0437 Black 60x310 cm,,,taxable,parent,0,0,,0,0,,310,60,1.2,0,,821,1475,,,,,,,69449437-H,,,,,,22,,,Size,60x310,,1,,,,,,,,,,,,,,,,,,,,,,,,,,,,,,,,,,,,,60x310,,,,,,,,,,,,,,,,,,,,,,,,140475,,,,,,,,,,,,,,,,,,,
109578,variation,69449460,,D-sign Rug 1P0437 Black - 60x320,1,0,visible,,D-sign Rug 1P0437 Black 60x320 cm,,,taxable,parent,0,0,,0,0,,320,60,1.2,0,,838,1505,,,,,,,69449437-H,,,,,,23,,,Size,60x320,,1,,,,,,,,,,,,,,,,,,,,,,,,,,,,,,,,,,,,,60x320,,,,,,,,,,,,,,,,,,,,,,,,140476,,,,,,,,,,,,,,,,,,,
109579,variation,69449458,,D-sign Rug 1P0437 Black - 60x330,1,0,visible,,D-sign Rug 1P0437 Black 60x330 cm,,,taxable,parent,0,0,,0,0,,330,60,1.2,0,,856,1535,,,,,,,69449437-H,,,,,,24,,,Size,60x330,,1,,,,,,,,,,,,,,,,,,,,,,,,,,,,,,,,,,,,,60x330,,,,,,,,,,,,,,,,,,,,,,,,140477,,,,,,,,,,,,,,,,,,,
109580,variation,69449464,,D-sign Rug 1P0437 Black - 60x340,1,0,visible,,D-sign Rug 1P0437 Black 60x340 cm,,,taxable,parent,0,0,,0,0,,340,60,1.2,0,,874,1565,,,,,,,69449437-H,,,,,,25,,,Size,60x340,,1,,,,,,,,,,,,,,,,,,,,,,,,,,,,,,,,,,,,,60x340,,,,,,,,,,,,,,,,,,,,,,,,140478,,,,,,,,,,,,,,,,,,,
109581,variation,69449463,,D-sign Rug 1P0437 Black - 60x350,1,0,visible,,D-sign Rug 1P0437 Black 60x350 cm,,,taxable,parent,0,0,,0,0,,350,60,1.2,0,,891,1595,,,,,,,69449437-H,,,,,,26,,,Size,60x350,,1,,,,,,,,,,,,,,,,,,,,,,,,,,,,,,,,,,,,,60x350,,,,,,,,,,,,,,,,,,,,,,,,140479,,,,,,,,,,,,,,,,,,,
109582,variation,69449465,,D-sign Rug 1P0437 Black - 60x360,1,0,visible,,D-sign Rug 1P0437 Black 60x360 cm,,,taxable,parent,0,0,,0,0,,360,60,1.2,0,,909,1635,,,,,,,69449437-H,,,,,,27,,,Size,60x360,,1,,,,,,,,,,,,,,,,,,,,,,,,,,,,,,,,,,,,,60x360,,,,,,,,,,,,,,,,,,,,,,,,140480,,,,,,,,,,,,,,,,,,,
109583,variation,69449469,,D-sign Rug 1P0437 Black - 60x370,1,0,visible,,D-sign Rug 1P0437 Black 60x370 cm,,,taxable,parent,0,0,,0,0,,370,60,1.2,0,,926,1665,,,,,,,69449437-H,,,,,,28,,,Size,60x370,,1,,,,,,,,,,,,,,,,,,,,,,,,,,,,,,,,,,,,,60x370,,,,,,,,,,,,,,,,,,,,,,,,140481,,,,,,,,,,,,,,,,,,,
109584,variation,69449471,,D-sign Rug 1P0437 Black - 60x380,1,0,visible,,D-sign Rug 1P0437 Black 60x380 cm,,,taxable,parent,0,0,,0,0,,380,60,1.2,0,,944,1695,,,,,,,69449437-H,,,,,,29,,,Size,60x380,,1,,,,,,,,,,,,,,,,,,,,,,,,,,,,,,,,,,,,,60x380,,,,,,,,,,,,,,,,,,,,,,,,140482,,,,,,,,,,,,,,,,,,,
109585,variation,69449473,,D-sign Rug 1P0437 Black - 60x390,1,0,visible,,D-sign Rug 1P0437 Black 60x390 cm,,,taxable,parent,0,0,,0,0,,390,60,1.2,0,,962,1725,,,,,,,69449437-H,,,,,,30,,,Size,60x390,,1,,,,,,,,,,,,,,,,,,,,,,,,,,,,,,,,,,,,,60x390,,,,,,,,,,,,,,,,,,,,,,,,140483,,,,,,,,,,,,,,,,,,,
109586,variation,69449474,,D-sign Rug 1P0437 Black - 60x400,1,0,visible,,D-sign Rug 1P0437 Black 60x400 cm,,,taxable,parent,0,0,,0,0,,400,60,1.2,0,,979,1755,,,,,,,69449437-H,,,,,,31,,,Size,60x400,,1,,,,,,,,,,,,,,,,,,,,,,,,,,,,,,,,,,,,,60x400,,,,,,,,,,,,,,,,,,,,,,,,140484,,,,,,,,,,,,,,,,,,,
109587,variation,69449468,,D-sign Rug 1P0437 Black - 60x410,1,0,visible,,D-sign Rug 1P0437 Black 60x410 cm,,,taxable,parent,0,0,,0,0,,410,60,1.2,0,,997,1785,,,,,,,69449437-H,,,,,,32,,,Size,60x410,,1,,,,,,,,,,,,,,,,,,,,,,,,,,,,,,,,,,,,,60x410,,,,,,,,,,,,,,,,,,,,,,,,140485,,,,,,,,,,,,,,,,,,,
109588,variation,69449470,,D-sign Rug 1P0437 Black - 60x420,1,0,visible,,D-sign Rug 1P0437 Black 60x420 cm,,,taxable,parent,0,0,,0,0,,420,60,1.2,0,,1014,1825,,,,,,,69449437-H,,,,,,33,,,Size,60x420,,1,,,,,,,,,,,,,,,,,,,,,,,,,,,,,,,,,,,,,60x420,,,,,,,,,,,,,,,,,,,,,,,,140486,,,,,,,,,,,,,,,,,,,
109589,variation,69449467,,D-sign Rug 1P0437 Black - 60x430,1,0,visible,,D-sign Rug 1P0437 Black 60x430 cm,,,taxable,parent,0,0,,0,0,,430,60,1.2,0,,1032,1855,,,,,,,69449437-H,,,,,,34,,,Size,60x430,,1,,,,,,,,,,,,,,,,,,,,,,,,,,,,,,,,,,,,,60x430,,,,,,,,,,,,,,,,,,,,,,,,140487,,,,,,,,,,,,,,,,,,,
109590,variation,69449466,,D-sign Rug 1P0437 Black - 60x440,1,0,visible,,D-sign Rug 1P0437 Black 60x440 cm,,,taxable,parent,0,0,,0,0,,440,60,1.2,0,,1050,1885,,,,,,,69449437-H,,,,,,35,,,Size,60x440,,1,,,,,,,,,,,,,,,,,,,,,,,,,,,,,,,,,,,,,60x440,,,,,,,,,,,,,,,,,,,,,,,,140488,,,,,,,,,,,,,,,,,,,
109591,variation,69449472,,D-sign Rug 1P0437 Black - 60x450,1,0,visible,,D-sign Rug 1P0437 Black 60x450 cm,,,taxable,parent,0,0,,0,0,,450,60,1.2,0,,1067,1915,,,,,,,69449437-H,,,,,,36,,,Size,60x450,,1,,,,,,,,,,,,,,,,,,,,,,,,,,,,,,,,,,,,,60x450,,,,,,,,,,,,,,,,,,,,,,,,140489,,,,,,,,,,,,,,,,,,,
109592,variation,69449475,,D-sign Rug 1P0437 Black - 60x460,1,0,visible,,D-sign Rug 1P0437 Black 60x460 cm,,,taxable,parent,0,0,,0,0,,460,60,1.2,0,,1085,1945,,,,,,,69449437-H,,,,,,37,,,Size,60x460,,1,,,,,,,,,,,,,,,,,,,,,,,,,,,,,,,,,,,,,60x460,,,,,,,,,,,,,,,,,,,,,,,,140490,,,,,,,,,,,,,,,,,,,
109593,variation,69449477,,D-sign Rug 1P0437 Black - 60x470,1,0,visible,,D-sign Rug 1P0437 Black 60x470 cm,,,taxable,parent,0,0,,0,0,,470,60,1.2,0,,1103,1975,,,,,,,69449437-H,,,,,,38,,,Size,60x470,,1,,,,,,,,,,,,,,,,,,,,,,,,,,,,,,,,,,,,,60x470,,,,,,,,,,,,,,,,,,,,,,,,140491,,,,,,,,,,,,,,,,,,,
109594,variation,69449481,,D-sign Rug 1P0437 Black - 60x480,1,0,visible,,D-sign Rug 1P0437 Black 60x480 cm,,,taxable,parent,0,0,,0,0,,480,60,1.2,0,,1120,2015,,,,,,,69449437-H,,,,,,39,,,Size,60x480,,1,,,,,,,,,,,,,,,,,,,,,,,,,,,,,,,,,,,,,60x480,,,,,,,,,,,,,,,,,,,,,,,,140492,,,,,,,,,,,,,,,,,,,
109595,variation,69449480,,D-sign Rug 1P0437 Black - 60x490,1,0,visible,,D-sign Rug 1P0437 Black 60x490 cm,,,taxable,parent,0,0,,0,0,,490,60,1.2,0,,1138,2045,,,,,,,69449437-H,,,,,,40,,,Size,60x490,,1,,,,,,,,,,,,,,,,,,,,,,,,,,,,,,,,,,,,,60x490,,,,,,,,,,,,,,,,,,,,,,,,140493,,,,,,,,,,,,,,,,,,,
109596,variation,69449483,,D-sign Rug 1P0437 Black - 60x500,1,0,visible,,D-sign Rug 1P0437 Black 60x500 cm,,,taxable,parent,0,0,,0,0,,500,60,1.2,0,,1155,2075,,,,,,,69449437-H,,,,,,41,,,Size,60x500,,1,,,,,,,,,,,,,,,,,,,,,,,,,,,,,,,,,,,,,60x500,,,,,,,,,,,,,,,,,,,,,,,,140494,,,,,,,,,,,,,,,,,,,
109597,variation,69449476,,D-sign Rug 1P0437 Black - 60x510,1,0,visible,,D-sign Rug 1P0437 Black 60x510 cm,,,taxable,parent,0,0,,0,0,,510,60,1.2,0,,1173,2105,,,,,,,69449437-H,,,,,,42,,,Size,60x510,,1,,,,,,,,,,,,,,,,,,,,,,,,,,,,,,,,,,,,,60x510,,,,,,,,,,,,,,,,,,,,,,,,140495,,,,,,,,,,,,,,,,,,,
109598,variation,69449482,,D-sign Rug 1P0437 Black - 60x520,1,0,visible,,D-sign Rug 1P0437 Black 60x520 cm,,,taxable,parent,0,0,,0,0,,520,60,1.2,0,,1191,2135,,,,,,,69449437-H,,,,,,43,,,Size,60x520,,1,,,,,,,,,,,,,,,,,,,,,,,,,,,,,,,,,,,,,60x520,,,,,,,,,,,,,,,,,,,,,,,,140496,,,,,,,,,,,,,,,,,,,
109599,variation,69449479,,D-sign Rug 1P0437 Black - 60x530,1,0,visible,,D-sign Rug 1P0437 Black 60x530 cm,,,taxable,parent,0,0,,0,0,,530,60,1.2,0,,1208,2165,,,,,,,69449437-H,,,,,,44,,,Size,60x530,,1,,,,,,,,,,,,,,,,,,,,,,,,,,,,,,,,,,,,,60x530,,,,,,,,,,,,,,,,,,,,,,,,140497,,,,,,,,,,,,,,,,,,,
109600,variation,69449478,,D-sign Rug 1P0437 Black - 60x540,1,0,visible,,D-sign Rug 1P0437 Black 60x540 cm,,,taxable,parent,0,0,,0,0,,540,60,1.2,0,,1226,2205,,,,,,,69449437-H,,,,,,45,,,Size,60x540,,1,,,,,,,,,,,,,,,,,,,,,,,,,,,,,,,,,,,,,60x540,,,,,,,,,,,,,,,,,,,,,,,,140498,,,,,,,,,,,,,,,,,,,
109601,variation,69449484,,D-sign Rug 1P0437 Black - 60x550,1,0,visible,,D-sign Rug 1P0437 Black 60x550 cm,,,taxable,parent,0,0,,0,0,,550,60,1.2,0,,1243,2235,,,,,,,69449437-H,,,,,,46,,,Size,60x550,,1,,,,,,,,,,,,,,,,,,,,,,,,,,,,,,,,,,,,,60x550,,,,,,,,,,,,,,,,,,,,,,,,140499,,,,,,,,,,,,,,,,,,,
109602,variation,69449485,,D-sign Rug 1P0437 Black - 60x560,1,0,visible,,D-sign Rug 1P0437 Black 60x560 cm,,,taxable,parent,0,0,,0,0,,560,60,1.2,0,,1261,2265,,,,,,,69449437-H,,,,,,47,,,Size,60x560,,1,,,,,,,,,,,,,,,,,,,,,,,,,,,,,,,,,,,,,60x560,,,,,,,,,,,,,,,,,,,,,,,,140500,,,,,,,,,,,,,,,,,,,
109603,variation,69449487,,D-sign Rug 1P0437 Black - 60x570,1,0,visible,,D-sign Rug 1P0437 Black 60x570 cm,,,taxable,parent,0,0,,0,0,,570,60,1.2,0,,1279,2295,,,,,,,69449437-H,,,,,,48,,,Size,60x570,,1,,,,,,,,,,,,,,,,,,,,,,,,,,,,,,,,,,,,,60x570,,,,,,,,,,,,,,,,,,,,,,,,140501,,,,,,,,,,,,,,,,,,,
109604,variation,69449491,,D-sign Rug 1P0437 Black - 60x580,1,0,visible,,D-sign Rug 1P0437 Black 60x580 cm,,,taxable,parent,0,0,,0,0,,580,60,1.2,0,,1296,2325,,,,,,,69449437-H,,,,,,49,,,Size,60x580,,1,,,,,,,,,,,,,,,,,,,,,,,,,,,,,,,,,,,,,60x580,,,,,,,,,,,,,,,,,,,,,,,,140502,,,,,,,,,,,,,,,,,,,
109605,variation,69449486,,D-sign Rug 1P0437 Black - 60x590,1,0,visible,,D-sign Rug 1P0437 Black 60x590 cm,,,taxable,parent,0,0,,0,0,,590,60,1.2,0,,1314,2355,,,,,,,69449437-H,,,,,,50,,,Size,60x590,,1,,,,,,,,,,,,,,,,,,,,,,,,,,,,,,,,,,,,,60x590,,,,,,,,,,,,,,,,,,,,,,,,140503,,,,,,,,,,,,,,,,,,,
109606,variation,69449492,,D-sign Rug 1P0437 Black - 60x600,1,0,visible,,D-sign Rug 1P0437 Black 60x600 cm,,,taxable,parent,0,0,,0,0,,600,60,1.2,0,,1331,2395,,,,,,,69449437-H,,,,,,51,,,Size,60x600,,1,,,,,,,,,,,,,,,,,,,,,,,,,,,,,,,,,,,,,60x600,,,,,,,,,,,,,,,,,,,,,,,,140504,,,,,,,,,,,,,,,,,,,
109607,variation,69449489,,D-sign Rug 1P0437 Black - 60x610,1,0,visible,,D-sign Rug 1P0437 Black 60x610 cm,,,taxable,parent,0,0,,0,0,,610,60,1.2,0,,1349,2425,,,,,,,69449437-H,,,,,,52,,,Size,60x610,,1,,,,,,,,,,,,,,,,,,,,,,,,,,,,,,,,,,,,,60x610,,,,,,,,,,,,,,,,,,,,,,,,140505,,,,,,,,,,,,,,,,,,,
109608,variation,69449488,,D-sign Rug 1P0437 Black - 60x620,1,0,visible,,D-sign Rug 1P0437 Black 60x620 cm,,,taxable,parent,0,0,,0,0,,620,60,1.2,0,,1367,2455,,,,,,,69449437-H,,,,,,53,,,Size,60x620,,1,,,,,,,,,,,,,,,,,,,,,,,,,,,,,,,,,,,,,60x620,,,,,,,,,,,,,,,,,,,,,,,,140506,,,,,,,,,,,,,,,,,,,
109609,variation,69449493,,D-sign Rug 1P0437 Black - 60x630,1,0,visible,,D-sign Rug 1P0437 Black 60x630 cm,,,taxable,parent,0,0,,0,0,,630,60,1.2,0,,1384,2485,,,,,,,69449437-H,,,,,,54,,,Size,60x630,,1,,,,,,,,,,,,,,,,,,,,,,,,,,,,,,,,,,,,,60x630,,,,,,,,,,,,,,,,,,,,,,,,140507,,,,,,,,,,,,,,,,,,,
109610,variation,69449495,,D-sign Rug 1P0437 Black - 60x640,1,0,visible,,D-sign Rug 1P0437 Black 60x640 cm,,,taxable,parent,0,0,,0,0,,640,60,1.2,0,,1402,2515,,,,,,,69449437-H,,,,,,55,,,Size,60x640,,1,,,,,,,,,,,,,,,,,,,,,,,,,,,,,,,,,,,,,60x640,,,,,,,,,,,,,,,,,,,,,,,,140508,,,,,,,,,,,,,,,,,,,
109611,variation,69449490,,D-sign Rug 1P0437 Black - 60x650,1,0,visible,,D-sign Rug 1P0437 Black 60x650 cm,,,taxable,parent,0,0,,0,0,,650,60,1.2,0,,1419,2545,,,,,,,69449437-H,,,,,,56,,,Size,60x650,,1,,,,,,,,,,,,,,,,,,,,,,,,,,,,,,,,,,,,,60x650,,,,,,,,,,,,,,,,,,,,,,,,140509,,,,,,,,,,,,,,,,,,,
109612,variation,69449494,,D-sign Rug 1P0437 Black - 60x660,1,0,visible,,D-sign Rug 1P0437 Black 60x660 cm,,,taxable,parent,0,0,,0,0,,660,60,1.2,0,,1437,2585,,,,,,,69449437-H,,,,,,57,,,Size,60x660,,1,,,,,,,,,,,,,,,,,,,,,,,,,,,,,,,,,,,,,60x660,,,,,,,,,,,,,,,,,,,,,,,,140510,,,,,,,,,,,,,,,,,,,
109613,variation,69449504,,D-sign Rug 1P0437 Black - 60x670,1,0,visible,,D-sign Rug 1P0437 Black 60x670 cm,,,taxable,parent,0,0,,0,0,,670,60,1.2,0,,1455,2615,,,,,,,69449437-H,,,,,,58,,,Size,60x670,,1,,,,,,,,,,,,,,,,,,,,,,,,,,,,,,,,,,,,,60x670,,,,,,,,,,,,,,,,,,,,,,,,140511,,,,,,,,,,,,,,,,,,,
109614,variation,69449505,,D-sign Rug 1P0437 Black - 60x680,1,0,visible,,D-sign Rug 1P0437 Black 60x680 cm,,,taxable,parent,0,0,,0,0,,680,60,1.2,0,,1472,2645,,,,,,,69449437-H,,,,,,59,,,Size,60x680,,1,,,,,,,,,,,,,,,,,,,,,,,,,,,,,,,,,,,,,60x680,,,,,,,,,,,,,,,,,,,,,,,,140512,,,,,,,,,,,,,,,,,,,
109615,variation,69449498,,D-sign Rug 1P0437 Black - 60x690,1,0,visible,,D-sign Rug 1P0437 Black 60x690 cm,,,taxable,parent,0,0,,0,0,,690,60,1.2,0,,1490,2675,,,,,,,69449437-H,,,,,,60,,,Size,60x690,,1,,,,,,,,,,,,,,,,,,,,,,,,,,,,,,,,,,,,,60x690,,,,,,,,,,,,,,,,,,,,,,,,140513,,,,,,,,,,,,,,,,,,,
109616,variation,69449507,,D-sign Rug 1P0437 Black - 60x700,1,0,visible,,D-sign Rug 1P0437 Black 60x700 cm,,,taxable,parent,0,0,,0,0,,700,60,1.2,0,,1507,2705,,,,,,,69449437-H,,,,,,61,,,Size,60x700,,1,,,,,,,,,,,,,,,,,,,,,,,,,,,,,,,,,,,,,60x700,,,,,,,,,,,,,,,,,,,,,,,,140514,,,,,,,,,,,,,,,,,,,
109617,variation,69449501,,D-sign Rug 1P0437 Black - 60x710,1,0,visible,,D-sign Rug 1P0437 Black 60x710 cm,,,taxable,parent,0,0,,0,0,,710,60,1.2,0,,1525,2745,,,,,,,69449437-H,,,,,,62,,,Size,60x710,,1,,,,,,,,,,,,,,,,,,,,,,,,,,,,,,,,,,,,,60x710,,,,,,,,,,,,,,,,,,,,,,,,140515,,,,,,,,,,,,,,,,,,,
109618,variation,69449499,,D-sign Rug 1P0437 Black - 60x720,1,0,visible,,D-sign Rug 1P0437 Black 60x720 cm,,,taxable,parent,0,0,,0,0,,720,60,1.2,0,,1543,2775,,,,,,,69449437-H,,,,,,63,,,Size,60x720,,1,,,,,,,,,,,,,,,,,,,,,,,,,,,,,,,,,,,,,60x720,,,,,,,,,,,,,,,,,,,,,,,,140516,,,,,,,,,,,,,,,,,,,
109619,variation,69449500,,D-sign Rug 1P0437 Black - 60x730,1,0,visible,,D-sign Rug 1P0437 Black 60x730 cm,,,taxable,parent,0,0,,0,0,,730,60,1.2,0,,1560,2805,,,,,,,69449437-H,,,,,,64,,,Size,60x730,,1,,,,,,,,,,,,,,,,,,,,,,,,,,,,,,,,,,,,,60x730,,,,,,,,,,,,,,,,,,,,,,,,140517,,,,,,,,,,,,,,,,,,,
109620,variation,69449503,,D-sign Rug 1P0437 Black - 60x740,1,0,visible,,D-sign Rug 1P0437 Black 60x740 cm,,,taxable,parent,0,0,,0,0,,740,60,1.2,0,,1578,2835,,,,,,,69449437-H,,,,,,65,,,Size,60x740,,1,,,,,,,,,,,,,,,,,,,,,,,,,,,,,,,,,,,,,60x740,,,,,,,,,,,,,,,,,,,,,,,,140518,,,,,,,,,,,,,,,,,,,
109621,variation,69449502,,D-sign Rug 1P0437 Black - 60x750,1,0,visible,,D-sign Rug 1P0437 Black 60x750 cm,,,taxable,parent,0,0,,0,0,,750,60,1.2,0,,1596,2865,,,,,,,69449437-H,,,,,,66,,,Size,60x750,,1,,,,,,,,,,,,,,,,,,,,,,,,,,,,,,,,,,,,,60x750,,,,,,,,,,,,,,,,,,,,,,,,140519,,,,,,,,,,,,,,,,,,,
109622,variation,69449506,,D-sign Rug 1P0437 Black - 60x760,1,0,visible,,D-sign Rug 1P0437 Black 60x760 cm,,,taxable,parent,0,0,,0,0,,760,60,1.2,0,,1613,2895,,,,,,,69449437-H,,,,,,67,,,Size,60x760,,1,,,,,,,,,,,,,,,,,,,,,,,,,,,,,,,,,,,,,60x760,,,,,,,,,,,,,,,,,,,,,,,,140520,,,,,,,,,,,,,,,,,,,
109623,variation,69449515,,D-sign Rug 1P0437 Black - 60x770,1,0,visible,,D-sign Rug 1P0437 Black 60x770 cm,,,taxable,parent,0,0,,0,0,,770,60,1.2,0,,1631,2935,,,,,,,69449437-H,,,,,,68,,,Size,60x770,,1,,,,,,,,,,,,,,,,,,,,,,,,,,,,,,,,,,,,,60x770,,,,,,,,,,,,,,,,,,,,,,,,140521,,,,,,,,,,,,,,,,,,,
109624,variation,69449516,,D-sign Rug 1P0437 Black - 60x780,1,0,visible,,D-sign Rug 1P0437 Black 60x780 cm,,,taxable,parent,0,0,,0,0,,780,60,1.2,0,,1648,2965,,,,,,,69449437-H,,,,,,69,,,Size,60x780,,1,,,,,,,,,,,,,,,,,,,,,,,,,,,,,,,,,,,,,60x780,,,,,,,,,,,,,,,,,,,,,,,,140522,,,,,,,,,,,,,,,,,,,
109625,variation,69449508,,D-sign Rug 1P0437 Black - 60x790,1,0,visible,,D-sign Rug 1P0437 Black 60x790 cm,,,taxable,parent,0,0,,0,0,,790,60,1.2,0,,1666,2995,,,,,,,69449437-H,,,,,,70,,,Size,60x790,,1,,,,,,,,,,,,,,,,,,,,,,,,,,,,,,,,,,,,,60x790,,,,,,,,,,,,,,,,,,,,,,,,140523,,,,,,,,,,,,,,,,,,,
109626,variation,69449514,,D-sign Rug 1P0437 Black - 60x800,1,0,visible,,D-sign Rug 1P0437 Black 60x800 cm,,,taxable,parent,0,0,,0,0,,800,60,1.2,0,,1684,3025,,,,,,,69449437-H,,,,,,71,,,Size,60x800,,1,,,,,,,,,,,,,,,,,,,,,,,,,,,,,,,,,,,,,60x800,,,,,,,,,,,,,,,,,,,,,,,,140524,,,,,,,,,,,,,,,,,,,
109627,variation,69449510,,D-sign Rug 1P0437 Black - 60x810,1,0,visible,,D-sign Rug 1P0437 Black 60x810 cm,,,taxable,parent,0,0,,0,0,,810,60,1.2,0,,1701,3055,,,,,,,69449437-H,,,,,,72,,,Size,60x810,,1,,,,,,,,,,,,,,,,,,,,,,,,,,,,,,,,,,,,,60x810,,,,,,,,,,,,,,,,,,,,,,,,140525,,,,,,,,,,,,,,,,,,,
109628,variation,69449511,,D-sign Rug 1P0437 Black - 60x820,1,0,visible,,D-sign Rug 1P0437 Black 60x820 cm,,,taxable,parent,0,0,,0,0,,820,60,1.2,0,,1719,3085,,,,,,,69449437-H,,,,,,73,,,Size,60x820,,1,,,,,,,,,,,,,,,,,,,,,,,,,,,,,,,,,,,,,60x820,,,,,,,,,,,,,,,,,,,,,,,,140526,,,,,,,,,,,,,,,,,,,
109629,variation,69449509,,D-sign Rug 1P0437 Black - 60x830,1,0,visible,,D-sign Rug 1P0437 Black 60x830 cm,,,taxable,parent,0,0,,0,0,,830,60,1.2,0,,1736,3125,,,,,,,69449437-H,,,,,,74,,,Size,60x830,,1,,,,,,,,,,,,,,,,,,,,,,,,,,,,,,,,,,,,,60x830,,,,,,,,,,,,,,,,,,,,,,,,140527,,,,,,,,,,,,,,,,,,,
109630,variation,69449517,,D-sign Rug 1P0437 Black - 60x840,1,0,visible,,D-sign Rug 1P0437 Black 60x840 cm,,,taxable,parent,0,0,,0,0,,840,60,1.2,0,,1754,3155,,,,,,,69449437-H,,,,,,75,,,Size,60x840,,1,,,,,,,,,,,,,,,,,,,,,,,,,,,,,,,,,,,,,60x840,,,,,,,,,,,,,,,,,,,,,,,,140528,,,,,,,,,,,,,,,,,,,
109631,variation,69449512,,D-sign Rug 1P0437 Black - 60x850,1,0,visible,,D-sign Rug 1P0437 Black 60x850 cm,,,taxable,parent,0,0,,0,0,,850,60,1.2,0,,1772,3185,,,,,,,69449437-H,,,,,,76,,,Size,60x850,,1,,,,,,,,,,,,,,,,,,,,,,,,,,,,,,,,,,,,,60x850,,,,,,,,,,,,,,,,,,,,,,,,140529,,,,,,,,,,,,,,,,,,,
109632,variation,69449513,,D-sign Rug 1P0437 Black - 60x860,1,0,visible,,D-sign Rug 1P0437 Black 60x860 cm,,,taxable,parent,0,0,,0,0,,860,60,1.2,0,,1789,3215,,,,,,,69449437-H,,,,,,77,,,Size,60x860,,1,,,,,,,,,,,,,,,,,,,,,,,,,,,,,,,,,,,,,60x860,,,,,,,,,,,,,,,,,,,,,,,,140530,,,,,,,,,,,,,,,,,,,
109633,variation,69449529,,D-sign Rug 1P0437 Black - 60x870,1,0,visible,,D-sign Rug 1P0437 Black 60x870 cm,,,taxable,parent,0,0,,0,0,,870,60,1.2,0,,1807,3245,,,,,,,69449437-H,,,,,,78,,,Size,60x870,,1,,,,,,,,,,,,,,,,,,,,,,,,,,,,,,,,,,,,,60x870,,,,,,,,,,,,,,,,,,,,,,,,140531,,,,,,,,,,,,,,,,,,,
109634,variation,69449521,,D-sign Rug 1P0437 Black - 60x880,1,0,visible,,D-sign Rug 1P0437 Black 60x880 cm,,,taxable,parent,0,0,,0,0,,880,60,1.2,0,,1824,3275,,,,,,,69449437-H,,,,,,79,,,Size,60x880,,1,,,,,,,,,,,,,,,,,,,,,,,,,,,,,,,,,,,,,60x880,,,,,,,,,,,,,,,,,,,,,,,,140532,,,,,,,,,,,,,,,,,,,
109635,variation,69449528,,D-sign Rug 1P0437 Black - 60x890,1,0,visible,,D-sign Rug 1P0437 Black 60x890 cm,,,taxable,parent,0,0,,0,0,,890,60,1.2,0,,1842,3315,,,,,,,69449437-H,,,,,,80,,,Size,60x890,,1,,,,,,,,,,,,,,,,,,,,,,,,,,,,,,,,,,,,,60x890,,,,,,,,,,,,,,,,,,,,,,,,140533,,,,,,,,,,,,,,,,,,,
109636,variation,69449522,,D-sign Rug 1P0437 Black - 60x900,1,0,visible,,D-sign Rug 1P0437 Black 60x900 cm,,,taxable,parent,0,0,,0,0,,900,60,1.2,0,,1928,3465,,,,,,,69449437-H,,,,,,81,,,Size,60x900,,1,,,,,,,,,,,,,,,,,,,,,,,,,,,,,,,,,,,,,60x900,,,,,,,,,,,,,,,,,,,,,,,,140534,,,,,,,,,,,,,,,,,,,
109637,variation,69449526,,D-sign Rug 1P0437 Black - 60x910,1,0,visible,,D-sign Rug 1P0437 Black 60x910 cm,,,taxable,parent,0,0,,0,0,,910,60,1.2,0,,1946,3495,,,,,,,69449437-H,,,,,,82,,,Size,60x910,,1,,,,,,,,,,,,,,,,,,,,,,,,,,,,,,,,,,,,,60x910,,,,,,,,,,,,,,,,,,,,,,,,140535,,,,,,,,,,,,,,,,,,,
109638,variation,69449524,,D-sign Rug 1P0437 Black - 60x920,1,0,visible,,D-sign Rug 1P0437 Black 60x920 cm,,,taxable,parent,0,0,,0,0,,920,60,1.2,0,,1964,3525,,,,,,,69449437-H,,,,,,83,,,Size,60x920,,1,,,,,,,,,,,,,,,,,,,,,,,,,,,,,,,,,,,,,60x920,,,,,,,,,,,,,,,,,,,,,,,,140536,,,,,,,,,,,,,,,,,,,
109639,variation,69449525,,D-sign Rug 1P0437 Black - 60x930,1,0,visible,,D-sign Rug 1P0437 Black 60x930 cm,,,taxable,parent,0,0,,0,0,,930,60,1.2,0,,1981,3565,,,,,,,69449437-H,,,,,,84,,,Size,60x930,,1,,,,,,,,,,,,,,,,,,,,,,,,,,,,,,,,,,,,,60x930,,,,,,,,,,,,,,,,,,,,,,,,140537,,,,,,,,,,,,,,,,,,,
109640,variation,69449523,,D-sign Rug 1P0437 Black - 60x940,1,0,visible,,D-sign Rug 1P0437 Black 60x940 cm,,,taxable,parent,0,0,,0,0,,940,60,1.2,0,,1999,3595,,,,,,,69449437-H,,,,,,85,,,Size,60x940,,1,,,,,,,,,,,,,,,,,,,,,,,,,,,,,,,,,,,,,60x940,,,,,,,,,,,,,,,,,,,,,,,,140538,,,,,,,,,,,,,,,,,,,
109641,variation,69449527,,D-sign Rug 1P0437 Black - 60x950,1,0,visible,,D-sign Rug 1P0437 Black 60x950 cm,,,taxable,parent,0,0,,0,0,,950,60,1.2,0,,2016,3625,,,,,,,69449437-H,,,,,,86,,,Size,60x950,,1,,,,,,,,,,,,,,,,,,,,,,,,,,,,,,,,,,,,,60x950,,,,,,,,,,,,,,,,,,,,,,,,140539,,,,,,,,,,,,,,,,,,,
109642,variation,69449530,,D-sign Rug 1P0437 Black - 60x960,1,0,visible,,D-sign Rug 1P0437 Black 60x960 cm,,,taxable,parent,0,0,,0,0,,960,60,1.2,0,,2034,3655,,,,,,,69449437-H,,,,,,87,,,Size,60x960,,1,,,,,,,,,,,,,,,,,,,,,,,,,,,,,,,,,,,,,60x960,,,,,,,,,,,,,,,,,,,,,,,,140540,,,,,,,,,,,,,,,,,,,
109643,variation,69449539,,D-sign Rug 1P0437 Black - 60x970,1,0,visible,,D-sign Rug 1P0437 Black 60x970 cm,,,taxable,parent,0,0,,0,0,,970,60,1.2,0,,2052,3685,,,,,,,69449437-H,,,,,,88,,,Size,60x970,,1,,,,,,,,,,,,,,,,,,,,,,,,,,,,,,,,,,,,,60x970,,,,,,,,,,,,,,,,,,,,,,,,140541,,,,,,,,,,,,,,,,,,,
109644,variation,69449531,,D-sign Rug 1P0437 Black - 60x980,1,0,visible,,D-sign Rug 1P0437 Black 60x980 cm,,,taxable,parent,0,0,,0,0,,980,60,1.2,0,,2069,3715,,,,,,,69449437-H,,,,,,89,,,Size,60x980,,1,,,,,,,,,,,,,,,,,,,,,,,,,,,,,,,,,,,,,60x980,,,,,,,,,,,,,,,,,,,,,,,,140542,,,,,,,,,,,,,,,,,,,
109645,variation,69449537,,D-sign Rug 1P0437 Black - 60x990,1,0,visible,,D-sign Rug 1P0437 Black 60x990 cm,,,taxable,parent,0,0,,0,0,,990,60,1.2,0,,2087,3755,,,,,,,69449437-H,,,,,,90,,,Size,60x990,,1,,,,,,,,,,,,,,,,,,,,,,,,,,,,,,,,,,,,,60x990,,,,,,,,,,,,,,,,,,,,,,,,140543,,,,,,,,,,,,,,,,,,,
109647,variation,69449535,,D-sign Rug 1P0437 Black - 60x1000,1,0,visible,,D-sign Rug 1P0437 Black 60x1000 cm,,,taxable,parent,0,0,,0,0,,1000,60,1.2,0,,2104,3785,,,,,,,69449437-H,,,,,,91,,,Size,60x1000,,1,,,,,,,,,,,,,,,,,,,,,,,,,,,,,,,,,,,,,60x1000,,,,,,,,,,,,,,,,,,,,,,,,140544,,,,,,,,,,,,,,,,,,,
109648,variation,69449533,,D-sign Rug 1P0437 Black - 60x1050,1,0,visible,,D-sign Rug 1P0437 Black 60x1050 cm,,,taxable,parent,0,0,,0,0,,1050,60,1.2,0,,2192,3945,,,,,,,69449437-H,,,,,,92,,,Size,60x1050,,1,,,,,,,,,,,,,,,,,,,,,,,,,,,,,,,,,,,,,60x1050,,,,,,,,,,,,,,,,,,,,,,,,140545,,,,,,,,,,,,,,,,,,,
109649,variation,69449534,,D-sign Rug 1P0437 Black - 60x1100,1,0,visible,,D-sign Rug 1P0437 Black 60x1100 cm,,,taxable,parent,0,0,,0,0,,1100,60,1.2,0,,2280,4095,,,,,,,69449437-H,,,,,,93,,,Size,60x1100,,1,,,,,,,,,,,,,,,,,,,,,,,,,,,,,,,,,,,,,60x1100,,,,,,,,,,,,,,,,,,,,,,,,140546,,,,,,,,,,,,,,,,,,,
109650,variation,69449538,,D-sign Rug 1P0437 Black - 60x1150,1,0,visible,,D-sign Rug 1P0437 Black 60x1150 cm,,,taxable,parent,0,0,,0,0,,1150,60,1.2,0,,2369,4255,,,,,,,69449437-H,,,,,,94,,,Size,60x1150,,1,,,,,,,,,,,,,,,,,,,,,,,,,,,,,,,,,,,,,60x1150,,,,,,,,,,,,,,,,,,,,,,,,140547,,,,,,,,,,,,,,,,,,,
109651,variation,69449532,,D-sign Rug 1P0437 Black - 60x1200,1,0,visible,,D-sign Rug 1P0437 Black 60x1200 cm,,,taxable,parent,0,0,,0,0,,1200,60,1.2,0,,2457,4415,,,,,,,69449437-H,,,,,,95,,,Size,60x1200,,1,,,,,,,,,,,,,,,,,,,,,,,,,,,,,,,,,,,,,60x1200,,,,,,,,,,,,,,,,,,,,,,,,140548,,,,,,,,,,,,,,,,,,,
109652,variation,69449540,,D-sign Rug 1P0437 Black - 60x1250,1,0,visible,,D-sign Rug 1P0437 Black 60x1250 cm,,,taxable,parent,0,0,,0,0,,1250,60,1.2,0,,2545,4575,,,,,,,69449437-H,,,,,,96,,,Size,60x1250,,1,,,,,,,,,,,,,,,,,,,,,,,,,,,,,,,,,,,,,60x1250,,,,,,,,,,,,,,,,,,,,,,,,140549,,,,,,,,,,,,,,,,,,,
109653,variation,69449536,,D-sign Rug 1P0437 Black - 60x1300,1,0,visible,,D-sign Rug 1P0437 Black 60x1300 cm,,,taxable,parent,0,0,,0,0,,1300,60,1.2,0,,2633,4735,,,,,,,69449437-H,,,,,,97,,,Size,60x1300,,1,,,,,,,,,,,,,,,,,,,,,,,,,,,,,,,,,,,,,60x1300,,,,,,,,,,,,,,,,,,,,,,,,140550,,,,,,,,,,,,,,,,,,,
109654,variation,69449541,,D-sign Rug 1P0437 Black - 60x1350,1,0,visible,,D-sign Rug 1P0437 Black 60x1350 cm,,,taxable,parent,0,0,,0,0,,1350,60,1.2,0,,2721,4895,,,,,,,69449437-H,,,,,,98,,,Size,60x1350,,1,,,,,,,,,,,,,,,,,,,,,,,,,,,,,,,,,,,,,60x1350,,,,,,,,,,,,,,,,,,,,,,,,140551,,,,,,,,,,,,,,,,,,,
109655,variation,69449542,,D-sign Rug 1P0437 Black - 60x1400,1,0,visible,,D-sign Rug 1P0437 Black 60x1400 cm,,,taxable,parent,0,0,,0,0,,1400,60,1.2,0,,2809,5055,,,,,,,69449437-H,,,,,,99,,,Size,60x1400,,1,,,,,,,,,,,,,,,,,,,,,,,,,,,,,,,,,,,,,60x1400,,,,,,,,,,,,,,,,,,,,,,,,140552,,,,,,,,,,,,,,,,,,,
109835,variable,69449763-H,,D-sign Rug 1P0440 Black,1,0,visible,D-sign Rug 1P0440 Black,D-sign Rug 1P0440 Black,,,taxable,,1,,,0,0,,,,,1,,,,"Rooms > Entrance & Corridor, Rooms > Kitchen, Rugs > Modern, Rugs",,,"https://rugshop.eu/wp-content/uploads/2022/09/runner-karmel-plain-one-colour-black-100-cm.jpg, https://rugshop.eu/wp-content/uploads/2022/09/runner-karmel-plain-one-colour-black-100-cm-1.jpg, https://rugshop.eu/wp-content/uploads/2022/09/runner-karmel-plain-one-colour-black-100-cm-2.jpg, https://rugshop.eu/wp-content/uploads/2022/09/runner-karmel-plain-one-colour-black-100-cm-3.jpg, https://rugshop.eu/wp-content/uploads/2022/09/runner-karmel-plain-one-colour-black-100-cm-4.jpg",,,,,,,,,2657,,,Size,"100x100, 100x1000, 100x1050, 100x110, 100x1100, 100x1150, 100x120, 100x1200, 100x1250, 100x130, 100x1300, 100x1350, 100x140, 100x1400, 100x150, 100x160, 100x170, 100x180, 100x190, 100x200, 100x210, 100x220, 100x230, 100x240, 100x250, 100x260, 100x270, 100x280, 100x290, 100x300, 100x310, 100x320, 100x330, 100x340, 100x350, 100x360, 100x370, 100x380, 100x390, 100x400, 100x410, 100x420, 100x430, 100x440, 100x450, 100x460, 100x470, 100x480, 100x490, 100x500, 100x510, 100x520, 100x530, 100x540, 100x550, 100x560, 100x570, 100x580, 100x590, 100x600, 100x610, 100x620, 100x630, 100x640, 100x650, 100x660, 100x670, 100x680, 100x690, 100x700, 100x710, 100x720, 100x730, 100x740, 100x750, 100x760, 100x770, 100x780, 100x790, 100x800, 100x810, 100x820, 100x830, 100x840, 100x850, 100x860, 100x870, 100x880, 100x890, 100x900, 100x910, 100x920, 100x930, 100x940, 100x950, 100x960, 100x970, 100x980, 100x990",1,1,Brand,D-sign,1,1,Color,Black-Grey,1,1,Type of color,Singlecolor,1,1,Shape,Rectangular,1,1,Material,Polypropylene,1,1,Type of rug,Modern,1,1,Weave,Machinemade,1,1,Age,New,1,1,,,,,,,,,,,,,,,,,,yes,yes,,,,,,,,,,,,,,,,,,,,,,,,,,,,,
109859,variation,69449763,,D-sign Rug 1P0440 Black - 100x100,1,0,visible,,D-sign Rug 1P0440 Black 100x100 cm,,,taxable,parent,1,25,,0,0,,100,100,1.2,0,,568,1015,,,,,,,69449763-H,,,,,,1,,,Size,100x100,,1,,,,,,,,,,,,,,,,,,,,,,,,,,,,,,,,,,,,,100x100,,,,,,,,,,,,,,,,,,,,,,,,140754,,,,,,,,,,,,,,,,,,,
109860,variation,69455822,,D-sign Rug 1P0440 Black - 100x110,1,0,visible,,D-sign Rug 1P0440 Black 100x110 cm,,,taxable,parent,1,23,,0,0,,110,100,1.2,0,,598,1075,,,,,,,69449763-H,,,,,,2,,,Size,100x110,,1,,,,,,,,,,,,,,,,,,,,,,,,,,,,,,,,,,,,,100x110,,,,,,,,,,,,,,,,,,,,,,,,140755,,,,,,,,,,,,,,,,,,,
109861,variation,69455819,,D-sign Rug 1P0440 Black - 100x120,1,0,visible,,D-sign Rug 1P0440 Black 100x120 cm,,,taxable,parent,1,21,,0,0,,120,100,1.2,0,,627,1125,,,,,,,69449763-H,,,,,,3,,,Size,100x120,,1,,,,,,,,,,,,,,,,,,,,,,,,,,,,,,,,,,,,,100x120,,,,,,,,,,,,,,,,,,,,,,,,140756,,,,,,,,,,,,,,,,,,,
109862,variation,69455828,,D-sign Rug 1P0440 Black - 100x130,1,0,visible,,D-sign Rug 1P0440 Black 100x130 cm,,,taxable,parent,1,19,,0,0,,130,100,1.2,0,,656,1175,,,,,,,69449763-H,,,,,,4,,,Size,100x130,,1,,,,,,,,,,,,,,,,,,,,,,,,,,,,,,,,,,,,,100x130,,,,,,,,,,,,,,,,,,,,,,,,140757,,,,,,,,,,,,,,,,,,,
109863,variation,69455821,,D-sign Rug 1P0440 Black - 100x140,1,0,visible,,D-sign Rug 1P0440 Black 100x140 cm,,,taxable,parent,1,18,,0,0,,140,100,1.2,0,,686,1225,,,,,,,69449763-H,,,,,,5,,,Size,100x140,,1,,,,,,,,,,,,,,,,,,,,,,,,,,,,,,,,,,,,,100x140,,,,,,,,,,,,,,,,,,,,,,,,140758,,,,,,,,,,,,,,,,,,,
109864,variation,69455825,,D-sign Rug 1P0440 Black - 100x150,1,0,visible,,D-sign Rug 1P0440 Black 100x150 cm ,,,taxable,parent,1,17,,0,0,,150,100,1.2,0,,715,1285,,,,,,,69449763-H,,,,,,6,,,Size,100x150,,1,,,,,,,,,,,,,,,,,,,,,,,,,,,,,,,,,,,,,100x150,,,,,,,,,,,,,,,,,,,,,,,,140759,,,,,,,,,,,,,,,,,,,
109865,variation,69455826,,D-sign Rug 1P0440 Black - 100x160,1,0,visible,,D-sign Rug 1P0440 Black 100x160 cm,,,taxable,parent,1,15,,0,0,,160,100,1.2,0,,745,1335,,,,,,,69449763-H,,,,,,7,,,Size,100x160,,1,,,,,,,,,,,,,,,,,,,,,,,,,,,,,,,,,,,,,100x160,,,,,,,,,,,,,,,,,,,,,,,,140760,,,,,,,,,,,,,,,,,,,
109866,variation,69455827,,D-sign Rug 1P0440 Black - 100x170,1,0,visible,,D-sign Rug 1P0440 Black 100x170 cm,,,taxable,parent,1,15,,0,0,,170,100,1.2,0,,774,1385,,,,,,,69449763-H,,,,,,8,,,Size,100x170,,1,,,,,,,,,,,,,,,,,,,,,,,,,,,,,,,,,,,,,100x170,,,,,,,,,,,,,,,,,,,,,,,,140761,,,,,,,,,,,,,,,,,,,
109867,variation,69455824,,D-sign Rug 1P0440 Black - 100x180,1,0,visible,,D-sign Rug 1P0440 Black 100x180 cm,,,taxable,parent,1,14,,0,0,,180,100,1.2,0,,803,1445,,,,,,,69449763-H,,,,,,9,,,Size,100x180,,1,,,,,,,,,,,,,,,,,,,,,,,,,,,,,,,,,,,,,100x180,,,,,,,,,,,,,,,,,,,,,,,,140762,,,,,,,,,,,,,,,,,,,
109868,variation,69455823,,D-sign Rug 1P0440 Black - 100x190,1,0,visible,,D-sign Rug 1P0440 Black 100x190 cm,,,taxable,parent,1,13,,0,0,,190,100,1.2,0,,833,1495,,,,,,,69449763-H,,,,,,10,,,Size,100x190,,1,,,,,,,,,,,,,,,,,,,,,,,,,,,,,,,,,,,,,100x190,,,,,,,,,,,,,,,,,,,,,,,,140763,,,,,,,,,,,,,,,,,,,
109869,variation,69449768,,D-sign Rug 1P0440 Black - 100x200,1,0,visible,,D-sign Rug 1P0440 Black 100x200 cm,,,taxable,parent,1,12,,0,0,,200,100,1.2,0,,862,1545,,,,,,,69449763-H,,,,,,11,,,Size,100x200,,1,,,,,,,,,,,,,,,,,,,,,,,,,,,,,,,,,,,,,100x200,,,,,,,,,,,,,,,,,,,,,,,,140764,,,,,,,,,,,,,,,,,,,
109870,variation,69449773,,D-sign Rug 1P0440 Black - 100x210,1,0,visible,,D-sign Rug 1P0440 Black 100x210 cm,,,taxable,parent,1,12,,0,0,,210,100,1.2,0,,891,1595,,,,,,,69449763-H,,,,,,12,,,Size,100x210,,1,,,,,,,,,,,,,,,,,,,,,,,,,,,,,,,,,,,,,100x210,,,,,,,,,,,,,,,,,,,,,,,,140765,,,,,,,,,,,,,,,,,,,
109871,variation,69449767,,D-sign Rug 1P0440 Black - 100x220,1,0,visible,,D-sign Rug 1P0440 Black 100x220 cm,,,taxable,parent,1,11,,0,0,,220,100,1.2,0,,921,1655,,,,,,,69449763-H,,,,,,13,,,Size,100x220,,1,,,,,,,,,,,,,,,,,,,,,,,,,,,,,,,,,,,,,100x220,,,,,,,,,,,,,,,,,,,,,,,,140766,,,,,,,,,,,,,,,,,,,
109872,variation,69449765,,D-sign Rug 1P0440 Black - 100x230,1,0,visible,,D-sign Rug 1P0440 Black 100x230 cm,,,taxable,parent,1,11,,0,0,,230,100,1.2,0,,950,1705,,,,,,,69449763-H,,,,,,14,,,Size,100x230,,1,,,,,,,,,,,,,,,,,,,,,,,,,,,,,,,,,,,,,100x230,,,,,,,,,,,,,,,,,,,,,,,,140767,,,,,,,,,,,,,,,,,,,
109873,variation,69449766,,D-sign Rug 1P0440 Black - 100x240,1,0,visible,,D-sign Rug 1P0440 Black 100x240 cm,,,taxable,parent,1,10,,0,0,,240,100,1.2,0,,979,1755,,,,,,,69449763-H,,,,,,15,,,Size,100x240,,1,,,,,,,,,,,,,,,,,,,,,,,,,,,,,,,,,,,,,100x240,,,,,,,,,,,,,,,,,,,,,,,,140768,,,,,,,,,,,,,,,,,,,
109874,variation,69449772,,D-sign Rug 1P0440 Black - 100x250,1,0,visible,,D-sign Rug 1P0440 Black 100x250 cm,,,taxable,parent,1,10,,0,0,,250,100,1.2,0,,1009,1815,,,,,,,69449763-H,,,,,,16,,,Size,100x250,,1,,,,,,,,,,,,,,,,,,,,,,,,,,,,,,,,,,,,,100x250,,,,,,,,,,,,,,,,,,,,,,,,140769,,,,,,,,,,,,,,,,,,,
109875,variation,69449769,,D-sign Rug 1P0440 Black - 100x260,1,0,visible,,D-sign Rug 1P0440 Black 100x260 cm,,,taxable,parent,1,9,,0,0,,260,100,1.2,0,,1038,1865,,,,,,,69449763-H,,,,,,17,,,Size,100x260,,1,,,,,,,,,,,,,,,,,,,,,,,,,,,,,,,,,,,,,100x260,,,,,,,,,,,,,,,,,,,,,,,,140770,,,,,,,,,,,,,,,,,,,
109876,variation,69449774,,D-sign Rug 1P0440 Black - 100x270,1,0,visible,,D-sign Rug 1P0440 Black 100x270 cm,,,taxable,parent,1,9,,0,0,,270,100,1.2,0,,1067,1915,,,,,,,69449763-H,,,,,,18,,,Size,100x270,,1,,,,,,,,,,,,,,,,,,,,,,,,,,,,,,,,,,,,,100x270,,,,,,,,,,,,,,,,,,,,,,,,140771,,,,,,,,,,,,,,,,,,,
109877,variation,69449770,,D-sign Rug 1P0440 Black - 100x280,1,0,visible,,D-sign Rug 1P0440 Black 100x280 cm,,,taxable,parent,1,9,,0,0,,280,100,1.2,0,,1097,1965,,,,,,,69449763-H,,,,,,19,,,Size,100x280,,1,,,,,,,,,,,,,,,,,,,,,,,,,,,,,,,,,,,,,100x280,,,,,,,,,,,,,,,,,,,,,,,,140772,,,,,,,,,,,,,,,,,,,
109878,variation,69449771,,D-sign Rug 1P0440 Black - 100x290,1,0,visible,,D-sign Rug 1P0440 Black 100x290 cm,,,taxable,parent,1,8,,0,0,,290,100,1.2,0,,1126,2025,,,,,,,69449763-H,,,,,,20,,,Size,100x290,,1,,,,,,,,,,,,,,,,,,,,,,,,,,,,,,,,,,,,,100x290,,,,,,,,,,,,,,,,,,,,,,,,140773,,,,,,,,,,,,,,,,,,,
109879,variation,69449776,,D-sign Rug 1P0440 Black - 100x300,1,0,visible,,D-sign Rug 1P0440 Black 100x300 cm,,,taxable,parent,1,8,,0,0,,300,100,1.2,0,,1155,2075,,,,,,,69449763-H,,,,,,21,,,Size,100x300,,1,,,,,,,,,,,,,,,,,,,,,,,,,,,,,,,,,,,,,100x300,,,,,,,,,,,,,,,,,,,,,,,,140774,,,,,,,,,,,,,,,,,,,
109880,variation,69449782,,D-sign Rug 1P0440 Black - 100x310,1,0,visible,,D-sign Rug 1P0440 Black 100x310 cm,,,taxable,parent,1,8,,0,0,,310,100,1.2,0,,1185,2125,,,,,,,69449763-H,,,,,,22,,,Size,100x310,,1,,,,,,,,,,,,,,,,,,,,,,,,,,,,,,,,,,,,,100x310,,,,,,,,,,,,,,,,,,,,,,,,140775,,,,,,,,,,,,,,,,,,,
109881,variation,69449781,,D-sign Rug 1P0440 Black - 100x320,1,0,visible,,D-sign Rug 1P0440 Black 100x320 cm,,,taxable,parent,1,7,,0,0,,320,100,1.2,0,,1214,2185,,,,,,,69449763-H,,,,,,23,,,Size,100x320,,1,,,,,,,,,,,,,,,,,,,,,,,,,,,,,,,,,,,,,100x320,,,,,,,,,,,,,,,,,,,,,,,,140776,,,,,,,,,,,,,,,,,,,
109882,variation,69449784,,D-sign Rug 1P0440 Black - 100x330,1,0,visible,,D-sign Rug 1P0440 Black 100x330 cm,,,taxable,parent,1,7,,0,0,,330,100,1.2,0,,1243,2235,,,,,,,69449763-H,,,,,,24,,,Size,100x330,,1,,,,,,,,,,,,,,,,,,,,,,,,,,,,,,,,,,,,,100x330,,,,,,,,,,,,,,,,,,,,,,,,140777,,,,,,,,,,,,,,,,,,,
109883,variation,69449780,,D-sign Rug 1P0440 Black - 100x340,1,0,visible,,D-sign Rug 1P0440 Black 100x340 cm,,,taxable,parent,1,7,,0,0,,340,100,1.2,0,,1273,2285,,,,,,,69449763-H,,,,,,25,,,Size,100x340,,1,,,,,,,,,,,,,,,,,,,,,,,,,,,,,,,,,,,,,100x340,,,,,,,,,,,,,,,,,,,,,,,,140778,,,,,,,,,,,,,,,,,,,
109884,variation,69449777,,D-sign Rug 1P0440 Black - 100x350,1,0,visible,,D-sign Rug 1P0440 Black 100x350 cm,,,taxable,parent,1,7,,0,0,,350,100,1.2,0,,1302,2335,,,,,,,69449763-H,,,,,,26,,,Size,100x350,,1,,,,,,,,,,,,,,,,,,,,,,,,,,,,,,,,,,,,,100x350,,,,,,,,,,,,,,,,,,,,,,,,140779,,,,,,,,,,,,,,,,,,,
109885,variation,69449778,,D-sign Rug 1P0440 Black - 100x360,1,0,visible,,D-sign Rug 1P0440 Black 100x360 cm,,,taxable,parent,1,7,,0,0,,360,100,1.2,0,,1331,2395,,,,,,,69449763-H,,,,,,27,,,Size,100x360,,1,,,,,,,,,,,,,,,,,,,,,,,,,,,,,,,,,,,,,100x360,,,,,,,,,,,,,,,,,,,,,,,,140780,,,,,,,,,,,,,,,,,,,
109886,variation,69449775,,D-sign Rug 1P0440 Black - 100x370,1,0,visible,,D-sign Rug 1P0440 Black 100x370 cm,,,taxable,parent,1,6,,0,0,,370,100,1.2,0,,1361,2445,,,,,,,69449763-H,,,,,,28,,,Size,100x370,,1,,,,,,,,,,,,,,,,,,,,,,,,,,,,,,,,,,,,,100x370,,,,,,,,,,,,,,,,,,,,,,,,140781,,,,,,,,,,,,,,,,,,,
109887,variation,69449779,,D-sign Rug 1P0440 Black - 100x380,1,0,visible,,D-sign Rug 1P0440 Black 100x380 cm,,,taxable,parent,1,6,,0,0,,380,100,1.2,0,,1390,2495,,,,,,,69449763-H,,,,,,29,,,Size,100x380,,1,,,,,,,,,,,,,,,,,,,,,,,,,,,,,,,,,,,,,100x380,,,,,,,,,,,,,,,,,,,,,,,,140782,,,,,,,,,,,,,,,,,,,
109888,variation,69449783,,D-sign Rug 1P0440 Black - 100x390,1,0,visible,,D-sign Rug 1P0440 Black 100x390 cm,,,taxable,parent,1,6,,0,0,,390,100,1.2,0,,1419,2545,,,,,,,69449763-H,,,,,,30,,,Size,100x390,,1,,,,,,,,,,,,,,,,,,,,,,,,,,,,,,,,,,,,,100x390,,,,,,,,,,,,,,,,,,,,,,,,140783,,,,,,,,,,,,,,,,,,,
109889,variation,69449787,,D-sign Rug 1P0440 Black - 100x400,1,0,visible,,D-sign Rug 1P0440 Black 100x400 cm,,,taxable,parent,1,6,,0,0,,400,100,1.2,0,,1449,2605,,,,,,,69449763-H,,,,,,31,,,Size,100x400,,1,,,,,,,,,,,,,,,,,,,,,,,,,,,,,,,,,,,,,100x400,,,,,,,,,,,,,,,,,,,,,,,,140784,,,,,,,,,,,,,,,,,,,
109890,variation,69449795,,D-sign Rug 1P0440 Black - 100x410,1,0,visible,,D-sign Rug 1P0440 Black 100x410 cm,,,taxable,parent,1,6,,0,0,,410,100,1.2,0,,1478,2655,,,,,,,69449763-H,,,,,,32,,,Size,100x410,,1,,,,,,,,,,,,,,,,,,,,,,,,,,,,,,,,,,,,,100x410,,,,,,,,,,,,,,,,,,,,,,,,140785,,,,,,,,,,,,,,,,,,,
109891,variation,69449788,,D-sign Rug 1P0440 Black - 100x420,1,0,visible,,D-sign Rug 1P0440 Black 100x420 cm,,,taxable,parent,1,6,,0,0,,420,100,1.2,0,,1507,2705,,,,,,,69449763-H,,,,,,33,,,Size,100x420,,1,,,,,,,,,,,,,,,,,,,,,,,,,,,,,,,,,,,,,100x420,,,,,,,,,,,,,,,,,,,,,,,,140786,,,,,,,,,,,,,,,,,,,
109892,variation,69449794,,D-sign Rug 1P0440 Black - 100x430,1,0,visible,,D-sign Rug 1P0440 Black 100x430 cm,,,taxable,parent,1,5,,0,0,,430,100,1.2,0,,1537,2765,,,,,,,69449763-H,,,,,,34,,,Size,100x430,,1,,,,,,,,,,,,,,,,,,,,,,,,,,,,,,,,,,,,,100x430,,,,,,,,,,,,,,,,,,,,,,,,140787,,,,,,,,,,,,,,,,,,,
109893,variation,69449791,,D-sign Rug 1P0440 Black - 100x440,1,0,visible,,D-sign Rug 1P0440 Black 100x440 cm,,,taxable,parent,1,5,,0,0,,440,100,1.2,0,,1566,2815,,,,,,,69449763-H,,,,,,35,,,Size,100x440,,1,,,,,,,,,,,,,,,,,,,,,,,,,,,,,,,,,,,,,100x440,,,,,,,,,,,,,,,,,,,,,,,,140788,,,,,,,,,,,,,,,,,,,
109894,variation,69449792,,D-sign Rug 1P0440 Black - 100x450,1,0,visible,,D-sign Rug 1P0440 Black 100x450 cm,,,taxable,parent,1,5,,0,0,,450,100,1.2,0,,1596,2865,,,,,,,69449763-H,,,,,,36,,,Size,100x450,,1,,,,,,,,,,,,,,,,,,,,,,,,,,,,,,,,,,,,,100x450,,,,,,,,,,,,,,,,,,,,,,,,140789,,,,,,,,,,,,,,,,,,,
109895,variation,69449786,,D-sign Rug 1P0440 Black - 100x460,1,0,visible,,D-sign Rug 1P0440 Black 100x460 cm,,,taxable,parent,1,5,,0,0,,460,100,1.2,0,,1625,2915,,,,,,,69449763-H,,,,,,37,,,Size,100x460,,1,,,,,,,,,,,,,,,,,,,,,,,,,,,,,,,,,,,,,100x460,,,,,,,,,,,,,,,,,,,,,,,,140790,,,,,,,,,,,,,,,,,,,
109896,variation,69449790,,D-sign Rug 1P0440 Black - 100x470,1,0,visible,,D-sign Rug 1P0440 Black 100x470 cm,,,taxable,parent,1,5,,0,0,,470,100,1.2,0,,1654,2975,,,,,,,69449763-H,,,,,,38,,,Size,100x470,,1,,,,,,,,,,,,,,,,,,,,,,,,,,,,,,,,,,,,,100x470,,,,,,,,,,,,,,,,,,,,,,,,140791,,,,,,,,,,,,,,,,,,,
109897,variation,69449793,,D-sign Rug 1P0440 Black - 100x480,1,0,visible,,D-sign Rug 1P0440 Black 100x480 cm,,,taxable,parent,1,5,,0,0,,480,100,1.2,0,,1684,3025,,,,,,,69449763-H,,,,,,39,,,Size,100x480,,1,,,,,,,,,,,,,,,,,,,,,,,,,,,,,,,,,,,,,100x480,,,,,,,,,,,,,,,,,,,,,,,,140792,,,,,,,,,,,,,,,,,,,
109898,variation,69449789,,D-sign Rug 1P0440 Black - 100x490,1,0,visible,,D-sign Rug 1P0440 Black 100x490 cm,,,taxable,parent,1,5,,0,0,,490,100,1.2,0,,1713,3075,,,,,,,69449763-H,,,,,,40,,,Size,100x490,,1,,,,,,,,,,,,,,,,,,,,,,,,,,,,,,,,,,,,,100x490,,,,,,,,,,,,,,,,,,,,,,,,140793,,,,,,,,,,,,,,,,,,,
109899,variation,69449802,,D-sign Rug 1P0440 Black - 100x500,1,0,visible,,D-sign Rug 1P0440 Black 100x500 cm,,,taxable,parent,1,5,,0,0,,500,100,1.2,0,,1742,3135,,,,,,,69449763-H,,,,,,41,,,Size,100x500,,1,,,,,,,,,,,,,,,,,,,,,,,,,,,,,,,,,,,,,100x500,,,,,,,,,,,,,,,,,,,,,,,,140794,,,,,,,,,,,,,,,,,,,
109900,variation,69449803,,D-sign Rug 1P0440 Black - 100x510,1,0,visible,,D-sign Rug 1P0440 Black 100x510 cm,,,taxable,parent,1,5,,0,0,,510,100,1.2,0,,1772,3185,,,,,,,69449763-H,,,,,,42,,,Size,100x510,,1,,,,,,,,,,,,,,,,,,,,,,,,,,,,,,,,,,,,,100x510,,,,,,,,,,,,,,,,,,,,,,,,140795,,,,,,,,,,,,,,,,,,,
109901,variation,69449805,,D-sign Rug 1P0440 Black - 100x520,1,0,visible,,D-sign Rug 1P0440 Black 100x520 cm,,,taxable,parent,1,4,,0,0,,520,100,1.2,0,,1801,3235,,,,,,,69449763-H,,,,,,43,,,Size,100x520,,1,,,,,,,,,,,,,,,,,,,,,,,,,,,,,,,,,,,,,100x520,,,,,,,,,,,,,,,,,,,,,,,,140796,,,,,,,,,,,,,,,,,,,
109902,variation,69449815,,D-sign Rug 1P0440 Black - 100x530,1,0,visible,,D-sign Rug 1P0440 Black 100x530 cm,,,taxable,parent,1,4,,0,0,,530,100,1.2,0,,1830,3285,,,,,,,69449763-H,,,,,,44,,,Size,100x530,,1,,,,,,,,,,,,,,,,,,,,,,,,,,,,,,,,,,,,,100x530,,,,,,,,,,,,,,,,,,,,,,,,140797,,,,,,,,,,,,,,,,,,,
109903,variation,69449814,,D-sign Rug 1P0440 Black - 100x540,1,0,visible,,D-sign Rug 1P0440 Black 100x540 cm,,,taxable,parent,1,4,,0,0,,540,100,1.2,0,,1860,3345,,,,,,,69449763-H,,,,,,45,,,Size,100x540,,1,,,,,,,,,,,,,,,,,,,,,,,,,,,,,,,,,,,,,100x540,,,,,,,,,,,,,,,,,,,,,,,,140798,,,,,,,,,,,,,,,,,,,
109904,variation,69449810,,D-sign Rug 1P0440 Black - 100x550,1,0,visible,,D-sign Rug 1P0440 Black 100x550 cm,,,taxable,parent,1,4,,0,0,,550,100,1.2,0,,1889,3395,,,,,,,69449763-H,,,,,,46,,,Size,100x550,,1,,,,,,,,,,,,,,,,,,,,,,,,,,,,,,,,,,,,,100x550,,,,,,,,,,,,,,,,,,,,,,,,140799,,,,,,,,,,,,,,,,,,,
109905,variation,69449807,,D-sign Rug 1P0440 Black - 100x560,1,0,visible,,D-sign Rug 1P0440 Black 100x560 cm,,,taxable,parent,1,4,,0,0,,560,100,1.2,0,,1918,3445,,,,,,,69449763-H,,,,,,47,,,Size,100x560,,1,,,,,,,,,,,,,,,,,,,,,,,,,,,,,,,,,,,,,100x560,,,,,,,,,,,,,,,,,,,,,,,,140800,,,,,,,,,,,,,,,,,,,
109906,variation,69449804,,D-sign Rug 1P0440 Black - 100x570,1,0,visible,,D-sign Rug 1P0440 Black 100x570 cm,,,taxable,parent,1,4,,0,0,,570,100,1.2,0,,1948,3505,,,,,,,69449763-H,,,,,,48,,,Size,100x570,,1,,,,,,,,,,,,,,,,,,,,,,,,,,,,,,,,,,,,,100x570,,,,,,,,,,,,,,,,,,,,,,,,140801,,,,,,,,,,,,,,,,,,,
109907,variation,69449806,,D-sign Rug 1P0440 Black - 100x580,1,0,visible,,D-sign Rug 1P0440 Black 100x580 cm,,,taxable,parent,1,4,,0,0,,580,100,1.2,0,,1977,3555,,,,,,,69449763-H,,,,,,49,,,Size,100x580,,1,,,,,,,,,,,,,,,,,,,,,,,,,,,,,,,,,,,,,100x580,,,,,,,,,,,,,,,,,,,,,,,,140802,,,,,,,,,,,,,,,,,,,
109908,variation,69449808,,D-sign Rug 1P0440 Black - 100x590,1,0,visible,,D-sign Rug 1P0440 Black 100x590 cm,,,taxable,parent,1,4,,0,0,,590,100,1.2,0,,2006,3605,,,,,,,69449763-H,,,,,,50,,,Size,100x590,,1,,,,,,,,,,,,,,,,,,,,,,,,,,,,,,,,,,,,,100x590,,,,,,,,,,,,,,,,,,,,,,,,140803,,,,,,,,,,,,,,,,,,,
109909,variation,69449822,,D-sign Rug 1P0440 Black - 100x600,1,0,visible,,D-sign Rug 1P0440 Black 100x600 cm,,,taxable,parent,1,4,,0,0,,600,100,1.2,0,,2036,3655,,,,,,,69449763-H,,,,,,51,,,Size,100x600,,1,,,,,,,,,,,,,,,,,,,,,,,,,,,,,,,,,,,,,100x600,,,,,,,,,,,,,,,,,,,,,,,,140804,,,,,,,,,,,,,,,,,,,
109910,variation,69449826,,D-sign Rug 1P0440 Black - 100x610,1,0,visible,,D-sign Rug 1P0440 Black 100x610 cm,,,taxable,parent,1,4,,0,0,,610,100,1.2,0,,2065,3715,,,,,,,69449763-H,,,,,,52,,,Size,100x610,,1,,,,,,,,,,,,,,,,,,,,,,,,,,,,,,,,,,,,,100x610,,,,,,,,,,,,,,,,,,,,,,,,140805,,,,,,,,,,,,,,,,,,,
109911,variation,69449820,,D-sign Rug 1P0440 Black - 100x620,1,0,visible,,D-sign Rug 1P0440 Black 100x620 cm,,,taxable,parent,1,4,,0,0,,620,100,1.2,0,,2094,3765,,,,,,,69449763-H,,,,,,53,,,Size,100x620,,1,,,,,,,,,,,,,,,,,,,,,,,,,,,,,,,,,,,,,100x620,,,,,,,,,,,,,,,,,,,,,,,,140806,,,,,,,,,,,,,,,,,,,
109912,variation,69449827,,D-sign Rug 1P0440 Black - 100x630,1,0,visible,,D-sign Rug 1P0440 Black 100x630 cm,,,taxable,parent,1,4,,0,0,,630,100,1.2,0,,2124,3815,,,,,,,69449763-H,,,,,,54,,,Size,100x630,,1,,,,,,,,,,,,,,,,,,,,,,,,,,,,,,,,,,,,,100x630,,,,,,,,,,,,,,,,,,,,,,,,140807,,,,,,,,,,,,,,,,,,,
109913,variation,69449819,,D-sign Rug 1P0440 Black - 100x640,1,0,visible,,D-sign Rug 1P0440 Black 100x640 cm,,,taxable,parent,1,3,,0,0,,640,100,1.2,0,,2153,3875,,,,,,,69449763-H,,,,,,55,,,Size,100x640,,1,,,,,,,,,,,,,,,,,,,,,,,,,,,,,,,,,,,,,100x640,,,,,,,,,,,,,,,,,,,,,,,,140808,,,,,,,,,,,,,,,,,,,
109914,variation,69449828,,D-sign Rug 1P0440 Black - 100x650,1,0,visible,,D-sign Rug 1P0440 Black 100x650 cm,,,taxable,parent,1,3,,0,0,,650,100,1.2,0,,2182,3925,,,,,,,69449763-H,,,,,,56,,,Size,100x650,,1,,,,,,,,,,,,,,,,,,,,,,,,,,,,,,,,,,,,,100x650,,,,,,,,,,,,,,,,,,,,,,,,140809,,,,,,,,,,,,,,,,,,,
109915,variation,69449823,,D-sign Rug 1P0440 Black - 100x660,1,0,visible,,D-sign Rug 1P0440 Black 100x660 cm,,,taxable,parent,1,3,,0,0,,660,100,1.2,0,,2212,3975,,,,,,,69449763-H,,,,,,57,,,Size,100x660,,1,,,,,,,,,,,,,,,,,,,,,,,,,,,,,,,,,,,,,100x660,,,,,,,,,,,,,,,,,,,,,,,,140810,,,,,,,,,,,,,,,,,,,
109916,variation,69449821,,D-sign Rug 1P0440 Black - 100x670,1,0,visible,,D-sign Rug 1P0440 Black 100x670 cm,,,taxable,parent,1,3,,0,0,,670,100,1.2,0,,2241,4025,,,,,,,69449763-H,,,,,,58,,,Size,100x670,,1,,,,,,,,,,,,,,,,,,,,,,,,,,,,,,,,,,,,,100x670,,,,,,,,,,,,,,,,,,,,,,,,140811,,,,,,,,,,,,,,,,,,,
109917,variation,69449825,,D-sign Rug 1P0440 Black - 100x680,1,0,visible,,D-sign Rug 1P0440 Black 100x680 cm,,,taxable,parent,1,3,,0,0,,680,100,1.2,0,,2270,4085,,,,,,,69449763-H,,,,,,59,,,Size,100x680,,1,,,,,,,,,,,,,,,,,,,,,,,,,,,,,,,,,,,,,100x680,,,,,,,,,,,,,,,,,,,,,,,,140812,,,,,,,,,,,,,,,,,,,
109918,variation,69449824,,D-sign Rug 1P0440 Black - 100x690,1,0,visible,,D-sign Rug 1P0440 Black 100x690 cm,,,taxable,parent,1,3,,0,0,,690,100,1.2,0,,2300,4135,,,,,,,69449763-H,,,,,,60,,,Size,100x690,,1,,,,,,,,,,,,,,,,,,,,,,,,,,,,,,,,,,,,,100x690,,,,,,,,,,,,,,,,,,,,,,,,140813,,,,,,,,,,,,,,,,,,,
109919,variation,69449833,,D-sign Rug 1P0440 Black - 100x700,1,0,visible,,D-sign Rug 1P0440 Black 100x700 cm,,,taxable,parent,1,3,,0,0,,700,100,1.2,0,,2329,4185,,,,,,,69449763-H,,,,,,61,,,Size,100x700,,1,,,,,,,,,,,,,,,,,,,,,,,,,,,,,,,,,,,,,100x700,,,,,,,,,,,,,,,,,,,,,,,,140814,,,,,,,,,,,,,,,,,,,
109920,variation,69449832,,D-sign Rug 1P0440 Black - 100x710,1,0,visible,,D-sign Rug 1P0440 Black 100x710 cm,,,taxable,parent,1,3,,0,0,,710,100,1.2,0,,2358,4245,,,,,,,69449763-H,,,,,,62,,,Size,100x710,,1,,,,,,,,,,,,,,,,,,,,,,,,,,,,,,,,,,,,,100x710,,,,,,,,,,,,,,,,,,,,,,,,140815,,,,,,,,,,,,,,,,,,,
109921,variation,69449838,,D-sign Rug 1P0440 Black - 100x720,1,0,visible,,D-sign Rug 1P0440 Black 100x720 cm,,,taxable,parent,1,3,,0,0,,720,100,1.2,0,,2388,4295,,,,,,,69449763-H,,,,,,63,,,Size,100x720,,1,,,,,,,,,,,,,,,,,,,,,,,,,,,,,,,,,,,,,100x720,,,,,,,,,,,,,,,,,,,,,,,,140816,,,,,,,,,,,,,,,,,,,
109922,variation,69449829,,D-sign Rug 1P0440 Black - 100x730,1,0,visible,,D-sign Rug 1P0440 Black 100x730 cm,,,taxable,parent,1,3,,0,0,,730,100,1.2,0,,2417,4345,,,,,,,69449763-H,,,,,,64,,,Size,100x730,,1,,,,,,,,,,,,,,,,,,,,,,,,,,,,,,,,,,,,,100x730,,,,,,,,,,,,,,,,,,,,,,,,140817,,,,,,,,,,,,,,,,,,,
109923,variation,69449830,,D-sign Rug 1P0440 Black - 100x740,1,0,visible,,D-sign Rug 1P0440 Black 100x740 cm,,,taxable,parent,1,3,,0,0,,740,100,1.2,0,,2446,4395,,,,,,,69449763-H,,,,,,65,,,Size,100x740,,1,,,,,,,,,,,,,,,,,,,,,,,,,,,,,,,,,,,,,100x740,,,,,,,,,,,,,,,,,,,,,,,,140818,,,,,,,,,,,,,,,,,,,
109924,variation,69449834,,D-sign Rug 1P0440 Black - 100x750,1,0,visible,,D-sign Rug 1P0440 Black 100x750 cm,,,taxable,parent,1,3,,0,0,,750,100,1.2,0,,2476,4455,,,,,,,69449763-H,,,,,,66,,,Size,100x750,,1,,,,,,,,,,,,,,,,,,,,,,,,,,,,,,,,,,,,,100x750,,,,,,,,,,,,,,,,,,,,,,,,140819,,,,,,,,,,,,,,,,,,,
109925,variation,69449835,,D-sign Rug 1P0440 Black - 100x760,1,0,visible,,D-sign Rug 1P0440 Black 100x760 cm,,,taxable,parent,1,3,,0,0,,760,100,1.2,0,,2505,4505,,,,,,,69449763-H,,,,,,67,,,Size,100x760,,1,,,,,,,,,,,,,,,,,,,,,,,,,,,,,,,,,,,,,100x760,,,,,,,,,,,,,,,,,,,,,,,,140820,,,,,,,,,,,,,,,,,,,
109926,variation,69449831,,D-sign Rug 1P0440 Black - 100x770,1,0,visible,,D-sign Rug 1P0440 Black 100x770 cm,,,taxable,parent,1,3,,0,0,,770,100,1.2,0,,2535,4555,,,,,,,69449763-H,,,,,,68,,,Size,100x770,,1,,,,,,,,,,,,,,,,,,,,,,,,,,,,,,,,,,,,,100x770,,,,,,,,,,,,,,,,,,,,,,,,140821,,,,,,,,,,,,,,,,,,,
109927,variation,69449836,,D-sign Rug 1P0440 Black - 100x780,1,0,visible,,D-sign Rug 1P0440 Black 100x780 cm,,,taxable,parent,1,3,,0,0,,780,100,1.2,0,,2564,4605,,,,,,,69449763-H,,,,,,69,,,Size,100x780,,1,,,,,,,,,,,,,,,,,,,,,,,,,,,,,,,,,,,,,100x780,,,,,,,,,,,,,,,,,,,,,,,,140822,,,,,,,,,,,,,,,,,,,
109928,variation,69449837,,D-sign Rug 1P0440 Black - 100x790,1,0,visible,,D-sign Rug 1P0440 Black 100x790 cm,,,taxable,parent,1,3,,0,0,,790,100,1.2,0,,2593,4665,,,,,,,69449763-H,,,,,,70,,,Size,100x790,,1,,,,,,,,,,,,,,,,,,,,,,,,,,,,,,,,,,,,,100x790,,,,,,,,,,,,,,,,,,,,,,,,140823,,,,,,,,,,,,,,,,,,,
109929,variation,69449840,,D-sign Rug 1P0440 Black - 100x800,1,0,visible,,D-sign Rug 1P0440 Black 100x800 cm,,,taxable,parent,1,3,,0,0,,800,100,1.2,0,,2623,4715,,,,,,,69449763-H,,,,,,71,,,Size,100x800,,1,,,,,,,,,,,,,,,,,,,,,,,,,,,,,,,,,,,,,100x800,,,,,,,,,,,,,,,,,,,,,,,,140824,,,,,,,,,,,,,,,,,,,
109930,variation,69449842,,D-sign Rug 1P0440 Black - 100x810,1,0,visible,,D-sign Rug 1P0440 Black 100x810 cm,,,taxable,parent,1,3,,0,0,,810,100,1.2,0,,2652,4765,,,,,,,69449763-H,,,,,,72,,,Size,100x810,,1,,,,,,,,,,,,,,,,,,,,,,,,,,,,,,,,,,,,,100x810,,,,,,,,,,,,,,,,,,,,,,,,140825,,,,,,,,,,,,,,,,,,,
109931,variation,69449841,,D-sign Rug 1P0440 Black - 100x820,1,0,visible,,D-sign Rug 1P0440 Black 100x820 cm,,,taxable,parent,1,3,,0,0,,820,100,1.2,0,,2681,4825,,,,,,,69449763-H,,,,,,73,,,Size,100x820,,1,,,,,,,,,,,,,,,,,,,,,,,,,,,,,,,,,,,,,100x820,,,,,,,,,,,,,,,,,,,,,,,,140826,,,,,,,,,,,,,,,,,,,
109932,variation,69449846,,D-sign Rug 1P0440 Black - 100x830,1,0,visible,,D-sign Rug 1P0440 Black 100x830 cm,,,taxable,parent,1,3,,0,0,,830,100,1.2,0,,2711,4875,,,,,,,69449763-H,,,,,,74,,,Size,100x830,,1,,,,,,,,,,,,,,,,,,,,,,,,,,,,,,,,,,,,,100x830,,,,,,,,,,,,,,,,,,,,,,,,140827,,,,,,,,,,,,,,,,,,,
109933,variation,69449843,,D-sign Rug 1P0440 Black - 100x840,1,0,visible,,D-sign Rug 1P0440 Black 100x840 cm,,,taxable,parent,1,3,,0,0,,840,100,1.2,0,,2740,4925,,,,,,,69449763-H,,,,,,75,,,Size,100x840,,1,,,,,,,,,,,,,,,,,,,,,,,,,,,,,,,,,,,,,100x840,,,,,,,,,,,,,,,,,,,,,,,,140828,,,,,,,,,,,,,,,,,,,
109934,variation,69449845,,D-sign Rug 1P0440 Black - 100x850,1,0,visible,,D-sign Rug 1P0440 Black 100x850 cm,,,taxable,parent,1,3,,0,0,,850,100,1.2,0,,2769,4975,,,,,,,69449763-H,,,,,,76,,,Size,100x850,,1,,,,,,,,,,,,,,,,,,,,,,,,,,,,,,,,,,,,,100x850,,,,,,,,,,,,,,,,,,,,,,,,140829,,,,,,,,,,,,,,,,,,,
109935,variation,69449839,,D-sign Rug 1P0440 Black - 100x860,1,0,visible,,D-sign Rug 1P0440 Black 100x860 cm,,,taxable,parent,1,2,,0,0,,860,100,1.2,0,,2867,5155,,,,,,,69449763-H,,,,,,77,,,Size,100x860,,1,,,,,,,,,,,,,,,,,,,,,,,,,,,,,,,,,,,,,100x860,,,,,,,,,,,,,,,,,,,,,,,,140830,,,,,,,,,,,,,,,,,,,
109936,variation,69449847,,D-sign Rug 1P0440 Black - 100x870,1,0,visible,,D-sign Rug 1P0440 Black 100x870 cm,,,taxable,parent,1,2,,0,0,,870,100,1.2,0,,2897,5205,,,,,,,69449763-H,,,,,,78,,,Size,100x870,,1,,,,,,,,,,,,,,,,,,,,,,,,,,,,,,,,,,,,,100x870,,,,,,,,,,,,,,,,,,,,,,,,140831,,,,,,,,,,,,,,,,,,,
109937,variable,69449867-H,,D-sign Rug 1P0441 Black,1,0,visible,D-sign Rug 1P0441 Black,D-sign Rug 1P0441 Black,,,taxable,,1,,,0,0,,,,,1,,,,"Rooms > Entrance & Corridor, Rooms > Kitchen, Rugs > Modern, Rugs",,,"https://rugshop.eu/wp-content/uploads/2022/09/runner-karmel-plain-one-colour-black-120-cm.jpg, https://rugshop.eu/wp-content/uploads/2022/09/runner-karmel-plain-one-colour-black-120-cm-1.jpg, https://rugshop.eu/wp-content/uploads/2022/09/runner-karmel-plain-one-colour-black-120-cm-2.jpg, https://rugshop.eu/wp-content/uploads/2022/09/runner-karmel-plain-one-colour-black-120-cm-3.jpg, https://rugshop.eu/wp-content/uploads/2022/09/runner-karmel-plain-one-colour-black-120-cm-4.jpg",,,,,,,,,2658,,,Size,"120x100, 120x1000, 120x1050, 120x110, 120x1100, 120x120, 120x130, 120x140, 120x150, 120x160, 120x170, 120x180, 120x190, 120x200, 120x210, 120x220, 120x230, 120x240, 120x250, 120x260, 120x270, 120x280, 120x290, 120x300, 120x310, 120x320, 120x330, 120x340, 120x350, 120x360, 120x370, 120x380, 120x390, 120x400, 120x410, 120x420, 120x430, 120x440, 120x450, 120x460, 120x470, 120x480, 120x490, 120x500, 120x510, 120x520, 120x530, 120x540, 120x550, 120x560, 120x570, 120x580, 120x590, 120x600, 120x610, 120x620, 120x630, 120x640, 120x650, 120x660, 120x670, 120x680, 120x690, 120x700, 120x710, 120x720, 120x730, 120x740, 120x750, 120x760, 120x770, 120x780, 120x790, 120x800, 120x810, 120x820, 120x830, 120x840, 120x850, 120x860, 120x870, 120x880, 120x890, 120x900, 120x910, 120x920, 120x930, 120x940, 120x950, 120x960, 120x970, 120x980, 120x990",1,1,Brand,D-sign,1,1,Color,Black-Grey,1,1,Type of color,Singlecolor,1,1,Shape,Rectangular,1,1,Material,Polypropylene,1,1,Type of rug,Modern,1,1,Weave,Machinemade,1,1,Age,New,1,1,,,,,,,,,,,,,,,,,,yes,yes,,,,,,,,,,,,,,,,,,,,,,,,,,,,,
109938,variation,69449844,,D-sign Rug 1P0440 Black - 100x880,1,0,visible,,D-sign Rug 1P0440 Black 100x880 cm,,,taxable,parent,1,2,,0,0,,880,100,1.2,0,,2926,5265,,,,,,,69449763-H,,,,,,79,,,Size,100x880,,1,,,,,,,,,,,,,,,,,,,,,,,,,,,,,,,,,,,,,100x880,,,,,,,,,,,,,,,,,,,,,,,,140832,,,,,,,,,,,,,,,,,,,
109939,variation,69449848,,D-sign Rug 1P0440 Black - 100x890,1,0,visible,,D-sign Rug 1P0440 Black 100x890 cm,,,taxable,parent,1,2,,0,0,,890,100,1.2,0,,2955,5315,,,,,,,69449763-H,,,,,,80,,,Size,100x890,,1,,,,,,,,,,,,,,,,,,,,,,,,,,,,,,,,,,,,,100x890,,,,,,,,,,,,,,,,,,,,,,,,140833,,,,,,,,,,,,,,,,,,,
109940,variation,69449853,,D-sign Rug 1P0440 Black - 100x900,1,0,visible,,D-sign Rug 1P0440 Black 100x900 cm,,,taxable,parent,1,2,,0,0,,900,100,1.2,0,,2985,5365,,,,,,,69449763-H,,,,,,81,,,Size,100x900,,1,,,,,,,,,,,,,,,,,,,,,,,,,,,,,,,,,,,,,100x900,,,,,,,,,,,,,,,,,,,,,,,,140834,,,,,,,,,,,,,,,,,,,
109941,variation,69449857,,D-sign Rug 1P0440 Black - 100x910,1,0,visible,,D-sign Rug 1P0440 Black 100x910 cm,,,taxable,parent,1,2,,0,0,,910,100,1.2,0,,3014,5425,,,,,,,69449763-H,,,,,,82,,,Size,100x910,,1,,,,,,,,,,,,,,,,,,,,,,,,,,,,,,,,,,,,,100x910,,,,,,,,,,,,,,,,,,,,,,,,140835,,,,,,,,,,,,,,,,,,,
109942,variation,69449852,,D-sign Rug 1P0440 Black - 100x920,1,0,visible,,D-sign Rug 1P0440 Black 100x920 cm,,,taxable,parent,1,2,,0,0,,920,100,1.2,0,,3043,5475,,,,,,,69449763-H,,,,,,83,,,Size,100x920,,1,,,,,,,,,,,,,,,,,,,,,,,,,,,,,,,,,,,,,100x920,,,,,,,,,,,,,,,,,,,,,,,,140836,,,,,,,,,,,,,,,,,,,
109943,variation,69449849,,D-sign Rug 1P0440 Black - 100x930,1,0,visible,,D-sign Rug 1P0440 Black 100x930 cm,,,taxable,parent,1,2,,0,0,,930,100,1.2,0,,3073,5525,,,,,,,69449763-H,,,,,,84,,,Size,100x930,,1,,,,,,,,,,,,,,,,,,,,,,,,,,,,,,,,,,,,,100x930,,,,,,,,,,,,,,,,,,,,,,,,140837,,,,,,,,,,,,,,,,,,,
109944,variation,69449851,,D-sign Rug 1P0440 Black - 100x940,1,0,visible,,D-sign Rug 1P0440 Black 100x940 cm,,,taxable,parent,1,2,,0,0,,940,100,1.2,0,,3102,5575,,,,,,,69449763-H,,,,,,85,,,Size,100x940,,1,,,,,,,,,,,,,,,,,,,,,,,,,,,,,,,,,,,,,100x940,,,,,,,,,,,,,,,,,,,,,,,,140838,,,,,,,,,,,,,,,,,,,
109945,variation,69449850,,D-sign Rug 1P0440 Black - 100x950,1,0,visible,,D-sign Rug 1P0440 Black 100x950 cm,,,taxable,parent,1,2,,0,0,,950,100,1.2,0,,3131,5635,,,,,,,69449763-H,,,,,,86,,,Size,100x950,,1,,,,,,,,,,,,,,,,,,,,,,,,,,,,,,,,,,,,,100x950,,,,,,,,,,,,,,,,,,,,,,,,140839,,,,,,,,,,,,,,,,,,,
109946,variation,69449854,,D-sign Rug 1P0440 Black - 100x960,1,0,visible,,D-sign Rug 1P0440 Black 100x960 cm,,,taxable,parent,1,2,,0,0,,960,100,1.2,0,,3161,5685,,,,,,,69449763-H,,,,,,87,,,Size,100x960,,1,,,,,,,,,,,,,,,,,,,,,,,,,,,,,,,,,,,,,100x960,,,,,,,,,,,,,,,,,,,,,,,,140840,,,,,,,,,,,,,,,,,,,
109947,variation,69449856,,D-sign Rug 1P0440 Black - 100x970,1,0,visible,,D-sign Rug 1P0440 Black 100x970 cm,,,taxable,parent,1,2,,0,0,,970,100,1.2,0,,3190,5735,,,,,,,69449763-H,,,,,,88,,,Size,100x970,,1,,,,,,,,,,,,,,,,,,,,,,,,,,,,,,,,,,,,,100x970,,,,,,,,,,,,,,,,,,,,,,,,140841,,,,,,,,,,,,,,,,,,,
109948,variation,69449858,,D-sign Rug 1P0440 Black - 100x980,1,0,visible,,D-sign Rug 1P0440 Black 100x980 cm,,,taxable,parent,1,2,,0,0,,980,100,1.2,0,,3220,5795,,,,,,,69449763-H,,,,,,89,,,Size,100x980,,1,,,,,,,,,,,,,,,,,,,,,,,,,,,,,,,,,,,,,100x980,,,,,,,,,,,,,,,,,,,,,,,,140842,,,,,,,,,,,,,,,,,,,
109949,variation,69449855,,D-sign Rug 1P0440 Black - 100x990,1,0,visible,,D-sign Rug 1P0440 Black 100x990 cm,,,taxable,parent,1,2,,0,0,,990,100,1.2,0,,3249,5845,,,,,,,69449763-H,,,,,,90,,,Size,100x990,,1,,,,,,,,,,,,,,,,,,,,,,,,,,,,,,,,,,,,,100x990,,,,,,,,,,,,,,,,,,,,,,,,140843,,,,,,,,,,,,,,,,,,,
109950,variation,69449861,,D-sign Rug 1P0440 Black - 100x1000,1,0,visible,,D-sign Rug 1P0440 Black 100x1000 cm,,,taxable,parent,1,2,,0,0,,1000,100,1.2,0,,3278,5895,,,,,,,69449763-H,,,,,,91,,,Size,100x1000,,1,,,,,,,,,,,,,,,,,,,,,,,,,,,,,,,,,,,,,100x1000,,,,,,,,,,,,,,,,,,,,,,,,140844,,,,,,,,,,,,,,,,,,,
109951,variation,69449859,,D-sign Rug 1P0440 Black - 100x1050,1,0,visible,,D-sign Rug 1P0440 Black 100x1050 cm,,,taxable,parent,1,2,,0,0,,1050,100,1.2,0,,3425,6155,,,,,,,69449763-H,,,,,,92,,,Size,100x1050,,1,,,,,,,,,,,,,,,,,,,,,,,,,,,,,,,,,,,,,100x1050,,,,,,,,,,,,,,,,,,,,,,,,140845,,,,,,,,,,,,,,,,,,,
109952,variation,69449864,,D-sign Rug 1P0440 Black - 100x1100,1,0,visible,,D-sign Rug 1P0440 Black 100x1100 cm,,,taxable,parent,1,2,,0,0,,1100,100,1.2,0,,3572,6425,,,,,,,69449763-H,,,,,,93,,,Size,100x1100,,1,,,,,,,,,,,,,,,,,,,,,,,,,,,,,,,,,,,,,100x1100,,,,,,,,,,,,,,,,,,,,,,,,140846,,,,,,,,,,,,,,,,,,,
109953,variation,69449863,,D-sign Rug 1P0440 Black - 100x1150,1,0,visible,,D-sign Rug 1P0440 Black 100x1150 cm,,,taxable,parent,1,2,,0,0,,1150,100,1.2,0,,3718,6685,,,,,,,69449763-H,,,,,,94,,,Size,100x1150,,1,,,,,,,,,,,,,,,,,,,,,,,,,,,,,,,,,,,,,100x1150,,,,,,,,,,,,,,,,,,,,,,,,140847,,,,,,,,,,,,,,,,,,,
109954,variation,69449862,,D-sign Rug 1P0440 Black - 100x1200,1,0,visible,,D-sign Rug 1P0440 Black 100x1200 cm,,,taxable,parent,1,2,,0,0,,1200,100,1.2,0,,3865,6955,,,,,,,69449763-H,,,,,,95,,,Size,100x1200,,1,,,,,,,,,,,,,,,,,,,,,,,,,,,,,,,,,,,,,100x1200,,,,,,,,,,,,,,,,,,,,,,,,140848,,,,,,,,,,,,,,,,,,,
109955,variation,69449865,,D-sign Rug 1P0440 Black - 100x1250,1,0,visible,,D-sign Rug 1P0440 Black 100x1250 cm,,,taxable,parent,1,2,,0,0,,1250,100,1.2,0,,4012,7215,,,,,,,69449763-H,,,,,,96,,,Size,100x1250,,1,,,,,,,,,,,,,,,,,,,,,,,,,,,,,,,,,,,,,100x1250,,,,,,,,,,,,,,,,,,,,,,,,140849,,,,,,,,,,,,,,,,,,,
109956,variation,69449866,,D-sign Rug 1P0440 Black - 100x1300,1,0,visible,,D-sign Rug 1P0440 Black 100x1300 cm,,,taxable,parent,1,1,,0,0,,1300,100,1.2,0,,4159,7485,,,,,,,69449763-H,,,,,,97,,,Size,100x1300,,1,,,,,,,,,,,,,,,,,,,,,,,,,,,,,,,,,,,,,100x1300,,,,,,,,,,,,,,,,,,,,,,,,140850,,,,,,,,,,,,,,,,,,,
109957,variation,69449860,,D-sign Rug 1P0440 Black - 100x1350,1,0,visible,,D-sign Rug 1P0440 Black 100x1350 cm,,,taxable,parent,1,1,,0,0,,1350,100,1.2,0,,4305,7745,,,,,,,69449763-H,,,,,,98,,,Size,100x1350,,1,,,,,,,,,,,,,,,,,,,,,,,,,,,,,,,,,,,,,100x1350,,,,,,,,,,,,,,,,,,,,,,,,140851,,,,,,,,,,,,,,,,,,,
109958,variation,69449868,,D-sign Rug 1P0440 Black - 100x1400,1,0,visible,,D-sign Rug 1P0440 Black 100x1400 cm,,,taxable,parent,0,0,,0,0,,1400,100,1.2,0,,4452,8005,,,,,,,69449763-H,,,,,,99,,,Size,100x1400,,1,,,,,,,,,,,,,,,,,,,,,,,,,,,,,,,,,,,,,100x1400,,,,,,,,,,,,,,,,,,,,,,,,140852,,,,,,,,,,,,,,,,,,,
109960,variation,69449867,,D-sign Rug 1P0441 Black - 120x100,1,0,visible,,D-sign Rug 1P0441 Black 120x100 cm,,,taxable,parent,1,25,,0,0,,100,120,1.2,0,,627,1125,,,,,,,69449867-H,,,,,,1,,,Size,120x100,,1,,,,,,,,,,,,,,,,,,,,,,,,,,,,,,,,,,,,,120x100,,,,,,,,,,,,,,,,,,,,,,,,140853,,,,,,,,,,,,,,,,,,,
109961,variation,69449877,,D-sign Rug 1P0441 Black - 120x110,1,0,visible,,D-sign Rug 1P0441 Black 120x110 cm,,,taxable,parent,1,23,,0,0,,110,120,1.2,0,,662,1185,,,,,,,69449867-H,,,,,,2,,,Size,120x110,,1,,,,,,,,,,,,,,,,,,,,,,,,,,,,,,,,,,,,,120x110,,,,,,,,,,,,,,,,,,,,,,,,140854,,,,,,,,,,,,,,,,,,,
109962,variation,69449875,,D-sign Rug 1P0441 Black - 120x120,1,0,visible,,D-sign Rug 1P0441 Black 120x120 cm,,,taxable,parent,1,21,,0,0,,120,120,1.2,0,,698,1255,,,,,,,69449867-H,,,,,,3,,,Size,120x120,,1,,,,,,,,,,,,,,,,,,,,,,,,,,,,,,,,,,,,,120x120,,,,,,,,,,,,,,,,,,,,,,,,140855,,,,,,,,,,,,,,,,,,,
109963,variation,69449870,,D-sign Rug 1P0441 Black - 120x130,1,0,visible,,D-sign Rug 1P0441 Black 120x130 cm,,,taxable,parent,1,19,,0,0,,130,120,1.2,0,,733,1315,,,,,,,69449867-H,,,,,,4,,,Size,120x130,,1,,,,,,,,,,,,,,,,,,,,,,,,,,,,,,,,,,,,,120x130,,,,,,,,,,,,,,,,,,,,,,,,140856,,,,,,,,,,,,,,,,,,,
109964,variation,69449874,,D-sign Rug 1P0441 Black - 120x140,1,0,visible,,D-sign Rug 1P0441 Black 120x140 cm,,,taxable,parent,1,18,,0,0,,140,120,1.2,0,,768,1375,,,,,,,69449867-H,,,,,,5,,,Size,120x140,,1,,,,,,,,,,,,,,,,,,,,,,,,,,,,,,,,,,,,,120x140,,,,,,,,,,,,,,,,,,,,,,,,140857,,,,,,,,,,,,,,,,,,,
109965,variation,69449873,,D-sign Rug 1P0441 Black - 120x150,1,0,visible,,D-sign Rug 1P0441 Black 120x150 cm,,,taxable,parent,1,16,,0,0,,150,120,1.2,0,,803,1445,,,,,,,69449867-H,,,,,,6,,,Size,120x150,,1,,,,,,,,,,,,,,,,,,,,,,,,,,,,,,,,,,,,,120x150,,,,,,,,,,,,,,,,,,,,,,,,140858,,,,,,,,,,,,,,,,,,,
109966,variation,69449872,,D-sign Rug 1P0441 Black - 120x160,1,0,visible,,D-sign Rug 1P0441 Black 120x160 cm,,,taxable,parent,1,15,,0,0,,160,120,1.2,0,,838,1505,,,,,,,69449867-H,,,,,,7,,,Size,120x160,,1,,,,,,,,,,,,,,,,,,,,,,,,,,,,,,,,,,,,,120x160,,,,,,,,,,,,,,,,,,,,,,,,140859,,,,,,,,,,,,,,,,,,,
109967,variation,69449878,,D-sign Rug 1P0441 Black - 120x170,1,0,visible,,D-sign Rug 1P0441 Black 120x170 cm,,,taxable,parent,1,14,,0,0,,170,120,1.2,0,,874,1565,,,,,,,69449867-H,,,,,,8,,,Size,120x170,,1,,,,,,,,,,,,,,,,,,,,,,,,,,,,,,,,,,,,,120x170,,,,,,,,,,,,,,,,,,,,,,,,140860,,,,,,,,,,,,,,,,,,,
109968,variation,69449869,,D-sign Rug 1P0441 Black - 120x180,1,0,visible,,D-sign Rug 1P0441 Black 120x180 cm,,,taxable,parent,1,14,,0,0,,180,120,1.2,0,,909,1635,,,,,,,69449867-H,,,,,,9,,,Size,120x180,,1,,,,,,,,,,,,,,,,,,,,,,,,,,,,,,,,,,,,,120x180,,,,,,,,,,,,,,,,,,,,,,,,140861,,,,,,,,,,,,,,,,,,,
109969,variation,69449871,,D-sign Rug 1P0441 Black - 120x190,1,0,visible,,D-sign Rug 1P0441 Black 120x190 cm,,,taxable,parent,1,13,,0,0,,190,120,1.2,0,,944,1695,,,,,,,69449867-H,,,,,,10,,,Size,120x190,,1,,,,,,,,,,,,,,,,,,,,,,,,,,,,,,,,,,,,,120x190,,,,,,,,,,,,,,,,,,,,,,,,140862,,,,,,,,,,,,,,,,,,,
109970,variation,69449876,,D-sign Rug 1P0441 Black - 120x200,1,0,visible,,D-sign Rug 1P0441 Black 120x200 cm,,,taxable,parent,1,12,,0,0,,200,120,1.2,0,,979,1755,,,,,,,69449867-H,,,,,,11,,,Size,120x200,,1,,,,,,,,,,,,,,,,,,,,,,,,,,,,,,,,,,,,,120x200,,,,,,,,,,,,,,,,,,,,,,,,140863,,,,,,,,,,,,,,,,,,,
109971,variation,69449883,,D-sign Rug 1P0441 Black - 120x210,1,0,visible,,D-sign Rug 1P0441 Black 120x210 cm,,,taxable,parent,1,12,,0,0,,210,120,1.2,0,,1014,1825,,,,,,,69449867-H,,,,,,12,,,Size,120x210,,1,,,,,,,,,,,,,,,,,,,,,,,,,,,,,,,,,,,,,120x210,,,,,,,,,,,,,,,,,,,,,,,,140864,,,,,,,,,,,,,,,,,,,
109972,variation,69449880,,D-sign Rug 1P0441 Black - 120x220,1,0,visible,,D-sign Rug 1P0441 Black 120x220 cm,,,taxable,parent,1,11,,0,0,,220,120,1.2,0,,1050,1885,,,,,,,69449867-H,,,,,,13,,,Size,120x220,,1,,,,,,,,,,,,,,,,,,,,,,,,,,,,,,,,,,,,,120x220,,,,,,,,,,,,,,,,,,,,,,,,140865,,,,,,,,,,,,,,,,,,,
109973,variation,69449881,,D-sign Rug 1P0441 Black - 120x230,1,0,visible,,D-sign Rug 1P0441 Black 120x230 cm,,,taxable,parent,1,11,,0,0,,230,120,1.2,0,,1085,1945,,,,,,,69449867-H,,,,,,14,,,Size,120x230,,1,,,,,,,,,,,,,,,,,,,,,,,,,,,,,,,,,,,,,120x230,,,,,,,,,,,,,,,,,,,,,,,,140866,,,,,,,,,,,,,,,,,,,
109974,variation,69449882,,D-sign Rug 1P0441 Black - 120x240,1,0,visible,,D-sign Rug 1P0441 Black 120x240 cm,,,taxable,parent,1,10,,0,0,,240,120,1.2,0,,1120,2015,,,,,,,69449867-H,,,,,,15,,,Size,120x240,,1,,,,,,,,,,,,,,,,,,,,,,,,,,,,,,,,,,,,,120x240,,,,,,,,,,,,,,,,,,,,,,,,140867,,,,,,,,,,,,,,,,,,,
109975,variation,69449884,,D-sign Rug 1P0441 Black - 120x250,1,0,visible,,D-sign Rug 1P0441 Black 120x250 cm,,,taxable,parent,1,10,,0,0,,250,120,1.2,0,,1155,2075,,,,,,,69449867-H,,,,,,16,,,Size,120x250,,1,,,,,,,,,,,,,,,,,,,,,,,,,,,,,,,,,,,,,120x250,,,,,,,,,,,,,,,,,,,,,,,,140868,,,,,,,,,,,,,,,,,,,
109976,variation,69449888,,D-sign Rug 1P0441 Black - 120x260,1,0,visible,,D-sign Rug 1P0441 Black 120x260 cm,,,taxable,parent,1,9,,0,0,,260,120,1.2,0,,1191,2135,,,,,,,69449867-H,,,,,,17,,,Size,120x260,,1,,,,,,,,,,,,,,,,,,,,,,,,,,,,,,,,,,,,,120x260,,,,,,,,,,,,,,,,,,,,,,,,140869,,,,,,,,,,,,,,,,,,,
109977,variation,69449889,,D-sign Rug 1P0441 Black - 120x270,1,0,visible,,D-sign Rug 1P0441 Black 120x270 cm,,,taxable,parent,1,9,,0,0,,270,120,1.2,0,,1226,2205,,,,,,,69449867-H,,,,,,18,,,Size,120x270,,1,,,,,,,,,,,,,,,,,,,,,,,,,,,,,,,,,,,,,120x270,,,,,,,,,,,,,,,,,,,,,,,,140870,,,,,,,,,,,,,,,,,,,
109978,variation,69449885,,D-sign Rug 1P0441 Black - 120x280,1,0,visible,,D-sign Rug 1P0441 Black 120x280 cm,,,taxable,parent,1,9,,0,0,,280,120,1.2,0,,1261,2265,,,,,,,69449867-H,,,,,,19,,,Size,120x280,,1,,,,,,,,,,,,,,,,,,,,,,,,,,,,,,,,,,,,,120x280,,,,,,,,,,,,,,,,,,,,,,,,140871,,,,,,,,,,,,,,,,,,,
109979,variation,69449886,,D-sign Rug 1P0441 Black - 120x290,1,0,visible,,D-sign Rug 1P0441 Black 120x290 cm,,,taxable,parent,1,8,,0,0,,290,120,1.2,0,,1296,2325,,,,,,,69449867-H,,,,,,20,,,Size,120x290,,1,,,,,,,,,,,,,,,,,,,,,,,,,,,,,,,,,,,,,120x290,,,,,,,,,,,,,,,,,,,,,,,,140872,,,,,,,,,,,,,,,,,,,
109980,variation,69449887,,D-sign Rug 1P0441 Black - 120x300,1,0,visible,,D-sign Rug 1P0441 Black 120x300 cm,,,taxable,parent,1,8,,0,0,,300,120,1.2,0,,1331,2395,,,,,,,69449867-H,,,,,,21,,,Size,120x300,,1,,,,,,,,,,,,,,,,,,,,,,,,,,,,,,,,,,,,,120x300,,,,,,,,,,,,,,,,,,,,,,,,140873,,,,,,,,,,,,,,,,,,,
109981,variation,69449891,,D-sign Rug 1P0441 Black - 120x310,1,0,visible,,D-sign Rug 1P0441 Black 120x310 cm,,,taxable,parent,1,8,,0,0,,310,120,1.2,0,,1367,2455,,,,,,,69449867-H,,,,,,22,,,Size,120x310,,1,,,,,,,,,,,,,,,,,,,,,,,,,,,,,,,,,,,,,120x310,,,,,,,,,,,,,,,,,,,,,,,,140874,,,,,,,,,,,,,,,,,,,
109982,variation,69449892,,D-sign Rug 1P0441 Black - 120x320,1,0,visible,,D-sign Rug 1P0441 Black 120x320 cm,,,taxable,parent,1,7,,0,0,,320,120,1.2,0,,1402,2515,,,,,,,69449867-H,,,,,,23,,,Size,120x320,,1,,,,,,,,,,,,,,,,,,,,,,,,,,,,,,,,,,,,,120x320,,,,,,,,,,,,,,,,,,,,,,,,140875,,,,,,,,,,,,,,,,,,,
109983,variation,69449898,,D-sign Rug 1P0441 Black - 120x330,1,0,visible,,D-sign Rug 1P0441 Black 120x330 cm,,,taxable,parent,1,7,,0,0,,330,120,1.2,0,,1437,2585,,,,,,,69449867-H,,,,,,24,,,Size,120x330,,1,,,,,,,,,,,,,,,,,,,,,,,,,,,,,,,,,,,,,120x330,,,,,,,,,,,,,,,,,,,,,,,,140876,,,,,,,,,,,,,,,,,,,
109984,variation,69449893,,D-sign Rug 1P0441 Black - 120x340,1,0,visible,,D-sign Rug 1P0441 Black 120x340 cm,,,taxable,parent,1,7,,0,0,,340,120,1.2,0,,1472,2645,,,,,,,69449867-H,,,,,,25,,,Size,120x340,,1,,,,,,,,,,,,,,,,,,,,,,,,,,,,,,,,,,,,,120x340,,,,,,,,,,,,,,,,,,,,,,,,140877,,,,,,,,,,,,,,,,,,,
109985,variation,69449894,,D-sign Rug 1P0441 Black - 120x350,1,0,visible,,D-sign Rug 1P0441 Black 120x350 cm,,,taxable,parent,1,7,,0,0,,350,120,1.2,0,,1507,2705,,,,,,,69449867-H,,,,,,26,,,Size,120x350,,1,,,,,,,,,,,,,,,,,,,,,,,,,,,,,,,,,,,,,120x350,,,,,,,,,,,,,,,,,,,,,,,,140878,,,,,,,,,,,,,,,,,,,
109986,variation,69449890,,D-sign Rug 1P0441 Black - 120x360,1,0,visible,,D-sign Rug 1P0441 Black 120x360 cm,,,taxable,parent,1,7,,0,0,,360,120,1.2,0,,1543,2775,,,,,,,69449867-H,,,,,,27,,,Size,120x360,,1,,,,,,,,,,,,,,,,,,,,,,,,,,,,,,,,,,,,,120x360,,,,,,,,,,,,,,,,,,,,,,,,140879,,,,,,,,,,,,,,,,,,,
109987,variation,69449899,,D-sign Rug 1P0441 Black - 120x370,1,0,visible,,D-sign Rug 1P0441 Black 120x370 cm,,,taxable,parent,1,6,,0,0,,370,120,1.2,0,,1578,2835,,,,,,,69449867-H,,,,,,28,,,Size,120x370,,1,,,,,,,,,,,,,,,,,,,,,,,,,,,,,,,,,,,,,120x370,,,,,,,,,,,,,,,,,,,,,,,,140880,,,,,,,,,,,,,,,,,,,
109988,variation,69449897,,D-sign Rug 1P0441 Black - 120x380,1,0,visible,,D-sign Rug 1P0441 Black 120x380 cm,,,taxable,parent,1,6,,0,0,,380,120,1.2,0,,1613,2895,,,,,,,69449867-H,,,,,,29,,,Size,120x380,,1,,,,,,,,,,,,,,,,,,,,,,,,,,,,,,,,,,,,,120x380,,,,,,,,,,,,,,,,,,,,,,,,140881,,,,,,,,,,,,,,,,,,,
109989,variation,69449896,,D-sign Rug 1P0441 Black - 120x390,1,0,visible,,D-sign Rug 1P0441 Black 120x390 cm,,,taxable,parent,1,6,,0,0,,390,120,1.2,0,,1648,2965,,,,,,,69449867-H,,,,,,30,,,Size,120x390,,1,,,,,,,,,,,,,,,,,,,,,,,,,,,,,,,,,,,,,120x390,,,,,,,,,,,,,,,,,,,,,,,,140882,,,,,,,,,,,,,,,,,,,
109990,variation,69449895,,D-sign Rug 1P0441 Black - 120x400,1,0,visible,,D-sign Rug 1P0441 Black 120x400 cm,,,taxable,parent,1,6,,0,0,,400,120,1.2,0,,1684,3025,,,,,,,69449867-H,,,,,,31,,,Size,120x400,,1,,,,,,,,,,,,,,,,,,,,,,,,,,,,,,,,,,,,,120x400,,,,,,,,,,,,,,,,,,,,,,,,140883,,,,,,,,,,,,,,,,,,,
109991,variation,69449902,,D-sign Rug 1P0441 Black - 120x410,1,0,visible,,D-sign Rug 1P0441 Black 120x410 cm,,,taxable,parent,1,6,,0,0,,410,120,1.2,0,,1719,3085,,,,,,,69449867-H,,,,,,32,,,Size,120x410,,1,,,,,,,,,,,,,,,,,,,,,,,,,,,,,,,,,,,,,120x410,,,,,,,,,,,,,,,,,,,,,,,,140884,,,,,,,,,,,,,,,,,,,
109992,variation,69449901,,D-sign Rug 1P0441 Black - 120x420,1,0,visible,,D-sign Rug 1P0441 Black 120x420 cm,,,taxable,parent,1,6,,0,0,,420,120,1.2,0,,1754,3155,,,,,,,69449867-H,,,,,,33,,,Size,120x420,,1,,,,,,,,,,,,,,,,,,,,,,,,,,,,,,,,,,,,,120x420,,,,,,,,,,,,,,,,,,,,,,,,140885,,,,,,,,,,,,,,,,,,,
109993,variation,69449909,,D-sign Rug 1P0441 Black - 120x430,1,0,visible,,D-sign Rug 1P0441 Black 120x430 cm,,,taxable,parent,1,5,,0,0,,430,120,1.2,0,,1789,3215,,,,,,,69449867-H,,,,,,34,,,Size,120x430,,1,,,,,,,,,,,,,,,,,,,,,,,,,,,,,,,,,,,,,120x430,,,,,,,,,,,,,,,,,,,,,,,,140886,,,,,,,,,,,,,,,,,,,
109994,variation,69449906,,D-sign Rug 1P0441 Black - 120x440,1,0,visible,,D-sign Rug 1P0441 Black 120x440 cm,,,taxable,parent,1,5,,0,0,,440,120,1.2,0,,1824,3275,,,,,,,69449867-H,,,,,,35,,,Size,120x440,,1,,,,,,,,,,,,,,,,,,,,,,,,,,,,,,,,,,,,,120x440,,,,,,,,,,,,,,,,,,,,,,,,140887,,,,,,,,,,,,,,,,,,,
109995,variation,69449905,,D-sign Rug 1P0441 Black - 120x450,1,0,visible,,D-sign Rug 1P0441 Black 120x450 cm,,,taxable,parent,1,5,,0,0,,450,120,1.2,0,,1860,3345,,,,,,,69449867-H,,,,,,36,,,Size,120x450,,1,,,,,,,,,,,,,,,,,,,,,,,,,,,,,,,,,,,,,120x450,,,,,,,,,,,,,,,,,,,,,,,,140888,,,,,,,,,,,,,,,,,,,
109996,variation,69449900,,D-sign Rug 1P0441 Black - 120x460,1,0,visible,,D-sign Rug 1P0441 Black 120x460 cm,,,taxable,parent,1,5,,0,0,,460,120,1.2,0,,1895,3405,,,,,,,69449867-H,,,,,,37,,,Size,120x460,,1,,,,,,,,,,,,,,,,,,,,,,,,,,,,,,,,,,,,,120x460,,,,,,,,,,,,,,,,,,,,,,,,140889,,,,,,,,,,,,,,,,,,,
109997,variation,69449903,,D-sign Rug 1P0441 Black - 120x470,1,0,visible,,D-sign Rug 1P0441 Black 120x470 cm,,,taxable,parent,1,5,,0,0,,470,120,1.2,0,,1930,3465,,,,,,,69449867-H,,,,,,38,,,Size,120x470,,1,,,,,,,,,,,,,,,,,,,,,,,,,,,,,,,,,,,,,120x470,,,,,,,,,,,,,,,,,,,,,,,,140890,,,,,,,,,,,,,,,,,,,
109998,variation,69449908,,D-sign Rug 1P0441 Black - 120x480,1,0,visible,,D-sign Rug 1P0441 Black 120x480 cm,,,taxable,parent,1,5,,0,0,,480,120,1.2,0,,1965,3535,,,,,,,69449867-H,,,,,,39,,,Size,120x480,,1,,,,,,,,,,,,,,,,,,,,,,,,,,,,,,,,,,,,,120x480,,,,,,,,,,,,,,,,,,,,,,,,140891,,,,,,,,,,,,,,,,,,,
109999,variation,69449904,,D-sign Rug 1P0441 Black - 120x490,1,0,visible,,D-sign Rug 1P0441 Black 120x490 cm,,,taxable,parent,1,5,,0,0,,490,120,1.2,0,,2000,3595,,,,,,,69449867-H,,,,,,40,,,Size,120x490,,1,,,,,,,,,,,,,,,,,,,,,,,,,,,,,,,,,,,,,120x490,,,,,,,,,,,,,,,,,,,,,,,,140892,,,,,,,,,,,,,,,,,,,
110000,variation,69449907,,D-sign Rug 1P0441 Black - 120x500,1,0,visible,,D-sign Rug 1P0441 Black 120x500 cm,,,taxable,parent,1,5,,0,0,,500,120,1.2,0,,2036,3655,,,,,,,69449867-H,,,,,,41,,,Size,120x500,,1,,,,,,,,,,,,,,,,,,,,,,,,,,,,,,,,,,,,,120x500,,,,,,,,,,,,,,,,,,,,,,,,140893,,,,,,,,,,,,,,,,,,,
110001,variation,69449917,,D-sign Rug 1P0441 Black - 120x510,1,0,visible,,D-sign Rug 1P0441 Black 120x510 cm,,,taxable,parent,1,4,,0,0,,510,120,1.2,0,,2071,3725,,,,,,,69449867-H,,,,,,42,,,Size,120x510,,1,,,,,,,,,,,,,,,,,,,,,,,,,,,,,,,,,,,,,120x510,,,,,,,,,,,,,,,,,,,,,,,,140894,,,,,,,,,,,,,,,,,,,
110002,variation,69449912,,D-sign Rug 1P0441 Black - 120x520,1,0,visible,,D-sign Rug 1P0441 Black 120x520 cm,,,taxable,parent,1,4,,0,0,,520,120,1.2,0,,2106,3785,,,,,,,69449867-H,,,,,,43,,,Size,120x520,,1,,,,,,,,,,,,,,,,,,,,,,,,,,,,,,,,,,,,,120x520,,,,,,,,,,,,,,,,,,,,,,,,140895,,,,,,,,,,,,,,,,,,,
110003,variation,69449918,,D-sign Rug 1P0441 Black - 120x530,1,0,visible,,D-sign Rug 1P0441 Black 120x530 cm,,,taxable,parent,1,4,,0,0,,530,120,1.2,0,,2141,3845,,,,,,,69449867-H,,,,,,44,,,Size,120x530,,1,,,,,,,,,,,,,,,,,,,,,,,,,,,,,,,,,,,,,120x530,,,,,,,,,,,,,,,,,,,,,,,,140896,,,,,,,,,,,,,,,,,,,
110004,variation,69449915,,D-sign Rug 1P0441 Black - 120x540,1,0,visible,,D-sign Rug 1P0441 Black 120x540 cm,,,taxable,parent,1,4,,0,0,,540,120,1.2,0,,2177,3915,,,,,,,69449867-H,,,,,,45,,,Size,120x540,,1,,,,,,,,,,,,,,,,,,,,,,,,,,,,,,,,,,,,,120x540,,,,,,,,,,,,,,,,,,,,,,,,140897,,,,,,,,,,,,,,,,,,,
110005,variation,69449914,,D-sign Rug 1P0441 Black - 120x550,1,0,visible,,D-sign Rug 1P0441 Black 120x550 cm,,,taxable,parent,1,4,,0,0,,550,120,1.2,0,,2212,3975,,,,,,,69449867-H,,,,,,46,,,Size,120x550,,1,,,,,,,,,,,,,,,,,,,,,,,,,,,,,,,,,,,,,120x550,,,,,,,,,,,,,,,,,,,,,,,,140898,,,,,,,,,,,,,,,,,,,
110006,variation,69449913,,D-sign Rug 1P0441 Black - 120x560,1,0,visible,,D-sign Rug 1P0441 Black 120x560 cm,,,taxable,parent,1,4,,0,0,,560,120,1.2,0,,2247,4035,,,,,,,69449867-H,,,,,,47,,,Size,120x560,,1,,,,,,,,,,,,,,,,,,,,,,,,,,,,,,,,,,,,,120x560,,,,,,,,,,,,,,,,,,,,,,,,140899,,,,,,,,,,,,,,,,,,,
110007,variation,69449911,,D-sign Rug 1P0441 Black - 120x570,1,0,visible,,D-sign Rug 1P0441 Black 120x570 cm,,,taxable,parent,1,4,,0,0,,570,120,1.2,0,,2282,4105,,,,,,,69449867-H,,,,,,48,,,Size,120x570,,1,,,,,,,,,,,,,,,,,,,,,,,,,,,,,,,,,,,,,120x570,,,,,,,,,,,,,,,,,,,,,,,,140900,,,,,,,,,,,,,,,,,,,
110008,variation,69449919,,D-sign Rug 1P0441 Black - 120x580,1,0,visible,,D-sign Rug 1P0441 Black 120x580 cm,,,taxable,parent,1,4,,0,0,,580,120,1.2,0,,2317,4165,,,,,,,69449867-H,,,,,,49,,,Size,120x580,,1,,,,,,,,,,,,,,,,,,,,,,,,,,,,,,,,,,,,,120x580,,,,,,,,,,,,,,,,,,,,,,,,140901,,,,,,,,,,,,,,,,,,,
110009,variation,69449920,,D-sign Rug 1P0441 Black - 120x590,1,0,visible,,D-sign Rug 1P0441 Black 120x590 cm,,,taxable,parent,1,4,,0,0,,590,120,1.2,0,,2353,4225,,,,,,,69449867-H,,,,,,50,,,Size,120x590,,1,,,,,,,,,,,,,,,,,,,,,,,,,,,,,,,,,,,,,120x590,,,,,,,,,,,,,,,,,,,,,,,,140902,,,,,,,,,,,,,,,,,,,
110010,variation,69449916,,D-sign Rug 1P0441 Black - 120x600,1,0,visible,,D-sign Rug 1P0441 Black 120x600 cm,,,taxable,parent,1,4,,0,0,,600,120,1.2,0,,2388,4295,,,,,,,69449867-H,,,,,,51,,,Size,120x600,,1,,,,,,,,,,,,,,,,,,,,,,,,,,,,,,,,,,,,,120x600,,,,,,,,,,,,,,,,,,,,,,,,140903,,,,,,,,,,,,,,,,,,,
110011,variation,69449937,,D-sign Rug 1P0441 Black - 120x610,1,0,visible,,D-sign Rug 1P0441 Black 120x610 cm,,,taxable,parent,1,4,,0,0,,610,120,1.2,0,,2423,4355,,,,,,,69449867-H,,,,,,52,,,Size,120x610,,1,,,,,,,,,,,,,,,,,,,,,,,,,,,,,,,,,,,,,120x610,,,,,,,,,,,,,,,,,,,,,,,,140904,,,,,,,,,,,,,,,,,,,
110012,variation,69449933,,D-sign Rug 1P0441 Black - 120x620,1,0,visible,,D-sign Rug 1P0441 Black 120x620 cm,,,taxable,parent,1,4,,0,0,,620,120,1.2,0,,2458,4415,,,,,,,69449867-H,,,,,,53,,,Size,120x620,,1,,,,,,,,,,,,,,,,,,,,,,,,,,,,,,,,,,,,,120x620,,,,,,,,,,,,,,,,,,,,,,,,140905,,,,,,,,,,,,,,,,,,,
110013,variation,69449941,,D-sign Rug 1P0441 Black - 120x630,1,0,visible,,D-sign Rug 1P0441 Black 120x630 cm,,,taxable,parent,1,4,,0,0,,630,120,1.2,0,,2493,4485,,,,,,,69449867-H,,,,,,54,,,Size,120x630,,1,,,,,,,,,,,,,,,,,,,,,,,,,,,,,,,,,,,,,120x630,,,,,,,,,,,,,,,,,,,,,,,,140906,,,,,,,,,,,,,,,,,,,
110014,variation,69449930,,D-sign Rug 1P0441 Black - 120x640,1,0,visible,,D-sign Rug 1P0441 Black 120x640 cm,,,taxable,parent,1,3,,0,0,,640,120,1.2,0,,2529,4545,,,,,,,69449867-H,,,,,,55,,,Size,120x640,,1,,,,,,,,,,,,,,,,,,,,,,,,,,,,,,,,,,,,,120x640,,,,,,,,,,,,,,,,,,,,,,,,140907,,,,,,,,,,,,,,,,,,,
110015,variation,69449940,,D-sign Rug 1P0441 Black - 120x650,1,0,visible,,D-sign Rug 1P0441 Black 120x650 cm,,,taxable,parent,1,3,,0,0,,650,120,1.2,0,,2564,4605,,,,,,,69449867-H,,,,,,56,,,Size,120x650,,1,,,,,,,,,,,,,,,,,,,,,,,,,,,,,,,,,,,,,120x650,,,,,,,,,,,,,,,,,,,,,,,,140908,,,,,,,,,,,,,,,,,,,
110016,variation,69449934,,D-sign Rug 1P0441 Black - 120x660,1,0,visible,,D-sign Rug 1P0441 Black 120x660 cm,,,taxable,parent,1,3,,0,0,,660,120,1.2,0,,2599,4675,,,,,,,69449867-H,,,,,,57,,,Size,120x660,,1,,,,,,,,,,,,,,,,,,,,,,,,,,,,,,,,,,,,,120x660,,,,,,,,,,,,,,,,,,,,,,,,140909,,,,,,,,,,,,,,,,,,,
110017,variation,69449935,,D-sign Rug 1P0441 Black - 120x670,1,0,visible,,D-sign Rug 1P0441 Black 120x670 cm,,,taxable,parent,1,3,,0,0,,670,120,1.2,0,,2634,4735,,,,,,,69449867-H,,,,,,58,,,Size,120x670,,1,,,,,,,,,,,,,,,,,,,,,,,,,,,,,,,,,,,,,120x670,,,,,,,,,,,,,,,,,,,,,,,,140910,,,,,,,,,,,,,,,,,,,
110018,variation,69449943,,D-sign Rug 1P0441 Black - 120x680,1,0,visible,,D-sign Rug 1P0441 Black 120x680 cm,,,taxable,parent,1,3,,0,0,,680,120,1.2,0,,2670,4805,,,,,,,69449867-H,,,,,,59,,,Size,120x680,,1,,,,,,,,,,,,,,,,,,,,,,,,,,,,,,,,,,,,,120x680,,,,,,,,,,,,,,,,,,,,,,,,140911,,,,,,,,,,,,,,,,,,,
110019,variation,69449942,,D-sign Rug 1P0441 Black - 120x690,1,0,visible,,D-sign Rug 1P0441 Black 120x690 cm,,,taxable,parent,1,3,,0,0,,690,120,1.2,0,,2705,4865,,,,,,,69449867-H,,,,,,60,,,Size,120x690,,1,,,,,,,,,,,,,,,,,,,,,,,,,,,,,,,,,,,,,120x690,,,,,,,,,,,,,,,,,,,,,,,,140912,,,,,,,,,,,,,,,,,,,
110020,variation,69449939,,D-sign Rug 1P0441 Black - 120x700,1,0,visible,,D-sign Rug 1P0441 Black 120x700 cm,,,taxable,parent,1,3,,0,0,,700,120,1.2,0,,2740,4925,,,,,,,69449867-H,,,,,,61,,,Size,120x700,,1,,,,,,,,,,,,,,,,,,,,,,,,,,,,,,,,,,,,,120x700,,,,,,,,,,,,,,,,,,,,,,,,140913,,,,,,,,,,,,,,,,,,,
110021,variation,69449945,,D-sign Rug 1P0441 Black - 120x710,1,0,visible,,D-sign Rug 1P0441 Black 120x710 cm,,,taxable,parent,1,3,,0,0,,710,120,1.2,0,,2775,4995,,,,,,,69449867-H,,,,,,62,,,Size,120x710,,1,,,,,,,,,,,,,,,,,,,,,,,,,,,,,,,,,,,,,120x710,,,,,,,,,,,,,,,,,,,,,,,,140914,,,,,,,,,,,,,,,,,,,
110022,variation,69449953,,D-sign Rug 1P0441 Black - 120x720,1,0,visible,,D-sign Rug 1P0441 Black 120x720 cm,,,taxable,parent,1,3,,0,0,,720,120,1.2,0,,2810,5055,,,,,,,69449867-H,,,,,,63,,,Size,120x720,,1,,,,,,,,,,,,,,,,,,,,,,,,,,,,,,,,,,,,,120x720,,,,,,,,,,,,,,,,,,,,,,,,140915,,,,,,,,,,,,,,,,,,,
110023,variation,69449949,,D-sign Rug 1P0441 Black - 120x730,1,0,visible,,D-sign Rug 1P0441 Black 120x730 cm,,,taxable,parent,1,3,,0,0,,730,120,1.2,0,,2846,5115,,,,,,,69449867-H,,,,,,64,,,Size,120x730,,1,,,,,,,,,,,,,,,,,,,,,,,,,,,,,,,,,,,,,120x730,,,,,,,,,,,,,,,,,,,,,,,,140916,,,,,,,,,,,,,,,,,,,
110024,variation,69449951,,D-sign Rug 1P0441 Black - 120x740,1,0,visible,,D-sign Rug 1P0441 Black 120x740 cm,,,taxable,parent,1,3,,0,0,,740,120,1.2,0,,2881,5185,,,,,,,69449867-H,,,,,,65,,,Size,120x740,,1,,,,,,,,,,,,,,,,,,,,,,,,,,,,,,,,,,,,,120x740,,,,,,,,,,,,,,,,,,,,,,,,140917,,,,,,,,,,,,,,,,,,,
110025,variation,69449950,,D-sign Rug 1P0441 Black - 120x750,1,0,visible,,D-sign Rug 1P0441 Black 120x750 cm,,,taxable,parent,1,3,,0,0,,750,120,1.2,0,,2916,5245,,,,,,,69449867-H,,,,,,66,,,Size,120x750,,1,,,,,,,,,,,,,,,,,,,,,,,,,,,,,,,,,,,,,120x750,,,,,,,,,,,,,,,,,,,,,,,,140918,,,,,,,,,,,,,,,,,,,
110026,variation,69449948,,D-sign Rug 1P0441 Black - 120x760,1,0,visible,,D-sign Rug 1P0441 Black 120x760 cm,,,taxable,parent,1,3,,0,0,,760,120,1.2,0,,2951,5305,,,,,,,69449867-H,,,,,,67,,,Size,120x760,,1,,,,,,,,,,,,,,,,,,,,,,,,,,,,,,,,,,,,,120x760,,,,,,,,,,,,,,,,,,,,,,,,140919,,,,,,,,,,,,,,,,,,,
110027,variation,69449946,,D-sign Rug 1P0441 Black - 120x770,1,0,visible,,D-sign Rug 1P0441 Black 120x770 cm,,,taxable,parent,1,3,,0,0,,770,120,1.2,0,,2986,5375,,,,,,,69449867-H,,,,,,68,,,Size,120x770,,1,,,,,,,,,,,,,,,,,,,,,,,,,,,,,,,,,,,,,120x770,,,,,,,,,,,,,,,,,,,,,,,,140920,,,,,,,,,,,,,,,,,,,
