ID,Type,SKU,"GTIN, UPC, EAN, or ISBN",Name,Published,Is featured?,Visibility in catalog,Short description,Description,Date sale price starts,Date sale price ends,Tax status,Tax class,In stock?,Stock,Low stock amount,Backorders allowed?,Sold individually?,Weight (kg),Length (cm),Width (cm),Height (cm),Allow customer reviews?,Purchase note,Sale price,Regular price,Categories,Tags,Shipping class,Images,Download limit,Download expiry days,Parent,Grouped products,Upsells,Cross-sells,External URL,Button text,Position,Swatches Attributes,Brands,Attribute 1 name,Attribute 1 value(s),Attribute 1 visible,Attribute 1 global,Attribute 2 name,Attribute 2 value(s),Attribute 2 visible,Attribute 2 global,Attribute 3 name,Attribute 3 value(s),Attribute 3 visible,Attribute 3 global,Attribute 4 name,Attribute 4 value(s),Attribute 4 visible,Attribute 4 global,Attribute 5 name,Attribute 5 value(s),Attribute 5 visible,Attribute 5 global,Attribute 6 name,Attribute 6 value(s),Attribute 6 visible,Attribute 6 global,Attribute 7 name,Attribute 7 value(s),Attribute 7 visible,Attribute 7 global,Attribute 8 name,Attribute 8 value(s),Attribute 8 visible,Attribute 8 global,Attribute 9 name,Attribute 9 value(s),Attribute 9 visible,Attribute 9 global,Attribute 10 name,Attribute 10 value(s),Attribute 10 visible,Attribute 10 global,Meta: fb_size,Meta: fb_brand,Meta: fb_color,Meta: fb_material,Meta: _wp_page_template,Meta: site-sidebar-layout,Meta: site-content-layout,Meta: theme-transparent-header-meta,Meta: _yoast_wpseo_primary_product_brand,Meta: _yoast_wpseo_primary_product_cat,Meta: _yoast_wpseo_content_score,Meta: _yoast_wpseo_estimated-reading-time-minutes,Meta: _last_change_time,Meta: _wc_facebook_sync_enabled_v2,Meta: fb_visibility,Meta: fb_product_description,Meta: fb_rich_text_description,Meta: _wc_facebook_product_image_source,Meta: fb_mpn,Meta: fb_pattern,Meta: fb_age_group,Meta: fb_gender,Meta: fb_product_condition,Meta: _last_editor_used_jetpack,Meta: _wpm_gtin_code,Meta: _wpm_gtin_code_label,Meta: _yoast_wpseo_seo_title_score,Meta: _yoast_wpseo_meta_description_score,Meta: _yoast_wpseo_wordproof_timestamp,Meta: _elementor_edit_mode,Meta: _elementor_template_type,Meta: _elementor_version,Meta: _elementor_pro_version,Meta: fb_product_group_id,Meta: fb_product_image,Meta: _wc_facebook_product_video_source,Meta: fb_product_images,Meta: fb_product_price,Attribute 11 name,Attribute 11 value(s),Attribute 11 visible,Attribute 11 global,Meta: _wp_old_date,Attribute 1 default
38670,variation,56904633,,D-sign Rug 1D0379 White - 160x230,1,0,hidden,,D-sign Rug 1D0379 White 160x230 cm,,,taxable,parent,0,0,,0,0,,230,160,0.6,0,,,1796,,,,,,,56904630-H,,,,,,4,,,Size,160x230,,1,,,,,,,,,,,,,,,,,,,,,,,,,,,,,,,,,,,,,160x230,,,,,,,,,,,,1786453251,,,,,,,,,,,,77112,,,,,,,,,,,,,,,,,,,
38671,variation,56904635,,D-sign Rug 1D0379 White - 200x290,1,0,hidden,,D-sign Rug 1D0379 White 200x290 cm,,,taxable,parent,0,0,,0,0,,290,200,0.6,0,,,2644,,,,,,,56904630-H,,,,,,5,,,Size,200x290,,1,,,,,,,,,,,,,,,,,,,,,,,,,,,,,,,,,,,,,200x290,,,,,,,,,,,,1786453252,,,,,,,,,,,,77113,,,,,,,,,,,,,,,,,,,
38677,variation,56904634,,D-sign Rug 1D0380 Black - 80x150,1,0,hidden,,D-sign Rug 1D0380 Black 80x150 cm,,,taxable,parent,0,0,,0,0,,150,80,0.6,0,,,860,,,,,,,56904634-H,,,,,,1,,,Size,80x150,,1,,,,,,,,,,,,,,,,,,,,,,,,,,,,,,,,,,,,,80x150,,,,,,,,,,,,1786453252,,,,,,,,,,,,77119,,,,,,,,,,,,,,,,,,,
38678,variation,56906999,,D-sign Rug 1D0380 Black - 120x170,1,0,hidden,,D-sign Rug 1D0380 Black 120x170 cm,,,taxable,parent,0,0,,0,0,,170,120,0.6,0,,,1140,,,,,,,56904634-H,,,,,,2,,,Size,120x170,,1,,,,,,,,,,,,,,,,,,,,,,,,,,,,,,,,,,,,,120x170,,,,,,,,,,,,,,,,,,,,,,,,77120,,,,,,,,,,,,,,,,,,,
38679,variation,56907005,,D-sign Rug 1D0380 Black - 140x200,1,0,hidden,,D-sign Rug 1D0380 Black 140x200 cm,,,taxable,parent,0,0,,0,0,,200,140,0.6,0,,,1468,,,,,,,56904634-H,,,,,,3,,,Size,140x200,,1,,,,,,,,,,,,,,,,,,,,,,,,,,,,,,,,,,,,,140x200,,,,,,,,,,,,1786453786,,,,,,,,,,,,77121,,,,,,,,,,,,,,,,,,,
38680,variation,56907004,,D-sign Rug 1D0380 Black - 160x230,1,0,hidden,,D-sign Rug 1D0380 Black 160x230 cm,,,taxable,parent,0,0,,0,0,,230,160,0.6,0,,,1796,,,,,,,56904634-H,,,,,,4,,,Size,160x230,,1,,,,,,,,,,,,,,,,,,,,,,,,,,,,,,,,,,,,,160x230,,,,,,,,,,,,1786453785,,,,,,,,,,,,77122,,,,,,,,,,,,,,,,,,,
38681,variation,56906985,,D-sign Rug 1D0380 Black - 200x290,1,0,hidden,,D-sign Rug 1D0380 Black 200x290 cm,,,taxable,parent,0,0,,0,0,,290,200,0.6,0,,,2644,,,,,,,56904634-H,,,,,,5,,,Size,200x290,,1,,,,,,,,,,,,,,,,,,,,,,,,,,,,,,,,,,,,,200x290,,,,,,,,,,,,1786453781,,,,,,,,,,,,77123,,,,,,,,,,,,,,,,,,,
38687,variable,56904644-H,,D-sign Rug 1D0382 Beige,1,0,hidden,D-sign Rug 1D0382 Beige ,D-sign Rug 1D0382 Beige ,,,taxable,,0,,,0,0,,,,,1,,,,"Rooms > Bedroom, Rooms > Living room, Rugs > Modern, Rugs",,,"https://rugshop.eu/wp-content/uploads/2021/10/carpet-acrylic-yazz-9717-dbeige-lbeige.jpg, https://rugshop.eu/wp-content/uploads/2021/10/carpet-acrylic-yazz-9717-dbeige-lbeige-1.jpg, https://rugshop.eu/wp-content/uploads/2021/10/carpet-acrylic-yazz-9717-dbeige-lbeige-2.jpg, https://rugshop.eu/wp-content/uploads/2021/10/carpet-acrylic-yazz-9717-dbeige-lbeige-3.jpg",,,,,,,,,812,,,Size,"133x190, 160x220, 200x290",1,1,Brand,D-sign,1,1,Color,White-Beige,1,1,Type of color,Multicolor,1,1,Shape,Rectangular,1,1,Material,Acrylic,1,1,Type of rug,Modern,1,1,Weave,Machinemade,1,1,Age,New,1,1,,,,,,,,,,,,,,,,,1786453268,yes,yes,,,,,,,,,,,,,,,,,,,,,,,,,,,,,
38690,variation,56904636,,D-sign Rug 1D0381 Anthracite - 80x150,1,0,hidden,,D-sign Rug 1D0381 Anthracite 80x150 cm,,,taxable,parent,0,0,,0,0,,150,80,0.6,0,,,860,,,,,,,56904636-H,,,,,,1,,,Size,80x150,,1,,,,,,,,,,,,,,,,,,,,,,,,,,,,,,,,,,,,,80x150,,,,,,,,,,,,1786453253,,,,,,,,,,,,77129,,,,,,,,,,,,,,,,,,,
38691,variation,56907007,,D-sign Rug 1D0381 Anthracite - 120x170,1,0,hidden,,D-sign Rug 1D0381 Anthracite 120x170 cm,,,taxable,parent,0,0,,0,0,,170,120,0.6,0,,,1140,,,,,,,56904636-H,,,,,,2,,,Size,120x170,,1,,,,,,,,,,,,,,,,,,,,,,,,,,,,,,,,,,,,,120x170,,,,,,,,,,,,1786453827,,,,,,,,,,,,77130,,,,,,,,,,,,,,,,,,,
38692,variation,56907003,,D-sign Rug 1D0381 Anthracite - 140x200,1,0,hidden,,D-sign Rug 1D0381 Anthracite 140x200 cm,,,taxable,parent,0,0,,0,0,,200,140,0.6,0,,,1468,,,,,,,56904636-H,,,,,,3,,,Size,140x200,,1,,,,,,,,,,,,,,,,,,,,,,,,,,,,,,,,,,,,,140x200,,,,,,,,,,,,1786453785,,,,,,,,,,,,77131,,,,,,,,,,,,,,,,,,,
38693,variation,56904637,,D-sign Rug 1D0381 Anthracite - 160x230,1,0,hidden,,D-sign Rug 1D0381 Anthracite 160x230 cm,,,taxable,parent,0,0,,0,0,,230,160,0.6,0,,,1796,,,,,,,56904636-H,,,,,,4,,,Size,160x230,,1,,,,,,,,,,,,,,,,,,,,,,,,,,,,,,,,,,,,,160x230,,,,,,,,,,,,1786453253,,,,,,,,,,,,77132,,,,,,,,,,,,,,,,,,,
38694,variation,56904639,,D-sign Rug 1D0381 Anthracite - 200x290,1,0,hidden,,D-sign Rug 1D0381 Anthracite 200x290 cm,,,taxable,parent,0,0,,0,0,,290,200,0.6,0,,,2644,,,,,,,56904636-H,,,,,,5,,,Size,200x290,,1,,,,,,,,,,,,,,,,,,,,,,,,,,,,,,,,,,,,,200x290,,,,,,,,,,,,1786453253,,,,,,,,,,,,77133,,,,,,,,,,,,,,,,,,,
38698,variation,56904640,,D-sign Rug 1D0312 Beige - 80x150,1,0,hidden,,D-sign Rug 1D0312 Beige 80x150 cm,,,taxable,parent,0,0,,0,0,,150,80,1.5,0,,,1236,,,,,,,56904640-H,,,,,,1,,,Size,80x150,,1,,,,,,,,,,,,,,,,,,,,,,,,,,,,,,,,,,,,,80x150,,,,,,,,,,,,,,,,,,,,,,,,77157,,,,,,,,,,,,,,,,,,,
38699,variation,56907006,,D-sign Rug 1D0312 Beige - 133x190,1,0,hidden,,D-sign Rug 1D0312 Beige 133x190 cm,,,taxable,parent,0,0,,0,0,,190,133,1.5,0,,,2172,,,,,,,56904640-H,,,,,,2,,,Size,133x190,,1,,,,,,,,,,,,,,,,,,,,,,,,,,,,,,,,,,,,,133x190,,,,,,,,,,,,,,,,,,,,,,,,73092,,,,,,,,,,,,,,,,,,,
38700,variation,56907000,,D-sign Rug 1D0312 Beige - 160x220,1,0,hidden,,D-sign Rug 1D0312 Beige 160x220 cm,,,taxable,parent,0,0,,0,0,,220,160,1.5,0,,,2876,,,,,,,56904640-H,,,,,,3,,,Size,160x220,,1,,,,,,,,,,,,,,,,,,,,,,,,,,,,,,,,,,,,,160x220,,,,,,,,,,,,1786453784,,,,,,,,,,,,73093,,,,,,,,,,,,,,,,,,,
38701,variation,56907002,,D-sign Rug 1D0312 Beige - 200x290,1,0,hidden,,D-sign Rug 1D0312 Beige 200x290 cm,,,taxable,parent,0,0,,0,0,,290,200,1.5,0,,,4524,,,,,,,56904640-H,,,,,,4,,,Size,200x290,,1,,,,,,,,,,,,,,,,,,,,,,,,,,,,,,,,,,,,,200x290,,,,,,,,,,,,,,,,,,,,,,,,73094,,,,,,,,,,,,,,,,,,,
38702,variation,56907008,,D-sign Rug 1D0312 Beige - 240x330,1,0,hidden,,D-sign Rug 1D0312 Beige 240x330 cm,,,taxable,parent,0,0,,0,0,,330,240,1.5,0,,,6076,,,,,,,56904640-H,,,,,,5,,,Size,240x330,,1,,,,,,,,,,,,,,,,,,,,,,,,,,,,,,,,,,,,,240x330,,,,,,,,,,,,,,,,,,,,,,,,73095,,,,,,,,,,,,,,,,,,,
38706,variation,56904638,,D-sign Rug 1D0317 Brown - 80x150,1,0,hidden,,D-sign Rug 1D0317 Brown 80x150 cm,,,taxable,parent,0,0,,0,0,,150,80,1.5,0,,,1236,,,,,,,56904638-H,,,,,,1,,,Size,80x150,,1,,,,,,,,,,,,,,,,,,,,,,,,,,,,,,,,,,,,,80x150,,,,,,,,,,,,,,,,,,,,,,,,77158,,,,,,,,,,,,,,,,,,,
38707,variation,56907013,,D-sign Rug 1D0317 Brown - 133x190,1,0,hidden,,D-sign Rug 1D0317 Brown 133x190 cm,,,taxable,parent,0,0,,0,0,,190,133,1.5,0,,,2172,,,,,,,56904638-H,,,,,,2,,,Size,133x190,,1,,,,,,,,,,,,,,,,,,,,,,,,,,,,,,,,,,,,,133x190,,,,,,,,,,,,,,,,,,,,,,,,73121,,,,,,,,,,,,,,,,,,,
38708,variation,56907001,,D-sign Rug 1D0317 Brown - 160x220,1,0,hidden,,D-sign Rug 1D0317 Brown 160x220 cm,,,taxable,parent,0,0,,0,0,,220,160,1.5,0,,,2876,,,,,,,56904638-H,,,,,,3,,,Size,160x220,,1,,,,,,,,,,,,,,,,,,,,,,,,,,,,,,,,,,,,,160x220,,,,,,,,,,,,,,,,,,,,,,,,73122,,,,,,,,,,,,,,,,,,,
38709,variation,56904643,,D-sign Rug 1D0317 Brown - 200x290,1,0,hidden,,D-sign Rug 1D0317 Brown 200x290 cm,,,taxable,parent,0,0,,0,0,,290,200,1.5,0,,,4524,,,,,,,56904638-H,,,,,,4,,,Size,200x290,,1,,,,,,,,,,,,,,,,,,,,,,,,,,,,,,,,,,,,,200x290,,,,,,,,,,,,,,,,,,,,,,,,73124,,,,,,,,,,,,,,,,,,,
38710,variation,56904647,,D-sign Rug 1D0317 Brown - 240x330,1,0,hidden,,D-sign Rug 1D0317 Brown 240x330 cm,,,taxable,parent,0,0,,0,0,,330,240,1.5,0,,,6076,,,,,,,56904638-H,,,,,,5,,,Size,240x330,,1,,,,,,,,,,,,,,,,,,,,,,,,,,,,,,,,,,,,,240x330,,,,,,,,,,,,1786453254,,,,,,,,,,,,73123,,,,,,,,,,,,,,,,,,,
38716,variation,56904644,,D-sign Rug 1D0382 Beige - 133x190,1,0,hidden,,D-sign Rug 1D0382 Beige 133x190 cm,,,taxable,parent,0,0,,0,0,,190,133,1,0,,,2060,,,,,,,56904644-H,,,,,,1,,,Size,133x190,,1,,,,,,,,,,,,,,,,,,,,,,,,,,,,,,,,,,,,,133x190,,,,,,,,,,,,1786453254,,,,,,,,,,,,77171,,,,,,,,,,,,,,,,,,,
38717,variation,56907014,,D-sign Rug 1D0382 Beige - 160x220,1,0,hidden,,D-sign Rug 1D0382 Beige 160x220 cm,,,taxable,parent,0,0,,0,0,,220,160,1,0,,,2732,,,,,,,56904644-H,,,,,,2,,,Size,160x220,,1,,,,,,,,,,,,,,,,,,,,,,,,,,,,,,,,,,,,,160x220,,,,,,,,,,,,,,,,,,,,,,,,77172,,,,,,,,,,,,,,,,,,,
38718,variation,56907020,,D-sign Rug 1D0382 Beige - 200x290,1,0,hidden,,D-sign Rug 1D0382 Beige 200x290 cm,,,taxable,parent,0,0,,0,0,,290,200,1,0,,,4236,,,,,,,56904644-H,,,,,,3,,,Size,200x290,,1,,,,,,,,,,,,,,,,,,,,,,,,,,,,,,,,,,,,,200x290,,,,,,,,,,,,,,,,,,,,,,,,77173,,,,,,,,,,,,,,,,,,,
38726,variable,56904662-H,,D-sign Rug 1D0391 Blue,1,0,hidden,D-sign Rug 1D0391 Blue ,D-sign Rug 1D0391 Blue ,,,taxable,,0,,,0,0,,,,,1,,,,"Rooms > Bedroom, Rooms > Living room, Rugs > Modern, Rugs",,,"https://rugshop.eu/wp-content/uploads/2021/10/carpet-sketch-fa66-blue-white-zigzag.jpg, https://rugshop.eu/wp-content/uploads/2021/10/carpet-sketch-fa66-blue-white-zigzag-1.jpg, https://rugshop.eu/wp-content/uploads/2021/10/carpet-sketch-fa66-blue-white-zigzag-2.jpg, https://rugshop.eu/wp-content/uploads/2021/10/carpet-sketch-fa66-blue-white-zigzag-3.jpg",,,,,,,,,821,,,Size,"120x170, 140x190, 160x220, 180x270, 200x290, 240x330, 280x370, 80x150",1,1,Brand,D-sign,1,1,Color,Blue,1,1,Type of color,Multicolor,1,1,Shape,Rectangular,1,1,Material,Polypropen,1,1,Type of rug,Modern,1,1,Weave,Machinemade,1,1,Country,Turkey,1,1,Age,New,1,1,,,,,,,,,,,,,1786453852,yes,yes,,,,,,,,,,,,,,,,,,,,,,,,,,,,,
38772,variable,56904666-H,,D-sign Rug 1D0393 Blue,1,0,hidden,D-sign Rug 1D0393 Blue,D-sign Rug 1D0393 Blue,,,taxable,,0,,,0,0,,,,,0,,,,"Rooms > Kids, Rugs > Kids, Rugs",,,"https://rugshop.eu/wp-content/uploads/2021/10/carpet-sketch-circle-fa68-blue-white-stars.jpg, https://rugshop.eu/wp-content/uploads/2021/10/carpet-sketch-circle-fa68-blue-white-stars-1.jpg, https://rugshop.eu/wp-content/uploads/2021/10/carpet-sketch-circle-fa68-blue-white-stars-2.jpg",,,,,,,,,823,,,Size,"100, 120, 140",1,1,Brand,D-sign,1,1,Color,Blue,1,1,Type of color,Multicolor,1,1,Shape,Round,1,1,Material,Polypropen,1,1,Type of rug,Modern,1,1,Weave,Machinemade,1,1,Country,Turkey,1,1,Age,New,1,1,,,,,default,default,default,default,,,,,1786453859,yes,yes,,,,,,,,,,,,,,,,,,,,,,,,,,,,,
38774,variable,56904679-H,,D-sign Rug 1D0271 Black,1,0,hidden,D-sign Rug 1D0271 Black,D-sign Rug 1D0271 Black,,,taxable,,0,,,0,0,,,,,0,,,,"Rooms > Kids, Rugs > Kids, Rugs",,,"https://rugshop.eu/wp-content/uploads/2021/10/carpet-bcf-flash-33454-170-astronaut.jpg, https://rugshop.eu/wp-content/uploads/2021/10/carpet-bcf-flash-33454-170-astronaut-1.jpg, https://rugshop.eu/wp-content/uploads/2021/10/carpet-bcf-flash-33454-170-astronaut-2.jpg",,,,,,,,,713,,,Size,"120x170, 160x225",1,1,Brand,D-sign,1,1,Color,Black-Grey,1,1,Type of color,Multicolor,1,1,Shape,Rectangular,1,1,Material,Polypropen,1,1,Type of rug,Modern,1,1,Weave,Machinemade,1,1,Age,New,1,1,,,,,,,,,default,default,default,default,,,,,1786453857,yes,yes,,,,,,,,,,,,,,,,,,,,,,,,,,,,,
38775,variation,56904662,,D-sign Rug 1D0391 Blue - 80x150,1,0,hidden,,D-sign Rug 1D0391 Blue 80x150 cm,,,taxable,parent,0,0,,0,0,,150,80,1.3,0,,,860,,,,,,,56904662-H,,,,,,1,,,Size,80x150,,1,,,,,,,,,,,,,,,,,,,,,,,,,,,,,,,,,,,,,80x150,,,,,,,,,,,,,,,,,,,,,,,,77844,,,,,,,,,,,,,,,,,,,
38776,variation,56907039,,D-sign Rug 1D0391 Blue - 120x170,1,0,hidden,,D-sign Rug 1D0391 Blue 120x170 cm,,,taxable,parent,0,0,,0,0,,170,120,1.3,0,,,1324,,,,,,,56904662-H,,,,,,2,,,Size,120x170,,1,,,,,,,,,,,,,,,,,,,,,,,,,,,,,,,,,,,,,120x170,,,,,,,,,,,,,,,,,,,,,,,,77845,,,,,,,,,,,,,,,,,,,
38777,variation,56907035,,D-sign Rug 1D0391 Blue - 140x190,1,0,hidden,,D-sign Rug 1D0391 Blue 140x190 cm,,,taxable,parent,0,0,,0,0,,190,140,1.3,0,,,1564,,,,,,,56904662-H,,,,,,3,,,Size,140x190,,1,,,,,,,,,,,,,,,,,,,,,,,,,,,,,,,,,,,,,140x190,,,,,,,,,,,,1786453833,,,,,,,,,,,,77846,,,,,,,,,,,,,,,,,,,
38778,variation,56907042,,D-sign Rug 1D0391 Blue - 160x220,1,0,hidden,,D-sign Rug 1D0391 Blue 160x220 cm,,,taxable,parent,0,0,,0,0,,220,160,1.3,0,,,1796,,,,,,,56904662-H,,,,,,4,,,Size,160x220,,1,,,,,,,,,,,,,,,,,,,,,,,,,,,,,,,,,,,,,160x220,,,,,,,,,,,,1786453833,,,,,,,,,,,,77847,,,,,,,,,,,,,,,,,,,
38779,variation,56907044,,D-sign Rug 1D0391 Blue - 180x270,1,0,hidden,,D-sign Rug 1D0391 Blue 180x270 cm,,,taxable,parent,0,0,,0,0,,270,180,1.3,0,,,2452,,,,,,,56904662-H,,,,,,5,,,Size,180x270,,1,,,,,,,,,,,,,,,,,,,,,,,,,,,,,,,,,,,,,180x270,,,,,,,,,,,,1786453834,,,,,,,,,,,,77848,,,,,,,,,,,,,,,,,,,
38780,variation,56907038,,D-sign Rug 1D0391 Blue - 200x290,1,0,hidden,,D-sign Rug 1D0391 Blue 200x290 cm,,,taxable,parent,0,0,,0,0,,290,200,1.3,0,,,2836,,,,,,,56904662-H,,,,,,6,,,Size,200x290,,1,,,,,,,,,,,,,,,,,,,,,,,,,,,,,,,,,,,,,200x290,,,,,,,,,,,,,,,,,,,,,,,,77849,,,,,,,,,,,,,,,,,,,
38781,variation,56907056,,D-sign Rug 1D0391 Blue - 240x330,1,0,hidden,,D-sign Rug 1D0391 Blue 240x330 cm,,,taxable,parent,0,0,,0,0,,330,240,1.3,0,,,3868,,,,,,,56904662-H,,,,,,7,,,Size,240x330,,1,,,,,,,,,,,,,,,,,,,,,,,,,,,,,,,,,,,,,240x330,,,,,,,,,,,,,,,,,,,,,,,,84101,,,,,,,,,,,,,,,,,,,
38782,variation,56907060,,D-sign Rug 1D0391 Blue - 280x370,1,0,hidden,,D-sign Rug 1D0391 Blue 280x370 cm,,,taxable,parent,0,0,,0,0,,370,280,1.3,0,,,4900,,,,,,,56904662-H,,,,,,8,,,Size,280x370,,1,,,,,,,,,,,,,,,,,,,,,,,,,,,,,,,,,,,,,280x370,,,,,,,,,,,,1786453836,,,,,,,,,,,,84102,,,,,,,,,,,,,,,,,,,
38803,variation,56904666,,D-sign Rug 1D0393 Blue - 100,1,0,hidden,,D-sign Rug 1D0393 Blue 100 cm,,,taxable,parent,0,0,,0,0,,100,100,1.3,0,,,812,,,,,,,56904666-H,,,,,,1,,,Size,100,,1,,,,,,,,,,,,,,,,,,,,,,,,,,,,,,,,,,,,,100,,,,,,,,,,,,,,,,,,,,,,,,77869,,,,,,,,,,,,,,,,,,,
38804,variation,56907054,,D-sign Rug 1D0393 Blue - 120,1,0,hidden,,D-sign Rug 1D0393 Blue 120 cm,,,taxable,parent,0,0,,0,0,,120,120,1.3,0,,,996,,,,,,,56904666-H,,,,,,2,,,Size,120,,1,,,,,,,,,,,,,,,,,,,,,,,,,,,,,,,,,,,,,120,,,,,,,,,,,,,,,,,,,,,,,,77870,,,,,,,,,,,,,,,,,,,
38805,variation,56907058,,D-sign Rug 1D0393 Blue - 140,1,0,hidden,,D-sign Rug 1D0393 Blue 140 cm,,,taxable,parent,0,0,,0,0,,140,140,1.3,0,,,1236,,,,,,,56904666-H,,,,,,3,,,Size,140,,1,,,,,,,,,,,,,,,,,,,,,,,,,,,,,,,,,,,,,140,,,,,,,,,,,,1786453835,,,,,,,,,,,,77871,,,,,,,,,,,,,,,,,,,
38821,variation,56904679,,D-sign Rug 1D0271 Black - 120x170,1,0,hidden,,D-sign Rug 1D0271 Black 120x170 cm,,,taxable,parent,0,0,,0,0,,170,120,0.9,0,,,900,,,,,,,56904679-H,,,,,,1,,,Size,120x170,,1,,,,,,,,,,,,,,,,,,,,,,,,,,,,,,,,,,,,,120x170,,,,,,,,,,,,,,,,,,,,,,,,77973,,,,,,,,,,,,,,,,,,,
38822,variation,56907052,,D-sign Rug 1D0271 Black - 160x225,1,0,hidden,,D-sign Rug 1D0271 Black 160x225 cm,,,taxable,parent,0,0,,0,0,,225,160,0.9,0,,,1276,,,,,,,56904679-H,,,,,,2,,,Size,160x225,,1,,,,,,,,,,,,,,,,,,,,,,,,,,,,,,,,,,,,,160x225,,,,,,,,,,,,1786453835,,,,,,,,,,,,72640,,,,,,,,,,,,,,,,,,,
38858,variable,56904685-H,,D-sign Rug 1D0399 Grey,1,0,hidden,D-sign Rug 1D0399 Grey ,D-sign Rug 1D0399 Grey ,,,taxable,,0,,,0,0,,,,,1,,,,"Rooms > Bedroom, Rooms > Living room, Rugs > Modern, Rugs",,,"https://rugshop.eu/wp-content/uploads/2021/10/carpet-lisboa-27206-356-flowers-grey.jpg, https://rugshop.eu/wp-content/uploads/2021/10/carpet-lisboa-27206-356-flowers-grey-1.jpg, https://rugshop.eu/wp-content/uploads/2021/10/carpet-lisboa-27206-356-flowers-grey-2.jpg, https://rugshop.eu/wp-content/uploads/2021/10/carpet-lisboa-27206-356-flowers-grey-3.jpg",,,,,,,,,829,,,Size,"120x170, 160x230, 200x290, 80x150",1,1,Brand,D-sign,1,1,Color,Black-Grey,1,1,Type of color,Multicolor,1,1,Shape,Rectangular,1,1,Material,Polypropen,1,1,Type of rug,Modern,1,1,Weave,Machinemade,1,1,Age,New,1,1,,,,,,,,,,,,,,,,,1786453867,yes,yes,,,,,,,,,,,,,,,,,,,,,,,,,,,,,
38859,variable,56904687-H,,D-sign Rug 1D0414 Blue,1,0,hidden,D-sign Rug 1D0414 Blue ,D-sign Rug 1D0414 Blue ,,,taxable,,0,,,0,0,,,,,0,,,,"Rooms > Kitchen, Rooms > Living room, Rugs > Modern, Rugs, Rugs > Sisal",,,"https://rugshop.eu/wp-content/uploads/2021/10/carpet-color-19246-699-sisal-flowers-blue.jpg, https://rugshop.eu/wp-content/uploads/2021/10/carpet-color-19246-699-sisal-flowers-blue-1.jpg, https://rugshop.eu/wp-content/uploads/2021/10/carpet-color-19246-699-sisal-flowers-blue-2.jpg, https://rugshop.eu/wp-content/uploads/2021/10/carpet-color-19246-699-sisal-flowers-blue-3.jpg",,,,,,,,,844,,,Size,"120x170, 140x200, 160x230, 200x290, 80x150",1,1,Brand,D-sign,1,1,Color,Blue,1,1,Type of color,Multicolor,1,1,Shape,Rectangular,1,1,Material,Polypropen,1,1,Type of rug,"Modern, Sisal",1,1,Weave,Machinemade,1,1,Age,New,1,1,,,,,,,,,default,default,default,default,,,,,1786453274,yes,yes,,,,,,,,,classic-editor,,,,,,,,,,,,,,,,,,,,
38860,variable,56904693-H,,D-sign Rug 1D0413 White,1,0,hidden,D-sign Rug 1D0413 White ,D-sign Rug 1D0413 White ,,,taxable,,0,,,0,0,,,,,0,,,,"Rooms > Kitchen, Rooms > Living room, Rugs > Modern, Rugs, Rugs > Sisal",,,"https://rugshop.eu/wp-content/uploads/2021/10/carpet-color-19246-969-sisal-flowers-white.jpg, https://rugshop.eu/wp-content/uploads/2021/10/carpet-color-19246-969-sisal-flowers-white-1.jpg, https://rugshop.eu/wp-content/uploads/2021/10/carpet-color-19246-969-sisal-flowers-white-2.jpg, https://rugshop.eu/wp-content/uploads/2021/10/carpet-color-19246-969-sisal-flowers-white-3.jpg",,,,,,,,,843,,,Size,"120x170, 140x200, 160x230, 200x290, 80x150",1,1,Brand,D-sign,1,1,Color,White-Beige,1,1,Type of color,Multicolor,1,1,Shape,Rectangular,1,1,Material,Polypropen,1,1,Type of rug,"Modern, Sisal",1,1,Weave,Machinemade,1,1,Age,New,1,1,,,,,,,,,default,default,default,default,,,,,1786453878,yes,yes,,,,,,,,,classic-editor,,,,,,,,,,,,,,,,,,,,
38888,variation,56904685,,D-sign Rug 1D0399 Grey - 80x150,1,0,hidden,,D-sign Rug 1D0399 Grey 80x150 cm,,,taxable,parent,0,0,,0,0,,150,80,0.9,0,,,900,,,,,,,56904685-H,,,,,,1,,,Size,80x150,,1,,,,,,,,,,,,,,,,,,,,,,,,,,,,,,,,,,,,,80x150,,,,,,,,,,,,1786453255,,,,,,,,,,,,79080,,,,,,,,,,,,,,,,,,,
38889,variation,56907067,,D-sign Rug 1D0399 Grey - 120x170,1,0,hidden,,D-sign Rug 1D0399 Grey 120x170 cm,,,taxable,parent,0,0,,0,0,,170,120,0.9,0,,,1236,,,,,,,56904685-H,,,,,,2,,,Size,120x170,,1,,,,,,,,,,,,,,,,,,,,,,,,,,,,,,,,,,,,,120x170,,,,,,,,,,,,,,,,,,,,,,,,79077,,,,,,,,,,,,,,,,,,,
38890,variation,56907073,,D-sign Rug 1D0399 Grey - 160x230,1,0,hidden,,D-sign Rug 1D0399 Grey 160x230 cm,,,taxable,parent,0,0,,0,0,,230,160,0.9,0,,,1892,,,,,,,56904685-H,,,,,,3,,,Size,160x230,,1,,,,,,,,,,,,,,,,,,,,,,,,,,,,,,,,,,,,,160x230,,,,,,,,,,,,1786453839,,,,,,,,,,,,79078,,,,,,,,,,,,,,,,,,,
38891,variation,56907071,,D-sign Rug 1D0399 Grey - 200x290,1,0,hidden,,D-sign Rug 1D0399 Grey 200x290 cm,,,taxable,parent,0,0,,0,0,,290,200,0.9,0,,,2668,,,,,,,56904685-H,,,,,,4,,,Size,200x290,,1,,,,,,,,,,,,,,,,,,,,,,,,,,,,,,,,,,,,,200x290,,,,,,,,,,,,,,,,,,,,,,,,79079,,,,,,,,,,,,,,,,,,,
38897,variable,56904692-H,,D-sign Rug 1D0412 Blue,1,0,hidden,D-sign Rug 1D0412 Blue ,D-sign Rug 1D0412 Blue ,,,taxable,,0,,,0,0,,,,,0,,,,"Rooms > Kitchen, Rooms > Living room, Rugs > Modern, Rugs, Rugs > Sisal",,,"https://rugshop.eu/wp-content/uploads/2021/10/carpet-color-19247-699-sisal-squares-diamonds-plates-blue.jpg, https://rugshop.eu/wp-content/uploads/2021/10/carpet-color-19247-699-sisal-squares-diamonds-plates-blue-1.jpg, https://rugshop.eu/wp-content/uploads/2021/10/carpet-color-19247-699-sisal-squares-diamonds-plates-blue-2.jpg, https://rugshop.eu/wp-content/uploads/2021/10/carpet-color-19247-699-sisal-squares-diamonds-plates-blue-3.jpg",,,,,,,,,842,,,Size,"120x170, 140x200, 160x230, 200x290, 80x150",1,1,Brand,D-sign,1,1,Color,Blue,1,1,Type of color,Multicolor,1,1,Shape,Rectangular,1,1,Material,Polypropen,1,1,Type of rug,"Modern, Sisal",1,1,Weave,Machinemade,1,1,Age,New,1,1,,,,,,,,,default,default,default,default,,,,,1786453276,yes,yes,,,,,,,,,classic-editor,,,,,,,,,,,,,,,,,,,,
38899,variable,56904697-H,,D-sign Rug 1D0405 Grey,1,0,hidden,D-sign Rug 1D0405 Grey ,D-sign Rug 1D0405 Grey ,,,taxable,,0,,,0,0,,,,,1,,,,"Rooms > Bedroom, Rooms > Living room, Rugs > Modern, Rugs",,,"https://rugshop.eu/wp-content/uploads/2021/10/carpet-lisboa-27212-356-hexagon-honeycomb-grey.jpg, https://rugshop.eu/wp-content/uploads/2021/10/carpet-lisboa-27212-356-hexagon-honeycomb-grey-1.jpg, https://rugshop.eu/wp-content/uploads/2021/10/carpet-lisboa-27212-356-hexagon-honeycomb-grey-2.jpg, https://rugshop.eu/wp-content/uploads/2021/10/carpet-lisboa-27212-356-hexagon-honeycomb-grey-3.jpg",,,,,,,,,835,,,Size,"120x170, 160x230, 200x290, 80x150",1,1,Brand,D-sign,1,1,Color,Black-Grey,1,1,Type of color,Multicolor,1,1,Shape,Rectangular,1,1,Material,Polypropen,1,1,Type of rug,Modern,1,1,Weave,Machinemade,1,1,Age,New,1,1,,,,,,,,,,,,,,,,,1786453279,yes,yes,,,,,,,,,,,,,,,,,,,,,,,,,,,,,
38900,variable,56904704-H,,D-sign Rug 1D0404 Black,1,0,hidden,D-sign Rug 1D0404 Black ,D-sign Rug 1D0404 Black ,,,taxable,,0,,,0,0,,,,,1,,,,"Rooms > Bedroom, Rooms > Living room, Rugs > Modern, Rugs",,,"https://rugshop.eu/wp-content/uploads/2021/10/carpet-lisboa-27208-356-structural-black-grey.jpg, https://rugshop.eu/wp-content/uploads/2021/10/carpet-lisboa-27208-356-structural-black-grey-1.jpg, https://rugshop.eu/wp-content/uploads/2021/10/carpet-lisboa-27208-356-structural-black-grey-2.jpg, https://rugshop.eu/wp-content/uploads/2021/10/carpet-lisboa-27208-356-structural-black-grey-3.jpg",,,,,,,,,834,,,Size,"120x170, 160x230, 200x290, 80x150",1,1,Brand,D-sign,1,1,Color,Black-Grey,1,1,Type of color,Multicolor,1,1,Shape,Rectangular,1,1,Material,Polypropen,1,1,Type of rug,Modern,1,1,Weave,Machinemade,1,1,Age,New,1,1,,,,,,,,,,,,,,,,,1786453906,yes,yes,,,,,,,,,,,,,,,,,,,,,,,,,,,,,
38901,variation,56904687,,D-sign Rug 1D0414 Blue - 80x150,1,0,hidden,,D-sign Rug 1D0414 Blue 80x150 cm,,,taxable,parent,0,0,,0,0,,150,80,0.6,0,,,948,,,,,,,56904687-H,,,,,,1,,,Size,80x150,,1,,,,,,,,,,,,,,,,,,,,,,,,,,,,,,,,,,,,,80x150,,,,,,,,,,,,,,,,,,,,,,,,79468,,,,,,,,,,,,,,,,,,,
38902,variation,56904691,,D-sign Rug 1D0414 Blue - 120x170,1,0,hidden,,D-sign Rug 1D0414 Blue 120x170 cm,,,taxable,parent,0,0,,0,0,,170,120,0.6,0,,,1324,,,,,,,56904687-H,,,,,,2,,,Size,120x170,,1,,,,,,,,,,,,,,,,,,,,,,,,,,,,,,,,,,,,,120x170,,,,,,,,,,,,1786453256,,,,,,,,,,,,79208,,,,,,,,,,,,,,,,,,,
38903,variation,56904690,,D-sign Rug 1D0414 Blue - 140x200,1,0,hidden,,D-sign Rug 1D0414 Blue 140x200 cm,,,taxable,parent,0,0,,0,0,,200,140,0.6,0,,,1700,,,,,,,56904687-H,,,,,,3,,,Size,140x200,,1,,,,,,,,,,,,,,,,,,,,,,,,,,,,,,,,,,,,,140x200,,,,,,,,,,,,,,,,,,,,,,,,79211,,,,,,,,,,,,,,,,,,,
38904,variation,56904688,,D-sign Rug 1D0414 Blue - 160x230,1,0,hidden,,D-sign Rug 1D0414 Blue 160x230 cm,,,taxable,parent,0,0,,0,0,,230,160,0.6,0,,,2076,,,,,,,56904687-H,,,,,,4,,,Size,160x230,,1,,,,,,,,,,,,,,,,,,,,,,,,,,,,,,,,,,,,,160x230,,,,,,,,,,,,1786453255,,,,,,,,,,,,79209,,,,,,,,,,,,,,,,,,,
38905,variation,56904689,,D-sign Rug 1D0414 Blue - 200x290,1,0,hidden,,D-sign Rug 1D0414 Blue 200x290 cm,,,taxable,parent,0,0,,0,0,,290,200,0.6,0,,,3108,,,,,,,56904687-H,,,,,,5,,,Size,200x290,,1,,,,,,,,,,,,,,,,,,,,,,,,,,,,,,,,,,,,,200x290,,,,,,,,,,,,1786453256,,,,,,,,,,,,79210,,,,,,,,,,,,,,,,,,,
38911,variation,56904693,,D-sign Rug 1D0413 White - 80x150,1,0,hidden,,D-sign Rug 1D0413 White 80x150 cm,,,taxable,parent,0,0,,0,0,,150,80,0.6,0,,,948,,,,,,,56904693-H,,,,,,1,,,Size,80x150,,1,,,,,,,,,,,,,,,,,,,,,,,,,,,,,,,,,,,,,80x150,,,,,,,,,,,,1786453257,,,,,,,,,,,,79469,,,,,,,,,,,,,,,,,,,
38912,variation,56907084,,D-sign Rug 1D0413 White - 120x170,1,0,hidden,,D-sign Rug 1D0413 White 120x170 cm,,,taxable,parent,0,0,,0,0,,170,120,0.6,0,,,1324,,,,,,,56904693-H,,,,,,2,,,Size,120x170,,1,,,,,,,,,,,,,,,,,,,,,,,,,,,,,,,,,,,,,120x170,,,,,,,,,,,,1786453842,,,,,,,,,,,,79214,,,,,,,,,,,,,,,,,,,
38913,variation,56907091,,D-sign Rug 1D0413 White - 140x200,1,0,hidden,,D-sign Rug 1D0413 White 140x200 cm,,,taxable,parent,0,0,,0,0,,200,140,0.6,0,,,1700,,,,,,,56904693-H,,,,,,3,,,Size,140x200,,1,,,,,,,,,,,,,,,,,,,,,,,,,,,,,,,,,,,,,140x200,,,,,,,,,,,,1786453843,,,,,,,,,,,,79217,,,,,,,,,,,,,,,,,,,
38914,variation,56907085,,D-sign Rug 1D0413 White - 160x230,1,0,hidden,,D-sign Rug 1D0413 White 160x230 cm,,,taxable,parent,0,0,,0,0,,230,160,0.6,0,,,2076,,,,,,,56904693-H,,,,,,4,,,Size,160x230,,1,,,,,,,,,,,,,,,,,,,,,,,,,,,,,,,,,,,,,160x230,,,,,,,,,,,,1786453842,,,,,,,,,,,,79215,,,,,,,,,,,,,,,,,,,
38915,variation,56907086,,D-sign Rug 1D0413 White - 200x290,1,0,hidden,,D-sign Rug 1D0413 White 200x290 cm,,,taxable,parent,0,0,,0,0,,290,200,0.6,0,,,3108,,,,,,,56904693-H,,,,,,5,,,Size,200x290,,1,,,,,,,,,,,,,,,,,,,,,,,,,,,,,,,,,,,,,200x290,,,,,,,,,,,,1786453842,,,,,,,,,,,,79216,,,,,,,,,,,,,,,,,,,
38921,variation,56904692,,D-sign Rug 1D0412 Blue - 80x150,1,0,hidden,,D-sign Rug 1D0412 Blue 80x150 cm,,,taxable,parent,0,0,,0,0,,150,80,0.6,0,,,948,,,,,,,56904692-H,,,,,,1,,,Size,80x150,,1,,,,,,,,,,,,,,,,,,,,,,,,,,,,,,,,,,,,,80x150,,,,,,,,,,,,1786453256,,,,,,,,,,,,79470,,,,,,,,,,,,,,,,,,,
38922,variation,56904696,,D-sign Rug 1D0412 Blue - 120x170,1,0,hidden,,D-sign Rug 1D0412 Blue 120x170 cm,,,taxable,parent,0,0,,0,0,,170,120,0.6,0,,,1324,,,,,,,56904692-H,,,,,,2,,,Size,120x170,,1,,,,,,,,,,,,,,,,,,,,,,,,,,,,,,,,,,,,,120x170,,,,,,,,,,,,1786453257,,,,,,,,,,,,79061,,,,,,,,,,,,,,,,,,,
38923,variation,56904698,,D-sign Rug 1D0412 Blue - 140x200,1,0,hidden,,D-sign Rug 1D0412 Blue 140x200 cm,,,taxable,parent,0,0,,0,0,,200,140,0.6,0,,,1700,,,,,,,56904692-H,,,,,,3,,,Size,140x200,,1,,,,,,,,,,,,,,,,,,,,,,,,,,,,,,,,,,,,,140x200,,,,,,,,,,,,1786453258,,,,,,,,,,,,79064,,,,,,,,,,,,,,,,,,,
38924,variation,56904695,,D-sign Rug 1D0412 Blue - 160x230,1,0,hidden,,D-sign Rug 1D0412 Blue 160x230 cm,,,taxable,parent,0,0,,0,0,,230,160,0.6,0,,,2076,,,,,,,56904692-H,,,,,,4,,,Size,160x230,,1,,,,,,,,,,,,,,,,,,,,,,,,,,,,,,,,,,,,,160x230,,,,,,,,,,,,1786453257,,,,,,,,,,,,79062,,,,,,,,,,,,,,,,,,,
38925,variation,56904700,,D-sign Rug 1D0412 Blue - 200x290,1,0,hidden,,D-sign Rug 1D0412 Blue 200x290 cm,,,taxable,parent,0,0,,0,0,,290,200,0.6,0,,,3108,,,,,,,56904692-H,,,,,,5,,,Size,200x290,,1,,,,,,,,,,,,,,,,,,,,,,,,,,,,,,,,,,,,,200x290,,,,,,,,,,,,1786453258,,,,,,,,,,,,79063,,,,,,,,,,,,,,,,,,,
38932,variable,56904709-H,,D-sign Rug 1D0262 Blue,1,0,hidden,D-sign Rug 1D0262 Blue ,D-sign Rug 1D0262 Blue ,,,taxable,,0,,,0,0,,,,,1,,,,"Rooms > Bedroom, Rooms > Living room, Rugs > Modern, Rugs",,,"https://rugshop.eu/wp-content/uploads/2021/10/carpet-scandi-18209-031-star.jpg, https://rugshop.eu/wp-content/uploads/2021/10/carpet-scandi-18209-031-star-1.jpg, https://rugshop.eu/wp-content/uploads/2021/10/carpet-scandi-18209-031-star-2.jpg",,,,,,,,,704,,,Size,"120x170, 140x200, 160x230, 80x150",1,1,Brand,D-sign,1,1,Color,Blue,1,1,Type of color,Multicolor,1,1,Shape,Rectangular,1,1,Material,Polypropen,1,1,Type of rug,Modern,1,1,Weave,Machinemade,1,1,Age,New,1,1,,,,,,,,,,,,,,,,,1786453913,yes,yes,,,,,,,,,,,,,,,,,,,,,,,,,,,,,
38933,variable,56904708-H,,D-sign Rug 1D0409 Blue,1,0,hidden,D-sign Rug 1D0409 Blue ,D-sign Rug 1D0409 Blue ,,,taxable,,0,,,0,0,,,,,1,,,,"Rooms > Bedroom, Rooms > Living room, Rugs > Modern, Rugs",,,"https://rugshop.eu/wp-content/uploads/2021/10/carpet-lisboa-27219-754-stars-turquoise.jpg, https://rugshop.eu/wp-content/uploads/2021/10/carpet-lisboa-27219-754-stars-turquoise-1.jpg, https://rugshop.eu/wp-content/uploads/2021/10/carpet-lisboa-27219-754-stars-turquoise-2.jpg, https://rugshop.eu/wp-content/uploads/2021/10/carpet-lisboa-27219-754-stars-turquoise-3.jpg",,,,,,,,,839,,,Size,"120x170, 160x230, 200x290, 80x150",1,1,Brand,D-sign,1,1,Color,Blue,1,1,Type of color,Multicolor,1,1,Shape,Rectangular,1,1,Material,Polypropen,1,1,Type of rug,Modern,1,1,Weave,Machinemade,1,1,Age,New,1,1,,,,,,,,,,,,,,,,,1786453911,yes,yes,,,,,,,,,,,,,,,,,,,,,,,,,,,,,
38943,variation,56904697,,D-sign Rug 1D0405 Grey - 80x150,1,0,hidden,,D-sign Rug 1D0405 Grey 80x150 cm,,,taxable,parent,0,0,,0,0,,150,80,0.9,0,,,900,,,,,,,56904697-H,,,,,,1,,,Size,80x150,,1,,,,,,,,,,,,,,,,,,,,,,,,,,,,,,,,,,,,,80x150,,,,,,,,,,,,1786453258,,,,,,,,,,,,79476,,,,,,,,,,,,,,,,,,,
38944,variation,56907089,,D-sign Rug 1D0405 Grey - 120x170,1,0,hidden,,D-sign Rug 1D0405 Grey 120x170 cm,,,taxable,parent,0,0,,0,0,,170,120,0.9,0,,,1236,,,,,,,56904697-H,,,,,,2,,,Size,120x170,,1,,,,,,,,,,,,,,,,,,,,,,,,,,,,,,,,,,,,,120x170,,,,,,,,,,,,,,,,,,,,,,,,79011,,,,,,,,,,,,,,,,,,,
38945,variation,56904703,,D-sign Rug 1D0405 Grey - 160x230,1,0,hidden,,D-sign Rug 1D0405 Grey 160x230 cm,,,taxable,parent,0,0,,0,0,,230,160,0.9,0,,,1892,,,,,,,56904697-H,,,,,,3,,,Size,160x230,,1,,,,,,,,,,,,,,,,,,,,,,,,,,,,,,,,,,,,,160x230,,,,,,,,,,,,,,,,,,,,,,,,79012,,,,,,,,,,,,,,,,,,,
38946,variation,56904701,,D-sign Rug 1D0405 Grey - 200x290,1,0,hidden,,D-sign Rug 1D0405 Grey 200x290 cm,,,taxable,parent,0,0,,0,0,,290,200,0.9,0,,,2668,,,,,,,56904697-H,,,,,,4,,,Size,200x290,,1,,,,,,,,,,,,,,,,,,,,,,,,,,,,,,,,,,,,,200x290,,,,,,,,,,,,,,,,,,,,,,,,79013,,,,,,,,,,,,,,,,,,,
38952,variation,56904704,,D-sign Rug 1D0404 Black - 80x150,1,0,hidden,,D-sign Rug 1D0404 Black 80x150 cm,,,taxable,parent,0,0,,0,0,,150,80,0.9,0,,,900,,,,,,,56904704-H,,,,,,1,,,Size,80x150,,1,,,,,,,,,,,,,,,,,,,,,,,,,,,,,,,,,,,,,80x150,,,,,,,,,,,,1786453258,,,,,,,,,,,,79477,,,,,,,,,,,,,,,,,,,
38953,variation,56907104,,D-sign Rug 1D0404 Black - 120x170,1,0,hidden,,D-sign Rug 1D0404 Black 120x170 cm,,,taxable,parent,0,0,,0,0,,170,120,0.9,0,,,1236,,,,,,,56904704-H,,,,,,2,,,Size,120x170,,1,,,,,,,,,,,,,,,,,,,,,,,,,,,,,,,,,,,,,120x170,,,,,,,,,,,,1786453889,,,,,,,,,,,,78999,,,,,,,,,,,,,,,,,,,
38954,variation,56907098,,D-sign Rug 1D0404 Black - 160x230,1,0,hidden,,D-sign Rug 1D0404 Black 160x230 cm,,,taxable,parent,0,0,,0,0,,230,160,0.9,0,,,1892,,,,,,,56904704-H,,,,,,3,,,Size,160x230,,1,,,,,,,,,,,,,,,,,,,,,,,,,,,,,,,,,,,,,160x230,,,,,,,,,,,,,,,,,,,,,,,,79000,,,,,,,,,,,,,,,,,,,
38955,variation,56907087,,D-sign Rug 1D0404 Black - 200x290,1,0,hidden,,D-sign Rug 1D0404 Black 200x290 cm,,,taxable,parent,0,0,,0,0,,290,200,0.9,0,,,2668,,,,,,,56904704-H,,,,,,4,,,Size,200x290,,1,,,,,,,,,,,,,,,,,,,,,,,,,,,,,,,,,,,,,200x290,,,,,,,,,,,,,,,,,,,,,,,,79001,,,,,,,,,,,,,,,,,,,
38968,variable,56904710-H,,D-sign Rug 1D0410 Black,1,0,hidden,D-sign Rug 1D0410 Black ,D-sign Rug 1D0410 Black ,,,taxable,,0,,,0,0,,,,,1,,,,"Rooms > Bedroom, Rooms > Living room, Rugs > Modern, Rugs",,,"https://rugshop.eu/wp-content/uploads/2021/10/carpet-lisboa-27219-956-stars-black.jpg, https://rugshop.eu/wp-content/uploads/2021/10/carpet-lisboa-27219-956-stars-black-1.jpg, https://rugshop.eu/wp-content/uploads/2021/10/carpet-lisboa-27219-956-stars-black-2.jpg, https://rugshop.eu/wp-content/uploads/2021/10/carpet-lisboa-27219-956-stars-black-3.jpg",,,,,,,,,840,,,Size,"120x170, 160x230, 200x290, 80x150",1,1,Brand,D-sign,1,1,Color,Black-Grey,1,1,Type of color,Multicolor,1,1,Shape,Rectangular,1,1,Material,Polypropen,1,1,Type of rug,Modern,1,1,Weave,Machinemade,1,1,Age,New,1,1,,,,,,,,,,,,,,,,,1786453907,yes,yes,,,,,,,,,,,,,,,,,,,,,,,,,,,,,
38969,variable,56904706-H,,D-sign Rug 1D0411 Brown,1,0,hidden,D-sign Rug 1D0411 Brown ,D-sign Rug 1D0411 Brown ,,,taxable,,0,,,0,0,,,,,1,,,,"Rooms > Bedroom, Rooms > Living room, Rugs > Modern, Rugs",,,"https://rugshop.eu/wp-content/uploads/2021/10/carpet-lisboa-27219-975-stars-brown.jpg, https://rugshop.eu/wp-content/uploads/2021/10/carpet-lisboa-27219-975-stars-brown-1.jpg, https://rugshop.eu/wp-content/uploads/2021/10/carpet-lisboa-27219-975-stars-brown-2.jpg, https://rugshop.eu/wp-content/uploads/2021/10/carpet-lisboa-27219-975-stars-brown-3.jpg",,,,,,,,,841,,,Size,"120x170, 160x230, 200x290, 80x150",1,1,Brand,D-sign,1,1,Color,Black-Grey,1,1,Type of color,Multicolor,1,1,Shape,Rectangular,1,1,Material,Polypropen,1,1,Type of rug,Modern,1,1,Weave,Machinemade,1,1,Age,New,1,1,,,,,,,,,,,,,,,,,1786453904,yes,yes,,,,,,,,,,,,,,,,,,,,,,,,,,,,,
38973,variation,56904709,,D-sign Rug 1D0262 Blue - 80x150,1,0,hidden,,D-sign Rug 1D0262 Blue 80x150 cm,,,taxable,parent,0,0,,0,0,,150,80,0.9,0,,,836,,,,,,,56904709-H,,,,,,1,,,Size,80x150,,1,,,,,,,,,,,,,,,,,,,,,,,,,,,,,,,,,,,,,80x150,,,,,,,,,,,,1786453259,,,,,,,,,,,,79486,,,,,,,,,,,,,,,,,,,
38974,variation,56907116,,D-sign Rug 1D0262 Blue - 120x170,1,0,hidden,,D-sign Rug 1D0262 Blue 120x170 cm,,,taxable,parent,0,0,,0,0,,170,120,0.9,0,,,1140,,,,,,,56904709-H,,,,,,2,,,Size,120x170,,1,,,,,,,,,,,,,,,,,,,,,,,,,,,,,,,,,,,,,120x170,,,,,,,,,,,,1786453893,,,,,,,,,,,,72505,,,,,,,,,,,,,,,,,,,
38975,variation,56907118,,D-sign Rug 1D0262 Blue - 140x200,1,0,hidden,,D-sign Rug 1D0262 Blue 140x200 cm,,,taxable,parent,0,0,,0,0,,200,140,0.9,0,,,1468,,,,,,,56904709-H,,,,,,3,,,Size,140x200,,1,,,,,,,,,,,,,,,,,,,,,,,,,,,,,,,,,,,,,140x200,,,,,,,,,,,,1786453893,,,,,,,,,,,,72506,,,,,,,,,,,,,,,,,,,
38976,variation,56907113,,D-sign Rug 1D0262 Blue - 160x230,1,0,hidden,,D-sign Rug 1D0262 Blue 160x230 cm,,,taxable,parent,0,0,,0,0,,230,160,0.9,0,,,1700,,,,,,,56904709-H,,,,,,4,,,Size,160x230,,1,,,,,,,,,,,,,,,,,,,,,,,,,,,,,,,,,,,,,160x230,,,,,,,,,,,,,,,,,,,,,,,,72507,,,,,,,,,,,,,,,,,,,
38982,variation,56904708,,D-sign Rug 1D0409 Blue - 80x150,1,0,hidden,,D-sign Rug 1D0409 Blue 80x150 cm,,,taxable,parent,0,0,,0,0,,150,80,0.9,0,,,900,,,,,,,56904708-H,,,,,,1,,,Size,80x150,,1,,,,,,,,,,,,,,,,,,,,,,,,,,,,,,,,,,,,,80x150,,,,,,,,,,,,,,,,,,,,,,,,79487,,,,,,,,,,,,,,,,,,,
38983,variation,56907119,,D-sign Rug 1D0409 Blue - 120x170,1,0,hidden,,D-sign Rug 1D0409 Blue 120x170 cm,,,taxable,parent,0,0,,0,0,,170,120,0.9,0,,,1236,,,,,,,56904708-H,,,,,,2,,,Size,120x170,,1,,,,,,,,,,,,,,,,,,,,,,,,,,,,,,,,,,,,,120x170,,,,,,,,,,,,,,,,,,,,,,,,79042,,,,,,,,,,,,,,,,,,,
38984,variation,56907112,,D-sign Rug 1D0409 Blue - 160x230,1,0,hidden,,D-sign Rug 1D0409 Blue 160x230 cm,,,taxable,parent,0,0,,0,0,,230,160,0.9,0,,,1892,,,,,,,56904708-H,,,,,,3,,,Size,160x230,,1,,,,,,,,,,,,,,,,,,,,,,,,,,,,,,,,,,,,,160x230,,,,,,,,,,,,1786453892,,,,,,,,,,,,79043,,,,,,,,,,,,,,,,,,,
38985,variation,56907117,,D-sign Rug 1D0409 Blue - 200x290,1,0,hidden,,D-sign Rug 1D0409 Blue 200x290 cm,,,taxable,parent,0,0,,0,0,,290,200,0.9,0,,,2668,,,,,,,56904708-H,,,,,,4,,,Size,200x290,,1,,,,,,,,,,,,,,,,,,,,,,,,,,,,,,,,,,,,,200x290,,,,,,,,,,,,1786453893,,,,,,,,,,,,79044,,,,,,,,,,,,,,,,,,,
38991,variation,56904710,,D-sign Rug 1D0410 Black - 80x150,1,0,hidden,,D-sign Rug 1D0410 Black 80x150 cm,,,taxable,parent,0,0,,0,0,,150,80,0.9,0,,,900,,,,,,,56904710-H,,,,,,1,,,Size,80x150,,1,,,,,,,,,,,,,,,,,,,,,,,,,,,,,,,,,,,,,80x150,,,,,,,,,,,,1786453260,,,,,,,,,,,,79488,,,,,,,,,,,,,,,,,,,
38992,variation,56907115,,D-sign Rug 1D0410 Black - 120x170,1,0,hidden,,D-sign Rug 1D0410 Black 120x170 cm,,,taxable,parent,0,0,,0,0,,170,120,0.9,0,,,1236,,,,,,,56904710-H,,,,,,2,,,Size,120x170,,1,,,,,,,,,,,,,,,,,,,,,,,,,,,,,,,,,,,,,120x170,,,,,,,,,,,,,,,,,,,,,,,,79048,,,,,,,,,,,,,,,,,,,
38993,variation,56907099,,D-sign Rug 1D0410 Black - 160x230,1,0,hidden,,D-sign Rug 1D0410 Black 160x230 cm,,,taxable,parent,0,0,,0,0,,230,160,0.9,0,,,1892,,,,,,,56904710-H,,,,,,3,,,Size,160x230,,1,,,,,,,,,,,,,,,,,,,,,,,,,,,,,,,,,,,,,160x230,,,,,,,,,,,,1786453844,,,,,,,,,,,,79049,,,,,,,,,,,,,,,,,,,
38994,variation,56907106,,D-sign Rug 1D0410 Black - 200x290,1,0,hidden,,D-sign Rug 1D0410 Black 200x290 cm,,,taxable,parent,0,0,,0,0,,290,200,0.9,0,,,2668,,,,,,,56904710-H,,,,,,4,,,Size,200x290,,1,,,,,,,,,,,,,,,,,,,,,,,,,,,,,,,,,,,,,200x290,,,,,,,,,,,,1786453889,,,,,,,,,,,,79050,,,,,,,,,,,,,,,,,,,
39000,variation,56904706,,D-sign Rug 1D0411 Brown - 80x150,1,0,hidden,,D-sign Rug 1D0411 Brown 80x150 cm,,,taxable,parent,0,0,,0,0,,150,80,0.9,0,,,900,,,,,,,56904706-H,,,,,,1,,,Size,80x150,,1,,,,,,,,,,,,,,,,,,,,,,,,,,,,,,,,,,,,,80x150,,,,,,,,,,,,1786453259,,,,,,,,,,,,79489,,,,,,,,,,,,,,,,,,,
39001,variable,56904717-H,,D-sign Rug 1D0400 Brown,1,0,hidden,D-sign Rug 1D0400 Brown ,D-sign Rug 1D0400 Brown ,,,taxable,,0,,,0,0,,,,,1,,,,"Rooms > Bedroom, Rooms > Living room, Rugs > Modern, Rugs",,,"https://rugshop.eu/wp-content/uploads/2021/10/carpet-lisboa-27206-875-flowers-brown.jpg, https://rugshop.eu/wp-content/uploads/2021/10/carpet-lisboa-27206-875-flowers-brown-1.jpg, https://rugshop.eu/wp-content/uploads/2021/10/carpet-lisboa-27206-875-flowers-brown-2.jpg, https://rugshop.eu/wp-content/uploads/2021/10/carpet-lisboa-27206-875-flowers-brown-3.jpg",,,,,,,,,830,,,Size,"120x170, 160x230, 200x290, 80x150",1,1,Brand,D-sign,1,1,Color,Black-Grey,1,1,Type of color,Multicolor,1,1,Shape,Rectangular,1,1,Material,Polypropen,1,1,Type of rug,Modern,1,1,Weave,Machinemade,1,1,Age,New,1,1,,,,,,,,,,,,,,,,,1786453287,yes,yes,,,,,,,,,,,,,,,,,,,,,,,,,,,,,
39002,variable,56904716-H,,D-sign Rug 1D0408 Beige,1,0,hidden,D-sign Rug 1D0408 Beige ,D-sign Rug 1D0408 Beige ,,,taxable,,0,,,0,0,,,,,1,,,,"Rooms > Bedroom, Rooms > Living room, Rugs > Modern, Rugs",,,"https://rugshop.eu/wp-content/uploads/2021/10/carpet-lisboa-27217-985-braid-waffle-beige.jpg, https://rugshop.eu/wp-content/uploads/2021/10/carpet-lisboa-27217-985-braid-waffle-beige-1.jpg, https://rugshop.eu/wp-content/uploads/2021/10/carpet-lisboa-27217-985-braid-waffle-beige-2.jpg, https://rugshop.eu/wp-content/uploads/2021/10/carpet-lisboa-27217-985-braid-waffle-beige-3.jpg",,,,,,,,,838,,,Size,"120x170, 160x230, 200x290, 80x150",1,1,Brand,D-sign,1,1,Color,Black-Grey,1,1,Type of color,Multicolor,1,1,Shape,Rectangular,1,1,Material,Polypropen,1,1,Type of rug,Modern,1,1,Weave,Machinemade,1,1,Age,New,1,1,,,,,,,,,,,,,,,,,1786453285,yes,yes,,,,,,,,,,,,,,,,,,,,,,,,,,,,,
39004,variation,56907121,,D-sign Rug 1D0411 Brown - 120x170,1,0,hidden,,D-sign Rug 1D0411 Brown 120x170 cm,,,taxable,parent,0,0,,0,0,,170,120,0.9,0,,,1236,,,,,,,56904706-H,,,,,,2,,,Size,120x170,,1,,,,,,,,,,,,,,,,,,,,,,,,,,,,,,,,,,,,,120x170,,,,,,,,,,,,1786453894,,,,,,,,,,,,79054,,,,,,,,,,,,,,,,,,,
39005,variation,56907120,,D-sign Rug 1D0411 Brown - 160x230,1,0,hidden,,D-sign Rug 1D0411 Brown 160x230 cm,,,taxable,parent,0,0,,0,0,,230,160,0.9,0,,,1892,,,,,,,56904706-H,,,,,,3,,,Size,160x230,,1,,,,,,,,,,,,,,,,,,,,,,,,,,,,,,,,,,,,,160x230,,,,,,,,,,,,1786453894,,,,,,,,,,,,79055,,,,,,,,,,,,,,,,,,,
39006,variation,56907100,,D-sign Rug 1D0411 Brown - 200x290,1,0,hidden,,D-sign Rug 1D0411 Brown 200x290 cm,,,taxable,parent,0,0,,0,0,,290,200,0.9,0,,,2668,,,,,,,56904706-H,,,,,,4,,,Size,200x290,,1,,,,,,,,,,,,,,,,,,,,,,,,,,,,,,,,,,,,,200x290,,,,,,,,,,,,1786453888,,,,,,,,,,,,79056,,,,,,,,,,,,,,,,,,,
39031,variable,56904727-H,,D-sign Rug 1D0284 Grey,1,0,hidden,D-sign Rug 1D0284 Grey ,D-sign Rug 1D0284 Grey ,,,taxable,,0,,,0,0,,,,,1,,,,"Rooms > Bedroom, Rooms > Living room, Rugs > Modern, Rugs",,,"https://rugshop.eu/wp-content/uploads/2021/10/carpet-sketch-f730-grey-white-trellis.jpg, https://rugshop.eu/wp-content/uploads/2021/10/carpet-sketch-f730-grey-white-trellis-1.jpg, https://rugshop.eu/wp-content/uploads/2021/10/carpet-sketch-f730-grey-white-trellis-2.jpg, https://rugshop.eu/wp-content/uploads/2021/10/carpet-sketch-f730-grey-white-trellis.jpg",,,,,,,,,728,,,Size,"120x170, 140x190, 160x220, 180x270, 200x290, 240x330, 280x370, 60x100, 80x150",1,1,Brand,D-sign,1,1,Color,Black-Grey,1,1,Type of color,Multicolor,1,1,Shape,Rectangular,1,1,Material,Polypropen,1,1,Type of rug,Modern,1,1,Weave,Machinemade,1,1,Country,Turkey,1,1,Age,New,1,1,,,,,,,,,,,,,1786453923,yes,yes,,,,,,,,,,,,,,,,,,,,,,,,,,,,,
39041,variation,56904717,,D-sign Rug 1D0400 Brown - 80x150,1,0,hidden,,D-sign Rug 1D0400 Brown 80x150 cm,,,taxable,parent,0,0,,0,0,,150,80,0.9,0,,,900,,,,,,,56904717-H,,,,,,1,,,Size,80x150,,1,,,,,,,,,,,,,,,,,,,,,,,,,,,,,,,,,,,,,80x150,,,,,,,,,,,,,,,,,,,,,,,,79496,,,,,,,,,,,,,,,,,,,
39042,variation,56904720,,D-sign Rug 1D0400 Brown - 120x170,1,0,hidden,,D-sign Rug 1D0400 Brown 120x170 cm,,,taxable,parent,0,0,,0,0,,170,120,0.9,0,,,1236,,,,,,,56904717-H,,,,,,2,,,Size,120x170,,1,,,,,,,,,,,,,,,,,,,,,,,,,,,,,,,,,,,,,120x170,,,,,,,,,,,,1786453261,,,,,,,,,,,,79142,,,,,,,,,,,,,,,,,,,
39043,variation,56907132,,D-sign Rug 1D0400 Brown - 160x230,1,0,hidden,,D-sign Rug 1D0400 Brown 160x230 cm,,,taxable,parent,0,0,,0,0,,230,160,0.9,0,,,1892,,,,,,,56904717-H,,,,,,3,,,Size,160x230,,1,,,,,,,,,,,,,,,,,,,,,,,,,,,,,,,,,,,,,160x230,,,,,,,,,,,,,,,,,,,,,,,,79143,,,,,,,,,,,,,,,,,,,
39044,variation,56907129,,D-sign Rug 1D0400 Brown - 200x290,1,0,hidden,,D-sign Rug 1D0400 Brown 200x290 cm,,,taxable,parent,0,0,,0,0,,290,200,0.9,0,,,2668,,,,,,,56904717-H,,,,,,4,,,Size,200x290,,1,,,,,,,,,,,,,,,,,,,,,,,,,,,,,,,,,,,,,200x290,,,,,,,,,,,,,,,,,,,,,,,,79144,,,,,,,,,,,,,,,,,,,
39050,variation,56904716,,D-sign Rug 1D0408 Beige - 80x150,1,0,hidden,,D-sign Rug 1D0408 Beige 80x150 cm,,,taxable,parent,0,0,,0,0,,150,80,0.9,0,,,900,,,,,,,56904716-H,,,,,,1,,,Size,80x150,,1,,,,,,,,,,,,,,,,,,,,,,,,,,,,,,,,,,,,,80x150,,,,,,,,,,,,1786453261,,,,,,,,,,,,79497,,,,,,,,,,,,,,,,,,,
39051,variation,56907142,,D-sign Rug 1D0408 Beige - 120x170,1,0,hidden,,D-sign Rug 1D0408 Beige 120x170 cm,,,taxable,parent,0,0,,0,0,,170,120,0.9,0,,,1236,,,,,,,56904716-H,,,,,,2,,,Size,120x170,,1,,,,,,,,,,,,,,,,,,,,,,,,,,,,,,,,,,,,,120x170,,,,,,,,,,,,,,,,,,,,,,,,79039,,,,,,,,,,,,,,,,,,,
39052,variation,56907124,,D-sign Rug 1D0408 Beige - 160x230,1,0,hidden,,D-sign Rug 1D0408 Beige 160x230 cm,,,taxable,parent,0,0,,0,0,,230,160,0.9,0,,,1892,,,,,,,56904716-H,,,,,,3,,,Size,160x230,,1,,,,,,,,,,,,,,,,,,,,,,,,,,,,,,,,,,,,,160x230,,,,,,,,,,,,,,,,,,,,,,,,79040,,,,,,,,,,,,,,,,,,,
39053,variation,56907146,,D-sign Rug 1D0408 Beige - 200x290,1,0,hidden,,D-sign Rug 1D0408 Beige 200x290 cm,,,taxable,parent,0,0,,0,0,,290,200,0.9,0,,,2668,,,,,,,56904716-H,,,,,,4,,,Size,200x290,,1,,,,,,,,,,,,,,,,,,,,,,,,,,,,,,,,,,,,,200x290,,,,,,,,,,,,,,,,,,,,,,,,79041,,,,,,,,,,,,,,,,,,,
39085,variation,56904727,,D-sign Rug 1D0284 Grey - 60x100,1,0,hidden,,D-sign Rug 1D0284 Grey 60x100 cm,,,taxable,parent,0,0,,0,0,,100,60,1.3,0,,,620,,,,,,,56904727-H,,,,,,1,,,Size,60x100,,1,,,,,,,,,,,,,,,,,,,,,,,,,,,,,,,,,,,,,60x100,,,,,,,,,,,,,,,,,,,,,,,,79532,,,,,,,,,,,,,,,,,,,
39086,variation,56907161,,D-sign Rug 1D0284 Grey - 80x150,1,0,hidden,,D-sign Rug 1D0284 Grey 80x150 cm,,,taxable,parent,0,0,,0,0,,150,80,1.3,0,,,860,,,,,,,56904727-H,,,,,,2,,,Size,80x150,,1,,,,,,,,,,,,,,,,,,,,,,,,,,,,,,,,,,,,,80x150,,,,,,,,,,,,,,,,,,,,,,,,72839,,,,,,,,,,,,,,,,,,,
39087,variation,56907160,,D-sign Rug 1D0284 Grey - 120x170,1,0,hidden,,D-sign Rug 1D0284 Grey 120x170 cm,,,taxable,parent,0,0,,0,0,,170,120,1.3,0,,,1324,,,,,,,56904727-H,,,,,,3,,,Size,120x170,,1,,,,,,,,,,,,,,,,,,,,,,,,,,,,,,,,,,,,,120x170,,,,,,,,,,,,,,,,,,,,,,,,72840,,,,,,,,,,,,,,,,,,,
39088,variation,56907157,,D-sign Rug 1D0284 Grey - 140x190,1,0,hidden,,D-sign Rug 1D0284 Grey 140x190 cm,,,taxable,parent,0,0,,0,0,,190,140,1.3,0,,,1564,,,,,,,56904727-H,,,,,,4,,,Size,140x190,,1,,,,,,,,,,,,,,,,,,,,,,,,,,,,,,,,,,,,,140x190,,,,,,,,,,,,1786453897,,,,,,,,,,,,72841,,,,,,,,,,,,,,,,,,,
39089,variation,56907176,,D-sign Rug 1D0284 Grey - 160x220,1,0,hidden,,D-sign Rug 1D0284 Grey 160x220 cm,,,taxable,parent,0,0,,0,0,,220,160,1.3,0,,,1796,,,,,,,56904727-H,,,,,,5,,,Size,160x220,,1,,,,,,,,,,,,,,,,,,,,,,,,,,,,,,,,,,,,,160x220,,,,,,,,,,,,,,,,,,,,,,,,72842,,,,,,,,,,,,,,,,,,,
39090,variation,56907168,,D-sign Rug 1D0284 Grey - 180x270,1,0,hidden,,D-sign Rug 1D0284 Grey 180x270 cm,,,taxable,parent,0,0,,0,0,,270,180,1.3,0,,,2452,,,,,,,56904727-H,,,,,,6,,,Size,180x270,,1,,,,,,,,,,,,,,,,,,,,,,,,,,,,,,,,,,,,,180x270,,,,,,,,,,,,1786453899,,,,,,,,,,,,72843,,,,,,,,,,,,,,,,,,,
39091,variation,56907171,,D-sign Rug 1D0284 Grey - 200x290,1,0,hidden,,D-sign Rug 1D0284 Grey 200x290 cm,,,taxable,parent,0,0,,0,0,,290,200,1.3,0,,,2836,,,,,,,56904727-H,,,,,,7,,,Size,200x290,,1,,,,,,,,,,,,,,,,,,,,,,,,,,,,,,,,,,,,,200x290,,,,,,,,,,,,1786453899,,,,,,,,,,,,72844,,,,,,,,,,,,,,,,,,,
39092,variation,56904729,,D-sign Rug 1D0284 Grey - 240x330,1,0,hidden,,D-sign Rug 1D0284 Grey 240x330 cm,,,taxable,parent,0,0,,0,0,,330,240,1.3,0,,,3868,,,,,,,56904727-H,,,,,,8,,,Size,240x330,,1,,,,,,,,,,,,,,,,,,,,,,,,,,,,,,,,,,,,,240x330,,,,,,,,,,,,1786453262,,,,,,,,,,,,72845,,,,,,,,,,,,,,,,,,,
39093,variation,56907173,,D-sign Rug 1D0284 Grey - 280x370,1,0,hidden,,D-sign Rug 1D0284 Grey 280x370 cm,,,taxable,parent,0,0,,0,0,,370,280,1.3,0,,,4900,,,,,,,56904727-H,,,,,,9,,,Size,280x370,,1,,,,,,,,,,,,,,,,,,,,,,,,,,,,,,,,,,,,,280x370,,,,,,,,,,,,,,,,,,,,,,,,80517,,,,,,,,,,,,,,,,,,,
39115,variable,56904736-H,,D-sign Rug 1D0293 Beige,1,0,hidden,D-sign Rug 1D0293 Beige ,D-sign Rug 1D0293 Beige ,,,taxable,,0,,,0,0,,,,,1,,,,"Rooms > Bedroom, Rooms > Living room, Rugs > Modern, Rugs",,,"https://rugshop.eu/wp-content/uploads/2021/10/carpet-acrylic-yazz-7660-dbeige-brown.jpg, https://rugshop.eu/wp-content/uploads/2021/10/carpet-acrylic-yazz-7660-dbeige-brown-1.jpg, https://rugshop.eu/wp-content/uploads/2021/10/carpet-acrylic-yazz-7660-dbeige-brown-2.jpg",,,,,,,,,737,,,Size,"133x190, 160x220, 200x290, 240x330, 80x150",1,1,Brand,D-sign,1,1,Color,White-Beige,1,1,Type of color,Multicolor,1,1,Shape,Rectangular,1,1,Material,Acrylic,1,1,Type of rug,Modern,1,1,Weave,Machinemade,1,1,Age,New,1,1,,,,,,,,,,,,,,,,,1786453304,yes,yes,,,,,,,,,,,,,,,,,,,,,,,,,,,,,
39116,variable,56904744-H,,D-sign Rug 1D0294 Beige,1,0,hidden,D-sign Rug 1D0294 Beige ,D-sign Rug 1D0294 Beige ,,,taxable,,0,,,0,0,,,,,1,,,,"Rooms > Bedroom, Rooms > Living room, Rugs > Modern, Rugs",,,"https://rugshop.eu/wp-content/uploads/2021/10/carpet-acrylic-yazz-7660-pudra.jpg, https://rugshop.eu/wp-content/uploads/2021/10/carpet-acrylic-yazz-7660-pudra-1.jpg, https://rugshop.eu/wp-content/uploads/2021/10/carpet-acrylic-yazz-7660-pudra-2.jpg",,,,,,,,,738,,,Size,"133x190, 160x220, 200x290, 240x330, 80x150",1,1,Brand,D-sign,1,1,Color,White-Beige,1,1,Type of color,Multicolor,1,1,Shape,Rectangular,1,1,Material,Acrylic,1,1,Type of rug,Modern,1,1,Weave,Machinemade,1,1,Age,New,1,1,,,,,,,,,,,,,,,,,1786453932,yes,yes,,,,,,,,,,,,,,,,,,,,,,,,,,,,,
39142,variation,56904736,,D-sign Rug 1D0293 Beige - 80x150,1,0,hidden,,D-sign Rug 1D0293 Beige 80x150 cm,,,taxable,parent,0,0,,0,0,,150,80,1,0,,,1188,,,,,,,56904736-H,,,,,,1,,,Size,80x150,,1,,,,,,,,,,,,,,,,,,,,,,,,,,,,,,,,,,,,,80x150,,,,,,,,,,,,,,,,,,,,,,,,80392,,,,,,,,,,,,,,,,,,,
39143,variation,56904745,,D-sign Rug 1D0293 Beige - 133x190,1,0,hidden,,D-sign Rug 1D0293 Beige 133x190 cm,,,taxable,parent,0,0,,0,0,,190,133,1,0,,,2060,,,,,,,56904736-H,,,,,,2,,,Size,133x190,,1,,,,,,,,,,,,,,,,,,,,,,,,,,,,,,,,,,,,,133x190,,,,,,,,,,,,1786453296,,,,,,,,,,,,72955,,,,,,,,,,,,,,,,,,,
39144,variation,56904741,,D-sign Rug 1D0293 Beige - 160x220,1,0,hidden,,D-sign Rug 1D0293 Beige 160x220 cm,,,taxable,parent,0,0,,0,0,,220,160,1,0,,,2732,,,,,,,56904736-H,,,,,,3,,,Size,160x220,,1,,,,,,,,,,,,,,,,,,,,,,,,,,,,,,,,,,,,,160x220,,,,,,,,,,,,1786453296,,,,,,,,,,,,72956,,,,,,,,,,,,,,,,,,,
39145,variation,56904740,,D-sign Rug 1D0293 Beige - 200x290,1,0,hidden,,D-sign Rug 1D0293 Beige 200x290 cm,,,taxable,parent,0,0,,0,0,,290,200,1,0,,,4236,,,,,,,56904736-H,,,,,,4,,,Size,200x290,,1,,,,,,,,,,,,,,,,,,,,,,,,,,,,,,,,,,,,,200x290,,,,,,,,,,,,,,,,,,,,,,,,72957,,,,,,,,,,,,,,,,,,,
39146,variation,56904742,,D-sign Rug 1D0293 Beige - 240x330,1,0,hidden,,D-sign Rug 1D0293 Beige 240x330 cm,,,taxable,parent,0,0,,0,0,,330,240,1,0,,,5748,,,,,,,56904736-H,,,,,,5,,,Size,240x330,,1,,,,,,,,,,,,,,,,,,,,,,,,,,,,,,,,,,,,,240x330,,,,,,,,,,,,,,,,,,,,,,,,72958,,,,,,,,,,,,,,,,,,,
39151,variable,56904750-H,,D-sign Rug 1D0385 Brown,1,0,hidden,D-sign Rug 1D0385 Brown ,D-sign Rug 1D0385 Brown ,,,taxable,,0,,,0,0,,,,,1,,,,"Rooms > Bedroom, Rooms > Living room, Rugs > Modern, Rugs",,,"https://rugshop.eu/wp-content/uploads/2021/10/carpet-acrylic-yazz-1760-brown-dbeige.jpg, https://rugshop.eu/wp-content/uploads/2021/10/carpet-acrylic-yazz-1760-brown-dbeige-1.jpg, https://rugshop.eu/wp-content/uploads/2021/10/carpet-acrylic-yazz-1760-brown-dbeige-2.jpg, https://rugshop.eu/wp-content/uploads/2021/10/carpet-acrylic-yazz-1760-brown-dbeige-3.jpg",,,,,,,,,815,,,Size,"133x190, 160x220, 200x290, 240x330, 80x150",1,1,Brand,D-sign,1,1,Color,Yellow-Brown,1,1,Type of color,Multicolor,1,1,Shape,Rectangular,1,1,Material,Acrylic,1,1,Type of rug,Modern,1,1,Weave,Machinemade,1,1,Age,New,1,1,,,,,,,,,,,,,,,,,1786453306,yes,yes,,,,,,,,,,,,,,,,,,,,,,,,,,,,,
39153,variable,56904753-H,,D-sign Rug 1D0386 Beige,1,0,hidden,D-sign Rug 1D0386 Beige ,D-sign Rug 1D0386 Beige ,,,taxable,,0,,,0,0,,,,,1,,,,"Rooms > Bedroom, Rooms > Living room, Rugs > Modern, Rugs",,,"https://rugshop.eu/wp-content/uploads/2021/10/carpet-acrylic-yazz-3766-dbeige-brown-trellis.jpg, https://rugshop.eu/wp-content/uploads/2021/10/carpet-acrylic-yazz-3766-dbeige-brown-trellis-1.jpg, https://rugshop.eu/wp-content/uploads/2021/10/carpet-acrylic-yazz-3766-dbeige-brown-trellis-2.jpg, https://rugshop.eu/wp-content/uploads/2021/10/carpet-acrylic-yazz-3766-dbeige-brown-trellis-3.jpg",,,,,,,,,816,,,Size,"133x190, 160x220, 200x290, 240x330, 80x150",1,1,Brand,D-sign,1,1,Color,White-Beige,1,1,Type of color,Multicolor,1,1,Shape,Rectangular,1,1,Material,Acrylic,1,1,Type of rug,Modern,1,1,Weave,Machinemade,1,1,Age,New,1,1,,,,,,,,,,,,,,,,,1786453936,yes,yes,,,,,,,,,,,,,,,,,,,,,,,,,,,,,
39154,variable,56904755-H,,D-sign Rug 1D0387 Beige,1,0,hidden,D-sign Rug 1D0387 Beige ,D-sign Rug 1D0387 Beige ,,,taxable,,0,,,0,0,,,,,1,,,,"Rooms > Bedroom, Rooms > Living room, Rugs > Modern, Rugs",,,"https://rugshop.eu/wp-content/uploads/2021/10/carpet-acrylic-yazz-3766-dbeige-salmon-trellis.jpg, https://rugshop.eu/wp-content/uploads/2021/10/carpet-acrylic-yazz-3766-dbeige-salmon-trellis-1.jpg, https://rugshop.eu/wp-content/uploads/2021/10/carpet-acrylic-yazz-3766-dbeige-salmon-trellis-2.jpg, https://rugshop.eu/wp-content/uploads/2021/10/carpet-acrylic-yazz-3766-dbeige-salmon-trellis-3.jpg",,,,,,,,,817,,,Size,"133x190, 160x220, 200x290, 240x330, 80x150",1,1,Brand,D-sign,1,1,Color,White-Beige,1,1,Type of color,Multicolor,1,1,Shape,Rectangular,1,1,Material,Acrylic,1,1,Type of rug,Modern,1,1,Weave,Machinemade,1,1,Age,New,1,1,,,,,,,,,,,,,,,,,1786453307,yes,yes,,,,,,,,,,,,,,,,,,,,,,,,,,,,,
39155,variation,56904744,,D-sign Rug 1D0294 Beige - 80x150,1,0,hidden,,D-sign Rug 1D0294 Beige 80x150 cm,,,taxable,parent,0,0,,0,0,,150,80,1,0,,,1188,,,,,,,56904744-H,,,,,,1,,,Size,80x150,,1,,,,,,,,,,,,,,,,,,,,,,,,,,,,,,,,,,,,,80x150,,,,,,,,,,,,,,,,,,,,,,,,80393,,,,,,,,,,,,,,,,,,,
39156,variation,56907182,,D-sign Rug 1D0294 Beige - 133x190,1,0,hidden,,D-sign Rug 1D0294 Beige 133x190 cm,,,taxable,parent,0,0,,0,0,,190,133,1,0,,,2060,,,,,,,56904744-H,,,,,,2,,,Size,133x190,,1,,,,,,,,,,,,,,,,,,,,,,,,,,,,,,,,,,,,,133x190,,,,,,,,,,,,,,,,,,,,,,,,72959,,,,,,,,,,,,,,,,,,,
39157,variation,56907201,,D-sign Rug 1D0294 Beige - 160x220,1,0,hidden,,D-sign Rug 1D0294 Beige 160x220 cm,,,taxable,parent,0,0,,0,0,,220,160,1,0,,,2732,,,,,,,56904744-H,,,,,,3,,,Size,160x220,,1,,,,,,,,,,,,,,,,,,,,,,,,,,,,,,,,,,,,,160x220,,,,,,,,,,,,,,,,,,,,,,,,72960,,,,,,,,,,,,,,,,,,,
39158,variation,56907188,,D-sign Rug 1D0294 Beige - 200x290,1,0,hidden,,D-sign Rug 1D0294 Beige 200x290 cm,,,taxable,parent,0,0,,0,0,,290,200,1,0,,,4236,,,,,,,56904744-H,,,,,,4,,,Size,200x290,,1,,,,,,,,,,,,,,,,,,,,,,,,,,,,,,,,,,,,,200x290,,,,,,,,,,,,1786453901,,,,,,,,,,,,72961,,,,,,,,,,,,,,,,,,,
39159,variation,56907187,,D-sign Rug 1D0294 Beige - 240x330,1,0,hidden,,D-sign Rug 1D0294 Beige 240x330 cm,,,taxable,parent,0,0,,0,0,,330,240,1,0,,,5748,,,,,,,56904744-H,,,,,,5,,,Size,240x330,,1,,,,,,,,,,,,,,,,,,,,,,,,,,,,,,,,,,,,,240x330,,,,,,,,,,,,,,,,,,,,,,,,72962,,,,,,,,,,,,,,,,,,,
39174,variation,56904750,,D-sign Rug 1D0385 Brown - 80x150,1,0,hidden,,D-sign Rug 1D0385 Brown 80x150 cm,,,taxable,parent,0,0,,0,0,,150,80,1,0,,,1188,,,,,,,56904750-H,,,,,,1,,,Size,80x150,,1,,,,,,,,,,,,,,,,,,,,,,,,,,,,,,,,,,,,,80x150,,,,,,,,,,,,1786453297,,,,,,,,,,,,80395,,,,,,,,,,,,,,,,,,,
39175,variation,56907198,,D-sign Rug 1D0385 Brown - 133x190,1,0,hidden,,D-sign Rug 1D0385 Brown 133x190 cm,,,taxable,parent,0,0,,0,0,,190,133,1,0,,,2060,,,,,,,56904750-H,,,,,,2,,,Size,133x190,,1,,,,,,,,,,,,,,,,,,,,,,,,,,,,,,,,,,,,,133x190,,,,,,,,,,,,,,,,,,,,,,,,77187,,,,,,,,,,,,,,,,,,,
39176,variation,56907196,,D-sign Rug 1D0385 Brown - 160x220,1,0,hidden,,D-sign Rug 1D0385 Brown 160x220 cm,,,taxable,parent,0,0,,0,0,,220,160,1,0,,,2732,,,,,,,56904750-H,,,,,,3,,,Size,160x220,,1,,,,,,,,,,,,,,,,,,,,,,,,,,,,,,,,,,,,,160x220,,,,,,,,,,,,,,,,,,,,,,,,77188,,,,,,,,,,,,,,,,,,,
39177,variation,56907195,,D-sign Rug 1D0385 Brown - 200x290,1,0,hidden,,D-sign Rug 1D0385 Brown 200x290 cm,,,taxable,parent,0,0,,0,0,,290,200,1,0,,,4236,,,,,,,56904750-H,,,,,,4,,,Size,200x290,,1,,,,,,,,,,,,,,,,,,,,,,,,,,,,,,,,,,,,,200x290,,,,,,,,,,,,,,,,,,,,,,,,77189,,,,,,,,,,,,,,,,,,,
39178,variation,56907199,,D-sign Rug 1D0385 Brown - 240x330,1,0,hidden,,D-sign Rug 1D0385 Brown 240x330 cm,,,taxable,parent,0,0,,0,0,,330,240,1,0,,,5748,,,,,,,56904750-H,,,,,,5,,,Size,240x330,,1,,,,,,,,,,,,,,,,,,,,,,,,,,,,,,,,,,,,,240x330,,,,,,,,,,,,,,,,,,,,,,,,77190,,,,,,,,,,,,,,,,,,,
39185,variable,56904761-H,,D-sign Rug 1D0424 Grey,1,0,hidden,D-sign Rug 1D0424 Grey ,D-sign Rug 1D0424 Grey ,,,taxable,,0,,,0,0,,,,,1,,,,"Rooms > Bedroom, Rooms > Living room, Rugs > Modern, Rugs, Rugs > Traditional",,,"https://rugshop.eu/wp-content/uploads/2021/10/carpet-acrylic-manyas-0916-grey-blue.jpg, https://rugshop.eu/wp-content/uploads/2021/10/carpet-acrylic-manyas-0916-grey-blue-1.jpg, https://rugshop.eu/wp-content/uploads/2021/10/carpet-acrylic-manyas-0916-grey-blue-2.jpg, https://rugshop.eu/wp-content/uploads/2021/10/carpet-acrylic-manyas-0916-grey-blue-3.jpg",,,,,,,,,854,,,Size,"120x180, 160x230, 200x300, 240x350, 80x150",1,1,Brand,D-sign,1,1,Color,Blue,1,1,Type of color,Multicolor,1,1,Shape,Rectangular,1,1,Material,"Acrylic, Wool",1,1,Type of rug,"Modern, Traditional",1,1,Weave,Machinemade,1,1,Age,New,1,1,,,,,,,,,,,,,,,,,1786453308,yes,yes,,,,,,,,,,,,,,,,,,,,,,,,,,,,,
39197,variation,56904753,,D-sign Rug 1D0386 Beige - 80x150,1,0,hidden,,D-sign Rug 1D0386 Beige 80x150 cm,,,taxable,parent,0,0,,0,0,,150,80,1,0,,,1188,,,,,,,56904753-H,,,,,,1,,,Size,80x150,,1,,,,,,,,,,,,,,,,,,,,,,,,,,,,,,,,,,,,,80x150,,,,,,,,,,,,,,,,,,,,,,,,80398,,,,,,,,,,,,,,,,,,,
39198,variation,56907194,,D-sign Rug 1D0386 Beige - 133x190,1,0,hidden,,D-sign Rug 1D0386 Beige 133x190 cm,,,taxable,parent,0,0,,0,0,,190,133,1,0,,,2060,,,,,,,56904753-H,,,,,,2,,,Size,133x190,,1,,,,,,,,,,,,,,,,,,,,,,,,,,,,,,,,,,,,,133x190,,,,,,,,,,,,1786453903,,,,,,,,,,,,77191,,,,,,,,,,,,,,,,,,,
39199,variation,56907197,,D-sign Rug 1D0386 Beige - 160x220,1,0,hidden,,D-sign Rug 1D0386 Beige 160x220 cm,,,taxable,parent,0,0,,0,0,,220,160,1,0,,,2732,,,,,,,56904753-H,,,,,,3,,,Size,160x220,,1,,,,,,,,,,,,,,,,,,,,,,,,,,,,,,,,,,,,,160x220,,,,,,,,,,,,,,,,,,,,,,,,77192,,,,,,,,,,,,,,,,,,,
39200,variation,56907203,,D-sign Rug 1D0386 Beige - 200x290,1,0,hidden,,D-sign Rug 1D0386 Beige 200x290 cm,,,taxable,parent,0,0,,0,0,,290,200,1,0,,,4236,,,,,,,56904753-H,,,,,,4,,,Size,200x290,,1,,,,,,,,,,,,,,,,,,,,,,,,,,,,,,,,,,,,,200x290,,,,,,,,,,,,1786453903,,,,,,,,,,,,77193,,,,,,,,,,,,,,,,,,,
39201,variation,56907202,,D-sign Rug 1D0386 Beige - 240x330,1,0,hidden,,D-sign Rug 1D0386 Beige 240x330 cm,,,taxable,parent,0,0,,0,0,,330,240,1,0,,,5748,,,,,,,56904753-H,,,,,,5,,,Size,240x330,,1,,,,,,,,,,,,,,,,,,,,,,,,,,,,,,,,,,,,,240x330,,,,,,,,,,,,,,,,,,,,,,,,77194,,,,,,,,,,,,,,,,,,,
39207,variation,56904755,,D-sign Rug 1D0387 Beige - 80x150,1,0,hidden,,D-sign Rug 1D0387 Beige 80x150 cm,,,taxable,parent,0,0,,0,0,,150,80,1,0,,,1188,,,,,,,56904755-H,,,,,,1,,,Size,80x150,,1,,,,,,,,,,,,,,,,,,,,,,,,,,,,,,,,,,,,,80x150,,,,,,,,,,,,,,,,,,,,,,,,80399,,,,,,,,,,,,,,,,,,,
39208,variation,56904758,,D-sign Rug 1D0387 Beige - 133x190,1,0,hidden,,D-sign Rug 1D0387 Beige 133x190 cm,,,taxable,parent,0,0,,0,0,,190,133,1,0,,,2060,,,,,,,56904755-H,,,,,,2,,,Size,133x190,,1,,,,,,,,,,,,,,,,,,,,,,,,,,,,,,,,,,,,,133x190,,,,,,,,,,,,,,,,,,,,,,,,77195,,,,,,,,,,,,,,,,,,,
39209,variation,56904763,,D-sign Rug 1D0387 Beige - 160x220,1,0,hidden,,D-sign Rug 1D0387 Beige 160x220 cm,,,taxable,parent,0,0,,0,0,,220,160,1,0,,,2732,,,,,,,56904755-H,,,,,,3,,,Size,160x220,,1,,,,,,,,,,,,,,,,,,,,,,,,,,,,,,,,,,,,,160x220,,,,,,,,,,,,1786453298,,,,,,,,,,,,77196,,,,,,,,,,,,,,,,,,,
39210,variation,56904759,,D-sign Rug 1D0387 Beige - 200x290,1,0,hidden,,D-sign Rug 1D0387 Beige 200x290 cm,,,taxable,parent,0,0,,0,0,,290,200,1,0,,,4236,,,,,,,56904755-H,,,,,,4,,,Size,200x290,,1,,,,,,,,,,,,,,,,,,,,,,,,,,,,,,,,,,,,,200x290,,,,,,,,,,,,,,,,,,,,,,,,77197,,,,,,,,,,,,,,,,,,,
39211,variation,56904760,,D-sign Rug 1D0387 Beige - 240x330,1,0,hidden,,D-sign Rug 1D0387 Beige 240x330 cm,,,taxable,parent,0,0,,0,0,,330,240,1,0,,,5748,,,,,,,56904755-H,,,,,,5,,,Size,240x330,,1,,,,,,,,,,,,,,,,,,,,,,,,,,,,,,,,,,,,,240x330,,,,,,,,,,,,1786453297,,,,,,,,,,,,77198,,,,,,,,,,,,,,,,,,,
39218,variable,56904774-H,,D-sign Rug 1D0427 Grey,1,0,hidden,D-sign Rug 1D0427 Grey ,D-sign Rug 1D0427 Grey ,,,taxable,,0,,,0,0,,,,,1,,,,"Rooms > Bedroom, Rooms > Living room, Rugs > Modern, Rugs, Rugs > Traditional",,,"https://rugshop.eu/wp-content/uploads/2021/10/carpet-acrylic-manyas-0917-grey-blue.jpg, https://rugshop.eu/wp-content/uploads/2021/10/carpet-acrylic-manyas-0917-grey-blue-1.jpg, https://rugshop.eu/wp-content/uploads/2021/10/carpet-acrylic-manyas-0917-grey-blue-2.jpg, https://rugshop.eu/wp-content/uploads/2021/10/carpet-acrylic-manyas-0917-grey-blue-3.jpg",,,,,,,,,857,,,Size,"120x180, 160x230, 200x300, 240x350, 80x150",1,1,Brand,D-sign,1,1,Color,Blue,1,1,Type of color,Multicolor,1,1,Shape,Rectangular,1,1,Material,"Acrylic, Wool",1,1,Type of rug,"Modern, Traditional",1,1,Weave,Machinemade,1,1,Age,New,1,1,,,,,,,,,,,,,,,,,1786453954,yes,yes,,,,,,,,,,,,,,,,,,,,,,,,,,,,,
39219,variable,56904772-H,,D-sign Rug 1D0428 Blue,1,0,hidden,D-sign Rug 1D0428 Blue ,D-sign Rug 1D0428 Blue ,,,taxable,,0,,,0,0,,,,,1,,,,"Rooms > Bedroom, Rooms > Living room, Rugs > Modern, Rugs, Rugs > Traditional",,,"https://rugshop.eu/wp-content/uploads/2021/10/carpet-acrylic-manyas-0920-blue-ivory.jpg, https://rugshop.eu/wp-content/uploads/2021/10/carpet-acrylic-manyas-0920-blue-ivory-1.jpg, https://rugshop.eu/wp-content/uploads/2021/10/carpet-acrylic-manyas-0920-blue-ivory-2.jpg, https://rugshop.eu/wp-content/uploads/2021/10/carpet-acrylic-manyas-0920-blue-ivory-3.jpg",,,,,,,,,858,,,Size,"120x180, 160x230, 200x300, 240x350, 80x150",1,1,Brand,D-sign,1,1,Color,Blue,1,1,Type of color,Multicolor,1,1,Shape,Rectangular,1,1,Material,"Acrylic, Wool",1,1,Type of rug,"Modern, Traditional",1,1,Weave,Machinemade,1,1,Age,New,1,1,,,,,,,,,,,,,,,,,1786453310,yes,yes,,,,,,,,,,,,,,,,,,,,,,,,,,,,,
39230,variation,56904761,,D-sign Rug 1D0424 Grey - 80x150,1,0,hidden,,D-sign Rug 1D0424 Grey 80x150 cm,,,taxable,parent,0,0,,0,0,,150,80,1.4,0,,,1940,,,,,,,56904761-H,,,,,,1,,,Size,80x150,,1,,,,,,,,,,,,,,,,,,,,,,,,,,,,,,,,,,,,,80x150,,,,,,,,,,,,1786453297,,,,,,,,,,,,80446,,,,,,,,,,,,,,,,,,,
39231,variation,56904764,,D-sign Rug 1D0424 Grey - 120x180,1,0,hidden,,D-sign Rug 1D0424 Grey 120x180 cm,,,taxable,parent,0,0,,0,0,,180,120,1.4,0,,,3204,,,,,,,56904761-H,,,,,,2,,,Size,120x180,,1,,,,,,,,,,,,,,,,,,,,,,,,,,,,,,,,,,,,,120x180,,,,,,,,,,,,,,,,,,,,,,,,80447,,,,,,,,,,,,,,,,,,,
39232,variation,56904765,,D-sign Rug 1D0424 Grey - 160x230,1,0,hidden,,D-sign Rug 1D0424 Grey 160x230 cm,,,taxable,parent,0,0,,0,0,,230,160,1.4,0,,,5268,,,,,,,56904761-H,,,,,,3,,,Size,160x230,,1,,,,,,,,,,,,,,,,,,,,,,,,,,,,,,,,,,,,,160x230,,,,,,,,,,,,,,,,,,,,,,,,80448,,,,,,,,,,,,,,,,,,,
39233,variation,56904768,,D-sign Rug 1D0424 Grey - 200x300,1,0,hidden,,D-sign Rug 1D0424 Grey 200x300 cm,,,taxable,parent,0,0,,0,0,,300,200,1.4,0,,,8180,,,,,,,56904761-H,,,,,,4,,,Size,200x300,,1,,,,,,,,,,,,,,,,,,,,,,,,,,,,,,,,,,,,,200x300,,,,,,,,,,,,,,,,,,,,,,,,80449,,,,,,,,,,,,,,,,,,,
39234,variation,56904766,,D-sign Rug 1D0424 Grey - 240x350,1,0,hidden,,D-sign Rug 1D0424 Grey 240x350 cm,,,taxable,parent,0,0,,0,0,,350,240,1.4,0,,,11380,,,,,,,56904761-H,,,,,,5,,,Size,240x350,,1,,,,,,,,,,,,,,,,,,,,,,,,,,,,,,,,,,,,,240x350,,,,,,,,,,,,1786453298,,,,,,,,,,,,80450,,,,,,,,,,,,,,,,,,,
39250,variable,56904778-H,,D-sign Rug 1D0429 Brown,1,0,hidden,D-sign Rug 1D0429 Brown ,D-sign Rug 1D0429 Brown ,,,taxable,,0,,,0,0,,,,,1,,,,"Rooms > Bedroom, Rooms > Living room, Rugs > Modern, Rugs, Rugs > Traditional",,,"https://rugshop.eu/wp-content/uploads/2021/10/carpet-acrylic-manyas-0920-brown-blue.jpg, https://rugshop.eu/wp-content/uploads/2021/10/carpet-acrylic-manyas-0920-brown-blue-1.jpg, https://rugshop.eu/wp-content/uploads/2021/10/carpet-acrylic-manyas-0920-brown-blue-2.jpg, https://rugshop.eu/wp-content/uploads/2021/10/carpet-acrylic-manyas-0920-brown-blue-3.jpg",,,,,,,,,859,,,Size,"120x180, 160x230, 200x300, 240x350, 80x150",1,1,Brand,D-sign,1,1,Color,Yellow-Brown,1,1,Type of color,Multicolor,1,1,Shape,Rectangular,1,1,Material,"Acrylic, Wool",1,1,Type of rug,"Modern, Traditional",1,1,Weave,Machinemade,1,1,Age,New,1,1,,,,,,,,,,,,,,,,,1786453958,yes,yes,,,,,,,,,,,,,,,,,,,,,,,,,,,,,
39251,variable,56904780-H,,D-sign Rug 1D0430 White,1,0,hidden,D-sign Rug 1D0430 White ,D-sign Rug 1D0430 White ,,,taxable,,0,,,0,0,,,,,1,,,,"Rooms > Bedroom, Rooms > Living room, Rugs > Modern, Rugs, Rugs > Traditional",,,"https://rugshop.eu/wp-content/uploads/2021/10/carpet-acrylic-manyas-0920-ivory.jpg, https://rugshop.eu/wp-content/uploads/2021/10/carpet-acrylic-manyas-0920-ivory-1.jpg, https://rugshop.eu/wp-content/uploads/2021/10/carpet-acrylic-manyas-0920-ivory-2.jpg, https://rugshop.eu/wp-content/uploads/2021/10/carpet-acrylic-manyas-0920-ivory-3.jpg",,,,,,,,,860,,,Size,"120x180, 160x230, 200x300, 240x350, 80x150",1,1,Brand,D-sign,1,1,Color,White-Beige,1,1,Type of color,Multicolor,1,1,Shape,Rectangular,1,1,Material,"Acrylic, Wool",1,1,Type of rug,"Modern, Traditional",1,1,Weave,Machinemade,1,1,Age,New,1,1,,,,,,,,,,,,,,,,,1786453313,yes,yes,,,,,,,,,,,,,,,,,,,,,,,,,,,,,
39252,variable,56904775-H,,D-sign Rug 1D0431 White,1,0,hidden,D-sign Rug 1D0431 White ,D-sign Rug 1D0431 White ,,,taxable,,0,,,0,0,,,,,1,,,,"Rooms > Bedroom, Rooms > Living room, Rugs > Modern, Rugs, Rugs > Traditional",,,"https://rugshop.eu/wp-content/uploads/2021/10/carpet-acrylic-manyas-0920-ivory-blue.jpg, https://rugshop.eu/wp-content/uploads/2021/10/carpet-acrylic-manyas-0920-ivory-blue-1.jpg, https://rugshop.eu/wp-content/uploads/2021/10/carpet-acrylic-manyas-0920-ivory-blue-2.jpg, https://rugshop.eu/wp-content/uploads/2021/10/carpet-acrylic-manyas-0920-ivory-blue-3.jpg",,,,,,,,,861,,,Size,"120x180, 160x230, 200x300, 240x350, 80x150",1,1,Brand,D-sign,1,1,Color,White-Beige,1,1,Type of color,Multicolor,1,1,Shape,Rectangular,1,1,Material,"Acrylic, Wool",1,1,Type of rug,"Modern, Traditional",1,1,Weave,Machinemade,1,1,Age,New,1,1,,,,,,,,,,,,,,,,,1786453956,yes,yes,,,,,,,,,,,,,,,,,,,,,,,,,,,,,
39262,variation,56904774,,D-sign Rug 1D0427 Grey - 80x150,1,0,hidden,,D-sign Rug 1D0427 Grey 80x150 cm,,,taxable,parent,0,0,,0,0,,150,80,1.4,0,,,1940,,,,,,,56904774-H,,,,,,1,,,Size,80x150,,1,,,,,,,,,,,,,,,,,,,,,,,,,,,,,,,,,,,,,80x150,,,,,,,,,,,,1786453299,,,,,,,,,,,,80466,,,,,,,,,,,,,,,,,,,
39263,variation,56907216,,D-sign Rug 1D0427 Grey - 120x180,1,0,hidden,,D-sign Rug 1D0427 Grey 120x180 cm,,,taxable,parent,0,0,,0,0,,180,120,1.4,0,,,3204,,,,,,,56904774-H,,,,,,2,,,Size,120x180,,1,,,,,,,,,,,,,,,,,,,,,,,,,,,,,,,,,,,,,120x180,,,,,,,,,,,,,,,,,,,,,,,,80467,,,,,,,,,,,,,,,,,,,
39264,variation,56907217,,D-sign Rug 1D0427 Grey - 160x230,1,0,hidden,,D-sign Rug 1D0427 Grey 160x230 cm,,,taxable,parent,0,0,,0,0,,230,160,1.4,0,,,5268,,,,,,,56904774-H,,,,,,3,,,Size,160x230,,1,,,,,,,,,,,,,,,,,,,,,,,,,,,,,,,,,,,,,160x230,,,,,,,,,,,,,,,,,,,,,,,,80468,,,,,,,,,,,,,,,,,,,
39265,variation,56907218,,D-sign Rug 1D0427 Grey - 200x300,1,0,hidden,,D-sign Rug 1D0427 Grey 200x300 cm,,,taxable,parent,0,0,,0,0,,300,200,1.4,0,,,8180,,,,,,,56904774-H,,,,,,4,,,Size,200x300,,1,,,,,,,,,,,,,,,,,,,,,,,,,,,,,,,,,,,,,200x300,,,,,,,,,,,,1786453940,,,,,,,,,,,,80469,,,,,,,,,,,,,,,,,,,
39266,variation,56907232,,D-sign Rug 1D0427 Grey - 240x350,1,0,hidden,,D-sign Rug 1D0427 Grey 240x350 cm,,,taxable,parent,0,0,,0,0,,350,240,1.4,0,,,11380,,,,,,,56904774-H,,,,,,5,,,Size,240x350,,1,,,,,,,,,,,,,,,,,,,,,,,,,,,,,,,,,,,,,240x350,,,,,,,,,,,,,,,,,,,,,,,,80470,,,,,,,,,,,,,,,,,,,
39272,variation,56904772,,D-sign Rug 1D0428 Blue - 80x150,1,0,hidden,,D-sign Rug 1D0428 Blue 80x150 cm,,,taxable,parent,0,0,,0,0,,150,80,1.4,0,,,1940,,,,,,,56904772-H,,,,,,1,,,Size,80x150,,1,,,,,,,,,,,,,,,,,,,,,,,,,,,,,,,,,,,,,80x150,,,,,,,,,,,,1786453298,,,,,,,,,,,,80476,,,,,,,,,,,,,,,,,,,
39273,variation,56907229,,D-sign Rug 1D0428 Blue - 120x180,1,0,hidden,,D-sign Rug 1D0428 Blue 120x180 cm,,,taxable,parent,0,0,,0,0,,180,120,1.4,0,,,3204,,,,,,,56904772-H,,,,,,2,,,Size,120x180,,1,,,,,,,,,,,,,,,,,,,,,,,,,,,,,,,,,,,,,120x180,,,,,,,,,,,,,,,,,,,,,,,,80477,,,,,,,,,,,,,,,,,,,
39274,variation,56904781,,D-sign Rug 1D0428 Blue - 160x230,1,0,hidden,,D-sign Rug 1D0428 Blue 160x230 cm,,,taxable,parent,0,0,,0,0,,230,160,1.4,0,,,5268,,,,,,,56904772-H,,,,,,3,,,Size,160x230,,1,,,,,,,,,,,,,,,,,,,,,,,,,,,,,,,,,,,,,160x230,,,,,,,,,,,,,,,,,,,,,,,,80478,,,,,,,,,,,,,,,,,,,
39275,variation,56904779,,D-sign Rug 1D0428 Blue - 200x300,1,0,hidden,,D-sign Rug 1D0428 Blue 200x300 cm,,,taxable,parent,0,0,,0,0,,300,200,1.4,0,,,8180,,,,,,,56904772-H,,,,,,4,,,Size,200x300,,1,,,,,,,,,,,,,,,,,,,,,,,,,,,,,,,,,,,,,200x300,,,,,,,,,,,,,,,,,,,,,,,,80479,,,,,,,,,,,,,,,,,,,
39276,variation,56904777,,D-sign Rug 1D0428 Blue - 240x350,1,0,hidden,,D-sign Rug 1D0428 Blue 240x350 cm,,,taxable,parent,0,0,,0,0,,350,240,1.4,0,,,11380,,,,,,,56904772-H,,,,,,5,,,Size,240x350,,1,,,,,,,,,,,,,,,,,,,,,,,,,,,,,,,,,,,,,240x350,,,,,,,,,,,,,,,,,,,,,,,,80480,,,,,,,,,,,,,,,,,,,
39284,variable,56904788-H,,D-sign Rug 1D0434 Grey,1,0,hidden,D-sign Rug 1D0434 Grey ,D-sign Rug 1D0434 Grey ,,,taxable,,0,,,0,0,,,,,1,,,,"Rooms > Bedroom, Rooms > Living room, Rugs > Modern, Rugs",,,"https://rugshop.eu/wp-content/uploads/2021/10/carpet-acrylic-manyas-1703-grey-blue.jpg, https://rugshop.eu/wp-content/uploads/2021/10/carpet-acrylic-manyas-1703-grey-blue-1.jpg, https://rugshop.eu/wp-content/uploads/2021/10/carpet-acrylic-manyas-1703-grey-blue-2.jpg, https://rugshop.eu/wp-content/uploads/2021/10/carpet-acrylic-manyas-1703-grey-blue-3.jpg",,,,,,,,,864,,,Size,"120x180, 160x230, 200x300, 240x350, 80x150",1,1,Brand,D-sign,1,1,Color,Black-Grey,1,1,Type of color,Multicolor,1,1,Shape,Rectangular,1,1,Material,"Acrylic, Wool",1,1,Type of rug,Modern,1,1,Weave,Machinemade,1,1,Age,New,1,1,,,,,,,,,,,,,,,,,1786453314,yes,yes,,,,,,,,,,,,,,,,,,,,,,,,,,,,,
39285,variation,56904778,,D-sign Rug 1D0429 Brown - 80x150,1,0,hidden,,D-sign Rug 1D0429 Brown 80x150 cm,,,taxable,parent,0,0,,0,0,,150,80,1.4,0,,,1940,,,,,,,56904778-H,,,,,,1,,,Size,80x150,,1,,,,,,,,,,,,,,,,,,,,,,,,,,,,,,,,,,,,,80x150,,,,,,,,,,,,1786453299,,,,,,,,,,,,80486,,,,,,,,,,,,,,,,,,,
39286,variation,56907241,,D-sign Rug 1D0429 Brown - 120x180,1,0,hidden,,D-sign Rug 1D0429 Brown 120x180 cm,,,taxable,parent,0,0,,0,0,,180,120,1.4,0,,,3204,,,,,,,56904778-H,,,,,,2,,,Size,120x180,,1,,,,,,,,,,,,,,,,,,,,,,,,,,,,,,,,,,,,,120x180,,,,,,,,,,,,,,,,,,,,,,,,80487,,,,,,,,,,,,,,,,,,,
39287,variation,56907246,,D-sign Rug 1D0429 Brown - 160x230,1,0,hidden,,D-sign Rug 1D0429 Brown 160x230 cm,,,taxable,parent,0,0,,0,0,,230,160,1.4,0,,,5268,,,,,,,56904778-H,,,,,,3,,,Size,160x230,,1,,,,,,,,,,,,,,,,,,,,,,,,,,,,,,,,,,,,,160x230,,,,,,,,,,,,,,,,,,,,,,,,80488,,,,,,,,,,,,,,,,,,,
39288,variation,56907247,,D-sign Rug 1D0429 Brown - 200x300,1,0,hidden,,D-sign Rug 1D0429 Brown 200x300 cm,,,taxable,parent,0,0,,0,0,,300,200,1.4,0,,,8180,,,,,,,56904778-H,,,,,,4,,,Size,200x300,,1,,,,,,,,,,,,,,,,,,,,,,,,,,,,,,,,,,,,,200x300,,,,,,,,,,,,1786453943,,,,,,,,,,,,80489,,,,,,,,,,,,,,,,,,,
39289,variation,56907242,,D-sign Rug 1D0429 Brown - 240x350,1,0,hidden,,D-sign Rug 1D0429 Brown 240x350 cm,,,taxable,parent,0,0,,0,0,,350,240,1.4,0,,,11380,,,,,,,56904778-H,,,,,,5,,,Size,240x350,,1,,,,,,,,,,,,,,,,,,,,,,,,,,,,,,,,,,,,,240x350,,,,,,,,,,,,1786453943,,,,,,,,,,,,80490,,,,,,,,,,,,,,,,,,,
39296,variation,56904780,,D-sign Rug 1D0430 White - 80x150,1,0,hidden,,D-sign Rug 1D0430 White 80x150 cm,,,taxable,parent,0,0,,0,0,,150,80,1.4,0,,,1940,,,,,,,56904780-H,,,,,,1,,,Size,80x150,,1,,,,,,,,,,,,,,,,,,,,,,,,,,,,,,,,,,,,,80x150,,,,,,,,,,,,1786453299,,,,,,,,,,,,80493,,,,,,,,,,,,,,,,,,,
39297,variation,56907243,,D-sign Rug 1D0430 White - 120x180,1,0,hidden,,D-sign Rug 1D0430 White 120x180 cm,,,taxable,parent,0,0,,0,0,,180,120,1.4,0,,,3204,,,,,,,56904780-H,,,,,,2,,,Size,120x180,,1,,,,,,,,,,,,,,,,,,,,,,,,,,,,,,,,,,,,,120x180,,,,,,,,,,,,,,,,,,,,,,,,80492,,,,,,,,,,,,,,,,,,,
39298,variation,56907231,,D-sign Rug 1D0430 White - 160x230,1,0,hidden,,D-sign Rug 1D0430 White 160x230 cm,,,taxable,parent,0,0,,0,0,,230,160,1.4,0,,,5268,,,,,,,56904780-H,,,,,,3,,,Size,160x230,,1,,,,,,,,,,,,,,,,,,,,,,,,,,,,,,,,,,,,,160x230,,,,,,,,,,,,,,,,,,,,,,,,80491,,,,,,,,,,,,,,,,,,,
39299,variation,56907237,,D-sign Rug 1D0430 White - 200x300,1,0,hidden,,D-sign Rug 1D0430 White 200x300 cm,,,taxable,parent,0,0,,0,0,,300,200,1.4,0,,,8180,,,,,,,56904780-H,,,,,,4,,,Size,200x300,,1,,,,,,,,,,,,,,,,,,,,,,,,,,,,,,,,,,,,,200x300,,,,,,,,,,,,,,,,,,,,,,,,80494,,,,,,,,,,,,,,,,,,,
39300,variation,56907230,,D-sign Rug 1D0430 White - 240x350,1,0,hidden,,D-sign Rug 1D0430 White 240x350 cm,,,taxable,parent,0,0,,0,0,,350,240,1.4,0,,,11380,,,,,,,56904780-H,,,,,,5,,,Size,240x350,,1,,,,,,,,,,,,,,,,,,,,,,,,,,,,,,,,,,,,,240x350,,,,,,,,,,,,,,,,,,,,,,,,80495,,,,,,,,,,,,,,,,,,,
39306,variation,56904775,,D-sign Rug 1D0431 White - 80x150,1,0,hidden,,D-sign Rug 1D0431 White 80x150 cm,,,taxable,parent,0,0,,0,0,,150,80,1.4,0,,,1940,,,,,,,56904775-H,,,,,,1,,,Size,80x150,,1,,,,,,,,,,,,,,,,,,,,,,,,,,,,,,,,,,,,,80x150,,,,,,,,,,,,1786453299,,,,,,,,,,,,80498,,,,,,,,,,,,,,,,,,,
39307,variation,56907234,,D-sign Rug 1D0431 White - 120x180,1,0,hidden,,D-sign Rug 1D0431 White 120x180 cm,,,taxable,parent,0,0,,0,0,,180,120,1.4,0,,,3204,,,,,,,56904775-H,,,,,,2,,,Size,120x180,,1,,,,,,,,,,,,,,,,,,,,,,,,,,,,,,,,,,,,,120x180,,,,,,,,,,,,1786453941,,,,,,,,,,,,80497,,,,,,,,,,,,,,,,,,,
39308,variation,56907236,,D-sign Rug 1D0431 White - 160x230,1,0,hidden,,D-sign Rug 1D0431 White 160x230 cm,,,taxable,parent,0,0,,0,0,,230,160,1.4,0,,,5268,,,,,,,56904775-H,,,,,,3,,,Size,160x230,,1,,,,,,,,,,,,,,,,,,,,,,,,,,,,,,,,,,,,,160x230,,,,,,,,,,,,1786453942,,,,,,,,,,,,80496,,,,,,,,,,,,,,,,,,,
39309,variation,56907235,,D-sign Rug 1D0431 White - 200x300,1,0,hidden,,D-sign Rug 1D0431 White 200x300 cm,,,taxable,parent,0,0,,0,0,,300,200,1.4,0,,,8180,,,,,,,56904775-H,,,,,,4,,,Size,200x300,,1,,,,,,,,,,,,,,,,,,,,,,,,,,,,,,,,,,,,,200x300,,,,,,,,,,,,1786453941,,,,,,,,,,,,80499,,,,,,,,,,,,,,,,,,,
39310,variation,56907238,,D-sign Rug 1D0431 White - 240x350,1,0,hidden,,D-sign Rug 1D0431 White 240x350 cm,,,taxable,parent,0,0,,0,0,,350,240,1.4,0,,,11380,,,,,,,56904775-H,,,,,,5,,,Size,240x350,,1,,,,,,,,,,,,,,,,,,,,,,,,,,,,,,,,,,,,,240x350,,,,,,,,,,,,1786453942,,,,,,,,,,,,80500,,,,,,,,,,,,,,,,,,,
39339,variation,56904788,,D-sign Rug 1D0434 Grey - 80x150,1,0,hidden,,D-sign Rug 1D0434 Grey 80x150 cm,,,taxable,parent,0,0,,0,0,,150,80,1.4,0,,,1940,,,,,,,56904788-H,,,,,,1,,,Size,80x150,,1,,,,,,,,,,,,,,,,,,,,,,,,,,,,,,,,,,,,,80x150,,,,,,,,,,,,1786453300,,,,,,,,,,,,80511,,,,,,,,,,,,,,,,,,,
39340,variation,56907248,,D-sign Rug 1D0434 Grey - 120x180,1,0,hidden,,D-sign Rug 1D0434 Grey 120x180 cm,,,taxable,parent,0,0,,0,0,,180,120,1.4,0,,,3204,,,,,,,56904788-H,,,,,,2,,,Size,120x180,,1,,,,,,,,,,,,,,,,,,,,,,,,,,,,,,,,,,,,,120x180,,,,,,,,,,,,,,,,,,,,,,,,80512,,,,,,,,,,,,,,,,,,,
39341,variation,56904792,,D-sign Rug 1D0434 Grey - 160x230,1,0,hidden,,D-sign Rug 1D0434 Grey 160x230 cm,,,taxable,parent,0,0,,0,0,,230,160,1.4,0,,,5268,,,,,,,56904788-H,,,,,,3,,,Size,160x230,,1,,,,,,,,,,,,,,,,,,,,,,,,,,,,,,,,,,,,,160x230,,,,,,,,,,,,1786453300,,,,,,,,,,,,80513,,,,,,,,,,,,,,,,,,,
39342,variation,56904793,,D-sign Rug 1D0434 Grey - 200x300,1,0,hidden,,D-sign Rug 1D0434 Grey 200x300 cm,,,taxable,parent,0,0,,0,0,,300,200,1.4,0,,,8180,,,,,,,56904788-H,,,,,,4,,,Size,200x300,,1,,,,,,,,,,,,,,,,,,,,,,,,,,,,,,,,,,,,,200x300,,,,,,,,,,,,,,,,,,,,,,,,80514,,,,,,,,,,,,,,,,,,,
39343,variation,56904794,,D-sign Rug 1D0434 Grey - 240x350,1,0,hidden,,D-sign Rug 1D0434 Grey 240x350 cm,,,taxable,parent,0,0,,0,0,,350,240,1.4,0,,,11380,,,,,,,56904788-H,,,,,,5,,,Size,240x350,,1,,,,,,,,,,,,,,,,,,,,,,,,,,,,,,,,,,,,,240x350,,,,,,,,,,,,1786453300,,,,,,,,,,,,80515,,,,,,,,,,,,,,,,,,,
39467,variable,56904828-H,,D-sign Rug 1D0394 Grey,1,0,hidden,D-sign Rug 1D0394 Grey ,D-sign Rug 1D0394 Grey ,,,taxable,,0,,,0,0,,,,,1,,,,"Rooms > Bedroom, Rooms > Living room, Rugs > Modern, Rugs",,,"https://rugshop.eu/wp-content/uploads/2021/10/carpet-acrylic-yazz-3766-grey-trellis.jpg, https://rugshop.eu/wp-content/uploads/2021/10/carpet-acrylic-yazz-3766-grey-trellis-1.jpg, https://rugshop.eu/wp-content/uploads/2021/10/carpet-acrylic-yazz-3766-grey-trellis-2.jpg, https://rugshop.eu/wp-content/uploads/2021/10/carpet-acrylic-yazz-3766-grey-trellis-3.jpg",,,,,,,,,824,,,Size,"133x190, 160x220, 200x290, 240x330, 80x150",1,1,Brand,D-sign,1,1,Color,Black-Grey,1,1,Type of color,Multicolor,1,1,Shape,Rectangular,1,1,Material,Acrylic,1,1,Type of rug,Modern,1,1,Weave,Machinemade,1,1,Age,New,1,1,,,,,,,,,,,,,,,,,1786453963,yes,yes,,,,,,,,,,,,,,,,,,,,,,,,,,,,,
39469,variable,56904833-H,,D-sign Rug 1D0440 White,1,0,hidden,D-sign Rug 1D0440 White ,D-sign Rug 1D0440 White ,,,taxable,,0,,,0,0,,,,,0,,,,"Rooms > Entrance & Corridor, Rooms > Kitchen, Rugs > Modern, Rugs, Rugs > Sisal",,,"https://rugshop.eu/wp-content/uploads/2021/10/carpet-flat-48644-690-sisal-stripes.jpg, https://rugshop.eu/wp-content/uploads/2021/10/carpet-flat-48644-690-sisal-stripes-1.jpg, https://rugshop.eu/wp-content/uploads/2021/10/carpet-flat-48644-690-sisal-stripes-2.jpg, https://rugshop.eu/wp-content/uploads/2021/10/carpet-flat-48644-690-sisal-stripes-3.jpg",,,,,,,,,870,,,Size,"120x170, 140x200, 160x230",1,1,Brand,D-sign,1,1,Color,White-Beige,1,1,Type of color,Multicolor,1,1,Shape,Rectangular,1,1,Material,Polypropen,1,1,Type of rug,"Modern, Sisal",1,1,Weave,Machinemade,1,1,Age,New,1,1,,,,,,,,,default,default,default,default,,,,,1786453968,yes,yes,,,,,,,,,classic-editor,,,,,,,,,,,,,,,,,,,,
39470,variable,56904834-H,,D-sign Rug 1D0441 Grey,1,0,hidden,D-sign Rug 1D0441 Grey ,D-sign Rug 1D0441 Grey ,,,taxable,,0,,,0,0,,,,,0,,,,"Rooms > Entrance & Corridor, Rooms > Kitchen, Rugs > Modern, Rugs, Rugs > Sisal",,,"https://rugshop.eu/wp-content/uploads/2021/10/carpet-flat-48644-637-sisal-stripes.jpg, https://rugshop.eu/wp-content/uploads/2021/10/carpet-flat-48644-637-sisal-stripes-1.jpg, https://rugshop.eu/wp-content/uploads/2021/10/carpet-flat-48644-637-sisal-stripes-2.jpg, https://rugshop.eu/wp-content/uploads/2021/10/carpet-flat-48644-637-sisal-stripes-3.jpg",,,,,,,,,871,,,Size,"120x170, 140x200, 160x230",1,1,Brand,D-sign,1,1,Color,Black-Grey,1,1,Type of color,Multicolor,1,1,Shape,Rectangular,1,1,Material,Polypropen,1,1,Type of rug,"Modern, Sisal",1,1,Weave,Machinemade,1,1,Age,New,1,1,,,,,,,,,default,default,default,default,,,,,1786453316,yes,yes,,,,,,,,,classic-editor,,,,,,,,,,,,,,,,,,,,
39491,variation,56904828,,D-sign Rug 1D0394 Grey - 80x150,1,0,hidden,,D-sign Rug 1D0394 Grey 80x150 cm,,,taxable,parent,0,0,,0,0,,150,80,1,0,,,1188,,,,,,,56904828-H,,,,,,1,,,Size,80x150,,1,,,,,,,,,,,,,,,,,,,,,,,,,,,,,,,,,,,,,80x150,,,,,,,,,,,,1786453300,,,,,,,,,,,,81419,,,,,,,,,,,,,,,,,,,
39492,variation,56907305,,D-sign Rug 1D0394 Grey - 133x190,1,0,hidden,,D-sign Rug 1D0394 Grey 133x190 cm,,,taxable,parent,0,0,,0,0,,190,133,1,0,,,2060,,,,,,,56904828-H,,,,,,2,,,Size,133x190,,1,,,,,,,,,,,,,,,,,,,,,,,,,,,,,,,,,,,,,133x190,,,,,,,,,,,,1786453945,,,,,,,,,,,,78168,,,,,,,,,,,,,,,,,,,
39493,variation,56907302,,D-sign Rug 1D0394 Grey - 160x220,1,0,hidden,,D-sign Rug 1D0394 Grey 160x220 cm,,,taxable,parent,0,0,,0,0,,220,160,1,0,,,2732,,,,,,,56904828-H,,,,,,3,,,Size,160x220,,1,,,,,,,,,,,,,,,,,,,,,,,,,,,,,,,,,,,,,160x220,,,,,,,,,,,,1786453944,,,,,,,,,,,,78169,,,,,,,,,,,,,,,,,,,
39494,variation,56907301,,D-sign Rug 1D0394 Grey - 200x290,1,0,hidden,,D-sign Rug 1D0394 Grey 200x290 cm,,,taxable,parent,0,0,,0,0,,290,200,1,0,,,4236,,,,,,,56904828-H,,,,,,4,,,Size,200x290,,1,,,,,,,,,,,,,,,,,,,,,,,,,,,,,,,,,,,,,200x290,,,,,,,,,,,,1786453944,,,,,,,,,,,,78170,,,,,,,,,,,,,,,,,,,
39495,variation,56904832,,D-sign Rug 1D0394 Grey - 240x330,1,0,hidden,,D-sign Rug 1D0394 Grey 240x330 cm,,,taxable,parent,0,0,,0,0,,330,240,1,0,,,5748,,,,,,,56904828-H,,,,,,5,,,Size,240x330,,1,,,,,,,,,,,,,,,,,,,,,,,,,,,,,,,,,,,,,240x330,,,,,,,,,,,,1786453301,,,,,,,,,,,,78171,,,,,,,,,,,,,,,,,,,
39514,variation,56904833,,D-sign Rug 1D0440 White - 120x170,1,0,hidden,,D-sign Rug 1D0440 White 120x170 cm,,,taxable,parent,0,0,,0,0,,170,120,0.6,0,,,1140,,,,,,,56904833-H,,,,,,1,,,Size,120x170,,1,,,,,,,,,,,,,,,,,,,,,,,,,,,,,,,,,,,,,120x170,,,,,,,,,,,,,,,,,,,,,,,,81716,,,,,,,,,,,,,,,,,,,
39515,variation,56907319,,D-sign Rug 1D0440 White - 140x200,1,0,hidden,,D-sign Rug 1D0440 White 140x200 cm,,,taxable,parent,0,0,,0,0,,200,140,0.6,0,,,1468,,,,,,,56904833-H,,,,,,2,,,Size,140x200,,1,,,,,,,,,,,,,,,,,,,,,,,,,,,,,,,,,,,,,140x200,,,,,,,,,,,,1786453945,,,,,,,,,,,,81717,,,,,,,,,,,,,,,,,,,
39516,variation,56907311,,D-sign Rug 1D0440 White - 160x230,1,0,hidden,,D-sign Rug 1D0440 White 160x230 cm,,,taxable,parent,0,0,,0,0,,230,160,0.6,0,,,1796,,,,,,,56904833-H,,,,,,3,,,Size,160x230,,1,,,,,,,,,,,,,,,,,,,,,,,,,,,,,,,,,,,,,160x230,,,,,,,,,,,,,,,,,,,,,,,,81718,,,,,,,,,,,,,,,,,,,
39522,variation,56904834,,D-sign Rug 1D0441 Grey - 120x170,1,0,hidden,,D-sign Rug 1D0441 Grey 120x170 cm,,,taxable,parent,0,0,,0,0,,170,120,0.6,0,,,1140,,,,,,,56904834-H,,,,,,1,,,Size,120x170,,1,,,,,,,,,,,,,,,,,,,,,,,,,,,,,,,,,,,,,120x170,,,,,,,,,,,,1786453301,,,,,,,,,,,,81724,,,,,,,,,,,,,,,,,,,
39523,variation,56904837,,D-sign Rug 1D0441 Grey - 140x200,1,0,hidden,,D-sign Rug 1D0441 Grey 140x200 cm,,,taxable,parent,0,0,,0,0,,200,140,0.6,0,,,1468,,,,,,,56904834-H,,,,,,2,,,Size,140x200,,1,,,,,,,,,,,,,,,,,,,,,,,,,,,,,,,,,,,,,140x200,,,,,,,,,,,,1786453301,,,,,,,,,,,,81725,,,,,,,,,,,,,,,,,,,
39524,variation,56904835,,D-sign Rug 1D0441 Grey - 160x230,1,0,hidden,,D-sign Rug 1D0441 Grey 160x230 cm,,,taxable,parent,0,0,,0,0,,230,160,0.6,0,,,1796,,,,,,,56904834-H,,,,,,3,,,Size,160x230,,1,,,,,,,,,,,,,,,,,,,,,,,,,,,,,,,,,,,,,160x230,,,,,,,,,,,,1786453301,,,,,,,,,,,,81726,,,,,,,,,,,,,,,,,,,
39699,variable,56904891-H,,D-sign Rug 1D0460 White,1,0,hidden,D-sign Rug 1D0460 White ,D-sign Rug 1D0460 White ,,,taxable,,0,,,0,0,,,,,1,,,,"Rooms > Bedroom, Rooms > Living room, Rugs > Modern, Rugs",,,"https://rugshop.eu/wp-content/uploads/2021/10/carpet-argent-w4949-flowers-cream.jpg, https://rugshop.eu/wp-content/uploads/2021/10/carpet-argent-w4949-flowers-cream-1.jpg, https://rugshop.eu/wp-content/uploads/2021/10/carpet-argent-w4949-flowers-cream-2.jpg, https://rugshop.eu/wp-content/uploads/2021/10/carpet-argent-w4949-flowers-cream-3.jpg",,,,,,,,,890,,,Size,"133x190, 160x220, 200x290, 240x330",1,1,Brand,D-sign,1,1,Color,White-Beige,1,1,Type of color,Multicolor,1,1,Shape,Rectangular,1,1,Material,Polypropen,1,1,Type of rug,Modern,1,1,Weave,Machinemade,1,1,Country,Turkey,1,1,Age,New,1,1,,,,,,,,,,,,,1786453980,yes,yes,,,,,,,,,,,,,,,,,,,,,,,,,,,,,
39700,variable,56904895-H,,D-sign Rug 1D0461 Beige,1,0,hidden,D-sign Rug 1D0461 Beige ,D-sign Rug 1D0461 Beige ,,,taxable,,0,,,0,0,,,,,1,,,,"Rooms > Bedroom, Rooms > Living room, Rugs > Modern, Rugs",,,"https://rugshop.eu/wp-content/uploads/2021/10/carpet-argent-w4809-diamonds-beige.jpg, https://rugshop.eu/wp-content/uploads/2021/10/carpet-argent-w4809-diamonds-beige-1.jpg, https://rugshop.eu/wp-content/uploads/2021/10/carpet-argent-w4809-diamonds-beige-2.jpg, https://rugshop.eu/wp-content/uploads/2021/10/carpet-argent-w4809-diamonds-beige-3.jpg",,,,,,,,,891,,,Size,"133x190, 160x220, 200x290, 240x330",1,1,Brand,D-sign,1,1,Color,White-Beige,1,1,Type of color,Multicolor,1,1,Shape,Rectangular,1,1,Material,Polypropen,1,1,Type of rug,Modern,1,1,Weave,Machinemade,1,1,Country,Turkey,1,1,Age,New,1,1,,,,,,,,,,,,,1786453982,yes,yes,,,,,,,,,,,,,,,,,,,,,,,,,,,,,
39741,variation,56904891,,D-sign Rug 1D0460 White - 133x190,1,0,hidden,,D-sign Rug 1D0460 White 133x190 cm,,,taxable,parent,0,0,,0,0,,190,133,1.3,0,,,1516,,,,,,,56904891-H,,,,,,1,,,Size,133x190,,1,,,,,,,,,,,,,,,,,,,,,,,,,,,,,,,,,,,,,133x190,,,,,,,,,,,,,,,,,,,,,,,,82209,,,,,,,,,,,,,,,,,,,
39742,variation,56907401,,D-sign Rug 1D0460 White - 160x220,1,0,hidden,,D-sign Rug 1D0460 White 160x220 cm,,,taxable,parent,0,0,,0,0,,220,160,1.3,0,,,1964,,,,,,,56904891-H,,,,,,2,,,Size,160x220,,1,,,,,,,,,,,,,,,,,,,,,,,,,,,,,,,,,,,,,160x220,,,,,,,,,,,,1786453949,,,,,,,,,,,,82210,,,,,,,,,,,,,,,,,,,
39743,variation,56907407,,D-sign Rug 1D0460 White - 200x290,1,0,hidden,,D-sign Rug 1D0460 White 200x290 cm,,,taxable,parent,0,0,,0,0,,290,200,1.3,0,,,2972,,,,,,,56904891-H,,,,,,3,,,Size,200x290,,1,,,,,,,,,,,,,,,,,,,,,,,,,,,,,,,,,,,,,200x290,,,,,,,,,,,,,,,,,,,,,,,,82211,,,,,,,,,,,,,,,,,,,
39744,variation,56904894,,D-sign Rug 1D0460 White - 240x330,1,0,hidden,,D-sign Rug 1D0460 White 240x330 cm,,,taxable,parent,0,0,,0,0,,330,240,1.3,0,,,4004,,,,,,,56904891-H,,,,,,4,,,Size,240x330,,1,,,,,,,,,,,,,,,,,,,,,,,,,,,,,,,,,,,,,240x330,,,,,,,,,,,,,,,,,,,,,,,,82212,,,,,,,,,,,,,,,,,,,
39750,variation,56904895,,D-sign Rug 1D0461 Beige - 133x190,1,0,hidden,,D-sign Rug 1D0461 Beige 133x190 cm,,,taxable,parent,0,0,,0,0,,190,133,1.3,0,,,1516,,,,,,,56904895-H,,,,,,1,,,Size,133x190,,1,,,,,,,,,,,,,,,,,,,,,,,,,,,,,,,,,,,,,133x190,,,,,,,,,,,,1786453302,,,,,,,,,,,,82217,,,,,,,,,,,,,,,,,,,
39751,variation,56907405,,D-sign Rug 1D0461 Beige - 160x220,1,0,hidden,,D-sign Rug 1D0461 Beige 160x220 cm,,,taxable,parent,0,0,,0,0,,220,160,1.3,0,,,1964,,,,,,,56904895-H,,,,,,2,,,Size,160x220,,1,,,,,,,,,,,,,,,,,,,,,,,,,,,,,,,,,,,,,160x220,,,,,,,,,,,,1786453950,,,,,,,,,,,,82218,,,,,,,,,,,,,,,,,,,
39752,variation,56907400,,D-sign Rug 1D0461 Beige - 200x290,1,0,hidden,,D-sign Rug 1D0461 Beige 200x290 cm,,,taxable,parent,0,0,,0,0,,290,200,1.3,0,,,2972,,,,,,,56904895-H,,,,,,3,,,Size,200x290,,1,,,,,,,,,,,,,,,,,,,,,,,,,,,,,,,,,,,,,200x290,,,,,,,,,,,,,,,,,,,,,,,,82219,,,,,,,,,,,,,,,,,,,
39753,variation,56907404,,D-sign Rug 1D0461 Beige - 240x330,1,0,hidden,,D-sign Rug 1D0461 Beige 240x330 cm,,,taxable,parent,0,0,,0,0,,330,240,1.3,0,,,4004,,,,,,,56904895-H,,,,,,4,,,Size,240x330,,1,,,,,,,,,,,,,,,,,,,,,,,,,,,,,,,,,,,,,240x330,,,,,,,,,,,,1786453950,,,,,,,,,,,,82220,,,,,,,,,,,,,,,,,,,
39768,variable,56904904-H,,D-sign Rug 1D0467 White,1,0,hidden,D-sign Rug 1D0467 White ,D-sign Rug 1D0467 White ,,,taxable,,0,,,0,0,,,,,1,,,,"Rooms > Bedroom, Rooms > Living room, Rugs > Modern, Rugs",,,"https://rugshop.eu/wp-content/uploads/2021/10/carpet-argent-w4937-diamonds-cream.jpg, https://rugshop.eu/wp-content/uploads/2021/10/carpet-argent-w4937-diamonds-cream-1.jpg, https://rugshop.eu/wp-content/uploads/2021/10/carpet-argent-w4937-diamonds-cream-2.jpg, https://rugshop.eu/wp-content/uploads/2021/10/carpet-argent-w4937-diamonds-cream-3.jpg",,,,,,,,,897,,,Size,"133x190, 160x220, 200x290, 240x330",1,1,Brand,D-sign,1,1,Color,White-Beige,1,1,Type of color,Multicolor,1,1,Shape,Rectangular,1,1,Material,Polypropen,1,1,Type of rug,Modern,1,1,Weave,Machinemade,1,1,Country,Turkey,1,1,Age,New,1,1,,,,,,,,,,,,,1786454002,yes,yes,,,,,,,,,,,,,,,,,,,,,,,,,,,,,
39807,variation,56904904,,D-sign Rug 1D0467 White - 133x190,1,0,hidden,,D-sign Rug 1D0467 White 133x190 cm,,,taxable,parent,0,0,,0,0,,190,133,1.3,0,,,1516,,,,,,,56904904-H,,,,,,1,,,Size,133x190,,1,,,,,,,,,,,,,,,,,,,,,,,,,,,,,,,,,,,,,133x190,,,,,,,,,,,,,,,,,,,,,,,,82253,,,,,,,,,,,,,,,,,,,
39808,variation,56907440,,D-sign Rug 1D0467 White - 160x220,1,0,hidden,,D-sign Rug 1D0467 White 160x220 cm,,,taxable,parent,0,0,,0,0,,220,160,1.3,0,,,1964,,,,,,,56904904-H,,,,,,2,,,Size,160x220,,1,,,,,,,,,,,,,,,,,,,,,,,,,,,,,,,,,,,,,160x220,,,,,,,,,,,,1786453993,,,,,,,,,,,,82254,,,,,,,,,,,,,,,,,,,
39809,variation,56907428,,D-sign Rug 1D0467 White - 200x290,1,0,hidden,,D-sign Rug 1D0467 White 200x290 cm,,,taxable,parent,0,0,,0,0,,290,200,1.3,0,,,2972,,,,,,,56904904-H,,,,,,3,,,Size,200x290,,1,,,,,,,,,,,,,,,,,,,,,,,,,,,,,,,,,,,,,200x290,,,,,,,,,,,,1786453991,,,,,,,,,,,,82255,,,,,,,,,,,,,,,,,,,
39810,variation,56907431,,D-sign Rug 1D0467 White - 240x330,1,0,hidden,,D-sign Rug 1D0467 White 240x330 cm,,,taxable,parent,0,0,,0,0,,330,240,1.3,0,,,4004,,,,,,,56904904-H,,,,,,4,,,Size,240x330,,1,,,,,,,,,,,,,,,,,,,,,,,,,,,,,,,,,,,,,240x330,,,,,,,,,,,,,,,,,,,,,,,,82256,,,,,,,,,,,,,,,,,,,
39954,variable,56905028-H,,D-sign Rug 1D0039 Purple,1,0,hidden,D-sign Rug 1D0039 Purple,D-sign Rug 1D0039 Purple,,,taxable,,0,,,0,0,,,,,0,,,,"Rooms > Kids, Rugs > Kids, Rugs",,,"https://rugshop.eu/wp-content/uploads/2021/10/carpet-pilly-7818-dora-purple-black.jpg, https://rugshop.eu/wp-content/uploads/2021/10/carpet-pilly-7818-dora-purple-black-1.jpg, https://rugshop.eu/wp-content/uploads/2021/10/carpet-pilly-7818-dora-purple-black-2.jpg",,,,,,,,,484,,,Size,"120x170, 140x190, 160x220, 200x290, 80x150",1,1,Brand,D-sign,1,1,Color,Pink-Purple,1,1,Type of color,Multicolor,1,1,Shape,Rectangular,1,1,Material,Polypropen,1,1,Type of rug,Modern,1,1,Weave,Machinemade,1,1,Country,Turkey,1,1,Age,New,1,1,,,,,default,default,default,default,,,,,1786454010,yes,yes,,,,,,,,,,,,,,,,,,,,,,,,,,,,,
39955,variable,56905030-H,,D-sign Rug 1D0040 Purple,1,0,hidden,D-sign Rug 1D0040 Purple,D-sign Rug 1D0040 Purple,,,taxable,,0,,,0,0,,,,,0,,,,"Rooms > Kids, Rugs > Kids, Rugs",,,"https://rugshop.eu/wp-content/uploads/2021/10/carpet-pilly-7935-purple.jpg, https://rugshop.eu/wp-content/uploads/2021/10/carpet-pilly-7935-purple-1.jpg, https://rugshop.eu/wp-content/uploads/2021/10/carpet-pilly-7935-purple-2.jpg",,,,,,,,,485,,,Size,"120x170, 140x190, 160x220, 80x150",1,1,Brand,D-sign,1,1,Color,Pink-Purple,1,1,Type of color,Multicolor,1,1,Shape,Rectangular,1,1,Material,Polypropen,1,1,Type of rug,Modern,1,1,Weave,Machinemade,1,1,Country,Turkey,1,1,Age,New,1,1,,,,,default,default,default,default,,,,,1786454011,yes,yes,,,,,,,,,,,,,,,,,,,,,,,,,,,,,
39956,variable,56905032-H,,D-sign Rug 1D0041 Green,1,0,hidden,D-sign Rug 1D0041 Green,D-sign Rug 1D0041 Green,,,taxable,,0,,,0,0,,,,,0,,,,"Rooms > Kids, Rugs > Kids, Rugs",,,"https://rugshop.eu/wp-content/uploads/2021/10/carpet-pilly-8366-grass.jpg, https://rugshop.eu/wp-content/uploads/2021/10/carpet-pilly-8366-grass-1.jpg, https://rugshop.eu/wp-content/uploads/2021/10/carpet-pilly-8366-grass-2.jpg, https://rugshop.eu/wp-content/uploads/2021/10/carpet-pilly-8366-grass-3.jpg",,,,,,,,,486,,,Size,"100x200, 120x170, 140x190, 160x220, 180x270, 200x290, 240x330, 280x370, 80x150",1,1,Brand,D-sign,1,1,Color,Green,1,1,Type of color,Multicolor,1,1,Shape,Rectangular,1,1,Material,Polypropen,1,1,Type of rug,Modern,1,1,Weave,Machinemade,1,1,Country,Turkey,1,1,Age,New,1,1,,,,,default,default,default,default,,,,,1786454013,yes,yes,,,,,,,,,,,,,,,,,,,,,,,,,,,,,
39957,variable,56905042-H,,D-sign Rug 1D0475 Beige,1,0,hidden,D-sign Rug 1D0475 Beige ,D-sign Rug 1D0475 Beige ,,,taxable,,0,,,0,0,,,,,0,,,,"Rooms > Entrance & Corridor, Rooms > Kitchen, Rugs > Modern, Rugs",,,"https://rugshop.eu/wp-content/uploads/2021/10/carpet-sizal-floorlux-20389-taupe-champagne-melange.jpg, https://rugshop.eu/wp-content/uploads/2021/10/carpet-sizal-floorlux-20389-taupe-champagne-melange-1.jpg, https://rugshop.eu/wp-content/uploads/2021/10/carpet-sizal-floorlux-20389-taupe-champagne-melange-2.jpg, https://rugshop.eu/wp-content/uploads/2021/10/carpet-sizal-floorlux-20389-taupe-champagne-melange-3.jpg",,,,,,,,,903,,,Size,"120x170, 140x200, 160x230, 200x290, 240x330, 60x110, 80x150",1,1,Brand,D-sign,1,1,Color,White-Beige,1,1,Type of color,Multicolor,1,1,Shape,Rectangular,1,1,Material,Polypropen,1,1,Type of rug,Modern,1,1,Weave,Machinemade,1,1,Country,Belgium,1,1,Age,New,1,1,,,,,default,default,default,default,,,,,1786454033,yes,yes,,,,,,,,,classic-editor,,,,,,,,,,,,,,,,,,,,
39966,variation,56905028,,D-sign Rug 1D0039 Purple - 80x150,1,0,hidden,,D-sign Rug 1D0039 Purple 80x150 cm,,,taxable,parent,0,0,,0,0,,150,80,1.2,0,,,764,,,,,,,56905028-H,,,,,,1,,,Size,80x150,,1,,,,,,,,,,,,,,,,,,,,,,,,,,,,,,,,,,,,,80x150,,,,,,,,,,,,,,,,,,,,,,,,82710,,,,,,,,,,,,,,,,,,,
39967,variation,56907480,,D-sign Rug 1D0039 Purple - 120x170,1,0,hidden,,D-sign Rug 1D0039 Purple 120x170 cm,,,taxable,parent,0,0,,0,0,,170,120,1.2,0,,,996,,,,,,,56905028-H,,,,,,2,,,Size,120x170,,1,,,,,,,,,,,,,,,,,,,,,,,,,,,,,,,,,,,,,120x170,,,,,,,,,,,,,,,,,,,,,,,,82712,,,,,,,,,,,,,,,,,,,
39968,variation,56907476,,D-sign Rug 1D0039 Purple - 140x190,1,0,hidden,,D-sign Rug 1D0039 Purple 140x190 cm,,,taxable,parent,0,0,,0,0,,190,140,1.2,0,,,1188,,,,,,,56905028-H,,,,,,3,,,Size,140x190,,1,,,,,,,,,,,,,,,,,,,,,,,,,,,,,,,,,,,,,140x190,,,,,,,,,,,,,,,,,,,,,,,,82713,,,,,,,,,,,,,,,,,,,
39969,variation,56907478,,D-sign Rug 1D0039 Purple - 160x220,1,0,hidden,,D-sign Rug 1D0039 Purple 160x220 cm,,,taxable,parent,0,0,,0,0,,220,160,1.2,0,,,1468,,,,,,,56905028-H,,,,,,4,,,Size,160x220,,1,,,,,,,,,,,,,,,,,,,,,,,,,,,,,,,,,,,,,160x220,,,,,,,,,,,,1786453994,,,,,,,,,,,,82714,,,,,,,,,,,,,,,,,,,
39970,variation,56907475,,D-sign Rug 1D0039 Purple - 200x290,1,0,hidden,,D-sign Rug 1D0039 Purple 200x290 cm,,,taxable,parent,0,0,,0,0,,290,200,1.2,0,,,2316,,,,,,,56905028-H,,,,,,5,,,Size,200x290,,1,,,,,,,,,,,,,,,,,,,,,,,,,,,,,,,,,,,,,200x290,,,,,,,,,,,,,,,,,,,,,,,,82716,,,,,,,,,,,,,,,,,,,
39975,variation,56905030,,D-sign Rug 1D0040 Purple - 80x150,1,0,hidden,,D-sign Rug 1D0040 Purple 80x150 cm,,,taxable,parent,0,0,,0,0,,150,80,1.2,0,,,764,,,,,,,56905030-H,,,,,,1,,,Size,80x150,,1,,,,,,,,,,,,,,,,,,,,,,,,,,,,,,,,,,,,,80x150,,,,,,,,,,,,,,,,,,,,,,,,82720,,,,,,,,,,,,,,,,,,,
39976,variation,56907479,,D-sign Rug 1D0040 Purple - 120x170,1,0,hidden,,D-sign Rug 1D0040 Purple 120x170 cm,,,taxable,parent,0,0,,0,0,,170,120,1.2,0,,,996,,,,,,,56905030-H,,,,,,2,,,Size,120x170,,1,,,,,,,,,,,,,,,,,,,,,,,,,,,,,,,,,,,,,120x170,,,,,,,,,,,,1786453994,,,,,,,,,,,,82722,,,,,,,,,,,,,,,,,,,
39977,variation,56907482,,D-sign Rug 1D0040 Purple - 140x190,1,0,hidden,,D-sign Rug 1D0040 Purple 140x190 cm,,,taxable,parent,0,0,,0,0,,190,140,1.2,0,,,1188,,,,,,,56905030-H,,,,,,3,,,Size,140x190,,1,,,,,,,,,,,,,,,,,,,,,,,,,,,,,,,,,,,,,140x190,,,,,,,,,,,,1786453995,,,,,,,,,,,,82723,,,,,,,,,,,,,,,,,,,
39978,variation,56905033,,D-sign Rug 1D0040 Purple - 160x220,1,0,hidden,,D-sign Rug 1D0040 Purple 160x220 cm,,,taxable,parent,0,0,,0,0,,220,160,1.2,0,,,1468,,,,,,,56905030-H,,,,,,4,,,Size,160x220,,1,,,,,,,,,,,,,,,,,,,,,,,,,,,,,,,,,,,,,160x220,,,,,,,,,,,,1786453302,,,,,,,,,,,,82724,,,,,,,,,,,,,,,,,,,
39984,variable,56905041-H,,D-sign Rug 1D0476 Grey,1,0,hidden,D-sign Rug 1D0476 Grey ,D-sign Rug 1D0476 Grey ,,,taxable,,0,,,0,0,,,,,0,,,,"Rooms > Entrance & Corridor, Rooms > Kitchen, Rugs > Modern, Rugs",,,"https://rugshop.eu/wp-content/uploads/2021/10/carpet-sizal-floorlux-20340-silver-black-zigzag.jpg, https://rugshop.eu/wp-content/uploads/2021/10/carpet-sizal-floorlux-20340-silver-black-zigzag-1.jpg, https://rugshop.eu/wp-content/uploads/2021/10/carpet-sizal-floorlux-20340-silver-black-zigzag-2.jpg, https://rugshop.eu/wp-content/uploads/2021/10/carpet-sizal-floorlux-20340-silver-black-zigzag-3.jpg",,,,,,,,,904,,,Size,"120x170, 140x200, 160x230, 200x290, 240x330, 60x110, 80x150",1,1,Brand,D-sign,1,1,Color,Black-Grey,1,1,Type of color,Multicolor,1,1,Shape,Rectangular,1,1,Material,Polypropen,1,1,Type of rug,Modern,1,1,Weave,Machinemade,1,1,Country,Belgium,1,1,Age,New,1,1,,,,,default,default,default,default,,,,,1786454029,yes,yes,,,,,,,,,classic-editor,,,,,,,,,,,,,,,,,,,,
39985,variable,56905039-H,,D-sign Rug 1D0477 Grey,1,0,hidden,D-sign Rug 1D0477 Grey ,D-sign Rug 1D0477 Grey ,,,taxable,,0,,,0,0,,,,,0,,,,"Rooms > Entrance & Corridor, Rooms > Kitchen, Rugs > Modern, Rugs",,,"https://rugshop.eu/wp-content/uploads/2021/10/carpet-sizal-floorlux-20389-silver-black-melange.jpg, https://rugshop.eu/wp-content/uploads/2021/10/carpet-sizal-floorlux-20389-silver-black-melange-1.jpg, https://rugshop.eu/wp-content/uploads/2021/10/carpet-sizal-floorlux-20389-silver-black-melange-2.jpg, https://rugshop.eu/wp-content/uploads/2021/10/carpet-sizal-floorlux-20389-silver-black-melange-3.jpg",,,,,,,,,905,,,Size,"120x170, 140x200, 160x230, 200x290, 240x330, 60x110, 80x150",1,1,Brand,D-sign,1,1,Color,Black-Grey,1,1,Type of color,Multicolor,1,1,Shape,Rectangular,1,1,Material,Polypropen,1,1,Type of rug,Modern,1,1,Weave,Machinemade,1,1,Country,Belgium,1,1,Age,New,1,1,,,,,default,default,default,default,,,,,1786454035,yes,yes,,,,,,,,,classic-editor,,,,,,,,,,,,,,,,,,,,
39986,variation,56905032,,D-sign Rug 1D0041 Green - 80x150,1,0,hidden,,D-sign Rug 1D0041 Green 80x150 cm,,,taxable,parent,0,0,,0,0,,150,80,1.2,0,,,860,,,,,,,56905032-H,,,,,,1,,,Size,80x150,,1,,,,,,,,,,,,,,,,,,,,,,,,,,,,,,,,,,,,,80x150,,,,,,,,,,,,,,,,,,,,,,,,82730,,,,,,,,,,,,,,,,,,,
39987,variation,56907498,,D-sign Rug 1D0041 Green - 100x200,1,0,hidden,,D-sign Rug 1D0041 Green 100x200 cm,,,taxable,parent,0,0,,0,0,,200,100,1.2,0,,,1236,,,,,,,56905032-H,,,,,,2,,,Size,100x200,,1,,,,,,,,,,,,,,,,,,,,,,,,,,,,,,,,,,,,,100x200,,,,,,,,,,,,,,,,,,,,,,,,82731,,,,,,,,,,,,,,,,,,,
39988,variation,56907497,,D-sign Rug 1D0041 Green - 120x170,1,0,hidden,,D-sign Rug 1D0041 Green 120x170 cm,,,taxable,parent,0,0,,0,0,,170,120,1.2,0,,,1236,,,,,,,56905032-H,,,,,,3,,,Size,120x170,,1,,,,,,,,,,,,,,,,,,,,,,,,,,,,,,,,,,,,,120x170,,,,,,,,,,,,,,,,,,,,,,,,82732,,,,,,,,,,,,,,,,,,,
39989,variation,56907504,,D-sign Rug 1D0041 Green - 140x190,1,0,hidden,,D-sign Rug 1D0041 Green 140x190 cm,,,taxable,parent,0,0,,0,0,,190,140,1.2,0,,,1468,,,,,,,56905032-H,,,,,,4,,,Size,140x190,,1,,,,,,,,,,,,,,,,,,,,,,,,,,,,,,,,,,,,,140x190,,,,,,,,,,,,1786453998,,,,,,,,,,,,82733,,,,,,,,,,,,,,,,,,,
39990,variation,56907481,,D-sign Rug 1D0041 Green - 160x220,1,0,hidden,,D-sign Rug 1D0041 Green 160x220 cm,,,taxable,parent,0,0,,0,0,,220,160,1.2,0,,,1796,,,,,,,56905032-H,,,,,,5,,,Size,160x220,,1,,,,,,,,,,,,,,,,,,,,,,,,,,,,,,,,,,,,,160x220,,,,,,,,,,,,1786453995,,,,,,,,,,,,82734,,,,,,,,,,,,,,,,,,,
39991,variation,56907483,,D-sign Rug 1D0041 Green - 180x270,1,0,hidden,,D-sign Rug 1D0041 Green 180x270 cm,,,taxable,parent,0,0,,0,0,,270,180,1.2,0,,,2356,,,,,,,56905032-H,,,,,,6,,,Size,180x270,,1,,,,,,,,,,,,,,,,,,,,,,,,,,,,,,,,,,,,,180x270,,,,,,,,,,,,1786453995,,,,,,,,,,,,82735,,,,,,,,,,,,,,,,,,,
39992,variation,56907484,,D-sign Rug 1D0041 Green - 200x290,1,0,hidden,,D-sign Rug 1D0041 Green 200x290 cm,,,taxable,parent,0,0,,0,0,,290,200,1.2,0,,,2836,,,,,,,56905032-H,,,,,,7,,,Size,200x290,,1,,,,,,,,,,,,,,,,,,,,,,,,,,,,,,,,,,,,,200x290,,,,,,,,,,,,,,,,,,,,,,,,82736,,,,,,,,,,,,,,,,,,,
39993,variation,56907505,,D-sign Rug 1D0041 Green - 240x330,1,0,hidden,,D-sign Rug 1D0041 Green 240x330 cm,,,taxable,parent,0,0,,0,0,,330,240,1.2,0,,,4124,,,,,,,56905032-H,,,,,,8,,,Size,240x330,,1,,,,,,,,,,,,,,,,,,,,,,,,,,,,,,,,,,,,,240x330,,,,,,,,,,,,1786453998,,,,,,,,,,,,82737,,,,,,,,,,,,,,,,,,,
39994,variation,56907499,,D-sign Rug 1D0041 Green - 280x370,1,0,hidden,,D-sign Rug 1D0041 Green 280x370 cm,,,taxable,parent,0,0,,0,0,,370,280,1.2,0,,,5116,,,,,,,56905032-H,,,,,,9,,,Size,280x370,,1,,,,,,,,,,,,,,,,,,,,,,,,,,,,,,,,,,,,,280x370,,,,,,,,,,,,,,,,,,,,,,,,82738,,,,,,,,,,,,,,,,,,,
40000,variation,56905042,,D-sign Rug 1D0475 Beige - 60x110,1,0,hidden,,D-sign Rug 1D0475 Beige 60x110 cm,,,taxable,parent,0,0,,0,0,,110,60,0.6,0,,,604,,,,,,,56905042-H,,,,,,1,,,Size,60x110,,1,,,,,,,,,,,,,,,,,,,,,,,,,,,,,,,,,,,,,60x110,,,,,,,,,,,,1786453303,,,,,,,,,,,,83040,,,,,,,,,,,,,,,,,,,
40001,variation,56907533,,D-sign Rug 1D0475 Beige - 80x150,1,0,hidden,,D-sign Rug 1D0475 Beige 80x150 cm,,,taxable,parent,0,0,,0,0,,150,80,0.6,0,,,764,,,,,,,56905042-H,,,,,,2,,,Size,80x150,,1,,,,,,,,,,,,,,,,,,,,,,,,,,,,,,,,,,,,,80x150,,,,,,,,,,,,1786454025,,,,,,,,,,,,83041,,,,,,,,,,,,,,,,,,,
40002,variation,56907531,,D-sign Rug 1D0475 Beige - 120x170,1,0,hidden,,D-sign Rug 1D0475 Beige 120x170 cm,,,taxable,parent,0,0,,0,0,,170,120,0.6,0,,,996,,,,,,,56905042-H,,,,,,3,,,Size,120x170,,1,,,,,,,,,,,,,,,,,,,,,,,,,,,,,,,,,,,,,120x170,,,,,,,,,,,,1786454025,,,,,,,,,,,,83042,,,,,,,,,,,,,,,,,,,
40003,variation,56907530,,D-sign Rug 1D0475 Beige - 140x200,1,0,hidden,,D-sign Rug 1D0475 Beige 140x200 cm,,,taxable,parent,0,0,,0,0,,200,140,0.6,0,,,1236,,,,,,,56905042-H,,,,,,4,,,Size,140x200,,1,,,,,,,,,,,,,,,,,,,,,,,,,,,,,,,,,,,,,140x200,,,,,,,,,,,,1786454025,,,,,,,,,,,,83043,,,,,,,,,,,,,,,,,,,
40004,variation,56907532,,D-sign Rug 1D0475 Beige - 160x230,1,0,hidden,,D-sign Rug 1D0475 Beige 160x230 cm,,,taxable,parent,0,0,,0,0,,230,160,0.6,0,,,1516,,,,,,,56905042-H,,,,,,5,,,Size,160x230,,1,,,,,,,,,,,,,,,,,,,,,,,,,,,,,,,,,,,,,160x230,,,,,,,,,,,,1786454025,,,,,,,,,,,,83044,,,,,,,,,,,,,,,,,,,
40005,variation,56907534,,D-sign Rug 1D0475 Beige - 200x290,1,0,hidden,,D-sign Rug 1D0475 Beige 200x290 cm,,,taxable,parent,0,0,,0,0,,290,200,0.6,0,,,2172,,,,,,,56905042-H,,,,,,6,,,Size,200x290,,1,,,,,,,,,,,,,,,,,,,,,,,,,,,,,,,,,,,,,200x290,,,,,,,,,,,,,,,,,,,,,,,,83045,,,,,,,,,,,,,,,,,,,
40006,variation,56907526,,D-sign Rug 1D0475 Beige - 240x330,1,0,hidden,,D-sign Rug 1D0475 Beige 240x330 cm,,,taxable,parent,0,0,,0,0,,330,240,0.6,0,,,2924,,,,,,,56905042-H,,,,,,7,,,Size,240x330,,1,,,,,,,,,,,,,,,,,,,,,,,,,,,,,,,,,,,,,240x330,,,,,,,,,,,,1786454024,,,,,,,,,,,,83046,,,,,,,,,,,,,,,,,,,
40012,variation,56905041,,D-sign Rug 1D0476 Grey - 60x110,1,0,hidden,,D-sign Rug 1D0476 Grey 60x110 cm,,,taxable,parent,0,0,,0,0,,110,60,0.6,0,,,604,,,,,,,56905041-H,,,,,,1,,,Size,60x110,,1,,,,,,,,,,,,,,,,,,,,,,,,,,,,,,,,,,,,,60x110,,,,,,,,,,,,1786453303,,,,,,,,,,,,83054,,,,,,,,,,,,,,,,,,,
40013,variation,56907529,,D-sign Rug 1D0476 Grey - 80x150,1,0,hidden,,D-sign Rug 1D0476 Grey 80x150 cm,,,taxable,parent,0,0,,0,0,,150,80,0.6,0,,,764,,,,,,,56905041-H,,,,,,2,,,Size,80x150,,1,,,,,,,,,,,,,,,,,,,,,,,,,,,,,,,,,,,,,80x150,,,,,,,,,,,,1786454024,,,,,,,,,,,,83055,,,,,,,,,,,,,,,,,,,
40014,variation,56907528,,D-sign Rug 1D0476 Grey - 120x170,1,0,hidden,,D-sign Rug 1D0476 Grey 120x170 cm,,,taxable,parent,0,0,,0,0,,170,120,0.6,0,,,996,,,,,,,56905041-H,,,,,,3,,,Size,120x170,,1,,,,,,,,,,,,,,,,,,,,,,,,,,,,,,,,,,,,,120x170,,,,,,,,,,,,1786454024,,,,,,,,,,,,83056,,,,,,,,,,,,,,,,,,,
40015,variation,56907516,,D-sign Rug 1D0476 Grey - 140x200,1,0,hidden,,D-sign Rug 1D0476 Grey 140x200 cm,,,taxable,parent,0,0,,0,0,,200,140,0.6,0,,,1236,,,,,,,56905041-H,,,,,,4,,,Size,140x200,,1,,,,,,,,,,,,,,,,,,,,,,,,,,,,,,,,,,,,,140x200,,,,,,,,,,,,1786454020,,,,,,,,,,,,83057,,,,,,,,,,,,,,,,,,,
40016,variation,56907527,,D-sign Rug 1D0476 Grey - 160x230,1,0,hidden,,D-sign Rug 1D0476 Grey 160x230 cm,,,taxable,parent,0,0,,0,0,,230,160,0.6,0,,,1516,,,,,,,56905041-H,,,,,,5,,,Size,160x230,,1,,,,,,,,,,,,,,,,,,,,,,,,,,,,,,,,,,,,,160x230,,,,,,,,,,,,1786454024,,,,,,,,,,,,83058,,,,,,,,,,,,,,,,,,,
40017,variation,56907517,,D-sign Rug 1D0476 Grey - 200x290,1,0,hidden,,D-sign Rug 1D0476 Grey 200x290 cm,,,taxable,parent,0,0,,0,0,,290,200,0.6,0,,,2172,,,,,,,56905041-H,,,,,,6,,,Size,200x290,,1,,,,,,,,,,,,,,,,,,,,,,,,,,,,,,,,,,,,,200x290,,,,,,,,,,,,1786454021,,,,,,,,,,,,83059,,,,,,,,,,,,,,,,,,,
40018,variation,56907512,,D-sign Rug 1D0476 Grey - 240x330,1,0,hidden,,D-sign Rug 1D0476 Grey 240x330 cm,,,taxable,parent,0,0,,0,0,,330,240,0.6,0,,,2924,,,,,,,56905041-H,,,,,,7,,,Size,240x330,,1,,,,,,,,,,,,,,,,,,,,,,,,,,,,,,,,,,,,,240x330,,,,,,,,,,,,1786453999,,,,,,,,,,,,83060,,,,,,,,,,,,,,,,,,,
40024,variable,56905035-H,,D-sign Rug 1D0478 Grey,1,0,hidden,D-sign Rug 1D0478 Grey ,D-sign Rug 1D0478 Grey ,,,taxable,,0,,,0,0,,,,,0,,,,"Rooms > Entrance & Corridor, Rooms > Kitchen, Rugs > Modern, Rugs",,,"https://rugshop.eu/wp-content/uploads/2021/10/carpet-sizal-floorlux-20489-silver-black-triangles.jpg, https://rugshop.eu/wp-content/uploads/2021/10/carpet-sizal-floorlux-20489-silver-black-triangles-1.jpg, https://rugshop.eu/wp-content/uploads/2021/10/carpet-sizal-floorlux-20489-silver-black-triangles-2.jpg, https://rugshop.eu/wp-content/uploads/2021/10/carpet-sizal-floorlux-20489-silver-black-triangles-3.jpg",,,,,,,,,906,,,Size,"120x170, 140x200, 160x230, 200x290, 240x330, 60x110, 80x150",1,1,Brand,D-sign,1,1,Color,Black-Grey,1,1,Type of color,Multicolor,1,1,Shape,Rectangular,1,1,Material,Polypropen,1,1,Type of rug,Modern,1,1,Weave,Machinemade,1,1,Country,Belgium,1,1,Age,New,1,1,,,,,default,default,default,default,,,,,1786454028,yes,yes,,,,,,,,,classic-editor,,,,,,,,,,,,,,,,,,,,
40025,variable,56905036-H,,D-sign Rug 1D0479 Beige,1,0,hidden,D-sign Rug 1D0479 Beige ,D-sign Rug 1D0479 Beige ,,,taxable,,0,,,0,0,,,,,0,,,,"Rooms > Entrance & Corridor, Rooms > Kitchen, Rugs > Modern, Rugs",,,"https://rugshop.eu/wp-content/uploads/2021/10/carpet-sizal-floorlux-20489-champagne-taupe-triangles.jpg, https://rugshop.eu/wp-content/uploads/2021/10/carpet-sizal-floorlux-20489-champagne-taupe-triangles-1.jpg, https://rugshop.eu/wp-content/uploads/2021/10/carpet-sizal-floorlux-20489-champagne-taupe-triangles-2.jpg, https://rugshop.eu/wp-content/uploads/2021/10/carpet-sizal-floorlux-20489-champagne-taupe-triangles-3.jpg",,,,,,,,,907,,,Size,"120x170, 140x200, 160x230, 200x290, 240x330, 60x110, 80x150",1,1,Brand,D-sign,1,1,Color,White-Beige,1,1,Type of color,Multicolor,1,1,Shape,Rectangular,1,1,Material,Polypropen,1,1,Type of rug,Modern,1,1,Weave,Machinemade,1,1,Country,Belgium,1,1,Age,New,1,1,,,,,default,default,default,default,,,,,1786454016,yes,yes,,,,,,,,,classic-editor,,,,,,,,,,,,,,,,,,,,
40026,variable,56905047-H,,D-sign Rug 1D0480 Grey,1,0,hidden,D-sign Rug 1D0480 Grey ,D-sign Rug 1D0480 Grey ,,,taxable,,0,,,0,0,,,,,0,,,,"Rooms > Entrance & Corridor, Rooms > Kitchen, Rugs > Modern, Rugs",,,"https://rugshop.eu/wp-content/uploads/2021/10/carpet-sizal-floorlux-20508-silver-black-triangles.jpg, https://rugshop.eu/wp-content/uploads/2021/10/carpet-sizal-floorlux-20508-silver-black-triangles-1.jpg, https://rugshop.eu/wp-content/uploads/2021/10/carpet-sizal-floorlux-20508-silver-black-triangles-2.jpg, https://rugshop.eu/wp-content/uploads/2021/10/carpet-sizal-floorlux-20508-silver-black-triangles-3.jpg",,,,,,,,,908,,,Size,"120x170, 140x200, 160x230, 200x290, 240x330, 60x110, 80x150",1,1,Brand,D-sign,1,1,Color,Black-Grey,1,1,Type of color,Multicolor,1,1,Shape,Rectangular,1,1,Material,Polypropen,1,1,Type of rug,Modern,1,1,Weave,Machinemade,1,1,Country,Belgium,1,1,Age,New,1,1,,,,,default,default,default,default,,,,,1786454038,yes,yes,,,,,,,,,classic-editor,,,,,,,,,,,,,,,,,,,,
40027,variation,56905039,,D-sign Rug 1D0477 Grey - 60x110,1,0,hidden,,D-sign Rug 1D0477 Grey 60x110 cm,,,taxable,parent,0,0,,0,0,,110,60,0.6,0,,,604,,,,,,,56905039-H,,,,,,1,,,Size,60x110,,1,,,,,,,,,,,,,,,,,,,,,,,,,,,,,,,,,,,,,60x110,,,,,,,,,,,,1786453303,,,,,,,,,,,,83069,,,,,,,,,,,,,,,,,,,
40028,variation,56907509,,D-sign Rug 1D0477 Grey - 80x150,1,0,hidden,,D-sign Rug 1D0477 Grey 80x150 cm,,,taxable,parent,0,0,,0,0,,150,80,0.6,0,,,764,,,,,,,56905039-H,,,,,,2,,,Size,80x150,,1,,,,,,,,,,,,,,,,,,,,,,,,,,,,,,,,,,,,,80x150,,,,,,,,,,,,,,,,,,,,,,,,83070,,,,,,,,,,,,,,,,,,,
40029,variation,56907514,,D-sign Rug 1D0477 Grey - 120x170,1,0,hidden,,D-sign Rug 1D0477 Grey 120x170 cm,,,taxable,parent,0,0,,0,0,,170,120,0.6,0,,,996,,,,,,,56905039-H,,,,,,3,,,Size,120x170,,1,,,,,,,,,,,,,,,,,,,,,,,,,,,,,,,,,,,,,120x170,,,,,,,,,,,,,,,,,,,,,,,,83071,,,,,,,,,,,,,,,,,,,
40030,variation,56907535,,D-sign Rug 1D0477 Grey - 140x200,1,0,hidden,,D-sign Rug 1D0477 Grey 140x200 cm,,,taxable,parent,0,0,,0,0,,200,140,0.6,0,,,1236,,,,,,,56905039-H,,,,,,4,,,Size,140x200,,1,,,,,,,,,,,,,,,,,,,,,,,,,,,,,,,,,,,,,140x200,,,,,,,,,,,,1786454025,,,,,,,,,,,,83072,,,,,,,,,,,,,,,,,,,
40031,variation,56907511,,D-sign Rug 1D0477 Grey - 160x230,1,0,hidden,,D-sign Rug 1D0477 Grey 160x230 cm,,,taxable,parent,0,0,,0,0,,230,160,0.6,0,,,1516,,,,,,,56905039-H,,,,,,5,,,Size,160x230,,1,,,,,,,,,,,,,,,,,,,,,,,,,,,,,,,,,,,,,160x230,,,,,,,,,,,,,,,,,,,,,,,,83073,,,,,,,,,,,,,,,,,,,
40032,variation,56907515,,D-sign Rug 1D0477 Grey - 200x290,1,0,hidden,,D-sign Rug 1D0477 Grey 200x290 cm,,,taxable,parent,0,0,,0,0,,290,200,0.6,0,,,2172,,,,,,,56905039-H,,,,,,6,,,Size,200x290,,1,,,,,,,,,,,,,,,,,,,,,,,,,,,,,,,,,,,,,200x290,,,,,,,,,,,,,,,,,,,,,,,,83074,,,,,,,,,,,,,,,,,,,
40033,variation,56907506,,D-sign Rug 1D0477 Grey - 240x330,1,0,hidden,,D-sign Rug 1D0477 Grey 240x330 cm,,,taxable,parent,0,0,,0,0,,330,240,0.6,0,,,2924,,,,,,,56905039-H,,,,,,7,,,Size,240x330,,1,,,,,,,,,,,,,,,,,,,,,,,,,,,,,,,,,,,,,240x330,,,,,,,,,,,,,,,,,,,,,,,,83075,,,,,,,,,,,,,,,,,,,
40039,variation,56905035,,D-sign Rug 1D0478 Grey - 60x110,1,0,hidden,,D-sign Rug 1D0478 Grey 60x110 cm,,,taxable,parent,0,0,,0,0,,110,60,0.6,0,,,604,,,,,,,56905035-H,,,,,,1,,,Size,60x110,,1,,,,,,,,,,,,,,,,,,,,,,,,,,,,,,,,,,,,,60x110,,,,,,,,,,,,1786453302,,,,,,,,,,,,83076,,,,,,,,,,,,,,,,,,,
40040,variation,56907513,,D-sign Rug 1D0478 Grey - 80x150,1,0,hidden,,D-sign Rug 1D0478 Grey 80x150 cm,,,taxable,parent,0,0,,0,0,,150,80,0.6,0,,,764,,,,,,,56905035-H,,,,,,2,,,Size,80x150,,1,,,,,,,,,,,,,,,,,,,,,,,,,,,,,,,,,,,,,80x150,,,,,,,,,,,,1786454020,,,,,,,,,,,,83077,,,,,,,,,,,,,,,,,,,
40041,variation,56907501,,D-sign Rug 1D0478 Grey - 120x170,1,0,hidden,,D-sign Rug 1D0478 Grey 120x170 cm,,,taxable,parent,0,0,,0,0,,170,120,0.6,0,,,996,,,,,,,56905035-H,,,,,,3,,,Size,120x170,,1,,,,,,,,,,,,,,,,,,,,,,,,,,,,,,,,,,,,,120x170,,,,,,,,,,,,1786453997,,,,,,,,,,,,83078,,,,,,,,,,,,,,,,,,,
40042,variation,56907500,,D-sign Rug 1D0478 Grey - 140x200,1,0,hidden,,D-sign Rug 1D0478 Grey 140x200 cm,,,taxable,parent,0,0,,0,0,,200,140,0.6,0,,,1236,,,,,,,56905035-H,,,,,,4,,,Size,140x200,,1,,,,,,,,,,,,,,,,,,,,,,,,,,,,,,,,,,,,,140x200,,,,,,,,,,,,1786453997,,,,,,,,,,,,83079,,,,,,,,,,,,,,,,,,,
40043,variation,56907510,,D-sign Rug 1D0478 Grey - 160x230,1,0,hidden,,D-sign Rug 1D0478 Grey 160x230 cm,,,taxable,parent,0,0,,0,0,,230,160,0.6,0,,,1516,,,,,,,56905035-H,,,,,,5,,,Size,160x230,,1,,,,,,,,,,,,,,,,,,,,,,,,,,,,,,,,,,,,,160x230,,,,,,,,,,,,1786453999,,,,,,,,,,,,83080,,,,,,,,,,,,,,,,,,,
40044,variation,56907503,,D-sign Rug 1D0478 Grey - 200x290,1,0,hidden,,D-sign Rug 1D0478 Grey 200x290 cm,,,taxable,parent,0,0,,0,0,,290,200,0.6,0,,,2172,,,,,,,56905035-H,,,,,,6,,,Size,200x290,,1,,,,,,,,,,,,,,,,,,,,,,,,,,,,,,,,,,,,,200x290,,,,,,,,,,,,1786453998,,,,,,,,,,,,83081,,,,,,,,,,,,,,,,,,,
40045,variation,56907518,,D-sign Rug 1D0478 Grey - 240x330,1,0,hidden,,D-sign Rug 1D0478 Grey 240x330 cm,,,taxable,parent,0,0,,0,0,,330,240,0.6,0,,,2924,,,,,,,56905035-H,,,,,,7,,,Size,240x330,,1,,,,,,,,,,,,,,,,,,,,,,,,,,,,,,,,,,,,,240x330,,,,,,,,,,,,1786454021,,,,,,,,,,,,83082,,,,,,,,,,,,,,,,,,,
40051,variation,56905036,,D-sign Rug 1D0479 Beige - 60x110,1,0,hidden,,D-sign Rug 1D0479 Beige 60x110 cm,,,taxable,parent,0,0,,0,0,,110,60,0.6,0,,,604,,,,,,,56905036-H,,,,,,1,,,Size,60x110,,1,,,,,,,,,,,,,,,,,,,,,,,,,,,,,,,,,,,,,60x110,,,,,,,,,,,,1786453302,,,,,,,,,,,,83090,,,,,,,,,,,,,,,,,,,
40052,variation,56907502,,D-sign Rug 1D0479 Beige - 80x150,1,0,hidden,,D-sign Rug 1D0479 Beige 80x150 cm,,,taxable,parent,0,0,,0,0,,150,80,0.6,0,,,764,,,,,,,56905036-H,,,,,,2,,,Size,80x150,,1,,,,,,,,,,,,,,,,,,,,,,,,,,,,,,,,,,,,,80x150,,,,,,,,,,,,1786453998,,,,,,,,,,,,83091,,,,,,,,,,,,,,,,,,,
40053,variation,56905044,,D-sign Rug 1D0479 Beige - 120x170,1,0,hidden,,D-sign Rug 1D0479 Beige 120x170 cm,,,taxable,parent,0,0,,0,0,,170,120,0.6,0,,,996,,,,,,,56905036-H,,,,,,3,,,Size,120x170,,1,,,,,,,,,,,,,,,,,,,,,,,,,,,,,,,,,,,,,120x170,,,,,,,,,,,,1786453304,,,,,,,,,,,,83092,,,,,,,,,,,,,,,,,,,
40054,variation,56905046,,D-sign Rug 1D0479 Beige - 140x200,1,0,hidden,,D-sign Rug 1D0479 Beige 140x200 cm,,,taxable,parent,0,0,,0,0,,200,140,0.6,0,,,1236,,,,,,,56905036-H,,,,,,4,,,Size,140x200,,1,,,,,,,,,,,,,,,,,,,,,,,,,,,,,,,,,,,,,140x200,,,,,,,,,,,,1786453331,,,,,,,,,,,,83093,,,,,,,,,,,,,,,,,,,
40055,variation,56905045,,D-sign Rug 1D0479 Beige - 160x230,1,0,hidden,,D-sign Rug 1D0479 Beige 160x230 cm,,,taxable,parent,0,0,,0,0,,230,160,0.6,0,,,1516,,,,,,,56905036-H,,,,,,5,,,Size,160x230,,1,,,,,,,,,,,,,,,,,,,,,,,,,,,,,,,,,,,,,160x230,,,,,,,,,,,,1786453304,,,,,,,,,,,,83094,,,,,,,,,,,,,,,,,,,
40056,variation,56905043,,D-sign Rug 1D0479 Beige - 200x290,1,0,hidden,,D-sign Rug 1D0479 Beige 200x290 cm,,,taxable,parent,0,0,,0,0,,290,200,0.6,0,,,2172,,,,,,,56905036-H,,,,,,6,,,Size,200x290,,1,,,,,,,,,,,,,,,,,,,,,,,,,,,,,,,,,,,,,200x290,,,,,,,,,,,,1786453304,,,,,,,,,,,,83095,,,,,,,,,,,,,,,,,,,
40057,variation,56905048,,D-sign Rug 1D0479 Beige - 240x330,1,0,hidden,,D-sign Rug 1D0479 Beige 240x330 cm,,,taxable,parent,0,0,,0,0,,330,240,0.6,0,,,2924,,,,,,,56905036-H,,,,,,7,,,Size,240x330,,1,,,,,,,,,,,,,,,,,,,,,,,,,,,,,,,,,,,,,240x330,,,,,,,,,,,,1786453332,,,,,,,,,,,,83096,,,,,,,,,,,,,,,,,,,
40063,variable,56905051-H,,D-sign Rug 1D0481 Black,1,0,hidden,D-sign Rug 1D0481 Black ,D-sign Rug 1D0481 Black ,,,taxable,,0,,,0,0,,,,,0,,,,"Rooms > Entrance & Corridor, Rooms > Kitchen, Rugs > Modern, Rugs",,,"https://rugshop.eu/wp-content/uploads/2021/10/carpet-sizal-floorlux-20508-black-silver-triangles.jpg, https://rugshop.eu/wp-content/uploads/2021/10/carpet-sizal-floorlux-20508-black-silver-triangles-1.jpg, https://rugshop.eu/wp-content/uploads/2021/10/carpet-sizal-floorlux-20508-black-silver-triangles-2.jpg, https://rugshop.eu/wp-content/uploads/2021/10/carpet-sizal-floorlux-20508-black-silver-triangles-3.jpg",,,,,,,,,909,,,Size,"120x170, 140x200, 160x230, 200x290, 240x330, 60x110, 80x150",1,1,Brand,D-sign,1,1,Color,Black-Grey,1,1,Type of color,Multicolor,1,1,Shape,Rectangular,1,1,Material,Polypropen,1,1,Type of rug,Modern,1,1,Weave,Machinemade,1,1,Country,Belgium,1,1,Age,New,1,1,,,,,default,default,default,default,,,,,1786455526,yes,yes,,,,,,,,,classic-editor,,,,,,,,,,,,,,,,,,,,
40064,variable,56905052-H,,D-sign Rug 1D0482 Beige,1,0,hidden,D-sign Rug 1D0482 Beige ,D-sign Rug 1D0482 Beige ,,,taxable,,0,,,0,0,,,,,0,,,,"Rooms > Entrance & Corridor, Rooms > Kitchen, Rugs > Modern, Rugs",,,"https://rugshop.eu/wp-content/uploads/2021/10/carpet-sizal-floorlux-20508-taupe-champagne-triangles.jpg, https://rugshop.eu/wp-content/uploads/2021/10/carpet-sizal-floorlux-20508-taupe-champagne-triangles-1.jpg, https://rugshop.eu/wp-content/uploads/2021/10/carpet-sizal-floorlux-20508-taupe-champagne-triangles-2.jpg, https://rugshop.eu/wp-content/uploads/2021/10/carpet-sizal-floorlux-20508-taupe-champagne-triangles-3.jpg",,,,,,,,,910,,,Size,"120x170, 140x200, 160x230, 200x290, 240x330, 60x110, 80x150",1,1,Brand,D-sign,1,1,Color,White-Beige,1,1,Type of color,Multicolor,1,1,Shape,Rectangular,1,1,Material,Polypropen,1,1,Type of rug,Modern,1,1,Weave,Machinemade,1,1,Country,Belgium,1,1,Age,New,1,1,,,,,default,default,default,default,,,,,1786453344,yes,yes,,,,,,,,,classic-editor,,,,,,,,,,,,,,,,,,,,
40066,variation,56905047,,D-sign Rug 1D0480 Grey - 60x110,1,0,hidden,,D-sign Rug 1D0480 Grey 60x110 cm,,,taxable,parent,0,0,,0,0,,110,60,0.6,0,,,604,,,,,,,56905047-H,,,,,,1,,,Size,60x110,,1,,,,,,,,,,,,,,,,,,,,,,,,,,,,,,,,,,,,,60x110,,,,,,,,,,,,1786453331,,,,,,,,,,,,83097,,,,,,,,,,,,,,,,,,,
40067,variation,56907541,,D-sign Rug 1D0480 Grey - 80x150,1,0,hidden,,D-sign Rug 1D0480 Grey 80x150 cm,,,taxable,parent,0,0,,0,0,,150,80,0.6,0,,,764,,,,,,,56905047-H,,,,,,2,,,Size,80x150,,1,,,,,,,,,,,,,,,,,,,,,,,,,,,,,,,,,,,,,80x150,,,,,,,,,,,,1786454026,,,,,,,,,,,,83098,,,,,,,,,,,,,,,,,,,
40068,variation,56907543,,D-sign Rug 1D0480 Grey - 120x170,1,0,hidden,,D-sign Rug 1D0480 Grey 120x170 cm,,,taxable,parent,0,0,,0,0,,170,120,0.6,0,,,996,,,,,,,56905047-H,,,,,,3,,,Size,120x170,,1,,,,,,,,,,,,,,,,,,,,,,,,,,,,,,,,,,,,,120x170,,,,,,,,,,,,1786454027,,,,,,,,,,,,83099,,,,,,,,,,,,,,,,,,,
40069,variation,56907544,,D-sign Rug 1D0480 Grey - 140x200,1,0,hidden,,D-sign Rug 1D0480 Grey 140x200 cm,,,taxable,parent,0,0,,0,0,,200,140,0.6,0,,,1236,,,,,,,56905047-H,,,,,,4,,,Size,140x200,,1,,,,,,,,,,,,,,,,,,,,,,,,,,,,,,,,,,,,,140x200,,,,,,,,,,,,1786454027,,,,,,,,,,,,83100,,,,,,,,,,,,,,,,,,,
40070,variation,56907542,,D-sign Rug 1D0480 Grey - 160x230,1,0,hidden,,D-sign Rug 1D0480 Grey 160x230 cm,,,taxable,parent,0,0,,0,0,,230,160,0.6,0,,,1516,,,,,,,56905047-H,,,,,,5,,,Size,160x230,,1,,,,,,,,,,,,,,,,,,,,,,,,,,,,,,,,,,,,,160x230,,,,,,,,,,,,1786454026,,,,,,,,,,,,83101,,,,,,,,,,,,,,,,,,,
40071,variation,56905049,,D-sign Rug 1D0480 Grey - 200x290,1,0,hidden,,D-sign Rug 1D0480 Grey 200x290 cm,,,taxable,parent,0,0,,0,0,,290,200,0.6,0,,,2172,,,,,,,56905047-H,,,,,,6,,,Size,200x290,,1,,,,,,,,,,,,,,,,,,,,,,,,,,,,,,,,,,,,,200x290,,,,,,,,,,,,1786453332,,,,,,,,,,,,83102,,,,,,,,,,,,,,,,,,,
40072,variation,56905050,,D-sign Rug 1D0480 Grey - 240x330,1,0,hidden,,D-sign Rug 1D0480 Grey 240x330 cm,,,taxable,parent,0,0,,0,0,,330,240,0.6,0,,,2924,,,,,,,56905047-H,,,,,,7,,,Size,240x330,,1,,,,,,,,,,,,,,,,,,,,,,,,,,,,,,,,,,,,,240x330,,,,,,,,,,,,1786453333,,,,,,,,,,,,83103,,,,,,,,,,,,,,,,,,,
40078,variation,56905051,,D-sign Rug 1D0481 Black - 60x110,1,0,hidden,,D-sign Rug 1D0481 Black 60x110 cm,,,taxable,parent,0,0,,0,0,,110,60,0.6,0,,,604,,,,,,,56905051-H,,,,,,1,,,Size,60x110,,1,,,,,,,,,,,,,,,,,,,,,,,,,,,,,,,,,,,,,60x110,,,,,,,,,,,,1786453333,,,,,,,,,,,,83111,,,,,,,,,,,,,,,,,,,
40079,variation,56908438,,D-sign Rug 1D0481 Black - 80x150,1,0,hidden,,D-sign Rug 1D0481 Black 80x150 cm,,,taxable,parent,0,0,,0,0,,150,80,0.6,0,,,764,,,,,,,56905051-H,,,,,,2,,,Size,80x150,,1,,,,,,,,,,,,,,,,,,,,,,,,,,,,,,,,,,,,,80x150,,,,,,,,,,,,1786455515,,,,,,,,,,,,83112,,,,,,,,,,,,,,,,,,,
40080,variation,56908433,,D-sign Rug 1D0481 Black - 120x170,1,0,hidden,,D-sign Rug 1D0481 Black 120x170 cm,,,taxable,parent,0,0,,0,0,,170,120,0.6,0,,,996,,,,,,,56905051-H,,,,,,3,,,Size,120x170,,1,,,,,,,,,,,,,,,,,,,,,,,,,,,,,,,,,,,,,120x170,,,,,,,,,,,,1786455484,,,,,,,,,,,,83113,,,,,,,,,,,,,,,,,,,
40081,variation,56908430,,D-sign Rug 1D0481 Black - 140x200,1,0,hidden,,D-sign Rug 1D0481 Black 140x200 cm,,,taxable,parent,0,0,,0,0,,200,140,0.6,0,,,1236,,,,,,,56905051-H,,,,,,4,,,Size,140x200,,1,,,,,,,,,,,,,,,,,,,,,,,,,,,,,,,,,,,,,140x200,,,,,,,,,,,,1786455482,,,,,,,,,,,,83114,,,,,,,,,,,,,,,,,,,
40082,variation,56908439,,D-sign Rug 1D0481 Black - 160x230,1,0,hidden,,D-sign Rug 1D0481 Black 160x230 cm,,,taxable,parent,0,0,,0,0,,230,160,0.6,0,,,1516,,,,,,,56905051-H,,,,,,5,,,Size,160x230,,1,,,,,,,,,,,,,,,,,,,,,,,,,,,,,,,,,,,,,160x230,,,,,,,,,,,,1786455515,,,,,,,,,,,,83115,,,,,,,,,,,,,,,,,,,
40083,variation,56908432,,D-sign Rug 1D0481 Black - 200x290,1,0,hidden,,D-sign Rug 1D0481 Black 200x290 cm,,,taxable,parent,0,0,,0,0,,290,200,0.6,0,,,2172,,,,,,,56905051-H,,,,,,6,,,Size,200x290,,1,,,,,,,,,,,,,,,,,,,,,,,,,,,,,,,,,,,,,200x290,,,,,,,,,,,,1786455483,,,,,,,,,,,,83116,,,,,,,,,,,,,,,,,,,
40084,variation,56908431,,D-sign Rug 1D0481 Black - 240x330,1,0,hidden,,D-sign Rug 1D0481 Black 240x330 cm,,,taxable,parent,0,0,,0,0,,330,240,0.6,0,,,2924,,,,,,,56905051-H,,,,,,7,,,Size,240x330,,1,,,,,,,,,,,,,,,,,,,,,,,,,,,,,,,,,,,,,240x330,,,,,,,,,,,,1786455483,,,,,,,,,,,,83117,,,,,,,,,,,,,,,,,,,
40090,variation,56905052,,D-sign Rug 1D0482 Beige - 60x110,1,0,hidden,,D-sign Rug 1D0482 Beige 60x110 cm,,,taxable,parent,0,0,,0,0,,110,60,0.6,0,,,604,,,,,,,56905052-H,,,,,,1,,,Size,60x110,,1,,,,,,,,,,,,,,,,,,,,,,,,,,,,,,,,,,,,,60x110,,,,,,,,,,,,,,,,,,,,,,,,83118,,,,,,,,,,,,,,,,,,,
40091,variation,56905057,,D-sign Rug 1D0482 Beige - 80x150,1,0,hidden,,D-sign Rug 1D0482 Beige 80x150 cm,,,taxable,parent,0,0,,0,0,,150,80,0.6,0,,,764,,,,,,,56905052-H,,,,,,2,,,Size,80x150,,1,,,,,,,,,,,,,,,,,,,,,,,,,,,,,,,,,,,,,80x150,,,,,,,,,,,,1786453333,,,,,,,,,,,,83119,,,,,,,,,,,,,,,,,,,
40092,variation,56905058,,D-sign Rug 1D0482 Beige - 120x170,1,0,hidden,,D-sign Rug 1D0482 Beige 120x170 cm,,,taxable,parent,0,0,,0,0,,170,120,0.6,0,,,996,,,,,,,56905052-H,,,,,,3,,,Size,120x170,,1,,,,,,,,,,,,,,,,,,,,,,,,,,,,,,,,,,,,,120x170,,,,,,,,,,,,,,,,,,,,,,,,83120,,,,,,,,,,,,,,,,,,,
40093,variation,56905061,,D-sign Rug 1D0482 Beige - 140x200,1,0,hidden,,D-sign Rug 1D0482 Beige 140x200 cm,,,taxable,parent,0,0,,0,0,,200,140,0.6,0,,,1236,,,,,,,56905052-H,,,,,,4,,,Size,140x200,,1,,,,,,,,,,,,,,,,,,,,,,,,,,,,,,,,,,,,,140x200,,,,,,,,,,,,1786453334,,,,,,,,,,,,83121,,,,,,,,,,,,,,,,,,,
40094,variation,56905060,,D-sign Rug 1D0482 Beige - 160x230,1,0,hidden,,D-sign Rug 1D0482 Beige 160x230 cm,,,taxable,parent,0,0,,0,0,,230,160,0.6,0,,,1516,,,,,,,56905052-H,,,,,,5,,,Size,160x230,,1,,,,,,,,,,,,,,,,,,,,,,,,,,,,,,,,,,,,,160x230,,,,,,,,,,,,,,,,,,,,,,,,83122,,,,,,,,,,,,,,,,,,,
40095,variation,56905062,,D-sign Rug 1D0482 Beige - 200x290,1,0,hidden,,D-sign Rug 1D0482 Beige 200x290 cm,,,taxable,parent,0,0,,0,0,,290,200,0.6,0,,,2172,,,,,,,56905052-H,,,,,,6,,,Size,200x290,,1,,,,,,,,,,,,,,,,,,,,,,,,,,,,,,,,,,,,,200x290,,,,,,,,,,,,1786453334,,,,,,,,,,,,83123,,,,,,,,,,,,,,,,,,,
40096,variation,56905063,,D-sign Rug 1D0482 Beige - 240x330,1,0,hidden,,D-sign Rug 1D0482 Beige 240x330 cm,,,taxable,parent,0,0,,0,0,,330,240,0.6,0,,,2924,,,,,,,56905052-H,,,,,,7,,,Size,240x330,,1,,,,,,,,,,,,,,,,,,,,,,,,,,,,,,,,,,,,,240x330,,,,,,,,,,,,1786453335,,,,,,,,,,,,83124,,,,,,,,,,,,,,,,,,,
40102,variable,56908460-H,,D-sign Rug 1D0165 Green,1,0,hidden,D-sign Rug 1D0165 Green,D-sign Rug 1D0165 Green,,,taxable,,0,,,0,0,,,,,0,,,,"Rooms > Kids, Rugs > Kids, Rugs",,,"https://rugshop.eu/wp-content/uploads/2021/10/carpet-paint-pentagon-1553-green.jpg, https://rugshop.eu/wp-content/uploads/2021/10/carpet-paint-pentagon-1553-green-1.jpg, https://rugshop.eu/wp-content/uploads/2021/10/carpet-paint-pentagon-1553-green-2.jpg",,,,,,,,,610,,,Size,"100, 120, 80",1,1,Brand,D-sign,1,1,Color,Green,1,1,Type of color,Multicolor,1,1,Shape,Round,1,1,Material,Polypropen,1,1,Type of rug,Modern,1,1,Weave,Machinemade,1,1,Country,Turkey,1,1,Age,New,1,1,,,,,default,default,default,default,,,,,1786453345,yes,yes,,,,,,,,,,,,,,,,,,,,,,,,,,,,,
40104,variable,56905070-H,,D-sign Rug 1D0485 Beige,1,0,hidden,D-sign Rug 1D0485 Beige ,D-sign Rug 1D0485 Beige ,,,taxable,,0,,,0,0,,,,,1,,,,"Rooms > Bedroom, Rooms > Living room, Rugs > Modern, Rugs",,,"https://rugshop.eu/wp-content/uploads/2021/10/carpet-scandi-18216-051-stripes-checkered.jpg, https://rugshop.eu/wp-content/uploads/2021/10/carpet-scandi-18216-051-stripes-checkered-1.jpg, https://rugshop.eu/wp-content/uploads/2021/10/carpet-scandi-18216-051-stripes-checkered-2.jpg, https://rugshop.eu/wp-content/uploads/2021/10/carpet-scandi-18216-051-stripes-checkered-3.jpg",,,,,,,,,913,,,Size,"120x170, 160x230",1,1,Brand,D-sign,1,1,Color,White-Beige,1,1,Type of color,Multicolor,1,1,Shape,Rectangular,1,1,Material,Polypropen,1,1,Type of rug,Modern,1,1,Weave,Machinemade,1,1,Age,New,1,1,,,,,,,,,,,,,,,,,1786453346,yes,yes,,,,,,,,,,,,,,,,,,,,,,,,,,,,,
40105,variable,56905079-H,,D-sign Rug 1D0486 Beige,1,0,hidden,D-sign Rug 1D0486 Beige ,D-sign Rug 1D0486 Beige ,,,taxable,,0,,,0,0,,,,,1,,,,"Rooms > Bedroom, Rooms > Living room, Rugs > Modern, Rugs",,,"https://rugshop.eu/wp-content/uploads/2021/10/carpet-scandi-18216-063-stripes-checkered.jpg, https://rugshop.eu/wp-content/uploads/2021/10/carpet-scandi-18216-063-stripes-checkered-1.jpg, https://rugshop.eu/wp-content/uploads/2021/10/carpet-scandi-18216-063-stripes-checkered-2.jpg, https://rugshop.eu/wp-content/uploads/2021/10/carpet-scandi-18216-063-stripes-checkered-3.jpg",,,,,,,,,914,,,Size,"120x170, 160x230",1,1,Brand,D-sign,1,1,Color,White-Beige,1,1,Type of color,Multicolor,1,1,Shape,Rectangular,1,1,Material,Polypropen,1,1,Type of rug,Modern,1,1,Weave,Machinemade,1,1,Age,New,1,1,,,,,,,,,,,,,,,,,1786453350,yes,yes,,,,,,,,,,,,,,,,,,,,,,,,,,,,,
40107,variable,56905080-H,,D-sign Rug 1D0488 Grey,1,0,hidden,D-sign Rug 1D0488 Grey ,D-sign Rug 1D0488 Grey ,,,taxable,,0,,,0,0,,,,,0,,,,"Rooms > Entrance & Corridor, Rooms > Kitchen, Rugs > Modern, Rugs, Rugs > Sisal",,,"https://rugshop.eu/wp-content/uploads/2021/10/carpet-flat-48655-637-sisal-3d-cube.jpg, https://rugshop.eu/wp-content/uploads/2021/10/carpet-flat-48655-637-sisal-3d-cube-1.jpg, https://rugshop.eu/wp-content/uploads/2021/10/carpet-flat-48655-637-sisal-3d-cube-2.jpg, https://rugshop.eu/wp-content/uploads/2021/10/carpet-flat-48655-637-sisal-3d-cube-3.jpg",,,,,,,,,916,,,Size,"120x170, 140x200, 160x230, 200x290, 80x150",1,1,Brand,D-sign,1,1,Color,Black-Grey,1,1,Type of color,Multicolor,1,1,Shape,Rectangular,1,1,Material,Polypropen,1,1,Type of rug,"Modern, Sisal",1,1,Weave,Machinemade,1,1,Age,New,1,1,,,,,,,,,default,default,default,default,,,,,1786455529,yes,yes,,,,,,,,,classic-editor,,,,,,,,,,,,,,,,,,,,
40118,variation,56908460,,D-sign Rug 1D0165 Green - 80,1,0,hidden,,D-sign Rug 1D0165 Green 80 cm,,,taxable,parent,0,0,,0,0,,80,80,1.3,0,,,604,,,,,,,56908460-H,,,,,,1,,,Size,80,,1,,,,,,,,,,,,,,,,,,,,,,,,,,,,,,,,,,,,,80,,,,,,,,,,,,,,,,,,,,,,,,83191,,,,,,,,,,,,,,,,,,,
40119,variation,56905068,,D-sign Rug 1D0165 Green - 100,1,0,hidden,,D-sign Rug 1D0165 Green 100 cm,,,taxable,parent,0,0,,0,0,,100,100,1.3,0,,,748,,,,,,,56908460-H,,,,,,2,,,Size,100,,1,,,,,,,,,,,,,,,,,,,,,,,,,,,,,,,,,,,,,100,,,,,,,,,,,,1786453335,,,,,,,,,,,,83192,,,,,,,,,,,,,,,,,,,
40120,variation,56908455,,D-sign Rug 1D0165 Green - 120,1,0,hidden,,D-sign Rug 1D0165 Green 120 cm,,,taxable,parent,0,0,,0,0,,120,120,1.3,0,,,884,,,,,,,56908460-H,,,,,,3,,,Size,120,,1,,,,,,,,,,,,,,,,,,,,,,,,,,,,,,,,,,,,,120,,,,,,,,,,,,,,,,,,,,,,,,83193,,,,,,,,,,,,,,,,,,,
40135,variable,56905076-H,,D-sign Rug 1D0489 Blue,1,0,hidden,D-sign Rug 1D0489 Blue ,D-sign Rug 1D0489 Blue ,,,taxable,,0,,,0,0,,,,,0,,,,"Rooms > Entrance & Corridor, Rooms > Kitchen, Rugs > Modern, Rugs, Rugs > Sisal",,,"https://rugshop.eu/wp-content/uploads/2021/10/carpet-flat-48721-591-sisal-3d-cube-blue.jpg, https://rugshop.eu/wp-content/uploads/2021/10/carpet-flat-48721-591-sisal-3d-cube-blue-1.jpg, https://rugshop.eu/wp-content/uploads/2021/10/carpet-flat-48721-591-sisal-3d-cube-blue-2.jpg, https://rugshop.eu/wp-content/uploads/2021/10/carpet-flat-48721-591-sisal-3d-cube-blue-3.jpg",,,,,,,,,917,,,Size,"120x170, 140x200, 160x230, 200x290, 80x150",1,1,Brand,D-sign,1,1,Color,Blue,1,1,Type of color,Multicolor,1,1,Shape,Rectangular,1,1,Material,Polypropen,1,1,Type of rug,"Modern, Sisal",1,1,Weave,Machinemade,1,1,Age,New,1,1,,,,,,,,,default,default,default,default,,,,,1786455528,yes,yes,,,,,,,,,classic-editor,,,,,,,,,,,,,,,,,,,,
40136,variable,56905075-H,,D-sign Rug 1D0490 Blue,1,0,hidden,D-sign Rug 1D0490 Blue ,D-sign Rug 1D0490 Blue ,,,taxable,,0,,,0,0,,,,,0,,,,"Rooms > Kitchen, Rooms > Living room, Rugs > Modern, Rugs, Rugs > Sisal",,,"https://rugshop.eu/wp-content/uploads/2021/10/carpet-color-47011-309-sisal-belts-blue.jpg, https://rugshop.eu/wp-content/uploads/2021/10/carpet-color-47011-309-sisal-belts-blue-1.jpg, https://rugshop.eu/wp-content/uploads/2021/10/carpet-color-47011-309-sisal-belts-blue-2.jpg, https://rugshop.eu/wp-content/uploads/2021/10/carpet-color-47011-309-sisal-belts-blue-3.jpg",,,,,,,,,918,,,Size,"120x170, 140x200, 160x230, 200x290, 60x110, 80x150",1,1,Brand,D-sign,1,1,Color,Blue,1,1,Type of color,Multicolor,1,1,Shape,Rectangular,1,1,Material,Polypropen,1,1,Type of rug,"Modern, Sisal",1,1,Weave,Machinemade,1,1,Age,New,1,1,,,,,,,,,default,default,default,default,,,,,1786455531,yes,yes,,,,,,,,,classic-editor,,,,,,,,,,,,,,,,,,,,
40137,variable,56905092-H,,D-sign Rug 1D0491 Blue,1,0,hidden,D-sign Rug 1D0491 Blue ,D-sign Rug 1D0491 Blue ,,,taxable,,0,,,0,0,,,,,0,,,,"Rooms > Kitchen, Rooms > Living room, Rugs > Modern, Rugs, Rugs > Sisal",,,"https://rugshop.eu/wp-content/uploads/2021/10/carpet-color-47268-309-sisal-diamonds-squares-blue.jpg, https://rugshop.eu/wp-content/uploads/2021/10/carpet-color-47268-309-sisal-diamonds-squares-blue-1.jpg, https://rugshop.eu/wp-content/uploads/2021/10/carpet-color-47268-309-sisal-diamonds-squares-blue-2.jpg, https://rugshop.eu/wp-content/uploads/2021/10/carpet-color-47268-309-sisal-diamonds-squares-blue-3.jpg",,,,,,,,,919,,,Size,"120x170, 140x200, 160x230, 200x290, 60x110, 80x150",1,1,Brand,D-sign,1,1,Color,Blue,1,1,Type of color,Multicolor,1,1,Shape,Rectangular,1,1,Material,Polypropen,1,1,Type of rug,"Modern, Sisal",1,1,Weave,Machinemade,1,1,Age,New,1,1,,,,,,,,,default,default,default,default,,,,,1786455533,yes,yes,,,,,,,,,classic-editor,,,,,,,,,,,,,,,,,,,,
40138,variation,56905070,,D-sign Rug 1D0485 Beige - 120x170,1,0,hidden,,D-sign Rug 1D0485 Beige 120x170 cm,,,taxable,parent,0,0,,0,0,,170,120,0.9,0,,,1140,,,,,,,56905070-H,,,,,,1,,,Size,120x170,,1,,,,,,,,,,,,,,,,,,,,,,,,,,,,,,,,,,,,,120x170,,,,,,,,,,,,1786453336,,,,,,,,,,,,83360,,,,,,,,,,,,,,,,,,,
40139,variation,56905077,,D-sign Rug 1D0485 Beige - 160x230,1,0,hidden,,D-sign Rug 1D0485 Beige 160x230 cm,,,taxable,parent,0,0,,0,0,,230,160,0.9,0,,,1700,,,,,,,56905070-H,,,,,,2,,,Size,160x230,,1,,,,,,,,,,,,,,,,,,,,,,,,,,,,,,,,,,,,,160x230,,,,,,,,,,,,,,,,,,,,,,,,83361,,,,,,,,,,,,,,,,,,,
40145,variation,56905079,,D-sign Rug 1D0486 Beige - 120x170,1,0,hidden,,D-sign Rug 1D0486 Beige 120x170 cm,,,taxable,parent,0,0,,0,0,,170,120,0.9,0,,,1140,,,,,,,56905079-H,,,,,,1,,,Size,120x170,,1,,,,,,,,,,,,,,,,,,,,,,,,,,,,,,,,,,,,,120x170,,,,,,,,,,,,1786453336,,,,,,,,,,,,83362,,,,,,,,,,,,,,,,,,,
40146,variation,56908478,,D-sign Rug 1D0486 Beige - 160x230,1,0,hidden,,D-sign Rug 1D0486 Beige 160x230 cm,,,taxable,parent,0,0,,0,0,,230,160,0.9,0,,,1700,,,,,,,56905079-H,,,,,,2,,,Size,160x230,,1,,,,,,,,,,,,,,,,,,,,,,,,,,,,,,,,,,,,,160x230,,,,,,,,,,,,,,,,,,,,,,,,83363,,,,,,,,,,,,,,,,,,,
40161,variable,56905091-H,,D-sign Rug 1D0492 White,1,0,hidden,D-sign Rug 1D0492 White ,D-sign Rug 1D0492 White ,,,taxable,,0,,,0,0,,,,,0,,,,"Rooms > Kitchen, Rooms > Living room, Rugs > Modern, Rugs, Rugs > Sisal",,,"https://rugshop.eu/wp-content/uploads/2021/10/carpet-color-47272-396-sisal-diamonds-squares-white.jpg, https://rugshop.eu/wp-content/uploads/2021/10/carpet-color-47272-396-sisal-diamonds-squares-white-1.jpg, https://rugshop.eu/wp-content/uploads/2021/10/carpet-color-47272-396-sisal-diamonds-squares-white-2.jpg, https://rugshop.eu/wp-content/uploads/2021/10/carpet-color-47272-396-sisal-diamonds-squares-white-3.jpg",,,,,,,,,920,,,Size,"120x170, 140x200, 160x230, 200x290, 60x110, 80x150",1,1,Brand,D-sign,1,1,Color,White-Beige,1,1,Type of color,Multicolor,1,1,Shape,Rectangular,1,1,Material,Polypropen,1,1,Type of rug,"Modern, Sisal",1,1,Weave,Machinemade,1,1,Age,New,1,1,,,,,,,,,default,default,default,default,,,,,1786453359,yes,yes,,,,,,,,,classic-editor,,,,,,,,,,,,,,,,,,,,
40162,variation,56905080,,D-sign Rug 1D0488 Grey - 80x150,1,0,hidden,,D-sign Rug 1D0488 Grey 80x150 cm,,,taxable,parent,0,0,,0,0,,150,80,0.6,0,,,860,,,,,,,56905080-H,,,,,,1,,,Size,80x150,,1,,,,,,,,,,,,,,,,,,,,,,,,,,,,,,,,,,,,,80x150,,,,,,,,,,,,1786453337,,,,,,,,,,,,83418,,,,,,,,,,,,,,,,,,,
40163,variation,56908473,,D-sign Rug 1D0488 Grey - 120x170,1,0,hidden,,D-sign Rug 1D0488 Grey 120x170 cm,,,taxable,parent,0,0,,0,0,,170,120,0.6,0,,,1140,,,,,,,56905080-H,,,,,,2,,,Size,120x170,,1,,,,,,,,,,,,,,,,,,,,,,,,,,,,,,,,,,,,,120x170,,,,,,,,,,,,1786455518,,,,,,,,,,,,83419,,,,,,,,,,,,,,,,,,,
40164,variation,56908479,,D-sign Rug 1D0488 Grey - 140x200,1,0,hidden,,D-sign Rug 1D0488 Grey 140x200 cm,,,taxable,parent,0,0,,0,0,,200,140,0.6,0,,,1468,,,,,,,56905080-H,,,,,,3,,,Size,140x200,,1,,,,,,,,,,,,,,,,,,,,,,,,,,,,,,,,,,,,,140x200,,,,,,,,,,,,1786455519,,,,,,,,,,,,83420,,,,,,,,,,,,,,,,,,,
40165,variation,56908453,,D-sign Rug 1D0488 Grey - 160x230,1,0,hidden,,D-sign Rug 1D0488 Grey 160x230 cm,,,taxable,parent,0,0,,0,0,,230,160,0.6,0,,,1796,,,,,,,56905080-H,,,,,,4,,,Size,160x230,,1,,,,,,,,,,,,,,,,,,,,,,,,,,,,,,,,,,,,,160x230,,,,,,,,,,,,1786455516,,,,,,,,,,,,83421,,,,,,,,,,,,,,,,,,,
40166,variation,56908457,,D-sign Rug 1D0488 Grey - 200x290,1,0,hidden,,D-sign Rug 1D0488 Grey 200x290 cm,,,taxable,parent,0,0,,0,0,,290,200,0.6,0,,,2644,,,,,,,56905080-H,,,,,,5,,,Size,200x290,,1,,,,,,,,,,,,,,,,,,,,,,,,,,,,,,,,,,,,,200x290,,,,,,,,,,,,1786455517,,,,,,,,,,,,83422,,,,,,,,,,,,,,,,,,,
40172,variation,56905076,,D-sign Rug 1D0489 Blue - 80x150,1,0,hidden,,D-sign Rug 1D0489 Blue 80x150 cm,,,taxable,parent,0,0,,0,0,,150,80,0.6,0,,,860,,,,,,,56905076-H,,,,,,1,,,Size,80x150,,1,,,,,,,,,,,,,,,,,,,,,,,,,,,,,,,,,,,,,80x150,,,,,,,,,,,,1786453336,,,,,,,,,,,,83428,,,,,,,,,,,,,,,,,,,
40173,variation,56908452,,D-sign Rug 1D0489 Blue - 120x170,1,0,hidden,,D-sign Rug 1D0489 Blue 120x170 cm,,,taxable,parent,0,0,,0,0,,170,120,0.6,0,,,1140,,,,,,,56905076-H,,,,,,2,,,Size,120x170,,1,,,,,,,,,,,,,,,,,,,,,,,,,,,,,,,,,,,,,120x170,,,,,,,,,,,,1786455516,,,,,,,,,,,,83429,,,,,,,,,,,,,,,,,,,
40174,variation,56908476,,D-sign Rug 1D0489 Blue - 140x200,1,0,hidden,,D-sign Rug 1D0489 Blue 140x200 cm,,,taxable,parent,0,0,,0,0,,200,140,0.6,0,,,1468,,,,,,,56905076-H,,,,,,3,,,Size,140x200,,1,,,,,,,,,,,,,,,,,,,,,,,,,,,,,,,,,,,,,140x200,,,,,,,,,,,,1786455519,,,,,,,,,,,,83430,,,,,,,,,,,,,,,,,,,
40175,variation,56908459,,D-sign Rug 1D0489 Blue - 160x230,1,0,hidden,,D-sign Rug 1D0489 Blue 160x230 cm,,,taxable,parent,0,0,,0,0,,230,160,0.6,0,,,1796,,,,,,,56905076-H,,,,,,4,,,Size,160x230,,1,,,,,,,,,,,,,,,,,,,,,,,,,,,,,,,,,,,,,160x230,,,,,,,,,,,,1786455518,,,,,,,,,,,,83431,,,,,,,,,,,,,,,,,,,
40176,variation,56908475,,D-sign Rug 1D0489 Blue - 200x290,1,0,hidden,,D-sign Rug 1D0489 Blue 200x290 cm,,,taxable,parent,0,0,,0,0,,290,200,0.6,0,,,2644,,,,,,,56905076-H,,,,,,5,,,Size,200x290,,1,,,,,,,,,,,,,,,,,,,,,,,,,,,,,,,,,,,,,200x290,,,,,,,,,,,,1786455518,,,,,,,,,,,,83432,,,,,,,,,,,,,,,,,,,
40182,variation,56905075,,D-sign Rug 1D0490 Blue - 60x110,1,0,hidden,,D-sign Rug 1D0490 Blue 60x110 cm,,,taxable,parent,0,0,,0,0,,110,60,0.6,0,,,676,,,,,,,56905075-H,,,,,,1,,,Size,60x110,,1,,,,,,,,,,,,,,,,,,,,,,,,,,,,,,,,,,,,,60x110,,,,,,,,,,,,,,,,,,,,,,,,83460,,,,,,,,,,,,,,,,,,,
40183,variation,56908458,,D-sign Rug 1D0490 Blue - 80x150,1,0,hidden,,D-sign Rug 1D0490 Blue 80x150 cm,,,taxable,parent,0,0,,0,0,,150,80,0.6,0,,,948,,,,,,,56905075-H,,,,,,2,,,Size,80x150,,1,,,,,,,,,,,,,,,,,,,,,,,,,,,,,,,,,,,,,80x150,,,,,,,,,,,,,,,,,,,,,,,,83461,,,,,,,,,,,,,,,,,,,
40184,variation,56908454,,D-sign Rug 1D0490 Blue - 120x170,1,0,hidden,,D-sign Rug 1D0490 Blue 120x170 cm,,,taxable,parent,0,0,,0,0,,170,120,0.6,0,,,1324,,,,,,,56905075-H,,,,,,3,,,Size,120x170,,1,,,,,,,,,,,,,,,,,,,,,,,,,,,,,,,,,,,,,120x170,,,,,,,,,,,,1786455517,,,,,,,,,,,,83462,,,,,,,,,,,,,,,,,,,
40185,variation,56905089,,D-sign Rug 1D0490 Blue - 140x200,1,0,hidden,,D-sign Rug 1D0490 Blue 140x200 cm,,,taxable,parent,0,0,,0,0,,200,140,0.6,0,,,1700,,,,,,,56905075-H,,,,,,4,,,Size,140x200,,1,,,,,,,,,,,,,,,,,,,,,,,,,,,,,,,,,,,,,140x200,,,,,,,,,,,,1786453337,,,,,,,,,,,,83463,,,,,,,,,,,,,,,,,,,
40186,variation,56905090,,D-sign Rug 1D0490 Blue - 160x230,1,0,hidden,,D-sign Rug 1D0490 Blue 160x230 cm,,,taxable,parent,0,0,,0,0,,230,160,0.6,0,,,2076,,,,,,,56905075-H,,,,,,5,,,Size,160x230,,1,,,,,,,,,,,,,,,,,,,,,,,,,,,,,,,,,,,,,160x230,,,,,,,,,,,,,,,,,,,,,,,,83464,,,,,,,,,,,,,,,,,,,
40187,variation,56905093,,D-sign Rug 1D0490 Blue - 200x290,1,0,hidden,,D-sign Rug 1D0490 Blue 200x290 cm,,,taxable,parent,0,0,,0,0,,290,200,0.6,0,,,3108,,,,,,,56905075-H,,,,,,6,,,Size,200x290,,1,,,,,,,,,,,,,,,,,,,,,,,,,,,,,,,,,,,,,200x290,,,,,,,,,,,,1786453338,,,,,,,,,,,,83465,,,,,,,,,,,,,,,,,,,
40193,variable,56905097-H,,D-sign Rug 1D0493 White,1,0,hidden,D-sign Rug 1D0493 White ,D-sign Rug 1D0493 White ,,,taxable,,0,,,0,0,,,,,0,,,,"Rooms > Kitchen, Rooms > Living room, Rugs > Modern, Rugs, Rugs > Sisal",,,"https://rugshop.eu/wp-content/uploads/2021/10/carpet-color-47276-396-sisal-belts-white.jpg, https://rugshop.eu/wp-content/uploads/2021/10/carpet-color-47276-396-sisal-belts-white-1.jpg, https://rugshop.eu/wp-content/uploads/2021/10/carpet-color-47276-396-sisal-belts-white-2.jpg, https://rugshop.eu/wp-content/uploads/2021/10/carpet-color-47276-396-sisal-belts-white-3.jpg",,,,,,,,,921,,,Size,"120x170, 140x200, 160x230, 200x290, 60x110, 80x150",1,1,Brand,D-sign,1,1,Color,White-Beige,1,1,Type of color,Multicolor,1,1,Shape,Rectangular,1,1,Material,Polypropen,1,1,Type of rug,"Modern, Sisal",1,1,Weave,Machinemade,1,1,Age,New,1,1,,,,,,,,,default,default,default,default,,,,,1786455538,yes,yes,,,,,,,,,classic-editor,,,,,,,,,,,,,,,,,,,,
40194,variable,56905094-H,,D-sign Rug 1D0494 Green,1,0,hidden,D-sign Rug 1D0494 Green ,D-sign Rug 1D0494 Green ,,,taxable,,0,,,0,0,,,,,0,,,,"Rooms > Kitchen, Rooms > Living room, Rugs > Modern, Rugs, Rugs > Sisal",,,"https://rugshop.eu/wp-content/uploads/2021/10/carpet-color-19433-062-sisal-leaves-green-jungle.jpg, https://rugshop.eu/wp-content/uploads/2021/10/carpet-color-19433-062-sisal-leaves-green-jungle-1.jpg, https://rugshop.eu/wp-content/uploads/2021/10/carpet-color-19433-062-sisal-leaves-green-jungle-2.jpg, https://rugshop.eu/wp-content/uploads/2021/10/carpet-color-19433-062-sisal-leaves-green-jungle-3.jpg",,,,,,,,,922,,,Size,"120x170, 140x200, 160x230, 200x290, 80x150",1,1,Brand,D-sign,1,1,Color,Green,1,1,Type of color,Multicolor,1,1,Shape,Rectangular,1,1,Material,Polypropen,1,1,Type of rug,"Modern, Sisal",1,1,Weave,Machinemade,1,1,Age,New,1,1,,,,,,,,,default,default,default,default,,,,,1786455535,yes,yes,,,,,,,,,classic-editor,,,,,,,,,,,,,,,,,,,,
40195,variable,56905095-H,,D-sign Rug 1D0495 Green,1,0,hidden,D-sign Rug 1D0495 Green ,D-sign Rug 1D0495 Green ,,,taxable,,0,,,0,0,,,,,0,,,,"Rooms > Kitchen, Rooms > Living room, Rugs > Modern, Rugs, Rugs > Sisal",,,"https://rugshop.eu/wp-content/uploads/2021/10/carpet-color-19434-062-sisal-leaves-green-jungle.jpg, https://rugshop.eu/wp-content/uploads/2021/10/carpet-color-19434-062-sisal-leaves-green-jungle-1.jpg, https://rugshop.eu/wp-content/uploads/2021/10/carpet-color-19434-062-sisal-leaves-green-jungle-2.jpg, https://rugshop.eu/wp-content/uploads/2021/10/carpet-color-19434-062-sisal-leaves-green-jungle-3.jpg",,,,,,,,,923,,,Size,"120x170, 140x200, 160x230, 200x290, 80x150",1,1,Brand,D-sign,1,1,Color,Green,1,1,Type of color,Multicolor,1,1,Shape,Rectangular,1,1,Material,Polypropen,1,1,Type of rug,"Modern, Sisal",1,1,Weave,Machinemade,1,1,Age,New,1,1,,,,,,,,,default,default,default,default,,,,,1786455537,yes,yes,,,,,,,,,classic-editor,,,,,,,,,,,,,,,,,,,,
40196,variation,56905092,,D-sign Rug 1D0491 Blue - 60x110,1,0,hidden,,D-sign Rug 1D0491 Blue 60x110 cm,,,taxable,parent,0,0,,0,0,,110,60,0.6,0,,,676,,,,,,,56905092-H,,,,,,1,,,Size,60x110,,1,,,,,,,,,,,,,,,,,,,,,,,,,,,,,,,,,,,,,60x110,,,,,,,,,,,,1786453338,,,,,,,,,,,,83471,,,,,,,,,,,,,,,,,,,
40197,variation,56908503,,D-sign Rug 1D0491 Blue - 80x150,1,0,hidden,,D-sign Rug 1D0491 Blue 80x150 cm,,,taxable,parent,0,0,,0,0,,150,80,0.6,0,,,948,,,,,,,56905092-H,,,,,,2,,,Size,80x150,,1,,,,,,,,,,,,,,,,,,,,,,,,,,,,,,,,,,,,,80x150,,,,,,,,,,,,1786455520,,,,,,,,,,,,83472,,,,,,,,,,,,,,,,,,,
40198,variation,56908480,,D-sign Rug 1D0491 Blue - 120x170,1,0,hidden,,D-sign Rug 1D0491 Blue 120x170 cm,,,taxable,parent,0,0,,0,0,,170,120,0.6,0,,,1324,,,,,,,56905092-H,,,,,,3,,,Size,120x170,,1,,,,,,,,,,,,,,,,,,,,,,,,,,,,,,,,,,,,,120x170,,,,,,,,,,,,1786455519,,,,,,,,,,,,83473,,,,,,,,,,,,,,,,,,,
40199,variation,56908507,,D-sign Rug 1D0491 Blue - 140x200,1,0,hidden,,D-sign Rug 1D0491 Blue 140x200 cm,,,taxable,parent,0,0,,0,0,,200,140,0.6,0,,,1700,,,,,,,56905092-H,,,,,,4,,,Size,140x200,,1,,,,,,,,,,,,,,,,,,,,,,,,,,,,,,,,,,,,,140x200,,,,,,,,,,,,1786455521,,,,,,,,,,,,83474,,,,,,,,,,,,,,,,,,,
40200,variation,56908481,,D-sign Rug 1D0491 Blue - 160x230,1,0,hidden,,D-sign Rug 1D0491 Blue 160x230 cm,,,taxable,parent,0,0,,0,0,,230,160,0.6,0,,,2076,,,,,,,56905092-H,,,,,,5,,,Size,160x230,,1,,,,,,,,,,,,,,,,,,,,,,,,,,,,,,,,,,,,,160x230,,,,,,,,,,,,1786455520,,,,,,,,,,,,83475,,,,,,,,,,,,,,,,,,,
40201,variation,56908508,,D-sign Rug 1D0491 Blue - 200x290,1,0,hidden,,D-sign Rug 1D0491 Blue 200x290 cm,,,taxable,parent,0,0,,0,0,,290,200,0.6,0,,,3108,,,,,,,56905092-H,,,,,,6,,,Size,200x290,,1,,,,,,,,,,,,,,,,,,,,,,,,,,,,,,,,,,,,,200x290,,,,,,,,,,,,1786455521,,,,,,,,,,,,83476,,,,,,,,,,,,,,,,,,,
40207,variation,56905091,,D-sign Rug 1D0492 White - 60x110,1,0,hidden,,D-sign Rug 1D0492 White 60x110 cm,,,taxable,parent,0,0,,0,0,,110,60,0.6,0,,,676,,,,,,,56905091-H,,,,,,1,,,Size,60x110,,1,,,,,,,,,,,,,,,,,,,,,,,,,,,,,,,,,,,,,60x110,,,,,,,,,,,,1786453337,,,,,,,,,,,,83483,,,,,,,,,,,,,,,,,,,
40208,variation,56905096,,D-sign Rug 1D0492 White - 80x150,1,0,hidden,,D-sign Rug 1D0492 White 80x150 cm,,,taxable,parent,0,0,,0,0,,150,80,0.6,0,,,948,,,,,,,56905091-H,,,,,,2,,,Size,80x150,,1,,,,,,,,,,,,,,,,,,,,,,,,,,,,,,,,,,,,,80x150,,,,,,,,,,,,1786453339,,,,,,,,,,,,83484,,,,,,,,,,,,,,,,,,,
40209,variation,56905100,,D-sign Rug 1D0492 White - 120x170,1,0,hidden,,D-sign Rug 1D0492 White 120x170 cm,,,taxable,parent,0,0,,0,0,,170,120,0.6,0,,,1324,,,,,,,56905091-H,,,,,,3,,,Size,120x170,,1,,,,,,,,,,,,,,,,,,,,,,,,,,,,,,,,,,,,,120x170,,,,,,,,,,,,1786453339,,,,,,,,,,,,83485,,,,,,,,,,,,,,,,,,,
40210,variation,56905098,,D-sign Rug 1D0492 White - 140x200,1,0,hidden,,D-sign Rug 1D0492 White 140x200 cm,,,taxable,parent,0,0,,0,0,,200,140,0.6,0,,,1700,,,,,,,56905091-H,,,,,,4,,,Size,140x200,,1,,,,,,,,,,,,,,,,,,,,,,,,,,,,,,,,,,,,,140x200,,,,,,,,,,,,1786453339,,,,,,,,,,,,83486,,,,,,,,,,,,,,,,,,,
40211,variation,56905101,,D-sign Rug 1D0492 White - 160x230,1,0,hidden,,D-sign Rug 1D0492 White 160x230 cm,,,taxable,parent,0,0,,0,0,,230,160,0.6,0,,,2076,,,,,,,56905091-H,,,,,,5,,,Size,160x230,,1,,,,,,,,,,,,,,,,,,,,,,,,,,,,,,,,,,,,,160x230,,,,,,,,,,,,1786453340,,,,,,,,,,,,83487,,,,,,,,,,,,,,,,,,,
40212,variation,56905099,,D-sign Rug 1D0492 White - 200x290,1,0,hidden,,D-sign Rug 1D0492 White 200x290 cm,,,taxable,parent,0,0,,0,0,,290,200,0.6,0,,,3108,,,,,,,56905091-H,,,,,,6,,,Size,200x290,,1,,,,,,,,,,,,,,,,,,,,,,,,,,,,,,,,,,,,,200x290,,,,,,,,,,,,1786453339,,,,,,,,,,,,83488,,,,,,,,,,,,,,,,,,,
40218,variation,56905097,,D-sign Rug 1D0493 White - 60x110,1,0,hidden,,D-sign Rug 1D0493 White 60x110 cm,,,taxable,parent,0,0,,0,0,,110,60,0.6,0,,,676,,,,,,,56905097-H,,,,,,1,,,Size,60x110,,1,,,,,,,,,,,,,,,,,,,,,,,,,,,,,,,,,,,,,60x110,,,,,,,,,,,,,,,,,,,,,,,,83494,,,,,,,,,,,,,,,,,,,
40219,variation,56908523,,D-sign Rug 1D0493 White - 80x150,1,0,hidden,,D-sign Rug 1D0493 White 80x150 cm,,,taxable,parent,0,0,,0,0,,150,80,0.6,0,,,948,,,,,,,56905097-H,,,,,,2,,,Size,80x150,,1,,,,,,,,,,,,,,,,,,,,,,,,,,,,,,,,,,,,,80x150,,,,,,,,,,,,1786455523,,,,,,,,,,,,83495,,,,,,,,,,,,,,,,,,,
40220,variation,56908530,,D-sign Rug 1D0493 White - 120x170,1,0,hidden,,D-sign Rug 1D0493 White 120x170 cm,,,taxable,parent,0,0,,0,0,,170,120,0.6,0,,,1324,,,,,,,56905097-H,,,,,,3,,,Size,120x170,,1,,,,,,,,,,,,,,,,,,,,,,,,,,,,,,,,,,,,,120x170,,,,,,,,,,,,1786455525,,,,,,,,,,,,83496,,,,,,,,,,,,,,,,,,,
40221,variation,56908528,,D-sign Rug 1D0493 White - 140x200,1,0,hidden,,D-sign Rug 1D0493 White 140x200 cm,,,taxable,parent,0,0,,0,0,,200,140,0.6,0,,,1700,,,,,,,56905097-H,,,,,,4,,,Size,140x200,,1,,,,,,,,,,,,,,,,,,,,,,,,,,,,,,,,,,,,,140x200,,,,,,,,,,,,1786455525,,,,,,,,,,,,83497,,,,,,,,,,,,,,,,,,,
40222,variation,56908522,,D-sign Rug 1D0493 White - 160x230,1,0,hidden,,D-sign Rug 1D0493 White 160x230 cm,,,taxable,parent,0,0,,0,0,,230,160,0.6,0,,,2076,,,,,,,56905097-H,,,,,,5,,,Size,160x230,,1,,,,,,,,,,,,,,,,,,,,,,,,,,,,,,,,,,,,,160x230,,,,,,,,,,,,1786455523,,,,,,,,,,,,83498,,,,,,,,,,,,,,,,,,,
40223,variation,56908504,,D-sign Rug 1D0493 White - 200x290,1,0,hidden,,D-sign Rug 1D0493 White 200x290 cm,,,taxable,parent,0,0,,0,0,,290,200,0.6,0,,,3108,,,,,,,56905097-H,,,,,,6,,,Size,200x290,,1,,,,,,,,,,,,,,,,,,,,,,,,,,,,,,,,,,,,,200x290,,,,,,,,,,,,,,,,,,,,,,,,83499,,,,,,,,,,,,,,,,,,,
40229,variable,56905103-H,,D-sign Rug 1D0496 Green,1,0,hidden,D-sign Rug 1D0496 Green ,D-sign Rug 1D0496 Green ,,,taxable,,0,,,0,0,,,,,0,,,,"Rooms > Kitchen, Rooms > Living room, Rugs > Modern, Rugs, Rugs > Sisal",,,"https://rugshop.eu/wp-content/uploads/2021/10/carpet-color-19435-062-sisal-leaves-green-jungle.jpg, https://rugshop.eu/wp-content/uploads/2021/10/carpet-color-19435-062-sisal-leaves-green-jungle-1.jpg, https://rugshop.eu/wp-content/uploads/2021/10/carpet-color-19435-062-sisal-leaves-green-jungle-2.jpg, https://rugshop.eu/wp-content/uploads/2021/10/carpet-color-19435-062-sisal-leaves-green-jungle-3.jpg",,,,,,,,,924,,,Size,"120x170, 140x200, 160x230, 200x290, 80x150",1,1,Brand,D-sign,1,1,Color,Green,1,1,Type of color,Multicolor,1,1,Shape,Rectangular,1,1,Material,Polypropen,1,1,Type of rug,"Modern, Sisal",1,1,Weave,Machinemade,1,1,Age,New,1,1,,,,,,,,,default,default,default,default,,,,,1786455540,yes,yes,,,,,,,,,classic-editor,,,,,,,,,,,,,,,,,,,,
40230,variable,56905104-H,,D-sign Rug 1D0497 Beige,1,0,hidden,D-sign Rug 1D0497 Beige ,D-sign Rug 1D0497 Beige ,,,taxable,,0,,,0,0,,,,,0,,,,"Rooms > Kitchen, Rooms > Living room, Rugs > Modern, Rugs, Rugs > Sisal",,,"https://rugshop.eu/wp-content/uploads/2021/10/carpet-color-19436-062-sisal-diamonds-squares-beige.jpg, https://rugshop.eu/wp-content/uploads/2021/10/carpet-color-19436-062-sisal-diamonds-squares-beige-1.jpg, https://rugshop.eu/wp-content/uploads/2021/10/carpet-color-19436-062-sisal-diamonds-squares-beige-2.jpg, https://rugshop.eu/wp-content/uploads/2021/10/carpet-color-19436-062-sisal-diamonds-squares-beige-3.jpg",,,,,,,,,925,,,Size,"120x170, 140x200, 160x230, 200x290, 80x150",1,1,Brand,D-sign,1,1,Color,White-Beige,1,1,Type of color,Multicolor,1,1,Shape,Rectangular,1,1,Material,Polypropen,1,1,Type of rug,"Modern, Sisal",1,1,Weave,Machinemade,1,1,Age,New,1,1,,,,,,,,,default,default,default,default,,,,,1786455559,yes,yes,,,,,,,,,classic-editor,,,,,,,,,,,,,,,,,,,,
40231,variable,56905107-H,,D-sign Rug 1D0498 White,1,0,hidden,D-sign Rug 1D0498 White ,D-sign Rug 1D0498 White ,,,taxable,,0,,,0,0,,,,,0,,,,"Rooms > Kitchen, Rooms > Living room, Rugs > Modern, Rugs, Rugs > Sisal",,,"https://rugshop.eu/wp-content/uploads/2021/10/carpet-color-19443-062-sisal-diamonds-cream.jpg, https://rugshop.eu/wp-content/uploads/2021/10/carpet-color-19443-062-sisal-diamonds-cream-1.jpg, https://rugshop.eu/wp-content/uploads/2021/10/carpet-color-19443-062-sisal-diamonds-cream-2.jpg, https://rugshop.eu/wp-content/uploads/2021/10/carpet-color-19443-062-sisal-diamonds-cream-3.jpg",,,,,,,,,926,,,Size,"120x170, 140x200, 160x230, 200x290, 80x150",1,1,Brand,D-sign,1,1,Color,White-Beige,1,1,Type of color,Multicolor,1,1,Shape,Rectangular,1,1,Material,Polypropen,1,1,Type of rug,"Modern, Sisal",1,1,Weave,Machinemade,1,1,Age,New,1,1,,,,,,,,,default,default,default,default,,,,,1786455560,yes,yes,,,,,,,,,classic-editor,,,,,,,,,,,,,,,,,,,,
40232,variable,56905106-H,,D-sign Rug 1D0499 White,1,0,hidden,D-sign Rug 1D0499 White ,D-sign Rug 1D0499 White ,,,taxable,,0,,,0,0,,,,,0,,,,"Rooms > Kitchen, Rooms > Living room, Rugs > Modern, Rugs, Rugs > Sisal",,,"https://rugshop.eu/wp-content/uploads/2021/10/carpet-color-19447-062-sisal-diamonds-triangles-cream.jpg, https://rugshop.eu/wp-content/uploads/2021/10/carpet-color-19447-062-sisal-diamonds-triangles-cream-1.jpg, https://rugshop.eu/wp-content/uploads/2021/10/carpet-color-19447-062-sisal-diamonds-triangles-cream-2.jpg, https://rugshop.eu/wp-content/uploads/2021/10/carpet-color-19447-062-sisal-diamonds-triangles-cream-3.jpg",,,,,,,,,927,,,Size,"120x170, 140x200, 160x230, 200x290, 80x150",1,1,Brand,D-sign,1,1,Color,White-Beige,1,1,Type of color,Multicolor,1,1,Shape,Rectangular,1,1,Material,Polypropen,1,1,Type of rug,"Modern, Sisal",1,1,Weave,Machinemade,1,1,Age,New,1,1,,,,,,,,,default,default,default,default,,,,,1786455558,yes,yes,,,,,,,,,classic-editor,,,,,,,,,,,,,,,,,,,,
40233,variation,56905094,,D-sign Rug 1D0494 Green - 80x150,1,0,hidden,,D-sign Rug 1D0494 Green 80x150 cm,,,taxable,parent,0,0,,0,0,,150,80,0.6,0,,,948,,,,,,,56905094-H,,,,,,1,,,Size,80x150,,1,,,,,,,,,,,,,,,,,,,,,,,,,,,,,,,,,,,,,80x150,,,,,,,,,,,,1786453338,,,,,,,,,,,,83506,,,,,,,,,,,,,,,,,,,
40234,variation,56908506,,D-sign Rug 1D0494 Green - 120x170,1,0,hidden,,D-sign Rug 1D0494 Green 120x170 cm,,,taxable,parent,0,0,,0,0,,170,120,0.6,0,,,1324,,,,,,,56905094-H,,,,,,2,,,Size,120x170,,1,,,,,,,,,,,,,,,,,,,,,,,,,,,,,,,,,,,,,120x170,,,,,,,,,,,,,,,,,,,,,,,,83507,,,,,,,,,,,,,,,,,,,
40235,variation,56908513,,D-sign Rug 1D0494 Green - 140x200,1,0,hidden,,D-sign Rug 1D0494 Green 140x200 cm,,,taxable,parent,0,0,,0,0,,200,140,0.6,0,,,1700,,,,,,,56905094-H,,,,,,3,,,Size,140x200,,1,,,,,,,,,,,,,,,,,,,,,,,,,,,,,,,,,,,,,140x200,,,,,,,,,,,,1786455522,,,,,,,,,,,,83508,,,,,,,,,,,,,,,,,,,
40236,variation,56908505,,D-sign Rug 1D0494 Green - 160x230,1,0,hidden,,D-sign Rug 1D0494 Green 160x230 cm,,,taxable,parent,0,0,,0,0,,230,160,0.6,0,,,2076,,,,,,,56905094-H,,,,,,4,,,Size,160x230,,1,,,,,,,,,,,,,,,,,,,,,,,,,,,,,,,,,,,,,160x230,,,,,,,,,,,,1786455521,,,,,,,,,,,,83509,,,,,,,,,,,,,,,,,,,
40237,variation,56908502,,D-sign Rug 1D0494 Green - 200x290,1,0,hidden,,D-sign Rug 1D0494 Green 200x290 cm,,,taxable,parent,0,0,,0,0,,290,200,0.6,0,,,3108,,,,,,,56905094-H,,,,,,5,,,Size,200x290,,1,,,,,,,,,,,,,,,,,,,,,,,,,,,,,,,,,,,,,200x290,,,,,,,,,,,,,,,,,,,,,,,,83510,,,,,,,,,,,,,,,,,,,
40243,variation,56905095,,D-sign Rug 1D0495 Green - 80x150,1,0,hidden,,D-sign Rug 1D0495 Green 80x150 cm,,,taxable,parent,0,0,,0,0,,150,80,0.6,0,,,948,,,,,,,56905095-H,,,,,,1,,,Size,80x150,,1,,,,,,,,,,,,,,,,,,,,,,,,,,,,,,,,,,,,,80x150,,,,,,,,,,,,1786453338,,,,,,,,,,,,83511,,,,,,,,,,,,,,,,,,,
40244,variation,56908509,,D-sign Rug 1D0495 Green - 120x170,1,0,hidden,,D-sign Rug 1D0495 Green 120x170 cm,,,taxable,parent,0,0,,0,0,,170,120,0.6,0,,,1324,,,,,,,56905095-H,,,,,,2,,,Size,120x170,,1,,,,,,,,,,,,,,,,,,,,,,,,,,,,,,,,,,,,,120x170,,,,,,,,,,,,1786455522,,,,,,,,,,,,83512,,,,,,,,,,,,,,,,,,,
40245,variation,56908510,,D-sign Rug 1D0495 Green - 140x200,1,0,hidden,,D-sign Rug 1D0495 Green 140x200 cm,,,taxable,parent,0,0,,0,0,,200,140,0.6,0,,,1700,,,,,,,56905095-H,,,,,,3,,,Size,140x200,,1,,,,,,,,,,,,,,,,,,,,,,,,,,,,,,,,,,,,,140x200,,,,,,,,,,,,1786455522,,,,,,,,,,,,83513,,,,,,,,,,,,,,,,,,,
40246,variation,56908525,,D-sign Rug 1D0495 Green - 160x230,1,0,hidden,,D-sign Rug 1D0495 Green 160x230 cm,,,taxable,parent,0,0,,0,0,,230,160,0.6,0,,,2076,,,,,,,56905095-H,,,,,,4,,,Size,160x230,,1,,,,,,,,,,,,,,,,,,,,,,,,,,,,,,,,,,,,,160x230,,,,,,,,,,,,1786455524,,,,,,,,,,,,83514,,,,,,,,,,,,,,,,,,,
40247,variation,56905102,,D-sign Rug 1D0495 Green - 200x290,1,0,hidden,,D-sign Rug 1D0495 Green 200x290 cm,,,taxable,parent,0,0,,0,0,,290,200,0.6,0,,,3108,,,,,,,56905095-H,,,,,,5,,,Size,200x290,,1,,,,,,,,,,,,,,,,,,,,,,,,,,,,,,,,,,,,,200x290,,,,,,,,,,,,,,,,,,,,,,,,83515,,,,,,,,,,,,,,,,,,,
40253,variation,56905103,,D-sign Rug 1D0496 Green - 80x150,1,0,hidden,,D-sign Rug 1D0496 Green 80x150 cm,,,taxable,parent,0,0,,0,0,,150,80,0.6,0,,,948,,,,,,,56905103-H,,,,,,1,,,Size,80x150,,1,,,,,,,,,,,,,,,,,,,,,,,,,,,,,,,,,,,,,80x150,,,,,,,,,,,,1786453340,,,,,,,,,,,,83516,,,,,,,,,,,,,,,,,,,
40254,variation,56908524,,D-sign Rug 1D0496 Green - 120x170,1,0,hidden,,D-sign Rug 1D0496 Green 120x170 cm,,,taxable,parent,0,0,,0,0,,170,120,0.6,0,,,1324,,,,,,,56905103-H,,,,,,2,,,Size,120x170,,1,,,,,,,,,,,,,,,,,,,,,,,,,,,,,,,,,,,,,120x170,,,,,,,,,,,,1786455523,,,,,,,,,,,,83517,,,,,,,,,,,,,,,,,,,
40255,variation,56908527,,D-sign Rug 1D0496 Green - 140x200,1,0,hidden,,D-sign Rug 1D0496 Green 140x200 cm,,,taxable,parent,0,0,,0,0,,200,140,0.6,0,,,1700,,,,,,,56905103-H,,,,,,3,,,Size,140x200,,1,,,,,,,,,,,,,,,,,,,,,,,,,,,,,,,,,,,,,140x200,,,,,,,,,,,,1786455524,,,,,,,,,,,,83518,,,,,,,,,,,,,,,,,,,
40256,variation,56908531,,D-sign Rug 1D0496 Green - 160x230,1,0,hidden,,D-sign Rug 1D0496 Green 160x230 cm,,,taxable,parent,0,0,,0,0,,230,160,0.6,0,,,2076,,,,,,,56905103-H,,,,,,4,,,Size,160x230,,1,,,,,,,,,,,,,,,,,,,,,,,,,,,,,,,,,,,,,160x230,,,,,,,,,,,,,,,,,,,,,,,,83519,,,,,,,,,,,,,,,,,,,
40257,variation,56908554,,D-sign Rug 1D0496 Green - 200x290,1,0,hidden,,D-sign Rug 1D0496 Green 200x290 cm,,,taxable,parent,0,0,,0,0,,290,200,0.6,0,,,3108,,,,,,,56905103-H,,,,,,5,,,Size,200x290,,1,,,,,,,,,,,,,,,,,,,,,,,,,,,,,,,,,,,,,200x290,,,,,,,,,,,,,,,,,,,,,,,,83520,,,,,,,,,,,,,,,,,,,
40263,variable,56905126-H,,D-sign Rug 1D0500 Grey,1,0,hidden,D-sign Rug 1D0500 Grey ,D-sign Rug 1D0500 Grey ,,,taxable,,0,,,0,0,,,,,1,,,,"Rooms > Bedroom, Rooms > Living room, Rugs > Modern, Rugs",,,"https://rugshop.eu/wp-content/uploads/2021/10/carpet-nordic-canvas-grey-g4575.jpg, https://rugshop.eu/wp-content/uploads/2021/10/carpet-nordic-canvas-grey-g4575-1.jpg, https://rugshop.eu/wp-content/uploads/2021/10/carpet-nordic-canvas-grey-g4575-2.jpg, https://rugshop.eu/wp-content/uploads/2021/10/carpet-nordic-canvas-grey-g4575-3.jpg",,,,,,,,,928,,,Size,"120x170, 140x190, 160x220, 180x270, 200x290, 240x330, 280x370, 80x150",1,1,Brand,D-sign,1,1,Color,Blue,1,1,Type of color,Multicolor,1,1,Shape,Rectangular,1,1,Material,Polypropen,1,1,Type of rug,Modern,1,1,Weave,Machinemade,1,1,Country,Turkey,1,1,Age,New,1,1,,,,,,,,,,,,,1786455561,yes,yes,,,,,,,,,,,,,,,,,,,,,,,,,,,,,
40265,variation,56905104,,D-sign Rug 1D0497 Beige - 80x150,1,0,hidden,,D-sign Rug 1D0497 Beige 80x150 cm,,,taxable,parent,0,0,,0,0,,150,80,0.6,0,,,948,,,,,,,56905104-H,,,,,,1,,,Size,80x150,,1,,,,,,,,,,,,,,,,,,,,,,,,,,,,,,,,,,,,,80x150,,,,,,,,,,,,1786453340,,,,,,,,,,,,83527,,,,,,,,,,,,,,,,,,,
40266,variation,56908526,,D-sign Rug 1D0497 Beige - 120x170,1,0,hidden,,D-sign Rug 1D0497 Beige 120x170 cm,,,taxable,parent,0,0,,0,0,,170,120,0.6,0,,,1324,,,,,,,56905104-H,,,,,,2,,,Size,120x170,,1,,,,,,,,,,,,,,,,,,,,,,,,,,,,,,,,,,,,,120x170,,,,,,,,,,,,1786455524,,,,,,,,,,,,83528,,,,,,,,,,,,,,,,,,,
40267,variation,56908529,,D-sign Rug 1D0497 Beige - 140x200,1,0,hidden,,D-sign Rug 1D0497 Beige 140x200 cm,,,taxable,parent,0,0,,0,0,,200,140,0.6,0,,,1700,,,,,,,56905104-H,,,,,,3,,,Size,140x200,,1,,,,,,,,,,,,,,,,,,,,,,,,,,,,,,,,,,,,,140x200,,,,,,,,,,,,1786455525,,,,,,,,,,,,83529,,,,,,,,,,,,,,,,,,,
40268,variation,56908555,,D-sign Rug 1D0497 Beige - 160x230,1,0,hidden,,D-sign Rug 1D0497 Beige 160x230 cm,,,taxable,parent,0,0,,0,0,,230,160,0.6,0,,,2076,,,,,,,56905104-H,,,,,,4,,,Size,160x230,,1,,,,,,,,,,,,,,,,,,,,,,,,,,,,,,,,,,,,,160x230,,,,,,,,,,,,1786455547,,,,,,,,,,,,83530,,,,,,,,,,,,,,,,,,,
40269,variation,56905105,,D-sign Rug 1D0497 Beige - 200x290,1,0,hidden,,D-sign Rug 1D0497 Beige 200x290 cm,,,taxable,parent,0,0,,0,0,,290,200,0.6,0,,,3108,,,,,,,56905104-H,,,,,,5,,,Size,200x290,,1,,,,,,,,,,,,,,,,,,,,,,,,,,,,,,,,,,,,,200x290,,,,,,,,,,,,1786453340,,,,,,,,,,,,83531,,,,,,,,,,,,,,,,,,,
40275,variation,56905107,,D-sign Rug 1D0498 White - 80x150,1,0,hidden,,D-sign Rug 1D0498 White 80x150 cm,,,taxable,parent,0,0,,0,0,,150,80,0.6,0,,,948,,,,,,,56905107-H,,,,,,1,,,Size,80x150,,1,,,,,,,,,,,,,,,,,,,,,,,,,,,,,,,,,,,,,80x150,,,,,,,,,,,,1786453341,,,,,,,,,,,,83537,,,,,,,,,,,,,,,,,,,
40276,variation,56908561,,D-sign Rug 1D0498 White - 120x170,1,0,hidden,,D-sign Rug 1D0498 White 120x170 cm,,,taxable,parent,0,0,,0,0,,170,120,0.6,0,,,1324,,,,,,,56905107-H,,,,,,2,,,Size,120x170,,1,,,,,,,,,,,,,,,,,,,,,,,,,,,,,,,,,,,,,120x170,,,,,,,,,,,,1786455548,,,,,,,,,,,,83538,,,,,,,,,,,,,,,,,,,
40277,variation,56908558,,D-sign Rug 1D0498 White - 140x200,1,0,hidden,,D-sign Rug 1D0498 White 140x200 cm,,,taxable,parent,0,0,,0,0,,200,140,0.6,0,,,1700,,,,,,,56905107-H,,,,,,3,,,Size,140x200,,1,,,,,,,,,,,,,,,,,,,,,,,,,,,,,,,,,,,,,140x200,,,,,,,,,,,,1786455548,,,,,,,,,,,,83539,,,,,,,,,,,,,,,,,,,
40278,variation,56908557,,D-sign Rug 1D0498 White - 160x230,1,0,hidden,,D-sign Rug 1D0498 White 160x230 cm,,,taxable,parent,0,0,,0,0,,230,160,0.6,0,,,2076,,,,,,,56905107-H,,,,,,4,,,Size,160x230,,1,,,,,,,,,,,,,,,,,,,,,,,,,,,,,,,,,,,,,160x230,,,,,,,,,,,,1786455548,,,,,,,,,,,,83540,,,,,,,,,,,,,,,,,,,
40279,variation,56908560,,D-sign Rug 1D0498 White - 200x290,1,0,hidden,,D-sign Rug 1D0498 White 200x290 cm,,,taxable,parent,0,0,,0,0,,290,200,0.6,0,,,3108,,,,,,,56905107-H,,,,,,5,,,Size,200x290,,1,,,,,,,,,,,,,,,,,,,,,,,,,,,,,,,,,,,,,200x290,,,,,,,,,,,,1786455548,,,,,,,,,,,,83541,,,,,,,,,,,,,,,,,,,
40285,variation,56905106,,D-sign Rug 1D0499 White - 80x150,1,0,hidden,,D-sign Rug 1D0499 White 80x150 cm,,,taxable,parent,0,0,,0,0,,150,80,0.6,0,,,948,,,,,,,56905106-H,,,,,,1,,,Size,80x150,,1,,,,,,,,,,,,,,,,,,,,,,,,,,,,,,,,,,,,,80x150,,,,,,,,,,,,,,,,,,,,,,,,83542,,,,,,,,,,,,,,,,,,,
40286,variation,56908552,,D-sign Rug 1D0499 White - 120x170,1,0,hidden,,D-sign Rug 1D0499 White 120x170 cm,,,taxable,parent,0,0,,0,0,,170,120,0.6,0,,,1324,,,,,,,56905106-H,,,,,,2,,,Size,120x170,,1,,,,,,,,,,,,,,,,,,,,,,,,,,,,,,,,,,,,,120x170,,,,,,,,,,,,1786455525,,,,,,,,,,,,83543,,,,,,,,,,,,,,,,,,,
40287,variation,56908556,,D-sign Rug 1D0499 White - 140x200,1,0,hidden,,D-sign Rug 1D0499 White 140x200 cm,,,taxable,parent,0,0,,0,0,,200,140,0.6,0,,,1700,,,,,,,56905106-H,,,,,,3,,,Size,140x200,,1,,,,,,,,,,,,,,,,,,,,,,,,,,,,,,,,,,,,,140x200,,,,,,,,,,,,1786455547,,,,,,,,,,,,83544,,,,,,,,,,,,,,,,,,,
40288,variation,56908553,,D-sign Rug 1D0499 White - 160x230,1,0,hidden,,D-sign Rug 1D0499 White 160x230 cm,,,taxable,parent,0,0,,0,0,,230,160,0.6,0,,,2076,,,,,,,56905106-H,,,,,,4,,,Size,160x230,,1,,,,,,,,,,,,,,,,,,,,,,,,,,,,,,,,,,,,,160x230,,,,,,,,,,,,1786455547,,,,,,,,,,,,83545,,,,,,,,,,,,,,,,,,,
40289,variation,56905124,,D-sign Rug 1D0499 White - 200x290,1,0,hidden,,D-sign Rug 1D0499 White 200x290 cm,,,taxable,parent,0,0,,0,0,,290,200,0.6,0,,,3108,,,,,,,56905106-H,,,,,,5,,,Size,200x290,,1,,,,,,,,,,,,,,,,,,,,,,,,,,,,,,,,,,,,,200x290,,,,,,,,,,,,1786453372,,,,,,,,,,,,83546,,,,,,,,,,,,,,,,,,,
40297,variation,56905126,,D-sign Rug 1D0500 Grey - 80x150,1,0,hidden,,D-sign Rug 1D0500 Grey 80x150 cm,,,taxable,parent,0,0,,0,0,,150,80,1.3,0,,,860,,,,,,,56905126-H,,,,,,1,,,Size,80x150,,1,,,,,,,,,,,,,,,,,,,,,,,,,,,,,,,,,,,,,80x150,,,,,,,,,,,,1786453373,,,,,,,,,,,,84043,,,,,,,,,,,,,,,,,,,
40298,variation,56908576,,D-sign Rug 1D0500 Grey - 120x170,1,0,hidden,,D-sign Rug 1D0500 Grey 120x170 cm,,,taxable,parent,0,0,,0,0,,170,120,1.3,0,,,1324,,,,,,,56905126-H,,,,,,2,,,Size,120x170,,1,,,,,,,,,,,,,,,,,,,,,,,,,,,,,,,,,,,,,120x170,,,,,,,,,,,,1786455550,,,,,,,,,,,,84044,,,,,,,,,,,,,,,,,,,
40299,variation,56908559,,D-sign Rug 1D0500 Grey - 140x190,1,0,hidden,,D-sign Rug 1D0500 Grey 140x190 cm,,,taxable,parent,0,0,,0,0,,190,140,1.3,0,,,1564,,,,,,,56905126-H,,,,,,3,,,Size,140x190,,1,,,,,,,,,,,,,,,,,,,,,,,,,,,,,,,,,,,,,140x190,,,,,,,,,,,,,,,,,,,,,,,,84045,,,,,,,,,,,,,,,,,,,
40300,variation,56908577,,D-sign Rug 1D0500 Grey - 160x220,1,0,hidden,,D-sign Rug 1D0500 Grey 160x220 cm,,,taxable,parent,0,0,,0,0,,220,160,1.3,0,,,1796,,,,,,,56905126-H,,,,,,4,,,Size,160x220,,1,,,,,,,,,,,,,,,,,,,,,,,,,,,,,,,,,,,,,160x220,,,,,,,,,,,,,,,,,,,,,,,,84046,,,,,,,,,,,,,,,,,,,
40301,variation,56908573,,D-sign Rug 1D0500 Grey - 180x270,1,0,hidden,,D-sign Rug 1D0500 Grey 180x270 cm,,,taxable,parent,0,0,,0,0,,270,180,1.3,0,,,2452,,,,,,,56905126-H,,,,,,5,,,Size,180x270,,1,,,,,,,,,,,,,,,,,,,,,,,,,,,,,,,,,,,,,180x270,,,,,,,,,,,,,,,,,,,,,,,,84047,,,,,,,,,,,,,,,,,,,
40302,variation,56908574,,D-sign Rug 1D0500 Grey - 200x290,1,0,hidden,,D-sign Rug 1D0500 Grey 200x290 cm,,,taxable,parent,0,0,,0,0,,290,200,1.3,0,,,2836,,,,,,,56905126-H,,,,,,6,,,Size,200x290,,1,,,,,,,,,,,,,,,,,,,,,,,,,,,,,,,,,,,,,200x290,,,,,,,,,,,,1786455549,,,,,,,,,,,,84048,,,,,,,,,,,,,,,,,,,
40303,variation,56908575,,D-sign Rug 1D0500 Grey - 240x330,1,0,hidden,,D-sign Rug 1D0500 Grey 240x330 cm,,,taxable,parent,0,0,,0,0,,330,240,1.3,0,,,3868,,,,,,,56905126-H,,,,,,7,,,Size,240x330,,1,,,,,,,,,,,,,,,,,,,,,,,,,,,,,,,,,,,,,240x330,,,,,,,,,,,,,,,,,,,,,,,,84049,,,,,,,,,,,,,,,,,,,
40304,variation,56905128,,D-sign Rug 1D0500 Grey - 280x370,1,0,hidden,,D-sign Rug 1D0501 Grey 280x370 cm,,,taxable,parent,0,0,,0,0,,370,280,1.3,0,,,4900,,,,,,,56905126-H,,,,,,8,,,Size,280x370,,1,,,,,,,,,,,,,,,,,,,,,,,,,,,,,,,,,,,,,280x370,,,,,,,,,,,,1786453374,,,,,,,,,,,,84050,,,,,,,,,,,,,,,,,,,
40421,variable,56905168-H,,D-sign Rug 1D0511 Grey,1,0,hidden,D-sign Rug 1D0511 Grey ,D-sign Rug 1D0511 Grey ,,,taxable,,0,,,0,0,,,,,1,,,,"Rooms > Bedroom, Rooms > Living room, Rugs > Modern, Rugs",,,"https://rugshop.eu/wp-content/uploads/2021/10/carpet-nordic-nordic-grey-g4574.jpg, https://rugshop.eu/wp-content/uploads/2021/10/carpet-nordic-nordic-grey-g4574-1.jpg, https://rugshop.eu/wp-content/uploads/2021/10/carpet-nordic-nordic-grey-g4574-2.jpg, https://rugshop.eu/wp-content/uploads/2021/10/carpet-nordic-nordic-grey-g4574-3.jpg",,,,,,,,,939,,,Size,"120x170, 140x190, 160x220, 180x270, 200x290, 240x330, 280x370, 80x150",1,1,Brand,D-sign,1,1,Color,Blue,1,1,Type of color,Multicolor,1,1,Shape,Rectangular,1,1,Material,Polypropen,1,1,Type of rug,Modern,1,1,Weave,Machinemade,1,1,Country,Turkey,1,1,Age,New,1,1,,,,,,,,,,,,,1786453392,yes,yes,,,,,,,,,,,,,,,,,,,,,,,,,,,,,
40422,variable,56905169-H,,D-sign Rug 1D0512 White,1,0,hidden,D-sign Rug 1D0512 White ,D-sign Rug 1D0512 White ,,,taxable,,0,,,0,0,,,,,1,,,,"Rooms > Bedroom, Rooms > Living room, Rugs > Modern, Rugs",,,"https://rugshop.eu/wp-content/uploads/2021/10/carpet-nordic-nordic-cream-g4574.jpg, https://rugshop.eu/wp-content/uploads/2021/10/carpet-nordic-nordic-cream-g4574-1.jpg, https://rugshop.eu/wp-content/uploads/2021/10/carpet-nordic-nordic-cream-g4574-2.jpg, https://rugshop.eu/wp-content/uploads/2021/10/carpet-nordic-nordic-cream-g4574-3.jpg",,,,,,,,,940,,,Size,"120x170, 140x190, 160x220, 180x270, 200x290, 240x330, 280x370, 80x150",1,1,Brand,D-sign,1,1,Color,Blue,1,1,Type of color,Multicolor,1,1,Shape,Rectangular,1,1,Material,Polypropen,1,1,Type of rug,Modern,1,1,Weave,Machinemade,1,1,Country,Turkey,1,1,Age,New,1,1,,,,,,,,,,,,,1786453396,yes,yes,,,,,,,,,,,,,,,,,,,,,,,,,,,,,
40449,variation,56905168,,D-sign Rug 1D0511 Grey - 80x150,1,0,hidden,,D-sign Rug 1D0511 Grey 80x150 cm,,,taxable,parent,0,0,,0,0,,150,80,1.3,0,,,860,,,,,,,56905168-H,,,,,,1,,,Size,80x150,,1,,,,,,,,,,,,,,,,,,,,,,,,,,,,,,,,,,,,,80x150,,,,,,,,,,,,1786453374,,,,,,,,,,,,84187,,,,,,,,,,,,,,,,,,,
40450,variation,56905170,,D-sign Rug 1D0511 Grey - 120x170,1,0,hidden,,D-sign Rug 1D0511 Grey 120x170 cm,,,taxable,parent,0,0,,0,0,,170,120,1.3,0,,,1324,,,,,,,56905168-H,,,,,,2,,,Size,120x170,,1,,,,,,,,,,,,,,,,,,,,,,,,,,,,,,,,,,,,,120x170,,,,,,,,,,,,1786453375,,,,,,,,,,,,84188,,,,,,,,,,,,,,,,,,,
40451,variation,56905173,,D-sign Rug 1D0511 Grey - 140x190,1,0,hidden,,D-sign Rug 1D0511 Grey 140x190 cm,,,taxable,parent,0,0,,0,0,,190,140,1.3,0,,,1564,,,,,,,56905168-H,,,,,,3,,,Size,140x190,,1,,,,,,,,,,,,,,,,,,,,,,,,,,,,,,,,,,,,,140x190,,,,,,,,,,,,,,,,,,,,,,,,84189,,,,,,,,,,,,,,,,,,,
40452,variation,56905175,,D-sign Rug 1D0511 Grey - 160x220,1,0,hidden,,D-sign Rug 1D0511 Grey 160x220 cm,,,taxable,parent,0,0,,0,0,,220,160,1.3,0,,,1796,,,,,,,56905168-H,,,,,,4,,,Size,160x220,,1,,,,,,,,,,,,,,,,,,,,,,,,,,,,,,,,,,,,,160x220,,,,,,,,,,,,,,,,,,,,,,,,84190,,,,,,,,,,,,,,,,,,,
40453,variation,56905174,,D-sign Rug 1D0511 Grey - 180x270,1,0,hidden,,D-sign Rug 1D0511 Grey 180x270 cm,,,taxable,parent,0,0,,0,0,,270,180,1.3,0,,,2452,,,,,,,56905168-H,,,,,,5,,,Size,180x270,,1,,,,,,,,,,,,,,,,,,,,,,,,,,,,,,,,,,,,,180x270,,,,,,,,,,,,,,,,,,,,,,,,84191,,,,,,,,,,,,,,,,,,,
40454,variation,56905172,,D-sign Rug 1D0511 Grey - 200x290,1,0,hidden,,D-sign Rug 1D0511 Grey 200x290 cm,,,taxable,parent,0,0,,0,0,,290,200,1.3,0,,,2836,,,,,,,56905168-H,,,,,,6,,,Size,200x290,,1,,,,,,,,,,,,,,,,,,,,,,,,,,,,,,,,,,,,,200x290,,,,,,,,,,,,,,,,,,,,,,,,84192,,,,,,,,,,,,,,,,,,,
40455,variation,56905171,,D-sign Rug 1D0511 Grey - 240x330,1,0,hidden,,D-sign Rug 1D0511 Grey 240x330 cm,,,taxable,parent,0,0,,0,0,,330,240,1.3,0,,,3868,,,,,,,56905168-H,,,,,,7,,,Size,240x330,,1,,,,,,,,,,,,,,,,,,,,,,,,,,,,,,,,,,,,,240x330,,,,,,,,,,,,,,,,,,,,,,,,84193,,,,,,,,,,,,,,,,,,,
40456,variation,56905176,,D-sign Rug 1D0511 Grey - 280x370,1,0,hidden,,D-sign Rug 1D0511 Grey 280x370 cm,,,taxable,parent,0,0,,0,0,,370,280,1.3,0,,,4900,,,,,,,56905168-H,,,,,,8,,,Size,280x370,,1,,,,,,,,,,,,,,,,,,,,,,,,,,,,,,,,,,,,,280x370,,,,,,,,,,,,1786453375,,,,,,,,,,,,84194,,,,,,,,,,,,,,,,,,,
40465,variation,56905169,,D-sign Rug 1D0512 White - 80x150,1,0,hidden,,D-sign Rug 1D0512 White 80x150 cm,,,taxable,parent,0,0,,0,0,,150,80,1.3,0,,,860,,,,,,,56905169-H,,,,,,1,,,Size,80x150,,1,,,,,,,,,,,,,,,,,,,,,,,,,,,,,,,,,,,,,80x150,,,,,,,,,,,,,,,,,,,,,,,,84203,,,,,,,,,,,,,,,,,,,
40466,variation,56908687,,D-sign Rug 1D0512 White - 120x170,1,0,hidden,,D-sign Rug 1D0512 White 120x170 cm,,,taxable,parent,0,0,,0,0,,170,120,1.3,0,,,1324,,,,,,,56905169-H,,,,,,2,,,Size,120x170,,1,,,,,,,,,,,,,,,,,,,,,,,,,,,,,,,,,,,,,120x170,,,,,,,,,,,,,,,,,,,,,,,,84204,,,,,,,,,,,,,,,,,,,
40467,variation,56905177,,D-sign Rug 1D0512 White - 140x190,1,0,hidden,,D-sign Rug 1D0512 White 140x190 cm,,,taxable,parent,0,0,,0,0,,190,140,1.3,0,,,1564,,,,,,,56905169-H,,,,,,3,,,Size,140x190,,1,,,,,,,,,,,,,,,,,,,,,,,,,,,,,,,,,,,,,140x190,,,,,,,,,,,,,,,,,,,,,,,,84205,,,,,,,,,,,,,,,,,,,
40468,variation,56905183,,D-sign Rug 1D0512 White - 160x220,1,0,hidden,,D-sign Rug 1D0512 White 160x220 cm,,,taxable,parent,0,0,,0,0,,220,160,1.3,0,,,1796,,,,,,,56905169-H,,,,,,4,,,Size,160x220,,1,,,,,,,,,,,,,,,,,,,,,,,,,,,,,,,,,,,,,160x220,,,,,,,,,,,,,,,,,,,,,,,,84206,,,,,,,,,,,,,,,,,,,
40469,variation,56905179,,D-sign Rug 1D0512 White - 180x270,1,0,hidden,,D-sign Rug 1D0512 White 180x270 cm,,,taxable,parent,0,0,,0,0,,270,180,1.3,0,,,2452,,,,,,,56905169-H,,,,,,5,,,Size,180x270,,1,,,,,,,,,,,,,,,,,,,,,,,,,,,,,,,,,,,,,180x270,,,,,,,,,,,,,,,,,,,,,,,,84207,,,,,,,,,,,,,,,,,,,
40470,variation,56905178,,D-sign Rug 1D0512 White - 200x290,1,0,hidden,,D-sign Rug 1D0512 White 200x290 cm,,,taxable,parent,0,0,,0,0,,290,200,1.3,0,,,2836,,,,,,,56905169-H,,,,,,6,,,Size,200x290,,1,,,,,,,,,,,,,,,,,,,,,,,,,,,,,,,,,,,,,200x290,,,,,,,,,,,,,,,,,,,,,,,,84208,,,,,,,,,,,,,,,,,,,
40471,variation,56905180,,D-sign Rug 1D0512 White - 240x330,1,0,hidden,,D-sign Rug 1D0512 White 240x330 cm,,,taxable,parent,0,0,,0,0,,330,240,1.3,0,,,3868,,,,,,,56905169-H,,,,,,7,,,Size,240x330,,1,,,,,,,,,,,,,,,,,,,,,,,,,,,,,,,,,,,,,240x330,,,,,,,,,,,,,,,,,,,,,,,,84209,,,,,,,,,,,,,,,,,,,
40472,variation,56905181,,D-sign Rug 1D0512 White - 280x370,1,0,hidden,,D-sign Rug 1D0512 White 280x370 cm,,,taxable,parent,0,0,,0,0,,370,280,1.3,0,,,4900,,,,,,,56905169-H,,,,,,8,,,Size,280x370,,1,,,,,,,,,,,,,,,,,,,,,,,,,,,,,,,,,,,,,280x370,,,,,,,,,,,,1786453376,,,,,,,,,,,,84210,,,,,,,,,,,,,,,,,,,
40727,variable,56905287-H,,D-sign Rug 1D0537 Grey,1,0,hidden,D-sign Rug 1D0537 Grey ,D-sign Rug 1D0537 Grey ,,,taxable,,0,,,0,0,,,,,1,,,,"Rooms > Bedroom, Rooms > Living room, Rugs > Modern, Rugs",,,"https://rugshop.eu/wp-content/uploads/2021/10/carpet-bcf-base-cube-3956-squares-grey.jpg, https://rugshop.eu/wp-content/uploads/2021/10/carpet-bcf-base-cube-3956-squares-grey-1.jpg, https://rugshop.eu/wp-content/uploads/2021/10/carpet-bcf-base-cube-3956-squares-grey-2.jpg, https://rugshop.eu/wp-content/uploads/2021/10/carpet-bcf-base-cube-3956-squares-grey-3.jpg",,,,,,,,,965,,,Size,"120x160, 140x190, 160x220, 185x270, 200x300, 250x350, 300x400",1,1,Brand,D-sign,1,1,Color,Black-Grey,1,1,Type of color,Multicolor,1,1,Shape,Rectangular,1,1,Material,Polypropen,1,1,Type of rug,Modern,1,1,Weave,Machinemade,1,1,Age,New,1,1,,,,,,,,,,,,,,,,,1786455832,yes,yes,,,,,,,,,,,,,,,,,,,,,,,,,,,,,
40768,variation,56905287,,D-sign Rug 1D0537 Grey - 120x160,1,0,hidden,,D-sign Rug 1D0537 Grey 120x160 cm,,,taxable,parent,0,0,,0,0,,160,120,1,0,,416,748,,,,,,,56905287-H,,,,,,1,,,Size,120x160,,1,,,,,,,,,,,,,,,,,,,,,,,,,,,,,,,,,,,,,120x160,,,,,,,,,,,,,,,,,,,,,,,,84492,,,,,,,,,,,,,,,,,,,
40769,variation,56910074,,D-sign Rug 1D0537 Grey - 140x190,1,0,hidden,,D-sign Rug 1D0537 Grey 140x190 cm,,,taxable,parent,0,0,,0,0,,190,140,1,0,,"493,6",884,,,,,,,56905287-H,,,,,,2,,,Size,140x190,,1,,,,,,,,,,,,,,,,,,,,,,,,,,,,,,,,,,,,,140x190,,,,,,,,,,,,,,,,,,,,,,,,84493,,,,,,,,,,,,,,,,,,,
40770,variation,56910072,,D-sign Rug 1D0537 Grey - 160x220,1,0,hidden,,D-sign Rug 1D0537 Grey 160x220 cm,,,taxable,parent,0,0,,0,0,,220,160,1,0,,572,1028,,,,,,,56905287-H,,,,,,3,,,Size,160x220,,1,,,,,,,,,,,,,,,,,,,,,,,,,,,,,,,,,,,,,160x220,,,,,,,,,,,,,,,,,,,,,,,,84494,,,,,,,,,,,,,,,,,,,
40771,variation,56910066,,D-sign Rug 1D0537 Grey - 185x270,1,0,hidden,,D-sign Rug 1D0537 Grey 185x270 cm,,,taxable,parent,0,0,,0,0,,270,185,1,0,,"715,2",1284,,,,,,,56905287-H,,,,,,4,,,Size,185x270,,1,,,,,,,,,,,,,,,,,,,,,,,,,,,,,,,,,,,,,185x270,,,,,,,,,,,,1786455813,,,,,,,,,,,,84495,,,,,,,,,,,,,,,,,,,
40772,variation,56910075,,D-sign Rug 1D0537 Grey - 200x300,1,0,hidden,,D-sign Rug 1D0537 Grey 200x300 cm,,,taxable,parent,0,0,,0,0,,300,200,1,0,,"869,6",1564,,,,,,,56905287-H,,,,,,5,,,Size,200x300,,1,,,,,,,,,,,,,,,,,,,,,,,,,,,,,,,,,,,,,200x300,,,,,,,,,,,,,,,,,,,,,,,,84496,,,,,,,,,,,,,,,,,,,
40773,variation,56910082,,D-sign Rug 1D0537 Grey - 250x350,1,0,hidden,,D-sign Rug 1D0537 Grey 250x350 cm,,,taxable,parent,0,0,,0,0,,350,250,1,0,,"1080,8",1940,,,,,,,56905287-H,,,,,,6,,,Size,250x350,,1,,,,,,,,,,,,,,,,,,,,,,,,,,,,,,,,,,,,,250x350,,,,,,,,,,,,,,,,,,,,,,,,84497,,,,,,,,,,,,,,,,,,,
40774,variation,56910084,,D-sign Rug 1D0537 Grey - 300x400,1,0,hidden,,D-sign Rug 1D0537 Grey 300x400 cm,,,taxable,parent,0,0,,0,0,,400,300,1,0,,1420,2548,,,,,,,56905287-H,,,,,,7,,,Size,300x400,,1,,,,,,,,,,,,,,,,,,,,,,,,,,,,,,,,,,,,,300x400,,,,,,,,,,,,,,,,,,,,,,,,84498,,,,,,,,,,,,,,,,,,,
40792,variable,56905342-H,,D-sign Rug 1D0545 Grey,1,0,hidden,D-sign Rug 1D0545 Grey ,D-sign Rug 1D0545 Grey ,,,taxable,,0,,,0,0,,,,,1,,,,"Rooms > Bedroom, Rooms > Living room, Rugs > Modern, Rugs",,,"https://rugshop.eu/wp-content/uploads/2021/10/carpet-bcf-base-zick-3963-zigzag-grey.jpg, https://rugshop.eu/wp-content/uploads/2021/10/carpet-bcf-base-zick-3963-zigzag-grey-1.jpg, https://rugshop.eu/wp-content/uploads/2021/10/carpet-bcf-base-zick-3963-zigzag-grey-2.jpg, https://rugshop.eu/wp-content/uploads/2021/10/carpet-bcf-base-zick-3963-zigzag-grey-3.jpg",,,,,,,,,973,,,Size,"120x160, 140x190, 160x220, 200x300",1,1,Brand,D-sign,1,1,Color,Black-Grey,1,1,Type of color,Multicolor,1,1,Shape,Rectangular,1,1,Material,Polypropen,1,1,Type of rug,Modern,1,1,Weave,Machinemade,1,1,Age,New,1,1,,,,,,,,,,,,,,,,,1786455838,yes,yes,,,,,,,,,,,,,,,,,,,,,,,,,,,,,
40852,variable,56905490-H,,D-sign Rug 1D0233 Yellow,1,0,hidden,D-sign Rug 1D0233 Yellow ,D-sign Rug 1D0233 Yellow ,,,taxable,,0,,,0,0,,,,,1,,,,"Rooms > Bedroom, Rooms > Living room, Rugs, Rugs > Vintage",,,"https://rugshop.eu/wp-content/uploads/2021/10/carpet-vintage-rosette-22206-025-yellow.jpg, https://rugshop.eu/wp-content/uploads/2021/10/carpet-vintage-rosette-22206-025-yellow-1.jpg",,,,,,,,,675,,,Size,"120x170, 140x200, 160x230, 200x290, 80x150",1,1,Brand,D-sign,1,1,Color,Yellow-Brown,1,1,Type of color,Multicolor,1,1,Shape,Rectangular,1,1,Material,Polypropen,1,1,Type of rug,Vintage / Colored Vintage,1,1,Weave,Machinemade,1,1,Age,New,1,1,,,,,,,,,,,,,,,,,1786453452,yes,yes,,,,,,,,,,,,,,,,,,,,,,,,,,,,,
40853,variation,56905342,,D-sign Rug 1D0545 Grey - 120x160,1,0,hidden,,D-sign Rug 1D0545 Grey 120x160 cm,,,taxable,parent,0,0,,0,0,,160,120,1,0,,,748,,,,,,,56905342-H,,,,,,1,,,Size,120x160,,1,,,,,,,,,,,,,,,,,,,,,,,,,,,,,,,,,,,,,120x160,,,,,,,,,,,,,,,,,,,,,,,,84858,,,,,,,,,,,,,,,,,,,
40854,variation,56910135,,D-sign Rug 1D0545 Grey - 140x190,1,0,hidden,,D-sign Rug 1D0545 Grey 140x190 cm,,,taxable,parent,0,0,,0,0,,190,140,1,0,,,884,,,,,,,56905342-H,,,,,,2,,,Size,140x190,,1,,,,,,,,,,,,,,,,,,,,,,,,,,,,,,,,,,,,,140x190,,,,,,,,,,,,1786455816,,,,,,,,,,,,84859,,,,,,,,,,,,,,,,,,,
40855,variation,56910130,,D-sign Rug 1D0545 Grey - 160x220,1,0,hidden,,D-sign Rug 1D0545 Grey 160x220 cm,,,taxable,parent,0,0,,0,0,,220,160,1,0,,,1028,,,,,,,56905342-H,,,,,,3,,,Size,160x220,,1,,,,,,,,,,,,,,,,,,,,,,,,,,,,,,,,,,,,,160x220,,,,,,,,,,,,,,,,,,,,,,,,84860,,,,,,,,,,,,,,,,,,,
40856,variation,56910134,,D-sign Rug 1D0545 Grey - 200x300,1,0,hidden,,D-sign Rug 1D0545 Grey 200x300 cm,,,taxable,parent,0,0,,0,0,,300,200,1,0,,,1564,,,,,,,56905342-H,,,,,,4,,,Size,200x300,,1,,,,,,,,,,,,,,,,,,,,,,,,,,,,,,,,,,,,,200x300,,,,,,,,,,,,,,,,,,,,,,,,84861,,,,,,,,,,,,,,,,,,,
40907,variation,56905490,,D-sign Rug 1D0233 Yellow - 80x150,1,0,hidden,,D-sign Rug 1D0233 Yellow 80x150 cm,,,taxable,parent,0,0,,0,0,,150,80,0.3,0,,,788,,,,,,,56905490-H,,,,,,1,,,Size,80x150,,1,,,,,,,,,,,,,,,,,,,,,,,,,,,,,,,,,,,,,80x150,,,,,,,,,,,,1786453436,,,,,,,,,,,,85457,,,,,,,,,,,,,,,,,,,
40908,variation,56910152,,D-sign Rug 1D0233 Yellow - 120x170,1,0,hidden,,D-sign Rug 1D0233 Yellow 120x170 cm,,,taxable,parent,0,0,,0,0,,170,120,0.3,0,,,1092,,,,,,,56905490-H,,,,,,2,,,Size,120x170,,1,,,,,,,,,,,,,,,,,,,,,,,,,,,,,,,,,,,,,120x170,,,,,,,,,,,,,,,,,,,,,,,,72025,,,,,,,,,,,,,,,,,,,
40909,variation,56905501,,D-sign Rug 1D0233 Yellow - 140x200,1,0,hidden,,D-sign Rug 1D0233 Yellow 140x200 cm,,,taxable,parent,0,0,,0,0,,200,140,0.3,0,,,1372,,,,,,,56905490-H,,,,,,3,,,Size,140x200,,1,,,,,,,,,,,,,,,,,,,,,,,,,,,,,,,,,,,,,140x200,,,,,,,,,,,,,,,,,,,,,,,,72026,,,,,,,,,,,,,,,,,,,
40910,variation,56905503,,D-sign Rug 1D0233 Yellow - 160x230,1,0,hidden,,D-sign Rug 1D0233 Yellow 160x230 cm,,,taxable,parent,0,0,,0,0,,230,160,0.3,0,,,1612,,,,,,,56905490-H,,,,,,4,,,Size,160x230,,1,,,,,,,,,,,,,,,,,,,,,,,,,,,,,,,,,,,,,160x230,,,,,,,,,,,,,,,,,,,,,,,,72027,,,,,,,,,,,,,,,,,,,
40911,variation,56905502,,D-sign Rug 1D0233 Yellow - 200x290,1,0,hidden,,D-sign Rug 1D0233 Yellow 200x290 cm,,,taxable,parent,0,0,,0,0,,290,200,0.3,0,,,2356,,,,,,,56905490-H,,,,,,5,,,Size,200x290,,1,,,,,,,,,,,,,,,,,,,,,,,,,,,,,,,,,,,,,200x290,,,,,,,,,,,,,,,,,,,,,,,,72028,,,,,,,,,,,,,,,,,,,
40917,variable,56905510-H,,D-sign Rug 1D0239 Beige,1,0,hidden,D-sign Rug 1D0239 Beige ,D-sign Rug 1D0239 Beige ,,,taxable,,0,,,0,0,,,,,1,,,,"Rooms > Bedroom, Rooms > Living room, Rugs, Rugs > Vintage",,,"https://rugshop.eu/wp-content/uploads/2021/10/carpet-vintage-rosette-22206-085-grey.jpg, https://rugshop.eu/wp-content/uploads/2021/10/carpet-vintage-rosette-22206-085-grey-1.jpg, https://rugshop.eu/wp-content/uploads/2021/10/carpet-vintage-rosette-22206-085-grey-2.jpg",,,,,,,,,681,,,Size,"120x170, 140x200, 160x230, 200x290, 80x150",1,1,Brand,D-sign,1,1,Color,White-Beige,1,1,Type of color,Multicolor,1,1,Shape,Rectangular,1,1,Material,Polypropen,1,1,Type of rug,Vintage / Colored Vintage,1,1,Weave,Machinemade,1,1,Age,New,1,1,,,,,,,,,,,,,,,,,1786455848,yes,yes,,,,,,,,,,,,,,,,,,,,,,,,,,,,,
40947,variation,56905510,,D-sign Rug 1D0239 Beige - 80x150,1,0,hidden,,D-sign Rug 1D0239 Beige 80x150 cm,,,taxable,parent,0,0,,0,0,,150,80,0.3,0,,,788,,,,,,,56905510-H,,,,,,1,,,Size,80x150,,1,,,,,,,,,,,,,,,,,,,,,,,,,,,,,,,,,,,,,80x150,,,,,,,,,,,,,,,,,,,,,,,,85461,,,,,,,,,,,,,,,,,,,
40948,variation,56910173,,D-sign Rug 1D0239 Beige - 120x170,1,0,hidden,,D-sign Rug 1D0239 Beige 120x170 cm,,,taxable,parent,0,0,,0,0,,170,120,0.3,0,,,1092,,,,,,,56905510-H,,,,,,2,,,Size,120x170,,1,,,,,,,,,,,,,,,,,,,,,,,,,,,,,,,,,,,,,120x170,,,,,,,,,,,,1786455817,,,,,,,,,,,,72057,,,,,,,,,,,,,,,,,,,
40949,variation,56905536,,D-sign Rug 1D0239 Beige - 140x200,1,0,hidden,,D-sign Rug 1D0239 Beige 140x200 cm,,,taxable,parent,0,0,,0,0,,200,140,0.3,0,,,1372,,,,,,,56905510-H,,,,,,3,,,Size,140x200,,1,,,,,,,,,,,,,,,,,,,,,,,,,,,,,,,,,,,,,140x200,,,,,,,,,,,,,,,,,,,,,,,,72058,,,,,,,,,,,,,,,,,,,
40950,variation,56905534,,D-sign Rug 1D0239 Beige - 160x230,1,0,hidden,,D-sign Rug 1D0239 Beige 160x230 cm,,,taxable,parent,0,0,,0,0,,230,160,0.3,0,,,1612,,,,,,,56905510-H,,,,,,4,,,Size,160x230,,1,,,,,,,,,,,,,,,,,,,,,,,,,,,,,,,,,,,,,160x230,,,,,,,,,,,,1786453437,,,,,,,,,,,,72059,,,,,,,,,,,,,,,,,,,
40951,variation,56905538,,D-sign Rug 1D0239 Beige - 200x290,1,0,hidden,,D-sign Rug 1D0239 Beige 200x290 cm,,,taxable,parent,0,0,,0,0,,290,200,0.3,0,,,2356,,,,,,,56905510-H,,,,,,5,,,Size,200x290,,1,,,,,,,,,,,,,,,,,,,,,,,,,,,,,,,,,,,,,200x290,,,,,,,,,,,,,,,,,,,,,,,,72060,,,,,,,,,,,,,,,,,,,
40957,variable,56905522-H,,D-sign Rug 1D0556 Grey,1,0,hidden,D-sign Rug 1D0556 Grey ,D-sign Rug 1D0556 Grey ,,,taxable,,0,,,0,0,,,,,1,,,,"Rooms > Bedroom, Rooms > Living room, Rugs > Modern, Rugs",,,"https://rugshop.eu/wp-content/uploads/2021/10/carpet-flat-48779-637-flowers-grey-cream.jpg, https://rugshop.eu/wp-content/uploads/2021/10/carpet-flat-48779-637-flowers-grey-cream-1.jpg, https://rugshop.eu/wp-content/uploads/2021/10/carpet-flat-48779-637-flowers-grey-cream-2.jpg, https://rugshop.eu/wp-content/uploads/2021/10/carpet-flat-48779-637-flowers-grey-cream-3.jpg",,,,,,,,,981,,,Size,"120x170, 140x200, 160x230, 200x290, 80x150",1,1,Brand,D-sign,1,1,Color,Black-Grey,1,1,Type of color,Multicolor,1,1,Shape,Rectangular,1,1,Material,Polypropen,1,1,Type of rug,Modern,1,1,Weave,Machinemade,1,1,Age,New,1,1,,,,,,,,,,,,,,,,,1786455846,yes,yes,,,,,,,,,,,,,,,,,,,,,,,,,,,,,
40958,variable,56905622-H,,D-sign Rug 1D0562 Grey,1,0,hidden,D-sign Rug 1D0562 Grey ,D-sign Rug 1D0562 Grey ,,,taxable,,0,,,0,0,,,,,1,,,,"Rooms > Bedroom, Rooms > Living room, Rugs > Modern, Rugs",,,"https://rugshop.eu/wp-content/uploads/2021/10/carpet-scandi-18487-572-trapeze-grey-gold-turquoise.jpg, https://rugshop.eu/wp-content/uploads/2021/10/carpet-scandi-18487-572-trapeze-grey-gold-turquoise-1.jpg, https://rugshop.eu/wp-content/uploads/2021/10/carpet-scandi-18487-572-trapeze-grey-gold-turquoise-2.jpg, https://rugshop.eu/wp-content/uploads/2021/10/carpet-scandi-18487-572-trapeze-grey-gold-turquoise-3.jpg",,,,,,,,,987,,,Size,"120x170, 140x200, 160x230, 80x150",1,1,Brand,D-sign,1,1,Color,Black-Grey,1,1,Type of color,Multicolor,1,1,Shape,Rectangular,1,1,Material,Polypropen,1,1,Type of rug,Modern,1,1,Weave,Machinemade,1,1,Age,New,1,1,,,,,,,,,,,,,,,,,1786453484,yes,yes,,,,,,,,,,,,,,,,,,,,,,,,,,,,,
40959,variable,56905678-H,,D-sign Rug 1D0564 White,1,0,hidden,D-sign Rug 1D0564 White ,D-sign Rug 1D0564 White ,,,taxable,,0,,,0,0,,,,,1,,,,"Rooms > Bedroom, Rooms > Living room, Rugs > Modern, Rugs",,,"https://rugshop.eu/wp-content/uploads/2021/10/carpet-scandi-18461-752-circle-circles-cream-grey-black.jpg, https://rugshop.eu/wp-content/uploads/2021/10/carpet-scandi-18461-752-circle-circles-cream-grey-black-1.jpg, https://rugshop.eu/wp-content/uploads/2021/10/carpet-scandi-18461-752-circle-circles-cream-grey-black-2.jpg, https://rugshop.eu/wp-content/uploads/2021/10/carpet-scandi-18461-752-circle-circles-cream-grey-black-3.jpg",,,,,,,,,989,,,Size,"120x170, 140x200, 160x230",1,1,Brand,D-sign,1,1,Color,White-Beige,1,1,Type of color,Multicolor,1,1,Shape,Rectangular,1,1,Material,Polypropen,1,1,Type of rug,Modern,1,1,Weave,Machinemade,1,1,Age,New,1,1,,,,,,,,,,,,,,,,,1786455877,yes,yes,,,,,,,,,,,,,,,,,,,,,,,,,,,,,
40989,variation,56905522,,D-sign Rug 1D0556 Grey - 80x150,1,0,hidden,,D-sign Rug 1D0556 Grey 80x150 cm,,,taxable,parent,0,0,,0,0,,150,80,0.6,0,,,860,,,,,,,56905522-H,,,,,,1,,,Size,80x150,,1,,,,,,,,,,,,,,,,,,,,,,,,,,,,,,,,,,,,,80x150,,,,,,,,,,,,1786453437,,,,,,,,,,,,85650,,,,,,,,,,,,,,,,,,,
40991,variable,56905680-H,,D-sign Rug 1D0566 Brown,1,0,hidden,D-sign Rug 1D0566 Brown ,D-sign Rug 1D0566 Brown ,,,taxable,,0,,,0,0,,,,,1,,,,"Rooms > Bedroom, Rooms > Living room, Rugs > Modern, Rugs",,,"https://rugshop.eu/wp-content/uploads/2021/10/carpet-double-29203-750-stripes-brown-beige-double-sided.jpg, https://rugshop.eu/wp-content/uploads/2021/10/carpet-double-29203-750-stripes-brown-beige-double-sided-1.jpg, https://rugshop.eu/wp-content/uploads/2021/10/carpet-double-29203-750-stripes-brown-beige-double-sided-2.jpg, https://rugshop.eu/wp-content/uploads/2021/10/carpet-double-29203-750-stripes-brown-beige-double-sided-3.jpg",,,,,,,,,991,,,Size,"120x170, 160x230, 60x110, 80x150",1,1,Brand,D-sign,1,1,Color,Yellow-Brown,1,1,Type of color,Multicolor,1,1,Shape,Rectangular,1,1,Material,Polypropen,1,1,Type of rug,Modern,1,1,Weave,Machinemade,1,1,Age,New,1,1,,,,,,,,,,,,,,,,,1786455854,yes,yes,,,,,,,,,,,,,,,,,,,,,,,,,,,,,
40992,variable,56905636-H,,D-sign Rug 1D0568 Black,1,0,hidden,D-sign Rug 1D0568 Black ,D-sign Rug 1D0568 Black ,,,taxable,,0,,,0,0,,,,,1,,,,"Rooms > Bedroom, Rooms > Living room, Rugs > Modern, Rugs",,,"https://rugshop.eu/wp-content/uploads/2021/10/carpet-double-29203-092-stripes-grey-black-double-sided.jpg, https://rugshop.eu/wp-content/uploads/2021/10/carpet-double-29203-092-stripes-grey-black-double-sided-1.jpg, https://rugshop.eu/wp-content/uploads/2021/10/carpet-double-29203-092-stripes-grey-black-double-sided-2.jpg, https://rugshop.eu/wp-content/uploads/2021/10/carpet-double-29203-092-stripes-grey-black-double-sided-3.jpg",,,,,,,,,993,,,Size,"120x170, 160x230, 60x110, 80x150",1,1,Brand,D-sign,1,1,Color,Black-Grey,1,1,Type of color,Multicolor,1,1,Shape,Rectangular,1,1,Material,Polypropen,1,1,Type of rug,Modern,1,1,Weave,Machinemade,1,1,Age,New,1,1,,,,,,,,,,,,,,,,,1786455851,yes,yes,,,,,,,,,,,,,,,,,,,,,,,,,,,,,
40993,variable,56905635-H,,D-sign Rug 1D0570 White,1,0,hidden,D-sign Rug 1D0570 White ,D-sign Rug 1D0570 White ,,,taxable,,0,,,0,0,,,,,1,,,,"Rooms > Entrance & Corridor, Rugs > Modern, Rugs, Rugs > Traditional",,,"https://rugshop.eu/wp-content/uploads/2021/10/carpet-acrylic-manyas-192aa-ivory-gold-fringe.jpg, https://rugshop.eu/wp-content/uploads/2021/10/carpet-acrylic-manyas-192aa-ivory-gold-fringe-1.jpg, https://rugshop.eu/wp-content/uploads/2021/10/carpet-acrylic-manyas-192aa-ivory-gold-fringe-2.jpg, https://rugshop.eu/wp-content/uploads/2021/10/carpet-acrylic-manyas-192aa-ivory-gold-fringe-3.jpg",,,,,,,,,995,,,Size,"100x200, 100x300, 120x180, 160x230, 80x150, 80x300",1,1,Brand,D-sign,1,1,Color,Yellow-Brown,1,1,Type of color,Multicolor,1,1,Shape,Runner,1,1,Material,"Acrylic, Wool",1,1,Type of rug,"Modern, Traditional",1,1,Weave,Machinemade,1,1,Age,New,1,1,,,,,,,,,,,,,,,,,1786453488,yes,yes,,,,,,,,,,,,,,,,,,,,,,,,,,,,,
40994,variation,56910171,,D-sign Rug 1D0556 Grey - 120x170,1,0,hidden,,D-sign Rug 1D0556 Grey 120x170 cm,,,taxable,parent,0,0,,0,0,,170,120,0.6,0,,,1140,,,,,,,56905522-H,,,,,,2,,,Size,120x170,,1,,,,,,,,,,,,,,,,,,,,,,,,,,,,,,,,,,,,,120x170,,,,,,,,,,,,1786455817,,,,,,,,,,,,85651,,,,,,,,,,,,,,,,,,,
40995,variation,56905550,,D-sign Rug 1D0556 Grey - 140x200,1,0,hidden,,D-sign Rug 1D0556 Grey 140x200 cm,,,taxable,parent,0,0,,0,0,,200,140,0.6,0,,,1468,,,,,,,56905522-H,,,,,,3,,,Size,140x200,,1,,,,,,,,,,,,,,,,,,,,,,,,,,,,,,,,,,,,,140x200,,,,,,,,,,,,1786453461,,,,,,,,,,,,85652,,,,,,,,,,,,,,,,,,,
40996,variation,56905549,,D-sign Rug 1D0556 Grey - 160x230,1,0,hidden,,D-sign Rug 1D0556 Grey 160x230 cm,,,taxable,parent,0,0,,0,0,,230,160,0.6,0,,,1796,,,,,,,56905522-H,,,,,,4,,,Size,160x230,,1,,,,,,,,,,,,,,,,,,,,,,,,,,,,,,,,,,,,,160x230,,,,,,,,,,,,1786453438,,,,,,,,,,,,85653,,,,,,,,,,,,,,,,,,,
40997,variation,56905551,,D-sign Rug 1D0556 Grey - 200x290,1,0,hidden,,D-sign Rug 1D0556 Grey 200x290 cm,,,taxable,parent,0,0,,0,0,,290,200,0.6,0,,,2644,,,,,,,56905522-H,,,,,,5,,,Size,200x290,,1,,,,,,,,,,,,,,,,,,,,,,,,,,,,,,,,,,,,,200x290,,,,,,,,,,,,1786453462,,,,,,,,,,,,85654,,,,,,,,,,,,,,,,,,,
41003,variation,56905622,,D-sign Rug 1D0562 Grey - 80x150,1,0,hidden,,D-sign Rug 1D0562 Grey 80x150 cm,,,taxable,parent,0,0,,0,0,,150,80,0.9,0,,,836,,,,,,,56905622-H,,,,,,1,,,Size,80x150,,1,,,,,,,,,,,,,,,,,,,,,,,,,,,,,,,,,,,,,80x150,,,,,,,,,,,,1786453466,,,,,,,,,,,,86016,,,,,,,,,,,,,,,,,,,
41004,variation,56910216,,D-sign Rug 1D0562 Grey - 120x170,1,0,hidden,,D-sign Rug 1D0562 Grey 120x170 cm,,,taxable,parent,0,0,,0,0,,170,120,0.9,0,,,1140,,,,,,,56905622-H,,,,,,2,,,Size,120x170,,1,,,,,,,,,,,,,,,,,,,,,,,,,,,,,,,,,,,,,120x170,,,,,,,,,,,,,,,,,,,,,,,,86013,,,,,,,,,,,,,,,,,,,
41005,variation,56905676,,D-sign Rug 1D0562 Grey - 140x200,1,0,hidden,,D-sign Rug 1D0562 Grey 140x200 cm,,,taxable,parent,0,0,,0,0,,200,140,0.9,0,,,1468,,,,,,,56905622-H,,,,,,3,,,Size,140x200,,1,,,,,,,,,,,,,,,,,,,,,,,,,,,,,,,,,,,,,140x200,,,,,,,,,,,,,,,,,,,,,,,,86014,,,,,,,,,,,,,,,,,,,
41006,variation,56905677,,D-sign Rug 1D0562 Grey - 160x230,1,0,hidden,,D-sign Rug 1D0562 Grey 160x230 cm,,,taxable,parent,0,0,,0,0,,230,160,0.9,0,,,1700,,,,,,,56905622-H,,,,,,4,,,Size,160x230,,1,,,,,,,,,,,,,,,,,,,,,,,,,,,,,,,,,,,,,160x230,,,,,,,,,,,,,,,,,,,,,,,,86015,,,,,,,,,,,,,,,,,,,
41012,variation,56905678,,D-sign Rug 1D0564 White - 120x170,1,0,hidden,,D-sign Rug 1D0564 White 120x170 cm,,,taxable,parent,0,0,,0,0,,170,120,0.9,0,,,1140,,,,,,,56905678-H,,,,,,1,,,Size,120x170,,1,,,,,,,,,,,,,,,,,,,,,,,,,,,,,,,,,,,,,120x170,,,,,,,,,,,,,,,,,,,,,,,,86022,,,,,,,,,,,,,,,,,,,
41013,variation,56910243,,D-sign Rug 1D0564 White - 140x200,1,0,hidden,,D-sign Rug 1D0564 White 140x200 cm,,,taxable,parent,0,0,,0,0,,200,140,0.9,0,,,1468,,,,,,,56905678-H,,,,,,2,,,Size,140x200,,1,,,,,,,,,,,,,,,,,,,,,,,,,,,,,,,,,,,,,140x200,,,,,,,,,,,,,,,,,,,,,,,,86023,,,,,,,,,,,,,,,,,,,
41014,variation,56910241,,D-sign Rug 1D0564 White - 160x230,1,0,hidden,,D-sign Rug 1D0564 White 160x230 cm,,,taxable,parent,0,0,,0,0,,230,160,0.9,0,,,1700,,,,,,,56905678-H,,,,,,3,,,Size,160x230,,1,,,,,,,,,,,,,,,,,,,,,,,,,,,,,,,,,,,,,160x230,,,,,,,,,,,,1786455859,,,,,,,,,,,,86024,,,,,,,,,,,,,,,,,,,
41020,variable,56905648-H,,D-sign Rug 1D0572 Grey,1,0,hidden,D-sign Rug 1D0572 Grey ,D-sign Rug 1D0572 Grey ,,,taxable,,0,,,0,0,,,,,1,,,,"Rooms > Entrance & Corridor, Rugs > Modern, Rugs",,,"https://rugshop.eu/wp-content/uploads/2021/10/carpet-acrylic-manyas-191aa-grey-blue-fringe.jpg, https://rugshop.eu/wp-content/uploads/2021/10/carpet-acrylic-manyas-191aa-grey-blue-fringe-1.jpg, https://rugshop.eu/wp-content/uploads/2021/10/carpet-acrylic-manyas-191aa-grey-blue-fringe-2.jpg, https://rugshop.eu/wp-content/uploads/2021/10/carpet-acrylic-manyas-191aa-grey-blue-fringe-3.jpg",,,,,,,,,997,,,Size,"100x200, 100x300, 160x230, 80x150, 80x300",1,1,Brand,D-sign,1,1,Color,Black-Grey,1,1,Type of color,Multicolor,1,1,Shape,Runner,1,1,Material,"Acrylic, Wool",1,1,Type of rug,Modern,1,1,Weave,Machinemade,1,1,Age,New,1,1,,,,,,,,,,,,,,,,,1786455876,yes,yes,,,,,,,,,,,,,,,,,,,,,,,,,,,,,
41031,variation,56905680,,D-sign Rug 1D0566 Brown - 60x110,1,0,hidden,,D-sign Rug 1D0566 Brown 60x110 cm,,,taxable,parent,0,0,,0,0,,110,60,1,0,,,676,,,,,,,56905680-H,,,,,,1,,,Size,60x110,,1,,,,,,,,,,,,,,,,,,,,,,,,,,,,,,,,,,,,,60x110,,,,,,,,,,,,,,,,,,,,,,,,86075,,,,,,,,,,,,,,,,,,,
41032,variation,56910217,,D-sign Rug 1D0566 Brown - 80x150,1,0,hidden,,D-sign Rug 1D0566 Brown 80x150 cm,,,taxable,parent,0,0,,0,0,,150,80,1,0,,,884,,,,,,,56905680-H,,,,,,2,,,Size,80x150,,1,,,,,,,,,,,,,,,,,,,,,,,,,,,,,,,,,,,,,80x150,,,,,,,,,,,,,,,,,,,,,,,,88326,,,,,,,,,,,,,,,,,,,
41033,variation,56910208,,D-sign Rug 1D0566 Brown - 120x170,1,0,hidden,,D-sign Rug 1D0566 Brown 120x170 cm,,,taxable,parent,0,0,,0,0,,170,120,1,0,,,1212,,,,,,,56905680-H,,,,,,3,,,Size,120x170,,1,,,,,,,,,,,,,,,,,,,,,,,,,,,,,,,,,,,,,120x170,,,,,,,,,,,,,,,,,,,,,,,,86073,,,,,,,,,,,,,,,,,,,
41034,variation,56910214,,D-sign Rug 1D0566 Brown - 160x230,1,0,hidden,,D-sign Rug 1D0566 Brown 160x230 cm,,,taxable,parent,0,0,,0,0,,230,160,1,0,,,1892,,,,,,,56905680-H,,,,,,4,,,Size,160x230,,1,,,,,,,,,,,,,,,,,,,,,,,,,,,,,,,,,,,,,160x230,,,,,,,,,,,,1786455819,,,,,,,,,,,,86074,,,,,,,,,,,,,,,,,,,
41040,variation,56905636,,D-sign Rug 1D0568 Black - 60x110,1,0,hidden,,D-sign Rug 1D0568 Black 60x110 cm,,,taxable,parent,0,0,,0,0,,110,60,1,0,,,676,,,,,,,56905636-H,,,,,,1,,,Size,60x110,,1,,,,,,,,,,,,,,,,,,,,,,,,,,,,,,,,,,,,,60x110,,,,,,,,,,,,,,,,,,,,,,,,86086,,,,,,,,,,,,,,,,,,,
41041,variation,56910213,,D-sign Rug 1D0568 Black - 80x150,1,0,hidden,,D-sign Rug 1D0568 Black 80x150 cm,,,taxable,parent,0,0,,0,0,,150,80,1,0,,,884,,,,,,,56905636-H,,,,,,2,,,Size,80x150,,1,,,,,,,,,,,,,,,,,,,,,,,,,,,,,,,,,,,,,80x150,,,,,,,,,,,,1786455819,,,,,,,,,,,,88325,,,,,,,,,,,,,,,,,,,
41042,variation,56910221,,D-sign Rug 1D0568 Black - 120x170,1,0,hidden,,D-sign Rug 1D0568 Black 120x170 cm,,,taxable,parent,0,0,,0,0,,170,120,1,0,,,1212,,,,,,,56905636-H,,,,,,3,,,Size,120x170,,1,,,,,,,,,,,,,,,,,,,,,,,,,,,,,,,,,,,,,120x170,,,,,,,,,,,,,,,,,,,,,,,,86084,,,,,,,,,,,,,,,,,,,
41043,variation,56910215,,D-sign Rug 1D0568 Black - 160x230,1,0,hidden,,D-sign Rug 1D0568 Black 160x230 cm,,,taxable,parent,0,0,,0,0,,230,160,1,0,,,1892,,,,,,,56905636-H,,,,,,4,,,Size,160x230,,1,,,,,,,,,,,,,,,,,,,,,,,,,,,,,,,,,,,,,160x230,,,,,,,,,,,,1786455819,,,,,,,,,,,,86085,,,,,,,,,,,,,,,,,,,
41049,variable,56905662-H,,D-sign Rug 1D0574 Grey,1,0,hidden,D-sign Rug 1D0574 Grey ,D-sign Rug 1D0574 Grey ,,,taxable,,0,,,0,0,,,,,1,,,,"Rooms > Entrance & Corridor, Rugs > Modern, Rugs, Rugs > Traditional",,,"https://rugshop.eu/wp-content/uploads/2021/10/carpet-acrylic-manyas-193aa-grey-blue-fringe.jpg, https://rugshop.eu/wp-content/uploads/2021/10/carpet-acrylic-manyas-193aa-grey-blue-fringe-1.jpg, https://rugshop.eu/wp-content/uploads/2021/10/carpet-acrylic-manyas-193aa-grey-blue-fringe-2.jpg, https://rugshop.eu/wp-content/uploads/2021/10/carpet-acrylic-manyas-193aa-grey-blue-fringe-3.jpg",,,,,,,,,999,,,Size,"100x200, 100x300, 120x180, 160x230, 200x300, 80x150, 80x300",1,1,Brand,D-sign,1,1,Color,Black-Grey,1,1,Type of color,Multicolor,1,1,Shape,Runner,1,1,Material,"Acrylic, Wool",1,1,Type of rug,"Modern, Traditional",1,1,Weave,Machinemade,1,1,Age,New,1,1,,,,,,,,,,,,,,,,,1786455878,yes,yes,,,,,,,,,,,,,,,,,,,,,,,,,,,,,
41050,variable,56905664-H,,D-sign Rug 1D0575 Brown,1,0,hidden,D-sign Rug 1D0575 Brown ,D-sign Rug 1D0575 Brown ,,,taxable,,0,,,0,0,,,,,1,,,,"Rooms > Entrance & Corridor, Rugs > Modern, Rugs, Rugs > Traditional",,,"https://rugshop.eu/wp-content/uploads/2021/10/carpet-acrylic-manyas-193aa-brown-cream-fringe.jpg, https://rugshop.eu/wp-content/uploads/2021/10/carpet-acrylic-manyas-193aa-brown-cream-fringe.jpg, https://rugshop.eu/wp-content/uploads/2021/10/carpet-acrylic-manyas-193aa-brown-cream-fringe-1.jpg, https://rugshop.eu/wp-content/uploads/2021/10/carpet-acrylic-manyas-193aa-brown-cream-fringe-2.jpg",,,,,,,,,1000,,,Size,"120x180, 160x230, 80x150, 80x300",1,1,Brand,D-sign,1,1,Color,Yellow-Brown,1,1,Type of color,Multicolor,1,1,Shape,Runner,1,1,Material,"Acrylic, Wool",1,1,Type of rug,"Modern, Traditional",1,1,Weave,Machinemade,1,1,Age,New,1,1,,,,,,,,,,,,,,,,,1786453496,yes,yes,,,,,,,,,,,,,,,,,,,,,,,,,,,,,
41052,variation,56905635,,D-sign Rug 1D0570 White - 80x150,1,0,hidden,,D-sign Rug 1D0570 White 80x150 cm,,,taxable,parent,0,0,,0,0,,150,80,1.4,0,,,1940,,,,,,,56905635-H,,,,,,1,,,Size,80x150,,1,,,,,,,,,,,,,,,,,,,,,,,,,,,,,,,,,,,,,80x150,,,,,,,,,,,,,,,,,,,,,,,,86132,,,,,,,,,,,,,,,,,,,
41053,variation,56905647,,D-sign Rug 1D0570 White - 80x300,1,0,hidden,,D-sign Rug 1D0570 White 80x300 cm,,,taxable,parent,0,0,,0,0,,300,80,1.4,0,,,3492,,,,,,,56905635-H,,,,,,2,,,Size,80x300,,1,,,,,,,,,,,,,,,,,,,,,,,,,,,,,,,,,,,,,80x300,,,,,,,,,,,,1786453468,,,,,,,,,,,,86137,,,,,,,,,,,,,,,,,,,
41054,variation,56910212,,D-sign Rug 1D0570 White - 100x200,1,0,hidden,,D-sign Rug 1D0570 White 100x200 cm,,,taxable,parent,0,0,,0,0,,200,100,1.4,0,,,2972,,,,,,,56905635-H,,,,,,3,,,Size,100x200,,1,,,,,,,,,,,,,,,,,,,,,,,,,,,,,,,,,,,,,100x200,,,,,,,,,,,,,,,,,,,,,,,,86135,,,,,,,,,,,,,,,,,,,
41055,variation,56905650,,D-sign Rug 1D0570 White - 100x300,1,0,hidden,,D-sign Rug 1D0570 White 100x300 cm,,,taxable,parent,0,0,,0,0,,300,100,1.4,0,,,4292,,,,,,,56905635-H,,,,,,4,,,Size,100x300,,1,,,,,,,,,,,,,,,,,,,,,,,,,,,,,,,,,,,,,100x300,,,,,,,,,,,,,,,,,,,,,,,,86136,,,,,,,,,,,,,,,,,,,
41056,variation,56910222,,D-sign Rug 1D0570 White - 120x180,1,0,hidden,,D-sign Rug 1D0570 White 120x180 cm,,,taxable,parent,0,0,,0,0,,180,120,1.4,0,,,3212,,,,,,,56905635-H,,,,,,5,,,Size,120x180,,1,,,,,,,,,,,,,,,,,,,,,,,,,,,,,,,,,,,,,120x180,,,,,,,,,,,,,,,,,,,,,,,,86131,,,,,,,,,,,,,,,,,,,
41057,variation,56905651,,D-sign Rug 1D0570 White - 160x230,1,0,hidden,,D-sign Rug 1D0570 White 160x230 cm,,,taxable,parent,0,0,,0,0,,230,160,1.4,0,,,5276,,,,,,,56905635-H,,,,,,6,,,Size,160x230,,1,,,,,,,,,,,,,,,,,,,,,,,,,,,,,,,,,,,,,160x230,,,,,,,,,,,,,,,,,,,,,,,,86130,,,,,,,,,,,,,,,,,,,
41063,variation,56905648,,D-sign Rug 1D0572 Grey - 80x150,1,0,hidden,,D-sign Rug 1D0572 Grey 80x150 cm,,,taxable,parent,0,0,,0,0,,150,80,1.4,0,,,1940,,,,,,,56905648-H,,,,,,1,,,Size,80x150,,1,,,,,,,,,,,,,,,,,,,,,,,,,,,,,,,,,,,,,80x150,,,,,,,,,,,,1786453469,,,,,,,,,,,,86162,,,,,,,,,,,,,,,,,,,
41064,variation,56910229,,D-sign Rug 1D0572 Grey - 80x300,1,0,hidden,,D-sign Rug 1D0572 Grey 80x300 cm,,,taxable,parent,0,0,,0,0,,300,80,1.4,0,,,3492,,,,,,,56905648-H,,,,,,2,,,Size,80x300,,1,,,,,,,,,,,,,,,,,,,,,,,,,,,,,,,,,,,,,80x300,,,,,,,,,,,,1786455859,,,,,,,,,,,,86163,,,,,,,,,,,,,,,,,,,
41065,variation,56910228,,D-sign Rug 1D0572 Grey - 100x200,1,0,hidden,,D-sign Rug 1D0572 Grey 100x200 cm,,,taxable,parent,0,0,,0,0,,200,100,1.4,0,,,2972,,,,,,,56905648-H,,,,,,3,,,Size,100x200,,1,,,,,,,,,,,,,,,,,,,,,,,,,,,,,,,,,,,,,100x200,,,,,,,,,,,,,,,,,,,,,,,,86158,,,,,,,,,,,,,,,,,,,
41066,variation,56910223,,D-sign Rug 1D0572 Grey - 100x300,1,0,hidden,,D-sign Rug 1D0572 Grey 100x300 cm,,,taxable,parent,0,0,,0,0,,300,100,1.4,0,,,4292,,,,,,,56905648-H,,,,,,4,,,Size,100x300,,1,,,,,,,,,,,,,,,,,,,,,,,,,,,,,,,,,,,,,100x300,,,,,,,,,,,,1786455858,,,,,,,,,,,,86159,,,,,,,,,,,,,,,,,,,
41067,variation,56910224,,D-sign Rug 1D0572 Grey - 160x230,1,0,hidden,,D-sign Rug 1D0572 Grey 160x230 cm,,,taxable,parent,0,0,,0,0,,230,160,1.4,0,,,5276,,,,,,,56905648-H,,,,,,5,,,Size,160x230,,1,,,,,,,,,,,,,,,,,,,,,,,,,,,,,,,,,,,,,160x230,,,,,,,,,,,,1786455858,,,,,,,,,,,,86161,,,,,,,,,,,,,,,,,,,
41081,variable,56905694-H,,D-sign Rug 1D0577 Grey,1,0,hidden,D-sign Rug 1D0577 Grey ,D-sign Rug 1D0577 Grey ,,,taxable,,0,,,0,0,,,,,1,,,,"Rooms > Entrance & Corridor, Rugs > Modern, Rugs, Rugs > Traditional",,,"https://rugshop.eu/wp-content/uploads/2021/10/carpet-acrylic-manyas-195aa-grey-blue-fringe.jpg, https://rugshop.eu/wp-content/uploads/2021/10/carpet-acrylic-manyas-195aa-grey-blue-fringe-1.jpg, https://rugshop.eu/wp-content/uploads/2021/10/carpet-acrylic-manyas-195aa-grey-blue-fringe-2.jpg, https://rugshop.eu/wp-content/uploads/2021/10/carpet-acrylic-manyas-195aa-grey-blue-fringe-3.jpg",,,,,,,,,1002,,,Size,"100x200, 100x300, 120x180, 160x230, 80x150, 80x300",1,1,Brand,D-sign,1,1,Color,Black-Grey,1,1,Type of color,Multicolor,1,1,Shape,Runner,1,1,Material,"Acrylic, Wool",1,1,Type of rug,"Modern, Traditional",1,1,Weave,Machinemade,1,1,Age,New,1,1,,,,,,,,,,,,,,,,,1786455882,yes,yes,,,,,,,,,,,,,,,,,,,,,,,,,,,,,
41082,variable,56905708-H,,D-sign Rug 1D0578 White,1,0,hidden,D-sign Rug 1D0578 White ,D-sign Rug 1D0578 White ,,,taxable,,0,,,0,0,,,,,1,,,,"Rooms > Bedroom, Rooms > Living room, Rugs > Modern, Rugs, Rugs > Traditional",,,"https://rugshop.eu/wp-content/uploads/2021/10/carpet-acrylic-manyas-196aa-ivory-gold-fringe.jpg, https://rugshop.eu/wp-content/uploads/2021/10/carpet-acrylic-manyas-196aa-ivory-gold-fringe-1.jpg, https://rugshop.eu/wp-content/uploads/2021/10/carpet-acrylic-manyas-196aa-ivory-gold-fringe-2.jpg, https://rugshop.eu/wp-content/uploads/2021/10/carpet-acrylic-manyas-196aa-ivory-gold-fringe-3.jpg",,,,,,,,,1003,,,Size,"100x200, 100x300, 120x180, 80x150",1,1,Brand,D-sign,1,1,Color,White-Beige,1,1,Type of color,Multicolor,1,1,Shape,Rectangular,1,1,Material,"Acrylic, Wool",1,1,Type of rug,"Modern, Traditional",1,1,Weave,Machinemade,1,1,Age,New,1,1,,,,,,,,,,,,,,,,,1786455881,yes,yes,,,,,,,,,,,,,,,,,,,,,,,,,,,,,
41084,variation,56905662,,D-sign Rug 1D0574 Grey - 80x150,1,0,hidden,,D-sign Rug 1D0574 Grey 80x150 cm,,,taxable,parent,0,0,,0,0,,150,80,1.4,0,,,1940,,,,,,,56905662-H,,,,,,1,,,Size,80x150,,1,,,,,,,,,,,,,,,,,,,,,,,,,,,,,,,,,,,,,80x150,,,,,,,,,,,,1786453470,,,,,,,,,,,,86188,,,,,,,,,,,,,,,,,,,
41085,variation,56910242,,D-sign Rug 1D0574 Grey - 80x300,1,0,hidden,,D-sign Rug 1D0574 Grey 80x300 cm,,,taxable,parent,0,0,,0,0,,300,80,1.4,0,,,3492,,,,,,,56905662-H,,,,,,2,,,Size,80x300,,1,,,,,,,,,,,,,,,,,,,,,,,,,,,,,,,,,,,,,80x300,,,,,,,,,,,,1786455859,,,,,,,,,,,,86189,,,,,,,,,,,,,,,,,,,
41086,variation,56910226,,D-sign Rug 1D0574 Grey - 100x200,1,0,hidden,,D-sign Rug 1D0574 Grey 100x200 cm,,,taxable,parent,0,0,,0,0,,200,100,1.4,0,,,2972,,,,,,,56905662-H,,,,,,3,,,Size,100x200,,1,,,,,,,,,,,,,,,,,,,,,,,,,,,,,,,,,,,,,100x200,,,,,,,,,,,,,,,,,,,,,,,,86184,,,,,,,,,,,,,,,,,,,
41087,variation,56910227,,D-sign Rug 1D0574 Grey - 100x300,1,0,hidden,,D-sign Rug 1D0574 Grey 100x300 cm,,,taxable,parent,0,0,,0,0,,300,100,1.4,0,,,4292,,,,,,,56905662-H,,,,,,4,,,Size,100x300,,1,,,,,,,,,,,,,,,,,,,,,,,,,,,,,,,,,,,,,100x300,,,,,,,,,,,,,,,,,,,,,,,,86185,,,,,,,,,,,,,,,,,,,
41088,variation,56910220,,D-sign Rug 1D0574 Grey - 120x180,1,0,hidden,,D-sign Rug 1D0574 Grey 120x180 cm,,,taxable,parent,0,0,,0,0,,180,120,1.4,0,,,3212,,,,,,,56905662-H,,,,,,5,,,Size,120x180,,1,,,,,,,,,,,,,,,,,,,,,,,,,,,,,,,,,,,,,120x180,,,,,,,,,,,,,,,,,,,,,,,,86186,,,,,,,,,,,,,,,,,,,
41089,variation,56910244,,D-sign Rug 1D0574 Grey - 160x230,1,0,hidden,,D-sign Rug 1D0574 Grey 160x230 cm,,,taxable,parent,0,0,,0,0,,230,160,1.4,0,,,5276,,,,,,,56905662-H,,,,,,6,,,Size,160x230,,1,,,,,,,,,,,,,,,,,,,,,,,,,,,,,,,,,,,,,160x230,,,,,,,,,,,,,,,,,,,,,,,,86187,,,,,,,,,,,,,,,,,,,
41090,variation,56910239,,D-sign Rug 1D0574 Grey - 200x300,1,0,hidden,,D-sign Rug 1D0574 Grey 200x300 cm,,,taxable,parent,0,0,,0,0,,300,200,1.4,0,,,8284,,,,,,,56905662-H,,,,,,7,,,Size,200x300,,1,,,,,,,,,,,,,,,,,,,,,,,,,,,,,,,,,,,,,200x300,,,,,,,,,,,,,,,,,,,,,,,,86190,,,,,,,,,,,,,,,,,,,
41095,variation,56905664,,D-sign Rug 1D0575 Brown - 80x150,1,0,hidden,,D-sign Rug 1D0575 Brown 80x150 cm,,,taxable,parent,0,0,,0,0,,150,80,1.4,0,,,1940,,,,,,,56905664-H,,,,,,1,,,Size,80x150,,1,,,,,,,,,,,,,,,,,,,,,,,,,,,,,,,,,,,,,80x150,,,,,,,,,,,,1786453471,,,,,,,,,,,,86200,,,,,,,,,,,,,,,,,,,
41096,variation,56905692,,D-sign Rug 1D0575 Brown - 80x300,1,0,hidden,,D-sign Rug 1D0575 Brown 80x300 cm,,,taxable,parent,0,0,,0,0,,300,80,1.4,0,,,3492,,,,,,,56905664-H,,,,,,2,,,Size,80x300,,1,,,,,,,,,,,,,,,,,,,,,,,,,,,,,,,,,,,,,80x300,,,,,,,,,,,,1786453471,,,,,,,,,,,,86201,,,,,,,,,,,,,,,,,,,
41097,variation,56910238,,D-sign Rug 1D0575 Brown - 120x180,1,0,hidden,,D-sign Rug 1D0575 Brown 120x180 cm,,,taxable,parent,0,0,,0,0,,180,120,1.4,0,,,3212,,,,,,,56905664-H,,,,,,3,,,Size,120x180,,1,,,,,,,,,,,,,,,,,,,,,,,,,,,,,,,,,,,,,120x180,,,,,,,,,,,,,,,,,,,,,,,,86198,,,,,,,,,,,,,,,,,,,
41098,variation,56905693,,D-sign Rug 1D0575 Brown - 160x230,1,0,hidden,,D-sign Rug 1D0575 Brown 160x230 cm,,,taxable,parent,0,0,,0,0,,230,160,1.4,0,,,5276,,,,,,,56905664-H,,,,,,4,,,Size,160x230,,1,,,,,,,,,,,,,,,,,,,,,,,,,,,,,,,,,,,,,160x230,,,,,,,,,,,,,,,,,,,,,,,,86199,,,,,,,,,,,,,,,,,,,
41114,variable,56905720-H,,D-sign Rug 1D0581 Grey,1,0,hidden,D-sign Rug 1D0581 Grey ,D-sign Rug 1D0581 Grey ,,,taxable,,0,,,0,0,,,,,0,,,,"Rooms > Entrance & Corridor, Rooms > Kitchen, Rugs > Modern, Rugs",,,"https://rugshop.eu/wp-content/uploads/2021/10/carpet-sizal-floorlux-20510-silver-black.jpg, https://rugshop.eu/wp-content/uploads/2021/10/carpet-sizal-floorlux-20510-silver-black-1.jpg, https://rugshop.eu/wp-content/uploads/2021/10/carpet-sizal-floorlux-20510-silver-black-2.jpg, https://rugshop.eu/wp-content/uploads/2021/10/carpet-sizal-floorlux-20510-silver-black-3.jpg",,,,,,,,,1006,,,Size,"120x170, 140x200, 160x230, 200x290, 240x330, 60x110, 80x150",1,1,Brand,D-sign,1,1,Color,Black-Grey,1,1,Type of color,Multicolor,1,1,Shape,Rectangular,1,1,Material,Polypropen,1,1,Type of rug,Modern,1,1,Weave,Machinemade,1,1,Country,Belgium,1,1,Age,New,1,1,,,,,default,default,default,default,,,,,1786455883,yes,yes,,,,,,,,,classic-editor,,,,,,,,,,,,,,,,,,,,
41115,variable,56905722-H,,D-sign Rug 1D0582 Grey,1,0,hidden,D-sign Rug 1D0582 Grey ,D-sign Rug 1D0582 Grey ,,,taxable,,0,,,0,0,,,,,0,,,,"Rooms > Entrance & Corridor, Rooms > Kitchen, Rugs > Modern, Rugs",,,"https://rugshop.eu/wp-content/uploads/2021/10/carpet-sizal-floorlux-20504-leaves-silver-black-jungle.jpg, https://rugshop.eu/wp-content/uploads/2021/10/carpet-sizal-floorlux-20504-leaves-silver-black-jungle-1.jpg, https://rugshop.eu/wp-content/uploads/2021/10/carpet-sizal-floorlux-20504-leaves-silver-black-jungle-2.jpg, https://rugshop.eu/wp-content/uploads/2021/10/carpet-sizal-floorlux-20504-leaves-silver-black-jungle-3.jpg",,,,,,,,,1007,,,Size,"120x170, 140x200, 160x230, 200x290, 240x330, 60x110, 80x150",1,1,Brand,D-sign,1,1,Color,Black-Grey,1,1,Type of color,Multicolor,1,1,Shape,Rectangular,1,1,Material,Polypropen,1,1,Type of rug,Modern,1,1,Weave,Machinemade,1,1,Country,Belgium,1,1,Age,New,1,1,,,,,default,default,default,default,,,,,1786453537,yes,yes,,,,,,,,,classic-editor,,,,,,,,,,,,,,,,,,,,
41116,variation,56905694,,D-sign Rug 1D0577 Grey - 80x150,1,0,hidden,,D-sign Rug 1D0577 Grey 80x150 cm,,,taxable,parent,0,0,,0,0,,150,80,1.4,0,,,1940,,,,,,,56905694-H,,,,,,1,,,Size,80x150,,1,,,,,,,,,,,,,,,,,,,,,,,,,,,,,,,,,,,,,80x150,,,,,,,,,,,,1786453472,,,,,,,,,,,,86213,,,,,,,,,,,,,,,,,,,
41117,variation,56910258,,D-sign Rug 1D0577 Grey - 80x300,1,0,hidden,,D-sign Rug 1D0577 Grey 80x300 cm,,,taxable,parent,0,0,,0,0,,300,80,1.4,0,,,3492,,,,,,,56905694-H,,,,,,2,,,Size,80x300,,1,,,,,,,,,,,,,,,,,,,,,,,,,,,,,,,,,,,,,80x300,,,,,,,,,,,,1786455862,,,,,,,,,,,,86214,,,,,,,,,,,,,,,,,,,
41118,variation,56910245,,D-sign Rug 1D0577 Grey - 100x200,1,0,hidden,,D-sign Rug 1D0577 Grey 100x200 cm,,,taxable,parent,0,0,,0,0,,200,100,1.4,0,,,2972,,,,,,,56905694-H,,,,,,3,,,Size,100x200,,1,,,,,,,,,,,,,,,,,,,,,,,,,,,,,,,,,,,,,100x200,,,,,,,,,,,,,,,,,,,,,,,,86209,,,,,,,,,,,,,,,,,,,
41119,variation,56905706,,D-sign Rug 1D0577 Grey - 100x300,1,0,hidden,,D-sign Rug 1D0577 Grey 100x300 cm,,,taxable,parent,0,0,,0,0,,300,100,1.4,0,,,4292,,,,,,,56905694-H,,,,,,4,,,Size,100x300,,1,,,,,,,,,,,,,,,,,,,,,,,,,,,,,,,,,,,,,100x300,,,,,,,,,,,,,,,,,,,,,,,,86210,,,,,,,,,,,,,,,,,,,
41120,variation,56910252,,D-sign Rug 1D0577 Grey - 120x180,1,0,hidden,,D-sign Rug 1D0577 Grey 120x180 cm,,,taxable,parent,0,0,,0,0,,180,120,1.4,0,,,3212,,,,,,,56905694-H,,,,,,5,,,Size,120x180,,1,,,,,,,,,,,,,,,,,,,,,,,,,,,,,,,,,,,,,120x180,,,,,,,,,,,,,,,,,,,,,,,,86211,,,,,,,,,,,,,,,,,,,
41121,variation,56905707,,D-sign Rug 1D0577 Grey - 160x230,1,0,hidden,,D-sign Rug 1D0577 Grey 160x230 cm,,,taxable,parent,0,0,,0,0,,230,160,1.4,0,,,5276,,,,,,,56905694-H,,,,,,6,,,Size,160x230,,1,,,,,,,,,,,,,,,,,,,,,,,,,,,,,,,,,,,,,160x230,,,,,,,,,,,,1786453472,,,,,,,,,,,,86212,,,,,,,,,,,,,,,,,,,
41127,variation,56905708,,D-sign Rug 1D0578 White - 80x150,1,0,hidden,,D-sign Rug 1D0578 White 80x150 cm,,,taxable,parent,0,0,,0,0,,150,80,1.4,0,,,1940,,,,,,,56905708-H,,,,,,1,,,Size,80x150,,1,,,,,,,,,,,,,,,,,,,,,,,,,,,,,,,,,,,,,80x150,,,,,,,,,,,,1786453473,,,,,,,,,,,,86218,,,,,,,,,,,,,,,,,,,
41128,variation,56910259,,D-sign Rug 1D0578 White - 100x200,1,0,hidden,,D-sign Rug 1D0578 White 100x200 cm,,,taxable,parent,0,0,,0,0,,200,100,1.4,0,,,2972,,,,,,,56905708-H,,,,,,2,,,Size,100x200,,1,,,,,,,,,,,,,,,,,,,,,,,,,,,,,,,,,,,,,100x200,,,,,,,,,,,,,,,,,,,,,,,,86219,,,,,,,,,,,,,,,,,,,
41129,variation,56910256,,D-sign Rug 1D0578 White - 100x300,1,0,hidden,,D-sign Rug 1D0578 White 100x300 cm,,,taxable,parent,0,0,,0,0,,300,100,1.4,0,,,4292,,,,,,,56905708-H,,,,,,3,,,Size,100x300,,1,,,,,,,,,,,,,,,,,,,,,,,,,,,,,,,,,,,,,100x300,,,,,,,,,,,,1786455861,,,,,,,,,,,,86220,,,,,,,,,,,,,,,,,,,
41130,variation,56910251,,D-sign Rug 1D0578 White - 120x180,1,0,hidden,,D-sign Rug 1D0578 White 120x180 cm,,,taxable,parent,0,0,,0,0,,180,120,1.4,0,,,3212,,,,,,,56905708-H,,,,,,4,,,Size,120x180,,1,,,,,,,,,,,,,,,,,,,,,,,,,,,,,,,,,,,,,120x180,,,,,,,,,,,,,,,,,,,,,,,,86217,,,,,,,,,,,,,,,,,,,
41145,variable,56905736-H,,D-sign Rug 1D0583 Beige,1,0,hidden,D-sign Rug 1D0583 Beige ,D-sign Rug 1D0583 Beige ,,,taxable,,0,,,0,0,,,,,0,,,,"Rooms > Entrance & Corridor, Rooms > Kitchen, Rugs > Modern, Rugs",,,"https://rugshop.eu/wp-content/uploads/2021/10/carpet-sizal-floorlux-20504-leaves-champagne-taupe-jungle.jpg, https://rugshop.eu/wp-content/uploads/2021/10/carpet-sizal-floorlux-20504-leaves-champagne-taupe-jungle-1.jpg, https://rugshop.eu/wp-content/uploads/2021/10/carpet-sizal-floorlux-20504-leaves-champagne-taupe-jungle-2.jpg, https://rugshop.eu/wp-content/uploads/2021/10/carpet-sizal-floorlux-20504-leaves-champagne-taupe-jungle-3.jpg",,,,,,,,,1008,,,Size,"120x170, 140x200, 160x230, 200x290, 240x330, 60x110, 80x150",1,1,Brand,D-sign,1,1,Color,White-Beige,1,1,Type of color,Multicolor,1,1,Shape,Rectangular,1,1,Material,Polypropen,1,1,Type of rug,Modern,1,1,Weave,Machinemade,1,1,Country,Belgium,1,1,Age,New,1,1,,,,,default,default,default,default,,,,,1786455885,yes,yes,,,,,,,,,classic-editor,,,,,,,,,,,,,,,,,,,,
41146,variable,56905754-H,,D-sign Rug 1D0584 Grey,1,0,hidden,D-sign Rug 1D0584 Grey ,D-sign Rug 1D0584 Grey ,,,taxable,,0,,,0,0,,,,,1,,,,"Rooms > Bedroom, Rooms > Living room, Rugs > Modern, Rugs",,,"https://rugshop.eu/wp-content/uploads/2021/10/carpet-sizal-floorlux-20491-flowers-silver-black.jpg, https://rugshop.eu/wp-content/uploads/2021/10/carpet-sizal-floorlux-20491-flowers-silver-black-1.jpg, https://rugshop.eu/wp-content/uploads/2021/10/carpet-sizal-floorlux-20491-flowers-silver-black-2.jpg, https://rugshop.eu/wp-content/uploads/2021/10/carpet-sizal-floorlux-20491-flowers-silver-black-3.jpg",,,,,,,,,1009,,,Size,"120x170, 140x200, 160x230, 200x290, 240x330, 60x110, 80x150",1,1,Brand,D-sign,1,1,Color,Black-Grey,1,1,Type of color,Multicolor,1,1,Shape,Rectangular,1,1,Material,Polypropen,1,1,Type of rug,Modern,1,1,Weave,Machinemade,1,1,Country,Belgium,1,1,Age,New,1,1,,,,,,,,,,,,,1786455886,yes,yes,,,,,,,,,,,,,,,,,,,,,,,,,,,,,
41154,variation,56905720,,D-sign Rug 1D0581 Grey - 60x110,1,0,hidden,,D-sign Rug 1D0581 Grey 60x110 cm,,,taxable,parent,0,0,,0,0,,110,60,0.6,0,,,604,,,,,,,56905720-H,,,,,,1,,,Size,60x110,,1,,,,,,,,,,,,,,,,,,,,,,,,,,,,,,,,,,,,,60x110,,,,,,,,,,,,1786453473,,,,,,,,,,,,86295,,,,,,,,,,,,,,,,,,,
41155,variation,56910284,,D-sign Rug 1D0581 Grey - 80x150,1,0,hidden,,D-sign Rug 1D0581 Grey 80x150 cm,,,taxable,parent,0,0,,0,0,,150,80,0.6,0,,,764,,,,,,,56905720-H,,,,,,2,,,Size,80x150,,1,,,,,,,,,,,,,,,,,,,,,,,,,,,,,,,,,,,,,80x150,,,,,,,,,,,,1786455865,,,,,,,,,,,,86296,,,,,,,,,,,,,,,,,,,
41156,variation,56910278,,D-sign Rug 1D0581 Grey - 120x170,1,0,hidden,,D-sign Rug 1D0581 Grey 120x170 cm,,,taxable,parent,0,0,,0,0,,170,120,0.6,0,,,996,,,,,,,56905720-H,,,,,,3,,,Size,120x170,,1,,,,,,,,,,,,,,,,,,,,,,,,,,,,,,,,,,,,,120x170,,,,,,,,,,,,1786455863,,,,,,,,,,,,86293,,,,,,,,,,,,,,,,,,,
41157,variation,56910280,,D-sign Rug 1D0581 Grey - 140x200,1,0,hidden,,D-sign Rug 1D0581 Grey 140x200 cm,,,taxable,parent,0,0,,0,0,,200,140,0.6,0,,,1236,,,,,,,56905720-H,,,,,,4,,,Size,140x200,,1,,,,,,,,,,,,,,,,,,,,,,,,,,,,,,,,,,,,,140x200,,,,,,,,,,,,1786455864,,,,,,,,,,,,86612,,,,,,,,,,,,,,,,,,,
41158,variation,56910277,,D-sign Rug 1D0581 Grey - 160x230,1,0,hidden,,D-sign Rug 1D0581 Grey 160x230 cm,,,taxable,parent,0,0,,0,0,,230,160,0.6,0,,,1516,,,,,,,56905720-H,,,,,,5,,,Size,160x230,,1,,,,,,,,,,,,,,,,,,,,,,,,,,,,,,,,,,,,,160x230,,,,,,,,,,,,1786455863,,,,,,,,,,,,86297,,,,,,,,,,,,,,,,,,,
41159,variation,56910283,,D-sign Rug 1D0581 Grey - 200x290,1,0,hidden,,D-sign Rug 1D0581 Grey 200x290 cm,,,taxable,parent,0,0,,0,0,,290,200,0.6,0,,,2172,,,,,,,56905720-H,,,,,,6,,,Size,200x290,,1,,,,,,,,,,,,,,,,,,,,,,,,,,,,,,,,,,,,,200x290,,,,,,,,,,,,1786455865,,,,,,,,,,,,86298,,,,,,,,,,,,,,,,,,,
41160,variation,56910276,,D-sign Rug 1D0581 Grey - 240x330,1,0,hidden,,D-sign Rug 1D0581 Grey 240x330 cm,,,taxable,parent,0,0,,0,0,,330,240,0.6,0,,,2924,,,,,,,56905720-H,,,,,,7,,,Size,240x330,,1,,,,,,,,,,,,,,,,,,,,,,,,,,,,,,,,,,,,,240x330,,,,,,,,,,,,1786455862,,,,,,,,,,,,86299,,,,,,,,,,,,,,,,,,,
41166,variation,56905722,,D-sign Rug 1D0582 Grey - 60x110,1,0,hidden,,D-sign Rug 1D0582 Grey 60x110 cm,,,taxable,parent,0,0,,0,0,,110,60,0.6,0,,,604,,,,,,,56905722-H,,,,,,1,,,Size,60x110,,1,,,,,,,,,,,,,,,,,,,,,,,,,,,,,,,,,,,,,60x110,,,,,,,,,,,,1786453474,,,,,,,,,,,,86302,,,,,,,,,,,,,,,,,,,
41167,variation,56905740,,D-sign Rug 1D0582 Grey - 80x150,1,0,hidden,,D-sign Rug 1D0582 Grey 80x150 cm,,,taxable,parent,0,0,,0,0,,150,80,0.6,0,,,764,,,,,,,56905722-H,,,,,,2,,,Size,80x150,,1,,,,,,,,,,,,,,,,,,,,,,,,,,,,,,,,,,,,,80x150,,,,,,,,,,,,1786453520,,,,,,,,,,,,86303,,,,,,,,,,,,,,,,,,,
41168,variation,56905737,,D-sign Rug 1D0582 Grey - 120x170,1,0,hidden,,D-sign Rug 1D0582 Grey 120x170 cm,,,taxable,parent,0,0,,0,0,,170,120,0.6,0,,,996,,,,,,,56905722-H,,,,,,3,,,Size,120x170,,1,,,,,,,,,,,,,,,,,,,,,,,,,,,,,,,,,,,,,120x170,,,,,,,,,,,,1786453476,,,,,,,,,,,,86301,,,,,,,,,,,,,,,,,,,
41169,variation,56905735,,D-sign Rug 1D0582 Grey - 140x200,1,0,hidden,,D-sign Rug 1D0582 Grey 140x200 cm,,,taxable,parent,0,0,,0,0,,200,140,0.6,0,,,1236,,,,,,,56905722-H,,,,,,4,,,Size,140x200,,1,,,,,,,,,,,,,,,,,,,,,,,,,,,,,,,,,,,,,140x200,,,,,,,,,,,,1786453475,,,,,,,,,,,,86611,,,,,,,,,,,,,,,,,,,
41170,variation,56905738,,D-sign Rug 1D0582 Grey - 160x230,1,0,hidden,,D-sign Rug 1D0582 Grey 160x230 cm,,,taxable,parent,0,0,,0,0,,230,160,0.6,0,,,1516,,,,,,,56905722-H,,,,,,5,,,Size,160x230,,1,,,,,,,,,,,,,,,,,,,,,,,,,,,,,,,,,,,,,160x230,,,,,,,,,,,,1786453476,,,,,,,,,,,,86304,,,,,,,,,,,,,,,,,,,
41171,variation,56905739,,D-sign Rug 1D0582 Grey - 200x290,1,0,hidden,,D-sign Rug 1D0582 Grey 200x290 cm,,,taxable,parent,0,0,,0,0,,290,200,0.6,0,,,2172,,,,,,,56905722-H,,,,,,6,,,Size,200x290,,1,,,,,,,,,,,,,,,,,,,,,,,,,,,,,,,,,,,,,200x290,,,,,,,,,,,,1786453519,,,,,,,,,,,,86305,,,,,,,,,,,,,,,,,,,
41172,variation,56905734,,D-sign Rug 1D0582 Grey - 240x330,1,0,hidden,,D-sign Rug 1D0582 Grey 240x330 cm,,,taxable,parent,0,0,,0,0,,330,240,0.6,0,,,2924,,,,,,,56905722-H,,,,,,7,,,Size,240x330,,1,,,,,,,,,,,,,,,,,,,,,,,,,,,,,,,,,,,,,240x330,,,,,,,,,,,,1786453475,,,,,,,,,,,,86306,,,,,,,,,,,,,,,,,,,
41178,variable,56905765-H,,D-sign Rug 1D0585 Beige,1,0,hidden,D-sign Rug 1D0585 Beige ,D-sign Rug 1D0585 Beige ,,,taxable,,0,,,0,0,,,,,1,,,,"Rooms > Bedroom, Rooms > Living room, Rugs > Modern, Rugs",,,"https://rugshop.eu/wp-content/uploads/2021/10/carpet-sizal-floorlux-20491-flowers-champagne-taupe.jpg, https://rugshop.eu/wp-content/uploads/2021/10/carpet-sizal-floorlux-20491-flowers-champagne-taupe-1.jpg, https://rugshop.eu/wp-content/uploads/2021/10/carpet-sizal-floorlux-20491-flowers-champagne-taupe-2.jpg, https://rugshop.eu/wp-content/uploads/2021/10/carpet-sizal-floorlux-20491-flowers-champagne-taupe-3.jpg",,,,,,,,,1010,,,Size,"120x170, 140x200, 160x230, 200x290, 240x330, 60x110, 80x150",1,1,Brand,D-sign,1,1,Color,White-Beige,1,1,Type of color,Multicolor,1,1,Shape,Rectangular,1,1,Material,Polypropen,1,1,Type of rug,Modern,1,1,Weave,Machinemade,1,1,Country,Belgium,1,1,Age,New,1,1,,,,,,,,,,,,,1786455905,yes,yes,,,,,,,,,,,,,,,,,,,,,,,,,,,,,
41181,variation,56905736,,D-sign Rug 1D0583 Beige - 60x110,1,0,hidden,,D-sign Rug 1D0583 Beige 60x110 cm,,,taxable,parent,0,0,,0,0,,110,60,0.6,0,,,604,,,,,,,56905736-H,,,,,,1,,,Size,60x110,,1,,,,,,,,,,,,,,,,,,,,,,,,,,,,,,,,,,,,,60x110,,,,,,,,,,,,1786453475,,,,,,,,,,,,86307,,,,,,,,,,,,,,,,,,,
41182,variation,56910279,,D-sign Rug 1D0583 Beige - 80x150,1,0,hidden,,D-sign Rug 1D0583 Beige 80x150 cm,,,taxable,parent,0,0,,0,0,,150,80,0.6,0,,,764,,,,,,,56905736-H,,,,,,2,,,Size,80x150,,1,,,,,,,,,,,,,,,,,,,,,,,,,,,,,,,,,,,,,80x150,,,,,,,,,,,,1786455864,,,,,,,,,,,,86308,,,,,,,,,,,,,,,,,,,
41183,variation,56910285,,D-sign Rug 1D0583 Beige - 120x170,1,0,hidden,,D-sign Rug 1D0583 Beige 120x170 cm,,,taxable,parent,0,0,,0,0,,170,120,0.6,0,,,996,,,,,,,56905736-H,,,,,,3,,,Size,120x170,,1,,,,,,,,,,,,,,,,,,,,,,,,,,,,,,,,,,,,,120x170,,,,,,,,,,,,1786455866,,,,,,,,,,,,86309,,,,,,,,,,,,,,,,,,,
41184,variation,56910281,,D-sign Rug 1D0583 Beige - 140x200,1,0,hidden,,D-sign Rug 1D0583 Beige 140x200 cm,,,taxable,parent,0,0,,0,0,,200,140,0.6,0,,,1236,,,,,,,56905736-H,,,,,,4,,,Size,140x200,,1,,,,,,,,,,,,,,,,,,,,,,,,,,,,,,,,,,,,,140x200,,,,,,,,,,,,1786455865,,,,,,,,,,,,86310,,,,,,,,,,,,,,,,,,,
41185,variation,56905752,,D-sign Rug 1D0583 Beige - 160x230,1,0,hidden,,D-sign Rug 1D0583 Beige 160x230 cm,,,taxable,parent,0,0,,0,0,,230,160,0.6,0,,,1516,,,,,,,56905736-H,,,,,,5,,,Size,160x230,,1,,,,,,,,,,,,,,,,,,,,,,,,,,,,,,,,,,,,,160x230,,,,,,,,,,,,1786453521,,,,,,,,,,,,86311,,,,,,,,,,,,,,,,,,,
41186,variation,56905753,,D-sign Rug 1D0583 Beige - 200x290,1,0,hidden,,D-sign Rug 1D0583 Beige 200x290 cm,,,taxable,parent,0,0,,0,0,,290,200,0.6,0,,,2172,,,,,,,56905736-H,,,,,,6,,,Size,200x290,,1,,,,,,,,,,,,,,,,,,,,,,,,,,,,,,,,,,,,,200x290,,,,,,,,,,,,1786453522,,,,,,,,,,,,86312,,,,,,,,,,,,,,,,,,,
41187,variation,56905751,,D-sign Rug 1D0583 Beige - 240x330,1,0,hidden,,D-sign Rug 1D0583 Beige 240x330 cm,,,taxable,parent,0,0,,0,0,,330,240,0.6,0,,,2924,,,,,,,56905736-H,,,,,,7,,,Size,240x330,,1,,,,,,,,,,,,,,,,,,,,,,,,,,,,,,,,,,,,,240x330,,,,,,,,,,,,1786453521,,,,,,,,,,,,86313,,,,,,,,,,,,,,,,,,,
41193,variation,56905754,,D-sign Rug 1D0584 Grey - 60x110,1,0,hidden,,D-sign Rug 1D0584 Grey 60x110 cm,,,taxable,parent,0,0,,0,0,,110,60,0.6,0,,,604,,,,,,,56905754-H,,,,,,1,,,Size,60x110,,1,,,,,,,,,,,,,,,,,,,,,,,,,,,,,,,,,,,,,60x110,,,,,,,,,,,,1786453522,,,,,,,,,,,,86314,,,,,,,,,,,,,,,,,,,
41194,variation,56910297,,D-sign Rug 1D0584 Grey - 80x150,1,0,hidden,,D-sign Rug 1D0584 Grey 80x150 cm,,,taxable,parent,0,0,,0,0,,150,80,0.6,0,,,764,,,,,,,56905754-H,,,,,,2,,,Size,80x150,,1,,,,,,,,,,,,,,,,,,,,,,,,,,,,,,,,,,,,,80x150,,,,,,,,,,,,1786455870,,,,,,,,,,,,86315,,,,,,,,,,,,,,,,,,,
41195,variation,56910301,,D-sign Rug 1D0584 Grey - 120x170,1,0,hidden,,D-sign Rug 1D0584 Grey 120x170 cm,,,taxable,parent,0,0,,0,0,,170,120,0.6,0,,,996,,,,,,,56905754-H,,,,,,3,,,Size,120x170,,1,,,,,,,,,,,,,,,,,,,,,,,,,,,,,,,,,,,,,120x170,,,,,,,,,,,,1786455873,,,,,,,,,,,,86316,,,,,,,,,,,,,,,,,,,
41196,variation,56910295,,D-sign Rug 1D0584 Grey - 140x200,1,0,hidden,,D-sign Rug 1D0584 Grey 140x200 cm,,,taxable,parent,0,0,,0,0,,200,140,0.6,0,,,1236,,,,,,,56905754-H,,,,,,4,,,Size,140x200,,1,,,,,,,,,,,,,,,,,,,,,,,,,,,,,,,,,,,,,140x200,,,,,,,,,,,,1786455868,,,,,,,,,,,,86317,,,,,,,,,,,,,,,,,,,
41197,variation,56910294,,D-sign Rug 1D0584 Grey - 160x230,1,0,hidden,,D-sign Rug 1D0584 Grey 160x230 cm,,,taxable,parent,0,0,,0,0,,230,160,0.6,0,,,1516,,,,,,,56905754-H,,,,,,5,,,Size,160x230,,1,,,,,,,,,,,,,,,,,,,,,,,,,,,,,,,,,,,,,160x230,,,,,,,,,,,,1786455867,,,,,,,,,,,,86318,,,,,,,,,,,,,,,,,,,
41198,variation,56910292,,D-sign Rug 1D0584 Grey - 200x290,1,0,hidden,,D-sign Rug 1D0584 Grey 200x290 cm,,,taxable,parent,0,0,,0,0,,290,200,0.6,0,,,2172,,,,,,,56905754-H,,,,,,6,,,Size,200x290,,1,,,,,,,,,,,,,,,,,,,,,,,,,,,,,,,,,,,,,200x290,,,,,,,,,,,,1786455866,,,,,,,,,,,,86319,,,,,,,,,,,,,,,,,,,
41199,variation,56910298,,D-sign Rug 1D0584 Grey - 240x330,1,0,hidden,,D-sign Rug 1D0584 Grey 240x330 cm,,,taxable,parent,0,0,,0,0,,330,240,0.6,0,,,2924,,,,,,,56905754-H,,,,,,7,,,Size,240x330,,1,,,,,,,,,,,,,,,,,,,,,,,,,,,,,,,,,,,,,240x330,,,,,,,,,,,,1786455871,,,,,,,,,,,,86320,,,,,,,,,,,,,,,,,,,
41205,variation,56905765,,D-sign Rug 1D0585 Beige - 60x110,1,0,hidden,,D-sign Rug 1D0585 Beige 60x110 cm,,,taxable,parent,0,0,,0,0,,110,60,0.6,0,,,604,,,,,,,56905765-H,,,,,,1,,,Size,60x110,,1,,,,,,,,,,,,,,,,,,,,,,,,,,,,,,,,,,,,,60x110,,,,,,,,,,,,1786453523,,,,,,,,,,,,86321,,,,,,,,,,,,,,,,,,,
41206,variation,56910300,,D-sign Rug 1D0585 Beige - 80x150,1,0,hidden,,D-sign Rug 1D0585 Beige 80x150 cm,,,taxable,parent,0,0,,0,0,,150,80,0.6,0,,,764,,,,,,,56905765-H,,,,,,2,,,Size,80x150,,1,,,,,,,,,,,,,,,,,,,,,,,,,,,,,,,,,,,,,80x150,,,,,,,,,,,,1786455872,,,,,,,,,,,,86322,,,,,,,,,,,,,,,,,,,
41207,variation,56910311,,D-sign Rug 1D0585 Beige - 120x170,1,0,hidden,,D-sign Rug 1D0585 Beige 120x170 cm,,,taxable,parent,0,0,,0,0,,170,120,0.6,0,,,996,,,,,,,56905765-H,,,,,,3,,,Size,120x170,,1,,,,,,,,,,,,,,,,,,,,,,,,,,,,,,,,,,,,,120x170,,,,,,,,,,,,1786455891,,,,,,,,,,,,86323,,,,,,,,,,,,,,,,,,,
41208,variation,56910296,,D-sign Rug 1D0585 Beige - 140x200,1,0,hidden,,D-sign Rug 1D0585 Beige 140x200 cm,,,taxable,parent,0,0,,0,0,,200,140,0.6,0,,,1236,,,,,,,56905765-H,,,,,,4,,,Size,140x200,,1,,,,,,,,,,,,,,,,,,,,,,,,,,,,,,,,,,,,,140x200,,,,,,,,,,,,1786455869,,,,,,,,,,,,86324,,,,,,,,,,,,,,,,,,,
41209,variation,56910293,,D-sign Rug 1D0585 Beige - 160x230,1,0,hidden,,D-sign Rug 1D0585 Beige 160x230 cm,,,taxable,parent,0,0,,0,0,,230,160,0.6,0,,,1516,,,,,,,56905765-H,,,,,,5,,,Size,160x230,,1,,,,,,,,,,,,,,,,,,,,,,,,,,,,,,,,,,,,,160x230,,,,,,,,,,,,1786455867,,,,,,,,,,,,86325,,,,,,,,,,,,,,,,,,,
41210,variation,56910299,,D-sign Rug 1D0585 Beige - 200x290,1,0,hidden,,D-sign Rug 1D0585 Beige 200x290 cm,,,taxable,parent,0,0,,0,0,,290,200,0.6,0,,,2172,,,,,,,56905765-H,,,,,,6,,,Size,200x290,,1,,,,,,,,,,,,,,,,,,,,,,,,,,,,,,,,,,,,,200x290,,,,,,,,,,,,1786455872,,,,,,,,,,,,86326,,,,,,,,,,,,,,,,,,,
41211,variation,56910310,,D-sign Rug 1D0585 Beige - 240x330,1,0,hidden,,D-sign Rug 1D0585 Beige 240x330 cm,,,taxable,parent,0,0,,0,0,,330,240,0.6,0,,,2924,,,,,,,56905765-H,,,,,,7,,,Size,240x330,,1,,,,,,,,,,,,,,,,,,,,,,,,,,,,,,,,,,,,,240x330,,,,,,,,,,,,1786455873,,,,,,,,,,,,86327,,,,,,,,,,,,,,,,,,,
41221,variable,56905797-H,,D-sign Rug 1D0594 Blue,1,0,hidden,D-sign Rug 1D0594 Blue ,D-sign Rug 1D0594 Blue ,,,taxable,,0,,,0,0,,,,,1,,,,"Rooms > Entrance & Corridor, Rugs > Modern, Rugs > Persian, Rugs",,,"https://rugshop.eu/wp-content/uploads/2021/10/carpet-acrylic-mirada-5416-blue-mavi-fringe.jpg, https://rugshop.eu/wp-content/uploads/2021/10/carpet-acrylic-mirada-5416-blue-mavi-fringe-1.jpg, https://rugshop.eu/wp-content/uploads/2021/10/carpet-acrylic-mirada-5416-blue-mavi-fringe-2.jpg, https://rugshop.eu/wp-content/uploads/2021/10/carpet-acrylic-mirada-5416-blue-mavi-fringe-3.jpg",,,,,,,,,1019,,,Size,"100x200, 100x300, 120x180, 160x230, 80x150, 80x300",1,1,Brand,D-sign,1,1,Color,Blue,1,1,Type of color,Multicolor,1,1,Shape,Runner,1,1,Material,"Acrylic, Polyester",1,1,Type of rug,"Modern, Persian",1,1,Weave,Machinemade,1,1,Age,New,1,1,,,,,,,,,,,,,,,,,1786455908,yes,yes,,,,,,,,,,,,,,,,,,,,,,,,,,,,,
41246,variable,56905811-H,,D-sign Rug 1D0595 Beige,1,0,hidden,D-sign Rug 1D0595 Beige ,D-sign Rug 1D0595 Beige ,,,taxable,,0,,,0,0,,,,,1,,,,"Rooms > Bedroom, Rooms > Living room, Rugs > Modern, Rugs > Persian, Rugs",,,"https://rugshop.eu/wp-content/uploads/2021/10/carpet-acrylic-mirada-5416-powder-pudra-fringe.jpg, https://rugshop.eu/wp-content/uploads/2021/10/carpet-acrylic-mirada-5416-powder-pudra-fringe-1.jpg, https://rugshop.eu/wp-content/uploads/2021/10/carpet-acrylic-mirada-5416-powder-pudra-fringe-2.jpg, https://rugshop.eu/wp-content/uploads/2021/10/carpet-acrylic-mirada-5416-powder-pudra-fringe-3.jpg",,,,,,,,,1020,,,Size,"100x200, 100x300, 120x180, 160x230, 80x300",1,1,Brand,D-sign,1,1,Color,White-Beige,1,1,Type of color,Multicolor,1,1,Shape,Rectangular,1,1,Material,"Acrylic, Polyester",1,1,Type of rug,"Modern, Persian",1,1,Weave,Machinemade,1,1,Age,New,1,1,,,,,,,,,,,,,,,,,1786453546,yes,yes,,,,,,,,,,,,,,,,,,,,,,,,,,,,,
41247,variable,56905809-H,,D-sign Rug 1D0596 Blue,1,0,hidden,D-sign Rug 1D0596 Blue ,D-sign Rug 1D0596 Blue ,,,taxable,,0,,,0,0,,,,,1,,,,"Rooms > Bedroom, Rooms > Living room, Rugs > Modern, Rugs > Persian, Rugs",,,"https://rugshop.eu/wp-content/uploads/2021/10/carpet-acrylic-mirada-5417-blue-mavi-fringe.jpg, https://rugshop.eu/wp-content/uploads/2021/10/carpet-acrylic-mirada-5417-blue-mavi-fringe-1.jpg, https://rugshop.eu/wp-content/uploads/2021/10/carpet-acrylic-mirada-5417-blue-mavi-fringe-2.jpg, https://rugshop.eu/wp-content/uploads/2021/10/carpet-acrylic-mirada-5417-blue-mavi-fringe-3.jpg",,,,,,,,,1021,,,Size,"100x300, 120x180, 160x230",1,1,Brand,D-sign,1,1,Color,Blue,1,1,Type of color,Multicolor,1,1,Shape,Rectangular,1,1,Material,"Acrylic, Polyester",1,1,Type of rug,"Modern, Persian",1,1,Weave,Machinemade,1,1,Age,New,1,1,,,,,,,,,,,,,,,,,1786453543,yes,yes,,,,,,,,,,,,,,,,,,,,,,,,,,,,,
41275,variable,56905827-H,,D-sign Rug 1D0571 Grey,1,0,hidden,D-sign Rug 1D0571 Grey ,D-sign Rug 1D0571 Grey ,,,taxable,,0,,,0,0,,,,,1,,,,"Rooms > Entrance & Corridor, Rugs > Modern, Rugs, Rugs > Traditional",,,"https://rugshop.eu/wp-content/uploads/2021/10/carpet-acrylic-manyas-192aa-grey-blue-fringe.jpg, https://rugshop.eu/wp-content/uploads/2021/10/carpet-acrylic-manyas-192aa-grey-blue-fringe-1.jpg, https://rugshop.eu/wp-content/uploads/2021/10/carpet-acrylic-manyas-192aa-grey-blue-fringe-2.jpg, https://rugshop.eu/wp-content/uploads/2021/10/carpet-acrylic-manyas-192aa-grey-blue-fringe-3.jpg",,,,,,,,,996,,,Size,"100x200, 100x300, 120x180, 160x230, 80x150, 80x300",1,1,Brand,D-sign,1,1,Color,Blue,1,1,Type of color,Multicolor,1,1,Shape,Runner,1,1,Material,"Acrylic, Wool",1,1,Type of rug,"Modern, Traditional",1,1,Weave,Machinemade,1,1,Age,New,1,1,,,,,,,,,,,,,,,,,1786453549,yes,yes,,,,,,,,,,,,,,,,,,,,,,,,,,,,,
41276,variation,56905797,,D-sign Rug 1D0594 Blue - 80x150,1,0,hidden,,D-sign Rug 1D0594 Blue 80x150 cm,,,taxable,parent,0,0,,0,0,,150,80,1.6,0,,,1844,,,,,,,56905797-H,,,,,,1,,,Size,80x150,,1,,,,,,,,,,,,,,,,,,,,,,,,,,,,,,,,,,,,,80x150,,,,,,,,,,,,,,,,,,,,,,,,86478,,,,,,,,,,,,,,,,,,,
41277,variation,56910324,,D-sign Rug 1D0594 Blue - 80x300,1,0,hidden,,D-sign Rug 1D0594 Blue 80x300 cm,,,taxable,parent,0,0,,0,0,,300,80,1.6,0,,,3260,,,,,,,56905797-H,,,,,,2,,,Size,80x300,,1,,,,,,,,,,,,,,,,,,,,,,,,,,,,,,,,,,,,,80x300,,,,,,,,,,,,1786455891,,,,,,,,,,,,86479,,,,,,,,,,,,,,,,,,,
41278,variation,56910327,,D-sign Rug 1D0594 Blue - 100x200,1,0,hidden,,D-sign Rug 1D0594 Blue 100x200 cm,,,taxable,parent,0,0,,0,0,,200,100,1.6,0,,,2740,,,,,,,56905797-H,,,,,,3,,,Size,100x200,,1,,,,,,,,,,,,,,,,,,,,,,,,,,,,,,,,,,,,,100x200,,,,,,,,,,,,,,,,,,,,,,,,86480,,,,,,,,,,,,,,,,,,,
41279,variation,56910322,,D-sign Rug 1D0594 Blue - 100x300,1,0,hidden,,D-sign Rug 1D0594 Blue 100x300 cm,,,taxable,parent,0,0,,0,0,,300,100,1.6,0,,,3964,,,,,,,56905797-H,,,,,,4,,,Size,100x300,,1,,,,,,,,,,,,,,,,,,,,,,,,,,,,,,,,,,,,,100x300,,,,,,,,,,,,,,,,,,,,,,,,86481,,,,,,,,,,,,,,,,,,,
41280,variation,56910331,,D-sign Rug 1D0594 Blue - 120x180,1,0,hidden,,D-sign Rug 1D0594 Blue 120x180 cm,,,taxable,parent,0,0,,0,0,,180,120,1.6,0,,,2972,,,,,,,56905797-H,,,,,,5,,,Size,120x180,,1,,,,,,,,,,,,,,,,,,,,,,,,,,,,,,,,,,,,,120x180,,,,,,,,,,,,,,,,,,,,,,,,86482,,,,,,,,,,,,,,,,,,,
41281,variation,56905812,,D-sign Rug 1D0594 Blue - 160x230,1,0,hidden,,D-sign Rug 1D0594 Blue 160x230 cm,,,taxable,parent,0,0,,0,0,,230,160,1.6,0,,,4804,,,,,,,56905797-H,,,,,,6,,,Size,160x230,,1,,,,,,,,,,,,,,,,,,,,,,,,,,,,,,,,,,,,,160x230,,,,,,,,,,,,,,,,,,,,,,,,86483,,,,,,,,,,,,,,,,,,,
41287,variation,56905811,,D-sign Rug 1D0595 Beige - 80x300,1,0,hidden,,D-sign Rug 1D0595 Beige 80x300 cm,,,taxable,parent,0,0,,0,0,,300,80,1.6,0,,,3260,,,,,,,56905811-H,,,,,,1,,,Size,80x300,,1,,,,,,,,,,,,,,,,,,,,,,,,,,,,,,,,,,,,,80x300,,,,,,,,,,,,1786453524,,,,,,,,,,,,86491,,,,,,,,,,,,,,,,,,,
41288,variation,56910323,,D-sign Rug 1D0595 Beige - 100x200,1,0,hidden,,D-sign Rug 1D0595 Beige 100x200 cm,,,taxable,parent,0,0,,0,0,,200,100,1.6,0,,,2740,,,,,,,56905811-H,,,,,,2,,,Size,100x200,,1,,,,,,,,,,,,,,,,,,,,,,,,,,,,,,,,,,,,,100x200,,,,,,,,,,,,,,,,,,,,,,,,86492,,,,,,,,,,,,,,,,,,,
41289,variation,56910325,,D-sign Rug 1D0595 Beige - 100x300,1,0,hidden,,D-sign Rug 1D0595 Beige 100x300 cm,,,taxable,parent,0,0,,0,0,,300,100,1.6,0,,,3964,,,,,,,56905811-H,,,,,,3,,,Size,100x300,,1,,,,,,,,,,,,,,,,,,,,,,,,,,,,,,,,,,,,,100x300,,,,,,,,,,,,,,,,,,,,,,,,86493,,,,,,,,,,,,,,,,,,,
41290,variation,56910346,,D-sign Rug 1D0595 Beige - 120x180,1,0,hidden,,D-sign Rug 1D0595 Beige 120x180 cm,,,taxable,parent,0,0,,0,0,,180,120,1.6,0,,,2972,,,,,,,56905811-H,,,,,,4,,,Size,120x180,,1,,,,,,,,,,,,,,,,,,,,,,,,,,,,,,,,,,,,,120x180,,,,,,,,,,,,,,,,,,,,,,,,86494,,,,,,,,,,,,,,,,,,,
41291,variation,56910328,,D-sign Rug 1D0595 Beige - 160x230,1,0,hidden,,D-sign Rug 1D0595 Beige 160x230 cm,,,taxable,parent,0,0,,0,0,,230,160,1.6,0,,,4804,,,,,,,56905811-H,,,,,,5,,,Size,160x230,,1,,,,,,,,,,,,,,,,,,,,,,,,,,,,,,,,,,,,,160x230,,,,,,,,,,,,,,,,,,,,,,,,86495,,,,,,,,,,,,,,,,,,,
41297,variation,56905809,,D-sign Rug 1D0596 Blue - 100x300,1,0,hidden,,D-sign Rug 1D0596 Blue 100x300 cm,,,taxable,parent,0,0,,0,0,,300,100,1.6,0,,,3964,,,,,,,56905809-H,,,,,,1,,,Size,100x300,,1,,,,,,,,,,,,,,,,,,,,,,,,,,,,,,,,,,,,,100x300,,,,,,,,,,,,1786453524,,,,,,,,,,,,86507,,,,,,,,,,,,,,,,,,,
41298,variation,56910326,,D-sign Rug 1D0596 Blue - 120x180,1,0,hidden,,D-sign Rug 1D0596 Blue 120x180 cm,,,taxable,parent,0,0,,0,0,,180,120,1.6,0,,,2972,,,,,,,56905809-H,,,,,,2,,,Size,120x180,,1,,,,,,,,,,,,,,,,,,,,,,,,,,,,,,,,,,,,,120x180,,,,,,,,,,,,,,,,,,,,,,,,86508,,,,,,,,,,,,,,,,,,,
41299,variation,56910347,,D-sign Rug 1D0596 Blue - 160x230,1,0,hidden,,D-sign Rug 1D0596 Blue 160x230 cm,,,taxable,parent,0,0,,0,0,,230,160,1.6,0,,,4804,,,,,,,56905809-H,,,,,,3,,,Size,160x230,,1,,,,,,,,,,,,,,,,,,,,,,,,,,,,,,,,,,,,,160x230,,,,,,,,,,,,,,,,,,,,,,,,86509,,,,,,,,,,,,,,,,,,,
41305,variable,56905834-H,,D-sign Rug 1D0599 White,1,0,hidden,D-sign Rug 1D0599 White ,D-sign Rug 1D0599 White ,,,taxable,,0,,,0,0,,,,,1,,,,"Rooms > Bedroom, Rooms > Living room, Rugs, Rugs > Vintage",,,"https://rugshop.eu/wp-content/uploads/2021/10/carpet-sense-micro-81260-vintage-white-navy.jpg, https://rugshop.eu/wp-content/uploads/2021/10/carpet-sense-micro-81260-vintage-white-navy-1.jpg, https://rugshop.eu/wp-content/uploads/2021/10/carpet-sense-micro-81260-vintage-white-navy-2.jpg, https://rugshop.eu/wp-content/uploads/2021/10/carpet-sense-micro-81260-vintage-white-navy-3.jpg",,,,,,,,,1024,,,Size,"120x170, 160x230, 200x290, 80x150",1,1,Brand,D-sign,1,1,Color,Blue,1,1,Type of color,Multicolor,1,1,Shape,Rectangular,1,1,Material,Polyester,1,1,Type of rug,Vintage / Colored Vintage,1,1,Weave,Machinemade,1,1,Age,New,1,1,,,,,,,,,,,,,,,,,1786453552,yes,yes,,,,,,,,,,,,,,,,,,,,,,,,,,,,,
41306,variable,56905833-H,,D-sign Rug 1D0600 White,1,0,hidden,D-sign Rug 1D0600 White ,D-sign Rug 1D0600 White ,,,taxable,,0,,,0,0,,,,,1,,,,"Rooms > Bedroom, Rooms > Living room, Rugs, Rugs > Vintage",,,"https://rugshop.eu/wp-content/uploads/2021/10/carpet-sense-micro-81260-vintage-white-anthracite.jpg, https://rugshop.eu/wp-content/uploads/2021/10/carpet-sense-micro-81260-vintage-white-anthracite-1.jpg, https://rugshop.eu/wp-content/uploads/2021/10/carpet-sense-micro-81260-vintage-white-anthracite-2.jpg, https://rugshop.eu/wp-content/uploads/2021/10/carpet-sense-micro-81260-vintage-white-anthracite-3.jpg",,,,,,,,,1025,,,Size,"120x170, 160x230, 200x290, 80x150",1,1,Brand,D-sign,1,1,Color,White-Beige,1,1,Type of color,Multicolor,1,1,Shape,Rectangular,1,1,Material,Polyester,1,1,Type of rug,Vintage / Colored Vintage,1,1,Weave,Machinemade,1,1,Age,New,1,1,,,,,,,,,,,,,,,,,1786453550,yes,yes,,,,,,,,,,,,,,,,,,,,,,,,,,,,,
41307,variable,56905851-H,,D-sign Rug 1D0601 Anthracite,1,0,hidden,D-sign Rug 1D0601 Anthracite ,D-sign Rug 1D0601 Anthracite ,,,taxable,,0,,,0,0,,,,,1,,,,"Rooms > Bedroom, Rooms > Living room, Rugs > Modern, Rugs",,,"https://rugshop.eu/wp-content/uploads/2021/10/carpet-sense-micro-81243-triangles-silver-anthracite.jpg, https://rugshop.eu/wp-content/uploads/2021/10/carpet-sense-micro-81243-triangles-silver-anthracite-1.jpg, https://rugshop.eu/wp-content/uploads/2021/10/carpet-sense-micro-81243-triangles-silver-anthracite-2.jpg, https://rugshop.eu/wp-content/uploads/2021/10/carpet-sense-micro-81243-triangles-silver-anthracite-3.jpg",,,,,,,,,1026,,,Size,"120x170, 160x230, 200x290, 80x150",1,1,Brand,D-sign,1,1,Color,Black-Grey,1,1,Type of color,Multicolor,1,1,Shape,Rectangular,1,1,Material,Polyester,1,1,Type of rug,Modern,1,1,Weave,Machinemade,1,1,Age,New,1,1,,,,,,,,,,,,,,,,,1786455913,yes,yes,,,,,,,,,,,,,,,,,,,,,,,,,,,,,
41333,variable,56905847-H,,D-sign Rug 1D0602 Beige,1,0,hidden,D-sign Rug 1D0602 Beige ,D-sign Rug 1D0602 Beige ,,,taxable,,0,,,0,0,,,,,1,,,,"Rooms > Bedroom, Rooms > Living room, Rugs, Rugs > Vintage",,,"https://rugshop.eu/wp-content/uploads/2021/10/carpet-sense-micro-81261-vintage-beige-white.jpg, https://rugshop.eu/wp-content/uploads/2021/10/carpet-sense-micro-81261-vintage-beige-white-1.jpg, https://rugshop.eu/wp-content/uploads/2021/10/carpet-sense-micro-81261-vintage-beige-white-2.jpg, https://rugshop.eu/wp-content/uploads/2021/10/carpet-sense-micro-81261-vintage-beige-white-3.jpg",,,,,,,,,1027,,,Size,"120x170, 160x230, 200x290, 80x150",1,1,Brand,D-sign,1,1,Color,White-Beige,1,1,Type of color,Multicolor,1,1,Shape,Rectangular,1,1,Material,Polyester,1,1,Type of rug,Vintage / Colored Vintage,1,1,Weave,Machinemade,1,1,Age,New,1,1,,,,,,,,,,,,,,,,,1786455910,yes,yes,,,,,,,,,,,,,,,,,,,,,,,,,,,,,
41334,variable,56905864-H,,D-sign Rug 1D0603 Beige,1,0,hidden,D-sign Rug 1D0603 Beige ,D-sign Rug 1D0603 Beige ,,,taxable,,0,,,0,0,,,,,1,,,,"Rooms > Bedroom, Rooms > Living room, Rugs > Modern, Rugs",,,"https://rugshop.eu/wp-content/uploads/2021/10/carpet-sense-micro-81220-trellis-beige-white.jpg, https://rugshop.eu/wp-content/uploads/2021/10/carpet-sense-micro-81220-trellis-beige-white-1.jpg, https://rugshop.eu/wp-content/uploads/2021/10/carpet-sense-micro-81220-trellis-beige-white-2.jpg, https://rugshop.eu/wp-content/uploads/2021/10/carpet-sense-micro-81220-trellis-beige-white-3.jpg",,,,,,,,,1028,,,Size,"120x170, 160x230, 200x290, 80x150",1,1,Brand,D-sign,1,1,Color,White-Beige,1,1,Type of color,Multicolor,1,1,Shape,Rectangular,1,1,Material,Polyester,1,1,Type of rug,Modern,1,1,Weave,Machinemade,1,1,Age,New,1,1,,,,,,,,,,,,,,,,,1786453565,yes,yes,,,,,,,,,,,,,,,,,,,,,,,,,,,,,
41335,variation,56905827,,D-sign Rug 1D0571 Grey - 80x150,1,0,hidden,,D-sign Rug 1D0571 Grey 80x150 cm,,,taxable,parent,0,0,,0,0,,150,80,1.4,0,,,1940,,,,,,,56905827-H,,,,,,1,,,Size,80x150,,1,,,,,,,,,,,,,,,,,,,,,,,,,,,,,,,,,,,,,80x150,,,,,,,,,,,,,,,,,,,,,,,,86609,,,,,,,,,,,,,,,,,,,
41336,variation,56905835,,D-sign Rug 1D0571 Grey - 80x300,1,0,hidden,,D-sign Rug 1D0571 Grey 80x300 cm,,,taxable,parent,0,0,,0,0,,300,80,1.4,0,,,3492,,,,,,,56905827-H,,,,,,2,,,Size,80x300,,1,,,,,,,,,,,,,,,,,,,,,,,,,,,,,,,,,,,,,80x300,,,,,,,,,,,,1786453526,,,,,,,,,,,,86610,,,,,,,,,,,,,,,,,,,
41337,variation,56905832,,D-sign Rug 1D0571 Grey - 100x200,1,0,hidden,,D-sign Rug 1D0571 Grey 100x200 cm,,,taxable,parent,0,0,,0,0,,200,100,1.4,0,,,2972,,,,,,,56905827-H,,,,,,3,,,Size,100x200,,1,,,,,,,,,,,,,,,,,,,,,,,,,,,,,,,,,,,,,100x200,,,,,,,,,,,,,,,,,,,,,,,,86276,,,,,,,,,,,,,,,,,,,
41338,variation,56905830,,D-sign Rug 1D0571 Grey - 100x300,1,0,hidden,,D-sign Rug 1D0571 Grey 100x300 cm,,,taxable,parent,0,0,,0,0,,300,100,1.4,0,,,4292,,,,,,,56905827-H,,,,,,4,,,Size,100x300,,1,,,,,,,,,,,,,,,,,,,,,,,,,,,,,,,,,,,,,100x300,,,,,,,,,,,,,,,,,,,,,,,,86144,,,,,,,,,,,,,,,,,,,
41339,variation,56905831,,D-sign Rug 1D0571 Grey - 120x180,1,0,hidden,,D-sign Rug 1D0571 Grey 120x180 cm,,,taxable,parent,0,0,,0,0,,180,120,1.4,0,,,3212,,,,,,,56905827-H,,,,,,5,,,Size,120x180,,1,,,,,,,,,,,,,,,,,,,,,,,,,,,,,,,,,,,,,120x180,,,,,,,,,,,,,,,,,,,,,,,,86275,,,,,,,,,,,,,,,,,,,
41340,variation,56905829,,D-sign Rug 1D0571 Grey - 160x230,1,0,hidden,,D-sign Rug 1D0571 Grey 160x230 cm,,,taxable,parent,0,0,,0,0,,230,160,1.4,0,,,5276,,,,,,,56905827-H,,,,,,6,,,Size,160x230,,1,,,,,,,,,,,,,,,,,,,,,,,,,,,,,,,,,,,,,160x230,,,,,,,,,,,,1786453525,,,,,,,,,,,,86273,,,,,,,,,,,,,,,,,,,
41346,variation,56905834,,D-sign Rug 1D0599 White - 80x150,1,0,hidden,,D-sign Rug 1D0599 White 80x150 cm,,,taxable,parent,0,0,,0,0,,150,80,1,0,,,1164,,,,,,,56905834-H,,,,,,1,,,Size,80x150,,1,,,,,,,,,,,,,,,,,,,,,,,,,,,,,,,,,,,,,80x150,,,,,,,,,,,,,,,,,,,,,,,,86776,,,,,,,,,,,,,,,,,,,
41347,variation,56905845,,D-sign Rug 1D0599 White - 120x170,1,0,hidden,,D-sign Rug 1D0599 White 120x170 cm,,,taxable,parent,0,0,,0,0,,170,120,1,0,,,1708,,,,,,,56905834-H,,,,,,2,,,Size,120x170,,1,,,,,,,,,,,,,,,,,,,,,,,,,,,,,,,,,,,,,120x170,,,,,,,,,,,,1786453527,,,,,,,,,,,,86777,,,,,,,,,,,,,,,,,,,
41348,variation,56910349,,D-sign Rug 1D0599 White - 160x230,1,0,hidden,,D-sign Rug 1D0599 White 160x230 cm,,,taxable,parent,0,0,,0,0,,230,160,1,0,,,2764,,,,,,,56905834-H,,,,,,3,,,Size,160x230,,1,,,,,,,,,,,,,,,,,,,,,,,,,,,,,,,,,,,,,160x230,,,,,,,,,,,,,,,,,,,,,,,,86779,,,,,,,,,,,,,,,,,,,
41349,variation,56910348,,D-sign Rug 1D0599 White - 200x290,1,0,hidden,,D-sign Rug 1D0599 White 200x290 cm,,,taxable,parent,0,0,,0,0,,290,200,1,0,,,4220,,,,,,,56905834-H,,,,,,4,,,Size,200x290,,1,,,,,,,,,,,,,,,,,,,,,,,,,,,,,,,,,,,,,200x290,,,,,,,,,,,,,,,,,,,,,,,,86780,,,,,,,,,,,,,,,,,,,
41355,variation,56905833,,D-sign Rug 1D0600 White - 80x150,1,0,hidden,,D-sign Rug 1D0600 White 80x150 cm,,,taxable,parent,0,0,,0,0,,150,80,1,0,,,1164,,,,,,,56905833-H,,,,,,1,,,Size,80x150,,1,,,,,,,,,,,,,,,,,,,,,,,,,,,,,,,,,,,,,80x150,,,,,,,,,,,,1786453525,,,,,,,,,,,,86781,,,,,,,,,,,,,,,,,,,
41356,variation,56905849,,D-sign Rug 1D0600 White - 120x170,1,0,hidden,,D-sign Rug 1D0600 White 120x170 cm,,,taxable,parent,0,0,,0,0,,170,120,1,0,,,1708,,,,,,,56905833-H,,,,,,2,,,Size,120x170,,1,,,,,,,,,,,,,,,,,,,,,,,,,,,,,,,,,,,,,120x170,,,,,,,,,,,,1786453530,,,,,,,,,,,,86782,,,,,,,,,,,,,,,,,,,
41357,variation,56905850,,D-sign Rug 1D0600 White - 160x230,1,0,hidden,,D-sign Rug 1D0600 White 160x230 cm,,,taxable,parent,0,0,,0,0,,230,160,1,0,,,2764,,,,,,,56905833-H,,,,,,3,,,Size,160x230,,1,,,,,,,,,,,,,,,,,,,,,,,,,,,,,,,,,,,,,160x230,,,,,,,,,,,,1786453531,,,,,,,,,,,,86783,,,,,,,,,,,,,,,,,,,
41358,variation,56905848,,D-sign Rug 1D0600 White - 200x290,1,0,hidden,,D-sign Rug 1D0600 White 200x290 cm,,,taxable,parent,0,0,,0,0,,290,200,1,0,,,4220,,,,,,,56905833-H,,,,,,4,,,Size,200x290,,1,,,,,,,,,,,,,,,,,,,,,,,,,,,,,,,,,,,,,200x290,,,,,,,,,,,,1786453529,,,,,,,,,,,,86784,,,,,,,,,,,,,,,,,,,
41365,variable,56905866-H,,D-sign Rug 1D0605 White,1,0,hidden,D-sign Rug 1D0605 White ,D-sign Rug 1D0605 White ,,,taxable,,0,,,0,0,,,,,1,,,,"Rooms > Bedroom, Rooms > Living room, Rugs > Modern, Rugs",,,"https://rugshop.eu/wp-content/uploads/2021/10/carpet-sense-micro-81249-zigzag-ethno-white-navy.jpg, https://rugshop.eu/wp-content/uploads/2021/10/carpet-sense-micro-81249-zigzag-ethno-white-navy-1.jpg, https://rugshop.eu/wp-content/uploads/2021/10/carpet-sense-micro-81249-zigzag-ethno-white-navy-2.jpg, https://rugshop.eu/wp-content/uploads/2021/10/carpet-sense-micro-81249-zigzag-ethno-white-navy-3.jpg",,,,,,,,,1030,,,Size,"120x170, 160x230, 200x290, 80x150",1,1,Brand,D-sign,1,1,Color,White-Beige,1,1,Type of color,Multicolor,1,1,Shape,Rectangular,1,1,Material,Polyester,1,1,Type of rug,Modern,1,1,Weave,Machinemade,1,1,Age,New,1,1,,,,,,,,,,,,,,,,,1786453567,yes,yes,,,,,,,,,,,,,,,,,,,,,,,,,,,,,
41366,variable,56905878-H,,D-sign Rug 1D0606 White,1,0,hidden,D-sign Rug 1D0606 White ,D-sign Rug 1D0606 White ,,,taxable,,0,,,0,0,,,,,1,,,,"Rooms > Bedroom, Rooms > Living room, Rugs > Modern, Rugs",,,"https://rugshop.eu/wp-content/uploads/2021/10/carpet-sense-micro-81249-zigzag-ethno-silver-white.jpg, https://rugshop.eu/wp-content/uploads/2021/10/carpet-sense-micro-81249-zigzag-ethno-silver-white-1.jpg, https://rugshop.eu/wp-content/uploads/2021/10/carpet-sense-micro-81249-zigzag-ethno-silver-white-2.jpg, https://rugshop.eu/wp-content/uploads/2021/10/carpet-sense-micro-81249-zigzag-ethno-silver-white-3.jpg",,,,,,,,,1031,,,Size,"120x170, 160x230, 200x290, 80x150",1,1,Brand,D-sign,1,1,Color,White-Beige,1,1,Type of color,Multicolor,1,1,Shape,Rectangular,1,1,Material,Polyester,1,1,Type of rug,Modern,1,1,Weave,Machinemade,1,1,Age,New,1,1,,,,,,,,,,,,,,,,,1786455916,yes,yes,,,,,,,,,,,,,,,,,,,,,,,,,,,,,
41367,variable,56905879-H,,D-sign Rug 1D0607 Cream,1,0,hidden,D-sign Rug 1D0607 Cream ,D-sign Rug 1D0607 Cream ,,,taxable,,0,,,0,0,,,,,1,,,,"Rooms > Bedroom, Rooms > Living room, Rugs > Modern, Rugs",,,"https://rugshop.eu/wp-content/uploads/2021/10/carpet-nobis-84166-cream-triangles.jpg, https://rugshop.eu/wp-content/uploads/2021/10/carpet-nobis-84166-cream-triangles-1.jpg, https://rugshop.eu/wp-content/uploads/2021/10/carpet-nobis-84166-cream-triangles-2.jpg, https://rugshop.eu/wp-content/uploads/2021/10/carpet-nobis-84166-cream-triangles-3.jpg",,,,,,,,,1032,,,Size,"120x170, 160x230, 185x275",1,1,Brand,D-sign,1,1,Color,White-Beige,1,1,Type of color,Multicolor,1,1,Shape,Rectangular,1,1,Material,Viscose,1,1,Type of rug,Modern,1,1,Weave,Machinemade,1,1,Age,New,1,1,,,,,,,,,,,,,,,,,1786455921,yes,yes,,,,,,,,,,,,,,,,,,,,,,,,,,,,,
41368,variation,56905851,,D-sign Rug 1D0601 Anthracite - 80x150,1,0,hidden,,D-sign Rug 1D0601 Anthracite 80x150 cm,,,taxable,parent,0,0,,0,0,,150,80,1,0,,,1164,,,,,,,56905851-H,,,,,,1,,,Size,80x150,,1,,,,,,,,,,,,,,,,,,,,,,,,,,,,,,,,,,,,,80x150,,,,,,,,,,,,1786453531,,,,,,,,,,,,86791,,,,,,,,,,,,,,,,,,,
41369,variation,56910375,,D-sign Rug 1D0601 Anthracite - 120x170,1,0,hidden,,D-sign Rug 1D0601 Anthracite 120x170 cm,,,taxable,parent,0,0,,0,0,,170,120,1,0,,,1708,,,,,,,56905851-H,,,,,,2,,,Size,120x170,,1,,,,,,,,,,,,,,,,,,,,,,,,,,,,,,,,,,,,,120x170,,,,,,,,,,,,1786455893,,,,,,,,,,,,86790,,,,,,,,,,,,,,,,,,,
41370,variation,56910374,,D-sign Rug 1D0601 Anthracite - 160x230,1,0,hidden,,D-sign Rug 1D0601 Anthracite 160x230 cm,,,taxable,parent,0,0,,0,0,,230,160,1,0,,,2764,,,,,,,56905851-H,,,,,,3,,,Size,160x230,,1,,,,,,,,,,,,,,,,,,,,,,,,,,,,,,,,,,,,,160x230,,,,,,,,,,,,1786455893,,,,,,,,,,,,86792,,,,,,,,,,,,,,,,,,,
41371,variation,56910376,,D-sign Rug 1D0601 Anthracite - 200x290,1,0,hidden,,D-sign Rug 1D0601 Anthracite 200x290 cm,,,taxable,parent,0,0,,0,0,,290,200,1,0,,,4220,,,,,,,56905851-H,,,,,,4,,,Size,200x290,,1,,,,,,,,,,,,,,,,,,,,,,,,,,,,,,,,,,,,,200x290,,,,,,,,,,,,,,,,,,,,,,,,86793,,,,,,,,,,,,,,,,,,,
41377,variation,56905847,,D-sign Rug 1D0602 Beige - 80x150,1,0,hidden,,D-sign Rug 1D0602 Beige 80x150 cm,,,taxable,parent,0,0,,0,0,,150,80,1,0,,,1164,,,,,,,56905847-H,,,,,,1,,,Size,80x150,,1,,,,,,,,,,,,,,,,,,,,,,,,,,,,,,,,,,,,,80x150,,,,,,,,,,,,1786453528,,,,,,,,,,,,86798,,,,,,,,,,,,,,,,,,,
41378,variation,56910351,,D-sign Rug 1D0602 Beige - 120x170,1,0,hidden,,D-sign Rug 1D0602 Beige 120x170 cm,,,taxable,parent,0,0,,0,0,,170,120,1,0,,,1708,,,,,,,56905847-H,,,,,,2,,,Size,120x170,,1,,,,,,,,,,,,,,,,,,,,,,,,,,,,,,,,,,,,,120x170,,,,,,,,,,,,1786455892,,,,,,,,,,,,86799,,,,,,,,,,,,,,,,,,,
41379,variation,56910377,,D-sign Rug 1D0602 Beige - 160x230,1,0,hidden,,D-sign Rug 1D0602 Beige 160x230 cm,,,taxable,parent,0,0,,0,0,,230,160,1,0,,,2764,,,,,,,56905847-H,,,,,,3,,,Size,160x230,,1,,,,,,,,,,,,,,,,,,,,,,,,,,,,,,,,,,,,,160x230,,,,,,,,,,,,,,,,,,,,,,,,86800,,,,,,,,,,,,,,,,,,,
41380,variation,56905865,,D-sign Rug 1D0602 Beige - 200x290,1,0,hidden,,D-sign Rug 1D0602 Beige 200x290 cm,,,taxable,parent,0,0,,0,0,,290,200,1,0,,,4220,,,,,,,56905847-H,,,,,,4,,,Size,200x290,,1,,,,,,,,,,,,,,,,,,,,,,,,,,,,,,,,,,,,,200x290,,,,,,,,,,,,,,,,,,,,,,,,86801,,,,,,,,,,,,,,,,,,,
41386,variation,56905864,,D-sign Rug 1D0603 Beige - 80x150,1,0,hidden,,D-sign Rug 1D0603 Beige 80x150 cm,,,taxable,parent,0,0,,0,0,,150,80,1,0,,,1164,,,,,,,56905864-H,,,,,,1,,,Size,80x150,,1,,,,,,,,,,,,,,,,,,,,,,,,,,,,,,,,,,,,,80x150,,,,,,,,,,,,1786453533,,,,,,,,,,,,86802,,,,,,,,,,,,,,,,,,,
41387,variation,56910379,,D-sign Rug 1D0603 Beige - 120x170,1,0,hidden,,D-sign Rug 1D0603 Beige 120x170 cm,,,taxable,parent,0,0,,0,0,,170,120,1,0,,,1708,,,,,,,56905864-H,,,,,,2,,,Size,120x170,,1,,,,,,,,,,,,,,,,,,,,,,,,,,,,,,,,,,,,,120x170,,,,,,,,,,,,,,,,,,,,,,,,86803,,,,,,,,,,,,,,,,,,,
41388,variation,56910381,,D-sign Rug 1D0603 Beige - 160x230,1,0,hidden,,D-sign Rug 1D0603 Beige 160x230 cm,,,taxable,parent,0,0,,0,0,,230,160,1,0,,,2764,,,,,,,56905864-H,,,,,,3,,,Size,160x230,,1,,,,,,,,,,,,,,,,,,,,,,,,,,,,,,,,,,,,,160x230,,,,,,,,,,,,,,,,,,,,,,,,86804,,,,,,,,,,,,,,,,,,,
41389,variation,56910378,,D-sign Rug 1D0603 Beige - 200x290,1,0,hidden,,D-sign Rug 1D0603 Beige 200x290 cm,,,taxable,parent,0,0,,0,0,,290,200,1,0,,,4220,,,,,,,56905864-H,,,,,,4,,,Size,200x290,,1,,,,,,,,,,,,,,,,,,,,,,,,,,,,,,,,,,,,,200x290,,,,,,,,,,,,,,,,,,,,,,,,86805,,,,,,,,,,,,,,,,,,,
41395,variable,56905895-H,,D-sign Rug 1D0608 Beige,1,0,hidden,D-sign Rug 1D0608 Beige ,D-sign Rug 1D0608 Beige ,,,taxable,,0,,,0,0,,,,,1,,,,"Rooms > Bedroom, Rooms > Living room, Rugs > Modern, Rugs",,,"https://rugshop.eu/wp-content/uploads/2021/10/carpet-nobis-84196-vision-triangles.jpg, https://rugshop.eu/wp-content/uploads/2021/10/carpet-nobis-84196-vision-triangles-1.jpg, https://rugshop.eu/wp-content/uploads/2021/10/carpet-nobis-84196-vision-triangles-2.jpg, https://rugshop.eu/wp-content/uploads/2021/10/carpet-nobis-84196-vision-triangles-3.jpg",,,,,,,,,1033,,,Size,"120x170, 160x230, 185x275",1,1,Brand,D-sign,1,1,Color,White-Beige,1,1,Type of color,Multicolor,1,1,Shape,Rectangular,1,1,Material,Viscose,1,1,Type of rug,Modern,1,1,Weave,Machinemade,1,1,Age,New,1,1,,,,,,,,,,,,,,,,,1786455919,yes,yes,,,,,,,,,,,,,,,,,,,,,,,,,,,,,
41407,variation,56905866,,D-sign Rug 1D0605 White - 80x150,1,0,hidden,,D-sign Rug 1D0605 White 80x150 cm,,,taxable,parent,0,0,,0,0,,150,80,1,0,,,1164,,,,,,,56905866-H,,,,,,1,,,Size,80x150,,1,,,,,,,,,,,,,,,,,,,,,,,,,,,,,,,,,,,,,80x150,,,,,,,,,,,,,,,,,,,,,,,,86814,,,,,,,,,,,,,,,,,,,
41408,variation,56905877,,D-sign Rug 1D0605 White - 120x170,1,0,hidden,,D-sign Rug 1D0605 White 120x170 cm,,,taxable,parent,0,0,,0,0,,170,120,1,0,,,1708,,,,,,,56905866-H,,,,,,2,,,Size,120x170,,1,,,,,,,,,,,,,,,,,,,,,,,,,,,,,,,,,,,,,120x170,,,,,,,,,,,,,,,,,,,,,,,,86815,,,,,,,,,,,,,,,,,,,
41409,variation,56905881,,D-sign Rug 1D0605 White - 160x230,1,0,hidden,,D-sign Rug 1D0605 White 160x230 cm,,,taxable,parent,0,0,,0,0,,230,160,1,0,,,2764,,,,,,,56905866-H,,,,,,3,,,Size,160x230,,1,,,,,,,,,,,,,,,,,,,,,,,,,,,,,,,,,,,,,160x230,,,,,,,,,,,,1786453535,,,,,,,,,,,,86816,,,,,,,,,,,,,,,,,,,
41410,variation,56905880,,D-sign Rug 1D0605 White - 200x290,1,0,hidden,,D-sign Rug 1D0605 White 200x290 cm,,,taxable,parent,0,0,,0,0,,290,200,1,0,,,4220,,,,,,,56905866-H,,,,,,4,,,Size,200x290,,1,,,,,,,,,,,,,,,,,,,,,,,,,,,,,,,,,,,,,200x290,,,,,,,,,,,,1786453535,,,,,,,,,,,,86817,,,,,,,,,,,,,,,,,,,
41416,variation,56905878,,D-sign Rug 1D0606 White - 80x150,1,0,hidden,,D-sign Rug 1D0606 White 80x150 cm,,,taxable,parent,0,0,,0,0,,150,80,1,0,,,1164,,,,,,,56905878-H,,,,,,1,,,Size,80x150,,1,,,,,,,,,,,,,,,,,,,,,,,,,,,,,,,,,,,,,80x150,,,,,,,,,,,,1786453534,,,,,,,,,,,,86822,,,,,,,,,,,,,,,,,,,
41417,variation,56910413,,D-sign Rug 1D0606 White - 120x170,1,0,hidden,,D-sign Rug 1D0606 White 120x170 cm,,,taxable,parent,0,0,,0,0,,170,120,1,0,,,1708,,,,,,,56905878-H,,,,,,2,,,Size,120x170,,1,,,,,,,,,,,,,,,,,,,,,,,,,,,,,,,,,,,,,120x170,,,,,,,,,,,,1786455894,,,,,,,,,,,,86823,,,,,,,,,,,,,,,,,,,
41418,variation,56910411,,D-sign Rug 1D0606 White - 160x230,1,0,hidden,,D-sign Rug 1D0606 White 160x230 cm,,,taxable,parent,0,0,,0,0,,230,160,1,0,,,2764,,,,,,,56905878-H,,,,,,3,,,Size,160x230,,1,,,,,,,,,,,,,,,,,,,,,,,,,,,,,,,,,,,,,160x230,,,,,,,,,,,,1786455894,,,,,,,,,,,,86824,,,,,,,,,,,,,,,,,,,
41419,variation,56910414,,D-sign Rug 1D0606 White - 200x290,1,0,hidden,,D-sign Rug 1D0606 White 200x290 cm,,,taxable,parent,0,0,,0,0,,290,200,1,0,,,4220,,,,,,,56905878-H,,,,,,4,,,Size,200x290,,1,,,,,,,,,,,,,,,,,,,,,,,,,,,,,,,,,,,,,200x290,,,,,,,,,,,,1786455894,,,,,,,,,,,,86825,,,,,,,,,,,,,,,,,,,
41425,variable,56905894-H,,D-sign Rug 1D0611 Beige,1,0,hidden,D-sign Rug 1D0611 Beige ,D-sign Rug 1D0611 Beige ,,,taxable,,0,,,0,0,,,,,1,,,,"Rooms > Bedroom, Rooms > Living room, Rugs, Rugs > Vintage",,,"https://rugshop.eu/wp-content/uploads/2021/10/carpet-nobis-84283-vision-frame-vintage.jpg, https://rugshop.eu/wp-content/uploads/2021/10/carpet-nobis-84283-vision-frame-vintage-1.jpg, https://rugshop.eu/wp-content/uploads/2021/10/carpet-nobis-84283-vision-frame-vintage-2.jpg, https://rugshop.eu/wp-content/uploads/2021/10/carpet-nobis-84283-vision-frame-vintage-3.jpg",,,,,,,,,1036,,,Size,"120x170, 160x230, 185x275",1,1,Brand,D-sign,1,1,Color,White-Beige,1,1,Type of color,Multicolor,1,1,Shape,Rectangular,1,1,Material,Viscose,1,1,Type of rug,Vintage / Colored Vintage,1,1,Weave,Machinemade,1,1,Age,New,1,1,,,,,,,,,,,,,,,,,1786453568,yes,yes,,,,,,,,,,,,,,,,,,,,,,,,,,,,,
41428,variable,56905911-H,,D-sign Rug 1D0614 Grey,1,0,hidden,D-sign Rug 1D0614 Grey ,D-sign Rug 1D0614 Grey ,,,taxable,,0,,,0,0,,,,,1,,,,"Rooms > Bedroom, Rooms > Living room, Rugs, Rugs > Vintage",,,"https://rugshop.eu/wp-content/uploads/2021/10/carpet-nobis-84312-vision-vintage.jpg, https://rugshop.eu/wp-content/uploads/2021/10/carpet-nobis-84312-vision-vintage-1.jpg, https://rugshop.eu/wp-content/uploads/2021/10/carpet-nobis-84312-vision-vintage-2.jpg, https://rugshop.eu/wp-content/uploads/2021/10/carpet-nobis-84312-vision-vintage-3.jpg",,,,,,,,,1039,,,Size,"120x170, 160x230, 185x275",1,1,Brand,D-sign,1,1,Color,Black-Grey,1,1,Type of color,Multicolor,1,1,Shape,Rectangular,1,1,Material,Viscose,1,1,Type of rug,Vintage / Colored Vintage,1,1,Weave,Machinemade,1,1,Age,New,1,1,,,,,,,,,,,,,,,,,1786453571,yes,yes,,,,,,,,,,,,,,,,,,,,,,,,,,,,,
41429,variation,56905879,,D-sign Rug 1D0607 Cream - 120x170,1,0,hidden,,D-sign Rug 1D0607 Cream 120x170 cm,,,taxable,parent,0,0,,0,0,,170,120,0.5,0,,,1116,,,,,,,56905879-H,,,,,,1,,,Size,120x170,,1,,,,,,,,,,,,,,,,,,,,,,,,,,,,,,,,,,,,,120x170,,,,,,,,,,,,,,,,,,,,,,,,86830,,,,,,,,,,,,,,,,,,,
41430,variation,56910417,,D-sign Rug 1D0607 Cream - 160x230,1,0,hidden,,D-sign Rug 1D0607 Cream 160x230 cm,,,taxable,parent,0,0,,0,0,,230,160,0.5,0,,,1684,,,,,,,56905879-H,,,,,,2,,,Size,160x230,,1,,,,,,,,,,,,,,,,,,,,,,,,,,,,,,,,,,,,,160x230,,,,,,,,,,,,1786455895,,,,,,,,,,,,86831,,,,,,,,,,,,,,,,,,,
41431,variation,56910412,,D-sign Rug 1D0607 Cream - 185x275,1,0,hidden,,D-sign Rug 1D0607 Cream 185x275 cm,,,taxable,parent,0,0,,0,0,,275,185,0.5,0,,,2180,,,,,,,56905879-H,,,,,,3,,,Size,185x275,,1,,,,,,,,,,,,,,,,,,,,,,,,,,,,,,,,,,,,,185x275,,,,,,,,,,,,,,,,,,,,,,,,86832,,,,,,,,,,,,,,,,,,,
41437,variation,56905895,,D-sign Rug 1D0608 Beige - 120x170,1,0,hidden,,D-sign Rug 1D0608 Beige 120x170 cm,,,taxable,parent,0,0,,0,0,,170,120,0.5,0,,,1116,,,,,,,56905895-H,,,,,,1,,,Size,120x170,,1,,,,,,,,,,,,,,,,,,,,,,,,,,,,,,,,,,,,,120x170,,,,,,,,,,,,1786453536,,,,,,,,,,,,86836,,,,,,,,,,,,,,,,,,,
41438,variation,56910416,,D-sign Rug 1D0608 Beige - 160x230,1,0,hidden,,D-sign Rug 1D0608 Beige 160x230 cm,,,taxable,parent,0,0,,0,0,,230,160,0.5,0,,,1684,,,,,,,56905895-H,,,,,,2,,,Size,160x230,,1,,,,,,,,,,,,,,,,,,,,,,,,,,,,,,,,,,,,,160x230,,,,,,,,,,,,,,,,,,,,,,,,86837,,,,,,,,,,,,,,,,,,,
41439,variation,56910415,,D-sign Rug 1D0608 Beige - 185x275,1,0,hidden,,D-sign Rug 1D0608 Beige 185x275 cm,,,taxable,parent,0,0,,0,0,,275,185,0.5,0,,,2180,,,,,,,56905895-H,,,,,,3,,,Size,185x275,,1,,,,,,,,,,,,,,,,,,,,,,,,,,,,,,,,,,,,,185x275,,,,,,,,,,,,1786455895,,,,,,,,,,,,86838,,,,,,,,,,,,,,,,,,,
41453,variable,56905926-H,,D-sign Rug 1D0615 Beige,1,0,hidden,D-sign Rug 1D0615 Beige ,D-sign Rug 1D0615 Beige ,,,taxable,,0,,,0,0,,,,,1,,,,"Rooms > Bedroom, Rooms > Living room, Rugs, Rugs > Traditional",,,"https://rugshop.eu/wp-content/uploads/2021/10/carpet-windsor-22933-jacquard-ivory-frame.jpg, https://rugshop.eu/wp-content/uploads/2021/10/carpet-windsor-22933-jacquard-ivory-frame-1.jpg, https://rugshop.eu/wp-content/uploads/2021/10/carpet-windsor-22933-jacquard-ivory-frame-2.jpg, https://rugshop.eu/wp-content/uploads/2021/10/carpet-windsor-22933-jacquard-ivory-frame-3.jpg",,,,,,,,,1040,,,Size,"120x170, 160x230, 200x300, 60x100",1,1,Brand,D-sign,1,1,Color,White-Beige,1,1,Type of color,Multicolor,1,1,Shape,Rectangular,1,1,Material,Viscose,1,1,Type of rug,Traditional,1,1,Weave,Machinemade,1,1,Age,New,1,1,,,,,,,,,,,,,,,,,1786453596,yes,yes,,,,,,,,,,,,,,,,,,,,,,,,,,,,,
41454,variable,56905925-H,,D-sign Rug 1D0616 Beige,1,0,hidden,D-sign Rug 1D0616 Beige ,D-sign Rug 1D0616 Beige ,,,taxable,,0,,,0,0,,,,,1,,,,"Rooms > Bedroom, Rooms > Living room, Rugs > Persian, Rugs",,,"https://rugshop.eu/wp-content/uploads/2021/10/carpet-windsor-22915-rosette-jacquard-ivory-navy.jpg, https://rugshop.eu/wp-content/uploads/2021/10/carpet-windsor-22915-rosette-jacquard-ivory-navy-1.jpg, https://rugshop.eu/wp-content/uploads/2021/10/carpet-windsor-22915-rosette-jacquard-ivory-navy-2.jpg, https://rugshop.eu/wp-content/uploads/2021/10/carpet-windsor-22915-rosette-jacquard-ivory-navy-3.jpg",,,,,,,,,1041,,,Size,"120x170, 160x230, 200x300, 60x100",1,1,Brand,D-sign,1,1,Color,White-Beige,1,1,Type of color,Multicolor,1,1,Shape,Rectangular,1,1,Material,Viscose,1,1,Type of rug,Persian,1,1,Weave,Machinemade,1,1,Age,New,1,1,,,,,,,,,,,,,,,,,1786455923,yes,yes,,,,,,,,,,,,,,,,,,,,,,,,,,,,,
41455,variable,56905924-H,,D-sign Rug 1D0617 Red,1,0,hidden,D-sign Rug 1D0617 Red ,D-sign Rug 1D0617 Red ,,,taxable,,0,,,0,0,,,,,1,,,,"Rooms > Bedroom, Rooms > Living room, Rugs, Rugs > Traditional",,,"https://rugshop.eu/wp-content/uploads/2021/10/carpet-windsor-22938-jacquard-traditional-red.jpg, https://rugshop.eu/wp-content/uploads/2021/10/carpet-windsor-22938-jacquard-traditional-red-1.jpg, https://rugshop.eu/wp-content/uploads/2021/10/carpet-windsor-22938-jacquard-traditional-red-2.jpg, https://rugshop.eu/wp-content/uploads/2021/10/carpet-windsor-22938-jacquard-traditional-red-3.jpg",,,,,,,,,1042,,,Size,"120x170, 160x230, 200x300, 60x100",1,1,Brand,D-sign,1,1,Color,Red,1,1,Type of color,Multicolor,1,1,Shape,Rectangular,1,1,Material,Viscose,1,1,Type of rug,Traditional,1,1,Weave,Machinemade,1,1,Age,New,1,1,,,,,,,,,,,,,,,,,1786453593,yes,yes,,,,,,,,,,,,,,,,,,,,,,,,,,,,,
41464,variation,56905894,,D-sign Rug 1D0611 Beige - 120x170,1,0,hidden,,D-sign Rug 1D0611 Beige 120x170 cm,,,taxable,parent,0,0,,0,0,,170,120,0.5,0,,,1116,,,,,,,56905894-H,,,,,,1,,,Size,120x170,,1,,,,,,,,,,,,,,,,,,,,,,,,,,,,,,,,,,,,,120x170,,,,,,,,,,,,1786453535,,,,,,,,,,,,86851,,,,,,,,,,,,,,,,,,,
41465,variation,56905908,,D-sign Rug 1D0611 Beige - 160x230,1,0,hidden,,D-sign Rug 1D0611 Beige 160x230 cm,,,taxable,parent,0,0,,0,0,,230,160,0.5,0,,,1684,,,,,,,56905894-H,,,,,,2,,,Size,160x230,,1,,,,,,,,,,,,,,,,,,,,,,,,,,,,,,,,,,,,,160x230,,,,,,,,,,,,,,,,,,,,,,,,86852,,,,,,,,,,,,,,,,,,,
41466,variation,56905912,,D-sign Rug 1D0611 Beige - 185x275,1,0,hidden,,D-sign Rug 1D0611 Beige 185x275 cm,,,taxable,parent,0,0,,0,0,,275,185,0.5,0,,,2180,,,,,,,56905894-H,,,,,,3,,,Size,185x275,,1,,,,,,,,,,,,,,,,,,,,,,,,,,,,,,,,,,,,,185x275,,,,,,,,,,,,,,,,,,,,,,,,86853,,,,,,,,,,,,,,,,,,,
41489,variable,56905939-H,,D-sign Rug 1D0619 Blue,1,0,hidden,D-sign Rug 1D0619 Blue ,D-sign Rug 1D0619 Blue ,,,taxable,,0,,,0,0,,,,,1,,,,"Rooms > Bedroom, Rooms > Living room, Rugs, Rugs > Traditional",,,"https://rugshop.eu/wp-content/uploads/2021/10/carpet-windsor-22937-rosette-fringe-traditional-navy.jpg, https://rugshop.eu/wp-content/uploads/2021/10/carpet-windsor-22937-rosette-fringe-traditional-navy-1.jpg, https://rugshop.eu/wp-content/uploads/2021/10/carpet-windsor-22937-rosette-fringe-traditional-navy-2.jpg, https://rugshop.eu/wp-content/uploads/2021/10/carpet-windsor-22937-rosette-fringe-traditional-navy-3.jpg",,,,,,,,,1044,,,Size,"120x170, 160x230, 200x300, 60x100",1,1,Brand,D-sign,1,1,Color,Blue,1,1,Type of color,Multicolor,1,1,Shape,Rectangular,1,1,Material,Viscose,1,1,Type of rug,Traditional,1,1,Weave,Machinemade,1,1,Age,New,1,1,,,,,,,,,,,,,,,,,1786453598,yes,yes,,,,,,,,,,,,,,,,,,,,,,,,,,,,,
41491,variation,56905911,,D-sign Rug 1D0614 Grey - 120x170,1,0,hidden,,D-sign Rug 1D0614 Grey 120x170 cm,,,taxable,parent,0,0,,0,0,,170,120,0.5,0,,,1116,,,,,,,56905911-H,,,,,,1,,,Size,120x170,,1,,,,,,,,,,,,,,,,,,,,,,,,,,,,,,,,,,,,,120x170,,,,,,,,,,,,1786453536,,,,,,,,,,,,86863,,,,,,,,,,,,,,,,,,,
41492,variation,56910442,,D-sign Rug 1D0614 Grey - 160x230,1,0,hidden,,D-sign Rug 1D0614 Grey 160x230 cm,,,taxable,parent,0,0,,0,0,,230,160,0.5,0,,,1684,,,,,,,56905911-H,,,,,,2,,,Size,160x230,,1,,,,,,,,,,,,,,,,,,,,,,,,,,,,,,,,,,,,,160x230,,,,,,,,,,,,,,,,,,,,,,,,86864,,,,,,,,,,,,,,,,,,,
41493,variation,56905923,,D-sign Rug 1D0614 Grey - 185x275,1,0,hidden,,D-sign Rug 1D0614 Grey 185x275 cm,,,taxable,parent,0,0,,0,0,,275,185,0.5,0,,,2180,,,,,,,56905911-H,,,,,,3,,,Size,185x275,,1,,,,,,,,,,,,,,,,,,,,,,,,,,,,,,,,,,,,,185x275,,,,,,,,,,,,1786453536,,,,,,,,,,,,86865,,,,,,,,,,,,,,,,,,,
41499,variation,56905926,,D-sign Rug 1D0615 Beige - 60x100,1,0,hidden,,D-sign Rug 1D0615 Beige 60x100 cm,,,taxable,parent,0,0,,0,0,,100,60,0.9,0,,,860,,,,,,,56905926-H,,,,,,1,,,Size,60x100,,1,,,,,,,,,,,,,,,,,,,,,,,,,,,,,,,,,,,,,60x100,,,,,,,,,,,,1786453579,,,,,,,,,,,,86869,,,,,,,,,,,,,,,,,,,
41500,variation,56910445,,D-sign Rug 1D0615 Beige - 120x170,1,0,hidden,,D-sign Rug 1D0615 Beige 120x170 cm,,,taxable,parent,0,0,,0,0,,170,120,0.9,0,,,2012,,,,,,,56905926-H,,,,,,2,,,Size,120x170,,1,,,,,,,,,,,,,,,,,,,,,,,,,,,,,,,,,,,,,120x170,,,,,,,,,,,,,,,,,,,,,,,,86870,,,,,,,,,,,,,,,,,,,
41501,variation,56910443,,D-sign Rug 1D0615 Beige - 160x230,1,0,hidden,,D-sign Rug 1D0615 Beige 160x230 cm,,,taxable,parent,0,0,,0,0,,230,160,0.9,0,,,3324,,,,,,,56905926-H,,,,,,3,,,Size,160x230,,1,,,,,,,,,,,,,,,,,,,,,,,,,,,,,,,,,,,,,160x230,,,,,,,,,,,,,,,,,,,,,,,,86871,,,,,,,,,,,,,,,,,,,
41502,variation,56910447,,D-sign Rug 1D0615 Beige - 200x300,1,0,hidden,,D-sign Rug 1D0615 Beige 200x300 cm,,,taxable,parent,0,0,,0,0,,300,200,0.9,0,,,5180,,,,,,,56905926-H,,,,,,4,,,Size,200x300,,1,,,,,,,,,,,,,,,,,,,,,,,,,,,,,,,,,,,,,200x300,,,,,,,,,,,,,,,,,,,,,,,,86872,,,,,,,,,,,,,,,,,,,
41508,variation,56905925,,D-sign Rug 1D0616 Beige - 60x100,1,0,hidden,,D-sign Rug 1D0616 Beige 60x100 cm,,,taxable,parent,0,0,,0,0,,100,60,0.9,0,,,860,,,,,,,56905925-H,,,,,,1,,,Size,60x100,,1,,,,,,,,,,,,,,,,,,,,,,,,,,,,,,,,,,,,,60x100,,,,,,,,,,,,1786453579,,,,,,,,,,,,86885,,,,,,,,,,,,,,,,,,,
41509,variation,56910440,,D-sign Rug 1D0616 Beige - 120x170,1,0,hidden,,D-sign Rug 1D0616 Beige 120x170 cm,,,taxable,parent,0,0,,0,0,,170,120,0.9,0,,,2012,,,,,,,56905925-H,,,,,,2,,,Size,120x170,,1,,,,,,,,,,,,,,,,,,,,,,,,,,,,,,,,,,,,,120x170,,,,,,,,,,,,,,,,,,,,,,,,86886,,,,,,,,,,,,,,,,,,,
41510,variation,56910471,,D-sign Rug 1D0616 Beige - 160x230,1,0,hidden,,D-sign Rug 1D0616 Beige 160x230 cm,,,taxable,parent,0,0,,0,0,,230,160,0.9,0,,,3324,,,,,,,56905925-H,,,,,,3,,,Size,160x230,,1,,,,,,,,,,,,,,,,,,,,,,,,,,,,,,,,,,,,,160x230,,,,,,,,,,,,1786455896,,,,,,,,,,,,86887,,,,,,,,,,,,,,,,,,,
41511,variation,56910461,,D-sign Rug 1D0616 Beige - 200x300,1,0,hidden,,D-sign Rug 1D0616 Beige 200x300 cm,,,taxable,parent,0,0,,0,0,,300,200,0.9,0,,,5180,,,,,,,56905925-H,,,,,,4,,,Size,200x300,,1,,,,,,,,,,,,,,,,,,,,,,,,,,,,,,,,,,,,,200x300,,,,,,,,,,,,,,,,,,,,,,,,86888,,,,,,,,,,,,,,,,,,,
41518,variable,56905957-H,,D-sign Rug 1D0622 Blue,1,0,hidden,D-sign Rug 1D0622 Blue ,D-sign Rug 1D0622 Blue ,,,taxable,,0,,,0,0,,,,,1,,,,"Rooms > Bedroom, Rooms > Living room, Rugs, Rugs > Traditional",,,"https://rugshop.eu/wp-content/uploads/2021/10/carpet-windsor-22890-ethnic-blue-burgund.jpg, https://rugshop.eu/wp-content/uploads/2021/10/carpet-windsor-22890-ethnic-blue-burgund-1.jpg, https://rugshop.eu/wp-content/uploads/2021/10/carpet-windsor-22890-ethnic-blue-burgund-2.jpg, https://rugshop.eu/wp-content/uploads/2021/10/carpet-windsor-22890-ethnic-blue-burgund-3.jpg",,,,,,,,,1047,,,Size,"120x170, 160x230, 200x300, 60x100",1,1,Brand,D-sign,1,1,Color,Blue,1,1,Type of color,Multicolor,1,1,Shape,Rectangular,1,1,Material,Viscose,1,1,Type of rug,Traditional,1,1,Weave,Machinemade,1,1,Age,New,1,1,,,,,,,,,,,,,,,,,1786453603,yes,yes,,,,,,,,,,,,,,,,,,,,,,,,,,,,,
41519,variable,56905970-H,,D-sign Rug 1D0623 Grey,1,0,hidden,D-sign Rug 1D0623 Grey ,D-sign Rug 1D0623 Grey ,,,taxable,,0,,,0,0,,,,,1,,,,"Rooms > Bedroom, Rooms > Living room, Rugs > Modern, Rugs, Rugs > Sisal",,,"https://rugshop.eu/wp-content/uploads/2021/10/carpet-sisal-loft-21126-melange-silver-ivory-grey.jpg, https://rugshop.eu/wp-content/uploads/2021/10/carpet-sisal-loft-21126-melange-silver-ivory-grey-1.jpg, https://rugshop.eu/wp-content/uploads/2021/10/carpet-sisal-loft-21126-melange-silver-ivory-grey-2.jpg, https://rugshop.eu/wp-content/uploads/2021/10/carpet-sisal-loft-21126-melange-silver-ivory-grey-3.jpg",,,,,,,,,1048,,,Size,"120x170, 140x200, 160x230, 200x290, 60x110, 80x150",1,1,Brand,D-sign,1,1,Color,Black-Grey,1,1,Type of color,Multicolor,1,1,Shape,Rectangular,1,1,Material,Polypropen,1,1,Type of rug,"Modern, Sisal",1,1,Weave,Machinemade,1,1,Age,New,1,1,,,,,,,,,,,,,,,,,1786455924,yes,yes,,,,,,,,,,,,,,,,,,,,,,,,,,,,,
41520,variation,56905924,,D-sign Rug 1D0617 Red - 60x100,1,0,hidden,,D-sign Rug 1D0617 Red 60x100 cm,,,taxable,parent,0,0,,0,0,,100,60,0.9,0,,,860,,,,,,,56905924-H,,,,,,1,,,Size,60x100,,1,,,,,,,,,,,,,,,,,,,,,,,,,,,,,,,,,,,,,60x100,,,,,,,,,,,,1786453578,,,,,,,,,,,,86893,,,,,,,,,,,,,,,,,,,
41521,variation,56905937,,D-sign Rug 1D0617 Red - 120x170,1,0,hidden,,D-sign Rug 1D0617 Red 120x170 cm,,,taxable,parent,0,0,,0,0,,170,120,0.9,0,,,2012,,,,,,,56905924-H,,,,,,2,,,Size,120x170,,1,,,,,,,,,,,,,,,,,,,,,,,,,,,,,,,,,,,,,120x170,,,,,,,,,,,,,,,,,,,,,,,,86894,,,,,,,,,,,,,,,,,,,
41522,variation,56905938,,D-sign Rug 1D0617 Red - 160x230,1,0,hidden,,D-sign Rug 1D0617 Red 160x230 cm,,,taxable,parent,0,0,,0,0,,230,160,0.9,0,,,3324,,,,,,,56905924-H,,,,,,3,,,Size,160x230,,1,,,,,,,,,,,,,,,,,,,,,,,,,,,,,,,,,,,,,160x230,,,,,,,,,,,,1786453580,,,,,,,,,,,,86895,,,,,,,,,,,,,,,,,,,
41523,variation,56905940,,D-sign Rug 1D0617 Red - 200x300,1,0,hidden,,D-sign Rug 1D0617 Red 200x300 cm,,,taxable,parent,0,0,,0,0,,300,200,0.9,0,,,5180,,,,,,,56905924-H,,,,,,4,,,Size,200x300,,1,,,,,,,,,,,,,,,,,,,,,,,,,,,,,,,,,,,,,200x300,,,,,,,,,,,,,,,,,,,,,,,,86896,,,,,,,,,,,,,,,,,,,
41538,variation,56905939,,D-sign Rug 1D0619 Blue - 60x100,1,0,hidden,,D-sign Rug 1D0619 Blue 60x100 cm,,,taxable,parent,0,0,,0,0,,100,60,0.9,0,,,860,,,,,,,56905939-H,,,,,,1,,,Size,60x100,,1,,,,,,,,,,,,,,,,,,,,,,,,,,,,,,,,,,,,,60x100,,,,,,,,,,,,,,,,,,,,,,,,86905,,,,,,,,,,,,,,,,,,,
41539,variation,56905942,,D-sign Rug 1D0619 Blue - 120x170,1,0,hidden,,D-sign Rug 1D0619 Blue 120x170 cm,,,taxable,parent,0,0,,0,0,,170,120,0.9,0,,,2012,,,,,,,56905939-H,,,,,,2,,,Size,120x170,,1,,,,,,,,,,,,,,,,,,,,,,,,,,,,,,,,,,,,,120x170,,,,,,,,,,,,1786453580,,,,,,,,,,,,86906,,,,,,,,,,,,,,,,,,,
41540,variation,56910468,,D-sign Rug 1D0619 Blue - 160x230,1,0,hidden,,D-sign Rug 1D0619 Blue 160x230 cm,,,taxable,parent,0,0,,0,0,,230,160,0.9,0,,,3324,,,,,,,56905939-H,,,,,,3,,,Size,160x230,,1,,,,,,,,,,,,,,,,,,,,,,,,,,,,,,,,,,,,,160x230,,,,,,,,,,,,,,,,,,,,,,,,86907,,,,,,,,,,,,,,,,,,,
41541,variation,56905954,,D-sign Rug 1D0619 Blue - 200x300,1,0,hidden,,D-sign Rug 1D0619 Blue 200x300 cm,,,taxable,parent,0,0,,0,0,,300,200,0.9,0,,,5180,,,,,,,56905939-H,,,,,,4,,,Size,200x300,,1,,,,,,,,,,,,,,,,,,,,,,,,,,,,,,,,,,,,,200x300,,,,,,,,,,,,,,,,,,,,,,,,86908,,,,,,,,,,,,,,,,,,,
41547,variable,56905995-H,,D-sign Rug 1D0625 Grey,1,0,hidden,D-sign Rug 1D0625 Grey ,D-sign Rug 1D0625 Grey ,,,taxable,,0,,,0,0,,,,,1,,,,"Rooms > Bedroom, Rooms > Living room, Rugs > Modern, Rugs, Rugs > Sisal",,,"https://rugshop.eu/wp-content/uploads/2021/10/carpet-sisal-loft-21118-boho-ivory-silver-grey.jpg, https://rugshop.eu/wp-content/uploads/2021/10/carpet-sisal-loft-21118-boho-ivory-silver-grey-1.jpg, https://rugshop.eu/wp-content/uploads/2021/10/carpet-sisal-loft-21118-boho-ivory-silver-grey-2.jpg, https://rugshop.eu/wp-content/uploads/2021/10/carpet-sisal-loft-21118-boho-ivory-silver-grey-3.jpg",,,,,,,,,1050,,,Size,"120x170, 140x200, 160x230, 200x290, 60x110, 80x150",1,1,Brand,D-sign,1,1,Color,Black-Grey,1,1,Type of color,Multicolor,1,1,Shape,Rectangular,1,1,Material,Polypropen,1,1,Type of rug,"Modern, Sisal",1,1,Weave,Machinemade,1,1,Age,New,1,1,,,,,,,,,,,,,,,,,1786455925,yes,yes,,,,,,,,,,,,,,,,,,,,,,,,,,,,,
41548,variable,56905996-H,,D-sign Rug 1D0626 Beige,1,0,hidden,D-sign Rug 1D0626 Beige ,D-sign Rug 1D0626 Beige ,,,taxable,,0,,,0,0,,,,,1,,,,"Rooms > Bedroom, Rooms > Living room, Rugs > Modern, Rugs, Rugs > Sisal",,,"https://rugshop.eu/wp-content/uploads/2021/10/carpet-sisal-loft-21132-triangles-ivory-silver-blue.jpg, https://rugshop.eu/wp-content/uploads/2021/10/carpet-sisal-loft-21132-triangles-ivory-silver-blue-1.jpg, https://rugshop.eu/wp-content/uploads/2021/10/carpet-sisal-loft-21132-triangles-ivory-silver-blue-2.jpg, https://rugshop.eu/wp-content/uploads/2021/10/carpet-sisal-loft-21132-triangles-ivory-silver-blue-3.jpg",,,,,,,,,1051,,,Size,"120x170, 140x200, 160x230, 200x290, 60x110, 80x150",1,1,Brand,D-sign,1,1,Color,Blue,1,1,Type of color,Multicolor,1,1,Shape,Rectangular,1,1,Material,Polypropen,1,1,Type of rug,"Modern, Sisal",1,1,Weave,Machinemade,1,1,Age,New,1,1,,,,,,,,,,,,,,,,,1786455927,yes,yes,,,,,,,,,,,,,,,,,,,,,,,,,,,,,
41567,variation,56905957,,D-sign Rug 1D0622 Blue - 60x100,1,0,hidden,,D-sign Rug 1D0622 Blue 60x100 cm,,,taxable,parent,0,0,,0,0,,100,60,0.9,0,,,860,,,,,,,56905957-H,,,,,,1,,,Size,60x100,,1,,,,,,,,,,,,,,,,,,,,,,,,,,,,,,,,,,,,,60x100,,,,,,,,,,,,,,,,,,,,,,,,86921,,,,,,,,,,,,,,,,,,,
41568,variation,56905969,,D-sign Rug 1D0622 Blue - 120x170,1,0,hidden,,D-sign Rug 1D0622 Blue 120x170 cm,,,taxable,parent,0,0,,0,0,,170,120,0.9,0,,,2012,,,,,,,56905957-H,,,,,,2,,,Size,120x170,,1,,,,,,,,,,,,,,,,,,,,,,,,,,,,,,,,,,,,,120x170,,,,,,,,,,,,,,,,,,,,,,,,86922,,,,,,,,,,,,,,,,,,,
41569,variation,56905971,,D-sign Rug 1D0622 Blue - 160x230,1,0,hidden,,D-sign Rug 1D0622 Blue 160x230 cm,,,taxable,parent,0,0,,0,0,,230,160,0.9,0,,,3324,,,,,,,56905957-H,,,,,,3,,,Size,160x230,,1,,,,,,,,,,,,,,,,,,,,,,,,,,,,,,,,,,,,,160x230,,,,,,,,,,,,1786453582,,,,,,,,,,,,86923,,,,,,,,,,,,,,,,,,,
41570,variation,56905968,,D-sign Rug 1D0622 Blue - 200x300,1,0,hidden,,D-sign Rug 1D0622 Blue 200x300 cm,,,taxable,parent,0,0,,0,0,,300,200,0.9,0,,,5180,,,,,,,56905957-H,,,,,,4,,,Size,200x300,,1,,,,,,,,,,,,,,,,,,,,,,,,,,,,,,,,,,,,,200x300,,,,,,,,,,,,1786453581,,,,,,,,,,,,86924,,,,,,,,,,,,,,,,,,,
41576,variable,56905984-H,,D-sign Rug 1D0627 Beige,1,0,hidden,D-sign Rug 1D0627 Beige ,D-sign Rug 1D0627 Beige ,,,taxable,,0,,,0,0,,,,,1,,,,"Rooms > Bedroom, Rooms > Living room, Rugs > Modern, Rugs, Rugs > Sisal",,,"https://rugshop.eu/wp-content/uploads/2021/10/carpet-sisal-loft-21145-boho-ivory-silver-grey.jpg, https://rugshop.eu/wp-content/uploads/2021/10/carpet-sisal-loft-21145-boho-ivory-silver-grey-1.jpg, https://rugshop.eu/wp-content/uploads/2021/10/carpet-sisal-loft-21145-boho-ivory-silver-grey-2.jpg, https://rugshop.eu/wp-content/uploads/2021/10/carpet-sisal-loft-21145-boho-ivory-silver-grey-3.jpg",,,,,,,,,1052,,,Size,"120x170, 140x200, 160x230, 200x290, 60x110, 80x150",1,1,Brand,D-sign,1,1,Color,Black-Grey,1,1,Type of color,Multicolor,1,1,Shape,Rectangular,1,1,Material,Polypropen,1,1,Type of rug,"Modern, Sisal",1,1,Weave,Machinemade,1,1,Age,New,1,1,,,,,,,,,,,,,,,,,1786455931,yes,yes,,,,,,,,,,,,,,,,,,,,,,,,,,,,,
41577,variable,56905983-H,,D-sign Rug 1D0624 Blue,1,0,hidden,D-sign Rug 1D0624 Blue ,D-sign Rug 1D0624 Blue ,,,taxable,,0,,,0,0,,,,,1,,,,"Rooms > Bedroom, Rooms > Living room, Rugs > Modern, Rugs, Rugs > Sisal",,,"https://rugshop.eu/wp-content/uploads/2021/10/carpet-sisal-loft-21144-blue-black-silver.jpg, https://rugshop.eu/wp-content/uploads/2021/10/carpet-sisal-loft-21144-blue-black-silver-1.jpg, https://rugshop.eu/wp-content/uploads/2021/10/carpet-sisal-loft-21144-blue-black-silver-2.jpg, https://rugshop.eu/wp-content/uploads/2021/10/carpet-sisal-loft-21144-blue-black-silver-3.jpg",,,,,,,,,1049,,,Size,"120x170, 140x200, 160x230, 200x290, 60x110, 80x150",1,1,Brand,D-sign,1,1,Color,Blue,1,1,Type of color,Multicolor,1,1,Shape,Rectangular,1,1,Material,Polypropen,1,1,Type of rug,"Modern, Sisal",1,1,Weave,Machinemade,1,1,Age,New,1,1,,,,,,,,,,,,,,,,,1786455933,yes,yes,,,,,,,,,,,,,,,,,,,,,,,,,,,,,
41578,variation,56905970,,D-sign Rug 1D0623 Grey - 60x110,1,0,hidden,,D-sign Rug 1D0623 Grey 60x110 cm,,,taxable,parent,0,0,,0,0,,110,60,0.6,0,,,604,,,,,,,56905970-H,,,,,,1,,,Size,60x110,,1,,,,,,,,,,,,,,,,,,,,,,,,,,,,,,,,,,,,,60x110,,,,,,,,,,,,1786453582,,,,,,,,,,,,86929,,,,,,,,,,,,,,,,,,,
41579,variation,56910500,,D-sign Rug 1D0623 Grey - 80x150,1,0,hidden,,D-sign Rug 1D0623 Grey 80x150 cm,,,taxable,parent,0,0,,0,0,,150,80,0.6,0,,,788,,,,,,,56905970-H,,,,,,2,,,Size,80x150,,1,,,,,,,,,,,,,,,,,,,,,,,,,,,,,,,,,,,,,80x150,,,,,,,,,,,,1786455898,,,,,,,,,,,,86930,,,,,,,,,,,,,,,,,,,
41580,variation,56910486,,D-sign Rug 1D0623 Grey - 120x170,1,0,hidden,,D-sign Rug 1D0623 Grey 120x170 cm,,,taxable,parent,0,0,,0,0,,170,120,0.6,0,,,1052,,,,,,,56905970-H,,,,,,3,,,Size,120x170,,1,,,,,,,,,,,,,,,,,,,,,,,,,,,,,,,,,,,,,120x170,,,,,,,,,,,,1786455896,,,,,,,,,,,,86931,,,,,,,,,,,,,,,,,,,
41581,variation,56910490,,D-sign Rug 1D0623 Grey - 140x200,1,0,hidden,,D-sign Rug 1D0623 Grey 140x200 cm,,,taxable,parent,0,0,,0,0,,200,140,0.6,0,,,1308,,,,,,,56905970-H,,,,,,4,,,Size,140x200,,1,,,,,,,,,,,,,,,,,,,,,,,,,,,,,,,,,,,,,140x200,,,,,,,,,,,,1786455898,,,,,,,,,,,,86932,,,,,,,,,,,,,,,,,,,
41582,variation,56910482,,D-sign Rug 1D0623 Grey - 160x230,1,0,hidden,,D-sign Rug 1D0623 Grey 160x230 cm,,,taxable,parent,0,0,,0,0,,230,160,0.6,0,,,1612,,,,,,,56905970-H,,,,,,5,,,Size,160x230,,1,,,,,,,,,,,,,,,,,,,,,,,,,,,,,,,,,,,,,160x230,,,,,,,,,,,,,,,,,,,,,,,,86978,,,,,,,,,,,,,,,,,,,
41583,variation,56910485,,D-sign Rug 1D0623 Grey - 200x290,1,0,hidden,,D-sign Rug 1D0623 Grey 200x290 cm,,,taxable,parent,0,0,,0,0,,290,200,0.6,0,,,2316,,,,,,,56905970-H,,,,,,6,,,Size,200x290,,1,,,,,,,,,,,,,,,,,,,,,,,,,,,,,,,,,,,,,200x290,,,,,,,,,,,,,,,,,,,,,,,,86933,,,,,,,,,,,,,,,,,,,
41589,variation,56905995,,D-sign Rug 1D0625 Grey - 60x110,1,0,hidden,,D-sign Rug 1D0625 Grey 60x110 cm,,,taxable,parent,0,0,,0,0,,110,60,0.6,0,,,604,,,,,,,56905995-H,,,,,,1,,,Size,60x110,,1,,,,,,,,,,,,,,,,,,,,,,,,,,,,,,,,,,,,,60x110,,,,,,,,,,,,,,,,,,,,,,,,86941,,,,,,,,,,,,,,,,,,,
41590,variation,56910510,,D-sign Rug 1D0625 Grey - 80x150,1,0,hidden,,D-sign Rug 1D0625 Grey 80x150 cm,,,taxable,parent,0,0,,0,0,,150,80,0.6,0,,,788,,,,,,,56905995-H,,,,,,2,,,Size,80x150,,1,,,,,,,,,,,,,,,,,,,,,,,,,,,,,,,,,,,,,80x150,,,,,,,,,,,,1786455902,,,,,,,,,,,,86942,,,,,,,,,,,,,,,,,,,
41591,variation,56910507,,D-sign Rug 1D0625 Grey - 120x170,1,0,hidden,,D-sign Rug 1D0625 Grey 120x170 cm,,,taxable,parent,0,0,,0,0,,170,120,0.6,0,,,1052,,,,,,,56905995-H,,,,,,3,,,Size,120x170,,1,,,,,,,,,,,,,,,,,,,,,,,,,,,,,,,,,,,,,120x170,,,,,,,,,,,,1786455900,,,,,,,,,,,,86943,,,,,,,,,,,,,,,,,,,
41592,variation,56910487,,D-sign Rug 1D0625 Grey - 140x200,1,0,hidden,,D-sign Rug 1D0625 Grey 140x200 cm,,,taxable,parent,0,0,,0,0,,200,140,0.6,0,,,1308,,,,,,,56905995-H,,,,,,4,,,Size,140x200,,1,,,,,,,,,,,,,,,,,,,,,,,,,,,,,,,,,,,,,140x200,,,,,,,,,,,,1786455897,,,,,,,,,,,,86944,,,,,,,,,,,,,,,,,,,
41593,variation,56910505,,D-sign Rug 1D0625 Grey - 160x230,1,0,hidden,,D-sign Rug 1D0625 Grey 160x230 cm,,,taxable,parent,0,0,,0,0,,230,160,0.6,0,,,1612,,,,,,,56905995-H,,,,,,5,,,Size,160x230,,1,,,,,,,,,,,,,,,,,,,,,,,,,,,,,,,,,,,,,160x230,,,,,,,,,,,,,,,,,,,,,,,,86972,,,,,,,,,,,,,,,,,,,
41594,variation,56910518,,D-sign Rug 1D0625 Grey - 200x290,1,0,hidden,,D-sign Rug 1D0625 Grey 200x290 cm,,,taxable,parent,0,0,,0,0,,290,200,0.6,0,,,2316,,,,,,,56905995-H,,,,,,6,,,Size,200x290,,1,,,,,,,,,,,,,,,,,,,,,,,,,,,,,,,,,,,,,200x290,,,,,,,,,,,,1786455904,,,,,,,,,,,,86945,,,,,,,,,,,,,,,,,,,
41600,variation,56905996,,D-sign Rug 1D0626 Beige - 60x110,1,0,hidden,,D-sign Rug 1D0626 Beige 60x110 cm,,,taxable,parent,0,0,,0,0,,110,60,0.6,0,,,604,,,,,,,56905996-H,,,,,,1,,,Size,60x110,,1,,,,,,,,,,,,,,,,,,,,,,,,,,,,,,,,,,,,,60x110,,,,,,,,,,,,1786453585,,,,,,,,,,,,86952,,,,,,,,,,,,,,,,,,,
41601,variation,56910524,,D-sign Rug 1D0626 Beige - 80x150,1,0,hidden,,D-sign Rug 1D0626 Beige 80x150 cm,,,taxable,parent,0,0,,0,0,,150,80,0.6,0,,,788,,,,,,,56905996-H,,,,,,2,,,Size,80x150,,1,,,,,,,,,,,,,,,,,,,,,,,,,,,,,,,,,,,,,80x150,,,,,,,,,,,,1786455904,,,,,,,,,,,,86953,,,,,,,,,,,,,,,,,,,
41602,variation,56910502,,D-sign Rug 1D0626 Beige - 120x170,1,0,hidden,,D-sign Rug 1D0626 Beige 120x170 cm,,,taxable,parent,0,0,,0,0,,170,120,0.6,0,,,1052,,,,,,,56905996-H,,,,,,3,,,Size,120x170,,1,,,,,,,,,,,,,,,,,,,,,,,,,,,,,,,,,,,,,120x170,,,,,,,,,,,,1786455899,,,,,,,,,,,,86954,,,,,,,,,,,,,,,,,,,
41603,variation,56910517,,D-sign Rug 1D0626 Beige - 140x200,1,0,hidden,,D-sign Rug 1D0626 Beige 140x200 cm,,,taxable,parent,0,0,,0,0,,200,140,0.6,0,,,1308,,,,,,,56905996-H,,,,,,4,,,Size,140x200,,1,,,,,,,,,,,,,,,,,,,,,,,,,,,,,,,,,,,,,140x200,,,,,,,,,,,,1786455903,,,,,,,,,,,,86955,,,,,,,,,,,,,,,,,,,
41604,variation,56910526,,D-sign Rug 1D0626 Beige - 160x230,1,0,hidden,,D-sign Rug 1D0626 Beige 160x230 cm,,,taxable,parent,0,0,,0,0,,230,160,0.6,0,,,1612,,,,,,,56905996-H,,,,,,5,,,Size,160x230,,1,,,,,,,,,,,,,,,,,,,,,,,,,,,,,,,,,,,,,160x230,,,,,,,,,,,,1786455904,,,,,,,,,,,,86956,,,,,,,,,,,,,,,,,,,
41605,variation,56910488,,D-sign Rug 1D0626 Beige - 200x290,1,0,hidden,,D-sign Rug 1D0626 Beige 200x290 cm,,,taxable,parent,0,0,,0,0,,290,200,0.6,0,,,2316,,,,,,,56905996-H,,,,,,6,,,Size,200x290,,1,,,,,,,,,,,,,,,,,,,,,,,,,,,,,,,,,,,,,200x290,,,,,,,,,,,,1786455897,,,,,,,,,,,,86957,,,,,,,,,,,,,,,,,,,
41613,variable,56906012-H,,D-sign Rug 1D0631 Grey,1,0,hidden,D-sign Rug 1D0631 Grey ,D-sign Rug 1D0631 Grey ,,,taxable,,0,,,0,0,,,,,1,,,,"Rooms > Bedroom, Rooms > Living room, Rugs > Modern, Rugs",,,"https://rugshop.eu/wp-content/uploads/2021/10/carpet-acrylic-yazz-7006-orient-grey-blue-ivory.jpg, https://rugshop.eu/wp-content/uploads/2021/10/carpet-acrylic-yazz-7006-orient-grey-blue-ivory-1.jpg, https://rugshop.eu/wp-content/uploads/2021/10/carpet-acrylic-yazz-7006-orient-grey-blue-ivory-2.jpg, https://rugshop.eu/wp-content/uploads/2021/10/carpet-acrylic-yazz-7006-orient-grey-blue-ivory-3.jpg",,,,,,,,,1056,,,Size,"133x190, 160x220, 200x290, 240x330, 80x150",1,1,Brand,D-sign,1,1,Color,Blue,1,1,Type of color,Multicolor,1,1,Shape,Rectangular,1,1,Material,Acrylic,1,1,Type of rug,Modern,1,1,Weave,Machinemade,1,1,Age,New,1,1,,,,,,,,,,,,,,,,,1786455952,yes,yes,,,,,,,,,,,,,,,,,,,,,,,,,,,,,
41614,variation,56905984,,D-sign Rug 1D0627 Beige - 60x110,1,0,hidden,,D-sign Rug 1D0627 Beige 60x110 cm,,,taxable,parent,0,0,,0,0,,110,60,0.6,0,,,604,,,,,,,56905984-H,,,,,,1,,,Size,60x110,,1,,,,,,,,,,,,,,,,,,,,,,,,,,,,,,,,,,,,,60x110,,,,,,,,,,,,1786453584,,,,,,,,,,,,86964,,,,,,,,,,,,,,,,,,,
41615,variation,56910509,,D-sign Rug 1D0627 Beige - 80x150,1,0,hidden,,D-sign Rug 1D0627 Beige 80x150 cm,,,taxable,parent,0,0,,0,0,,150,80,0.6,0,,,788,,,,,,,56905984-H,,,,,,2,,,Size,80x150,,1,,,,,,,,,,,,,,,,,,,,,,,,,,,,,,,,,,,,,80x150,,,,,,,,,,,,1786455901,,,,,,,,,,,,86965,,,,,,,,,,,,,,,,,,,
41616,variation,56910504,,D-sign Rug 1D0627 Beige - 120x170,1,0,hidden,,D-sign Rug 1D0627 Beige 120x170 cm,,,taxable,parent,0,0,,0,0,,170,120,0.6,0,,,1052,,,,,,,56905984-H,,,,,,3,,,Size,120x170,,1,,,,,,,,,,,,,,,,,,,,,,,,,,,,,,,,,,,,,120x170,,,,,,,,,,,,1786455899,,,,,,,,,,,,86966,,,,,,,,,,,,,,,,,,,
41617,variation,56910503,,D-sign Rug 1D0627 Beige - 140x200,1,0,hidden,,D-sign Rug 1D0627 Beige 140x200 cm,,,taxable,parent,0,0,,0,0,,200,140,0.6,0,,,1308,,,,,,,56905984-H,,,,,,4,,,Size,140x200,,1,,,,,,,,,,,,,,,,,,,,,,,,,,,,,,,,,,,,,140x200,,,,,,,,,,,,1786455899,,,,,,,,,,,,86967,,,,,,,,,,,,,,,,,,,
41618,variation,56910511,,D-sign Rug 1D0627 Beige - 160x230,1,0,hidden,,D-sign Rug 1D0627 Beige 160x230 cm,,,taxable,parent,0,0,,0,0,,230,160,0.6,0,,,1612,,,,,,,56905984-H,,,,,,5,,,Size,160x230,,1,,,,,,,,,,,,,,,,,,,,,,,,,,,,,,,,,,,,,160x230,,,,,,,,,,,,1786455902,,,,,,,,,,,,86968,,,,,,,,,,,,,,,,,,,
41619,variation,56910489,,D-sign Rug 1D0627 Beige - 200x290,1,0,hidden,,D-sign Rug 1D0627 Beige 200x290 cm,,,taxable,parent,0,0,,0,0,,290,200,0.6,0,,,2316,,,,,,,56905984-H,,,,,,6,,,Size,200x290,,1,,,,,,,,,,,,,,,,,,,,,,,,,,,,,,,,,,,,,200x290,,,,,,,,,,,,1786455897,,,,,,,,,,,,86969,,,,,,,,,,,,,,,,,,,
41625,variation,56905983,,D-sign Rug 1D0624 Blue - 60x110,1,0,hidden,,D-sign Rug 1D0624 Blue 60x110 cm,,,taxable,parent,0,0,,0,0,,110,60,0.6,0,,,604,,,,,,,56905983-H,,,,,,1,,,Size,60x110,,1,,,,,,,,,,,,,,,,,,,,,,,,,,,,,,,,,,,,,60x110,,,,,,,,,,,,,,,,,,,,,,,,86973,,,,,,,,,,,,,,,,,,,
41626,variation,56910508,,D-sign Rug 1D0624 Blue - 80x150,1,0,hidden,,D-sign Rug 1D0624 Blue 80x150 cm,,,taxable,parent,0,0,,0,0,,150,80,0.6,0,,,788,,,,,,,56905983-H,,,,,,2,,,Size,80x150,,1,,,,,,,,,,,,,,,,,,,,,,,,,,,,,,,,,,,,,80x150,,,,,,,,,,,,1786455900,,,,,,,,,,,,86974,,,,,,,,,,,,,,,,,,,
41627,variation,56906027,,D-sign Rug 1D0624 Blue - 120x170,1,0,hidden,,D-sign Rug 1D0624 Blue 120x170 cm,,,taxable,parent,0,0,,0,0,,170,120,0.6,0,,,1052,,,,,,,56905983-H,,,,,,3,,,Size,120x170,,1,,,,,,,,,,,,,,,,,,,,,,,,,,,,,,,,,,,,,120x170,,,,,,,,,,,,,,,,,,,,,,,,86975,,,,,,,,,,,,,,,,,,,
41628,variation,56910506,,D-sign Rug 1D0624 Blue - 140x200,1,0,hidden,,D-sign Rug 1D0624 Blue 140x200 cm,,,taxable,parent,0,0,,0,0,,200,140,0.6,0,,,1308,,,,,,,56905983-H,,,,,,4,,,Size,140x200,,1,,,,,,,,,,,,,,,,,,,,,,,,,,,,,,,,,,,,,140x200,,,,,,,,,,,,,,,,,,,,,,,,86976,,,,,,,,,,,,,,,,,,,
41629,variation,56906025,,D-sign Rug 1D0624 Blue - 160x230,1,0,hidden,,D-sign Rug 1D0624 Blue 160x230 cm,,,taxable,parent,0,0,,0,0,,230,160,0.6,0,,,1612,,,,,,,56905983-H,,,,,,5,,,Size,160x230,,1,,,,,,,,,,,,,,,,,,,,,,,,,,,,,,,,,,,,,160x230,,,,,,,,,,,,,,,,,,,,,,,,86934,,,,,,,,,,,,,,,,,,,
41630,variation,56906026,,D-sign Rug 1D0624 Blue - 200x290,1,0,hidden,,D-sign Rug 1D0624 Blue 200x290 cm,,,taxable,parent,0,0,,0,0,,290,200,0.6,0,,,2316,,,,,,,56905983-H,,,,,,6,,,Size,200x290,,1,,,,,,,,,,,,,,,,,,,,,,,,,,,,,,,,,,,,,200x290,,,,,,,,,,,,,,,,,,,,,,,,86977,,,,,,,,,,,,,,,,,,,
41646,variable,56906013-H,,D-sign Rug 1D0632 Grey,1,0,hidden,D-sign Rug 1D0632 Grey ,D-sign Rug 1D0632 Grey ,,,taxable,,0,,,0,0,,,,,1,,,,"Rooms > Bedroom, Rooms > Living room, Rugs > Modern, Rugs > Persian, Rugs",,,"https://rugshop.eu/wp-content/uploads/2021/10/carpet-acrylic-valencia-2328-ornament-grey-ivory.jpg, https://rugshop.eu/wp-content/uploads/2021/10/carpet-acrylic-valencia-2328-ornament-grey-ivory-1.jpg, https://rugshop.eu/wp-content/uploads/2021/10/carpet-acrylic-valencia-2328-ornament-grey-ivory-2.jpg, https://rugshop.eu/wp-content/uploads/2021/10/carpet-acrylic-valencia-2328-ornament-grey-ivory-3.jpg",,,,,,,,,1057,,,Size,"120x180, 160x235, 200x300, 240x350, 80x150",1,1,Brand,D-sign,1,1,Color,Black-Grey,1,1,Type of color,Multicolor,1,1,Shape,Rectangular,1,1,Material,Acrylic,1,1,Type of rug,"Modern, Persian",1,1,Weave,Machinemade,1,1,Age,New,1,1,,,,,,,,,,,,,,,,,1786453624,yes,yes,,,,,,,,,,,,,,,,,,,,,,,,,,,,,
41648,variable,56906009-H,,D-sign Rug 1D0634 Grey,1,0,hidden,D-sign Rug 1D0634 Grey ,D-sign Rug 1D0634 Grey ,,,taxable,,0,,,0,0,,,,,1,,,,"Rooms > Bedroom, Rooms > Living room, Rugs > Modern, Rugs > Persian, Rugs",,,"https://rugshop.eu/wp-content/uploads/2021/10/carpet-acrylic-valencia-2328-ornament-grey-mustard.jpg, https://rugshop.eu/wp-content/uploads/2021/10/carpet-acrylic-valencia-2328-ornament-grey-mustard-1.jpg, https://rugshop.eu/wp-content/uploads/2021/10/carpet-acrylic-valencia-2328-ornament-grey-mustard-2.jpg, https://rugshop.eu/wp-content/uploads/2021/10/carpet-acrylic-valencia-2328-ornament-grey-mustard-3.jpg",,,,,,,,,1059,,,Size,"120x180, 160x235, 200x300, 240x350, 80x150",1,1,Brand,D-sign,1,1,Color,Black-Grey,1,1,Type of color,Multicolor,1,1,Shape,Rectangular,1,1,Material,Acrylic,1,1,Type of rug,"Modern, Persian",1,1,Weave,Machinemade,1,1,Age,New,1,1,,,,,,,,,,,,,,,,,1786453622,yes,yes,,,,,,,,,,,,,,,,,,,,,,,,,,,,,
41649,variable,56906042-H,,D-sign Rug 1D0635 Blue,1,0,hidden,D-sign Rug 1D0635 Blue ,D-sign Rug 1D0635 Blue ,,,taxable,,0,,,0,0,,,,,1,,,,"Rooms > Bedroom, Rooms > Living room, Rugs > Modern, Rugs > Persian, Rugs",,,"https://rugshop.eu/wp-content/uploads/2021/10/carpet-acrylic-valencia-2328-ornament-blue-ivory.jpg, https://rugshop.eu/wp-content/uploads/2021/10/carpet-acrylic-valencia-2328-ornament-blue-ivory-1.jpg, https://rugshop.eu/wp-content/uploads/2021/10/carpet-acrylic-valencia-2328-ornament-blue-ivory-2.jpg, https://rugshop.eu/wp-content/uploads/2021/10/carpet-acrylic-valencia-2328-ornament-blue-ivory-3.jpg",,,,,,,,,1060,,,Size,"120x180, 160x235, 200x300, 240x350, 80x150",1,1,Brand,D-sign,1,1,Color,Blue,1,1,Type of color,Multicolor,1,1,Shape,Rectangular,1,1,Material,Acrylic,1,1,Type of rug,"Modern, Persian",1,1,Weave,Machinemade,1,1,Age,New,1,1,,,,,,,,,,,,,,,,,1786453626,yes,yes,,,,,,,,,classic-editor,,,,,,,,,,,,,,,,,,,,
41660,variation,56906012,,D-sign Rug 1D0631 Grey - 80x150,1,0,hidden,,D-sign Rug 1D0631 Grey 80x150 cm,,,taxable,parent,0,0,,0,0,,150,80,1,0,,,1188,,,,,,,56906012-H,,,,,,1,,,Size,80x150,,1,,,,,,,,,,,,,,,,,,,,,,,,,,,,,,,,,,,,,80x150,,,,,,,,,,,,1786453586,,,,,,,,,,,,87231,,,,,,,,,,,,,,,,,,,
41661,variation,56910546,,D-sign Rug 1D0631 Grey - 133x190,1,0,hidden,,D-sign Rug 1D0631 Grey 133x190 cm,,,taxable,parent,0,0,,0,0,,190,133,1,0,,,2060,,,,,,,56906012-H,,,,,,2,,,Size,133x190,,1,,,,,,,,,,,,,,,,,,,,,,,,,,,,,,,,,,,,,133x190,,,,,,,,,,,,1786455938,,,,,,,,,,,,87232,,,,,,,,,,,,,,,,,,,
41662,variation,56910551,,D-sign Rug 1D0631 Grey - 160x220,1,0,hidden,,D-sign Rug 1D0631 Grey 160x220 cm,,,taxable,parent,0,0,,0,0,,220,160,1,0,,,2740,,,,,,,56906012-H,,,,,,3,,,Size,160x220,,1,,,,,,,,,,,,,,,,,,,,,,,,,,,,,,,,,,,,,160x220,,,,,,,,,,,,1786455939,,,,,,,,,,,,87233,,,,,,,,,,,,,,,,,,,
41663,variation,56910548,,D-sign Rug 1D0631 Grey - 200x290,1,0,hidden,,D-sign Rug 1D0631 Grey 200x290 cm,,,taxable,parent,0,0,,0,0,,290,200,1,0,,,4244,,,,,,,56906012-H,,,,,,4,,,Size,200x290,,1,,,,,,,,,,,,,,,,,,,,,,,,,,,,,,,,,,,,,200x290,,,,,,,,,,,,1786455939,,,,,,,,,,,,87234,,,,,,,,,,,,,,,,,,,
41664,variation,56910543,,D-sign Rug 1D0631 Grey - 240x330,1,0,hidden,,D-sign Rug 1D0631 Grey 240x330 cm,,,taxable,parent,0,0,,0,0,,330,240,1,0,,,5748,,,,,,,56906012-H,,,,,,5,,,Size,240x330,,1,,,,,,,,,,,,,,,,,,,,,,,,,,,,,,,,,,,,,240x330,,,,,,,,,,,,1786455905,,,,,,,,,,,,87235,,,,,,,,,,,,,,,,,,,
41670,variable,56906043-H,,D-sign Rug 1D0636 Blue,1,0,hidden,D-sign Rug 1D0636 Blue ,D-sign Rug 1D0636 Blue ,,,taxable,,0,,,0,0,,,,,1,,,,"Rooms > Bedroom, Rooms > Living room, Rugs > Modern, Rugs",,,"https://rugshop.eu/wp-content/uploads/2021/10/carpet-acrylic-valencia-3949-industrial-grey-blue.jpg, https://rugshop.eu/wp-content/uploads/2021/10/carpet-acrylic-valencia-3949-industrial-grey-blue-1.jpg, https://rugshop.eu/wp-content/uploads/2021/10/carpet-acrylic-valencia-3949-industrial-grey-blue-2.jpg, https://rugshop.eu/wp-content/uploads/2021/10/carpet-acrylic-valencia-3949-industrial-grey-blue-3.jpg",,,,,,,,,1061,,,Size,"120x180, 160x235, 200x300, 240x350, 80x150",1,1,Brand,D-sign,1,1,Color,Blue,1,1,Type of color,Multicolor,1,1,Shape,Rectangular,1,1,Material,Acrylic,1,1,Type of rug,Modern,1,1,Weave,Machinemade,1,1,Age,New,1,1,,,,,,,,,,,,,,,,,1786453628,yes,yes,,,,,,,,,,,,,,,,,,,,,,,,,,,,,
41671,variable,56906054-H,,D-sign Rug 1D0637 Blue,1,0,hidden,D-sign Rug 1D0637 Blue ,D-sign Rug 1D0637 Blue ,,,taxable,,0,,,0,0,,,,,1,,,,"Rooms > Bedroom, Rooms > Living room, Rugs > Modern, Rugs > Persian, Rugs",,,"https://rugshop.eu/wp-content/uploads/2021/10/carpet-acrylic-valencia-5040-orient-blue-grey.jpg, https://rugshop.eu/wp-content/uploads/2021/10/carpet-acrylic-valencia-5040-orient-blue-grey-1.jpg, https://rugshop.eu/wp-content/uploads/2021/10/carpet-acrylic-valencia-5040-orient-blue-grey-2.jpg, https://rugshop.eu/wp-content/uploads/2021/10/carpet-acrylic-valencia-5040-orient-blue-grey-3.jpg",,,,,,,,,1062,,,Size,"120x180, 160x235, 200x300, 240x350, 80x150",1,1,Brand,D-sign,1,1,Color,Blue,1,1,Type of color,Multicolor,1,1,Shape,Rectangular,1,1,Material,Acrylic,1,1,Type of rug,"Modern, Persian",1,1,Weave,Machinemade,1,1,Age,New,1,1,,,,,,,,,,,,,,,,,1786455953,yes,yes,,,,,,,,,,,,,,,,,,,,,,,,,,,,,
41672,variation,56906013,,D-sign Rug 1D0632 Grey - 80x150,1,0,hidden,,D-sign Rug 1D0632 Grey 80x150 cm,,,taxable,parent,0,0,,0,0,,150,80,1.3,0,,,1940,,,,,,,56906013-H,,,,,,1,,,Size,80x150,,1,,,,,,,,,,,,,,,,,,,,,,,,,,,,,,,,,,,,,80x150,,,,,,,,,,,,1786453587,,,,,,,,,,,,87242,,,,,,,,,,,,,,,,,,,
41673,variation,56910550,,D-sign Rug 1D0632 Grey - 120x180,1,0,hidden,,D-sign Rug 1D0632 Grey 120x180 cm,,,taxable,parent,0,0,,0,0,,180,120,1.3,0,,,3212,,,,,,,56906013-H,,,,,,2,,,Size,120x180,,1,,,,,,,,,,,,,,,,,,,,,,,,,,,,,,,,,,,,,120x180,,,,,,,,,,,,,,,,,,,,,,,,87240,,,,,,,,,,,,,,,,,,,
41674,variation,56910545,,D-sign Rug 1D0632 Grey - 160x235,1,0,hidden,,D-sign Rug 1D0632 Grey 160x235 cm,,,taxable,parent,0,0,,0,0,,235,160,1.3,0,,,5276,,,,,,,56906013-H,,,,,,3,,,Size,160x235,,1,,,,,,,,,,,,,,,,,,,,,,,,,,,,,,,,,,,,,160x235,,,,,,,,,,,,,,,,,,,,,,,,87244,,,,,,,,,,,,,,,,,,,
41675,variation,56910544,,D-sign Rug 1D0632 Grey - 200x300,1,0,hidden,,D-sign Rug 1D0632 Grey 200x300 cm,,,taxable,parent,0,0,,0,0,,300,200,1.3,0,,,8284,,,,,,,56906013-H,,,,,,4,,,Size,200x300,,1,,,,,,,,,,,,,,,,,,,,,,,,,,,,,,,,,,,,,200x300,,,,,,,,,,,,,,,,,,,,,,,,87245,,,,,,,,,,,,,,,,,,,
41676,variation,56910521,,D-sign Rug 1D0632 Grey - 240x350,1,0,hidden,,D-sign Rug 1D0632 Grey 240x350 cm,,,taxable,parent,0,0,,0,0,,350,240,1.3,0,,,11876,,,,,,,56906013-H,,,,,,5,,,Size,240x350,,1,,,,,,,,,,,,,,,,,,,,,,,,,,,,,,,,,,,,,240x350,,,,,,,,,,,,,,,,,,,,,,,,87246,,,,,,,,,,,,,,,,,,,
41692,variable,56906057-H,,D-sign Rug 1D0638 Blue,1,0,hidden,D-sign Rug 1D0638 Blue ,D-sign Rug 1D0638 Blue ,,,taxable,,0,,,0,0,,,,,1,,,,"Rooms > Bedroom, Rooms > Living room, Rugs > Modern, Rugs",,,"https://rugshop.eu/wp-content/uploads/2021/10/carpet-acrylic-valencia-3951-hexagons-blue-grey.jpg, https://rugshop.eu/wp-content/uploads/2021/10/carpet-acrylic-valencia-3951-hexagons-blue-grey-1.jpg, https://rugshop.eu/wp-content/uploads/2021/10/carpet-acrylic-valencia-3951-hexagons-blue-grey-2.jpg, https://rugshop.eu/wp-content/uploads/2021/10/carpet-acrylic-valencia-3951-hexagons-blue-grey-3.jpg",,,,,,,,,1063,,,Size,"120x180, 160x235, 200x300, 240x350, 80x150",1,1,Brand,D-sign,1,1,Color,Blue,1,1,Type of color,Multicolor,1,1,Shape,Rectangular,1,1,Material,Acrylic,1,1,Type of rug,Modern,1,1,Weave,Machinemade,1,1,Age,New,1,1,,,,,,,,,,,,,,,,,1786453632,yes,yes,,,,,,,,,,,,,,,,,,,,,,,,,,,,,
41694,variation,56906009,,D-sign Rug 1D0634 Grey - 80x150,1,0,hidden,,D-sign Rug 1D0634 Grey 80x150 cm,,,taxable,parent,0,0,,0,0,,150,80,1.3,0,,,1940,,,,,,,56906009-H,,,,,,1,,,Size,80x150,,1,,,,,,,,,,,,,,,,,,,,,,,,,,,,,,,,,,,,,80x150,,,,,,,,,,,,1786453586,,,,,,,,,,,,87258,,,,,,,,,,,,,,,,,,,
41695,variation,56910525,,D-sign Rug 1D0634 Grey - 120x180,1,0,hidden,,D-sign Rug 1D0634 Grey 120x180 cm,,,taxable,parent,0,0,,0,0,,180,120,1.3,0,,,3212,,,,,,,56906009-H,,,,,,2,,,Size,120x180,,1,,,,,,,,,,,,,,,,,,,,,,,,,,,,,,,,,,,,,120x180,,,,,,,,,,,,,,,,,,,,,,,,87257,,,,,,,,,,,,,,,,,,,
41696,variation,56906039,,D-sign Rug 1D0634 Grey - 160x235,1,0,hidden,,D-sign Rug 1D0634 Grey 160x235 cm,,,taxable,parent,0,0,,0,0,,235,160,1.3,0,,,5276,,,,,,,56906009-H,,,,,,3,,,Size,160x235,,1,,,,,,,,,,,,,,,,,,,,,,,,,,,,,,,,,,,,,160x235,,,,,,,,,,,,,,,,,,,,,,,,87259,,,,,,,,,,,,,,,,,,,
41697,variation,56906040,,D-sign Rug 1D0634 Grey - 200x300,1,0,hidden,,D-sign Rug 1D0634 Grey 200x300 cm,,,taxable,parent,0,0,,0,0,,300,200,1.3,0,,,8284,,,,,,,56906009-H,,,,,,4,,,Size,200x300,,1,,,,,,,,,,,,,,,,,,,,,,,,,,,,,,,,,,,,,200x300,,,,,,,,,,,,,,,,,,,,,,,,87260,,,,,,,,,,,,,,,,,,,
41698,variation,56906041,,D-sign Rug 1D0634 Grey - 240x350,1,0,hidden,,D-sign Rug 1D0634 Grey 240x350 cm,,,taxable,parent,0,0,,0,0,,350,240,1.3,0,,,11876,,,,,,,56906009-H,,,,,,5,,,Size,240x350,,1,,,,,,,,,,,,,,,,,,,,,,,,,,,,,,,,,,,,,240x350,,,,,,,,,,,,,,,,,,,,,,,,87261,,,,,,,,,,,,,,,,,,,
41704,variation,56906042,,D-sign Rug 1D0635 Blue - 80x150,1,0,hidden,,D-sign Rug 1D0635 Blue 80x150 cm,,,taxable,parent,0,0,,0,0,,150,80,1.3,0,,,1940,,,,,,,56906042-H,,,,,,1,,,Size,80x150,,1,,,,,,,,,,,,,,,,,,,,,,,,,,,,,,,,,,,,,80x150,,,,,,,,,,,,1786453587,,,,,,,,,,,,87267,,,,,,,,,,,,,,,,,,,
41705,variation,56910576,,D-sign Rug 1D0635 Blue - 120x180,1,0,hidden,,D-sign Rug 1D0635 Blue 120x180 cm,,,taxable,parent,0,0,,0,0,,180,120,1.3,0,,,3212,,,,,,,56906042-H,,,,,,2,,,Size,120x180,,1,,,,,,,,,,,,,,,,,,,,,,,,,,,,,,,,,,,,,120x180,,,,,,,,,,,,,,,,,,,,,,,,87268,,,,,,,,,,,,,,,,,,,
41706,variation,56910573,,D-sign Rug 1D0635 Blue - 160x235,1,0,hidden,,D-sign Rug 1D0635 Blue 160x235 cm,,,taxable,parent,0,0,,0,0,,235,160,1.3,0,,,5276,,,,,,,56906042-H,,,,,,3,,,Size,160x235,,1,,,,,,,,,,,,,,,,,,,,,,,,,,,,,,,,,,,,,160x235,,,,,,,,,,,,,,,,,,,,,,,,87269,,,,,,,,,,,,,,,,,,,
41707,variation,56910575,,D-sign Rug 1D0635 Blue - 200x300,1,0,hidden,,D-sign Rug 1D0635 Blue 200x300 cm,,,taxable,parent,0,0,,0,0,,300,200,1.3,0,,,8284,,,,,,,56906042-H,,,,,,4,,,Size,200x300,,1,,,,,,,,,,,,,,,,,,,,,,,,,,,,,,,,,,,,,200x300,,,,,,,,,,,,,,,,,,,,,,,,87270,,,,,,,,,,,,,,,,,,,
41708,variation,56910572,,D-sign Rug 1D0635 Blue - 240x350,1,0,hidden,,D-sign Rug 1D0635 Blue 240x350 cm,,,taxable,parent,0,0,,0,0,,350,240,1.3,0,,,11876,,,,,,,56906042-H,,,,,,5,,,Size,240x350,,1,,,,,,,,,,,,,,,,,,,,,,,,,,,,,,,,,,,,,240x350,,,,,,,,,,,,,,,,,,,,,,,,87271,,,,,,,,,,,,,,,,,,,
41714,variable,56906072-H,,D-sign Rug 1D0640 Beige,1,0,hidden,D-sign Rug 1D0640 Beige ,D-sign Rug 1D0640 Beige ,,,taxable,,0,,,0,0,,,,,1,,,,"Rooms > Bedroom, Rooms > Living room, Rugs > Modern, Rugs",,,"https://rugshop.eu/wp-content/uploads/2021/10/carpet-acrylic-valencia-5032-birch-bark-beige-ocher.jpg, https://rugshop.eu/wp-content/uploads/2021/10/carpet-acrylic-valencia-5032-birch-bark-beige-ocher-1.jpg, https://rugshop.eu/wp-content/uploads/2021/10/carpet-acrylic-valencia-5032-birch-bark-beige-ocher-2.jpg",,,,,,,,,1065,,,Size,"120x180, 160x235, 200x300, 240x350, 80x150",1,1,Brand,D-sign,1,1,Color,White-Beige,1,1,Type of color,Multicolor,1,1,Shape,Rectangular,1,1,Material,Acrylic,1,1,Type of rug,Modern,1,1,Weave,Machinemade,1,1,Age,New,1,1,,,,,,,,,,,,,,,,,1786453635,yes,yes,,,,,,,,,,,,,,,,,,,,,,,,,,,,,
41715,variable,56906086-H,,D-sign Rug 1D0641 Blue,1,0,hidden,D-sign Rug 1D0641 Blue ,D-sign Rug 1D0641 Blue ,,,taxable,,0,,,0,0,,,,,1,,,,"Rooms > Bedroom, Rooms > Living room, Rugs > Modern, Rugs",,,"https://rugshop.eu/wp-content/uploads/2021/10/carpet-soft-6024-diamonds-cream-beige-brown.jpg, https://rugshop.eu/wp-content/uploads/2021/10/carpet-soft-6024-diamonds-cream-beige-brown-1.jpg, https://rugshop.eu/wp-content/uploads/2021/10/carpet-soft-6024-diamonds-cream-beige-brown-2.jpg, https://rugshop.eu/wp-content/uploads/2021/10/carpet-soft-6024-diamonds-cream-beige-brown-3.jpg",,,,,,,,,1066,,,Size,"120x170, 140x190, 160x220, 180x270, 200x290, 240x330, 280x370, 80x150",1,1,Brand,D-sign,1,1,Color,Blue,1,1,Type of color,Multicolor,1,1,Shape,Rectangular,1,1,Material,Polypropen,1,1,Type of rug,Modern,1,1,Weave,Machinemade,1,1,Country,Turkey,1,1,Age,New,1,1,,,,,,,,,,,,,1786453638,yes,yes,,,,,,,,,,,,,,,,,,,,,,,,,,,,,
41716,variation,56906043,,D-sign Rug 1D0636 Blue - 80x150,1,0,hidden,,D-sign Rug 1D0636 Blue 80x150 cm,,,taxable,parent,0,0,,0,0,,150,80,1.3,0,,,1940,,,,,,,56906043-H,,,,,,1,,,Size,80x150,,1,,,,,,,,,,,,,,,,,,,,,,,,,,,,,,,,,,,,,80x150,,,,,,,,,,,,1786453587,,,,,,,,,,,,87298,,,,,,,,,,,,,,,,,,,
41717,variation,56910574,,D-sign Rug 1D0636 Blue - 120x180,1,0,hidden,,D-sign Rug 1D0636 Blue 120x180 cm,,,taxable,parent,0,0,,0,0,,180,120,1.3,0,,,3212,,,,,,,56906043-H,,,,,,2,,,Size,120x180,,1,,,,,,,,,,,,,,,,,,,,,,,,,,,,,,,,,,,,,120x180,,,,,,,,,,,,,,,,,,,,,,,,87299,,,,,,,,,,,,,,,,,,,
41718,variation,56906056,,D-sign Rug 1D0636 Blue - 160x235,1,0,hidden,,D-sign Rug 1D0636 Blue 160x235 cm,,,taxable,parent,0,0,,0,0,,235,160,1.3,0,,,5276,,,,,,,56906043-H,,,,,,3,,,Size,160x235,,1,,,,,,,,,,,,,,,,,,,,,,,,,,,,,,,,,,,,,160x235,,,,,,,,,,,,,,,,,,,,,,,,87300,,,,,,,,,,,,,,,,,,,
41719,variation,56906058,,D-sign Rug 1D0636 Blue - 200x300,1,0,hidden,,D-sign Rug 1D0636 Blue 200x300 cm,,,taxable,parent,0,0,,0,0,,300,200,1.3,0,,,8284,,,,,,,56906043-H,,,,,,4,,,Size,200x300,,1,,,,,,,,,,,,,,,,,,,,,,,,,,,,,,,,,,,,,200x300,,,,,,,,,,,,,,,,,,,,,,,,87301,,,,,,,,,,,,,,,,,,,
41720,variation,56906055,,D-sign Rug 1D0636 Blue - 240x350,1,0,hidden,,D-sign Rug 1D0636 Blue 240x350 cm,,,taxable,parent,0,0,,0,0,,350,240,1.3,0,,,11876,,,,,,,56906043-H,,,,,,5,,,Size,240x350,,1,,,,,,,,,,,,,,,,,,,,,,,,,,,,,,,,,,,,,240x350,,,,,,,,,,,,1786453588,,,,,,,,,,,,87302,,,,,,,,,,,,,,,,,,,
41726,variation,56906054,,D-sign Rug 1D0637 Blue - 80x150,1,0,hidden,,D-sign Rug 1D0637 Blue 80x150 cm,,,taxable,parent,0,0,,0,0,,150,80,1.3,0,,,1940,,,,,,,56906054-H,,,,,,1,,,Size,80x150,,1,,,,,,,,,,,,,,,,,,,,,,,,,,,,,,,,,,,,,80x150,,,,,,,,,,,,1786453588,,,,,,,,,,,,87308,,,,,,,,,,,,,,,,,,,
41727,variation,56910594,,D-sign Rug 1D0637 Blue - 120x180,1,0,hidden,,D-sign Rug 1D0637 Blue 120x180 cm,,,taxable,parent,0,0,,0,0,,180,120,1.3,0,,,3212,,,,,,,56906054-H,,,,,,2,,,Size,120x180,,1,,,,,,,,,,,,,,,,,,,,,,,,,,,,,,,,,,,,,120x180,,,,,,,,,,,,,,,,,,,,,,,,87309,,,,,,,,,,,,,,,,,,,
41728,variation,56910588,,D-sign Rug 1D0637 Blue - 160x235,1,0,hidden,,D-sign Rug 1D0637 Blue 160x235 cm,,,taxable,parent,0,0,,0,0,,235,160,1.3,0,,,5276,,,,,,,56906054-H,,,,,,3,,,Size,160x235,,1,,,,,,,,,,,,,,,,,,,,,,,,,,,,,,,,,,,,,160x235,,,,,,,,,,,,1786455940,,,,,,,,,,,,87310,,,,,,,,,,,,,,,,,,,
41729,variation,56910593,,D-sign Rug 1D0637 Blue - 200x300,1,0,hidden,,D-sign Rug 1D0637 Blue 200x300 cm,,,taxable,parent,0,0,,0,0,,300,200,1.3,0,,,8284,,,,,,,56906054-H,,,,,,4,,,Size,200x300,,1,,,,,,,,,,,,,,,,,,,,,,,,,,,,,,,,,,,,,200x300,,,,,,,,,,,,,,,,,,,,,,,,87311,,,,,,,,,,,,,,,,,,,
41730,variation,56910590,,D-sign Rug 1D0637 Blue - 240x350,1,0,hidden,,D-sign Rug 1D0637 Blue 240x350 cm,,,taxable,parent,0,0,,0,0,,350,240,1.3,0,,,11876,,,,,,,56906054-H,,,,,,5,,,Size,240x350,,1,,,,,,,,,,,,,,,,,,,,,,,,,,,,,,,,,,,,,240x350,,,,,,,,,,,,,,,,,,,,,,,,87312,,,,,,,,,,,,,,,,,,,
41736,variable,56906101-H,,D-sign Rug 1D0642 Brown,1,0,hidden,D-sign Rug 1D0642 Brown ,D-sign Rug 1D0642 Brown ,,,taxable,,0,,,0,0,,,,,1,,,,"Rooms > Bedroom, Rooms > Living room, Rugs > Modern, Rugs",,,"https://rugshop.eu/wp-content/uploads/2021/10/carpet-soft-8028-ethno-herringbone-brown-beige.jpg, https://rugshop.eu/wp-content/uploads/2021/10/carpet-soft-8028-ethno-herringbone-brown-beige-1.jpg, https://rugshop.eu/wp-content/uploads/2021/10/carpet-soft-8028-ethno-herringbone-brown-beige-2.jpg, https://rugshop.eu/wp-content/uploads/2021/10/carpet-soft-8028-ethno-herringbone-brown-beige-3.jpg",,,,,,,,,1067,,,Size,"120x170, 140x190, 160x220, 180x270, 200x290, 240x330, 280x370, 80x150",1,1,Brand,D-sign,1,1,Color,Yellow-Brown,1,1,Type of color,Multicolor,1,1,Shape,Rectangular,1,1,Material,Polypropen,1,1,Type of rug,Modern,1,1,Weave,Machinemade,1,1,Country,Turkey,1,1,Age,New,1,1,,,,,,,,,,,,,1786455954,yes,yes,,,,,,,,,,,,,,,,,,,,,,,,,,,,,
41737,variation,56906057,,D-sign Rug 1D0638 Blue - 80x150,1,0,hidden,,D-sign Rug 1D0638 Blue 80x150 cm,,,taxable,parent,0,0,,0,0,,150,80,1.3,0,,,1940,,,,,,,56906057-H,,,,,,1,,,Size,80x150,,1,,,,,,,,,,,,,,,,,,,,,,,,,,,,,,,,,,,,,80x150,,,,,,,,,,,,1786453589,,,,,,,,,,,,87313,,,,,,,,,,,,,,,,,,,
41738,variation,56910591,,D-sign Rug 1D0638 Blue - 120x180,1,0,hidden,,D-sign Rug 1D0638 Blue 120x180 cm,,,taxable,parent,0,0,,0,0,,180,120,1.3,0,,,3212,,,,,,,56906057-H,,,,,,2,,,Size,120x180,,1,,,,,,,,,,,,,,,,,,,,,,,,,,,,,,,,,,,,,120x180,,,,,,,,,,,,,,,,,,,,,,,,87314,,,,,,,,,,,,,,,,,,,
41739,variation,56906069,,D-sign Rug 1D0638 Blue - 160x235,1,0,hidden,,D-sign Rug 1D0638 Blue 160x235 cm,,,taxable,parent,0,0,,0,0,,235,160,1.3,0,,,5276,,,,,,,56906057-H,,,,,,3,,,Size,160x235,,1,,,,,,,,,,,,,,,,,,,,,,,,,,,,,,,,,,,,,160x235,,,,,,,,,,,,,,,,,,,,,,,,87315,,,,,,,,,,,,,,,,,,,
41740,variation,56906070,,D-sign Rug 1D0638 Blue - 200x300,1,0,hidden,,D-sign Rug 1D0638 Blue 200x300 cm,,,taxable,parent,0,0,,0,0,,300,200,1.3,0,,,8284,,,,,,,56906057-H,,,,,,4,,,Size,200x300,,1,,,,,,,,,,,,,,,,,,,,,,,,,,,,,,,,,,,,,200x300,,,,,,,,,,,,,,,,,,,,,,,,87316,,,,,,,,,,,,,,,,,,,
41741,variation,56906073,,D-sign Rug 1D0638 Blue - 240x350,1,0,hidden,,D-sign Rug 1D0638 Blue 240x350 cm,,,taxable,parent,0,0,,0,0,,350,240,1.3,0,,,11876,,,,,,,56906057-H,,,,,,5,,,Size,240x350,,1,,,,,,,,,,,,,,,,,,,,,,,,,,,,,,,,,,,,,240x350,,,,,,,,,,,,,,,,,,,,,,,,87317,,,,,,,,,,,,,,,,,,,
41757,variation,56906072,,D-sign Rug 1D0640 Beige - 80x150,1,0,hidden,,D-sign Rug 1D0640 Beige 80x150 cm,,,taxable,parent,0,0,,0,0,,150,80,1.3,0,,,1940,,,,,,,56906072-H,,,,,,1,,,Size,80x150,,1,,,,,,,,,,,,,,,,,,,,,,,,,,,,,,,,,,,,,80x150,,,,,,,,,,,,1786453590,,,,,,,,,,,,87323,,,,,,,,,,,,,,,,,,,
41758,variation,56906074,,D-sign Rug 1D0640 Beige - 120x180,1,0,hidden,,D-sign Rug 1D0640 Beige 120x180 cm,,,taxable,parent,0,0,,0,0,,180,120,1.3,0,,,3212,,,,,,,56906072-H,,,,,,2,,,Size,120x180,,1,,,,,,,,,,,,,,,,,,,,,,,,,,,,,,,,,,,,,120x180,,,,,,,,,,,,,,,,,,,,,,,,87324,,,,,,,,,,,,,,,,,,,
41759,variation,56906087,,D-sign Rug 1D0640 Beige - 160x235,1,0,hidden,,D-sign Rug 1D0640 Beige 160x235 cm,,,taxable,parent,0,0,,0,0,,235,160,1.3,0,,,5276,,,,,,,56906072-H,,,,,,3,,,Size,160x235,,1,,,,,,,,,,,,,,,,,,,,,,,,,,,,,,,,,,,,,160x235,,,,,,,,,,,,,,,,,,,,,,,,87325,,,,,,,,,,,,,,,,,,,
41760,variation,56906089,,D-sign Rug 1D0640 Beige - 200x300,1,0,hidden,,D-sign Rug 1D0640 Beige 200x300 cm,,,taxable,parent,0,0,,0,0,,300,200,1.3,0,,,8284,,,,,,,56906072-H,,,,,,4,,,Size,200x300,,1,,,,,,,,,,,,,,,,,,,,,,,,,,,,,,,,,,,,,200x300,,,,,,,,,,,,,,,,,,,,,,,,87326,,,,,,,,,,,,,,,,,,,
41761,variation,56906088,,D-sign Rug 1D0640 Beige - 240x350,1,0,hidden,,D-sign Rug 1D0640 Beige 240x350 cm,,,taxable,parent,0,0,,0,0,,350,240,1.3,0,,,11876,,,,,,,56906072-H,,,,,,5,,,Size,240x350,,1,,,,,,,,,,,,,,,,,,,,,,,,,,,,,,,,,,,,,240x350,,,,,,,,,,,,,,,,,,,,,,,,87327,,,,,,,,,,,,,,,,,,,
41767,variation,56906086,,D-sign Rug 1D0641 Blue - 80x150,1,0,hidden,,D-sign Rug 1D0641 Blue 80x150 cm,,,taxable,parent,0,0,,0,0,,150,80,1.5,0,,,1004,,,,,,,56906086-H,,,,,,1,,,Size,80x150,,1,,,,,,,,,,,,,,,,,,,,,,,,,,,,,,,,,,,,,80x150,,,,,,,,,,,,1786453591,,,,,,,,,,,,87352,,,,,,,,,,,,,,,,,,,
41768,variation,56910596,,D-sign Rug 1D0641 Blue - 120x170,1,0,hidden,,D-sign Rug 1D0641 Blue 120x170 cm,,,taxable,parent,0,0,,0,0,,170,120,1.5,0,,,1428,,,,,,,56906086-H,,,,,,2,,,Size,120x170,,1,,,,,,,,,,,,,,,,,,,,,,,,,,,,,,,,,,,,,120x170,,,,,,,,,,,,,,,,,,,,,,,,87353,,,,,,,,,,,,,,,,,,,
41769,variation,56910612,,D-sign Rug 1D0641 Blue - 140x190,1,0,hidden,,D-sign Rug 1D0641 Blue 140x190 cm,,,taxable,parent,0,0,,0,0,,190,140,1.5,0,,,1708,,,,,,,56906086-H,,,,,,3,,,Size,140x190,,1,,,,,,,,,,,,,,,,,,,,,,,,,,,,,,,,,,,,,140x190,,,,,,,,,,,,,,,,,,,,,,,,87354,,,,,,,,,,,,,,,,,,,
41770,variation,56910617,,D-sign Rug 1D0641 Blue - 160x220,1,0,hidden,,D-sign Rug 1D0641 Blue 160x220 cm,,,taxable,parent,0,0,,0,0,,220,160,1.5,0,,,2132,,,,,,,56906086-H,,,,,,4,,,Size,160x220,,1,,,,,,,,,,,,,,,,,,,,,,,,,,,,,,,,,,,,,160x220,,,,,,,,,,,,,,,,,,,,,,,,87355,,,,,,,,,,,,,,,,,,,
41771,variation,56910610,,D-sign Rug 1D0641 Blue - 180x270,1,0,hidden,,D-sign Rug 1D0641 Blue 180x270 cm,,,taxable,parent,0,0,,0,0,,270,180,1.5,0,,,2836,,,,,,,56906086-H,,,,,,5,,,Size,180x270,,1,,,,,,,,,,,,,,,,,,,,,,,,,,,,,,,,,,,,,180x270,,,,,,,,,,,,,,,,,,,,,,,,87356,,,,,,,,,,,,,,,,,,,
41772,variation,56910614,,D-sign Rug 1D0641 Blue - 200x290,1,0,hidden,,D-sign Rug 1D0641 Blue 200x290 cm,,,taxable,parent,0,0,,0,0,,290,200,1.5,0,,,3356,,,,,,,56906086-H,,,,,,6,,,Size,200x290,,1,,,,,,,,,,,,,,,,,,,,,,,,,,,,,,,,,,,,,200x290,,,,,,,,,,,,,,,,,,,,,,,,87357,,,,,,,,,,,,,,,,,,,
41773,variation,56910611,,D-sign Rug 1D0641 Blue - 240x330,1,0,hidden,,D-sign Rug 1D0641 Blue 240x330 cm,,,taxable,parent,0,0,,0,0,,330,240,1.5,0,,,4884,,,,,,,56906086-H,,,,,,7,,,Size,240x330,,1,,,,,,,,,,,,,,,,,,,,,,,,,,,,,,,,,,,,,240x330,,,,,,,,,,,,,,,,,,,,,,,,87358,,,,,,,,,,,,,,,,,,,
41774,variation,56906100,,D-sign Rug 1D0641 Blue - 280x370,1,0,hidden,,D-sign Rug 1D0641 Blue 280x370 cm,,,taxable,parent,0,0,,0,0,,370,280,1.5,0,,,6100,,,,,,,56906086-H,,,,,,8,,,Size,280x370,,1,,,,,,,,,,,,,,,,,,,,,,,,,,,,,,,,,,,,,280x370,,,,,,,,,,,,,,,,,,,,,,,,87359,,,,,,,,,,,,,,,,,,,
41780,variation,56906101,,D-sign Rug 1D0642 Brown - 80x150,1,0,hidden,,D-sign Rug 1D0642 Brown 80x150 cm,,,taxable,parent,0,0,,0,0,,150,80,1.5,0,,,1004,,,,,,,56906101-H,,,,,,1,,,Size,80x150,,1,,,,,,,,,,,,,,,,,,,,,,,,,,,,,,,,,,,,,80x150,,,,,,,,,,,,,,,,,,,,,,,,87368,,,,,,,,,,,,,,,,,,,
41781,variation,56910608,,D-sign Rug 1D0642 Brown - 120x170,1,0,hidden,,D-sign Rug 1D0642 Brown 120x170 cm,,,taxable,parent,0,0,,0,0,,170,120,1.5,0,,,1428,,,,,,,56906101-H,,,,,,2,,,Size,120x170,,1,,,,,,,,,,,,,,,,,,,,,,,,,,,,,,,,,,,,,120x170,,,,,,,,,,,,,,,,,,,,,,,,87369,,,,,,,,,,,,,,,,,,,
41782,variation,56910630,,D-sign Rug 1D0642 Brown - 140x190,1,0,hidden,,D-sign Rug 1D0642 Brown 140x190 cm,,,taxable,parent,0,0,,0,0,,190,140,1.5,0,,,1708,,,,,,,56906101-H,,,,,,3,,,Size,140x190,,1,,,,,,,,,,,,,,,,,,,,,,,,,,,,,,,,,,,,,140x190,,,,,,,,,,,,1786455941,,,,,,,,,,,,87370,,,,,,,,,,,,,,,,,,,
41783,variation,56910609,,D-sign Rug 1D0642 Brown - 160x220,1,0,hidden,,D-sign Rug 1D0642 Brown 160x220 cm,,,taxable,parent,0,0,,0,0,,220,160,1.5,0,,,2132,,,,,,,56906101-H,,,,,,4,,,Size,160x220,,1,,,,,,,,,,,,,,,,,,,,,,,,,,,,,,,,,,,,,160x220,,,,,,,,,,,,,,,,,,,,,,,,87371,,,,,,,,,,,,,,,,,,,
41784,variation,56910629,,D-sign Rug 1D0642 Brown - 180x270,1,0,hidden,,D-sign Rug 1D0642 Brown 180x270 cm,,,taxable,parent,0,0,,0,0,,270,180,1.5,0,,,2836,,,,,,,56906101-H,,,,,,5,,,Size,180x270,,1,,,,,,,,,,,,,,,,,,,,,,,,,,,,,,,,,,,,,180x270,,,,,,,,,,,,1786455940,,,,,,,,,,,,87372,,,,,,,,,,,,,,,,,,,
41785,variation,56910613,,D-sign Rug 1D0642 Brown - 200x290,1,0,hidden,,D-sign Rug 1D0642 Brown 200x290 cm,,,taxable,parent,0,0,,0,0,,290,200,1.5,0,,,3356,,,,,,,56906101-H,,,,,,6,,,Size,200x290,,1,,,,,,,,,,,,,,,,,,,,,,,,,,,,,,,,,,,,,200x290,,,,,,,,,,,,,,,,,,,,,,,,87373,,,,,,,,,,,,,,,,,,,
41786,variation,56910615,,D-sign Rug 1D0642 Brown - 240x330,1,0,hidden,,D-sign Rug 1D0642 Brown 240x330 cm,,,taxable,parent,0,0,,0,0,,330,240,1.5,0,,,4884,,,,,,,56906101-H,,,,,,7,,,Size,240x330,,1,,,,,,,,,,,,,,,,,,,,,,,,,,,,,,,,,,,,,240x330,,,,,,,,,,,,,,,,,,,,,,,,87374,,,,,,,,,,,,,,,,,,,
41787,variation,56910616,,D-sign Rug 1D0642 Brown - 280x370,1,0,hidden,,D-sign Rug 1D0642 Brown 280x370 cm,,,taxable,parent,0,0,,0,0,,370,280,1.5,0,,,6100,,,,,,,56906101-H,,,,,,8,,,Size,280x370,,1,,,,,,,,,,,,,,,,,,,,,,,,,,,,,,,,,,,,,280x370,,,,,,,,,,,,,,,,,,,,,,,,87375,,,,,,,,,,,,,,,,,,,
41788,variable,56906104-H,,D-sign Rug 1D0644 Cream,1,0,hidden,D-sign Rug 1D0644 Cream ,D-sign Rug 1D0644 Cream ,,,taxable,,0,,,0,0,,,,,1,,,,"Rooms > Bedroom, Rooms > Living room, Rugs > Modern, Rugs",,,"https://rugshop.eu/wp-content/uploads/2021/10/carpet-soft-8033-ethno-diamonds-cream-light-brown.jpg, https://rugshop.eu/wp-content/uploads/2021/10/carpet-soft-8033-ethno-diamonds-cream-light-brown-1.jpg, https://rugshop.eu/wp-content/uploads/2021/10/carpet-soft-8033-ethno-diamonds-cream-light-brown-2.jpg, https://rugshop.eu/wp-content/uploads/2021/10/carpet-soft-8033-ethno-diamonds-cream-light-brown-3.jpg",,,,,,,,,1069,,,Size,"120x170, 140x190, 160x220, 180x270, 200x290, 240x330, 280x370, 80x150",1,1,Brand,D-sign,1,1,Color,White-Beige,1,1,Type of color,Multicolor,1,1,Shape,Rectangular,1,1,Material,Polypropen,1,1,Type of rug,Modern,1,1,Weave,Machinemade,1,1,Country,Turkey,1,1,Age,New,1,1,,,,,,,,,,,,,1786453641,yes,yes,,,,,,,,,,,,,,,,,,,,,,,,,,,,,
41789,variable,56906125-H,,D-sign Rug 1D0645 Cream,1,0,hidden,D-sign Rug 1D0645 Cream ,D-sign Rug 1D0645 Cream ,,,taxable,,0,,,0,0,,,,,1,,,,"Rooms > Bedroom, Rooms > Living room, Rugs > Modern, Rugs",,,"https://rugshop.eu/wp-content/uploads/2021/10/carpet-soft-8034-ethno-boho-cream-light-brown.jpg, https://rugshop.eu/wp-content/uploads/2021/10/carpet-soft-8034-ethno-boho-cream-light-brown-1.jpg, https://rugshop.eu/wp-content/uploads/2021/10/carpet-soft-8034-ethno-boho-cream-light-brown-2.jpg, https://rugshop.eu/wp-content/uploads/2021/10/carpet-soft-8034-ethno-boho-cream-light-brown-3.jpg",,,,,,,,,1070,,,Size,"120x170, 140x190, 160x220, 180x270, 200x290, 240x330, 280x370, 80x150",1,1,Brand,D-sign,1,1,Color,White-Beige,1,1,Type of color,Multicolor,1,1,Shape,Rectangular,1,1,Material,Polypropen,1,1,Type of rug,Modern,1,1,Weave,Machinemade,1,1,Country,Turkey,1,1,Age,New,1,1,,,,,,,,,,,,,1786455956,yes,yes,,,,,,,,,,,,,,,,,,,,,,,,,,,,,
41809,variable,56906138-H,,D-sign Rug 1D0647 Cream,1,0,hidden,D-sign Rug 1D0647 Cream ,D-sign Rug 1D0647 Cream ,,,taxable,,0,,,0,0,,,,,1,,,,"Rooms > Bedroom, Rooms > Living room, Rugs > Modern, Rugs",,,"https://rugshop.eu/wp-content/uploads/2021/10/carpet-soft-8040-aztec-boho-cream-light-beige.jpg, https://rugshop.eu/wp-content/uploads/2021/10/carpet-soft-8040-aztec-boho-cream-light-beige-1.jpg, https://rugshop.eu/wp-content/uploads/2021/10/carpet-soft-8040-aztec-boho-cream-light-beige-2.jpg, https://rugshop.eu/wp-content/uploads/2021/10/carpet-soft-8040-aztec-boho-cream-light-beige-3.jpg",,,,,,,,,1072,,,Size,"120x170, 140x190, 160x220, 180x270, 200x290, 240x330, 280x370, 80x150",1,1,Brand,D-sign,1,1,Color,White-Beige,1,1,Type of color,Multicolor,1,1,Shape,Rectangular,1,1,Material,Polypropen,1,1,Type of rug,Modern,1,1,Weave,Machinemade,1,1,Country,Turkey,1,1,Age,New,1,1,,,,,,,,,,,,,1786455959,yes,yes,,,,,,,,,,,,,,,,,,,,,,,,,,,,,
41810,variation,56906104,,D-sign Rug 1D0644 Cream - 80x150,1,0,hidden,,D-sign Rug 1D0644 Cream 80x150 cm,,,taxable,parent,0,0,,0,0,,150,80,1.5,0,,,1004,,,,,,,56906104-H,,,,,,1,,,Size,80x150,,1,,,,,,,,,,,,,,,,,,,,,,,,,,,,,,,,,,,,,80x150,,,,,,,,,,,,1786453591,,,,,,,,,,,,87392,,,,,,,,,,,,,,,,,,,
41811,variation,56910636,,D-sign Rug 1D0644 Cream - 120x170,1,0,hidden,,D-sign Rug 1D0644 Cream 120x170 cm,,,taxable,parent,0,0,,0,0,,170,120,1.5,0,,,1428,,,,,,,56906104-H,,,,,,2,,,Size,120x170,,1,,,,,,,,,,,,,,,,,,,,,,,,,,,,,,,,,,,,,120x170,,,,,,,,,,,,,,,,,,,,,,,,87393,,,,,,,,,,,,,,,,,,,
41812,variation,56910628,,D-sign Rug 1D0644 Cream - 140x190,1,0,hidden,,D-sign Rug 1D0644 Cream 140x190 cm,,,taxable,parent,0,0,,0,0,,190,140,1.5,0,,,1708,,,,,,,56906104-H,,,,,,3,,,Size,140x190,,1,,,,,,,,,,,,,,,,,,,,,,,,,,,,,,,,,,,,,140x190,,,,,,,,,,,,,,,,,,,,,,,,87394,,,,,,,,,,,,,,,,,,,
41813,variation,56906123,,D-sign Rug 1D0644 Cream - 160x220,1,0,hidden,,D-sign Rug 1D0644 Cream 160x220 cm,,,taxable,parent,0,0,,0,0,,220,160,1.5,0,,,2132,,,,,,,56906104-H,,,,,,4,,,Size,160x220,,1,,,,,,,,,,,,,,,,,,,,,,,,,,,,,,,,,,,,,160x220,,,,,,,,,,,,,,,,,,,,,,,,87395,,,,,,,,,,,,,,,,,,,
41814,variation,56906127,,D-sign Rug 1D0644 Cream - 180x270,1,0,hidden,,D-sign Rug 1D0644 Cream 180x270 cm,,,taxable,parent,0,0,,0,0,,270,180,1.5,0,,,2836,,,,,,,56906104-H,,,,,,5,,,Size,180x270,,1,,,,,,,,,,,,,,,,,,,,,,,,,,,,,,,,,,,,,180x270,,,,,,,,,,,,,,,,,,,,,,,,87396,,,,,,,,,,,,,,,,,,,
41815,variation,56906124,,D-sign Rug 1D0644 Cream - 200x290,1,0,hidden,,D-sign Rug 1D0644 Cream 200x290 cm,,,taxable,parent,0,0,,0,0,,290,200,1.5,0,,,3356,,,,,,,56906104-H,,,,,,6,,,Size,200x290,,1,,,,,,,,,,,,,,,,,,,,,,,,,,,,,,,,,,,,,200x290,,,,,,,,,,,,,,,,,,,,,,,,87397,,,,,,,,,,,,,,,,,,,
41816,variation,56906126,,D-sign Rug 1D0644 Cream - 240x330,1,0,hidden,,D-sign Rug 1D0644 Cream 240x330 cm,,,taxable,parent,0,0,,0,0,,330,240,1.5,0,,,4884,,,,,,,56906104-H,,,,,,7,,,Size,240x330,,1,,,,,,,,,,,,,,,,,,,,,,,,,,,,,,,,,,,,,240x330,,,,,,,,,,,,,,,,,,,,,,,,87398,,,,,,,,,,,,,,,,,,,
41817,variation,56906122,,D-sign Rug 1D0644 Cream - 280x370,1,0,hidden,,D-sign Rug 1D0644 Cream 280x370 cm,,,taxable,parent,0,0,,0,0,,370,280,1.5,0,,,6100,,,,,,,56906104-H,,,,,,8,,,Size,280x370,,1,,,,,,,,,,,,,,,,,,,,,,,,,,,,,,,,,,,,,280x370,,,,,,,,,,,,,,,,,,,,,,,,87399,,,,,,,,,,,,,,,,,,,
41823,variation,56906125,,D-sign Rug 1D0645 Cream - 80x150,1,0,hidden,,D-sign Rug 1D0645 Cream 80x150 cm,,,taxable,parent,0,0,,0,0,,150,80,1.5,0,,,1004,,,,,,,56906125-H,,,,,,1,,,Size,80x150,,1,,,,,,,,,,,,,,,,,,,,,,,,,,,,,,,,,,,,,80x150,,,,,,,,,,,,,,,,,,,,,,,,87400,,,,,,,,,,,,,,,,,,,
41825,variation,56910634,,D-sign Rug 1D0645 Cream - 120x170,1,0,hidden,,D-sign Rug 1D0645 Cream 120x170 cm,,,taxable,parent,0,0,,0,0,,170,120,1.5,0,,,1428,,,,,,,56906125-H,,,,,,2,,,Size,120x170,,1,,,,,,,,,,,,,,,,,,,,,,,,,,,,,,,,,,,,,120x170,,,,,,,,,,,,1786455941,,,,,,,,,,,,87401,,,,,,,,,,,,,,,,,,,
41826,variation,56910637,,D-sign Rug 1D0645 Cream - 140x190,1,0,hidden,,D-sign Rug 1D0645 Cream 140x190 cm,,,taxable,parent,0,0,,0,0,,190,140,1.5,0,,,1708,,,,,,,56906125-H,,,,,,3,,,Size,140x190,,1,,,,,,,,,,,,,,,,,,,,,,,,,,,,,,,,,,,,,140x190,,,,,,,,,,,,,,,,,,,,,,,,87402,,,,,,,,,,,,,,,,,,,
41827,variation,56910631,,D-sign Rug 1D0645 Cream - 160x220,1,0,hidden,,D-sign Rug 1D0645 Cream 160x220 cm,,,taxable,parent,0,0,,0,0,,220,160,1.5,0,,,2132,,,,,,,56906125-H,,,,,,4,,,Size,160x220,,1,,,,,,,,,,,,,,,,,,,,,,,,,,,,,,,,,,,,,160x220,,,,,,,,,,,,,,,,,,,,,,,,87403,,,,,,,,,,,,,,,,,,,
41828,variation,56910633,,D-sign Rug 1D0645 Cream - 180x270,1,0,hidden,,D-sign Rug 1D0645 Cream 180x270 cm,,,taxable,parent,0,0,,0,0,,270,180,1.5,0,,,2836,,,,,,,56906125-H,,,,,,5,,,Size,180x270,,1,,,,,,,,,,,,,,,,,,,,,,,,,,,,,,,,,,,,,180x270,,,,,,,,,,,,,,,,,,,,,,,,87404,,,,,,,,,,,,,,,,,,,
41829,variation,56906153,,D-sign Rug 1D0645 Cream - 200x290,1,0,hidden,,D-sign Rug 1D0645 Cream 200x290 cm,,,taxable,parent,0,0,,0,0,,290,200,1.5,0,,,3356,,,,,,,56906125-H,,,,,,6,,,Size,200x290,,1,,,,,,,,,,,,,,,,,,,,,,,,,,,,,,,,,,,,,200x290,,,,,,,,,,,,,,,,,,,,,,,,87405,,,,,,,,,,,,,,,,,,,
41830,variation,56906150,,D-sign Rug 1D0645 Cream - 240x330,1,0,hidden,,D-sign Rug 1D0645 Cream 240x330 cm,,,taxable,parent,0,0,,0,0,,330,240,1.5,0,,,4884,,,,,,,56906125-H,,,,,,7,,,Size,240x330,,1,,,,,,,,,,,,,,,,,,,,,,,,,,,,,,,,,,,,,240x330,,,,,,,,,,,,,,,,,,,,,,,,87406,,,,,,,,,,,,,,,,,,,
41831,variation,56906152,,D-sign Rug 1D0645 Cream - 280x370,1,0,hidden,,D-sign Rug 1D0645 Cream 280x370 cm,,,taxable,parent,0,0,,0,0,,370,280,1.5,0,,,6100,,,,,,,56906125-H,,,,,,8,,,Size,280x370,,1,,,,,,,,,,,,,,,,,,,,,,,,,,,,,,,,,,,,,280x370,,,,,,,,,,,,,,,,,,,,,,,,87407,,,,,,,,,,,,,,,,,,,
41846,variable,56906188-H,,D-sign Rug 1D0650 Cream,1,0,hidden,D-sign Rug 1D0650 Cream ,D-sign Rug 1D0650 Cream ,,,taxable,,0,,,0,0,,,,,1,,,,"Rooms > Bedroom, Rooms > Living room, Rugs > Modern, Rugs",,,"https://rugshop.eu/wp-content/uploads/2021/10/carpet-soft-8047-diamond-pattern-cream-light-brown.jpg, https://rugshop.eu/wp-content/uploads/2021/10/carpet-soft-8047-diamond-pattern-cream-light-brown-1.jpg, https://rugshop.eu/wp-content/uploads/2021/10/carpet-soft-8047-diamond-pattern-cream-light-brown-2.jpg, https://rugshop.eu/wp-content/uploads/2021/10/carpet-soft-8047-diamond-pattern-cream-light-brown-3.jpg",,,,,,,,,1075,,,Size,"120x170, 140x190, 160x220, 180x270, 200x290, 240x330, 280x370, 80x150",1,1,Brand,D-sign,1,1,Color,White-Beige,1,1,Type of color,Multicolor,1,1,Shape,Rectangular,1,1,Material,Polypropen,1,1,Type of rug,Modern,1,1,Weave,Machinemade,1,1,Country,Turkey,1,1,Age,New,1,1,,,,,,,,,,,,,1786455962,yes,yes,,,,,,,,,,,,,,,,,,,,,,,,,,,,,
41852,variation,56906138,,D-sign Rug 1D0647 Cream - 80x150,1,0,hidden,,D-sign Rug 1D0647 Cream 80x150 cm,,,taxable,parent,0,0,,0,0,,150,80,1.5,0,,,1004,,,,,,,56906138-H,,,,,,1,,,Size,80x150,,1,,,,,,,,,,,,,,,,,,,,,,,,,,,,,,,,,,,,,80x150,,,,,,,,,,,,,,,,,,,,,,,,87416,,,,,,,,,,,,,,,,,,,
41853,variation,56910670,,D-sign Rug 1D0647 Cream - 120x170,1,0,hidden,,D-sign Rug 1D0647 Cream 120x170 cm,,,taxable,parent,0,0,,0,0,,170,120,1.5,0,,,1428,,,,,,,56906138-H,,,,,,2,,,Size,120x170,,1,,,,,,,,,,,,,,,,,,,,,,,,,,,,,,,,,,,,,120x170,,,,,,,,,,,,1786455942,,,,,,,,,,,,87417,,,,,,,,,,,,,,,,,,,
41854,variation,56910635,,D-sign Rug 1D0647 Cream - 140x190,1,0,hidden,,D-sign Rug 1D0647 Cream 140x190 cm,,,taxable,parent,0,0,,0,0,,190,140,1.5,0,,,1708,,,,,,,56906138-H,,,,,,3,,,Size,140x190,,1,,,,,,,,,,,,,,,,,,,,,,,,,,,,,,,,,,,,,140x190,,,,,,,,,,,,,,,,,,,,,,,,87418,,,,,,,,,,,,,,,,,,,
41855,variation,56910668,,D-sign Rug 1D0647 Cream - 160x220,1,0,hidden,,D-sign Rug 1D0647 Cream 160x220 cm,,,taxable,parent,0,0,,0,0,,220,160,1.5,0,,,2132,,,,,,,56906138-H,,,,,,4,,,Size,160x220,,1,,,,,,,,,,,,,,,,,,,,,,,,,,,,,,,,,,,,,160x220,,,,,,,,,,,,,,,,,,,,,,,,87419,,,,,,,,,,,,,,,,,,,
41856,variation,56910632,,D-sign Rug 1D0647 Cream - 180x270,1,0,hidden,,D-sign Rug 1D0647 Cream 180x270 cm,,,taxable,parent,0,0,,0,0,,270,180,1.5,0,,,2836,,,,,,,56906138-H,,,,,,5,,,Size,180x270,,1,,,,,,,,,,,,,,,,,,,,,,,,,,,,,,,,,,,,,180x270,,,,,,,,,,,,,,,,,,,,,,,,87420,,,,,,,,,,,,,,,,,,,
41857,variation,56910664,,D-sign Rug 1D0647 Cream - 200x290,1,0,hidden,,D-sign Rug 1D0647 Cream 200x290 cm,,,taxable,parent,0,0,,0,0,,290,200,1.5,0,,,3356,,,,,,,56906138-H,,,,,,6,,,Size,200x290,,1,,,,,,,,,,,,,,,,,,,,,,,,,,,,,,,,,,,,,200x290,,,,,,,,,,,,,,,,,,,,,,,,87421,,,,,,,,,,,,,,,,,,,
41858,variation,56910666,,D-sign Rug 1D0647 Cream - 240x330,1,0,hidden,,D-sign Rug 1D0647 Cream 240x330 cm,,,taxable,parent,0,0,,0,0,,330,240,1.5,0,,,4884,,,,,,,56906138-H,,,,,,7,,,Size,240x330,,1,,,,,,,,,,,,,,,,,,,,,,,,,,,,,,,,,,,,,240x330,,,,,,,,,,,,,,,,,,,,,,,,87422,,,,,,,,,,,,,,,,,,,
41859,variation,56910665,,D-sign Rug 1D0647 Cream - 280x370,1,0,hidden,,D-sign Rug 1D0647 Cream 280x370 cm,,,taxable,parent,0,0,,0,0,,370,280,1.5,0,,,6100,,,,,,,56906138-H,,,,,,8,,,Size,280x370,,1,,,,,,,,,,,,,,,,,,,,,,,,,,,,,,,,,,,,,280x370,,,,,,,,,,,,,,,,,,,,,,,,87423,,,,,,,,,,,,,,,,,,,
41865,variable,56906202-H,,D-sign Rug 1D0651 Cream,1,0,hidden,D-sign Rug 1D0651 Cream ,D-sign Rug 1D0651 Cream ,,,taxable,,0,,,0,0,,,,,1,,,,"Rooms > Bedroom, Rooms > Living room, Rugs > Modern, Rugs",,,"https://rugshop.eu/wp-content/uploads/2021/10/carpet-soft-8050-zigzag-boho-cream-light-brown.jpg, https://rugshop.eu/wp-content/uploads/2021/10/carpet-soft-8050-zigzag-boho-cream-light-brown-1.jpg, https://rugshop.eu/wp-content/uploads/2021/10/carpet-soft-8050-zigzag-boho-cream-light-brown-2.jpg, https://rugshop.eu/wp-content/uploads/2021/10/carpet-soft-8050-zigzag-boho-cream-light-brown-3.jpg",,,,,,,,,1076,,,Size,"120x170, 140x190, 160x220, 180x270, 200x290, 240x330, 280x370, 80x150",1,1,Brand,D-sign,1,1,Color,White-Beige,1,1,Type of color,Multicolor,1,1,Shape,Rectangular,1,1,Material,Polypropen,1,1,Type of rug,Modern,1,1,Weave,Machinemade,1,1,Country,Turkey,1,1,Age,New,1,1,,,,,,,,,,,,,1786455965,yes,yes,,,,,,,,,,,,,,,,,,,,,,,,,,,,,
41894,variation,56906188,,D-sign Rug 1D0650 Cream - 80x150,1,0,hidden,,D-sign Rug 1D0650 Cream 80x150 cm,,,taxable,parent,0,0,,0,0,,150,80,1.5,0,,,1004,,,,,,,56906188-H,,,,,,1,,,Size,80x150,,1,,,,,,,,,,,,,,,,,,,,,,,,,,,,,,,,,,,,,80x150,,,,,,,,,,,,,,,,,,,,,,,,87448,,,,,,,,,,,,,,,,,,,
41895,variation,56910710,,D-sign Rug 1D0650 Cream - 120x170,1,0,hidden,,D-sign Rug 1D0650 Cream 120x170 cm,,,taxable,parent,0,0,,0,0,,170,120,1.5,0,,,1428,,,,,,,56906188-H,,,,,,2,,,Size,120x170,,1,,,,,,,,,,,,,,,,,,,,,,,,,,,,,,,,,,,,,120x170,,,,,,,,,,,,1786455943,,,,,,,,,,,,87449,,,,,,,,,,,,,,,,,,,
41896,variation,56910712,,D-sign Rug 1D0650 Cream - 140x190,1,0,hidden,,D-sign Rug 1D0650 Cream 140x190 cm,,,taxable,parent,0,0,,0,0,,190,140,1.5,0,,,1708,,,,,,,56906188-H,,,,,,3,,,Size,140x190,,1,,,,,,,,,,,,,,,,,,,,,,,,,,,,,,,,,,,,,140x190,,,,,,,,,,,,1786455944,,,,,,,,,,,,87450,,,,,,,,,,,,,,,,,,,
41897,variation,56910705,,D-sign Rug 1D0650 Cream - 160x220,1,0,hidden,,D-sign Rug 1D0650 Cream 160x220 cm,,,taxable,parent,0,0,,0,0,,220,160,1.5,0,,,2132,,,,,,,56906188-H,,,,,,4,,,Size,160x220,,1,,,,,,,,,,,,,,,,,,,,,,,,,,,,,,,,,,,,,160x220,,,,,,,,,,,,,,,,,,,,,,,,87451,,,,,,,,,,,,,,,,,,,
41898,variation,56910714,,D-sign Rug 1D0650 Cream - 180x270,1,0,hidden,,D-sign Rug 1D0650 Cream 180x270 cm,,,taxable,parent,0,0,,0,0,,270,180,1.5,0,,,2836,,,,,,,56906188-H,,,,,,5,,,Size,180x270,,1,,,,,,,,,,,,,,,,,,,,,,,,,,,,,,,,,,,,,180x270,,,,,,,,,,,,,,,,,,,,,,,,87452,,,,,,,,,,,,,,,,,,,
41899,variation,56906201,,D-sign Rug 1D0650 Cream - 200x290,1,0,hidden,,D-sign Rug 1D0650 Cream 200x290 cm,,,taxable,parent,0,0,,0,0,,290,200,1.5,0,,,3356,,,,,,,56906188-H,,,,,,6,,,Size,200x290,,1,,,,,,,,,,,,,,,,,,,,,,,,,,,,,,,,,,,,,200x290,,,,,,,,,,,,,,,,,,,,,,,,87453,,,,,,,,,,,,,,,,,,,
41900,variation,56906200,,D-sign Rug 1D0650 Cream - 240x330,1,0,hidden,,D-sign Rug 1D0650 Cream 240x330 cm,,,taxable,parent,0,0,,0,0,,330,240,1.5,0,,,4884,,,,,,,56906188-H,,,,,,7,,,Size,240x330,,1,,,,,,,,,,,,,,,,,,,,,,,,,,,,,,,,,,,,,240x330,,,,,,,,,,,,,,,,,,,,,,,,87454,,,,,,,,,,,,,,,,,,,
41901,variation,56906203,,D-sign Rug 1D0650 Cream - 280x370,1,0,hidden,,D-sign Rug 1D0650 Cream 280x370 cm,,,taxable,parent,0,0,,0,0,,370,280,1.5,0,,,6100,,,,,,,56906188-H,,,,,,8,,,Size,280x370,,1,,,,,,,,,,,,,,,,,,,,,,,,,,,,,,,,,,,,,280x370,,,,,,,,,,,,,,,,,,,,,,,,87455,,,,,,,,,,,,,,,,,,,
41907,variation,56906202,,D-sign Rug 1D0651 Cream - 80x150,1,0,hidden,,D-sign Rug 1D0651 Cream 80x150 cm,,,taxable,parent,0,0,,0,0,,150,80,1.5,0,,,1004,,,,,,,56906202-H,,,,,,1,,,Size,80x150,,1,,,,,,,,,,,,,,,,,,,,,,,,,,,,,,,,,,,,,80x150,,,,,,,,,,,,,,,,,,,,,,,,87456,,,,,,,,,,,,,,,,,,,
41908,variation,56910747,,D-sign Rug 1D0651 Cream - 120x170,1,0,hidden,,D-sign Rug 1D0651 Cream 120x170 cm,,,taxable,parent,0,0,,0,0,,170,120,1.5,0,,,1428,,,,,,,56906202-H,,,,,,2,,,Size,120x170,,1,,,,,,,,,,,,,,,,,,,,,,,,,,,,,,,,,,,,,120x170,,,,,,,,,,,,1786455944,,,,,,,,,,,,87457,,,,,,,,,,,,,,,,,,,
41909,variation,56910748,,D-sign Rug 1D0651 Cream - 140x190,1,0,hidden,,D-sign Rug 1D0651 Cream 140x190 cm,,,taxable,parent,0,0,,0,0,,190,140,1.5,0,,,1708,,,,,,,56906202-H,,,,,,3,,,Size,140x190,,1,,,,,,,,,,,,,,,,,,,,,,,,,,,,,,,,,,,,,140x190,,,,,,,,,,,,,,,,,,,,,,,,87458,,,,,,,,,,,,,,,,,,,
41910,variation,56910713,,D-sign Rug 1D0651 Cream - 160x220,1,0,hidden,,D-sign Rug 1D0651 Cream 160x220 cm,,,taxable,parent,0,0,,0,0,,220,160,1.5,0,,,2132,,,,,,,56906202-H,,,,,,4,,,Size,160x220,,1,,,,,,,,,,,,,,,,,,,,,,,,,,,,,,,,,,,,,160x220,,,,,,,,,,,,,,,,,,,,,,,,87459,,,,,,,,,,,,,,,,,,,
41911,variation,56910711,,D-sign Rug 1D0651 Cream - 180x270,1,0,hidden,,D-sign Rug 1D0651 Cream 180x270 cm,,,taxable,parent,0,0,,0,0,,270,180,1.5,0,,,2836,,,,,,,56906202-H,,,,,,5,,,Size,180x270,,1,,,,,,,,,,,,,,,,,,,,,,,,,,,,,,,,,,,,,180x270,,,,,,,,,,,,,,,,,,,,,,,,87460,,,,,,,,,,,,,,,,,,,
41912,variation,56910753,,D-sign Rug 1D0651 Cream - 200x290,1,0,hidden,,D-sign Rug 1D0651 Cream 200x290 cm,,,taxable,parent,0,0,,0,0,,290,200,1.5,0,,,3356,,,,,,,56906202-H,,,,,,6,,,Size,200x290,,1,,,,,,,,,,,,,,,,,,,,,,,,,,,,,,,,,,,,,200x290,,,,,,,,,,,,,,,,,,,,,,,,87461,,,,,,,,,,,,,,,,,,,
41913,variation,56910749,,D-sign Rug 1D0651 Cream - 240x330,1,0,hidden,,D-sign Rug 1D0651 Cream 240x330 cm,,,taxable,parent,0,0,,0,0,,330,240,1.5,0,,,4884,,,,,,,56906202-H,,,,,,7,,,Size,240x330,,1,,,,,,,,,,,,,,,,,,,,,,,,,,,,,,,,,,,,,240x330,,,,,,,,,,,,,,,,,,,,,,,,87462,,,,,,,,,,,,,,,,,,,
41914,variation,56906214,,D-sign Rug 1D0651 Cream - 280x370,1,0,hidden,,D-sign Rug 1D0651 Cream 280x370 cm,,,taxable,parent,0,0,,0,0,,370,280,1.5,0,,,6100,,,,,,,56906202-H,,,,,,8,,,Size,280x370,,1,,,,,,,,,,,,,,,,,,,,,,,,,,,,,,,,,,,,,280x370,,,,,,,,,,,,,,,,,,,,,,,,87463,,,,,,,,,,,,,,,,,,,
41949,variable,56906574-H,,D-sign Rug 1D0659 Blue,1,0,hidden,D-sign Rug 1D0659 Blue ,D-sign Rug 1D0659 Blue ,,,taxable,,0,,,0,0,,,,,1,,,,"Rooms > Bedroom, Rooms > Living room, Rugs > Modern, Rugs",,,"https://rugshop.eu/wp-content/uploads/2021/10/carpet-acrylic-yazz-7006-blue.jpg, https://rugshop.eu/wp-content/uploads/2021/10/carpet-acrylic-yazz-7006-blue.jpg",,,,,,,,,1082,,,Size,"133x190, 160x220, 200x290, 240x330, 80x150",1,1,Brand,D-sign,1,1,Color,Blue,1,1,Type of color,Multicolor,1,1,Shape,Rectangular,1,1,Material,Acrylic,1,1,Type of rug,Modern,1,1,Weave,Machinemade,1,1,Age,New,1,1,,,,,,,,,,,,,,,,,1786455973,yes,yes,,,,,,,,,,,,,,,,,,,,,,,,,,,,,
41950,variable,56906618-H,,D-sign Rug 1D0630 Blue,1,0,hidden,D-sign Rug 1D0630 Blue ,D-sign Rug 1D0630 Blue ,,,taxable,,0,,,0,0,,,,,1,,,,"Rooms > Bedroom, Rooms > Living room, Rugs > Modern, Rugs",,,"https://rugshop.eu/wp-content/uploads/2021/10/carpet-acrylic-yazz-6076-cracked-concrete-blue-grey.jpg, https://rugshop.eu/wp-content/uploads/2021/10/carpet-acrylic-yazz-6076-cracked-concrete-blue-grey-1.jpg, https://rugshop.eu/wp-content/uploads/2021/10/carpet-acrylic-yazz-6076-cracked-concrete-blue-grey-2.jpg, https://rugshop.eu/wp-content/uploads/2021/10/carpet-acrylic-yazz-6076-cracked-concrete-blue-grey-3.jpg",,,,,,,,,1055,,,Size,"133x190, 160x220, 200x290, 240x330, 80x150",1,1,Brand,D-sign,1,1,Color,Blue,1,1,Type of color,Multicolor,1,1,Shape,Rectangular,1,1,Material,Acrylic,1,1,Type of rug,Modern,1,1,Weave,Machinemade,1,1,Age,New,1,1,,,,,,,,,,,,,,,,,1786455970,yes,yes,,,,,,,,,,,,,,,,,,,,,,,,,,,,,
41985,variation,56906574,,D-sign Rug 1D0659 Blue - 80x150,1,0,hidden,,D-sign Rug 1D0659 Blue 80x150 cm,,,taxable,parent,0,0,,0,0,,150,80,1,0,,,1188,,,,,,,56906574-H,,,,,,1,,,Size,80x150,,1,,,,,,,,,,,,,,,,,,,,,,,,,,,,,,,,,,,,,80x150,,,,,,,,,,,,,,,,,,,,,,,,87789,,,,,,,,,,,,,,,,,,,
41986,variation,56910850,,D-sign Rug 1D0659 Blue - 133x190,1,0,hidden,,D-sign Rug 1D0659 Blue 133x190 cm,,,taxable,parent,0,0,,0,0,,190,133,1,0,,,2060,,,,,,,56906574-H,,,,,,2,,,Size,133x190,,1,,,,,,,,,,,,,,,,,,,,,,,,,,,,,,,,,,,,,133x190,,,,,,,,,,,,1786455946,,,,,,,,,,,,87785,,,,,,,,,,,,,,,,,,,
41987,variation,56906617,,D-sign Rug 1D0659 Blue - 160x220,1,0,hidden,,D-sign Rug 1D0659 Blue 160x220 cm,,,taxable,parent,0,0,,0,0,,220,160,1,0,,,2740,,,,,,,56906574-H,,,,,,3,,,Size,160x220,,1,,,,,,,,,,,,,,,,,,,,,,,,,,,,,,,,,,,,,160x220,,,,,,,,,,,,,,,,,,,,,,,,87786,,,,,,,,,,,,,,,,,,,
41988,variation,56906620,,D-sign Rug 1D0659 Blue - 200x290,1,0,hidden,,D-sign Rug 1D0659 Blue 200x290 cm,,,taxable,parent,0,0,,0,0,,290,200,1,0,,,4244,,,,,,,56906574-H,,,,,,4,,,Size,200x290,,1,,,,,,,,,,,,,,,,,,,,,,,,,,,,,,,,,,,,,200x290,,,,,,,,,,,,,,,,,,,,,,,,87787,,,,,,,,,,,,,,,,,,,
41989,variation,56906616,,D-sign Rug 1D0659 Blue - 240x330,1,0,hidden,,D-sign Rug 1D0659 Blue 240x330 cm,,,taxable,parent,0,0,,0,0,,330,240,1,0,,,5748,,,,,,,56906574-H,,,,,,5,,,Size,240x330,,1,,,,,,,,,,,,,,,,,,,,,,,,,,,,,,,,,,,,,240x330,,,,,,,,,,,,,,,,,,,,,,,,87788,,,,,,,,,,,,,,,,,,,
41998,variation,56906618,,D-sign Rug 1D0630 Blue - 80x150,1,0,hidden,,D-sign Rug 1D0630 Blue 80x150 cm,,,taxable,parent,0,0,,0,0,,150,80,1,0,,,1188,,,,,,,56906618-H,,,,,,1,,,Size,80x150,,1,,,,,,,,,,,,,,,,,,,,,,,,,,,,,,,,,,,,,80x150,,,,,,,,,,,,1786453708,,,,,,,,,,,,87790,,,,,,,,,,,,,,,,,,,
41999,variation,56910847,,D-sign Rug 1D0630 Blue - 133x190,1,0,hidden,,D-sign Rug 1D0630 Blue 133x190 cm,,,taxable,parent,0,0,,0,0,,190,133,1,0,,,2060,,,,,,,56906618-H,,,,,,2,,,Size,133x190,,1,,,,,,,,,,,,,,,,,,,,,,,,,,,,,,,,,,,,,133x190,,,,,,,,,,,,1786455945,,,,,,,,,,,,87791,,,,,,,,,,,,,,,,,,,
42000,variation,56910852,,D-sign Rug 1D0630 Blue - 160x220,1,0,hidden,,D-sign Rug 1D0630 Blue 160x220 cm,,,taxable,parent,0,0,,0,0,,220,160,1,0,,,2740,,,,,,,56906618-H,,,,,,3,,,Size,160x220,,1,,,,,,,,,,,,,,,,,,,,,,,,,,,,,,,,,,,,,160x220,,,,,,,,,,,,1786455946,,,,,,,,,,,,87792,,,,,,,,,,,,,,,,,,,
42001,variation,56910875,,D-sign Rug 1D0630 Blue - 200x290,1,0,hidden,,D-sign Rug 1D0630 Blue 200x290 cm,,,taxable,parent,0,0,,0,0,,290,200,1,0,,,4244,,,,,,,56906618-H,,,,,,4,,,Size,200x290,,1,,,,,,,,,,,,,,,,,,,,,,,,,,,,,,,,,,,,,200x290,,,,,,,,,,,,1786455947,,,,,,,,,,,,87793,,,,,,,,,,,,,,,,,,,
42002,variation,56910849,,D-sign Rug 1D0630 Blue - 240x330,1,0,hidden,,D-sign Rug 1D0630 Blue 240x330 cm,,,taxable,parent,0,0,,0,0,,330,240,1,0,,,5748,,,,,,,56906618-H,,,,,,5,,,Size,240x330,,1,,,,,,,,,,,,,,,,,,,,,,,,,,,,,,,,,,,,,240x330,,,,,,,,,,,,,,,,,,,,,,,,87794,,,,,,,,,,,,,,,,,,,
42292,variable,56906860-H,,D-sign Rug 1D0690 Pink,1,0,hidden,D-sign Rug 1D0690 Pink,D-sign Rug 1D0690 Pink,,,taxable,,0,,,0,0,,,,,0,,,,"Rooms > Bedroom, Rooms > Living room, Rugs, Rugs > Shaggy",,,"https://rugshop.eu/wp-content/uploads/2021/10/carpet-berber-troik-a0010-circle-pink-white-fringe-berber-moroccan-shaggy.jpg, https://rugshop.eu/wp-content/uploads/2021/10/carpet-berber-troik-a0010-circle-pink-white-fringe-berber-moroccan-shaggy-1.jpg, https://rugshop.eu/wp-content/uploads/2021/10/carpet-berber-troik-a0010-circle-pink-white-fringe-berber-moroccan-shaggy-2.jpg, https://rugshop.eu/wp-content/uploads/2021/10/carpet-berber-troik-a0010-circle-pink-white-fringe-berber-moroccan-shaggy-3.jpg",,,,,,,,,1113,,,Size,"120, 160",1,1,Brand,D-sign,1,1,Color,Pink-Purple,1,1,Type of color,Multicolor,1,1,Shape,Round,1,1,Material,Polypropen,1,1,Type of rug,Rya / Shaggy,1,1,Weave,Machinemade,1,1,Age,New,1,1,,,,,,,,,default,default,default,default,,,,,1786455980,yes,yes,,,,,,,,,,,,,,,,,,,,,,,,,,,,,
42317,variable,56906861-H,,D-sign Rug 1D0691 Cream,1,0,hidden,D-sign Rug 1D0691 Cream,D-sign Rug 1D0691 Cream,,,taxable,,0,,,0,0,,,,,0,,,,"Rooms > Kids, Rugs > Kids, Rugs",,,"https://rugshop.eu/wp-content/uploads/2021/10/carpet-heos-78464-cream-pink-blue-grey-pineapple.jpg, https://rugshop.eu/wp-content/uploads/2021/10/carpet-heos-78464-cream-pink-blue-grey-pineapple-1.jpg, https://rugshop.eu/wp-content/uploads/2021/10/carpet-heos-78464-cream-pink-blue-grey-pineapple-2.jpg, https://rugshop.eu/wp-content/uploads/2021/10/carpet-heos-78464-cream-pink-blue-grey-pineapple-3.jpg",,,,,,,,,1114,,,Size,"120x170, 160x220, 190x270",1,1,Brand,D-sign,1,1,Color,White-Beige,1,1,Type of color,Multicolor,1,1,Shape,Rectangular,1,1,Material,Polypropen,1,1,Type of rug,Modern,1,1,Weave,Machinemade,1,1,Country,Belgium,1,1,Age,New,1,1,,,,,default,default,default,default,,,,,1786455981,yes,yes,,,,,,,,,,,,,,,,,,,,,,,,,,,,,
42334,variable,56906878-H,,D-sign Rug 1D0694 Cream,1,0,hidden,D-sign Rug 1D0694 Cream,D-sign Rug 1D0694 Cream,,,taxable,,0,,,0,0,,,,,0,,,,"Rooms > Kids, Rugs > Kids, Rugs",,,"https://rugshop.eu/wp-content/uploads/2021/10/carpet-heos-78468-cream-pink-blue-grey-sheeps.jpg, https://rugshop.eu/wp-content/uploads/2021/10/carpet-heos-78468-cream-pink-blue-grey-sheeps-1.jpg, https://rugshop.eu/wp-content/uploads/2021/10/carpet-heos-78468-cream-pink-blue-grey-sheeps-2.jpg, https://rugshop.eu/wp-content/uploads/2021/10/carpet-heos-78468-cream-pink-blue-grey-sheeps-3.jpg",,,,,,,,,1117,,,Size,"120x170, 160x220, 190x270",1,1,Brand,D-sign,1,1,Color,White-Beige,1,1,Type of color,Multicolor,1,1,Shape,Rectangular,1,1,Material,Polypropen,1,1,Type of rug,Modern,1,1,Weave,Machinemade,1,1,Country,Belgium,1,1,Age,New,1,1,,,,,default,default,default,default,,,,,1786455985,yes,yes,,,,,,,,,,,,,,,,,,,,,,,,,,,,,
42335,variable,56906877-H,,D-sign Rug 1D0695 Grey,1,0,hidden,D-sign Rug 1D0695 Grey,D-sign Rug 1D0695 Grey,,,taxable,,0,,,0,0,,,,,0,,,,"Rooms > Kids, Rugs > Kids, Rugs",,,"https://rugshop.eu/wp-content/uploads/2021/10/carpet-heos-78468-grey-blue-sheeps.jpg, https://rugshop.eu/wp-content/uploads/2021/10/carpet-heos-78468-grey-blue-sheeps-1.jpg, https://rugshop.eu/wp-content/uploads/2021/10/carpet-heos-78468-grey-blue-sheeps-2.jpg, https://rugshop.eu/wp-content/uploads/2021/10/carpet-heos-78468-grey-blue-sheeps-3.jpg",,,,,,,,,1118,,,Size,"120x170, 160x220, 190x270",1,1,Brand,D-sign,1,1,Color,Black-Grey,1,1,Type of color,Multicolor,1,1,Shape,Rectangular,1,1,Material,Polypropen,1,1,Type of rug,Modern,1,1,Weave,Machinemade,1,1,Country,Belgium,1,1,Age,New,1,1,,,,,default,default,default,default,,,,,1786455976,yes,yes,,,,,,,,,,,,,,,,,,,,,,,,,,,,,
42350,variable,56906844-H,,D-sign Rug 1D0696 Grey,1,0,hidden,D-sign Rug 1D0696 Grey ,D-sign Rug 1D0696 Grey ,,,taxable,,0,,,0,0,,,,,1,,,,"Rooms > Bedroom, Rooms > Living room, Rugs > Modern, Rugs",,,"https://rugshop.eu/wp-content/uploads/2021/10/carpet-heos-78537-grey-cream-hexagon.jpg, https://rugshop.eu/wp-content/uploads/2021/10/carpet-heos-78537-grey-cream-hexagon-1.jpg, https://rugshop.eu/wp-content/uploads/2021/10/carpet-heos-78537-grey-cream-hexagon-2.jpg, https://rugshop.eu/wp-content/uploads/2021/10/carpet-heos-78537-grey-cream-hexagon-3.jpg",,,,,,,,,1119,,,Size,"120x170, 160x220, 190x270",1,1,Brand,D-sign,1,1,Color,Black-Grey,1,1,Type of color,Multicolor,1,1,Shape,Rectangular,1,1,Material,Polypropen,1,1,Type of rug,Modern,1,1,Weave,Machinemade,1,1,Country,Belgium,1,1,Age,New,1,1,,,,,,,,,,,,,1786455977,yes,yes,,,,,,,,,,,,,,,,,,,,,,,,,,,,,
42351,variation,56906860,,D-sign Rug 1D0690 Pink - 120,1,0,hidden,,D-sign Rug 1D0690 Pink 120 cm,,,taxable,parent,0,0,,0,0,,120,120,2.5,0,,618,1236,,,,,,,56906860-H,,,,,,1,,,Size,120,,1,,,,,,,,,,,,,,,,,,,,,,,,,,,,,,,,,,,,,120,,,,,,,,,,,,1786453712,,,,,,,,,,,,88531,,,,,,,,,,,,,,,,,,,
42352,variation,56911124,,D-sign Rug 1D0690 Pink - 160,1,0,hidden,,D-sign Rug 1D0690 Pink 160 cm,,,taxable,parent,0,0,,0,0,,160,160,2.5,0,,934,1868,,,,,,,56906860-H,,,,,,2,,,Size,160,,1,,,,,,,,,,,,,,,,,,,,,,,,,,,,,,,,,,,,,160,,,,,,,,,,,,1786455949,,,,,,,,,,,,88532,,,,,,,,,,,,,,,,,,,
42366,variable,56906846-H,,D-sign Rug 1D0697 Grey,1,0,hidden,D-sign Rug 1D0697 Grey ,D-sign Rug 1D0697 Grey ,,,taxable,,0,,,0,0,,,,,1,,,,"Rooms > Bedroom, Rooms > Living room, Rugs > Modern, Rugs",,,"https://rugshop.eu/wp-content/uploads/2021/10/carpet-heos-78537-grey-pink-cream-hexagon.jpg, https://rugshop.eu/wp-content/uploads/2021/10/carpet-heos-78537-grey-pink-cream-hexagon-1.jpg, https://rugshop.eu/wp-content/uploads/2021/10/carpet-heos-78537-grey-pink-cream-hexagon-2.jpg, https://rugshop.eu/wp-content/uploads/2021/10/carpet-heos-78537-grey-pink-cream-hexagon-3.jpg",,,,,,,,,1120,,,Size,"120x170, 160x220, 190x270",1,1,Brand,D-sign,1,1,Color,Black-Grey,1,1,Type of color,Multicolor,1,1,Shape,Rectangular,1,1,Material,Polypropen,1,1,Type of rug,Modern,1,1,Weave,Machinemade,1,1,Country,Belgium,1,1,Age,New,1,1,,,,,,,,,,,,,1786455979,yes,yes,,,,,,,,,,,,,,,,,,,,,,,,,,,,,
42367,variable,56906845-H,,D-sign Rug 1D0698 Cream,1,0,hidden,D-sign Rug 1D0698 Cream ,D-sign Rug 1D0698 Cream ,,,taxable,,0,,,0,0,,,,,1,,,,"Rooms > Bedroom, Rooms > Living room, Rugs > Modern, Rugs",,,"https://rugshop.eu/wp-content/uploads/2021/10/carpet-heos-78540-cream-claret-leaves-jungle.jpg, https://rugshop.eu/wp-content/uploads/2021/10/carpet-heos-78540-cream-claret-leaves-jungle-1.jpg, https://rugshop.eu/wp-content/uploads/2021/10/carpet-heos-78540-cream-claret-leaves-jungle-2.jpg, https://rugshop.eu/wp-content/uploads/2021/10/carpet-heos-78540-cream-claret-leaves-jungle-3.jpg",,,,,,,,,1121,,,Size,"120x170, 160x220, 190x270",1,1,Brand,D-sign,1,1,Color,White-Beige,1,1,Type of color,Multicolor,1,1,Shape,Rectangular,1,1,Material,Polypropen,1,1,Type of rug,Modern,1,1,Weave,Machinemade,1,1,Country,Belgium,1,1,Age,New,1,1,,,,,,,,,,,,,1786453755,yes,yes,,,,,,,,,,,,,,,,,,,,,,,,,,,,,
42368,variation,56906861,,D-sign Rug 1D0691 Cream - 120x170,1,0,hidden,,D-sign Rug 1D0691 Cream 120x170 cm,,,taxable,parent,0,0,,0,0,,170,120,0.8,0,,,1276,,,,,,,56906861-H,,,,,,1,,,Size,120x170,,1,,,,,,,,,,,,,,,,,,,,,,,,,,,,,,,,,,,,,120x170,,,,,,,,,,,,,,,,,,,,,,,,88632,,,,,,,,,,,,,,,,,,,
42369,variation,56911144,,D-sign Rug 1D0691 Cream - 160x220,1,0,hidden,,D-sign Rug 1D0691 Cream 160x220 cm,,,taxable,parent,0,0,,0,0,,220,160,0.8,0,,,1892,,,,,,,56906861-H,,,,,,2,,,Size,160x220,,1,,,,,,,,,,,,,,,,,,,,,,,,,,,,,,,,,,,,,160x220,,,,,,,,,,,,,,,,,,,,,,,,88633,,,,,,,,,,,,,,,,,,,
42370,variation,56911138,,D-sign Rug 1D0691 Cream - 190x270,1,0,hidden,,D-sign Rug 1D0691 Cream 190x270 cm,,,taxable,parent,0,0,,0,0,,270,190,0.8,0,,,2596,,,,,,,56906861-H,,,,,,3,,,Size,190x270,,1,,,,,,,,,,,,,,,,,,,,,,,,,,,,,,,,,,,,,190x270,,,,,,,,,,,,1786455949,,,,,,,,,,,,88634,,,,,,,,,,,,,,,,,,,
42384,variable,56906904-H,,D-sign Rug 1D0699 Cream,1,0,hidden,D-sign Rug 1D0699 Cream ,D-sign Rug 1D0699 Cream ,,,taxable,,0,,,0,0,,,,,1,,,,"Rooms > Bedroom, Rooms > Living room, Rugs > Modern, Rugs",,,"https://rugshop.eu/wp-content/uploads/2021/10/carpet-heos-78540-cream-blue-leaves-jungle.jpg, https://rugshop.eu/wp-content/uploads/2021/10/carpet-heos-78540-cream-blue-leaves-jungle-1.jpg, https://rugshop.eu/wp-content/uploads/2021/10/carpet-heos-78540-cream-blue-leaves-jungle-2.jpg, https://rugshop.eu/wp-content/uploads/2021/10/carpet-heos-78540-cream-blue-leaves-jungle-3.jpg",,,,,,,,,1122,,,Size,"120x170, 160x220, 190x270",1,1,Brand,D-sign,1,1,Color,White-Beige,1,1,Type of color,Multicolor,1,1,Shape,Rectangular,1,1,Material,Polypropen,1,1,Type of rug,Modern,1,1,Weave,Machinemade,1,1,Country,Belgium,1,1,Age,New,1,1,,,,,,,,,,,,,1786456006,yes,yes,,,,,,,,,,,,,,,,,,,,,,,,,,,,,
42394,variation,56906878,,D-sign Rug 1D0694 Cream - 120x170,1,0,hidden,,D-sign Rug 1D0694 Cream 120x170 cm,,,taxable,parent,0,0,,0,0,,170,120,0.8,0,,,1276,,,,,,,56906878-H,,,,,,1,,,Size,120x170,,1,,,,,,,,,,,,,,,,,,,,,,,,,,,,,,,,,,,,,120x170,,,,,,,,,,,,,,,,,,,,,,,,88649,,,,,,,,,,,,,,,,,,,
42395,variation,56911143,,D-sign Rug 1D0694 Cream - 160x220,1,0,hidden,,D-sign Rug 1D0694 Cream 160x220 cm,,,taxable,parent,0,0,,0,0,,220,160,0.8,0,,,1892,,,,,,,56906878-H,,,,,,2,,,Size,160x220,,1,,,,,,,,,,,,,,,,,,,,,,,,,,,,,,,,,,,,,160x220,,,,,,,,,,,,1786455951,,,,,,,,,,,,88650,,,,,,,,,,,,,,,,,,,
42396,variation,56911142,,D-sign Rug 1D0694 Cream - 190x270,1,0,hidden,,D-sign Rug 1D0694 Cream 190x270 cm,,,taxable,parent,0,0,,0,0,,270,190,0.8,0,,,2596,,,,,,,56906878-H,,,,,,3,,,Size,190x270,,1,,,,,,,,,,,,,,,,,,,,,,,,,,,,,,,,,,,,,190x270,,,,,,,,,,,,1786455950,,,,,,,,,,,,88651,,,,,,,,,,,,,,,,,,,
42402,variable,56906903-H,,D-sign Rug 1D0701 Cream,1,0,hidden,D-sign Rug 1D0701 Cream ,D-sign Rug 1D0701 Cream ,,,taxable,,0,,,0,0,,,,,1,,,,"Rooms > Bedroom, Rooms > Living room, Rugs > Modern, Rugs",,,"https://rugshop.eu/wp-content/uploads/2021/10/carpet-heos-78545-cream-pink-feathers.jpg, https://rugshop.eu/wp-content/uploads/2021/10/carpet-heos-78545-cream-pink-feathers-1.jpg, https://rugshop.eu/wp-content/uploads/2021/10/carpet-heos-78545-cream-pink-feathers-2.jpg, https://rugshop.eu/wp-content/uploads/2021/10/carpet-heos-78545-cream-pink-feathers-3.jpg",,,,,,,,,1124,,,Size,"120x170, 160x220, 190x270",1,1,Brand,D-sign,1,1,Color,White-Beige,1,1,Type of color,Multicolor,1,1,Shape,Rectangular,1,1,Material,Polypropen,1,1,Type of rug,Modern,1,1,Weave,Machinemade,1,1,Country,Belgium,1,1,Age,New,1,1,,,,,,,,,,,,,1786456011,yes,yes,,,,,,,,,,,,,,,,,,,,,,,,,,,,,
42403,variable,56906905-H,,D-sign Rug 1D0702 Cream,1,0,hidden,D-sign Rug 1D0702 Cream,D-sign Rug 1D0702 Cream,,,taxable,,0,,,0,0,,,,,0,,,,"Rooms > Kids, Rugs > Kids, Rugs",,,"https://rugshop.eu/wp-content/uploads/2021/10/carpet-petit-birds-cream.jpg, https://rugshop.eu/wp-content/uploads/2021/10/carpet-petit-birds-cream-1.jpg, https://rugshop.eu/wp-content/uploads/2021/10/carpet-petit-birds-cream-2.jpg, https://rugshop.eu/wp-content/uploads/2021/10/carpet-petit-birds-cream-3.jpg",,,,,,,,,1125,,,Size,"120x170, 140x190, 160x220, 180x270, 200x290",1,1,Brand,D-sign,1,1,Color,White-Beige,1,1,Type of color,Multicolor,1,1,Shape,Rectangular,1,1,Material,Polypropen,1,1,Type of rug,Modern,1,1,Weave,Machinemade,1,1,Country,Turkey,1,1,Age,New,1,1,,,,,default,default,default,default,,,,,1786456015,yes,yes,,,,,,,,,,,,,,,,,,,,,,,,,,,,,
42404,variation,56906877,,D-sign Rug 1D0695 Grey - 120x170,1,0,hidden,,D-sign Rug 1D0695 Grey 120x170 cm,,,taxable,parent,0,0,,0,0,,170,120,0.8,0,,,1276,,,,,,,56906877-H,,,,,,1,,,Size,120x170,,1,,,,,,,,,,,,,,,,,,,,,,,,,,,,,,,,,,,,,120x170,,,,,,,,,,,,1786453712,,,,,,,,,,,,88655,,,,,,,,,,,,,,,,,,,
42405,variation,56906879,,D-sign Rug 1D0695 Grey - 160x220,1,0,hidden,,D-sign Rug 1D0695 Grey 160x220 cm,,,taxable,parent,0,0,,0,0,,220,160,0.8,0,,,1892,,,,,,,56906877-H,,,,,,2,,,Size,160x220,,1,,,,,,,,,,,,,,,,,,,,,,,,,,,,,,,,,,,,,160x220,,,,,,,,,,,,,,,,,,,,,,,,88656,,,,,,,,,,,,,,,,,,,
42406,variation,56911117,,D-sign Rug 1D0695 Grey - 190x270,1,0,hidden,,D-sign Rug 1D0695 Grey 190x270 cm,,,taxable,parent,0,0,,0,0,,270,190,0.8,0,,,2596,,,,,,,56906877-H,,,,,,3,,,Size,190x270,,1,,,,,,,,,,,,,,,,,,,,,,,,,,,,,,,,,,,,,190x270,,,,,,,,,,,,1786455947,,,,,,,,,,,,88657,,,,,,,,,,,,,,,,,,,
42412,variation,56906844,,D-sign Rug 1D0696 Grey - 120x170,1,0,hidden,,D-sign Rug 1D0696 Grey 120x170 cm,,,taxable,parent,0,0,,0,0,,170,120,0.8,0,,,1276,,,,,,,56906844-H,,,,,,1,,,Size,120x170,,1,,,,,,,,,,,,,,,,,,,,,,,,,,,,,,,,,,,,,120x170,,,,,,,,,,,,1786453711,,,,,,,,,,,,88664,,,,,,,,,,,,,,,,,,,
42413,variation,56911118,,D-sign Rug 1D0696 Grey - 160x220,1,0,hidden,,D-sign Rug 1D0696 Grey 160x220 cm,,,taxable,parent,0,0,,0,0,,220,160,0.8,0,,,1892,,,,,,,56906844-H,,,,,,2,,,Size,160x220,,1,,,,,,,,,,,,,,,,,,,,,,,,,,,,,,,,,,,,,160x220,,,,,,,,,,,,1786455948,,,,,,,,,,,,88665,,,,,,,,,,,,,,,,,,,
42414,variation,56911120,,D-sign Rug 1D0696 Grey - 190x270,1,0,hidden,,D-sign Rug 1D0696 Grey 190x270 cm,,,taxable,parent,0,0,,0,0,,270,190,0.8,0,,,2596,,,,,,,56906844-H,,,,,,3,,,Size,190x270,,1,,,,,,,,,,,,,,,,,,,,,,,,,,,,,,,,,,,,,190x270,,,,,,,,,,,,1786455948,,,,,,,,,,,,88666,,,,,,,,,,,,,,,,,,,
42420,variable,56906890-H,,D-sign Rug 1D0703 Grey,1,0,hidden,D-sign Rug 1D0703 Grey,D-sign Rug 1D0703 Grey,,,taxable,,0,,,0,0,,,,,0,,,,"Rooms > Kids, Rugs > Kids, Rugs",,,"https://rugshop.eu/wp-content/uploads/2021/10/carpet-petit-birds-grey.jpg, https://rugshop.eu/wp-content/uploads/2021/10/carpet-petit-birds-grey-1.jpg, https://rugshop.eu/wp-content/uploads/2021/10/carpet-petit-birds-grey-2.jpg, https://rugshop.eu/wp-content/uploads/2021/10/carpet-petit-birds-grey-3.jpg",,,,,,,,,1126,,,Size,"120x170, 140x190, 160x220, 180x270, 200x290",1,1,Brand,D-sign,1,1,Color,Black-Grey,1,1,Type of color,Multicolor,1,1,Shape,Rectangular,1,1,Material,Polypropen,1,1,Type of rug,Modern,1,1,Weave,Machinemade,1,1,Country,Turkey,1,1,Age,New,1,1,,,,,default,default,default,default,,,,,1786456009,yes,yes,,,,,,,,,,,,,,,,,,,,,,,,,,,,,
42421,variation,56906846,,D-sign Rug 1D0697 Grey - 120x170,1,0,hidden,,D-sign Rug 1D0697 Grey 120x170 cm,,,taxable,parent,0,0,,0,0,,170,120,0.8,0,,,1276,,,,,,,56906846-H,,,,,,1,,,Size,120x170,,1,,,,,,,,,,,,,,,,,,,,,,,,,,,,,,,,,,,,,120x170,,,,,,,,,,,,1786453711,,,,,,,,,,,,88669,,,,,,,,,,,,,,,,,,,
42422,variation,56911123,,D-sign Rug 1D0697 Grey - 160x220,1,0,hidden,,D-sign Rug 1D0697 Grey 160x220 cm,,,taxable,parent,0,0,,0,0,,220,160,0.8,0,,,1892,,,,,,,56906846-H,,,,,,2,,,Size,160x220,,1,,,,,,,,,,,,,,,,,,,,,,,,,,,,,,,,,,,,,160x220,,,,,,,,,,,,1786455949,,,,,,,,,,,,88670,,,,,,,,,,,,,,,,,,,
42423,variation,56911122,,D-sign Rug 1D0697 Grey - 190x270,1,0,hidden,,D-sign Rug 1D0697 Grey 190x270 cm,,,taxable,parent,0,0,,0,0,,270,190,0.8,0,,,2596,,,,,,,56906846-H,,,,,,3,,,Size,190x270,,1,,,,,,,,,,,,,,,,,,,,,,,,,,,,,,,,,,,,,190x270,,,,,,,,,,,,1786455949,,,,,,,,,,,,88671,,,,,,,,,,,,,,,,,,,
42429,variation,56906845,,D-sign Rug 1D0698 Cream - 120x170,1,0,hidden,,D-sign Rug 1D0698 Cream 120x170 cm,,,taxable,parent,0,0,,0,0,,170,120,0.8,0,,,1276,,,,,,,56906845-H,,,,,,1,,,Size,120x170,,1,,,,,,,,,,,,,,,,,,,,,,,,,,,,,,,,,,,,,120x170,,,,,,,,,,,,1786453711,,,,,,,,,,,,88674,,,,,,,,,,,,,,,,,,,
42430,variation,56906847,,D-sign Rug 1D0698 Cream - 160x220,1,0,hidden,,D-sign Rug 1D0698 Cream 160x220 cm,,,taxable,parent,0,0,,0,0,,220,160,0.8,0,,,1892,,,,,,,56906845-H,,,,,,2,,,Size,160x220,,1,,,,,,,,,,,,,,,,,,,,,,,,,,,,,,,,,,,,,160x220,,,,,,,,,,,,1786453712,,,,,,,,,,,,88675,,,,,,,,,,,,,,,,,,,
42431,variation,56911116,,D-sign Rug 1D0698 Cream - 190x270,1,0,hidden,,D-sign Rug 1D0698 Cream 190x270 cm,,,taxable,parent,0,0,,0,0,,270,190,0.8,0,,,2596,,,,,,,56906845-H,,,,,,3,,,Size,190x270,,1,,,,,,,,,,,,,,,,,,,,,,,,,,,,,,,,,,,,,190x270,,,,,,,,,,,,,,,,,,,,,,,,88676,,,,,,,,,,,,,,,,,,,
42437,variable,56906891-H,,D-sign Rug 1D0704 Grey,1,0,hidden,D-sign Rug 1D0704 Grey,D-sign Rug 1D0704 Grey,,,taxable,,0,,,0,0,,,,,0,,,,"Rooms > Kids, Rugs > Kids, Rugs",,,"https://rugshop.eu/wp-content/uploads/2021/10/carpet-petit-bulldog-grey.jpg, https://rugshop.eu/wp-content/uploads/2021/10/carpet-petit-bulldog-grey-1.jpg, https://rugshop.eu/wp-content/uploads/2021/10/carpet-petit-bulldog-grey-2.jpg, https://rugshop.eu/wp-content/uploads/2021/10/carpet-petit-bulldog-grey-3.jpg",,,,,,,,,1127,,,Size,"120x170, 140x190, 160x220, 180x270, 200x290",1,1,Brand,D-sign,1,1,Color,Black-Grey,1,1,Type of color,Multicolor,1,1,Shape,Rectangular,1,1,Material,Polypropen,1,1,Type of rug,Modern,1,1,Weave,Machinemade,1,1,Country,Turkey,1,1,Age,New,1,1,,,,,default,default,default,default,,,,,1786453786,yes,yes,,,,,,,,,,,,,,,,,,,,,,,,,,,,,
42438,variable,56906917-H,,D-sign Rug 1D0705 Grey,1,0,hidden,D-sign Rug 1D0705 Grey,D-sign Rug 1D0705 Grey,,,taxable,,0,,,0,0,,,,,0,,,,"Rooms > Kids, Rugs > Kids, Rugs",,,"https://rugshop.eu/wp-content/uploads/2021/10/carpet-petit-bunny-rabbit-grey.jpg, https://rugshop.eu/wp-content/uploads/2021/10/carpet-petit-bunny-rabbit-grey-1.jpg, https://rugshop.eu/wp-content/uploads/2021/10/carpet-petit-bunny-rabbit-grey-2.jpg, https://rugshop.eu/wp-content/uploads/2021/10/carpet-petit-bunny-rabbit-grey-3.jpg",,,,,,,,,1128,,,Size,"120x170, 140x190, 160x220, 180x270, 200x290",1,1,Brand,D-sign,1,1,Color,Black-Grey,1,1,Type of color,Multicolor,1,1,Shape,Rectangular,1,1,Material,Polypropen,1,1,Type of rug,Modern,1,1,Weave,Machinemade,1,1,Country,Turkey,1,1,Age,New,1,1,,,,,default,default,default,default,,,,,1786456019,yes,yes,,,,,,,,,,,,,,,,,,,,,,,,,,,,,
42439,variation,56906904,,D-sign Rug 1D0699 Cream - 120x170,1,0,hidden,,D-sign Rug 1D0699 Cream 120x170 cm,,,taxable,parent,0,0,,0,0,,170,120,0.8,0,,,1276,,,,,,,56906904-H,,,,,,1,,,Size,120x170,,1,,,,,,,,,,,,,,,,,,,,,,,,,,,,,,,,,,,,,120x170,,,,,,,,,,,,1786453713,,,,,,,,,,,,88679,,,,,,,,,,,,,,,,,,,
42440,variation,56911170,,D-sign Rug 1D0699 Cream - 160x220,1,0,hidden,,D-sign Rug 1D0699 Cream 160x220 cm,,,taxable,parent,0,0,,0,0,,220,160,0.8,0,,,1892,,,,,,,56906904-H,,,,,,2,,,Size,160x220,,1,,,,,,,,,,,,,,,,,,,,,,,,,,,,,,,,,,,,,160x220,,,,,,,,,,,,1786455951,,,,,,,,,,,,88680,,,,,,,,,,,,,,,,,,,
42441,variation,56911172,,D-sign Rug 1D0699 Cream - 190x270,1,0,hidden,,D-sign Rug 1D0699 Cream 190x270 cm,,,taxable,parent,0,0,,0,0,,270,190,0.8,0,,,2596,,,,,,,56906904-H,,,,,,3,,,Size,190x270,,1,,,,,,,,,,,,,,,,,,,,,,,,,,,,,,,,,,,,,190x270,,,,,,,,,,,,1786455990,,,,,,,,,,,,88682,,,,,,,,,,,,,,,,,,,
42455,variable,56906920-H,,D-sign Rug 1D0706 Pink,1,0,hidden,D-sign Rug 1D0706 Pink,D-sign Rug 1D0706 Pink,,,taxable,,0,,,0,0,,,,,0,,,,"Rooms > Kids, Rugs > Kids, Rugs",,,"https://rugshop.eu/wp-content/uploads/2021/10/carpet-petit-bunny-rabbit-pink.jpg, https://rugshop.eu/wp-content/uploads/2021/10/carpet-petit-bunny-rabbit-pink-1.jpg, https://rugshop.eu/wp-content/uploads/2021/10/carpet-petit-bunny-rabbit-pink-2.jpg, https://rugshop.eu/wp-content/uploads/2021/10/carpet-petit-bunny-rabbit-pink-3.jpg",,,,,,,,,1129,,,Size,"120x170, 140x190, 160x220, 180x270, 200x290",1,1,Brand,D-sign,1,1,Color,Pink-Purple,1,1,Type of color,Multicolor,1,1,Shape,Rectangular,1,1,Material,Polypropen,1,1,Type of rug,Modern,1,1,Weave,Machinemade,1,1,Country,Turkey,1,1,Age,New,1,1,,,,,default,default,default,default,,,,,1786453791,yes,yes,,,,,,,,,,,,,,,,,,,,,,,,,,,,,
42456,variation,56906903,,D-sign Rug 1D0701 Cream - 120x170,1,0,hidden,,D-sign Rug 1D0701 Cream 120x170 cm,,,taxable,parent,0,0,,0,0,,170,120,0.8,0,,,1276,,,,,,,56906903-H,,,,,,1,,,Size,120x170,,1,,,,,,,,,,,,,,,,,,,,,,,,,,,,,,,,,,,,,120x170,,,,,,,,,,,,1786453713,,,,,,,,,,,,88690,,,,,,,,,,,,,,,,,,,
42457,variation,56911175,,D-sign Rug 1D0701 Cream - 160x220,1,0,hidden,,D-sign Rug 1D0701 Cream 160x220 cm,,,taxable,parent,0,0,,0,0,,220,160,0.8,0,,,1892,,,,,,,56906903-H,,,,,,2,,,Size,160x220,,1,,,,,,,,,,,,,,,,,,,,,,,,,,,,,,,,,,,,,160x220,,,,,,,,,,,,1786455993,,,,,,,,,,,,88691,,,,,,,,,,,,,,,,,,,
42458,variation,56911179,,D-sign Rug 1D0701 Cream - 190x270,1,0,hidden,,D-sign Rug 1D0701 Cream 190x270 cm,,,taxable,parent,0,0,,0,0,,270,190,0.8,0,,,2596,,,,,,,56906903-H,,,,,,3,,,Size,190x270,,1,,,,,,,,,,,,,,,,,,,,,,,,,,,,,,,,,,,,,190x270,,,,,,,,,,,,1786455994,,,,,,,,,,,,88692,,,,,,,,,,,,,,,,,,,
42464,variation,56906905,,D-sign Rug 1D0702 Cream - 120x170,1,0,hidden,,D-sign Rug 1D0702 Cream 120x170 cm,,,taxable,parent,0,0,,0,0,,170,120,1.3,0,,,1700,,,,,,,56906905-H,,,,,,1,,,Size,120x170,,1,,,,,,,,,,,,,,,,,,,,,,,,,,,,,,,,,,,,,120x170,,,,,,,,,,,,1786453714,,,,,,,,,,,,89229,,,,,,,,,,,,,,,,,,,
42465,variation,56911145,,D-sign Rug 1D0702 Cream - 140x190,1,0,hidden,,D-sign Rug 1D0702 Cream 140x190 cm,,,taxable,parent,0,0,,0,0,,190,140,1.3,0,,,2124,,,,,,,56906905-H,,,,,,2,,,Size,140x190,,1,,,,,,,,,,,,,,,,,,,,,,,,,,,,,,,,,,,,,140x190,,,,,,,,,,,,1786455951,,,,,,,,,,,,89230,,,,,,,,,,,,,,,,,,,
42466,variation,56911140,,D-sign Rug 1D0702 Cream - 160x220,1,0,hidden,,D-sign Rug 1D0702 Cream 160x220 cm,,,taxable,parent,0,0,,0,0,,220,160,1.3,0,,,2684,,,,,,,56906905-H,,,,,,3,,,Size,160x220,,1,,,,,,,,,,,,,,,,,,,,,,,,,,,,,,,,,,,,,160x220,,,,,,,,,,,,1786455950,,,,,,,,,,,,89231,,,,,,,,,,,,,,,,,,,
42467,variation,56911176,,D-sign Rug 1D0702 Cream - 180x270,1,0,hidden,,D-sign Rug 1D0702 Cream 180x270 cm,,,taxable,parent,0,0,,0,0,,270,180,1.3,0,,,3580,,,,,,,56906905-H,,,,,,4,,,Size,180x270,,1,,,,,,,,,,,,,,,,,,,,,,,,,,,,,,,,,,,,,180x270,,,,,,,,,,,,1786455993,,,,,,,,,,,,89232,,,,,,,,,,,,,,,,,,,
42468,variation,56911146,,D-sign Rug 1D0702 Cream - 200x290,1,0,hidden,,D-sign Rug 1D0702 Cream 200x290 cm,,,taxable,parent,0,0,,0,0,,290,200,1.3,0,,,4140,,,,,,,56906905-H,,,,,,5,,,Size,200x290,,1,,,,,,,,,,,,,,,,,,,,,,,,,,,,,,,,,,,,,200x290,,,,,,,,,,,,,,,,,,,,,,,,89233,,,,,,,,,,,,,,,,,,,
42474,variable,56906940-H,,D-sign Rug 1D0708 Pink,1,0,hidden,D-sign Rug 1D0708 Pink,D-sign Rug 1D0708 Pink,,,taxable,,0,,,0,0,,,,,0,,,,"Rooms > Kids, Rugs > Kids, Rugs",,,"https://rugshop.eu/wp-content/uploads/2021/10/carpet-petit-dolly-sheep-pink.jpg, https://rugshop.eu/wp-content/uploads/2021/10/carpet-petit-dolly-sheep-pink-1.jpg, https://rugshop.eu/wp-content/uploads/2021/10/carpet-petit-dolly-sheep-pink-2.jpg, https://rugshop.eu/wp-content/uploads/2021/10/carpet-petit-dolly-sheep-pink-3.jpg",,,,,,,,,1131,,,Size,"120x170, 140x190, 160x220, 180x270, 200x290",1,1,Brand,D-sign,1,1,Color,Pink-Purple,1,1,Type of color,Multicolor,1,1,Shape,Rectangular,1,1,Material,Polypropen,1,1,Type of rug,Modern,1,1,Weave,Machinemade,1,1,Country,Turkey,1,1,Age,New,1,1,,,,,default,default,default,default,,,,,1786456022,yes,yes,,,,,,,,,,,,,,,,,,,,,,,,,,,,,
42475,variable,56906955-H,,D-sign Rug 1D0713 Grey,1,0,hidden,D-sign Rug 1D0713 Grey,D-sign Rug 1D0713 Grey,,,taxable,,0,,,0,0,,,,,0,,,,"Rooms > Kids, Rugs > Kids, Rugs",,,"https://rugshop.eu/wp-content/uploads/2021/10/carpet-petit-puppy-grey.jpg, https://rugshop.eu/wp-content/uploads/2021/10/carpet-petit-puppy-grey-1.jpg, https://rugshop.eu/wp-content/uploads/2021/10/carpet-petit-puppy-grey-2.jpg, https://rugshop.eu/wp-content/uploads/2021/10/carpet-petit-puppy-grey-3.jpg",,,,,,,,,1136,,,Size,"120x170, 140x190, 160x220, 180x270, 200x290",1,1,Brand,D-sign,1,1,Color,Black-Grey,1,1,Type of color,Multicolor,1,1,Shape,Rectangular,1,1,Material,Polypropen,1,1,Type of rug,Modern,1,1,Weave,Machinemade,1,1,Country,Turkey,1,1,Age,New,1,1,,,,,default,default,default,default,,,,,1786456024,yes,yes,,,,,,,,,,,,,,,,,,,,,,,,,,,,,
42476,variation,56906890,,D-sign Rug 1D0703 Grey - 120x170,1,0,hidden,,D-sign Rug 1D0703 Grey 120x170 cm,,,taxable,parent,0,0,,0,0,,170,120,1.3,0,,,1700,,,,,,,56906890-H,,,,,,1,,,Size,120x170,,1,,,,,,,,,,,,,,,,,,,,,,,,,,,,,,,,,,,,,120x170,,,,,,,,,,,,1786453712,,,,,,,,,,,,89239,,,,,,,,,,,,,,,,,,,
42477,variation,56911174,,D-sign Rug 1D0703 Grey - 140x190,1,0,hidden,,D-sign Rug 1D0703 Grey 140x190 cm,,,taxable,parent,0,0,,0,0,,190,140,1.3,0,,,2124,,,,,,,56906890-H,,,,,,2,,,Size,140x190,,1,,,,,,,,,,,,,,,,,,,,,,,,,,,,,,,,,,,,,140x190,,,,,,,,,,,,1786455992,,,,,,,,,,,,89240,,,,,,,,,,,,,,,,,,,
42478,variation,56911171,,D-sign Rug 1D0703 Grey - 160x220,1,0,hidden,,D-sign Rug 1D0703 Grey 160x220 cm,,,taxable,parent,0,0,,0,0,,220,160,1.3,0,,,2684,,,,,,,56906890-H,,,,,,3,,,Size,160x220,,1,,,,,,,,,,,,,,,,,,,,,,,,,,,,,,,,,,,,,160x220,,,,,,,,,,,,1786455951,,,,,,,,,,,,89241,,,,,,,,,,,,,,,,,,,
42479,variation,56911139,,D-sign Rug 1D0703 Grey - 180x270,1,0,hidden,,D-sign Rug 1D0703 Grey 180x270 cm,,,taxable,parent,0,0,,0,0,,270,180,1.3,0,,,3580,,,,,,,56906890-H,,,,,,4,,,Size,180x270,,1,,,,,,,,,,,,,,,,,,,,,,,,,,,,,,,,,,,,,180x270,,,,,,,,,,,,1786455950,,,,,,,,,,,,89242,,,,,,,,,,,,,,,,,,,
42480,variation,56911173,,D-sign Rug 1D0703 Grey - 200x290,1,0,hidden,,D-sign Rug 1D0703 Grey 200x290 cm,,,taxable,parent,0,0,,0,0,,290,200,1.3,0,,,4140,,,,,,,56906890-H,,,,,,5,,,Size,200x290,,1,,,,,,,,,,,,,,,,,,,,,,,,,,,,,,,,,,,,,200x290,,,,,,,,,,,,1786455991,,,,,,,,,,,,89243,,,,,,,,,,,,,,,,,,,
42486,variation,56906891,,D-sign Rug 1D0704 Grey - 120x170,1,0,hidden,,D-sign Rug 1D0704 Grey 120x170 cm,,,taxable,parent,0,0,,0,0,,170,120,1.3,0,,,1700,,,,,,,56906891-H,,,,,,1,,,Size,120x170,,1,,,,,,,,,,,,,,,,,,,,,,,,,,,,,,,,,,,,,120x170,,,,,,,,,,,,,,,,,,,,,,,,89244,,,,,,,,,,,,,,,,,,,
42487,variation,56906918,,D-sign Rug 1D0704 Grey - 140x190,1,0,hidden,,D-sign Rug 1D0704 Grey 140x190 cm,,,taxable,parent,0,0,,0,0,,190,140,1.3,0,,,2124,,,,,,,56906891-H,,,,,,2,,,Size,140x190,,1,,,,,,,,,,,,,,,,,,,,,,,,,,,,,,,,,,,,,140x190,,,,,,,,,,,,1786453767,,,,,,,,,,,,89245,,,,,,,,,,,,,,,,,,,
42488,variation,56906919,,D-sign Rug 1D0704 Grey - 160x220,1,0,hidden,,D-sign Rug 1D0704 Grey 160x220 cm,,,taxable,parent,0,0,,0,0,,220,160,1.3,0,,,2684,,,,,,,56906891-H,,,,,,3,,,Size,160x220,,1,,,,,,,,,,,,,,,,,,,,,,,,,,,,,,,,,,,,,160x220,,,,,,,,,,,,1786453769,,,,,,,,,,,,89246,,,,,,,,,,,,,,,,,,,
42489,variation,56906922,,D-sign Rug 1D0704 Grey - 180x270,1,0,hidden,,D-sign Rug 1D0704 Grey 180x270 cm,,,taxable,parent,0,0,,0,0,,270,180,1.3,0,,,3580,,,,,,,56906891-H,,,,,,4,,,Size,180x270,,1,,,,,,,,,,,,,,,,,,,,,,,,,,,,,,,,,,,,,180x270,,,,,,,,,,,,1786453771,,,,,,,,,,,,89247,,,,,,,,,,,,,,,,,,,
42490,variation,56906921,,D-sign Rug 1D0704 Grey - 200x290,1,0,hidden,,D-sign Rug 1D0704 Grey 200x290 cm,,,taxable,parent,0,0,,0,0,,290,200,1.3,0,,,4140,,,,,,,56906891-H,,,,,,5,,,Size,200x290,,1,,,,,,,,,,,,,,,,,,,,,,,,,,,,,,,,,,,,,200x290,,,,,,,,,,,,1786453771,,,,,,,,,,,,89248,,,,,,,,,,,,,,,,,,,
42496,variable,56906956-H,,D-sign Rug 1D0714 Blue,1,0,hidden,D-sign Rug 1D0714 Blue,D-sign Rug 1D0714 Blue,,,taxable,,0,,,0,0,,,,,0,,,,"Rooms > Kids, Rugs > Kids, Rugs",,,"https://rugshop.eu/wp-content/uploads/2021/10/carpet-petit-puppy-blue.jpg, https://rugshop.eu/wp-content/uploads/2021/10/carpet-petit-puppy-blue-1.jpg, https://rugshop.eu/wp-content/uploads/2021/10/carpet-petit-puppy-blue-2.jpg, https://rugshop.eu/wp-content/uploads/2021/10/carpet-petit-puppy-blue-3.jpg",,,,,,,,,1137,,,Size,"120x170, 140x190, 160x220, 180x270, 200x290",1,1,Brand,D-sign,1,1,Color,Blue,1,1,Type of color,Multicolor,1,1,Shape,Rectangular,1,1,Material,Polypropen,1,1,Type of rug,Modern,1,1,Weave,Machinemade,1,1,Country,Turkey,1,1,Age,New,1,1,,,,,default,default,default,default,,,,,1786456027,yes,yes,,,,,,,,,,,,,,,,,,,,,,,,,,,,,
42497,variable,56906967-H,,D-sign Rug 1D0717 Grey,1,0,hidden,D-sign Rug 1D0717 Grey,D-sign Rug 1D0717 Grey,,,taxable,,0,,,0,0,,,,,0,,,,"Rooms > Kids, Rugs > Kids, Rugs",,,"https://rugshop.eu/wp-content/uploads/2021/10/carpet-petit-bunny-circle-grey.jpg, https://rugshop.eu/wp-content/uploads/2021/10/carpet-petit-bunny-circle-grey-1.jpg, https://rugshop.eu/wp-content/uploads/2021/10/carpet-petit-bunny-circle-grey-2.jpg, https://rugshop.eu/wp-content/uploads/2021/10/carpet-petit-bunny-circle-grey-3.jpg",,,,,,,,,1140,,,Size,"120, 140, 160",1,1,Brand,D-sign,1,1,Color,Black-Grey,1,1,Type of color,Multicolor,1,1,Shape,Round,1,1,Material,Polypropen,1,1,Type of rug,Modern,1,1,Weave,Machinemade,1,1,Country,Turkey,1,1,Age,New,1,1,,,,,default,default,default,default,,,,,1786456028,yes,yes,,,,,,,,,,,,,,,,,,,,,,,,,,,,,
42498,variation,56906917,,D-sign Rug 1D0705 Grey - 120x170,1,0,hidden,,D-sign Rug 1D0705 Grey 120x170 cm,,,taxable,parent,0,0,,0,0,,170,120,1.3,0,,,1700,,,,,,,56906917-H,,,,,,1,,,Size,120x170,,1,,,,,,,,,,,,,,,,,,,,,,,,,,,,,,,,,,,,,120x170,,,,,,,,,,,,1786453715,,,,,,,,,,,,89249,,,,,,,,,,,,,,,,,,,
42499,variation,56911211,,D-sign Rug 1D0705 Grey - 140x190,1,0,hidden,,D-sign Rug 1D0705 Grey 140x190 cm,,,taxable,parent,0,0,,0,0,,190,140,1.3,0,,,2124,,,,,,,56906917-H,,,,,,2,,,Size,140x190,,1,,,,,,,,,,,,,,,,,,,,,,,,,,,,,,,,,,,,,140x190,,,,,,,,,,,,1786455997,,,,,,,,,,,,89250,,,,,,,,,,,,,,,,,,,
42500,variation,56911212,,D-sign Rug 1D0705 Grey - 160x220,1,0,hidden,,D-sign Rug 1D0705 Grey 160x220 cm,,,taxable,parent,0,0,,0,0,,220,160,1.3,0,,,2684,,,,,,,56906917-H,,,,,,3,,,Size,160x220,,1,,,,,,,,,,,,,,,,,,,,,,,,,,,,,,,,,,,,,160x220,,,,,,,,,,,,1786455997,,,,,,,,,,,,89251,,,,,,,,,,,,,,,,,,,
42501,variation,56911214,,D-sign Rug 1D0705 Grey - 180x270,1,0,hidden,,D-sign Rug 1D0705 Grey 180x270 cm,,,taxable,parent,0,0,,0,0,,270,180,1.3,0,,,3580,,,,,,,56906917-H,,,,,,4,,,Size,180x270,,1,,,,,,,,,,,,,,,,,,,,,,,,,,,,,,,,,,,,,180x270,,,,,,,,,,,,1786455997,,,,,,,,,,,,89252,,,,,,,,,,,,,,,,,,,
42502,variation,56911205,,D-sign Rug 1D0705 Grey - 200x290,1,0,hidden,,D-sign Rug 1D0705 Grey 200x290 cm,,,taxable,parent,0,0,,0,0,,290,200,1.3,0,,,4140,,,,,,,56906917-H,,,,,,5,,,Size,200x290,,1,,,,,,,,,,,,,,,,,,,,,,,,,,,,,,,,,,,,,200x290,,,,,,,,,,,,1786455994,,,,,,,,,,,,89253,,,,,,,,,,,,,,,,,,,
42508,variation,56906920,,D-sign Rug 1D0706 Pink - 120x170,1,0,hidden,,D-sign Rug 1D0706 Pink 120x170 cm,,,taxable,parent,0,0,,0,0,,170,120,1.3,0,,,1700,,,,,,,56906920-H,,,,,,1,,,Size,120x170,,1,,,,,,,,,,,,,,,,,,,,,,,,,,,,,,,,,,,,,120x170,,,,,,,,,,,,,,,,,,,,,,,,89259,,,,,,,,,,,,,,,,,,,
42509,variation,56906943,,D-sign Rug 1D0706 Pink - 140x190,1,0,hidden,,D-sign Rug 1D0706 Pink 140x190 cm,,,taxable,parent,0,0,,0,0,,190,140,1.3,0,,,2124,,,,,,,56906920-H,,,,,,2,,,Size,140x190,,1,,,,,,,,,,,,,,,,,,,,,,,,,,,,,,,,,,,,,140x190,,,,,,,,,,,,,,,,,,,,,,,,89260,,,,,,,,,,,,,,,,,,,
42510,variation,56906942,,D-sign Rug 1D0706 Pink - 160x220,1,0,hidden,,D-sign Rug 1D0706 Pink 160x220 cm,,,taxable,parent,0,0,,0,0,,220,160,1.3,0,,,2684,,,,,,,56906920-H,,,,,,3,,,Size,160x220,,1,,,,,,,,,,,,,,,,,,,,,,,,,,,,,,,,,,,,,160x220,,,,,,,,,,,,,,,,,,,,,,,,89261,,,,,,,,,,,,,,,,,,,
42511,variation,56906944,,D-sign Rug 1D0706 Pink - 180x270,1,0,hidden,,D-sign Rug 1D0706 Pink 180x270 cm,,,taxable,parent,0,0,,0,0,,270,180,1.3,0,,,3580,,,,,,,56906920-H,,,,,,4,,,Size,180x270,,1,,,,,,,,,,,,,,,,,,,,,,,,,,,,,,,,,,,,,180x270,,,,,,,,,,,,1786453774,,,,,,,,,,,,89262,,,,,,,,,,,,,,,,,,,
42512,variation,56906941,,D-sign Rug 1D0706 Pink - 200x290,1,0,hidden,,D-sign Rug 1D0706 Pink 200x290 cm,,,taxable,parent,0,0,,0,0,,290,200,1.3,0,,,4140,,,,,,,56906920-H,,,,,,5,,,Size,200x290,,1,,,,,,,,,,,,,,,,,,,,,,,,,,,,,,,,,,,,,200x290,,,,,,,,,,,,1786453773,,,,,,,,,,,,89263,,,,,,,,,,,,,,,,,,,
42518,variable,56906969-H,,D-sign Rug 1D0718 Grey,1,0,hidden,D-sign Rug 1D0718 Grey,D-sign Rug 1D0718 Grey,,,taxable,,0,,,0,0,,,,,0,,,,"Rooms > Kids, Rugs > Kids, Rugs",,,"https://rugshop.eu/wp-content/uploads/2021/10/carpet-petit-dolly-sheep-circle-grey.jpg, https://rugshop.eu/wp-content/uploads/2021/10/carpet-petit-dolly-sheep-circle-grey-1.jpg, https://rugshop.eu/wp-content/uploads/2021/10/carpet-petit-dolly-sheep-circle-grey-2.jpg, https://rugshop.eu/wp-content/uploads/2021/10/carpet-petit-dolly-sheep-circle-grey-3.jpg",,,,,,,,,1141,,,Size,"120, 140, 160",1,1,Brand,D-sign,1,1,Color,Black-Grey,1,1,Type of color,Multicolor,1,1,Shape,Round,1,1,Material,Polypropen,1,1,Type of rug,Modern,1,1,Weave,Machinemade,1,1,Country,Turkey,1,1,Age,New,1,1,,,,,default,default,default,default,,,,,1786456026,yes,yes,,,,,,,,,,,,,,,,,,,,,,,,,,,,,
42520,variable,56906968-H,,D-sign Rug 1D0720 Grey,1,0,hidden,D-sign Rug 1D0720 Grey,D-sign Rug 1D0720 Grey,,,taxable,,0,,,0,0,,,,,0,,,,"Rooms > Kids, Rugs > Kids, Rugs",,,"https://rugshop.eu/wp-content/uploads/2021/10/carpet-petit-lama-circle-grey.jpg, https://rugshop.eu/wp-content/uploads/2021/10/carpet-petit-lama-circle-grey-1.jpg, https://rugshop.eu/wp-content/uploads/2021/10/carpet-petit-lama-circle-grey-2.jpg, https://rugshop.eu/wp-content/uploads/2021/10/carpet-petit-lama-circle-grey-3.jpg",,,,,,,,,1143,,,Size,"120, 140, 160",1,1,Brand,D-sign,1,1,Color,Black-Grey,1,1,Type of color,Multicolor,1,1,Shape,Round,1,1,Material,Polypropen,1,1,Type of rug,Modern,1,1,Weave,Machinemade,1,1,Country,Turkey,1,1,Age,New,1,1,,,,,default,default,default,default,,,,,1786456030,yes,yes,,,,,,,,,,,,,,,,,,,,,,,,,,,,,
42521,variation,56906940,,D-sign Rug 1D0708 Pink - 120x170,1,0,hidden,,D-sign Rug 1D0708 Pink 120x170 cm,,,taxable,parent,0,0,,0,0,,170,120,1.3,0,,,1700,,,,,,,56906940-H,,,,,,1,,,Size,120x170,,1,,,,,,,,,,,,,,,,,,,,,,,,,,,,,,,,,,,,,120x170,,,,,,,,,,,,1786453772,,,,,,,,,,,,89274,,,,,,,,,,,,,,,,,,,
42522,variation,56911208,,D-sign Rug 1D0708 Pink - 140x190,1,0,hidden,,D-sign Rug 1D0708 Pink 140x190 cm,,,taxable,parent,0,0,,0,0,,190,140,1.3,0,,,2124,,,,,,,56906940-H,,,,,,2,,,Size,140x190,,1,,,,,,,,,,,,,,,,,,,,,,,,,,,,,,,,,,,,,140x190,,,,,,,,,,,,1786455995,,,,,,,,,,,,89275,,,,,,,,,,,,,,,,,,,
42523,variation,56911209,,D-sign Rug 1D0708 Pink - 160x220,1,0,hidden,,D-sign Rug 1D0708 Pink 160x220 cm,,,taxable,parent,0,0,,0,0,,220,160,1.3,0,,,2684,,,,,,,56906940-H,,,,,,3,,,Size,160x220,,1,,,,,,,,,,,,,,,,,,,,,,,,,,,,,,,,,,,,,160x220,,,,,,,,,,,,1786455996,,,,,,,,,,,,89276,,,,,,,,,,,,,,,,,,,
42524,variation,56911206,,D-sign Rug 1D0708 Pink - 180x270,1,0,hidden,,D-sign Rug 1D0708 Pink 180x270 cm,,,taxable,parent,0,0,,0,0,,270,180,1.3,0,,,3580,,,,,,,56906940-H,,,,,,4,,,Size,180x270,,1,,,,,,,,,,,,,,,,,,,,,,,,,,,,,,,,,,,,,180x270,,,,,,,,,,,,1786455995,,,,,,,,,,,,89277,,,,,,,,,,,,,,,,,,,
42525,variation,56911207,,D-sign Rug 1D0708 Pink - 200x290,1,0,hidden,,D-sign Rug 1D0708 Pink 200x290 cm,,,taxable,parent,0,0,,0,0,,290,200,1.3,0,,,4140,,,,,,,56906940-H,,,,,,5,,,Size,200x290,,1,,,,,,,,,,,,,,,,,,,,,,,,,,,,,,,,,,,,,200x290,,,,,,,,,,,,,,,,,,,,,,,,89278,,,,,,,,,,,,,,,,,,,
42531,variation,56906955,,D-sign Rug 1D0713 Grey - 120x170,1,0,hidden,,D-sign Rug 1D0713 Grey 120x170 cm,,,taxable,parent,0,0,,0,0,,170,120,1.3,0,,,1700,,,,,,,56906955-H,,,,,,1,,,Size,120x170,,1,,,,,,,,,,,,,,,,,,,,,,,,,,,,,,,,,,,,,120x170,,,,,,,,,,,,1786453777,,,,,,,,,,,,89309,,,,,,,,,,,,,,,,,,,
42532,variation,56911210,,D-sign Rug 1D0713 Grey - 140x190,1,0,hidden,,D-sign Rug 1D0713 Grey 140x190 cm,,,taxable,parent,0,0,,0,0,,190,140,1.3,0,,,2124,,,,,,,56906955-H,,,,,,2,,,Size,140x190,,1,,,,,,,,,,,,,,,,,,,,,,,,,,,,,,,,,,,,,140x190,,,,,,,,,,,,1786455996,,,,,,,,,,,,89310,,,,,,,,,,,,,,,,,,,
42533,variation,56911213,,D-sign Rug 1D0713 Grey - 160x220,1,0,hidden,,D-sign Rug 1D0713 Grey 160x220 cm,,,taxable,parent,0,0,,0,0,,220,160,1.3,0,,,2684,,,,,,,56906955-H,,,,,,3,,,Size,160x220,,1,,,,,,,,,,,,,,,,,,,,,,,,,,,,,,,,,,,,,160x220,,,,,,,,,,,,1786455997,,,,,,,,,,,,89311,,,,,,,,,,,,,,,,,,,
42534,variation,56911234,,D-sign Rug 1D0713 Grey - 180x270,1,0,hidden,,D-sign Rug 1D0713 Grey 180x270 cm,,,taxable,parent,0,0,,0,0,,270,180,1.3,0,,,3580,,,,,,,56906955-H,,,,,,4,,,Size,180x270,,1,,,,,,,,,,,,,,,,,,,,,,,,,,,,,,,,,,,,,180x270,,,,,,,,,,,,1786456000,,,,,,,,,,,,89312,,,,,,,,,,,,,,,,,,,
42535,variation,56911226,,D-sign Rug 1D0713 Grey - 200x290,1,0,hidden,,D-sign Rug 1D0713 Grey 200x290 cm,,,taxable,parent,0,0,,0,0,,290,200,1.3,0,,,4140,,,,,,,56906955-H,,,,,,5,,,Size,200x290,,1,,,,,,,,,,,,,,,,,,,,,,,,,,,,,,,,,,,,,200x290,,,,,,,,,,,,1786455998,,,,,,,,,,,,89313,,,,,,,,,,,,,,,,,,,
42541,variable,56906981-H,,D-sign Rug 1D0721 Grey,1,0,hidden,D-sign Rug 1D0721 Grey,D-sign Rug 1D0721 Grey,,,taxable,,0,,,0,0,,,,,0,,,,"Rooms > Kids, Rugs > Kids, Rugs",,,"https://rugshop.eu/wp-content/uploads/2021/10/carpet-petit-pony-circle-grey.jpg, https://rugshop.eu/wp-content/uploads/2021/10/carpet-petit-pony-circle-grey-1.jpg, https://rugshop.eu/wp-content/uploads/2021/10/carpet-petit-pony-circle-grey-2.jpg, https://rugshop.eu/wp-content/uploads/2021/10/carpet-petit-pony-circle-grey-3.jpg",,,,,,,,,1144,,,Size,"120, 140, 160",1,1,Brand,D-sign,1,1,Color,Black-Grey,1,1,Type of color,Multicolor,1,1,Shape,Round,1,1,Material,Polypropen,1,1,Type of rug,Modern,1,1,Weave,Machinemade,1,1,Country,Turkey,1,1,Age,New,1,1,,,,,default,default,default,default,,,,,1786456031,yes,yes,,,,,,,,,,,,,,,,,,,,,,,,,,,,,
42543,variable,56906983-H,,D-sign Rug 1D0723 Grey,1,0,hidden,D-sign Rug 1D0723 Grey,D-sign Rug 1D0723 Grey,,,taxable,,0,,,0,0,,,,,0,,,,"Rooms > Kids, Rugs > Kids, Rugs",,,"https://rugshop.eu/wp-content/uploads/2021/10/carpet-petit-puppy-circle-grey.jpg, https://rugshop.eu/wp-content/uploads/2021/10/carpet-petit-puppy-circle-grey-1.jpg, https://rugshop.eu/wp-content/uploads/2021/10/carpet-petit-puppy-circle-grey-2.jpg, https://rugshop.eu/wp-content/uploads/2021/10/carpet-petit-puppy-circle-grey-3.jpg",,,,,,,,,1146,,,Size,"120, 140, 160",1,1,Brand,D-sign,1,1,Color,Black-Grey,1,1,Type of color,Multicolor,1,1,Shape,Round,1,1,Material,Polypropen,1,1,Type of rug,Modern,1,1,Weave,Machinemade,1,1,Country,Turkey,1,1,Age,New,1,1,,,,,default,default,default,default,,,,,1786456029,yes,yes,,,,,,,,,,,,,,,,,,,,,,,,,,,,,
42544,variation,56906956,,D-sign Rug 1D0714 Blue - 120x170,1,0,hidden,,D-sign Rug 1D0714 Blue 120x170 cm,,,taxable,parent,0,0,,0,0,,170,120,1.3,0,,,1700,,,,,,,56906956-H,,,,,,1,,,Size,120x170,,1,,,,,,,,,,,,,,,,,,,,,,,,,,,,,,,,,,,,,120x170,,,,,,,,,,,,,,,,,,,,,,,,89319,,,,,,,,,,,,,,,,,,,
42545,variation,56911228,,D-sign Rug 1D0714 Blue - 140x190,1,0,hidden,,D-sign Rug 1D0714 Blue 140x190 cm,,,taxable,parent,0,0,,0,0,,190,140,1.3,0,,,2124,,,,,,,56906956-H,,,,,,2,,,Size,140x190,,1,,,,,,,,,,,,,,,,,,,,,,,,,,,,,,,,,,,,,140x190,,,,,,,,,,,,1786455999,,,,,,,,,,,,89320,,,,,,,,,,,,,,,,,,,
42546,variation,56911227,,D-sign Rug 1D0714 Blue - 160x220,1,0,hidden,,D-sign Rug 1D0714 Blue 160x220 cm,,,taxable,parent,0,0,,0,0,,220,160,1.3,0,,,2684,,,,,,,56906956-H,,,,,,3,,,Size,160x220,,1,,,,,,,,,,,,,,,,,,,,,,,,,,,,,,,,,,,,,160x220,,,,,,,,,,,,1786455998,,,,,,,,,,,,89321,,,,,,,,,,,,,,,,,,,
42547,variation,56911229,,D-sign Rug 1D0714 Blue - 180x270,1,0,hidden,,D-sign Rug 1D0714 Blue 180x270 cm,,,taxable,parent,0,0,,0,0,,270,180,1.3,0,,,3580,,,,,,,56906956-H,,,,,,4,,,Size,180x270,,1,,,,,,,,,,,,,,,,,,,,,,,,,,,,,,,,,,,,,180x270,,,,,,,,,,,,,,,,,,,,,,,,89322,,,,,,,,,,,,,,,,,,,
42548,variation,56911232,,D-sign Rug 1D0714 Blue - 200x290,1,0,hidden,,D-sign Rug 1D0714 Blue 200x290 cm,,,taxable,parent,0,0,,0,0,,290,200,1.3,0,,,4140,,,,,,,56906956-H,,,,,,5,,,Size,200x290,,1,,,,,,,,,,,,,,,,,,,,,,,,,,,,,,,,,,,,,200x290,,,,,,,,,,,,1786455999,,,,,,,,,,,,89323,,,,,,,,,,,,,,,,,,,
42554,variation,56906967,,D-sign Rug 1D0717 Grey - 120,1,0,hidden,,D-sign Rug 1D0717 Grey 120 cm,,,taxable,parent,0,0,,0,0,,120,120,1.3,0,,,1324,,,,,,,56906967-H,,,,,,1,,,Size,120,,1,,,,,,,,,,,,,,,,,,,,,,,,,,,,,,,,,,,,,120,,,,,,,,,,,,1786453777,,,,,,,,,,,,89339,,,,,,,,,,,,,,,,,,,
42555,variation,56911233,,D-sign Rug 1D0717 Grey - 140,1,0,hidden,,D-sign Rug 1D0717 Grey 140 cm,,,taxable,parent,0,0,,0,0,,140,140,1.3,0,,,1700,,,,,,,56906967-H,,,,,,2,,,Size,140,,1,,,,,,,,,,,,,,,,,,,,,,,,,,,,,,,,,,,,,140,,,,,,,,,,,,1786456000,,,,,,,,,,,,89340,,,,,,,,,,,,,,,,,,,
42556,variation,56911248,,D-sign Rug 1D0717 Grey - 160,1,0,hidden,,D-sign Rug 1D0717 Grey 160 cm,,,taxable,parent,0,0,,0,0,,160,160,1.3,0,,,2076,,,,,,,56906967-H,,,,,,3,,,Size,160,,1,,,,,,,,,,,,,,,,,,,,,,,,,,,,,,,,,,,,,160,,,,,,,,,,,,1786456002,,,,,,,,,,,,89341,,,,,,,,,,,,,,,,,,,
42562,variable,56906995-H,,D-sign Rug 1D0724 Grey,1,0,hidden,D-sign Rug 1D0724 Grey,D-sign Rug 1D0724 Grey,,,taxable,,0,,,0,0,,,,,0,,,,"Rooms > Kids, Rugs > Kids, Rugs",,,"https://rugshop.eu/wp-content/uploads/2021/10/carpet-petit-unicorn-circle-grey.jpg, https://rugshop.eu/wp-content/uploads/2021/10/carpet-petit-unicorn-circle-grey-1.jpg, https://rugshop.eu/wp-content/uploads/2021/10/carpet-petit-unicorn-circle-grey-2.jpg, https://rugshop.eu/wp-content/uploads/2021/10/carpet-petit-unicorn-circle-grey-3.jpg",,,,,,,,,1147,,,Size,"120, 140, 160",1,1,Brand,D-sign,1,1,Color,Black-Grey,1,1,Type of color,Multicolor,1,1,Shape,Round,1,1,Material,Polypropen,1,1,Type of rug,Modern,1,1,Weave,Machinemade,1,1,Country,Turkey,1,1,Age,New,1,1,,,,,default,default,default,default,,,,,1786456032,yes,yes,,,,,,,,,,,,,,,,,,,,,,,,,,,,,
42563,variable,56906996-H,,D-sign Rug 1D0184 Grey,1,0,hidden,D-sign Rug 1D0184 Grey,D-sign Rug 1D0184 Grey,,,taxable,,0,,,0,0,,,,,0,,,,"Rooms > Kids, Rugs > Kids, Rugs",,,"https://rugshop.eu/wp-content/uploads/2021/10/carpet-bcf-flash-33309-170.jpg, https://rugshop.eu/wp-content/uploads/2021/10/carpet-bcf-flash-33309-170-1.jpg, https://rugshop.eu/wp-content/uploads/2021/10/carpet-bcf-flash-33309-170-2.jpg",,,,,,,,,629,,,Size,"100x150, 120x170, 160x225",1,1,Brand,D-sign,1,1,Color,Black-Grey,1,1,Type of color,Multicolor,1,1,Shape,Rectangular,1,1,Material,Polypropen,1,1,Type of rug,Modern,1,1,Weave,Machinemade,1,1,Age,New,1,1,,,,,,,,,default,default,default,default,,,,,1786456056,yes,yes,,,,,,,,,,,,,,,,,,,,,,,,,,,,,
42564,variation,56906969,,D-sign Rug 1D0718 Grey - 120,1,0,hidden,,D-sign Rug 1D0718 Grey 120 cm,,,taxable,parent,0,0,,0,0,,120,120,1.3,0,,,1324,,,,,,,56906969-H,,,,,,1,,,Size,120,,1,,,,,,,,,,,,,,,,,,,,,,,,,,,,,,,,,,,,,120,,,,,,,,,,,,1786453778,,,,,,,,,,,,89347,,,,,,,,,,,,,,,,,,,
42565,variation,56911251,,D-sign Rug 1D0718 Grey - 140,1,0,hidden,,D-sign Rug 1D0718 Grey 140 cm,,,taxable,parent,0,0,,0,0,,140,140,1.3,0,,,1700,,,,,,,56906969-H,,,,,,2,,,Size,140,,1,,,,,,,,,,,,,,,,,,,,,,,,,,,,,,,,,,,,,140,,,,,,,,,,,,1786456003,,,,,,,,,,,,89348,,,,,,,,,,,,,,,,,,,
42566,variation,56911225,,D-sign Rug 1D0718 Grey - 160,1,0,hidden,,D-sign Rug 1D0718 Grey 160 cm,,,taxable,parent,0,0,,0,0,,160,160,1.3,0,,,2076,,,,,,,56906969-H,,,,,,3,,,Size,160,,1,,,,,,,,,,,,,,,,,,,,,,,,,,,,,,,,,,,,,160,,,,,,,,,,,,1786455998,,,,,,,,,,,,89349,,,,,,,,,,,,,,,,,,,
42580,variable,56906997-H,,D-sign Rug 1D0118 Grey,1,0,hidden,D-sign Rug 1D0118 Grey ,D-sign Rug 1D0118 Grey ,,,taxable,,0,,,0,0,,,,,1,,,,"Rooms > Bedroom, Rooms > Living room, Rugs > Modern, Rugs",,,"https://rugshop.eu/wp-content/uploads/2021/10/carpet-bcf-flash-33282-150.jpg, https://rugshop.eu/wp-content/uploads/2021/10/carpet-bcf-flash-33282-150-1.jpg, https://rugshop.eu/wp-content/uploads/2021/10/carpet-bcf-flash-33282-150-2.jpg",,,,,,,,,563,,,Size,"120x170, 160x225, 80x150",1,1,Brand,D-sign,1,1,Color,Black-Grey,1,1,Type of color,Multicolor,1,1,Shape,Rectangular,1,1,Material,Polypropen,1,1,Type of rug,Modern,1,1,Weave,Machinemade,1,1,Age,New,1,1,,,,,,,,,,,,,,,,,1786456053,yes,yes,,,,,,,,,,,,,,,,,,,,,,,,,,,,,
42582,variation,56906968,,D-sign Rug 1D0720 Grey - 120,1,0,hidden,,D-sign Rug 1D0720 Grey 120 cm,,,taxable,parent,0,0,,0,0,,120,120,1.3,0,,,1324,,,,,,,56906968-H,,,,,,1,,,Size,120,,1,,,,,,,,,,,,,,,,,,,,,,,,,,,,,,,,,,,,,120,,,,,,,,,,,,,,,,,,,,,,,,89358,,,,,,,,,,,,,,,,,,,
42583,variation,56911247,,D-sign Rug 1D0720 Grey - 140,1,0,hidden,,D-sign Rug 1D0720 Grey 140 cm,,,taxable,parent,0,0,,0,0,,140,140,1.3,0,,,1700,,,,,,,56906968-H,,,,,,2,,,Size,140,,1,,,,,,,,,,,,,,,,,,,,,,,,,,,,,,,,,,,,,140,,,,,,,,,,,,1786456001,,,,,,,,,,,,89359,,,,,,,,,,,,,,,,,,,
42584,variation,56906982,,D-sign Rug 1D0720 Grey - 160,1,0,hidden,,D-sign Rug 1D0720 Grey 160 cm,,,taxable,parent,0,0,,0,0,,160,160,1.3,0,,,2076,,,,,,,56906968-H,,,,,,3,,,Size,160,,1,,,,,,,,,,,,,,,,,,,,,,,,,,,,,,,,,,,,,160,,,,,,,,,,,,1786453780,,,,,,,,,,,,89360,,,,,,,,,,,,,,,,,,,
42590,variation,56906981,,D-sign Rug 1D0721 Grey - 120,1,0,hidden,,D-sign Rug 1D0721 Grey 120 cm,,,taxable,parent,0,0,,0,0,,120,120,1.3,0,,,1324,,,,,,,56906981-H,,,,,,1,,,Size,120,,1,,,,,,,,,,,,,,,,,,,,,,,,,,,,,,,,,,,,,120,,,,,,,,,,,,1786453780,,,,,,,,,,,,89374,,,,,,,,,,,,,,,,,,,
42591,variation,56911249,,D-sign Rug 1D0721 Grey - 140,1,0,hidden,,D-sign Rug 1D0721 Grey 140 cm,,,taxable,parent,0,0,,0,0,,140,140,1.3,0,,,1700,,,,,,,56906981-H,,,,,,2,,,Size,140,,1,,,,,,,,,,,,,,,,,,,,,,,,,,,,,,,,,,,,,140,,,,,,,,,,,,1786456002,,,,,,,,,,,,89375,,,,,,,,,,,,,,,,,,,
42592,variation,56911254,,D-sign Rug 1D0721 Grey - 160,1,0,hidden,,D-sign Rug 1D0721 Grey 160 cm,,,taxable,parent,0,0,,0,0,,160,160,1.3,0,,,2076,,,,,,,56906981-H,,,,,,3,,,Size,160,,1,,,,,,,,,,,,,,,,,,,,,,,,,,,,,,,,,,,,,160,,,,,,,,,,,,1786456004,,,,,,,,,,,,89376,,,,,,,,,,,,,,,,,,,
42598,variable,56907009-H,,D-sign Rug 1D0376 Grey,1,0,hidden,D-sign Rug 1D0376 Grey ,D-sign Rug 1D0376 Grey ,,,taxable,,0,,,0,0,,,,,1,,,,"Rooms > Bedroom, Rooms > Living room, Rugs > Modern, Rugs, Rugs > Sisal",,,"https://rugshop.eu/wp-content/uploads/2021/10/carpet-flat-48663-320-sisal-gray-plain.jpg, https://rugshop.eu/wp-content/uploads/2021/10/carpet-flat-48663-320-sisal-gray-plain-1.jpg, https://rugshop.eu/wp-content/uploads/2021/10/carpet-flat-48663-320-sisal-gray-plain-2.jpg, https://rugshop.eu/wp-content/uploads/2021/10/carpet-flat-48663-320-sisal-gray-plain-3.jpg",,,,,,,,,806,,,Size,"120x170, 140x200, 160x230, 200x290, 60x110, 80x150",1,1,Brand,D-sign,1,1,Color,Black-Grey,1,1,Type of color,Singlecolor,1,1,Shape,Rectangular,1,1,Material,Polypropen,1,1,Type of rug,"Modern, Sisal",1,1,Weave,Machinemade,1,1,Age,New,1,1,,,,,,,,,,,,,,,,,1786456051,yes,yes,,,,,,,,,,,,,,,,,,,,,,,,,,,,,
42607,variation,56906983,,D-sign Rug 1D0723 Grey - 120,1,0,hidden,,D-sign Rug 1D0723 Grey 120 cm,,,taxable,parent,0,0,,0,0,,120,120,1.3,0,,,1324,,,,,,,56906983-H,,,,,,1,,,Size,120,,1,,,,,,,,,,,,,,,,,,,,,,,,,,,,,,,,,,,,,120,,,,,,,,,,,,1786453780,,,,,,,,,,,,89388,,,,,,,,,,,,,,,,,,,
42608,variation,56911253,,D-sign Rug 1D0723 Grey - 140,1,0,hidden,,D-sign Rug 1D0723 Grey 140 cm,,,taxable,parent,0,0,,0,0,,140,140,1.3,0,,,1700,,,,,,,56906983-H,,,,,,2,,,Size,140,,1,,,,,,,,,,,,,,,,,,,,,,,,,,,,,,,,,,,,,140,,,,,,,,,,,,1786456004,,,,,,,,,,,,89389,,,,,,,,,,,,,,,,,,,
42609,variation,56911246,,D-sign Rug 1D0723 Grey - 160,1,0,hidden,,D-sign Rug 1D0723 Grey 160 cm,,,taxable,parent,0,0,,0,0,,160,160,1.3,0,,,2076,,,,,,,56906983-H,,,,,,3,,,Size,160,,1,,,,,,,,,,,,,,,,,,,,,,,,,,,,,,,,,,,,,160,,,,,,,,,,,,1786456001,,,,,,,,,,,,89390,,,,,,,,,,,,,,,,,,,
42615,variable,56907011-H,,D-sign Rug 1D0377 Orange,1,0,hidden,D-sign Rug 1D0377 Orange ,D-sign Rug 1D0377 Orange ,,,taxable,,0,,,0,0,,,,,1,,,,"Rooms > Bedroom, Rooms > Living room, Rugs > Modern, Rugs, Rugs > Sisal",,,"https://rugshop.eu/wp-content/uploads/2021/10/carpet-flat-48663-120-sisal-terracotta-plain.jpg, https://rugshop.eu/wp-content/uploads/2021/10/carpet-flat-48663-120-sisal-terracotta-plain-1.jpg, https://rugshop.eu/wp-content/uploads/2021/10/carpet-flat-48663-120-sisal-terracotta-plain-2.jpg, https://rugshop.eu/wp-content/uploads/2021/10/carpet-flat-48663-120-sisal-terracotta-plain-3.jpg",,,,,,,,,807,,,Size,"120x170, 140x200, 160x230, 200x290, 60x180, 80x150",1,1,Brand,D-sign,1,1,Color,Red,1,1,Type of color,Singlecolor,1,1,Shape,Rectangular,1,1,Material,Polypropen,1,1,Type of rug,"Modern, Sisal",1,1,Weave,Machinemade,1,1,Age,New,1,1,,,,,,,,,,,,,,,,,1786453848,yes,yes,,,,,,,,,classic-editor,,,,,,,,,,,,,,,,,,,,
42617,variation,56906995,,D-sign Rug 1D0724 Grey - 120,1,0,hidden,,D-sign Rug 1D0724 Grey 120 cm,,,taxable,parent,0,0,,0,0,,120,120,1.3,0,,,1324,,,,,,,56906995-H,,,,,,1,,,Size,120,,1,,,,,,,,,,,,,,,,,,,,,,,,,,,,,,,,,,,,,120,,,,,,,,,,,,,,,,,,,,,,,,89396,,,,,,,,,,,,,,,,,,,
42618,variation,56911269,,D-sign Rug 1D0724 Grey - 140,1,0,hidden,,D-sign Rug 1D0724 Grey 140 cm,,,taxable,parent,0,0,,0,0,,140,140,1.3,0,,,1700,,,,,,,56906995-H,,,,,,2,,,Size,140,,1,,,,,,,,,,,,,,,,,,,,,,,,,,,,,,,,,,,,,140,,,,,,,,,,,,,,,,,,,,,,,,89397,,,,,,,,,,,,,,,,,,,
42619,variation,56911268,,D-sign Rug 1D0724 Grey - 160,1,0,hidden,,D-sign Rug 1D0724 Grey 160 cm,,,taxable,parent,0,0,,0,0,,160,160,1.3,0,,,2076,,,,,,,56906995-H,,,,,,3,,,Size,160,,1,,,,,,,,,,,,,,,,,,,,,,,,,,,,,,,,,,,,,160,,,,,,,,,,,,1786456005,,,,,,,,,,,,89398,,,,,,,,,,,,,,,,,,,
42624,variation,56906996,,D-sign Rug 1D0184 Grey - 100x150,1,0,hidden,,D-sign Rug 1D0184 Grey 100x150 cm,,,taxable,parent,0,0,,0,0,,150,100,0.9,0,,,812,,,,,,,56906996-H,,,,,,1,,,Size,100x150,,1,,,,,,,,,,,,,,,,,,,,,,,,,,,,,,,,,,,,,100x150,,,,,,,,,,,,,,,,,,,,,,,,89463,,,,,,,,,,,,,,,,,,,
42625,variation,56911252,,D-sign Rug 1D0184 Grey - 120x170,1,0,hidden,,D-sign Rug 1D0184 Grey 120x170 cm,,,taxable,parent,0,0,,0,0,,170,120,0.9,0,,,900,,,,,,,56906996-H,,,,,,2,,,Size,120x170,,1,,,,,,,,,,,,,,,,,,,,,,,,,,,,,,,,,,,,,120x170,,,,,,,,,,,,,,,,,,,,,,,,77976,,,,,,,,,,,,,,,,,,,
42626,variation,56911275,,D-sign Rug 1D0184 Grey - 160x225,1,0,hidden,,D-sign Rug 1D0184 Grey 160x225 cm,,,taxable,parent,0,0,,0,0,,225,160,0.9,0,,,1276,,,,,,,56906996-H,,,,,,3,,,Size,160x225,,1,,,,,,,,,,,,,,,,,,,,,,,,,,,,,,,,,,,,,160x225,,,,,,,,,,,,1786456037,,,,,,,,,,,,65895,,,,,,,,,,,,,,,,,,,
42631,variation,56906997,,D-sign Rug 1D0118 Grey - 80x150,1,0,hidden,,D-sign Rug 1D0118 Grey 80x150 cm,,,taxable,parent,0,0,,0,0,,150,80,0.9,0,,,764,,,,,,,56906997-H,,,,,,1,,,Size,80x150,,1,,,,,,,,,,,,,,,,,,,,,,,,,,,,,,,,,,,,,80x150,,,,,,,,,,,,,,,,,,,,,,,,89465,,,,,,,,,,,,,,,,,,,
42632,variation,56911272,,D-sign Rug 1D0118 Grey - 120x170,1,0,hidden,,D-sign Rug 1D0118 Grey 120x170 cm,,,taxable,parent,0,0,,0,0,,170,120,0.9,0,,,900,,,,,,,56906997-H,,,,,,2,,,Size,120x170,,1,,,,,,,,,,,,,,,,,,,,,,,,,,,,,,,,,,,,,120x170,,,,,,,,,,,,1786456036,,,,,,,,,,,,58903,,,,,,,,,,,,,,,,,,,
42633,variation,56911273,,D-sign Rug 1D0118 Grey - 160x225,1,0,hidden,,D-sign Rug 1D0118 Grey 160x225 cm,,,taxable,parent,0,0,,0,0,,225,160,0.9,0,,,1276,,,,,,,56906997-H,,,,,,3,,,Size,160x225,,1,,,,,,,,,,,,,,,,,,,,,,,,,,,,,,,,,,,,,160x225,,,,,,,,,,,,1786456037,,,,,,,,,,,,58904,,,,,,,,,,,,,,,,,,,
42640,variable,56907026-H,,D-sign Rug 1D0243 Blue,1,0,hidden,D-sign Rug 1D0243 Blue ,D-sign Rug 1D0243 Blue ,,,taxable,,0,,,0,0,,,,,1,,,,"Rooms > Bedroom, Rooms > Living room, Rugs, Rugs > Vintage",,,"https://rugshop.eu/wp-content/uploads/2021/10/carpet-vintage-22208-054-turquoise-cream-classic-rosette.jpg, https://rugshop.eu/wp-content/uploads/2021/10/carpet-vintage-22208-054-turquoise-cream-classic-rosette-1.jpg, https://rugshop.eu/wp-content/uploads/2021/10/carpet-vintage-22208-054-turquoise-cream-classic-rosette-2.jpg",,,,,,,,,685,,,Size,"120x170, 140x200, 160x230, 200x290, 80x150",1,1,Brand,D-sign,1,1,Color,Blue,1,1,Type of color,Multicolor,1,1,Shape,Rectangular,1,1,Material,Polypropen,1,1,Type of rug,Vintage / Colored Vintage,1,1,Weave,Machinemade,1,1,Age,New,1,1,,,,,,,,,,,,,,,,,1786453849,yes,yes,,,,,,,,,,,,,,,,,,,,,,,,,,,,,
42641,variable,56907031-H,,D-sign Rug 1D0246 Yellow,1,0,hidden,D-sign Rug 1D0246 Yellow ,D-sign Rug 1D0246 Yellow ,,,taxable,,0,,,0,0,,,,,1,,,,"Rooms > Bedroom, Rooms > Living room, Rugs, Rugs > Vintage",,,"https://rugshop.eu/wp-content/uploads/2021/10/carpet-vintage-flowers-22209-025-yellow.jpg, https://rugshop.eu/wp-content/uploads/2021/10/carpet-vintage-flowers-22209-025-yellow-1.jpg, https://rugshop.eu/wp-content/uploads/2021/10/carpet-vintage-flowers-22209-025-yellow-2.jpg",,,,,,,,,688,,,Size,"120x170, 140x200, 160x230, 200x290, 80x150",1,1,Brand,D-sign,1,1,Color,Yellow-Brown,1,1,Type of color,Multicolor,1,1,Shape,Rectangular,1,1,Material,Polypropen,1,1,Type of rug,Vintage / Colored Vintage,1,1,Weave,Machinemade,1,1,Age,New,1,1,,,,,,,,,,,,,,,,,1786456057,yes,yes,,,,,,,,,,,,,,,,,,,,,,,,,,,,,
42648,variation,56907009,,D-sign Rug 1D0376 Grey - 60x110,1,0,hidden,,D-sign Rug 1D0376 Grey 60x110 cm,,,taxable,parent,0,0,,0,0,,110,60,0.6,0,,,860,,,,,,,56907009-H,,,,,,1,,,Size,60x110,,1,,,,,,,,,,,,,,,,,,,,,,,,,,,,,,,,,,,,,60x110,,,,,,,,,,,,,,,,,,,,,,,,89467,,,,,,,,,,,,,,,,,,,
42649,variation,56911271,,D-sign Rug 1D0376 Grey - 80x150,1,0,hidden,,D-sign Rug 1D0376 Grey 80x150 cm,,,taxable,parent,0,0,,0,0,,150,80,0.6,0,,,860,,,,,,,56907009-H,,,,,,2,,,Size,80x150,,1,,,,,,,,,,,,,,,,,,,,,,,,,,,,,,,,,,,,,80x150,,,,,,,,,,,,1786456035,,,,,,,,,,,,77079,,,,,,,,,,,,,,,,,,,
42650,variation,56911298,,D-sign Rug 1D0376 Grey - 120x170,1,0,hidden,,D-sign Rug 1D0376 Grey 120x170 cm,,,taxable,parent,0,0,,0,0,,170,120,0.6,0,,,1140,,,,,,,56907009-H,,,,,,3,,,Size,120x170,,1,,,,,,,,,,,,,,,,,,,,,,,,,,,,,,,,,,,,,120x170,,,,,,,,,,,,1786456038,,,,,,,,,,,,77080,,,,,,,,,,,,,,,,,,,
42651,variation,56911304,,D-sign Rug 1D0376 Grey - 140x200,1,0,hidden,,D-sign Rug 1D0376 Grey 140x200 cm,,,taxable,parent,0,0,,0,0,,200,140,0.6,0,,,1468,,,,,,,56907009-H,,,,,,4,,,Size,140x200,,1,,,,,,,,,,,,,,,,,,,,,,,,,,,,,,,,,,,,,140x200,,,,,,,,,,,,1786456039,,,,,,,,,,,,77081,,,,,,,,,,,,,,,,,,,
42652,variation,56911274,,D-sign Rug 1D0376 Grey - 160x230,1,0,hidden,,D-sign Rug 1D0376 Grey 160x230 cm,,,taxable,parent,0,0,,0,0,,230,160,0.6,0,,,1796,,,,,,,56907009-H,,,,,,5,,,Size,160x230,,1,,,,,,,,,,,,,,,,,,,,,,,,,,,,,,,,,,,,,160x230,,,,,,,,,,,,,,,,,,,,,,,,77082,,,,,,,,,,,,,,,,,,,
42653,variation,56911277,,D-sign Rug 1D0376 Grey - 200x290,1,0,hidden,,D-sign Rug 1D0376 Grey 200x290 cm,,,taxable,parent,0,0,,0,0,,290,200,0.6,0,,,2644,,,,,,,56907009-H,,,,,,6,,,Size,200x290,,1,,,,,,,,,,,,,,,,,,,,,,,,,,,,,,,,,,,,,200x290,,,,,,,,,,,,,,,,,,,,,,,,77083,,,,,,,,,,,,,,,,,,,
42659,variation,56907011,,D-sign Rug 1D0377 Orange - 60x180,1,0,hidden,,D-sign Rug 1D0377 Orange 60x180 cm,,,taxable,parent,0,0,,0,0,,180,60,0.6,0,,,860,,,,,,,56907011-H,,,,,,1,,,Size,60x180,,1,,,,,,,,,,,,,,,,,,,,,,,,,,,,,,,,,,,,,60x180,,,,,,,,,,,,,,,,,,,,,,,,89468,,,,,,,,,,,,,,,,,,,
42660,variation,56911299,,D-sign Rug 1D0377 Orange - 80x150,1,0,hidden,,D-sign Rug 1D0377 Orange 80x150 cm,,,taxable,parent,0,0,,0,0,,150,80,0.6,0,,,860,,,,,,,56907011-H,,,,,,2,,,Size,80x150,,1,,,,,,,,,,,,,,,,,,,,,,,,,,,,,,,,,,,,,80x150,,,,,,,,,,,,,,,,,,,,,,,,77089,,,,,,,,,,,,,,,,,,,
42661,variation,56907022,,D-sign Rug 1D0377 Orange - 120x170,1,0,hidden,,D-sign Rug 1D0377 Orange 120x170 cm,,,taxable,parent,0,0,,0,0,,170,120,0.6,0,,,1140,,,,,,,56907011-H,,,,,,3,,,Size,120x170,,1,,,,,,,,,,,,,,,,,,,,,,,,,,,,,,,,,,,,,120x170,,,,,,,,,,,,1786453828,,,,,,,,,,,,77090,,,,,,,,,,,,,,,,,,,
42662,variation,56907025,,D-sign Rug 1D0377 Orange - 140x200,1,0,hidden,,D-sign Rug 1D0377 Orange 140x200 cm,,,taxable,parent,0,0,,0,0,,200,140,0.6,0,,,1468,,,,,,,56907011-H,,,,,,4,,,Size,140x200,,1,,,,,,,,,,,,,,,,,,,,,,,,,,,,,,,,,,,,,140x200,,,,,,,,,,,,1786453831,,,,,,,,,,,,77091,,,,,,,,,,,,,,,,,,,
42663,variation,56907023,,D-sign Rug 1D0377 Orange - 160x230,1,0,hidden,,D-sign Rug 1D0377 Orange 160x230 cm,,,taxable,parent,0,0,,0,0,,230,160,0.6,0,,,1796,,,,,,,56907011-H,,,,,,5,,,Size,160x230,,1,,,,,,,,,,,,,,,,,,,,,,,,,,,,,,,,,,,,,160x230,,,,,,,,,,,,1786453829,,,,,,,,,,,,77092,,,,,,,,,,,,,,,,,,,
42664,variation,56907024,,D-sign Rug 1D0377 Orange - 200x290,1,0,hidden,,D-sign Rug 1D0377 Orange 200x290 cm,,,taxable,parent,0,0,,0,0,,290,200,0.6,0,,,2644,,,,,,,56907011-H,,,,,,6,,,Size,200x290,,1,,,,,,,,,,,,,,,,,,,,,,,,,,,,,,,,,,,,,200x290,,,,,,,,,,,,1786453830,,,,,,,,,,,,77093,,,,,,,,,,,,,,,,,,,
42671,variable,56907050-H,,D-sign Rug 1D0726 Pink,1,0,hidden,D-sign Rug 1D0726 Pink ,D-sign Rug 1D0726 Pink ,,,taxable,,0,,,0,0,,,,,1,,,,"Rooms > Bedroom, Rooms > Living room, Rugs > Modern, Rugs",,,"https://rugshop.eu/wp-content/uploads/2021/10/carpet-hampton-frame-blush-pink.jpg, https://rugshop.eu/wp-content/uploads/2021/10/carpet-hampton-frame-blush-pink-1.jpg, https://rugshop.eu/wp-content/uploads/2021/10/carpet-hampton-frame-blush-pink-2.jpg, https://rugshop.eu/wp-content/uploads/2021/10/carpet-hampton-frame-blush-pink-3.jpg",,,,,,,,,1149,,,Size,"120x170, 160x220, 200x290",1,1,Brand,D-sign,1,1,Color,Pink-Purple,1,1,Type of color,Multicolor,1,1,Shape,Rectangular,1,1,Material,Polypropen,1,1,Type of rug,Modern,1,1,Weave,Machinemade,1,1,Country,Turkey,1,1,Age,New,1,1,,,,,,,,,,,,,1786453855,yes,yes,,,,,,,,,,,,,,,,,,,,,,,,,,,,,
42681,variation,56907026,,D-sign Rug 1D0243 Blue - 80x150,1,0,hidden,,D-sign Rug 1D0243 Blue 80x150 cm,,,taxable,parent,0,0,,0,0,,150,80,0.3,0,,,788,,,,,,,56907026-H,,,,,,1,,,Size,80x150,,1,,,,,,,,,,,,,,,,,,,,,,,,,,,,,,,,,,,,,80x150,,,,,,,,,,,,,,,,,,,,,,,,89472,,,,,,,,,,,,,,,,,,,
42682,variation,56907034,,D-sign Rug 1D0243 Blue - 120x170,1,0,hidden,,D-sign Rug 1D0243 Blue 120x170 cm,,,taxable,parent,0,0,,0,0,,170,120,0.3,0,,,1092,,,,,,,56907026-H,,,,,,2,,,Size,120x170,,1,,,,,,,,,,,,,,,,,,,,,,,,,,,,,,,,,,,,,120x170,,,,,,,,,,,,,,,,,,,,,,,,72908,,,,,,,,,,,,,,,,,,,
42683,variation,56907030,,D-sign Rug 1D0243 Blue - 140x200,1,0,hidden,,D-sign Rug 1D0243 Blue 140x200 cm,,,taxable,parent,0,0,,0,0,,200,140,0.3,0,,,1372,,,,,,,56907026-H,,,,,,3,,,Size,140x200,,1,,,,,,,,,,,,,,,,,,,,,,,,,,,,,,,,,,,,,140x200,,,,,,,,,,,,1786453831,,,,,,,,,,,,72909,,,,,,,,,,,,,,,,,,,
42684,variation,56907032,,D-sign Rug 1D0243 Blue - 160x230,1,0,hidden,,D-sign Rug 1D0243 Blue 160x230 cm,,,taxable,parent,0,0,,0,0,,230,160,0.3,0,,,1612,,,,,,,56907026-H,,,,,,4,,,Size,160x230,,1,,,,,,,,,,,,,,,,,,,,,,,,,,,,,,,,,,,,,160x230,,,,,,,,,,,,,,,,,,,,,,,,72911,,,,,,,,,,,,,,,,,,,
42685,variation,56907029,,D-sign Rug 1D0243 Blue - 200x290,1,0,hidden,,D-sign Rug 1D0243 Blue 200x290 cm,,,taxable,parent,0,0,,0,0,,290,200,0.3,0,,,2356,,,,,,,56907026-H,,,,,,5,,,Size,200x290,,1,,,,,,,,,,,,,,,,,,,,,,,,,,,,,,,,,,,,,200x290,,,,,,,,,,,,,,,,,,,,,,,,72913,,,,,,,,,,,,,,,,,,,
42690,variation,56907031,,D-sign Rug 1D0246 Yellow - 80x150,1,0,hidden,,D-sign Rug 1D0246 Yellow 80x150 cm,,,taxable,parent,0,0,,0,0,,150,80,0.3,0,,,788,,,,,,,56907031-H,,,,,,1,,,Size,80x150,,1,,,,,,,,,,,,,,,,,,,,,,,,,,,,,,,,,,,,,80x150,,,,,,,,,,,,1786453832,,,,,,,,,,,,89476,,,,,,,,,,,,,,,,,,,
42691,variation,56911297,,D-sign Rug 1D0246 Yellow - 120x170,1,0,hidden,,D-sign Rug 1D0246 Yellow 120x170 cm,,,taxable,parent,0,0,,0,0,,170,120,0.3,0,,,1092,,,,,,,56907031-H,,,,,,2,,,Size,120x170,,1,,,,,,,,,,,,,,,,,,,,,,,,,,,,,,,,,,,,,120x170,,,,,,,,,,,,1786456038,,,,,,,,,,,,72095,,,,,,,,,,,,,,,,,,,
42692,variation,56911302,,D-sign Rug 1D0246 Yellow - 140x200,1,0,hidden,,D-sign Rug 1D0246 Yellow 140x200 cm,,,taxable,parent,0,0,,0,0,,200,140,0.3,0,,,1372,,,,,,,56907031-H,,,,,,3,,,Size,140x200,,1,,,,,,,,,,,,,,,,,,,,,,,,,,,,,,,,,,,,,140x200,,,,,,,,,,,,1786456039,,,,,,,,,,,,72096,,,,,,,,,,,,,,,,,,,
42693,variation,56911303,,D-sign Rug 1D0246 Yellow - 160x230,1,0,hidden,,D-sign Rug 1D0246 Yellow 160x230 cm,,,taxable,parent,0,0,,0,0,,230,160,0.3,0,,,1612,,,,,,,56907031-H,,,,,,4,,,Size,160x230,,1,,,,,,,,,,,,,,,,,,,,,,,,,,,,,,,,,,,,,160x230,,,,,,,,,,,,,,,,,,,,,,,,72097,,,,,,,,,,,,,,,,,,,
42694,variation,56911321,,D-sign Rug 1D0246 Yellow - 200x290,1,0,hidden,,D-sign Rug 1D0246 Yellow 200x290 cm,,,taxable,parent,0,0,,0,0,,290,200,0.3,0,,,2356,,,,,,,56907031-H,,,,,,5,,,Size,200x290,,1,,,,,,,,,,,,,,,,,,,,,,,,,,,,,,,,,,,,,200x290,,,,,,,,,,,,1786456040,,,,,,,,,,,,72098,,,,,,,,,,,,,,,,,,,
42709,variable,56907062-H,,D-sign Rug 1D0727 Grey,1,0,hidden,D-sign Rug 1D0727 Grey ,D-sign Rug 1D0727 Grey ,,,taxable,,0,,,0,0,,,,,1,,,,"Rooms > Bedroom, Rooms > Living room, Rugs > Modern, Rugs",,,"https://rugshop.eu/wp-content/uploads/2021/10/carpet-hampton-frame-grey.jpg, https://rugshop.eu/wp-content/uploads/2021/10/carpet-hampton-frame-grey-1.jpg, https://rugshop.eu/wp-content/uploads/2021/10/carpet-hampton-frame-grey-2.jpg, https://rugshop.eu/wp-content/uploads/2021/10/carpet-hampton-frame-grey-3.jpg",,,,,,,,,1150,,,Size,"120x170, 160x220, 200x290",1,1,Brand,D-sign,1,1,Color,Black-Grey,1,1,Type of color,Multicolor,1,1,Shape,Rectangular,1,1,Material,Polypropen,1,1,Type of rug,Modern,1,1,Weave,Machinemade,1,1,Country,Turkey,1,1,Age,New,1,1,,,,,,,,,,,,,1786456059,yes,yes,,,,,,,,,,,,,,,,,,,,,,,,,,,,,
42710,variable,56907063-H,,D-sign Rug 1D0728 Black,1,0,hidden,D-sign Rug 1D0728 Black ,D-sign Rug 1D0728 Black ,,,taxable,,0,,,0,0,,,,,1,,,,"Rooms > Bedroom, Rooms > Living room, Rugs > Modern, Rugs",,,"https://rugshop.eu/wp-content/uploads/2021/10/carpet-hampton-grecos-black.jpg, https://rugshop.eu/wp-content/uploads/2021/10/carpet-hampton-grecos-black-1.jpg, https://rugshop.eu/wp-content/uploads/2021/10/carpet-hampton-grecos-black-2.jpg, https://rugshop.eu/wp-content/uploads/2021/10/carpet-hampton-grecos-black-3.jpg",,,,,,,,,1151,,,Size,"120x170, 160x220, 200x290",1,1,Brand,D-sign,1,1,Color,Black-Grey,1,1,Type of color,Multicolor,1,1,Shape,Rectangular,1,1,Material,Polypropen,1,1,Type of rug,Modern,1,1,Weave,Machinemade,1,1,Country,Turkey,1,1,Age,New,1,1,,,,,,,,,,,,,1786456063,yes,yes,,,,,,,,,,,,,,,,,,,,,,,,,,,,,
42711,variable,56907065-H,,D-sign Rug 1D0729 Pink,1,0,hidden,D-sign Rug 1D0729 Pink ,D-sign Rug 1D0729 Pink ,,,taxable,,0,,,0,0,,,,,1,,,,"Rooms > Bedroom, Rooms > Living room, Rugs > Modern, Rugs",,,"https://rugshop.eu/wp-content/uploads/2021/10/carpet-hampton-grecos-blush-pink.jpg, https://rugshop.eu/wp-content/uploads/2021/10/carpet-hampton-grecos-blush-pink-1.jpg, https://rugshop.eu/wp-content/uploads/2021/10/carpet-hampton-grecos-blush-pink-2.jpg, https://rugshop.eu/wp-content/uploads/2021/10/carpet-hampton-grecos-blush-pink-3.jpg",,,,,,,,,1152,,,Size,"120x170, 160x220, 200x290",1,1,Brand,D-sign,1,1,Color,Pink-Purple,1,1,Type of color,Multicolor,1,1,Shape,Rectangular,1,1,Material,Polypropen,1,1,Type of rug,Modern,1,1,Weave,Machinemade,1,1,Country,Turkey,1,1,Age,New,1,1,,,,,,,,,,,,,1786456062,yes,yes,,,,,,,,,,,,,,,,,,,,,,,,,,,,,
42712,variable,56907064-H,,D-sign Rug 1D0730 Grey,1,0,hidden,D-sign Rug 1D0730 Grey ,D-sign Rug 1D0730 Grey ,,,taxable,,0,,,0,0,,,,,1,,,,"Rooms > Bedroom, Rooms > Living room, Rugs > Modern, Rugs",,,"https://rugshop.eu/wp-content/uploads/2021/10/carpet-hampton-grecos-grey.jpg, https://rugshop.eu/wp-content/uploads/2021/10/carpet-hampton-grecos-grey-1.jpg, https://rugshop.eu/wp-content/uploads/2021/10/carpet-hampton-grecos-grey-2.jpg, https://rugshop.eu/wp-content/uploads/2021/10/carpet-hampton-grecos-grey-3.jpg",,,,,,,,,1153,,,Size,"120x170, 160x220, 200x290",1,1,Brand,D-sign,1,1,Color,Black-Grey,1,1,Type of color,Multicolor,1,1,Shape,Rectangular,1,1,Material,Polypropen,1,1,Type of rug,Modern,1,1,Weave,Machinemade,1,1,Country,Turkey,1,1,Age,New,1,1,,,,,,,,,,,,,1786453863,yes,yes,,,,,,,,,,,,,,,,,,,,,,,,,,,,,
42713,variable,56907082-H,,D-sign Rug 1D0731 Black,1,0,hidden,D-sign Rug 1D0731 Black ,D-sign Rug 1D0731 Black ,,,taxable,,0,,,0,0,,,,,1,,,,"Rooms > Bedroom, Rooms > Living room, Rugs > Modern, Rugs",,,"https://rugshop.eu/wp-content/uploads/2021/10/carpet-hampton-lux-black.jpg, https://rugshop.eu/wp-content/uploads/2021/10/carpet-hampton-lux-black-1.jpg, https://rugshop.eu/wp-content/uploads/2021/10/carpet-hampton-lux-black-2.jpg, https://rugshop.eu/wp-content/uploads/2021/10/carpet-hampton-lux-black-3.jpg",,,,,,,,,1154,,,Size,"120x170, 160x220, 200x290",1,1,Brand,D-sign,1,1,Color,Black-Grey,1,1,Type of color,Multicolor,1,1,Shape,Rectangular,1,1,Material,Polypropen,1,1,Type of rug,Modern,1,1,Weave,Machinemade,1,1,Country,Turkey,1,1,Age,New,1,1,,,,,,,,,,,,,1786456066,yes,yes,,,,,,,,,,,,,,,,,,,,,,,,,,,,,
42714,variable,56907081-H,,D-sign Rug 1D0732 Pink,1,0,hidden,D-sign Rug 1D0732 Pink ,D-sign Rug 1D0732 Pink ,,,taxable,,0,,,0,0,,,,,1,,,,"Rooms > Bedroom, Rooms > Living room, Rugs > Modern, Rugs",,,"https://rugshop.eu/wp-content/uploads/2021/10/carpet-hampton-lux-blush-pink.jpg, https://rugshop.eu/wp-content/uploads/2021/10/carpet-hampton-lux-blush-pink-1.jpg, https://rugshop.eu/wp-content/uploads/2021/10/carpet-hampton-lux-blush-pink-2.jpg, https://rugshop.eu/wp-content/uploads/2021/10/carpet-hampton-lux-blush-pink-3.jpg",,,,,,,,,1155,,,Size,"120x170, 160x220, 200x290",1,1,Brand,D-sign,1,1,Color,Pink-Purple,1,1,Type of color,Multicolor,1,1,Shape,Rectangular,1,1,Material,Polypropen,1,1,Type of rug,Modern,1,1,Weave,Machinemade,1,1,Country,Turkey,1,1,Age,New,1,1,,,,,,,,,,,,,1786456064,yes,yes,,,,,,,,,,,,,,,,,,,,,,,,,,,,,
42723,variation,56907050,,D-sign Rug 1D0726 Pink - 120x170,1,0,hidden,,D-sign Rug 1D0726 Pink 120x170 cm,,,taxable,parent,0,0,,0,0,,170,120,1.3,0,,,1564,,,,,,,56907050-H,,,,,,1,,,Size,120x170,,1,,,,,,,,,,,,,,,,,,,,,,,,,,,,,,,,,,,,,120x170,,,,,,,,,,,,1786453834,,,,,,,,,,,,89489,,,,,,,,,,,,,,,,,,,
42724,variation,56911318,,D-sign Rug 1D0726 Pink - 160x220,1,0,hidden,,D-sign Rug 1D0726 Pink 160x220 cm,,,taxable,parent,0,0,,0,0,,220,160,1.3,0,,,2452,,,,,,,56907050-H,,,,,,2,,,Size,160x220,,1,,,,,,,,,,,,,,,,,,,,,,,,,,,,,,,,,,,,,160x220,,,,,,,,,,,,,,,,,,,,,,,,89490,,,,,,,,,,,,,,,,,,,
42725,variation,56911323,,D-sign Rug 1D0726 Pink - 200x290,1,0,hidden,,D-sign Rug 1D0726 Pink 200x290 cm,,,taxable,parent,0,0,,0,0,,290,200,1.3,0,,,3812,,,,,,,56907050-H,,,,,,3,,,Size,200x290,,1,,,,,,,,,,,,,,,,,,,,,,,,,,,,,,,,,,,,,200x290,,,,,,,,,,,,,,,,,,,,,,,,89491,,,,,,,,,,,,,,,,,,,
42731,variable,56907079-H,,D-sign Rug 1D0733 Grey,1,0,hidden,D-sign Rug 1D0733 Grey ,D-sign Rug 1D0733 Grey ,,,taxable,,0,,,0,0,,,,,1,,,,"Rooms > Bedroom, Rooms > Living room, Rugs > Modern, Rugs",,,"https://rugshop.eu/wp-content/uploads/2021/10/carpet-hampton-lux-grey.jpg, https://rugshop.eu/wp-content/uploads/2021/10/carpet-hampton-lux-grey-1.jpg, https://rugshop.eu/wp-content/uploads/2021/10/carpet-hampton-lux-grey-2.jpg, https://rugshop.eu/wp-content/uploads/2021/10/carpet-hampton-lux-grey-3.jpg",,,,,,,,,1156,,,Size,"120x170, 160x220, 200x290",1,1,Brand,D-sign,1,1,Color,Black-Grey,1,1,Type of color,Multicolor,1,1,Shape,Rectangular,1,1,Material,Polypropen,1,1,Type of rug,Modern,1,1,Weave,Machinemade,1,1,Country,Turkey,1,1,Age,New,1,1,,,,,,,,,,,,,1786456078,yes,yes,,,,,,,,,,,,,,,,,,,,,,,,,,,,,
42732,variable,56907093-H,,D-sign Rug 1D0734 Black,1,0,hidden,D-sign Rug 1D0734 Black ,D-sign Rug 1D0734 Black ,,,taxable,,0,,,0,0,,,,,1,,,,"Rooms > Bedroom, Rooms > Living room, Rugs > Modern, Rugs",,,"https://rugshop.eu/wp-content/uploads/2021/10/carpet-hampton-frame-circle-black.jpg, https://rugshop.eu/wp-content/uploads/2021/10/carpet-hampton-frame-circle-black-1.jpg, https://rugshop.eu/wp-content/uploads/2021/10/carpet-hampton-frame-circle-black-2.jpg, https://rugshop.eu/wp-content/uploads/2021/10/carpet-hampton-frame-circle-black-3.jpg",,,,,,,,,1157,,,Size,"120, 140, 160",1,1,Brand,D-sign,1,1,Color,Black-Grey,1,1,Type of color,Multicolor,1,1,Shape,Round,1,1,Material,Polypropen,1,1,Type of rug,Modern,1,1,Weave,Machinemade,1,1,Country,Turkey,1,1,Age,New,1,1,,,,,,,,,,,,,1786456075,yes,yes,,,,,,,,,,,,,,,,,,,,,,,,,,,,,
42733,variation,56907062,,D-sign Rug 1D0727 Grey - 120x170,1,0,hidden,,D-sign Rug 1D0727 Grey 120x170 cm,,,taxable,parent,0,0,,0,0,,170,120,1.3,0,,,1564,,,,,,,56907062-H,,,,,,1,,,Size,120x170,,1,,,,,,,,,,,,,,,,,,,,,,,,,,,,,,,,,,,,,120x170,,,,,,,,,,,,1786453837,,,,,,,,,,,,89495,,,,,,,,,,,,,,,,,,,
42734,variation,56911340,,D-sign Rug 1D0727 Grey - 160x220,1,0,hidden,,D-sign Rug 1D0727 Grey 160x220 cm,,,taxable,parent,0,0,,0,0,,220,160,1.3,0,,,2452,,,,,,,56907062-H,,,,,,2,,,Size,160x220,,1,,,,,,,,,,,,,,,,,,,,,,,,,,,,,,,,,,,,,160x220,,,,,,,,,,,,1786456043,,,,,,,,,,,,89496,,,,,,,,,,,,,,,,,,,
42735,variation,56911319,,D-sign Rug 1D0727 Grey - 200x290,1,0,hidden,,D-sign Rug 1D0727 Grey 200x290 cm,,,taxable,parent,0,0,,0,0,,290,200,1.3,0,,,3812,,,,,,,56907062-H,,,,,,3,,,Size,200x290,,1,,,,,,,,,,,,,,,,,,,,,,,,,,,,,,,,,,,,,200x290,,,,,,,,,,,,1786456040,,,,,,,,,,,,89497,,,,,,,,,,,,,,,,,,,
42741,variation,56907063,,D-sign Rug 1D0728 Black - 120x170,1,0,hidden,,D-sign Rug 1D0728 Black 120x170 cm,,,taxable,parent,0,0,,0,0,,170,120,1.3,0,,,1564,,,,,,,56907063-H,,,,,,1,,,Size,120x170,,1,,,,,,,,,,,,,,,,,,,,,,,,,,,,,,,,,,,,,120x170,,,,,,,,,,,,,,,,,,,,,,,,89498,,,,,,,,,,,,,,,,,,,
42742,variation,56911326,,D-sign Rug 1D0728 Black - 160x220,1,0,hidden,,D-sign Rug 1D0728 Black 160x220 cm,,,taxable,parent,0,0,,0,0,,220,160,1.3,0,,,2452,,,,,,,56907063-H,,,,,,2,,,Size,160x220,,1,,,,,,,,,,,,,,,,,,,,,,,,,,,,,,,,,,,,,160x220,,,,,,,,,,,,1786456042,,,,,,,,,,,,89499,,,,,,,,,,,,,,,,,,,
42743,variation,56911317,,D-sign Rug 1D0728 Black - 200x290,1,0,hidden,,D-sign Rug 1D0728 Black 200x290 cm,,,taxable,parent,0,0,,0,0,,290,200,1.3,0,,,3812,,,,,,,56907063-H,,,,,,3,,,Size,200x290,,1,,,,,,,,,,,,,,,,,,,,,,,,,,,,,,,,,,,,,200x290,,,,,,,,,,,,,,,,,,,,,,,,89500,,,,,,,,,,,,,,,,,,,
42750,variable,56907095-H,,D-sign Rug 1D0736 Grey,1,0,hidden,D-sign Rug 1D0736 Grey ,D-sign Rug 1D0736 Grey ,,,taxable,,0,,,0,0,,,,,1,,,,"Rooms > Bedroom, Rooms > Living room, Rugs > Modern, Rugs",,,"https://rugshop.eu/wp-content/uploads/2021/10/carpet-hampton-frame-circle-grey.jpg, https://rugshop.eu/wp-content/uploads/2021/10/carpet-hampton-frame-circle-grey-1.jpg, https://rugshop.eu/wp-content/uploads/2021/10/carpet-hampton-frame-circle-grey-2.jpg, https://rugshop.eu/wp-content/uploads/2021/10/carpet-hampton-frame-circle-grey-3.jpg",,,,,,,,,1159,,,Size,"120, 140, 160",1,1,Brand,D-sign,1,1,Color,Black-Grey,1,1,Type of color,Multicolor,1,1,Shape,Round,1,1,Material,Polypropen,1,1,Type of rug,Modern,1,1,Weave,Machinemade,1,1,Country,Turkey,1,1,Age,New,1,1,,,,,,,,,,,,,1786456070,yes,yes,,,,,,,,,,,,,,,,,,,,,,,,,,,,,
42751,variation,56907065,,D-sign Rug 1D0729 Pink - 120x170,1,0,hidden,,D-sign Rug 1D0729 Pink 120x170 cm,,,taxable,parent,0,0,,0,0,,170,120,1.3,0,,,1564,,,,,,,56907065-H,,,,,,1,,,Size,120x170,,1,,,,,,,,,,,,,,,,,,,,,,,,,,,,,,,,,,,,,120x170,,,,,,,,,,,,1786453838,,,,,,,,,,,,89504,,,,,,,,,,,,,,,,,,,
42752,variation,56911322,,D-sign Rug 1D0729 Pink - 160x220,1,0,hidden,,D-sign Rug 1D0729 Pink 160x220 cm,,,taxable,parent,0,0,,0,0,,220,160,1.3,0,,,2452,,,,,,,56907065-H,,,,,,2,,,Size,160x220,,1,,,,,,,,,,,,,,,,,,,,,,,,,,,,,,,,,,,,,160x220,,,,,,,,,,,,1786456041,,,,,,,,,,,,89505,,,,,,,,,,,,,,,,,,,
42753,variation,56911324,,D-sign Rug 1D0729 Pink - 200x290,1,0,hidden,,D-sign Rug 1D0729 Pink 200x290 cm,,,taxable,parent,0,0,,0,0,,290,200,1.3,0,,,3812,,,,,,,56907065-H,,,,,,3,,,Size,200x290,,1,,,,,,,,,,,,,,,,,,,,,,,,,,,,,,,,,,,,,200x290,,,,,,,,,,,,1786456041,,,,,,,,,,,,89506,,,,,,,,,,,,,,,,,,,
42759,variation,56907064,,D-sign Rug 1D0730 Grey - 120x170,1,0,hidden,,D-sign Rug 1D0730 Grey 120x170 cm,,,taxable,parent,0,0,,0,0,,170,120,1.3,0,,,1564,,,,,,,56907064-H,,,,,,1,,,Size,120x170,,1,,,,,,,,,,,,,,,,,,,,,,,,,,,,,,,,,,,,,120x170,,,,,,,,,,,,1786453837,,,,,,,,,,,,89507,,,,,,,,,,,,,,,,,,,
42760,variation,56907078,,D-sign Rug 1D0730 Grey - 160x220,1,0,hidden,,D-sign Rug 1D0730 Grey 160x220 cm,,,taxable,parent,0,0,,0,0,,220,160,1.3,0,,,2452,,,,,,,56907064-H,,,,,,2,,,Size,160x220,,1,,,,,,,,,,,,,,,,,,,,,,,,,,,,,,,,,,,,,160x220,,,,,,,,,,,,1786453839,,,,,,,,,,,,89508,,,,,,,,,,,,,,,,,,,
42761,variation,56907080,,D-sign Rug 1D0730 Grey - 200x290,1,0,hidden,,D-sign Rug 1D0730 Grey 200x290 cm,,,taxable,parent,0,0,,0,0,,290,200,1.3,0,,,3812,,,,,,,56907064-H,,,,,,3,,,Size,200x290,,1,,,,,,,,,,,,,,,,,,,,,,,,,,,,,,,,,,,,,200x290,,,,,,,,,,,,1786453841,,,,,,,,,,,,89509,,,,,,,,,,,,,,,,,,,
42767,variable,56907111-H,,D-sign Rug 1D0737 Black,1,0,hidden,D-sign Rug 1D0737 Black ,D-sign Rug 1D0737 Black ,,,taxable,,0,,,0,0,,,,,1,,,,"Rooms > Bedroom, Rooms > Living room, Rugs > Modern, Rugs",,,"https://rugshop.eu/wp-content/uploads/2021/10/carpet-hampton-grecos-circle-black.jpg, https://rugshop.eu/wp-content/uploads/2021/10/carpet-hampton-grecos-circle-black-1.jpg, https://rugshop.eu/wp-content/uploads/2021/10/carpet-hampton-grecos-circle-black-2.jpg, https://rugshop.eu/wp-content/uploads/2021/10/carpet-hampton-grecos-circle-black-3.jpg",,,,,,,,,1160,,,Size,"120, 140, 160",1,1,Brand,D-sign,1,1,Color,Black-Grey,1,1,Type of color,Multicolor,1,1,Shape,Round,1,1,Material,Polypropen,1,1,Type of rug,Modern,1,1,Weave,Machinemade,1,1,Country,Turkey,1,1,Age,New,1,1,,,,,,,,,,,,,1786456093,yes,yes,,,,,,,,,,,,,,,,,,,,,,,,,,,,,
42768,variable,56907108-H,,D-sign Rug 1D0738 Pink,1,0,hidden,D-sign Rug 1D0738 Pink ,D-sign Rug 1D0738 Pink ,,,taxable,,0,,,0,0,,,,,1,,,,"Rooms > Bedroom, Rooms > Living room, Rugs > Modern, Rugs",,,"https://rugshop.eu/wp-content/uploads/2021/10/carpet-hampton-grecos-circle-pink.jpg, https://rugshop.eu/wp-content/uploads/2021/10/carpet-hampton-grecos-circle-pink-1.jpg, https://rugshop.eu/wp-content/uploads/2021/10/carpet-hampton-grecos-circle-pink-2.jpg, https://rugshop.eu/wp-content/uploads/2021/10/carpet-hampton-grecos-circle-pink-3.jpg",,,,,,,,,1161,,,Size,"120, 140, 160",1,1,Brand,D-sign,1,1,Color,Pink-Purple,1,1,Type of color,Multicolor,1,1,Shape,Round,1,1,Material,Polypropen,1,1,Type of rug,Modern,1,1,Weave,Machinemade,1,1,Country,Turkey,1,1,Age,New,1,1,,,,,,,,,,,,,1786456096,yes,yes,,,,,,,,,,,,,,,,,,,,,,,,,,,,,
42769,variation,56907082,,D-sign Rug 1D0731 Black - 120x170,1,0,hidden,,D-sign Rug 1D0731 Black 120x170 cm,,,taxable,parent,0,0,,0,0,,170,120,1.3,0,,,1564,,,,,,,56907082-H,,,,,,1,,,Size,120x170,,1,,,,,,,,,,,,,,,,,,,,,,,,,,,,,,,,,,,,,120x170,,,,,,,,,,,,,,,,,,,,,,,,89510,,,,,,,,,,,,,,,,,,,
42770,variation,56911341,,D-sign Rug 1D0731 Black - 160x220,1,0,hidden,,D-sign Rug 1D0731 Black 160x220 cm,,,taxable,parent,0,0,,0,0,,220,160,1.3,0,,,2452,,,,,,,56907082-H,,,,,,2,,,Size,160x220,,1,,,,,,,,,,,,,,,,,,,,,,,,,,,,,,,,,,,,,160x220,,,,,,,,,,,,1786456044,,,,,,,,,,,,89511,,,,,,,,,,,,,,,,,,,
42771,variation,56911345,,D-sign Rug 1D0731 Black - 200x290,1,0,hidden,,D-sign Rug 1D0731 Black 200x290 cm,,,taxable,parent,0,0,,0,0,,290,200,1.3,0,,,3812,,,,,,,56907082-H,,,,,,3,,,Size,200x290,,1,,,,,,,,,,,,,,,,,,,,,,,,,,,,,,,,,,,,,200x290,,,,,,,,,,,,,,,,,,,,,,,,89512,,,,,,,,,,,,,,,,,,,
42777,variation,56907081,,D-sign Rug 1D0732 Pink - 120x170,1,0,hidden,,D-sign Rug 1D0732 Pink 120x170 cm,,,taxable,parent,0,0,,0,0,,170,120,1.3,0,,,1564,,,,,,,56907081-H,,,,,,1,,,Size,120x170,,1,,,,,,,,,,,,,,,,,,,,,,,,,,,,,,,,,,,,,120x170,,,,,,,,,,,,1786453841,,,,,,,,,,,,89513,,,,,,,,,,,,,,,,,,,
42778,variation,56911342,,D-sign Rug 1D0732 Pink - 160x220,1,0,hidden,,D-sign Rug 1D0732 Pink 160x220 cm,,,taxable,parent,0,0,,0,0,,220,160,1.3,0,,,2452,,,,,,,56907081-H,,,,,,2,,,Size,160x220,,1,,,,,,,,,,,,,,,,,,,,,,,,,,,,,,,,,,,,,160x220,,,,,,,,,,,,1786456044,,,,,,,,,,,,89514,,,,,,,,,,,,,,,,,,,
42779,variation,56911339,,D-sign Rug 1D0732 Pink - 200x290,1,0,hidden,,D-sign Rug 1D0732 Pink 200x290 cm,,,taxable,parent,0,0,,0,0,,290,200,1.3,0,,,3812,,,,,,,56907081-H,,,,,,3,,,Size,200x290,,1,,,,,,,,,,,,,,,,,,,,,,,,,,,,,,,,,,,,,200x290,,,,,,,,,,,,1786456043,,,,,,,,,,,,89515,,,,,,,,,,,,,,,,,,,
42785,variable,56907109-H,,D-sign Rug 1D0739 Grey,1,0,hidden,D-sign Rug 1D0739 Grey ,D-sign Rug 1D0739 Grey ,,,taxable,,0,,,0,0,,,,,1,,,,"Rooms > Bedroom, Rooms > Living room, Rugs > Modern, Rugs",,,"https://rugshop.eu/wp-content/uploads/2021/10/carpet-hampton-grecos-circle-grey.jpg, https://rugshop.eu/wp-content/uploads/2021/10/carpet-hampton-grecos-circle-grey-1.jpg, https://rugshop.eu/wp-content/uploads/2021/10/carpet-hampton-grecos-circle-grey-2.jpg, https://rugshop.eu/wp-content/uploads/2021/10/carpet-hampton-grecos-circle-grey-3.jpg",,,,,,,,,1162,,,Size,"120, 140, 160",1,1,Brand,D-sign,1,1,Color,Black-Grey,1,1,Type of color,Multicolor,1,1,Shape,Round,1,1,Material,Polypropen,1,1,Type of rug,Modern,1,1,Weave,Machinemade,1,1,Country,Turkey,1,1,Age,New,1,1,,,,,,,,,,,,,1786456086,yes,yes,,,,,,,,,,,,,,,,,,,,,,,,,,,,,
42786,variable,56907110-H,,D-sign Rug 1D0740 Black,1,0,hidden,D-sign Rug 1D0740 Black ,D-sign Rug 1D0740 Black ,,,taxable,,0,,,0,0,,,,,1,,,,"Rooms > Bedroom, Rooms > Living room, Rugs > Modern, Rugs",,,"https://rugshop.eu/wp-content/uploads/2021/10/carpet-hampton-lux-circle-black.jpg, https://rugshop.eu/wp-content/uploads/2021/10/carpet-hampton-lux-circle-black-1.jpg, https://rugshop.eu/wp-content/uploads/2021/10/carpet-hampton-lux-circle-black-2.jpg, https://rugshop.eu/wp-content/uploads/2021/10/carpet-hampton-lux-circle-black-3.jpg",,,,,,,,,1163,,,Size,"120, 140, 160",1,1,Brand,D-sign,1,1,Color,Black-Grey,1,1,Type of color,Multicolor,1,1,Shape,Round,1,1,Material,Polypropen,1,1,Type of rug,Modern,1,1,Weave,Machinemade,1,1,Country,Turkey,1,1,Age,New,1,1,,,,,,,,,,,,,1786453916,yes,yes,,,,,,,,,,,,,,,,,,,,,,,,,,,,,
42787,variation,56907079,,D-sign Rug 1D0733 Grey - 120x170,1,0,hidden,,D-sign Rug 1D0733 Grey 120x170 cm,,,taxable,parent,0,0,,0,0,,170,120,1.3,0,,,1564,,,,,,,56907079-H,,,,,,1,,,Size,120x170,,1,,,,,,,,,,,,,,,,,,,,,,,,,,,,,,,,,,,,,120x170,,,,,,,,,,,,1786453840,,,,,,,,,,,,89516,,,,,,,,,,,,,,,,,,,
42788,variation,56911348,,D-sign Rug 1D0733 Grey - 160x220,1,0,hidden,,D-sign Rug 1D0733 Grey 160x220 cm,,,taxable,parent,0,0,,0,0,,220,160,1.3,0,,,2452,,,,,,,56907079-H,,,,,,2,,,Size,160x220,,1,,,,,,,,,,,,,,,,,,,,,,,,,,,,,,,,,,,,,160x220,,,,,,,,,,,,1786456045,,,,,,,,,,,,89517,,,,,,,,,,,,,,,,,,,
42789,variation,56907096,,D-sign Rug 1D0733 Grey - 200x290,1,0,hidden,,D-sign Rug 1D0733 Grey 200x290 cm,,,taxable,parent,0,0,,0,0,,290,200,1.3,0,,,3812,,,,,,,56907079-H,,,,,,3,,,Size,200x290,,1,,,,,,,,,,,,,,,,,,,,,,,,,,,,,,,,,,,,,200x290,,,,,,,,,,,,1786453844,,,,,,,,,,,,89518,,,,,,,,,,,,,,,,,,,
42795,variation,56907093,,D-sign Rug 1D0734 Black - 120,1,0,hidden,,D-sign Rug 1D0734 Black 120 cm,,,taxable,parent,0,0,,0,0,,120,120,1.3,0,,,1236,,,,,,,56907093-H,,,,,,1,,,Size,120,,1,,,,,,,,,,,,,,,,,,,,,,,,,,,,,,,,,,,,,120,,,,,,,,,,,,1786453843,,,,,,,,,,,,89522,,,,,,,,,,,,,,,,,,,
42796,variation,56911364,,D-sign Rug 1D0734 Black - 140,1,0,hidden,,D-sign Rug 1D0734 Black 140 cm,,,taxable,parent,0,0,,0,0,,140,140,1.3,0,,,1564,,,,,,,56907093-H,,,,,,2,,,Size,140,,1,,,,,,,,,,,,,,,,,,,,,,,,,,,,,,,,,,,,,140,,,,,,,,,,,,1786456046,,,,,,,,,,,,89523,,,,,,,,,,,,,,,,,,,
42797,variation,56911347,,D-sign Rug 1D0734 Black - 160,1,0,hidden,,D-sign Rug 1D0734 Black 160 cm,,,taxable,parent,0,0,,0,0,,160,160,1.3,0,,,1892,,,,,,,56907093-H,,,,,,3,,,Size,160,,1,,,,,,,,,,,,,,,,,,,,,,,,,,,,,,,,,,,,,160,,,,,,,,,,,,1786456045,,,,,,,,,,,,89524,,,,,,,,,,,,,,,,,,,
42803,variable,56907137-H,,D-sign Rug 1D0741 Pink,1,0,hidden,D-sign Rug 1D0741 Pink ,D-sign Rug 1D0741 Pink ,,,taxable,,0,,,0,0,,,,,1,,,,"Rooms > Bedroom, Rooms > Living room, Rugs > Modern, Rugs",,,"https://rugshop.eu/wp-content/uploads/2021/10/carpet-hampton-lux-circle-pink.jpg, https://rugshop.eu/wp-content/uploads/2021/10/carpet-hampton-lux-circle-pink-1.jpg, https://rugshop.eu/wp-content/uploads/2021/10/carpet-hampton-lux-circle-pink-2.jpg, https://rugshop.eu/wp-content/uploads/2021/10/carpet-hampton-lux-circle-pink-3.jpg",,,,,,,,,1164,,,Size,"120, 140, 160",1,1,Brand,D-sign,1,1,Color,Pink-Purple,1,1,Type of color,Multicolor,1,1,Shape,Round,1,1,Material,Polypropen,1,1,Type of rug,Modern,1,1,Weave,Machinemade,1,1,Country,Turkey,1,1,Age,New,1,1,,,,,,,,,,,,,1786456141,yes,yes,,,,,,,,,,,,,,,,,,,,,,,,,,,,,
42804,variable,56907135-H,,D-sign Rug 1D0742 Grey,1,0,hidden,D-sign Rug 1D0742 Grey ,D-sign Rug 1D0742 Grey ,,,taxable,,0,,,0,0,,,,,1,,,,"Rooms > Bedroom, Rooms > Living room, Rugs > Modern, Rugs",,,"https://rugshop.eu/wp-content/uploads/2021/10/carpet-hampton-lux-circle-grey.jpg, https://rugshop.eu/wp-content/uploads/2021/10/carpet-hampton-lux-circle-grey-1.jpg, https://rugshop.eu/wp-content/uploads/2021/10/carpet-hampton-lux-circle-grey-2.jpg, https://rugshop.eu/wp-content/uploads/2021/10/carpet-hampton-lux-circle-grey-3.jpg",,,,,,,,,1165,,,Size,"120, 140, 160",1,1,Brand,D-sign,1,1,Color,Black-Grey,1,1,Type of color,Multicolor,1,1,Shape,Round,1,1,Material,Polypropen,1,1,Type of rug,Modern,1,1,Weave,Machinemade,1,1,Country,Turkey,1,1,Age,New,1,1,,,,,,,,,,,,,1786456129,yes,yes,,,,,,,,,,,,,,,,,,,,,,,,,,,,,
42813,variation,56907095,,D-sign Rug 1D0736 Grey - 120,1,0,hidden,,D-sign Rug 1D0736 Grey 120 cm,,,taxable,parent,0,0,,0,0,,120,120,1.3,0,,,1236,,,,,,,56907095-H,,,,,,1,,,Size,120,,1,,,,,,,,,,,,,,,,,,,,,,,,,,,,,,,,,,,,,120,,,,,,,,,,,,1786453843,,,,,,,,,,,,89531,,,,,,,,,,,,,,,,,,,
42814,variation,56911346,,D-sign Rug 1D0736 Grey - 140,1,0,hidden,,D-sign Rug 1D0736 Grey 140 cm,,,taxable,parent,0,0,,0,0,,140,140,1.3,0,,,1564,,,,,,,56907095-H,,,,,,2,,,Size,140,,1,,,,,,,,,,,,,,,,,,,,,,,,,,,,,,,,,,,,,140,,,,,,,,,,,,1786456045,,,,,,,,,,,,89532,,,,,,,,,,,,,,,,,,,
42815,variation,56911344,,D-sign Rug 1D0736 Grey - 160,1,0,hidden,,D-sign Rug 1D0736 Grey 160 cm,,,taxable,parent,0,0,,0,0,,160,160,1.3,0,,,1892,,,,,,,56907095-H,,,,,,3,,,Size,160,,1,,,,,,,,,,,,,,,,,,,,,,,,,,,,,,,,,,,,,160,,,,,,,,,,,,1786456044,,,,,,,,,,,,89533,,,,,,,,,,,,,,,,,,,
42821,variable,56907136-H,,D-sign Rug 1D0743 Anthracite,1,0,hidden,D-sign Rug 1D0743 Anthracite,D-sign Rug 1D0743 Anthracite,,,taxable,,0,,,0,0,,,,,0,,,,"Rooms > Bedroom, Rooms > Living room, Rugs > Modern, Rugs",,,"https://rugshop.eu/wp-content/uploads/2021/10/carpet-bunny-grey-imitation-of-rabbit-fur.jpg, https://rugshop.eu/wp-content/uploads/2021/10/carpet-bunny-grey-imitation-of-rabbit-fur-1.jpg, https://rugshop.eu/wp-content/uploads/2021/10/carpet-bunny-grey-imitation-of-rabbit-fur-2.jpg, https://rugshop.eu/wp-content/uploads/2021/10/carpet-bunny-grey-imitation-of-rabbit-fur-3.jpg",,,,,,,,,1166,,,Size,"120x170, 140x190, 160x220, 180x270, 200x290, 60x100, 80x150",1,1,Brand,D-sign,1,1,Color,Black-Grey,1,1,Type of color,Singlecolor,1,1,Shape,Rectangular,1,1,Material,Polyester,1,1,Type of rug,Modern,1,1,Weave,Machinemade,1,1,Country,China,1,1,Age,New,1,1,,,,,default,default,default,default,,,,,1786456104,yes,yes,,,,,,,,,,,,,,,,,,,,,,,,,,,,,
42822,variation,56907111,,D-sign Rug 1D0737 Black - 120,1,0,hidden,,D-sign Rug 1D0737 Black 120 cm,,,taxable,parent,0,0,,0,0,,120,120,1.3,0,,,1236,,,,,,,56907111-H,,,,,,1,,,Size,120,,1,,,,,,,,,,,,,,,,,,,,,,,,,,,,,,,,,,,,,120,,,,,,,,,,,,,,,,,,,,,,,,89534,,,,,,,,,,,,,,,,,,,
42823,variation,56911361,,D-sign Rug 1D0737 Black - 140,1,0,hidden,,D-sign Rug 1D0737 Black 140 cm,,,taxable,parent,0,0,,0,0,,140,140,1.3,0,,,1564,,,,,,,56907111-H,,,,,,2,,,Size,140,,1,,,,,,,,,,,,,,,,,,,,,,,,,,,,,,,,,,,,,140,,,,,,,,,,,,,,,,,,,,,,,,89535,,,,,,,,,,,,,,,,,,,
42824,variation,56911366,,D-sign Rug 1D0737 Black - 160,1,0,hidden,,D-sign Rug 1D0737 Black 160 cm,,,taxable,parent,0,0,,0,0,,160,160,1.3,0,,,1892,,,,,,,56907111-H,,,,,,3,,,Size,160,,1,,,,,,,,,,,,,,,,,,,,,,,,,,,,,,,,,,,,,160,,,,,,,,,,,,1786456047,,,,,,,,,,,,89536,,,,,,,,,,,,,,,,,,,
42830,variation,56907108,,D-sign Rug 1D0738 Pink - 120,1,0,hidden,,D-sign Rug 1D0738 Pink 120 cm,,,taxable,parent,0,0,,0,0,,120,120,1.3,0,,,1236,,,,,,,56907108-H,,,,,,1,,,Size,120,,1,,,,,,,,,,,,,,,,,,,,,,,,,,,,,,,,,,,,,120,,,,,,,,,,,,,,,,,,,,,,,,89540,,,,,,,,,,,,,,,,,,,
42831,variation,56911368,,D-sign Rug 1D0738 Pink - 140,1,0,hidden,,D-sign Rug 1D0738 Pink 140 cm,,,taxable,parent,0,0,,0,0,,140,140,1.3,0,,,1564,,,,,,,56907108-H,,,,,,2,,,Size,140,,1,,,,,,,,,,,,,,,,,,,,,,,,,,,,,,,,,,,,,140,,,,,,,,,,,,1786456047,,,,,,,,,,,,89541,,,,,,,,,,,,,,,,,,,
42832,variation,56911369,,D-sign Rug 1D0738 Pink - 160,1,0,hidden,,D-sign Rug 1D0738 Pink 160 cm,,,taxable,parent,0,0,,0,0,,160,160,1.3,0,,,1892,,,,,,,56907108-H,,,,,,3,,,Size,160,,1,,,,,,,,,,,,,,,,,,,,,,,,,,,,,,,,,,,,,160,,,,,,,,,,,,1786456047,,,,,,,,,,,,89542,,,,,,,,,,,,,,,,,,,
42838,variable,56907122-H,,D-sign Rug 1D0744 Beige,1,0,hidden,D-sign Rug 1D0744 Beige,D-sign Rug 1D0744 Beige,,,taxable,,0,,,0,0,,,,,0,,,,"Rooms > Bedroom, Rooms > Living room, Rugs > Modern, Rugs",,,"https://rugshop.eu/wp-content/uploads/2021/10/carpet-bunny-beige-imitation-of-rabbit-fur.jpg, https://rugshop.eu/wp-content/uploads/2021/10/carpet-bunny-beige-imitation-of-rabbit-fur-1.jpg, https://rugshop.eu/wp-content/uploads/2021/10/carpet-bunny-beige-imitation-of-rabbit-fur-2.jpg, https://rugshop.eu/wp-content/uploads/2021/10/carpet-bunny-beige-imitation-of-rabbit-fur-3.jpg",,,,,,,,,1167,,,Size,"120x170, 140x190, 160x220, 180x270, 200x290, 60x100, 80x150",1,1,Brand,D-sign,1,1,Color,White-Beige,1,1,Type of color,Singlecolor,1,1,Shape,Rectangular,1,1,Material,Polyester,1,1,Type of rug,Modern,1,1,Weave,Machinemade,1,1,Country,China,1,1,Age,New,1,1,,,,,default,default,default,default,,,,,1786456134,yes,yes,,,,,,,,,,,,,,,,,,,,,,,,,,,,,
42839,variation,56907109,,D-sign Rug 1D0739 Grey - 120,1,0,hidden,,D-sign Rug 1D0739 Grey 120 cm,,,taxable,parent,0,0,,0,0,,120,120,1.3,0,,,1236,,,,,,,56907109-H,,,,,,1,,,Size,120,,1,,,,,,,,,,,,,,,,,,,,,,,,,,,,,,,,,,,,,120,,,,,,,,,,,,1786453891,,,,,,,,,,,,89546,,,,,,,,,,,,,,,,,,,
42840,variation,56911363,,D-sign Rug 1D0739 Grey - 140,1,0,hidden,,D-sign Rug 1D0739 Grey 140 cm,,,taxable,parent,0,0,,0,0,,140,140,1.3,0,,,1564,,,,,,,56907109-H,,,,,,2,,,Size,140,,1,,,,,,,,,,,,,,,,,,,,,,,,,,,,,,,,,,,,,140,,,,,,,,,,,,1786456046,,,,,,,,,,,,89547,,,,,,,,,,,,,,,,,,,
42841,variation,56911360,,D-sign Rug 1D0739 Grey - 160,1,0,hidden,,D-sign Rug 1D0739 Grey 160 cm,,,taxable,parent,0,0,,0,0,,160,160,1.3,0,,,1892,,,,,,,56907109-H,,,,,,3,,,Size,160,,1,,,,,,,,,,,,,,,,,,,,,,,,,,,,,,,,,,,,,160,,,,,,,,,,,,1786456046,,,,,,,,,,,,89548,,,,,,,,,,,,,,,,,,,
42847,variation,56907110,,D-sign Rug 1D0740 Black - 120,1,0,hidden,,D-sign Rug 1D0740 Black 120 cm,,,taxable,parent,0,0,,0,0,,120,120,1.3,0,,,1236,,,,,,,56907110-H,,,,,,1,,,Size,120,,1,,,,,,,,,,,,,,,,,,,,,,,,,,,,,,,,,,,,,120,,,,,,,,,,,,,,,,,,,,,,,,89549,,,,,,,,,,,,,,,,,,,
42848,variation,56907134,,D-sign Rug 1D0740 Black - 140,1,0,hidden,,D-sign Rug 1D0740 Black 140 cm,,,taxable,parent,0,0,,0,0,,140,140,1.3,0,,,1564,,,,,,,56907110-H,,,,,,2,,,Size,140,,1,,,,,,,,,,,,,,,,,,,,,,,,,,,,,,,,,,,,,140,,,,,,,,,,,,1786453895,,,,,,,,,,,,89550,,,,,,,,,,,,,,,,,,,
42849,variation,56907138,,D-sign Rug 1D0740 Black - 160,1,0,hidden,,D-sign Rug 1D0740 Black 160 cm,,,taxable,parent,0,0,,0,0,,160,160,1.3,0,,,1892,,,,,,,56907110-H,,,,,,3,,,Size,160,,1,,,,,,,,,,,,,,,,,,,,,,,,,,,,,,,,,,,,,160,,,,,,,,,,,,1786453896,,,,,,,,,,,,89551,,,,,,,,,,,,,,,,,,,
42855,variable,56907151-H,,D-sign Rug 1D0745 Pink,1,0,hidden,D-sign Rug 1D0745 Pink,D-sign Rug 1D0745 Pink,,,taxable,,0,,,0,0,,,,,0,,,,"Rooms > Bedroom, Rooms > Living room, Rugs > Modern, Rugs",,,"https://rugshop.eu/wp-content/uploads/2021/10/carpet-bunny-pink-imitation-of-rabbit-fur.jpg, https://rugshop.eu/wp-content/uploads/2021/10/carpet-bunny-pink-imitation-of-rabbit-fur-1.jpg, https://rugshop.eu/wp-content/uploads/2021/10/carpet-bunny-pink-imitation-of-rabbit-fur-2.jpg, https://rugshop.eu/wp-content/uploads/2021/10/carpet-bunny-pink-imitation-of-rabbit-fur-3.jpg",,,,,,,,,1168,,,Size,"120x170, 140x190, 160x220, 180x270, 200x290, 60x100, 80x150",1,1,Brand,D-sign,1,1,Color,Pink-Purple,1,1,Type of color,Singlecolor,1,1,Shape,Rectangular,1,1,Material,Polyester,1,1,Type of rug,Modern,1,1,Weave,Machinemade,1,1,Country,China,1,1,Age,New,1,1,,,,,default,default,default,default,,,,,1786456139,yes,yes,,,,,,,,,,,,,,,,,,,,,,,,,,,,,
42856,variation,56907137,,D-sign Rug 1D0741 Pink - 120,1,0,hidden,,D-sign Rug 1D0741 Pink 120 cm,,,taxable,parent,0,0,,0,0,,120,120,1.3,0,,,1236,,,,,,,56907137-H,,,,,,1,,,Size,120,,1,,,,,,,,,,,,,,,,,,,,,,,,,,,,,,,,,,,,,120,,,,,,,,,,,,1786453896,,,,,,,,,,,,89552,,,,,,,,,,,,,,,,,,,
42857,variation,56911431,,D-sign Rug 1D0741 Pink - 140,1,0,hidden,,D-sign Rug 1D0741 Pink 140 cm,,,taxable,parent,0,0,,0,0,,140,140,1.3,0,,,1564,,,,,,,56907137-H,,,,,,2,,,Size,140,,1,,,,,,,,,,,,,,,,,,,,,,,,,,,,,,,,,,,,,140,,,,,,,,,,,,1786456116,,,,,,,,,,,,89553,,,,,,,,,,,,,,,,,,,
42858,variation,56911426,,D-sign Rug 1D0741 Pink - 160,1,0,hidden,,D-sign Rug 1D0741 Pink 160 cm,,,taxable,parent,0,0,,0,0,,160,160,1.3,0,,,1892,,,,,,,56907137-H,,,,,,3,,,Size,160,,1,,,,,,,,,,,,,,,,,,,,,,,,,,,,,,,,,,,,,160,,,,,,,,,,,,,,,,,,,,,,,,89554,,,,,,,,,,,,,,,,,,,
42864,variation,56907135,,D-sign Rug 1D0742 Grey - 120,1,0,hidden,,D-sign Rug 1D0742 Grey 120 cm,,,taxable,parent,0,0,,0,0,,120,120,1.3,0,,,1236,,,,,,,56907135-H,,,,,,1,,,Size,120,,1,,,,,,,,,,,,,,,,,,,,,,,,,,,,,,,,,,,,,120,,,,,,,,,,,,1786453895,,,,,,,,,,,,89560,,,,,,,,,,,,,,,,,,,
42865,variation,56911407,,D-sign Rug 1D0742 Grey - 140,1,0,hidden,,D-sign Rug 1D0742 Grey 140 cm,,,taxable,parent,0,0,,0,0,,140,140,1.3,0,,,1564,,,,,,,56907135-H,,,,,,2,,,Size,140,,1,,,,,,,,,,,,,,,,,,,,,,,,,,,,,,,,,,,,,140,,,,,,,,,,,,1786456109,,,,,,,,,,,,89559,,,,,,,,,,,,,,,,,,,
42866,variation,56911405,,D-sign Rug 1D0742 Grey - 160,1,0,hidden,,D-sign Rug 1D0742 Grey 160 cm,,,taxable,parent,0,0,,0,0,,160,160,1.3,0,,,1892,,,,,,,56907135-H,,,,,,3,,,Size,160,,1,,,,,,,,,,,,,,,,,,,,,,,,,,,,,,,,,,,,,160,,,,,,,,,,,,1786456048,,,,,,,,,,,,89562,,,,,,,,,,,,,,,,,,,
42872,variable,56907163-H,,D-sign Rug 1D0746 Grey,1,0,hidden,D-sign Rug 1D0746 Grey,D-sign Rug 1D0746 Grey,,,taxable,,0,,,0,0,,,,,0,,,,"Rooms > Bedroom, Rooms > Living room, Rugs > Modern, Rugs",,,"https://rugshop.eu/wp-content/uploads/2021/10/carpet-bunny-silver-imitation-of-rabbit-fur.jpg, https://rugshop.eu/wp-content/uploads/2021/10/carpet-bunny-silver-imitation-of-rabbit-fur-1.jpg, https://rugshop.eu/wp-content/uploads/2021/10/carpet-bunny-silver-imitation-of-rabbit-fur-2.jpg, https://rugshop.eu/wp-content/uploads/2021/10/carpet-bunny-silver-imitation-of-rabbit-fur-3.jpg",,,,,,,,,1169,,,Size,"120x170, 140x190, 160x220, 180x270, 200x290, 60x100, 80x150",1,1,Brand,D-sign,1,1,Color,Black-Grey,1,1,Type of color,Singlecolor,1,1,Shape,Rectangular,1,1,Material,Polyester,1,1,Type of rug,Modern,1,1,Weave,Machinemade,1,1,Country,China,1,1,Age,New,1,1,,,,,default,default,default,default,,,,,1786456153,yes,yes,,,,,,,,,,,,,,,,,,,,,,,,,,,,,
42873,variation,56907136,,D-sign Rug 1D0743 Anthracite - 60x100,1,0,hidden,,D-sign Rug 1D0743 Anthracite 60x100 cm,,,taxable,parent,0,0,,0,0,,100,60,3,0,,,860,,,,,,,56907136-H,,,,,,1,,,Size,60x100,,1,,,,,,,,,,,,,,,,,,,,,,,,,,,,,,,,,,,,,60x100,,,,,,,,,,,,,,,,,,,,,,,,89703,,,,,,,,,,,,,,,,,,,
42874,variation,56911413,,D-sign Rug 1D0743 Anthracite - 80x150,1,0,hidden,,D-sign Rug 1D0743 Anthracite 80x150 cm,,,taxable,parent,0,0,,0,0,,150,80,3,0,,,1324,,,,,,,56907136-H,,,,,,2,,,Size,80x150,,1,,,,,,,,,,,,,,,,,,,,,,,,,,,,,,,,,,,,,80x150,,,,,,,,,,,,,,,,,,,,,,,,89704,,,,,,,,,,,,,,,,,,,
42875,variation,56911410,,D-sign Rug 1D0743 Anthracite - 120x170,1,0,hidden,,D-sign Rug 1D0743 Anthracite 120x170 cm,,,taxable,parent,0,0,,0,0,,170,120,3,0,,,1892,,,,,,,56907136-H,,,,,,3,,,Size,120x170,,1,,,,,,,,,,,,,,,,,,,,,,,,,,,,,,,,,,,,,120x170,,,,,,,,,,,,,,,,,,,,,,,,89701,,,,,,,,,,,,,,,,,,,
42876,variation,56911412,,D-sign Rug 1D0743 Anthracite - 140x190,1,0,hidden,,D-sign Rug 1D0743 Anthracite 140x190 cm,,,taxable,parent,0,0,,0,0,,190,140,3,0,,,2500,,,,,,,56907136-H,,,,,,4,,,Size,140x190,,1,,,,,,,,,,,,,,,,,,,,,,,,,,,,,,,,,,,,,140x190,,,,,,,,,,,,,,,,,,,,,,,,89702,,,,,,,,,,,,,,,,,,,
42877,variation,56911406,,D-sign Rug 1D0743 Anthracite - 160x220,1,0,hidden,,D-sign Rug 1D0743 Anthracite 160x220 cm,,,taxable,parent,0,0,,0,0,,220,160,3,0,,,3300,,,,,,,56907136-H,,,,,,5,,,Size,160x220,,1,,,,,,,,,,,,,,,,,,,,,,,,,,,,,,,,,,,,,160x220,,,,,,,,,,,,1786456048,,,,,,,,,,,,89705,,,,,,,,,,,,,,,,,,,
42878,variation,56911414,,D-sign Rug 1D0743 Anthracite - 180x270,1,0,hidden,,D-sign Rug 1D0743 Anthracite 180x270 cm,,,taxable,parent,0,0,,0,0,,270,180,3,0,,,4236,,,,,,,56907136-H,,,,,,6,,,Size,180x270,,1,,,,,,,,,,,,,,,,,,,,,,,,,,,,,,,,,,,,,180x270,,,,,,,,,,,,,,,,,,,,,,,,89706,,,,,,,,,,,,,,,,,,,
42879,variation,56911367,,D-sign Rug 1D0743 Anthracite - 200x290,1,0,hidden,,D-sign Rug 1D0743 Anthracite 200x290 cm,,,taxable,parent,0,0,,0,0,,290,200,3,0,,,5084,,,,,,,56907136-H,,,,,,7,,,Size,200x290,,1,,,,,,,,,,,,,,,,,,,,,,,,,,,,,,,,,,,,,200x290,,,,,,,,,,,,,,,,,,,,,,,,104133,,,,,,,,,,,,,,,,,,,
42885,variation,56907122,,D-sign Rug 1D0744 Beige - 60x100,1,0,hidden,,D-sign Rug 1D0744 Beige 60x100 cm,,,taxable,parent,0,0,,0,0,,100,60,3,0,,,860,,,,,,,56907122-H,,,,,,1,,,Size,60x100,,1,,,,,,,,,,,,,,,,,,,,,,,,,,,,,,,,,,,,,60x100,,,,,,,,,,,,,,,,,,,,,,,,89732,,,,,,,,,,,,,,,,,,,
42886,variation,56911408,,D-sign Rug 1D0744 Beige - 80x150,1,0,hidden,,D-sign Rug 1D0744 Beige 80x150 cm,,,taxable,parent,0,0,,0,0,,150,80,3,0,,,1324,,,,,,,56907122-H,,,,,,2,,,Size,80x150,,1,,,,,,,,,,,,,,,,,,,,,,,,,,,,,,,,,,,,,80x150,,,,,,,,,,,,,,,,,,,,,,,,89731,,,,,,,,,,,,,,,,,,,
42887,variation,56911365,,D-sign Rug 1D0744 Beige - 120x170,1,0,hidden,,D-sign Rug 1D0744 Beige 120x170 cm,,,taxable,parent,0,0,,0,0,,170,120,3,0,,,1892,,,,,,,56907122-H,,,,,,3,,,Size,120x170,,1,,,,,,,,,,,,,,,,,,,,,,,,,,,,,,,,,,,,,120x170,,,,,,,,,,,,1786456047,,,,,,,,,,,,89733,,,,,,,,,,,,,,,,,,,
42888,variation,56911411,,D-sign Rug 1D0744 Beige - 140x190,1,0,hidden,,D-sign Rug 1D0744 Beige 140x190 cm,,,taxable,parent,0,0,,0,0,,190,140,3,0,,,2500,,,,,,,56907122-H,,,,,,4,,,Size,140x190,,1,,,,,,,,,,,,,,,,,,,,,,,,,,,,,,,,,,,,,140x190,,,,,,,,,,,,1786456111,,,,,,,,,,,,89734,,,,,,,,,,,,,,,,,,,
42889,variation,56911409,,D-sign Rug 1D0744 Beige - 160x220,1,0,hidden,,D-sign Rug 1D0744 Beige 160x220 cm,,,taxable,parent,0,0,,0,0,,220,160,3,0,,,3300,,,,,,,56907122-H,,,,,,5,,,Size,160x220,,1,,,,,,,,,,,,,,,,,,,,,,,,,,,,,,,,,,,,,160x220,,,,,,,,,,,,,,,,,,,,,,,,89735,,,,,,,,,,,,,,,,,,,
42890,variation,56907152,,D-sign Rug 1D0744 Beige - 180x270,1,0,hidden,,D-sign Rug 1D0744 Beige 180x270 cm,,,taxable,parent,0,0,,0,0,,270,180,3,0,,,4236,,,,,,,56907122-H,,,,,,6,,,Size,180x270,,1,,,,,,,,,,,,,,,,,,,,,,,,,,,,,,,,,,,,,180x270,,,,,,,,,,,,,,,,,,,,,,,,89736,,,,,,,,,,,,,,,,,,,
42891,variation,56907150,,D-sign Rug 1D0744 Beige - 200x290,1,0,hidden,,D-sign Rug 1D0744 Beige 200x290 cm,,,taxable,parent,0,0,,0,0,,290,200,3,0,,,5084,,,,,,,56907122-H,,,,,,7,,,Size,200x290,,1,,,,,,,,,,,,,,,,,,,,,,,,,,,,,,,,,,,,,200x290,,,,,,,,,,,,,,,,,,,,,,,,104134,,,,,,,,,,,,,,,,,,,
42897,variable,56907165-H,,D-sign Rug 1D0747 White,1,0,hidden,D-sign Rug 1D0747 White,D-sign Rug 1D0747 White,,,taxable,,0,,,0,0,,,,,0,,,,"Rooms > Bedroom, Rooms > Living room, Rugs > Modern, Rugs",,,"https://rugshop.eu/wp-content/uploads/2021/10/carpet-bunny-white-imitation-of-rabbit-fur.jpg, https://rugshop.eu/wp-content/uploads/2021/10/carpet-bunny-white-imitation-of-rabbit-fur-1.jpg, https://rugshop.eu/wp-content/uploads/2021/10/carpet-bunny-white-imitation-of-rabbit-fur-2.jpg, https://rugshop.eu/wp-content/uploads/2021/10/carpet-bunny-white-imitation-of-rabbit-fur-3.jpg",,,,,,,,,1170,,,Size,"120x170, 140x190, 160x220, 180x270, 200x290, 60x100, 80x150",1,1,Brand,D-sign,1,1,Color,White-Beige,1,1,Type of color,Singlecolor,1,1,Shape,Rectangular,1,1,Material,Polyester,1,1,Type of rug,Modern,1,1,Weave,Machinemade,1,1,Country,China,1,1,Age,New,1,1,,,,,default,default,default,default,,,,,1786456147,yes,yes,,,,,,,,,,,,,,,,,,,,,,,,,,,,,
42898,variable,56911472-H,,D-sign Rug 1D0748 Anthracite,1,0,hidden,D-sign Rug 1D0748 Anthracite,D-sign Rug 1D0748 Anthracite,,,taxable,,0,,,0,0,,,,,0,,,,"Rooms > Bedroom, Rooms > Living room, Rugs > Modern, Rugs",,,"https://rugshop.eu/wp-content/uploads/2021/10/carpet-bunny-circle-grey-imitation-of-rabbit-fur.jpg, https://rugshop.eu/wp-content/uploads/2021/10/carpet-bunny-circle-grey-imitation-of-rabbit-fur-1.jpg, https://rugshop.eu/wp-content/uploads/2021/10/carpet-bunny-circle-grey-imitation-of-rabbit-fur-2.jpg, https://rugshop.eu/wp-content/uploads/2021/10/carpet-bunny-circle-grey-imitation-of-rabbit-fur-3.jpg",,,,,,,,,1171,,,Size,"100, 120, 140, 160, 80",1,1,Brand,D-sign,1,1,Color,Black-Grey,1,1,Type of color,Singlecolor,1,1,Shape,Round,1,1,Material,Polyester,1,1,Type of rug,Modern,1,1,Weave,Machinemade,1,1,Country,China,1,1,Age,New,1,1,,,,,default,default,default,default,,,,,1786456166,yes,yes,,,,,,,,,,,,,,,,,,,,,,,,,,,,,
42899,variable,56911473-H,,D-sign Rug 1D0749 Beige,1,0,hidden,D-sign Rug 1D0749 Beige,D-sign Rug 1D0749 Beige,,,taxable,,0,,,0,0,,,,,0,,,,"Rooms > Bedroom, Rooms > Living room, Rugs > Modern, Rugs",,,"https://rugshop.eu/wp-content/uploads/2021/10/carpet-bunny-circle-beige-imitation-of-rabbit-fur.jpg, https://rugshop.eu/wp-content/uploads/2021/10/carpet-bunny-circle-beige-imitation-of-rabbit-fur-1.jpg, https://rugshop.eu/wp-content/uploads/2021/10/carpet-bunny-circle-beige-imitation-of-rabbit-fur-2.jpg, https://rugshop.eu/wp-content/uploads/2021/10/carpet-bunny-circle-beige-imitation-of-rabbit-fur-3.jpg",,,,,,,,,1172,,,Size,"100, 120, 140, 160, 80",1,1,Brand,D-sign,1,1,Color,White-Beige,1,1,Type of color,Singlecolor,1,1,Shape,Round,1,1,Material,Polyester,1,1,Type of rug,Modern,1,1,Weave,Machinemade,1,1,Country,China,1,1,Age,New,1,1,,,,,default,default,default,default,,,,,1786456162,yes,yes,,,,,,,,,,,,,,,,,,,,,,,,,,,,,
42900,variation,56907151,,D-sign Rug 1D0745 Pink - 60x100,1,0,hidden,,D-sign Rug 1D0745 Pink 60x100 cm,,,taxable,parent,0,0,,0,0,,100,60,3,0,,,860,,,,,,,56907151-H,,,,,,1,,,Size,60x100,,1,,,,,,,,,,,,,,,,,,,,,,,,,,,,,,,,,,,,,60x100,,,,,,,,,,,,1786453897,,,,,,,,,,,,89743,,,,,,,,,,,,,,,,,,,
42901,variation,56911433,,D-sign Rug 1D0745 Pink - 80x150,1,0,hidden,,D-sign Rug 1D0745 Pink 80x150 cm,,,taxable,parent,0,0,,0,0,,150,80,3,0,,,1324,,,,,,,56907151-H,,,,,,2,,,Size,80x150,,1,,,,,,,,,,,,,,,,,,,,,,,,,,,,,,,,,,,,,80x150,,,,,,,,,,,,,,,,,,,,,,,,89744,,,,,,,,,,,,,,,,,,,
42902,variation,56911427,,D-sign Rug 1D0745 Pink - 120x170,1,0,hidden,,D-sign Rug 1D0745 Pink 120x170 cm,,,taxable,parent,0,0,,0,0,,170,120,3,0,,,1892,,,,,,,56907151-H,,,,,,3,,,Size,120x170,,1,,,,,,,,,,,,,,,,,,,,,,,,,,,,,,,,,,,,,120x170,,,,,,,,,,,,1786456113,,,,,,,,,,,,89745,,,,,,,,,,,,,,,,,,,
42903,variation,56911435,,D-sign Rug 1D0745 Pink - 140x190,1,0,hidden,,D-sign Rug 1D0745 Pink 140x190 cm,,,taxable,parent,0,0,,0,0,,190,140,3,0,,,2500,,,,,,,56907151-H,,,,,,4,,,Size,140x190,,1,,,,,,,,,,,,,,,,,,,,,,,,,,,,,,,,,,,,,140x190,,,,,,,,,,,,1786456118,,,,,,,,,,,,89746,,,,,,,,,,,,,,,,,,,
42904,variation,56911432,,D-sign Rug 1D0745 Pink - 160x220,1,0,hidden,,D-sign Rug 1D0745 Pink 160x220 cm,,,taxable,parent,0,0,,0,0,,220,160,3,0,,,3300,,,,,,,56907151-H,,,,,,5,,,Size,160x220,,1,,,,,,,,,,,,,,,,,,,,,,,,,,,,,,,,,,,,,160x220,,,,,,,,,,,,1786456117,,,,,,,,,,,,89747,,,,,,,,,,,,,,,,,,,
42905,variation,56911428,,D-sign Rug 1D0745 Pink - 180x270,1,0,hidden,,D-sign Rug 1D0745 Pink 180x270 cm,,,taxable,parent,0,0,,0,0,,270,180,3,0,,,4236,,,,,,,56907151-H,,,,,,6,,,Size,180x270,,1,,,,,,,,,,,,,,,,,,,,,,,,,,,,,,,,,,,,,180x270,,,,,,,,,,,,1786456115,,,,,,,,,,,,89748,,,,,,,,,,,,,,,,,,,
42906,variation,56911429,,D-sign Rug 1D0745 Pink - 200x290,1,0,hidden,,D-sign Rug 1D0745 Pink 200x290 cm,,,taxable,parent,0,0,,0,0,,290,200,3,0,,,5084,,,,,,,56907151-H,,,,,,7,,,Size,200x290,,1,,,,,,,,,,,,,,,,,,,,,,,,,,,,,,,,,,,,,200x290,,,,,,,,,,,,,,,,,,,,,,,,104135,,,,,,,,,,,,,,,,,,,
42912,variation,56907163,,D-sign Rug 1D0746 Grey - 60x100,1,0,hidden,,D-sign Rug 1D0746 Grey 60x100 cm,,,taxable,parent,0,0,,0,0,,100,60,3,0,,,860,,,,,,,56907163-H,,,,,,1,,,Size,60x100,,1,,,,,,,,,,,,,,,,,,,,,,,,,,,,,,,,,,,,,60x100,,,,,,,,,,,,1786453898,,,,,,,,,,,,89761,,,,,,,,,,,,,,,,,,,
42913,variation,56911430,,D-sign Rug 1D0746 Grey - 80x150,1,0,hidden,,D-sign Rug 1D0746 Grey 80x150 cm,,,taxable,parent,0,0,,0,0,,150,80,3,0,,,1324,,,,,,,56907163-H,,,,,,2,,,Size,80x150,,1,,,,,,,,,,,,,,,,,,,,,,,,,,,,,,,,,,,,,80x150,,,,,,,,,,,,,,,,,,,,,,,,89762,,,,,,,,,,,,,,,,,,,
42914,variation,56911451,,D-sign Rug 1D0746 Grey - 120x170,1,0,hidden,,D-sign Rug 1D0746 Grey 120x170 cm,,,taxable,parent,0,0,,0,0,,170,120,3,0,,,1892,,,,,,,56907163-H,,,,,,3,,,Size,120x170,,1,,,,,,,,,,,,,,,,,,,,,,,,,,,,,,,,,,,,,120x170,,,,,,,,,,,,1786456120,,,,,,,,,,,,89763,,,,,,,,,,,,,,,,,,,
42915,variation,56911449,,D-sign Rug 1D0746 Grey - 140x190,1,0,hidden,,D-sign Rug 1D0746 Grey 140x190 cm,,,taxable,parent,0,0,,0,0,,190,140,3,0,,,2500,,,,,,,56907163-H,,,,,,4,,,Size,140x190,,1,,,,,,,,,,,,,,,,,,,,,,,,,,,,,,,,,,,,,140x190,,,,,,,,,,,,1786456119,,,,,,,,,,,,89764,,,,,,,,,,,,,,,,,,,
42916,variation,56911452,,D-sign Rug 1D0746 Grey - 160x220,1,0,hidden,,D-sign Rug 1D0746 Grey 160x220 cm,,,taxable,parent,0,0,,0,0,,220,160,3,0,,,3300,,,,,,,56907163-H,,,,,,5,,,Size,160x220,,1,,,,,,,,,,,,,,,,,,,,,,,,,,,,,,,,,,,,,160x220,,,,,,,,,,,,1786456120,,,,,,,,,,,,89765,,,,,,,,,,,,,,,,,,,
42917,variation,56911447,,D-sign Rug 1D0746 Grey - 180x270,1,0,hidden,,D-sign Rug 1D0746 Grey 180x270 cm,,,taxable,parent,0,0,,0,0,,270,180,3,0,,,4236,,,,,,,56907163-H,,,,,,6,,,Size,180x270,,1,,,,,,,,,,,,,,,,,,,,,,,,,,,,,,,,,,,,,180x270,,,,,,,,,,,,1786456118,,,,,,,,,,,,89766,,,,,,,,,,,,,,,,,,,
42918,variation,56911453,,D-sign Rug 1D0746 Grey - 200x290,1,0,hidden,,D-sign Rug 1D0746 Grey 200x290 cm,,,taxable,parent,0,0,,0,0,,290,200,3,0,,,5084,,,,,,,56907163-H,,,,,,7,,,Size,200x290,,1,,,,,,,,,,,,,,,,,,,,,,,,,,,,,,,,,,,,,200x290,,,,,,,,,,,,1786456121,,,,,,,,,,,,104136,,,,,,,,,,,,,,,,,,,
42924,variable,56911454-H,,D-sign Rug 1D0750 Pink,1,0,hidden,D-sign Rug 1D0750 Pink,D-sign Rug 1D0750 Pink,,,taxable,,0,,,0,0,,,,,0,,,,"Rooms > Bedroom, Rooms > Living room, Rugs > Modern, Rugs",,,"https://rugshop.eu/wp-content/uploads/2021/10/carpet-bunny-circle-pink-imitation-of-rabbit-fur.jpg, https://rugshop.eu/wp-content/uploads/2021/10/carpet-bunny-circle-pink-imitation-of-rabbit-fur-1.jpg, https://rugshop.eu/wp-content/uploads/2021/10/carpet-bunny-circle-pink-imitation-of-rabbit-fur-2.jpg, https://rugshop.eu/wp-content/uploads/2021/10/carpet-bunny-circle-pink-imitation-of-rabbit-fur.jpg",,,,,,,,,1173,,,Size,"100, 120, 140, 160, 80",1,1,Brand,D-sign,1,1,Color,Pink-Purple,1,1,Type of color,Singlecolor,1,1,Shape,Round,1,1,Material,Polyester,1,1,Type of rug,Modern,1,1,Weave,Machinemade,1,1,Country,China,1,1,Age,New,1,1,,,,,default,default,default,default,,,,,1786456158,yes,yes,,,,,,,,,,,,,,,,,,,,,,,,,,,,,
42925,variable,56911468-H,,D-sign Rug 1D0751 Grey,1,0,hidden,D-sign Rug 1D0751 Grey,D-sign Rug 1D0751 Grey,,,taxable,,0,,,0,0,,,,,0,,,,"Rooms > Bedroom, Rooms > Living room, Rugs > Modern, Rugs",,,"https://rugshop.eu/wp-content/uploads/2021/10/carpet-bunny-circle-silver-imitation-of-rabbit-fur.jpg, https://rugshop.eu/wp-content/uploads/2021/10/carpet-bunny-circle-silver-imitation-of-rabbit-fur-1.jpg, https://rugshop.eu/wp-content/uploads/2021/10/carpet-bunny-circle-silver-imitation-of-rabbit-fur-2.jpg, https://rugshop.eu/wp-content/uploads/2021/10/carpet-bunny-circle-silver-imitation-of-rabbit-fur-3.jpg",,,,,,,,,1174,,,Size,"100, 120, 140, 160, 80",1,1,Brand,D-sign,1,1,Color,Black-Grey,1,1,Type of color,Singlecolor,1,1,Shape,Round,1,1,Material,Polyester,1,1,Type of rug,Modern,1,1,Weave,Machinemade,1,1,Country,China,1,1,Age,New,1,1,,,,,default,default,default,default,,,,,1786456165,yes,yes,,,,,,,,,,,,,,,,,,,,,,,,,,,,,
42926,variation,56907165,,D-sign Rug 1D0747 White - 60x100,1,0,hidden,,D-sign Rug 1D0747 White 60x100 cm,,,taxable,parent,0,0,,0,0,,100,60,3,0,,,860,,,,,,,56907165-H,,,,,,1,,,Size,60x100,,1,,,,,,,,,,,,,,,,,,,,,,,,,,,,,,,,,,,,,60x100,,,,,,,,,,,,1786453898,,,,,,,,,,,,89779,,,,,,,,,,,,,,,,,,,
42927,variation,56911434,,D-sign Rug 1D0747 White - 80x150,1,0,hidden,,D-sign Rug 1D0747 White 80x150 cm,,,taxable,parent,0,0,,0,0,,150,80,3,0,,,1324,,,,,,,56907165-H,,,,,,2,,,Size,80x150,,1,,,,,,,,,,,,,,,,,,,,,,,,,,,,,,,,,,,,,80x150,,,,,,,,,,,,1786456117,,,,,,,,,,,,89780,,,,,,,,,,,,,,,,,,,
42928,variation,56911448,,D-sign Rug 1D0747 White - 120x170,1,0,hidden,,D-sign Rug 1D0747 White 120x170 cm,,,taxable,parent,0,0,,0,0,,170,120,3,0,,,1892,,,,,,,56907165-H,,,,,,3,,,Size,120x170,,1,,,,,,,,,,,,,,,,,,,,,,,,,,,,,,,,,,,,,120x170,,,,,,,,,,,,1786456119,,,,,,,,,,,,89781,,,,,,,,,,,,,,,,,,,
42929,variation,56911450,,D-sign Rug 1D0747 White - 140x190,1,0,hidden,,D-sign Rug 1D0747 White 140x190 cm,,,taxable,parent,0,0,,0,0,,190,140,3,0,,,2500,,,,,,,56907165-H,,,,,,4,,,Size,140x190,,1,,,,,,,,,,,,,,,,,,,,,,,,,,,,,,,,,,,,,140x190,,,,,,,,,,,,1786456119,,,,,,,,,,,,89782,,,,,,,,,,,,,,,,,,,
42930,variation,56907191,,D-sign Rug 1D0747 White - 160x220,1,0,hidden,,D-sign Rug 1D0747 White 160x220 cm,,,taxable,parent,0,0,,0,0,,220,160,3,0,,,3300,,,,,,,56907165-H,,,,,,5,,,Size,160x220,,1,,,,,,,,,,,,,,,,,,,,,,,,,,,,,,,,,,,,,160x220,,,,,,,,,,,,1786453902,,,,,,,,,,,,89783,,,,,,,,,,,,,,,,,,,
42931,variation,56907192,,D-sign Rug 1D0747 White - 180x270,1,0,hidden,,D-sign Rug 1D0747 White 180x270 cm,,,taxable,parent,0,0,,0,0,,270,180,3,0,,,4236,,,,,,,56907165-H,,,,,,6,,,Size,180x270,,1,,,,,,,,,,,,,,,,,,,,,,,,,,,,,,,,,,,,,180x270,,,,,,,,,,,,1786453902,,,,,,,,,,,,89784,,,,,,,,,,,,,,,,,,,
42932,variation,56907189,,D-sign Rug 1D0747 White - 200x290,1,0,hidden,,D-sign Rug 1D0747 White 200x290 cm,,,taxable,parent,0,0,,0,0,,290,200,3,0,,,5084,,,,,,,56907165-H,,,,,,7,,,Size,200x290,,1,,,,,,,,,,,,,,,,,,,,,,,,,,,,,,,,,,,,,200x290,,,,,,,,,,,,,,,,,,,,,,,,104137,,,,,,,,,,,,,,,,,,,
42938,variation,56911472,,D-sign Rug 1D0748 Anthracite - 80,1,0,hidden,,D-sign Rug 1D0748 Anthracite 80 cm,,,taxable,parent,0,0,,0,0,,80,80,3,0,,,900,,,,,,,56911472-H,,,,,,1,,,Size,80,,1,,,,,,,,,,,,,,,,,,,,,,,,,,,,,,,,,,,,,80,,,,,,,,,,,,1786456126,,,,,,,,,,,,89815,,,,,,,,,,,,,,,,,,,
42939,variation,56907190,,D-sign Rug 1D0748 Anthracite - 100,1,0,hidden,,D-sign Rug 1D0748 Anthracite 100 cm,,,taxable,parent,0,0,,0,0,,100,100,3,0,,,1188,,,,,,,56911472-H,,,,,,2,,,Size,100,,1,,,,,,,,,,,,,,,,,,,,,,,,,,,,,,,,,,,,,100,,,,,,,,,,,,1786453901,,,,,,,,,,,,89816,,,,,,,,,,,,,,,,,,,
42940,variation,56911474,,D-sign Rug 1D0748 Anthracite - 120,1,0,hidden,,D-sign Rug 1D0748 Anthracite 120 cm,,,taxable,parent,0,0,,0,0,,120,120,3,0,,,1564,,,,,,,56911472-H,,,,,,3,,,Size,120,,1,,,,,,,,,,,,,,,,,,,,,,,,,,,,,,,,,,,,,120,,,,,,,,,,,,,,,,,,,,,,,,89817,,,,,,,,,,,,,,,,,,,
42941,variation,56911470,,D-sign Rug 1D0748 Anthracite - 140,1,0,hidden,,D-sign Rug 1D0748 Anthracite 140 cm,,,taxable,parent,0,0,,0,0,,140,140,3,0,,,1940,,,,,,,56911472-H,,,,,,4,,,Size,140,,1,,,,,,,,,,,,,,,,,,,,,,,,,,,,,,,,,,,,,140,,,,,,,,,,,,,,,,,,,,,,,,89818,,,,,,,,,,,,,,,,,,,
42942,variation,56911475,,D-sign Rug 1D0748 Anthracite - 160,1,0,hidden,,D-sign Rug 1D0748 Anthracite 160 cm,,,taxable,parent,0,0,,0,0,,160,160,3,0,,,2404,,,,,,,56911472-H,,,,,,5,,,Size,160,,1,,,,,,,,,,,,,,,,,,,,,,,,,,,,,,,,,,,,,160,,,,,,,,,,,,1786456127,,,,,,,,,,,,104147,,,,,,,,,,,,,,,,,,,
42948,variable,56911488-H,,D-sign Rug 1D0752 White,1,0,hidden,D-sign Rug 1D0752 White,D-sign Rug 1D0752 White,,,taxable,,0,,,0,0,,,,,0,,,,"Rooms > Bedroom, Rooms > Living room, Rugs > Modern, Rugs",,,"https://rugshop.eu/wp-content/uploads/2021/10/carpet-bunny-circle-white-imitation-of-rabbit-fur.jpg, https://rugshop.eu/wp-content/uploads/2021/10/carpet-bunny-circle-white-imitation-of-rabbit-fur-1.jpg, https://rugshop.eu/wp-content/uploads/2021/10/carpet-bunny-circle-white-imitation-of-rabbit-fur-2.jpg, https://rugshop.eu/wp-content/uploads/2021/10/carpet-bunny-circle-white-imitation-of-rabbit-fur-3.jpg",,,,,,,,,1175,,,Size,"100, 120, 140, 160, 80",1,1,Brand,D-sign,1,1,Color,White-Beige,1,1,Type of color,Singlecolor,1,1,Shape,Round,1,1,Material,Polyester,1,1,Type of rug,Modern,1,1,Weave,Machinemade,1,1,Country,China,1,1,Age,New,1,1,,,,,default,default,default,default,,,,,1786456188,yes,yes,,,,,,,,,,,,,,,,,,,,,,,,,,,,,
42950,variation,56911473,,D-sign Rug 1D0749 Beige - 80,1,0,hidden,,D-sign Rug 1D0749 Beige 80 cm,,,taxable,parent,0,0,,0,0,,80,80,3,0,,,900,,,,,,,56911473-H,,,,,,1,,,Size,80,,1,,,,,,,,,,,,,,,,,,,,,,,,,,,,,,,,,,,,,80,,,,,,,,,,,,1786456126,,,,,,,,,,,,89823,,,,,,,,,,,,,,,,,,,
42951,variation,56907193,,D-sign Rug 1D0749 Beige - 100,1,0,hidden,,D-sign Rug 1D0749 Beige 100 cm,,,taxable,parent,0,0,,0,0,,100,100,3,0,,,1188,,,,,,,56911473-H,,,,,,2,,,Size,100,,1,,,,,,,,,,,,,,,,,,,,,,,,,,,,,,,,,,,,,100,,,,,,,,,,,,1786453902,,,,,,,,,,,,89825,,,,,,,,,,,,,,,,,,,
42952,variation,56911467,,D-sign Rug 1D0749 Beige - 120,1,0,hidden,,D-sign Rug 1D0749 Beige 120 cm,,,taxable,parent,0,0,,0,0,,120,120,3,0,,,1564,,,,,,,56911473-H,,,,,,3,,,Size,120,,1,,,,,,,,,,,,,,,,,,,,,,,,,,,,,,,,,,,,,120,,,,,,,,,,,,1786456124,,,,,,,,,,,,89826,,,,,,,,,,,,,,,,,,,
42953,variation,56911471,,D-sign Rug 1D0749 Beige - 140,1,0,hidden,,D-sign Rug 1D0749 Beige 140 cm,,,taxable,parent,0,0,,0,0,,140,140,3,0,,,1940,,,,,,,56911473-H,,,,,,4,,,Size,140,,1,,,,,,,,,,,,,,,,,,,,,,,,,,,,,,,,,,,,,140,,,,,,,,,,,,1786456125,,,,,,,,,,,,89827,,,,,,,,,,,,,,,,,,,
42954,variation,56911455,,D-sign Rug 1D0749 Beige - 160,1,0,hidden,,D-sign Rug 1D0749 Beige 160 cm,,,taxable,parent,0,0,,0,0,,160,160,3,0,,,2404,,,,,,,56911473-H,,,,,,5,,,Size,160,,1,,,,,,,,,,,,,,,,,,,,,,,,,,,,,,,,,,,,,160,,,,,,,,,,,,1786456123,,,,,,,,,,,,104148,,,,,,,,,,,,,,,,,,,
42959,variation,56911454,,D-sign Rug 1D0750 Pink - 80,1,0,hidden,,D-sign Rug 1D0750 Pink 80 cm,,,taxable,parent,0,0,,0,0,,80,80,3,0,,,900,,,,,,,56911454-H,,,,,,1,,,Size,80,,1,,,,,,,,,,,,,,,,,,,,,,,,,,,,,,,,,,,,,80,,,,,,,,,,,,1786456122,,,,,,,,,,,,89847,,,,,,,,,,,,,,,,,,,
42960,variation,56907177,,D-sign Rug 1D0750 Pink - 100,1,0,hidden,,D-sign Rug 1D0750 Pink 100 cm,,,taxable,parent,0,0,,0,0,,100,100,3,0,,,1188,,,,,,,56911454-H,,,,,,2,,,Size,100,,1,,,,,,,,,,,,,,,,,,,,,,,,,,,,,,,,,,,,,100,,,,,,,,,,,,1786453899,,,,,,,,,,,,89848,,,,,,,,,,,,,,,,,,,
42961,variation,56911466,,D-sign Rug 1D0750 Pink - 120,1,0,hidden,,D-sign Rug 1D0750 Pink 120 cm,,,taxable,parent,0,0,,0,0,,120,120,3,0,,,1564,,,,,,,56911454-H,,,,,,3,,,Size,120,,1,,,,,,,,,,,,,,,,,,,,,,,,,,,,,,,,,,,,,120,,,,,,,,,,,,,,,,,,,,,,,,89849,,,,,,,,,,,,,,,,,,,
42962,variation,56911446,,D-sign Rug 1D0750 Pink - 140,1,0,hidden,,D-sign Rug 1D0750 Pink 140 cm,,,taxable,parent,0,0,,0,0,,140,140,3,0,,,1940,,,,,,,56911454-H,,,,,,4,,,Size,140,,1,,,,,,,,,,,,,,,,,,,,,,,,,,,,,,,,,,,,,140,,,,,,,,,,,,,,,,,,,,,,,,89850,,,,,,,,,,,,,,,,,,,
42963,variation,56911469,,D-sign Rug 1D0750 Pink - 160,1,0,hidden,,D-sign Rug 1D0750 Pink 160 cm,,,taxable,parent,0,0,,0,0,,160,160,3,0,,,2404,,,,,,,56911454-H,,,,,,5,,,Size,160,,1,,,,,,,,,,,,,,,,,,,,,,,,,,,,,,,,,,,,,160,,,,,,,,,,,,,,,,,,,,,,,,104149,,,,,,,,,,,,,,,,,,,
42970,variable,56907254-H,,D-sign Rug 1D0755 Grey,1,0,hidden,D-sign Rug 1D0755 Grey ,D-sign Rug 1D0755 Grey ,,,taxable,,0,,,0,0,,,,,1,,,,"Rooms > Bedroom, Rooms > Living room, Rugs > Modern, Rugs",,,"https://rugshop.eu/wp-content/uploads/2021/10/carpet-feel-5756-16811-rectangles-grey.jpg, https://rugshop.eu/wp-content/uploads/2021/10/carpet-feel-5756-16811-rectangles-grey-1.jpg, https://rugshop.eu/wp-content/uploads/2021/10/carpet-feel-5756-16811-rectangles-grey-2.jpg, https://rugshop.eu/wp-content/uploads/2021/10/carpet-feel-5756-16811-rectangles-grey-3.jpg",,,,,,,,,1178,,,Size,"120x170, 140x190, 160x220, 180x270, 200x290, 240x330, 280x370, 80x150",1,1,Brand,D-sign,1,1,Color,Black-Grey,1,1,Type of color,Multicolor,1,1,Shape,Rectangular,1,1,Material,Polypropen,1,1,Type of rug,Modern,1,1,Weave,Machinemade,1,1,Country,Moldova,1,1,Age,New,1,1,,,,,,,,,,,,,1786456190,yes,yes,,,,,,,,,,,,,,,,,,,,,,,,,,,,,
42971,variation,56911468,,D-sign Rug 1D0751 Grey - 80,1,0,hidden,,D-sign Rug 1D0751 Grey 80 cm,,,taxable,parent,0,0,,0,0,,80,80,3,0,,,900,,,,,,,56911468-H,,,,,,1,,,Size,80,,1,,,,,,,,,,,,,,,,,,,,,,,,,,,,,,,,,,,,,80,,,,,,,,,,,,1786456125,,,,,,,,,,,,89855,,,,,,,,,,,,,,,,,,,
42972,variation,56907178,,D-sign Rug 1D0751 Grey - 100,1,0,hidden,,D-sign Rug 1D0751 Grey 100 cm,,,taxable,parent,0,0,,0,0,,100,100,3,0,,,1188,,,,,,,56911468-H,,,,,,2,,,Size,100,,1,,,,,,,,,,,,,,,,,,,,,,,,,,,,,,,,,,,,,100,,,,,,,,,,,,1786453900,,,,,,,,,,,,89856,,,,,,,,,,,,,,,,,,,
42973,variation,56907205,,D-sign Rug 1D0751 Grey - 120,1,0,hidden,,D-sign Rug 1D0751 Grey 120 cm,,,taxable,parent,0,0,,0,0,,120,120,3,0,,,1564,,,,,,,56911468-H,,,,,,3,,,Size,120,,1,,,,,,,,,,,,,,,,,,,,,,,,,,,,,,,,,,,,,120,,,,,,,,,,,,1786453939,,,,,,,,,,,,89857,,,,,,,,,,,,,,,,,,,
42974,variation,56907207,,D-sign Rug 1D0751 Grey - 140,1,0,hidden,,D-sign Rug 1D0751 Grey 140 cm,,,taxable,parent,0,0,,0,0,,140,140,3,0,,,1940,,,,,,,56911468-H,,,,,,4,,,Size,140,,1,,,,,,,,,,,,,,,,,,,,,,,,,,,,,,,,,,,,,140,,,,,,,,,,,,1786453940,,,,,,,,,,,,89858,,,,,,,,,,,,,,,,,,,
42975,variation,56907204,,D-sign Rug 1D0751 Grey - 160,1,0,hidden,,D-sign Rug 1D0751 Grey 160 cm,,,taxable,parent,0,0,,0,0,,160,160,3,0,,,2404,,,,,,,56911468-H,,,,,,5,,,Size,160,,1,,,,,,,,,,,,,,,,,,,,,,,,,,,,,,,,,,,,,160,,,,,,,,,,,,1786453904,,,,,,,,,,,,104150,,,,,,,,,,,,,,,,,,,
42981,variation,56911488,,D-sign Rug 1D0752 White - 80,1,0,hidden,,D-sign Rug 1D0752 White 80 cm,,,taxable,parent,0,0,,0,0,,80,80,3,0,,,900,,,,,,,56911488-H,,,,,,1,,,Size,80,,1,,,,,,,,,,,,,,,,,,,,,,,,,,,,,,,,,,,,,80,,,,,,,,,,,,1786456128,,,,,,,,,,,,89863,,,,,,,,,,,,,,,,,,,
42982,variation,56907206,,D-sign Rug 1D0752 White - 100,1,0,hidden,,D-sign Rug 1D0752 White 100 cm,,,taxable,parent,0,0,,0,0,,100,100,3,0,,,1188,,,,,,,56911488-H,,,,,,2,,,Size,100,,1,,,,,,,,,,,,,,,,,,,,,,,,,,,,,,,,,,,,,100,,,,,,,,,,,,1786453939,,,,,,,,,,,,89864,,,,,,,,,,,,,,,,,,,
42983,variation,56911495,,D-sign Rug 1D0752 White - 120,1,0,hidden,,D-sign Rug 1D0752 White 120 cm,,,taxable,parent,0,0,,0,0,,120,120,3,0,,,1564,,,,,,,56911488-H,,,,,,3,,,Size,120,,1,,,,,,,,,,,,,,,,,,,,,,,,,,,,,,,,,,,,,120,,,,,,,,,,,,1786456174,,,,,,,,,,,,89865,,,,,,,,,,,,,,,,,,,
42984,variation,56911490,,D-sign Rug 1D0752 White - 140,1,0,hidden,,D-sign Rug 1D0752 White 140 cm,,,taxable,parent,0,0,,0,0,,140,140,3,0,,,1940,,,,,,,56911488-H,,,,,,4,,,Size,140,,1,,,,,,,,,,,,,,,,,,,,,,,,,,,,,,,,,,,,,140,,,,,,,,,,,,1786456173,,,,,,,,,,,,89866,,,,,,,,,,,,,,,,,,,
42985,variation,56911486,,D-sign Rug 1D0752 White - 160,1,0,hidden,,D-sign Rug 1D0752 White 160 cm,,,taxable,parent,0,0,,0,0,,160,160,3,0,,,2404,,,,,,,56911488-H,,,,,,5,,,Size,160,,1,,,,,,,,,,,,,,,,,,,,,,,,,,,,,,,,,,,,,160,,,,,,,,,,,,1786456128,,,,,,,,,,,,104151,,,,,,,,,,,,,,,,,,,
42991,variable,56907240-H,,D-sign Rug 1D0756 Grey,1,0,hidden,D-sign Rug 1D0756 Grey ,D-sign Rug 1D0756 Grey ,,,taxable,,0,,,0,0,,,,,1,,,,"Rooms > Bedroom, Rooms > Living room, Rugs > Modern, Rugs",,,"https://rugshop.eu/wp-content/uploads/2021/10/carpet-feel-1827-16811-leaves-grey-cream.jpg, https://rugshop.eu/wp-content/uploads/2021/10/carpet-feel-1827-16811-leaves-grey-cream-1.jpg, https://rugshop.eu/wp-content/uploads/2021/10/carpet-feel-1827-16811-leaves-grey-cream-2.jpg, https://rugshop.eu/wp-content/uploads/2021/10/carpet-feel-1827-16811-leaves-grey-cream-3.jpg",,,,,,,,,1179,,,Size,"120x170, 140x190, 160x220, 180x270, 200x290, 240x330, 280x370, 80x150",1,1,Brand,D-sign,1,1,Color,Black-Grey,1,1,Type of color,Multicolor,1,1,Shape,Rectangular,1,1,Material,Polypropen,1,1,Type of rug,Modern,1,1,Weave,Machinemade,1,1,Country,Moldova,1,1,Age,New,1,1,,,,,,,,,,,,,1786456185,yes,yes,,,,,,,,,,,,,,,,,,,,,,,,,,,,,
43019,variation,56907254,,D-sign Rug 1D0755 Grey - 80x150,1,0,hidden,,D-sign Rug 1D0755 Grey 80x150 cm,,,taxable,parent,0,0,,0,0,,150,80,1.3,0,,,860,,,,,,,56907254-H,,,,,,1,,,Size,80x150,,1,,,,,,,,,,,,,,,,,,,,,,,,,,,,,,,,,,,,,80x150,,,,,,,,,,,,,,,,,,,,,,,,90193,,,,,,,,,,,,,,,,,,,
43020,variation,56911551,,D-sign Rug 1D0755 Grey - 120x170,1,0,hidden,,D-sign Rug 1D0755 Grey 120x170 cm,,,taxable,parent,0,0,,0,0,,170,120,1.3,0,,,1324,,,,,,,56907254-H,,,,,,2,,,Size,120x170,,1,,,,,,,,,,,,,,,,,,,,,,,,,,,,,,,,,,,,,120x170,,,,,,,,,,,,,,,,,,,,,,,,90194,,,,,,,,,,,,,,,,,,,
43021,variation,56911554,,D-sign Rug 1D0755 Grey - 140x190,1,0,hidden,,D-sign Rug 1D0755 Grey 140x190 cm,,,taxable,parent,0,0,,0,0,,190,140,1.3,0,,,1564,,,,,,,56907254-H,,,,,,3,,,Size,140x190,,1,,,,,,,,,,,,,,,,,,,,,,,,,,,,,,,,,,,,,140x190,,,,,,,,,,,,,,,,,,,,,,,,90195,,,,,,,,,,,,,,,,,,,
43022,variation,56911517,,D-sign Rug 1D0755 Grey - 160x220,1,0,hidden,,D-sign Rug 1D0755 Grey 160x220 cm,,,taxable,parent,0,0,,0,0,,220,160,1.3,0,,,2132,,,,,,,56907254-H,,,,,,4,,,Size,160x220,,1,,,,,,,,,,,,,,,,,,,,,,,,,,,,,,,,,,,,,160x220,,,,,,,,,,,,,,,,,,,,,,,,90196,,,,,,,,,,,,,,,,,,,
43023,variation,56911518,,D-sign Rug 1D0755 Grey - 180x270,1,0,hidden,,D-sign Rug 1D0755 Grey 180x270 cm,,,taxable,parent,0,0,,0,0,,270,180,1.3,0,,,2452,,,,,,,56907254-H,,,,,,5,,,Size,180x270,,1,,,,,,,,,,,,,,,,,,,,,,,,,,,,,,,,,,,,,180x270,,,,,,,,,,,,,,,,,,,,,,,,90197,,,,,,,,,,,,,,,,,,,
43024,variation,56911525,,D-sign Rug 1D0755 Grey - 200x290,1,0,hidden,,D-sign Rug 1D0755 Grey 200x290 cm,,,taxable,parent,0,0,,0,0,,290,200,1.3,0,,,2828,,,,,,,56907254-H,,,,,,6,,,Size,200x290,,1,,,,,,,,,,,,,,,,,,,,,,,,,,,,,,,,,,,,,200x290,,,,,,,,,,,,,,,,,,,,,,,,90198,,,,,,,,,,,,,,,,,,,
43025,variation,56911523,,D-sign Rug 1D0755 Grey - 240x330,1,0,hidden,,D-sign Rug 1D0755 Grey 240x330 cm,,,taxable,parent,0,0,,0,0,,330,240,1.3,0,,,3764,,,,,,,56907254-H,,,,,,7,,,Size,240x330,,1,,,,,,,,,,,,,,,,,,,,,,,,,,,,,,,,,,,,,240x330,,,,,,,,,,,,,,,,,,,,,,,,90208,,,,,,,,,,,,,,,,,,,
43026,variation,56911521,,D-sign Rug 1D0755 Grey - 280x370,1,0,hidden,,D-sign Rug 1D0755 Grey 280x370 cm,,,taxable,parent,0,0,,0,0,,370,280,1.3,0,,,5348,,,,,,,56907254-H,,,,,,8,,,Size,280x370,,1,,,,,,,,,,,,,,,,,,,,,,,,,,,,,,,,,,,,,280x370,,,,,,,,,,,,1786456175,,,,,,,,,,,,90199,,,,,,,,,,,,,,,,,,,
43034,variable,56907282-H,,D-sign Rug 1D0760 Pink,1,0,hidden,D-sign Rug 1D0760 Pink,D-sign Rug 1D0760 Pink,,,taxable,,0,,,0,0,,,,,0,,,,"Rooms > Kids, Rugs > Kids, Rugs",,,"https://rugshop.eu/wp-content/uploads/2021/10/carpet-play-balloons-letters-alphabet-g3548-3-pink.jpg, https://rugshop.eu/wp-content/uploads/2021/10/carpet-play-balloons-letters-alphabet-g3548-3-pink-1.jpg, https://rugshop.eu/wp-content/uploads/2021/10/carpet-play-balloons-letters-alphabet-g3548-3-pink-2.jpg, https://rugshop.eu/wp-content/uploads/2021/10/carpet-play-balloons-letters-alphabet-g3548-3-pink-3.jpg",,,,,,,,,1183,,,Size,"120x165, 120x170, 140x185, 140x190, 160x200, 160x215",1,1,Brand,D-sign,1,1,Color,Pink-Purple,1,1,Type of color,Multicolor,1,1,Shape,Rectangular,1,1,Material,Polyester,1,1,Type of rug,Modern,1,1,Weave,Machinemade,1,1,Country,China,1,1,Age,New,1,1,,,,,default,default,default,default,,,,,1786456193,yes,yes,,,,,,,,,,,,,,,,,,,,,,,,,,,,,
43035,variation,56907240,,D-sign Rug 1D0756 Grey - 80x150,1,0,hidden,,D-sign Rug 1D0756 Grey 80x150 cm,,,taxable,parent,0,0,,0,0,,150,80,1.3,0,,,860,,,,,,,56907240-H,,,,,,1,,,Size,80x150,,1,,,,,,,,,,,,,,,,,,,,,,,,,,,,,,,,,,,,,80x150,,,,,,,,,,,,,,,,,,,,,,,,90200,,,,,,,,,,,,,,,,,,,
43036,variation,56911493,,D-sign Rug 1D0756 Grey - 120x170,1,0,hidden,,D-sign Rug 1D0756 Grey 120x170 cm,,,taxable,parent,0,0,,0,0,,170,120,1.3,0,,,1324,,,,,,,56907240-H,,,,,,2,,,Size,120x170,,1,,,,,,,,,,,,,,,,,,,,,,,,,,,,,,,,,,,,,120x170,,,,,,,,,,,,1786456174,,,,,,,,,,,,90201,,,,,,,,,,,,,,,,,,,
43037,variation,56911489,,D-sign Rug 1D0756 Grey - 140x190,1,0,hidden,,D-sign Rug 1D0756 Grey 140x190 cm,,,taxable,parent,0,0,,0,0,,190,140,1.3,0,,,1564,,,,,,,56907240-H,,,,,,3,,,Size,140x190,,1,,,,,,,,,,,,,,,,,,,,,,,,,,,,,,,,,,,,,140x190,,,,,,,,,,,,1786456172,,,,,,,,,,,,90202,,,,,,,,,,,,,,,,,,,
43038,variation,56911520,,D-sign Rug 1D0756 Grey - 160x220,1,0,hidden,,D-sign Rug 1D0756 Grey 160x220 cm,,,taxable,parent,0,0,,0,0,,220,160,1.3,0,,,2132,,,,,,,56907240-H,,,,,,4,,,Size,160x220,,1,,,,,,,,,,,,,,,,,,,,,,,,,,,,,,,,,,,,,160x220,,,,,,,,,,,,,,,,,,,,,,,,90203,,,,,,,,,,,,,,,,,,,
43039,variation,56911526,,D-sign Rug 1D0756 Grey - 180x270,1,0,hidden,,D-sign Rug 1D0756 Grey 180x270 cm,,,taxable,parent,0,0,,0,0,,270,180,1.3,0,,,2452,,,,,,,56907240-H,,,,,,5,,,Size,180x270,,1,,,,,,,,,,,,,,,,,,,,,,,,,,,,,,,,,,,,,180x270,,,,,,,,,,,,,,,,,,,,,,,,90204,,,,,,,,,,,,,,,,,,,
43040,variation,56911522,,D-sign Rug 1D0756 Grey - 200x290,1,0,hidden,,D-sign Rug 1D0756 Grey 200x290 cm,,,taxable,parent,0,0,,0,0,,290,200,1.3,0,,,2828,,,,,,,56907240-H,,,,,,6,,,Size,200x290,,1,,,,,,,,,,,,,,,,,,,,,,,,,,,,,,,,,,,,,200x290,,,,,,,,,,,,,,,,,,,,,,,,90205,,,,,,,,,,,,,,,,,,,
43041,variation,56911519,,D-sign Rug 1D0756 Grey - 240x330,1,0,hidden,,D-sign Rug 1D0756 Grey 240x330 cm,,,taxable,parent,0,0,,0,0,,330,240,1.3,0,,,3764,,,,,,,56907240-H,,,,,,7,,,Size,240x330,,1,,,,,,,,,,,,,,,,,,,,,,,,,,,,,,,,,,,,,240x330,,,,,,,,,,,,,,,,,,,,,,,,90207,,,,,,,,,,,,,,,,,,,
43042,variation,56911524,,D-sign Rug 1D0756 Grey - 280x370,1,0,hidden,,D-sign Rug 1D0756 Grey 280x370 cm,,,taxable,parent,0,0,,0,0,,370,280,1.3,0,,,5348,,,,,,,56907240-H,,,,,,8,,,Size,280x370,,1,,,,,,,,,,,,,,,,,,,,,,,,,,,,,,,,,,,,,280x370,,,,,,,,,,,,1786456175,,,,,,,,,,,,90206,,,,,,,,,,,,,,,,,,,
43049,variable,56907298-H,,D-sign Rug 1D0761 Blue,1,0,hidden,D-sign Rug 1D0761 Blue,D-sign Rug 1D0761 Blue,,,taxable,,0,,,0,0,,,,,0,,,,"Rooms > Kids, Rugs > Kids, Rugs",,,"https://rugshop.eu/wp-content/uploads/2021/10/carpet-play-balloons-clouds-g3426-2-green.jpg, https://rugshop.eu/wp-content/uploads/2021/10/carpet-play-balloons-clouds-g3426-2-green-1.jpg, https://rugshop.eu/wp-content/uploads/2021/10/carpet-play-balloons-clouds-g3426-2-green-2.jpg, https://rugshop.eu/wp-content/uploads/2021/10/carpet-play-balloons-clouds-g3426-2-green-3.jpg",,,,,,,,,1184,,,Size,"120x165, 120x170, 140x185, 140x190, 160x200, 160x215",1,1,Brand,D-sign,1,1,Color,Blue,1,1,Type of color,Multicolor,1,1,Shape,Rectangular,1,1,Material,Polyester,1,1,Type of rug,Modern,1,1,Weave,Machinemade,1,1,Country,China,1,1,Age,New,1,1,,,,,default,default,default,default,,,,,1786453961,yes,yes,,,,,,,,,,,,,,,,,,,,,,,,,,,,,
43067,variable,56996187-H,,D-sign Rug 1D0763 Blue,1,0,hidden,D-sign Rug 1D0763 Blue,D-sign Rug 1D0763 Blue,,,taxable,,0,,,0,0,,,,,0,,,,"Rooms > Kids, Rugs > Kids, Rugs",,,"https://rugshop.eu/wp-content/uploads/2021/10/carpet-play-bear-stars-g4016-1-green.jpg, https://rugshop.eu/wp-content/uploads/2021/10/carpet-play-bear-stars-g4016-1-green-1.jpg, https://rugshop.eu/wp-content/uploads/2021/10/carpet-play-bear-stars-g4016-1-green-2.jpg, https://rugshop.eu/wp-content/uploads/2021/10/carpet-play-bear-stars-g4016-1-green-3.jpg",,,,,,,,,1186,,,Size,"120x165, 120x170, 140x185, 140x190, 160x200, 160x215",1,1,Brand,D-sign,1,1,Color,Blue,1,1,Type of color,Multicolor,1,1,Shape,Rectangular,1,1,Material,Polyester,1,1,Type of rug,Modern,1,1,Weave,Machinemade,1,1,Country,China,1,1,Age,New,1,1,,,,,default,default,default,default,,,,,1786457587,yes,yes,,,,,,,,,,,,,,,,,,,,,,,,,,,,,
43082,variable,56907309-H,,D-sign Rug 1D0764 Pink,1,0,hidden,D-sign Rug 1D0764 Pink,D-sign Rug 1D0764 Pink,,,taxable,,0,,,0,0,,,,,0,,,,"Rooms > Kids, Rugs > Kids, Rugs",,,"https://rugshop.eu/wp-content/uploads/2021/10/carpet-play-bear-stars-g4016-5-pink.jpg, https://rugshop.eu/wp-content/uploads/2021/10/carpet-play-bear-stars-g4016-5-pink-1.jpg, https://rugshop.eu/wp-content/uploads/2021/10/carpet-play-bear-stars-g4016-5-pink-2.jpg, https://rugshop.eu/wp-content/uploads/2021/10/carpet-play-bear-stars-g4016-5-pink-3.jpg",,,,,,,,,1187,,,Size,"120x165, 120x170, 140x185, 140x190, 160x200, 160x215",1,1,Brand,D-sign,1,1,Color,Pink-Purple,1,1,Type of color,Multicolor,1,1,Shape,Rectangular,1,1,Material,Polyester,1,1,Type of rug,Modern,1,1,Weave,Machinemade,1,1,Country,Turkey,1,1,Age,New,1,1,,,,,default,default,default,default,,,,,1786456194,yes,yes,,,,,,,,,,,,,,,,,,,,,,,,,,,,,
43083,variation,56907282,,D-sign Rug 1D0760 Pink - 120x165,1,0,hidden,,D-sign Rug 1D0760 Pink 120x165 cm,,,taxable,parent,0,0,,0,0,,165,120,1.5,0,,,1324,,,,,,,56907282-H,,,,,,1,,,Size,120x165,,1,,,,,,,,,,,,,,,,,,,,,,,,,,,,,,,,,,,,,120x165,,,,,,,,,,,,,,,,,,,,,,,,90542,,,,,,,,,,,,,,,,,,,
43084,variation,56911569,,D-sign Rug 1D0760 Pink - 120x170,1,0,hidden,,D-sign Rug 1D0760 Pink 120x170 cm,,,taxable,parent,0,0,,0,0,,170,120,1.5,0,,,1380,,,,,,,56907282-H,,,,,,2,,,Size,120x170,,1,,,,,,,,,,,,,,,,,,,,,,,,,,,,,,,,,,,,,120x170,,,,,,,,,,,,,,,,,,,,,,,,90543,,,,,,,,,,,,,,,,,,,
43085,variation,56911570,,D-sign Rug 1D0760 Pink - 140x185,1,0,hidden,,D-sign Rug 1D0760 Pink 140x185 cm,,,taxable,parent,0,0,,0,0,,185,140,1.5,0,,,1652,,,,,,,56907282-H,,,,,,3,,,Size,140x185,,1,,,,,,,,,,,,,,,,,,,,,,,,,,,,,,,,,,,,,140x185,,,,,,,,,,,,,,,,,,,,,,,,90545,,,,,,,,,,,,,,,,,,,
43086,variation,56911573,,D-sign Rug 1D0760 Pink - 140x190,1,0,hidden,,D-sign Rug 1D0760 Pink 140x190 cm,,,taxable,parent,0,0,,0,0,,190,140,1.5,0,,,1684,,,,,,,56907282-H,,,,,,4,,,Size,140x190,,1,,,,,,,,,,,,,,,,,,,,,,,,,,,,,,,,,,,,,140x190,,,,,,,,,,,,1786456176,,,,,,,,,,,,90546,,,,,,,,,,,,,,,,,,,
43087,variation,56907295,,D-sign Rug 1D0760 Pink - 160x200,1,0,hidden,,D-sign Rug 1D0760 Pink 160x200 cm,,,taxable,parent,0,0,,0,0,,200,160,1.5,0,,,1940,,,,,,,56907282-H,,,,,,5,,,Size,160x200,,1,,,,,,,,,,,,,,,,,,,,,,,,,,,,,,,,,,,,,160x200,,,,,,,,,,,,,,,,,,,,,,,,90547,,,,,,,,,,,,,,,,,,,
43088,variation,56907297,,D-sign Rug 1D0760 Pink - 160x215,1,0,hidden,,D-sign Rug 1D0760 Pink 160x215 cm,,,taxable,parent,0,0,,0,0,,215,160,1.5,0,,,2036,,,,,,,56907282-H,,,,,,6,,,Size,160x215,,1,,,,,,,,,,,,,,,,,,,,,,,,,,,,,,,,,,,,,160x215,,,,,,,,,,,,1786453943,,,,,,,,,,,,90548,,,,,,,,,,,,,,,,,,,
43094,variation,56907298,,D-sign Rug 1D0761 Blue - 120x165,1,0,hidden,,D-sign Rug 1D0761 Blue 120x165 cm,,,taxable,parent,0,0,,0,0,,165,120,1.5,0,,,1324,,,,,,,56907298-H,,,,,,1,,,Size,120x165,,1,,,,,,,,,,,,,,,,,,,,,,,,,,,,,,,,,,,,,120x165,,,,,,,,,,,,1786453944,,,,,,,,,,,,90568,,,,,,,,,,,,,,,,,,,
43095,variation,56911574,,D-sign Rug 1D0761 Blue - 120x170,1,0,hidden,,D-sign Rug 1D0761 Blue 120x170 cm,,,taxable,parent,0,0,,0,0,,170,120,1.5,0,,,1380,,,,,,,56907298-H,,,,,,2,,,Size,120x170,,1,,,,,,,,,,,,,,,,,,,,,,,,,,,,,,,,,,,,,120x170,,,,,,,,,,,,,,,,,,,,,,,,90569,,,,,,,,,,,,,,,,,,,
43096,variation,56911571,,D-sign Rug 1D0761 Blue - 140x185,1,0,hidden,,D-sign Rug 1D0761 Blue 140x185 cm,,,taxable,parent,0,0,,0,0,,185,140,1.5,0,,,1652,,,,,,,56907298-H,,,,,,3,,,Size,140x185,,1,,,,,,,,,,,,,,,,,,,,,,,,,,,,,,,,,,,,,140x185,,,,,,,,,,,,,,,,,,,,,,,,90570,,,,,,,,,,,,,,,,,,,
43097,variation,56911576,,D-sign Rug 1D0761 Blue - 140x190,1,0,hidden,,D-sign Rug 1D0761 Blue 140x190 cm,,,taxable,parent,0,0,,0,0,,190,140,1.5,0,,,1684,,,,,,,56907298-H,,,,,,4,,,Size,140x190,,1,,,,,,,,,,,,,,,,,,,,,,,,,,,,,,,,,,,,,140x190,,,,,,,,,,,,,,,,,,,,,,,,90571,,,,,,,,,,,,,,,,,,,
43098,variation,56911577,,D-sign Rug 1D0761 Blue - 160x200,1,0,hidden,,D-sign Rug 1D0761 Blue 160x200 cm,,,taxable,parent,0,0,,0,0,,200,160,1.5,0,,,1940,,,,,,,56907298-H,,,,,,5,,,Size,160x200,,1,,,,,,,,,,,,,,,,,,,,,,,,,,,,,,,,,,,,,160x200,,,,,,,,,,,,,,,,,,,,,,,,90572,,,,,,,,,,,,,,,,,,,
43099,variation,56911568,,D-sign Rug 1D0761 Blue - 160x215,1,0,hidden,,D-sign Rug 1D0761 Blue 160x215 cm,,,taxable,parent,0,0,,0,0,,215,160,1.5,0,,,2036,,,,,,,56907298-H,,,,,,6,,,Size,160x215,,1,,,,,,,,,,,,,,,,,,,,,,,,,,,,,,,,,,,,,160x215,,,,,,,,,,,,,,,,,,,,,,,,90573,,,,,,,,,,,,,,,,,,,
43118,variation,56996187,,D-sign Rug 1D0763 Blue - 120x165,1,0,hidden,,D-sign Rug 1D0763 Blue 120x165 cm,,,taxable,parent,0,0,,0,0,,165,120,1.5,0,,,1324,,,,,,,56996187-H,,,,,,1,,,Size,120x165,,1,,,,,,,,,,,,,,,,,,,,,,,,,,,,,,,,,,,,,120x165,,,,,,,,,,,,,,,,,,,,,,,,90592,,,,,,,,,,,,,,,,,,,
43119,variable,56907350-H,,D-sign Rug 1D0771 Beige,1,0,hidden,D-sign Rug 1D0771 Beige ,D-sign Rug 1D0771 Beige ,,,taxable,,0,,,0,0,,,,,1,,,,"Rooms > Bedroom, Rooms > Living room, Rugs > Modern, Rugs",,,"https://rugshop.eu/wp-content/uploads/2021/10/carpet-acrylic-yazz-w8535-tree-ring-stump-beige.jpg, https://rugshop.eu/wp-content/uploads/2021/10/carpet-acrylic-yazz-w8535-tree-ring-stump-beige-1.jpg, https://rugshop.eu/wp-content/uploads/2021/10/carpet-acrylic-yazz-w8535-tree-ring-stump-beige-2.jpg, https://rugshop.eu/wp-content/uploads/2021/10/carpet-acrylic-yazz-w8535-tree-ring-stump-beige-3.jpg",,,,,,,,,1194,,,Size,"133x190, 160x220, 200x290, 240x330, 80x150",1,1,Brand,D-sign,1,1,Color,White-Beige,1,1,Type of color,Multicolor,1,1,Shape,Rectangular,1,1,Material,Acrylic,1,1,Type of rug,Modern,1,1,Weave,Machinemade,1,1,Age,New,1,1,,,,,,,,,,,,,,,,,1786456198,yes,yes,,,,,,,,,,,,,,,,,,,,,,,,,,,,,
43120,variation,56996188,,D-sign Rug 1D0763 Blue - 120x170,1,0,hidden,,D-sign Rug 1D0763 Blue 120x170 cm,,,taxable,parent,0,0,,0,0,,170,120,1.5,0,,,1380,,,,,,,56996187-H,,,,,,2,,,Size,120x170,,1,,,,,,,,,,,,,,,,,,,,,,,,,,,,,,,,,,,,,120x170,,,,,,,,,,,,,,,,,,,,,,,,90593,,,,,,,,,,,,,,,,,,,
43121,variation,56996189,,D-sign Rug 1D0763 Blue - 140x185,1,0,hidden,,D-sign Rug 1D0763 Blue 140x185 cm,,,taxable,parent,0,0,,0,0,,185,140,1.5,0,,,1652,,,,,,,56996187-H,,,,,,3,,,Size,140x185,,1,,,,,,,,,,,,,,,,,,,,,,,,,,,,,,,,,,,,,140x185,,,,,,,,,,,,,,,,,,,,,,,,90594,,,,,,,,,,,,,,,,,,,
43122,variation,56996184,,D-sign Rug 1D0763 Blue - 140x190,1,0,hidden,,D-sign Rug 1D0763 Blue 140x190 cm,,,taxable,parent,0,0,,0,0,,190,140,1.5,0,,,1684,,,,,,,56996187-H,,,,,,4,,,Size,140x190,,1,,,,,,,,,,,,,,,,,,,,,,,,,,,,,,,,,,,,,140x190,,,,,,,,,,,,1786457575,,,,,,,,,,,,90595,,,,,,,,,,,,,,,,,,,
43123,variation,56996183,,D-sign Rug 1D0763 Blue - 160x200,1,0,hidden,,D-sign Rug 1D0763 Blue 160x200 cm,,,taxable,parent,0,0,,0,0,,200,160,1.5,0,,,1940,,,,,,,56996187-H,,,,,,5,,,Size,160x200,,1,,,,,,,,,,,,,,,,,,,,,,,,,,,,,,,,,,,,,160x200,,,,,,,,,,,,,,,,,,,,,,,,90596,,,,,,,,,,,,,,,,,,,
43124,variation,56996185,,D-sign Rug 1D0763 Blue - 160x215,1,0,hidden,,D-sign Rug 1D0763 Blue 160x215 cm,,,taxable,parent,0,0,,0,0,,215,160,1.5,0,,,2036,,,,,,,56996187-H,,,,,,6,,,Size,160x215,,1,,,,,,,,,,,,,,,,,,,,,,,,,,,,,,,,,,,,,160x215,,,,,,,,,,,,,,,,,,,,,,,,90597,,,,,,,,,,,,,,,,,,,
43130,variation,56907309,,D-sign Rug 1D0764 Pink - 120x165,1,0,hidden,,D-sign Rug 1D0764 Pink 120x165 cm,,,taxable,parent,0,0,,0,0,,165,120,1.5,0,,,1324,,,,,,,56907309-H,,,,,,1,,,Size,120x165,,1,,,,,,,,,,,,,,,,,,,,,,,,,,,,,,,,,,,,,120x165,,,,,,,,,,,,,,,,,,,,,,,,90610,,,,,,,,,,,,,,,,,,,
43132,variation,56911597,,D-sign Rug 1D0764 Pink - 120x170,1,0,hidden,,D-sign Rug 1D0764 Pink 120x170 cm,,,taxable,parent,0,0,,0,0,,170,120,1.5,0,,,1380,,,,,,,56907309-H,,,,,,2,,,Size,120x170,,1,,,,,,,,,,,,,,,,,,,,,,,,,,,,,,,,,,,,,120x170,,,,,,,,,,,,1786456176,,,,,,,,,,,,90611,,,,,,,,,,,,,,,,,,,
43133,variation,56911593,,D-sign Rug 1D0764 Pink - 140x185,1,0,hidden,,D-sign Rug 1D0764 Pink 140x185 cm,,,taxable,parent,0,0,,0,0,,185,140,1.5,0,,,1652,,,,,,,56907309-H,,,,,,3,,,Size,140x185,,1,,,,,,,,,,,,,,,,,,,,,,,,,,,,,,,,,,,,,140x185,,,,,,,,,,,,,,,,,,,,,,,,90612,,,,,,,,,,,,,,,,,,,
43134,variation,56911598,,D-sign Rug 1D0764 Pink - 140x190,1,0,hidden,,D-sign Rug 1D0764 Pink 140x190 cm,,,taxable,parent,0,0,,0,0,,190,140,1.5,0,,,1684,,,,,,,56907309-H,,,,,,4,,,Size,140x190,,1,,,,,,,,,,,,,,,,,,,,,,,,,,,,,,,,,,,,,140x190,,,,,,,,,,,,1786456177,,,,,,,,,,,,90613,,,,,,,,,,,,,,,,,,,
43135,variation,56911596,,D-sign Rug 1D0764 Pink - 160x200,1,0,hidden,,D-sign Rug 1D0764 Pink 160x200 cm,,,taxable,parent,0,0,,0,0,,200,160,1.5,0,,,1940,,,,,,,56907309-H,,,,,,5,,,Size,160x200,,1,,,,,,,,,,,,,,,,,,,,,,,,,,,,,,,,,,,,,160x200,,,,,,,,,,,,,,,,,,,,,,,,90614,,,,,,,,,,,,,,,,,,,
43136,variation,56911595,,D-sign Rug 1D0764 Pink - 160x215,1,0,hidden,,D-sign Rug 1D0764 Pink 160x215 cm,,,taxable,parent,0,0,,0,0,,215,160,1.5,0,,,2036,,,,,,,56907309-H,,,,,,6,,,Size,160x215,,1,,,,,,,,,,,,,,,,,,,,,,,,,,,,,,,,,,,,,160x215,,,,,,,,,,,,,,,,,,,,,,,,90615,,,,,,,,,,,,,,,,,,,
43154,variable,56907355-H,,D-sign Rug 1D0774 Grey,1,0,hidden,D-sign Rug 1D0774 Grey ,D-sign Rug 1D0774 Grey ,,,taxable,,0,,,0,0,,,,,1,,,,"Rooms > Bedroom, Rooms > Living room, Rugs > Modern, Rugs",,,"https://rugshop.eu/wp-content/uploads/2021/10/carpet-acrylic-yazz-w8540-fingerprint-grey.jpg, https://rugshop.eu/wp-content/uploads/2021/10/carpet-acrylic-yazz-w8540-fingerprint-grey-1.jpg, https://rugshop.eu/wp-content/uploads/2021/10/carpet-acrylic-yazz-w8540-fingerprint-grey-2.jpg, https://rugshop.eu/wp-content/uploads/2021/10/carpet-acrylic-yazz-w8540-fingerprint-grey-3.jpg",,,,,,,,,1197,,,Size,"133x190, 160x220, 200x290, 240x330, 80x150",1,1,Brand,D-sign,1,1,Color,Black-Grey,1,1,Type of color,Multicolor,1,1,Shape,Rectangular,1,1,Material,Acrylic,1,1,Type of rug,Modern,1,1,Weave,Machinemade,1,1,Age,New,1,1,,,,,,,,,,,,,,,,,1786456218,yes,yes,,,,,,,,,,,,,,,,,,,,,,,,,,,,,
43166,variation,56907350,,D-sign Rug 1D0771 Beige - 80x150,1,0,hidden,,D-sign Rug 1D0771 Beige 80x150 cm,,,taxable,parent,0,0,,0,0,,150,80,1,0,,,1188,,,,,,,56907350-H,,,,,,1,,,Size,80x150,,1,,,,,,,,,,,,,,,,,,,,,,,,,,,,,,,,,,,,,80x150,,,,,,,,,,,,,,,,,,,,,,,,90716,,,,,,,,,,,,,,,,,,,
43167,variation,56911649,,D-sign Rug 1D0771 Beige - 133x190,1,0,hidden,,D-sign Rug 1D0771 Beige 133x190 cm,,,taxable,parent,0,0,,0,0,,190,133,1,0,,,2060,,,,,,,56907350-H,,,,,,2,,,Size,133x190,,1,,,,,,,,,,,,,,,,,,,,,,,,,,,,,,,,,,,,,133x190,,,,,,,,,,,,1786456177,,,,,,,,,,,,90712,,,,,,,,,,,,,,,,,,,
43168,variation,56911611,,D-sign Rug 1D0771 Beige - 160x220,1,0,hidden,,D-sign Rug 1D0771 Beige 160x220 cm,,,taxable,parent,0,0,,0,0,,220,160,1,0,,,2732,,,,,,,56907350-H,,,,,,3,,,Size,160x220,,1,,,,,,,,,,,,,,,,,,,,,,,,,,,,,,,,,,,,,160x220,,,,,,,,,,,,,,,,,,,,,,,,90713,,,,,,,,,,,,,,,,,,,
43169,variation,56911615,,D-sign Rug 1D0771 Beige - 200x290,1,0,hidden,,D-sign Rug 1D0771 Beige 200x290 cm,,,taxable,parent,0,0,,0,0,,290,200,1,0,,,4236,,,,,,,56907350-H,,,,,,4,,,Size,200x290,,1,,,,,,,,,,,,,,,,,,,,,,,,,,,,,,,,,,,,,200x290,,,,,,,,,,,,,,,,,,,,,,,,90714,,,,,,,,,,,,,,,,,,,
43170,variation,56911614,,D-sign Rug 1D0771 Beige - 240x330,1,0,hidden,,D-sign Rug 1D0771 Beige 240x330 cm,,,taxable,parent,0,0,,0,0,,330,240,1,0,,,5748,,,,,,,56907350-H,,,,,,5,,,Size,240x330,,1,,,,,,,,,,,,,,,,,,,,,,,,,,,,,,,,,,,,,240x330,,,,,,,,,,,,,,,,,,,,,,,,90715,,,,,,,,,,,,,,,,,,,
43176,variable,56907357-H,,D-sign Rug 1D0791 Blue,1,0,hidden,D-sign Rug 1D0791 Blue ,D-sign Rug 1D0791 Blue ,,,taxable,,0,,,0,0,,,,,1,,,,"Rooms > Bedroom, Rooms > Living room, Rugs > Modern, Rugs",,,"https://rugshop.eu/wp-content/uploads/2021/10/carpet-alter-siena-squares-trellis-blue.jpg, https://rugshop.eu/wp-content/uploads/2021/10/carpet-alter-siena-squares-trellis-blue-1.jpg, https://rugshop.eu/wp-content/uploads/2021/10/carpet-alter-siena-squares-trellis-blue-2.jpg, https://rugshop.eu/wp-content/uploads/2021/10/carpet-alter-siena-squares-trellis-blue-3.jpg",,,,,,,,,1214,,,Size,"120x170, 140x190, 160x220, 180x270, 200x290, 240x330, 280x370, 80x150",1,1,Brand,D-sign,1,1,Color,Blue,1,1,Type of color,Multicolor,1,1,Shape,Rectangular,1,1,Material,Polypropen,1,1,Type of rug,Modern,1,1,Weave,Machinemade,1,1,Country,Turkey,1,1,Age,New,1,1,,,,,,,,,,,,,1786456206,yes,yes,,,,,,,,,,,,,,,,,,,,,,,,,,,,,
43177,variable,56907374-H,,D-sign Rug 1D0775 Blue,1,0,hidden,D-sign Rug 1D0775 Blue ,D-sign Rug 1D0775 Blue ,,,taxable,,0,,,0,0,,,,,1,,,,"Rooms > Bedroom, Rooms > Living room, Rugs > Modern, Rugs",,,"https://rugshop.eu/wp-content/uploads/2021/10/carpet-alter-bax-stripes-blue.jpg, https://rugshop.eu/wp-content/uploads/2021/10/carpet-alter-bax-stripes-blue-1.jpg, https://rugshop.eu/wp-content/uploads/2021/10/carpet-alter-bax-stripes-blue-2.jpg, https://rugshop.eu/wp-content/uploads/2021/10/carpet-alter-bax-stripes-blue-3.jpg",,,,,,,,,1198,,,Size,"120x170, 140x190, 160x220, 180x270, 200x290, 240x330, 280x370, 80x150",1,1,Brand,D-sign,1,1,Color,Blue,1,1,Type of color,Multicolor,1,1,Shape,Rectangular,1,1,Material,Polypropen,1,1,Type of rug,Modern,1,1,Weave,Machinemade,1,1,Country,Turkey,1,1,Age,New,1,1,,,,,,,,,,,,,1786456214,yes,yes,,,,,,,,,,,,,,,,,,,,,,,,,,,,,
43198,variable,56907413-H,,D-sign Rug 1D0776 Pink,1,0,hidden,D-sign Rug 1D0776 Pink ,D-sign Rug 1D0776 Pink ,,,taxable,,0,,,0,0,,,,,1,,,,"Rooms > Bedroom, Rooms > Living room, Rugs > Modern, Rugs",,,"https://rugshop.eu/wp-content/uploads/2021/10/carpet-alter-bax-stripes-blush-pink.jpg, https://rugshop.eu/wp-content/uploads/2021/10/carpet-alter-bax-stripes-blush-pink-1.jpg, https://rugshop.eu/wp-content/uploads/2021/10/carpet-alter-bax-stripes-blush-pink-2.jpg, https://rugshop.eu/wp-content/uploads/2021/10/carpet-alter-bax-stripes-blush-pink-3.jpg",,,,,,,,,1199,,,Size,"120x170, 140x190, 160x220, 180x270, 200x290, 240x330, 280x370, 80x150",1,1,Brand,D-sign,1,1,Color,Black-Grey,1,1,Type of color,Multicolor,1,1,Shape,Rectangular,1,1,Material,Polypropen,1,1,Type of rug,Modern,1,1,Weave,Machinemade,1,1,Country,Turkey,1,1,Age,New,1,1,,,,,,,,,,,,,1786456212,yes,yes,,,,,,,,,,,,,,,,,,,,,,,,,,,,,
43199,variation,56907355,,D-sign Rug 1D0774 Grey - 80x150,1,0,hidden,,D-sign Rug 1D0774 Grey 80x150 cm,,,taxable,parent,0,0,,0,0,,150,80,1,0,,,1188,,,,,,,56907355-H,,,,,,1,,,Size,80x150,,1,,,,,,,,,,,,,,,,,,,,,,,,,,,,,,,,,,,,,80x150,,,,,,,,,,,,,,,,,,,,,,,,90732,,,,,,,,,,,,,,,,,,,
43200,variation,56911644,,D-sign Rug 1D0774 Grey - 133x190,1,0,hidden,,D-sign Rug 1D0774 Grey 133x190 cm,,,taxable,parent,0,0,,0,0,,190,133,1,0,,,2060,,,,,,,56907355-H,,,,,,2,,,Size,133x190,,1,,,,,,,,,,,,,,,,,,,,,,,,,,,,,,,,,,,,,133x190,,,,,,,,,,,,,,,,,,,,,,,,90733,,,,,,,,,,,,,,,,,,,
43201,variation,56911661,,D-sign Rug 1D0774 Grey - 160x220,1,0,hidden,,D-sign Rug 1D0774 Grey 160x220 cm,,,taxable,parent,0,0,,0,0,,220,160,1,0,,,2732,,,,,,,56907355-H,,,,,,3,,,Size,160x220,,1,,,,,,,,,,,,,,,,,,,,,,,,,,,,,,,,,,,,,160x220,,,,,,,,,,,,,,,,,,,,,,,,90734,,,,,,,,,,,,,,,,,,,
43202,variation,56911666,,D-sign Rug 1D0774 Grey - 200x290,1,0,hidden,,D-sign Rug 1D0774 Grey 200x290 cm,,,taxable,parent,0,0,,0,0,,290,200,1,0,,,4236,,,,,,,56907355-H,,,,,,4,,,Size,200x290,,1,,,,,,,,,,,,,,,,,,,,,,,,,,,,,,,,,,,,,200x290,,,,,,,,,,,,1786456179,,,,,,,,,,,,90735,,,,,,,,,,,,,,,,,,,
43203,variation,56911647,,D-sign Rug 1D0774 Grey - 240x330,1,0,hidden,,D-sign Rug 1D0774 Grey 240x330 cm,,,taxable,parent,0,0,,0,0,,330,240,1,0,,,5748,,,,,,,56907355-H,,,,,,5,,,Size,240x330,,1,,,,,,,,,,,,,,,,,,,,,,,,,,,,,,,,,,,,,240x330,,,,,,,,,,,,,,,,,,,,,,,,90736,,,,,,,,,,,,,,,,,,,
43209,variation,56907357,,D-sign Rug 1D0791 Blue - 80x150,1,0,hidden,,D-sign Rug 1D0791 Blue 80x150 cm,,,taxable,parent,0,0,,0,0,,150,80,1.3,0,,,860,,,,,,,56907357-H,,,,,,1,,,Size,80x150,,1,,,,,,,,,,,,,,,,,,,,,,,,,,,,,,,,,,,,,80x150,,,,,,,,,,,,1786453945,,,,,,,,,,,,90956,,,,,,,,,,,,,,,,,,,
43210,variation,56911653,,D-sign Rug 1D0791 Blue - 120x170,1,0,hidden,,D-sign Rug 1D0791 Blue 120x170 cm,,,taxable,parent,0,0,,0,0,,170,120,1.3,0,,,1332,,,,,,,56907357-H,,,,,,2,,,Size,120x170,,1,,,,,,,,,,,,,,,,,,,,,,,,,,,,,,,,,,,,,120x170,,,,,,,,,,,,1786456177,,,,,,,,,,,,90949,,,,,,,,,,,,,,,,,,,
43211,variation,56907370,,D-sign Rug 1D0791 Blue - 140x190,1,0,hidden,,D-sign Rug 1D0791 Blue 140x190 cm,,,taxable,parent,0,0,,0,0,,190,140,1.3,0,,,1564,,,,,,,56907357-H,,,,,,3,,,Size,140x190,,1,,,,,,,,,,,,,,,,,,,,,,,,,,,,,,,,,,,,,140x190,,,,,,,,,,,,1786453946,,,,,,,,,,,,90950,,,,,,,,,,,,,,,,,,,
43212,variation,56907372,,D-sign Rug 1D0791 Blue - 160x220,1,0,hidden,,D-sign Rug 1D0791 Blue 160x220 cm,,,taxable,parent,0,0,,0,0,,220,160,1.3,0,,,2036,,,,,,,56907357-H,,,,,,4,,,Size,160x220,,1,,,,,,,,,,,,,,,,,,,,,,,,,,,,,,,,,,,,,160x220,,,,,,,,,,,,,,,,,,,,,,,,90951,,,,,,,,,,,,,,,,,,,
43213,variation,56907369,,D-sign Rug 1D0791 Blue - 180x270,1,0,hidden,,D-sign Rug 1D0791 Blue 180x270 cm,,,taxable,parent,0,0,,0,0,,270,180,1.3,0,,,2460,,,,,,,56907357-H,,,,,,5,,,Size,180x270,,1,,,,,,,,,,,,,,,,,,,,,,,,,,,,,,,,,,,,,180x270,,,,,,,,,,,,1786453946,,,,,,,,,,,,90952,,,,,,,,,,,,,,,,,,,
43214,variation,56907373,,D-sign Rug 1D0791 Blue - 200x290,1,0,hidden,,D-sign Rug 1D0791 Blue 200x290 cm,,,taxable,parent,0,0,,0,0,,290,200,1.3,0,,,2836,,,,,,,56907357-H,,,,,,6,,,Size,200x290,,1,,,,,,,,,,,,,,,,,,,,,,,,,,,,,,,,,,,,,200x290,,,,,,,,,,,,1786453947,,,,,,,,,,,,90953,,,,,,,,,,,,,,,,,,,
43215,variation,56907371,,D-sign Rug 1D0791 Blue - 240x330,1,0,hidden,,D-sign Rug 1D0791 Blue 240x330 cm,,,taxable,parent,0,0,,0,0,,330,240,1.3,0,,,3868,,,,,,,56907357-H,,,,,,7,,,Size,240x330,,1,,,,,,,,,,,,,,,,,,,,,,,,,,,,,,,,,,,,,240x330,,,,,,,,,,,,,,,,,,,,,,,,90954,,,,,,,,,,,,,,,,,,,
43216,variation,56907375,,D-sign Rug 1D0791 Blue - 280x370,1,0,hidden,,D-sign Rug 1D0791 Blue 280x370 cm,,,taxable,parent,0,0,,0,0,,370,280,1.3,0,,,5356,,,,,,,56907357-H,,,,,,8,,,Size,280x370,,1,,,,,,,,,,,,,,,,,,,,,,,,,,,,,,,,,,,,,280x370,,,,,,,,,,,,,,,,,,,,,,,,90955,,,,,,,,,,,,,,,,,,,
43222,variable,56907386-H,,D-sign Rug 1D0777 Gold,1,0,hidden,D-sign Rug 1D0777 Gold ,D-sign Rug 1D0777 Gold ,,,taxable,,0,,,0,0,,,,,1,,,,"Rooms > Bedroom, Rooms > Living room, Rugs > Modern, Rugs",,,"https://rugshop.eu/wp-content/uploads/2021/10/carpet-alter-bax-stripes-gold.jpg, https://rugshop.eu/wp-content/uploads/2021/10/carpet-alter-bax-stripes-gold-1.jpg, https://rugshop.eu/wp-content/uploads/2021/10/carpet-alter-bax-stripes-gold-2.jpg, https://rugshop.eu/wp-content/uploads/2021/10/carpet-alter-bax-stripes-gold-3.jpg",,,,,,,,,1200,,,Size,"120x170, 140x190, 160x220, 180x270, 200x290, 240x330, 280x370, 80x150",1,1,Brand,D-sign,1,1,Color,Black-Grey,1,1,Type of color,Multicolor,1,1,Shape,Rectangular,1,1,Material,Polypropen,1,1,Type of rug,Modern,1,1,Weave,Machinemade,1,1,Country,Turkey,1,1,Age,New,1,1,,,,,,,,,,,,,1786456217,yes,yes,,,,,,,,,,,,,,,,,,,,,,,,,,,,,
43223,variable,56907398-H,,D-sign Rug 1D0778 Grey,1,0,hidden,D-sign Rug 1D0778 Grey ,D-sign Rug 1D0778 Grey ,,,taxable,,0,,,0,0,,,,,1,,,,"Rooms > Bedroom, Rooms > Living room, Rugs > Modern, Rugs",,,"https://rugshop.eu/wp-content/uploads/2021/10/carpet-alter-bax-stripes-grey.jpg, https://rugshop.eu/wp-content/uploads/2021/10/carpet-alter-bax-stripes-grey-1.jpg, https://rugshop.eu/wp-content/uploads/2021/10/carpet-alter-bax-stripes-grey-2.jpg, https://rugshop.eu/wp-content/uploads/2021/10/carpet-alter-bax-stripes-grey-3.jpg",,,,,,,,,1201,,,Size,"120x170, 140x190, 160x220, 180x270, 200x290, 240x330, 280x370, 80x150",1,1,Brand,D-sign,1,1,Color,Black-Grey,1,1,Type of color,Multicolor,1,1,Shape,Rectangular,1,1,Material,Polypropen,1,1,Type of rug,Modern,1,1,Weave,Machinemade,1,1,Country,Turkey,1,1,Age,New,1,1,,,,,,,,,,,,,1786453978,yes,yes,,,,,,,,,,,,,,,,,,,,,,,,,,,,,
43224,variation,56907374,,D-sign Rug 1D0775 Blue - 80x150,1,0,hidden,,D-sign Rug 1D0775 Blue 80x150 cm,,,taxable,parent,0,0,,0,0,,150,80,1.3,0,,,860,,,,,,,56907374-H,,,,,,1,,,Size,80x150,,1,,,,,,,,,,,,,,,,,,,,,,,,,,,,,,,,,,,,,80x150,,,,,,,,,,,,1786453947,,,,,,,,,,,,90957,,,,,,,,,,,,,,,,,,,
43225,variation,56911665,,D-sign Rug 1D0775 Blue - 120x170,1,0,hidden,,D-sign Rug 1D0775 Blue 120x170 cm,,,taxable,parent,0,0,,0,0,,170,120,1.3,0,,,1332,,,,,,,56907374-H,,,,,,2,,,Size,120x170,,1,,,,,,,,,,,,,,,,,,,,,,,,,,,,,,,,,,,,,120x170,,,,,,,,,,,,,,,,,,,,,,,,90747,,,,,,,,,,,,,,,,,,,
43226,variation,56911663,,D-sign Rug 1D0775 Blue - 140x190,1,0,hidden,,D-sign Rug 1D0775 Blue 140x190 cm,,,taxable,parent,0,0,,0,0,,190,140,1.3,0,,,1564,,,,,,,56907374-H,,,,,,3,,,Size,140x190,,1,,,,,,,,,,,,,,,,,,,,,,,,,,,,,,,,,,,,,140x190,,,,,,,,,,,,1786456178,,,,,,,,,,,,90748,,,,,,,,,,,,,,,,,,,
43227,variation,56911660,,D-sign Rug 1D0775 Blue - 160x220,1,0,hidden,,D-sign Rug 1D0775 Blue 160x220 cm,,,taxable,parent,0,0,,0,0,,220,160,1.3,0,,,2036,,,,,,,56907374-H,,,,,,4,,,Size,160x220,,1,,,,,,,,,,,,,,,,,,,,,,,,,,,,,,,,,,,,,160x220,,,,,,,,,,,,,,,,,,,,,,,,90749,,,,,,,,,,,,,,,,,,,
43228,variation,56907411,,D-sign Rug 1D0775 Blue - 180x270,1,0,hidden,,D-sign Rug 1D0775 Blue 180x270 cm,,,taxable,parent,0,0,,0,0,,270,180,1.3,0,,,2460,,,,,,,56907374-H,,,,,,5,,,Size,180x270,,1,,,,,,,,,,,,,,,,,,,,,,,,,,,,,,,,,,,,,180x270,,,,,,,,,,,,1786453951,,,,,,,,,,,,90750,,,,,,,,,,,,,,,,,,,
43229,variation,56907412,,D-sign Rug 1D0775 Blue - 200x290,1,0,hidden,,D-sign Rug 1D0775 Blue 200x290 cm,,,taxable,parent,0,0,,0,0,,290,200,1.3,0,,,2836,,,,,,,56907374-H,,,,,,6,,,Size,200x290,,1,,,,,,,,,,,,,,,,,,,,,,,,,,,,,,,,,,,,,200x290,,,,,,,,,,,,1786453951,,,,,,,,,,,,90751,,,,,,,,,,,,,,,,,,,
43230,variation,56907409,,D-sign Rug 1D0775 Blue - 240x330,1,0,hidden,,D-sign Rug 1D0775 Blue 240x330 cm,,,taxable,parent,0,0,,0,0,,330,240,1.3,0,,,3868,,,,,,,56907374-H,,,,,,7,,,Size,240x330,,1,,,,,,,,,,,,,,,,,,,,,,,,,,,,,,,,,,,,,240x330,,,,,,,,,,,,,,,,,,,,,,,,90764,,,,,,,,,,,,,,,,,,,
43231,variation,56907410,,D-sign Rug 1D0775 Blue - 280x370,1,0,hidden,,D-sign Rug 1D0775 Blue 280x370 cm,,,taxable,parent,0,0,,0,0,,370,280,1.3,0,,,5356,,,,,,,56907374-H,,,,,,8,,,Size,280x370,,1,,,,,,,,,,,,,,,,,,,,,,,,,,,,,,,,,,,,,280x370,,,,,,,,,,,,,,,,,,,,,,,,90765,,,,,,,,,,,,,,,,,,,
43237,variation,56907413,,D-sign Rug 1D0776 Pink - 80x150,1,0,hidden,,D-sign Rug 1D0776 Pink 80x150 cm,,,taxable,parent,0,0,,0,0,,150,80,1.3,0,,,860,,,,,,,56907413-H,,,,,,1,,,Size,80x150,,1,,,,,,,,,,,,,,,,,,,,,,,,,,,,,,,,,,,,,80x150,,,,,,,,,,,,1786453951,,,,,,,,,,,,90958,,,,,,,,,,,,,,,,,,,
43238,variation,56911704,,D-sign Rug 1D0776 Pink - 120x170,1,0,hidden,,D-sign Rug 1D0776 Pink 120x170 cm,,,taxable,parent,0,0,,0,0,,170,120,1.3,0,,,1332,,,,,,,56907413-H,,,,,,2,,,Size,120x170,,1,,,,,,,,,,,,,,,,,,,,,,,,,,,,,,,,,,,,,120x170,,,,,,,,,,,,1786456181,,,,,,,,,,,,90757,,,,,,,,,,,,,,,,,,,
43239,variation,56911702,,D-sign Rug 1D0776 Pink - 140x190,1,0,hidden,,D-sign Rug 1D0776 Pink 140x190 cm,,,taxable,parent,0,0,,0,0,,190,140,1.3,0,,,1564,,,,,,,56907413-H,,,,,,3,,,Size,140x190,,1,,,,,,,,,,,,,,,,,,,,,,,,,,,,,,,,,,,,,140x190,,,,,,,,,,,,1786456180,,,,,,,,,,,,90758,,,,,,,,,,,,,,,,,,,
43240,variation,56911705,,D-sign Rug 1D0776 Pink - 160x220,1,0,hidden,,D-sign Rug 1D0776 Pink 160x220 cm,,,taxable,parent,0,0,,0,0,,220,160,1.3,0,,,2036,,,,,,,56907413-H,,,,,,4,,,Size,160x220,,1,,,,,,,,,,,,,,,,,,,,,,,,,,,,,,,,,,,,,160x220,,,,,,,,,,,,1786456182,,,,,,,,,,,,90759,,,,,,,,,,,,,,,,,,,
43241,variation,56911701,,D-sign Rug 1D0776 Pink - 180x270,1,0,hidden,,D-sign Rug 1D0776 Pink 180x270 cm,,,taxable,parent,0,0,,0,0,,270,180,1.3,0,,,2460,,,,,,,56907413-H,,,,,,5,,,Size,180x270,,1,,,,,,,,,,,,,,,,,,,,,,,,,,,,,,,,,,,,,180x270,,,,,,,,,,,,,,,,,,,,,,,,90760,,,,,,,,,,,,,,,,,,,
43242,variation,56911703,,D-sign Rug 1D0776 Pink - 200x290,1,0,hidden,,D-sign Rug 1D0776 Pink 200x290 cm,,,taxable,parent,0,0,,0,0,,290,200,1.3,0,,,2836,,,,,,,56907413-H,,,,,,6,,,Size,200x290,,1,,,,,,,,,,,,,,,,,,,,,,,,,,,,,,,,,,,,,200x290,,,,,,,,,,,,1786456181,,,,,,,,,,,,90761,,,,,,,,,,,,,,,,,,,
43243,variation,56911662,,D-sign Rug 1D0776 Pink - 240x330,1,0,hidden,,D-sign Rug 1D0776 Pink 240x330 cm,,,taxable,parent,0,0,,0,0,,330,240,1.3,0,,,3868,,,,,,,56907413-H,,,,,,7,,,Size,240x330,,1,,,,,,,,,,,,,,,,,,,,,,,,,,,,,,,,,,,,,240x330,,,,,,,,,,,,1786456178,,,,,,,,,,,,90762,,,,,,,,,,,,,,,,,,,
43244,variation,56911668,,D-sign Rug 1D0776 Pink - 280x370,1,0,hidden,,D-sign Rug 1D0776 Pink 280x370 cm,,,taxable,parent,0,0,,0,0,,370,280,1.3,0,,,5356,,,,,,,56907413-H,,,,,,8,,,Size,280x370,,1,,,,,,,,,,,,,,,,,,,,,,,,,,,,,,,,,,,,,280x370,,,,,,,,,,,,1786456180,,,,,,,,,,,,90763,,,,,,,,,,,,,,,,,,,
43250,variable,56907397-H,,D-sign Rug 1D0779 Blue,1,0,hidden,D-sign Rug 1D0779 Blue ,D-sign Rug 1D0779 Blue ,,,taxable,,0,,,0,0,,,,,1,,,,"Rooms > Bedroom, Rooms > Living room, Rugs > Modern, Rugs",,,"https://rugshop.eu/wp-content/uploads/2021/10/carpet-alter-geo-seashells-blue.jpg, https://rugshop.eu/wp-content/uploads/2021/10/carpet-alter-geo-seashells-blue-1.jpg, https://rugshop.eu/wp-content/uploads/2021/10/carpet-alter-geo-seashells-blue-2.jpg, https://rugshop.eu/wp-content/uploads/2021/10/carpet-alter-geo-seashells-blue-3.jpg",,,,,,,,,1202,,,Size,"120x170, 140x190, 160x220, 180x270, 200x290, 240x330, 280x370, 80x150",1,1,Brand,D-sign,1,1,Color,Blue,1,1,Type of color,Multicolor,1,1,Shape,Rectangular,1,1,Material,Polypropen,1,1,Type of rug,Modern,1,1,Weave,Machinemade,1,1,Country,Turkey,1,1,Age,New,1,1,,,,,,,,,,,,,1786454000,yes,yes,,,,,,,,,,,,,,,,,,,,,,,,,,,,,
43251,variable,56907418-H,,D-sign Rug 1D0780 Pink,1,0,hidden,D-sign Rug 1D0780 Pink ,D-sign Rug 1D0780 Pink ,,,taxable,,0,,,0,0,,,,,1,,,,"Rooms > Bedroom, Rooms > Living room, Rugs > Modern, Rugs",,,"https://rugshop.eu/wp-content/uploads/2021/10/carpet-alter-geo-seashells-blush-pink.jpg, https://rugshop.eu/wp-content/uploads/2021/10/carpet-alter-geo-seashells-blush-pink-1.jpg, https://rugshop.eu/wp-content/uploads/2021/10/carpet-alter-geo-seashells-blush-pink-2.jpg, https://rugshop.eu/wp-content/uploads/2021/10/carpet-alter-geo-seashells-blush-pink-3.jpg",,,,,,,,,1203,,,Size,"120x170, 140x190, 160x220, 180x270, 200x290, 240x330, 280x370, 80x150",1,1,Brand,D-sign,1,1,Color,Pink-Purple,1,1,Type of color,Multicolor,1,1,Shape,Rectangular,1,1,Material,Polypropen,1,1,Type of rug,Modern,1,1,Weave,Machinemade,1,1,Country,Turkey,1,1,Age,New,1,1,,,,,,,,,,,,,1786456220,yes,yes,,,,,,,,,,,,,,,,,,,,,,,,,,,,,
43252,variation,56907386,,D-sign Rug 1D0777 Gold - 80x150,1,0,hidden,,D-sign Rug 1D0777 Gold 80x150 cm,,,taxable,parent,0,0,,0,0,,150,80,1.3,0,,,860,,,,,,,56907386-H,,,,,,1,,,Size,80x150,,1,,,,,,,,,,,,,,,,,,,,,,,,,,,,,,,,,,,,,80x150,,,,,,,,,,,,1786453947,,,,,,,,,,,,90959,,,,,,,,,,,,,,,,,,,
43253,variation,56911667,,D-sign Rug 1D0777 Gold - 120x170,1,0,hidden,,D-sign Rug 1D0777 Gold 120x170 cm,,,taxable,parent,0,0,,0,0,,170,120,1.3,0,,,1332,,,,,,,56907386-H,,,,,,2,,,Size,120x170,,1,,,,,,,,,,,,,,,,,,,,,,,,,,,,,,,,,,,,,120x170,,,,,,,,,,,,1786456180,,,,,,,,,,,,90773,,,,,,,,,,,,,,,,,,,
43254,variation,56911669,,D-sign Rug 1D0777 Gold - 140x190,1,0,hidden,,D-sign Rug 1D0777 Gold 140x190 cm,,,taxable,parent,0,0,,0,0,,190,140,1.3,0,,,1564,,,,,,,56907386-H,,,,,,3,,,Size,140x190,,1,,,,,,,,,,,,,,,,,,,,,,,,,,,,,,,,,,,,,140x190,,,,,,,,,,,,,,,,,,,,,,,,90774,,,,,,,,,,,,,,,,,,,
43255,variation,56911686,,D-sign Rug 1D0777 Gold - 160x220,1,0,hidden,,D-sign Rug 1D0777 Gold 160x220 cm,,,taxable,parent,0,0,,0,0,,220,160,1.3,0,,,2036,,,,,,,56907386-H,,,,,,4,,,Size,160x220,,1,,,,,,,,,,,,,,,,,,,,,,,,,,,,,,,,,,,,,160x220,,,,,,,,,,,,,,,,,,,,,,,,90775,,,,,,,,,,,,,,,,,,,
43256,variation,56911682,,D-sign Rug 1D0777 Gold - 180x270,1,0,hidden,,D-sign Rug 1D0777 Gold 180x270 cm,,,taxable,parent,0,0,,0,0,,270,180,1.3,0,,,2460,,,,,,,56907386-H,,,,,,5,,,Size,180x270,,1,,,,,,,,,,,,,,,,,,,,,,,,,,,,,,,,,,,,,180x270,,,,,,,,,,,,,,,,,,,,,,,,90776,,,,,,,,,,,,,,,,,,,
43257,variation,56911679,,D-sign Rug 1D0777 Gold - 200x290,1,0,hidden,,D-sign Rug 1D0777 Gold 200x290 cm,,,taxable,parent,0,0,,0,0,,290,200,1.3,0,,,2836,,,,,,,56907386-H,,,,,,6,,,Size,200x290,,1,,,,,,,,,,,,,,,,,,,,,,,,,,,,,,,,,,,,,200x290,,,,,,,,,,,,,,,,,,,,,,,,90777,,,,,,,,,,,,,,,,,,,
43258,variation,56911678,,D-sign Rug 1D0777 Gold - 240x330,1,0,hidden,,D-sign Rug 1D0777 Gold 240x330 cm,,,taxable,parent,0,0,,0,0,,330,240,1.3,0,,,3868,,,,,,,56907386-H,,,,,,7,,,Size,240x330,,1,,,,,,,,,,,,,,,,,,,,,,,,,,,,,,,,,,,,,240x330,,,,,,,,,,,,,,,,,,,,,,,,90778,,,,,,,,,,,,,,,,,,,
43259,variation,56911664,,D-sign Rug 1D0777 Gold - 280x370,1,0,hidden,,D-sign Rug 1D0777 Gold 280x370 cm,,,taxable,parent,0,0,,0,0,,370,280,1.3,0,,,5356,,,,,,,56907386-H,,,,,,8,,,Size,280x370,,1,,,,,,,,,,,,,,,,,,,,,,,,,,,,,,,,,,,,,280x370,,,,,,,,,,,,1786456179,,,,,,,,,,,,90779,,,,,,,,,,,,,,,,,,,
43265,variation,56907398,,D-sign Rug 1D0778 Grey - 80x150,1,0,hidden,,D-sign Rug 1D0778 Grey 80x150 cm,,,taxable,parent,0,0,,0,0,,150,80,1.3,0,,,860,,,,,,,56907398-H,,,,,,1,,,Size,80x150,,1,,,,,,,,,,,,,,,,,,,,,,,,,,,,,,,,,,,,,80x150,,,,,,,,,,,,1786453949,,,,,,,,,,,,90960,,,,,,,,,,,,,,,,,,,
43266,variation,56911684,,D-sign Rug 1D0778 Grey - 120x170,1,0,hidden,,D-sign Rug 1D0778 Grey 120x170 cm,,,taxable,parent,0,0,,0,0,,170,120,1.3,0,,,1332,,,,,,,56907398-H,,,,,,2,,,Size,120x170,,1,,,,,,,,,,,,,,,,,,,,,,,,,,,,,,,,,,,,,120x170,,,,,,,,,,,,,,,,,,,,,,,,90787,,,,,,,,,,,,,,,,,,,
43267,variation,56911706,,D-sign Rug 1D0778 Grey - 140x190,1,0,hidden,,D-sign Rug 1D0778 Grey 140x190 cm,,,taxable,parent,0,0,,0,0,,190,140,1.3,0,,,1564,,,,,,,56907398-H,,,,,,3,,,Size,140x190,,1,,,,,,,,,,,,,,,,,,,,,,,,,,,,,,,,,,,,,140x190,,,,,,,,,,,,,,,,,,,,,,,,90788,,,,,,,,,,,,,,,,,,,
43268,variation,56911685,,D-sign Rug 1D0778 Grey - 160x220,1,0,hidden,,D-sign Rug 1D0778 Grey 160x220 cm,,,taxable,parent,0,0,,0,0,,220,160,1.3,0,,,2036,,,,,,,56907398-H,,,,,,4,,,Size,160x220,,1,,,,,,,,,,,,,,,,,,,,,,,,,,,,,,,,,,,,,160x220,,,,,,,,,,,,,,,,,,,,,,,,90789,,,,,,,,,,,,,,,,,,,
43269,variation,56911709,,D-sign Rug 1D0778 Grey - 180x270,1,0,hidden,,D-sign Rug 1D0778 Grey 180x270 cm,,,taxable,parent,0,0,,0,0,,270,180,1.3,0,,,2460,,,,,,,56907398-H,,,,,,5,,,Size,180x270,,1,,,,,,,,,,,,,,,,,,,,,,,,,,,,,,,,,,,,,180x270,,,,,,,,,,,,,,,,,,,,,,,,90790,,,,,,,,,,,,,,,,,,,
43270,variation,56911683,,D-sign Rug 1D0778 Grey - 200x290,1,0,hidden,,D-sign Rug 1D0778 Grey 200x290 cm,,,taxable,parent,0,0,,0,0,,290,200,1.3,0,,,2836,,,,,,,56907398-H,,,,,,6,,,Size,200x290,,1,,,,,,,,,,,,,,,,,,,,,,,,,,,,,,,,,,,,,200x290,,,,,,,,,,,,,,,,,,,,,,,,90791,,,,,,,,,,,,,,,,,,,
43271,variation,56911677,,D-sign Rug 1D0778 Grey - 240x330,1,0,hidden,,D-sign Rug 1D0778 Grey 240x330 cm,,,taxable,parent,0,0,,0,0,,330,240,1.3,0,,,3868,,,,,,,56907398-H,,,,,,7,,,Size,240x330,,1,,,,,,,,,,,,,,,,,,,,,,,,,,,,,,,,,,,,,240x330,,,,,,,,,,,,,,,,,,,,,,,,90792,,,,,,,,,,,,,,,,,,,
43272,variation,56911681,,D-sign Rug 1D0778 Grey - 280x370,1,0,hidden,,D-sign Rug 1D0778 Grey 280x370 cm,,,taxable,parent,0,0,,0,0,,370,280,1.3,0,,,5356,,,,,,,56907398-H,,,,,,8,,,Size,280x370,,1,,,,,,,,,,,,,,,,,,,,,,,,,,,,,,,,,,,,,280x370,,,,,,,,,,,,,,,,,,,,,,,,90793,,,,,,,,,,,,,,,,,,,
43278,variable,56907436-H,,D-sign Rug 1D0781 Gold,1,0,hidden,D-sign Rug 1D0781 Gold ,D-sign Rug 1D0781 Gold ,,,taxable,,0,,,0,0,,,,,1,,,,"Rooms > Bedroom, Rooms > Living room, Rugs > Modern, Rugs",,,"https://rugshop.eu/wp-content/uploads/2021/10/carpet-alter-geo-seashells-gold.jpg, https://rugshop.eu/wp-content/uploads/2021/10/carpet-alter-geo-seashells-gold-1.jpg, https://rugshop.eu/wp-content/uploads/2021/10/carpet-alter-geo-seashells-gold-2.jpg, https://rugshop.eu/wp-content/uploads/2021/10/carpet-alter-geo-seashells-gold-3.jpg",,,,,,,,,1204,,,Size,"120x170, 140x190, 160x220, 180x270, 200x290, 240x330, 280x370, 80x150",1,1,Brand,D-sign,1,1,Color,Black-Grey,1,1,Type of color,Multicolor,1,1,Shape,Rectangular,1,1,Material,Polypropen,1,1,Type of rug,Modern,1,1,Weave,Machinemade,1,1,Country,Turkey,1,1,Age,New,1,1,,,,,,,,,,,,,1786454006,yes,yes,,,,,,,,,,,,,,,,,,,,,,,,,,,,,
43279,variable,56907461-H,,D-sign Rug 1D0782 Grey,1,0,hidden,D-sign Rug 1D0782 Grey ,D-sign Rug 1D0782 Grey ,,,taxable,,0,,,0,0,,,,,1,,,,"Rooms > Bedroom, Rooms > Living room, Rugs > Modern, Rugs",,,"https://rugshop.eu/wp-content/uploads/2021/10/carpet-alter-geo-seashells-grey.jpg, https://rugshop.eu/wp-content/uploads/2021/10/carpet-alter-geo-seashells-grey-1.jpg, https://rugshop.eu/wp-content/uploads/2021/10/carpet-alter-geo-seashells-grey-2.jpg, https://rugshop.eu/wp-content/uploads/2021/10/carpet-alter-geo-seashells-grey-3.jpg",,,,,,,,,1205,,,Size,"120x170, 140x190, 160x220, 180x270, 200x290, 240x330, 280x370, 80x150",1,1,Brand,D-sign,1,1,Color,Black-Grey,1,1,Type of color,Multicolor,1,1,Shape,Rectangular,1,1,Material,Polypropen,1,1,Type of rug,Modern,1,1,Weave,Machinemade,1,1,Country,Turkey,1,1,Age,New,1,1,,,,,,,,,,,,,1786456251,yes,yes,,,,,,,,,,,,,,,,,,,,,,,,,,,,,
43280,variation,56907397,,D-sign Rug 1D0779 Blue - 80x150,1,0,hidden,,D-sign Rug 1D0779 Blue 80x150 cm,,,taxable,parent,0,0,,0,0,,150,80,1.3,0,,,860,,,,,,,56907397-H,,,,,,1,,,Size,80x150,,1,,,,,,,,,,,,,,,,,,,,,,,,,,,,,,,,,,,,,80x150,,,,,,,,,,,,1786453948,,,,,,,,,,,,90961,,,,,,,,,,,,,,,,,,,
43281,variation,56911680,,D-sign Rug 1D0779 Blue - 120x170,1,0,hidden,,D-sign Rug 1D0779 Blue 120x170 cm,,,taxable,parent,0,0,,0,0,,170,120,1.3,0,,,1332,,,,,,,56907397-H,,,,,,2,,,Size,120x170,,1,,,,,,,,,,,,,,,,,,,,,,,,,,,,,,,,,,,,,120x170,,,,,,,,,,,,,,,,,,,,,,,,90794,,,,,,,,,,,,,,,,,,,
43282,variation,56907417,,D-sign Rug 1D0779 Blue - 140x190,1,0,hidden,,D-sign Rug 1D0779 Blue 140x190 cm,,,taxable,parent,0,0,,0,0,,190,140,1.3,0,,,1564,,,,,,,56907397-H,,,,,,3,,,Size,140x190,,1,,,,,,,,,,,,,,,,,,,,,,,,,,,,,,,,,,,,,140x190,,,,,,,,,,,,,,,,,,,,,,,,90795,,,,,,,,,,,,,,,,,,,
43283,variation,56907415,,D-sign Rug 1D0779 Blue - 160x220,1,0,hidden,,D-sign Rug 1D0779 Blue 160x220 cm,,,taxable,parent,0,0,,0,0,,220,160,1.3,0,,,2036,,,,,,,56907397-H,,,,,,4,,,Size,160x220,,1,,,,,,,,,,,,,,,,,,,,,,,,,,,,,,,,,,,,,160x220,,,,,,,,,,,,1786453989,,,,,,,,,,,,90796,,,,,,,,,,,,,,,,,,,
43284,variation,56907416,,D-sign Rug 1D0779 Blue - 180x270,1,0,hidden,,D-sign Rug 1D0779 Blue 180x270 cm,,,taxable,parent,0,0,,0,0,,270,180,1.3,0,,,2460,,,,,,,56907397-H,,,,,,5,,,Size,180x270,,1,,,,,,,,,,,,,,,,,,,,,,,,,,,,,,,,,,,,,180x270,,,,,,,,,,,,1786453990,,,,,,,,,,,,90797,,,,,,,,,,,,,,,,,,,
43285,variation,56907420,,D-sign Rug 1D0779 Blue - 200x290,1,0,hidden,,D-sign Rug 1D0779 Blue 200x290 cm,,,taxable,parent,0,0,,0,0,,290,200,1.3,0,,,2836,,,,,,,56907397-H,,,,,,6,,,Size,200x290,,1,,,,,,,,,,,,,,,,,,,,,,,,,,,,,,,,,,,,,200x290,,,,,,,,,,,,1786453990,,,,,,,,,,,,90798,,,,,,,,,,,,,,,,,,,
43286,variation,56907419,,D-sign Rug 1D0779 Blue - 240x330,1,0,hidden,,D-sign Rug 1D0779 Blue 240x330 cm,,,taxable,parent,0,0,,0,0,,330,240,1.3,0,,,3868,,,,,,,56907397-H,,,,,,7,,,Size,240x330,,1,,,,,,,,,,,,,,,,,,,,,,,,,,,,,,,,,,,,,240x330,,,,,,,,,,,,,,,,,,,,,,,,90799,,,,,,,,,,,,,,,,,,,
43287,variation,56907421,,D-sign Rug 1D0779 Blue - 280x370,1,0,hidden,,D-sign Rug 1D0779 Blue 280x370 cm,,,taxable,parent,0,0,,0,0,,370,280,1.3,0,,,5356,,,,,,,56907397-H,,,,,,8,,,Size,280x370,,1,,,,,,,,,,,,,,,,,,,,,,,,,,,,,,,,,,,,,280x370,,,,,,,,,,,,1786453991,,,,,,,,,,,,90800,,,,,,,,,,,,,,,,,,,
43293,variation,56907418,,D-sign Rug 1D0780 Pink - 80x150,1,0,hidden,,D-sign Rug 1D0780 Pink 80x150 cm,,,taxable,parent,0,0,,0,0,,150,80,1.3,0,,,860,,,,,,,56907418-H,,,,,,1,,,Size,80x150,,1,,,,,,,,,,,,,,,,,,,,,,,,,,,,,,,,,,,,,80x150,,,,,,,,,,,,,,,,,,,,,,,,90962,,,,,,,,,,,,,,,,,,,
43294,variation,56911708,,D-sign Rug 1D0780 Pink - 120x170,1,0,hidden,,D-sign Rug 1D0780 Pink 120x170 cm,,,taxable,parent,0,0,,0,0,,170,120,1.3,0,,,1332,,,,,,,56907418-H,,,,,,2,,,Size,120x170,,1,,,,,,,,,,,,,,,,,,,,,,,,,,,,,,,,,,,,,120x170,,,,,,,,,,,,,,,,,,,,,,,,90808,,,,,,,,,,,,,,,,,,,
43295,variation,56911710,,D-sign Rug 1D0780 Pink - 140x190,1,0,hidden,,D-sign Rug 1D0780 Pink 140x190 cm,,,taxable,parent,0,0,,0,0,,190,140,1.3,0,,,1564,,,,,,,56907418-H,,,,,,3,,,Size,140x190,,1,,,,,,,,,,,,,,,,,,,,,,,,,,,,,,,,,,,,,140x190,,,,,,,,,,,,1786456182,,,,,,,,,,,,90809,,,,,,,,,,,,,,,,,,,
43296,variation,56911707,,D-sign Rug 1D0780 Pink - 160x220,1,0,hidden,,D-sign Rug 1D0780 Pink 160x220 cm,,,taxable,parent,0,0,,0,0,,220,160,1.3,0,,,2036,,,,,,,56907418-H,,,,,,4,,,Size,160x220,,1,,,,,,,,,,,,,,,,,,,,,,,,,,,,,,,,,,,,,160x220,,,,,,,,,,,,,,,,,,,,,,,,90810,,,,,,,,,,,,,,,,,,,
43297,variation,56907432,,D-sign Rug 1D0780 Pink - 180x270,1,0,hidden,,D-sign Rug 1D0780 Pink 180x270 cm,,,taxable,parent,0,0,,0,0,,270,180,1.3,0,,,2460,,,,,,,56907418-H,,,,,,5,,,Size,180x270,,1,,,,,,,,,,,,,,,,,,,,,,,,,,,,,,,,,,,,,180x270,,,,,,,,,,,,,,,,,,,,,,,,90811,,,,,,,,,,,,,,,,,,,
43298,variation,56907433,,D-sign Rug 1D0780 Pink - 200x290,1,0,hidden,,D-sign Rug 1D0780 Pink 200x290 cm,,,taxable,parent,0,0,,0,0,,290,200,1.3,0,,,2836,,,,,,,56907418-H,,,,,,6,,,Size,200x290,,1,,,,,,,,,,,,,,,,,,,,,,,,,,,,,,,,,,,,,200x290,,,,,,,,,,,,,,,,,,,,,,,,90812,,,,,,,,,,,,,,,,,,,
43299,variation,56907435,,D-sign Rug 1D0780 Pink - 240x330,1,0,hidden,,D-sign Rug 1D0780 Pink 240x330 cm,,,taxable,parent,0,0,,0,0,,330,240,1.3,0,,,3868,,,,,,,56907418-H,,,,,,7,,,Size,240x330,,1,,,,,,,,,,,,,,,,,,,,,,,,,,,,,,,,,,,,,240x330,,,,,,,,,,,,1786453992,,,,,,,,,,,,90813,,,,,,,,,,,,,,,,,,,
43300,variation,56907434,,D-sign Rug 1D0780 Pink - 280x370,1,0,hidden,,D-sign Rug 1D0780 Pink 280x370 cm,,,taxable,parent,0,0,,0,0,,370,280,1.3,0,,,5356,,,,,,,56907418-H,,,,,,8,,,Size,280x370,,1,,,,,,,,,,,,,,,,,,,,,,,,,,,,,,,,,,,,,280x370,,,,,,,,,,,,1786453992,,,,,,,,,,,,90814,,,,,,,,,,,,,,,,,,,
43306,variable,56907472-H,,D-sign Rug 1D0783 Blue,1,0,hidden,D-sign Rug 1D0783 Blue ,D-sign Rug 1D0783 Blue ,,,taxable,,0,,,0,0,,,,,1,,,,"Rooms > Bedroom, Rooms > Living room, Rugs > Modern, Rugs",,,"https://rugshop.eu/wp-content/uploads/2021/10/carpet-alter-nano-triangles-blue.jpg, https://rugshop.eu/wp-content/uploads/2021/10/carpet-alter-nano-triangles-blue-1.jpg, https://rugshop.eu/wp-content/uploads/2021/10/carpet-alter-nano-triangles-blue-2.jpg, https://rugshop.eu/wp-content/uploads/2021/10/carpet-alter-nano-triangles-blue-3.jpg",,,,,,,,,1206,,,Size,"120x170, 140x190, 160x220, 180x270, 200x290, 240x330, 280x370, 80x150",1,1,Brand,D-sign,1,1,Color,Blue,1,1,Type of color,Multicolor,1,1,Shape,Rectangular,1,1,Material,Polypropen,1,1,Type of rug,Modern,1,1,Weave,Machinemade,1,1,Country,Turkey,1,1,Age,New,1,1,,,,,,,,,,,,,1786456254,yes,yes,,,,,,,,,,,,,,,,,,,,,,,,,,,,,
43307,variable,56907473-H,,D-sign Rug 1D0784 Pink,1,0,hidden,D-sign Rug 1D0784 Pink ,D-sign Rug 1D0784 Pink ,,,taxable,,0,,,0,0,,,,,1,,,,"Rooms > Bedroom, Rooms > Living room, Rugs > Modern, Rugs",,,"https://rugshop.eu/wp-content/uploads/2021/10/carpet-alter-nano-triangles-blush-pink.jpg, https://rugshop.eu/wp-content/uploads/2021/10/carpet-alter-nano-triangles-blush-pink-1.jpg, https://rugshop.eu/wp-content/uploads/2021/10/carpet-alter-nano-triangles-blush-pink-2.jpg, https://rugshop.eu/wp-content/uploads/2021/10/carpet-alter-nano-triangles-blush-pink-3.jpg",,,,,,,,,1207,,,Size,"120x170, 140x190, 160x220, 180x270, 200x290, 240x330, 280x370, 80x150",1,1,Brand,D-sign,1,1,Color,Pink-Purple,1,1,Type of color,Multicolor,1,1,Shape,Rectangular,1,1,Material,Polypropen,1,1,Type of rug,Modern,1,1,Weave,Machinemade,1,1,Country,Turkey,1,1,Age,New,1,1,,,,,,,,,,,,,1786456256,yes,yes,,,,,,,,,,,,,,,,,,,,,,,,,,,,,
43308,variation,56907436,,D-sign Rug 1D0781 Gold - 80x150,1,0,hidden,,D-sign Rug 1D0781 Gold 80x150 cm,,,taxable,parent,0,0,,0,0,,150,80,1.3,0,,,860,,,,,,,56907436-H,,,,,,1,,,Size,80x150,,1,,,,,,,,,,,,,,,,,,,,,,,,,,,,,,,,,,,,,80x150,,,,,,,,,,,,1786453993,,,,,,,,,,,,90963,,,,,,,,,,,,,,,,,,,
43309,variation,56911766,,D-sign Rug 1D0781 Gold - 120x170,1,0,hidden,,D-sign Rug 1D0781 Gold 120x170 cm,,,taxable,parent,0,0,,0,0,,170,120,1.3,0,,,1332,,,,,,,56907436-H,,,,,,2,,,Size,120x170,,1,,,,,,,,,,,,,,,,,,,,,,,,,,,,,,,,,,,,,120x170,,,,,,,,,,,,,,,,,,,,,,,,90822,,,,,,,,,,,,,,,,,,,
43310,variation,56911765,,D-sign Rug 1D0781 Gold - 140x190,1,0,hidden,,D-sign Rug 1D0781 Gold 140x190 cm,,,taxable,parent,0,0,,0,0,,190,140,1.3,0,,,1564,,,,,,,56907436-H,,,,,,3,,,Size,140x190,,1,,,,,,,,,,,,,,,,,,,,,,,,,,,,,,,,,,,,,140x190,,,,,,,,,,,,,,,,,,,,,,,,90823,,,,,,,,,,,,,,,,,,,
43311,variation,56911770,,D-sign Rug 1D0781 Gold - 160x220,1,0,hidden,,D-sign Rug 1D0781 Gold 160x220 cm,,,taxable,parent,0,0,,0,0,,220,160,1.3,0,,,2036,,,,,,,56907436-H,,,,,,4,,,Size,160x220,,1,,,,,,,,,,,,,,,,,,,,,,,,,,,,,,,,,,,,,160x220,,,,,,,,,,,,,,,,,,,,,,,,90824,,,,,,,,,,,,,,,,,,,
43312,variation,56911771,,D-sign Rug 1D0781 Gold - 180x270,1,0,hidden,,D-sign Rug 1D0781 Gold 180x270 cm,,,taxable,parent,0,0,,0,0,,270,180,1.3,0,,,2460,,,,,,,56907436-H,,,,,,5,,,Size,180x270,,1,,,,,,,,,,,,,,,,,,,,,,,,,,,,,,,,,,,,,180x270,,,,,,,,,,,,,,,,,,,,,,,,90826,,,,,,,,,,,,,,,,,,,
43313,variation,56911767,,D-sign Rug 1D0781 Gold - 200x290,1,0,hidden,,D-sign Rug 1D0781 Gold 200x290 cm,,,taxable,parent,0,0,,0,0,,290,200,1.3,0,,,2836,,,,,,,56907436-H,,,,,,6,,,Size,200x290,,1,,,,,,,,,,,,,,,,,,,,,,,,,,,,,,,,,,,,,200x290,,,,,,,,,,,,,,,,,,,,,,,,90825,,,,,,,,,,,,,,,,,,,
43314,variation,56907459,,D-sign Rug 1D0781 Gold - 240x330,1,0,hidden,,D-sign Rug 1D0781 Gold 240x330 cm,,,taxable,parent,0,0,,0,0,,330,240,1.3,0,,,3868,,,,,,,56907436-H,,,,,,7,,,Size,240x330,,1,,,,,,,,,,,,,,,,,,,,,,,,,,,,,,,,,,,,,240x330,,,,,,,,,,,,,,,,,,,,,,,,90827,,,,,,,,,,,,,,,,,,,
43315,variation,56907460,,D-sign Rug 1D0781 Gold - 280x370,1,0,hidden,,D-sign Rug 1D0781 Gold 280x370 cm,,,taxable,parent,0,0,,0,0,,370,280,1.3,0,,,5356,,,,,,,56907436-H,,,,,,8,,,Size,280x370,,1,,,,,,,,,,,,,,,,,,,,,,,,,,,,,,,,,,,,,280x370,,,,,,,,,,,,,,,,,,,,,,,,90828,,,,,,,,,,,,,,,,,,,
43321,variation,56907461,,D-sign Rug 1D0782 Grey - 80x150,1,0,hidden,,D-sign Rug 1D0782 Grey 80x150 cm,,,taxable,parent,0,0,,0,0,,150,80,1.3,0,,,860,,,,,,,56907461-H,,,,,,1,,,Size,80x150,,1,,,,,,,,,,,,,,,,,,,,,,,,,,,,,,,,,,,,,80x150,,,,,,,,,,,,1786453993,,,,,,,,,,,,90964,,,,,,,,,,,,,,,,,,,
43322,variation,56911798,,D-sign Rug 1D0782 Grey - 120x170,1,0,hidden,,D-sign Rug 1D0782 Grey 120x170 cm,,,taxable,parent,0,0,,0,0,,170,120,1.3,0,,,1332,,,,,,,56907461-H,,,,,,2,,,Size,120x170,,1,,,,,,,,,,,,,,,,,,,,,,,,,,,,,,,,,,,,,120x170,,,,,,,,,,,,,,,,,,,,,,,,90836,,,,,,,,,,,,,,,,,,,
43323,variation,56911795,,D-sign Rug 1D0782 Grey - 140x190,1,0,hidden,,D-sign Rug 1D0782 Grey 140x190 cm,,,taxable,parent,0,0,,0,0,,190,140,1.3,0,,,1564,,,,,,,56907461-H,,,,,,3,,,Size,140x190,,1,,,,,,,,,,,,,,,,,,,,,,,,,,,,,,,,,,,,,140x190,,,,,,,,,,,,1786456184,,,,,,,,,,,,90837,,,,,,,,,,,,,,,,,,,
43324,variation,56911796,,D-sign Rug 1D0782 Grey - 160x220,1,0,hidden,,D-sign Rug 1D0782 Grey 160x220 cm,,,taxable,parent,0,0,,0,0,,220,160,1.3,0,,,2036,,,,,,,56907461-H,,,,,,4,,,Size,160x220,,1,,,,,,,,,,,,,,,,,,,,,,,,,,,,,,,,,,,,,160x220,,,,,,,,,,,,,,,,,,,,,,,,90838,,,,,,,,,,,,,,,,,,,
43325,variation,56911802,,D-sign Rug 1D0782 Grey - 180x270,1,0,hidden,,D-sign Rug 1D0782 Grey 180x270 cm,,,taxable,parent,0,0,,0,0,,270,180,1.3,0,,,2460,,,,,,,56907461-H,,,,,,5,,,Size,180x270,,1,,,,,,,,,,,,,,,,,,,,,,,,,,,,,,,,,,,,,180x270,,,,,,,,,,,,,,,,,,,,,,,,90840,,,,,,,,,,,,,,,,,,,
43326,variation,56911799,,D-sign Rug 1D0782 Grey - 200x290,1,0,hidden,,D-sign Rug 1D0782 Grey 200x290 cm,,,taxable,parent,0,0,,0,0,,290,200,1.3,0,,,2836,,,,,,,56907461-H,,,,,,6,,,Size,200x290,,1,,,,,,,,,,,,,,,,,,,,,,,,,,,,,,,,,,,,,200x290,,,,,,,,,,,,,,,,,,,,,,,,90839,,,,,,,,,,,,,,,,,,,
43327,variable,56907448-H,,D-sign Rug 1D0785 Grey,1,0,hidden,D-sign Rug 1D0785 Grey ,D-sign Rug 1D0785 Grey ,,,taxable,,0,,,0,0,,,,,1,,,,"Rooms > Bedroom, Rooms > Living room, Rugs > Modern, Rugs",,,"https://rugshop.eu/wp-content/uploads/2021/10/carpet-alter-nano-triangles-grey.jpg, https://rugshop.eu/wp-content/uploads/2021/10/carpet-alter-nano-triangles-grey-1.jpg, https://rugshop.eu/wp-content/uploads/2021/10/carpet-alter-nano-triangles-grey-2.jpg, https://rugshop.eu/wp-content/uploads/2021/10/carpet-alter-nano-triangles-grey-3.jpg",,,,,,,,,1208,,,Size,"120x170, 140x190, 160x220, 180x270, 200x290, 240x330, 280x370, 80x150",1,1,Brand,D-sign,1,1,Color,Black-Grey,1,1,Type of color,Multicolor,1,1,Shape,Rectangular,1,1,Material,Polypropen,1,1,Type of rug,Modern,1,1,Weave,Machinemade,1,1,Country,Turkey,1,1,Age,New,1,1,,,,,,,,,,,,,1786456222,yes,yes,,,,,,,,,,,,,,,,,,,,,,,,,,,,,
43328,variable,56907489-H,,D-sign Rug 1D0786 Blue,1,0,hidden,D-sign Rug 1D0786 Blue ,D-sign Rug 1D0786 Blue ,,,taxable,,0,,,0,0,,,,,1,,,,"Rooms > Bedroom, Rooms > Living room, Rugs, Rugs > Traditional",,,"https://rugshop.eu/wp-content/uploads/2021/10/carpet-alter-porto-flowers-blue.jpg, https://rugshop.eu/wp-content/uploads/2021/10/carpet-alter-porto-flowers-blue-1.jpg, https://rugshop.eu/wp-content/uploads/2021/10/carpet-alter-porto-flowers-blue-2.jpg, https://rugshop.eu/wp-content/uploads/2021/10/carpet-alter-porto-flowers-blue-3.jpg",,,,,,,,,1209,,,Size,"120x170, 140x190, 160x220, 180x270, 200x290, 240x330, 280x370, 80x150",1,1,Brand,D-sign,1,1,Color,Blue,1,1,Type of color,Multicolor,1,1,Shape,Rectangular,1,1,Material,Polypropen,1,1,Type of rug,Traditional,1,1,Weave,Machinemade,1,1,Country,Turkey,1,1,Age,New,1,1,,,,,,,,,,,,,1786456259,yes,yes,,,,,,,,,,,,,,,,,,,,,,,,,,,,,
43329,variation,56911804,,D-sign Rug 1D0782 Grey - 240x330,1,0,hidden,,D-sign Rug 1D0782 Grey 240x330 cm,,,taxable,parent,0,0,,0,0,,330,240,1.3,0,,,3868,,,,,,,56907461-H,,,,,,7,,,Size,240x330,,1,,,,,,,,,,,,,,,,,,,,,,,,,,,,,,,,,,,,,240x330,,,,,,,,,,,,1786456231,,,,,,,,,,,,90841,,,,,,,,,,,,,,,,,,,
43330,variation,56911820,,D-sign Rug 1D0782 Grey - 280x370,1,0,hidden,,D-sign Rug 1D0782 Grey 280x370 cm,,,taxable,parent,0,0,,0,0,,370,280,1.3,0,,,5356,,,,,,,56907461-H,,,,,,8,,,Size,280x370,,1,,,,,,,,,,,,,,,,,,,,,,,,,,,,,,,,,,,,,280x370,,,,,,,,,,,,1786456236,,,,,,,,,,,,90842,,,,,,,,,,,,,,,,,,,
43336,variation,56907472,,D-sign Rug 1D0783 Blue - 80x150,1,0,hidden,,D-sign Rug 1D0783 Blue 80x150 cm,,,taxable,parent,0,0,,0,0,,150,80,1.3,0,,,860,,,,,,,56907472-H,,,,,,1,,,Size,80x150,,1,,,,,,,,,,,,,,,,,,,,,,,,,,,,,,,,,,,,,80x150,,,,,,,,,,,,,,,,,,,,,,,,90965,,,,,,,,,,,,,,,,,,,
43337,variation,56911823,,D-sign Rug 1D0783 Blue - 120x170,1,0,hidden,,D-sign Rug 1D0783 Blue 120x170 cm,,,taxable,parent,0,0,,0,0,,170,120,1.3,0,,,1332,,,,,,,56907472-H,,,,,,2,,,Size,120x170,,1,,,,,,,,,,,,,,,,,,,,,,,,,,,,,,,,,,,,,120x170,,,,,,,,,,,,1786456238,,,,,,,,,,,,90843,,,,,,,,,,,,,,,,,,,
43338,variation,56911818,,D-sign Rug 1D0783 Blue - 140x190,1,0,hidden,,D-sign Rug 1D0783 Blue 140x190 cm,,,taxable,parent,0,0,,0,0,,190,140,1.3,0,,,1564,,,,,,,56907472-H,,,,,,3,,,Size,140x190,,1,,,,,,,,,,,,,,,,,,,,,,,,,,,,,,,,,,,,,140x190,,,,,,,,,,,,1786456233,,,,,,,,,,,,90844,,,,,,,,,,,,,,,,,,,
43339,variation,56911825,,D-sign Rug 1D0783 Blue - 160x220,1,0,hidden,,D-sign Rug 1D0783 Blue 160x220 cm,,,taxable,parent,0,0,,0,0,,220,160,1.3,0,,,2036,,,,,,,56907472-H,,,,,,4,,,Size,160x220,,1,,,,,,,,,,,,,,,,,,,,,,,,,,,,,,,,,,,,,160x220,,,,,,,,,,,,,,,,,,,,,,,,90845,,,,,,,,,,,,,,,,,,,
43340,variation,56911819,,D-sign Rug 1D0783 Blue - 180x270,1,0,hidden,,D-sign Rug 1D0783 Blue 180x270 cm,,,taxable,parent,0,0,,0,0,,270,180,1.3,0,,,2460,,,,,,,56907472-H,,,,,,5,,,Size,180x270,,1,,,,,,,,,,,,,,,,,,,,,,,,,,,,,,,,,,,,,180x270,,,,,,,,,,,,1786456235,,,,,,,,,,,,90846,,,,,,,,,,,,,,,,,,,
43341,variation,56911821,,D-sign Rug 1D0783 Blue - 200x290,1,0,hidden,,D-sign Rug 1D0783 Blue 200x290 cm,,,taxable,parent,0,0,,0,0,,290,200,1.3,0,,,2836,,,,,,,56907472-H,,,,,,6,,,Size,200x290,,1,,,,,,,,,,,,,,,,,,,,,,,,,,,,,,,,,,,,,200x290,,,,,,,,,,,,1786456237,,,,,,,,,,,,90847,,,,,,,,,,,,,,,,,,,
43342,variation,56911822,,D-sign Rug 1D0783 Blue - 240x330,1,0,hidden,,D-sign Rug 1D0783 Blue 240x330 cm,,,taxable,parent,0,0,,0,0,,330,240,1.3,0,,,3868,,,,,,,56907472-H,,,,,,7,,,Size,240x330,,1,,,,,,,,,,,,,,,,,,,,,,,,,,,,,,,,,,,,,240x330,,,,,,,,,,,,,,,,,,,,,,,,90848,,,,,,,,,,,,,,,,,,,
43343,variation,56911826,,D-sign Rug 1D0783 Blue - 280x370,1,0,hidden,,D-sign Rug 1D0783 Blue 280x370 cm,,,taxable,parent,0,0,,0,0,,370,280,1.3,0,,,5356,,,,,,,56907472-H,,,,,,8,,,Size,280x370,,1,,,,,,,,,,,,,,,,,,,,,,,,,,,,,,,,,,,,,280x370,,,,,,,,,,,,1786456240,,,,,,,,,,,,90849,,,,,,,,,,,,,,,,,,,
43349,variable,56907495-H,,D-sign Rug 1D0787 Grey,1,0,hidden,D-sign Rug 1D0787 Grey ,D-sign Rug 1D0787 Grey ,,,taxable,,0,,,0,0,,,,,1,,,,"Rooms > Bedroom, Rooms > Living room, Rugs, Rugs > Traditional",,,"https://rugshop.eu/wp-content/uploads/2021/10/carpet-alter-porto-flowers-grey.jpg, https://rugshop.eu/wp-content/uploads/2021/10/carpet-alter-porto-flowers-grey-1.jpg, https://rugshop.eu/wp-content/uploads/2021/10/carpet-alter-porto-flowers-grey-2.jpg, https://rugshop.eu/wp-content/uploads/2021/10/carpet-alter-porto-flowers-grey-3.jpg",,,,,,,,,1210,,,Size,"120x170, 140x190, 160x220, 180x270, 200x290, 240x330, 280x370, 80x150",1,1,Brand,D-sign,1,1,Color,Black-Grey,1,1,Type of color,Multicolor,1,1,Shape,Rectangular,1,1,Material,Polypropen,1,1,Type of rug,Traditional,1,1,Weave,Machinemade,1,1,Country,Turkey,1,1,Age,New,1,1,,,,,,,,,,,,,1786456261,yes,yes,,,,,,,,,,,,,,,,,,,,,,,,,,,,,
43350,variation,56907473,,D-sign Rug 1D0784 Pink - 80x150,1,0,hidden,,D-sign Rug 1D0784 Pink 80x150 cm,,,taxable,parent,0,0,,0,0,,150,80,1.3,0,,,860,,,,,,,56907473-H,,,,,,1,,,Size,80x150,,1,,,,,,,,,,,,,,,,,,,,,,,,,,,,,,,,,,,,,80x150,,,,,,,,,,,,1786453994,,,,,,,,,,,,90966,,,,,,,,,,,,,,,,,,,
43351,variation,56911824,,D-sign Rug 1D0784 Pink - 120x170,1,0,hidden,,D-sign Rug 1D0784 Pink 120x170 cm,,,taxable,parent,0,0,,0,0,,170,120,1.3,0,,,1332,,,,,,,56907473-H,,,,,,2,,,Size,120x170,,1,,,,,,,,,,,,,,,,,,,,,,,,,,,,,,,,,,,,,120x170,,,,,,,,,,,,1786456239,,,,,,,,,,,,90872,,,,,,,,,,,,,,,,,,,
43352,variation,56911772,,D-sign Rug 1D0784 Pink - 140x190,1,0,hidden,,D-sign Rug 1D0784 Pink 140x190 cm,,,taxable,parent,0,0,,0,0,,190,140,1.3,0,,,1564,,,,,,,56907473-H,,,,,,3,,,Size,140x190,,1,,,,,,,,,,,,,,,,,,,,,,,,,,,,,,,,,,,,,140x190,,,,,,,,,,,,1786456183,,,,,,,,,,,,90873,,,,,,,,,,,,,,,,,,,
43353,variation,56911800,,D-sign Rug 1D0784 Pink - 160x220,1,0,hidden,,D-sign Rug 1D0784 Pink 160x220 cm,,,taxable,parent,0,0,,0,0,,220,160,1.3,0,,,2036,,,,,,,56907473-H,,,,,,4,,,Size,160x220,,1,,,,,,,,,,,,,,,,,,,,,,,,,,,,,,,,,,,,,160x220,,,,,,,,,,,,1786456185,,,,,,,,,,,,90874,,,,,,,,,,,,,,,,,,,
43354,variation,56911768,,D-sign Rug 1D0784 Pink - 180x270,1,0,hidden,,D-sign Rug 1D0784 Pink 180x270 cm,,,taxable,parent,0,0,,0,0,,270,180,1.3,0,,,2460,,,,,,,56907473-H,,,,,,5,,,Size,180x270,,1,,,,,,,,,,,,,,,,,,,,,,,,,,,,,,,,,,,,,180x270,,,,,,,,,,,,1786456182,,,,,,,,,,,,90875,,,,,,,,,,,,,,,,,,,
43355,variation,56911773,,D-sign Rug 1D0784 Pink - 200x290,1,0,hidden,,D-sign Rug 1D0784 Pink 200x290 cm,,,taxable,parent,0,0,,0,0,,290,200,1.3,0,,,2836,,,,,,,56907473-H,,,,,,6,,,Size,200x290,,1,,,,,,,,,,,,,,,,,,,,,,,,,,,,,,,,,,,,,200x290,,,,,,,,,,,,1786456183,,,,,,,,,,,,90876,,,,,,,,,,,,,,,,,,,
43356,variation,56911774,,D-sign Rug 1D0784 Pink - 240x330,1,0,hidden,,D-sign Rug 1D0784 Pink 240x330 cm,,,taxable,parent,0,0,,0,0,,330,240,1.3,0,,,3868,,,,,,,56907473-H,,,,,,7,,,Size,240x330,,1,,,,,,,,,,,,,,,,,,,,,,,,,,,,,,,,,,,,,240x330,,,,,,,,,,,,,,,,,,,,,,,,90877,,,,,,,,,,,,,,,,,,,
43357,variation,56911793,,D-sign Rug 1D0784 Pink - 280x370,1,0,hidden,,D-sign Rug 1D0784 Pink 280x370 cm,,,taxable,parent,0,0,,0,0,,370,280,1.3,0,,,5356,,,,,,,56907473-H,,,,,,8,,,Size,280x370,,1,,,,,,,,,,,,,,,,,,,,,,,,,,,,,,,,,,,,,280x370,,,,,,,,,,,,1786456184,,,,,,,,,,,,90878,,,,,,,,,,,,,,,,,,,
43363,variation,56907448,,D-sign Rug 1D0785 Grey - 80x150,1,0,hidden,,D-sign Rug 1D0785 Grey 80x150 cm,,,taxable,parent,0,0,,0,0,,150,80,1.3,0,,,860,,,,,,,56907448-H,,,,,,1,,,Size,80x150,,1,,,,,,,,,,,,,,,,,,,,,,,,,,,,,,,,,,,,,80x150,,,,,,,,,,,,,,,,,,,,,,,,90967,,,,,,,,,,,,,,,,,,,
43364,variation,56911769,,D-sign Rug 1D0785 Grey - 120x170,1,0,hidden,,D-sign Rug 1D0785 Grey 120x170 cm,,,taxable,parent,0,0,,0,0,,170,120,1.3,0,,,1332,,,,,,,56907448-H,,,,,,2,,,Size,120x170,,1,,,,,,,,,,,,,,,,,,,,,,,,,,,,,,,,,,,,,120x170,,,,,,,,,,,,1786456183,,,,,,,,,,,,90886,,,,,,,,,,,,,,,,,,,
43365,variation,56911801,,D-sign Rug 1D0785 Grey - 140x190,1,0,hidden,,D-sign Rug 1D0785 Grey 140x190 cm,,,taxable,parent,0,0,,0,0,,190,140,1.3,0,,,1564,,,,,,,56907448-H,,,,,,3,,,Size,140x190,,1,,,,,,,,,,,,,,,,,,,,,,,,,,,,,,,,,,,,,140x190,,,,,,,,,,,,,,,,,,,,,,,,90887,,,,,,,,,,,,,,,,,,,
43366,variation,56911803,,D-sign Rug 1D0785 Grey - 160x220,1,0,hidden,,D-sign Rug 1D0785 Grey 160x220 cm,,,taxable,parent,0,0,,0,0,,220,160,1.3,0,,,2036,,,,,,,56907448-H,,,,,,4,,,Size,160x220,,1,,,,,,,,,,,,,,,,,,,,,,,,,,,,,,,,,,,,,160x220,,,,,,,,,,,,1786456185,,,,,,,,,,,,90888,,,,,,,,,,,,,,,,,,,
43367,variation,56907486,,D-sign Rug 1D0785 Grey - 180x270,1,0,hidden,,D-sign Rug 1D0785 Grey 180x270 cm,,,taxable,parent,0,0,,0,0,,270,180,1.3,0,,,2460,,,,,,,56907448-H,,,,,,5,,,Size,180x270,,1,,,,,,,,,,,,,,,,,,,,,,,,,,,,,,,,,,,,,180x270,,,,,,,,,,,,,,,,,,,,,,,,90889,,,,,,,,,,,,,,,,,,,
43368,variation,56907488,,D-sign Rug 1D0785 Grey - 200x290,1,0,hidden,,D-sign Rug 1D0785 Grey 200x290 cm,,,taxable,parent,0,0,,0,0,,290,200,1.3,0,,,2836,,,,,,,56907448-H,,,,,,6,,,Size,200x290,,1,,,,,,,,,,,,,,,,,,,,,,,,,,,,,,,,,,,,,200x290,,,,,,,,,,,,1786453996,,,,,,,,,,,,90890,,,,,,,,,,,,,,,,,,,
43369,variation,56907485,,D-sign Rug 1D0785 Grey - 240x330,1,0,hidden,,D-sign Rug 1D0785 Grey 240x330 cm,,,taxable,parent,0,0,,0,0,,330,240,1.3,0,,,3868,,,,,,,56907448-H,,,,,,7,,,Size,240x330,,1,,,,,,,,,,,,,,,,,,,,,,,,,,,,,,,,,,,,,240x330,,,,,,,,,,,,,,,,,,,,,,,,90891,,,,,,,,,,,,,,,,,,,
43370,variation,56907487,,D-sign Rug 1D0785 Grey - 280x370,1,0,hidden,,D-sign Rug 1D0785 Grey 280x370 cm,,,taxable,parent,0,0,,0,0,,370,280,1.3,0,,,5356,,,,,,,56907448-H,,,,,,8,,,Size,280x370,,1,,,,,,,,,,,,,,,,,,,,,,,,,,,,,,,,,,,,,280x370,,,,,,,,,,,,,,,,,,,,,,,,90892,,,,,,,,,,,,,,,,,,,
43376,variable,56907507-H,,D-sign Rug 1D0788 Blue,1,0,hidden,D-sign Rug 1D0788 Blue ,D-sign Rug 1D0788 Blue ,,,taxable,,0,,,0,0,,,,,1,,,,"Rooms > Bedroom, Rooms > Living room, Rugs > Modern, Rugs",,,"https://rugshop.eu/wp-content/uploads/2021/10/carpet-alter-rino-triangles-blue.jpg, https://rugshop.eu/wp-content/uploads/2021/10/carpet-alter-rino-triangles-blue-1.jpg, https://rugshop.eu/wp-content/uploads/2021/10/carpet-alter-rino-triangles-blue-2.jpg, https://rugshop.eu/wp-content/uploads/2021/10/carpet-alter-rino-triangles-blue-3.jpg",,,,,,,,,1211,,,Size,"120x170, 140x190, 160x220, 180x270, 200x290, 240x330, 280x370, 80x150",1,1,Brand,D-sign,1,1,Color,Blue,1,1,Type of color,Multicolor,1,1,Shape,Rectangular,1,1,Material,Polypropen,1,1,Type of rug,Modern,1,1,Weave,Machinemade,1,1,Country,Turkey,1,1,Age,New,1,1,,,,,,,,,,,,,1786456267,yes,yes,,,,,,,,,,,,,,,,,,,,,,,,,,,,,
43377,variable,56907508-H,,D-sign Rug 1D0789 Pink,1,0,hidden,D-sign Rug 1D0789 Pink ,D-sign Rug 1D0789 Pink ,,,taxable,,0,,,0,0,,,,,1,,,,"Rooms > Bedroom, Rooms > Living room, Rugs > Modern, Rugs",,,"https://rugshop.eu/wp-content/uploads/2021/10/carpet-alter-rino-triangles-blush-pink.jpg, https://rugshop.eu/wp-content/uploads/2021/10/carpet-alter-rino-triangles-blush-pink-1.jpg, https://rugshop.eu/wp-content/uploads/2021/10/carpet-alter-rino-triangles-blush-pink-2.jpg, https://rugshop.eu/wp-content/uploads/2021/10/carpet-alter-rino-triangles-blush-pink-3.jpg",,,,,,,,,1212,,,Size,"120x170, 140x190, 160x220, 180x270, 200x290, 240x330, 280x370, 80x150",1,1,Brand,D-sign,1,1,Color,Pink-Purple,1,1,Type of color,Multicolor,1,1,Shape,Rectangular,1,1,Material,Polypropen,1,1,Type of rug,Modern,1,1,Weave,Machinemade,1,1,Country,Turkey,1,1,Age,New,1,1,,,,,,,,,,,,,1786456264,yes,yes,,,,,,,,,,,,,,,,,,,,,,,,,,,,,
43378,variation,56907489,,D-sign Rug 1D0786 Blue - 80x150,1,0,hidden,,D-sign Rug 1D0786 Blue 80x150 cm,,,taxable,parent,0,0,,0,0,,150,80,1.3,0,,,860,,,,,,,56907489-H,,,,,,1,,,Size,80x150,,1,,,,,,,,,,,,,,,,,,,,,,,,,,,,,,,,,,,,,80x150,,,,,,,,,,,,1786453996,,,,,,,,,,,,90968,,,,,,,,,,,,,,,,,,,
43379,variation,56911839,,D-sign Rug 1D0786 Blue - 120x170,1,0,hidden,,D-sign Rug 1D0786 Blue 120x170 cm,,,taxable,parent,0,0,,0,0,,170,120,1.3,0,,,1332,,,,,,,56907489-H,,,,,,2,,,Size,120x170,,1,,,,,,,,,,,,,,,,,,,,,,,,,,,,,,,,,,,,,120x170,,,,,,,,,,,,,,,,,,,,,,,,90893,,,,,,,,,,,,,,,,,,,
43380,variation,56911840,,D-sign Rug 1D0786 Blue - 140x190,1,0,hidden,,D-sign Rug 1D0786 Blue 140x190 cm,,,taxable,parent,0,0,,0,0,,190,140,1.3,0,,,1564,,,,,,,56907489-H,,,,,,3,,,Size,140x190,,1,,,,,,,,,,,,,,,,,,,,,,,,,,,,,,,,,,,,,140x190,,,,,,,,,,,,1786456244,,,,,,,,,,,,90894,,,,,,,,,,,,,,,,,,,
43381,variation,56911827,,D-sign Rug 1D0786 Blue - 160x220,1,0,hidden,,D-sign Rug 1D0786 Blue 160x220 cm,,,taxable,parent,0,0,,0,0,,220,160,1.3,0,,,2036,,,,,,,56907489-H,,,,,,4,,,Size,160x220,,1,,,,,,,,,,,,,,,,,,,,,,,,,,,,,,,,,,,,,160x220,,,,,,,,,,,,1786456242,,,,,,,,,,,,90895,,,,,,,,,,,,,,,,,,,
43382,variation,56911846,,D-sign Rug 1D0786 Blue - 180x270,1,0,hidden,,D-sign Rug 1D0786 Blue 180x270 cm,,,taxable,parent,0,0,,0,0,,270,180,1.3,0,,,2460,,,,,,,56907489-H,,,,,,5,,,Size,180x270,,1,,,,,,,,,,,,,,,,,,,,,,,,,,,,,,,,,,,,,180x270,,,,,,,,,,,,1786456247,,,,,,,,,,,,90896,,,,,,,,,,,,,,,,,,,
43383,variation,56911844,,D-sign Rug 1D0786 Blue - 200x290,1,0,hidden,,D-sign Rug 1D0786 Blue 200x290 cm,,,taxable,parent,0,0,,0,0,,290,200,1.3,0,,,2836,,,,,,,56907489-H,,,,,,6,,,Size,200x290,,1,,,,,,,,,,,,,,,,,,,,,,,,,,,,,,,,,,,,,200x290,,,,,,,,,,,,,,,,,,,,,,,,90897,,,,,,,,,,,,,,,,,,,
43384,variation,56907494,,D-sign Rug 1D0786 Blue - 240x330,1,0,hidden,,D-sign Rug 1D0786 Blue 240x330 cm,,,taxable,parent,0,0,,0,0,,330,240,1.3,0,,,3868,,,,,,,56907489-H,,,,,,7,,,Size,240x330,,1,,,,,,,,,,,,,,,,,,,,,,,,,,,,,,,,,,,,,240x330,,,,,,,,,,,,,,,,,,,,,,,,90898,,,,,,,,,,,,,,,,,,,
43385,variation,56907496,,D-sign Rug 1D0786 Blue - 280x370,1,0,hidden,,D-sign Rug 1D0786 Blue 280x370 cm,,,taxable,parent,0,0,,0,0,,370,280,1.3,0,,,5356,,,,,,,56907489-H,,,,,,8,,,Size,280x370,,1,,,,,,,,,,,,,,,,,,,,,,,,,,,,,,,,,,,,,280x370,,,,,,,,,,,,1786453997,,,,,,,,,,,,90899,,,,,,,,,,,,,,,,,,,
43391,variation,56907495,,D-sign Rug 1D0787 Grey - 80x150,1,0,hidden,,D-sign Rug 1D0787 Grey 80x150 cm,,,taxable,parent,0,0,,0,0,,150,80,1.3,0,,,860,,,,,,,56907495-H,,,,,,1,,,Size,80x150,,1,,,,,,,,,,,,,,,,,,,,,,,,,,,,,,,,,,,,,80x150,,,,,,,,,,,,1786453996,,,,,,,,,,,,90969,,,,,,,,,,,,,,,,,,,
43392,variation,56911842,,D-sign Rug 1D0787 Grey - 120x170,1,0,hidden,,D-sign Rug 1D0787 Grey 120x170 cm,,,taxable,parent,0,0,,0,0,,170,120,1.3,0,,,1332,,,,,,,56907495-H,,,,,,2,,,Size,120x170,,1,,,,,,,,,,,,,,,,,,,,,,,,,,,,,,,,,,,,,120x170,,,,,,,,,,,,1786456245,,,,,,,,,,,,90907,,,,,,,,,,,,,,,,,,,
43393,variation,56911847,,D-sign Rug 1D0787 Grey - 140x190,1,0,hidden,,D-sign Rug 1D0787 Grey 140x190 cm,,,taxable,parent,0,0,,0,0,,190,140,1.3,0,,,1564,,,,,,,56907495-H,,,,,,3,,,Size,140x190,,1,,,,,,,,,,,,,,,,,,,,,,,,,,,,,,,,,,,,,140x190,,,,,,,,,,,,1786456247,,,,,,,,,,,,90908,,,,,,,,,,,,,,,,,,,
43394,variation,56911845,,D-sign Rug 1D0787 Grey - 160x220,1,0,hidden,,D-sign Rug 1D0787 Grey 160x220 cm,,,taxable,parent,0,0,,0,0,,220,160,1.3,0,,,2036,,,,,,,56907495-H,,,,,,4,,,Size,160x220,,1,,,,,,,,,,,,,,,,,,,,,,,,,,,,,,,,,,,,,160x220,,,,,,,,,,,,1786456246,,,,,,,,,,,,90909,,,,,,,,,,,,,,,,,,,
43395,variation,56911882,,D-sign Rug 1D0787 Grey - 180x270,1,0,hidden,,D-sign Rug 1D0787 Grey 180x270 cm,,,taxable,parent,0,0,,0,0,,270,180,1.3,0,,,2460,,,,,,,56907495-H,,,,,,5,,,Size,180x270,,1,,,,,,,,,,,,,,,,,,,,,,,,,,,,,,,,,,,,,180x270,,,,,,,,,,,,1786456249,,,,,,,,,,,,90910,,,,,,,,,,,,,,,,,,,
43396,variation,56911841,,D-sign Rug 1D0787 Grey - 200x290,1,0,hidden,,D-sign Rug 1D0787 Grey 200x290 cm,,,taxable,parent,0,0,,0,0,,290,200,1.3,0,,,2836,,,,,,,56907495-H,,,,,,6,,,Size,200x290,,1,,,,,,,,,,,,,,,,,,,,,,,,,,,,,,,,,,,,,200x290,,,,,,,,,,,,1786456244,,,,,,,,,,,,90911,,,,,,,,,,,,,,,,,,,
43397,variation,56911838,,D-sign Rug 1D0787 Grey - 240x330,1,0,hidden,,D-sign Rug 1D0787 Grey 240x330 cm,,,taxable,parent,0,0,,0,0,,330,240,1.3,0,,,3868,,,,,,,56907495-H,,,,,,7,,,Size,240x330,,1,,,,,,,,,,,,,,,,,,,,,,,,,,,,,,,,,,,,,240x330,,,,,,,,,,,,1786456243,,,,,,,,,,,,90912,,,,,,,,,,,,,,,,,,,
43398,variation,56911843,,D-sign Rug 1D0787 Grey - 280x370,1,0,hidden,,D-sign Rug 1D0787 Grey 280x370 cm,,,taxable,parent,0,0,,0,0,,370,280,1.3,0,,,5356,,,,,,,56907495-H,,,,,,8,,,Size,280x370,,1,,,,,,,,,,,,,,,,,,,,,,,,,,,,,,,,,,,,,280x370,,,,,,,,,,,,1786456246,,,,,,,,,,,,90913,,,,,,,,,,,,,,,,,,,
43404,variable,56907522-H,,D-sign Rug 1D0790 Grey,1,0,hidden,D-sign Rug 1D0790 Grey ,D-sign Rug 1D0790 Grey ,,,taxable,,0,,,0,0,,,,,1,,,,"Rooms > Bedroom, Rooms > Living room, Rugs > Modern, Rugs",,,"https://rugshop.eu/wp-content/uploads/2021/10/carpet-alter-rino-triangles-grey.jpg, https://rugshop.eu/wp-content/uploads/2021/10/carpet-alter-rino-triangles-grey-1.jpg, https://rugshop.eu/wp-content/uploads/2021/10/carpet-alter-rino-triangles-grey-2.jpg, https://rugshop.eu/wp-content/uploads/2021/10/carpet-alter-rino-triangles-grey-3.jpg",,,,,,,,,1213,,,Size,"120x170, 140x190, 160x220, 180x270, 200x290, 240x330, 280x370, 80x150",1,1,Brand,D-sign,1,1,Color,Black-Grey,1,1,Type of color,Multicolor,1,1,Shape,Rectangular,1,1,Material,Polypropen,1,1,Type of rug,Modern,1,1,Weave,Machinemade,1,1,Country,Turkey,1,1,Age,New,1,1,,,,,,,,,,,,,1786454031,yes,yes,,,,,,,,,,,,,,,,,,,,,,,,,,,,,
43405,variable,56907540-H,,D-sign Rug 1D0792 Grey,1,0,hidden,D-sign Rug 1D0792 Grey ,D-sign Rug 1D0792 Grey ,,,taxable,,0,,,0,0,,,,,1,,,,"Rooms > Bedroom, Rooms > Living room, Rugs > Modern, Rugs",,,"https://rugshop.eu/wp-content/uploads/2021/10/carpet-alter-siena-squares-trellis-grey.jpg, https://rugshop.eu/wp-content/uploads/2021/10/carpet-alter-siena-squares-trellis-grey-1.jpg, https://rugshop.eu/wp-content/uploads/2021/10/carpet-alter-siena-squares-trellis-grey-2.jpg, https://rugshop.eu/wp-content/uploads/2021/10/carpet-alter-siena-squares-trellis-grey-3.jpg",,,,,,,,,1215,,,Size,"120x170, 140x190, 160x220, 180x270, 200x290, 240x330, 280x370, 80x150",1,1,Brand,D-sign,1,1,Color,Black-Grey,1,1,Type of color,Multicolor,1,1,Shape,Rectangular,1,1,Material,Polypropen,1,1,Type of rug,Modern,1,1,Weave,Machinemade,1,1,Country,Turkey,1,1,Age,New,1,1,,,,,,,,,,,,,1786456269,yes,yes,,,,,,,,,,,,,,,,,,,,,,,,,,,,,
43406,variation,56907507,,D-sign Rug 1D0788 Blue - 80x150,1,0,hidden,,D-sign Rug 1D0788 Blue 80x150 cm,,,taxable,parent,0,0,,0,0,,150,80,1.3,0,,,860,,,,,,,56907507-H,,,,,,1,,,Size,80x150,,1,,,,,,,,,,,,,,,,,,,,,,,,,,,,,,,,,,,,,80x150,,,,,,,,,,,,1786453998,,,,,,,,,,,,90970,,,,,,,,,,,,,,,,,,,
43407,variation,56911885,,D-sign Rug 1D0788 Blue - 120x170,1,0,hidden,,D-sign Rug 1D0788 Blue 120x170 cm,,,taxable,parent,0,0,,0,0,,170,120,1.3,0,,,1332,,,,,,,56907507-H,,,,,,2,,,Size,120x170,,1,,,,,,,,,,,,,,,,,,,,,,,,,,,,,,,,,,,,,120x170,,,,,,,,,,,,,,,,,,,,,,,,90914,,,,,,,,,,,,,,,,,,,
43408,variation,56911883,,D-sign Rug 1D0788 Blue - 140x190,1,0,hidden,,D-sign Rug 1D0788 Blue 140x190 cm,,,taxable,parent,0,0,,0,0,,190,140,1.3,0,,,1564,,,,,,,56907507-H,,,,,,3,,,Size,140x190,,1,,,,,,,,,,,,,,,,,,,,,,,,,,,,,,,,,,,,,140x190,,,,,,,,,,,,,,,,,,,,,,,,90915,,,,,,,,,,,,,,,,,,,
43409,variation,56911878,,D-sign Rug 1D0788 Blue - 160x220,1,0,hidden,,D-sign Rug 1D0788 Blue 160x220 cm,,,taxable,parent,0,0,,0,0,,220,160,1.3,0,,,2036,,,,,,,56907507-H,,,,,,4,,,Size,160x220,,1,,,,,,,,,,,,,,,,,,,,,,,,,,,,,,,,,,,,,160x220,,,,,,,,,,,,,,,,,,,,,,,,90916,,,,,,,,,,,,,,,,,,,
43410,variation,56911881,,D-sign Rug 1D0788 Blue - 180x270,1,0,hidden,,D-sign Rug 1D0788 Blue 180x270 cm,,,taxable,parent,0,0,,0,0,,270,180,1.3,0,,,2460,,,,,,,56907507-H,,,,,,5,,,Size,180x270,,1,,,,,,,,,,,,,,,,,,,,,,,,,,,,,,,,,,,,,180x270,,,,,,,,,,,,1786456248,,,,,,,,,,,,90917,,,,,,,,,,,,,,,,,,,
43411,variation,56911880,,D-sign Rug 1D0788 Blue - 200x290,1,0,hidden,,D-sign Rug 1D0788 Blue 200x290 cm,,,taxable,parent,0,0,,0,0,,290,200,1.3,0,,,2836,,,,,,,56907507-H,,,,,,6,,,Size,200x290,,1,,,,,,,,,,,,,,,,,,,,,,,,,,,,,,,,,,,,,200x290,,,,,,,,,,,,1786456248,,,,,,,,,,,,90918,,,,,,,,,,,,,,,,,,,
43412,variation,56911879,,D-sign Rug 1D0788 Blue - 240x330,1,0,hidden,,D-sign Rug 1D0788 Blue 240x330 cm,,,taxable,parent,0,0,,0,0,,330,240,1.3,0,,,3868,,,,,,,56907507-H,,,,,,7,,,Size,240x330,,1,,,,,,,,,,,,,,,,,,,,,,,,,,,,,,,,,,,,,240x330,,,,,,,,,,,,,,,,,,,,,,,,90919,,,,,,,,,,,,,,,,,,,
43413,variation,56911884,,D-sign Rug 1D0788 Blue - 280x370,1,0,hidden,,D-sign Rug 1D0788 Blue 280x370 cm,,,taxable,parent,0,0,,0,0,,370,280,1.3,0,,,5356,,,,,,,56907507-H,,,,,,8,,,Size,280x370,,1,,,,,,,,,,,,,,,,,,,,,,,,,,,,,,,,,,,,,280x370,,,,,,,,,,,,1786456249,,,,,,,,,,,,90920,,,,,,,,,,,,,,,,,,,
43419,variation,56907508,,D-sign Rug 1D0789 Pink - 80x150,1,0,hidden,,D-sign Rug 1D0789 Pink 80x150 cm,,,taxable,parent,0,0,,0,0,,150,80,1.3,0,,,860,,,,,,,56907508-H,,,,,,1,,,Size,80x150,,1,,,,,,,,,,,,,,,,,,,,,,,,,,,,,,,,,,,,,80x150,,,,,,,,,,,,1786453999,,,,,,,,,,,,90971,,,,,,,,,,,,,,,,,,,
43420,variation,56911877,,D-sign Rug 1D0789 Pink - 120x170,1,0,hidden,,D-sign Rug 1D0789 Pink 120x170 cm,,,taxable,parent,0,0,,0,0,,170,120,1.3,0,,,1332,,,,,,,56907508-H,,,,,,2,,,Size,120x170,,1,,,,,,,,,,,,,,,,,,,,,,,,,,,,,,,,,,,,,120x170,,,,,,,,,,,,1786456248,,,,,,,,,,,,90928,,,,,,,,,,,,,,,,,,,
43421,variation,56907524,,D-sign Rug 1D0789 Pink - 140x190,1,0,hidden,,D-sign Rug 1D0789 Pink 140x190 cm,,,taxable,parent,0,0,,0,0,,190,140,1.3,0,,,1564,,,,,,,56907508-H,,,,,,3,,,Size,140x190,,1,,,,,,,,,,,,,,,,,,,,,,,,,,,,,,,,,,,,,140x190,,,,,,,,,,,,1786454023,,,,,,,,,,,,90929,,,,,,,,,,,,,,,,,,,
43422,variation,56907519,,D-sign Rug 1D0789 Pink - 160x220,1,0,hidden,,D-sign Rug 1D0789 Pink 160x220 cm,,,taxable,parent,0,0,,0,0,,220,160,1.3,0,,,2036,,,,,,,56907508-H,,,,,,4,,,Size,160x220,,1,,,,,,,,,,,,,,,,,,,,,,,,,,,,,,,,,,,,,160x220,,,,,,,,,,,,1786454021,,,,,,,,,,,,90930,,,,,,,,,,,,,,,,,,,
43423,variation,56907521,,D-sign Rug 1D0789 Pink - 180x270,1,0,hidden,,D-sign Rug 1D0789 Pink 180x270 cm,,,taxable,parent,0,0,,0,0,,270,180,1.3,0,,,2460,,,,,,,56907508-H,,,,,,5,,,Size,180x270,,1,,,,,,,,,,,,,,,,,,,,,,,,,,,,,,,,,,,,,180x270,,,,,,,,,,,,1786454022,,,,,,,,,,,,90931,,,,,,,,,,,,,,,,,,,
43424,variation,56907525,,D-sign Rug 1D0789 Pink - 200x290,1,0,hidden,,D-sign Rug 1D0789 Pink 200x290 cm,,,taxable,parent,0,0,,0,0,,290,200,1.3,0,,,2836,,,,,,,56907508-H,,,,,,6,,,Size,200x290,,1,,,,,,,,,,,,,,,,,,,,,,,,,,,,,,,,,,,,,200x290,,,,,,,,,,,,1786454023,,,,,,,,,,,,90932,,,,,,,,,,,,,,,,,,,
43425,variation,56907523,,D-sign Rug 1D0789 Pink - 240x330,1,0,hidden,,D-sign Rug 1D0789 Pink 240x330 cm,,,taxable,parent,0,0,,0,0,,330,240,1.3,0,,,3868,,,,,,,56907508-H,,,,,,7,,,Size,240x330,,1,,,,,,,,,,,,,,,,,,,,,,,,,,,,,,,,,,,,,240x330,,,,,,,,,,,,1786454023,,,,,,,,,,,,90933,,,,,,,,,,,,,,,,,,,
43426,variation,56907520,,D-sign Rug 1D0789 Pink - 280x370,1,0,hidden,,D-sign Rug 1D0789 Pink 280x370 cm,,,taxable,parent,0,0,,0,0,,370,280,1.3,0,,,5356,,,,,,,56907508-H,,,,,,8,,,Size,280x370,,1,,,,,,,,,,,,,,,,,,,,,,,,,,,,,,,,,,,,,280x370,,,,,,,,,,,,1786454022,,,,,,,,,,,,90934,,,,,,,,,,,,,,,,,,,
43432,variable,56907547-H,,D-sign Rug 1D0794 Grey,1,0,hidden,D-sign Rug 1D0794 Grey ,D-sign Rug 1D0794 Grey ,,,taxable,,0,,,0,0,,,,,1,,,,"Rooms > Bedroom, Rooms > Living room, Rugs > Modern, Rugs",,,"https://rugshop.eu/wp-content/uploads/2021/10/carpet-intero-balance-3d-dots-grey.jpg, https://rugshop.eu/wp-content/uploads/2021/10/carpet-intero-balance-3d-dots-grey-1.jpg, https://rugshop.eu/wp-content/uploads/2021/10/carpet-intero-balance-3d-dots-grey-2.jpg, https://rugshop.eu/wp-content/uploads/2021/10/carpet-intero-balance-3d-dots-grey-3.jpg",,,,,,,,,1217,,,Size,"120x170, 140x190, 160x220, 180x270, 200x290, 240x330, 280x370, 80x150",1,1,Brand,D-sign,1,1,Color,Black-Grey,1,1,Type of color,Multicolor,1,1,Shape,Rectangular,1,1,Material,Polypropen,1,1,Type of rug,Modern,1,1,Weave,Machinemade,1,1,Country,Turkey,1,1,Age,New,1,1,,,,,,,,,,,,,1786456283,yes,yes,,,,,,,,,,,,,,,,,,,,,,,,,,,,,
43434,variation,56907522,,D-sign Rug 1D0790 Grey - 80x150,1,0,hidden,,D-sign Rug 1D0790 Grey 80x150 cm,,,taxable,parent,0,0,,0,0,,150,80,1.3,0,,,860,,,,,,,56907522-H,,,,,,1,,,Size,80x150,,1,,,,,,,,,,,,,,,,,,,,,,,,,,,,,,,,,,,,,80x150,,,,,,,,,,,,1786454022,,,,,,,,,,,,90972,,,,,,,,,,,,,,,,,,,
43435,variation,56911899,,D-sign Rug 1D0790 Grey - 120x170,1,0,hidden,,D-sign Rug 1D0790 Grey 120x170 cm,,,taxable,parent,0,0,,0,0,,170,120,1.3,0,,,1332,,,,,,,56907522-H,,,,,,2,,,Size,120x170,,1,,,,,,,,,,,,,,,,,,,,,,,,,,,,,,,,,,,,,120x170,,,,,,,,,,,,,,,,,,,,,,,,90942,,,,,,,,,,,,,,,,,,,
43436,variation,56911900,,D-sign Rug 1D0790 Grey - 140x190,1,0,hidden,,D-sign Rug 1D0790 Grey 140x190 cm,,,taxable,parent,0,0,,0,0,,190,140,1.3,0,,,1564,,,,,,,56907522-H,,,,,,3,,,Size,140x190,,1,,,,,,,,,,,,,,,,,,,,,,,,,,,,,,,,,,,,,140x190,,,,,,,,,,,,,,,,,,,,,,,,90943,,,,,,,,,,,,,,,,,,,
43437,variation,56911886,,D-sign Rug 1D0790 Grey - 160x220,1,0,hidden,,D-sign Rug 1D0790 Grey 160x220 cm,,,taxable,parent,0,0,,0,0,,220,160,1.3,0,,,2036,,,,,,,56907522-H,,,,,,4,,,Size,160x220,,1,,,,,,,,,,,,,,,,,,,,,,,,,,,,,,,,,,,,,160x220,,,,,,,,,,,,,,,,,,,,,,,,90944,,,,,,,,,,,,,,,,,,,
43438,variation,56907537,,D-sign Rug 1D0790 Grey - 180x270,1,0,hidden,,D-sign Rug 1D0790 Grey 180x270 cm,,,taxable,parent,0,0,,0,0,,270,180,1.3,0,,,2460,,,,,,,56907522-H,,,,,,5,,,Size,180x270,,1,,,,,,,,,,,,,,,,,,,,,,,,,,,,,,,,,,,,,180x270,,,,,,,,,,,,,,,,,,,,,,,,90945,,,,,,,,,,,,,,,,,,,
43439,variation,56907536,,D-sign Rug 1D0790 Grey - 200x290,1,0,hidden,,D-sign Rug 1D0790 Grey 200x290 cm,,,taxable,parent,0,0,,0,0,,290,200,1.3,0,,,2836,,,,,,,56907522-H,,,,,,6,,,Size,200x290,,1,,,,,,,,,,,,,,,,,,,,,,,,,,,,,,,,,,,,,200x290,,,,,,,,,,,,,,,,,,,,,,,,90946,,,,,,,,,,,,,,,,,,,
43440,variation,56907538,,D-sign Rug 1D0790 Grey - 240x330,1,0,hidden,,D-sign Rug 1D0790 Grey 240x330 cm,,,taxable,parent,0,0,,0,0,,330,240,1.3,0,,,3868,,,,,,,56907522-H,,,,,,7,,,Size,240x330,,1,,,,,,,,,,,,,,,,,,,,,,,,,,,,,,,,,,,,,240x330,,,,,,,,,,,,,,,,,,,,,,,,90947,,,,,,,,,,,,,,,,,,,
43441,variation,56907539,,D-sign Rug 1D0790 Grey - 280x370,1,0,hidden,,D-sign Rug 1D0790 Grey 280x370 cm,,,taxable,parent,0,0,,0,0,,370,280,1.3,0,,,5356,,,,,,,56907522-H,,,,,,8,,,Size,280x370,,1,,,,,,,,,,,,,,,,,,,,,,,,,,,,,,,,,,,,,280x370,,,,,,,,,,,,1786454026,,,,,,,,,,,,90948,,,,,,,,,,,,,,,,,,,
43447,variation,56907540,,D-sign Rug 1D0792 Grey - 80x150,1,0,hidden,,D-sign Rug 1D0792 Grey 80x150 cm,,,taxable,parent,0,0,,0,0,,150,80,1.3,0,,,860,,,,,,,56907540-H,,,,,,1,,,Size,80x150,,1,,,,,,,,,,,,,,,,,,,,,,,,,,,,,,,,,,,,,80x150,,,,,,,,,,,,1786454026,,,,,,,,,,,,90981,,,,,,,,,,,,,,,,,,,
43448,variation,56911906,,D-sign Rug 1D0792 Grey - 120x170,1,0,hidden,,D-sign Rug 1D0792 Grey 120x170 cm,,,taxable,parent,0,0,,0,0,,170,120,1.3,0,,,1332,,,,,,,56907540-H,,,,,,2,,,Size,120x170,,1,,,,,,,,,,,,,,,,,,,,,,,,,,,,,,,,,,,,,120x170,,,,,,,,,,,,,,,,,,,,,,,,90982,,,,,,,,,,,,,,,,,,,
43449,variation,56911904,,D-sign Rug 1D0792 Grey - 140x190,1,0,hidden,,D-sign Rug 1D0792 Grey 140x190 cm,,,taxable,parent,0,0,,0,0,,190,140,1.3,0,,,1564,,,,,,,56907540-H,,,,,,3,,,Size,140x190,,1,,,,,,,,,,,,,,,,,,,,,,,,,,,,,,,,,,,,,140x190,,,,,,,,,,,,1786456250,,,,,,,,,,,,90983,,,,,,,,,,,,,,,,,,,
43450,variation,56911903,,D-sign Rug 1D0792 Grey - 160x220,1,0,hidden,,D-sign Rug 1D0792 Grey 160x220 cm,,,taxable,parent,0,0,,0,0,,220,160,1.3,0,,,2036,,,,,,,56907540-H,,,,,,4,,,Size,160x220,,1,,,,,,,,,,,,,,,,,,,,,,,,,,,,,,,,,,,,,160x220,,,,,,,,,,,,1786456250,,,,,,,,,,,,90984,,,,,,,,,,,,,,,,,,,
43451,variation,56911905,,D-sign Rug 1D0792 Grey - 180x270,1,0,hidden,,D-sign Rug 1D0792 Grey 180x270 cm,,,taxable,parent,0,0,,0,0,,270,180,1.3,0,,,2460,,,,,,,56907540-H,,,,,,5,,,Size,180x270,,1,,,,,,,,,,,,,,,,,,,,,,,,,,,,,,,,,,,,,180x270,,,,,,,,,,,,,,,,,,,,,,,,90985,,,,,,,,,,,,,,,,,,,
43452,variation,56911902,,D-sign Rug 1D0792 Grey - 200x290,1,0,hidden,,D-sign Rug 1D0792 Grey 200x290 cm,,,taxable,parent,0,0,,0,0,,290,200,1.3,0,,,2836,,,,,,,56907540-H,,,,,,6,,,Size,200x290,,1,,,,,,,,,,,,,,,,,,,,,,,,,,,,,,,,,,,,,200x290,,,,,,,,,,,,,,,,,,,,,,,,90986,,,,,,,,,,,,,,,,,,,
43453,variation,56907546,,D-sign Rug 1D0792 Grey - 240x330,1,0,hidden,,D-sign Rug 1D0792 Grey 240x330 cm,,,taxable,parent,0,0,,0,0,,330,240,1.3,0,,,3868,,,,,,,56907540-H,,,,,,7,,,Size,240x330,,1,,,,,,,,,,,,,,,,,,,,,,,,,,,,,,,,,,,,,240x330,,,,,,,,,,,,,,,,,,,,,,,,90987,,,,,,,,,,,,,,,,,,,
43454,variation,56907545,,D-sign Rug 1D0792 Grey - 280x370,1,0,hidden,,D-sign Rug 1D0792 Grey 280x370 cm,,,taxable,parent,0,0,,0,0,,370,280,1.3,0,,,5356,,,,,,,56907540-H,,,,,,8,,,Size,280x370,,1,,,,,,,,,,,,,,,,,,,,,,,,,,,,,,,,,,,,,280x370,,,,,,,,,,,,,,,,,,,,,,,,90988,,,,,,,,,,,,,,,,,,,
43462,variation,56907547,,D-sign Rug 1D0794 Grey - 80x150,1,0,hidden,,D-sign Rug 1D0794 Grey 80x150 cm,,,taxable,parent,0,0,,0,0,,150,80,1.3,0,,,860,,,,,,,56907547-H,,,,,,1,,,Size,80x150,,1,,,,,,,,,,,,,,,,,,,,,,,,,,,,,,,,,,,,,80x150,,,,,,,,,,,,,,,,,,,,,,,,91009,,,,,,,,,,,,,,,,,,,
43463,variation,56911937,,D-sign Rug 1D0794 Grey - 120x170,1,0,hidden,,D-sign Rug 1D0794 Grey 120x170 cm,,,taxable,parent,0,0,,0,0,,170,120,1.3,0,,,1332,,,,,,,56907547-H,,,,,,2,,,Size,120x170,,1,,,,,,,,,,,,,,,,,,,,,,,,,,,,,,,,,,,,,120x170,,,,,,,,,,,,,,,,,,,,,,,,91010,,,,,,,,,,,,,,,,,,,
43464,variation,56911907,,D-sign Rug 1D0794 Grey - 140x190,1,0,hidden,,D-sign Rug 1D0794 Grey 140x190 cm,,,taxable,parent,0,0,,0,0,,190,140,1.3,0,,,1564,,,,,,,56907547-H,,,,,,3,,,Size,140x190,,1,,,,,,,,,,,,,,,,,,,,,,,,,,,,,,,,,,,,,140x190,,,,,,,,,,,,,,,,,,,,,,,,91011,,,,,,,,,,,,,,,,,,,
43465,variation,56911898,,D-sign Rug 1D0794 Grey - 160x220,1,0,hidden,,D-sign Rug 1D0794 Grey 160x220 cm,,,taxable,parent,0,0,,0,0,,220,160,1.3,0,,,2036,,,,,,,56907547-H,,,,,,4,,,Size,160x220,,1,,,,,,,,,,,,,,,,,,,,,,,,,,,,,,,,,,,,,160x220,,,,,,,,,,,,,,,,,,,,,,,,91012,,,,,,,,,,,,,,,,,,,
43466,variation,56911901,,D-sign Rug 1D0794 Grey - 180x270,1,0,hidden,,D-sign Rug 1D0794 Grey 180x270 cm,,,taxable,parent,0,0,,0,0,,270,180,1.3,0,,,2460,,,,,,,56907547-H,,,,,,5,,,Size,180x270,,1,,,,,,,,,,,,,,,,,,,,,,,,,,,,,,,,,,,,,180x270,,,,,,,,,,,,,,,,,,,,,,,,91013,,,,,,,,,,,,,,,,,,,
43467,variation,56911946,,D-sign Rug 1D0794 Grey - 200x290,1,0,hidden,,D-sign Rug 1D0794 Grey 200x290 cm,,,taxable,parent,0,0,,0,0,,290,200,1.3,0,,,2836,,,,,,,56907547-H,,,,,,6,,,Size,200x290,,1,,,,,,,,,,,,,,,,,,,,,,,,,,,,,,,,,,,,,200x290,,,,,,,,,,,,,,,,,,,,,,,,91014,,,,,,,,,,,,,,,,,,,
43468,variation,56911943,,D-sign Rug 1D0794 Grey - 240x330,1,0,hidden,,D-sign Rug 1D0794 Grey 240x330 cm,,,taxable,parent,0,0,,0,0,,330,240,1.3,0,,,3868,,,,,,,56907547-H,,,,,,7,,,Size,240x330,,1,,,,,,,,,,,,,,,,,,,,,,,,,,,,,,,,,,,,,240x330,,,,,,,,,,,,,,,,,,,,,,,,91015,,,,,,,,,,,,,,,,,,,
43469,variation,56911941,,D-sign Rug 1D0794 Grey - 280x370,1,0,hidden,,D-sign Rug 1D0794 Grey 280x370 cm,,,taxable,parent,0,0,,0,0,,370,280,1.3,0,,,5356,,,,,,,56907547-H,,,,,,8,,,Size,280x370,,1,,,,,,,,,,,,,,,,,,,,,,,,,,,,,,,,,,,,,280x370,,,,,,,,,,,,1786456274,,,,,,,,,,,,91016,,,,,,,,,,,,,,,,,,,
43489,variable,56907558-H,,D-sign Rug 1D0798 Grey,1,0,hidden,D-sign Rug 1D0798 Grey ,D-sign Rug 1D0798 Grey ,,,taxable,,0,,,0,0,,,,,1,,,,"Rooms > Bedroom, Rooms > Living room, Rugs > Modern, Rugs",,,"https://rugshop.eu/wp-content/uploads/2021/10/carpet-intero-platin-3d-triangles-grey.jpg, https://rugshop.eu/wp-content/uploads/2021/10/carpet-intero-platin-3d-triangles-grey-1.jpg, https://rugshop.eu/wp-content/uploads/2021/10/carpet-intero-platin-3d-triangles-grey-2.jpg, https://rugshop.eu/wp-content/uploads/2021/10/carpet-intero-platin-3d-triangles-grey-3.jpg",,,,,,,,,1221,,,Size,"120x170, 140x190, 160x220, 180x270, 200x290, 240x330, 280x370, 80x150",1,1,Brand,D-sign,1,1,Color,Black-Grey,1,1,Type of color,Multicolor,1,1,Shape,Rectangular,1,1,Material,Polypropen,1,1,Type of rug,Modern,1,1,Weave,Machinemade,1,1,Country,Turkey,1,1,Age,New,1,1,,,,,,,,,,,,,1786456285,yes,yes,,,,,,,,,,,,,,,,,,,,,,,,,,,,,
43517,variable,56907561-H,,D-sign Rug 1D0799 Blue,1,0,hidden,D-sign Rug 1D0799 Blue ,D-sign Rug 1D0799 Blue ,,,taxable,,0,,,0,0,,,,,1,,,,"Rooms > Bedroom, Rooms > Living room, Rugs > Modern, Rugs",,,"https://rugshop.eu/wp-content/uploads/2021/10/carpet-intero-reflex-3d-trellis-blue.jpg, https://rugshop.eu/wp-content/uploads/2021/10/carpet-intero-reflex-3d-trellis-blue-1.jpg, https://rugshop.eu/wp-content/uploads/2021/10/carpet-intero-reflex-3d-trellis-blue-2.jpg, https://rugshop.eu/wp-content/uploads/2021/10/carpet-intero-reflex-3d-trellis-blue-3.jpg",,,,,,,,,1222,,,Size,"120x170, 140x190, 160x220, 180x270, 200x290, 240x330, 280x370, 80x150",1,1,Brand,D-sign,1,1,Color,Blue,1,1,Type of color,Multicolor,1,1,Shape,Rectangular,1,1,Material,Polypropen,1,1,Type of rug,Modern,1,1,Weave,Machinemade,1,1,Country,Turkey,1,1,Age,New,1,1,,,,,,,,,,,,,1786456287,yes,yes,,,,,,,,,,,,,,,,,,,,,,,,,,,,,
43518,variable,56907560-H,,D-sign Rug 1D0800 Pink,1,0,hidden,D-sign Rug 1D0800 Pink ,D-sign Rug 1D0800 Pink ,,,taxable,,0,,,0,0,,,,,1,,,,"Rooms > Bedroom, Rooms > Living room, Rugs > Modern, Rugs",,,"https://rugshop.eu/wp-content/uploads/2021/10/carpet-intero-reflex-3d-trellis-blush-pink.jpg, https://rugshop.eu/wp-content/uploads/2021/10/carpet-intero-reflex-3d-trellis-blush-pink-1.jpg, https://rugshop.eu/wp-content/uploads/2021/10/carpet-intero-reflex-3d-trellis-blush-pink-2.jpg, https://rugshop.eu/wp-content/uploads/2021/10/carpet-intero-reflex-3d-trellis-blush-pink-3.jpg",,,,,,,,,1223,,,Size,"120x170, 140x190, 160x220, 180x270, 200x290, 240x330, 280x370, 80x150",1,1,Brand,D-sign,1,1,Color,Pink-Purple,1,1,Type of color,Multicolor,1,1,Shape,Rectangular,1,1,Material,Polypropen,1,1,Type of rug,Modern,1,1,Weave,Machinemade,1,1,Country,Turkey,1,1,Age,New,1,1,,,,,,,,,,,,,1786454041,yes,yes,,,,,,,,,,,,,,,,,,,,,,,,,,,,,
43532,variation,56907558,,D-sign Rug 1D0798 Grey - 80x150,1,0,hidden,,D-sign Rug 1D0798 Grey 80x150 cm,,,taxable,parent,0,0,,0,0,,150,80,1.3,0,,,860,,,,,,,56907558-H,,,,,,1,,,Size,80x150,,1,,,,,,,,,,,,,,,,,,,,,,,,,,,,,,,,,,,,,80x150,,,,,,,,,,,,,,,,,,,,,,,,91058,,,,,,,,,,,,,,,,,,,
43533,variable,56907563-H,,D-sign Rug 1D0801 Grey,1,0,hidden,D-sign Rug 1D0801 Grey ,D-sign Rug 1D0801 Grey ,,,taxable,,0,,,0,0,,,,,1,,,,"Rooms > Bedroom, Rooms > Living room, Rugs > Modern, Rugs",,,"https://rugshop.eu/wp-content/uploads/2021/10/carpet-intero-reflex-3d-trellis-grey.jpg, https://rugshop.eu/wp-content/uploads/2021/10/carpet-intero-reflex-3d-trellis-grey-1.jpg, https://rugshop.eu/wp-content/uploads/2021/10/carpet-intero-reflex-3d-trellis-grey-2.jpg, https://rugshop.eu/wp-content/uploads/2021/10/carpet-intero-reflex-3d-trellis-grey-3.jpg",,,,,,,,,1224,,,Size,"120x170, 140x190, 160x220, 180x270, 200x290, 240x330, 280x370, 80x150",1,1,Brand,D-sign,1,1,Color,Black-Grey,1,1,Type of color,Multicolor,1,1,Shape,Rectangular,1,1,Material,Polypropen,1,1,Type of rug,Modern,1,1,Weave,Machinemade,1,1,Country,Turkey,1,1,Age,New,1,1,,,,,,,,,,,,,1786456292,yes,yes,,,,,,,,,,,,,,,,,,,,,,,,,,,,,
43534,variation,56912034,,D-sign Rug 1D0798 Grey - 120x170,1,0,hidden,,D-sign Rug 1D0798 Grey 120x170 cm,,,taxable,parent,0,0,,0,0,,170,120,1.3,0,,,1332,,,,,,,56907558-H,,,,,,2,,,Size,120x170,,1,,,,,,,,,,,,,,,,,,,,,,,,,,,,,,,,,,,,,120x170,,,,,,,,,,,,,,,,,,,,,,,,91059,,,,,,,,,,,,,,,,,,,
43535,variation,56911988,,D-sign Rug 1D0798 Grey - 140x190,1,0,hidden,,D-sign Rug 1D0798 Grey 140x190 cm,,,taxable,parent,0,0,,0,0,,190,140,1.3,0,,,1564,,,,,,,56907558-H,,,,,,3,,,Size,140x190,,1,,,,,,,,,,,,,,,,,,,,,,,,,,,,,,,,,,,,,140x190,,,,,,,,,,,,,,,,,,,,,,,,91060,,,,,,,,,,,,,,,,,,,
43536,variation,56911996,,D-sign Rug 1D0798 Grey - 160x220,1,0,hidden,,D-sign Rug 1D0798 Grey 160x220 cm,,,taxable,parent,0,0,,0,0,,220,160,1.3,0,,,2036,,,,,,,56907558-H,,,,,,4,,,Size,160x220,,1,,,,,,,,,,,,,,,,,,,,,,,,,,,,,,,,,,,,,160x220,,,,,,,,,,,,,,,,,,,,,,,,91061,,,,,,,,,,,,,,,,,,,
43537,variation,56912035,,D-sign Rug 1D0798 Grey - 180x270,1,0,hidden,,D-sign Rug 1D0798 Grey 180x270 cm,,,taxable,parent,0,0,,0,0,,270,180,1.3,0,,,2460,,,,,,,56907558-H,,,,,,5,,,Size,180x270,,1,,,,,,,,,,,,,,,,,,,,,,,,,,,,,,,,,,,,,180x270,,,,,,,,,,,,,,,,,,,,,,,,91062,,,,,,,,,,,,,,,,,,,
43538,variation,56911997,,D-sign Rug 1D0798 Grey - 200x290,1,0,hidden,,D-sign Rug 1D0798 Grey 200x290 cm,,,taxable,parent,0,0,,0,0,,290,200,1.3,0,,,2836,,,,,,,56907558-H,,,,,,6,,,Size,200x290,,1,,,,,,,,,,,,,,,,,,,,,,,,,,,,,,,,,,,,,200x290,,,,,,,,,,,,,,,,,,,,,,,,91063,,,,,,,,,,,,,,,,,,,
43539,variation,56912032,,D-sign Rug 1D0798 Grey - 240x330,1,0,hidden,,D-sign Rug 1D0798 Grey 240x330 cm,,,taxable,parent,0,0,,0,0,,330,240,1.3,0,,,3868,,,,,,,56907558-H,,,,,,7,,,Size,240x330,,1,,,,,,,,,,,,,,,,,,,,,,,,,,,,,,,,,,,,,240x330,,,,,,,,,,,,,,,,,,,,,,,,91064,,,,,,,,,,,,,,,,,,,
43540,variation,56911991,,D-sign Rug 1D0798 Grey - 280x370,1,0,hidden,,D-sign Rug 1D0798 Grey 280x370 cm,,,taxable,parent,0,0,,0,0,,370,280,1.3,0,,,5356,,,,,,,56907558-H,,,,,,8,,,Size,280x370,,1,,,,,,,,,,,,,,,,,,,,,,,,,,,,,,,,,,,,,280x370,,,,,,,,,,,,1786456274,,,,,,,,,,,,91065,,,,,,,,,,,,,,,,,,,
43546,variation,56907561,,D-sign Rug 1D0799 Blue - 80x150,1,0,hidden,,D-sign Rug 1D0799 Blue 80x150 cm,,,taxable,parent,0,0,,0,0,,150,80,1.3,0,,,860,,,,,,,56907561-H,,,,,,1,,,Size,80x150,,1,,,,,,,,,,,,,,,,,,,,,,,,,,,,,,,,,,,,,80x150,,,,,,,,,,,,1786454027,,,,,,,,,,,,91073,,,,,,,,,,,,,,,,,,,
43547,variation,56912039,,D-sign Rug 1D0799 Blue - 120x170,1,0,hidden,,D-sign Rug 1D0799 Blue 120x170 cm,,,taxable,parent,0,0,,0,0,,170,120,1.3,0,,,1332,,,,,,,56907561-H,,,,,,2,,,Size,120x170,,1,,,,,,,,,,,,,,,,,,,,,,,,,,,,,,,,,,,,,120x170,,,,,,,,,,,,,,,,,,,,,,,,91066,,,,,,,,,,,,,,,,,,,
43548,variation,56912063,,D-sign Rug 1D0799 Blue - 140x190,1,0,hidden,,D-sign Rug 1D0799 Blue 140x190 cm,,,taxable,parent,0,0,,0,0,,190,140,1.3,0,,,1564,,,,,,,56907561-H,,,,,,3,,,Size,140x190,,1,,,,,,,,,,,,,,,,,,,,,,,,,,,,,,,,,,,,,140x190,,,,,,,,,,,,,,,,,,,,,,,,91067,,,,,,,,,,,,,,,,,,,
43549,variation,56912031,,D-sign Rug 1D0799 Blue - 160x220,1,0,hidden,,D-sign Rug 1D0799 Blue 160x220 cm,,,taxable,parent,0,0,,0,0,,220,160,1.3,0,,,2036,,,,,,,56907561-H,,,,,,4,,,Size,160x220,,1,,,,,,,,,,,,,,,,,,,,,,,,,,,,,,,,,,,,,160x220,,,,,,,,,,,,1786456275,,,,,,,,,,,,91068,,,,,,,,,,,,,,,,,,,
43550,variation,56912033,,D-sign Rug 1D0799 Blue - 180x270,1,0,hidden,,D-sign Rug 1D0799 Blue 180x270 cm,,,taxable,parent,0,0,,0,0,,270,180,1.3,0,,,2460,,,,,,,56907561-H,,,,,,5,,,Size,180x270,,1,,,,,,,,,,,,,,,,,,,,,,,,,,,,,,,,,,,,,180x270,,,,,,,,,,,,,,,,,,,,,,,,91069,,,,,,,,,,,,,,,,,,,
43551,variation,56912040,,D-sign Rug 1D0799 Blue - 200x290,1,0,hidden,,D-sign Rug 1D0799 Blue 200x290 cm,,,taxable,parent,0,0,,0,0,,290,200,1.3,0,,,2836,,,,,,,56907561-H,,,,,,6,,,Size,200x290,,1,,,,,,,,,,,,,,,,,,,,,,,,,,,,,,,,,,,,,200x290,,,,,,,,,,,,,,,,,,,,,,,,91070,,,,,,,,,,,,,,,,,,,
43552,variation,56912038,,D-sign Rug 1D0799 Blue - 240x330,1,0,hidden,,D-sign Rug 1D0799 Blue 240x330 cm,,,taxable,parent,0,0,,0,0,,330,240,1.3,0,,,3868,,,,,,,56907561-H,,,,,,7,,,Size,240x330,,1,,,,,,,,,,,,,,,,,,,,,,,,,,,,,,,,,,,,,240x330,,,,,,,,,,,,,,,,,,,,,,,,91071,,,,,,,,,,,,,,,,,,,
43553,variation,56912037,,D-sign Rug 1D0799 Blue - 280x370,1,0,hidden,,D-sign Rug 1D0799 Blue 280x370 cm,,,taxable,parent,0,0,,0,0,,370,280,1.3,0,,,5356,,,,,,,56907561-H,,,,,,8,,,Size,280x370,,1,,,,,,,,,,,,,,,,,,,,,,,,,,,,,,,,,,,,,280x370,,,,,,,,,,,,,,,,,,,,,,,,91072,,,,,,,,,,,,,,,,,,,
43561,variation,56907560,,D-sign Rug 1D0800 Pink - 80x150,1,0,hidden,,D-sign Rug 1D0800 Pink 80x150 cm,,,taxable,parent,0,0,,0,0,,150,80,1.3,0,,,860,,,,,,,56907560-H,,,,,,1,,,Size,80x150,,1,,,,,,,,,,,,,,,,,,,,,,,,,,,,,,,,,,,,,80x150,,,,,,,,,,,,,,,,,,,,,,,,91082,,,,,,,,,,,,,,,,,,,
43562,variation,56912036,,D-sign Rug 1D0800 Pink - 120x170,1,0,hidden,,D-sign Rug 1D0800 Pink 120x170 cm,,,taxable,parent,0,0,,0,0,,170,120,1.3,0,,,1332,,,,,,,56907560-H,,,,,,2,,,Size,120x170,,1,,,,,,,,,,,,,,,,,,,,,,,,,,,,,,,,,,,,,120x170,,,,,,,,,,,,,,,,,,,,,,,,91083,,,,,,,,,,,,,,,,,,,
43563,variation,56907568,,D-sign Rug 1D0800 Pink - 140x190,1,0,hidden,,D-sign Rug 1D0800 Pink 140x190 cm,,,taxable,parent,0,0,,0,0,,190,140,1.3,0,,,1564,,,,,,,56907560-H,,,,,,3,,,Size,140x190,,1,,,,,,,,,,,,,,,,,,,,,,,,,,,,,,,,,,,,,140x190,,,,,,,,,,,,,,,,,,,,,,,,91084,,,,,,,,,,,,,,,,,,,
43564,variation,56907565,,D-sign Rug 1D0800 Pink - 160x220,1,0,hidden,,D-sign Rug 1D0800 Pink 160x220 cm,,,taxable,parent,0,0,,0,0,,220,160,1.3,0,,,2036,,,,,,,56907560-H,,,,,,4,,,Size,160x220,,1,,,,,,,,,,,,,,,,,,,,,,,,,,,,,,,,,,,,,160x220,,,,,,,,,,,,,,,,,,,,,,,,91085,,,,,,,,,,,,,,,,,,,
43565,variation,56907564,,D-sign Rug 1D0800 Pink - 180x270,1,0,hidden,,D-sign Rug 1D0800 Pink 180x270 cm,,,taxable,parent,0,0,,0,0,,270,180,1.3,0,,,2460,,,,,,,56907560-H,,,,,,5,,,Size,180x270,,1,,,,,,,,,,,,,,,,,,,,,,,,,,,,,,,,,,,,,180x270,,,,,,,,,,,,,,,,,,,,,,,,91086,,,,,,,,,,,,,,,,,,,
43566,variation,56907562,,D-sign Rug 1D0800 Pink - 200x290,1,0,hidden,,D-sign Rug 1D0800 Pink 200x290 cm,,,taxable,parent,0,0,,0,0,,290,200,1.3,0,,,2836,,,,,,,56907560-H,,,,,,6,,,Size,200x290,,1,,,,,,,,,,,,,,,,,,,,,,,,,,,,,,,,,,,,,200x290,,,,,,,,,,,,,,,,,,,,,,,,91087,,,,,,,,,,,,,,,,,,,
43567,variation,56907566,,D-sign Rug 1D0800 Pink - 240x330,1,0,hidden,,D-sign Rug 1D0800 Pink 240x330 cm,,,taxable,parent,0,0,,0,0,,330,240,1.3,0,,,3868,,,,,,,56907560-H,,,,,,7,,,Size,240x330,,1,,,,,,,,,,,,,,,,,,,,,,,,,,,,,,,,,,,,,240x330,,,,,,,,,,,,,,,,,,,,,,,,91088,,,,,,,,,,,,,,,,,,,
43568,variation,56907567,,D-sign Rug 1D0800 Pink - 280x370,1,0,hidden,,D-sign Rug 1D0800 Pink 280x370 cm,,,taxable,parent,0,0,,0,0,,370,280,1.3,0,,,5356,,,,,,,56907560-H,,,,,,8,,,Size,280x370,,1,,,,,,,,,,,,,,,,,,,,,,,,,,,,,,,,,,,,,280x370,,,,,,,,,,,,1786454027,,,,,,,,,,,,91089,,,,,,,,,,,,,,,,,,,
43574,variation,56907563,,D-sign Rug 1D0801 Grey - 80x150,1,0,hidden,,D-sign Rug 1D0801 Grey 80x150 cm,,,taxable,parent,0,0,,0,0,,150,80,1.3,0,,,860,,,,,,,56907563-H,,,,,,1,,,Size,80x150,,1,,,,,,,,,,,,,,,,,,,,,,,,,,,,,,,,,,,,,80x150,,,,,,,,,,,,,,,,,,,,,,,,91098,,,,,,,,,,,,,,,,,,,
43575,variation,56912067,,D-sign Rug 1D0801 Grey - 120x170,1,0,hidden,,D-sign Rug 1D0801 Grey 120x170 cm,,,taxable,parent,0,0,,0,0,,170,120,1.3,0,,,1332,,,,,,,56907563-H,,,,,,2,,,Size,120x170,,1,,,,,,,,,,,,,,,,,,,,,,,,,,,,,,,,,,,,,120x170,,,,,,,,,,,,,,,,,,,,,,,,91099,,,,,,,,,,,,,,,,,,,
43576,variation,56912061,,D-sign Rug 1D0801 Grey - 140x190,1,0,hidden,,D-sign Rug 1D0801 Grey 140x190 cm,,,taxable,parent,0,0,,0,0,,190,140,1.3,0,,,1564,,,,,,,56907563-H,,,,,,3,,,Size,140x190,,1,,,,,,,,,,,,,,,,,,,,,,,,,,,,,,,,,,,,,140x190,,,,,,,,,,,,1786456275,,,,,,,,,,,,91100,,,,,,,,,,,,,,,,,,,
43577,variation,56912062,,D-sign Rug 1D0801 Grey - 160x220,1,0,hidden,,D-sign Rug 1D0801 Grey 160x220 cm,,,taxable,parent,0,0,,0,0,,220,160,1.3,0,,,2036,,,,,,,56907563-H,,,,,,4,,,Size,160x220,,1,,,,,,,,,,,,,,,,,,,,,,,,,,,,,,,,,,,,,160x220,,,,,,,,,,,,,,,,,,,,,,,,91101,,,,,,,,,,,,,,,,,,,
43578,variation,56907578,,D-sign Rug 1D0801 Grey - 180x270,1,0,hidden,,D-sign Rug 1D0801 Grey 180x270 cm,,,taxable,parent,0,0,,0,0,,270,180,1.3,0,,,2460,,,,,,,56907563-H,,,,,,5,,,Size,180x270,,1,,,,,,,,,,,,,,,,,,,,,,,,,,,,,,,,,,,,,180x270,,,,,,,,,,,,,,,,,,,,,,,,91102,,,,,,,,,,,,,,,,,,,
43579,variation,56907576,,D-sign Rug 1D0801 Grey - 200x290,1,0,hidden,,D-sign Rug 1D0801 Grey 200x290 cm,,,taxable,parent,0,0,,0,0,,290,200,1.3,0,,,2836,,,,,,,56907563-H,,,,,,6,,,Size,200x290,,1,,,,,,,,,,,,,,,,,,,,,,,,,,,,,,,,,,,,,200x290,,,,,,,,,,,,,,,,,,,,,,,,91103,,,,,,,,,,,,,,,,,,,
43580,variation,56907579,,D-sign Rug 1D0801 Grey - 240x330,1,0,hidden,,D-sign Rug 1D0801 Grey 240x330 cm,,,taxable,parent,0,0,,0,0,,330,240,1.3,0,,,3868,,,,,,,56907563-H,,,,,,7,,,Size,240x330,,1,,,,,,,,,,,,,,,,,,,,,,,,,,,,,,,,,,,,,240x330,,,,,,,,,,,,,,,,,,,,,,,,91104,,,,,,,,,,,,,,,,,,,
43581,variation,56907575,,D-sign Rug 1D0801 Grey - 280x370,1,0,hidden,,D-sign Rug 1D0801 Grey 280x370 cm,,,taxable,parent,0,0,,0,0,,370,280,1.3,0,,,5356,,,,,,,56907563-H,,,,,,8,,,Size,280x370,,1,,,,,,,,,,,,,,,,,,,,,,,,,,,,,,,,,,,,,280x370,,,,,,,,,,,,,,,,,,,,,,,,91105,,,,,,,,,,,,,,,,,,,
43733,variable,56907606-H,,D-sign Rug 1D0818 Gold,1,0,hidden,D-sign Rug 1D0818 Gold,D-sign Rug 1D0818 Gold,,,taxable,,0,,,0,0,,,,,0,,,,"Rooms > Kids, Rugs > Kids, Rugs",,,"https://rugshop.eu/wp-content/uploads/2021/10/carpet-bunny-gold-imitation-of-rabbit-fur.jpg, https://rugshop.eu/wp-content/uploads/2021/10/carpet-bunny-gold-imitation-of-rabbit-fur-1.jpg, https://rugshop.eu/wp-content/uploads/2021/10/carpet-bunny-gold-imitation-of-rabbit-fur-2.jpg, https://rugshop.eu/wp-content/uploads/2021/10/carpet-bunny-gold-imitation-of-rabbit-fur-3.jpg",,,,,,,,,1241,,,Size,"120x170, 140x190, 160x220, 180x270, 200x290, 60x100, 80x150",1,1,Brand,D-sign,1,1,Color,Yellow-Brown,1,1,Type of color,Singlecolor,1,1,Shape,Rectangular,1,1,Material,Polyester,1,1,Type of rug,Modern,1,1,Weave,Machinemade,1,1,Country,China,1,1,Age,New,1,1,,,,,default,default,default,default,,,,,1786456300,yes,yes,,,,,,,,,classic-editor,,,,,,,,,,,,,,,,,,,,
43754,variable,56907600-H,,D-sign Rug 1D0819 Blue,1,0,hidden,D-sign Rug 1D0819 Blue,D-sign Rug 1D0819 Blue,,,taxable,,0,,,0,0,,,,,0,,,,"Rooms > Kids, Rugs > Kids, Rugs",,,"https://rugshop.eu/wp-content/uploads/2021/10/carpet-bunny-aqua-blue-imitation-of-rabbit-fur.jpg, https://rugshop.eu/wp-content/uploads/2021/10/carpet-bunny-aqua-blue-imitation-of-rabbit-fur-1.jpg, https://rugshop.eu/wp-content/uploads/2021/10/carpet-bunny-aqua-blue-imitation-of-rabbit-fur-2.jpg, https://rugshop.eu/wp-content/uploads/2021/10/carpet-bunny-aqua-blue-imitation-of-rabbit-fur-3.jpg",,,,,,,,,1242,,,Size,"120x170, 140x190, 160x220, 180x270, 200x290, 60x100, 80x150",1,1,Brand,D-sign,1,1,Color,Blue,1,1,Type of color,Singlecolor,1,1,Shape,Rectangular,1,1,Material,Polyester,1,1,Type of rug,Modern,1,1,Weave,Machinemade,1,1,Country,China,1,1,Age,New,1,1,,,,,default,default,default,default,,,,,1786456303,yes,yes,,,,,,,,,,,,,,,,,,,,,,,,,,,,,
43755,variable,56912278-H,,D-sign Rug 1D0820 Beige,1,0,hidden,D-sign Rug 1D0820 Beige,D-sign Rug 1D0820 Beige,,,taxable,,0,,,0,0,,,,,0,,,,"Rooms > Kids, Rugs > Kids, Rugs",,,"https://rugshop.eu/wp-content/uploads/2021/10/carpet-bunny-circle-taupe-beige-imitation-of-rabbit-fur.jpg, https://rugshop.eu/wp-content/uploads/2021/10/carpet-bunny-circle-taupe-beige-imitation-of-rabbit-fur-1.jpg, https://rugshop.eu/wp-content/uploads/2021/10/carpet-bunny-circle-taupe-beige-imitation-of-rabbit-fur-2.jpg, https://rugshop.eu/wp-content/uploads/2021/10/carpet-bunny-circle-taupe-beige-imitation-of-rabbit-fur-3.jpg",,,,,,,,,1243,,,Size,"100, 120, 140, 160, 80",1,1,Brand,D-sign,1,1,Color,White-Beige,1,1,Type of color,Singlecolor,1,1,Shape,Round,1,1,Material,Polyester,1,1,Type of rug,Modern,1,1,Weave,Machinemade,1,1,Country,China,1,1,Age,New,1,1,,,,,default,default,default,default,,,,,1786456306,yes,yes,,,,,,,,,,,,,,,,,,,,,,,,,,,,,
43776,variable,56912293-H,,D-sign Rug 1D0821 Gold,1,0,hidden,D-sign Rug 1D0821 Gold,D-sign Rug 1D0821 Gold,,,taxable,,0,,,0,0,,,,,0,,,,"Rooms > Kids, Rugs > Kids, Rugs",,,"https://rugshop.eu/wp-content/uploads/2021/10/carpet-bunny-circle-gold-imitation-of-rabbit-fur.jpg, https://rugshop.eu/wp-content/uploads/2021/10/carpet-bunny-circle-gold-imitation-of-rabbit-fur-1.jpg, https://rugshop.eu/wp-content/uploads/2021/10/carpet-bunny-circle-gold-imitation-of-rabbit-fur-2.jpg, https://rugshop.eu/wp-content/uploads/2021/10/carpet-bunny-circle-gold-imitation-of-rabbit-fur-3.jpg",,,,,,,,,1244,,,Size,"100, 120, 140, 160, 80",1,1,Brand,D-sign,1,1,Color,Yellow-Brown,1,1,Type of color,Singlecolor,1,1,Shape,Round,1,1,Material,Polyester,1,1,Type of rug,Modern,1,1,Weave,Machinemade,1,1,Country,China,1,1,Age,New,1,1,,,,,default,default,default,default,,,,,1786456307,yes,yes,,,,,,,,,classic-editor,,,,,,,,,,,,,,,,,,,,
43777,variable,56912295-H,,D-sign Rug 1D0822 Blue,1,0,hidden,D-sign Rug 1D0822 Blue,D-sign Rug 1D0822 Blue,,,taxable,,0,,,0,0,,,,,0,,,,"Rooms > Kids, Rugs > Kids, Rugs",,,"https://rugshop.eu/wp-content/uploads/2021/10/carpet-bunny-circle-aqua-blue-imitation-of-rabbit-fur.jpg, https://rugshop.eu/wp-content/uploads/2021/10/carpet-bunny-circle-aqua-blue-imitation-of-rabbit-fur-1.jpg, https://rugshop.eu/wp-content/uploads/2021/10/carpet-bunny-circle-aqua-blue-imitation-of-rabbit-fur-2.jpg, https://rugshop.eu/wp-content/uploads/2021/10/carpet-bunny-circle-aqua-blue-imitation-of-rabbit-fur-3.jpg",,,,,,,,,1245,,,Size,"100, 120, 140, 160, 80",1,1,Brand,D-sign,1,1,Color,Blue,1,1,Type of color,Singlecolor,1,1,Shape,Round,1,1,Material,Polyester,1,1,Type of rug,Modern,1,1,Weave,Machinemade,1,1,Country,China,1,1,Age,New,1,1,,,,,default,default,default,default,,,,,1786456304,yes,yes,,,,,,,,,,,,,,,,,,,,,,,,,,,,,
43778,variation,56907606,,D-sign Rug 1D0818 Gold - 60x100,1,0,hidden,,D-sign Rug 1D0818 Gold 60x100 cm,,,taxable,parent,0,0,,0,0,,100,60,3,0,,,860,,,,,,,56907606-H,,,,,,1,,,Size,60x100,,1,,,,,,,,,,,,,,,,,,,,,,,,,,,,,,,,,,,,,60x100,,,,,,,,,,,,1786454050,,,,,,,,,,,,91434,,,,,,,,,,,,,,,,,,,
43779,variation,56912323,,D-sign Rug 1D0818 Gold - 80x150,1,0,hidden,,D-sign Rug 1D0818 Gold 80x150 cm,,,taxable,parent,0,0,,0,0,,150,80,3,0,,,1324,,,,,,,56907606-H,,,,,,2,,,Size,80x150,,1,,,,,,,,,,,,,,,,,,,,,,,,,,,,,,,,,,,,,80x150,,,,,,,,,,,,1786456282,,,,,,,,,,,,91435,,,,,,,,,,,,,,,,,,,
43780,variation,56912324,,D-sign Rug 1D0818 Gold - 120x170,1,0,hidden,,D-sign Rug 1D0818 Gold 120x170 cm,,,taxable,parent,0,0,,0,0,,170,120,3,0,,,1892,,,,,,,56907606-H,,,,,,3,,,Size,120x170,,1,,,,,,,,,,,,,,,,,,,,,,,,,,,,,,,,,,,,,120x170,,,,,,,,,,,,,,,,,,,,,,,,91436,,,,,,,,,,,,,,,,,,,
43781,variation,56912320,,D-sign Rug 1D0818 Gold - 140x190,1,0,hidden,,D-sign Rug 1D0818 Gold 140x190 cm,,,taxable,parent,0,0,,0,0,,190,140,3,0,,,2500,,,,,,,56907606-H,,,,,,4,,,Size,140x190,,1,,,,,,,,,,,,,,,,,,,,,,,,,,,,,,,,,,,,,140x190,,,,,,,,,,,,,,,,,,,,,,,,91437,,,,,,,,,,,,,,,,,,,
43782,variation,56912233,,D-sign Rug 1D0818 Gold - 160x220,1,0,hidden,,D-sign Rug 1D0818 Gold 160x220 cm,,,taxable,parent,0,0,,0,0,,220,160,3,0,,,3300,,,,,,,56907606-H,,,,,,5,,,Size,160x220,,1,,,,,,,,,,,,,,,,,,,,,,,,,,,,,,,,,,,,,160x220,,,,,,,,,,,,1786456277,,,,,,,,,,,,91438,,,,,,,,,,,,,,,,,,,
43783,variation,56912270,,D-sign Rug 1D0818 Gold - 180x270,1,0,hidden,,D-sign Rug 1D0818 Gold 180x270 cm,,,taxable,parent,0,0,,0,0,,270,180,3,0,,,4236,,,,,,,56907606-H,,,,,,6,,,Size,180x270,,1,,,,,,,,,,,,,,,,,,,,,,,,,,,,,,,,,,,,,180x270,,,,,,,,,,,,1786456277,,,,,,,,,,,,91439,,,,,,,,,,,,,,,,,,,
43784,variation,56912274,,D-sign Rug 1D0818 Gold - 200x290,1,0,hidden,,D-sign Rug 1D0818 Gold 200x290 cm,,,taxable,parent,0,0,,0,0,,290,200,3,0,,,5084,,,,,,,56907606-H,,,,,,7,,,Size,200x290,,1,,,,,,,,,,,,,,,,,,,,,,,,,,,,,,,,,,,,,200x290,,,,,,,,,,,,1786456278,,,,,,,,,,,,104145,,,,,,,,,,,,,,,,,,,
43790,variation,56907600,,D-sign Rug 1D0819 Blue - 60x100,1,0,hidden,,D-sign Rug 1D0819 Blue 60x100 cm,,,taxable,parent,0,0,,0,0,,100,60,3,0,,,860,,,,,,,56907600-H,,,,,,1,,,Size,60x100,,1,,,,,,,,,,,,,,,,,,,,,,,,,,,,,,,,,,,,,60x100,,,,,,,,,,,,1786454027,,,,,,,,,,,,91446,,,,,,,,,,,,,,,,,,,
43791,variation,56912276,,D-sign Rug 1D0819 Blue - 80x150,1,0,hidden,,D-sign Rug 1D0819 Blue 80x150 cm,,,taxable,parent,0,0,,0,0,,150,80,3,0,,,1324,,,,,,,56907600-H,,,,,,2,,,Size,80x150,,1,,,,,,,,,,,,,,,,,,,,,,,,,,,,,,,,,,,,,80x150,,,,,,,,,,,,1786456278,,,,,,,,,,,,91447,,,,,,,,,,,,,,,,,,,
43792,variation,56912279,,D-sign Rug 1D0819 Blue - 120x170,1,0,hidden,,D-sign Rug 1D0819 Blue 120x170 cm,,,taxable,parent,0,0,,0,0,,170,120,3,0,,,1892,,,,,,,56907600-H,,,,,,3,,,Size,120x170,,1,,,,,,,,,,,,,,,,,,,,,,,,,,,,,,,,,,,,,120x170,,,,,,,,,,,,1786456278,,,,,,,,,,,,91448,,,,,,,,,,,,,,,,,,,
43793,variation,56912269,,D-sign Rug 1D0819 Blue - 140x190,1,0,hidden,,D-sign Rug 1D0819 Blue 140x190 cm,,,taxable,parent,0,0,,0,0,,190,140,3,0,,,2500,,,,,,,56907600-H,,,,,,4,,,Size,140x190,,1,,,,,,,,,,,,,,,,,,,,,,,,,,,,,,,,,,,,,140x190,,,,,,,,,,,,1786456277,,,,,,,,,,,,91449,,,,,,,,,,,,,,,,,,,
43794,variation,56912272,,D-sign Rug 1D0819 Blue - 160x220,1,0,hidden,,D-sign Rug 1D0819 Blue 160x220 cm,,,taxable,parent,0,0,,0,0,,220,160,3,0,,,3300,,,,,,,56907600-H,,,,,,5,,,Size,160x220,,1,,,,,,,,,,,,,,,,,,,,,,,,,,,,,,,,,,,,,160x220,,,,,,,,,,,,1786456277,,,,,,,,,,,,91450,,,,,,,,,,,,,,,,,,,
43795,variation,56912273,,D-sign Rug 1D0819 Blue - 180x270,1,0,hidden,,D-sign Rug 1D0819 Blue 180x270 cm,,,taxable,parent,0,0,,0,0,,270,180,3,0,,,4236,,,,,,,56907600-H,,,,,,6,,,Size,180x270,,1,,,,,,,,,,,,,,,,,,,,,,,,,,,,,,,,,,,,,180x270,,,,,,,,,,,,1786456278,,,,,,,,,,,,91451,,,,,,,,,,,,,,,,,,,
43796,variation,56912275,,D-sign Rug 1D0819 Blue - 200x290,1,0,hidden,,D-sign Rug 1D0819 Blue 200x290 cm,,,taxable,parent,0,0,,0,0,,290,200,3,0,,,5084,,,,,,,56907600-H,,,,,,7,,,Size,200x290,,1,,,,,,,,,,,,,,,,,,,,,,,,,,,,,,,,,,,,,200x290,,,,,,,,,,,,1786456278,,,,,,,,,,,,104146,,,,,,,,,,,,,,,,,,,
43802,variable,56907605-H,,D-sign Rug 1D0823 Beige,1,0,hidden,D-sign Rug 1D0823 Beige ,D-sign Rug 1D0823 Beige ,,,taxable,,0,,,0,0,,,,,1,,,,"Rooms > Entrance & Corridor, Rugs > Modern, Rugs",,,"https://rugshop.eu/wp-content/uploads/2021/10/carpet-acrylic-dizayn-121-beige-green.jpg, https://rugshop.eu/wp-content/uploads/2021/10/carpet-acrylic-dizayn-121-beige-green-1.jpg, https://rugshop.eu/wp-content/uploads/2021/10/carpet-acrylic-dizayn-121-beige-green-2.jpg, https://rugshop.eu/wp-content/uploads/2021/10/carpet-acrylic-dizayn-121-beige-green-3.jpg",,,,,,,,,1246,,,Size,"100x200, 120x180, 160x230, 200x300, 80x150, 80x300",1,1,Brand,D-sign,1,1,Color,White-Beige,1,1,Type of color,Multicolor,1,1,Shape,Runner,1,1,Material,Acrylic,1,1,Type of rug,Modern,1,1,Weave,Machinemade,1,1,Age,New,1,1,,,,,,,,,,,,,,,,,1786456307,yes,yes,,,,,,,,,,,,,,,,,,,,,,,,,,,,,
43803,variable,56907615-H,,D-sign Rug 1D0824 Beige,1,0,hidden,D-sign Rug 1D0824 Beige ,D-sign Rug 1D0824 Beige ,,,taxable,,0,,,0,0,,,,,1,,,,"Rooms > Entrance & Corridor, Rugs > Modern, Rugs",,,"https://rugshop.eu/wp-content/uploads/2021/10/carpet-acrylic-dizayn-121-beige-yellow.jpg, https://rugshop.eu/wp-content/uploads/2021/10/carpet-acrylic-dizayn-121-beige-yellow-1.jpg, https://rugshop.eu/wp-content/uploads/2021/10/carpet-acrylic-dizayn-121-beige-yellow-2.jpg, https://rugshop.eu/wp-content/uploads/2021/10/carpet-acrylic-dizayn-121-beige-yellow-3.jpg",,,,,,,,,1247,,,Size,"100x300, 120x180, 160x230, 80x150, 80x300",1,1,Brand,D-sign,1,1,Color,White-Beige,1,1,Type of color,Multicolor,1,1,Shape,Runner,1,1,Material,Acrylic,1,1,Type of rug,Modern,1,1,Weave,Machinemade,1,1,Age,New,1,1,,,,,,,,,,,,,,,,,1786456327,yes,yes,,,,,,,,,,,,,,,,,,,,,,,,,,,,,
43804,variation,56912278,,D-sign Rug 1D0820 Beige - 80,1,0,hidden,,D-sign Rug 1D0820 Beige 80 cm,,,taxable,parent,0,0,,0,0,,80,80,3,0,,,900,,,,,,,56912278-H,,,,,,1,,,Size,80,,1,,,,,,,,,,,,,,,,,,,,,,,,,,,,,,,,,,,,,80,,,,,,,,,,,,,,,,,,,,,,,,91456,,,,,,,,,,,,,,,,,,,
43805,variation,56907602,,D-sign Rug 1D0820 Beige - 100,1,0,hidden,,D-sign Rug 1D0820 Beige 100 cm,,,taxable,parent,0,0,,0,0,,100,100,3,0,,,1188,,,,,,,56912278-H,,,,,,2,,,Size,100,,1,,,,,,,,,,,,,,,,,,,,,,,,,,,,,,,,,,,,,100,,,,,,,,,,,,1786454028,,,,,,,,,,,,91457,,,,,,,,,,,,,,,,,,,
43806,variation,56912297,,D-sign Rug 1D0820 Beige - 120,1,0,hidden,,D-sign Rug 1D0820 Beige 120 cm,,,taxable,parent,0,0,,0,0,,120,120,3,0,,,1564,,,,,,,56912278-H,,,,,,3,,,Size,120,,1,,,,,,,,,,,,,,,,,,,,,,,,,,,,,,,,,,,,,120,,,,,,,,,,,,1786456280,,,,,,,,,,,,91458,,,,,,,,,,,,,,,,,,,
43807,variation,56912292,,D-sign Rug 1D0820 Beige - 140,1,0,hidden,,D-sign Rug 1D0820 Beige 140 cm,,,taxable,parent,0,0,,0,0,,140,140,3,0,,,1940,,,,,,,56912278-H,,,,,,4,,,Size,140,,1,,,,,,,,,,,,,,,,,,,,,,,,,,,,,,,,,,,,,140,,,,,,,,,,,,,,,,,,,,,,,,91459,,,,,,,,,,,,,,,,,,,
43808,variation,56912299,,D-sign Rug 1D0820 Beige - 160,1,0,hidden,,D-sign Rug 1D0820 Beige 160 cm,,,taxable,parent,0,0,,0,0,,160,160,3,0,,,2404,,,,,,,56912278-H,,,,,,5,,,Size,160,,1,,,,,,,,,,,,,,,,,,,,,,,,,,,,,,,,,,,,,160,,,,,,,,,,,,,,,,,,,,,,,,104152,,,,,,,,,,,,,,,,,,,
43814,variation,56912293,,D-sign Rug 1D0821 Gold - 80,1,0,hidden,,D-sign Rug 1D0821 Gold 80 cm,,,taxable,parent,0,0,,0,0,,80,80,3,0,,,900,,,,,,,56912293-H,,,,,,1,,,Size,80,,1,,,,,,,,,,,,,,,,,,,,,,,,,,,,,,,,,,,,,80,,,,,,,,,,,,,,,,,,,,,,,,91464,,,,,,,,,,,,,,,,,,,
43815,variation,56907601,,D-sign Rug 1D0821 Gold - 100,1,0,hidden,,D-sign Rug 1D0821 Gold 100 cm,,,taxable,parent,0,0,,0,0,,100,100,3,0,,,1188,,,,,,,56912293-H,,,,,,2,,,Size,100,,1,,,,,,,,,,,,,,,,,,,,,,,,,,,,,,,,,,,,,100,,,,,,,,,,,,,,,,,,,,,,,,91465,,,,,,,,,,,,,,,,,,,
43816,variation,56912280,,D-sign Rug 1D0821 Gold - 120,1,0,hidden,,D-sign Rug 1D0821 Gold 120 cm,,,taxable,parent,0,0,,0,0,,120,120,3,0,,,1564,,,,,,,56912293-H,,,,,,3,,,Size,120,,1,,,,,,,,,,,,,,,,,,,,,,,,,,,,,,,,,,,,,120,,,,,,,,,,,,,,,,,,,,,,,,91466,,,,,,,,,,,,,,,,,,,
43817,variation,56912300,,D-sign Rug 1D0821 Gold - 140,1,0,hidden,,D-sign Rug 1D0821 Gold 140 cm,,,taxable,parent,0,0,,0,0,,140,140,3,0,,,1940,,,,,,,56912293-H,,,,,,4,,,Size,140,,1,,,,,,,,,,,,,,,,,,,,,,,,,,,,,,,,,,,,,140,,,,,,,,,,,,1786456280,,,,,,,,,,,,91467,,,,,,,,,,,,,,,,,,,
43818,variation,56912294,,D-sign Rug 1D0821 Gold - 160,1,0,hidden,,D-sign Rug 1D0821 Gold 160 cm,,,taxable,parent,0,0,,0,0,,160,160,3,0,,,2404,,,,,,,56912293-H,,,,,,5,,,Size,160,,1,,,,,,,,,,,,,,,,,,,,,,,,,,,,,,,,,,,,,160,,,,,,,,,,,,,,,,,,,,,,,,104153,,,,,,,,,,,,,,,,,,,
43824,variable,56907614-H,,D-sign Rug 1D0826 Pink,1,0,hidden,D-sign Rug 1D0826 Pink ,D-sign Rug 1D0826 Pink ,,,taxable,,0,,,0,0,,,,,1,,,,"Rooms > Entrance & Corridor, Rugs > Modern, Rugs",,,"https://rugshop.eu/wp-content/uploads/2021/10/carpet-acrylic-dizayn-122-light-pink-light-grey.jpg, https://rugshop.eu/wp-content/uploads/2021/10/carpet-acrylic-dizayn-122-light-pink-light-grey-1.jpg, https://rugshop.eu/wp-content/uploads/2021/10/carpet-acrylic-dizayn-122-light-pink-light-grey-2.jpg, https://rugshop.eu/wp-content/uploads/2021/10/carpet-acrylic-dizayn-122-light-pink-light-grey-3.jpg",,,,,,,,,1249,,,Size,"100x300, 120x180, 160x230, 80x300",1,1,Brand,D-sign,1,1,Color,Pink-Purple,1,1,Type of color,Multicolor,1,1,Shape,Runner,1,1,Material,Acrylic,1,1,Type of rug,Modern,1,1,Weave,Machinemade,1,1,Age,New,1,1,,,,,,,,,,,,,,,,,1786456326,yes,yes,,,,,,,,,,,,,,,,,,,,,,,,,,,,,
43826,variable,56907618-H,,D-sign Rug 1D0828 Beige,1,0,hidden,D-sign Rug 1D0828 Beige ,D-sign Rug 1D0828 Beige ,,,taxable,,0,,,0,0,,,,,1,,,,"Rooms > Bedroom, Rooms > Living room, Rugs > Modern, Rugs",,,"https://rugshop.eu/wp-content/uploads/2021/10/carpet-acrylic-dizayn-123-beige-green.jpg, https://rugshop.eu/wp-content/uploads/2021/10/carpet-acrylic-dizayn-123-beige-green-1.jpg, https://rugshop.eu/wp-content/uploads/2021/10/carpet-acrylic-dizayn-123-beige-green-2.jpg, https://rugshop.eu/wp-content/uploads/2021/10/carpet-acrylic-dizayn-123-beige-green-3.jpg",,,,,,,,,1251,,,Size,"120x180, 160x230, 200x300, 80x150",1,1,Brand,D-sign,1,1,Color,White-Beige,1,1,Type of color,Multicolor,1,1,Shape,Rectangular,1,1,Material,Acrylic,1,1,Type of rug,Modern,1,1,Weave,Machinemade,1,1,Age,New,1,1,,,,,,,,,,,,,,,,,1786456330,yes,yes,,,,,,,,,,,,,,,,,,,,,,,,,,,,,
43827,variation,56912295,,D-sign Rug 1D0822 Blue - 80,1,0,hidden,,D-sign Rug 1D0822 Blue 80 cm,,,taxable,parent,0,0,,0,0,,80,80,3,0,,,900,,,,,,,56912295-H,,,,,,1,,,Size,80,,1,,,,,,,,,,,,,,,,,,,,,,,,,,,,,,,,,,,,,80,,,,,,,,,,,,1786456279,,,,,,,,,,,,91472,,,,,,,,,,,,,,,,,,,
43828,variation,56907604,,D-sign Rug 1D0822 Blue - 100,1,0,hidden,,D-sign Rug 1D0822 Blue 100 cm,,,taxable,parent,0,0,,0,0,,100,100,3,0,,,1188,,,,,,,56912295-H,,,,,,2,,,Size,100,,1,,,,,,,,,,,,,,,,,,,,,,,,,,,,,,,,,,,,,100,,,,,,,,,,,,1786454049,,,,,,,,,,,,91473,,,,,,,,,,,,,,,,,,,
43829,variation,56912291,,D-sign Rug 1D0822 Blue - 120,1,0,hidden,,D-sign Rug 1D0822 Blue 120 cm,,,taxable,parent,0,0,,0,0,,120,120,3,0,,,1564,,,,,,,56912295-H,,,,,,3,,,Size,120,,1,,,,,,,,,,,,,,,,,,,,,,,,,,,,,,,,,,,,,120,,,,,,,,,,,,1786456279,,,,,,,,,,,,91474,,,,,,,,,,,,,,,,,,,
43830,variation,56912298,,D-sign Rug 1D0822 Blue - 140,1,0,hidden,,D-sign Rug 1D0822 Blue 140 cm,,,taxable,parent,0,0,,0,0,,140,140,3,0,,,1940,,,,,,,56912295-H,,,,,,4,,,Size,140,,1,,,,,,,,,,,,,,,,,,,,,,,,,,,,,,,,,,,,,140,,,,,,,,,,,,1786456280,,,,,,,,,,,,91475,,,,,,,,,,,,,,,,,,,
43831,variation,56912296,,D-sign Rug 1D0822 Blue - 160,1,0,hidden,,D-sign Rug 1D0822 Blue 160 cm,,,taxable,parent,0,0,,0,0,,160,160,3,0,,,2404,,,,,,,56912295-H,,,,,,5,,,Size,160,,1,,,,,,,,,,,,,,,,,,,,,,,,,,,,,,,,,,,,,160,,,,,,,,,,,,1786456280,,,,,,,,,,,,104154,,,,,,,,,,,,,,,,,,,
43837,variation,56907605,,D-sign Rug 1D0823 Beige - 80x150,1,0,hidden,,D-sign Rug 1D0823 Beige 80x150 cm,,,taxable,parent,0,0,,0,0,,150,80,1.3,0,,,1844,,,,,,,56907605-H,,,,,,1,,,Size,80x150,,1,,,,,,,,,,,,,,,,,,,,,,,,,,,,,,,,,,,,,80x150,,,,,,,,,,,,1786454049,,,,,,,,,,,,91487,,,,,,,,,,,,,,,,,,,
43838,variation,56912322,,D-sign Rug 1D0823 Beige - 80x300,1,0,hidden,,D-sign Rug 1D0823 Beige 80x300 cm,,,taxable,parent,0,0,,0,0,,300,80,1.3,0,,,3260,,,,,,,56907605-H,,,,,,2,,,Size,80x300,,1,,,,,,,,,,,,,,,,,,,,,,,,,,,,,,,,,,,,,80x300,,,,,,,,,,,,1786456282,,,,,,,,,,,,91488,,,,,,,,,,,,,,,,,,,
43839,variation,56912325,,D-sign Rug 1D0823 Beige - 100x200,1,0,hidden,,D-sign Rug 1D0823 Beige 100x200 cm,,,taxable,parent,0,0,,0,0,,200,100,1.3,0,,,2788,,,,,,,56907605-H,,,,,,3,,,Size,100x200,,1,,,,,,,,,,,,,,,,,,,,,,,,,,,,,,,,,,,,,100x200,,,,,,,,,,,,,,,,,,,,,,,,91489,,,,,,,,,,,,,,,,,,,
43840,variation,56912317,,D-sign Rug 1D0823 Beige - 120x180,1,0,hidden,,D-sign Rug 1D0823 Beige 120x180 cm,,,taxable,parent,0,0,,0,0,,180,120,1.3,0,,,2972,,,,,,,56907605-H,,,,,,4,,,Size,120x180,,1,,,,,,,,,,,,,,,,,,,,,,,,,,,,,,,,,,,,,120x180,,,,,,,,,,,,1786456281,,,,,,,,,,,,91490,,,,,,,,,,,,,,,,,,,
43841,variation,56912318,,D-sign Rug 1D0823 Beige - 160x230,1,0,hidden,,D-sign Rug 1D0823 Beige 160x230 cm,,,taxable,parent,0,0,,0,0,,230,160,1.3,0,,,4804,,,,,,,56907605-H,,,,,,5,,,Size,160x230,,1,,,,,,,,,,,,,,,,,,,,,,,,,,,,,,,,,,,,,160x230,,,,,,,,,,,,1786456281,,,,,,,,,,,,91486,,,,,,,,,,,,,,,,,,,
43842,variation,56907613,,D-sign Rug 1D0823 Beige - 200x300,1,0,hidden,,D-sign Rug 1D0823 Beige 200x300 cm,,,taxable,parent,0,0,,0,0,,300,200,1.3,0,,,7628,,,,,,,56907605-H,,,,,,6,,,Size,200x300,,1,,,,,,,,,,,,,,,,,,,,,,,,,,,,,,,,,,,,,200x300,,,,,,,,,,,,,,,,,,,,,,,,91491,,,,,,,,,,,,,,,,,,,
43848,variable,56907619-H,,D-sign Rug 1D0829 Beige,1,0,hidden,D-sign Rug 1D0829 Beige ,D-sign Rug 1D0829 Beige ,,,taxable,,0,,,0,0,,,,,1,,,,"Rooms > Entrance & Corridor, Rugs > Modern, Rugs",,,"https://rugshop.eu/wp-content/uploads/2021/10/carpet-acrylic-dizayn-123-beige-yellow.jpg, https://rugshop.eu/wp-content/uploads/2021/10/carpet-acrylic-dizayn-123-beige-yellow-1.jpg, https://rugshop.eu/wp-content/uploads/2021/10/carpet-acrylic-dizayn-123-beige-yellow-2.jpg, https://rugshop.eu/wp-content/uploads/2021/10/carpet-acrylic-dizayn-123-beige-yellow-3.jpg",,,,,,,,,1252,,,Size,"100x200, 100x300, 120x180, 160x230, 80x150, 80x300",1,1,Brand,D-sign,1,1,Color,White-Beige,1,1,Type of color,Multicolor,1,1,Shape,Runner,1,1,Material,Acrylic,1,1,Type of rug,Modern,1,1,Weave,Machinemade,1,1,Age,New,1,1,,,,,,,,,,,,,,,,,1786456335,yes,yes,,,,,,,,,,,,,,,,,,,,,,,,,,,,,
43850,variation,56907615,,D-sign Rug 1D0824 Beige - 80x150,1,0,hidden,,D-sign Rug 1D0824 Beige 80x150 cm,,,taxable,parent,0,0,,0,0,,150,80,1.3,0,,,1844,,,,,,,56907615-H,,,,,,1,,,Size,80x150,,1,,,,,,,,,,,,,,,,,,,,,,,,,,,,,,,,,,,,,80x150,,,,,,,,,,,,1786454050,,,,,,,,,,,,91493,,,,,,,,,,,,,,,,,,,
43851,variation,56912341,,D-sign Rug 1D0824 Beige - 80x300,1,0,hidden,,D-sign Rug 1D0824 Beige 80x300 cm,,,taxable,parent,0,0,,0,0,,300,80,1.3,0,,,3260,,,,,,,56907615-H,,,,,,2,,,Size,80x300,,1,,,,,,,,,,,,,,,,,,,,,,,,,,,,,,,,,,,,,80x300,,,,,,,,,,,,1786456283,,,,,,,,,,,,91494,,,,,,,,,,,,,,,,,,,
43852,variation,56912355,,D-sign Rug 1D0824 Beige - 100x300,1,0,hidden,,D-sign Rug 1D0824 Beige 100x300 cm,,,taxable,parent,0,0,,0,0,,300,100,1.3,0,,,3964,,,,,,,56907615-H,,,,,,3,,,Size,100x300,,1,,,,,,,,,,,,,,,,,,,,,,,,,,,,,,,,,,,,,100x300,,,,,,,,,,,,1786456314,,,,,,,,,,,,91498,,,,,,,,,,,,,,,,,,,
43853,variation,56912349,,D-sign Rug 1D0824 Beige - 120x180,1,0,hidden,,D-sign Rug 1D0824 Beige 120x180 cm,,,taxable,parent,0,0,,0,0,,180,120,1.3,0,,,2972,,,,,,,56907615-H,,,,,,4,,,Size,120x180,,1,,,,,,,,,,,,,,,,,,,,,,,,,,,,,,,,,,,,,120x180,,,,,,,,,,,,1786456313,,,,,,,,,,,,91496,,,,,,,,,,,,,,,,,,,
43854,variation,56912353,,D-sign Rug 1D0824 Beige - 160x230,1,0,hidden,,D-sign Rug 1D0824 Beige 160x230 cm,,,taxable,parent,0,0,,0,0,,230,160,1.3,0,,,4804,,,,,,,56907615-H,,,,,,5,,,Size,160x230,,1,,,,,,,,,,,,,,,,,,,,,,,,,,,,,,,,,,,,,160x230,,,,,,,,,,,,1786456313,,,,,,,,,,,,91492,,,,,,,,,,,,,,,,,,,
43860,variation,56907614,,D-sign Rug 1D0826 Pink - 80x300,1,0,hidden,,D-sign Rug 1D0826 Pink 80x300 cm,,,taxable,parent,0,0,,0,0,,300,80,1.3,0,,,3260,,,,,,,56907614-H,,,,,,1,,,Size,80x300,,1,,,,,,,,,,,,,,,,,,,,,,,,,,,,,,,,,,,,,80x300,,,,,,,,,,,,,,,,,,,,,,,,91518,,,,,,,,,,,,,,,,,,,
43861,variation,56912347,,D-sign Rug 1D0826 Pink - 100x300,1,0,hidden,,D-sign Rug 1D0826 Pink 100x300 cm,,,taxable,parent,0,0,,0,0,,300,100,1.3,0,,,3964,,,,,,,56907614-H,,,,,,2,,,Size,100x300,,1,,,,,,,,,,,,,,,,,,,,,,,,,,,,,,,,,,,,,100x300,,,,,,,,,,,,,,,,,,,,,,,,91519,,,,,,,,,,,,,,,,,,,
43862,variation,56912354,,D-sign Rug 1D0826 Pink - 120x180,1,0,hidden,,D-sign Rug 1D0826 Pink 120x180 cm,,,taxable,parent,0,0,,0,0,,180,120,1.3,0,,,2972,,,,,,,56907614-H,,,,,,3,,,Size,120x180,,1,,,,,,,,,,,,,,,,,,,,,,,,,,,,,,,,,,,,,120x180,,,,,,,,,,,,,,,,,,,,,,,,91520,,,,,,,,,,,,,,,,,,,
43863,variation,56912348,,D-sign Rug 1D0826 Pink - 160x230,1,0,hidden,,D-sign Rug 1D0826 Pink 160x230 cm,,,taxable,parent,0,0,,0,0,,230,160,1.3,0,,,4804,,,,,,,56907614-H,,,,,,4,,,Size,160x230,,1,,,,,,,,,,,,,,,,,,,,,,,,,,,,,,,,,,,,,160x230,,,,,,,,,,,,1786456312,,,,,,,,,,,,91521,,,,,,,,,,,,,,,,,,,
43869,variable,56907624-H,,D-sign Rug 1D0831 Grey,1,0,hidden,D-sign Rug 1D0831 Grey ,D-sign Rug 1D0831 Grey ,,,taxable,,0,,,0,0,,,,,1,,,,"Rooms > Entrance & Corridor, Rugs > Modern, Rugs",,,"https://rugshop.eu/wp-content/uploads/2021/10/carpet-acrylic-dizayn-123-light-grey-light-pink.jpg, https://rugshop.eu/wp-content/uploads/2021/10/carpet-acrylic-dizayn-123-light-grey-light-pink-1.jpg, https://rugshop.eu/wp-content/uploads/2021/10/carpet-acrylic-dizayn-123-light-grey-light-pink-2.jpg, https://rugshop.eu/wp-content/uploads/2021/10/carpet-acrylic-dizayn-123-light-grey-light-pink-3.jpg",,,,,,,,,1254,,,Size,"100x200, 100x300, 120x180, 160x230, 200x300, 80x150, 80x300",1,1,Brand,D-sign,1,1,Color,Black-Grey,1,1,Type of color,Multicolor,1,1,Shape,Runner,1,1,Material,Acrylic,1,1,Type of rug,Modern,1,1,Weave,Machinemade,1,1,Age,New,1,1,,,,,,,,,,,,,,,,,1786454068,yes,yes,,,,,,,,,,,,,,,,,,,,,,,,,,,,,
43878,variation,56907618,,D-sign Rug 1D0828 Beige - 80x150,1,0,hidden,,D-sign Rug 1D0828 Beige 80x150 cm,,,taxable,parent,0,0,,0,0,,150,80,1.3,0,,,1844,,,,,,,56907618-H,,,,,,1,,,Size,80x150,,1,,,,,,,,,,,,,,,,,,,,,,,,,,,,,,,,,,,,,80x150,,,,,,,,,,,,,,,,,,,,,,,,91530,,,,,,,,,,,,,,,,,,,
43879,variation,56912350,,D-sign Rug 1D0828 Beige - 120x180,1,0,hidden,,D-sign Rug 1D0828 Beige 120x180 cm,,,taxable,parent,0,0,,0,0,,180,120,1.3,0,,,2972,,,,,,,56907618-H,,,,,,2,,,Size,120x180,,1,,,,,,,,,,,,,,,,,,,,,,,,,,,,,,,,,,,,,120x180,,,,,,,,,,,,,,,,,,,,,,,,91533,,,,,,,,,,,,,,,,,,,
43880,variation,56912367,,D-sign Rug 1D0828 Beige - 160x230,1,0,hidden,,D-sign Rug 1D0828 Beige 160x230 cm,,,taxable,parent,0,0,,0,0,,230,160,1.3,0,,,4804,,,,,,,56907618-H,,,,,,3,,,Size,160x230,,1,,,,,,,,,,,,,,,,,,,,,,,,,,,,,,,,,,,,,160x230,,,,,,,,,,,,1786456317,,,,,,,,,,,,91529,,,,,,,,,,,,,,,,,,,
43881,variation,56912352,,D-sign Rug 1D0828 Beige - 200x300,1,0,hidden,,D-sign Rug 1D0828 Beige 200x300 cm,,,taxable,parent,0,0,,0,0,,300,200,1.3,0,,,7628,,,,,,,56907618-H,,,,,,4,,,Size,200x300,,1,,,,,,,,,,,,,,,,,,,,,,,,,,,,,,,,,,,,,200x300,,,,,,,,,,,,,,,,,,,,,,,,91534,,,,,,,,,,,,,,,,,,,
43887,variable,56907638-H,,D-sign Rug 1D0832 Blue,1,0,hidden,D-sign Rug 1D0832 Blue ,D-sign Rug 1D0832 Blue ,,,taxable,,0,,,0,0,,,,,1,,,,"Rooms > Entrance & Corridor, Rugs > Modern, Rugs",,,"https://rugshop.eu/wp-content/uploads/2021/10/carpet-acrylic-dizayn-124-blue.jpg, https://rugshop.eu/wp-content/uploads/2021/10/carpet-acrylic-dizayn-124-blue-1.jpg, https://rugshop.eu/wp-content/uploads/2021/10/carpet-acrylic-dizayn-124-blue-2.jpg, https://rugshop.eu/wp-content/uploads/2021/10/carpet-acrylic-dizayn-124-blue-3.jpg",,,,,,,,,1255,,,Size,"100x300, 120x180, 160x230, 80x150, 80x300",1,1,Brand,D-sign,1,1,Color,Blue,1,1,Type of color,Multicolor,1,1,Shape,Runner,1,1,Material,Acrylic,1,1,Type of rug,Modern,1,1,Weave,Machinemade,1,1,Age,New,1,1,,,,,,,,,,,,,,,,,1786454070,yes,yes,,,,,,,,,,,,,,,,,,,,,,,,,,,,,
43888,variable,56907630-H,,D-sign Rug 1D0833 Beige,1,0,hidden,D-sign Rug 1D0833 Beige ,D-sign Rug 1D0833 Beige ,,,taxable,,0,,,0,0,,,,,1,,,,"Rooms > Bedroom, Rooms > Living room, Rugs > Modern, Rugs",,,"https://rugshop.eu/wp-content/uploads/2021/10/carpet-acrylic-dizayn-124-7058-beige.jpg, https://rugshop.eu/wp-content/uploads/2021/10/carpet-acrylic-dizayn-124-7058-beige-1.jpg, https://rugshop.eu/wp-content/uploads/2021/10/carpet-acrylic-dizayn-124-7058-beige-2.jpg, https://rugshop.eu/wp-content/uploads/2021/10/carpet-acrylic-dizayn-124-7058-beige-3.jpg",,,,,,,,,1256,,,Size,"120x180, 160x230, 80x300",1,1,Brand,D-sign,1,1,Color,White-Beige,1,1,Type of color,Multicolor,1,1,Shape,Rectangular,1,1,Material,Acrylic,1,1,Type of rug,Modern,1,1,Weave,Machinemade,1,1,Age,New,1,1,,,,,,,,,,,,,,,,,1786456339,yes,yes,,,,,,,,,,,,,,,,,,,,,,,,,,,,,
43889,variation,56907619,,D-sign Rug 1D0829 Beige - 80x150,1,0,hidden,,D-sign Rug 1D0829 Beige 80x150 cm,,,taxable,parent,0,0,,0,0,,150,80,1.3,0,,,1844,,,,,,,56907619-H,,,,,,1,,,Size,80x150,,1,,,,,,,,,,,,,,,,,,,,,,,,,,,,,,,,,,,,,80x150,,,,,,,,,,,,,,,,,,,,,,,,91536,,,,,,,,,,,,,,,,,,,
43890,variation,56912375,,D-sign Rug 1D0829 Beige - 80x300,1,0,hidden,,D-sign Rug 1D0829 Beige 80x300 cm,,,taxable,parent,0,0,,0,0,,300,80,1.3,0,,,3260,,,,,,,56907619-H,,,,,,2,,,Size,80x300,,1,,,,,,,,,,,,,,,,,,,,,,,,,,,,,,,,,,,,,80x300,,,,,,,,,,,,1786456317,,,,,,,,,,,,91537,,,,,,,,,,,,,,,,,,,
43891,variation,56907622,,D-sign Rug 1D0829 Beige - 100x200,1,0,hidden,,D-sign Rug 1D0829 Beige 100x200 cm,,,taxable,parent,0,0,,0,0,,200,100,1.3,0,,,2788,,,,,,,56907619-H,,,,,,3,,,Size,100x200,,1,,,,,,,,,,,,,,,,,,,,,,,,,,,,,,,,,,,,,100x200,,,,,,,,,,,,,,,,,,,,,,,,91540,,,,,,,,,,,,,,,,,,,
43892,variation,56907621,,D-sign Rug 1D0829 Beige - 100x300,1,0,hidden,,D-sign Rug 1D0829 Beige 100x300 cm,,,taxable,parent,0,0,,0,0,,300,100,1.3,0,,,3964,,,,,,,56907619-H,,,,,,4,,,Size,100x300,,1,,,,,,,,,,,,,,,,,,,,,,,,,,,,,,,,,,,,,100x300,,,,,,,,,,,,,,,,,,,,,,,,91539,,,,,,,,,,,,,,,,,,,
43893,variation,56912368,,D-sign Rug 1D0829 Beige - 120x180,1,0,hidden,,D-sign Rug 1D0829 Beige 120x180 cm,,,taxable,parent,0,0,,0,0,,180,120,1.3,0,,,2972,,,,,,,56907619-H,,,,,,5,,,Size,120x180,,1,,,,,,,,,,,,,,,,,,,,,,,,,,,,,,,,,,,,,120x180,,,,,,,,,,,,,,,,,,,,,,,,91538,,,,,,,,,,,,,,,,,,,
43894,variation,56907620,,D-sign Rug 1D0829 Beige - 160x230,1,0,hidden,,D-sign Rug 1D0829 Beige 160x230 cm,,,taxable,parent,0,0,,0,0,,230,160,1.3,0,,,4804,,,,,,,56907619-H,,,,,,6,,,Size,160x230,,1,,,,,,,,,,,,,,,,,,,,,,,,,,,,,,,,,,,,,160x230,,,,,,,,,,,,1786454050,,,,,,,,,,,,91535,,,,,,,,,,,,,,,,,,,
43911,variable,56907632-H,,D-sign Rug 1D0834 Yellow,1,0,hidden,D-sign Rug 1D0834 Yellow ,D-sign Rug 1D0834 Yellow ,,,taxable,,0,,,0,0,,,,,1,,,,"Rooms > Entrance & Corridor, Rugs > Modern, Rugs",,,"https://rugshop.eu/wp-content/uploads/2021/10/carpet-acrylic-dizayn-124-7058-yellow.jpg, https://rugshop.eu/wp-content/uploads/2021/10/carpet-acrylic-dizayn-124-7058-yellow-1.jpg, https://rugshop.eu/wp-content/uploads/2021/10/carpet-acrylic-dizayn-124-7058-yellow-2.jpg, https://rugshop.eu/wp-content/uploads/2021/10/carpet-acrylic-dizayn-124-7058-yellow-3.jpg",,,,,,,,,1257,,,Size,"100x200, 100x300, 120x180, 160x230, 200x300, 80x150, 80x300",1,1,Brand,D-sign,1,1,Color,Yellow-Brown,1,1,Type of color,Multicolor,1,1,Shape,Runner,1,1,Material,Acrylic,1,1,Type of rug,Modern,1,1,Weave,Machinemade,1,1,Age,New,1,1,,,,,,,,,,,,,,,,,1786456344,yes,yes,,,,,,,,,,,,,,,,,,,,,,,,,,,,,
43912,variable,56907625-H,,D-sign Rug 1D0835 Pink,1,0,hidden,D-sign Rug 1D0835 Pink ,D-sign Rug 1D0835 Pink ,,,taxable,,0,,,0,0,,,,,1,,,,"Rooms > Entrance & Corridor, Rugs > Modern, Rugs",,,"https://rugshop.eu/wp-content/uploads/2021/10/carpet-acrylic-dizayn-125-5057-pink.jpg, https://rugshop.eu/wp-content/uploads/2021/10/carpet-acrylic-dizayn-125-5057-pink-1.jpg, https://rugshop.eu/wp-content/uploads/2021/10/carpet-acrylic-dizayn-125-5057-pink-2.jpg, https://rugshop.eu/wp-content/uploads/2021/10/carpet-acrylic-dizayn-125-5057-pink-3.jpg",,,,,,,,,1258,,,Size,"100x200, 100x300, 120x180, 160x230, 80x150, 80x300",1,1,Brand,D-sign,1,1,Color,Pink-Purple,1,1,Type of color,Multicolor,1,1,Shape,Runner,1,1,Material,Acrylic,1,1,Type of rug,Modern,1,1,Weave,Machinemade,1,1,Age,New,1,1,,,,,,,,,,,,,,,,,1786456342,yes,yes,,,,,,,,,,,,,,,,,,,,,,,,,,,,,
43913,variation,56907624,,D-sign Rug 1D0831 Grey - 80x150,1,0,hidden,,D-sign Rug 1D0831 Grey 80x150 cm,,,taxable,parent,0,0,,0,0,,150,80,1.3,0,,,1844,,,,,,,56907624-H,,,,,,1,,,Size,80x150,,1,,,,,,,,,,,,,,,,,,,,,,,,,,,,,,,,,,,,,80x150,,,,,,,,,,,,,,,,,,,,,,,,91548,,,,,,,,,,,,,,,,,,,
43914,variation,56907639,,D-sign Rug 1D0831 Grey - 80x300,1,0,hidden,,D-sign Rug 1D0831 Grey 80x300 cm,,,taxable,parent,0,0,,0,0,,300,80,1.3,0,,,3260,,,,,,,56907624-H,,,,,,2,,,Size,80x300,,1,,,,,,,,,,,,,,,,,,,,,,,,,,,,,,,,,,,,,80x300,,,,,,,,,,,,,,,,,,,,,,,,91549,,,,,,,,,,,,,,,,,,,
43915,variation,56907633,,D-sign Rug 1D0831 Grey - 100x200,1,0,hidden,,D-sign Rug 1D0831 Grey 100x200 cm,,,taxable,parent,0,0,,0,0,,200,100,1.3,0,,,2788,,,,,,,56907624-H,,,,,,3,,,Size,100x200,,1,,,,,,,,,,,,,,,,,,,,,,,,,,,,,,,,,,,,,100x200,,,,,,,,,,,,,,,,,,,,,,,,91550,,,,,,,,,,,,,,,,,,,
43916,variation,56907635,,D-sign Rug 1D0831 Grey - 100x300,1,0,hidden,,D-sign Rug 1D0831 Grey 100x300 cm,,,taxable,parent,0,0,,0,0,,300,100,1.3,0,,,3964,,,,,,,56907624-H,,,,,,4,,,Size,100x300,,1,,,,,,,,,,,,,,,,,,,,,,,,,,,,,,,,,,,,,100x300,,,,,,,,,,,,,,,,,,,,,,,,91551,,,,,,,,,,,,,,,,,,,
43917,variation,56907637,,D-sign Rug 1D0831 Grey - 120x180,1,0,hidden,,D-sign Rug 1D0831 Grey 120x180 cm,,,taxable,parent,0,0,,0,0,,180,120,1.3,0,,,2972,,,,,,,56907624-H,,,,,,5,,,Size,120x180,,1,,,,,,,,,,,,,,,,,,,,,,,,,,,,,,,,,,,,,120x180,,,,,,,,,,,,,,,,,,,,,,,,91552,,,,,,,,,,,,,,,,,,,
43918,variation,56907634,,D-sign Rug 1D0831 Grey - 160x230,1,0,hidden,,D-sign Rug 1D0831 Grey 160x230 cm,,,taxable,parent,0,0,,0,0,,230,160,1.3,0,,,4804,,,,,,,56907624-H,,,,,,6,,,Size,160x230,,1,,,,,,,,,,,,,,,,,,,,,,,,,,,,,,,,,,,,,160x230,,,,,,,,,,,,1786454052,,,,,,,,,,,,91553,,,,,,,,,,,,,,,,,,,
43919,variation,56907636,,D-sign Rug 1D0831 Grey - 200x300,1,0,hidden,,D-sign Rug 1D0831 Grey 200x300 cm,,,taxable,parent,0,0,,0,0,,300,200,1.3,0,,,7628,,,,,,,56907624-H,,,,,,7,,,Size,200x300,,1,,,,,,,,,,,,,,,,,,,,,,,,,,,,,,,,,,,,,200x300,,,,,,,,,,,,,,,,,,,,,,,,91554,,,,,,,,,,,,,,,,,,,
43925,variation,56907638,,D-sign Rug 1D0832 Blue - 80x150,1,0,hidden,,D-sign Rug 1D0832 Blue 80x150 cm,,,taxable,parent,0,0,,0,0,,150,80,1.3,0,,,1844,,,,,,,56907638-H,,,,,,1,,,Size,80x150,,1,,,,,,,,,,,,,,,,,,,,,,,,,,,,,,,,,,,,,80x150,,,,,,,,,,,,1786454053,,,,,,,,,,,,91562,,,,,,,,,,,,,,,,,,,
43926,variation,56907640,,D-sign Rug 1D0832 Blue - 80x300,1,0,hidden,,D-sign Rug 1D0832 Blue 80x300 cm,,,taxable,parent,0,0,,0,0,,300,80,1.3,0,,,3260,,,,,,,56907638-H,,,,,,2,,,Size,80x300,,1,,,,,,,,,,,,,,,,,,,,,,,,,,,,,,,,,,,,,80x300,,,,,,,,,,,,,,,,,,,,,,,,91563,,,,,,,,,,,,,,,,,,,
43927,variation,56912408,,D-sign Rug 1D0832 Blue - 100x300,1,0,hidden,,D-sign Rug 1D0832 Blue 100x300 cm,,,taxable,parent,0,0,,0,0,,300,100,1.3,0,,,3964,,,,,,,56907638-H,,,,,,3,,,Size,100x300,,1,,,,,,,,,,,,,,,,,,,,,,,,,,,,,,,,,,,,,100x300,,,,,,,,,,,,,,,,,,,,,,,,91564,,,,,,,,,,,,,,,,,,,
43928,variation,56912406,,D-sign Rug 1D0832 Blue - 120x180,1,0,hidden,,D-sign Rug 1D0832 Blue 120x180 cm,,,taxable,parent,0,0,,0,0,,180,120,1.3,0,,,2972,,,,,,,56907638-H,,,,,,4,,,Size,120x180,,1,,,,,,,,,,,,,,,,,,,,,,,,,,,,,,,,,,,,,120x180,,,,,,,,,,,,,,,,,,,,,,,,91565,,,,,,,,,,,,,,,,,,,
43929,variation,56912388,,D-sign Rug 1D0832 Blue - 160x230,1,0,hidden,,D-sign Rug 1D0832 Blue 160x230 cm,,,taxable,parent,0,0,,0,0,,230,160,1.3,0,,,4804,,,,,,,56907638-H,,,,,,5,,,Size,160x230,,1,,,,,,,,,,,,,,,,,,,,,,,,,,,,,,,,,,,,,160x230,,,,,,,,,,,,,,,,,,,,,,,,91566,,,,,,,,,,,,,,,,,,,
43937,variable,56907685-H,,D-sign Rug 1D0838 Green,1,0,hidden,D-sign Rug 1D0838 Green ,D-sign Rug 1D0838 Green ,,,taxable,,0,,,0,0,,,,,1,,,,"Rooms > Entrance & Corridor, Rugs > Modern, Rugs > Persian, Rugs",,,"https://rugshop.eu/wp-content/uploads/2021/10/carpet-acrylic-dizayn-143-green-ivory.jpg, https://rugshop.eu/wp-content/uploads/2021/10/carpet-acrylic-dizayn-143-green-ivory-1.jpg, https://rugshop.eu/wp-content/uploads/2021/10/carpet-acrylic-dizayn-143-green-ivory-2.jpg, https://rugshop.eu/wp-content/uploads/2021/10/carpet-acrylic-dizayn-143-green-ivory-3.jpg",,,,,,,,,1261,,,Size,"160x230, 80x150, 80x300",1,1,Brand,D-sign,1,1,Color,Green,1,1,Type of color,Multicolor,1,1,Shape,Runner,1,1,Material,Acrylic,1,1,Type of rug,"Modern, Persian",1,1,Weave,Machinemade,1,1,Age,New,1,1,,,,,,,,,,,,,,,,,1786456444,yes,yes,,,,,,,,,,,,,,,,,,,,,,,,,,,,,
43938,variation,56907630,,D-sign Rug 1D0833 Beige - 80x300,1,0,hidden,,D-sign Rug 1D0833 Beige 80x300 cm,,,taxable,parent,0,0,,0,0,,300,80,1.3,0,,,3260,,,,,,,56907630-H,,,,,,1,,,Size,80x300,,1,,,,,,,,,,,,,,,,,,,,,,,,,,,,,,,,,,,,,80x300,,,,,,,,,,,,,,,,,,,,,,,,91572,,,,,,,,,,,,,,,,,,,
43939,variation,56912382,,D-sign Rug 1D0833 Beige - 120x180,1,0,hidden,,D-sign Rug 1D0833 Beige 120x180 cm,,,taxable,parent,0,0,,0,0,,180,120,1.3,0,,,2972,,,,,,,56907630-H,,,,,,2,,,Size,120x180,,1,,,,,,,,,,,,,,,,,,,,,,,,,,,,,,,,,,,,,120x180,,,,,,,,,,,,,,,,,,,,,,,,91573,,,,,,,,,,,,,,,,,,,
43940,variation,56912384,,D-sign Rug 1D0833 Beige - 160x230,1,0,hidden,,D-sign Rug 1D0833 Beige 160x230 cm,,,taxable,parent,0,0,,0,0,,230,160,1.3,0,,,4804,,,,,,,56907630-H,,,,,,3,,,Size,160x230,,1,,,,,,,,,,,,,,,,,,,,,,,,,,,,,,,,,,,,,160x230,,,,,,,,,,,,1786456320,,,,,,,,,,,,91574,,,,,,,,,,,,,,,,,,,
43946,variation,56907632,,D-sign Rug 1D0834 Yellow - 80x150,1,0,hidden,,D-sign Rug 1D0834 Yellow 80x150 cm,,,taxable,parent,0,0,,0,0,,150,80,1.3,0,,,1844,,,,,,,56907632-H,,,,,,1,,,Size,80x150,,1,,,,,,,,,,,,,,,,,,,,,,,,,,,,,,,,,,,,,80x150,,,,,,,,,,,,1786454052,,,,,,,,,,,,91578,,,,,,,,,,,,,,,,,,,
43947,variation,56912391,,D-sign Rug 1D0834 Yellow - 80x300,1,0,hidden,,D-sign Rug 1D0834 Yellow 80x300 cm,,,taxable,parent,0,0,,0,0,,300,80,1.3,0,,,3260,,,,,,,56907632-H,,,,,,2,,,Size,80x300,,1,,,,,,,,,,,,,,,,,,,,,,,,,,,,,,,,,,,,,80x300,,,,,,,,,,,,1786456322,,,,,,,,,,,,91579,,,,,,,,,,,,,,,,,,,
43948,variation,56912386,,D-sign Rug 1D0834 Yellow - 100x200,1,0,hidden,,D-sign Rug 1D0834 Yellow 100x200 cm,,,taxable,parent,0,0,,0,0,,200,100,1.3,0,,,2788,,,,,,,56907632-H,,,,,,3,,,Size,100x200,,1,,,,,,,,,,,,,,,,,,,,,,,,,,,,,,,,,,,,,100x200,,,,,,,,,,,,,,,,,,,,,,,,91580,,,,,,,,,,,,,,,,,,,
43949,variation,56912403,,D-sign Rug 1D0834 Yellow - 100x300,1,0,hidden,,D-sign Rug 1D0834 Yellow 100x300 cm,,,taxable,parent,0,0,,0,0,,300,100,1.3,0,,,3964,,,,,,,56907632-H,,,,,,4,,,Size,100x300,,1,,,,,,,,,,,,,,,,,,,,,,,,,,,,,,,,,,,,,100x300,,,,,,,,,,,,,,,,,,,,,,,,91581,,,,,,,,,,,,,,,,,,,
43950,variation,56912389,,D-sign Rug 1D0834 Yellow - 120x180,1,0,hidden,,D-sign Rug 1D0834 Yellow 120x180 cm,,,taxable,parent,0,0,,0,0,,180,120,1.3,0,,,2972,,,,,,,56907632-H,,,,,,5,,,Size,120x180,,1,,,,,,,,,,,,,,,,,,,,,,,,,,,,,,,,,,,,,120x180,,,,,,,,,,,,,,,,,,,,,,,,91582,,,,,,,,,,,,,,,,,,,
43951,variation,56912383,,D-sign Rug 1D0834 Yellow - 160x230,1,0,hidden,,D-sign Rug 1D0834 Yellow 160x230 cm,,,taxable,parent,0,0,,0,0,,230,160,1.3,0,,,4804,,,,,,,56907632-H,,,,,,6,,,Size,160x230,,1,,,,,,,,,,,,,,,,,,,,,,,,,,,,,,,,,,,,,160x230,,,,,,,,,,,,,,,,,,,,,,,,91583,,,,,,,,,,,,,,,,,,,
43952,variation,56912387,,D-sign Rug 1D0834 Yellow - 200x300,1,0,hidden,,D-sign Rug 1D0834 Yellow 200x300 cm,,,taxable,parent,0,0,,0,0,,300,200,1.3,0,,,7628,,,,,,,56907632-H,,,,,,7,,,Size,200x300,,1,,,,,,,,,,,,,,,,,,,,,,,,,,,,,,,,,,,,,200x300,,,,,,,,,,,,,,,,,,,,,,,,91584,,,,,,,,,,,,,,,,,,,
43958,variable,56907686-H,,D-sign Rug 1D0839 Blue,1,0,hidden,D-sign Rug 1D0839 Blue ,D-sign Rug 1D0839 Blue ,,,taxable,,0,,,0,0,,,,,1,,,,"Rooms > Entrance & Corridor, Rugs > Modern, Rugs",,,"https://rugshop.eu/wp-content/uploads/2021/10/carpet-acrylic-dizayn-8840-light-blue.jpg, https://rugshop.eu/wp-content/uploads/2021/10/carpet-acrylic-dizayn-8840-light-blue-1.jpg, https://rugshop.eu/wp-content/uploads/2021/10/carpet-acrylic-dizayn-8840-light-blue-2.jpg, https://rugshop.eu/wp-content/uploads/2021/10/carpet-acrylic-dizayn-8840-light-blue-3.jpg",,,,,,,,,1262,,,Size,"100x200, 100x300, 120x180, 160x230, 200x300, 80x150, 80x300",1,1,Brand,D-sign,1,1,Color,Blue,1,1,Type of color,Multicolor,1,1,Shape,Runner,1,1,Material,Acrylic,1,1,Type of rug,Modern,1,1,Weave,Machinemade,1,1,Age,New,1,1,,,,,,,,,,,,,,,,,1786456431,yes,yes,,,,,,,,,,,,,,,,,,,,,,,,,,,,,
43959,variable,56907678-H,,D-sign Rug 1D0840 Beige,1,0,hidden,D-sign Rug 1D0840 Beige ,D-sign Rug 1D0840 Beige ,,,taxable,,0,,,0,0,,,,,1,,,,"Rooms > Entrance & Corridor, Rugs > Modern, Rugs",,,"https://rugshop.eu/wp-content/uploads/2021/10/carpet-acrylic-dizayn-8840-ivory-blue.jpg, https://rugshop.eu/wp-content/uploads/2021/10/carpet-acrylic-dizayn-8840-ivory-blue-1.jpg, https://rugshop.eu/wp-content/uploads/2021/10/carpet-acrylic-dizayn-8840-ivory-blue-2.jpg, https://rugshop.eu/wp-content/uploads/2021/10/carpet-acrylic-dizayn-8840-ivory-blue-3.jpg",,,,,,,,,1263,,,Size,"160x230, 80x150, 80x300",1,1,Brand,D-sign,1,1,Color,White-Beige,1,1,Type of color,Multicolor,1,1,Shape,Runner,1,1,Material,Acrylic,1,1,Type of rug,Modern,1,1,Weave,Machinemade,1,1,Age,New,1,1,,,,,,,,,,,,,,,,,1786456395,yes,yes,,,,,,,,,,,,,,,,,,,,,,,,,,,,,
43960,variation,56907625,,D-sign Rug 1D0835 Pink - 80x150,1,0,hidden,,D-sign Rug 1D0835 Pink 80x150 cm,,,taxable,parent,0,0,,0,0,,150,80,1.3,0,,,1844,,,,,,,56907625-H,,,,,,1,,,Size,80x150,,1,,,,,,,,,,,,,,,,,,,,,,,,,,,,,,,,,,,,,80x150,,,,,,,,,,,,1786454051,,,,,,,,,,,,91592,,,,,,,,,,,,,,,,,,,
43961,variation,56907627,,D-sign Rug 1D0835 Pink - 80x300,1,0,hidden,,D-sign Rug 1D0835 Pink 80x300 cm,,,taxable,parent,0,0,,0,0,,300,80,1.3,0,,,3260,,,,,,,56907625-H,,,,,,2,,,Size,80x300,,1,,,,,,,,,,,,,,,,,,,,,,,,,,,,,,,,,,,,,80x300,,,,,,,,,,,,1786454051,,,,,,,,,,,,91593,,,,,,,,,,,,,,,,,,,
43962,variation,56907629,,D-sign Rug 1D0835 Pink - 100x200,1,0,hidden,,D-sign Rug 1D0835 Pink 100x200 cm,,,taxable,parent,0,0,,0,0,,200,100,1.3,0,,,2788,,,,,,,56907625-H,,,,,,3,,,Size,100x200,,1,,,,,,,,,,,,,,,,,,,,,,,,,,,,,,,,,,,,,100x200,,,,,,,,,,,,,,,,,,,,,,,,91594,,,,,,,,,,,,,,,,,,,
43963,variation,56912390,,D-sign Rug 1D0835 Pink - 100x300,1,0,hidden,,D-sign Rug 1D0835 Pink 100x300 cm,,,taxable,parent,0,0,,0,0,,300,100,1.3,0,,,3964,,,,,,,56907625-H,,,,,,4,,,Size,100x300,,1,,,,,,,,,,,,,,,,,,,,,,,,,,,,,,,,,,,,,100x300,,,,,,,,,,,,1786456321,,,,,,,,,,,,91595,,,,,,,,,,,,,,,,,,,
43964,variation,56912385,,D-sign Rug 1D0835 Pink - 120x180,1,0,hidden,,D-sign Rug 1D0835 Pink 120x180 cm,,,taxable,parent,0,0,,0,0,,180,120,1.3,0,,,2972,,,,,,,56907625-H,,,,,,5,,,Size,120x180,,1,,,,,,,,,,,,,,,,,,,,,,,,,,,,,,,,,,,,,120x180,,,,,,,,,,,,,,,,,,,,,,,,91596,,,,,,,,,,,,,,,,,,,
43965,variation,56907628,,D-sign Rug 1D0835 Pink - 160x230,1,0,hidden,,D-sign Rug 1D0835 Pink 160x230 cm,,,taxable,parent,0,0,,0,0,,230,160,1.3,0,,,4804,,,,,,,56907625-H,,,,,,6,,,Size,160x230,,1,,,,,,,,,,,,,,,,,,,,,,,,,,,,,,,,,,,,,160x230,,,,,,,,,,,,1786454051,,,,,,,,,,,,91597,,,,,,,,,,,,,,,,,,,
43981,variable,56907647-H,,D-sign Rug 1D0842 Grey,1,0,hidden,D-sign Rug 1D0842 Grey ,D-sign Rug 1D0842 Grey ,,,taxable,,0,,,0,0,,,,,1,,,,"Rooms > Entrance & Corridor, Rugs > Modern, Rugs",,,"https://rugshop.eu/wp-content/uploads/2021/10/carpet-acrylic-dizayn-8840-light-grey.jpg, https://rugshop.eu/wp-content/uploads/2021/10/carpet-acrylic-dizayn-8840-light-grey-1.jpg, https://rugshop.eu/wp-content/uploads/2021/10/carpet-acrylic-dizayn-8840-light-grey-2.jpg, https://rugshop.eu/wp-content/uploads/2021/10/carpet-acrylic-dizayn-8840-light-grey-3.jpg",,,,,,,,,1265,,,Size,"120x180, 160x230, 80x150, 80x300",1,1,Brand,D-sign,1,1,Color,Black-Grey,1,1,Type of color,Multicolor,1,1,Shape,Runner,1,1,Material,Acrylic,1,1,Type of rug,Modern,1,1,Weave,Machinemade,1,1,Age,New,1,1,,,,,,,,,,,,,,,,,1786456347,yes,yes,,,,,,,,,,,,,,,,,,,,,,,,,,,,,
43982,variable,56907646-H,,D-sign Rug 1D0843 Green,1,0,hidden,D-sign Rug 1D0843 Green ,D-sign Rug 1D0843 Green ,,,taxable,,0,,,0,0,,,,,1,,,,"Rooms > Entrance & Corridor, Rugs > Modern, Rugs",,,"https://rugshop.eu/wp-content/uploads/2021/10/carpet-acrylic-dizayn-8841-green.jpg, https://rugshop.eu/wp-content/uploads/2021/10/carpet-acrylic-dizayn-8841-green-1.jpg, https://rugshop.eu/wp-content/uploads/2021/10/carpet-acrylic-dizayn-8841-green-2.jpg, https://rugshop.eu/wp-content/uploads/2021/10/carpet-acrylic-dizayn-8841-green-3.jpg",,,,,,,,,1266,,,Size,"100x200, 100x300, 120x180, 160x230, 200x300, 80x150, 80x300",1,1,Brand,D-sign,1,1,Color,Green,1,1,Type of color,Multicolor,1,1,Shape,Runner,1,1,Material,Acrylic,1,1,Type of rug,Modern,1,1,Weave,Machinemade,1,1,Age,New,1,1,,,,,,,,,,,,,,,,,1786456346,yes,yes,,,,,,,,,,,,,,,,,,,,,,,,,,,,,
43992,variation,56907685,,D-sign Rug 1D0838 Green - 80x150,1,0,hidden,,D-sign Rug 1D0838 Green 80x150 cm,,,taxable,parent,0,0,,0,0,,150,80,1.3,0,,,1844,,,,,,,56907685-H,,,,,,1,,,Size,80x150,,1,,,,,,,,,,,,,,,,,,,,,,,,,,,,,,,,,,,,,80x150,,,,,,,,,,,,,,,,,,,,,,,,91610,,,,,,,,,,,,,,,,,,,
43993,variation,56912510,,D-sign Rug 1D0838 Green - 80x300,1,0,hidden,,D-sign Rug 1D0838 Green 80x300 cm,,,taxable,parent,0,0,,0,0,,300,80,1.3,0,,,3260,,,,,,,56907685-H,,,,,,2,,,Size,80x300,,1,,,,,,,,,,,,,,,,,,,,,,,,,,,,,,,,,,,,,80x300,,,,,,,,,,,,,,,,,,,,,,,,91611,,,,,,,,,,,,,,,,,,,
43994,variation,56912527,,D-sign Rug 1D0838 Green - 160x230,1,0,hidden,,D-sign Rug 1D0838 Green 160x230 cm,,,taxable,parent,0,0,,0,0,,230,160,1.3,0,,,4804,,,,,,,56907685-H,,,,,,3,,,Size,160x230,,1,,,,,,,,,,,,,,,,,,,,,,,,,,,,,,,,,,,,,160x230,,,,,,,,,,,,1786456419,,,,,,,,,,,,91612,,,,,,,,,,,,,,,,,,,
44001,variation,56907686,,D-sign Rug 1D0839 Blue - 80x150,1,0,hidden,,D-sign Rug 1D0839 Blue 80x150 cm,,,taxable,parent,0,0,,0,0,,150,80,1.3,0,,,1844,,,,,,,56907686-H,,,,,,1,,,Size,80x150,,1,,,,,,,,,,,,,,,,,,,,,,,,,,,,,,,,,,,,,80x150,,,,,,,,,,,,1786455398,,,,,,,,,,,,91621,,,,,,,,,,,,,,,,,,,
44002,variation,56912521,,D-sign Rug 1D0839 Blue - 80x300,1,0,hidden,,D-sign Rug 1D0839 Blue 80x300 cm,,,taxable,parent,0,0,,0,0,,300,80,1.3,0,,,3260,,,,,,,56907686-H,,,,,,2,,,Size,80x300,,1,,,,,,,,,,,,,,,,,,,,,,,,,,,,,,,,,,,,,80x300,,,,,,,,,,,,1786456418,,,,,,,,,,,,91622,,,,,,,,,,,,,,,,,,,
44003,variation,56912509,,D-sign Rug 1D0839 Blue - 100x200,1,0,hidden,,D-sign Rug 1D0839 Blue 100x200 cm,,,taxable,parent,0,0,,0,0,,200,100,1.3,0,,,2788,,,,,,,56907686-H,,,,,,3,,,Size,100x200,,1,,,,,,,,,,,,,,,,,,,,,,,,,,,,,,,,,,,,,100x200,,,,,,,,,,,,1786456411,,,,,,,,,,,,91627,,,,,,,,,,,,,,,,,,,
44004,variation,56912498,,D-sign Rug 1D0839 Blue - 100x300,1,0,hidden,,D-sign Rug 1D0839 Blue 100x300 cm,,,taxable,parent,0,0,,0,0,,300,100,1.3,0,,,3964,,,,,,,56907686-H,,,,,,4,,,Size,100x300,,1,,,,,,,,,,,,,,,,,,,,,,,,,,,,,,,,,,,,,100x300,,,,,,,,,,,,,,,,,,,,,,,,91623,,,,,,,,,,,,,,,,,,,
44005,variation,56912495,,D-sign Rug 1D0839 Blue - 120x180,1,0,hidden,,D-sign Rug 1D0839 Blue 120x180 cm,,,taxable,parent,0,0,,0,0,,180,120,1.3,0,,,2972,,,,,,,56907686-H,,,,,,5,,,Size,120x180,,1,,,,,,,,,,,,,,,,,,,,,,,,,,,,,,,,,,,,,120x180,,,,,,,,,,,,,,,,,,,,,,,,91624,,,,,,,,,,,,,,,,,,,
44006,variation,56912496,,D-sign Rug 1D0839 Blue - 160x230,1,0,hidden,,D-sign Rug 1D0839 Blue 160x230 cm,,,taxable,parent,0,0,,0,0,,230,160,1.3,0,,,4804,,,,,,,56907686-H,,,,,,6,,,Size,160x230,,1,,,,,,,,,,,,,,,,,,,,,,,,,,,,,,,,,,,,,160x230,,,,,,,,,,,,,,,,,,,,,,,,91625,,,,,,,,,,,,,,,,,,,
44007,variation,56912499,,D-sign Rug 1D0839 Blue - 200x300,1,0,hidden,,D-sign Rug 1D0839 Blue 200x300 cm,,,taxable,parent,0,0,,0,0,,300,200,1.3,0,,,7628,,,,,,,56907686-H,,,,,,7,,,Size,200x300,,1,,,,,,,,,,,,,,,,,,,,,,,,,,,,,,,,,,,,,200x300,,,,,,,,,,,,,,,,,,,,,,,,91626,,,,,,,,,,,,,,,,,,,
44013,variation,56907678,,D-sign Rug 1D0840 Beige - 80x150,1,0,hidden,,D-sign Rug 1D0840 Beige 80x150 cm,,,taxable,parent,0,0,,0,0,,150,80,1.3,0,,,1844,,,,,,,56907678-H,,,,,,1,,,Size,80x150,,1,,,,,,,,,,,,,,,,,,,,,,,,,,,,,,,,,,,,,80x150,,,,,,,,,,,,1786454060,,,,,,,,,,,,91635,,,,,,,,,,,,,,,,,,,
44014,variation,56912491,,D-sign Rug 1D0840 Beige - 80x300,1,0,hidden,,D-sign Rug 1D0840 Beige 80x300 cm,,,taxable,parent,0,0,,0,0,,300,80,1.3,0,,,3260,,,,,,,56907678-H,,,,,,2,,,Size,80x300,,1,,,,,,,,,,,,,,,,,,,,,,,,,,,,,,,,,,,,,80x300,,,,,,,,,,,,1786456365,,,,,,,,,,,,91636,,,,,,,,,,,,,,,,,,,
44015,variation,56912500,,D-sign Rug 1D0840 Beige - 160x230,1,0,hidden,,D-sign Rug 1D0840 Beige 160x230 cm,,,taxable,parent,0,0,,0,0,,230,160,1.3,0,,,4804,,,,,,,56907678-H,,,,,,3,,,Size,160x230,,1,,,,,,,,,,,,,,,,,,,,,,,,,,,,,,,,,,,,,160x230,,,,,,,,,,,,,,,,,,,,,,,,91637,,,,,,,,,,,,,,,,,,,
44021,variable,56907643-H,,D-sign Rug 1D0707 Grey,1,0,hidden,D-sign Rug 1D0707 Grey,D-sign Rug 1D0707 Grey,,,taxable,,0,,,0,0,,,,,0,,,,"Rooms > Kids, Rugs > Kids, Rugs",,,"https://rugshop.eu/wp-content/uploads/2021/10/carpet-petit-dolly-sheep-grey.jpg, https://rugshop.eu/wp-content/uploads/2021/10/carpet-petit-dolly-sheep-grey-1.jpg, https://rugshop.eu/wp-content/uploads/2021/10/carpet-petit-dolly-sheep-grey-2.jpg, https://rugshop.eu/wp-content/uploads/2021/10/carpet-petit-dolly-sheep-grey-3.jpg",,,,,,,,,1130,,,Size,"120x170, 140x190, 160x220, 180x270, 200x290, 240x330, 80x150",1,1,Brand,D-sign,1,1,Color,Black-Grey,1,1,Type of color,Multicolor,1,1,Shape,Rectangular,1,1,Material,Polypropen,1,1,Type of rug,Modern,1,1,Weave,Machinemade,1,1,Country,Turkey,1,1,Age,New,1,1,,,,,default,default,default,default,,,,,1786454071,yes,yes,,,,,,,,,,,,,,,,,,,,,,,,,,,,,
44030,variation,56907647,,D-sign Rug 1D0842 Grey - 80x150,1,0,hidden,,D-sign Rug 1D0842 Grey 80x150 cm,,,taxable,parent,0,0,,0,0,,150,80,1.3,0,,,1844,,,,,,,56907647-H,,,,,,1,,,Size,80x150,,1,,,,,,,,,,,,,,,,,,,,,,,,,,,,,,,,,,,,,80x150,,,,,,,,,,,,,,,,,,,,,,,,91648,,,,,,,,,,,,,,,,,,,
44031,variation,56912419,,D-sign Rug 1D0842 Grey - 80x300,1,0,hidden,,D-sign Rug 1D0842 Grey 80x300 cm,,,taxable,parent,0,0,,0,0,,300,80,1.3,0,,,3260,,,,,,,56907647-H,,,,,,2,,,Size,80x300,,1,,,,,,,,,,,,,,,,,,,,,,,,,,,,,,,,,,,,,80x300,,,,,,,,,,,,1786456326,,,,,,,,,,,,91649,,,,,,,,,,,,,,,,,,,
44032,variation,56912420,,D-sign Rug 1D0842 Grey - 120x180,1,0,hidden,,D-sign Rug 1D0842 Grey 120x180 cm,,,taxable,parent,0,0,,0,0,,180,120,1.3,0,,,2972,,,,,,,56907647-H,,,,,,3,,,Size,120x180,,1,,,,,,,,,,,,,,,,,,,,,,,,,,,,,,,,,,,,,120x180,,,,,,,,,,,,,,,,,,,,,,,,91650,,,,,,,,,,,,,,,,,,,
44033,variation,56912423,,D-sign Rug 1D0842 Grey - 160x230,1,0,hidden,,D-sign Rug 1D0842 Grey 160x230 cm,,,taxable,parent,0,0,,0,0,,230,160,1.3,0,,,4804,,,,,,,56907647-H,,,,,,4,,,Size,160x230,,1,,,,,,,,,,,,,,,,,,,,,,,,,,,,,,,,,,,,,160x230,,,,,,,,,,,,,,,,,,,,,,,,91651,,,,,,,,,,,,,,,,,,,
44039,variable,56907653-H,,D-sign Rug 1D0710 Grey,1,0,hidden,D-sign Rug 1D0710 Grey,D-sign Rug 1D0710 Grey,,,taxable,,0,,,0,0,,,,,0,,,,"Rooms > Kids, Rugs > Kids, Rugs",,,"https://rugshop.eu/wp-content/uploads/2021/10/carpet-petit-lama-grey.jpg, https://rugshop.eu/wp-content/uploads/2021/10/carpet-petit-lama-grey-1.jpg, https://rugshop.eu/wp-content/uploads/2021/10/carpet-petit-lama-grey-2.jpg, https://rugshop.eu/wp-content/uploads/2021/10/carpet-petit-lama-grey-3.jpg",,,,,,,,,1133,,,Size,"120x170, 140x190, 160x220, 180x270, 200x290, 240x330, 80x150",1,1,Brand,D-sign,1,1,Color,Black-Grey,1,1,Type of color,Multicolor,1,1,Shape,Rectangular,1,1,Material,Polypropen,1,1,Type of rug,Modern,1,1,Weave,Machinemade,1,1,Country,Turkey,1,1,Age,New,1,1,,,,,default,default,default,default,,,,,1786456373,yes,yes,,,,,,,,,,,,,,,,,,,,,,,,,,,,,
44040,variation,56907646,,D-sign Rug 1D0843 Green - 80x150,1,0,hidden,,D-sign Rug 1D0843 Green 80x150 cm,,,taxable,parent,0,0,,0,0,,150,80,1.3,0,,,1844,,,,,,,56907646-H,,,,,,1,,,Size,80x150,,1,,,,,,,,,,,,,,,,,,,,,,,,,,,,,,,,,,,,,80x150,,,,,,,,,,,,1786454054,,,,,,,,,,,,91657,,,,,,,,,,,,,,,,,,,
44041,variation,56912417,,D-sign Rug 1D0843 Green - 80x300,1,0,hidden,,D-sign Rug 1D0843 Green 80x300 cm,,,taxable,parent,0,0,,0,0,,300,80,1.3,0,,,3260,,,,,,,56907646-H,,,,,,2,,,Size,80x300,,1,,,,,,,,,,,,,,,,,,,,,,,,,,,,,,,,,,,,,80x300,,,,,,,,,,,,1786456325,,,,,,,,,,,,91658,,,,,,,,,,,,,,,,,,,
44042,variation,56912414,,D-sign Rug 1D0843 Green - 100x200,1,0,hidden,,D-sign Rug 1D0843 Green 100x200 cm,,,taxable,parent,0,0,,0,0,,200,100,1.3,0,,,2788,,,,,,,56907646-H,,,,,,3,,,Size,100x200,,1,,,,,,,,,,,,,,,,,,,,,,,,,,,,,,,,,,,,,100x200,,,,,,,,,,,,1786456325,,,,,,,,,,,,91659,,,,,,,,,,,,,,,,,,,
44043,variation,56912415,,D-sign Rug 1D0843 Green - 100x300,1,0,hidden,,D-sign Rug 1D0843 Green 100x300 cm,,,taxable,parent,0,0,,0,0,,300,100,1.3,0,,,3964,,,,,,,56907646-H,,,,,,4,,,Size,100x300,,1,,,,,,,,,,,,,,,,,,,,,,,,,,,,,,,,,,,,,100x300,,,,,,,,,,,,1786456325,,,,,,,,,,,,91660,,,,,,,,,,,,,,,,,,,
44044,variation,56912421,,D-sign Rug 1D0843 Green - 120x180,1,0,hidden,,D-sign Rug 1D0843 Green 120x180 cm,,,taxable,parent,0,0,,0,0,,180,120,1.3,0,,,2972,,,,,,,56907646-H,,,,,,5,,,Size,120x180,,1,,,,,,,,,,,,,,,,,,,,,,,,,,,,,,,,,,,,,120x180,,,,,,,,,,,,,,,,,,,,,,,,91661,,,,,,,,,,,,,,,,,,,
44045,variation,56912411,,D-sign Rug 1D0843 Green - 160x230,1,0,hidden,,D-sign Rug 1D0843 Green 160x230 cm,,,taxable,parent,0,0,,0,0,,230,160,1.3,0,,,4804,,,,,,,56907646-H,,,,,,6,,,Size,160x230,,1,,,,,,,,,,,,,,,,,,,,,,,,,,,,,,,,,,,,,160x230,,,,,,,,,,,,1786456325,,,,,,,,,,,,91662,,,,,,,,,,,,,,,,,,,
44046,variation,56912410,,D-sign Rug 1D0843 Green - 200x300,1,0,hidden,,D-sign Rug 1D0843 Green 200x300 cm,,,taxable,parent,0,0,,0,0,,300,200,1.3,0,,,7628,,,,,,,56907646-H,,,,,,7,,,Size,200x300,,1,,,,,,,,,,,,,,,,,,,,,,,,,,,,,,,,,,,,,200x300,,,,,,,,,,,,1786456324,,,,,,,,,,,,91663,,,,,,,,,,,,,,,,,,,
44055,variable,56907663-H,,D-sign Rug 1D0715 Grey,1,0,hidden,D-sign Rug 1D0715 Grey,D-sign Rug 1D0715 Grey,,,taxable,,0,,,0,0,,,,,0,,,,"Rooms > Kids, Rugs > Kids, Rugs",,,"https://rugshop.eu/wp-content/uploads/2021/10/carpet-petit-unicorn-grey.jpg, https://rugshop.eu/wp-content/uploads/2021/10/carpet-petit-unicorn-grey-1.jpg, https://rugshop.eu/wp-content/uploads/2021/10/carpet-petit-unicorn-grey-2.jpg, https://rugshop.eu/wp-content/uploads/2021/10/carpet-petit-unicorn-grey-3.jpg",,,,,,,,,1138,,,Size,"120x170, 140x190, 160x220, 180x270, 200x290, 240x330, 80x150",1,1,Brand,D-sign,1,1,Color,Black-Grey,1,1,Type of color,Multicolor,1,1,Shape,Rectangular,1,1,Material,Polypropen,1,1,Type of rug,Modern,1,1,Weave,Machinemade,1,1,Country,Turkey,1,1,Age,New,1,1,,,,,default,default,default,default,,,,,1786456377,yes,yes,,,,,,,,,,,,,,,,,,,,,,,,,,,,,
44056,variable,56907656-H,,D-sign Rug 1D0711 Grey,1,0,hidden,D-sign Rug 1D0711 Grey,D-sign Rug 1D0711 Grey,,,taxable,,0,,,0,0,,,,,0,,,,"Rooms > Kids, Rugs > Kids, Rugs",,,"https://rugshop.eu/wp-content/uploads/2021/10/carpet-petit-pony-grey.jpg, https://rugshop.eu/wp-content/uploads/2021/10/carpet-petit-pony-grey-1.jpg, https://rugshop.eu/wp-content/uploads/2021/10/carpet-petit-pony-grey-2.jpg, https://rugshop.eu/wp-content/uploads/2021/10/carpet-petit-pony-grey-3.jpg",,,,,,,,,1134,,,Size,"120x170, 140x190, 160x220, 180x270, 200x290, 80x150",1,1,Brand,D-sign,1,1,Color,Black-Grey,1,1,Type of color,Multicolor,1,1,Shape,Rectangular,1,1,Material,Polypropen,1,1,Type of rug,Modern,1,1,Weave,Machinemade,1,1,Country,Turkey,1,1,Age,New,1,1,,,,,default,default,default,default,,,,,1786456371,yes,yes,,,,,,,,,,,,,,,,,,,,,,,,,,,,,
44066,variation,56907643,,D-sign Rug 1D0707 Grey - 80x150,1,0,hidden,,D-sign Rug 1D0707 Grey 80x150 cm,,,taxable,parent,0,0,,0,0,,150,80,1.3,0,,,1188,,,,,,,56907643-H,,,,,,1,,,Size,80x150,,1,,,,,,,,,,,,,,,,,,,,,,,,,,,,,,,,,,,,,80x150,,,,,,,,,,,,1786454053,,,,,,,,,,,,91715,,,,,,,,,,,,,,,,,,,
44067,variation,56907652,,D-sign Rug 1D0707 Grey - 120x170,1,0,hidden,,D-sign Rug 1D0707 Grey 120x170 cm,,,taxable,parent,0,0,,0,0,,170,120,1.3,0,,,1700,,,,,,,56907643-H,,,,,,2,,,Size,120x170,,1,,,,,,,,,,,,,,,,,,,,,,,,,,,,,,,,,,,,,120x170,,,,,,,,,,,,1786454055,,,,,,,,,,,,89264,,,,,,,,,,,,,,,,,,,
44068,variation,56907651,,D-sign Rug 1D0707 Grey - 140x190,1,0,hidden,,D-sign Rug 1D0707 Grey 140x190 cm,,,taxable,parent,0,0,,0,0,,190,140,1.3,0,,,2124,,,,,,,56907643-H,,,,,,3,,,Size,140x190,,1,,,,,,,,,,,,,,,,,,,,,,,,,,,,,,,,,,,,,140x190,,,,,,,,,,,,1786454055,,,,,,,,,,,,89265,,,,,,,,,,,,,,,,,,,
44069,variation,56907649,,D-sign Rug 1D0707 Grey - 160x220,1,0,hidden,,D-sign Rug 1D0707 Grey 160x220 cm,,,taxable,parent,0,0,,0,0,,220,160,1.3,0,,,2684,,,,,,,56907643-H,,,,,,4,,,Size,160x220,,1,,,,,,,,,,,,,,,,,,,,,,,,,,,,,,,,,,,,,160x220,,,,,,,,,,,,1786454054,,,,,,,,,,,,89266,,,,,,,,,,,,,,,,,,,
44070,variation,56907648,,D-sign Rug 1D0707 Grey - 180x270,1,0,hidden,,D-sign Rug 1D0707 Grey 180x270 cm,,,taxable,parent,0,0,,0,0,,270,180,1.3,0,,,3580,,,,,,,56907643-H,,,,,,5,,,Size,180x270,,1,,,,,,,,,,,,,,,,,,,,,,,,,,,,,,,,,,,,,180x270,,,,,,,,,,,,1786454054,,,,,,,,,,,,89267,,,,,,,,,,,,,,,,,,,
44071,variation,56907650,,D-sign Rug 1D0707 Grey - 200x290,1,0,hidden,,D-sign Rug 1D0707 Grey 200x290 cm,,,taxable,parent,0,0,,0,0,,290,200,1.3,0,,,4140,,,,,,,56907643-H,,,,,,6,,,Size,200x290,,1,,,,,,,,,,,,,,,,,,,,,,,,,,,,,,,,,,,,,200x290,,,,,,,,,,,,1786454055,,,,,,,,,,,,89268,,,,,,,,,,,,,,,,,,,
44072,variable,56907657-H,,D-sign Rug 1D0712 Pink,1,0,hidden,D-sign Rug 1D0712 Pink,D-sign Rug 1D0712 Pink,,,taxable,,0,,,0,0,,,,,0,,,,"Rooms > Kids, Rugs > Kids, Rugs",,,"https://rugshop.eu/wp-content/uploads/2021/10/carpet-petit-pony-pink.jpg, https://rugshop.eu/wp-content/uploads/2021/10/carpet-petit-pony-pink-1.jpg, https://rugshop.eu/wp-content/uploads/2021/10/carpet-petit-pony-pink-2.jpg, https://rugshop.eu/wp-content/uploads/2021/10/carpet-petit-pony-pink-3.jpg",,,,,,,,,1135,,,Size,"120x170, 140x190, 160x220, 180x270, 200x290, 80x150",1,1,Brand,D-sign,1,1,Color,Pink-Purple,1,1,Type of color,Multicolor,1,1,Shape,Rectangular,1,1,Material,Polypropen,1,1,Type of rug,Modern,1,1,Weave,Machinemade,1,1,Country,Turkey,1,1,Age,New,1,1,,,,,default,default,default,default,,,,,1786456369,yes,yes,,,,,,,,,,,,,,,,,,,,,,,,,,,,,
44073,variation,56907654,,D-sign Rug 1D0707 Grey - 240x330,1,0,hidden,,D-sign Rug 1D0707 Grey 240x330 cm,,,taxable,parent,0,0,,0,0,,330,240,1.3,0,,,5460,,,,,,,56907643-H,,,,,,7,,,Size,240x330,,1,,,,,,,,,,,,,,,,,,,,,,,,,,,,,,,,,,,,,240x330,,,,,,,,,,,,1786454055,,,,,,,,,,,,92449,,,,,,,,,,,,,,,,,,,
44079,variation,56907653,,D-sign Rug 1D0710 Grey - 80x150,1,0,hidden,,D-sign Rug 1D0710 Grey 80x150 cm,,,taxable,parent,0,0,,0,0,,150,80,1.3,0,,,1188,,,,,,,56907653-H,,,,,,1,,,Size,80x150,,1,,,,,,,,,,,,,,,,,,,,,,,,,,,,,,,,,,,,,80x150,,,,,,,,,,,,,,,,,,,,,,,,91716,,,,,,,,,,,,,,,,,,,
44080,variation,56912416,,D-sign Rug 1D0710 Grey - 120x170,1,0,hidden,,D-sign Rug 1D0710 Grey 120x170 cm,,,taxable,parent,0,0,,0,0,,170,120,1.3,0,,,1700,,,,,,,56907653-H,,,,,,2,,,Size,120x170,,1,,,,,,,,,,,,,,,,,,,,,,,,,,,,,,,,,,,,,120x170,,,,,,,,,,,,,,,,,,,,,,,,89284,,,,,,,,,,,,,,,,,,,
44081,variation,56912435,,D-sign Rug 1D0710 Grey - 140x190,1,0,hidden,,D-sign Rug 1D0710 Grey 140x190 cm,,,taxable,parent,0,0,,0,0,,190,140,1.3,0,,,2124,,,,,,,56907653-H,,,,,,3,,,Size,140x190,,1,,,,,,,,,,,,,,,,,,,,,,,,,,,,,,,,,,,,,140x190,,,,,,,,,,,,1786456357,,,,,,,,,,,,89285,,,,,,,,,,,,,,,,,,,
44082,variation,56912439,,D-sign Rug 1D0710 Grey - 160x220,1,0,hidden,,D-sign Rug 1D0710 Grey 160x220 cm,,,taxable,parent,0,0,,0,0,,220,160,1.3,0,,,2684,,,,,,,56907653-H,,,,,,4,,,Size,160x220,,1,,,,,,,,,,,,,,,,,,,,,,,,,,,,,,,,,,,,,160x220,,,,,,,,,,,,,,,,,,,,,,,,89286,,,,,,,,,,,,,,,,,,,
44083,variation,56907664,,D-sign Rug 1D0710 Grey - 180x270,1,0,hidden,,D-sign Rug 1D0710 Grey 180x270 cm,,,taxable,parent,0,0,,0,0,,270,180,1.3,0,,,3580,,,,,,,56907653-H,,,,,,5,,,Size,180x270,,1,,,,,,,,,,,,,,,,,,,,,,,,,,,,,,,,,,,,,180x270,,,,,,,,,,,,,,,,,,,,,,,,89287,,,,,,,,,,,,,,,,,,,
44084,variation,56907665,,D-sign Rug 1D0710 Grey - 200x290,1,0,hidden,,D-sign Rug 1D0710 Grey 200x290 cm,,,taxable,parent,0,0,,0,0,,290,200,1.3,0,,,4140,,,,,,,56907653-H,,,,,,6,,,Size,200x290,,1,,,,,,,,,,,,,,,,,,,,,,,,,,,,,,,,,,,,,200x290,,,,,,,,,,,,,,,,,,,,,,,,89288,,,,,,,,,,,,,,,,,,,
44085,variation,56907666,,D-sign Rug 1D0710 Grey - 240x330,1,0,hidden,,D-sign Rug 1D0710 Grey 240x330 cm,,,taxable,parent,0,0,,0,0,,330,240,1.3,0,,,5460,,,,,,,56907653-H,,,,,,7,,,Size,240x330,,1,,,,,,,,,,,,,,,,,,,,,,,,,,,,,,,,,,,,,240x330,,,,,,,,,,,,1786454057,,,,,,,,,,,,92456,,,,,,,,,,,,,,,,,,,
44091,variable,56907661-H,,D-sign Rug 1D0844 Beige,1,0,hidden,D-sign Rug 1D0844 Beige ,D-sign Rug 1D0844 Beige ,,,taxable,,0,,,0,0,,,,,1,,,,"Rooms > Entrance & Corridor, Rugs > Modern, Rugs",,,"https://rugshop.eu/wp-content/uploads/2021/10/carpet-acrylic-dizayn-8842-beige.jpg, https://rugshop.eu/wp-content/uploads/2021/10/carpet-acrylic-dizayn-8842-beige-1.jpg, https://rugshop.eu/wp-content/uploads/2021/10/carpet-acrylic-dizayn-8842-beige-2.jpg, https://rugshop.eu/wp-content/uploads/2021/10/carpet-acrylic-dizayn-8842-beige-3.jpg",,,,,,,,,1267,,,Size,"100x200, 100x300, 160x230, 200x300, 80x150, 80x300",1,1,Brand,D-sign,1,1,Color,White-Beige,1,1,Type of color,Multicolor,1,1,Shape,Runner,1,1,Material,Acrylic,1,1,Type of rug,Modern,1,1,Weave,Machinemade,1,1,Age,New,1,1,,,,,,,,,,,,,,,,,1786456380,yes,yes,,,,,,,,,,,,,,,,,,,,,,,,,,,,,
44092,variable,56907659-H,,D-sign Rug 1D0845 Green,1,0,hidden,D-sign Rug 1D0845 Green ,D-sign Rug 1D0845 Green ,,,taxable,,0,,,0,0,,,,,1,,,,"Rooms > Entrance & Corridor, Rugs > Modern, Rugs",,,"https://rugshop.eu/wp-content/uploads/2021/10/carpet-acrylic-dizayn-8842-green.jpg, https://rugshop.eu/wp-content/uploads/2021/10/carpet-acrylic-dizayn-8842-green-1.jpg, https://rugshop.eu/wp-content/uploads/2021/10/carpet-acrylic-dizayn-8842-green-2.jpg, https://rugshop.eu/wp-content/uploads/2021/10/carpet-acrylic-dizayn-8842-green-3.jpg",,,,,,,,,1268,,,Size,"100x200, 100x300, 120x180, 160x230, 200x300, 80x150, 80x300",1,1,Brand,D-sign,1,1,Color,Green,1,1,Type of color,Multicolor,1,1,Shape,Runner,1,1,Material,Acrylic,1,1,Type of rug,Modern,1,1,Weave,Machinemade,1,1,Age,New,1,1,,,,,,,,,,,,,,,,,1786456383,yes,yes,,,,,,,,,,,,,,,,,,,,,,,,,,,,,
44093,variation,56907663,,D-sign Rug 1D0715 Grey - 80x150,1,0,hidden,,D-sign Rug 1D0715 Grey 80x150 cm,,,taxable,parent,0,0,,0,0,,150,80,1.3,0,,,1188,,,,,,,56907663-H,,,,,,1,,,Size,80x150,,1,,,,,,,,,,,,,,,,,,,,,,,,,,,,,,,,,,,,,80x150,,,,,,,,,,,,1786454057,,,,,,,,,,,,91717,,,,,,,,,,,,,,,,,,,
44094,variation,56912458,,D-sign Rug 1D0715 Grey - 120x170,1,0,hidden,,D-sign Rug 1D0715 Grey 120x170 cm,,,taxable,parent,0,0,,0,0,,170,120,1.3,0,,,1700,,,,,,,56907663-H,,,,,,2,,,Size,120x170,,1,,,,,,,,,,,,,,,,,,,,,,,,,,,,,,,,,,,,,120x170,,,,,,,,,,,,,,,,,,,,,,,,89324,,,,,,,,,,,,,,,,,,,
44095,variation,56912478,,D-sign Rug 1D0715 Grey - 140x190,1,0,hidden,,D-sign Rug 1D0715 Grey 140x190 cm,,,taxable,parent,0,0,,0,0,,190,140,1.3,0,,,2124,,,,,,,56907663-H,,,,,,3,,,Size,140x190,,1,,,,,,,,,,,,,,,,,,,,,,,,,,,,,,,,,,,,,140x190,,,,,,,,,,,,,,,,,,,,,,,,89325,,,,,,,,,,,,,,,,,,,
44096,variation,56912456,,D-sign Rug 1D0715 Grey - 160x220,1,0,hidden,,D-sign Rug 1D0715 Grey 160x220 cm,,,taxable,parent,0,0,,0,0,,220,160,1.3,0,,,2684,,,,,,,56907663-H,,,,,,4,,,Size,160x220,,1,,,,,,,,,,,,,,,,,,,,,,,,,,,,,,,,,,,,,160x220,,,,,,,,,,,,1786456361,,,,,,,,,,,,89326,,,,,,,,,,,,,,,,,,,
44097,variation,56912457,,D-sign Rug 1D0715 Grey - 180x270,1,0,hidden,,D-sign Rug 1D0715 Grey 180x270 cm,,,taxable,parent,0,0,,0,0,,270,180,1.3,0,,,3580,,,,,,,56907663-H,,,,,,5,,,Size,180x270,,1,,,,,,,,,,,,,,,,,,,,,,,,,,,,,,,,,,,,,180x270,,,,,,,,,,,,1786456361,,,,,,,,,,,,89327,,,,,,,,,,,,,,,,,,,
44098,variation,56912450,,D-sign Rug 1D0715 Grey - 200x290,1,0,hidden,,D-sign Rug 1D0715 Grey 200x290 cm,,,taxable,parent,0,0,,0,0,,290,200,1.3,0,,,4140,,,,,,,56907663-H,,,,,,6,,,Size,200x290,,1,,,,,,,,,,,,,,,,,,,,,,,,,,,,,,,,,,,,,200x290,,,,,,,,,,,,1786456359,,,,,,,,,,,,89328,,,,,,,,,,,,,,,,,,,
44099,variation,56912481,,D-sign Rug 1D0715 Grey - 240x330,1,0,hidden,,D-sign Rug 1D0715 Grey 240x330 cm,,,taxable,parent,0,0,,0,0,,330,240,1.3,0,,,5460,,,,,,,56907663-H,,,,,,7,,,Size,240x330,,1,,,,,,,,,,,,,,,,,,,,,,,,,,,,,,,,,,,,,240x330,,,,,,,,,,,,,,,,,,,,,,,,92458,,,,,,,,,,,,,,,,,,,
44105,variation,56907656,,D-sign Rug 1D0711 Grey - 80x150,1,0,hidden,,D-sign Rug 1D0711 Grey 80x150 cm,,,taxable,parent,0,0,,0,0,,150,80,1.3,0,,,1188,,,,,,,56907656-H,,,,,,1,,,Size,80x150,,1,,,,,,,,,,,,,,,,,,,,,,,,,,,,,,,,,,,,,80x150,,,,,,,,,,,,1786454056,,,,,,,,,,,,91719,,,,,,,,,,,,,,,,,,,
44106,variation,56912437,,D-sign Rug 1D0711 Grey - 120x170,1,0,hidden,,D-sign Rug 1D0711 Grey 120x170 cm,,,taxable,parent,0,0,,0,0,,170,120,1.3,0,,,1700,,,,,,,56907656-H,,,,,,2,,,Size,120x170,,1,,,,,,,,,,,,,,,,,,,,,,,,,,,,,,,,,,,,,120x170,,,,,,,,,,,,1786456358,,,,,,,,,,,,89289,,,,,,,,,,,,,,,,,,,
44107,variation,56912432,,D-sign Rug 1D0711 Grey - 140x190,1,0,hidden,,D-sign Rug 1D0711 Grey 140x190 cm,,,taxable,parent,0,0,,0,0,,190,140,1.3,0,,,2124,,,,,,,56907656-H,,,,,,3,,,Size,140x190,,1,,,,,,,,,,,,,,,,,,,,,,,,,,,,,,,,,,,,,140x190,,,,,,,,,,,,1786456356,,,,,,,,,,,,89290,,,,,,,,,,,,,,,,,,,
44108,variation,56912433,,D-sign Rug 1D0711 Grey - 160x220,1,0,hidden,,D-sign Rug 1D0711 Grey 160x220 cm,,,taxable,parent,0,0,,0,0,,220,160,1.3,0,,,2684,,,,,,,56907656-H,,,,,,4,,,Size,160x220,,1,,,,,,,,,,,,,,,,,,,,,,,,,,,,,,,,,,,,,160x220,,,,,,,,,,,,1786456356,,,,,,,,,,,,89291,,,,,,,,,,,,,,,,,,,
44109,variation,56912436,,D-sign Rug 1D0711 Grey - 180x270,1,0,hidden,,D-sign Rug 1D0711 Grey 180x270 cm,,,taxable,parent,0,0,,0,0,,270,180,1.3,0,,,3580,,,,,,,56907656-H,,,,,,5,,,Size,180x270,,1,,,,,,,,,,,,,,,,,,,,,,,,,,,,,,,,,,,,,180x270,,,,,,,,,,,,1786456357,,,,,,,,,,,,89292,,,,,,,,,,,,,,,,,,,
44110,variation,56912431,,D-sign Rug 1D0711 Grey - 200x290,1,0,hidden,,D-sign Rug 1D0711 Grey 200x290 cm,,,taxable,parent,0,0,,0,0,,290,200,1.3,0,,,4140,,,,,,,56907656-H,,,,,,6,,,Size,200x290,,1,,,,,,,,,,,,,,,,,,,,,,,,,,,,,,,,,,,,,200x290,,,,,,,,,,,,1786456355,,,,,,,,,,,,89293,,,,,,,,,,,,,,,,,,,
44111,variable,56907673-H,,D-sign Rug 1D0846 Beige,1,0,hidden,D-sign Rug 1D0846 Beige ,D-sign Rug 1D0846 Beige ,,,taxable,,0,,,0,0,,,,,1,,,,"Rooms > Bedroom, Rooms > Living room, Rugs > Modern, Rugs",,,"https://rugshop.eu/wp-content/uploads/2021/10/carpet-acrylic-dizayn-8843-beige.jpg, https://rugshop.eu/wp-content/uploads/2021/10/carpet-acrylic-dizayn-8843-beige-1.jpg, https://rugshop.eu/wp-content/uploads/2021/10/carpet-acrylic-dizayn-8843-beige-2.jpg, https://rugshop.eu/wp-content/uploads/2021/10/carpet-acrylic-dizayn-8843-beige-3.jpg",,,,,,,,,1269,,,Size,"100x200, 100x300, 160x230, 200x300, 80x300",1,1,Brand,D-sign,1,1,Color,White-Beige,1,1,Type of color,Multicolor,1,1,Shape,Rectangular,1,1,Material,Acrylic,1,1,Type of rug,Modern,1,1,Weave,Machinemade,1,1,Age,New,1,1,,,,,,,,,,,,,,,,,1786456391,yes,yes,,,,,,,,,,,,,,,,,,,,,,,,,,,,,
44112,variable,56907680-H,,D-sign Rug 1D0847 Green,1,0,hidden,D-sign Rug 1D0847 Green ,D-sign Rug 1D0847 Green ,,,taxable,,0,,,0,0,,,,,1,,,,"Rooms > Entrance & Corridor, Rugs > Modern, Rugs",,,"https://rugshop.eu/wp-content/uploads/2021/10/carpet-acrylic-dizayn-8843-green.jpg, https://rugshop.eu/wp-content/uploads/2021/10/carpet-acrylic-dizayn-8843-green-1.jpg, https://rugshop.eu/wp-content/uploads/2021/10/carpet-acrylic-dizayn-8843-green-2.jpg, https://rugshop.eu/wp-content/uploads/2021/10/carpet-acrylic-dizayn-8843-green-3.jpg",,,,,,,,,1270,,,Size,"100x200, 100x300, 160x230, 200x300, 80x150, 80x300",1,1,Brand,D-sign,1,1,Color,Green,1,1,Type of color,Multicolor,1,1,Shape,Runner,1,1,Material,Acrylic,1,1,Type of rug,Modern,1,1,Weave,Machinemade,1,1,Age,New,1,1,,,,,,,,,,,,,,,,,1786456436,yes,yes,,,,,,,,,,,,,,,,,,,,,,,,,,,,,
44118,variation,56907657,,D-sign Rug 1D0712 Pink - 80x150,1,0,hidden,,D-sign Rug 1D0712 Pink 80x150 cm,,,taxable,parent,0,0,,0,0,,150,80,1.3,0,,,1188,,,,,,,56907657-H,,,,,,1,,,Size,80x150,,1,,,,,,,,,,,,,,,,,,,,,,,,,,,,,,,,,,,,,80x150,,,,,,,,,,,,,,,,,,,,,,,,91720,,,,,,,,,,,,,,,,,,,
44119,variation,56912434,,D-sign Rug 1D0712 Pink - 120x170,1,0,hidden,,D-sign Rug 1D0712 Pink 120x170 cm,,,taxable,parent,0,0,,0,0,,170,120,1.3,0,,,1700,,,,,,,56907657-H,,,,,,2,,,Size,120x170,,1,,,,,,,,,,,,,,,,,,,,,,,,,,,,,,,,,,,,,120x170,,,,,,,,,,,,,,,,,,,,,,,,89300,,,,,,,,,,,,,,,,,,,
44120,variation,56912430,,D-sign Rug 1D0712 Pink - 140x190,1,0,hidden,,D-sign Rug 1D0712 Pink 140x190 cm,,,taxable,parent,0,0,,0,0,,190,140,1.3,0,,,2124,,,,,,,56907657-H,,,,,,3,,,Size,140x190,,1,,,,,,,,,,,,,,,,,,,,,,,,,,,,,,,,,,,,,140x190,,,,,,,,,,,,1786456354,,,,,,,,,,,,89299,,,,,,,,,,,,,,,,,,,
44121,variation,56912438,,D-sign Rug 1D0712 Pink - 160x220,1,0,hidden,,D-sign Rug 1D0712 Pink 160x220 cm,,,taxable,parent,0,0,,0,0,,220,160,1.3,0,,,2684,,,,,,,56907657-H,,,,,,4,,,Size,160x220,,1,,,,,,,,,,,,,,,,,,,,,,,,,,,,,,,,,,,,,160x220,,,,,,,,,,,,,,,,,,,,,,,,89301,,,,,,,,,,,,,,,,,,,
44122,variation,56907662,,D-sign Rug 1D0712 Pink - 180x270,1,0,hidden,,D-sign Rug 1D0712 Pink 180x270 cm,,,taxable,parent,0,0,,0,0,,270,180,1.3,0,,,3580,,,,,,,56907657-H,,,,,,5,,,Size,180x270,,1,,,,,,,,,,,,,,,,,,,,,,,,,,,,,,,,,,,,,180x270,,,,,,,,,,,,,,,,,,,,,,,,89302,,,,,,,,,,,,,,,,,,,
44123,variation,56907660,,D-sign Rug 1D0712 Pink - 200x290,1,0,hidden,,D-sign Rug 1D0712 Pink 200x290 cm,,,taxable,parent,0,0,,0,0,,290,200,1.3,0,,,4140,,,,,,,56907657-H,,,,,,6,,,Size,200x290,,1,,,,,,,,,,,,,,,,,,,,,,,,,,,,,,,,,,,,,200x290,,,,,,,,,,,,,,,,,,,,,,,,89303,,,,,,,,,,,,,,,,,,,
44129,variation,56907661,,D-sign Rug 1D0844 Beige - 80x150,1,0,hidden,,D-sign Rug 1D0844 Beige 80x150 cm,,,taxable,parent,0,0,,0,0,,150,80,1.3,0,,,1844,,,,,,,56907661-H,,,,,,1,,,Size,80x150,,1,,,,,,,,,,,,,,,,,,,,,,,,,,,,,,,,,,,,,80x150,,,,,,,,,,,,,,,,,,,,,,,,91724,,,,,,,,,,,,,,,,,,,
44130,variation,56912449,,D-sign Rug 1D0844 Beige - 80x300,1,0,hidden,,D-sign Rug 1D0844 Beige 80x300 cm,,,taxable,parent,0,0,,0,0,,300,80,1.3,0,,,3260,,,,,,,56907661-H,,,,,,2,,,Size,80x300,,1,,,,,,,,,,,,,,,,,,,,,,,,,,,,,,,,,,,,,80x300,,,,,,,,,,,,,,,,,,,,,,,,91725,,,,,,,,,,,,,,,,,,,
44131,variation,56912451,,D-sign Rug 1D0844 Beige - 100x200,1,0,hidden,,D-sign Rug 1D0844 Beige 100x200 cm,,,taxable,parent,0,0,,0,0,,200,100,1.3,0,,,2788,,,,,,,56907661-H,,,,,,3,,,Size,100x200,,1,,,,,,,,,,,,,,,,,,,,,,,,,,,,,,,,,,,,,100x200,,,,,,,,,,,,1786456359,,,,,,,,,,,,91726,,,,,,,,,,,,,,,,,,,
44132,variation,56912455,,D-sign Rug 1D0844 Beige - 100x300,1,0,hidden,,D-sign Rug 1D0844 Beige 100x300 cm,,,taxable,parent,0,0,,0,0,,300,100,1.3,0,,,3964,,,,,,,56907661-H,,,,,,4,,,Size,100x300,,1,,,,,,,,,,,,,,,,,,,,,,,,,,,,,,,,,,,,,100x300,,,,,,,,,,,,,,,,,,,,,,,,91727,,,,,,,,,,,,,,,,,,,
44133,variation,56912452,,D-sign Rug 1D0844 Beige - 160x230,1,0,hidden,,D-sign Rug 1D0844 Beige 160x230 cm,,,taxable,parent,0,0,,0,0,,230,160,1.3,0,,,4804,,,,,,,56907661-H,,,,,,5,,,Size,160x230,,1,,,,,,,,,,,,,,,,,,,,,,,,,,,,,,,,,,,,,160x230,,,,,,,,,,,,,,,,,,,,,,,,91723,,,,,,,,,,,,,,,,,,,
44134,variation,56912454,,D-sign Rug 1D0844 Beige - 200x300,1,0,hidden,,D-sign Rug 1D0844 Beige 200x300 cm,,,taxable,parent,0,0,,0,0,,300,200,1.3,0,,,7628,,,,,,,56907661-H,,,,,,6,,,Size,200x300,,1,,,,,,,,,,,,,,,,,,,,,,,,,,,,,,,,,,,,,200x300,,,,,,,,,,,,,,,,,,,,,,,,91728,,,,,,,,,,,,,,,,,,,
44140,variable,56907681-H,,D-sign Rug 1D0848 Grey,1,0,hidden,D-sign Rug 1D0848 Grey ,D-sign Rug 1D0848 Grey ,,,taxable,,0,,,0,0,,,,,1,,,,"Rooms > Entrance & Corridor, Rugs > Modern, Rugs",,,"https://rugshop.eu/wp-content/uploads/2021/10/carpet-acrylic-dizayn-8844-grey.jpg, https://rugshop.eu/wp-content/uploads/2021/10/carpet-acrylic-dizayn-8844-grey-1.jpg, https://rugshop.eu/wp-content/uploads/2021/10/carpet-acrylic-dizayn-8844-grey-2.jpg, https://rugshop.eu/wp-content/uploads/2021/10/carpet-acrylic-dizayn-8844-grey-3.jpg",,,,,,,,,1271,,,Size,"100x200, 120x180, 160x230, 80x150, 80x300",1,1,Brand,D-sign,1,1,Color,Black-Grey,1,1,Type of color,Multicolor,1,1,Shape,Runner,1,1,Material,Acrylic,1,1,Type of rug,Modern,1,1,Weave,Machinemade,1,1,Age,New,1,1,,,,,,,,,,,,,,,,,1786456403,yes,yes,,,,,,,,,,,,,,,,,,,,,,,,,,,,,
44142,variable,56907676-H,,D-sign Rug 1D0851 Beige,1,0,hidden,D-sign Rug 1D0851 Beige ,D-sign Rug 1D0851 Beige ,,,taxable,,0,,,0,0,,,,,1,,,,"Rooms > Bedroom, Rooms > Living room, Rugs > Modern, Rugs > Persian, Rugs",,,"https://rugshop.eu/wp-content/uploads/2021/10/carpet-acrylic-dizayn-oval-142-ivory-pink.jpg, https://rugshop.eu/wp-content/uploads/2021/10/carpet-acrylic-dizayn-oval-142-ivory-pink-1.jpg, https://rugshop.eu/wp-content/uploads/2021/10/carpet-acrylic-dizayn-oval-142-ivory-pink-2.jpg, https://rugshop.eu/wp-content/uploads/2021/10/carpet-acrylic-dizayn-oval-142-ivory-pink-3.jpg",,,,,,,,,1274,,,Size,"160x230, 200x300, 80x150, 80x300",1,1,Brand,D-sign,1,1,Color,White-Beige,1,1,Type of color,Multicolor,1,1,Shape,Other,1,1,Material,Acrylic,1,1,Type of rug,"Modern, Persian",1,1,Weave,Machinemade,1,1,Age,New,1,1,,,,,,,,,,,,,,,,,1786454078,yes,yes,,,,,,,,,,,,,,,,,,,,,,,,,,,,,
44143,variation,56907659,,D-sign Rug 1D0845 Green - 80x150,1,0,hidden,,D-sign Rug 1D0845 Green 80x150 cm,,,taxable,parent,0,0,,0,0,,150,80,1.3,0,,,1844,,,,,,,56907659-H,,,,,,1,,,Size,80x150,,1,,,,,,,,,,,,,,,,,,,,,,,,,,,,,,,,,,,,,80x150,,,,,,,,,,,,1786454056,,,,,,,,,,,,91729,,,,,,,,,,,,,,,,,,,
44144,variation,56912453,,D-sign Rug 1D0845 Green - 80x300,1,0,hidden,,D-sign Rug 1D0845 Green 80x300 cm,,,taxable,parent,0,0,,0,0,,300,80,1.3,0,,,3260,,,,,,,56907659-H,,,,,,2,,,Size,80x300,,1,,,,,,,,,,,,,,,,,,,,,,,,,,,,,,,,,,,,,80x300,,,,,,,,,,,,1786456360,,,,,,,,,,,,91730,,,,,,,,,,,,,,,,,,,
44145,variation,56907670,,D-sign Rug 1D0845 Green - 100x200,1,0,hidden,,D-sign Rug 1D0845 Green 100x200 cm,,,taxable,parent,0,0,,0,0,,200,100,1.3,0,,,2788,,,,,,,56907659-H,,,,,,3,,,Size,100x200,,1,,,,,,,,,,,,,,,,,,,,,,,,,,,,,,,,,,,,,100x200,,,,,,,,,,,,1786454058,,,,,,,,,,,,91731,,,,,,,,,,,,,,,,,,,
44146,variation,56907672,,D-sign Rug 1D0845 Green - 100x300,1,0,hidden,,D-sign Rug 1D0845 Green 100x300 cm,,,taxable,parent,0,0,,0,0,,300,100,1.3,0,,,3964,,,,,,,56907659-H,,,,,,4,,,Size,100x300,,1,,,,,,,,,,,,,,,,,,,,,,,,,,,,,,,,,,,,,100x300,,,,,,,,,,,,1786454059,,,,,,,,,,,,91732,,,,,,,,,,,,,,,,,,,
44147,variation,56907674,,D-sign Rug 1D0845 Green - 120x180,1,0,hidden,,D-sign Rug 1D0845 Green 120x180 cm,,,taxable,parent,0,0,,0,0,,180,120,1.3,0,,,2972,,,,,,,56907659-H,,,,,,5,,,Size,120x180,,1,,,,,,,,,,,,,,,,,,,,,,,,,,,,,,,,,,,,,120x180,,,,,,,,,,,,1786454059,,,,,,,,,,,,91733,,,,,,,,,,,,,,,,,,,
44148,variation,56907671,,D-sign Rug 1D0845 Green - 160x230,1,0,hidden,,D-sign Rug 1D0845 Green 160x230 cm,,,taxable,parent,0,0,,0,0,,230,160,1.3,0,,,4804,,,,,,,56907659-H,,,,,,6,,,Size,160x230,,1,,,,,,,,,,,,,,,,,,,,,,,,,,,,,,,,,,,,,160x230,,,,,,,,,,,,1786454058,,,,,,,,,,,,91734,,,,,,,,,,,,,,,,,,,
44149,variation,56907668,,D-sign Rug 1D0845 Green - 200x300,1,0,hidden,,D-sign Rug 1D0845 Green 200x300 cm,,,taxable,parent,0,0,,0,0,,300,200,1.3,0,,,7628,,,,,,,56907659-H,,,,,,7,,,Size,200x300,,1,,,,,,,,,,,,,,,,,,,,,,,,,,,,,,,,,,,,,200x300,,,,,,,,,,,,1786454058,,,,,,,,,,,,91735,,,,,,,,,,,,,,,,,,,
44155,variation,56907673,,D-sign Rug 1D0846 Beige - 80x300,1,0,hidden,,D-sign Rug 1D0846 Beige 80x300 cm,,,taxable,parent,0,0,,0,0,,300,80,1.3,0,,,3260,,,,,,,56907673-H,,,,,,1,,,Size,80x300,,1,,,,,,,,,,,,,,,,,,,,,,,,,,,,,,,,,,,,,80x300,,,,,,,,,,,,,,,,,,,,,,,,91738,,,,,,,,,,,,,,,,,,,
44156,variation,56912483,,D-sign Rug 1D0846 Beige - 100x200,1,0,hidden,,D-sign Rug 1D0846 Beige 100x200 cm,,,taxable,parent,0,0,,0,0,,200,100,1.3,0,,,2788,,,,,,,56907673-H,,,,,,2,,,Size,100x200,,1,,,,,,,,,,,,,,,,,,,,,,,,,,,,,,,,,,,,,100x200,,,,,,,,,,,,1786456364,,,,,,,,,,,,91739,,,,,,,,,,,,,,,,,,,
44157,variation,56912480,,D-sign Rug 1D0846 Beige - 100x300,1,0,hidden,,D-sign Rug 1D0846 Beige 100x300 cm,,,taxable,parent,0,0,,0,0,,300,100,1.3,0,,,3964,,,,,,,56907673-H,,,,,,3,,,Size,100x300,,1,,,,,,,,,,,,,,,,,,,,,,,,,,,,,,,,,,,,,100x300,,,,,,,,,,,,,,,,,,,,,,,,91740,,,,,,,,,,,,,,,,,,,
44158,variation,56912476,,D-sign Rug 1D0846 Beige - 160x230,1,0,hidden,,D-sign Rug 1D0846 Beige 160x230 cm,,,taxable,parent,0,0,,0,0,,230,160,1.3,0,,,4804,,,,,,,56907673-H,,,,,,4,,,Size,160x230,,1,,,,,,,,,,,,,,,,,,,,,,,,,,,,,,,,,,,,,160x230,,,,,,,,,,,,,,,,,,,,,,,,91736,,,,,,,,,,,,,,,,,,,
44159,variation,56912485,,D-sign Rug 1D0846 Beige - 200x300,1,0,hidden,,D-sign Rug 1D0846 Beige 200x300 cm,,,taxable,parent,0,0,,0,0,,300,200,1.3,0,,,7628,,,,,,,56907673-H,,,,,,5,,,Size,200x300,,1,,,,,,,,,,,,,,,,,,,,,,,,,,,,,,,,,,,,,200x300,,,,,,,,,,,,,,,,,,,,,,,,91741,,,,,,,,,,,,,,,,,,,
44167,variation,56907680,,D-sign Rug 1D0847 Green - 80x150,1,0,hidden,,D-sign Rug 1D0847 Green 80x150 cm,,,taxable,parent,0,0,,0,0,,150,80,1.3,0,,,1844,,,,,,,56907680-H,,,,,,1,,,Size,80x150,,1,,,,,,,,,,,,,,,,,,,,,,,,,,,,,,,,,,,,,80x150,,,,,,,,,,,,1786455398,,,,,,,,,,,,91742,,,,,,,,,,,,,,,,,,,
44168,variation,56912511,,D-sign Rug 1D0847 Green - 80x300,1,0,hidden,,D-sign Rug 1D0847 Green 80x300 cm,,,taxable,parent,0,0,,0,0,,300,80,1.3,0,,,3260,,,,,,,56907680-H,,,,,,2,,,Size,80x300,,1,,,,,,,,,,,,,,,,,,,,,,,,,,,,,,,,,,,,,80x300,,,,,,,,,,,,1786456412,,,,,,,,,,,,91743,,,,,,,,,,,,,,,,,,,
44169,variation,56912508,,D-sign Rug 1D0847 Green - 100x200,1,0,hidden,,D-sign Rug 1D0847 Green 100x200 cm,,,taxable,parent,0,0,,0,0,,200,100,1.3,0,,,2788,,,,,,,56907680-H,,,,,,3,,,Size,100x200,,1,,,,,,,,,,,,,,,,,,,,,,,,,,,,,,,,,,,,,100x200,,,,,,,,,,,,1786456367,,,,,,,,,,,,91744,,,,,,,,,,,,,,,,,,,
44170,variation,56912515,,D-sign Rug 1D0847 Green - 100x300,1,0,hidden,,D-sign Rug 1D0847 Green 100x300 cm,,,taxable,parent,0,0,,0,0,,300,100,1.3,0,,,3964,,,,,,,56907680-H,,,,,,4,,,Size,100x300,,1,,,,,,,,,,,,,,,,,,,,,,,,,,,,,,,,,,,,,100x300,,,,,,,,,,,,1786456414,,,,,,,,,,,,91745,,,,,,,,,,,,,,,,,,,
44171,variation,56912512,,D-sign Rug 1D0847 Green - 160x230,1,0,hidden,,D-sign Rug 1D0847 Green 160x230 cm,,,taxable,parent,0,0,,0,0,,230,160,1.3,0,,,4804,,,,,,,56907680-H,,,,,,5,,,Size,160x230,,1,,,,,,,,,,,,,,,,,,,,,,,,,,,,,,,,,,,,,160x230,,,,,,,,,,,,1786456413,,,,,,,,,,,,91747,,,,,,,,,,,,,,,,,,,
44172,variation,56912513,,D-sign Rug 1D0847 Green - 200x300,1,0,hidden,,D-sign Rug 1D0847 Green 200x300 cm,,,taxable,parent,0,0,,0,0,,300,200,1.3,0,,,7628,,,,,,,56907680-H,,,,,,6,,,Size,200x300,,1,,,,,,,,,,,,,,,,,,,,,,,,,,,,,,,,,,,,,200x300,,,,,,,,,,,,1786456414,,,,,,,,,,,,91748,,,,,,,,,,,,,,,,,,,
44178,variation,56907681,,D-sign Rug 1D0848 Grey - 80x150,1,0,hidden,,D-sign Rug 1D0848 Grey 80x150 cm,,,taxable,parent,0,0,,0,0,,150,80,1.3,0,,,1844,,,,,,,56907681-H,,,,,,1,,,Size,80x150,,1,,,,,,,,,,,,,,,,,,,,,,,,,,,,,,,,,,,,,80x150,,,,,,,,,,,,,,,,,,,,,,,,91756,,,,,,,,,,,,,,,,,,,
44179,variation,56912507,,D-sign Rug 1D0848 Grey - 80x300,1,0,hidden,,D-sign Rug 1D0848 Grey 80x300 cm,,,taxable,parent,0,0,,0,0,,300,80,1.3,0,,,3260,,,,,,,56907681-H,,,,,,2,,,Size,80x300,,1,,,,,,,,,,,,,,,,,,,,,,,,,,,,,,,,,,,,,80x300,,,,,,,,,,,,1786456367,,,,,,,,,,,,91757,,,,,,,,,,,,,,,,,,,
44180,variation,56912506,,D-sign Rug 1D0848 Grey - 100x200,1,0,hidden,,D-sign Rug 1D0848 Grey 100x200 cm,,,taxable,parent,0,0,,0,0,,200,100,1.3,0,,,2788,,,,,,,56907681-H,,,,,,3,,,Size,100x200,,1,,,,,,,,,,,,,,,,,,,,,,,,,,,,,,,,,,,,,100x200,,,,,,,,,,,,,,,,,,,,,,,,91758,,,,,,,,,,,,,,,,,,,
44181,variation,56912514,,D-sign Rug 1D0848 Grey - 120x180,1,0,hidden,,D-sign Rug 1D0848 Grey 120x180 cm,,,taxable,parent,0,0,,0,0,,180,120,1.3,0,,,2972,,,,,,,56907681-H,,,,,,4,,,Size,120x180,,1,,,,,,,,,,,,,,,,,,,,,,,,,,,,,,,,,,,,,120x180,,,,,,,,,,,,,,,,,,,,,,,,91759,,,,,,,,,,,,,,,,,,,
44182,variation,56912477,,D-sign Rug 1D0848 Grey - 160x230,1,0,hidden,,D-sign Rug 1D0848 Grey 160x230 cm,,,taxable,parent,0,0,,0,0,,230,160,1.3,0,,,4804,,,,,,,56907681-H,,,,,,5,,,Size,160x230,,1,,,,,,,,,,,,,,,,,,,,,,,,,,,,,,,,,,,,,160x230,,,,,,,,,,,,,,,,,,,,,,,,91760,,,,,,,,,,,,,,,,,,,
44189,variable,56907697-H,,D-sign Rug 1D0855 Pink,1,0,hidden,D-sign Rug 1D0855 Pink ,D-sign Rug 1D0855 Pink ,,,taxable,,0,,,0,0,,,,,1,,,,"Rooms > Bedroom, Rooms > Living room, Rugs > Modern, Rugs > Persian, Rugs",,,"https://rugshop.eu/wp-content/uploads/2021/10/carpet-acrylic-uskup-352-ornament-pink.jpg, https://rugshop.eu/wp-content/uploads/2021/10/carpet-acrylic-uskup-352-ornament-pink-1.jpg, https://rugshop.eu/wp-content/uploads/2021/10/carpet-acrylic-uskup-352-ornament-pink-2.jpg, https://rugshop.eu/wp-content/uploads/2021/10/carpet-acrylic-uskup-352-ornament-pink-3.jpg",,,,,,,,,1278,,,Size,"100x200, 100x300, 120x180, 160x230, 200x300, 80x300",1,1,Brand,D-sign,1,1,Color,Pink-Purple,1,1,Type of color,Multicolor,1,1,Shape,Rectangular,1,1,Material,Acrylic,1,1,Type of rug,"Modern, Persian",1,1,Weave,Machinemade,1,1,Age,New,1,1,,,,,,,,,,,,,,,,,1786456460,yes,yes,,,,,,,,,,,,,,,,,,,,,,,,,,,,,
44190,variable,56907696-H,,D-sign Rug 1D0856 Beige,1,0,hidden,D-sign Rug 1D0856 Beige ,D-sign Rug 1D0856 Beige ,,,taxable,,0,,,0,0,,,,,1,,,,"Rooms > Entrance & Corridor, Rugs > Modern, Rugs",,,"https://rugshop.eu/wp-content/uploads/2021/10/carpet-acrylic-uskup-abstraction-353-ivory-yellow.jpg, https://rugshop.eu/wp-content/uploads/2021/10/carpet-acrylic-uskup-abstraction-353-ivory-yellow-1.jpg, https://rugshop.eu/wp-content/uploads/2021/10/carpet-acrylic-uskup-abstraction-353-ivory-yellow-2.jpg, https://rugshop.eu/wp-content/uploads/2021/10/carpet-acrylic-uskup-abstraction-353-ivory-yellow-3.jpg",,,,,,,,,1279,,,Size,"100x200, 100x300, 120x180, 160x230, 200x300, 80x150, 80x300",1,1,Brand,D-sign,1,1,Color,White-Beige,1,1,Type of color,Multicolor,1,1,Shape,Runner,1,1,Material,Acrylic,1,1,Type of rug,Modern,1,1,Weave,Machinemade,1,1,Age,New,1,1,,,,,,,,,,,,,,,,,1786456457,yes,yes,,,,,,,,,,,,,,,,,,,,,,,,,,,,,
44198,variation,56907676,,D-sign Rug 1D0851 Beige - 80x300,1,0,hidden,,D-sign Rug 1D0851 Beige 80x300 cm,,,taxable,parent,0,0,,0,0,,300,80,1.3,0,,,3260,,,,,,,56907676-H,,,,,,1,,,Size,80x300,,1,,,,,,,,,,,,,,,,,,,,,,,,,,,,,,,,,,,,,80x300,,,,,,,,,,,,1786454059,,,,,,,,,,,,91772,,,,,,,,,,,,,,,,,,,
44199,variation,56912479,,D-sign Rug 1D0851 Beige - 80x150,1,0,hidden,,D-sign Rug 1D0851 Beige 80x150 cm,,,taxable,parent,0,0,,0,0,,150,80,1.3,0,,,1844,,,,,,,56907676-H,,,,,,2,,,Size,80x150,,1,,,,,,,,,,,,,,,,,,,,,,,,,,,,,,,,,,,,,80x150,,,,,,,,,,,,,,,,,,,,,,,,91773,,,,,,,,,,,,,,,,,,,
44200,variation,56912493,,D-sign Rug 1D0851 Beige - 160x230,1,0,hidden,,D-sign Rug 1D0851 Beige 160x230 cm,,,taxable,parent,0,0,,0,0,,230,160,1.3,0,,,4804,,,,,,,56907676-H,,,,,,3,,,Size,160x230,,1,,,,,,,,,,,,,,,,,,,,,,,,,,,,,,,,,,,,,160x230,,,,,,,,,,,,,,,,,,,,,,,,91774,,,,,,,,,,,,,,,,,,,
44201,variation,56912484,,D-sign Rug 1D0851 Beige - 200x300,1,0,hidden,,D-sign Rug 1D0851 Beige 200x300 cm,,,taxable,parent,0,0,,0,0,,300,200,1.3,0,,,7628,,,,,,,56907676-H,,,,,,4,,,Size,200x300,,1,,,,,,,,,,,,,,,,,,,,,,,,,,,,,,,,,,,,,200x300,,,,,,,,,,,,,,,,,,,,,,,,91775,,,,,,,,,,,,,,,,,,,
44207,variable,56907694-H,,D-sign Rug 1D0857 Beige,1,0,hidden,D-sign Rug 1D0857 Beige ,D-sign Rug 1D0857 Beige ,,,taxable,,0,,,0,0,,,,,1,,,,"Rooms > Bedroom, Rooms > Living room, Rugs > Modern, Rugs",,,"https://rugshop.eu/wp-content/uploads/2021/10/carpet-acrylic-uskup-354-5052-ivory-green.jpg, https://rugshop.eu/wp-content/uploads/2021/10/carpet-acrylic-uskup-354-5052-ivory-green-1.jpg, https://rugshop.eu/wp-content/uploads/2021/10/carpet-acrylic-uskup-354-5052-ivory-green-2.jpg, https://rugshop.eu/wp-content/uploads/2021/10/carpet-acrylic-uskup-354-5052-ivory-green-3.jpg",,,,,,,,,1280,,,Size,"160x230, 80x300",1,1,Brand,D-sign,1,1,Color,White-Beige,1,1,Type of color,Multicolor,1,1,Shape,Rectangular,1,1,Material,Acrylic,1,1,Type of rug,Modern,1,1,Weave,Machinemade,1,1,Age,New,1,1,,,,,,,,,,,,,,,,,1786455408,yes,yes,,,,,,,,,,,,,,,,,,,,,,,,,,,,,
44237,variation,56907697,,D-sign Rug 1D0855 Pink - 80x300,1,0,hidden,,D-sign Rug 1D0855 Pink 80x300 cm,,,taxable,parent,0,0,,0,0,,300,80,1.3,0,,,3540,,,,,,,56907697-H,,,,,,1,,,Size,80x300,,1,,,,,,,,,,,,,,,,,,,,,,,,,,,,,,,,,,,,,80x300,,,,,,,,,,,,,,,,,,,,,,,,91822,,,,,,,,,,,,,,,,,,,
44238,variation,56912536,,D-sign Rug 1D0855 Pink - 100x200,1,0,hidden,,D-sign Rug 1D0855 Pink 100x200 cm,,,taxable,parent,0,0,,0,0,,200,100,1.3,0,,,2972,,,,,,,56907697-H,,,,,,2,,,Size,100x200,,1,,,,,,,,,,,,,,,,,,,,,,,,,,,,,,,,,,,,,100x200,,,,,,,,,,,,,,,,,,,,,,,,91823,,,,,,,,,,,,,,,,,,,
44239,variation,56912563,,D-sign Rug 1D0855 Pink - 100x300,1,0,hidden,,D-sign Rug 1D0855 Pink 100x300 cm,,,taxable,parent,0,0,,0,0,,300,100,1.3,0,,,4292,,,,,,,56907697-H,,,,,,3,,,Size,100x300,,1,,,,,,,,,,,,,,,,,,,,,,,,,,,,,,,,,,,,,100x300,,,,,,,,,,,,,,,,,,,,,,,,91824,,,,,,,,,,,,,,,,,,,
44240,variation,56912567,,D-sign Rug 1D0855 Pink - 120x180,1,0,hidden,,D-sign Rug 1D0855 Pink 120x180 cm,,,taxable,parent,0,0,,0,0,,180,120,1.3,0,,,3212,,,,,,,56907697-H,,,,,,4,,,Size,120x180,,1,,,,,,,,,,,,,,,,,,,,,,,,,,,,,,,,,,,,,120x180,,,,,,,,,,,,,,,,,,,,,,,,91825,,,,,,,,,,,,,,,,,,,
44241,variation,56912570,,D-sign Rug 1D0855 Pink - 160x230,1,0,hidden,,D-sign Rug 1D0855 Pink 160x230 cm,,,taxable,parent,0,0,,0,0,,230,160,1.3,0,,,5276,,,,,,,56907697-H,,,,,,5,,,Size,160x230,,1,,,,,,,,,,,,,,,,,,,,,,,,,,,,,,,,,,,,,160x230,,,,,,,,,,,,,,,,,,,,,,,,91826,,,,,,,,,,,,,,,,,,,
44242,variation,56912542,,D-sign Rug 1D0855 Pink - 200x300,1,0,hidden,,D-sign Rug 1D0855 Pink 200x300 cm,,,taxable,parent,0,0,,0,0,,300,200,1.3,0,,,8284,,,,,,,56907697-H,,,,,,6,,,Size,200x300,,1,,,,,,,,,,,,,,,,,,,,,,,,,,,,,,,,,,,,,200x300,,,,,,,,,,,,1786456423,,,,,,,,,,,,91827,,,,,,,,,,,,,,,,,,,
44248,variable,56907701-H,,D-sign Rug 1D0860 Beige,1,0,hidden,D-sign Rug 1D0860 Beige ,D-sign Rug 1D0860 Beige ,,,taxable,,0,,,0,0,,,,,1,,,,"Rooms > Bedroom, Rooms > Living room, Rugs > Modern, Rugs",,,"https://rugshop.eu/wp-content/uploads/2021/10/carpet-acrylic-uskup-geometric-9481-beige.jpg, https://rugshop.eu/wp-content/uploads/2021/10/carpet-acrylic-uskup-geometric-9481-beige-1.jpg, https://rugshop.eu/wp-content/uploads/2021/10/carpet-acrylic-uskup-geometric-9481-beige-2.jpg, https://rugshop.eu/wp-content/uploads/2021/10/carpet-acrylic-uskup-geometric-9481-beige-3.jpg",,,,,,,,,1283,,,Size,"100x200, 100x300, 120x180, 160x230, 80x300",1,1,Brand,D-sign,1,1,Color,White-Beige,1,1,Type of color,Multicolor,1,1,Shape,Rectangular,1,1,Material,Acrylic,1,1,Type of rug,Modern,1,1,Weave,Machinemade,1,1,Age,New,1,1,,,,,,,,,,,,,,,,,1786455411,yes,yes,,,,,,,,,,,,,,,,,,,,,,,,,,,,,
44250,variation,56907696,,D-sign Rug 1D0856 Beige - 80x150,1,0,hidden,,D-sign Rug 1D0856 Beige 80x150 cm,,,taxable,parent,0,0,,0,0,,150,80,1.3,0,,,1940,,,,,,,56907696-H,,,,,,1,,,Size,80x150,,1,,,,,,,,,,,,,,,,,,,,,,,,,,,,,,,,,,,,,80x150,,,,,,,,,,,,,,,,,,,,,,,,91834,,,,,,,,,,,,,,,,,,,
44251,variation,56912565,,D-sign Rug 1D0856 Beige - 80x300,1,0,hidden,,D-sign Rug 1D0856 Beige 80x300 cm,,,taxable,parent,0,0,,0,0,,300,80,1.3,0,,,3540,,,,,,,56907696-H,,,,,,2,,,Size,80x300,,1,,,,,,,,,,,,,,,,,,,,,,,,,,,,,,,,,,,,,80x300,,,,,,,,,,,,1786456427,,,,,,,,,,,,91835,,,,,,,,,,,,,,,,,,,
44252,variation,56912564,,D-sign Rug 1D0856 Beige - 100x200,1,0,hidden,,D-sign Rug 1D0856 Beige 100x200 cm,,,taxable,parent,0,0,,0,0,,200,100,1.3,0,,,2972,,,,,,,56907696-H,,,,,,3,,,Size,100x200,,1,,,,,,,,,,,,,,,,,,,,,,,,,,,,,,,,,,,,,100x200,,,,,,,,,,,,,,,,,,,,,,,,91836,,,,,,,,,,,,,,,,,,,
44253,variation,56912571,,D-sign Rug 1D0856 Beige - 100x300,1,0,hidden,,D-sign Rug 1D0856 Beige 100x300 cm,,,taxable,parent,0,0,,0,0,,300,100,1.3,0,,,4292,,,,,,,56907696-H,,,,,,4,,,Size,100x300,,1,,,,,,,,,,,,,,,,,,,,,,,,,,,,,,,,,,,,,100x300,,,,,,,,,,,,,,,,,,,,,,,,91837,,,,,,,,,,,,,,,,,,,
44254,variation,56912535,,D-sign Rug 1D0856 Beige - 120x180,1,0,hidden,,D-sign Rug 1D0856 Beige 120x180 cm,,,taxable,parent,0,0,,0,0,,180,120,1.3,0,,,3212,,,,,,,56907696-H,,,,,,5,,,Size,120x180,,1,,,,,,,,,,,,,,,,,,,,,,,,,,,,,,,,,,,,,120x180,,,,,,,,,,,,,,,,,,,,,,,,91838,,,,,,,,,,,,,,,,,,,
44255,variation,56912538,,D-sign Rug 1D0856 Beige - 160x230,1,0,hidden,,D-sign Rug 1D0856 Beige 160x230 cm,,,taxable,parent,0,0,,0,0,,230,160,1.3,0,,,5276,,,,,,,56907696-H,,,,,,6,,,Size,160x230,,1,,,,,,,,,,,,,,,,,,,,,,,,,,,,,,,,,,,,,160x230,,,,,,,,,,,,1786456423,,,,,,,,,,,,91839,,,,,,,,,,,,,,,,,,,
44256,variation,56912541,,D-sign Rug 1D0856 Beige - 200x300,1,0,hidden,,D-sign Rug 1D0856 Beige 200x300 cm,,,taxable,parent,0,0,,0,0,,300,200,1.3,0,,,8284,,,,,,,56907696-H,,,,,,7,,,Size,200x300,,1,,,,,,,,,,,,,,,,,,,,,,,,,,,,,,,,,,,,,200x300,,,,,,,,,,,,,,,,,,,,,,,,91840,,,,,,,,,,,,,,,,,,,
44262,variation,56907694,,D-sign Rug 1D0857 Beige - 80x300,1,0,hidden,,D-sign Rug 1D0857 Beige 80x300 cm,,,taxable,parent,0,0,,0,0,,300,80,1.3,0,,,3540,,,,,,,56907694-H,,,,,,1,,,Size,80x300,,1,,,,,,,,,,,,,,,,,,,,,,,,,,,,,,,,,,,,,80x300,,,,,,,,,,,,1786455399,,,,,,,,,,,,91842,,,,,,,,,,,,,,,,,,,
44263,variation,56912543,,D-sign Rug 1D0857 Beige - 160x230,1,0,hidden,,D-sign Rug 1D0857 Beige 160x230 cm,,,taxable,parent,0,0,,0,0,,230,160,1.3,0,,,5276,,,,,,,56907694-H,,,,,,2,,,Size,160x230,,1,,,,,,,,,,,,,,,,,,,,,,,,,,,,,,,,,,,,,160x230,,,,,,,,,,,,,,,,,,,,,,,,91846,,,,,,,,,,,,,,,,,,,
44269,variable,56907707-H,,D-sign Rug 1D0862 Green,1,0,hidden,D-sign Rug 1D0862 Green ,D-sign Rug 1D0862 Green ,,,taxable,,0,,,0,0,,,,,1,,,,"Rooms > Entrance & Corridor, Rugs > Modern, Rugs",,,"https://rugshop.eu/wp-content/uploads/2021/10/carpet-acrylic-uskup-9483-green.jpg, https://rugshop.eu/wp-content/uploads/2021/10/carpet-acrylic-uskup-9483-green-1.jpg, https://rugshop.eu/wp-content/uploads/2021/10/carpet-acrylic-uskup-9483-green-2.jpg, https://rugshop.eu/wp-content/uploads/2021/10/carpet-acrylic-uskup-9483-green-3.jpg",,,,,,,,,1285,,,Size,"100x200, 100x300, 160x230, 80x150, 80x300",1,1,Brand,D-sign,1,1,Color,Green,1,1,Type of color,Multicolor,1,1,Shape,Runner,1,1,Material,Acrylic,1,1,Type of rug,Modern,1,1,Weave,Machinemade,1,1,Age,New,1,1,,,,,,,,,,,,,,,,,1786456503,yes,yes,,,,,,,,,,,,,,,,,,,,,,,,,,,,,
44290,variable,56907710-H,,D-sign Rug 1D0864 Beige,1,0,hidden,D-sign Rug 1D0864 Beige ,D-sign Rug 1D0864 Beige ,,,taxable,,0,,,0,0,,,,,1,,,,"Rooms > Entrance & Corridor, Rugs > Modern, Rugs",,,"https://rugshop.eu/wp-content/uploads/2021/10/carpet-acrylic-uskup-9483-ivory-green.jpg, https://rugshop.eu/wp-content/uploads/2021/10/carpet-acrylic-uskup-9483-ivory-green-1.jpg, https://rugshop.eu/wp-content/uploads/2021/10/carpet-acrylic-uskup-9483-ivory-green-2.jpg, https://rugshop.eu/wp-content/uploads/2021/10/carpet-acrylic-uskup-9483-ivory-green-3.jpg",,,,,,,,,1287,,,Size,"100x200, 100x300, 120x180, 160x230, 200x300, 80x150, 80x300",1,1,Brand,D-sign,1,1,Color,White-Beige,1,1,Type of color,Multicolor,1,1,Shape,Runner,1,1,Material,Acrylic,1,1,Type of rug,Modern,1,1,Weave,Machinemade,1,1,Age,New,1,1,,,,,,,,,,,,,,,,,1786456508,yes,yes,,,,,,,,,,,,,,,,,,,,,,,,,,,,,
44291,variation,56907701,,D-sign Rug 1D0860 Beige - 80x300,1,0,hidden,,D-sign Rug 1D0860 Beige 80x300 cm,,,taxable,parent,0,0,,0,0,,300,80,1.3,0,,,3540,,,,,,,56907701-H,,,,,,1,,,Size,80x300,,1,,,,,,,,,,,,,,,,,,,,,,,,,,,,,,,,,,,,,80x300,,,,,,,,,,,,1786455399,,,,,,,,,,,,91865,,,,,,,,,,,,,,,,,,,
44292,variation,56912569,,D-sign Rug 1D0860 Beige - 100x200,1,0,hidden,,D-sign Rug 1D0860 Beige 100x200 cm,,,taxable,parent,0,0,,0,0,,200,100,1.3,0,,,2972,,,,,,,56907701-H,,,,,,2,,,Size,100x200,,1,,,,,,,,,,,,,,,,,,,,,,,,,,,,,,,,,,,,,100x200,,,,,,,,,,,,,,,,,,,,,,,,91870,,,,,,,,,,,,,,,,,,,
44293,variation,56912579,,D-sign Rug 1D0860 Beige - 100x300,1,0,hidden,,D-sign Rug 1D0860 Beige 100x300 cm,,,taxable,parent,0,0,,0,0,,300,100,1.3,0,,,4292,,,,,,,56907701-H,,,,,,3,,,Size,100x300,,1,,,,,,,,,,,,,,,,,,,,,,,,,,,,,,,,,,,,,100x300,,,,,,,,,,,,,,,,,,,,,,,,91866,,,,,,,,,,,,,,,,,,,
44294,variation,56912562,,D-sign Rug 1D0860 Beige - 120x180,1,0,hidden,,D-sign Rug 1D0860 Beige 120x180 cm,,,taxable,parent,0,0,,0,0,,180,120,1.3,0,,,3212,,,,,,,56907701-H,,,,,,4,,,Size,120x180,,1,,,,,,,,,,,,,,,,,,,,,,,,,,,,,,,,,,,,,120x180,,,,,,,,,,,,,,,,,,,,,,,,91867,,,,,,,,,,,,,,,,,,,
44295,variation,56912568,,D-sign Rug 1D0860 Beige - 160x230,1,0,hidden,,D-sign Rug 1D0860 Beige 160x230 cm,,,taxable,parent,0,0,,0,0,,230,160,1.3,0,,,5276,,,,,,,56907701-H,,,,,,5,,,Size,160x230,,1,,,,,,,,,,,,,,,,,,,,,,,,,,,,,,,,,,,,,160x230,,,,,,,,,,,,,,,,,,,,,,,,91868,,,,,,,,,,,,,,,,,,,
44313,variable,56907713-H,,D-sign Rug 1D0865 Beige,1,0,hidden,D-sign Rug 1D0865 Beige ,D-sign Rug 1D0865 Beige ,,,taxable,,0,,,0,0,,,,,1,,,,"Rooms > Entrance & Corridor, Rugs > Modern, Rugs",,,"https://rugshop.eu/wp-content/uploads/2021/10/carpet-acrylic-uskup-concrete-9484-ivory-grau.jpg, https://rugshop.eu/wp-content/uploads/2021/10/carpet-acrylic-uskup-concrete-9484-ivory-grau-1.jpg, https://rugshop.eu/wp-content/uploads/2021/10/carpet-acrylic-uskup-concrete-9484-ivory-grau-2.jpg, https://rugshop.eu/wp-content/uploads/2021/10/carpet-acrylic-uskup-concrete-9484-ivory-grau-3.jpg",,,,,,,,,1288,,,Size,"100x200, 100x300, 120x180, 160x230, 80x150, 80x300",1,1,Brand,D-sign,1,1,Color,White-Beige,1,1,Type of color,Multicolor,1,1,Shape,Runner,1,1,Material,Acrylic,1,1,Type of rug,Modern,1,1,Weave,Machinemade,1,1,Age,New,1,1,,,,,,,,,,,,,,,,,1786456511,yes,yes,,,,,,,,,,,,,,,,,,,,,,,,,,,,,
44315,variation,56907707,,D-sign Rug 1D0862 Green - 80x150,1,0,hidden,,D-sign Rug 1D0862 Green 80x150 cm,,,taxable,parent,0,0,,0,0,,150,80,1.3,0,,,1940,,,,,,,56907707-H,,,,,,1,,,Size,80x150,,1,,,,,,,,,,,,,,,,,,,,,,,,,,,,,,,,,,,,,80x150,,,,,,,,,,,,1786455399,,,,,,,,,,,,91890,,,,,,,,,,,,,,,,,,,
44316,variation,56912584,,D-sign Rug 1D0862 Green - 80x300,1,0,hidden,,D-sign Rug 1D0862 Green 80x300 cm,,,taxable,parent,0,0,,0,0,,300,80,1.3,0,,,3540,,,,,,,56907707-H,,,,,,2,,,Size,80x300,,1,,,,,,,,,,,,,,,,,,,,,,,,,,,,,,,,,,,,,80x300,,,,,,,,,,,,1786456487,,,,,,,,,,,,91891,,,,,,,,,,,,,,,,,,,
44317,variation,56912581,,D-sign Rug 1D0862 Green - 100x200,1,0,hidden,,D-sign Rug 1D0862 Green 100x200 cm,,,taxable,parent,0,0,,0,0,,200,100,1.3,0,,,2972,,,,,,,56907707-H,,,,,,3,,,Size,100x200,,1,,,,,,,,,,,,,,,,,,,,,,,,,,,,,,,,,,,,,100x200,,,,,,,,,,,,,,,,,,,,,,,,91892,,,,,,,,,,,,,,,,,,,
44318,variation,56912585,,D-sign Rug 1D0862 Green - 100x300,1,0,hidden,,D-sign Rug 1D0862 Green 100x300 cm,,,taxable,parent,0,0,,0,0,,300,100,1.3,0,,,4292,,,,,,,56907707-H,,,,,,4,,,Size,100x300,,1,,,,,,,,,,,,,,,,,,,,,,,,,,,,,,,,,,,,,100x300,,,,,,,,,,,,1786456488,,,,,,,,,,,,91893,,,,,,,,,,,,,,,,,,,
44319,variation,56912582,,D-sign Rug 1D0862 Green - 160x230,1,0,hidden,,D-sign Rug 1D0862 Green 160x230 cm,,,taxable,parent,0,0,,0,0,,230,160,1.3,0,,,5276,,,,,,,56907707-H,,,,,,5,,,Size,160x230,,1,,,,,,,,,,,,,,,,,,,,,,,,,,,,,,,,,,,,,160x230,,,,,,,,,,,,1786456430,,,,,,,,,,,,91894,,,,,,,,,,,,,,,,,,,
44336,variable,56907716-H,,D-sign Rug 1D0867 Grey,1,0,hidden,D-sign Rug 1D0867 Grey ,D-sign Rug 1D0867 Grey ,,,taxable,,0,,,0,0,,,,,1,,,,"Rooms > Entrance & Corridor, Rugs > Modern, Rugs",,,"https://rugshop.eu/wp-content/uploads/2021/10/carpet-acrylic-uskup-concrete-9486-grey.jpg, https://rugshop.eu/wp-content/uploads/2021/10/carpet-acrylic-uskup-concrete-9486-grey-1.jpg, https://rugshop.eu/wp-content/uploads/2021/10/carpet-acrylic-uskup-concrete-9486-grey-2.jpg, https://rugshop.eu/wp-content/uploads/2021/10/carpet-acrylic-uskup-concrete-9486-grey-3.jpg",,,,,,,,,1290,,,Size,"120x180, 160x230, 80x150, 80x300",1,1,Brand,D-sign,1,1,Color,Black-Grey,1,1,Type of color,Multicolor,1,1,Shape,Runner,1,1,Material,Acrylic,1,1,Type of rug,Modern,1,1,Weave,Machinemade,1,1,Age,New,1,1,,,,,,,,,,,,,,,,,1786456514,yes,yes,,,,,,,,,,,,,,,,,,,,,,,,,,,,,
44337,variable,56907717-H,,D-sign Rug 1D0868 Green,1,0,hidden,D-sign Rug 1D0868 Green ,D-sign Rug 1D0868 Green ,,,taxable,,0,,,0,0,,,,,1,,,,"Rooms > Entrance & Corridor, Rugs > Modern, Rugs",,,"https://rugshop.eu/wp-content/uploads/2021/10/carpet-acrylic-uskup-9486-green.jpg, https://rugshop.eu/wp-content/uploads/2021/10/carpet-acrylic-uskup-9486-green-1.jpg, https://rugshop.eu/wp-content/uploads/2021/10/carpet-acrylic-uskup-9486-green-2.jpg, https://rugshop.eu/wp-content/uploads/2021/10/carpet-acrylic-uskup-9486-green-3.jpg",,,,,,,,,1291,,,Size,"100x200, 100x300, 120x180, 160x230, 200x300, 80x150, 80x300",1,1,Brand,D-sign,1,1,Color,Green,1,1,Type of color,Multicolor,1,1,Shape,Runner,1,1,Material,Acrylic,1,1,Type of rug,Modern,1,1,Weave,Machinemade,1,1,Age,New,1,1,,,,,,,,,,,,,,,,,1786455417,yes,yes,,,,,,,,,,,,,,,,,,,,,,,,,,,,,
44338,variation,56907710,,D-sign Rug 1D0864 Beige - 80x150,1,0,hidden,,D-sign Rug 1D0864 Beige 80x150 cm,,,taxable,parent,0,0,,0,0,,150,80,1.3,0,,,1940,,,,,,,56907710-H,,,,,,1,,,Size,80x150,,1,,,,,,,,,,,,,,,,,,,,,,,,,,,,,,,,,,,,,80x150,,,,,,,,,,,,,,,,,,,,,,,,91907,,,,,,,,,,,,,,,,,,,
44339,variation,56912594,,D-sign Rug 1D0864 Beige - 80x300,1,0,hidden,,D-sign Rug 1D0864 Beige 80x300 cm,,,taxable,parent,0,0,,0,0,,300,80,1.3,0,,,3540,,,,,,,56907710-H,,,,,,2,,,Size,80x300,,1,,,,,,,,,,,,,,,,,,,,,,,,,,,,,,,,,,,,,80x300,,,,,,,,,,,,1786456488,,,,,,,,,,,,91908,,,,,,,,,,,,,,,,,,,
44340,variation,56912578,,D-sign Rug 1D0864 Beige - 100x200,1,0,hidden,,D-sign Rug 1D0864 Beige 100x200 cm,,,taxable,parent,0,0,,0,0,,200,100,1.3,0,,,2972,,,,,,,56907710-H,,,,,,3,,,Size,100x200,,1,,,,,,,,,,,,,,,,,,,,,,,,,,,,,,,,,,,,,100x200,,,,,,,,,,,,1786456429,,,,,,,,,,,,91909,,,,,,,,,,,,,,,,,,,
44341,variation,56907712,,D-sign Rug 1D0864 Beige - 100x300,1,0,hidden,,D-sign Rug 1D0864 Beige 100x300 cm,,,taxable,parent,0,0,,0,0,,300,100,1.3,0,,,4292,,,,,,,56907710-H,,,,,,4,,,Size,100x300,,1,,,,,,,,,,,,,,,,,,,,,,,,,,,,,,,,,,,,,100x300,,,,,,,,,,,,1786455399,,,,,,,,,,,,91910,,,,,,,,,,,,,,,,,,,
44342,variation,56912583,,D-sign Rug 1D0864 Beige - 120x180,1,0,hidden,,D-sign Rug 1D0864 Beige 120x180 cm,,,taxable,parent,0,0,,0,0,,180,120,1.3,0,,,3212,,,,,,,56907710-H,,,,,,5,,,Size,120x180,,1,,,,,,,,,,,,,,,,,,,,,,,,,,,,,,,,,,,,,120x180,,,,,,,,,,,,,,,,,,,,,,,,91911,,,,,,,,,,,,,,,,,,,
44343,variation,56907714,,D-sign Rug 1D0864 Beige - 160x230,1,0,hidden,,D-sign Rug 1D0864 Beige 160x230 cm,,,taxable,parent,0,0,,0,0,,230,160,1.3,0,,,5276,,,,,,,56907710-H,,,,,,6,,,Size,160x230,,1,,,,,,,,,,,,,,,,,,,,,,,,,,,,,,,,,,,,,160x230,,,,,,,,,,,,1786455400,,,,,,,,,,,,91906,,,,,,,,,,,,,,,,,,,
44344,variation,56907711,,D-sign Rug 1D0864 Beige - 200x300,1,0,hidden,,D-sign Rug 1D0864 Beige 200x300 cm,,,taxable,parent,0,0,,0,0,,300,200,1.3,0,,,8284,,,,,,,56907710-H,,,,,,7,,,Size,200x300,,1,,,,,,,,,,,,,,,,,,,,,,,,,,,,,,,,,,,,,200x300,,,,,,,,,,,,,,,,,,,,,,,,91912,,,,,,,,,,,,,,,,,,,
44350,variation,56907713,,D-sign Rug 1D0865 Beige - 80x150,1,0,hidden,,D-sign Rug 1D0865 Beige 80x150 cm,,,taxable,parent,0,0,,0,0,,150,80,1.3,0,,,1940,,,,,,,56907713-H,,,,,,1,,,Size,80x150,,1,,,,,,,,,,,,,,,,,,,,,,,,,,,,,,,,,,,,,80x150,,,,,,,,,,,,,,,,,,,,,,,,91914,,,,,,,,,,,,,,,,,,,
44351,variation,56912597,,D-sign Rug 1D0865 Beige - 80x300,1,0,hidden,,D-sign Rug 1D0865 Beige 80x300 cm,,,taxable,parent,0,0,,0,0,,300,80,1.3,0,,,3540,,,,,,,56907713-H,,,,,,2,,,Size,80x300,,1,,,,,,,,,,,,,,,,,,,,,,,,,,,,,,,,,,,,,80x300,,,,,,,,,,,,1786456489,,,,,,,,,,,,91915,,,,,,,,,,,,,,,,,,,
44352,variation,56912600,,D-sign Rug 1D0865 Beige - 100x200,1,0,hidden,,D-sign Rug 1D0865 Beige 100x200 cm,,,taxable,parent,0,0,,0,0,,200,100,1.3,0,,,2972,,,,,,,56907713-H,,,,,,3,,,Size,100x200,,1,,,,,,,,,,,,,,,,,,,,,,,,,,,,,,,,,,,,,100x200,,,,,,,,,,,,,,,,,,,,,,,,91916,,,,,,,,,,,,,,,,,,,
44353,variation,56912599,,D-sign Rug 1D0865 Beige - 100x300,1,0,hidden,,D-sign Rug 1D0865 Beige 100x300 cm,,,taxable,parent,0,0,,0,0,,300,100,1.3,0,,,4292,,,,,,,56907713-H,,,,,,4,,,Size,100x300,,1,,,,,,,,,,,,,,,,,,,,,,,,,,,,,,,,,,,,,100x300,,,,,,,,,,,,,,,,,,,,,,,,91917,,,,,,,,,,,,,,,,,,,
44354,variation,56912601,,D-sign Rug 1D0865 Beige - 120x180,1,0,hidden,,D-sign Rug 1D0865 Beige 120x180 cm,,,taxable,parent,0,0,,0,0,,180,120,1.3,0,,,3212,,,,,,,56907713-H,,,,,,5,,,Size,120x180,,1,,,,,,,,,,,,,,,,,,,,,,,,,,,,,,,,,,,,,120x180,,,,,,,,,,,,,,,,,,,,,,,,91918,,,,,,,,,,,,,,,,,,,
44355,variation,56912592,,D-sign Rug 1D0865 Beige - 160x230,1,0,hidden,,D-sign Rug 1D0865 Beige 160x230 cm,,,taxable,parent,0,0,,0,0,,230,160,1.3,0,,,5276,,,,,,,56907713-H,,,,,,6,,,Size,160x230,,1,,,,,,,,,,,,,,,,,,,,,,,,,,,,,,,,,,,,,160x230,,,,,,,,,,,,,,,,,,,,,,,,91913,,,,,,,,,,,,,,,,,,,
44363,variable,56907728-H,,D-sign Rug 1D0825 Pink,1,0,hidden,D-sign Rug 1D0825 Pink ,D-sign Rug 1D0825 Pink ,,,taxable,,0,,,0,0,,,,,1,,,,"Rooms > Entrance & Corridor, Rugs > Modern, Rugs",,,"https://rugshop.eu/wp-content/uploads/2021/10/carpet-acrylic-dizayn-121-light-grey-light-pink.jpg, https://rugshop.eu/wp-content/uploads/2021/10/carpet-acrylic-dizayn-121-light-grey-light-pink-1.jpg, https://rugshop.eu/wp-content/uploads/2021/10/carpet-acrylic-dizayn-121-light-grey-light-pink-2.jpg, https://rugshop.eu/wp-content/uploads/2021/10/carpet-acrylic-dizayn-121-light-grey-light-pink-3.jpg",,,,,,,,,1248,,,Size,"100x200, 100x300, 120x180, 160x230, 200x300, 80x150, 80x300",1,1,Brand,D-sign,1,1,Color,Pink-Purple,1,1,Type of color,Multicolor,1,1,Shape,Runner,1,1,Material,Acrylic,1,1,Type of rug,Modern,1,1,Weave,Machinemade,1,1,Age,New,1,1,,,,,,,,,,,,,,,,,1786456517,yes,yes,,,,,,,,,,,,,,,,,,,,,,,,,,,,,
44375,variation,56907716,,D-sign Rug 1D0867 Grey - 80x150,1,0,hidden,,D-sign Rug 1D0867 Grey 80x150 cm,,,taxable,parent,0,0,,0,0,,150,80,1.3,0,,,1940,,,,,,,56907716-H,,,,,,1,,,Size,80x150,,1,,,,,,,,,,,,,,,,,,,,,,,,,,,,,,,,,,,,,80x150,,,,,,,,,,,,,,,,,,,,,,,,91932,,,,,,,,,,,,,,,,,,,
44376,variation,56912598,,D-sign Rug 1D0867 Grey - 80x300,1,0,hidden,,D-sign Rug 1D0867 Grey 80x300 cm,,,taxable,parent,0,0,,0,0,,300,80,1.3,0,,,3540,,,,,,,56907716-H,,,,,,2,,,Size,80x300,,1,,,,,,,,,,,,,,,,,,,,,,,,,,,,,,,,,,,,,80x300,,,,,,,,,,,,1786456489,,,,,,,,,,,,91933,,,,,,,,,,,,,,,,,,,
44377,variation,56912612,,D-sign Rug 1D0867 Grey - 120x180,1,0,hidden,,D-sign Rug 1D0867 Grey 120x180 cm,,,taxable,parent,0,0,,0,0,,180,120,1.3,0,,,3212,,,,,,,56907716-H,,,,,,3,,,Size,120x180,,1,,,,,,,,,,,,,,,,,,,,,,,,,,,,,,,,,,,,,120x180,,,,,,,,,,,,,,,,,,,,,,,,91934,,,,,,,,,,,,,,,,,,,
44378,variation,56912611,,D-sign Rug 1D0867 Grey - 160x230,1,0,hidden,,D-sign Rug 1D0867 Grey 160x230 cm,,,taxable,parent,0,0,,0,0,,230,160,1.3,0,,,5276,,,,,,,56907716-H,,,,,,4,,,Size,160x230,,1,,,,,,,,,,,,,,,,,,,,,,,,,,,,,,,,,,,,,160x230,,,,,,,,,,,,,,,,,,,,,,,,91935,,,,,,,,,,,,,,,,,,,
44385,variation,56907717,,D-sign Rug 1D0868 Green - 80x150,1,0,hidden,,D-sign Rug 1D0868 Green 80x150 cm,,,taxable,parent,0,0,,0,0,,150,80,1.3,0,,,1940,,,,,,,56907717-H,,,,,,1,,,Size,80x150,,1,,,,,,,,,,,,,,,,,,,,,,,,,,,,,,,,,,,,,80x150,,,,,,,,,,,,,,,,,,,,,,,,91940,,,,,,,,,,,,,,,,,,,
44386,variation,56907720,,D-sign Rug 1D0868 Green - 80x300,1,0,hidden,,D-sign Rug 1D0868 Green 80x300 cm,,,taxable,parent,0,0,,0,0,,300,80,1.3,0,,,3540,,,,,,,56907717-H,,,,,,2,,,Size,80x300,,1,,,,,,,,,,,,,,,,,,,,,,,,,,,,,,,,,,,,,80x300,,,,,,,,,,,,1786455400,,,,,,,,,,,,91941,,,,,,,,,,,,,,,,,,,
44387,variation,56907725,,D-sign Rug 1D0868 Green - 100x200,1,0,hidden,,D-sign Rug 1D0868 Green 100x200 cm,,,taxable,parent,0,0,,0,0,,200,100,1.3,0,,,2972,,,,,,,56907717-H,,,,,,3,,,Size,100x200,,1,,,,,,,,,,,,,,,,,,,,,,,,,,,,,,,,,,,,,100x200,,,,,,,,,,,,1786455401,,,,,,,,,,,,91942,,,,,,,,,,,,,,,,,,,
44388,variation,56907724,,D-sign Rug 1D0868 Green - 100x300,1,0,hidden,,D-sign Rug 1D0868 Green 100x300 cm,,,taxable,parent,0,0,,0,0,,300,100,1.3,0,,,4292,,,,,,,56907717-H,,,,,,4,,,Size,100x300,,1,,,,,,,,,,,,,,,,,,,,,,,,,,,,,,,,,,,,,100x300,,,,,,,,,,,,1786455400,,,,,,,,,,,,91943,,,,,,,,,,,,,,,,,,,
44389,variation,56907718,,D-sign Rug 1D0868 Green - 120x180,1,0,hidden,,D-sign Rug 1D0868 Green 120x180 cm,,,taxable,parent,0,0,,0,0,,180,120,1.3,0,,,3212,,,,,,,56907717-H,,,,,,5,,,Size,120x180,,1,,,,,,,,,,,,,,,,,,,,,,,,,,,,,,,,,,,,,120x180,,,,,,,,,,,,,,,,,,,,,,,,91944,,,,,,,,,,,,,,,,,,,
44390,variation,56907722,,D-sign Rug 1D0868 Green - 160x230,1,0,hidden,,D-sign Rug 1D0868 Green 160x230 cm,,,taxable,parent,0,0,,0,0,,230,160,1.3,0,,,5276,,,,,,,56907717-H,,,,,,6,,,Size,160x230,,1,,,,,,,,,,,,,,,,,,,,,,,,,,,,,,,,,,,,,160x230,,,,,,,,,,,,1786455400,,,,,,,,,,,,91945,,,,,,,,,,,,,,,,,,,
44391,variation,56907721,,D-sign Rug 1D0868 Green - 200x300,1,0,hidden,,D-sign Rug 1D0868 Green 200x300 cm,,,taxable,parent,0,0,,0,0,,300,200,1.3,0,,,8284,,,,,,,56907717-H,,,,,,7,,,Size,200x300,,1,,,,,,,,,,,,,,,,,,,,,,,,,,,,,,,,,,,,,200x300,,,,,,,,,,,,,,,,,,,,,,,,91946,,,,,,,,,,,,,,,,,,,
44415,variation,56907728,,D-sign Rug 1D0825 Pink - 80x150,1,0,hidden,,D-sign Rug 1D0825 Pink 80x150 cm,,,taxable,parent,0,0,,0,0,,150,80,1.3,0,,,1844,,,,,,,56907728-H,,,,,,1,,,Size,80x150,,1,,,,,,,,,,,,,,,,,,,,,,,,,,,,,,,,,,,,,80x150,,,,,,,,,,,,,,,,,,,,,,,,91980,,,,,,,,,,,,,,,,,,,
44416,variation,56912634,,D-sign Rug 1D0825 Pink - 80x300,1,0,hidden,,D-sign Rug 1D0825 Pink 80x300 cm,,,taxable,parent,0,0,,0,0,,300,80,1.3,0,,,3260,,,,,,,56907728-H,,,,,,2,,,Size,80x300,,1,,,,,,,,,,,,,,,,,,,,,,,,,,,,,,,,,,,,,80x300,,,,,,,,,,,,,,,,,,,,,,,,91981,,,,,,,,,,,,,,,,,,,
44417,variation,56912625,,D-sign Rug 1D0825 Pink - 100x200,1,0,hidden,,D-sign Rug 1D0825 Pink 100x200 cm,,,taxable,parent,0,0,,0,0,,200,100,1.3,0,,,2788,,,,,,,56907728-H,,,,,,3,,,Size,100x200,,1,,,,,,,,,,,,,,,,,,,,,,,,,,,,,,,,,,,,,100x200,,,,,,,,,,,,,,,,,,,,,,,,91982,,,,,,,,,,,,,,,,,,,
44418,variation,56912660,,D-sign Rug 1D0825 Pink - 100x300,1,0,hidden,,D-sign Rug 1D0825 Pink 100x300 cm,,,taxable,parent,0,0,,0,0,,300,100,1.3,0,,,3964,,,,,,,56907728-H,,,,,,4,,,Size,100x300,,1,,,,,,,,,,,,,,,,,,,,,,,,,,,,,,,,,,,,,100x300,,,,,,,,,,,,,,,,,,,,,,,,91983,,,,,,,,,,,,,,,,,,,
44419,variation,56912653,,D-sign Rug 1D0825 Pink - 120x180,1,0,hidden,,D-sign Rug 1D0825 Pink 120x180 cm,,,taxable,parent,0,0,,0,0,,180,120,1.3,0,,,2972,,,,,,,56907728-H,,,,,,5,,,Size,120x180,,1,,,,,,,,,,,,,,,,,,,,,,,,,,,,,,,,,,,,,120x180,,,,,,,,,,,,,,,,,,,,,,,,91984,,,,,,,,,,,,,,,,,,,
44420,variation,56912651,,D-sign Rug 1D0825 Pink - 160x230,1,0,hidden,,D-sign Rug 1D0825 Pink 160x230 cm,,,taxable,parent,0,0,,0,0,,230,160,1.3,0,,,4804,,,,,,,56907728-H,,,,,,6,,,Size,160x230,,1,,,,,,,,,,,,,,,,,,,,,,,,,,,,,,,,,,,,,160x230,,,,,,,,,,,,1786456489,,,,,,,,,,,,91985,,,,,,,,,,,,,,,,,,,
44421,variation,56912633,,D-sign Rug 1D0825 Pink - 200x300,1,0,hidden,,D-sign Rug 1D0825 Pink 200x300 cm,,,taxable,parent,0,0,,0,0,,300,200,1.3,0,,,7628,,,,,,,56907728-H,,,,,,7,,,Size,200x300,,1,,,,,,,,,,,,,,,,,,,,,,,,,,,,,,,,,,,,,200x300,,,,,,,,,,,,,,,,,,,,,,,,91986,,,,,,,,,,,,,,,,,,,
44429,variable,56907744-H,,D-sign Rug 1D0878 White,1,0,hidden,D-sign Rug 1D0878 White ,D-sign Rug 1D0878 White ,,,taxable,,0,,,0,0,,,,,1,,,,"Rooms > Bedroom, Rooms > Living room, Rugs, Rugs > Shaggy",,,"https://rugshop.eu/wp-content/uploads/2021/10/carpet-berber-cross-circle-white-fringe-berber-moroccan-shaggy.jpg, https://rugshop.eu/wp-content/uploads/2021/10/carpet-berber-cross-circle-white-fringe-berber-moroccan-shaggy-1.jpg, https://rugshop.eu/wp-content/uploads/2021/10/carpet-berber-cross-circle-white-fringe-berber-moroccan-shaggy-2.jpg, https://rugshop.eu/wp-content/uploads/2021/10/carpet-berber-cross-circle-white-fringe-berber-moroccan-shaggy-3.jpg",,,,,,,,,1301,,,Size,"120, 160",1,1,Brand,D-sign,1,1,Color,White-Beige,1,1,Type of color,Multicolor,1,1,Shape,Round,1,1,Material,Polypropen,1,1,Type of rug,Rya / Shaggy,1,1,Weave,Machinemade,1,1,Age,New,1,1,,,,,,,,,,,,,,,,,1786456519,yes,yes,,,,,,,,,,,,,,,,,,,,,,,,,,,,,
44454,variable,56907740-H,,D-sign Rug 1D0879 Cream,1,0,hidden,D-sign Rug 1D0879 Cream ,D-sign Rug 1D0879 Cream ,,,taxable,,0,,,0,0,,,,,1,,,,"Rooms > Bedroom, Rooms > Living room, Rugs, Rugs > Shaggy",,,"https://rugshop.eu/wp-content/uploads/2021/10/carpet-berber-troik-circle-cream-fringe-berber-moroccan-shaggy.jpg, https://rugshop.eu/wp-content/uploads/2021/10/carpet-berber-troik-circle-cream-fringe-berber-moroccan-shaggy-1.jpg, https://rugshop.eu/wp-content/uploads/2021/10/carpet-berber-troik-circle-cream-fringe-berber-moroccan-shaggy-2.jpg, https://rugshop.eu/wp-content/uploads/2021/10/carpet-berber-troik-circle-cream-fringe-berber-moroccan-shaggy-3.jpg",,,,,,,,,1302,,,Size,"120, 160",1,1,Brand,D-sign,1,1,Color,White-Beige,1,1,Type of color,Multicolor,1,1,Shape,Round,1,1,Material,Polypropen,1,1,Type of rug,Rya / Shaggy,1,1,Weave,Machinemade,1,1,Age,New,1,1,,,,,,,,,,,,,,,,,1786456523,yes,yes,,,,,,,,,,,,,,,,,,,,,,,,,,,,,
44484,variation,56907744,,D-sign Rug 1D0878 White - 120,1,0,hidden,,D-sign Rug 1D0878 White 120 cm,,,taxable,parent,0,0,,0,0,,120,120,2.5,0,,618,1236,,,,,,,56907744-H,,,,,,1,,,Size,120,,1,,,,,,,,,,,,,,,,,,,,,,,,,,,,,,,,,,,,,120,,,,,,,,,,,,1786455401,,,,,,,,,,,,92078,,,,,,,,,,,,,,,,,,,
44485,variation,56912657,,D-sign Rug 1D0878 White - 160,1,0,hidden,,D-sign Rug 1D0878 White 160 cm,,,taxable,parent,0,0,,0,0,,160,160,2.5,0,,934,1868,,,,,,,56907744-H,,,,,,2,,,Size,160,,1,,,,,,,,,,,,,,,,,,,,,,,,,,,,,,,,,,,,,160,,,,,,,,,,,,1786456490,,,,,,,,,,,,92079,,,,,,,,,,,,,,,,,,,
44492,variation,56907740,,D-sign Rug 1D0879 Cream - 120,1,0,hidden,,D-sign Rug 1D0879 Cream 120 cm,,,taxable,parent,0,0,,0,0,,120,120,2.5,0,,618,1236,,,,,,,56907740-H,,,,,,1,,,Size,120,,1,,,,,,,,,,,,,,,,,,,,,,,,,,,,,,,,,,,,,120,,,,,,,,,,,,1786455401,,,,,,,,,,,,92080,,,,,,,,,,,,,,,,,,,
44493,variation,56912658,,D-sign Rug 1D0879 Cream - 160,1,0,hidden,,D-sign Rug 1D0879 Cream 160 cm,,,taxable,parent,0,0,,0,0,,160,160,2.5,0,,934,1868,,,,,,,56907740-H,,,,,,2,,,Size,160,,1,,,,,,,,,,,,,,,,,,,,,,,,,,,,,,,,,,,,,160,,,,,,,,,,,,1786456490,,,,,,,,,,,,92081,,,,,,,,,,,,,,,,,,,
44528,variable,56907753-H,,D-sign Rug 1D0849 Beige,1,0,hidden,D-sign Rug 1D0849 Beige ,D-sign Rug 1D0849 Beige ,,,taxable,,0,,,0,0,,,,,1,,,,"Rooms > Entrance & Corridor, Rugs > Modern, Rugs",,,"https://rugshop.eu/wp-content/uploads/2021/10/carpet-acrylic-dizayn-8840-ivory.jpg, https://rugshop.eu/wp-content/uploads/2021/10/carpet-acrylic-dizayn-8840-ivory-1.jpg, https://rugshop.eu/wp-content/uploads/2021/10/carpet-acrylic-dizayn-8840-ivory-2.jpg, https://rugshop.eu/wp-content/uploads/2021/10/carpet-acrylic-dizayn-8840-ivory-3.jpg",,,,,,,,,1272,,,Size,"100x200, 160x230, 80x150, 80x300",1,1,Brand,D-sign,1,1,Color,White-Beige,1,1,Type of color,Singlecolor,1,1,Shape,Runner,1,1,Material,Acrylic,1,1,Type of rug,Modern,1,1,Weave,Machinemade,1,1,Age,New,1,1,,,,,,,,,,,,,,,,,1786455420,yes,yes,,,,,,,,,,,,,,,,,,,,,,,,,,,,,
44568,variation,56907753,,D-sign Rug 1D0849 Beige - 80x150,1,0,hidden,,D-sign Rug 1D0849 Beige 80x150 cm,,,taxable,parent,0,0,,0,0,,150,80,1.3,0,,,1844,,,,,,,56907753-H,,,,,,1,,,Size,80x150,,1,,,,,,,,,,,,,,,,,,,,,,,,,,,,,,,,,,,,,80x150,,,,,,,,,,,,,,,,,,,,,,,,92150,,,,,,,,,,,,,,,,,,,
44569,variation,56912683,,D-sign Rug 1D0849 Beige - 80x300,1,0,hidden,,D-sign Rug 1D0849 Beige 80x300 cm,,,taxable,parent,0,0,,0,0,,300,80,1.3,0,,,3260,,,,,,,56907753-H,,,,,,2,,,Size,80x300,,1,,,,,,,,,,,,,,,,,,,,,,,,,,,,,,,,,,,,,80x300,,,,,,,,,,,,,,,,,,,,,,,,92151,,,,,,,,,,,,,,,,,,,
44570,variation,56907765,,D-sign Rug 1D0849 Beige - 100x200,1,0,hidden,,D-sign Rug 1D0849 Beige 100x200 cm,,,taxable,parent,0,0,,0,0,,200,100,1.3,0,,,2788,,,,,,,56907753-H,,,,,,3,,,Size,100x200,,1,,,,,,,,,,,,,,,,,,,,,,,,,,,,,,,,,,,,,100x200,,,,,,,,,,,,1786455401,,,,,,,,,,,,92152,,,,,,,,,,,,,,,,,,,
44571,variation,56907764,,D-sign Rug 1D0849 Beige - 160x230,1,0,hidden,,D-sign Rug 1D0849 Beige 160x230 cm,,,taxable,parent,0,0,,0,0,,230,160,1.3,0,,,4804,,,,,,,56907753-H,,,,,,4,,,Size,160x230,,1,,,,,,,,,,,,,,,,,,,,,,,,,,,,,,,,,,,,,160x230,,,,,,,,,,,,,,,,,,,,,,,,92153,,,,,,,,,,,,,,,,,,,
44607,variable,56907772-H,,D-sign Rug 1D0892 Grey,1,0,hidden,D-sign Rug 1D0892 Grey,D-sign Rug 1D0892 Grey,,,taxable,,0,,,0,0,,,,,0,,,,"Rooms > Kids, Rugs > Kids, Rugs",,,"https://rugshop.eu/wp-content/uploads/2021/10/carpet-petit-lion-grey.jpg, https://rugshop.eu/wp-content/uploads/2021/10/carpet-petit-lion-grey-1.jpg, https://rugshop.eu/wp-content/uploads/2021/10/carpet-petit-lion-grey-2.jpg, https://rugshop.eu/wp-content/uploads/2021/10/carpet-petit-lion-grey-3.jpg",,,,,,,,,1315,,,Size,"120x170, 140x190, 160x220, 180x270, 200x290, 80x150",1,1,Brand,D-sign,1,1,Color,Black-Grey,1,1,Type of color,Multicolor,1,1,Shape,Rectangular,1,1,Material,Polypropen,1,1,Type of rug,Modern,1,1,Weave,Machinemade,1,1,Country,Turkey,1,1,Age,New,1,1,,,,,default,default,default,default,,,,,1786456536,yes,yes,,,,,,,,,,,,,,,,,,,,,,,,,,,,,
44608,variable,56907776-H,,D-sign Rug 1D0888 Grey,1,0,hidden,D-sign Rug 1D0888 Grey,D-sign Rug 1D0888 Grey,,,taxable,,0,,,0,0,,,,,0,,,,"Rooms > Kids, Rugs > Kids, Rugs",,,"https://rugshop.eu/wp-content/uploads/2021/10/carpet-petit-town-streets-grey.jpg, https://rugshop.eu/wp-content/uploads/2021/10/carpet-petit-town-streets-grey-1.jpg, https://rugshop.eu/wp-content/uploads/2021/10/carpet-petit-town-streets-grey-2.jpg, https://rugshop.eu/wp-content/uploads/2021/10/carpet-petit-town-streets-grey-3.jpg",,,,,,,,,1311,,,Size,"120x170, 140x190, 160x220, 180x270, 200x290, 240x330, 280x370, 80x150",1,1,Brand,D-sign,1,1,Color,Black-Grey,1,1,Type of color,Multicolor,1,1,Shape,Rectangular,1,1,Material,Polypropen,1,1,Type of rug,Modern,1,1,Weave,Machinemade,1,1,Country,Turkey,1,1,Age,New,1,1,,,,,default,default,default,default,,,,,1786456532,yes,yes,,,,,,,,,,,,,,,,,,,,,,,,,,,,,
44637,variable,56907783-H,,D-sign Rug 1D0889 Blue,1,0,hidden,D-sign Rug 1D0889 Blue,D-sign Rug 1D0889 Blue,,,taxable,,0,,,0,0,,,,,0,,,,"Rooms > Kids, Rugs > Kids, Rugs",,,"https://rugshop.eu/wp-content/uploads/2021/10/carpet-petit-town-streets-blue.jpg, https://rugshop.eu/wp-content/uploads/2021/10/carpet-petit-town-streets-blue-1.jpg, https://rugshop.eu/wp-content/uploads/2021/10/carpet-petit-town-streets-blue-2.jpg, https://rugshop.eu/wp-content/uploads/2021/10/carpet-petit-town-streets-blue-3.jpg",,,,,,,,,1312,,,Size,"120x170, 140x190, 160x220, 180x270, 200x290, 240x330, 280x370, 80x150",1,1,Brand,D-sign,1,1,Color,Blue,1,1,Type of color,Multicolor,1,1,Shape,Rectangular,1,1,Material,Polypropen,1,1,Type of rug,Modern,1,1,Weave,Machinemade,1,1,Country,Turkey,1,1,Age,New,1,1,,,,,default,default,default,default,,,,,1786456534,yes,yes,,,,,,,,,,,,,,,,,,,,,,,,,,,,,
44638,variable,56907786-H,,D-sign Rug 1D0891 Grey,1,0,hidden,D-sign Rug 1D0891 Grey,D-sign Rug 1D0891 Grey,,,taxable,,0,,,0,0,,,,,0,,,,"Rooms > Kids, Rugs > Kids, Rugs",,,"https://rugshop.eu/wp-content/uploads/2021/10/carpet-petit-cloud-stars-grey.jpg, https://rugshop.eu/wp-content/uploads/2021/10/carpet-petit-cloud-stars-grey-1.jpg, https://rugshop.eu/wp-content/uploads/2021/10/carpet-petit-cloud-stars-grey-2.jpg, https://rugshop.eu/wp-content/uploads/2021/10/carpet-petit-cloud-stars-grey-3.jpg",,,,,,,,,1314,,,Size,"120x170, 140x190, 160x220, 180x270, 200x290, 80x150",1,1,Brand,D-sign,1,1,Color,Black-Grey,1,1,Type of color,Multicolor,1,1,Shape,Rectangular,1,1,Material,Polypropen,1,1,Type of rug,Modern,1,1,Weave,Machinemade,1,1,Country,Turkey,1,1,Age,New,1,1,,,,,default,default,default,default,,,,,1786456539,yes,yes,,,,,,,,,,,,,,,,,,,,,,,,,,,,,
44639,variation,56907772,,D-sign Rug 1D0892 Grey - 80x150,1,0,hidden,,D-sign Rug 1D0892 Grey 80x150 cm,,,taxable,parent,0,0,,0,0,,150,80,1.3,0,,,1188,,,,,,,56907772-H,,,,,,1,,,Size,80x150,,1,,,,,,,,,,,,,,,,,,,,,,,,,,,,,,,,,,,,,80x150,,,,,,,,,,,,1786455402,,,,,,,,,,,,92234,,,,,,,,,,,,,,,,,,,
44640,variation,56912810,,D-sign Rug 1D0892 Grey - 120x170,1,0,hidden,,D-sign Rug 1D0892 Grey 120x170 cm,,,taxable,parent,0,0,,0,0,,170,120,1.3,0,,,1700,,,,,,,56907772-H,,,,,,2,,,Size,120x170,,1,,,,,,,,,,,,,,,,,,,,,,,,,,,,,,,,,,,,,120x170,,,,,,,,,,,,1786456494,,,,,,,,,,,,92229,,,,,,,,,,,,,,,,,,,
44641,variation,56907779,,D-sign Rug 1D0892 Grey - 140x190,1,0,hidden,,D-sign Rug 1D0892 Grey 140x190 cm,,,taxable,parent,0,0,,0,0,,190,140,1.3,0,,,2124,,,,,,,56907772-H,,,,,,3,,,Size,140x190,,1,,,,,,,,,,,,,,,,,,,,,,,,,,,,,,,,,,,,,140x190,,,,,,,,,,,,1786455403,,,,,,,,,,,,92230,,,,,,,,,,,,,,,,,,,
44642,variation,56907777,,D-sign Rug 1D0892 Grey - 160x220,1,0,hidden,,D-sign Rug 1D0892 Grey 160x220 cm,,,taxable,parent,0,0,,0,0,,220,160,1.3,0,,,2684,,,,,,,56907772-H,,,,,,4,,,Size,160x220,,1,,,,,,,,,,,,,,,,,,,,,,,,,,,,,,,,,,,,,160x220,,,,,,,,,,,,1786455402,,,,,,,,,,,,92231,,,,,,,,,,,,,,,,,,,
44643,variation,56907780,,D-sign Rug 1D0892 Grey - 180x270,1,0,hidden,,D-sign Rug 1D0892 Grey 180x270 cm,,,taxable,parent,0,0,,0,0,,270,180,1.3,0,,,3580,,,,,,,56907772-H,,,,,,5,,,Size,180x270,,1,,,,,,,,,,,,,,,,,,,,,,,,,,,,,,,,,,,,,180x270,,,,,,,,,,,,1786455403,,,,,,,,,,,,92232,,,,,,,,,,,,,,,,,,,
44644,variation,56907778,,D-sign Rug 1D0892 Grey - 200x290,1,0,hidden,,D-sign Rug 1D0892 Grey 200x290 cm,,,taxable,parent,0,0,,0,0,,290,200,1.3,0,,,4140,,,,,,,56907772-H,,,,,,6,,,Size,200x290,,1,,,,,,,,,,,,,,,,,,,,,,,,,,,,,,,,,,,,,200x290,,,,,,,,,,,,1786455402,,,,,,,,,,,,92233,,,,,,,,,,,,,,,,,,,
44650,variation,56907776,,D-sign Rug 1D0888 Grey - 80x150,1,0,hidden,,D-sign Rug 1D0888 Grey 80x150 cm,,,taxable,parent,0,0,,0,0,,150,80,1.3,0,,,1188,,,,,,,56907776-H,,,,,,1,,,Size,80x150,,1,,,,,,,,,,,,,,,,,,,,,,,,,,,,,,,,,,,,,80x150,,,,,,,,,,,,1786455402,,,,,,,,,,,,92235,,,,,,,,,,,,,,,,,,,
44651,variation,56912813,,D-sign Rug 1D0888 Grey - 120x170,1,0,hidden,,D-sign Rug 1D0888 Grey 120x170 cm,,,taxable,parent,0,0,,0,0,,170,120,1.3,0,,,1700,,,,,,,56907776-H,,,,,,2,,,Size,120x170,,1,,,,,,,,,,,,,,,,,,,,,,,,,,,,,,,,,,,,,120x170,,,,,,,,,,,,1786456496,,,,,,,,,,,,92204,,,,,,,,,,,,,,,,,,,
44652,variation,56912811,,D-sign Rug 1D0888 Grey - 140x190,1,0,hidden,,D-sign Rug 1D0888 Grey 140x190 cm,,,taxable,parent,0,0,,0,0,,190,140,1.3,0,,,2124,,,,,,,56907776-H,,,,,,3,,,Size,140x190,,1,,,,,,,,,,,,,,,,,,,,,,,,,,,,,,,,,,,,,140x190,,,,,,,,,,,,1786456495,,,,,,,,,,,,92205,,,,,,,,,,,,,,,,,,,
44653,variation,56912814,,D-sign Rug 1D0888 Grey - 160x220,1,0,hidden,,D-sign Rug 1D0888 Grey 160x220 cm,,,taxable,parent,0,0,,0,0,,220,160,1.3,0,,,2684,,,,,,,56907776-H,,,,,,4,,,Size,160x220,,1,,,,,,,,,,,,,,,,,,,,,,,,,,,,,,,,,,,,,160x220,,,,,,,,,,,,1786456496,,,,,,,,,,,,92206,,,,,,,,,,,,,,,,,,,
44654,variation,56912812,,D-sign Rug 1D0888 Grey - 180x270,1,0,hidden,,D-sign Rug 1D0888 Grey 180x270 cm,,,taxable,parent,0,0,,0,0,,270,180,1.3,0,,,3580,,,,,,,56907776-H,,,,,,5,,,Size,180x270,,1,,,,,,,,,,,,,,,,,,,,,,,,,,,,,,,,,,,,,180x270,,,,,,,,,,,,1786456495,,,,,,,,,,,,92207,,,,,,,,,,,,,,,,,,,
44655,variation,56912806,,D-sign Rug 1D0888 Grey - 200x290,1,0,hidden,,D-sign Rug 1D0888 Grey 200x290 cm,,,taxable,parent,0,0,,0,0,,290,200,1.3,0,,,4140,,,,,,,56907776-H,,,,,,6,,,Size,200x290,,1,,,,,,,,,,,,,,,,,,,,,,,,,,,,,,,,,,,,,200x290,,,,,,,,,,,,1786456493,,,,,,,,,,,,92208,,,,,,,,,,,,,,,,,,,
44657,variable,56907792-H,,D-sign Rug 1D0894 Grey,1,0,hidden,D-sign Rug 1D0894 Grey,D-sign Rug 1D0894 Grey,,,taxable,,0,,,0,0,,,,,0,,,,"Rooms > Kids, Rugs > Kids, Rugs",,,"https://rugshop.eu/wp-content/uploads/2021/10/carpet-petit-trumpet-elephant-stars-grey.jpg, https://rugshop.eu/wp-content/uploads/2021/10/carpet-petit-trumpet-elephant-stars-grey-1.jpg, https://rugshop.eu/wp-content/uploads/2021/10/carpet-petit-trumpet-elephant-stars-grey-2.jpg, https://rugshop.eu/wp-content/uploads/2021/10/carpet-petit-trumpet-elephant-stars-grey-3.jpg",,,,,,,,,1317,,,Size,"120x170, 140x190, 160x220, 180x270, 200x290",1,1,Brand,D-sign,1,1,Color,Black-Grey,1,1,Type of color,Multicolor,1,1,Shape,Rectangular,1,1,Material,Polypropen,1,1,Type of rug,Modern,1,1,Weave,Machinemade,1,1,Country,Turkey,1,1,Age,New,1,1,,,,,default,default,default,default,,,,,1786456541,yes,yes,,,,,,,,,,,,,,,,,,,,,,,,,,,,,
44658,variation,56907785,,D-sign Rug 1D0888 Grey - 240x330,1,0,hidden,,D-sign Rug 1D0888 Grey 240x330 cm,,,taxable,parent,0,0,,0,0,,330,240,1.3,0,,,5460,,,,,,,56907776-H,,,,,,7,,,Size,240x330,,1,,,,,,,,,,,,,,,,,,,,,,,,,,,,,,,,,,,,,240x330,,,,,,,,,,,,1786455403,,,,,,,,,,,,92444,,,,,,,,,,,,,,,,,,,
44659,variation,56907784,,D-sign Rug 1D0888 Grey - 280x370,1,0,hidden,,D-sign Rug 1D0888 Grey 280x370 cm,,,taxable,parent,0,0,,0,0,,370,280,1.3,0,,,7788,,,,,,,56907776-H,,,,,,8,,,Size,280x370,,1,,,,,,,,,,,,,,,,,,,,,,,,,,,,,,,,,,,,,280x370,,,,,,,,,,,,,,,,,,,,,,,,92445,,,,,,,,,,,,,,,,,,,
44665,variation,56907783,,D-sign Rug 1D0889 Blue - 80x150,1,0,hidden,,D-sign Rug 1D0889 Blue 80x150 cm,,,taxable,parent,0,0,,0,0,,150,80,1.3,0,,,1188,,,,,,,56907783-H,,,,,,1,,,Size,80x150,,1,,,,,,,,,,,,,,,,,,,,,,,,,,,,,,,,,,,,,80x150,,,,,,,,,,,,1786455403,,,,,,,,,,,,92236,,,,,,,,,,,,,,,,,,,
44666,variation,56912809,,D-sign Rug 1D0889 Blue - 120x170,1,0,hidden,,D-sign Rug 1D0889 Blue 120x170 cm,,,taxable,parent,0,0,,0,0,,170,120,1.3,0,,,1700,,,,,,,56907783-H,,,,,,2,,,Size,120x170,,1,,,,,,,,,,,,,,,,,,,,,,,,,,,,,,,,,,,,,120x170,,,,,,,,,,,,,,,,,,,,,,,,92214,,,,,,,,,,,,,,,,,,,
44667,variation,56912808,,D-sign Rug 1D0889 Blue - 140x190,1,0,hidden,,D-sign Rug 1D0889 Blue 140x190 cm,,,taxable,parent,0,0,,0,0,,190,140,1.3,0,,,2124,,,,,,,56907783-H,,,,,,3,,,Size,140x190,,1,,,,,,,,,,,,,,,,,,,,,,,,,,,,,,,,,,,,,140x190,,,,,,,,,,,,1786456494,,,,,,,,,,,,92215,,,,,,,,,,,,,,,,,,,
44668,variation,56912824,,D-sign Rug 1D0889 Blue - 160x220,1,0,hidden,,D-sign Rug 1D0889 Blue 160x220 cm,,,taxable,parent,0,0,,0,0,,220,160,1.3,0,,,2684,,,,,,,56907783-H,,,,,,4,,,Size,160x220,,1,,,,,,,,,,,,,,,,,,,,,,,,,,,,,,,,,,,,,160x220,,,,,,,,,,,,1786456498,,,,,,,,,,,,92216,,,,,,,,,,,,,,,,,,,
44669,variation,56912815,,D-sign Rug 1D0889 Blue - 180x270,1,0,hidden,,D-sign Rug 1D0889 Blue 180x270 cm,,,taxable,parent,0,0,,0,0,,270,180,1.3,0,,,3580,,,,,,,56907783-H,,,,,,5,,,Size,180x270,,1,,,,,,,,,,,,,,,,,,,,,,,,,,,,,,,,,,,,,180x270,,,,,,,,,,,,1786456497,,,,,,,,,,,,92217,,,,,,,,,,,,,,,,,,,
44670,variation,56912829,,D-sign Rug 1D0889 Blue - 200x290,1,0,hidden,,D-sign Rug 1D0889 Blue 200x290 cm,,,taxable,parent,0,0,,0,0,,290,200,1.3,0,,,4140,,,,,,,56907783-H,,,,,,6,,,Size,200x290,,1,,,,,,,,,,,,,,,,,,,,,,,,,,,,,,,,,,,,,200x290,,,,,,,,,,,,1786456498,,,,,,,,,,,,92218,,,,,,,,,,,,,,,,,,,
44671,variation,56912827,,D-sign Rug 1D0889 Blue - 240x330,1,0,hidden,,D-sign Rug 1D0889 Blue 240x330 cm,,,taxable,parent,0,0,,0,0,,330,240,1.3,0,,,5460,,,,,,,56907783-H,,,,,,7,,,Size,240x330,,1,,,,,,,,,,,,,,,,,,,,,,,,,,,,,,,,,,,,,240x330,,,,,,,,,,,,,,,,,,,,,,,,92446,,,,,,,,,,,,,,,,,,,
44672,variation,56912830,,D-sign Rug 1D0889 Blue - 280x370,1,0,hidden,,D-sign Rug 1D0889 Blue 280x370 cm,,,taxable,parent,0,0,,0,0,,370,280,1.3,0,,,7788,,,,,,,56907783-H,,,,,,8,,,Size,280x370,,1,,,,,,,,,,,,,,,,,,,,,,,,,,,,,,,,,,,,,280x370,,,,,,,,,,,,1786456499,,,,,,,,,,,,92447,,,,,,,,,,,,,,,,,,,
44679,variable,56907797-H,,D-sign Rug 1D0896 Grey,1,0,hidden,D-sign Rug 1D0896 Grey,D-sign Rug 1D0896 Grey,,,taxable,,0,,,0,0,,,,,0,,,,"Rooms > Kids, Rugs > Kids, Rugs",,,"https://rugshop.eu/wp-content/uploads/2021/10/carpet-petit-toys-cars-grey.jpg, https://rugshop.eu/wp-content/uploads/2021/10/carpet-petit-toys-cars-grey-1.jpg, https://rugshop.eu/wp-content/uploads/2021/10/carpet-petit-toys-cars-grey-2.jpg, https://rugshop.eu/wp-content/uploads/2021/10/carpet-petit-toys-cars-grey-3.jpg",,,,,,,,,1319,,,Size,"120x170, 140x190, 160x220, 180x270, 200x290",1,1,Brand,D-sign,1,1,Color,Black-Grey,1,1,Type of color,Multicolor,1,1,Shape,Rectangular,1,1,Material,Polypropen,1,1,Type of rug,Modern,1,1,Weave,Machinemade,1,1,Country,Turkey,1,1,Age,New,1,1,,,,,default,default,default,default,,,,,1786456565,yes,yes,,,,,,,,,,,,,,,,,,,,,,,,,,,,,
44680,variation,56907786,,D-sign Rug 1D0891 Grey - 80x150,1,0,hidden,,D-sign Rug 1D0891 Grey 80x150 cm,,,taxable,parent,0,0,,0,0,,150,80,1.3,0,,,1188,,,,,,,56907786-H,,,,,,1,,,Size,80x150,,1,,,,,,,,,,,,,,,,,,,,,,,,,,,,,,,,,,,,,80x150,,,,,,,,,,,,1786455404,,,,,,,,,,,,92237,,,,,,,,,,,,,,,,,,,
44681,variation,56912826,,D-sign Rug 1D0891 Grey - 120x170,1,0,hidden,,D-sign Rug 1D0891 Grey 120x170 cm,,,taxable,parent,0,0,,0,0,,170,120,1.3,0,,,1700,,,,,,,56907786-H,,,,,,2,,,Size,120x170,,1,,,,,,,,,,,,,,,,,,,,,,,,,,,,,,,,,,,,,120x170,,,,,,,,,,,,1786456498,,,,,,,,,,,,92224,,,,,,,,,,,,,,,,,,,
44682,variation,56912831,,D-sign Rug 1D0891 Grey - 140x190,1,0,hidden,,D-sign Rug 1D0891 Grey 140x190 cm,,,taxable,parent,0,0,,0,0,,190,140,1.3,0,,,2124,,,,,,,56907786-H,,,,,,3,,,Size,140x190,,1,,,,,,,,,,,,,,,,,,,,,,,,,,,,,,,,,,,,,140x190,,,,,,,,,,,,1786456499,,,,,,,,,,,,92225,,,,,,,,,,,,,,,,,,,
44683,variation,56912844,,D-sign Rug 1D0891 Grey - 160x220,1,0,hidden,,D-sign Rug 1D0891 Grey 160x220 cm,,,taxable,parent,0,0,,0,0,,220,160,1.3,0,,,2684,,,,,,,56907786-H,,,,,,4,,,Size,160x220,,1,,,,,,,,,,,,,,,,,,,,,,,,,,,,,,,,,,,,,160x220,,,,,,,,,,,,1786456499,,,,,,,,,,,,92226,,,,,,,,,,,,,,,,,,,
44684,variation,56912828,,D-sign Rug 1D0891 Grey - 180x270,1,0,hidden,,D-sign Rug 1D0891 Grey 180x270 cm,,,taxable,parent,0,0,,0,0,,270,180,1.3,0,,,3580,,,,,,,56907786-H,,,,,,5,,,Size,180x270,,1,,,,,,,,,,,,,,,,,,,,,,,,,,,,,,,,,,,,,180x270,,,,,,,,,,,,,,,,,,,,,,,,92227,,,,,,,,,,,,,,,,,,,
44685,variation,56912822,,D-sign Rug 1D0891 Grey - 200x290,1,0,hidden,,D-sign Rug 1D0891 Grey 200x290 cm,,,taxable,parent,0,0,,0,0,,290,200,1.3,0,,,4140,,,,,,,56907786-H,,,,,,6,,,Size,200x290,,1,,,,,,,,,,,,,,,,,,,,,,,,,,,,,,,,,,,,,200x290,,,,,,,,,,,,1786456497,,,,,,,,,,,,92228,,,,,,,,,,,,,,,,,,,
44702,variable,56907796-H,,D-sign Rug 1D0897 Grey,1,0,hidden,D-sign Rug 1D0897 Grey,D-sign Rug 1D0897 Grey,,,taxable,,0,,,0,0,,,,,0,,,,"Rooms > Kids, Rugs > Kids, Rugs",,,"https://rugshop.eu/wp-content/uploads/2021/10/carpet-petit-star-grey.jpg, https://rugshop.eu/wp-content/uploads/2021/10/carpet-petit-star-grey-1.jpg, https://rugshop.eu/wp-content/uploads/2021/10/carpet-petit-star-grey-2.jpg, https://rugshop.eu/wp-content/uploads/2021/10/carpet-petit-star-grey-3.jpg",,,,,,,,,1320,,,Size,"120x170, 140x190, 160x220, 180x270, 200x290, 240x330, 80x150",1,1,Brand,D-sign,1,1,Color,Black-Grey,1,1,Type of color,Multicolor,1,1,Shape,Rectangular,1,1,Material,Polypropen,1,1,Type of rug,Modern,1,1,Weave,Machinemade,1,1,Country,Turkey,1,1,Age,New,1,1,,,,,default,default,default,default,,,,,1786456579,yes,yes,,,,,,,,,,,,,,,,,,,,,,,,,,,,,
44703,variable,56907801-H,,D-sign Rug 1D0898 Blue,1,0,hidden,D-sign Rug 1D0898 Blue,D-sign Rug 1D0898 Blue,,,taxable,,0,,,0,0,,,,,0,,,,"Rooms > Kids, Rugs > Kids, Rugs",,,"https://rugshop.eu/wp-content/uploads/2021/10/carpet-petit-race-formula-1-bolide-auto-blue.jpg, https://rugshop.eu/wp-content/uploads/2021/10/carpet-petit-race-formula-1-bolide-auto-blue-1.jpg, https://rugshop.eu/wp-content/uploads/2021/10/carpet-petit-race-formula-1-bolide-auto-blue-2.jpg, https://rugshop.eu/wp-content/uploads/2021/10/carpet-petit-race-formula-1-bolide-auto-blue-3.jpg",,,,,,,,,1321,,,Size,"120x170, 140x190, 160x220, 180x270, 200x290, 240x330",1,1,Brand,D-sign,1,1,Color,Blue,1,1,Type of color,Multicolor,1,1,Shape,Rectangular,1,1,Material,Polypropen,1,1,Type of rug,Modern,1,1,Weave,Machinemade,1,1,Country,Turkey,1,1,Age,New,1,1,,,,,default,default,default,default,,,,,1786456577,yes,yes,,,,,,,,,,,,,,,,,,,,,,,,,,,,,
44704,variation,56907792,,D-sign Rug 1D0894 Grey - 120x170,1,0,hidden,,D-sign Rug 1D0894 Grey 120x170 cm,,,taxable,parent,0,0,,0,0,,170,120,1.3,0,,,1700,,,,,,,56907792-H,,,,,,1,,,Size,120x170,,1,,,,,,,,,,,,,,,,,,,,,,,,,,,,,,,,,,,,,120x170,,,,,,,,,,,,,,,,,,,,,,,,92244,,,,,,,,,,,,,,,,,,,
44705,variation,56912866,,D-sign Rug 1D0894 Grey - 140x190,1,0,hidden,,D-sign Rug 1D0894 Grey 140x190 cm,,,taxable,parent,0,0,,0,0,,190,140,1.3,0,,,2124,,,,,,,56907792-H,,,,,,2,,,Size,140x190,,1,,,,,,,,,,,,,,,,,,,,,,,,,,,,,,,,,,,,,140x190,,,,,,,,,,,,1786456502,,,,,,,,,,,,92245,,,,,,,,,,,,,,,,,,,
44706,variation,56912865,,D-sign Rug 1D0894 Grey - 160x220,1,0,hidden,,D-sign Rug 1D0894 Grey 160x220 cm,,,taxable,parent,0,0,,0,0,,220,160,1.3,0,,,2684,,,,,,,56907792-H,,,,,,3,,,Size,160x220,,1,,,,,,,,,,,,,,,,,,,,,,,,,,,,,,,,,,,,,160x220,,,,,,,,,,,,1786456501,,,,,,,,,,,,92246,,,,,,,,,,,,,,,,,,,
44707,variation,56912870,,D-sign Rug 1D0894 Grey - 180x270,1,0,hidden,,D-sign Rug 1D0894 Grey 180x270 cm,,,taxable,parent,0,0,,0,0,,270,180,1.3,0,,,3580,,,,,,,56907792-H,,,,,,4,,,Size,180x270,,1,,,,,,,,,,,,,,,,,,,,,,,,,,,,,,,,,,,,,180x270,,,,,,,,,,,,,,,,,,,,,,,,92247,,,,,,,,,,,,,,,,,,,
44708,variation,56912872,,D-sign Rug 1D0894 Grey - 200x290,1,0,hidden,,D-sign Rug 1D0894 Grey 200x290 cm,,,taxable,parent,0,0,,0,0,,290,200,1.3,0,,,4140,,,,,,,56907792-H,,,,,,5,,,Size,200x290,,1,,,,,,,,,,,,,,,,,,,,,,,,,,,,,,,,,,,,,200x290,,,,,,,,,,,,,,,,,,,,,,,,92248,,,,,,,,,,,,,,,,,,,
44725,variable,56907803-H,,D-sign Rug 1D0900 Blue,1,0,hidden,D-sign Rug 1D0900 Blue,D-sign Rug 1D0900 Blue,,,taxable,,0,,,0,0,,,,,0,,,,"Rooms > Kids, Rugs > Kids, Rugs",,,"https://rugshop.eu/wp-content/uploads/2021/10/carpet-petit-farm-animals-blue.jpg, https://rugshop.eu/wp-content/uploads/2021/10/carpet-petit-farm-animals-blue-1.jpg, https://rugshop.eu/wp-content/uploads/2021/10/carpet-petit-farm-animals-blue-2.jpg, https://rugshop.eu/wp-content/uploads/2021/10/carpet-petit-farm-animals-blue-3.jpg",,,,,,,,,1323,,,Size,"120x170, 140x190, 160x220, 180x270, 200x290, 240x330",1,1,Brand,D-sign,1,1,Color,Blue,1,1,Type of color,Multicolor,1,1,Shape,Rectangular,1,1,Material,Polypropen,1,1,Type of rug,Modern,1,1,Weave,Machinemade,1,1,Country,Turkey,1,1,Age,New,1,1,,,,,default,default,default,default,,,,,1786456575,yes,yes,,,,,,,,,,,,,,,,,,,,,,,,,,,,,
44726,variation,56907797,,D-sign Rug 1D0896 Grey - 120x170,1,0,hidden,,D-sign Rug 1D0896 Grey 120x170 cm,,,taxable,parent,0,0,,0,0,,170,120,1.3,0,,,1700,,,,,,,56907797-H,,,,,,1,,,Size,120x170,,1,,,,,,,,,,,,,,,,,,,,,,,,,,,,,,,,,,,,,120x170,,,,,,,,,,,,1786455404,,,,,,,,,,,,92259,,,,,,,,,,,,,,,,,,,
44727,variation,56912871,,D-sign Rug 1D0896 Grey - 140x190,1,0,hidden,,D-sign Rug 1D0896 Grey 140x190 cm,,,taxable,parent,0,0,,0,0,,190,140,1.3,0,,,2124,,,,,,,56907797-H,,,,,,2,,,Size,140x190,,1,,,,,,,,,,,,,,,,,,,,,,,,,,,,,,,,,,,,,140x190,,,,,,,,,,,,1786456547,,,,,,,,,,,,92260,,,,,,,,,,,,,,,,,,,
44728,variation,56912886,,D-sign Rug 1D0896 Grey - 160x220,1,0,hidden,,D-sign Rug 1D0896 Grey 160x220 cm,,,taxable,parent,0,0,,0,0,,220,160,1.3,0,,,2684,,,,,,,56907797-H,,,,,,3,,,Size,160x220,,1,,,,,,,,,,,,,,,,,,,,,,,,,,,,,,,,,,,,,160x220,,,,,,,,,,,,1786456551,,,,,,,,,,,,92261,,,,,,,,,,,,,,,,,,,
44729,variation,56912864,,D-sign Rug 1D0896 Grey - 180x270,1,0,hidden,,D-sign Rug 1D0896 Grey 180x270 cm,,,taxable,parent,0,0,,0,0,,270,180,1.3,0,,,3580,,,,,,,56907797-H,,,,,,4,,,Size,180x270,,1,,,,,,,,,,,,,,,,,,,,,,,,,,,,,,,,,,,,,180x270,,,,,,,,,,,,1786456500,,,,,,,,,,,,92262,,,,,,,,,,,,,,,,,,,
44730,variation,56912869,,D-sign Rug 1D0896 Grey - 200x290,1,0,hidden,,D-sign Rug 1D0896 Grey 200x290 cm,,,taxable,parent,0,0,,0,0,,290,200,1.3,0,,,4140,,,,,,,56907797-H,,,,,,5,,,Size,200x290,,1,,,,,,,,,,,,,,,,,,,,,,,,,,,,,,,,,,,,,200x290,,,,,,,,,,,,1786456546,,,,,,,,,,,,92263,,,,,,,,,,,,,,,,,,,
44736,variation,56907796,,D-sign Rug 1D0897 Grey - 80x150,1,0,hidden,,D-sign Rug 1D0897 Grey 80x150 cm,,,taxable,parent,0,0,,0,0,,150,80,1.3,0,,,1188,,,,,,,56907796-H,,,,,,1,,,Size,80x150,,1,,,,,,,,,,,,,,,,,,,,,,,,,,,,,,,,,,,,,80x150,,,,,,,,,,,,,,,,,,,,,,,,92269,,,,,,,,,,,,,,,,,,,
44737,variation,56912867,,D-sign Rug 1D0897 Grey - 120x170,1,0,hidden,,D-sign Rug 1D0897 Grey 120x170 cm,,,taxable,parent,0,0,,0,0,,170,120,1.3,0,,,1700,,,,,,,56907796-H,,,,,,2,,,Size,120x170,,1,,,,,,,,,,,,,,,,,,,,,,,,,,,,,,,,,,,,,120x170,,,,,,,,,,,,,,,,,,,,,,,,92264,,,,,,,,,,,,,,,,,,,
44738,variation,56912891,,D-sign Rug 1D0897 Grey - 140x190,1,0,hidden,,D-sign Rug 1D0897 Grey 140x190 cm,,,taxable,parent,0,0,,0,0,,190,140,1.3,0,,,2124,,,,,,,56907796-H,,,,,,3,,,Size,140x190,,1,,,,,,,,,,,,,,,,,,,,,,,,,,,,,,,,,,,,,140x190,,,,,,,,,,,,1786456552,,,,,,,,,,,,92265,,,,,,,,,,,,,,,,,,,
44739,variation,56907802,,D-sign Rug 1D0897 Grey - 160x220,1,0,hidden,,D-sign Rug 1D0897 Grey 160x220 cm,,,taxable,parent,0,0,,0,0,,220,160,1.3,0,,,2684,,,,,,,56907796-H,,,,,,4,,,Size,160x220,,1,,,,,,,,,,,,,,,,,,,,,,,,,,,,,,,,,,,,,160x220,,,,,,,,,,,,1786455405,,,,,,,,,,,,92266,,,,,,,,,,,,,,,,,,,
44740,variation,56907800,,D-sign Rug 1D0897 Grey - 180x270,1,0,hidden,,D-sign Rug 1D0897 Grey 180x270 cm,,,taxable,parent,0,0,,0,0,,270,180,1.3,0,,,3580,,,,,,,56907796-H,,,,,,5,,,Size,180x270,,1,,,,,,,,,,,,,,,,,,,,,,,,,,,,,,,,,,,,,180x270,,,,,,,,,,,,1786455405,,,,,,,,,,,,92267,,,,,,,,,,,,,,,,,,,
44741,variation,56907799,,D-sign Rug 1D0897 Grey - 200x290,1,0,hidden,,D-sign Rug 1D0897 Grey 200x290 cm,,,taxable,parent,0,0,,0,0,,290,200,1.3,0,,,4140,,,,,,,56907796-H,,,,,,6,,,Size,200x290,,1,,,,,,,,,,,,,,,,,,,,,,,,,,,,,,,,,,,,,200x290,,,,,,,,,,,,1786455405,,,,,,,,,,,,92268,,,,,,,,,,,,,,,,,,,
44742,variation,56907798,,D-sign Rug 1D0897 Grey - 240x330,1,0,hidden,,D-sign Rug 1D0897 Grey 240x330 cm,,,taxable,parent,0,0,,0,0,,330,240,1.3,0,,,5460,,,,,,,56907796-H,,,,,,7,,,Size,240x330,,1,,,,,,,,,,,,,,,,,,,,,,,,,,,,,,,,,,,,,240x330,,,,,,,,,,,,1786455404,,,,,,,,,,,,92270,,,,,,,,,,,,,,,,,,,
44748,variable,56907810-H,,D-sign Rug 1D0901 Pink,1,0,hidden,D-sign Rug 1D0901 Pink,D-sign Rug 1D0901 Pink,,,taxable,,0,,,0,0,,,,,0,,,,"Rooms > Kids, Rugs > Kids, Rugs",,,"https://rugshop.eu/wp-content/uploads/2021/10/carpet-petit-teeny-heart-stars-pink.jpg, https://rugshop.eu/wp-content/uploads/2021/10/carpet-petit-teeny-heart-stars-pink-1.jpg, https://rugshop.eu/wp-content/uploads/2021/10/carpet-petit-teeny-heart-stars-pink-2.jpg, https://rugshop.eu/wp-content/uploads/2021/10/carpet-petit-teeny-heart-stars-pink-3.jpg",,,,,,,,,1324,,,Size,"120x170, 140x190, 160x220, 180x270, 200x290, 240x330",1,1,Brand,D-sign,1,1,Color,Pink-Purple,1,1,Type of color,Multicolor,1,1,Shape,Rectangular,1,1,Material,Polypropen,1,1,Type of rug,Modern,1,1,Weave,Machinemade,1,1,Country,Turkey,1,1,Age,New,1,1,,,,,default,default,default,default,,,,,1786456582,yes,yes,,,,,,,,,,,,,,,,,,,,,,,,,,,,,
44749,variable,56907809-H,,D-sign Rug 1D0902 Grey,1,0,hidden,D-sign Rug 1D0902 Grey,D-sign Rug 1D0902 Grey,,,taxable,,0,,,0,0,,,,,0,,,,"Rooms > Kids, Rugs > Kids, Rugs",,,"https://rugshop.eu/wp-content/uploads/2021/10/carpet-petit-street-streets-grey.jpg, https://rugshop.eu/wp-content/uploads/2021/10/carpet-petit-street-streets-grey-1.jpg, https://rugshop.eu/wp-content/uploads/2021/10/carpet-petit-street-streets-grey-2.jpg, https://rugshop.eu/wp-content/uploads/2021/10/carpet-petit-street-streets-grey-3.jpg",,,,,,,,,1325,,,Size,"120x170, 140x190, 160x220, 180x270, 200x290, 240x330, 280x370, 80x150",1,1,Brand,D-sign,1,1,Color,Black-Grey,1,1,Type of color,Multicolor,1,1,Shape,Rectangular,1,1,Material,Polypropen,1,1,Type of rug,Modern,1,1,Weave,Machinemade,1,1,Country,Turkey,1,1,Age,New,1,1,,,,,default,default,default,default,,,,,1786455447,yes,yes,,,,,,,,,,,,,,,,,,,,,,,,,,,,,
44750,variation,56907801,,D-sign Rug 1D0898 Blue - 120x170,1,0,hidden,,D-sign Rug 1D0898 Blue 120x170 cm,,,taxable,parent,0,0,,0,0,,170,120,1.3,0,,,1700,,,,,,,56907801-H,,,,,,1,,,Size,120x170,,1,,,,,,,,,,,,,,,,,,,,,,,,,,,,,,,,,,,,,120x170,,,,,,,,,,,,,,,,,,,,,,,,92271,,,,,,,,,,,,,,,,,,,
44751,variation,56912889,,D-sign Rug 1D0898 Blue - 140x190,1,0,hidden,,D-sign Rug 1D0898 Blue 140x190 cm,,,taxable,parent,0,0,,0,0,,190,140,1.3,0,,,2124,,,,,,,56907801-H,,,,,,2,,,Size,140x190,,1,,,,,,,,,,,,,,,,,,,,,,,,,,,,,,,,,,,,,140x190,,,,,,,,,,,,,,,,,,,,,,,,92272,,,,,,,,,,,,,,,,,,,
44752,variation,56912888,,D-sign Rug 1D0898 Blue - 160x220,1,0,hidden,,D-sign Rug 1D0898 Blue 160x220 cm,,,taxable,parent,0,0,,0,0,,220,160,1.3,0,,,2684,,,,,,,56907801-H,,,,,,3,,,Size,160x220,,1,,,,,,,,,,,,,,,,,,,,,,,,,,,,,,,,,,,,,160x220,,,,,,,,,,,,1786456552,,,,,,,,,,,,92450,,,,,,,,,,,,,,,,,,,
44753,variation,56912885,,D-sign Rug 1D0898 Blue - 180x270,1,0,hidden,,D-sign Rug 1D0898 Blue 180x270 cm,,,taxable,parent,0,0,,0,0,,270,180,1.3,0,,,3580,,,,,,,56907801-H,,,,,,4,,,Size,180x270,,1,,,,,,,,,,,,,,,,,,,,,,,,,,,,,,,,,,,,,180x270,,,,,,,,,,,,1786456550,,,,,,,,,,,,92274,,,,,,,,,,,,,,,,,,,
44754,variation,56912890,,D-sign Rug 1D0898 Blue - 200x290,1,0,hidden,,D-sign Rug 1D0898 Blue 200x290 cm,,,taxable,parent,0,0,,0,0,,290,200,1.3,0,,,4140,,,,,,,56907801-H,,,,,,5,,,Size,200x290,,1,,,,,,,,,,,,,,,,,,,,,,,,,,,,,,,,,,,,,200x290,,,,,,,,,,,,,,,,,,,,,,,,92275,,,,,,,,,,,,,,,,,,,
44755,variation,56912887,,D-sign Rug 1D0898 Blue - 240x330,1,0,hidden,,D-sign Rug 1D0898 Blue 240x330 cm,,,taxable,parent,0,0,,0,0,,330,240,1.3,0,,,5460,,,,,,,56907801-H,,,,,,6,,,Size,240x330,,1,,,,,,,,,,,,,,,,,,,,,,,,,,,,,,,,,,,,,240x330,,,,,,,,,,,,1786456551,,,,,,,,,,,,92451,,,,,,,,,,,,,,,,,,,
44772,variable,56907816-H,,D-sign Rug 1D0903 Blue,1,0,hidden,D-sign Rug 1D0903 Blue,D-sign Rug 1D0903 Blue,,,taxable,,0,,,0,0,,,,,0,,,,"Rooms > Kids, Rugs > Kids, Rugs",,,"https://rugshop.eu/wp-content/uploads/2021/10/carpet-petit-marine-anchor-sea-blue.jpg, https://rugshop.eu/wp-content/uploads/2021/10/carpet-petit-marine-anchor-sea-blue-1.jpg, https://rugshop.eu/wp-content/uploads/2021/10/carpet-petit-marine-anchor-sea-blue-2.jpg, https://rugshop.eu/wp-content/uploads/2021/10/carpet-petit-marine-anchor-sea-blue-3.jpg",,,,,,,,,1326,,,Size,"120x170, 140x190, 160x220, 180x270, 200x290",1,1,Brand,D-sign,1,1,Color,Blue,1,1,Type of color,Multicolor,1,1,Shape,Rectangular,1,1,Material,Polypropen,1,1,Type of rug,Modern,1,1,Weave,Machinemade,1,1,Country,Turkey,1,1,Age,New,1,1,,,,,default,default,default,default,,,,,1786456587,yes,yes,,,,,,,,,,,,,,,,,,,,,,,,,,,,,
44774,variation,56907803,,D-sign Rug 1D0900 Blue - 120x170,1,0,hidden,,D-sign Rug 1D0900 Blue 120x170 cm,,,taxable,parent,0,0,,0,0,,170,120,1.3,0,,,1700,,,,,,,56907803-H,,,,,,1,,,Size,120x170,,1,,,,,,,,,,,,,,,,,,,,,,,,,,,,,,,,,,,,,120x170,,,,,,,,,,,,1786455405,,,,,,,,,,,,92289,,,,,,,,,,,,,,,,,,,
44775,variation,56912884,,D-sign Rug 1D0900 Blue - 140x190,1,0,hidden,,D-sign Rug 1D0900 Blue 140x190 cm,,,taxable,parent,0,0,,0,0,,190,140,1.3,0,,,2124,,,,,,,56907803-H,,,,,,2,,,Size,140x190,,1,,,,,,,,,,,,,,,,,,,,,,,,,,,,,,,,,,,,,140x190,,,,,,,,,,,,1786456550,,,,,,,,,,,,92290,,,,,,,,,,,,,,,,,,,
44776,variation,56912893,,D-sign Rug 1D0900 Blue - 160x220,1,0,hidden,,D-sign Rug 1D0900 Blue 160x220 cm,,,taxable,parent,0,0,,0,0,,220,160,1.3,0,,,2684,,,,,,,56907803-H,,,,,,3,,,Size,160x220,,1,,,,,,,,,,,,,,,,,,,,,,,,,,,,,,,,,,,,,160x220,,,,,,,,,,,,1786456553,,,,,,,,,,,,92291,,,,,,,,,,,,,,,,,,,
44777,variation,56912900,,D-sign Rug 1D0900 Blue - 180x270,1,0,hidden,,D-sign Rug 1D0900 Blue 180x270 cm,,,taxable,parent,0,0,,0,0,,270,180,1.3,0,,,3580,,,,,,,56907803-H,,,,,,4,,,Size,180x270,,1,,,,,,,,,,,,,,,,,,,,,,,,,,,,,,,,,,,,,180x270,,,,,,,,,,,,1786456554,,,,,,,,,,,,92292,,,,,,,,,,,,,,,,,,,
44778,variation,56907808,,D-sign Rug 1D0900 Blue - 200x290,1,0,hidden,,D-sign Rug 1D0900 Blue 200x290 cm,,,taxable,parent,0,0,,0,0,,290,200,1.3,0,,,4140,,,,,,,56907803-H,,,,,,5,,,Size,200x290,,1,,,,,,,,,,,,,,,,,,,,,,,,,,,,,,,,,,,,,200x290,,,,,,,,,,,,1786455406,,,,,,,,,,,,92293,,,,,,,,,,,,,,,,,,,
44779,variation,56907811,,D-sign Rug 1D0900 Blue - 240x330,1,0,hidden,,D-sign Rug 1D0900 Blue 240x330 cm,,,taxable,parent,0,0,,0,0,,330,240,1.3,0,,,5460,,,,,,,56907803-H,,,,,,6,,,Size,240x330,,1,,,,,,,,,,,,,,,,,,,,,,,,,,,,,,,,,,,,,240x330,,,,,,,,,,,,1786455433,,,,,,,,,,,,92294,,,,,,,,,,,,,,,,,,,
44785,variation,56907810,,D-sign Rug 1D0901 Pink - 120x170,1,0,hidden,,D-sign Rug 1D0901 Pink 120x170 cm,,,taxable,parent,0,0,,0,0,,170,120,1.3,0,,,1700,,,,,,,56907810-H,,,,,,1,,,Size,120x170,,1,,,,,,,,,,,,,,,,,,,,,,,,,,,,,,,,,,,,,120x170,,,,,,,,,,,,1786455432,,,,,,,,,,,,92295,,,,,,,,,,,,,,,,,,,
44786,variation,56912897,,D-sign Rug 1D0901 Pink - 140x190,1,0,hidden,,D-sign Rug 1D0901 Pink 140x190 cm,,,taxable,parent,0,0,,0,0,,190,140,1.3,0,,,2124,,,,,,,56907810-H,,,,,,2,,,Size,140x190,,1,,,,,,,,,,,,,,,,,,,,,,,,,,,,,,,,,,,,,140x190,,,,,,,,,,,,,,,,,,,,,,,,92296,,,,,,,,,,,,,,,,,,,
44787,variation,56912902,,D-sign Rug 1D0901 Pink - 160x220,1,0,hidden,,D-sign Rug 1D0901 Pink 160x220 cm,,,taxable,parent,0,0,,0,0,,220,160,1.3,0,,,2684,,,,,,,56907810-H,,,,,,3,,,Size,160x220,,1,,,,,,,,,,,,,,,,,,,,,,,,,,,,,,,,,,,,,160x220,,,,,,,,,,,,1786456554,,,,,,,,,,,,92452,,,,,,,,,,,,,,,,,,,
44788,variation,56912906,,D-sign Rug 1D0901 Pink - 180x270,1,0,hidden,,D-sign Rug 1D0901 Pink 180x270 cm,,,taxable,parent,0,0,,0,0,,270,180,1.3,0,,,3580,,,,,,,56907810-H,,,,,,4,,,Size,180x270,,1,,,,,,,,,,,,,,,,,,,,,,,,,,,,,,,,,,,,,180x270,,,,,,,,,,,,1786456555,,,,,,,,,,,,92298,,,,,,,,,,,,,,,,,,,
44789,variation,56912919,,D-sign Rug 1D0901 Pink - 200x290,1,0,hidden,,D-sign Rug 1D0901 Pink 200x290 cm,,,taxable,parent,0,0,,0,0,,290,200,1.3,0,,,4140,,,,,,,56907810-H,,,,,,5,,,Size,200x290,,1,,,,,,,,,,,,,,,,,,,,,,,,,,,,,,,,,,,,,200x290,,,,,,,,,,,,1786456558,,,,,,,,,,,,92299,,,,,,,,,,,,,,,,,,,
44790,variation,56912898,,D-sign Rug 1D0901 Pink - 240x330,1,0,hidden,,D-sign Rug 1D0901 Pink 240x330 cm,,,taxable,parent,0,0,,0,0,,330,240,1.3,0,,,5460,,,,,,,56907810-H,,,,,,6,,,Size,240x330,,1,,,,,,,,,,,,,,,,,,,,,,,,,,,,,,,,,,,,,240x330,,,,,,,,,,,,,,,,,,,,,,,,92453,,,,,,,,,,,,,,,,,,,
44796,variable,56907821-H,,D-sign Rug 1D0905 Grey,1,0,hidden,D-sign Rug 1D0905 Grey,D-sign Rug 1D0905 Grey,,,taxable,,0,,,0,0,,,,,0,,,,"Rooms > Kids, Rugs > Kids, Rugs",,,"https://rugshop.eu/wp-content/uploads/2021/10/carpet-petit-elephant-stars-grey.jpg, https://rugshop.eu/wp-content/uploads/2021/10/carpet-petit-elephant-stars-grey-1.jpg, https://rugshop.eu/wp-content/uploads/2021/10/carpet-petit-elephant-stars-grey-2.jpg, https://rugshop.eu/wp-content/uploads/2021/10/carpet-petit-elephant-stars-grey-3.jpg",,,,,,,,,1328,,,Size,"120x170, 140x190, 160x220, 180x270, 200x290",1,1,Brand,D-sign,1,1,Color,Black-Grey,1,1,Type of color,Multicolor,1,1,Shape,Rectangular,1,1,Material,Polypropen,1,1,Type of rug,Modern,1,1,Weave,Machinemade,1,1,Country,Turkey,1,1,Age,New,1,1,,,,,default,default,default,default,,,,,1786456594,yes,yes,,,,,,,,,,,,,,,,,,,,,,,,,,,,,
44797,variable,56907823-H,,D-sign Rug 1D0906 Blue,1,0,hidden,D-sign Rug 1D0906 Blue,D-sign Rug 1D0906 Blue,,,taxable,,0,,,0,0,,,,,0,,,,"Rooms > Kids, Rugs > Kids, Rugs",,,"https://rugshop.eu/wp-content/uploads/2021/10/carpet-petit-corsair-pirate-ship-anchor-blue.jpg, https://rugshop.eu/wp-content/uploads/2021/10/carpet-petit-corsair-pirate-ship-anchor-blue-1.jpg, https://rugshop.eu/wp-content/uploads/2021/10/carpet-petit-corsair-pirate-ship-anchor-blue-2.jpg, https://rugshop.eu/wp-content/uploads/2021/10/carpet-petit-corsair-pirate-ship-anchor-blue-3.jpg",,,,,,,,,1329,,,Size,"120x170, 140x190, 160x220, 180x270, 200x290, 240x330",1,1,Brand,D-sign,1,1,Color,Blue,1,1,Type of color,Multicolor,1,1,Shape,Rectangular,1,1,Material,Polypropen,1,1,Type of rug,Modern,1,1,Weave,Machinemade,1,1,Country,Turkey,1,1,Age,New,1,1,,,,,default,default,default,default,,,,,1786456599,yes,yes,,,,,,,,,,,,,,,,,,,,,,,,,,,,,
44798,variation,56907809,,D-sign Rug 1D0902 Grey - 80x150,1,0,hidden,,D-sign Rug 1D0902 Grey 80x150 cm,,,taxable,parent,0,0,,0,0,,150,80,1.3,0,,,1188,,,,,,,56907809-H,,,,,,1,,,Size,80x150,,1,,,,,,,,,,,,,,,,,,,,,,,,,,,,,,,,,,,,,80x150,,,,,,,,,,,,1786455431,,,,,,,,,,,,92306,,,,,,,,,,,,,,,,,,,
44799,variation,56912905,,D-sign Rug 1D0902 Grey - 120x170,1,0,hidden,,D-sign Rug 1D0902 Grey 120x170 cm,,,taxable,parent,0,0,,0,0,,170,120,1.3,0,,,1700,,,,,,,56907809-H,,,,,,2,,,Size,120x170,,1,,,,,,,,,,,,,,,,,,,,,,,,,,,,,,,,,,,,,120x170,,,,,,,,,,,,,,,,,,,,,,,,92301,,,,,,,,,,,,,,,,,,,
44800,variation,56907818,,D-sign Rug 1D0902 Grey - 140x190,1,0,hidden,,D-sign Rug 1D0902 Grey 140x190 cm,,,taxable,parent,0,0,,0,0,,190,140,1.3,0,,,2124,,,,,,,56907809-H,,,,,,3,,,Size,140x190,,1,,,,,,,,,,,,,,,,,,,,,,,,,,,,,,,,,,,,,140x190,,,,,,,,,,,,,,,,,,,,,,,,92454,,,,,,,,,,,,,,,,,,,
44801,variation,56907817,,D-sign Rug 1D0902 Grey - 160x220,1,0,hidden,,D-sign Rug 1D0902 Grey 160x220 cm,,,taxable,parent,0,0,,0,0,,220,160,1.3,0,,,2684,,,,,,,56907809-H,,,,,,4,,,Size,160x220,,1,,,,,,,,,,,,,,,,,,,,,,,,,,,,,,,,,,,,,160x220,,,,,,,,,,,,1786455435,,,,,,,,,,,,92303,,,,,,,,,,,,,,,,,,,
44802,variation,56907812,,D-sign Rug 1D0902 Grey - 180x270,1,0,hidden,,D-sign Rug 1D0902 Grey 180x270 cm,,,taxable,parent,0,0,,0,0,,270,180,1.3,0,,,3580,,,,,,,56907809-H,,,,,,5,,,Size,180x270,,1,,,,,,,,,,,,,,,,,,,,,,,,,,,,,,,,,,,,,180x270,,,,,,,,,,,,1786455434,,,,,,,,,,,,92304,,,,,,,,,,,,,,,,,,,
44803,variation,56907813,,D-sign Rug 1D0902 Grey - 200x290,1,0,hidden,,D-sign Rug 1D0902 Grey 200x290 cm,,,taxable,parent,0,0,,0,0,,290,200,1.3,0,,,4140,,,,,,,56907809-H,,,,,,6,,,Size,200x290,,1,,,,,,,,,,,,,,,,,,,,,,,,,,,,,,,,,,,,,200x290,,,,,,,,,,,,,,,,,,,,,,,,92305,,,,,,,,,,,,,,,,,,,
44804,variation,56907814,,D-sign Rug 1D0902 Grey - 240x330,1,0,hidden,,D-sign Rug 1D0902 Grey 240x330 cm,,,taxable,parent,0,0,,0,0,,330,240,1.3,0,,,5460,,,,,,,56907809-H,,,,,,7,,,Size,240x330,,1,,,,,,,,,,,,,,,,,,,,,,,,,,,,,,,,,,,,,240x330,,,,,,,,,,,,1786455434,,,,,,,,,,,,92308,,,,,,,,,,,,,,,,,,,
44805,variation,56907815,,D-sign Rug 1D0902 Grey - 280x370,1,0,hidden,,D-sign Rug 1D0902 Grey 280x370 cm,,,taxable,parent,0,0,,0,0,,370,280,1.3,0,,,7788,,,,,,,56907809-H,,,,,,8,,,Size,280x370,,1,,,,,,,,,,,,,,,,,,,,,,,,,,,,,,,,,,,,,280x370,,,,,,,,,,,,1786455435,,,,,,,,,,,,92307,,,,,,,,,,,,,,,,,,,
44811,variation,56907816,,D-sign Rug 1D0903 Blue - 120x170,1,0,hidden,,D-sign Rug 1D0903 Blue 120x170 cm,,,taxable,parent,0,0,,0,0,,170,120,1.3,0,,,1700,,,,,,,56907816-H,,,,,,1,,,Size,120x170,,1,,,,,,,,,,,,,,,,,,,,,,,,,,,,,,,,,,,,,120x170,,,,,,,,,,,,,,,,,,,,,,,,92311,,,,,,,,,,,,,,,,,,,
44812,variation,56912921,,D-sign Rug 1D0903 Blue - 140x190,1,0,hidden,,D-sign Rug 1D0903 Blue 140x190 cm,,,taxable,parent,0,0,,0,0,,190,140,1.3,0,,,2124,,,,,,,56907816-H,,,,,,2,,,Size,140x190,,1,,,,,,,,,,,,,,,,,,,,,,,,,,,,,,,,,,,,,140x190,,,,,,,,,,,,,,,,,,,,,,,,92455,,,,,,,,,,,,,,,,,,,
44813,variation,56912915,,D-sign Rug 1D0903 Blue - 160x220,1,0,hidden,,D-sign Rug 1D0903 Blue 160x220 cm,,,taxable,parent,0,0,,0,0,,220,160,1.3,0,,,2684,,,,,,,56907816-H,,,,,,3,,,Size,160x220,,1,,,,,,,,,,,,,,,,,,,,,,,,,,,,,,,,,,,,,160x220,,,,,,,,,,,,1786456556,,,,,,,,,,,,92313,,,,,,,,,,,,,,,,,,,
44814,variation,56912914,,D-sign Rug 1D0903 Blue - 180x270,1,0,hidden,,D-sign Rug 1D0903 Blue 180x270 cm,,,taxable,parent,0,0,,0,0,,270,180,1.3,0,,,3580,,,,,,,56907816-H,,,,,,4,,,Size,180x270,,1,,,,,,,,,,,,,,,,,,,,,,,,,,,,,,,,,,,,,180x270,,,,,,,,,,,,1786456555,,,,,,,,,,,,92314,,,,,,,,,,,,,,,,,,,
44815,variation,56907820,,D-sign Rug 1D0903 Blue - 200x290,1,0,hidden,,D-sign Rug 1D0903 Blue 200x290 cm,,,taxable,parent,0,0,,0,0,,290,200,1.3,0,,,4140,,,,,,,56907816-H,,,,,,5,,,Size,200x290,,1,,,,,,,,,,,,,,,,,,,,,,,,,,,,,,,,,,,,,200x290,,,,,,,,,,,,,,,,,,,,,,,,92315,,,,,,,,,,,,,,,,,,,
44821,variable,56907824-H,,D-sign Rug 1D0907 Grey,1,0,hidden,D-sign Rug 1D0907 Grey,D-sign Rug 1D0907 Grey,,,taxable,,0,,,0,0,,,,,0,,,,"Rooms > Kids, Rugs > Kids, Rugs",,,"https://rugshop.eu/wp-content/uploads/2021/10/carpet-petit-city-streets-grey.jpg, https://rugshop.eu/wp-content/uploads/2021/10/carpet-petit-city-streets-grey-1.jpg, https://rugshop.eu/wp-content/uploads/2021/10/carpet-petit-city-streets-grey-2.jpg, https://rugshop.eu/wp-content/uploads/2021/10/carpet-petit-city-streets-grey-3.jpg",,,,,,,,,1330,,,Size,"120x170, 140x190, 160x220, 180x270, 200x290, 240x330, 280x370, 80x150",1,1,Brand,D-sign,1,1,Color,Black-Grey,1,1,Type of color,Multicolor,1,1,Shape,Rectangular,1,1,Material,Polypropen,1,1,Type of rug,Modern,1,1,Weave,Machinemade,1,1,Country,Turkey,1,1,Age,New,1,1,,,,,default,default,default,default,,,,,1786455458,yes,yes,,,,,,,,,,,,,,,,,,,,,,,,,,,,,
44822,variable,56907828-H,,D-sign Rug 1D0908 Grey,1,0,hidden,D-sign Rug 1D0908 Grey,D-sign Rug 1D0908 Grey,,,taxable,,0,,,0,0,,,,,0,,,,"Rooms > Kids, Rugs > Kids, Rugs",,,"https://rugshop.eu/wp-content/uploads/2021/10/carpet-petit-raccoon-mukki-grey.jpg, https://rugshop.eu/wp-content/uploads/2021/10/carpet-petit-raccoon-mukki-grey-1.jpg, https://rugshop.eu/wp-content/uploads/2021/10/carpet-petit-raccoon-mukki-grey-2.jpg, https://rugshop.eu/wp-content/uploads/2021/10/carpet-petit-raccoon-mukki-grey-3.jpg",,,,,,,,,1331,,,Size,"120x170, 140x190, 160x220, 180x270, 200x290, 80x150",1,1,Brand,D-sign,1,1,Color,Black-Grey,1,1,Type of color,Multicolor,1,1,Shape,Rectangular,1,1,Material,Polypropen,1,1,Type of rug,Modern,1,1,Weave,Machinemade,1,1,Country,Turkey,1,1,Age,New,1,1,,,,,default,default,default,default,,,,,1786456596,yes,yes,,,,,,,,,,,,,,,,,,,,,,,,,,,,,
44833,variation,56907821,,D-sign Rug 1D0905 Grey - 120x170,1,0,hidden,,D-sign Rug 1D0905 Grey 120x170 cm,,,taxable,parent,0,0,,0,0,,170,120,1.3,0,,,1700,,,,,,,56907821-H,,,,,,1,,,Size,120x170,,1,,,,,,,,,,,,,,,,,,,,,,,,,,,,,,,,,,,,,120x170,,,,,,,,,,,,1786455436,,,,,,,,,,,,92328,,,,,,,,,,,,,,,,,,,
44834,variation,56912922,,D-sign Rug 1D0905 Grey - 140x190,1,0,hidden,,D-sign Rug 1D0905 Grey 140x190 cm,,,taxable,parent,0,0,,0,0,,190,140,1.3,0,,,2124,,,,,,,56907821-H,,,,,,2,,,Size,140x190,,1,,,,,,,,,,,,,,,,,,,,,,,,,,,,,,,,,,,,,140x190,,,,,,,,,,,,1786456558,,,,,,,,,,,,92327,,,,,,,,,,,,,,,,,,,
44835,variation,56912933,,D-sign Rug 1D0905 Grey - 160x220,1,0,hidden,,D-sign Rug 1D0905 Grey 160x220 cm,,,taxable,parent,0,0,,0,0,,220,160,1.3,0,,,2684,,,,,,,56907821-H,,,,,,3,,,Size,160x220,,1,,,,,,,,,,,,,,,,,,,,,,,,,,,,,,,,,,,,,160x220,,,,,,,,,,,,1786456559,,,,,,,,,,,,92329,,,,,,,,,,,,,,,,,,,
44836,variation,56907825,,D-sign Rug 1D0905 Grey - 180x270,1,0,hidden,,D-sign Rug 1D0905 Grey 180x270 cm,,,taxable,parent,0,0,,0,0,,270,180,1.3,0,,,3580,,,,,,,56907821-H,,,,,,4,,,Size,180x270,,1,,,,,,,,,,,,,,,,,,,,,,,,,,,,,,,,,,,,,180x270,,,,,,,,,,,,1786455437,,,,,,,,,,,,92331,,,,,,,,,,,,,,,,,,,
44837,variation,56912916,,D-sign Rug 1D0905 Grey - 200x290,1,0,hidden,,D-sign Rug 1D0905 Grey 200x290 cm,,,taxable,parent,0,0,,0,0,,290,200,1.3,0,,,4140,,,,,,,56907821-H,,,,,,5,,,Size,200x290,,1,,,,,,,,,,,,,,,,,,,,,,,,,,,,,,,,,,,,,200x290,,,,,,,,,,,,1786456557,,,,,,,,,,,,92330,,,,,,,,,,,,,,,,,,,
44843,variable,56907870-H,,D-sign Rug 1D0909 Grey,1,0,hidden,D-sign Rug 1D0909 Grey,D-sign Rug 1D0909 Grey,,,taxable,,0,,,0,0,,,,,0,,,,"Rooms > Kids, Rugs > Kids, Rugs",,,"https://rugshop.eu/wp-content/uploads/2021/10/carpet-petit-panda-grey.jpg, https://rugshop.eu/wp-content/uploads/2021/10/carpet-petit-panda-grey-1.jpg, https://rugshop.eu/wp-content/uploads/2021/10/carpet-petit-panda-grey-2.jpg, https://rugshop.eu/wp-content/uploads/2021/10/carpet-petit-panda-grey-3.jpg",,,,,,,,,1332,,,Size,"120x170, 140x190, 160x220, 180x270, 200x290, 80x150",1,1,Brand,D-sign,1,1,Color,Black-Grey,1,1,Type of color,Multicolor,1,1,Shape,Rectangular,1,1,Material,Polypropen,1,1,Type of rug,Modern,1,1,Weave,Machinemade,1,1,Country,Turkey,1,1,Age,New,1,1,,,,,default,default,default,default,,,,,1786456645,yes,yes,,,,,,,,,,,,,,,,,,,,,,,,,,,,,
44845,variation,56907823,,D-sign Rug 1D0906 Blue - 120x170,1,0,hidden,,D-sign Rug 1D0906 Blue 120x170 cm,,,taxable,parent,0,0,,0,0,,170,120,1.3,0,,,1700,,,,,,,56907823-H,,,,,,1,,,Size,120x170,,1,,,,,,,,,,,,,,,,,,,,,,,,,,,,,,,,,,,,,120x170,,,,,,,,,,,,,,,,,,,,,,,,92332,,,,,,,,,,,,,,,,,,,
44846,variation,56912937,,D-sign Rug 1D0906 Blue - 140x190,1,0,hidden,,D-sign Rug 1D0906 Blue 140x190 cm,,,taxable,parent,0,0,,0,0,,190,140,1.3,0,,,2124,,,,,,,56907823-H,,,,,,2,,,Size,140x190,,1,,,,,,,,,,,,,,,,,,,,,,,,,,,,,,,,,,,,,140x190,,,,,,,,,,,,,,,,,,,,,,,,92336,,,,,,,,,,,,,,,,,,,
44847,variation,56912930,,D-sign Rug 1D0906 Blue - 160x220,1,0,hidden,,D-sign Rug 1D0906 Blue 160x220 cm,,,taxable,parent,0,0,,0,0,,220,160,1.3,0,,,2684,,,,,,,56907823-H,,,,,,3,,,Size,160x220,,1,,,,,,,,,,,,,,,,,,,,,,,,,,,,,,,,,,,,,160x220,,,,,,,,,,,,,,,,,,,,,,,,92333,,,,,,,,,,,,,,,,,,,
44848,variation,56912936,,D-sign Rug 1D0906 Blue - 180x270,1,0,hidden,,D-sign Rug 1D0906 Blue 180x270 cm,,,taxable,parent,0,0,,0,0,,270,180,1.3,0,,,3580,,,,,,,56907823-H,,,,,,4,,,Size,180x270,,1,,,,,,,,,,,,,,,,,,,,,,,,,,,,,,,,,,,,,180x270,,,,,,,,,,,,1786456560,,,,,,,,,,,,92334,,,,,,,,,,,,,,,,,,,
44849,variation,56912932,,D-sign Rug 1D0906 Blue - 200x290,1,0,hidden,,D-sign Rug 1D0906 Blue 200x290 cm,,,taxable,parent,0,0,,0,0,,290,200,1.3,0,,,4140,,,,,,,56907823-H,,,,,,5,,,Size,200x290,,1,,,,,,,,,,,,,,,,,,,,,,,,,,,,,,,,,,,,,200x290,,,,,,,,,,,,,,,,,,,,,,,,92335,,,,,,,,,,,,,,,,,,,
44850,variation,56912931,,D-sign Rug 1D0906 Blue - 240x330,1,0,hidden,,D-sign Rug 1D0906 Blue 240x330 cm,,,taxable,parent,0,0,,0,0,,330,240,1.3,0,,,5460,,,,,,,56907823-H,,,,,,6,,,Size,240x330,,1,,,,,,,,,,,,,,,,,,,,,,,,,,,,,,,,,,,,,240x330,,,,,,,,,,,,,,,,,,,,,,,,92337,,,,,,,,,,,,,,,,,,,
44856,variation,56907824,,D-sign Rug 1D0907 Grey - 80x150,1,0,hidden,,D-sign Rug 1D0907 Grey 80x150 cm,,,taxable,parent,0,0,,0,0,,150,80,1.3,0,,,1188,,,,,,,56907824-H,,,,,,1,,,Size,80x150,,1,,,,,,,,,,,,,,,,,,,,,,,,,,,,,,,,,,,,,80x150,,,,,,,,,,,,1786455436,,,,,,,,,,,,92343,,,,,,,,,,,,,,,,,,,
44857,variation,56912938,,D-sign Rug 1D0907 Grey - 120x170,1,0,hidden,,D-sign Rug 1D0907 Grey 120x170 cm,,,taxable,parent,0,0,,0,0,,170,120,1.3,0,,,1700,,,,,,,56907824-H,,,,,,2,,,Size,120x170,,1,,,,,,,,,,,,,,,,,,,,,,,,,,,,,,,,,,,,,120x170,,,,,,,,,,,,,,,,,,,,,,,,92338,,,,,,,,,,,,,,,,,,,
44858,variation,56912934,,D-sign Rug 1D0907 Grey - 140x190,1,0,hidden,,D-sign Rug 1D0907 Grey 140x190 cm,,,taxable,parent,0,0,,0,0,,190,140,1.3,0,,,2124,,,,,,,56907824-H,,,,,,3,,,Size,140x190,,1,,,,,,,,,,,,,,,,,,,,,,,,,,,,,,,,,,,,,140x190,,,,,,,,,,,,,,,,,,,,,,,,92339,,,,,,,,,,,,,,,,,,,
44859,variation,56907827,,D-sign Rug 1D0907 Grey - 160x220,1,0,hidden,,D-sign Rug 1D0907 Grey 160x220 cm,,,taxable,parent,0,0,,0,0,,220,160,1.3,0,,,2684,,,,,,,56907824-H,,,,,,4,,,Size,160x220,,1,,,,,,,,,,,,,,,,,,,,,,,,,,,,,,,,,,,,,160x220,,,,,,,,,,,,,,,,,,,,,,,,92340,,,,,,,,,,,,,,,,,,,
44860,variation,56907831,,D-sign Rug 1D0907 Grey - 180x270,1,0,hidden,,D-sign Rug 1D0907 Grey 180x270 cm,,,taxable,parent,0,0,,0,0,,270,180,1.3,0,,,3580,,,,,,,56907824-H,,,,,,5,,,Size,180x270,,1,,,,,,,,,,,,,,,,,,,,,,,,,,,,,,,,,,,,,180x270,,,,,,,,,,,,1786455438,,,,,,,,,,,,92341,,,,,,,,,,,,,,,,,,,
44861,variation,56907829,,D-sign Rug 1D0907 Grey - 200x290,1,0,hidden,,D-sign Rug 1D0907 Grey 200x290 cm,,,taxable,parent,0,0,,0,0,,290,200,1.3,0,,,4140,,,,,,,56907824-H,,,,,,6,,,Size,200x290,,1,,,,,,,,,,,,,,,,,,,,,,,,,,,,,,,,,,,,,200x290,,,,,,,,,,,,1786455437,,,,,,,,,,,,92342,,,,,,,,,,,,,,,,,,,
44862,variation,56907832,,D-sign Rug 1D0907 Grey - 240x330,1,0,hidden,,D-sign Rug 1D0907 Grey 240x330 cm,,,taxable,parent,0,0,,0,0,,330,240,1.3,0,,,5460,,,,,,,56907824-H,,,,,,7,,,Size,240x330,,1,,,,,,,,,,,,,,,,,,,,,,,,,,,,,,,,,,,,,240x330,,,,,,,,,,,,1786455438,,,,,,,,,,,,92344,,,,,,,,,,,,,,,,,,,
44863,variation,56907830,,D-sign Rug 1D0907 Grey - 280x370,1,0,hidden,,D-sign Rug 1D0907 Grey 280x370 cm,,,taxable,parent,0,0,,0,0,,370,280,1.3,0,,,7788,,,,,,,56907824-H,,,,,,8,,,Size,280x370,,1,,,,,,,,,,,,,,,,,,,,,,,,,,,,,,,,,,,,,280x370,,,,,,,,,,,,1786455438,,,,,,,,,,,,92345,,,,,,,,,,,,,,,,,,,
44870,variable,56907833-H,,D-sign Rug 1D0912 Grey,1,0,hidden,D-sign Rug 1D0912 Grey,D-sign Rug 1D0912 Grey,,,taxable,,0,,,0,0,,,,,0,,,,"Rooms > Kids, Rugs > Kids, Rugs",,,"https://rugshop.eu/wp-content/uploads/2021/10/carpet-petit-star-circle-grey.jpg, https://rugshop.eu/wp-content/uploads/2021/10/carpet-petit-star-circle-grey-1.jpg, https://rugshop.eu/wp-content/uploads/2021/10/carpet-petit-star-circle-grey-2.jpg, https://rugshop.eu/wp-content/uploads/2021/10/carpet-petit-star-circle-grey-3.jpg",,,,,,,,,1335,,,Size,"120, 140, 160",1,1,Brand,D-sign,1,1,Color,Black-Grey,1,1,Type of color,Multicolor,1,1,Shape,Round,1,1,Material,Polypropen,1,1,Type of rug,Modern,1,1,Weave,Machinemade,1,1,Country,Turkey,1,1,Age,New,1,1,,,,,default,default,default,default,,,,,1786456602,yes,yes,,,,,,,,,,,,,,,,,,,,,,,,,,,,,
44871,variable,56907835-H,,D-sign Rug 1D0913 Cream,1,0,hidden,D-sign Rug 1D0913 Cream,D-sign Rug 1D0913 Cream,,,taxable,,0,,,0,0,,,,,0,,,,"Rooms > Kids, Rugs > Kids, Rugs",,,"https://rugshop.eu/wp-content/uploads/2021/10/carpet-petit-garden-flamingos-monstera-leaves-cream.jpg, https://rugshop.eu/wp-content/uploads/2021/10/carpet-petit-garden-flamingos-monstera-leaves-cream-1.jpg, https://rugshop.eu/wp-content/uploads/2021/10/carpet-petit-garden-flamingos-monstera-leaves-cream-2.jpg, https://rugshop.eu/wp-content/uploads/2021/10/carpet-petit-garden-flamingos-monstera-leaves-cream-3.jpg",,,,,,,,,1336,,,Size,"120x170, 140x190, 160x220, 180x270, 200x290, 80x150",1,1,Brand,D-sign,1,1,Color,White-Beige,1,1,Type of color,Multicolor,1,1,Shape,Rectangular,1,1,Material,Polypropen,1,1,Type of rug,Modern,1,1,Weave,Machinemade,1,1,Country,Turkey,1,1,Age,New,1,1,,,,,default,default,default,default,,,,,1786456605,yes,yes,,,,,,,,,,,,,,,,,,,,,,,,,,,,,
44872,variation,56907828,,D-sign Rug 1D0908 Grey - 80x150,1,0,hidden,,D-sign Rug 1D0908 Grey 80x150 cm,,,taxable,parent,0,0,,0,0,,150,80,1.3,0,,,1188,,,,,,,56907828-H,,,,,,1,,,Size,80x150,,1,,,,,,,,,,,,,,,,,,,,,,,,,,,,,,,,,,,,,80x150,,,,,,,,,,,,,,,,,,,,,,,,92351,,,,,,,,,,,,,,,,,,,
44873,variation,56912948,,D-sign Rug 1D0908 Grey - 120x170,1,0,hidden,,D-sign Rug 1D0908 Grey 120x170 cm,,,taxable,parent,0,0,,0,0,,170,120,1.3,0,,,1700,,,,,,,56907828-H,,,,,,2,,,Size,120x170,,1,,,,,,,,,,,,,,,,,,,,,,,,,,,,,,,,,,,,,120x170,,,,,,,,,,,,,,,,,,,,,,,,92346,,,,,,,,,,,,,,,,,,,
44874,variation,56912935,,D-sign Rug 1D0908 Grey - 140x190,1,0,hidden,,D-sign Rug 1D0908 Grey 140x190 cm,,,taxable,parent,0,0,,0,0,,190,140,1.3,0,,,2124,,,,,,,56907828-H,,,,,,3,,,Size,140x190,,1,,,,,,,,,,,,,,,,,,,,,,,,,,,,,,,,,,,,,140x190,,,,,,,,,,,,1786456559,,,,,,,,,,,,92347,,,,,,,,,,,,,,,,,,,
44875,variation,56912949,,D-sign Rug 1D0908 Grey - 160x220,1,0,hidden,,D-sign Rug 1D0908 Grey 160x220 cm,,,taxable,parent,0,0,,0,0,,220,160,1.3,0,,,2684,,,,,,,56907828-H,,,,,,4,,,Size,160x220,,1,,,,,,,,,,,,,,,,,,,,,,,,,,,,,,,,,,,,,160x220,,,,,,,,,,,,1786456565,,,,,,,,,,,,92348,,,,,,,,,,,,,,,,,,,
44876,variation,56912939,,D-sign Rug 1D0908 Grey - 180x270,1,0,hidden,,D-sign Rug 1D0908 Grey 180x270 cm,,,taxable,parent,0,0,,0,0,,270,180,1.3,0,,,3580,,,,,,,56907828-H,,,,,,5,,,Size,180x270,,1,,,,,,,,,,,,,,,,,,,,,,,,,,,,,,,,,,,,,180x270,,,,,,,,,,,,,,,,,,,,,,,,92349,,,,,,,,,,,,,,,,,,,
44877,variation,56907871,,D-sign Rug 1D0908 Grey - 200x290,1,0,hidden,,D-sign Rug 1D0908 Grey 200x290 cm,,,taxable,parent,0,0,,0,0,,290,200,1.3,0,,,4140,,,,,,,56907828-H,,,,,,6,,,Size,200x290,,1,,,,,,,,,,,,,,,,,,,,,,,,,,,,,,,,,,,,,200x290,,,,,,,,,,,,,,,,,,,,,,,,92350,,,,,,,,,,,,,,,,,,,
44883,variation,56907870,,D-sign Rug 1D0909 Grey - 80x150,1,0,hidden,,D-sign Rug 1D0909 Grey 80x150 cm,,,taxable,parent,0,0,,0,0,,150,80,1.3,0,,,1188,,,,,,,56907870-H,,,,,,1,,,Size,80x150,,1,,,,,,,,,,,,,,,,,,,,,,,,,,,,,,,,,,,,,80x150,,,,,,,,,,,,1786455470,,,,,,,,,,,,92357,,,,,,,,,,,,,,,,,,,
44884,variation,56913055,,D-sign Rug 1D0909 Grey - 120x170,1,0,hidden,,D-sign Rug 1D0909 Grey 120x170 cm,,,taxable,parent,0,0,,0,0,,170,120,1.3,0,,,1700,,,,,,,56907870-H,,,,,,2,,,Size,120x170,,1,,,,,,,,,,,,,,,,,,,,,,,,,,,,,,,,,,,,,120x170,,,,,,,,,,,,1786456626,,,,,,,,,,,,92352,,,,,,,,,,,,,,,,,,,
44885,variation,56913038,,D-sign Rug 1D0909 Grey - 140x190,1,0,hidden,,D-sign Rug 1D0909 Grey 140x190 cm,,,taxable,parent,0,0,,0,0,,190,140,1.3,0,,,2124,,,,,,,56907870-H,,,,,,3,,,Size,140x190,,1,,,,,,,,,,,,,,,,,,,,,,,,,,,,,,,,,,,,,140x190,,,,,,,,,,,,1786456621,,,,,,,,,,,,92353,,,,,,,,,,,,,,,,,,,
44886,variation,56913035,,D-sign Rug 1D0909 Grey - 160x220,1,0,hidden,,D-sign Rug 1D0909 Grey 160x220 cm,,,taxable,parent,0,0,,0,0,,220,160,1.3,0,,,2684,,,,,,,56907870-H,,,,,,4,,,Size,160x220,,1,,,,,,,,,,,,,,,,,,,,,,,,,,,,,,,,,,,,,160x220,,,,,,,,,,,,1786456619,,,,,,,,,,,,92354,,,,,,,,,,,,,,,,,,,
44887,variation,56913041,,D-sign Rug 1D0909 Grey - 180x270,1,0,hidden,,D-sign Rug 1D0909 Grey 180x270 cm,,,taxable,parent,0,0,,0,0,,270,180,1.3,0,,,3580,,,,,,,56907870-H,,,,,,5,,,Size,180x270,,1,,,,,,,,,,,,,,,,,,,,,,,,,,,,,,,,,,,,,180x270,,,,,,,,,,,,1786456624,,,,,,,,,,,,92355,,,,,,,,,,,,,,,,,,,
44888,variation,56913042,,D-sign Rug 1D0909 Grey - 200x290,1,0,hidden,,D-sign Rug 1D0909 Grey 200x290 cm,,,taxable,parent,0,0,,0,0,,290,200,1.3,0,,,4140,,,,,,,56907870-H,,,,,,6,,,Size,200x290,,1,,,,,,,,,,,,,,,,,,,,,,,,,,,,,,,,,,,,,200x290,,,,,,,,,,,,1786456625,,,,,,,,,,,,92356,,,,,,,,,,,,,,,,,,,
44894,variable,56907836-H,,D-sign Rug 1D0914 Cream,1,0,hidden,D-sign Rug 1D0914 Cream,D-sign Rug 1D0914 Cream,,,taxable,,0,,,0,0,,,,,0,,,,"Rooms > Kids, Rugs > Kids, Rugs",,,"https://rugshop.eu/wp-content/uploads/2021/10/carpet-petit-flamingos-hearts-cream.jpg, https://rugshop.eu/wp-content/uploads/2021/10/carpet-petit-flamingos-hearts-cream-1.jpg, https://rugshop.eu/wp-content/uploads/2021/10/carpet-petit-flamingos-hearts-cream-2.jpg, https://rugshop.eu/wp-content/uploads/2021/10/carpet-petit-flamingos-hearts-cream-3.jpg",,,,,,,,,1337,,,Size,"120x170, 140x190, 160x220, 180x270, 200x290, 80x150",1,1,Brand,D-sign,1,1,Color,White-Beige,1,1,Type of color,Multicolor,1,1,Shape,Rectangular,1,1,Material,Polypropen,1,1,Type of rug,Modern,1,1,Weave,Machinemade,1,1,Country,Turkey,1,1,Age,New,1,1,,,,,default,default,default,default,,,,,1786456630,yes,yes,,,,,,,,,,,,,,,,,,,,,,,,,,,,,
44895,variable,56907838-H,,D-sign Rug 1D0915 Grey,1,0,hidden,D-sign Rug 1D0915 Grey,D-sign Rug 1D0915 Grey,,,taxable,,0,,,0,0,,,,,0,,,,"Rooms > Kids, Rugs > Kids, Rugs",,,"https://rugshop.eu/wp-content/uploads/2021/10/carpet-petit-flamingos-hearts-grey.jpg, https://rugshop.eu/wp-content/uploads/2021/10/carpet-petit-flamingos-hearts-grey-1.jpg, https://rugshop.eu/wp-content/uploads/2021/10/carpet-petit-flamingos-hearts-grey-2.jpg, https://rugshop.eu/wp-content/uploads/2021/10/carpet-petit-flamingos-hearts-grey-3.jpg",,,,,,,,,1338,,,Size,"120x170, 140x190, 160x220, 180x270, 200x290, 80x150",1,1,Brand,D-sign,1,1,Color,Black-Grey,1,1,Type of color,Multicolor,1,1,Shape,Rectangular,1,1,Material,Polypropen,1,1,Type of rug,Modern,1,1,Weave,Machinemade,1,1,Country,Turkey,1,1,Age,New,1,1,,,,,default,default,default,default,,,,,1786456632,yes,yes,,,,,,,,,,,,,,,,,,,,,,,,,,,,,
44912,variable,56907843-H,,D-sign Rug 1D0916 Pink,1,0,hidden,D-sign Rug 1D0916 Pink,D-sign Rug 1D0916 Pink,,,taxable,,0,,,0,0,,,,,0,,,,"Rooms > Kids, Rugs > Kids, Rugs",,,"https://rugshop.eu/wp-content/uploads/2021/10/carpet-petit-flamingos-hearts-pink.jpg, https://rugshop.eu/wp-content/uploads/2021/10/carpet-petit-flamingos-hearts-pink-1.jpg, https://rugshop.eu/wp-content/uploads/2021/10/carpet-petit-flamingos-hearts-pink-2.jpg, https://rugshop.eu/wp-content/uploads/2021/10/carpet-petit-flamingos-hearts-pink-3.jpg",,,,,,,,,1339,,,Size,"120x170, 140x190, 160x220, 180x270, 200x290, 80x150",1,1,Brand,D-sign,1,1,Color,Pink-Purple,1,1,Type of color,Multicolor,1,1,Shape,Rectangular,1,1,Material,Polypropen,1,1,Type of rug,Modern,1,1,Weave,Machinemade,1,1,Country,Turkey,1,1,Age,New,1,1,,,,,default,default,default,default,,,,,1786455463,yes,yes,,,,,,,,,,,,,,,,,,,,,,,,,,,,,
44913,variation,56907833,,D-sign Rug 1D0912 Grey - 120,1,0,hidden,,D-sign Rug 1D0912 Grey 120 cm,,,taxable,parent,0,0,,0,0,,120,120,1.3,0,,,1324,,,,,,,56907833-H,,,,,,1,,,Size,120,,1,,,,,,,,,,,,,,,,,,,,,,,,,,,,,,,,,,,,,120,,,,,,,,,,,,,,,,,,,,,,,,92391,,,,,,,,,,,,,,,,,,,
44914,variation,56912941,,D-sign Rug 1D0912 Grey - 140,1,0,hidden,,D-sign Rug 1D0912 Grey 140 cm,,,taxable,parent,0,0,,0,0,,140,140,1.3,0,,,1700,,,,,,,56907833-H,,,,,,2,,,Size,140,,1,,,,,,,,,,,,,,,,,,,,,,,,,,,,,,,,,,,,,140,,,,,,,,,,,,1786456561,,,,,,,,,,,,92392,,,,,,,,,,,,,,,,,,,
44915,variation,56912950,,D-sign Rug 1D0912 Grey - 160,1,0,hidden,,D-sign Rug 1D0912 Grey 160 cm,,,taxable,parent,0,0,,0,0,,160,160,1.3,0,,,2076,,,,,,,56907833-H,,,,,,3,,,Size,160,,1,,,,,,,,,,,,,,,,,,,,,,,,,,,,,,,,,,,,,160,,,,,,,,,,,,,,,,,,,,,,,,92393,,,,,,,,,,,,,,,,,,,
44921,variation,56907835,,D-sign Rug 1D0913 Cream - 80x150,1,0,hidden,,D-sign Rug 1D0913 Cream 80x150 cm,,,taxable,parent,0,0,,0,0,,150,80,1.3,0,,,1188,,,,,,,56907835-H,,,,,,1,,,Size,80x150,,1,,,,,,,,,,,,,,,,,,,,,,,,,,,,,,,,,,,,,80x150,,,,,,,,,,,,1786455438,,,,,,,,,,,,92401,,,,,,,,,,,,,,,,,,,
44922,variation,56912943,,D-sign Rug 1D0913 Cream - 120x170,1,0,hidden,,D-sign Rug 1D0913 Cream 120x170 cm,,,taxable,parent,0,0,,0,0,,170,120,1.3,0,,,1700,,,,,,,56907835-H,,,,,,2,,,Size,120x170,,1,,,,,,,,,,,,,,,,,,,,,,,,,,,,,,,,,,,,,120x170,,,,,,,,,,,,1786456563,,,,,,,,,,,,92400,,,,,,,,,,,,,,,,,,,
44923,variation,56912947,,D-sign Rug 1D0913 Cream - 140x190,1,0,hidden,,D-sign Rug 1D0913 Cream 140x190 cm,,,taxable,parent,0,0,,0,0,,190,140,1.3,0,,,2124,,,,,,,56907835-H,,,,,,3,,,Size,140x190,,1,,,,,,,,,,,,,,,,,,,,,,,,,,,,,,,,,,,,,140x190,,,,,,,,,,,,1786456564,,,,,,,,,,,,92402,,,,,,,,,,,,,,,,,,,
44924,variation,56912942,,D-sign Rug 1D0913 Cream - 160x220,1,0,hidden,,D-sign Rug 1D0913 Cream 160x220 cm,,,taxable,parent,0,0,,0,0,,220,160,1.3,0,,,2684,,,,,,,56907835-H,,,,,,4,,,Size,160x220,,1,,,,,,,,,,,,,,,,,,,,,,,,,,,,,,,,,,,,,160x220,,,,,,,,,,,,1786456563,,,,,,,,,,,,92403,,,,,,,,,,,,,,,,,,,
44925,variation,56907839,,D-sign Rug 1D0913 Cream - 180x270,1,0,hidden,,D-sign Rug 1D0913 Cream 180x270 cm,,,taxable,parent,0,0,,0,0,,270,180,1.3,0,,,3580,,,,,,,56907835-H,,,,,,5,,,Size,180x270,,1,,,,,,,,,,,,,,,,,,,,,,,,,,,,,,,,,,,,,180x270,,,,,,,,,,,,1786455440,,,,,,,,,,,,92404,,,,,,,,,,,,,,,,,,,
44926,variation,56907837,,D-sign Rug 1D0913 Cream - 200x290,1,0,hidden,,D-sign Rug 1D0913 Cream 200x290 cm,,,taxable,parent,0,0,,0,0,,290,200,1.3,0,,,4140,,,,,,,56907835-H,,,,,,6,,,Size,200x290,,1,,,,,,,,,,,,,,,,,,,,,,,,,,,,,,,,,,,,,200x290,,,,,,,,,,,,1786455439,,,,,,,,,,,,92405,,,,,,,,,,,,,,,,,,,
44933,variable,56907847-H,,D-sign Rug 1D0716 Cream,1,0,hidden,D-sign Rug 1D0716 Cream,D-sign Rug 1D0716 Cream,,,taxable,,0,,,0,0,,,,,0,,,,"Rooms > Kids, Rugs > Kids, Rugs",,,"https://rugshop.eu/wp-content/uploads/2021/10/carpet-petit-zoo-animals-cream-grey.jpg, https://rugshop.eu/wp-content/uploads/2021/10/carpet-petit-zoo-animals-cream-grey-1.jpg, https://rugshop.eu/wp-content/uploads/2021/10/carpet-petit-zoo-animals-cream-grey-2.jpg, https://rugshop.eu/wp-content/uploads/2021/10/carpet-petit-zoo-animals-cream-grey-3.jpg",,,,,,,,,1139,,,Size,"120x170, 140x190, 160x220, 180x270, 200x290, 240x330, 280x370, 80x150",1,1,Brand,D-sign,1,1,Color,White-Beige,1,1,Type of color,Multicolor,1,1,Shape,Rectangular,1,1,Material,Polypropen,1,1,Type of rug,Modern,1,1,Weave,Machinemade,1,1,Country,Turkey,1,1,Age,New,1,1,,,,,default,default,default,default,,,,,1786456636,yes,yes,,,,,,,,,,,,,,,,,,,,,,,,,,,,,
44934,variation,56907836,,D-sign Rug 1D0914 Cream - 80x150,1,0,hidden,,D-sign Rug 1D0914 Cream 80x150 cm,,,taxable,parent,0,0,,0,0,,150,80,1.3,0,,,1188,,,,,,,56907836-H,,,,,,1,,,Size,80x150,,1,,,,,,,,,,,,,,,,,,,,,,,,,,,,,,,,,,,,,80x150,,,,,,,,,,,,1786455439,,,,,,,,,,,,92407,,,,,,,,,,,,,,,,,,,
44935,variation,56912979,,D-sign Rug 1D0914 Cream - 120x170,1,0,hidden,,D-sign Rug 1D0914 Cream 120x170 cm,,,taxable,parent,0,0,,0,0,,170,120,1.3,0,,,1700,,,,,,,56907836-H,,,,,,2,,,Size,120x170,,1,,,,,,,,,,,,,,,,,,,,,,,,,,,,,,,,,,,,,120x170,,,,,,,,,,,,1786456614,,,,,,,,,,,,92406,,,,,,,,,,,,,,,,,,,
44936,variation,56912946,,D-sign Rug 1D0914 Cream - 140x190,1,0,hidden,,D-sign Rug 1D0914 Cream 140x190 cm,,,taxable,parent,0,0,,0,0,,190,140,1.3,0,,,2124,,,,,,,56907836-H,,,,,,3,,,Size,140x190,,1,,,,,,,,,,,,,,,,,,,,,,,,,,,,,,,,,,,,,140x190,,,,,,,,,,,,,,,,,,,,,,,,92408,,,,,,,,,,,,,,,,,,,
44937,variation,56912973,,D-sign Rug 1D0914 Cream - 160x220,1,0,hidden,,D-sign Rug 1D0914 Cream 160x220 cm,,,taxable,parent,0,0,,0,0,,220,160,1.3,0,,,2684,,,,,,,56907836-H,,,,,,4,,,Size,160x220,,1,,,,,,,,,,,,,,,,,,,,,,,,,,,,,,,,,,,,,160x220,,,,,,,,,,,,1786456610,,,,,,,,,,,,92409,,,,,,,,,,,,,,,,,,,
44938,variation,56912977,,D-sign Rug 1D0914 Cream - 180x270,1,0,hidden,,D-sign Rug 1D0914 Cream 180x270 cm,,,taxable,parent,0,0,,0,0,,270,180,1.3,0,,,3580,,,,,,,56907836-H,,,,,,5,,,Size,180x270,,1,,,,,,,,,,,,,,,,,,,,,,,,,,,,,,,,,,,,,180x270,,,,,,,,,,,,1786456613,,,,,,,,,,,,92410,,,,,,,,,,,,,,,,,,,
44939,variation,56912981,,D-sign Rug 1D0914 Cream - 200x290,1,0,hidden,,D-sign Rug 1D0914 Cream 200x290 cm,,,taxable,parent,0,0,,0,0,,290,200,1.3,0,,,4140,,,,,,,56907836-H,,,,,,6,,,Size,200x290,,1,,,,,,,,,,,,,,,,,,,,,,,,,,,,,,,,,,,,,200x290,,,,,,,,,,,,,,,,,,,,,,,,92411,,,,,,,,,,,,,,,,,,,
44945,variation,56907838,,D-sign Rug 1D0915 Grey - 80x150,1,0,hidden,,D-sign Rug 1D0915 Grey 80x150 cm,,,taxable,parent,0,0,,0,0,,150,80,1.3,0,,,1188,,,,,,,56907838-H,,,,,,1,,,Size,80x150,,1,,,,,,,,,,,,,,,,,,,,,,,,,,,,,,,,,,,,,80x150,,,,,,,,,,,,1786455440,,,,,,,,,,,,92418,,,,,,,,,,,,,,,,,,,
44946,variation,56912975,,D-sign Rug 1D0915 Grey - 120x170,1,0,hidden,,D-sign Rug 1D0915 Grey 120x170 cm,,,taxable,parent,0,0,,0,0,,170,120,1.3,0,,,1700,,,,,,,56907838-H,,,,,,2,,,Size,120x170,,1,,,,,,,,,,,,,,,,,,,,,,,,,,,,,,,,,,,,,120x170,,,,,,,,,,,,1786456612,,,,,,,,,,,,92419,,,,,,,,,,,,,,,,,,,
44947,variation,56907841,,D-sign Rug 1D0915 Grey - 140x190,1,0,hidden,,D-sign Rug 1D0915 Grey 140x190 cm,,,taxable,parent,0,0,,0,0,,190,140,1.3,0,,,2124,,,,,,,56907838-H,,,,,,3,,,Size,140x190,,1,,,,,,,,,,,,,,,,,,,,,,,,,,,,,,,,,,,,,140x190,,,,,,,,,,,,1786455441,,,,,,,,,,,,92420,,,,,,,,,,,,,,,,,,,
44948,variation,56907840,,D-sign Rug 1D0915 Grey - 160x220,1,0,hidden,,D-sign Rug 1D0915 Grey 160x220 cm,,,taxable,parent,0,0,,0,0,,220,160,1.3,0,,,2684,,,,,,,56907838-H,,,,,,4,,,Size,160x220,,1,,,,,,,,,,,,,,,,,,,,,,,,,,,,,,,,,,,,,160x220,,,,,,,,,,,,1786455441,,,,,,,,,,,,92421,,,,,,,,,,,,,,,,,,,
44949,variation,56907844,,D-sign Rug 1D0915 Grey - 180x270,1,0,hidden,,D-sign Rug 1D0915 Grey 180x270 cm,,,taxable,parent,0,0,,0,0,,270,180,1.3,0,,,3580,,,,,,,56907838-H,,,,,,5,,,Size,180x270,,1,,,,,,,,,,,,,,,,,,,,,,,,,,,,,,,,,,,,,180x270,,,,,,,,,,,,1786455444,,,,,,,,,,,,92422,,,,,,,,,,,,,,,,,,,
44950,variation,56907842,,D-sign Rug 1D0915 Grey - 200x290,1,0,hidden,,D-sign Rug 1D0915 Grey 200x290 cm,,,taxable,parent,0,0,,0,0,,290,200,1.3,0,,,4140,,,,,,,56907838-H,,,,,,6,,,Size,200x290,,1,,,,,,,,,,,,,,,,,,,,,,,,,,,,,,,,,,,,,200x290,,,,,,,,,,,,1786455442,,,,,,,,,,,,92423,,,,,,,,,,,,,,,,,,,
44956,variable,56907854-H,,D-sign Rug 1D0917 Pink,1,0,hidden,D-sign Rug 1D0917 Pink,D-sign Rug 1D0917 Pink,,,taxable,,0,,,0,0,,,,,0,,,,"Rooms > Kids, Rugs > Kids, Rugs",,,"https://rugshop.eu/wp-content/uploads/2021/10/carpet-petit-elephant-stars-circle-pink.jpg, https://rugshop.eu/wp-content/uploads/2021/10/carpet-petit-elephant-stars-circle-pink-1.jpg, https://rugshop.eu/wp-content/uploads/2021/10/carpet-petit-elephant-stars-circle-pink-2.jpg, https://rugshop.eu/wp-content/uploads/2021/10/carpet-petit-elephant-stars-circle-pink-3.jpg",,,,,,,,,1340,,,Size,"120, 140, 160",1,1,Brand,D-sign,1,1,Color,Pink-Purple,1,1,Type of color,Multicolor,1,1,Shape,Round,1,1,Material,Polypropen,1,1,Type of rug,Modern,1,1,Weave,Machinemade,1,1,Country,Turkey,1,1,Age,New,1,1,,,,,default,default,default,default,,,,,1786456644,yes,yes,,,,,,,,,,,,,,,,,,,,,,,,,,,,,
44957,variable,56907857-H,,D-sign Rug 1D0918 Grey,1,0,hidden,D-sign Rug 1D0918 Grey,D-sign Rug 1D0918 Grey,,,taxable,,0,,,0,0,,,,,0,,,,"Rooms > Kids, Rugs > Kids, Rugs",,,"https://rugshop.eu/wp-content/uploads/2021/10/carpet-petit-elephant-stars-circle-grey.jpg, https://rugshop.eu/wp-content/uploads/2021/10/carpet-petit-elephant-stars-circle-grey-1.jpg, https://rugshop.eu/wp-content/uploads/2021/10/carpet-petit-elephant-stars-circle-grey-2.jpg, https://rugshop.eu/wp-content/uploads/2021/10/carpet-petit-elephant-stars-circle-grey-3.jpg",,,,,,,,,1341,,,Size,"120, 140, 160",1,1,Brand,D-sign,1,1,Color,Black-Grey,1,1,Type of color,Multicolor,1,1,Shape,Round,1,1,Material,Polypropen,1,1,Type of rug,Modern,1,1,Weave,Machinemade,1,1,Country,Turkey,1,1,Age,New,1,1,,,,,default,default,default,default,,,,,1786456643,yes,yes,,,,,,,,,,,,,,,,,,,,,,,,,,,,,
44958,variation,56907843,,D-sign Rug 1D0916 Pink - 80x150,1,0,hidden,,D-sign Rug 1D0916 Pink 80x150 cm,,,taxable,parent,0,0,,0,0,,150,80,1.3,0,,,1188,,,,,,,56907843-H,,,,,,1,,,Size,80x150,,1,,,,,,,,,,,,,,,,,,,,,,,,,,,,,,,,,,,,,80x150,,,,,,,,,,,,1786455443,,,,,,,,,,,,92430,,,,,,,,,,,,,,,,,,,
44959,variation,56912974,,D-sign Rug 1D0916 Pink - 120x170,1,0,hidden,,D-sign Rug 1D0916 Pink 120x170 cm,,,taxable,parent,0,0,,0,0,,170,120,1.3,0,,,1700,,,,,,,56907843-H,,,,,,2,,,Size,120x170,,1,,,,,,,,,,,,,,,,,,,,,,,,,,,,,,,,,,,,,120x170,,,,,,,,,,,,,,,,,,,,,,,,92431,,,,,,,,,,,,,,,,,,,
44960,variation,56912972,,D-sign Rug 1D0916 Pink - 140x190,1,0,hidden,,D-sign Rug 1D0916 Pink 140x190 cm,,,taxable,parent,0,0,,0,0,,190,140,1.3,0,,,2124,,,,,,,56907843-H,,,,,,3,,,Size,140x190,,1,,,,,,,,,,,,,,,,,,,,,,,,,,,,,,,,,,,,,140x190,,,,,,,,,,,,,,,,,,,,,,,,92432,,,,,,,,,,,,,,,,,,,
44961,variation,56912976,,D-sign Rug 1D0916 Pink - 160x220,1,0,hidden,,D-sign Rug 1D0916 Pink 160x220 cm,,,taxable,parent,0,0,,0,0,,220,160,1.3,0,,,2684,,,,,,,56907843-H,,,,,,4,,,Size,160x220,,1,,,,,,,,,,,,,,,,,,,,,,,,,,,,,,,,,,,,,160x220,,,,,,,,,,,,,,,,,,,,,,,,92433,,,,,,,,,,,,,,,,,,,
44962,variation,56912980,,D-sign Rug 1D0916 Pink - 180x270,1,0,hidden,,D-sign Rug 1D0916 Pink 180x270 cm,,,taxable,parent,0,0,,0,0,,270,180,1.3,0,,,3580,,,,,,,56907843-H,,,,,,5,,,Size,180x270,,1,,,,,,,,,,,,,,,,,,,,,,,,,,,,,,,,,,,,,180x270,,,,,,,,,,,,,,,,,,,,,,,,92434,,,,,,,,,,,,,,,,,,,
44963,variation,56912978,,D-sign Rug 1D0916 Pink - 200x290,1,0,hidden,,D-sign Rug 1D0916 Pink 200x290 cm,,,taxable,parent,0,0,,0,0,,290,200,1.3,0,,,4140,,,,,,,56907843-H,,,,,,6,,,Size,200x290,,1,,,,,,,,,,,,,,,,,,,,,,,,,,,,,,,,,,,,,200x290,,,,,,,,,,,,,,,,,,,,,,,,92435,,,,,,,,,,,,,,,,,,,
44981,variable,56907850-H,,D-sign Rug 1D0919 Beige,1,0,hidden,D-sign Rug 1D0919 Beige ,D-sign Rug 1D0919 Beige ,,,taxable,,0,,,0,0,,,,,1,,,,"Rooms > Bedroom, Rooms > Living room, Rugs > Modern, Rugs, Rugs > Sisal",,,"https://rugshop.eu/wp-content/uploads/2021/10/carpet-sisal-boho-46201051-frame-beige.jpg, https://rugshop.eu/wp-content/uploads/2021/10/carpet-sisal-boho-46201051-frame-beige-1.jpg, https://rugshop.eu/wp-content/uploads/2021/10/carpet-sisal-boho-46201051-frame-beige-2.jpg, https://rugshop.eu/wp-content/uploads/2021/10/carpet-sisal-boho-46201051-frame-beige-3.jpg",,,,,,,,,1342,,,Size,"160x230, 80x150",1,1,Brand,D-sign,1,1,Color,White-Beige,1,1,Type of color,Multicolor,1,1,Shape,Rectangular,1,1,Material,Polypropen,1,1,Type of rug,"Modern, Sisal",1,1,Weave,Machinemade,1,1,Age,New,1,1,,,,,,,,,,,,,,,,,1786456634,yes,yes,,,,,,,,,,,,,,,,,,,,,,,,,,,,,
44984,variable,56907851-H,,D-sign Rug 1D0922 White,1,0,hidden,D-sign Rug 1D0922 White ,D-sign Rug 1D0922 White ,,,taxable,,0,,,0,0,,,,,0,,,,"Rooms > Entrance & Corridor, Rooms > Kitchen, Rugs > Modern, Rugs, Rugs > Sisal",,,"https://rugshop.eu/wp-content/uploads/2021/10/carpet-sisal-flat-48644686-stripes-white-beige.jpg, https://rugshop.eu/wp-content/uploads/2021/10/carpet-sisal-flat-48644686-stripes-white-beige-1.jpg, https://rugshop.eu/wp-content/uploads/2021/10/carpet-sisal-flat-48644686-stripes-white-beige-2.jpg, https://rugshop.eu/wp-content/uploads/2021/10/carpet-sisal-flat-48644686-stripes-white-beige-3.jpg",,,,,,,,,1345,,,Size,"120x170, 133x195, 140x200, 160x230, 200x290, 80x150",1,1,Brand,D-sign,1,1,Color,White-Beige,1,1,Type of color,Multicolor,1,1,Shape,Rectangular,1,1,Material,Polypropen,1,1,Type of rug,"Modern, Sisal",1,1,Weave,Machinemade,1,1,Age,New,1,1,,,,,,,,,default,default,default,default,,,,,1786456642,yes,yes,,,,,,,,,classic-editor,,,,,,,,,,,,,,,,,,,,
44985,variation,56907847,,D-sign Rug 1D0716 Cream - 80x150,1,0,hidden,,D-sign Rug 1D0716 Cream 80x150 cm,,,taxable,parent,0,0,,0,0,,150,80,1.3,0,,,1188,,,,,,,56907847-H,,,,,,1,,,Size,80x150,,1,,,,,,,,,,,,,,,,,,,,,,,,,,,,,,,,,,,,,80x150,,,,,,,,,,,,1786455444,,,,,,,,,,,,92443,,,,,,,,,,,,,,,,,,,
44986,variation,56912997,,D-sign Rug 1D0716 Cream - 120x170,1,0,hidden,,D-sign Rug 1D0716 Cream 120x170 cm,,,taxable,parent,0,0,,0,0,,170,120,1.3,0,,,1700,,,,,,,56907847-H,,,,,,2,,,Size,120x170,,1,,,,,,,,,,,,,,,,,,,,,,,,,,,,,,,,,,,,,120x170,,,,,,,,,,,,1786456615,,,,,,,,,,,,89329,,,,,,,,,,,,,,,,,,,
44987,variation,56913001,,D-sign Rug 1D0716 Cream - 140x190,1,0,hidden,,D-sign Rug 1D0716 Cream 140x190 cm,,,taxable,parent,0,0,,0,0,,190,140,1.3,0,,,2124,,,,,,,56907847-H,,,,,,3,,,Size,140x190,,1,,,,,,,,,,,,,,,,,,,,,,,,,,,,,,,,,,,,,140x190,,,,,,,,,,,,1786456616,,,,,,,,,,,,89330,,,,,,,,,,,,,,,,,,,
44988,variation,56907853,,D-sign Rug 1D0716 Cream - 160x220,1,0,hidden,,D-sign Rug 1D0716 Cream 160x220 cm,,,taxable,parent,0,0,,0,0,,220,160,1.3,0,,,2684,,,,,,,56907847-H,,,,,,4,,,Size,160x220,,1,,,,,,,,,,,,,,,,,,,,,,,,,,,,,,,,,,,,,160x220,,,,,,,,,,,,,,,,,,,,,,,,89331,,,,,,,,,,,,,,,,,,,
44989,variation,56907852,,D-sign Rug 1D0716 Cream - 180x270,1,0,hidden,,D-sign Rug 1D0716 Cream 180x270 cm,,,taxable,parent,0,0,,0,0,,270,180,1.3,0,,,3580,,,,,,,56907847-H,,,,,,5,,,Size,180x270,,1,,,,,,,,,,,,,,,,,,,,,,,,,,,,,,,,,,,,,180x270,,,,,,,,,,,,1786455445,,,,,,,,,,,,89332,,,,,,,,,,,,,,,,,,,
44990,variation,56907858,,D-sign Rug 1D0716 Cream - 200x290,1,0,hidden,,D-sign Rug 1D0716 Cream 200x290 cm,,,taxable,parent,0,0,,0,0,,290,200,1.3,0,,,4140,,,,,,,56907847-H,,,,,,6,,,Size,200x290,,1,,,,,,,,,,,,,,,,,,,,,,,,,,,,,,,,,,,,,200x290,,,,,,,,,,,,,,,,,,,,,,,,89333,,,,,,,,,,,,,,,,,,,
44991,variation,56907855,,D-sign Rug 1D0716 Cream - 240x330,1,0,hidden,,D-sign Rug 1D0716 Cream 240x330 cm,,,taxable,parent,0,0,,0,0,,330,240,1.3,0,,,5460,,,,,,,56907847-H,,,,,,7,,,Size,240x330,,1,,,,,,,,,,,,,,,,,,,,,,,,,,,,,,,,,,,,,240x330,,,,,,,,,,,,,,,,,,,,,,,,92459,,,,,,,,,,,,,,,,,,,
44992,variation,56907856,,D-sign Rug 1D0716 Cream - 280x370,1,0,hidden,,D-sign Rug 1D0716 Cream 280x370 cm,,,taxable,parent,0,0,,0,0,,370,280,1.3,0,,,7292,,,,,,,56907847-H,,,,,,8,,,Size,280x370,,1,,,,,,,,,,,,,,,,,,,,,,,,,,,,,,,,,,,,,280x370,,,,,,,,,,,,,,,,,,,,,,,,91722,,,,,,,,,,,,,,,,,,,
44998,variation,56907854,,D-sign Rug 1D0917 Pink - 120,1,0,hidden,,D-sign Rug 1D0917 Pink 120 cm,,,taxable,parent,0,0,,0,0,,120,120,1.3,0,,,1324,,,,,,,56907854-H,,,,,,1,,,Size,120,,1,,,,,,,,,,,,,,,,,,,,,,,,,,,,,,,,,,,,,120,,,,,,,,,,,,,,,,,,,,,,,,92468,,,,,,,,,,,,,,,,,,,
44999,variation,56913020,,D-sign Rug 1D0917 Pink - 140,1,0,hidden,,D-sign Rug 1D0917 Pink 140 cm,,,taxable,parent,0,0,,0,0,,140,140,1.3,0,,,1700,,,,,,,56907854-H,,,,,,2,,,Size,140,,1,,,,,,,,,,,,,,,,,,,,,,,,,,,,,,,,,,,,,140,,,,,,,,,,,,1786456618,,,,,,,,,,,,92469,,,,,,,,,,,,,,,,,,,
45000,variation,56913014,,D-sign Rug 1D0917 Pink - 160,1,0,hidden,,D-sign Rug 1D0917 Pink 160 cm,,,taxable,parent,0,0,,0,0,,160,160,1.3,0,,,2076,,,,,,,56907854-H,,,,,,3,,,Size,160,,1,,,,,,,,,,,,,,,,,,,,,,,,,,,,,,,,,,,,,160,,,,,,,,,,,,,,,,,,,,,,,,92470,,,,,,,,,,,,,,,,,,,
45007,variable,56907860-H,,D-sign Rug 1D0925 Beige,1,0,hidden,D-sign Rug 1D0925 Beige ,D-sign Rug 1D0925 Beige ,,,taxable,,0,,,0,0,,,,,1,,,,"Rooms > Bedroom, Rooms > Living room, Rugs, Rugs > Vintage",,,"https://rugshop.eu/wp-content/uploads/2021/10/carpet-vintage-22212666-beige-classic.jpg, https://rugshop.eu/wp-content/uploads/2021/10/carpet-vintage-22212666-beige-classic-1.jpg, https://rugshop.eu/wp-content/uploads/2021/10/carpet-vintage-22212666-beige-classic-2.jpg, https://rugshop.eu/wp-content/uploads/2021/10/carpet-vintage-22212666-beige-classic-3.jpg",,,,,,,,,1348,,,Size,"120x170, 80x150",1,1,Brand,D-sign,1,1,Color,White-Beige,1,1,Type of color,Multicolor,1,1,Shape,Rectangular,1,1,Material,Polypropen,1,1,Type of rug,Vintage / Colored Vintage,1,1,Weave,Machinemade,1,1,Age,New,1,1,,,,,,,,,,,,,,,,,1786456641,yes,yes,,,,,,,,,,,,,,,,,,,,,,,,,,,,,
45008,variable,56907864-H,,D-sign Rug 1D0926 Cream,1,0,hidden,D-sign Rug 1D0926 Cream ,D-sign Rug 1D0926 Cream ,,,taxable,,0,,,0,0,,,,,1,,,,"Rooms > Bedroom, Rooms > Living room, Rugs, Rugs > Vintage",,,"https://rugshop.eu/wp-content/uploads/2021/10/carpet-vintage-22212061-cream-red-classic.jpg, https://rugshop.eu/wp-content/uploads/2021/10/carpet-vintage-22212061-cream-red-classic-1.jpg, https://rugshop.eu/wp-content/uploads/2021/10/carpet-vintage-22212061-cream-red-classic-2.jpg, https://rugshop.eu/wp-content/uploads/2021/10/carpet-vintage-22212061-cream-red-classic-3.jpg",,,,,,,,,1349,,,Size,"120x170, 160x230, 200x290",1,1,Brand,D-sign,1,1,Color,White-Beige,1,1,Type of color,Multicolor,1,1,Shape,Rectangular,1,1,Material,Polypropen,1,1,Type of rug,Vintage / Colored Vintage,1,1,Weave,Machinemade,1,1,Age,New,1,1,,,,,,,,,,,,,,,,,1786456639,yes,yes,,,,,,,,,,,,,,,,,,,,,,,,,,,,,
45009,variation,56907857,,D-sign Rug 1D0918 Grey - 120,1,0,hidden,,D-sign Rug 1D0918 Grey 120 cm,,,taxable,parent,0,0,,0,0,,120,120,1.3,0,,,1324,,,,,,,56907857-H,,,,,,1,,,Size,120,,1,,,,,,,,,,,,,,,,,,,,,,,,,,,,,,,,,,,,,120,,,,,,,,,,,,1786455445,,,,,,,,,,,,92474,,,,,,,,,,,,,,,,,,,
45010,variation,56913018,,D-sign Rug 1D0918 Grey - 140,1,0,hidden,,D-sign Rug 1D0918 Grey 140 cm,,,taxable,parent,0,0,,0,0,,140,140,1.3,0,,,1700,,,,,,,56907857-H,,,,,,2,,,Size,140,,1,,,,,,,,,,,,,,,,,,,,,,,,,,,,,,,,,,,,,140,,,,,,,,,,,,1786456618,,,,,,,,,,,,92475,,,,,,,,,,,,,,,,,,,
45011,variation,56913021,,D-sign Rug 1D0918 Grey - 160,1,0,hidden,,D-sign Rug 1D0918 Grey 160 cm,,,taxable,parent,0,0,,0,0,,160,160,1.3,0,,,2076,,,,,,,56907857-H,,,,,,3,,,Size,160,,1,,,,,,,,,,,,,,,,,,,,,,,,,,,,,,,,,,,,,160,,,,,,,,,,,,1786456619,,,,,,,,,,,,92476,,,,,,,,,,,,,,,,,,,
45017,variation,56907850,,D-sign Rug 1D0919 Beige - 80x150,1,0,hidden,,D-sign Rug 1D0919 Beige 80x150 cm,,,taxable,parent,0,0,,0,0,,150,80,0.8,0,,,1004,,,,,,,56907850-H,,,,,,1,,,Size,80x150,,1,,,,,,,,,,,,,,,,,,,,,,,,,,,,,,,,,,,,,80x150,,,,,,,,,,,,1786455445,,,,,,,,,,,,92484,,,,,,,,,,,,,,,,,,,
45018,variation,56912993,,D-sign Rug 1D0919 Beige - 160x230,1,0,hidden,,D-sign Rug 1D0919 Beige 160x230 cm,,,taxable,parent,0,0,,0,0,,230,160,0.8,0,,,2220,,,,,,,56907850-H,,,,,,2,,,Size,160x230,,1,,,,,,,,,,,,,,,,,,,,,,,,,,,,,,,,,,,,,160x230,,,,,,,,,,,,1786456615,,,,,,,,,,,,92483,,,,,,,,,,,,,,,,,,,
45024,variable,56907868-H,,D-sign Rug 1D0927 Beige,1,0,hidden,D-sign Rug 1D0927 Beige ,D-sign Rug 1D0927 Beige ,,,taxable,,0,,,0,0,,,,,1,,,,"Rooms > Bedroom, Rooms > Living room, Rugs, Rugs > Vintage",,,"https://rugshop.eu/wp-content/uploads/2021/10/carpet-vintage-22211675-beige-classic.jpg, https://rugshop.eu/wp-content/uploads/2021/10/carpet-vintage-22211675-beige-classic-1.jpg, https://rugshop.eu/wp-content/uploads/2021/10/carpet-vintage-22211675-beige-classic-2.jpg, https://rugshop.eu/wp-content/uploads/2021/10/carpet-vintage-22211675-beige-classic-3.jpg",,,,,,,,,1350,,,Size,"120x170, 140x200, 160x230, 80x150",1,1,Brand,D-sign,1,1,Color,White-Beige,1,1,Type of color,Multicolor,1,1,Shape,Rectangular,1,1,Material,Polypropen,1,1,Type of rug,Vintage / Colored Vintage,1,1,Weave,Machinemade,1,1,Age,New,1,1,,,,,,,,,,,,,,,,,1786456646,yes,yes,,,,,,,,,,,,,,,,,,,,,,,,,,,,,
45042,variation,56907851,,D-sign Rug 1D0922 White - 80x150,1,0,hidden,,D-sign Rug 1D0922 White 80x150 cm,,,taxable,parent,0,0,,0,0,,150,80,0.6,0,,,860,,,,,,,56907851-H,,,,,,1,,,Size,80x150,,1,,,,,,,,,,,,,,,,,,,,,,,,,,,,,,,,,,,,,80x150,,,,,,,,,,,,,,,,,,,,,,,,92507,,,,,,,,,,,,,,,,,,,
45043,variation,56913017,,D-sign Rug 1D0922 White - 120x170,1,0,hidden,,D-sign Rug 1D0922 White 120x170 cm,,,taxable,parent,0,0,,0,0,,170,120,0.6,0,,,1140,,,,,,,56907851-H,,,,,,2,,,Size,120x170,,1,,,,,,,,,,,,,,,,,,,,,,,,,,,,,,,,,,,,,120x170,,,,,,,,,,,,1786456617,,,,,,,,,,,,102132,,,,,,,,,,,,,,,,,,,
45044,variation,56907863,,D-sign Rug 1D0922 White - 133x195,1,0,hidden,,D-sign Rug 1D0922 White 133x195 cm,,,taxable,parent,0,0,,0,0,,195,133,0.6,0,,,1164,,,,,,,56907851-H,,,,,,3,,,Size,133x195,,1,,,,,,,,,,,,,,,,,,,,,,,,,,,,,,,,,,,,,133x195,,,,,,,,,,,,,,,,,,,,,,,,92508,,,,,,,,,,,,,,,,,,,
45045,variation,56907862,,D-sign Rug 1D0922 White - 140x200,1,0,hidden,,D-sign Rug 1D0922 White 140x200 cm,,,taxable,parent,0,0,,0,0,,200,140,0.6,0,,,1468,,,,,,,56907851-H,,,,,,4,,,Size,140x200,,1,,,,,,,,,,,,,,,,,,,,,,,,,,,,,,,,,,,,,140x200,,,,,,,,,,,,,,,,,,,,,,,,102133,,,,,,,,,,,,,,,,,,,
45046,variation,56913012,,D-sign Rug 1D0922 White - 160x230,1,0,hidden,,D-sign Rug 1D0922 White 160x230 cm,,,taxable,parent,0,0,,0,0,,230,160,0.6,0,,,1796,,,,,,,56907851-H,,,,,,5,,,Size,160x230,,1,,,,,,,,,,,,,,,,,,,,,,,,,,,,,,,,,,,,,160x230,,,,,,,,,,,,,,,,,,,,,,,,92506,,,,,,,,,,,,,,,,,,,
45047,variation,56907859,,D-sign Rug 1D0922 White - 200x290,1,0,hidden,,D-sign Rug 1D0922 White 200x290 cm,,,taxable,parent,0,0,,0,0,,290,200,0.6,0,,,2644,,,,,,,56907851-H,,,,,,6,,,Size,200x290,,1,,,,,,,,,,,,,,,,,,,,,,,,,,,,,,,,,,,,,200x290,,,,,,,,,,,,,,,,,,,,,,,,102134,,,,,,,,,,,,,,,,,,,
45061,variable,56907877-H,,D-sign Rug 1D0560 Cream,1,0,hidden,D-sign Rug 1D0560 Cream ,D-sign Rug 1D0560 Cream ,,,taxable,,0,,,0,0,,,,,1,,,,"Rooms > Bedroom, Rooms > Living room, Rugs > Modern, Rugs",,,"https://rugshop.eu/wp-content/uploads/2021/10/carpet-flat-48722-608-two-colour-cream-brown.jpg, https://rugshop.eu/wp-content/uploads/2021/10/carpet-flat-48722-608-two-colour-cream-brown-1.jpg, https://rugshop.eu/wp-content/uploads/2021/10/carpet-flat-48722-608-two-colour-cream-brown-2.jpg, https://rugshop.eu/wp-content/uploads/2021/10/carpet-flat-48722-608-two-colour-cream-brown-3.jpg",,,,,,,,,985,,,Size,"120x170, 140x200, 160x230, 200x290, 80x150",1,1,Brand,D-sign,1,1,Color,White-Beige,1,1,Type of color,Multicolor,1,1,Shape,Rectangular,1,1,Material,Polypropen,1,1,Type of rug,Modern,1,1,Weave,Machinemade,1,1,Age,New,1,1,,,,,,,,,,,,,,,,,1786456652,yes,yes,,,,,,,,,,,,,,,,,,,,,,,,,,,,,
45062,variable,56907878-H,,D-sign Rug 1D0559 Cream,1,0,hidden,D-sign Rug 1D0559 Cream ,D-sign Rug 1D0559 Cream ,,,taxable,,0,,,0,0,,,,,1,,,,"Rooms > Bedroom, Rooms > Living room, Rugs > Modern, Rugs",,,"https://rugshop.eu/wp-content/uploads/2021/10/carpet-flat-48603-526-eyelets-cream-pink.jpg, https://rugshop.eu/wp-content/uploads/2021/10/carpet-flat-48603-526-eyelets-cream-pink-1.jpg, https://rugshop.eu/wp-content/uploads/2021/10/carpet-flat-48603-526-eyelets-cream-pink-2.jpg, https://rugshop.eu/wp-content/uploads/2021/10/carpet-flat-48603-526-eyelets-cream-pink-3.jpg",,,,,,,,,984,,,Size,"120x170, 140x200, 160x230, 200x290, 80x150",1,1,Brand,D-sign,1,1,Color,White-Beige,1,1,Type of color,Multicolor,1,1,Shape,Rectangular,1,1,Material,Polypropen,1,1,Type of rug,Modern,1,1,Weave,Machinemade,1,1,Age,New,1,1,,,,,,,,,,,,,,,,,1786455486,yes,yes,,,,,,,,,,,,,,,,,,,,,,,,,,,,,
45063,variation,56907860,,D-sign Rug 1D0925 Beige - 80x150,1,0,hidden,,D-sign Rug 1D0925 Beige 80x150 cm,,,taxable,parent,0,0,,0,0,,150,80,0.3,0,,,788,,,,,,,56907860-H,,,,,,1,,,Size,80x150,,1,,,,,,,,,,,,,,,,,,,,,,,,,,,,,,,,,,,,,80x150,,,,,,,,,,,,,,,,,,,,,,,,92800,,,,,,,,,,,,,,,,,,,
45064,variation,56913016,,D-sign Rug 1D0925 Beige - 120x170,1,0,hidden,,D-sign Rug 1D0925 Beige 120x170 cm,,,taxable,parent,0,0,,0,0,,170,120,0.3,0,,,1100,,,,,,,56907860-H,,,,,,2,,,Size,120x170,,1,,,,,,,,,,,,,,,,,,,,,,,,,,,,,,,,,,,,,120x170,,,,,,,,,,,,1786456617,,,,,,,,,,,,92801,,,,,,,,,,,,,,,,,,,
45070,variation,56907864,,D-sign Rug 1D0926 Cream - 120x170,1,0,hidden,,D-sign Rug 1D0926 Cream 120x170 cm,,,taxable,parent,0,0,,0,0,,170,120,0.3,0,,,1100,,,,,,,56907864-H,,,,,,1,,,Size,120x170,,1,,,,,,,,,,,,,,,,,,,,,,,,,,,,,,,,,,,,,120x170,,,,,,,,,,,,1786455446,,,,,,,,,,,,92806,,,,,,,,,,,,,,,,,,,
45071,variation,56913013,,D-sign Rug 1D0926 Cream - 160x230,1,0,hidden,,D-sign Rug 1D0926 Cream 160x230 cm,,,taxable,parent,0,0,,0,0,,230,160,0.3,0,,,1612,,,,,,,56907864-H,,,,,,2,,,Size,160x230,,1,,,,,,,,,,,,,,,,,,,,,,,,,,,,,,,,,,,,,160x230,,,,,,,,,,,,1786456616,,,,,,,,,,,,92807,,,,,,,,,,,,,,,,,,,
45072,variation,56907866,,D-sign Rug 1D0926 Cream - 200x290,1,0,hidden,,D-sign Rug 1D0926 Cream 200x290 cm,,,taxable,parent,0,0,,0,0,,290,200,0.3,0,,,2364,,,,,,,56907864-H,,,,,,3,,,Size,200x290,,1,,,,,,,,,,,,,,,,,,,,,,,,,,,,,,,,,,,,,200x290,,,,,,,,,,,,,,,,,,,,,,,,92808,,,,,,,,,,,,,,,,,,,
45078,variable,56907880-H,,D-sign Rug 1D0558 Cream,1,0,hidden,D-sign Rug 1D0558 Cream ,D-sign Rug 1D0558 Cream ,,,taxable,,0,,,0,0,,,,,1,,,,"Rooms > Bedroom, Rooms > Living room, Rugs > Modern, Rugs",,,"https://rugshop.eu/wp-content/uploads/2021/10/carpet-flat-48774-367-leaves-birds-cream-grey.jpg, https://rugshop.eu/wp-content/uploads/2021/10/carpet-flat-48774-367-leaves-birds-cream-grey-1.jpg, https://rugshop.eu/wp-content/uploads/2021/10/carpet-flat-48774-367-leaves-birds-cream-grey-2.jpg, https://rugshop.eu/wp-content/uploads/2021/10/carpet-flat-48774-367-leaves-birds-cream-grey-3.jpg",,,,,,,,,983,,,Size,"120x170, 140x200, 160x230, 200x290, 80x150",1,1,Brand,D-sign,1,1,Color,White-Beige,1,1,Type of color,Multicolor,1,1,Shape,Rectangular,1,1,Material,Polypropen,1,1,Type of rug,Modern,1,1,Weave,Machinemade,1,1,Age,New,1,1,,,,,,,,,,,,,,,,,1786456670,yes,yes,,,,,,,,,,,,,,,,,,,,,,,,,,,,,
45079,variation,56907868,,D-sign Rug 1D0927 Beige - 80x150,1,0,hidden,,D-sign Rug 1D0927 Beige 80x150 cm,,,taxable,parent,0,0,,0,0,,150,80,0.3,0,,,788,,,,,,,56907868-H,,,,,,1,,,Size,80x150,,1,,,,,,,,,,,,,,,,,,,,,,,,,,,,,,,,,,,,,80x150,,,,,,,,,,,,1786455447,,,,,,,,,,,,92809,,,,,,,,,,,,,,,,,,,
45080,variation,56913037,,D-sign Rug 1D0927 Beige - 120x170,1,0,hidden,,D-sign Rug 1D0927 Beige 120x170 cm,,,taxable,parent,0,0,,0,0,,170,120,0.3,0,,,1100,,,,,,,56907868-H,,,,,,2,,,Size,120x170,,1,,,,,,,,,,,,,,,,,,,,,,,,,,,,,,,,,,,,,120x170,,,,,,,,,,,,1786456620,,,,,,,,,,,,92810,,,,,,,,,,,,,,,,,,,
45081,variation,56913040,,D-sign Rug 1D0927 Beige - 140x200,1,0,hidden,,D-sign Rug 1D0927 Beige 140x200 cm,,,taxable,parent,0,0,,0,0,,200,140,0.3,0,,,1380,,,,,,,56907868-H,,,,,,3,,,Size,140x200,,1,,,,,,,,,,,,,,,,,,,,,,,,,,,,,,,,,,,,,140x200,,,,,,,,,,,,1786456623,,,,,,,,,,,,92812,,,,,,,,,,,,,,,,,,,
45082,variation,56913039,,D-sign Rug 1D0927 Beige - 160x230,1,0,hidden,,D-sign Rug 1D0927 Beige 160x230 cm,,,taxable,parent,0,0,,0,0,,230,160,0.3,0,,,1612,,,,,,,56907868-H,,,,,,4,,,Size,160x230,,1,,,,,,,,,,,,,,,,,,,,,,,,,,,,,,,,,,,,,160x230,,,,,,,,,,,,1786456622,,,,,,,,,,,,92811,,,,,,,,,,,,,,,,,,,
45096,variable,56907884-H,,D-sign Rug 1D0557 Cream,1,0,hidden,D-sign Rug 1D0557 Cream ,D-sign Rug 1D0557 Cream ,,,taxable,,0,,,0,0,,,,,1,,,,"Rooms > Bedroom, Rooms > Living room, Rugs > Modern, Rugs",,,"https://rugshop.eu/wp-content/uploads/2021/10/carpet-flat-48774-526-leaves-birds-cream-pink.jpg, https://rugshop.eu/wp-content/uploads/2021/10/carpet-flat-48774-526-leaves-birds-cream-pink-1.jpg, https://rugshop.eu/wp-content/uploads/2021/10/carpet-flat-48774-526-leaves-birds-cream-pink-2.jpg, https://rugshop.eu/wp-content/uploads/2021/10/carpet-flat-48774-526-leaves-birds-cream-pink-3.jpg",,,,,,,,,982,,,Size,"120x170, 140x200, 160x230, 200x290, 80x150",1,1,Brand,D-sign,1,1,Color,White-Beige,1,1,Type of color,Multicolor,1,1,Shape,Rectangular,1,1,Material,Polypropen,1,1,Type of rug,Modern,1,1,Weave,Machinemade,1,1,Age,New,1,1,,,,,,,,,,,,,,,,,1786455490,yes,yes,,,,,,,,,,,,,,,,,,,,,,,,,,,,,
45114,variation,56907877,,D-sign Rug 1D0560 Cream - 80x150,1,0,hidden,,D-sign Rug 1D0560 Cream 80x150 cm,,,taxable,parent,0,0,,0,0,,150,80,0.6,0,,,860,,,,,,,56907877-H,,,,,,1,,,Size,80x150,,1,,,,,,,,,,,,,,,,,,,,,,,,,,,,,,,,,,,,,80x150,,,,,,,,,,,,,,,,,,,,,,,,92970,,,,,,,,,,,,,,,,,,,
45115,variation,56913061,,D-sign Rug 1D0560 Cream - 120x170,1,0,hidden,,D-sign Rug 1D0560 Cream 120x170 cm,,,taxable,parent,0,0,,0,0,,170,120,0.6,0,,,1140,,,,,,,56907877-H,,,,,,2,,,Size,120x170,,1,,,,,,,,,,,,,,,,,,,,,,,,,,,,,,,,,,,,,120x170,,,,,,,,,,,,,,,,,,,,,,,,92971,,,,,,,,,,,,,,,,,,,
45116,variation,56913059,,D-sign Rug 1D0560 Cream - 140x200,1,0,hidden,,D-sign Rug 1D0560 Cream 140x200 cm,,,taxable,parent,0,0,,0,0,,200,140,0.6,0,,,1468,,,,,,,56907877-H,,,,,,3,,,Size,140x200,,1,,,,,,,,,,,,,,,,,,,,,,,,,,,,,,,,,,,,,140x200,,,,,,,,,,,,,,,,,,,,,,,,92972,,,,,,,,,,,,,,,,,,,
45117,variation,56913063,,D-sign Rug 1D0560 Cream - 160x230,1,0,hidden,,D-sign Rug 1D0560 Cream 160x230 cm,,,taxable,parent,0,0,,0,0,,230,160,0.6,0,,,1796,,,,,,,56907877-H,,,,,,4,,,Size,160x230,,1,,,,,,,,,,,,,,,,,,,,,,,,,,,,,,,,,,,,,160x230,,,,,,,,,,,,,,,,,,,,,,,,92973,,,,,,,,,,,,,,,,,,,
45118,variation,56913062,,D-sign Rug 1D0560 Cream - 200x290,1,0,hidden,,D-sign Rug 1D0560 Cream 200x290 cm,,,taxable,parent,0,0,,0,0,,290,200,0.6,0,,,2644,,,,,,,56907877-H,,,,,,5,,,Size,200x290,,1,,,,,,,,,,,,,,,,,,,,,,,,,,,,,,,,,,,,,200x290,,,,,,,,,,,,1786456629,,,,,,,,,,,,92974,,,,,,,,,,,,,,,,,,,
45124,variable,56907889-H,,D-sign Rug 1D0555 Cream,1,0,hidden,D-sign Rug 1D0555 Cream ,D-sign Rug 1D0555 Cream ,,,taxable,,0,,,0,0,,,,,0,,,,"Rooms > Entrance & Corridor, Rooms > Kitchen, Rugs > Modern, Rugs",,,"https://rugshop.eu/wp-content/uploads/2021/10/carpet-flat-48779-526-flowers-cream-pink.jpg, https://rugshop.eu/wp-content/uploads/2021/10/carpet-flat-48779-526-flowers-cream-pink-1.jpg, https://rugshop.eu/wp-content/uploads/2021/10/carpet-flat-48779-526-flowers-cream-pink-2.jpg, https://rugshop.eu/wp-content/uploads/2021/10/carpet-flat-48779-526-flowers-cream-pink-3.jpg",,,,,,,,,980,,,Size,"120x170, 140x200, 160x230, 200x290, 80x150",1,1,Brand,D-sign,1,1,Color,White-Beige,1,1,Type of color,Multicolor,1,1,Shape,Rectangular,1,1,Material,Polypropen,1,1,Type of rug,Modern,1,1,Weave,Machinemade,1,1,Age,New,1,1,,,,,,,,,default,default,default,default,,,,,1786456673,yes,yes,,,,,,,,,classic-editor,,,,,,,,,,,,,,,,,,,,
45125,variable,56907892-H,,D-sign Rug 1D0932 Beige,1,0,hidden,D-sign Rug 1D0932 Beige ,D-sign Rug 1D0932 Beige ,,,taxable,,0,,,0,0,,,,,1,,,,"Rooms > Bedroom, Rooms > Living room, Rugs > Modern, Rugs",,,"https://rugshop.eu/wp-content/uploads/2021/10/carpet-round-solid-beige-30-concrete.jpg, https://rugshop.eu/wp-content/uploads/2021/10/carpet-round-solid-beige-30-concrete-1.jpg, https://rugshop.eu/wp-content/uploads/2021/10/carpet-round-solid-beige-30-concrete-2.jpg, https://rugshop.eu/wp-content/uploads/2021/10/carpet-round-solid-beige-30-concrete-3.jpg",,,,,,,,,1355,,,Size,"100, 133, 150, 170, 200",1,1,Brand,D-sign,1,1,Color,White-Beige,1,1,Type of color,Multicolor,1,1,Shape,Round,1,1,Material,Polyamide,1,1,Type of rug,Modern,1,1,Weave,Machinemade,1,1,Country,Belgium,1,1,Age,New,1,1,,,,,,,,,,,,,1786456654,yes,yes,,,,,,,,,classic-editor,,,,,,,,,,,,,,,,,,,,
45126,variable,56907925-H,,D-sign Rug 1D0934 Grey,1,0,hidden,D-sign Rug 1D0934 Grey ,D-sign Rug 1D0934 Grey ,,,taxable,,0,,,0,0,,,,,1,,,,"Rooms > Bedroom, Rooms > Living room, Rugs > Modern, Rugs",,,"https://rugshop.eu/wp-content/uploads/2021/10/carpet-round-solid-grey-90-concrete.jpg, https://rugshop.eu/wp-content/uploads/2021/10/carpet-round-solid-grey-90-concrete-1.jpg, https://rugshop.eu/wp-content/uploads/2021/10/carpet-round-solid-grey-90-concrete-2.jpg, https://rugshop.eu/wp-content/uploads/2021/10/carpet-round-solid-grey-90-concrete-3.jpg",,,,,,,,,1356,,,Size,"100, 133, 150, 170, 200",1,1,Brand,D-sign,1,1,Color,Black-Grey,1,1,Type of color,Multicolor,1,1,Shape,Round,1,1,Material,Polyamide,1,1,Type of rug,Modern,1,1,Weave,Machinemade,1,1,Country,Belgium,1,1,Age,New,1,1,,,,,,,,,,,,,1786456675,yes,yes,,,,,,,,,,,,,,,,,,,,,,,,,,,,,
45127,variation,56907878,,D-sign Rug 1D0559 Cream - 80x150,1,0,hidden,,D-sign Rug 1D0559 Cream 80x150 cm,,,taxable,parent,0,0,,0,0,,150,80,0.6,0,,,860,,,,,,,56907878-H,,,,,,1,,,Size,80x150,,1,,,,,,,,,,,,,,,,,,,,,,,,,,,,,,,,,,,,,80x150,,,,,,,,,,,,1786455471,,,,,,,,,,,,92975,,,,,,,,,,,,,,,,,,,
45128,variation,56907885,,D-sign Rug 1D0559 Cream - 120x170,1,0,hidden,,D-sign Rug 1D0559 Cream 120x170 cm,,,taxable,parent,0,0,,0,0,,170,120,0.6,0,,,1140,,,,,,,56907878-H,,,,,,2,,,Size,120x170,,1,,,,,,,,,,,,,,,,,,,,,,,,,,,,,,,,,,,,,120x170,,,,,,,,,,,,1786455473,,,,,,,,,,,,92976,,,,,,,,,,,,,,,,,,,
45129,variation,56907879,,D-sign Rug 1D0559 Cream - 140x200,1,0,hidden,,D-sign Rug 1D0559 Cream 140x200 cm,,,taxable,parent,0,0,,0,0,,200,140,0.6,0,,,1468,,,,,,,56907878-H,,,,,,3,,,Size,140x200,,1,,,,,,,,,,,,,,,,,,,,,,,,,,,,,,,,,,,,,140x200,,,,,,,,,,,,1786455471,,,,,,,,,,,,92977,,,,,,,,,,,,,,,,,,,
45130,variation,56907881,,D-sign Rug 1D0559 Cream - 160x230,1,0,hidden,,D-sign Rug 1D0559 Cream 160x230 cm,,,taxable,parent,0,0,,0,0,,230,160,0.6,0,,,1796,,,,,,,56907878-H,,,,,,4,,,Size,160x230,,1,,,,,,,,,,,,,,,,,,,,,,,,,,,,,,,,,,,,,160x230,,,,,,,,,,,,,,,,,,,,,,,,92978,,,,,,,,,,,,,,,,,,,
45131,variation,56907882,,D-sign Rug 1D0559 Cream - 200x290,1,0,hidden,,D-sign Rug 1D0559 Cream 200x290 cm,,,taxable,parent,0,0,,0,0,,290,200,0.6,0,,,2644,,,,,,,56907878-H,,,,,,5,,,Size,200x290,,1,,,,,,,,,,,,,,,,,,,,,,,,,,,,,,,,,,,,,200x290,,,,,,,,,,,,1786455472,,,,,,,,,,,,92979,,,,,,,,,,,,,,,,,,,
45137,variation,56907880,,D-sign Rug 1D0558 Cream - 80x150,1,0,hidden,,D-sign Rug 1D0558 Cream 80x150 cm,,,taxable,parent,0,0,,0,0,,150,80,0.6,0,,,860,,,,,,,56907880-H,,,,,,1,,,Size,80x150,,1,,,,,,,,,,,,,,,,,,,,,,,,,,,,,,,,,,,,,80x150,,,,,,,,,,,,1786455472,,,,,,,,,,,,92980,,,,,,,,,,,,,,,,,,,
45138,variation,56913100,,D-sign Rug 1D0558 Cream - 120x170,1,0,hidden,,D-sign Rug 1D0558 Cream 120x170 cm,,,taxable,parent,0,0,,0,0,,170,120,0.6,0,,,1140,,,,,,,56907880-H,,,,,,2,,,Size,120x170,,1,,,,,,,,,,,,,,,,,,,,,,,,,,,,,,,,,,,,,120x170,,,,,,,,,,,,1786456656,,,,,,,,,,,,92981,,,,,,,,,,,,,,,,,,,
45139,variation,56913060,,D-sign Rug 1D0558 Cream - 140x200,1,0,hidden,,D-sign Rug 1D0558 Cream 140x200 cm,,,taxable,parent,0,0,,0,0,,200,140,0.6,0,,,1468,,,,,,,56907880-H,,,,,,3,,,Size,140x200,,1,,,,,,,,,,,,,,,,,,,,,,,,,,,,,,,,,,,,,140x200,,,,,,,,,,,,1786456628,,,,,,,,,,,,92982,,,,,,,,,,,,,,,,,,,
45140,variation,56913058,,D-sign Rug 1D0558 Cream - 160x230,1,0,hidden,,D-sign Rug 1D0558 Cream 160x230 cm,,,taxable,parent,0,0,,0,0,,230,160,0.6,0,,,1796,,,,,,,56907880-H,,,,,,4,,,Size,160x230,,1,,,,,,,,,,,,,,,,,,,,,,,,,,,,,,,,,,,,,160x230,,,,,,,,,,,,1786456628,,,,,,,,,,,,92983,,,,,,,,,,,,,,,,,,,
45141,variation,56913057,,D-sign Rug 1D0558 Cream - 200x290,1,0,hidden,,D-sign Rug 1D0558 Cream 200x290 cm,,,taxable,parent,0,0,,0,0,,290,200,0.6,0,,,2644,,,,,,,56907880-H,,,,,,5,,,Size,200x290,,1,,,,,,,,,,,,,,,,,,,,,,,,,,,,,,,,,,,,,200x290,,,,,,,,,,,,1786456627,,,,,,,,,,,,92984,,,,,,,,,,,,,,,,,,,
45147,variation,56907884,,D-sign Rug 1D0557 Cream - 80x150,1,0,hidden,,D-sign Rug 1D0557 Cream 80x150 cm,,,taxable,parent,0,0,,0,0,,150,80,0.6,0,,,860,,,,,,,56907884-H,,,,,,1,,,Size,80x150,,1,,,,,,,,,,,,,,,,,,,,,,,,,,,,,,,,,,,,,80x150,,,,,,,,,,,,1786455473,,,,,,,,,,,,92985,,,,,,,,,,,,,,,,,,,
45148,variation,56907890,,D-sign Rug 1D0557 Cream - 120x170,1,0,hidden,,D-sign Rug 1D0557 Cream 120x170 cm,,,taxable,parent,0,0,,0,0,,170,120,0.6,0,,,1140,,,,,,,56907884-H,,,,,,2,,,Size,120x170,,1,,,,,,,,,,,,,,,,,,,,,,,,,,,,,,,,,,,,,120x170,,,,,,,,,,,,,,,,,,,,,,,,92986,,,,,,,,,,,,,,,,,,,
45149,variation,56907888,,D-sign Rug 1D0557 Cream - 140x200,1,0,hidden,,D-sign Rug 1D0557 Cream 140x200 cm,,,taxable,parent,0,0,,0,0,,200,140,0.6,0,,,1468,,,,,,,56907884-H,,,,,,3,,,Size,140x200,,1,,,,,,,,,,,,,,,,,,,,,,,,,,,,,,,,,,,,,140x200,,,,,,,,,,,,,,,,,,,,,,,,92987,,,,,,,,,,,,,,,,,,,
45150,variation,56907887,,D-sign Rug 1D0557 Cream - 160x230,1,0,hidden,,D-sign Rug 1D0557 Cream 160x230 cm,,,taxable,parent,0,0,,0,0,,230,160,0.6,0,,,1796,,,,,,,56907884-H,,,,,,4,,,Size,160x230,,1,,,,,,,,,,,,,,,,,,,,,,,,,,,,,,,,,,,,,160x230,,,,,,,,,,,,,,,,,,,,,,,,92988,,,,,,,,,,,,,,,,,,,
45151,variation,56907891,,D-sign Rug 1D0557 Cream - 200x290,1,0,hidden,,D-sign Rug 1D0557 Cream 200x290 cm,,,taxable,parent,0,0,,0,0,,290,200,0.6,0,,,2644,,,,,,,56907884-H,,,,,,5,,,Size,200x290,,1,,,,,,,,,,,,,,,,,,,,,,,,,,,,,,,,,,,,,200x290,,,,,,,,,,,,1786455474,,,,,,,,,,,,92989,,,,,,,,,,,,,,,,,,,
45157,variable,56907964-H,,D-sign Rug 1D0936 Pink,1,0,hidden,D-sign Rug 1D0936 Pink ,D-sign Rug 1D0936 Pink ,,,taxable,,0,,,0,0,,,,,1,,,,"Rooms > Bedroom, Rooms > Living room, Rugs > Modern, Rugs",,,"https://rugshop.eu/wp-content/uploads/2021/10/carpet-round-solid-blush-pink-60-concrete.jpg, https://rugshop.eu/wp-content/uploads/2021/10/carpet-round-solid-blush-pink-60-concrete-1.jpg, https://rugshop.eu/wp-content/uploads/2021/10/carpet-round-solid-blush-pink-60-concrete-2.jpg, https://rugshop.eu/wp-content/uploads/2021/10/carpet-round-solid-blush-pink-60-concrete-3.jpg",,,,,,,,,1357,,,Size,"100, 133, 150, 170, 200",1,1,Brand,D-sign,1,1,Color,Pink-Purple,1,1,Type of color,Multicolor,1,1,Shape,Round,1,1,Material,Polyamide,1,1,Type of rug,Modern,1,1,Weave,Machinemade,1,1,Country,Belgium,1,1,Age,New,1,1,,,,,,,,,,,,,1786456678,yes,yes,,,,,,,,,,,,,,,,,,,,,,,,,,,,,
45158,variable,56908017-H,,D-sign Rug 1D0938 Brown,1,0,hidden,D-sign Rug 1D0938 Brown ,D-sign Rug 1D0938 Brown ,,,taxable,,0,,,0,0,,,,,1,,,,"Rooms > Bedroom, Rooms > Living room, Rugs > Modern, Rugs",,,"https://rugshop.eu/wp-content/uploads/2021/10/carpet-round-santa-fe-brown-42-plain-flat-one-colour.jpg, https://rugshop.eu/wp-content/uploads/2021/10/carpet-round-santa-fe-brown-42-plain-flat-one-colour-1.jpg, https://rugshop.eu/wp-content/uploads/2021/10/carpet-round-santa-fe-brown-42-plain-flat-one-colour-2.jpg, https://rugshop.eu/wp-content/uploads/2021/10/carpet-round-santa-fe-brown-42-plain-flat-one-colour-3.jpg",,,,,,,,,1358,,,Size,"100, 133, 150, 170, 200",1,1,Brand,D-sign,1,1,Color,Yellow-Brown,1,1,Type of color,Singlecolor,1,1,Shape,Round,1,1,Material,Polypropen,1,1,Type of rug,Modern,1,1,Weave,Machinemade,1,1,Country,Belgium,1,1,Age,New,1,1,,,,,,,,,,,,,1786456680,yes,yes,,,,,,,,,,,,,,,,,,,,,,,,,,,,,
45160,variation,56907889,,D-sign Rug 1D0555 Cream - 80x150,1,0,hidden,,D-sign Rug 1D0555 Cream 80x150 cm,,,taxable,parent,0,0,,0,0,,150,80,0.6,0,,,860,,,,,,,56907889-H,,,,,,1,,,Size,80x150,,1,,,,,,,,,,,,,,,,,,,,,,,,,,,,,,,,,,,,,80x150,,,,,,,,,,,,1786455474,,,,,,,,,,,,92990,,,,,,,,,,,,,,,,,,,
45161,variation,56913114,,D-sign Rug 1D0555 Cream - 120x170,1,0,hidden,,D-sign Rug 1D0555 Cream 120x170 cm,,,taxable,parent,0,0,,0,0,,170,120,0.6,0,,,1140,,,,,,,56907889-H,,,,,,2,,,Size,120x170,,1,,,,,,,,,,,,,,,,,,,,,,,,,,,,,,,,,,,,,120x170,,,,,,,,,,,,,,,,,,,,,,,,92991,,,,,,,,,,,,,,,,,,,
45162,variation,56913115,,D-sign Rug 1D0555 Cream - 140x200,1,0,hidden,,D-sign Rug 1D0555 Cream 140x200 cm,,,taxable,parent,0,0,,0,0,,200,140,0.6,0,,,1468,,,,,,,56907889-H,,,,,,3,,,Size,140x200,,1,,,,,,,,,,,,,,,,,,,,,,,,,,,,,,,,,,,,,140x200,,,,,,,,,,,,,,,,,,,,,,,,92992,,,,,,,,,,,,,,,,,,,
45163,variation,56913116,,D-sign Rug 1D0555 Cream - 160x230,1,0,hidden,,D-sign Rug 1D0555 Cream 160x230 cm,,,taxable,parent,0,0,,0,0,,230,160,0.6,0,,,1796,,,,,,,56907889-H,,,,,,4,,,Size,160x230,,1,,,,,,,,,,,,,,,,,,,,,,,,,,,,,,,,,,,,,160x230,,,,,,,,,,,,1786456657,,,,,,,,,,,,92993,,,,,,,,,,,,,,,,,,,
45164,variation,56913120,,D-sign Rug 1D0555 Cream - 200x290,1,0,hidden,,D-sign Rug 1D0555 Cream 200x290 cm,,,taxable,parent,0,0,,0,0,,290,200,0.6,0,,,2644,,,,,,,56907889-H,,,,,,5,,,Size,200x290,,1,,,,,,,,,,,,,,,,,,,,,,,,,,,,,,,,,,,,,200x290,,,,,,,,,,,,1786456658,,,,,,,,,,,,92994,,,,,,,,,,,,,,,,,,,
45170,variation,56907892,,D-sign Rug 1D0932 Beige - 100,1,0,hidden,,D-sign Rug 1D0932 Beige 100 cm,,,taxable,parent,0,0,,0,0,,100,100,0.65,0,,,524,,,,,,,56907892-H,,,,,,1,,,Size,100,,1,,,,,,,,,,,,,,,,,,,,,,,,,,,,,,,,,,,,,100,,,,,,,,,,,,1786455475,,,,,,,,,,,,93169,,,,,,,,,,,,,,,,,,,
45171,variation,56913098,,D-sign Rug 1D0932 Beige - 133,1,0,hidden,,D-sign Rug 1D0932 Beige 133 cm,,,taxable,parent,0,0,,0,0,,133,133,0.65,0,,,620,,,,,,,56907892-H,,,,,,2,,,Size,133,,1,,,,,,,,,,,,,,,,,,,,,,,,,,,,,,,,,,,,,133,,,,,,,,,,,,,,,,,,,,,,,,93170,,,,,,,,,,,,,,,,,,,
45172,variation,56913099,,D-sign Rug 1D0932 Beige - 150,1,0,hidden,,D-sign Rug 1D0932 Beige 150 cm,,,taxable,parent,0,0,,0,0,,150,150,0.65,0,,,684,,,,,,,56907892-H,,,,,,3,,,Size,150,,1,,,,,,,,,,,,,,,,,,,,,,,,,,,,,,,,,,,,,150,,,,,,,,,,,,1786456629,,,,,,,,,,,,93171,,,,,,,,,,,,,,,,,,,
45173,variation,56913094,,D-sign Rug 1D0932 Beige - 170,1,0,hidden,,D-sign Rug 1D0932 Beige 170 cm,,,taxable,parent,0,0,,0,0,,170,170,0.65,0,,,772,,,,,,,56907892-H,,,,,,4,,,Size,170,,1,,,,,,,,,,,,,,,,,,,,,,,,,,,,,,,,,,,,,170,,,,,,,,,,,,,,,,,,,,,,,,93172,,,,,,,,,,,,,,,,,,,
45174,variation,56913103,,D-sign Rug 1D0932 Beige - 200,1,0,hidden,,D-sign Rug 1D0932 Beige 200 cm,,,taxable,parent,0,0,,0,0,,200,200,0.65,0,,,916,,,,,,,56907892-H,,,,,,5,,,Size,200,,1,,,,,,,,,,,,,,,,,,,,,,,,,,,,,,,,,,,,,200,,,,,,,,,,,,,,,,,,,,,,,,93173,,,,,,,,,,,,,,,,,,,
45181,variable,56908064-H,,D-sign Rug 1D0942 Cream,1,0,hidden,D-sign Rug 1D0942 Cream ,D-sign Rug 1D0942 Cream ,,,taxable,,0,,,0,0,,,,,1,,,,"Rooms > Bedroom, Rooms > Living room, Rugs > Modern, Rugs",,,"https://rugshop.eu/wp-content/uploads/2021/10/carpet-round-santa-fe-cream-031-plain-flat-one-colour.jpg, https://rugshop.eu/wp-content/uploads/2021/10/carpet-round-santa-fe-cream-031-plain-flat-one-colour-1.jpg, https://rugshop.eu/wp-content/uploads/2021/10/carpet-round-santa-fe-cream-031-plain-flat-one-colour-2.jpg, https://rugshop.eu/wp-content/uploads/2021/10/carpet-round-santa-fe-cream-031-plain-flat-one-colour-3.jpg",,,,,,,,,1360,,,Size,"100, 133, 150, 170, 200",1,1,Brand,D-sign,1,1,Color,White-Beige,1,1,Type of color,Singlecolor,1,1,Shape,Round,1,1,Material,Polypropen,1,1,Type of rug,Modern,1,1,Weave,Machinemade,1,1,Country,Belgium,1,1,Age,New,1,1,,,,,,,,,,,,,1786456684,yes,yes,,,,,,,,,classic-editor,,,,,,,,,,,,,,,,,,,,
45182,variable,56908161-H,,D-sign Rug 1D0944 Blue,1,0,hidden,D-sign Rug 1D0944 Blue ,D-sign Rug 1D0944 Blue ,,,taxable,,0,,,0,0,,,,,1,,,,"Rooms > Bedroom, Rooms > Living room, Rugs > Modern, Rugs",,,"https://rugshop.eu/wp-content/uploads/2021/10/carpet-round-santa-fe-blue-74-plain-flat-one-colour.jpg, https://rugshop.eu/wp-content/uploads/2021/10/carpet-round-santa-fe-blue-74-plain-flat-one-colour-1.jpg, https://rugshop.eu/wp-content/uploads/2021/10/carpet-round-santa-fe-blue-74-plain-flat-one-colour-2.jpg, https://rugshop.eu/wp-content/uploads/2021/10/carpet-round-santa-fe-blue-74-plain-flat-one-colour-3.jpg",,,,,,,,,1361,,,Size,"100, 133, 150, 170, 200",1,1,Brand,D-sign,1,1,Color,Blue,1,1,Type of color,Singlecolor,1,1,Shape,Round,1,1,Material,Polypropen,1,1,Type of rug,Modern,1,1,Weave,Machinemade,1,1,Country,Belgium,1,1,Age,New,1,1,,,,,,,,,,,,,1786456689,yes,yes,,,,,,,,,,,,,,,,,,,,,,,,,,,,,
45183,variation,56907925,,D-sign Rug 1D0934 Grey - 100,1,0,hidden,,D-sign Rug 1D0934 Grey 100 cm,,,taxable,parent,0,0,,0,0,,100,100,0.65,0,,,524,,,,,,,56907925-H,,,,,,1,,,Size,100,,1,,,,,,,,,,,,,,,,,,,,,,,,,,,,,,,,,,,,,100,,,,,,,,,,,,1786455475,,,,,,,,,,,,93243,,,,,,,,,,,,,,,,,,,
45184,variation,56913119,,D-sign Rug 1D0934 Grey - 133,1,0,hidden,,D-sign Rug 1D0934 Grey 133 cm,,,taxable,parent,0,0,,0,0,,133,133,0.65,0,,,620,,,,,,,56907925-H,,,,,,2,,,Size,133,,1,,,,,,,,,,,,,,,,,,,,,,,,,,,,,,,,,,,,,133,,,,,,,,,,,,1786456658,,,,,,,,,,,,93244,,,,,,,,,,,,,,,,,,,
45185,variation,56913118,,D-sign Rug 1D0934 Grey - 150,1,0,hidden,,D-sign Rug 1D0934 Grey 150 cm,,,taxable,parent,0,0,,0,0,,150,150,0.65,0,,,684,,,,,,,56907925-H,,,,,,3,,,Size,150,,1,,,,,,,,,,,,,,,,,,,,,,,,,,,,,,,,,,,,,150,,,,,,,,,,,,1786456657,,,,,,,,,,,,93245,,,,,,,,,,,,,,,,,,,
45186,variation,56913121,,D-sign Rug 1D0934 Grey - 170,1,0,hidden,,D-sign Rug 1D0934 Grey 170 cm,,,taxable,parent,0,0,,0,0,,170,170,0.65,0,,,772,,,,,,,56907925-H,,,,,,4,,,Size,170,,1,,,,,,,,,,,,,,,,,,,,,,,,,,,,,,,,,,,,,170,,,,,,,,,,,,1786456659,,,,,,,,,,,,93246,,,,,,,,,,,,,,,,,,,
45187,variation,56913123,,D-sign Rug 1D0934 Grey - 200,1,0,hidden,,D-sign Rug 1D0934 Grey 200 cm,,,taxable,parent,0,0,,0,0,,200,200,0.65,0,,,916,,,,,,,56907925-H,,,,,,5,,,Size,200,,1,,,,,,,,,,,,,,,,,,,,,,,,,,,,,,,,,,,,,200,,,,,,,,,,,,1786456659,,,,,,,,,,,,93247,,,,,,,,,,,,,,,,,,,
45193,variation,56907964,,D-sign Rug 1D0936 Pink - 100,1,0,hidden,,D-sign Rug 1D0936 Pink 100 cm,,,taxable,parent,0,0,,0,0,,100,100,0.65,0,,,524,,,,,,,56907964-H,,,,,,1,,,Size,100,,1,,,,,,,,,,,,,,,,,,,,,,,,,,,,,,,,,,,,,100,,,,,,,,,,,,1786455475,,,,,,,,,,,,93317,,,,,,,,,,,,,,,,,,,
45194,variation,56913137,,D-sign Rug 1D0936 Pink - 133,1,0,hidden,,D-sign Rug 1D0936 Pink 133 cm,,,taxable,parent,0,0,,0,0,,133,133,0.65,0,,,620,,,,,,,56907964-H,,,,,,2,,,Size,133,,1,,,,,,,,,,,,,,,,,,,,,,,,,,,,,,,,,,,,,133,,,,,,,,,,,,,,,,,,,,,,,,93318,,,,,,,,,,,,,,,,,,,
45195,variation,56913128,,D-sign Rug 1D0936 Pink - 150,1,0,hidden,,D-sign Rug 1D0936 Pink 150 cm,,,taxable,parent,0,0,,0,0,,150,150,0.65,0,,,684,,,,,,,56907964-H,,,,,,3,,,Size,150,,1,,,,,,,,,,,,,,,,,,,,,,,,,,,,,,,,,,,,,150,,,,,,,,,,,,,,,,,,,,,,,,93319,,,,,,,,,,,,,,,,,,,
45196,variation,56913132,,D-sign Rug 1D0936 Pink - 170,1,0,hidden,,D-sign Rug 1D0936 Pink 170 cm,,,taxable,parent,0,0,,0,0,,170,170,0.65,0,,,772,,,,,,,56907964-H,,,,,,4,,,Size,170,,1,,,,,,,,,,,,,,,,,,,,,,,,,,,,,,,,,,,,,170,,,,,,,,,,,,1786456660,,,,,,,,,,,,93320,,,,,,,,,,,,,,,,,,,
45197,variation,56913131,,D-sign Rug 1D0936 Pink - 200,1,0,hidden,,D-sign Rug 1D0936 Pink 200 cm,,,taxable,parent,0,0,,0,0,,200,200,0.65,0,,,916,,,,,,,56907964-H,,,,,,5,,,Size,200,,1,,,,,,,,,,,,,,,,,,,,,,,,,,,,,,,,,,,,,200,,,,,,,,,,,,,,,,,,,,,,,,93321,,,,,,,,,,,,,,,,,,,
45203,variable,56908092-H,,D-sign Rug 1D0946 Grey,1,0,hidden,D-sign Rug 1D0946 Grey ,D-sign Rug 1D0946 Grey ,,,taxable,,0,,,0,0,,,,,1,,,,"Rooms > Bedroom, Rooms > Living room, Rugs > Modern, Rugs",,,"https://rugshop.eu/wp-content/uploads/2021/10/carpet-round-santa-fe-silver-92-plain-flat-one-colour.jpg, https://rugshop.eu/wp-content/uploads/2021/10/carpet-round-santa-fe-silver-92-plain-flat-one-colour-1.jpg, https://rugshop.eu/wp-content/uploads/2021/10/carpet-round-santa-fe-silver-92-plain-flat-one-colour-2.jpg, https://rugshop.eu/wp-content/uploads/2021/10/carpet-round-santa-fe-silver-92-plain-flat-one-colour-3.jpg",,,,,,,,,1362,,,Size,"100, 133, 150, 170, 200",1,1,Brand,D-sign,1,1,Color,Black-Grey,1,1,Type of color,Singlecolor,1,1,Shape,Round,1,1,Material,Polypropen,1,1,Type of rug,Modern,1,1,Weave,Machinemade,1,1,Country,Belgium,1,1,Age,New,1,1,,,,,,,,,,,,,1786455502,yes,yes,,,,,,,,,,,,,,,,,,,,,,,,,,,,,
45204,variable,56908131-H,,D-sign Rug 1D0948 Grey,1,0,hidden,D-sign Rug 1D0948 Grey ,D-sign Rug 1D0948 Grey ,,,taxable,,0,,,0,0,,,,,1,,,,"Rooms > Bedroom, Rooms > Living room, Rugs > Modern, Rugs",,,"https://rugshop.eu/wp-content/uploads/2021/10/carpet-round-santa-fe-grey-97-plain-flat-one-colour.jpg, https://rugshop.eu/wp-content/uploads/2021/10/carpet-round-santa-fe-grey-97-plain-flat-one-colour-1.jpg, https://rugshop.eu/wp-content/uploads/2021/10/carpet-round-santa-fe-grey-97-plain-flat-one-colour-2.jpg, https://rugshop.eu/wp-content/uploads/2021/10/carpet-round-santa-fe-grey-97-plain-flat-one-colour-3.jpg",,,,,,,,,1363,,,Size,"100, 133, 150, 170, 200",1,1,Brand,D-sign,1,1,Color,Black-Grey,1,1,Type of color,Singlecolor,1,1,Shape,Round,1,1,Material,Polypropen,1,1,Type of rug,Modern,1,1,Weave,Machinemade,1,1,Country,Belgium,1,1,Age,New,1,1,,,,,,,,,,,,,1786456687,yes,yes,,,,,,,,,,,,,,,,,,,,,,,,,,,,,
45205,variation,56908017,,D-sign Rug 1D0938 Brown - 100,1,0,hidden,,D-sign Rug 1D0938 Brown 100 cm,,,taxable,parent,0,0,,0,0,,100,100,1.2,0,,,668,,,,,,,56908017-H,,,,,,1,,,Size,100,,1,,,,,,,,,,,,,,,,,,,,,,,,,,,,,,,,,,,,,100,,,,,,,,,,,,1786455476,,,,,,,,,,,,93391,,,,,,,,,,,,,,,,,,,
45206,variation,56913152,,D-sign Rug 1D0938 Brown - 133,1,0,hidden,,D-sign Rug 1D0938 Brown 133 cm,,,taxable,parent,0,0,,0,0,,133,133,1.2,0,,,884,,,,,,,56908017-H,,,,,,2,,,Size,133,,1,,,,,,,,,,,,,,,,,,,,,,,,,,,,,,,,,,,,,133,,,,,,,,,,,,,,,,,,,,,,,,93392,,,,,,,,,,,,,,,,,,,
45207,variation,56913154,,D-sign Rug 1D0938 Brown - 150,1,0,hidden,,D-sign Rug 1D0938 Brown 150 cm,,,taxable,parent,0,0,,0,0,,150,150,1.2,0,,,1020,,,,,,,56908017-H,,,,,,3,,,Size,150,,1,,,,,,,,,,,,,,,,,,,,,,,,,,,,,,,,,,,,,150,,,,,,,,,,,,1786456661,,,,,,,,,,,,93393,,,,,,,,,,,,,,,,,,,
45208,variation,56913150,,D-sign Rug 1D0938 Brown - 170,1,0,hidden,,D-sign Rug 1D0938 Brown 170 cm,,,taxable,parent,0,0,,0,0,,170,170,1.2,0,,,1196,,,,,,,56908017-H,,,,,,4,,,Size,170,,1,,,,,,,,,,,,,,,,,,,,,,,,,,,,,,,,,,,,,170,,,,,,,,,,,,,,,,,,,,,,,,93394,,,,,,,,,,,,,,,,,,,
45209,variation,56913153,,D-sign Rug 1D0938 Brown - 200,1,0,hidden,,D-sign Rug 1D0938 Brown 200 cm,,,taxable,parent,0,0,,0,0,,200,200,1.2,0,,,1500,,,,,,,56908017-H,,,,,,5,,,Size,200,,1,,,,,,,,,,,,,,,,,,,,,,,,,,,,,,,,,,,,,200,,,,,,,,,,,,,,,,,,,,,,,,93395,,,,,,,,,,,,,,,,,,,
45225,variable,56908173-H,,D-sign Rug 1D0950 Pink,1,0,hidden,D-sign Rug 1D0950 Pink ,D-sign Rug 1D0950 Pink ,,,taxable,,0,,,0,0,,,,,1,,,,"Rooms > Bedroom, Rooms > Living room, Rugs > Modern, Rugs",,,"https://rugshop.eu/wp-content/uploads/2021/10/carpet-round-san-miguel-blush-pink-61-plain-flat-one-colour.jpg, https://rugshop.eu/wp-content/uploads/2021/10/carpet-round-san-miguel-blush-pink-61-plain-flat-one-colour-1.jpg, https://rugshop.eu/wp-content/uploads/2021/10/carpet-round-san-miguel-blush-pink-61-plain-flat-one-colour-2.jpg, https://rugshop.eu/wp-content/uploads/2021/10/carpet-round-san-miguel-blush-pink-61-plain-flat-one-colour-3.jpg",,,,,,,,,1364,,,Size,"100, 133, 150, 170, 200",1,1,Brand,D-sign,1,1,Color,Pink-Purple,1,1,Type of color,Singlecolor,1,1,Shape,Round,1,1,Material,Polypropen,1,1,Type of rug,Modern,1,1,Weave,Machinemade,1,1,Country,Belgium,1,1,Age,New,1,1,,,,,,,,,,,,,1786455506,yes,yes,,,,,,,,,,,,,,,,,,,,,,,,,,,,,
45226,variable,56908209-H,,D-sign Rug 1D0952 Grey,1,0,hidden,D-sign Rug 1D0952 Grey ,D-sign Rug 1D0952 Grey ,,,taxable,,0,,,0,0,,,,,1,,,,"Rooms > Bedroom, Rooms > Living room, Rugs > Modern, Rugs",,,"https://rugshop.eu/wp-content/uploads/2021/10/carpet-round-san-miguel-grey-97-plain-flat-one-colour.jpg, https://rugshop.eu/wp-content/uploads/2021/10/carpet-round-san-miguel-grey-97-plain-flat-one-colour-1.jpg, https://rugshop.eu/wp-content/uploads/2021/10/carpet-round-san-miguel-grey-97-plain-flat-one-colour-2.jpg, https://rugshop.eu/wp-content/uploads/2021/10/carpet-round-san-miguel-grey-97-plain-flat-one-colour-3.jpg",,,,,,,,,1365,,,Size,"100, 133, 150, 170, 200",1,1,Brand,D-sign,1,1,Color,Black-Grey,1,1,Type of color,Singlecolor,1,1,Shape,Round,1,1,Material,Polypropen,1,1,Type of rug,Modern,1,1,Weave,Machinemade,1,1,Country,Belgium,1,1,Age,New,1,1,,,,,,,,,,,,,1786456692,yes,yes,,,,,,,,,,,,,,,,,,,,,,,,,,,,,
45227,variation,56908064,,D-sign Rug 1D0942 Cream - 100,1,0,hidden,,D-sign Rug 1D0942 Cream 100 cm,,,taxable,parent,0,0,,0,0,,100,100,1.2,0,,,668,,,,,,,56908064-H,,,,,,1,,,Size,100,,1,,,,,,,,,,,,,,,,,,,,,,,,,,,,,,,,,,,,,100,,,,,,,,,,,,1786455476,,,,,,,,,,,,93536,,,,,,,,,,,,,,,,,,,
45228,variation,56913200,,D-sign Rug 1D0942 Cream - 133,1,0,hidden,,D-sign Rug 1D0942 Cream 133 cm,,,taxable,parent,0,0,,0,0,,133,133,1.2,0,,,884,,,,,,,56908064-H,,,,,,2,,,Size,133,,1,,,,,,,,,,,,,,,,,,,,,,,,,,,,,,,,,,,,,133,,,,,,,,,,,,1786456664,,,,,,,,,,,,93537,,,,,,,,,,,,,,,,,,,
45229,variation,56913196,,D-sign Rug 1D0942 Cream - 150,1,0,hidden,,D-sign Rug 1D0942 Cream 150 cm,,,taxable,parent,0,0,,0,0,,150,150,1.2,0,,,1020,,,,,,,56908064-H,,,,,,3,,,Size,150,,1,,,,,,,,,,,,,,,,,,,,,,,,,,,,,,,,,,,,,150,,,,,,,,,,,,1786456663,,,,,,,,,,,,93538,,,,,,,,,,,,,,,,,,,
45230,variation,56908071,,D-sign Rug 1D0942 Cream - 170,1,0,hidden,,D-sign Rug 1D0942 Cream 170 cm,,,taxable,parent,0,0,,0,0,,170,170,1.2,0,,,1196,,,,,,,56908064-H,,,,,,4,,,Size,170,,1,,,,,,,,,,,,,,,,,,,,,,,,,,,,,,,,,,,,,170,,,,,,,,,,,,1786455477,,,,,,,,,,,,93539,,,,,,,,,,,,,,,,,,,
45231,variation,56908070,,D-sign Rug 1D0942 Cream - 200,1,0,hidden,,D-sign Rug 1D0942 Cream 200 cm,,,taxable,parent,0,0,,0,0,,200,200,1.2,0,,,1500,,,,,,,56908064-H,,,,,,5,,,Size,200,,1,,,,,,,,,,,,,,,,,,,,,,,,,,,,,,,,,,,,,200,,,,,,,,,,,,1786455476,,,,,,,,,,,,93540,,,,,,,,,,,,,,,,,,,
45238,variation,56908161,,D-sign Rug 1D0944 Blue - 100,1,0,hidden,,D-sign Rug 1D0944 Blue 100 cm,,,taxable,parent,0,0,,0,0,,100,100,1.2,0,,,668,,,,,,,56908161-H,,,,,,1,,,Size,100,,1,,,,,,,,,,,,,,,,,,,,,,,,,,,,,,,,,,,,,100,,,,,,,,,,,,1786455479,,,,,,,,,,,,93608,,,,,,,,,,,,,,,,,,,
45239,variation,56913348,,D-sign Rug 1D0944 Blue - 133,1,0,hidden,,D-sign Rug 1D0944 Blue 133 cm,,,taxable,parent,0,0,,0,0,,133,133,1.2,0,,,884,,,,,,,56908161-H,,,,,,2,,,Size,133,,1,,,,,,,,,,,,,,,,,,,,,,,,,,,,,,,,,,,,,133,,,,,,,,,,,,1786456666,,,,,,,,,,,,93609,,,,,,,,,,,,,,,,,,,
45240,variation,56913331,,D-sign Rug 1D0944 Blue - 150,1,0,hidden,,D-sign Rug 1D0944 Blue 150 cm,,,taxable,parent,0,0,,0,0,,150,150,1.2,0,,,1020,,,,,,,56908161-H,,,,,,3,,,Size,150,,1,,,,,,,,,,,,,,,,,,,,,,,,,,,,,,,,,,,,,150,,,,,,,,,,,,1786456666,,,,,,,,,,,,93610,,,,,,,,,,,,,,,,,,,
45241,variation,56913334,,D-sign Rug 1D0944 Blue - 170,1,0,hidden,,D-sign Rug 1D0944 Blue 170 cm,,,taxable,parent,0,0,,0,0,,170,170,1.2,0,,,1196,,,,,,,56908161-H,,,,,,4,,,Size,170,,1,,,,,,,,,,,,,,,,,,,,,,,,,,,,,,,,,,,,,170,,,,,,,,,,,,,,,,,,,,,,,,93611,,,,,,,,,,,,,,,,,,,
45242,variation,56913333,,D-sign Rug 1D0944 Blue - 200,1,0,hidden,,D-sign Rug 1D0944 Blue 200 cm,,,taxable,parent,0,0,,0,0,,200,200,1.2,0,,,1500,,,,,,,56908161-H,,,,,,5,,,Size,200,,1,,,,,,,,,,,,,,,,,,,,,,,,,,,,,,,,,,,,,200,,,,,,,,,,,,,,,,,,,,,,,,93612,,,,,,,,,,,,,,,,,,,
45248,variable,56908235-H,,D-sign Rug 1D0955 Brown,1,0,hidden,D-sign Rug 1D0955 Brown ,D-sign Rug 1D0955 Brown ,,,taxable,,0,,,0,0,,,,,1,,,,"Rooms > Bedroom, Rooms > Living room, Rugs > Modern, Rugs",,,"https://rugshop.eu/wp-content/uploads/2021/10/carpet-round-san-miguel-brown-41-plain-flat-one-colour.jpg, https://rugshop.eu/wp-content/uploads/2021/10/carpet-round-san-miguel-brown-41-plain-flat-one-colour-1.jpg, https://rugshop.eu/wp-content/uploads/2021/10/carpet-round-san-miguel-brown-41-plain-flat-one-colour-2.jpg, https://rugshop.eu/wp-content/uploads/2021/10/carpet-round-san-miguel-brown-41-plain-flat-one-colour-3.jpg",,,,,,,,,1366,,,Size,"100, 133, 150, 170, 200",1,1,Brand,D-sign,1,1,Color,Yellow-Brown,1,1,Type of color,Singlecolor,1,1,Shape,Round,1,1,Material,Polypropen,1,1,Type of rug,Modern,1,1,Weave,Machinemade,1,1,Country,Belgium,1,1,Age,New,1,1,,,,,,,,,,,,,1786456693,yes,yes,,,,,,,,,,,,,,,,,,,,,,,,,,,,,
45249,variable,56908271-H,,D-sign Rug 1D0957 Cream,1,0,hidden,D-sign Rug 1D0957 Cream ,D-sign Rug 1D0957 Cream ,,,taxable,,0,,,0,0,,,,,1,,,,"Rooms > Bedroom, Rooms > Living room, Rugs > Modern, Rugs",,,"https://rugshop.eu/wp-content/uploads/2021/10/carpet-round-san-miguel-cream-031-plain-flat-one-colour.jpg, https://rugshop.eu/wp-content/uploads/2021/10/carpet-round-san-miguel-cream-031-plain-flat-one-colour-1.jpg, https://rugshop.eu/wp-content/uploads/2021/10/carpet-round-san-miguel-cream-031-plain-flat-one-colour-2.jpg, https://rugshop.eu/wp-content/uploads/2021/10/carpet-round-san-miguel-cream-031-plain-flat-one-colour-3.jpg",,,,,,,,,1367,,,Size,"100, 133, 150, 170, 200",1,1,Brand,D-sign,1,1,Color,White-Beige,1,1,Type of color,Singlecolor,1,1,Shape,Round,1,1,Material,Polypropen,1,1,Type of rug,Modern,1,1,Weave,Machinemade,1,1,Country,Belgium,1,1,Age,New,1,1,,,,,,,,,,,,,1786456695,yes,yes,,,,,,,,,classic-editor,,,,,,,,,,,,,,,,,,,,
45250,variation,56908092,,D-sign Rug 1D0946 Grey - 100,1,0,hidden,,D-sign Rug 1D0946 Grey 100 cm,,,taxable,parent,0,0,,0,0,,100,100,1.2,0,,,668,,,,,,,56908092-H,,,,,,1,,,Size,100,,1,,,,,,,,,,,,,,,,,,,,,,,,,,,,,,,,,,,,,100,,,,,,,,,,,,1786455477,,,,,,,,,,,,93680,,,,,,,,,,,,,,,,,,,
45251,variation,56908096,,D-sign Rug 1D0946 Grey - 133,1,0,hidden,,D-sign Rug 1D0946 Grey 133 cm,,,taxable,parent,0,0,,0,0,,133,133,1.2,0,,,884,,,,,,,56908092-H,,,,,,2,,,Size,133,,1,,,,,,,,,,,,,,,,,,,,,,,,,,,,,,,,,,,,,133,,,,,,,,,,,,1786455478,,,,,,,,,,,,93681,,,,,,,,,,,,,,,,,,,
45252,variation,56908095,,D-sign Rug 1D0946 Grey - 150,1,0,hidden,,D-sign Rug 1D0946 Grey 150 cm,,,taxable,parent,0,0,,0,0,,150,150,1.2,0,,,1020,,,,,,,56908092-H,,,,,,3,,,Size,150,,1,,,,,,,,,,,,,,,,,,,,,,,,,,,,,,,,,,,,,150,,,,,,,,,,,,1786455478,,,,,,,,,,,,93682,,,,,,,,,,,,,,,,,,,
45253,variation,56908097,,D-sign Rug 1D0946 Grey - 170,1,0,hidden,,D-sign Rug 1D0946 Grey 170 cm,,,taxable,parent,0,0,,0,0,,170,170,1.2,0,,,1196,,,,,,,56908092-H,,,,,,4,,,Size,170,,1,,,,,,,,,,,,,,,,,,,,,,,,,,,,,,,,,,,,,170,,,,,,,,,,,,1786455478,,,,,,,,,,,,93683,,,,,,,,,,,,,,,,,,,
45254,variation,56908093,,D-sign Rug 1D0946 Grey - 200,1,0,hidden,,D-sign Rug 1D0946 Grey 200 cm,,,taxable,parent,0,0,,0,0,,200,200,1.2,0,,,1500,,,,,,,56908092-H,,,,,,5,,,Size,200,,1,,,,,,,,,,,,,,,,,,,,,,,,,,,,,,,,,,,,,200,,,,,,,,,,,,1786455477,,,,,,,,,,,,93684,,,,,,,,,,,,,,,,,,,
45260,variation,56908131,,D-sign Rug 1D0948 Grey - 100,1,0,hidden,,D-sign Rug 1D0948 Grey 100 cm,,,taxable,parent,0,0,,0,0,,100,100,1.2,0,,,668,,,,,,,56908131-H,,,,,,1,,,Size,100,,1,,,,,,,,,,,,,,,,,,,,,,,,,,,,,,,,,,,,,100,,,,,,,,,,,,1786455479,,,,,,,,,,,,93745,,,,,,,,,,,,,,,,,,,
45261,variation,56913310,,D-sign Rug 1D0948 Grey - 133,1,0,hidden,,D-sign Rug 1D0948 Grey 133 cm,,,taxable,parent,0,0,,0,0,,133,133,1.2,0,,,884,,,,,,,56908131-H,,,,,,2,,,Size,133,,1,,,,,,,,,,,,,,,,,,,,,,,,,,,,,,,,,,,,,133,,,,,,,,,,,,1786456665,,,,,,,,,,,,93746,,,,,,,,,,,,,,,,,,,
45262,variation,56913313,,D-sign Rug 1D0948 Grey - 150,1,0,hidden,,D-sign Rug 1D0948 Grey 150 cm,,,taxable,parent,0,0,,0,0,,150,150,1.2,0,,,1020,,,,,,,56908131-H,,,,,,3,,,Size,150,,1,,,,,,,,,,,,,,,,,,,,,,,,,,,,,,,,,,,,,150,,,,,,,,,,,,1786456665,,,,,,,,,,,,93747,,,,,,,,,,,,,,,,,,,
45263,variation,56913309,,D-sign Rug 1D0948 Grey - 170,1,0,hidden,,D-sign Rug 1D0948 Grey 170 cm,,,taxable,parent,0,0,,0,0,,170,170,1.2,0,,,1196,,,,,,,56908131-H,,,,,,4,,,Size,170,,1,,,,,,,,,,,,,,,,,,,,,,,,,,,,,,,,,,,,,170,,,,,,,,,,,,1786456664,,,,,,,,,,,,93748,,,,,,,,,,,,,,,,,,,
45264,variation,56913330,,D-sign Rug 1D0948 Grey - 200,1,0,hidden,,D-sign Rug 1D0948 Grey 200 cm,,,taxable,parent,0,0,,0,0,,200,200,1.2,0,,,1500,,,,,,,56908131-H,,,,,,5,,,Size,200,,1,,,,,,,,,,,,,,,,,,,,,,,,,,,,,,,,,,,,,200,,,,,,,,,,,,1786456666,,,,,,,,,,,,93749,,,,,,,,,,,,,,,,,,,
45270,variable,56908324-H,,D-sign Rug 1D0959 Grey,1,0,hidden,D-sign Rug 1D0959 Grey ,D-sign Rug 1D0959 Grey ,,,taxable,,0,,,0,0,,,,,1,,,,"Rooms > Bedroom, Rooms > Living room, Rugs > Modern, Rugs",,,"https://rugshop.eu/wp-content/uploads/2021/10/carpet-structural-sierra-g5011-flat-woven-grey-black-geometric-diamonds.jpg, https://rugshop.eu/wp-content/uploads/2021/10/carpet-structural-sierra-g5011-flat-woven-grey-black-geometric-diamonds-1.jpg, https://rugshop.eu/wp-content/uploads/2021/10/carpet-structural-sierra-g5011-flat-woven-grey-black-geometric-diamonds-2.jpg, https://rugshop.eu/wp-content/uploads/2021/10/carpet-structural-sierra-g5011-flat-woven-grey-black-geometric-diamonds-3.jpg",,,,,,,,,1368,,,Size,"120x170, 140x190, 160x220, 180x270, 200x290, 80x150",1,1,Brand,D-sign,1,1,Color,Black-Grey,1,1,Type of color,Multicolor,1,1,Shape,Rectangular,1,1,Material,Polypropen,1,1,Type of rug,Modern,1,1,Weave,Machinemade,1,1,Age,New,1,1,,,,,,,,,,,,,,,,,1786456713,yes,yes,,,,,,,,,,,,,,,,,,,,,,,,,,,,,
45271,variation,56908173,,D-sign Rug 1D0950 Pink - 100,1,0,hidden,,D-sign Rug 1D0950 Pink 100 cm,,,taxable,parent,0,0,,0,0,,100,100,1.8,0,,,836,,,,,,,56908173-H,,,,,,1,,,Size,100,,1,,,,,,,,,,,,,,,,,,,,,,,,,,,,,,,,,,,,,100,,,,,,,,,,,,1786455480,,,,,,,,,,,,93790,,,,,,,,,,,,,,,,,,,
45272,variation,56913353,,D-sign Rug 1D0950 Pink - 133,1,0,hidden,,D-sign Rug 1D0950 Pink 133 cm,,,taxable,parent,0,0,,0,0,,133,133,1.8,0,,,1180,,,,,,,56908173-H,,,,,,2,,,Size,133,,1,,,,,,,,,,,,,,,,,,,,,,,,,,,,,,,,,,,,,133,,,,,,,,,,,,,,,,,,,,,,,,93791,,,,,,,,,,,,,,,,,,,
45273,variation,56913351,,D-sign Rug 1D0950 Pink - 150,1,0,hidden,,D-sign Rug 1D0950 Pink 150 cm,,,taxable,parent,0,0,,0,0,,150,150,1.8,0,,,1396,,,,,,,56908173-H,,,,,,3,,,Size,150,,1,,,,,,,,,,,,,,,,,,,,,,,,,,,,,,,,,,,,,150,,,,,,,,,,,,,,,,,,,,,,,,93792,,,,,,,,,,,,,,,,,,,
45274,variation,56913356,,D-sign Rug 1D0950 Pink - 170,1,0,hidden,,D-sign Rug 1D0950 Pink 170 cm,,,taxable,parent,0,0,,0,0,,170,170,1.8,0,,,1684,,,,,,,56908173-H,,,,,,4,,,Size,170,,1,,,,,,,,,,,,,,,,,,,,,,,,,,,,,,,,,,,,,170,,,,,,,,,,,,,,,,,,,,,,,,93793,,,,,,,,,,,,,,,,,,,
45275,variation,56913350,,D-sign Rug 1D0950 Pink - 200,1,0,hidden,,D-sign Rug 1D0950 Pink 200 cm,,,taxable,parent,0,0,,0,0,,200,200,1.8,0,,,2180,,,,,,,56908173-H,,,,,,5,,,Size,200,,1,,,,,,,,,,,,,,,,,,,,,,,,,,,,,,,,,,,,,200,,,,,,,,,,,,,,,,,,,,,,,,93794,,,,,,,,,,,,,,,,,,,
45281,variation,56908209,,D-sign Rug 1D0952 Grey - 100,1,0,hidden,,D-sign Rug 1D0952 Grey 100 cm,,,taxable,parent,0,0,,0,0,,100,100,1.8,0,,,836,,,,,,,56908209-H,,,,,,1,,,Size,100,,1,,,,,,,,,,,,,,,,,,,,,,,,,,,,,,,,,,,,,100,,,,,,,,,,,,1786455481,,,,,,,,,,,,93862,,,,,,,,,,,,,,,,,,,
45282,variation,56913368,,D-sign Rug 1D0952 Grey - 133,1,0,hidden,,D-sign Rug 1D0952 Grey 133 cm,,,taxable,parent,0,0,,0,0,,133,133,1.8,0,,,1180,,,,,,,56908209-H,,,,,,2,,,Size,133,,1,,,,,,,,,,,,,,,,,,,,,,,,,,,,,,,,,,,,,133,,,,,,,,,,,,1786456667,,,,,,,,,,,,93863,,,,,,,,,,,,,,,,,,,
45283,variation,56913365,,D-sign Rug 1D0952 Grey - 150,1,0,hidden,,D-sign Rug 1D0952 Grey 150 cm,,,taxable,parent,0,0,,0,0,,150,150,1.8,0,,,1396,,,,,,,56908209-H,,,,,,3,,,Size,150,,1,,,,,,,,,,,,,,,,,,,,,,,,,,,,,,,,,,,,,150,,,,,,,,,,,,1786456667,,,,,,,,,,,,93864,,,,,,,,,,,,,,,,,,,
45284,variation,56913386,,D-sign Rug 1D0952 Grey - 170,1,0,hidden,,D-sign Rug 1D0952 Grey 170 cm,,,taxable,parent,0,0,,0,0,,170,170,1.8,0,,,1684,,,,,,,56908209-H,,,,,,4,,,Size,170,,1,,,,,,,,,,,,,,,,,,,,,,,,,,,,,,,,,,,,,170,,,,,,,,,,,,1786456668,,,,,,,,,,,,93865,,,,,,,,,,,,,,,,,,,
45285,variation,56913384,,D-sign Rug 1D0952 Grey - 200,1,0,hidden,,D-sign Rug 1D0952 Grey 200 cm,,,taxable,parent,0,0,,0,0,,200,200,1.8,0,,,2180,,,,,,,56908209-H,,,,,,5,,,Size,200,,1,,,,,,,,,,,,,,,,,,,,,,,,,,,,,,,,,,,,,200,,,,,,,,,,,,1786456668,,,,,,,,,,,,93866,,,,,,,,,,,,,,,,,,,
45294,variation,56913382,,D-sign Rug 1D0955 Brown - 133,1,0,hidden,,D-sign Rug 1D0955 Brown 133 cm,,,taxable,parent,0,0,,0,0,,133,133,1.8,0,,"658,4",1180,,,,,,,56908235-H,,,,,,2,,,Size,133,,1,,,,,,,,,,,,,,,,,,,,,,,,,,,,,,,,,,,,,133,,,,,,,,,,,,1786456668,,,,,,,,,,,,94105,,,,,,,,,,,,,,,,,,,
45295,variation,56913385,,D-sign Rug 1D0955 Brown - 150,1,0,hidden,,D-sign Rug 1D0955 Brown 150 cm,,,taxable,parent,0,0,,0,0,,150,150,1.8,0,,"778,4",1396,,,,,,,56908235-H,,,,,,3,,,Size,150,,1,,,,,,,,,,,,,,,,,,,,,,,,,,,,,,,,,,,,,150,,,,,,,,,,,,,,,,,,,,,,,,94106,,,,,,,,,,,,,,,,,,,
45296,variation,56913381,,D-sign Rug 1D0955 Brown - 170,1,0,hidden,,D-sign Rug 1D0955 Brown 170 cm,,,taxable,parent,0,0,,0,0,,170,170,1.8,0,,"937,6",1684,,,,,,,56908235-H,,,,,,4,,,Size,170,,1,,,,,,,,,,,,,,,,,,,,,,,,,,,,,,,,,,,,,170,,,,,,,,,,,,,,,,,,,,,,,,94107,,,,,,,,,,,,,,,,,,,
45297,variation,56913388,,D-sign Rug 1D0955 Brown - 200,1,0,hidden,,D-sign Rug 1D0955 Brown 200 cm,,,taxable,parent,0,0,,0,0,,200,200,1.8,0,,"1211,2",2180,,,,,,,56908235-H,,,,,,5,,,Size,200,,1,,,,,,,,,,,,,,,,,,,,,,,,,,,,,,,,,,,,,200,,,,,,,,,,,,,,,,,,,,,,,,94108,,,,,,,,,,,,,,,,,,,
45303,variation,56908271,,D-sign Rug 1D0957 Cream - 100,1,0,hidden,,D-sign Rug 1D0957 Cream 100 cm,,,taxable,parent,0,0,,0,0,,100,100,1.8,0,,468,836,,,,,,,56908271-H,,,,,,1,,,Size,100,,1,,,,,,,,,,,,,,,,,,,,,,,,,,,,,,,,,,,,,100,,,,,,,,,,,,1786455482,,,,,,,,,,,,94194,,,,,,,,,,,,,,,,,,,
45304,variation,56913421,,D-sign Rug 1D0957 Cream - 133,1,0,hidden,,D-sign Rug 1D0957 Cream 133 cm,,,taxable,parent,0,0,,0,0,,133,133,1.8,0,,"658,4",1180,,,,,,,56908271-H,,,,,,2,,,Size,133,,1,,,,,,,,,,,,,,,,,,,,,,,,,,,,,,,,,,,,,133,,,,,,,,,,,,1786456669,,,,,,,,,,,,94195,,,,,,,,,,,,,,,,,,,
45305,variation,56913419,,D-sign Rug 1D0957 Cream - 150,1,0,hidden,,D-sign Rug 1D0957 Cream 150 cm,,,taxable,parent,0,0,,0,0,,150,150,1.8,0,,"778,4",1396,,,,,,,56908271-H,,,,,,3,,,Size,150,,1,,,,,,,,,,,,,,,,,,,,,,,,,,,,,,,,,,,,,150,,,,,,,,,,,,1786456669,,,,,,,,,,,,94196,,,,,,,,,,,,,,,,,,,
45306,variation,56913387,,D-sign Rug 1D0957 Cream - 170,1,0,hidden,,D-sign Rug 1D0957 Cream 170 cm,,,taxable,parent,0,0,,0,0,,170,170,1.8,0,,"937,6",1684,,,,,,,56908271-H,,,,,,4,,,Size,170,,1,,,,,,,,,,,,,,,,,,,,,,,,,,,,,,,,,,,,,170,,,,,,,,,,,,1786456669,,,,,,,,,,,,94197,,,,,,,,,,,,,,,,,,,
45307,variation,56913425,,D-sign Rug 1D0957 Cream - 200,1,0,hidden,,D-sign Rug 1D0957 Cream 200 cm,,,taxable,parent,0,0,,0,0,,200,200,1.8,0,,"1211,2",2180,,,,,,,56908271-H,,,,,,5,,,Size,200,,1,,,,,,,,,,,,,,,,,,,,,,,,,,,,,,,,,,,,,200,,,,,,,,,,,,1786456669,,,,,,,,,,,,94198,,,,,,,,,,,,,,,,,,,
45313,variable,56908329-H,,D-sign Rug 1D0962 Grey,1,0,hidden,D-sign Rug 1D0962 Grey ,D-sign Rug 1D0962 Grey ,,,taxable,,0,,,0,0,,,,,1,,,,"Rooms > Bedroom, Rooms > Living room, Rugs > Modern, Rugs",,,"https://rugshop.eu/wp-content/uploads/2021/10/carpet-structural-sierra-g5013-flat-woven-grey-zigzag-ethnic.jpg, https://rugshop.eu/wp-content/uploads/2021/10/carpet-structural-sierra-g5013-flat-woven-grey-zigzag-ethnic-1.jpg, https://rugshop.eu/wp-content/uploads/2021/10/carpet-structural-sierra-g5013-flat-woven-grey-zigzag-ethnic-2.jpg, https://rugshop.eu/wp-content/uploads/2021/10/carpet-structural-sierra-g5013-flat-woven-grey-zigzag-ethnic-3.jpg",,,,,,,,,1371,,,Size,"120x170, 140x190, 160x220, 180x270, 200x290, 80x150",1,1,Brand,D-sign,1,1,Color,Black-Grey,1,1,Type of color,Multicolor,1,1,Shape,Rectangular,1,1,Material,Polypropen,1,1,Type of rug,Modern,1,1,Weave,Machinemade,1,1,Age,New,1,1,,,,,,,,,,,,,,,,,1786456711,yes,yes,,,,,,,,,,,,,,,,,,,,,,,,,,,,,
45315,variation,56908324,,D-sign Rug 1D0959 Grey - 80x150,1,0,hidden,,D-sign Rug 1D0959 Grey 80x150 cm,,,taxable,parent,0,0,,0,0,,150,80,0.6,0,,"478,4",860,,,,,,,56908324-H,,,,,,1,,,Size,80x150,,1,,,,,,,,,,,,,,,,,,,,,,,,,,,,,,,,,,,,,80x150,,,,,,,,,,,,,,,,,,,,,,,,94385,,,,,,,,,,,,,,,,,,,
45316,variation,56913441,,D-sign Rug 1D0959 Grey - 120x170,1,0,hidden,,D-sign Rug 1D0959 Grey 120x170 cm,,,taxable,parent,0,0,,0,0,,170,120,0.6,0,,"739,2",1324,,,,,,,56908324-H,,,,,,2,,,Size,120x170,,1,,,,,,,,,,,,,,,,,,,,,,,,,,,,,,,,,,,,,120x170,,,,,,,,,,,,1786456699,,,,,,,,,,,,94386,,,,,,,,,,,,,,,,,,,
45317,variation,56913446,,D-sign Rug 1D0959 Grey - 140x190,1,0,hidden,,D-sign Rug 1D0959 Grey 140x190 cm,,,taxable,parent,0,0,,0,0,,190,140,0.6,0,,"869,6",1564,,,,,,,56908324-H,,,,,,3,,,Size,140x190,,1,,,,,,,,,,,,,,,,,,,,,,,,,,,,,,,,,,,,,140x190,,,,,,,,,,,,,,,,,,,,,,,,94483,,,,,,,,,,,,,,,,,,,
45318,variation,56913440,,D-sign Rug 1D0959 Grey - 160x220,1,0,hidden,,D-sign Rug 1D0959 Grey 160x220 cm,,,taxable,parent,0,0,,0,0,,220,160,0.6,0,,"1130,4",2028,,,,,,,56908324-H,,,,,,4,,,Size,160x220,,1,,,,,,,,,,,,,,,,,,,,,,,,,,,,,,,,,,,,,160x220,,,,,,,,,,,,,,,,,,,,,,,,94387,,,,,,,,,,,,,,,,,,,
45319,variation,56913442,,D-sign Rug 1D0959 Grey - 180x270,1,0,hidden,,D-sign Rug 1D0959 Grey 180x270 cm,,,taxable,parent,0,0,,0,0,,270,180,0.6,0,,"1364,8",2452,,,,,,,56908324-H,,,,,,5,,,Size,180x270,,1,,,,,,,,,,,,,,,,,,,,,,,,,,,,,,,,,,,,,180x270,,,,,,,,,,,,,,,,,,,,,,,,94486,,,,,,,,,,,,,,,,,,,
45320,variation,56913422,,D-sign Rug 1D0959 Grey - 200x290,1,0,hidden,,D-sign Rug 1D0959 Grey 200x290 cm,,,taxable,parent,0,0,,0,0,,290,200,0.6,0,,1576,2836,,,,,,,56908324-H,,,,,,6,,,Size,200x290,,1,,,,,,,,,,,,,,,,,,,,,,,,,,,,,,,,,,,,,200x290,,,,,,,,,,,,,,,,,,,,,,,,94388,,,,,,,,,,,,,,,,,,,
45337,variable,56908335-H,,D-sign Rug 1D0964 Blue,1,0,hidden,D-sign Rug 1D0964 Blue ,D-sign Rug 1D0964 Blue ,,,taxable,,0,,,0,0,,,,,1,,,,"Rooms > Bedroom, Rooms > Living room, Rugs > Modern, Rugs",,,"https://rugshop.eu/wp-content/uploads/2021/10/carpet-structural-sierra-g5018-flat-woven-blue-stripes-diamonds.jpg, https://rugshop.eu/wp-content/uploads/2021/10/carpet-structural-sierra-g5018-flat-woven-blue-stripes-diamonds-1.jpg, https://rugshop.eu/wp-content/uploads/2021/10/carpet-structural-sierra-g5018-flat-woven-blue-stripes-diamonds-2.jpg, https://rugshop.eu/wp-content/uploads/2021/10/carpet-structural-sierra-g5018-flat-woven-blue-stripes-diamonds-3.jpg",,,,,,,,,1373,,,Size,"120x170, 140x190, 160x220, 180x270, 200x290, 80x150",1,1,Brand,D-sign,1,1,Color,Blue,1,1,Type of color,Multicolor,1,1,Shape,Rectangular,1,1,Material,Polypropen,1,1,Type of rug,Modern,1,1,Weave,Machinemade,1,1,Age,New,1,1,,,,,,,,,,,,,,,,,1786456714,yes,yes,,,,,,,,,,,,,,,,,,,,,,,,,,,,,
45350,variation,56908329,,D-sign Rug 1D0962 Grey - 80x150,1,0,hidden,,D-sign Rug 1D0962 Grey 80x150 cm,,,taxable,parent,0,0,,0,0,,150,80,0.6,0,,"478,4",860,,,,,,,56908329-H,,,,,,1,,,Size,80x150,,1,,,,,,,,,,,,,,,,,,,,,,,,,,,,,,,,,,,,,80x150,,,,,,,,,,,,,,,,,,,,,,,,94398,,,,,,,,,,,,,,,,,,,
45351,variation,56913438,,D-sign Rug 1D0962 Grey - 120x170,1,0,hidden,,D-sign Rug 1D0962 Grey 120x170 cm,,,taxable,parent,0,0,,0,0,,170,120,0.6,0,,"739,2",1324,,,,,,,56908329-H,,,,,,2,,,Size,120x170,,1,,,,,,,,,,,,,,,,,,,,,,,,,,,,,,,,,,,,,120x170,,,,,,,,,,,,1786456698,,,,,,,,,,,,94399,,,,,,,,,,,,,,,,,,,
45352,variation,56913439,,D-sign Rug 1D0962 Grey - 140x190,1,0,hidden,,D-sign Rug 1D0962 Grey 140x190 cm,,,taxable,parent,0,0,,0,0,,190,140,0.6,0,,"869,6",1564,,,,,,,56908329-H,,,,,,3,,,Size,140x190,,1,,,,,,,,,,,,,,,,,,,,,,,,,,,,,,,,,,,,,140x190,,,,,,,,,,,,,,,,,,,,,,,,94513,,,,,,,,,,,,,,,,,,,
45353,variation,56913444,,D-sign Rug 1D0962 Grey - 160x220,1,0,hidden,,D-sign Rug 1D0962 Grey 160x220 cm,,,taxable,parent,0,0,,0,0,,220,160,0.6,0,,"1130,4",2028,,,,,,,56908329-H,,,,,,4,,,Size,160x220,,1,,,,,,,,,,,,,,,,,,,,,,,,,,,,,,,,,,,,,160x220,,,,,,,,,,,,,,,,,,,,,,,,94514,,,,,,,,,,,,,,,,,,,
45354,variation,56913443,,D-sign Rug 1D0962 Grey - 180x270,1,0,hidden,,D-sign Rug 1D0962 Grey 180x270 cm,,,taxable,parent,0,0,,0,0,,270,180,0.6,0,,"1364,8",2452,,,,,,,56908329-H,,,,,,5,,,Size,180x270,,1,,,,,,,,,,,,,,,,,,,,,,,,,,,,,,,,,,,,,180x270,,,,,,,,,,,,,,,,,,,,,,,,94515,,,,,,,,,,,,,,,,,,,
45355,variation,56913445,,D-sign Rug 1D0962 Grey - 200x290,1,0,hidden,,D-sign Rug 1D0962 Grey 200x290 cm,,,taxable,parent,0,0,,0,0,,290,200,0.6,0,,1576,2836,,,,,,,56908329-H,,,,,,6,,,Size,200x290,,1,,,,,,,,,,,,,,,,,,,,,,,,,,,,,,,,,,,,,200x290,,,,,,,,,,,,,,,,,,,,,,,,94400,,,,,,,,,,,,,,,,,,,
45361,variable,56908339-H,,D-sign Rug 1D0966 Grey,1,0,hidden,D-sign Rug 1D0966 Grey ,D-sign Rug 1D0966 Grey ,,,taxable,,0,,,0,0,,,,,1,,,,"Rooms > Bedroom, Rooms > Living room, Rugs > Modern, Rugs",,,"https://rugshop.eu/wp-content/uploads/2021/10/carpet-structural-sierra-g6038-flat-woven-grey-rosette.jpg, https://rugshop.eu/wp-content/uploads/2021/10/carpet-structural-sierra-g6038-flat-woven-grey-rosette-1.jpg, https://rugshop.eu/wp-content/uploads/2021/10/carpet-structural-sierra-g6038-flat-woven-grey-rosette-2.jpg, https://rugshop.eu/wp-content/uploads/2021/10/carpet-structural-sierra-g6038-flat-woven-grey-rosette-3.jpg",,,,,,,,,1375,,,Size,"120x170, 140x190, 160x220, 180x270, 200x290, 80x150",1,1,Brand,D-sign,1,1,Color,Black-Grey,1,1,Type of color,Multicolor,1,1,Shape,Rectangular,1,1,Material,Polypropen,1,1,Type of rug,Modern,1,1,Weave,Machinemade,1,1,Age,New,1,1,,,,,,,,,,,,,,,,,1786456715,yes,yes,,,,,,,,,,,,,,,,,,,,,,,,,,,,,
45374,variation,56908335,,D-sign Rug 1D0964 Blue - 80x150,1,0,hidden,,D-sign Rug 1D0964 Blue 80x150 cm,,,taxable,parent,0,0,,0,0,,150,80,0.6,0,,"478,4",860,,,,,,,56908335-H,,,,,,1,,,Size,80x150,,1,,,,,,,,,,,,,,,,,,,,,,,,,,,,,,,,,,,,,80x150,,,,,,,,,,,,,,,,,,,,,,,,94408,,,,,,,,,,,,,,,,,,,
45375,variation,56913462,,D-sign Rug 1D0964 Blue - 120x170,1,0,hidden,,D-sign Rug 1D0964 Blue 120x170 cm,,,taxable,parent,0,0,,0,0,,170,120,0.6,0,,"739,2",1324,,,,,,,56908335-H,,,,,,2,,,Size,120x170,,1,,,,,,,,,,,,,,,,,,,,,,,,,,,,,,,,,,,,,120x170,,,,,,,,,,,,,,,,,,,,,,,,94416,,,,,,,,,,,,,,,,,,,
45376,variation,56913466,,D-sign Rug 1D0964 Blue - 140x190,1,0,hidden,,D-sign Rug 1D0964 Blue 140x190 cm,,,taxable,parent,0,0,,0,0,,190,140,0.6,0,,,1564,,,,,,,56908335-H,,,,,,3,,,Size,140x190,,1,,,,,,,,,,,,,,,,,,,,,,,,,,,,,,,,,,,,,140x190,,,,,,,,,,,,,,,,,,,,,,,,94518,,,,,,,,,,,,,,,,,,,
45377,variation,56913460,,D-sign Rug 1D0964 Blue - 160x220,1,0,hidden,,D-sign Rug 1D0964 Blue 160x220 cm,,,taxable,parent,0,0,,0,0,,220,160,0.6,0,,,2028,,,,,,,56908335-H,,,,,,4,,,Size,160x220,,1,,,,,,,,,,,,,,,,,,,,,,,,,,,,,,,,,,,,,160x220,,,,,,,,,,,,1786456699,,,,,,,,,,,,94410,,,,,,,,,,,,,,,,,,,
45378,variation,56913459,,D-sign Rug 1D0964 Blue - 180x270,1,0,hidden,,D-sign Rug 1D0964 Blue 180x270 cm,,,taxable,parent,0,0,,0,0,,270,180,0.6,0,,,2452,,,,,,,56908335-H,,,,,,5,,,Size,180x270,,1,,,,,,,,,,,,,,,,,,,,,,,,,,,,,,,,,,,,,180x270,,,,,,,,,,,,,,,,,,,,,,,,94519,,,,,,,,,,,,,,,,,,,
45379,variation,56908340,,D-sign Rug 1D0964 Blue - 200x290,1,0,hidden,,D-sign Rug 1D0964 Blue 200x290 cm,,,taxable,parent,0,0,,0,0,,290,200,0.6,0,,,2836,,,,,,,56908335-H,,,,,,6,,,Size,200x290,,1,,,,,,,,,,,,,,,,,,,,,,,,,,,,,,,,,,,,,200x290,,,,,,,,,,,,,,,,,,,,,,,,94411,,,,,,,,,,,,,,,,,,,
45398,variation,56908339,,D-sign Rug 1D0966 Grey - 80x150,1,0,hidden,,D-sign Rug 1D0966 Grey 80x150 cm,,,taxable,parent,0,0,,0,0,,150,80,0.6,0,,,860,,,,,,,56908339-H,,,,,,1,,,Size,80x150,,1,,,,,,,,,,,,,,,,,,,,,,,,,,,,,,,,,,,,,80x150,,,,,,,,,,,,,,,,,,,,,,,,94421,,,,,,,,,,,,,,,,,,,
45399,variation,56913465,,D-sign Rug 1D0966 Grey - 120x170,1,0,hidden,,D-sign Rug 1D0966 Grey 120x170 cm,,,taxable,parent,0,0,,0,0,,170,120,0.6,0,,,1324,,,,,,,56908339-H,,,,,,2,,,Size,120x170,,1,,,,,,,,,,,,,,,,,,,,,,,,,,,,,,,,,,,,,120x170,,,,,,,,,,,,1786456700,,,,,,,,,,,,94422,,,,,,,,,,,,,,,,,,,
45400,variation,56908346,,D-sign Rug 1D0966 Grey - 140x190,1,0,hidden,,D-sign Rug 1D0966 Grey 140x190 cm,,,taxable,parent,0,0,,0,0,,190,140,0.6,0,,,1564,,,,,,,56908339-H,,,,,,3,,,Size,140x190,,1,,,,,,,,,,,,,,,,,,,,,,,,,,,,,,,,,,,,,140x190,,,,,,,,,,,,,,,,,,,,,,,,94425,,,,,,,,,,,,,,,,,,,
45401,variation,56908341,,D-sign Rug 1D0966 Grey - 160x220,1,0,hidden,,D-sign Rug 1D0966 Grey 160x220 cm,,,taxable,parent,0,0,,0,0,,220,160,0.6,0,,,2028,,,,,,,56908339-H,,,,,,4,,,Size,160x220,,1,,,,,,,,,,,,,,,,,,,,,,,,,,,,,,,,,,,,,160x220,,,,,,,,,,,,,,,,,,,,,,,,94423,,,,,,,,,,,,,,,,,,,
45402,variation,56908342,,D-sign Rug 1D0966 Grey - 180x270,1,0,hidden,,D-sign Rug 1D0966 Grey 180x270 cm,,,taxable,parent,0,0,,0,0,,270,180,0.6,0,,,2452,,,,,,,56908339-H,,,,,,5,,,Size,180x270,,1,,,,,,,,,,,,,,,,,,,,,,,,,,,,,,,,,,,,,180x270,,,,,,,,,,,,,,,,,,,,,,,,94426,,,,,,,,,,,,,,,,,,,
45403,variation,56908343,,D-sign Rug 1D0966 Grey - 200x290,1,0,hidden,,D-sign Rug 1D0966 Grey 200x290 cm,,,taxable,parent,0,0,,0,0,,290,200,0.6,0,,,2836,,,,,,,56908339-H,,,,,,6,,,Size,200x290,,1,,,,,,,,,,,,,,,,,,,,,,,,,,,,,,,,,,,,,200x290,,,,,,,,,,,,,,,,,,,,,,,,94424,,,,,,,,,,,,,,,,,,,
45458,variable,56908364-H,,D-sign Rug 1D0924 Black,1,0,hidden,D-sign Rug 1D0924 Black ,D-sign Rug 1D0924 Black ,,,taxable,,0,,,0,0,,,,,1,,,,"Rooms > Bedroom, Rooms > Living room, Rugs, Rugs > Vintage",,,"https://rugshop.eu/wp-content/uploads/2021/10/carpet-vintage-22212996-black-classic.jpg, https://rugshop.eu/wp-content/uploads/2021/10/carpet-vintage-22212996-black-classic-1.jpg, https://rugshop.eu/wp-content/uploads/2021/10/carpet-vintage-22212996-black-classic-2.jpg, https://rugshop.eu/wp-content/uploads/2021/10/carpet-vintage-22212996-black-classic-3.jpg",,,,,,,,,1347,,,Size,"120x170, 80x150",1,1,Brand,D-sign,1,1,Color,Black-Grey,1,1,Type of color,Multicolor,1,1,Shape,Rectangular,1,1,Material,Polypropen,1,1,Type of rug,Vintage / Colored Vintage,1,1,Weave,Machinemade,1,1,Age,New,1,1,,,,,,,,,,,,,,,,,1786456717,yes,yes,,,,,,,,,,,,,,,,,,,,,,,,,,,,,
45460,variable,56909329-H,,D-sign Rug 1D0977 Grey,1,0,hidden,D-sign Rug 1D0977 Grey ,D-sign Rug 1D0977 Grey ,,,taxable,,0,,,0,0,,,,,1,,,,"Rooms > Bedroom, Rooms > Living room, Rugs > Modern, Rugs",,,"https://rugshop.eu/wp-content/uploads/2021/10/modern-mefe-carpet-2783-marble-structural-two-levels-of-fleece-dark-grey.jpg, https://rugshop.eu/wp-content/uploads/2021/10/modern-mefe-carpet-2783-marble-structural-two-levels-of-fleece-dark-grey-1.jpg, https://rugshop.eu/wp-content/uploads/2021/10/modern-mefe-carpet-2783-marble-structural-two-levels-of-fleece-dark-grey-2.jpg, https://rugshop.eu/wp-content/uploads/2021/10/modern-mefe-carpet-2783-marble-structural-two-levels-of-fleece-dark-grey-3.jpg",,,,,,,,,1386,,,Size,"120x170, 140x190, 160x220, 180x270, 200x290, 240x330, 280x370, 80x150",1,1,Brand,D-sign,1,1,Color,Black-Grey,1,1,Type of color,Multicolor,1,1,Shape,Rectangular,1,1,Material,Polypropen,1,1,Type of rug,Modern,1,1,Weave,Machinemade,1,1,Age,New,1,1,,,,,,,,,,,,,,,,,1786456718,yes,yes,,,,,,,,,,,,,,,,,,,,,,,,,,,,,
45477,variable,56909331-H,,D-sign Rug 1D0978 Grey,1,0,hidden,D-sign Rug 1D0978 Grey ,D-sign Rug 1D0978 Grey ,,,taxable,,0,,,0,0,,,,,1,,,,"Rooms > Bedroom, Rooms > Living room, Rugs > Modern, Rugs",,,"https://rugshop.eu/wp-content/uploads/2021/10/modern-mefe-carpet-2783-marble-structural-two-levels-of-fleece-grey.jpg, https://rugshop.eu/wp-content/uploads/2021/10/modern-mefe-carpet-2783-marble-structural-two-levels-of-fleece-grey-1.jpg, https://rugshop.eu/wp-content/uploads/2021/10/modern-mefe-carpet-2783-marble-structural-two-levels-of-fleece-grey-2.jpg, https://rugshop.eu/wp-content/uploads/2021/10/modern-mefe-carpet-2783-marble-structural-two-levels-of-fleece-grey-3.jpg",,,,,,,,,1387,,,Size,"120x170, 140x190, 160x220, 180x270, 200x290, 240x330, 280x370, 80x150",1,1,Brand,D-sign,1,1,Color,Black-Grey,1,1,Type of color,Multicolor,1,1,Shape,Rectangular,1,1,Material,Polypropen,1,1,Type of rug,Modern,1,1,Weave,Machinemade,1,1,Age,New,1,1,,,,,,,,,,,,,,,,,1786456719,yes,yes,,,,,,,,,,,,,,,,,,,,,,,,,,,,,
45497,variation,56908364,,D-sign Rug 1D0924 Black - 80x150,1,0,hidden,,D-sign Rug 1D0924 Black 80x150 cm,,,taxable,parent,0,0,,0,0,,150,80,0.3,0,,,788,,,,,,,56908364-H,,,,,,1,,,Size,80x150,,1,,,,,,,,,,,,,,,,,,,,,,,,,,,,,,,,,,,,,80x150,,,,,,,,,,,,,,,,,,,,,,,,94712,,,,,,,,,,,,,,,,,,,
45498,variation,56913534,,D-sign Rug 1D0924 Black - 120x170,1,0,hidden,,D-sign Rug 1D0924 Black 120x170 cm,,,taxable,parent,0,0,,0,0,,170,120,0.3,0,,,1100,,,,,,,56908364-H,,,,,,2,,,Size,120x170,,1,,,,,,,,,,,,,,,,,,,,,,,,,,,,,,,,,,,,,120x170,,,,,,,,,,,,1786456701,,,,,,,,,,,,92795,,,,,,,,,,,,,,,,,,,
45513,variable,56909336-H,,D-sign Rug 1D0980 Grey,1,0,hidden,D-sign Rug 1D0980 Grey ,D-sign Rug 1D0980 Grey ,,,taxable,,0,,,0,0,,,,,1,,,,"Rooms > Bedroom, Rooms > Living room, Rugs > Modern, Rugs",,,"https://rugshop.eu/wp-content/uploads/2021/10/modern-mefe-carpet-6182-concrete-structural-two-levels-of-fleece-grey.jpg, https://rugshop.eu/wp-content/uploads/2021/10/modern-mefe-carpet-6182-concrete-structural-two-levels-of-fleece-grey-1.jpg, https://rugshop.eu/wp-content/uploads/2021/10/modern-mefe-carpet-6182-concrete-structural-two-levels-of-fleece-grey-2.jpg, https://rugshop.eu/wp-content/uploads/2021/10/modern-mefe-carpet-6182-concrete-structural-two-levels-of-fleece-grey-3.jpg",,,,,,,,,1389,,,Size,"120x170, 140x190, 160x220, 180x270, 200x290, 240x330, 280x370, 80x150",1,1,Brand,D-sign,1,1,Color,Black-Grey,1,1,Type of color,Multicolor,1,1,Shape,Rectangular,1,1,Material,Polypropen,1,1,Type of rug,Modern,1,1,Weave,Machinemade,1,1,Age,New,1,1,,,,,,,,,,,,,,,,,1786455563,yes,yes,,,,,,,,,,,,,,,,,,,,,,,,,,,,,
45514,variation,56909329,,D-sign Rug 1D0977 Grey - 80x150,1,0,hidden,,D-sign Rug 1D0977 Grey 80x150 cm,,,taxable,parent,0,0,,0,0,,150,80,0.8,0,,,668,,,,,,,56909329-H,,,,,,1,,,Size,80x150,,1,,,,,,,,,,,,,,,,,,,,,,,,,,,,,,,,,,,,,80x150,,,,,,,,,,,,1786455551,,,,,,,,,,,,101328,,,,,,,,,,,,,,,,,,,
45515,variation,56913554,,D-sign Rug 1D0977 Grey - 120x170,1,0,hidden,,D-sign Rug 1D0977 Grey 120x170 cm,,,taxable,parent,0,0,,0,0,,170,120,0.8,0,,,860,,,,,,,56909329-H,,,,,,2,,,Size,120x170,,1,,,,,,,,,,,,,,,,,,,,,,,,,,,,,,,,,,,,,120x170,,,,,,,,,,,,1786456702,,,,,,,,,,,,101329,,,,,,,,,,,,,,,,,,,
45516,variation,56913553,,D-sign Rug 1D0977 Grey - 140x190,1,0,hidden,,D-sign Rug 1D0977 Grey 140x190 cm,,,taxable,parent,0,0,,0,0,,190,140,0.8,0,,,996,,,,,,,56909329-H,,,,,,3,,,Size,140x190,,1,,,,,,,,,,,,,,,,,,,,,,,,,,,,,,,,,,,,,140x190,,,,,,,,,,,,1786456702,,,,,,,,,,,,101332,,,,,,,,,,,,,,,,,,,
45517,variation,56913560,,D-sign Rug 1D0977 Grey - 160x220,1,0,hidden,,D-sign Rug 1D0977 Grey 160x220 cm,,,taxable,parent,0,0,,0,0,,220,160,0.8,0,,,1188,,,,,,,56909329-H,,,,,,4,,,Size,160x220,,1,,,,,,,,,,,,,,,,,,,,,,,,,,,,,,,,,,,,,160x220,,,,,,,,,,,,1786456705,,,,,,,,,,,,101330,,,,,,,,,,,,,,,,,,,
45518,variation,56909333,,D-sign Rug 1D0977 Grey - 180x270,1,0,hidden,,D-sign Rug 1D0977 Grey 180x270 cm,,,taxable,parent,0,0,,0,0,,270,180,0.8,0,,,1492,,,,,,,56909329-H,,,,,,5,,,Size,180x270,,1,,,,,,,,,,,,,,,,,,,,,,,,,,,,,,,,,,,,,180x270,,,,,,,,,,,,,,,,,,,,,,,,101333,,,,,,,,,,,,,,,,,,,
45519,variation,56913557,,D-sign Rug 1D0977 Grey - 200x290,1,0,hidden,,D-sign Rug 1D0977 Grey 200x290 cm,,,taxable,parent,0,0,,0,0,,290,200,0.8,0,,,1732,,,,,,,56909329-H,,,,,,6,,,Size,200x290,,1,,,,,,,,,,,,,,,,,,,,,,,,,,,,,,,,,,,,,200x290,,,,,,,,,,,,1786456704,,,,,,,,,,,,101331,,,,,,,,,,,,,,,,,,,
45520,variation,56909332,,D-sign Rug 1D0977 Grey - 240x330,1,0,hidden,,D-sign Rug 1D0977 Grey 240x330 cm,,,taxable,parent,0,0,,0,0,,330,240,0.8,0,,,2196,,,,,,,56909329-H,,,,,,7,,,Size,240x330,,1,,,,,,,,,,,,,,,,,,,,,,,,,,,,,,,,,,,,,240x330,,,,,,,,,,,,1786455552,,,,,,,,,,,,101405,,,,,,,,,,,,,,,,,,,
45521,variation,56909330,,D-sign Rug 1D0977 Grey - 280x370,1,0,hidden,,D-sign Rug 1D0977 Grey 280x370 cm,,,taxable,parent,0,0,,0,0,,370,280,0.8,0,,,2884,,,,,,,56909329-H,,,,,,8,,,Size,280x370,,1,,,,,,,,,,,,,,,,,,,,,,,,,,,,,,,,,,,,,280x370,,,,,,,,,,,,1786455551,,,,,,,,,,,,103601,,,,,,,,,,,,,,,,,,,
45527,variation,56909331,,D-sign Rug 1D0978 Grey - 80x150,1,0,hidden,,D-sign Rug 1D0978 Grey 80x150 cm,,,taxable,parent,0,0,,0,0,,150,80,0.8,0,,,668,,,,,,,56909331-H,,,,,,1,,,Size,80x150,,1,,,,,,,,,,,,,,,,,,,,,,,,,,,,,,,,,,,,,80x150,,,,,,,,,,,,1786455552,,,,,,,,,,,,101415,,,,,,,,,,,,,,,,,,,
45528,variation,56913555,,D-sign Rug 1D0978 Grey - 120x170,1,0,hidden,,D-sign Rug 1D0978 Grey 120x170 cm,,,taxable,parent,0,0,,0,0,,170,120,0.8,0,,,860,,,,,,,56909331-H,,,,,,2,,,Size,120x170,,1,,,,,,,,,,,,,,,,,,,,,,,,,,,,,,,,,,,,,120x170,,,,,,,,,,,,1786456703,,,,,,,,,,,,101416,,,,,,,,,,,,,,,,,,,
45529,variation,56913573,,D-sign Rug 1D0978 Grey - 140x190,1,0,hidden,,D-sign Rug 1D0978 Grey 140x190 cm,,,taxable,parent,0,0,,0,0,,190,140,0.8,0,,,996,,,,,,,56909331-H,,,,,,3,,,Size,140x190,,1,,,,,,,,,,,,,,,,,,,,,,,,,,,,,,,,,,,,,140x190,,,,,,,,,,,,1786456705,,,,,,,,,,,,101419,,,,,,,,,,,,,,,,,,,
45530,variation,56913556,,D-sign Rug 1D0978 Grey - 160x220,1,0,hidden,,D-sign Rug 1D0978 Grey 160x220 cm,,,taxable,parent,0,0,,0,0,,220,160,0.8,0,,,1188,,,,,,,56909331-H,,,,,,4,,,Size,160x220,,1,,,,,,,,,,,,,,,,,,,,,,,,,,,,,,,,,,,,,160x220,,,,,,,,,,,,1786456704,,,,,,,,,,,,101417,,,,,,,,,,,,,,,,,,,
45531,variation,56913580,,D-sign Rug 1D0978 Grey - 180x270,1,0,hidden,,D-sign Rug 1D0978 Grey 180x270 cm,,,taxable,parent,0,0,,0,0,,270,180,0.8,0,,,1492,,,,,,,56909331-H,,,,,,5,,,Size,180x270,,1,,,,,,,,,,,,,,,,,,,,,,,,,,,,,,,,,,,,,180x270,,,,,,,,,,,,1786456706,,,,,,,,,,,,101420,,,,,,,,,,,,,,,,,,,
45532,variation,56913577,,D-sign Rug 1D0978 Grey - 200x290,1,0,hidden,,D-sign Rug 1D0978 Grey 200x290 cm,,,taxable,parent,0,0,,0,0,,290,200,0.8,0,,,1732,,,,,,,56909331-H,,,,,,6,,,Size,200x290,,1,,,,,,,,,,,,,,,,,,,,,,,,,,,,,,,,,,,,,200x290,,,,,,,,,,,,1786456705,,,,,,,,,,,,101418,,,,,,,,,,,,,,,,,,,
45533,variation,56913558,,D-sign Rug 1D0978 Grey - 240x330,1,0,hidden,,D-sign Rug 1D0978 Grey 240x330 cm,,,taxable,parent,0,0,,0,0,,330,240,0.8,0,,,2196,,,,,,,56909331-H,,,,,,7,,,Size,240x330,,1,,,,,,,,,,,,,,,,,,,,,,,,,,,,,,,,,,,,,240x330,,,,,,,,,,,,1786456704,,,,,,,,,,,,101421,,,,,,,,,,,,,,,,,,,
45534,variation,56909334,,D-sign Rug 1D0978 Grey - 280x370,1,0,hidden,,D-sign Rug 1D0978 Grey 280x370 cm,,,taxable,parent,0,0,,0,0,,370,280,0.8,0,,,2884,,,,,,,56909331-H,,,,,,8,,,Size,280x370,,1,,,,,,,,,,,,,,,,,,,,,,,,,,,,,,,,,,,,,280x370,,,,,,,,,,,,1786455553,,,,,,,,,,,,103600,,,,,,,,,,,,,,,,,,,
45540,variable,56909341-H,,D-sign Rug 1D0981 Grey,1,0,hidden,D-sign Rug 1D0981 Grey ,D-sign Rug 1D0981 Grey ,,,taxable,,0,,,0,0,,,,,1,,,,"Rooms > Bedroom, Rooms > Living room, Rugs > Modern, Rugs",,,"https://rugshop.eu/wp-content/uploads/2021/10/modern-mefe-carpet-6184-paving-brick-structural-two-levels-of-fleece-dark-grey.jpg, https://rugshop.eu/wp-content/uploads/2021/10/modern-mefe-carpet-6184-paving-brick-structural-two-levels-of-fleece-dark-grey-1.jpg, https://rugshop.eu/wp-content/uploads/2021/10/modern-mefe-carpet-6184-paving-brick-structural-two-levels-of-fleece-dark-grey-2.jpg, https://rugshop.eu/wp-content/uploads/2021/10/modern-mefe-carpet-6184-paving-brick-structural-two-levels-of-fleece-dark-grey-3.jpg",,,,,,,,,1390,,,Size,"120x170, 140x190, 160x220, 180x270, 200x290, 240x330, 280x370, 80x150",1,1,Brand,D-sign,1,1,Color,Black-Grey,1,1,Type of color,Multicolor,1,1,Shape,Rectangular,1,1,Material,Polypropen,1,1,Type of rug,Modern,1,1,Weave,Machinemade,1,1,Age,New,1,1,,,,,,,,,,,,,,,,,1786456721,yes,yes,,,,,,,,,,,,,,,,,,,,,,,,,,,,,
45541,variable,56909349-H,,D-sign Rug 1D0982 Grey,1,0,hidden,D-sign Rug 1D0982 Grey ,D-sign Rug 1D0982 Grey ,,,taxable,,0,,,0,0,,,,,1,,,,"Rooms > Bedroom, Rooms > Living room, Rugs > Modern, Rugs",,,"https://rugshop.eu/wp-content/uploads/2021/10/modern-mefe-carpet-6185-tree-wood-structural-two-levels-of-fleece-grey.jpg, https://rugshop.eu/wp-content/uploads/2021/10/modern-mefe-carpet-6185-tree-wood-structural-two-levels-of-fleece-grey-1.jpg, https://rugshop.eu/wp-content/uploads/2021/10/modern-mefe-carpet-6185-tree-wood-structural-two-levels-of-fleece-grey-2.jpg, https://rugshop.eu/wp-content/uploads/2021/10/modern-mefe-carpet-6185-tree-wood-structural-two-levels-of-fleece-grey-3.jpg",,,,,,,,,1391,,,Size,"120x170, 140x190, 160x220, 180x270, 200x290, 240x330, 280x370, 80x150",1,1,Brand,D-sign,1,1,Color,Black-Grey,1,1,Type of color,Multicolor,1,1,Shape,Rectangular,1,1,Material,Polypropen,1,1,Type of rug,Modern,1,1,Weave,Machinemade,1,1,Age,New,1,1,,,,,,,,,,,,,,,,,1786456720,yes,yes,,,,,,,,,,,,,,,,,,,,,,,,,,,,,
45555,variation,56909336,,D-sign Rug 1D0980 Grey - 80x150,1,0,hidden,,D-sign Rug 1D0980 Grey 80x150 cm,,,taxable,parent,0,0,,0,0,,150,80,0.8,0,,,668,,,,,,,56909336-H,,,,,,1,,,Size,80x150,,1,,,,,,,,,,,,,,,,,,,,,,,,,,,,,,,,,,,,,80x150,,,,,,,,,,,,1786455553,,,,,,,,,,,,101429,,,,,,,,,,,,,,,,,,,
45556,variation,56909338,,D-sign Rug 1D0980 Grey - 120x170,1,0,hidden,,D-sign Rug 1D0980 Grey 120x170 cm,,,taxable,parent,0,0,,0,0,,170,120,0.8,0,,,860,,,,,,,56909336-H,,,,,,2,,,Size,120x170,,1,,,,,,,,,,,,,,,,,,,,,,,,,,,,,,,,,,,,,120x170,,,,,,,,,,,,1786455554,,,,,,,,,,,,101430,,,,,,,,,,,,,,,,,,,
45557,variation,56909342,,D-sign Rug 1D0980 Grey - 140x190,1,0,hidden,,D-sign Rug 1D0980 Grey 140x190 cm,,,taxable,parent,0,0,,0,0,,190,140,0.8,0,,,996,,,,,,,56909336-H,,,,,,3,,,Size,140x190,,1,,,,,,,,,,,,,,,,,,,,,,,,,,,,,,,,,,,,,140x190,,,,,,,,,,,,1786455555,,,,,,,,,,,,101433,,,,,,,,,,,,,,,,,,,
45558,variation,56909344,,D-sign Rug 1D0980 Grey - 160x220,1,0,hidden,,D-sign Rug 1D0980 Grey 160x220 cm,,,taxable,parent,0,0,,0,0,,220,160,0.8,0,,,1188,,,,,,,56909336-H,,,,,,4,,,Size,160x220,,1,,,,,,,,,,,,,,,,,,,,,,,,,,,,,,,,,,,,,160x220,,,,,,,,,,,,1786455556,,,,,,,,,,,,101431,,,,,,,,,,,,,,,,,,,
45559,variation,56909340,,D-sign Rug 1D0980 Grey - 180x270,1,0,hidden,,D-sign Rug 1D0980 Grey 180x270 cm,,,taxable,parent,0,0,,0,0,,270,180,0.8,0,,,1492,,,,,,,56909336-H,,,,,,5,,,Size,180x270,,1,,,,,,,,,,,,,,,,,,,,,,,,,,,,,,,,,,,,,180x270,,,,,,,,,,,,1786455555,,,,,,,,,,,,101434,,,,,,,,,,,,,,,,,,,
45560,variation,56909337,,D-sign Rug 1D0980 Grey - 200x290,1,0,hidden,,D-sign Rug 1D0980 Grey 200x290 cm,,,taxable,parent,0,0,,0,0,,290,200,0.8,0,,,1732,,,,,,,56909336-H,,,,,,6,,,Size,200x290,,1,,,,,,,,,,,,,,,,,,,,,,,,,,,,,,,,,,,,,200x290,,,,,,,,,,,,1786455554,,,,,,,,,,,,101432,,,,,,,,,,,,,,,,,,,
45561,variation,56909339,,D-sign Rug 1D0980 Grey - 240x330,1,0,hidden,,D-sign Rug 1D0980 Grey 240x330 cm,,,taxable,parent,0,0,,0,0,,330,240,0.8,0,,,2196,,,,,,,56909336-H,,,,,,7,,,Size,240x330,,1,,,,,,,,,,,,,,,,,,,,,,,,,,,,,,,,,,,,,240x330,,,,,,,,,,,,1786455554,,,,,,,,,,,,101435,,,,,,,,,,,,,,,,,,,
45562,variation,56909343,,D-sign Rug 1D0980 Grey - 280x370,1,0,hidden,,D-sign Rug 1D0980 Grey 280x370 cm,,,taxable,parent,0,0,,0,0,,370,280,0.8,0,,,2884,,,,,,,56909336-H,,,,,,8,,,Size,280x370,,1,,,,,,,,,,,,,,,,,,,,,,,,,,,,,,,,,,,,,280x370,,,,,,,,,,,,1786455556,,,,,,,,,,,,103603,,,,,,,,,,,,,,,,,,,
45568,variable,56909359-H,,D-sign Rug 1D0983 Grey,1,0,hidden,D-sign Rug 1D0983 Grey ,D-sign Rug 1D0983 Grey ,,,taxable,,0,,,0,0,,,,,1,,,,"Rooms > Bedroom, Rooms > Living room, Rugs > Modern, Rugs, Rugs > Vintage",,,"https://rugshop.eu/wp-content/uploads/2021/10/modern-mefe-carpet-8722-lines-vintage-structural-two-levels-of-fleece-grey-white.jpg, https://rugshop.eu/wp-content/uploads/2021/10/modern-mefe-carpet-8722-lines-vintage-structural-two-levels-of-fleece-grey-white-1.jpg, https://rugshop.eu/wp-content/uploads/2021/10/modern-mefe-carpet-8722-lines-vintage-structural-two-levels-of-fleece-grey-white-2.jpg, https://rugshop.eu/wp-content/uploads/2021/10/modern-mefe-carpet-8722-lines-vintage-structural-two-levels-of-fleece-grey-white-3.jpg",,,,,,,,,1392,,,Size,"120x170, 140x190, 160x220, 180x270, 200x290, 240x330, 280x370, 80x150",1,1,Brand,D-sign,1,1,Color,Black-Grey,1,1,Type of color,Multicolor,1,1,Shape,Rectangular,1,1,Material,Polypropen,1,1,Type of rug,"Modern, Vintage / Colored Vintage",1,1,Weave,Machinemade,1,1,Age,New,1,1,,,,,,,,,,,,,,,,,1786456745,yes,yes,,,,,,,,,,,,,,,,,,,,,,,,,,,,,
45569,variable,56909355-H,,D-sign Rug 1D0984 Grey,1,0,hidden,D-sign Rug 1D0984 Grey ,D-sign Rug 1D0984 Grey ,,,taxable,,0,,,0,0,,,,,1,,,,"Rooms > Bedroom, Rooms > Living room, Rugs > Modern, Rugs, Rugs > Vintage",,,"https://rugshop.eu/wp-content/uploads/2021/10/modern-mefe-carpet-8724-ornament-vintage-structural-two-levels-of-fleece-grey.jpg, https://rugshop.eu/wp-content/uploads/2021/10/modern-mefe-carpet-8724-ornament-vintage-structural-two-levels-of-fleece-grey-1.jpg, https://rugshop.eu/wp-content/uploads/2021/10/modern-mefe-carpet-8724-ornament-vintage-structural-two-levels-of-fleece-grey-2.jpg, https://rugshop.eu/wp-content/uploads/2021/10/modern-mefe-carpet-8724-ornament-vintage-structural-two-levels-of-fleece-grey-3.jpg",,,,,,,,,1393,,,Size,"120x170, 140x190, 160x220, 180x270, 200x290, 240x330, 280x370, 80x150",1,1,Brand,D-sign,1,1,Color,Black-Grey,1,1,Type of color,Multicolor,1,1,Shape,Rectangular,1,1,Material,Polypropen,1,1,Type of rug,"Modern, Vintage / Colored Vintage",1,1,Weave,Machinemade,1,1,Age,New,1,1,,,,,,,,,,,,,,,,,1786456744,yes,yes,,,,,,,,,,,,,,,,,,,,,,,,,,,,,
45570,variation,56909341,,D-sign Rug 1D0981 Grey - 80x150,1,0,hidden,,D-sign Rug 1D0981 Grey 80x150 cm,,,taxable,parent,0,0,,0,0,,150,80,0.8,0,,,668,,,,,,,56909341-H,,,,,,1,,,Size,80x150,,1,,,,,,,,,,,,,,,,,,,,,,,,,,,,,,,,,,,,,80x150,,,,,,,,,,,,1786455555,,,,,,,,,,,,101436,,,,,,,,,,,,,,,,,,,
45571,variation,56913594,,D-sign Rug 1D0981 Grey - 120x170,1,0,hidden,,D-sign Rug 1D0981 Grey 120x170 cm,,,taxable,parent,0,0,,0,0,,170,120,0.8,0,,,860,,,,,,,56909341-H,,,,,,2,,,Size,120x170,,1,,,,,,,,,,,,,,,,,,,,,,,,,,,,,,,,,,,,,120x170,,,,,,,,,,,,1786456707,,,,,,,,,,,,101437,,,,,,,,,,,,,,,,,,,
45572,variation,56913595,,D-sign Rug 1D0981 Grey - 140x190,1,0,hidden,,D-sign Rug 1D0981 Grey 140x190 cm,,,taxable,parent,0,0,,0,0,,190,140,0.8,0,,,996,,,,,,,56909341-H,,,,,,3,,,Size,140x190,,1,,,,,,,,,,,,,,,,,,,,,,,,,,,,,,,,,,,,,140x190,,,,,,,,,,,,1786456707,,,,,,,,,,,,101440,,,,,,,,,,,,,,,,,,,
45573,variation,56909347,,D-sign Rug 1D0981 Grey - 160x220,1,0,hidden,,D-sign Rug 1D0981 Grey 160x220 cm,,,taxable,parent,0,0,,0,0,,220,160,0.8,0,,,1188,,,,,,,56909341-H,,,,,,4,,,Size,160x220,,1,,,,,,,,,,,,,,,,,,,,,,,,,,,,,,,,,,,,,160x220,,,,,,,,,,,,1786455556,,,,,,,,,,,,101438,,,,,,,,,,,,,,,,,,,
45574,variation,56909351,,D-sign Rug 1D0981 Grey - 180x270,1,0,hidden,,D-sign Rug 1D0981 Grey 180x270 cm,,,taxable,parent,0,0,,0,0,,270,180,0.8,0,,,1492,,,,,,,56909341-H,,,,,,5,,,Size,180x270,,1,,,,,,,,,,,,,,,,,,,,,,,,,,,,,,,,,,,,,180x270,,,,,,,,,,,,1786455557,,,,,,,,,,,,101441,,,,,,,,,,,,,,,,,,,
45575,variation,56909348,,D-sign Rug 1D0981 Grey - 200x290,1,0,hidden,,D-sign Rug 1D0981 Grey 200x290 cm,,,taxable,parent,0,0,,0,0,,290,200,0.8,0,,,1732,,,,,,,56909341-H,,,,,,6,,,Size,200x290,,1,,,,,,,,,,,,,,,,,,,,,,,,,,,,,,,,,,,,,200x290,,,,,,,,,,,,1786455557,,,,,,,,,,,,101439,,,,,,,,,,,,,,,,,,,
45576,variation,56909352,,D-sign Rug 1D0981 Grey - 240x330,1,0,hidden,,D-sign Rug 1D0981 Grey 240x330 cm,,,taxable,parent,0,0,,0,0,,330,240,0.8,0,,,2196,,,,,,,56909341-H,,,,,,7,,,Size,240x330,,1,,,,,,,,,,,,,,,,,,,,,,,,,,,,,,,,,,,,,240x330,,,,,,,,,,,,1786455557,,,,,,,,,,,,101442,,,,,,,,,,,,,,,,,,,
45577,variation,56909350,,D-sign Rug 1D0981 Grey - 280x370,1,0,hidden,,D-sign Rug 1D0981 Grey 280x370 cm,,,taxable,parent,0,0,,0,0,,370,280,0.8,0,,,2884,,,,,,,56909341-H,,,,,,8,,,Size,280x370,,1,,,,,,,,,,,,,,,,,,,,,,,,,,,,,,,,,,,,,280x370,,,,,,,,,,,,,,,,,,,,,,,,103604,,,,,,,,,,,,,,,,,,,
45583,variation,56909349,,D-sign Rug 1D0982 Grey - 80x150,1,0,hidden,,D-sign Rug 1D0982 Grey 80x150 cm,,,taxable,parent,0,0,,0,0,,150,80,0.8,0,,,668,,,,,,,56909349-H,,,,,,1,,,Size,80x150,,1,,,,,,,,,,,,,,,,,,,,,,,,,,,,,,,,,,,,,80x150,,,,,,,,,,,,1786455557,,,,,,,,,,,,101443,,,,,,,,,,,,,,,,,,,
45584,variation,56913591,,D-sign Rug 1D0982 Grey - 120x170,1,0,hidden,,D-sign Rug 1D0982 Grey 120x170 cm,,,taxable,parent,0,0,,0,0,,170,120,0.8,0,,,860,,,,,,,56909349-H,,,,,,2,,,Size,120x170,,1,,,,,,,,,,,,,,,,,,,,,,,,,,,,,,,,,,,,,120x170,,,,,,,,,,,,1786456706,,,,,,,,,,,,101444,,,,,,,,,,,,,,,,,,,
45585,variation,56913596,,D-sign Rug 1D0982 Grey - 140x190,1,0,hidden,,D-sign Rug 1D0982 Grey 140x190 cm,,,taxable,parent,0,0,,0,0,,190,140,0.8,0,,,996,,,,,,,56909349-H,,,,,,3,,,Size,140x190,,1,,,,,,,,,,,,,,,,,,,,,,,,,,,,,,,,,,,,,140x190,,,,,,,,,,,,1786456707,,,,,,,,,,,,101447,,,,,,,,,,,,,,,,,,,
45586,variation,56913592,,D-sign Rug 1D0982 Grey - 160x220,1,0,hidden,,D-sign Rug 1D0982 Grey 160x220 cm,,,taxable,parent,0,0,,0,0,,220,160,0.8,0,,,1188,,,,,,,56909349-H,,,,,,4,,,Size,160x220,,1,,,,,,,,,,,,,,,,,,,,,,,,,,,,,,,,,,,,,160x220,,,,,,,,,,,,1786456706,,,,,,,,,,,,101445,,,,,,,,,,,,,,,,,,,
45587,variation,56909360,,D-sign Rug 1D0982 Grey - 180x270,1,0,hidden,,D-sign Rug 1D0982 Grey 180x270 cm,,,taxable,parent,0,0,,0,0,,270,180,0.8,0,,,1492,,,,,,,56909349-H,,,,,,5,,,Size,180x270,,1,,,,,,,,,,,,,,,,,,,,,,,,,,,,,,,,,,,,,180x270,,,,,,,,,,,,1786455570,,,,,,,,,,,,101448,,,,,,,,,,,,,,,,,,,
45588,variation,56913593,,D-sign Rug 1D0982 Grey - 200x290,1,0,hidden,,D-sign Rug 1D0982 Grey 200x290 cm,,,taxable,parent,0,0,,0,0,,290,200,0.8,0,,,1732,,,,,,,56909349-H,,,,,,6,,,Size,200x290,,1,,,,,,,,,,,,,,,,,,,,,,,,,,,,,,,,,,,,,200x290,,,,,,,,,,,,1786456706,,,,,,,,,,,,101446,,,,,,,,,,,,,,,,,,,
45589,variation,56909362,,D-sign Rug 1D0982 Grey - 240x330,1,0,hidden,,D-sign Rug 1D0982 Grey 240x330 cm,,,taxable,parent,0,0,,0,0,,330,240,0.8,0,,,2196,,,,,,,56909349-H,,,,,,7,,,Size,240x330,,1,,,,,,,,,,,,,,,,,,,,,,,,,,,,,,,,,,,,,240x330,,,,,,,,,,,,1786455571,,,,,,,,,,,,101449,,,,,,,,,,,,,,,,,,,
45590,variation,56909361,,D-sign Rug 1D0982 Grey - 280x370,1,0,hidden,,D-sign Rug 1D0982 Grey 280x370 cm,,,taxable,parent,0,0,,0,0,,370,280,0.8,0,,,2884,,,,,,,56909349-H,,,,,,8,,,Size,280x370,,1,,,,,,,,,,,,,,,,,,,,,,,,,,,,,,,,,,,,,280x370,,,,,,,,,,,,1786455571,,,,,,,,,,,,103605,,,,,,,,,,,,,,,,,,,
45596,variable,56909356-H,,D-sign Rug 1D0985 Grey,1,0,hidden,D-sign Rug 1D0985 Grey ,D-sign Rug 1D0985 Grey ,,,taxable,,0,,,0,0,,,,,1,,,,"Rooms > Bedroom, Rooms > Living room, Rugs > Modern, Rugs",,,"https://rugshop.eu/wp-content/uploads/2021/10/modern-mefe-carpet-8725-circles-fingerprint-structural-two-levels-of-fleece-grey.jpg, https://rugshop.eu/wp-content/uploads/2021/10/modern-mefe-carpet-8725-circles-fingerprint-structural-two-levels-of-fleece-grey-1.jpg, https://rugshop.eu/wp-content/uploads/2021/10/modern-mefe-carpet-8725-circles-fingerprint-structural-two-levels-of-fleece-grey-2.jpg, https://rugshop.eu/wp-content/uploads/2021/10/modern-mefe-carpet-8725-circles-fingerprint-structural-two-levels-of-fleece-grey-3.jpg",,,,,,,,,1394,,,Size,"120x170, 140x190, 160x220, 180x270, 200x290, 240x330, 280x370, 80x150",1,1,Brand,D-sign,1,1,Color,Black-Grey,1,1,Type of color,Multicolor,1,1,Shape,Rectangular,1,1,Material,Polypropen,1,1,Type of rug,Modern,1,1,Weave,Machinemade,1,1,Age,New,1,1,,,,,,,,,,,,,,,,,1786455579,yes,yes,,,,,,,,,,,,,,,,,,,,,,,,,,,,,
45597,variable,56909371-H,,D-sign Rug 1D0986 Grey,1,0,hidden,D-sign Rug 1D0986 Grey ,D-sign Rug 1D0986 Grey ,,,taxable,,0,,,0,0,,,,,1,,,,"Rooms > Bedroom, Rooms > Living room, Rugs > Modern, Rugs, Rugs > Vintage",,,"https://rugshop.eu/wp-content/uploads/2021/10/modern-mefe-carpet-8731-vintage-structural-two-levels-of-fleece-grey.jpg, https://rugshop.eu/wp-content/uploads/2021/10/modern-mefe-carpet-8731-vintage-structural-two-levels-of-fleece-grey-1.jpg, https://rugshop.eu/wp-content/uploads/2021/10/modern-mefe-carpet-8731-vintage-structural-two-levels-of-fleece-grey-2.jpg, https://rugshop.eu/wp-content/uploads/2021/10/modern-mefe-carpet-8731-vintage-structural-two-levels-of-fleece-grey-3.jpg",,,,,,,,,1395,,,Size,"120x170, 140x190, 160x220, 180x270, 200x290, 240x330, 280x370, 80x150",1,1,Brand,D-sign,1,1,Color,Black-Grey,1,1,Type of color,Multicolor,1,1,Shape,Rectangular,1,1,Material,Polypropen,1,1,Type of rug,"Modern, Vintage / Colored Vintage",1,1,Weave,Machinemade,1,1,Age,New,1,1,,,,,,,,,,,,,,,,,1786456747,yes,yes,,,,,,,,,,,,,,,,,,,,,,,,,,,,,
45598,variation,56909359,,D-sign Rug 1D0983 Grey - 80x150,1,0,hidden,,D-sign Rug 1D0983 Grey 80x150 cm,,,taxable,parent,0,0,,0,0,,150,80,0.8,0,,,668,,,,,,,56909359-H,,,,,,1,,,Size,80x150,,1,,,,,,,,,,,,,,,,,,,,,,,,,,,,,,,,,,,,,80x150,,,,,,,,,,,,1786455569,,,,,,,,,,,,101450,,,,,,,,,,,,,,,,,,,
45599,variation,56913632,,D-sign Rug 1D0983 Grey - 120x170,1,0,hidden,,D-sign Rug 1D0983 Grey 120x170 cm,,,taxable,parent,0,0,,0,0,,170,120,0.8,0,,,860,,,,,,,56909359-H,,,,,,2,,,Size,120x170,,1,,,,,,,,,,,,,,,,,,,,,,,,,,,,,,,,,,,,,120x170,,,,,,,,,,,,1786456710,,,,,,,,,,,,101451,,,,,,,,,,,,,,,,,,,
45600,variation,56913633,,D-sign Rug 1D0983 Grey - 140x190,1,0,hidden,,D-sign Rug 1D0983 Grey 140x190 cm,,,taxable,parent,0,0,,0,0,,190,140,0.8,0,,,996,,,,,,,56909359-H,,,,,,3,,,Size,140x190,,1,,,,,,,,,,,,,,,,,,,,,,,,,,,,,,,,,,,,,140x190,,,,,,,,,,,,1786456711,,,,,,,,,,,,101454,,,,,,,,,,,,,,,,,,,
45601,variation,56913637,,D-sign Rug 1D0983 Grey - 160x220,1,0,hidden,,D-sign Rug 1D0983 Grey 160x220 cm,,,taxable,parent,0,0,,0,0,,220,160,0.8,0,,,1188,,,,,,,56909359-H,,,,,,4,,,Size,160x220,,1,,,,,,,,,,,,,,,,,,,,,,,,,,,,,,,,,,,,,160x220,,,,,,,,,,,,1786456728,,,,,,,,,,,,101452,,,,,,,,,,,,,,,,,,,
