ID,Type,SKU,"GTIN, UPC, EAN, or ISBN",Name,Published,Is featured?,Visibility in catalog,Short description,Description,Date sale price starts,Date sale price ends,Tax status,Tax class,In stock?,Stock,Low stock amount,Backorders allowed?,Sold individually?,Weight (kg),Length (cm),Width (cm),Height (cm),Allow customer reviews?,Purchase note,Sale price,Regular price,Categories,Tags,Shipping class,Images,Download limit,Download expiry days,Parent,Grouped products,Upsells,Cross-sells,External URL,Button text,Position,Swatches Attributes,Brands,Attribute 1 name,Attribute 1 value(s),Attribute 1 visible,Attribute 1 global,Attribute 2 name,Attribute 2 value(s),Attribute 2 visible,Attribute 2 global,Attribute 3 name,Attribute 3 value(s),Attribute 3 visible,Attribute 3 global,Attribute 4 name,Attribute 4 value(s),Attribute 4 visible,Attribute 4 global,Attribute 5 name,Attribute 5 value(s),Attribute 5 visible,Attribute 5 global,Attribute 6 name,Attribute 6 value(s),Attribute 6 visible,Attribute 6 global,Attribute 7 name,Attribute 7 value(s),Attribute 7 visible,Attribute 7 global,Attribute 8 name,Attribute 8 value(s),Attribute 8 visible,Attribute 8 global,Attribute 9 name,Attribute 9 value(s),Attribute 9 visible,Attribute 9 global,Attribute 10 name,Attribute 10 value(s),Attribute 10 visible,Attribute 10 global,Meta: fb_size,Meta: fb_brand,Meta: fb_color,Meta: fb_material,Meta: _wp_page_template,Meta: site-sidebar-layout,Meta: site-content-layout,Meta: theme-transparent-header-meta,Meta: _yoast_wpseo_primary_product_brand,Meta: _yoast_wpseo_primary_product_cat,Meta: _yoast_wpseo_content_score,Meta: _yoast_wpseo_estimated-reading-time-minutes,Meta: _last_change_time,Meta: _wc_facebook_sync_enabled_v2,Meta: fb_visibility,Meta: fb_product_description,Meta: fb_rich_text_description,Meta: _wc_facebook_product_image_source,Meta: fb_mpn,Meta: fb_pattern,Meta: fb_age_group,Meta: fb_gender,Meta: fb_product_condition,Meta: _last_editor_used_jetpack,Meta: _wpm_gtin_code,Meta: _wpm_gtin_code_label,Meta: _yoast_wpseo_seo_title_score,Meta: _yoast_wpseo_meta_description_score,Meta: _yoast_wpseo_wordproof_timestamp,Meta: _elementor_edit_mode,Meta: _elementor_template_type,Meta: _elementor_version,Meta: _elementor_pro_version,Meta: fb_product_group_id,Meta: fb_product_image,Meta: _wc_facebook_product_video_source,Meta: fb_product_images,Meta: fb_product_price,Attribute 11 name,Attribute 11 value(s),Attribute 11 visible,Attribute 11 global,Meta: _wp_old_date,Attribute 1 default
45602,variation,56913638,,D-sign Rug 1D0983 Grey - 180x270,1,0,hidden,,D-sign Rug 1D0983 Grey 180x270 cm,,,taxable,parent,0,0,,0,0,,270,180,0.8,0,,,1492,,,,,,,56909359-H,,,,,,5,,,Size,180x270,,1,,,,,,,,,,,,,,,,,,,,,,,,,,,,,,,,,,,,,180x270,,,,,,,,,,,,1786456729,,,,,,,,,,,,101455,,,,,,,,,,,,,,,,,,,
45603,variation,56913640,,D-sign Rug 1D0983 Grey - 200x290,1,0,hidden,,D-sign Rug 1D0983 Grey 200x290 cm,,,taxable,parent,0,0,,0,0,,290,200,0.8,0,,,1732,,,,,,,56909359-H,,,,,,6,,,Size,200x290,,1,,,,,,,,,,,,,,,,,,,,,,,,,,,,,,,,,,,,,200x290,,,,,,,,,,,,1786456730,,,,,,,,,,,,101453,,,,,,,,,,,,,,,,,,,
45604,variation,56913639,,D-sign Rug 1D0983 Grey - 240x330,1,0,hidden,,D-sign Rug 1D0983 Grey 240x330 cm,,,taxable,parent,0,0,,0,0,,330,240,0.8,0,,,2196,,,,,,,56909359-H,,,,,,7,,,Size,240x330,,1,,,,,,,,,,,,,,,,,,,,,,,,,,,,,,,,,,,,,240x330,,,,,,,,,,,,1786456729,,,,,,,,,,,,101456,,,,,,,,,,,,,,,,,,,
45605,variation,56913597,,D-sign Rug 1D0983 Grey - 280x370,1,0,hidden,,D-sign Rug 1D0983 Grey 280x370 cm,,,taxable,parent,0,0,,0,0,,370,280,0.8,0,,,2884,,,,,,,56909359-H,,,,,,8,,,Size,280x370,,1,,,,,,,,,,,,,,,,,,,,,,,,,,,,,,,,,,,,,280x370,,,,,,,,,,,,1786456707,,,,,,,,,,,,103606,,,,,,,,,,,,,,,,,,,
45611,variation,56909355,,D-sign Rug 1D0984 Grey - 80x150,1,0,hidden,,D-sign Rug 1D0984 Grey 80x150 cm,,,taxable,parent,0,0,,0,0,,150,80,0.8,0,,,668,,,,,,,56909355-H,,,,,,1,,,Size,80x150,,1,,,,,,,,,,,,,,,,,,,,,,,,,,,,,,,,,,,,,80x150,,,,,,,,,,,,1786455558,,,,,,,,,,,,101457,,,,,,,,,,,,,,,,,,,
45612,variation,56913598,,D-sign Rug 1D0984 Grey - 120x170,1,0,hidden,,D-sign Rug 1D0984 Grey 120x170 cm,,,taxable,parent,0,0,,0,0,,170,120,0.8,0,,,860,,,,,,,56909355-H,,,,,,2,,,Size,120x170,,1,,,,,,,,,,,,,,,,,,,,,,,,,,,,,,,,,,,,,120x170,,,,,,,,,,,,1786456708,,,,,,,,,,,,101458,,,,,,,,,,,,,,,,,,,
45613,variation,56913636,,D-sign Rug 1D0984 Grey - 140x190,1,0,hidden,,D-sign Rug 1D0984 Grey 140x190 cm,,,taxable,parent,0,0,,0,0,,190,140,0.8,0,,,996,,,,,,,56909355-H,,,,,,3,,,Size,140x190,,1,,,,,,,,,,,,,,,,,,,,,,,,,,,,,,,,,,,,,140x190,,,,,,,,,,,,1786456726,,,,,,,,,,,,101461,,,,,,,,,,,,,,,,,,,
45614,variation,56913631,,D-sign Rug 1D0984 Grey - 160x220,1,0,hidden,,D-sign Rug 1D0984 Grey 160x220 cm,,,taxable,parent,0,0,,0,0,,220,160,0.8,0,,,1188,,,,,,,56909355-H,,,,,,4,,,Size,160x220,,1,,,,,,,,,,,,,,,,,,,,,,,,,,,,,,,,,,,,,160x220,,,,,,,,,,,,1786456709,,,,,,,,,,,,101459,,,,,,,,,,,,,,,,,,,
45615,variation,56913634,,D-sign Rug 1D0984 Grey - 180x270,1,0,hidden,,D-sign Rug 1D0984 Grey 180x270 cm,,,taxable,parent,0,0,,0,0,,270,180,0.8,0,,,1492,,,,,,,56909355-H,,,,,,5,,,Size,180x270,,1,,,,,,,,,,,,,,,,,,,,,,,,,,,,,,,,,,,,,180x270,,,,,,,,,,,,1786456711,,,,,,,,,,,,101462,,,,,,,,,,,,,,,,,,,
45616,variation,56913635,,D-sign Rug 1D0984 Grey - 200x290,1,0,hidden,,D-sign Rug 1D0984 Grey 200x290 cm,,,taxable,parent,0,0,,0,0,,290,200,0.8,0,,,1732,,,,,,,56909355-H,,,,,,6,,,Size,200x290,,1,,,,,,,,,,,,,,,,,,,,,,,,,,,,,,,,,,,,,200x290,,,,,,,,,,,,1786456725,,,,,,,,,,,,101460,,,,,,,,,,,,,,,,,,,
45617,variation,56913599,,D-sign Rug 1D0984 Grey - 240x330,1,0,hidden,,D-sign Rug 1D0984 Grey 240x330 cm,,,taxable,parent,0,0,,0,0,,330,240,0.8,0,,,2196,,,,,,,56909355-H,,,,,,7,,,Size,240x330,,1,,,,,,,,,,,,,,,,,,,,,,,,,,,,,,,,,,,,,240x330,,,,,,,,,,,,1786456708,,,,,,,,,,,,101463,,,,,,,,,,,,,,,,,,,
45618,variation,56913600,,D-sign Rug 1D0984 Grey - 280x370,1,0,hidden,,D-sign Rug 1D0984 Grey 280x370 cm,,,taxable,parent,0,0,,0,0,,370,280,0.8,0,,,2884,,,,,,,56909355-H,,,,,,8,,,Size,280x370,,1,,,,,,,,,,,,,,,,,,,,,,,,,,,,,,,,,,,,,280x370,,,,,,,,,,,,1786456708,,,,,,,,,,,,103607,,,,,,,,,,,,,,,,,,,
45626,variable,56909375-H,,D-sign Rug 1D0988 Beige,1,0,hidden,D-sign Rug 1D0988 Beige ,D-sign Rug 1D0988 Beige ,,,taxable,,0,,,0,0,,,,,1,,,,"Rooms > Living room, Rugs > Modern, Rugs",,,"https://rugshop.eu/wp-content/uploads/2021/10/carpet-acrylic-vals-0w1733-c53-47-abstraction-spatial-3d-ivory-grey.jpg, https://rugshop.eu/wp-content/uploads/2021/10/carpet-acrylic-vals-0w1733-c53-47-abstraction-spatial-3d-ivory-grey-1.jpg, https://rugshop.eu/wp-content/uploads/2021/10/carpet-acrylic-vals-0w1733-c53-47-abstraction-spatial-3d-ivory-grey-2.jpg, https://rugshop.eu/wp-content/uploads/2021/10/carpet-acrylic-vals-0w1733-c53-47-abstraction-spatial-3d-ivory-grey-3.jpg",,,,,,,,,1397,,,Size,"160x230, 240x340",1,1,Brand,D-sign,1,1,Color,White-Beige,1,1,Type of color,Multicolor,1,1,Shape,Rectangular,1,1,Material,Acrylic,1,1,Type of rug,Modern,1,1,Weave,Machinemade,1,1,Age,New,1,1,,,,,,,,,,,,,,,,,1786456748,yes,yes,,,,,,,,,,,,,,,,,,,,,,,,,,,,,
45627,variable,56909376-H,,D-sign Rug 1D0989 Grey,1,0,hidden,D-sign Rug 1D0989 Grey ,D-sign Rug 1D0989 Grey ,,,taxable,,0,,,0,0,,,,,1,,,,"Rooms > Living room, Rugs > Modern, Rugs",,,"https://rugshop.eu/wp-content/uploads/2021/10/carpet-acrylic-vals-0w1736-c53-87-squares-stripes-dark-grey-light-grey.jpg, https://rugshop.eu/wp-content/uploads/2021/10/carpet-acrylic-vals-0w1736-c53-87-squares-stripes-dark-grey-light-grey-1.jpg, https://rugshop.eu/wp-content/uploads/2021/10/carpet-acrylic-vals-0w1736-c53-87-squares-stripes-dark-grey-light-grey-2.jpg, https://rugshop.eu/wp-content/uploads/2021/10/carpet-acrylic-vals-0w1736-c53-87-squares-stripes-dark-grey-light-grey-3.jpg",,,,,,,,,1398,,,Size,"160x230, 240x340",1,1,Brand,D-sign,1,1,Color,Black-Grey,1,1,Type of color,Multicolor,1,1,Shape,Rectangular,1,1,Material,Acrylic,1,1,Type of rug,Modern,1,1,Weave,Machinemade,1,1,Age,New,1,1,,,,,,,,,,,,,,,,,1786456751,yes,yes,,,,,,,,,,,,,,,,,,,,,,,,,,,,,
45628,variation,56909356,,D-sign Rug 1D0985 Grey - 80x150,1,0,hidden,,D-sign Rug 1D0985 Grey 80x150 cm,,,taxable,parent,0,0,,0,0,,150,80,0.8,0,,,668,,,,,,,56909356-H,,,,,,1,,,Size,80x150,,1,,,,,,,,,,,,,,,,,,,,,,,,,,,,,,,,,,,,,80x150,,,,,,,,,,,,1786455558,,,,,,,,,,,,101464,,,,,,,,,,,,,,,,,,,
45629,variation,56909373,,D-sign Rug 1D0985 Grey - 120x170,1,0,hidden,,D-sign Rug 1D0985 Grey 120x170 cm,,,taxable,parent,0,0,,0,0,,170,120,0.8,0,,,860,,,,,,,56909356-H,,,,,,2,,,Size,120x170,,1,,,,,,,,,,,,,,,,,,,,,,,,,,,,,,,,,,,,,120x170,,,,,,,,,,,,1786455574,,,,,,,,,,,,101465,,,,,,,,,,,,,,,,,,,
45630,variation,56909366,,D-sign Rug 1D0985 Grey - 140x190,1,0,hidden,,D-sign Rug 1D0985 Grey 140x190 cm,,,taxable,parent,0,0,,0,0,,190,140,0.8,0,,,996,,,,,,,56909356-H,,,,,,3,,,Size,140x190,,1,,,,,,,,,,,,,,,,,,,,,,,,,,,,,,,,,,,,,140x190,,,,,,,,,,,,1786455572,,,,,,,,,,,,101468,,,,,,,,,,,,,,,,,,,
45631,variation,56909369,,D-sign Rug 1D0985 Grey - 160x220,1,0,hidden,,D-sign Rug 1D0985 Grey 160x220 cm,,,taxable,parent,0,0,,0,0,,220,160,0.8,0,,,1188,,,,,,,56909356-H,,,,,,4,,,Size,160x220,,1,,,,,,,,,,,,,,,,,,,,,,,,,,,,,,,,,,,,,160x220,,,,,,,,,,,,1786455573,,,,,,,,,,,,101466,,,,,,,,,,,,,,,,,,,
45632,variation,56909367,,D-sign Rug 1D0985 Grey - 180x270,1,0,hidden,,D-sign Rug 1D0985 Grey 180x270 cm,,,taxable,parent,0,0,,0,0,,270,180,0.8,0,,,1492,,,,,,,56909356-H,,,,,,5,,,Size,180x270,,1,,,,,,,,,,,,,,,,,,,,,,,,,,,,,,,,,,,,,180x270,,,,,,,,,,,,1786455572,,,,,,,,,,,,101469,,,,,,,,,,,,,,,,,,,
45633,variation,56909368,,D-sign Rug 1D0985 Grey - 200x290,1,0,hidden,,D-sign Rug 1D0985 Grey 200x290 cm,,,taxable,parent,0,0,,0,0,,290,200,0.8,0,,,1732,,,,,,,56909356-H,,,,,,6,,,Size,200x290,,1,,,,,,,,,,,,,,,,,,,,,,,,,,,,,,,,,,,,,200x290,,,,,,,,,,,,1786455572,,,,,,,,,,,,101467,,,,,,,,,,,,,,,,,,,
45634,variation,56909370,,D-sign Rug 1D0985 Grey - 240x330,1,0,hidden,,D-sign Rug 1D0985 Grey 240x330 cm,,,taxable,parent,0,0,,0,0,,330,240,0.8,0,,,2196,,,,,,,56909356-H,,,,,,7,,,Size,240x330,,1,,,,,,,,,,,,,,,,,,,,,,,,,,,,,,,,,,,,,240x330,,,,,,,,,,,,1786455573,,,,,,,,,,,,101470,,,,,,,,,,,,,,,,,,,
45635,variation,56909372,,D-sign Rug 1D0985 Grey - 280x370,1,0,hidden,,D-sign Rug 1D0985 Grey 280x370 cm,,,taxable,parent,0,0,,0,0,,370,280,0.8,0,,,2884,,,,,,,56909356-H,,,,,,8,,,Size,280x370,,1,,,,,,,,,,,,,,,,,,,,,,,,,,,,,,,,,,,,,280x370,,,,,,,,,,,,1786455573,,,,,,,,,,,,103608,,,,,,,,,,,,,,,,,,,
45641,variation,56909371,,D-sign Rug 1D0986 Grey - 80x150,1,0,hidden,,D-sign Rug 1D0986 Grey 80x150 cm,,,taxable,parent,0,0,,0,0,,150,80,0.8,0,,,668,,,,,,,56909371-H,,,,,,1,,,Size,80x150,,1,,,,,,,,,,,,,,,,,,,,,,,,,,,,,,,,,,,,,80x150,,,,,,,,,,,,1786455573,,,,,,,,,,,,101471,,,,,,,,,,,,,,,,,,,
45642,variation,56913658,,D-sign Rug 1D0986 Grey - 120x170,1,0,hidden,,D-sign Rug 1D0986 Grey 120x170 cm,,,taxable,parent,0,0,,0,0,,170,120,0.8,0,,,860,,,,,,,56909371-H,,,,,,2,,,Size,120x170,,1,,,,,,,,,,,,,,,,,,,,,,,,,,,,,,,,,,,,,120x170,,,,,,,,,,,,1786456732,,,,,,,,,,,,101472,,,,,,,,,,,,,,,,,,,
45643,variation,56913660,,D-sign Rug 1D0986 Grey - 140x190,1,0,hidden,,D-sign Rug 1D0986 Grey 140x190 cm,,,taxable,parent,0,0,,0,0,,190,140,0.8,0,,,996,,,,,,,56909371-H,,,,,,3,,,Size,140x190,,1,,,,,,,,,,,,,,,,,,,,,,,,,,,,,,,,,,,,,140x190,,,,,,,,,,,,1786456733,,,,,,,,,,,,101475,,,,,,,,,,,,,,,,,,,
45644,variation,56913656,,D-sign Rug 1D0986 Grey - 160x220,1,0,hidden,,D-sign Rug 1D0986 Grey 160x220 cm,,,taxable,parent,0,0,,0,0,,220,160,0.8,0,,,1188,,,,,,,56909371-H,,,,,,4,,,Size,160x220,,1,,,,,,,,,,,,,,,,,,,,,,,,,,,,,,,,,,,,,160x220,,,,,,,,,,,,1786456732,,,,,,,,,,,,101473,,,,,,,,,,,,,,,,,,,
45645,variation,56913652,,D-sign Rug 1D0986 Grey - 180x270,1,0,hidden,,D-sign Rug 1D0986 Grey 180x270 cm,,,taxable,parent,0,0,,0,0,,270,180,0.8,0,,,1492,,,,,,,56909371-H,,,,,,5,,,Size,180x270,,1,,,,,,,,,,,,,,,,,,,,,,,,,,,,,,,,,,,,,180x270,,,,,,,,,,,,1786456731,,,,,,,,,,,,101476,,,,,,,,,,,,,,,,,,,
45646,variation,56913659,,D-sign Rug 1D0986 Grey - 200x290,1,0,hidden,,D-sign Rug 1D0986 Grey 200x290 cm,,,taxable,parent,0,0,,0,0,,290,200,0.8,0,,,1732,,,,,,,56909371-H,,,,,,6,,,Size,200x290,,1,,,,,,,,,,,,,,,,,,,,,,,,,,,,,,,,,,,,,200x290,,,,,,,,,,,,1786456733,,,,,,,,,,,,101474,,,,,,,,,,,,,,,,,,,
45647,variation,56913653,,D-sign Rug 1D0986 Grey - 240x330,1,0,hidden,,D-sign Rug 1D0986 Grey 240x330 cm,,,taxable,parent,0,0,,0,0,,330,240,0.8,0,,,2196,,,,,,,56909371-H,,,,,,7,,,Size,240x330,,1,,,,,,,,,,,,,,,,,,,,,,,,,,,,,,,,,,,,,240x330,,,,,,,,,,,,1786456731,,,,,,,,,,,,101477,,,,,,,,,,,,,,,,,,,
45648,variation,56913651,,D-sign Rug 1D0986 Grey - 280x370,1,0,hidden,,D-sign Rug 1D0986 Grey 280x370 cm,,,taxable,parent,0,0,,0,0,,370,280,0.8,0,,,2884,,,,,,,56909371-H,,,,,,8,,,Size,280x370,,1,,,,,,,,,,,,,,,,,,,,,,,,,,,,,,,,,,,,,280x370,,,,,,,,,,,,1786456730,,,,,,,,,,,,103609,,,,,,,,,,,,,,,,,,,
45654,variable,56909377-H,,D-sign Rug 1D0990 Grey,1,0,hidden,D-sign Rug 1D0990 Grey ,D-sign Rug 1D0990 Grey ,,,taxable,,0,,,0,0,,,,,1,,,,"Rooms > Bedroom, Rooms > Living room, Rugs > Modern, Rugs",,,"https://rugshop.eu/wp-content/uploads/2021/10/carpet-sizal-floorlux-20401-frame-silver-black.jpg, https://rugshop.eu/wp-content/uploads/2021/10/carpet-sizal-floorlux-20401-frame-silver-black-1.jpg, https://rugshop.eu/wp-content/uploads/2021/10/carpet-sizal-floorlux-20401-frame-silver-black-2.jpg, https://rugshop.eu/wp-content/uploads/2021/10/carpet-sizal-floorlux-20401-frame-silver-black-3.jpg",,,,,,,,,1399,,,Size,"120x170, 140x200, 160x230, 200x290, 240x330",1,1,Brand,D-sign,1,1,Color,Black-Grey,1,1,Type of color,Multicolor,1,1,Shape,Rectangular,1,1,Material,Polypropen,1,1,Type of rug,Modern,1,1,Weave,Machinemade,1,1,Country,Belgium,1,1,Age,New,1,1,,,,,,,,,,,,,1786456750,yes,yes,,,,,,,,,,,,,,,,,,,,,,,,,,,,,
45655,variable,56909378-H,,D-sign Rug 1D0991 Grey,1,0,hidden,D-sign Rug 1D0991 Grey ,D-sign Rug 1D0991 Grey ,,,taxable,,0,,,0,0,,,,,1,,,,"Rooms > Bedroom, Rooms > Living room, Rugs > Modern, Rugs",,,"https://rugshop.eu/wp-content/uploads/2021/10/carpet-sizal-floorlux-20401-frame-black-silver.jpg, https://rugshop.eu/wp-content/uploads/2021/10/carpet-sizal-floorlux-20401-frame-black-silver-1.jpg, https://rugshop.eu/wp-content/uploads/2021/10/carpet-sizal-floorlux-20401-frame-black-silver-2.jpg, https://rugshop.eu/wp-content/uploads/2021/10/carpet-sizal-floorlux-20401-frame-black-silver-3.jpg",,,,,,,,,1400,,,Size,"120x170, 140x200, 160x230, 200x290, 240x330",1,1,Brand,D-sign,1,1,Color,Black-Grey,1,1,Type of color,Multicolor,1,1,Shape,Rectangular,1,1,Material,Polypropen,1,1,Type of rug,Modern,1,1,Weave,Machinemade,1,1,Country,Belgium,1,1,Age,New,1,1,,,,,,,,,,,,,1786456751,yes,yes,,,,,,,,,,,,,,,,,,,,,,,,,,,,,
45656,variable,56909379-H,,D-sign Rug 1D0992 Grey,1,0,hidden,D-sign Rug 1D0992 Grey ,D-sign Rug 1D0992 Grey ,,,taxable,,0,,,0,0,,,,,1,,,,"Rooms > Living room, Rugs, Rugs > Vintage",,,"https://rugshop.eu/wp-content/uploads/2021/10/carpet-acrylic-vals-0w1738-c53-87-frame-concrete-vintage-dark-grey-light-grey.jpg, https://rugshop.eu/wp-content/uploads/2021/10/carpet-acrylic-vals-0w1738-c53-87-frame-concrete-vintage-dark-grey-light-grey-1.jpg, https://rugshop.eu/wp-content/uploads/2021/10/carpet-acrylic-vals-0w1738-c53-87-frame-concrete-vintage-dark-grey-light-grey-2.jpg, https://rugshop.eu/wp-content/uploads/2021/10/carpet-acrylic-vals-0w1738-c53-87-frame-concrete-vintage-dark-grey-light-grey-3.jpg",,,,,,,,,1401,,,Size,"160x230, 240x340",1,1,Brand,D-sign,1,1,Color,Black-Grey,1,1,Type of color,Multicolor,1,1,Shape,Rectangular,1,1,Material,Acrylic,1,1,Type of rug,Vintage / Colored Vintage,1,1,Weave,Machinemade,1,1,Age,New,1,1,,,,,,,,,,,,,,,,,1786456749,yes,yes,,,,,,,,,,,,,,,,,,,,,,,,,,,,,
45675,variation,56909375,,D-sign Rug 1D0988 Beige - 160x230,1,0,hidden,,D-sign Rug 1D0988 Beige 160x230 cm,,,taxable,parent,0,0,,0,0,,230,160,1.3,0,,,5276,,,,,,,56909375-H,,,,,,1,,,Size,160x230,,1,,,,,,,,,,,,,,,,,,,,,,,,,,,,,,,,,,,,,160x230,,,,,,,,,,,,,,,,,,,,,,,,102030,,,,,,,,,,,,,,,,,,,
45676,variation,56913671,,D-sign Rug 1D0988 Beige - 240x340,1,0,hidden,,D-sign Rug 1D0988 Beige 240x340 cm,,,taxable,parent,0,0,,0,0,,340,240,1.3,0,,,11292,,,,,,,56909375-H,,,,,,2,,,Size,240x340,,1,,,,,,,,,,,,,,,,,,,,,,,,,,,,,,,,,,,,,240x340,,,,,,,,,,,,1786456734,,,,,,,,,,,,112080,,,,,,,,,,,,,,,,,,,
45682,variation,56909376,,D-sign Rug 1D0989 Grey - 160x230,1,0,hidden,,D-sign Rug 1D0989 Grey 160x230 cm,,,taxable,parent,0,0,,0,0,,230,160,1.3,0,,,5276,,,,,,,56909376-H,,,,,,1,,,Size,160x230,,1,,,,,,,,,,,,,,,,,,,,,,,,,,,,,,,,,,,,,160x230,,,,,,,,,,,,1786455574,,,,,,,,,,,,102044,,,,,,,,,,,,,,,,,,,
45683,variation,56913675,,D-sign Rug 1D0989 Grey - 240x340,1,0,hidden,,D-sign Rug 1D0989 Grey 240x340 cm,,,taxable,parent,0,0,,0,0,,340,240,1.3,0,,,11292,,,,,,,56909376-H,,,,,,2,,,Size,240x340,,1,,,,,,,,,,,,,,,,,,,,,,,,,,,,,,,,,,,,,240x340,,,,,,,,,,,,1786456736,,,,,,,,,,,,116474,,,,,,,,,,,,,,,,,,,
45689,variable,56909384-H,,D-sign Rug 1D0563 Grey,1,0,hidden,D-sign Rug 1D0563 Grey ,D-sign Rug 1D0563 Grey ,,,taxable,,0,,,0,0,,,,,1,,,,"Rooms > Bedroom, Rooms > Living room, Rugs > Modern, Rugs",,,"https://rugshop.eu/wp-content/uploads/2021/10/carpet-scandi-18281-652-leaves-grey-cream.jpg, https://rugshop.eu/wp-content/uploads/2021/10/carpet-scandi-18281-652-leaves-grey-cream-1.jpg, https://rugshop.eu/wp-content/uploads/2021/10/carpet-scandi-18281-652-leaves-grey-cream-2.jpg, https://rugshop.eu/wp-content/uploads/2021/10/carpet-scandi-18281-652-leaves-grey-cream-3.jpg",,,,,,,,,988,,,Size,"120x170, 160x230, 80x150",1,1,Brand,D-sign,1,1,Color,Black-Grey,1,1,Type of color,Multicolor,1,1,Shape,Rectangular,1,1,Material,Polypropen,1,1,Type of rug,Modern,1,1,Weave,Machinemade,1,1,Age,New,1,1,,,,,,,,,,,,,,,,,1786456752,yes,yes,,,,,,,,,,,,,,,,,,,,,,,,,,,,,
45691,variation,56909377,,D-sign Rug 1D0990 Grey - 120x170,1,0,hidden,,D-sign Rug 1D0990 Grey 120x170 cm,,,taxable,parent,0,0,,0,0,,170,120,0.6,0,,,996,,,,,,,56909377-H,,,,,,1,,,Size,120x170,,1,,,,,,,,,,,,,,,,,,,,,,,,,,,,,,,,,,,,,120x170,,,,,,,,,,,,1786455574,,,,,,,,,,,,102053,,,,,,,,,,,,,,,,,,,
45692,variation,56913674,,D-sign Rug 1D0990 Grey - 140x200,1,0,hidden,,D-sign Rug 1D0990 Grey 140x200 cm,,,taxable,parent,0,0,,0,0,,200,140,0.6,0,,,1236,,,,,,,56909377-H,,,,,,2,,,Size,140x200,,1,,,,,,,,,,,,,,,,,,,,,,,,,,,,,,,,,,,,,140x200,,,,,,,,,,,,1786456736,,,,,,,,,,,,102054,,,,,,,,,,,,,,,,,,,
45693,variation,56913676,,D-sign Rug 1D0990 Grey - 160x230,1,0,hidden,,D-sign Rug 1D0990 Grey 160x230 cm,,,taxable,parent,0,0,,0,0,,230,160,0.6,0,,,1516,,,,,,,56909377-H,,,,,,3,,,Size,160x230,,1,,,,,,,,,,,,,,,,,,,,,,,,,,,,,,,,,,,,,160x230,,,,,,,,,,,,1786456737,,,,,,,,,,,,102055,,,,,,,,,,,,,,,,,,,
45694,variation,56913673,,D-sign Rug 1D0990 Grey - 200x290,1,0,hidden,,D-sign Rug 1D0990 Grey 200x290 cm,,,taxable,parent,0,0,,0,0,,290,200,0.6,0,,,2172,,,,,,,56909377-H,,,,,,4,,,Size,200x290,,1,,,,,,,,,,,,,,,,,,,,,,,,,,,,,,,,,,,,,200x290,,,,,,,,,,,,1786456735,,,,,,,,,,,,102056,,,,,,,,,,,,,,,,,,,
45695,variation,56913679,,D-sign Rug 1D0990 Grey - 240x330,1,0,hidden,,D-sign Rug 1D0990 Grey 240x330 cm,,,taxable,parent,0,0,,0,0,,330,240,0.6,0,,,2924,,,,,,,56909377-H,,,,,,5,,,Size,240x330,,1,,,,,,,,,,,,,,,,,,,,,,,,,,,,,,,,,,,,,240x330,,,,,,,,,,,,1786456738,,,,,,,,,,,,102057,,,,,,,,,,,,,,,,,,,
45701,variation,56909378,,D-sign Rug 1D0991 Grey - 120x170,1,0,hidden,,D-sign Rug 1D0991 Grey 120x170 cm,,,taxable,parent,0,0,,0,0,,170,120,0.6,0,,,996,,,,,,,56909378-H,,,,,,1,,,Size,120x170,,1,,,,,,,,,,,,,,,,,,,,,,,,,,,,,,,,,,,,,120x170,,,,,,,,,,,,1786455574,,,,,,,,,,,,102058,,,,,,,,,,,,,,,,,,,
45702,variation,56913701,,D-sign Rug 1D0991 Grey - 140x200,1,0,hidden,,D-sign Rug 1D0991 Grey 140x200 cm,,,taxable,parent,0,0,,0,0,,200,140,0.6,0,,,1236,,,,,,,56909378-H,,,,,,2,,,Size,140x200,,1,,,,,,,,,,,,,,,,,,,,,,,,,,,,,,,,,,,,,140x200,,,,,,,,,,,,1786456741,,,,,,,,,,,,102059,,,,,,,,,,,,,,,,,,,
45703,variation,56913677,,D-sign Rug 1D0991 Grey - 160x230,1,0,hidden,,D-sign Rug 1D0991 Grey 160x230 cm,,,taxable,parent,0,0,,0,0,,230,160,0.6,0,,,1516,,,,,,,56909378-H,,,,,,3,,,Size,160x230,,1,,,,,,,,,,,,,,,,,,,,,,,,,,,,,,,,,,,,,160x230,,,,,,,,,,,,1786456737,,,,,,,,,,,,102060,,,,,,,,,,,,,,,,,,,
45704,variation,56913680,,D-sign Rug 1D0991 Grey - 200x290,1,0,hidden,,D-sign Rug 1D0991 Grey 200x290 cm,,,taxable,parent,0,0,,0,0,,290,200,0.6,0,,,2172,,,,,,,56909378-H,,,,,,4,,,Size,200x290,,1,,,,,,,,,,,,,,,,,,,,,,,,,,,,,,,,,,,,,200x290,,,,,,,,,,,,1786456738,,,,,,,,,,,,102061,,,,,,,,,,,,,,,,,,,
45705,variation,56913678,,D-sign Rug 1D0991 Grey - 240x330,1,0,hidden,,D-sign Rug 1D0991 Grey 240x330 cm,,,taxable,parent,0,0,,0,0,,330,240,0.6,0,,,2924,,,,,,,56909378-H,,,,,,5,,,Size,240x330,,1,,,,,,,,,,,,,,,,,,,,,,,,,,,,,,,,,,,,,240x330,,,,,,,,,,,,1786456738,,,,,,,,,,,,102062,,,,,,,,,,,,,,,,,,,
45711,variable,56909385-H,,D-sign Rug 1D0928 Beige,1,0,hidden,D-sign Rug 1D0928 Beige ,D-sign Rug 1D0928 Beige ,,,taxable,,0,,,0,0,,,,,1,,,,"Rooms > Bedroom, Rooms > Living room, Rugs, Rugs > Vintage",,,"https://rugshop.eu/wp-content/uploads/2021/10/carpet-vintage-22208765-beige-classic-rosette.jpg, https://rugshop.eu/wp-content/uploads/2021/10/carpet-vintage-22208765-beige-classic-rosette-1.jpg, https://rugshop.eu/wp-content/uploads/2021/10/carpet-vintage-22208765-beige-classic-rosette-2.jpg, https://rugshop.eu/wp-content/uploads/2021/10/carpet-vintage-22208765-beige-classic-rosette-3.jpg",,,,,,,,,1351,,,Size,"120x170, 200x290, 80x150",1,1,Brand,D-sign,1,1,Color,White-Beige,1,1,Type of color,Multicolor,1,1,Shape,Rectangular,1,1,Material,Polypropen,1,1,Type of rug,Vintage / Colored Vintage,1,1,Weave,Machinemade,1,1,Age,New,1,1,,,,,,,,,,,,,,,,,1786456754,yes,yes,,,,,,,,,,,,,,,,,,,,,,,,,,,,,
45712,variable,56909387-H,,D-sign Rug 1D0993 Beige,1,0,hidden,D-sign Rug 1D0993 Beige ,D-sign Rug 1D0993 Beige ,,,taxable,,0,,,0,0,,,,,1,,,,"Rooms > Bedroom, Rooms > Living room, Rugs, Rugs > Vintage",,,"https://rugshop.eu/wp-content/uploads/2021/10/carpet-wool-nain-ornament-vintage-7601-50977-beige-navy.jpg, https://rugshop.eu/wp-content/uploads/2021/10/carpet-wool-nain-ornament-vintage-7601-50977-beige-navy-1.jpg, https://rugshop.eu/wp-content/uploads/2021/10/carpet-wool-nain-ornament-vintage-7601-50977-beige-navy-2.jpg, https://rugshop.eu/wp-content/uploads/2021/10/carpet-wool-nain-ornament-vintage-7601-50977-beige-navy-3.jpg",,,,,,,,,1402,,,Size,"120x170, 160x230, 200x300, 240x340, 80x150",1,1,Brand,D-sign,1,1,Color,White-Beige,1,1,Type of color,Multicolor,1,1,Shape,Rectangular,1,1,Material,Wool,1,1,Type of rug,Vintage / Colored Vintage,1,1,Weave,Machinemade,1,1,Age,New,1,1,,,,,,,,,,,,,,,,,1786456754,yes,yes,,,,,,,,,,,,,,,,,,,,,,,,,,,,,
45713,variation,56909379,,D-sign Rug 1D0992 Grey - 160x230,1,0,hidden,,D-sign Rug 1D0992 Grey 160x230 cm,,,taxable,parent,0,0,,0,0,,230,160,1.3,0,,,5276,,,,,,,56909379-H,,,,,,1,,,Size,160x230,,1,,,,,,,,,,,,,,,,,,,,,,,,,,,,,,,,,,,,,160x230,,,,,,,,,,,,1786455575,,,,,,,,,,,,102063,,,,,,,,,,,,,,,,,,,
45714,variation,56913672,,D-sign Rug 1D0992 Grey - 240x340,1,0,hidden,,D-sign Rug 1D0992 Grey 240x340 cm,,,taxable,parent,0,0,,0,0,,340,240,1.3,0,,,11292,,,,,,,56909379-H,,,,,,2,,,Size,240x340,,1,,,,,,,,,,,,,,,,,,,,,,,,,,,,,,,,,,,,,240x340,,,,,,,,,,,,1786456735,,,,,,,,,,,,116475,,,,,,,,,,,,,,,,,,,
45736,variation,56909384,,D-sign Rug 1D0563 Grey - 80x150,1,0,hidden,,D-sign Rug 1D0563 Grey 80x150 cm,,,taxable,parent,0,0,,0,0,,150,80,0.9,0,,,836,,,,,,,56909384-H,,,,,,1,,,Size,80x150,,1,,,,,,,,,,,,,,,,,,,,,,,,,,,,,,,,,,,,,80x150,,,,,,,,,,,,1786455575,,,,,,,,,,,,102126,,,,,,,,,,,,,,,,,,,
45737,variation,56913702,,D-sign Rug 1D0563 Grey - 120x170,1,0,hidden,,D-sign Rug 1D0563 Grey 120x170 cm,,,taxable,parent,0,0,,0,0,,170,120,0.9,0,,,1140,,,,,,,56909384-H,,,,,,2,,,Size,120x170,,1,,,,,,,,,,,,,,,,,,,,,,,,,,,,,,,,,,,,,120x170,,,,,,,,,,,,,,,,,,,,,,,,86020,,,,,,,,,,,,,,,,,,,
45738,variation,56913699,,D-sign Rug 1D0563 Grey - 160x230,1,0,hidden,,D-sign Rug 1D0563 Grey 160x230 cm,,,taxable,parent,0,0,,0,0,,230,160,0.9,0,,,1700,,,,,,,56909384-H,,,,,,3,,,Size,160x230,,1,,,,,,,,,,,,,,,,,,,,,,,,,,,,,,,,,,,,,160x230,,,,,,,,,,,,1786456739,,,,,,,,,,,,86021,,,,,,,,,,,,,,,,,,,
45739,variable,56909388-H,,D-sign Rug 1D0994 Blue,1,0,hidden,D-sign Rug 1D0994 Blue ,D-sign Rug 1D0994 Blue ,,,taxable,,0,,,0,0,,,,,1,,,,"Rooms > Bedroom, Rooms > Living room, Rugs, Rugs > Vintage",,,"https://rugshop.eu/wp-content/uploads/2021/10/carpet-wool-nain-rosette-vintage-7599-50911-navy-beige.jpg, https://rugshop.eu/wp-content/uploads/2021/10/carpet-wool-nain-rosette-vintage-7599-50911-navy-beige-1.jpg, https://rugshop.eu/wp-content/uploads/2021/10/carpet-wool-nain-rosette-vintage-7599-50911-navy-beige-2.jpg, https://rugshop.eu/wp-content/uploads/2021/10/carpet-wool-nain-rosette-vintage-7599-50911-navy-beige-3.jpg",,,,,,,,,1403,,,Size,"120x170, 160x230, 200x300, 240x340, 80x150",1,1,Brand,D-sign,1,1,Color,Blue,1,1,Type of color,Multicolor,1,1,Shape,Rectangular,1,1,Material,Wool,1,1,Type of rug,Vintage / Colored Vintage,1,1,Weave,Machinemade,1,1,Age,New,1,1,,,,,,,,,,,,,,,,,1786455584,yes,yes,,,,,,,,,,,,,,,,,,,,,,,,,,,,,
45741,variable,56909394-H,,D-sign Rug 1D0996 Blue,1,0,hidden,D-sign Rug 1D0996 Blue ,D-sign Rug 1D0996 Blue ,,,taxable,,0,,,0,0,,,,,1,,,,"Rooms > Bedroom, Rooms > Living room, Rugs, Rugs > Vintage",,,"https://rugshop.eu/wp-content/uploads/2021/10/carpet-wool-nain-vintage-7591-50911-navy-beige.jpg, https://rugshop.eu/wp-content/uploads/2021/10/carpet-wool-nain-vintage-7591-50911-navy-beige-1.jpg, https://rugshop.eu/wp-content/uploads/2021/10/carpet-wool-nain-vintage-7591-50911-navy-beige-2.jpg, https://rugshop.eu/wp-content/uploads/2021/10/carpet-wool-nain-vintage-7591-50911-navy-beige-3.jpg",,,,,,,,,1405,,,Size,"120x170, 160x230, 200x300, 240x340, 80x150",1,1,Brand,D-sign,1,1,Color,Blue,1,1,Type of color,Multicolor,1,1,Shape,Rectangular,1,1,Material,Wool,1,1,Type of rug,Vintage / Colored Vintage,1,1,Weave,Machinemade,1,1,Age,New,1,1,,,,,,,,,,,,,,,,,1786455585,yes,yes,,,,,,,,,,,,,,,,,,,,,,,,,,,,,
45756,variation,56909385,,D-sign Rug 1D0928 Beige - 80x150,1,0,hidden,,D-sign Rug 1D0928 Beige 80x150 cm,,,taxable,parent,0,0,,0,0,,150,80,0.3,0,,,788,,,,,,,56909385-H,,,,,,1,,,Size,80x150,,1,,,,,,,,,,,,,,,,,,,,,,,,,,,,,,,,,,,,,80x150,,,,,,,,,,,,,,,,,,,,,,,,102130,,,,,,,,,,,,,,,,,,,
45757,variation,56913717,,D-sign Rug 1D0928 Beige - 120x170,1,0,hidden,,D-sign Rug 1D0928 Beige 120x170 cm,,,taxable,parent,0,0,,0,0,,170,120,0.3,0,,,1100,,,,,,,56909385-H,,,,,,2,,,Size,120x170,,1,,,,,,,,,,,,,,,,,,,,,,,,,,,,,,,,,,,,,120x170,,,,,,,,,,,,1786456743,,,,,,,,,,,,92814,,,,,,,,,,,,,,,,,,,
45758,variation,56913719,,D-sign Rug 1D0928 Beige - 200x290,1,0,hidden,,D-sign Rug 1D0928 Beige 200x290 cm,,,taxable,parent,0,0,,0,0,,290,200,0.3,0,,,2364,,,,,,,56909385-H,,,,,,3,,,Size,200x290,,1,,,,,,,,,,,,,,,,,,,,,,,,,,,,,,,,,,,,,200x290,,,,,,,,,,,,,,,,,,,,,,,,102131,,,,,,,,,,,,,,,,,,,
45764,variation,56909387,,D-sign Rug 1D0993 Beige - 80x150,1,0,hidden,,D-sign Rug 1D0993 Beige 80x150 cm,,,taxable,parent,0,0,,0,0,,150,80,0.8,0,,,2036,,,,,,,56909387-H,,,,,,1,,,Size,80x150,,1,,,,,,,,,,,,,,,,,,,,,,,,,,,,,,,,,,,,,80x150,,,,,,,,,,,,1786455575,,,,,,,,,,,,102315,,,,,,,,,,,,,,,,,,,
45765,variation,56913716,,D-sign Rug 1D0993 Beige - 120x170,1,0,hidden,,D-sign Rug 1D0993 Beige 120x170 cm,,,taxable,parent,0,0,,0,0,,170,120,0.8,0,,,3188,,,,,,,56909387-H,,,,,,2,,,Size,120x170,,1,,,,,,,,,,,,,,,,,,,,,,,,,,,,,,,,,,,,,120x170,,,,,,,,,,,,1786456742,,,,,,,,,,,,102316,,,,,,,,,,,,,,,,,,,
45766,variation,56913700,,D-sign Rug 1D0993 Beige - 160x230,1,0,hidden,,D-sign Rug 1D0993 Beige 160x230 cm,,,taxable,parent,0,0,,0,0,,230,160,0.8,0,,,5436,,,,,,,56909387-H,,,,,,3,,,Size,160x230,,1,,,,,,,,,,,,,,,,,,,,,,,,,,,,,,,,,,,,,160x230,,,,,,,,,,,,1786456740,,,,,,,,,,,,102317,,,,,,,,,,,,,,,,,,,
45767,variation,56913714,,D-sign Rug 1D0993 Beige - 200x300,1,0,hidden,,D-sign Rug 1D0993 Beige 200x300 cm,,,taxable,parent,0,0,,0,0,,300,200,0.8,0,,,8708,,,,,,,56909387-H,,,,,,4,,,Size,200x300,,1,,,,,,,,,,,,,,,,,,,,,,,,,,,,,,,,,,,,,200x300,,,,,,,,,,,,1786456742,,,,,,,,,,,,102318,,,,,,,,,,,,,,,,,,,
45768,variation,56913722,,D-sign Rug 1D0993 Beige - 240x340,1,0,hidden,,D-sign Rug 1D0993 Beige 240x340 cm,,,taxable,parent,0,0,,0,0,,340,240,0.8,0,,,11692,,,,,,,56909387-H,,,,,,5,,,Size,240x340,,1,,,,,,,,,,,,,,,,,,,,,,,,,,,,,,,,,,,,,240x340,,,,,,,,,,,,1786456743,,,,,,,,,,,,102319,,,,,,,,,,,,,,,,,,,
45774,variable,56909399-H,,D-sign Rug 1D0998 Beige,1,0,hidden,D-sign Rug 1D0998 Beige ,D-sign Rug 1D0998 Beige ,,,taxable,,0,,,0,0,,,,,1,,,,"Rooms > Bedroom, Rooms > Living room, Rugs, Rugs > Vintage",,,"https://rugshop.eu/wp-content/uploads/2021/10/carpet-wool-nain-ornament-vintage-7557-50944-beige-navy.jpg, https://rugshop.eu/wp-content/uploads/2021/10/carpet-wool-nain-ornament-vintage-7557-50944-beige-navy-1.jpg, https://rugshop.eu/wp-content/uploads/2021/10/carpet-wool-nain-ornament-vintage-7557-50944-beige-navy-2.jpg, https://rugshop.eu/wp-content/uploads/2021/10/carpet-wool-nain-ornament-vintage-7557-50944-beige-navy-3.jpg",,,,,,,,,1407,,,Size,"120x170, 160x230, 200x300, 240x340, 80x150",1,1,Brand,D-sign,1,1,Color,Blue,1,1,Type of color,Multicolor,1,1,Shape,Rectangular,1,1,Material,Wool,1,1,Type of rug,Vintage / Colored Vintage,1,1,Weave,Machinemade,1,1,Age,New,1,1,,,,,,,,,,,,,,,,,1786455597,yes,yes,,,,,,,,,,,,,,,,,,,,,,,,,,,,,
45776,variation,56909388,,D-sign Rug 1D0994 Blue - 80x150,1,0,hidden,,D-sign Rug 1D0994 Blue 80x150 cm,,,taxable,parent,0,0,,0,0,,150,80,0.8,0,,,2036,,,,,,,56909388-H,,,,,,1,,,Size,80x150,,1,,,,,,,,,,,,,,,,,,,,,,,,,,,,,,,,,,,,,80x150,,,,,,,,,,,,1786455575,,,,,,,,,,,,102325,,,,,,,,,,,,,,,,,,,
45777,variation,56909390,,D-sign Rug 1D0994 Blue - 120x170,1,0,hidden,,D-sign Rug 1D0994 Blue 120x170 cm,,,taxable,parent,0,0,,0,0,,170,120,0.8,0,,,3188,,,,,,,56909388-H,,,,,,2,,,Size,120x170,,1,,,,,,,,,,,,,,,,,,,,,,,,,,,,,,,,,,,,,120x170,,,,,,,,,,,,1786455576,,,,,,,,,,,,102326,,,,,,,,,,,,,,,,,,,
45778,variation,56909389,,D-sign Rug 1D0994 Blue - 160x230,1,0,hidden,,D-sign Rug 1D0994 Blue 160x230 cm,,,taxable,parent,0,0,,0,0,,230,160,0.8,0,,,5436,,,,,,,56909388-H,,,,,,3,,,Size,160x230,,1,,,,,,,,,,,,,,,,,,,,,,,,,,,,,,,,,,,,,160x230,,,,,,,,,,,,1786455576,,,,,,,,,,,,102327,,,,,,,,,,,,,,,,,,,
45779,variation,56909392,,D-sign Rug 1D0994 Blue - 200x300,1,0,hidden,,D-sign Rug 1D0994 Blue 200x300 cm,,,taxable,parent,0,0,,0,0,,300,200,0.8,0,,,8708,,,,,,,56909388-H,,,,,,4,,,Size,200x300,,1,,,,,,,,,,,,,,,,,,,,,,,,,,,,,,,,,,,,,200x300,,,,,,,,,,,,1786455576,,,,,,,,,,,,102328,,,,,,,,,,,,,,,,,,,
45780,variation,56909393,,D-sign Rug 1D0994 Blue - 240x340,1,0,hidden,,D-sign Rug 1D0994 Blue 240x340 cm,,,taxable,parent,0,0,,0,0,,340,240,0.8,0,,,11692,,,,,,,56909388-H,,,,,,5,,,Size,240x340,,1,,,,,,,,,,,,,,,,,,,,,,,,,,,,,,,,,,,,,240x340,,,,,,,,,,,,1786455576,,,,,,,,,,,,102329,,,,,,,,,,,,,,,,,,,
45796,variable,56909412-H,,D-sign Rug 1D1000 Blue,1,0,hidden,D-sign Rug 1D1000 Blue ,D-sign Rug 1D1000 Blue ,,,taxable,,0,,,0,0,,,,,1,,,,"Rooms > Bedroom, Rooms > Living room, Rugs, Rugs > Vintage",,,"https://rugshop.eu/wp-content/uploads/2021/10/carpet-wool-nain-vintage-7010-50911-navy-beige.jpg, https://rugshop.eu/wp-content/uploads/2021/10/carpet-wool-nain-vintage-7010-50911-navy-beige-1.jpg, https://rugshop.eu/wp-content/uploads/2021/10/carpet-wool-nain-vintage-7010-50911-navy-beige-2.jpg, https://rugshop.eu/wp-content/uploads/2021/10/carpet-wool-nain-vintage-7010-50911-navy-beige-3.jpg",,,,,,,,,1409,,,Size,"120x170, 160x230, 200x300, 240x340, 80x150",1,1,Brand,D-sign,1,1,Color,Blue,1,1,Type of color,Multicolor,1,1,Shape,Rectangular,1,1,Material,Wool,1,1,Type of rug,Vintage / Colored Vintage,1,1,Weave,Machinemade,1,1,Age,New,1,1,,,,,,,,,,,,,,,,,1786455599,yes,yes,,,,,,,,,,,,,,,,,,,,,,,,,,,,,
45798,variation,56909394,,D-sign Rug 1D0996 Blue - 80x150,1,0,hidden,,D-sign Rug 1D0996 Blue 80x150 cm,,,taxable,parent,0,0,,0,0,,150,80,0.8,0,,,2036,,,,,,,56909394-H,,,,,,1,,,Size,80x150,,1,,,,,,,,,,,,,,,,,,,,,,,,,,,,,,,,,,,,,80x150,,,,,,,,,,,,1786455576,,,,,,,,,,,,102336,,,,,,,,,,,,,,,,,,,
45799,variation,56909398,,D-sign Rug 1D0996 Blue - 120x170,1,0,hidden,,D-sign Rug 1D0996 Blue 120x170 cm,,,taxable,parent,0,0,,0,0,,170,120,0.8,0,,,3188,,,,,,,56909394-H,,,,,,2,,,Size,120x170,,1,,,,,,,,,,,,,,,,,,,,,,,,,,,,,,,,,,,,,120x170,,,,,,,,,,,,1786455577,,,,,,,,,,,,102337,,,,,,,,,,,,,,,,,,,
45800,variation,56909401,,D-sign Rug 1D0996 Blue - 160x230,1,0,hidden,,D-sign Rug 1D0996 Blue 160x230 cm,,,taxable,parent,0,0,,0,0,,230,160,0.8,0,,,5436,,,,,,,56909394-H,,,,,,3,,,Size,160x230,,1,,,,,,,,,,,,,,,,,,,,,,,,,,,,,,,,,,,,,160x230,,,,,,,,,,,,1786455577,,,,,,,,,,,,102338,,,,,,,,,,,,,,,,,,,
45801,variation,56909396,,D-sign Rug 1D0996 Blue - 200x300,1,0,hidden,,D-sign Rug 1D0996 Blue 200x300 cm,,,taxable,parent,0,0,,0,0,,300,200,0.8,0,,,8708,,,,,,,56909394-H,,,,,,4,,,Size,200x300,,1,,,,,,,,,,,,,,,,,,,,,,,,,,,,,,,,,,,,,200x300,,,,,,,,,,,,1786455577,,,,,,,,,,,,102339,,,,,,,,,,,,,,,,,,,
45802,variation,56909400,,D-sign Rug 1D0996 Blue - 240x340,1,0,hidden,,D-sign Rug 1D0996 Blue 240x340 cm,,,taxable,parent,0,0,,0,0,,340,240,0.8,0,,,11692,,,,,,,56909394-H,,,,,,5,,,Size,240x340,,1,,,,,,,,,,,,,,,,,,,,,,,,,,,,,,,,,,,,,240x340,,,,,,,,,,,,1786455577,,,,,,,,,,,,102340,,,,,,,,,,,,,,,,,,,
45819,variation,56909399,,D-sign Rug 1D0998 Beige - 80x150,1,0,hidden,,D-sign Rug 1D0998 Beige 80x150 cm,,,taxable,parent,0,0,,0,0,,150,80,0.8,0,,,2036,,,,,,,56909399-H,,,,,,1,,,Size,80x150,,1,,,,,,,,,,,,,,,,,,,,,,,,,,,,,,,,,,,,,80x150,,,,,,,,,,,,1786455577,,,,,,,,,,,,102353,,,,,,,,,,,,,,,,,,,
45820,variation,56909408,,D-sign Rug 1D0998 Beige - 120x170,1,0,hidden,,D-sign Rug 1D0998 Beige 120x170 cm,,,taxable,parent,0,0,,0,0,,170,120,0.8,0,,,3188,,,,,,,56909399-H,,,,,,2,,,Size,120x170,,1,,,,,,,,,,,,,,,,,,,,,,,,,,,,,,,,,,,,,120x170,,,,,,,,,,,,1786455578,,,,,,,,,,,,102354,,,,,,,,,,,,,,,,,,,
45821,variation,56909407,,D-sign Rug 1D0998 Beige - 160x230,1,0,hidden,,D-sign Rug 1D0998 Beige 160x230 cm,,,taxable,parent,0,0,,0,0,,230,160,0.8,0,,,5436,,,,,,,56909399-H,,,,,,3,,,Size,160x230,,1,,,,,,,,,,,,,,,,,,,,,,,,,,,,,,,,,,,,,160x230,,,,,,,,,,,,,,,,,,,,,,,,102355,,,,,,,,,,,,,,,,,,,
45822,variation,56909409,,D-sign Rug 1D0998 Beige - 200x300,1,0,hidden,,D-sign Rug 1D0998 Beige 200x300 cm,,,taxable,parent,0,0,,0,0,,300,200,0.8,0,,,8708,,,,,,,56909399-H,,,,,,4,,,Size,200x300,,1,,,,,,,,,,,,,,,,,,,,,,,,,,,,,,,,,,,,,200x300,,,,,,,,,,,,1786455588,,,,,,,,,,,,102356,,,,,,,,,,,,,,,,,,,
45823,variation,56909411,,D-sign Rug 1D0998 Beige - 240x340,1,0,hidden,,D-sign Rug 1D0998 Beige 240x340 cm,,,taxable,parent,0,0,,0,0,,340,240,0.8,0,,,11692,,,,,,,56909399-H,,,,,,5,,,Size,240x340,,1,,,,,,,,,,,,,,,,,,,,,,,,,,,,,,,,,,,,,240x340,,,,,,,,,,,,1786455589,,,,,,,,,,,,102357,,,,,,,,,,,,,,,,,,,
45841,variation,56909412,,D-sign Rug 1D1000 Blue - 80x150,1,0,hidden,,D-sign Rug 1D1000 Blue 80x150 cm,,,taxable,parent,0,0,,0,0,,150,80,0.8,0,,,2036,,,,,,,56909412-H,,,,,,1,,,Size,80x150,,1,,,,,,,,,,,,,,,,,,,,,,,,,,,,,,,,,,,,,80x150,,,,,,,,,,,,1786455589,,,,,,,,,,,,102363,,,,,,,,,,,,,,,,,,,
45842,variation,56909416,,D-sign Rug 1D1000 Blue - 120x170,1,0,hidden,,D-sign Rug 1D1000 Blue 120x170 cm,,,taxable,parent,0,0,,0,0,,170,120,0.8,0,,,3188,,,,,,,56909412-H,,,,,,2,,,Size,120x170,,1,,,,,,,,,,,,,,,,,,,,,,,,,,,,,,,,,,,,,120x170,,,,,,,,,,,,1786455589,,,,,,,,,,,,102364,,,,,,,,,,,,,,,,,,,
45843,variation,56909414,,D-sign Rug 1D1000 Blue - 160x230,1,0,hidden,,D-sign Rug 1D1000 Blue 160x230 cm,,,taxable,parent,0,0,,0,0,,230,160,0.8,0,,,5436,,,,,,,56909412-H,,,,,,3,,,Size,160x230,,1,,,,,,,,,,,,,,,,,,,,,,,,,,,,,,,,,,,,,160x230,,,,,,,,,,,,1786455589,,,,,,,,,,,,102365,,,,,,,,,,,,,,,,,,,
45844,variation,56909417,,D-sign Rug 1D1000 Blue - 200x300,1,0,hidden,,D-sign Rug 1D1000 Blue 200x300 cm,,,taxable,parent,0,0,,0,0,,300,200,0.8,0,,,8708,,,,,,,56909412-H,,,,,,4,,,Size,200x300,,1,,,,,,,,,,,,,,,,,,,,,,,,,,,,,,,,,,,,,200x300,,,,,,,,,,,,1786455589,,,,,,,,,,,,102366,,,,,,,,,,,,,,,,,,,
45845,variation,56909415,,D-sign Rug 1D1000 Blue - 240x340,1,0,hidden,,D-sign Rug 1D1000 Blue 240x340 cm,,,taxable,parent,0,0,,0,0,,340,240,0.8,0,,,11692,,,,,,,56909412-H,,,,,,5,,,Size,240x340,,1,,,,,,,,,,,,,,,,,,,,,,,,,,,,,,,,,,,,,240x340,,,,,,,,,,,,,,,,,,,,,,,,102367,,,,,,,,,,,,,,,,,,,
45862,variable,56996251-H,,D-sign Rug 1D1005 Cream,1,0,hidden,D-sign Rug 1D1005 Cream ,D-sign Rug 1D1005 Cream ,,,taxable,,0,,,0,0,,,,,1,,,,"Rooms > Bedroom, Rooms > Living room, Rugs > Modern, Rugs",,,"https://rugshop.eu/wp-content/uploads/2021/10/carpet-pure-squares-geometric-5842-17731-cream-beige.jpg, https://rugshop.eu/wp-content/uploads/2021/10/carpet-pure-squares-geometric-5842-17731-cream-beige-1.jpg, https://rugshop.eu/wp-content/uploads/2021/10/carpet-pure-squares-geometric-5842-17731-cream-beige-2.jpg, https://rugshop.eu/wp-content/uploads/2021/10/carpet-pure-squares-geometric-5842-17731-cream-beige-3.jpg",,,,,,,,,1414,,,Size,"120x160, 160x230, 200x300, 240x330, 80x140",1,1,Brand,D-sign,1,1,Color,White-Beige,1,1,Type of color,Multicolor,1,1,Shape,Rectangular,1,1,Material,Polyester,1,1,Type of rug,Modern,1,1,Weave,Machinemade,1,1,Age,New,1,1,,,,,,,,,,,,,,,,,1786457589,yes,yes,,,,,,,,,,,,,,,,,,,,,,,,,,,,,
45863,variable,56909427-H,,D-sign Rug 1D1006 Cream,1,0,hidden,D-sign Rug 1D1006 Cream ,D-sign Rug 1D1006 Cream ,,,taxable,,0,,,0,0,,,,,1,,,,"Rooms > Bedroom, Rooms > Living room, Rugs > Modern, Rugs",,,"https://rugshop.eu/wp-content/uploads/2021/10/carpet-pure-geometric-5843-17733-cream.jpg, https://rugshop.eu/wp-content/uploads/2021/10/carpet-pure-geometric-5843-17733-cream-1.jpg, https://rugshop.eu/wp-content/uploads/2021/10/carpet-pure-geometric-5843-17733-cream-2.jpg, https://rugshop.eu/wp-content/uploads/2021/10/carpet-pure-geometric-5843-17733-cream-3.jpg",,,,,,,,,1415,,,Size,"120x160, 160x230, 200x300, 240x330, 80x140",1,1,Brand,D-sign,1,1,Color,White-Beige,1,1,Type of color,Singlecolor,1,1,Shape,Rectangular,1,1,Material,Polyester,1,1,Type of rug,Modern,1,1,Weave,Machinemade,1,1,Age,New,1,1,,,,,,,,,,,,,,,,,1786456769,yes,yes,,,,,,,,,classic-editor,,,,,,,,,,,,,,,,,,,,
45886,variable,56909426-H,,D-sign Rug 1D1007 Grey,1,0,hidden,D-sign Rug 1D1007 Grey ,D-sign Rug 1D1007 Grey ,,,taxable,,0,,,0,0,,,,,1,,,,"Rooms > Bedroom, Rooms > Living room, Rugs, Rugs > Vintage",,,"https://rugshop.eu/wp-content/uploads/2021/10/carpet-vintage-frame-rosette-22235556-grey-black.jpg, https://rugshop.eu/wp-content/uploads/2021/10/carpet-vintage-frame-rosette-22235556-grey-black-1.jpg, https://rugshop.eu/wp-content/uploads/2021/10/carpet-vintage-frame-rosette-22235556-grey-black-2.jpg, https://rugshop.eu/wp-content/uploads/2021/10/carpet-vintage-frame-rosette-22235556-grey-black-3.jpg",,,,,,,,,1416,,,Size,"120x170, 140x200, 200x290, 80x150",1,1,Brand,D-sign,1,1,Color,Black-Grey,1,1,Type of color,Multicolor,1,1,Shape,Rectangular,1,1,Material,Polypropen,1,1,Type of rug,Vintage / Colored Vintage,1,1,Weave,Machinemade,1,1,Age,New,1,1,,,,,,,,,,,,,,,,,1786456772,yes,yes,,,,,,,,,,,,,,,,,,,,,,,,,,,,,
45900,variation,56996251,,D-sign Rug 1D1005 Cream - 80x140,1,0,hidden,,D-sign Rug 1D1005 Cream 80x140 cm,,,taxable,parent,0,0,,0,0,,140,80,1.3,0,,,1052,,,,,,,56996251-H,,,,,,1,,,Size,80x140,,1,,,,,,,,,,,,,,,,,,,,,,,,,,,,,,,,,,,,,80x140,,,,,,,,,,,,,,,,,,,,,,,,102401,,,,,,,,,,,,,,,,,,,
45901,variation,56996255,,D-sign Rug 1D1005 Cream - 120x160,1,0,hidden,,D-sign Rug 1D1005 Cream 120x160 cm,,,taxable,parent,0,0,,0,0,,160,120,1.3,0,,,1516,,,,,,,56996251-H,,,,,,2,,,Size,120x160,,1,,,,,,,,,,,,,,,,,,,,,,,,,,,,,,,,,,,,,120x160,,,,,,,,,,,,,,,,,,,,,,,,102402,,,,,,,,,,,,,,,,,,,
45902,variation,56996253,,D-sign Rug 1D1005 Cream - 160x230,1,0,hidden,,D-sign Rug 1D1005 Cream 160x230 cm,,,taxable,parent,0,0,,0,0,,230,160,1.3,0,,,2548,,,,,,,56996251-H,,,,,,3,,,Size,160x230,,1,,,,,,,,,,,,,,,,,,,,,,,,,,,,,,,,,,,,,160x230,,,,,,,,,,,,,,,,,,,,,,,,102403,,,,,,,,,,,,,,,,,,,
45903,variation,56996254,,D-sign Rug 1D1005 Cream - 200x300,1,0,hidden,,D-sign Rug 1D1005 Cream 200x300 cm,,,taxable,parent,0,0,,0,0,,300,200,1.3,0,,,3916,,,,,,,56996251-H,,,,,,4,,,Size,200x300,,1,,,,,,,,,,,,,,,,,,,,,,,,,,,,,,,,,,,,,200x300,,,,,,,,,,,,,,,,,,,,,,,,102404,,,,,,,,,,,,,,,,,,,
45904,variation,56996256,,D-sign Rug 1D1005 Cream - 240x330,1,0,hidden,,D-sign Rug 1D1005 Cream 240x330 cm,,,taxable,parent,0,0,,0,0,,330,240,1.3,0,,,5140,,,,,,,56996251-H,,,,,,5,,,Size,240x330,,1,,,,,,,,,,,,,,,,,,,,,,,,,,,,,,,,,,,,,240x330,,,,,,,,,,,,1786457575,,,,,,,,,,,,102405,,,,,,,,,,,,,,,,,,,
45912,variable,56909479-H,,D-sign Rug 1D1013 Grey,1,0,hidden,D-sign Rug 1D1013 Grey ,D-sign Rug 1D1013 Grey ,,,taxable,,0,,,0,0,,,,,1,,,,"Rooms > Bedroom, Rooms > Living room, Rugs > Modern, Rugs, Rugs > Sisal",,,"https://rugshop.eu/wp-content/uploads/2021/10/carpet-sisal-boho-46201575-frame-grey.jpg, https://rugshop.eu/wp-content/uploads/2021/10/carpet-sisal-boho-46201575-frame-grey-1.jpg, https://rugshop.eu/wp-content/uploads/2021/10/carpet-sisal-boho-46201575-frame-grey-2.jpg, https://rugshop.eu/wp-content/uploads/2021/10/carpet-sisal-boho-46201575-frame-grey-3.jpg",,,,,,,,,1421,,,Size,"120x170, 200x290",1,1,Brand,D-sign,1,1,Color,Black-Grey,1,1,Type of color,Multicolor,1,1,Shape,Rectangular,1,1,Material,Polypropen,1,1,Type of rug,"Modern, Sisal",1,1,Weave,Machinemade,1,1,Age,New,1,1,,,,,,,,,,,,,,,,,1786455602,yes,yes,,,,,,,,,,,,,,,,,,,,,,,,,,,,,
45913,variation,56909427,,D-sign Rug 1D1006 Cream - 80x140,1,0,hidden,,D-sign Rug 1D1006 Cream 80x140 cm,,,taxable,parent,0,0,,0,0,,140,80,1.3,0,,,1052,,,,,,,56909427-H,,,,,,1,,,Size,80x140,,1,,,,,,,,,,,,,,,,,,,,,,,,,,,,,,,,,,,,,80x140,,,,,,,,,,,,,,,,,,,,,,,,102406,,,,,,,,,,,,,,,,,,,
45914,variation,56913789,,D-sign Rug 1D1006 Cream - 120x160,1,0,hidden,,D-sign Rug 1D1006 Cream 120x160 cm,,,taxable,parent,0,0,,0,0,,160,120,1.3,0,,,1516,,,,,,,56909427-H,,,,,,2,,,Size,120x160,,1,,,,,,,,,,,,,,,,,,,,,,,,,,,,,,,,,,,,,120x160,,,,,,,,,,,,1786456758,,,,,,,,,,,,102407,,,,,,,,,,,,,,,,,,,
45915,variation,56913810,,D-sign Rug 1D1006 Cream - 160x230,1,0,hidden,,D-sign Rug 1D1006 Cream 160x230 cm,,,taxable,parent,0,0,,0,0,,230,160,1.3,0,,,2548,,,,,,,56909427-H,,,,,,3,,,Size,160x230,,1,,,,,,,,,,,,,,,,,,,,,,,,,,,,,,,,,,,,,160x230,,,,,,,,,,,,,,,,,,,,,,,,102408,,,,,,,,,,,,,,,,,,,
45916,variation,56913792,,D-sign Rug 1D1006 Cream - 200x300,1,0,hidden,,D-sign Rug 1D1006 Cream 200x300 cm,,,taxable,parent,0,0,,0,0,,300,200,1.3,0,,,3916,,,,,,,56909427-H,,,,,,4,,,Size,200x300,,1,,,,,,,,,,,,,,,,,,,,,,,,,,,,,,,,,,,,,200x300,,,,,,,,,,,,,,,,,,,,,,,,102409,,,,,,,,,,,,,,,,,,,
45917,variation,56913787,,D-sign Rug 1D1006 Cream - 240x330,1,0,hidden,,D-sign Rug 1D1006 Cream 240x330 cm,,,taxable,parent,0,0,,0,0,,330,240,1.3,0,,,5140,,,,,,,56909427-H,,,,,,5,,,Size,240x330,,1,,,,,,,,,,,,,,,,,,,,,,,,,,,,,,,,,,,,,240x330,,,,,,,,,,,,,,,,,,,,,,,,102410,,,,,,,,,,,,,,,,,,,
45923,variation,56909426,,D-sign Rug 1D1007 Grey - 80x150,1,0,hidden,,D-sign Rug 1D1007 Grey 80x150 cm,,,taxable,parent,0,0,,0,0,,150,80,0.3,0,,,788,,,,,,,56909426-H,,,,,,1,,,Size,80x150,,1,,,,,,,,,,,,,,,,,,,,,,,,,,,,,,,,,,,,,80x150,,,,,,,,,,,,,,,,,,,,,,,,102424,,,,,,,,,,,,,,,,,,,
45924,variation,56913790,,D-sign Rug 1D1007 Grey - 120x170,1,0,hidden,,D-sign Rug 1D1007 Grey 120x170 cm,,,taxable,parent,0,0,,0,0,,170,120,0.3,0,,,1092,,,,,,,56909426-H,,,,,,2,,,Size,120x170,,1,,,,,,,,,,,,,,,,,,,,,,,,,,,,,,,,,,,,,120x170,,,,,,,,,,,,1786456759,,,,,,,,,,,,102423,,,,,,,,,,,,,,,,,,,
45925,variation,56909430,,D-sign Rug 1D1007 Grey - 140x200,1,0,hidden,,D-sign Rug 1D1007 Grey 140x200 cm,,,taxable,parent,0,0,,0,0,,200,140,0.3,0,,,1372,,,,,,,56909426-H,,,,,,3,,,Size,140x200,,1,,,,,,,,,,,,,,,,,,,,,,,,,,,,,,,,,,,,,140x200,,,,,,,,,,,,,,,,,,,,,,,,102425,,,,,,,,,,,,,,,,,,,
45926,variation,56909432,,D-sign Rug 1D1007 Grey - 200x290,1,0,hidden,,D-sign Rug 1D1007 Grey 200x290 cm,,,taxable,parent,0,0,,0,0,,290,200,0.3,0,,,2356,,,,,,,56909426-H,,,,,,4,,,Size,200x290,,1,,,,,,,,,,,,,,,,,,,,,,,,,,,,,,,,,,,,,200x290,,,,,,,,,,,,,,,,,,,,,,,,102426,,,,,,,,,,,,,,,,,,,
45932,variable,56909480-H,,D-sign Rug 1D1014 Black,1,0,hidden,D-sign Rug 1D1014 Black ,D-sign Rug 1D1014 Black ,,,taxable,,0,,,0,0,,,,,1,,,,"Rooms > Bedroom, Rooms > Living room, Rugs > Modern, Rugs",,,"https://rugshop.eu/wp-content/uploads/2021/10/carpet-kake-25817657-marble-modern-black-white.jpg, https://rugshop.eu/wp-content/uploads/2021/10/carpet-kake-25817657-marble-modern-black-white-1.jpg, https://rugshop.eu/wp-content/uploads/2021/10/carpet-kake-25817657-marble-modern-black-white-2.jpg, https://rugshop.eu/wp-content/uploads/2021/10/carpet-kake-25817657-marble-modern-black-white-3.jpg",,,,,,,,,1422,,,Size,"120x170, 160x230, 200x290, 80x150",1,1,Brand,D-sign,1,1,Color,Black-Grey,1,1,Type of color,Multicolor,1,1,Shape,Rectangular,1,1,Material,Polypropen,1,1,Type of rug,Modern,1,1,Weave,Machinemade,1,1,Age,New,1,1,,,,,,,,,,,,,,,,,1786455609,yes,yes,,,,,,,,,,,,,,,,,,,,,,,,,,,,,
45933,variable,56909490-H,,D-sign Rug 1D1016 Grey,1,0,hidden,D-sign Rug 1D1016 Grey ,D-sign Rug 1D1016 Grey ,,,taxable,,0,,,0,0,,,,,1,,,,"Rooms > Bedroom, Rooms > Living room, Rugs > Modern, Rugs",,,"https://rugshop.eu/wp-content/uploads/2021/10/carpet-lisboa-27211356-rectangles-board-parquet-grey.jpg, https://rugshop.eu/wp-content/uploads/2021/10/carpet-lisboa-27211356-rectangles-board-parquet-grey-1.jpg, https://rugshop.eu/wp-content/uploads/2021/10/carpet-lisboa-27211356-rectangles-board-parquet-grey-2.jpg, https://rugshop.eu/wp-content/uploads/2021/10/carpet-lisboa-27211356-rectangles-board-parquet-grey-3.jpg",,,,,,,,,1424,,,Size,"120x170, 80x150",1,1,Brand,D-sign,1,1,Color,Black-Grey,1,1,Type of color,Multicolor,1,1,Shape,Rectangular,1,1,Material,Polypropen,1,1,Type of rug,Modern,1,1,Weave,Machinemade,1,1,Age,New,1,1,,,,,,,,,,,,,,,,,1786456779,yes,yes,,,,,,,,,,,,,,,,,,,,,,,,,,,,,
45934,variable,56909487-H,,D-sign Rug 1D1017 Grey,1,0,hidden,D-sign Rug 1D1017 Grey ,D-sign Rug 1D1017 Grey ,,,taxable,,0,,,0,0,,,,,1,,,,"Rooms > Bedroom, Rooms > Living room, Rugs > Modern, Rugs",,,"https://rugshop.eu/wp-content/uploads/2021/10/carpet-lisboa-27237655-herringbone-chevron-grey-yellow.jpg, https://rugshop.eu/wp-content/uploads/2021/10/carpet-lisboa-27237655-herringbone-chevron-grey-yellow-1.jpg, https://rugshop.eu/wp-content/uploads/2021/10/carpet-lisboa-27237655-herringbone-chevron-grey-yellow-2.jpg, https://rugshop.eu/wp-content/uploads/2021/10/carpet-lisboa-27237655-herringbone-chevron-grey-yellow-3.jpg",,,,,,,,,1425,,,Size,"120x170, 80x150",1,1,Brand,D-sign,1,1,Color,Black-Grey,1,1,Type of color,Multicolor,1,1,Shape,Rectangular,1,1,Material,Polypropen,1,1,Type of rug,Modern,1,1,Weave,Machinemade,1,1,Age,New,1,1,,,,,,,,,,,,,,,,,1786455615,yes,yes,,,,,,,,,,,,,,,,,,,,,,,,,,,,,
45951,variable,56909489-H,,D-sign Rug 1D1018 Grey,1,0,hidden,D-sign Rug 1D1018 Grey ,D-sign Rug 1D1018 Grey ,,,taxable,,0,,,0,0,,,,,1,,,,"Rooms > Bedroom, Rooms > Living room, Rugs > Modern, Rugs",,,"https://rugshop.eu/wp-content/uploads/2021/10/carpet-lisboa-27237654-herringbone-chevron-grey-blue.jpg, https://rugshop.eu/wp-content/uploads/2021/10/carpet-lisboa-27237654-herringbone-chevron-grey-blue-1.jpg, https://rugshop.eu/wp-content/uploads/2021/10/carpet-lisboa-27237654-herringbone-chevron-grey-blue-2.jpg, https://rugshop.eu/wp-content/uploads/2021/10/carpet-lisboa-27237654-herringbone-chevron-grey-blue-3.jpg",,,,,,,,,1426,,,Size,"120x170, 140x200",1,1,Brand,D-sign,1,1,Color,Black-Grey,1,1,Type of color,Multicolor,1,1,Shape,Rectangular,1,1,Material,Polypropen,1,1,Type of rug,Modern,1,1,Weave,Machinemade,1,1,Age,New,1,1,,,,,,,,,,,,,,,,,1786455618,yes,yes,,,,,,,,,,,,,,,,,,,,,,,,,,,,,
45952,variable,56909485-H,,D-sign Rug 1D1015 Purple,1,0,hidden,D-sign Rug 1D1015 Purple,D-sign Rug 1D1015 Purple,,,taxable,,0,,,0,0,,,,,0,,,,"Rooms > Living room, Rugs > Modern, Rugs",,,"https://rugshop.eu/wp-content/uploads/2021/10/carpet-kake-25809657-labirynth-modern-violet-pink-grey.jpg, https://rugshop.eu/wp-content/uploads/2021/10/carpet-kake-25809657-labirynth-modern-violet-pink-grey-1.jpg, https://rugshop.eu/wp-content/uploads/2021/10/carpet-kake-25809657-labirynth-modern-violet-pink-grey-2.jpg, https://rugshop.eu/wp-content/uploads/2021/10/carpet-kake-25809657-labirynth-modern-violet-pink-grey-3.jpg",,,,,,,,,1423,,,Size,"120x170, 80x150",1,1,Brand,D-sign,1,1,Color,Pink-Purple,1,1,Type of color,Multicolor,1,1,Shape,Rectangular,1,1,Material,Polypropen,1,1,Type of rug,Modern,1,1,Weave,Machinemade,1,1,Age,New,1,1,,,,,,,,,default,default,default,default,,,,,1786456776,yes,yes,,,,,,,,,,,,,,,,,,,,,,,,,,,,,
45972,variation,56909479,,D-sign Rug 1D1013 Grey - 120x170,1,0,hidden,,D-sign Rug 1D1013 Grey 120x170 cm,,,taxable,parent,0,0,,0,0,,170,120,0.8,0,,,1428,,,,,,,56909479-H,,,,,,1,,,Size,120x170,,1,,,,,,,,,,,,,,,,,,,,,,,,,,,,,,,,,,,,,120x170,,,,,,,,,,,,1786455590,,,,,,,,,,,,102660,,,,,,,,,,,,,,,,,,,
45973,variation,56913872,,D-sign Rug 1D1013 Grey - 200x290,1,0,hidden,,D-sign Rug 1D1013 Grey 200x290 cm,,,taxable,parent,0,0,,0,0,,290,200,0.8,0,,,3276,,,,,,,56909479-H,,,,,,2,,,Size,200x290,,1,,,,,,,,,,,,,,,,,,,,,,,,,,,,,,,,,,,,,200x290,,,,,,,,,,,,,,,,,,,,,,,,102661,,,,,,,,,,,,,,,,,,,
45979,variation,56909480,,D-sign Rug 1D1014 Black - 80x150,1,0,hidden,,D-sign Rug 1D1014 Black 80x150 cm,,,taxable,parent,0,0,,0,0,,150,80,1,0,,,1188,,,,,,,56909480-H,,,,,,1,,,Size,80x150,,1,,,,,,,,,,,,,,,,,,,,,,,,,,,,,,,,,,,,,80x150,,,,,,,,,,,,1786455590,,,,,,,,,,,,102665,,,,,,,,,,,,,,,,,,,
45980,variation,56909486,,D-sign Rug 1D1014 Black - 120x170,1,0,hidden,,D-sign Rug 1D1014 Black 120x170 cm,,,taxable,parent,0,0,,0,0,,170,120,1,0,,,1700,,,,,,,56909480-H,,,,,,2,,,Size,120x170,,1,,,,,,,,,,,,,,,,,,,,,,,,,,,,,,,,,,,,,120x170,,,,,,,,,,,,1786455591,,,,,,,,,,,,102666,,,,,,,,,,,,,,,,,,,
45981,variation,56909488,,D-sign Rug 1D1014 Black - 160x230,1,0,hidden,,D-sign Rug 1D1014 Black 160x230 cm,,,taxable,parent,0,0,,0,0,,230,160,1,0,,,2780,,,,,,,56909480-H,,,,,,3,,,Size,160x230,,1,,,,,,,,,,,,,,,,,,,,,,,,,,,,,,,,,,,,,160x230,,,,,,,,,,,,,,,,,,,,,,,,102667,,,,,,,,,,,,,,,,,,,
45982,variation,56909484,,D-sign Rug 1D1014 Black - 200x290,1,0,hidden,,D-sign Rug 1D1014 Black 200x290 cm,,,taxable,parent,0,0,,0,0,,290,200,1,0,,,4188,,,,,,,56909480-H,,,,,,4,,,Size,200x290,,1,,,,,,,,,,,,,,,,,,,,,,,,,,,,,,,,,,,,,200x290,,,,,,,,,,,,,,,,,,,,,,,,102668,,,,,,,,,,,,,,,,,,,
45989,variation,56909490,,D-sign Rug 1D1016 Grey - 80x150,1,0,hidden,,D-sign Rug 1D1016 Grey 80x150 cm,,,taxable,parent,0,0,,0,0,,150,80,0.9,0,,,900,,,,,,,56909490-H,,,,,,1,,,Size,80x150,,1,,,,,,,,,,,,,,,,,,,,,,,,,,,,,,,,,,,,,80x150,,,,,,,,,,,,1786455592,,,,,,,,,,,,102692,,,,,,,,,,,,,,,,,,,
45990,variation,56913900,,D-sign Rug 1D1016 Grey - 120x170,1,0,hidden,,D-sign Rug 1D1016 Grey 120x170 cm,,,taxable,parent,0,0,,0,0,,170,120,0.9,0,,,1236,,,,,,,56909490-H,,,,,,2,,,Size,120x170,,1,,,,,,,,,,,,,,,,,,,,,,,,,,,,,,,,,,,,,120x170,,,,,,,,,,,,1786456760,,,,,,,,,,,,102689,,,,,,,,,,,,,,,,,,,
45996,variation,56909487,,D-sign Rug 1D1017 Grey - 80x150,1,0,hidden,,D-sign Rug 1D1017 Grey 80x150 cm,,,taxable,parent,0,0,,0,0,,150,80,0.9,0,,,900,,,,,,,56909487-H,,,,,,1,,,Size,80x150,,1,,,,,,,,,,,,,,,,,,,,,,,,,,,,,,,,,,,,,80x150,,,,,,,,,,,,1786455591,,,,,,,,,,,,102694,,,,,,,,,,,,,,,,,,,
45997,variation,56913897,,D-sign Rug 1D1017 Grey - 120x170,1,0,hidden,,D-sign Rug 1D1017 Grey 120x170 cm,,,taxable,parent,0,0,,0,0,,170,120,0.9,0,,,1236,,,,,,,56909487-H,,,,,,2,,,Size,120x170,,1,,,,,,,,,,,,,,,,,,,,,,,,,,,,,,,,,,,,,120x170,,,,,,,,,,,,,,,,,,,,,,,,102693,,,,,,,,,,,,,,,,,,,
46005,variation,56909489,,D-sign Rug 1D1018 Grey - 120x170,1,0,hidden,,D-sign Rug 1D1018 Grey 120x170 cm,,,taxable,parent,0,0,,0,0,,170,120,0.9,0,,,1236,,,,,,,56909489-H,,,,,,1,,,Size,120x170,,1,,,,,,,,,,,,,,,,,,,,,,,,,,,,,,,,,,,,,120x170,,,,,,,,,,,,1786455591,,,,,,,,,,,,102695,,,,,,,,,,,,,,,,,,,
46006,variation,56913899,,D-sign Rug 1D1018 Grey - 140x200,1,0,hidden,,D-sign Rug 1D1018 Grey 140x200 cm,,,taxable,parent,0,0,,0,0,,200,140,0.9,0,,,1516,,,,,,,56909489-H,,,,,,2,,,Size,140x200,,1,,,,,,,,,,,,,,,,,,,,,,,,,,,,,,,,,,,,,140x200,,,,,,,,,,,,,,,,,,,,,,,,102697,,,,,,,,,,,,,,,,,,,
46012,variation,56909485,,D-sign Rug 1D1015 Purple - 80x150,1,0,hidden,,D-sign Rug 1D1015 Purple 80x150 cm,,,taxable,parent,0,0,,0,0,,150,80,1,0,,,1188,,,,,,,56909485-H,,,,,,1,,,Size,80x150,,1,,,,,,,,,,,,,,,,,,,,,,,,,,,,,,,,,,,,,80x150,,,,,,,,,,,,1786455590,,,,,,,,,,,,102736,,,,,,,,,,,,,,,,,,,
46013,variation,56913876,,D-sign Rug 1D1015 Purple - 120x170,1,0,hidden,,D-sign Rug 1D1015 Purple 120x170 cm,,,taxable,parent,0,0,,0,0,,170,120,1,0,,,1700,,,,,,,56909485-H,,,,,,2,,,Size,120x170,,1,,,,,,,,,,,,,,,,,,,,,,,,,,,,,,,,,,,,,120x170,,,,,,,,,,,,1786456759,,,,,,,,,,,,102737,,,,,,,,,,,,,,,,,,,
46138,variable,56909527-H,,D-sign Rug 1D1033 Black,1,0,hidden,D-sign Rug 1D1033 Black ,D-sign Rug 1D1033 Black ,,,taxable,,0,,,0,0,,,,,1,,,,"Rooms > Entrance & Corridor, Rugs, Rugs > Traditional",,,"https://rugshop.eu/wp-content/uploads/2021/10/carpet-runner-royal-adr-design-1745-black-for-the-corridor-hallway.jpg, https://rugshop.eu/wp-content/uploads/2021/10/carpet-runner-royal-adr-design-1745-black-for-the-corridor-hallway-1.jpg, https://rugshop.eu/wp-content/uploads/2021/10/carpet-runner-royal-adr-design-1745-black-for-the-corridor-hallway-2.jpg, https://rugshop.eu/wp-content/uploads/2021/10/carpet-runner-royal-adr-design-1745-black-for-the-corridor-hallway-3.jpg",,,,,,,,,1441,,,Size,"60x200, 60x250, 60x300, 70x200, 70x250, 70x300, 80x200, 80x250, 80x300",1,1,Brand,D-sign,1,1,Color,Black-Grey,1,1,Type of color,Multicolor,1,1,Shape,Runner,1,1,Material,Polypropen,1,1,Type of rug,Traditional,1,1,Weave,Machinemade,1,1,Age,New,1,1,,,,,,,,,,,,,,,,,1786456782,yes,yes,,,,,,,,,,,,,,,,,,,,,,,,,,,,,
46139,variable,56909532-H,,D-sign Rug 1D1034 Brown,1,0,hidden,D-sign Rug 1D1034 Brown ,D-sign Rug 1D1034 Brown ,,,taxable,,0,,,0,0,,,,,1,,,,"Rooms > Entrance & Corridor, Rugs, Rugs > Traditional",,,"https://rugshop.eu/wp-content/uploads/2021/10/carpet-runner-royal-adr-design-1745-brown-for-the-corridor-hallway.jpg, https://rugshop.eu/wp-content/uploads/2021/10/carpet-runner-royal-adr-design-1745-brown-for-the-corridor-hallway-1.jpg, https://rugshop.eu/wp-content/uploads/2021/10/carpet-runner-royal-adr-design-1745-brown-for-the-corridor-hallway-2.jpg, https://rugshop.eu/wp-content/uploads/2021/10/carpet-runner-royal-adr-design-1745-brown-for-the-corridor-hallway-3.jpg",,,,,,,,,1442,,,Size,"60x200, 60x250, 60x300, 70x200, 70x250, 70x300, 80x200, 80x250, 80x300",1,1,Brand,D-sign,1,1,Color,Yellow-Brown,1,1,Type of color,Multicolor,1,1,Shape,Runner,1,1,Material,Polypropen,1,1,Type of rug,Traditional,1,1,Weave,Machinemade,1,1,Age,New,1,1,,,,,,,,,,,,,,,,,1786456785,yes,yes,,,,,,,,,,,,,,,,,,,,,,,,,,,,,
46159,variable,56909528-H,,D-sign Rug 1D1035 Green,1,0,hidden,D-sign Rug 1D1035 Green ,D-sign Rug 1D1035 Green ,,,taxable,,0,,,0,0,,,,,1,,,,"Rooms > Entrance & Corridor, Rugs, Rugs > Traditional",,,"https://rugshop.eu/wp-content/uploads/2021/10/carpet-runner-royal-adr-design-1745-green-for-the-corridor-hallway.jpg, https://rugshop.eu/wp-content/uploads/2021/10/carpet-runner-royal-adr-design-1745-green-for-the-corridor-hallway-1.jpg, https://rugshop.eu/wp-content/uploads/2021/10/carpet-runner-royal-adr-design-1745-green-for-the-corridor-hallway-2.jpg, https://rugshop.eu/wp-content/uploads/2021/10/carpet-runner-royal-adr-design-1745-green-for-the-corridor-hallway-3.jpg",,,,,,,,,1443,,,Size,"60x200, 60x250, 60x300, 70x200, 70x250, 70x300, 80x200, 80x250, 80x300",1,1,Brand,D-sign,1,1,Color,Green,1,1,Type of color,Multicolor,1,1,Shape,Runner,1,1,Material,Polypropen,1,1,Type of rug,Traditional,1,1,Weave,Machinemade,1,1,Age,New,1,1,,,,,,,,,,,,,,,,,1786456784,yes,yes,,,,,,,,,,,,,,,,,,,,,,,,,,,,,
46174,variable,56909539-H,,D-sign Rug 1D1036 Burgundy,1,0,hidden,D-sign Rug 1D1036 Burgundy ,D-sign Rug 1D1036 Burgundy ,,,taxable,,0,,,0,0,,,,,1,,,,"Rooms > Entrance & Corridor, Rugs, Rugs > Traditional",,,"https://rugshop.eu/wp-content/uploads/2021/10/carpet-runner-royal-adr-design-1745-claret-for-the-corridor-hallway.jpg, https://rugshop.eu/wp-content/uploads/2021/10/carpet-runner-royal-adr-design-1745-claret-for-the-corridor-hallway-1.jpg, https://rugshop.eu/wp-content/uploads/2021/10/carpet-runner-royal-adr-design-1745-claret-for-the-corridor-hallway-2.jpg, https://rugshop.eu/wp-content/uploads/2021/10/carpet-runner-royal-adr-design-1745-claret-for-the-corridor-hallway-3.jpg",,,,,,,,,1444,,,Size,"60x200, 60x250, 60x300, 70x200, 70x250, 70x300, 80x200, 80x250, 80x300",1,1,Brand,D-sign,1,1,Color,Red,1,1,Type of color,Multicolor,1,1,Shape,Runner,1,1,Material,Polypropen,1,1,Type of rug,Traditional,1,1,Weave,Machinemade,1,1,Age,New,1,1,,,,,,,,,,,,,,,,,1786456804,yes,yes,,,,,,,,,,,,,,,,,,,,,,,,,,,,,
46175,variation,56909527,,D-sign Rug 1D1033 Black - 60x200,1,0,hidden,,D-sign Rug 1D1033 Black 60x200 cm,,,taxable,parent,0,0,,0,0,,200,60,1.5,0,,,900,,,,,,,56909527-H,,,,,,1,,,Size,60x200,,1,,,,,,,,,,,,,,,,,,,,,,,,,,,,,,,,,,,,,60x200,,,,,,,,,,,,1786455592,,,,,,,,,,,,102950,,,,,,,,,,,,,,,,,,,
46176,variation,56913980,,D-sign Rug 1D1033 Black - 60x250,1,0,hidden,,D-sign Rug 1D1033 Black 60x250 cm,,,taxable,parent,0,0,,0,0,,250,60,1.5,0,,,1028,,,,,,,56909527-H,,,,,,2,,,Size,60x250,,1,,,,,,,,,,,,,,,,,,,,,,,,,,,,,,,,,,,,,60x250,,,,,,,,,,,,1786456760,,,,,,,,,,,,102951,,,,,,,,,,,,,,,,,,,
46177,variation,56913998,,D-sign Rug 1D1033 Black - 60x300,1,0,hidden,,D-sign Rug 1D1033 Black 60x300 cm,,,taxable,parent,0,0,,0,0,,300,60,1.5,0,,,1140,,,,,,,56909527-H,,,,,,3,,,Size,60x300,,1,,,,,,,,,,,,,,,,,,,,,,,,,,,,,,,,,,,,,60x300,,,,,,,,,,,,1786456762,,,,,,,,,,,,102952,,,,,,,,,,,,,,,,,,,
46178,variation,56913982,,D-sign Rug 1D1033 Black - 70x200,1,0,hidden,,D-sign Rug 1D1033 Black 70x200 cm,,,taxable,parent,0,0,,0,0,,200,70,1.5,0,,,996,,,,,,,56909527-H,,,,,,4,,,Size,70x200,,1,,,,,,,,,,,,,,,,,,,,,,,,,,,,,,,,,,,,,70x200,,,,,,,,,,,,1786456761,,,,,,,,,,,,102953,,,,,,,,,,,,,,,,,,,
46179,variation,56913997,,D-sign Rug 1D1033 Black - 70x250,1,0,hidden,,D-sign Rug 1D1033 Black 70x250 cm,,,taxable,parent,0,0,,0,0,,250,70,1.5,0,,,1140,,,,,,,56909527-H,,,,,,5,,,Size,70x250,,1,,,,,,,,,,,,,,,,,,,,,,,,,,,,,,,,,,,,,70x250,,,,,,,,,,,,1786456762,,,,,,,,,,,,102954,,,,,,,,,,,,,,,,,,,
46180,variation,56909531,,D-sign Rug 1D1033 Black - 70x300,1,0,hidden,,D-sign Rug 1D1033 Black 70x300 cm,,,taxable,parent,0,0,,0,0,,300,70,1.5,0,,,1276,,,,,,,56909527-H,,,,,,6,,,Size,70x300,,1,,,,,,,,,,,,,,,,,,,,,,,,,,,,,,,,,,,,,70x300,,,,,,,,,,,,1786455593,,,,,,,,,,,,102955,,,,,,,,,,,,,,,,,,,
46181,variation,56913995,,D-sign Rug 1D1033 Black - 80x200,1,0,hidden,,D-sign Rug 1D1033 Black 80x200 cm,,,taxable,parent,0,0,,0,0,,200,80,1.5,0,,,1092,,,,,,,56909527-H,,,,,,7,,,Size,80x200,,1,,,,,,,,,,,,,,,,,,,,,,,,,,,,,,,,,,,,,80x200,,,,,,,,,,,,1786456761,,,,,,,,,,,,102956,,,,,,,,,,,,,,,,,,,
46182,variation,56909530,,D-sign Rug 1D1033 Black - 80x250,1,0,hidden,,D-sign Rug 1D1033 Black 80x250 cm,,,taxable,parent,0,0,,0,0,,250,80,1.5,0,,,1236,,,,,,,56909527-H,,,,,,8,,,Size,80x250,,1,,,,,,,,,,,,,,,,,,,,,,,,,,,,,,,,,,,,,80x250,,,,,,,,,,,,1786455593,,,,,,,,,,,,102957,,,,,,,,,,,,,,,,,,,
46183,variation,56909533,,D-sign Rug 1D1033 Black - 80x300,1,0,hidden,,D-sign Rug 1D1033 Black 80x300 cm,,,taxable,parent,0,0,,0,0,,300,80,1.5,0,,,1420,,,,,,,56909527-H,,,,,,9,,,Size,80x300,,1,,,,,,,,,,,,,,,,,,,,,,,,,,,,,,,,,,,,,80x300,,,,,,,,,,,,1786455594,,,,,,,,,,,,102958,,,,,,,,,,,,,,,,,,,
46189,variation,56909532,,D-sign Rug 1D1034 Brown - 60x200,1,0,hidden,,D-sign Rug 1D1034 Brown 60x200 cm,,,taxable,parent,0,0,,0,0,,200,60,1.5,0,,,900,,,,,,,56909532-H,,,,,,1,,,Size,60x200,,1,,,,,,,,,,,,,,,,,,,,,,,,,,,,,,,,,,,,,60x200,,,,,,,,,,,,1786455594,,,,,,,,,,,,102968,,,,,,,,,,,,,,,,,,,
46190,variation,56914021,,D-sign Rug 1D1034 Brown - 60x250,1,0,hidden,,D-sign Rug 1D1034 Brown 60x250 cm,,,taxable,parent,0,0,,0,0,,250,60,1.5,0,,,1028,,,,,,,56909532-H,,,,,,2,,,Size,60x250,,1,,,,,,,,,,,,,,,,,,,,,,,,,,,,,,,,,,,,,60x250,,,,,,,,,,,,1786456766,,,,,,,,,,,,102969,,,,,,,,,,,,,,,,,,,
46191,variation,56914024,,D-sign Rug 1D1034 Brown - 60x300,1,0,hidden,,D-sign Rug 1D1034 Brown 60x300 cm,,,taxable,parent,0,0,,0,0,,300,60,1.5,0,,,1140,,,,,,,56909532-H,,,,,,3,,,Size,60x300,,1,,,,,,,,,,,,,,,,,,,,,,,,,,,,,,,,,,,,,60x300,,,,,,,,,,,,1786456766,,,,,,,,,,,,102970,,,,,,,,,,,,,,,,,,,
46192,variation,56914020,,D-sign Rug 1D1034 Brown - 70x200,1,0,hidden,,D-sign Rug 1D1034 Brown 70x200 cm,,,taxable,parent,0,0,,0,0,,200,70,1.5,0,,,996,,,,,,,56909532-H,,,,,,4,,,Size,70x200,,1,,,,,,,,,,,,,,,,,,,,,,,,,,,,,,,,,,,,,70x200,,,,,,,,,,,,1786456765,,,,,,,,,,,,102971,,,,,,,,,,,,,,,,,,,
46193,variation,56914016,,D-sign Rug 1D1034 Brown - 70x250,1,0,hidden,,D-sign Rug 1D1034 Brown 70x250 cm,,,taxable,parent,0,0,,0,0,,250,70,1.5,0,,,1140,,,,,,,56909532-H,,,,,,5,,,Size,70x250,,1,,,,,,,,,,,,,,,,,,,,,,,,,,,,,,,,,,,,,70x250,,,,,,,,,,,,1786456764,,,,,,,,,,,,102972,,,,,,,,,,,,,,,,,,,
46194,variation,56914019,,D-sign Rug 1D1034 Brown - 70x300,1,0,hidden,,D-sign Rug 1D1034 Brown 70x300 cm,,,taxable,parent,0,0,,0,0,,300,70,1.5,0,,,1276,,,,,,,56909532-H,,,,,,6,,,Size,70x300,,1,,,,,,,,,,,,,,,,,,,,,,,,,,,,,,,,,,,,,70x300,,,,,,,,,,,,1786456765,,,,,,,,,,,,102973,,,,,,,,,,,,,,,,,,,
46195,variation,56914023,,D-sign Rug 1D1034 Brown - 80x200,1,0,hidden,,D-sign Rug 1D1034 Brown 80x200 cm,,,taxable,parent,0,0,,0,0,,200,80,1.5,0,,,1092,,,,,,,56909532-H,,,,,,7,,,Size,80x200,,1,,,,,,,,,,,,,,,,,,,,,,,,,,,,,,,,,,,,,80x200,,,,,,,,,,,,1786456766,,,,,,,,,,,,102974,,,,,,,,,,,,,,,,,,,
46196,variation,56914003,,D-sign Rug 1D1034 Brown - 80x250,1,0,hidden,,D-sign Rug 1D1034 Brown 80x250 cm,,,taxable,parent,0,0,,0,0,,250,80,1.5,0,,,1236,,,,,,,56909532-H,,,,,,8,,,Size,80x250,,1,,,,,,,,,,,,,,,,,,,,,,,,,,,,,,,,,,,,,80x250,,,,,,,,,,,,1786456764,,,,,,,,,,,,102975,,,,,,,,,,,,,,,,,,,
46197,variation,56914015,,D-sign Rug 1D1034 Brown - 80x300,1,0,hidden,,D-sign Rug 1D1034 Brown 80x300 cm,,,taxable,parent,0,0,,0,0,,300,80,1.5,0,,,1420,,,,,,,56909532-H,,,,,,9,,,Size,80x300,,1,,,,,,,,,,,,,,,,,,,,,,,,,,,,,,,,,,,,,80x300,,,,,,,,,,,,1786456764,,,,,,,,,,,,102976,,,,,,,,,,,,,,,,,,,
46203,variable,56909535-H,,D-sign Rug 1D1037 Brown,1,0,hidden,D-sign Rug 1D1037 Brown ,D-sign Rug 1D1037 Brown ,,,taxable,,0,,,0,0,,,,,1,,,,"Rooms > Entrance & Corridor, Rugs, Rugs > Traditional",,,"https://rugshop.eu/wp-content/uploads/2021/10/carpet-runner-royal-adr-design-1745-caramel-for-the-corridor-hallway.jpg, https://rugshop.eu/wp-content/uploads/2021/10/carpet-runner-royal-adr-design-1745-caramel-for-the-corridor-hallway-1.jpg, https://rugshop.eu/wp-content/uploads/2021/10/carpet-runner-royal-adr-design-1745-caramel-for-the-corridor-hallway-2.jpg, https://rugshop.eu/wp-content/uploads/2021/10/carpet-runner-royal-adr-design-1745-caramel-for-the-corridor-hallway-3.jpg",,,,,,,,,1445,,,Size,"60x200, 60x250, 60x300, 70x200, 70x250, 70x300, 80x200, 80x250, 80x300",1,1,Brand,D-sign,1,1,Color,Yellow-Brown,1,1,Type of color,Multicolor,1,1,Shape,Runner,1,1,Material,Polypropen,1,1,Type of rug,Traditional,1,1,Weave,Machinemade,1,1,Age,New,1,1,,,,,,,,,,,,,,,,,1786456801,yes,yes,,,,,,,,,,,,,,,,,,,,,,,,,,,,,
46204,variable,56909536-H,,D-sign Rug 1D1038 Black,1,0,hidden,D-sign Rug 1D1038 Black ,D-sign Rug 1D1038 Black ,,,taxable,,0,,,0,0,,,,,1,,,,"Rooms > Bedroom, Rooms > Living room, Rugs, Rugs > Traditional",,,"https://rugshop.eu/wp-content/uploads/2021/10/carpet-royal-adr-oval-design-1745-black.jpg, https://rugshop.eu/wp-content/uploads/2021/10/carpet-royal-adr-oval-design-1745-black-1.jpg, https://rugshop.eu/wp-content/uploads/2021/10/carpet-royal-adr-oval-design-1745-black-2.jpg, https://rugshop.eu/wp-content/uploads/2021/10/carpet-royal-adr-oval-design-1745-black-3.jpg",,,,,,,,,1446,,,Size,"100x180, 150x250, 200x290",1,1,Brand,D-sign,1,1,Color,Black-Grey,1,1,Type of color,Multicolor,1,1,Shape,Other,1,1,Material,Polypropen,1,1,Type of rug,Traditional,1,1,Weave,Machinemade,1,1,Age,New,1,1,,,,,,,,,,,,,,,,,1786455634,yes,yes,,,,,,,,,,,,,,,,,,,,,,,,,,,,,
46205,variation,56909528,,D-sign Rug 1D1035 Green - 60x200,1,0,hidden,,D-sign Rug 1D1035 Green 60x200 cm,,,taxable,parent,0,0,,0,0,,200,60,1.5,0,,504,900,,,,,,,56909528-H,,,,,,1,,,Size,60x200,,1,,,,,,,,,,,,,,,,,,,,,,,,,,,,,,,,,,,,,60x200,,,,,,,,,,,,1786455593,,,,,,,,,,,,102986,,,,,,,,,,,,,,,,,,,
46206,variation,56914001,,D-sign Rug 1D1035 Green - 60x250,1,0,hidden,,D-sign Rug 1D1035 Green 60x250 cm,,,taxable,parent,0,0,,0,0,,250,60,1.5,0,,572,1028,,,,,,,56909528-H,,,,,,2,,,Size,60x250,,1,,,,,,,,,,,,,,,,,,,,,,,,,,,,,,,,,,,,,60x250,,,,,,,,,,,,1786456763,,,,,,,,,,,,102987,,,,,,,,,,,,,,,,,,,
46207,variation,56914018,,D-sign Rug 1D1035 Green - 60x300,1,0,hidden,,D-sign Rug 1D1035 Green 60x300 cm,,,taxable,parent,0,0,,0,0,,300,60,1.5,0,,"634,4",1140,,,,,,,56909528-H,,,,,,3,,,Size,60x300,,1,,,,,,,,,,,,,,,,,,,,,,,,,,,,,,,,,,,,,60x300,,,,,,,,,,,,1786456765,,,,,,,,,,,,102988,,,,,,,,,,,,,,,,,,,
46208,variation,56914022,,D-sign Rug 1D1035 Green - 70x200,1,0,hidden,,D-sign Rug 1D1035 Green 70x200 cm,,,taxable,parent,0,0,,0,0,,200,70,1.5,0,,"556,8",996,,,,,,,56909528-H,,,,,,4,,,Size,70x200,,1,,,,,,,,,,,,,,,,,,,,,,,,,,,,,,,,,,,,,70x200,,,,,,,,,,,,1786456766,,,,,,,,,,,,102989,,,,,,,,,,,,,,,,,,,
46209,variation,56913999,,D-sign Rug 1D1035 Green - 70x250,1,0,hidden,,D-sign Rug 1D1035 Green 70x250 cm,,,taxable,parent,0,0,,0,0,,250,70,1.5,0,,"634,4",1140,,,,,,,56909528-H,,,,,,5,,,Size,70x250,,1,,,,,,,,,,,,,,,,,,,,,,,,,,,,,,,,,,,,,70x250,,,,,,,,,,,,1786456762,,,,,,,,,,,,102990,,,,,,,,,,,,,,,,,,,
46210,variation,56914002,,D-sign Rug 1D1035 Green - 70x300,1,0,hidden,,D-sign Rug 1D1035 Green 70x300 cm,,,taxable,parent,0,0,,0,0,,300,70,1.5,0,,"712,8",1276,,,,,,,56909528-H,,,,,,6,,,Size,70x300,,1,,,,,,,,,,,,,,,,,,,,,,,,,,,,,,,,,,,,,70x300,,,,,,,,,,,,1786456764,,,,,,,,,,,,102991,,,,,,,,,,,,,,,,,,,
46211,variation,56914000,,D-sign Rug 1D1035 Green - 80x200,1,0,hidden,,D-sign Rug 1D1035 Green 80x200 cm,,,taxable,parent,0,0,,0,0,,200,80,1.5,0,,"608,8",1092,,,,,,,56909528-H,,,,,,7,,,Size,80x200,,1,,,,,,,,,,,,,,,,,,,,,,,,,,,,,,,,,,,,,80x200,,,,,,,,,,,,1786456763,,,,,,,,,,,,102992,,,,,,,,,,,,,,,,,,,
46212,variation,56913994,,D-sign Rug 1D1035 Green - 80x250,1,0,hidden,,D-sign Rug 1D1035 Green 80x250 cm,,,taxable,parent,0,0,,0,0,,250,80,1.5,0,,"687,2",1236,,,,,,,56909528-H,,,,,,8,,,Size,80x250,,1,,,,,,,,,,,,,,,,,,,,,,,,,,,,,,,,,,,,,80x250,,,,,,,,,,,,1786456761,,,,,,,,,,,,102993,,,,,,,,,,,,,,,,,,,
46213,variation,56909540,,D-sign Rug 1D1035 Green - 80x300,1,0,hidden,,D-sign Rug 1D1035 Green 80x300 cm,,,taxable,parent,0,0,,0,0,,300,80,1.5,0,,"791,2",1420,,,,,,,56909528-H,,,,,,9,,,Size,80x300,,1,,,,,,,,,,,,,,,,,,,,,,,,,,,,,,,,,,,,,80x300,,,,,,,,,,,,1786455595,,,,,,,,,,,,102994,,,,,,,,,,,,,,,,,,,
46219,variation,56909539,,D-sign Rug 1D1036 Burgundy - 60x200,1,0,hidden,,D-sign Rug 1D1036 Burgundy 60x200 cm,,,taxable,parent,0,0,,0,0,,200,60,1.5,0,,504,900,,,,,,,56909539-H,,,,,,1,,,Size,60x200,,1,,,,,,,,,,,,,,,,,,,,,,,,,,,,,,,,,,,,,60x200,,,,,,,,,,,,1786455595,,,,,,,,,,,,103004,,,,,,,,,,,,,,,,,,,
46220,variation,56914071,,D-sign Rug 1D1036 Burgundy - 60x250,1,0,hidden,,D-sign Rug 1D1036 Burgundy 60x250 cm,,,taxable,parent,0,0,,0,0,,250,60,1.5,0,,572,1028,,,,,,,56909539-H,,,,,,2,,,Size,60x250,,1,,,,,,,,,,,,,,,,,,,,,,,,,,,,,,,,,,,,,60x250,,,,,,,,,,,,1786456794,,,,,,,,,,,,103005,,,,,,,,,,,,,,,,,,,
46221,variation,56914050,,D-sign Rug 1D1036 Burgundy - 60x300,1,0,hidden,,D-sign Rug 1D1036 Burgundy 60x300 cm,,,taxable,parent,0,0,,0,0,,300,60,1.5,0,,"634,4",1140,,,,,,,56909539-H,,,,,,3,,,Size,60x300,,1,,,,,,,,,,,,,,,,,,,,,,,,,,,,,,,,,,,,,60x300,,,,,,,,,,,,1786456790,,,,,,,,,,,,103006,,,,,,,,,,,,,,,,,,,
46222,variation,56914043,,D-sign Rug 1D1036 Burgundy - 70x200,1,0,hidden,,D-sign Rug 1D1036 Burgundy 70x200 cm,,,taxable,parent,0,0,,0,0,,200,70,1.5,0,,"556,8",996,,,,,,,56909539-H,,,,,,4,,,Size,70x200,,1,,,,,,,,,,,,,,,,,,,,,,,,,,,,,,,,,,,,,70x200,,,,,,,,,,,,1786456767,,,,,,,,,,,,103007,,,,,,,,,,,,,,,,,,,
46223,variation,56914065,,D-sign Rug 1D1036 Burgundy - 70x250,1,0,hidden,,D-sign Rug 1D1036 Burgundy 70x250 cm,,,taxable,parent,0,0,,0,0,,250,70,1.5,0,,"634,4",1140,,,,,,,56909539-H,,,,,,5,,,Size,70x250,,1,,,,,,,,,,,,,,,,,,,,,,,,,,,,,,,,,,,,,70x250,,,,,,,,,,,,1786456792,,,,,,,,,,,,103008,,,,,,,,,,,,,,,,,,,
46224,variation,56914066,,D-sign Rug 1D1036 Burgundy - 70x300,1,0,hidden,,D-sign Rug 1D1036 Burgundy 70x300 cm,,,taxable,parent,0,0,,0,0,,300,70,1.5,0,,"712,8",1276,,,,,,,56909539-H,,,,,,6,,,Size,70x300,,1,,,,,,,,,,,,,,,,,,,,,,,,,,,,,,,,,,,,,70x300,,,,,,,,,,,,1786456792,,,,,,,,,,,,103009,,,,,,,,,,,,,,,,,,,
46225,variation,56914051,,D-sign Rug 1D1036 Burgundy - 80x200,1,0,hidden,,D-sign Rug 1D1036 Burgundy 80x200 cm,,,taxable,parent,0,0,,0,0,,200,80,1.5,0,,"608,8",1092,,,,,,,56909539-H,,,,,,7,,,Size,80x200,,1,,,,,,,,,,,,,,,,,,,,,,,,,,,,,,,,,,,,,80x200,,,,,,,,,,,,1786456791,,,,,,,,,,,,103010,,,,,,,,,,,,,,,,,,,
46226,variation,56914062,,D-sign Rug 1D1036 Burgundy - 80x250,1,0,hidden,,D-sign Rug 1D1036 Burgundy 80x250 cm,,,taxable,parent,0,0,,0,0,,250,80,1.5,0,,"687,2",1236,,,,,,,56909539-H,,,,,,8,,,Size,80x250,,1,,,,,,,,,,,,,,,,,,,,,,,,,,,,,,,,,,,,,80x250,,,,,,,,,,,,,,,,,,,,,,,,103011,,,,,,,,,,,,,,,,,,,
46227,variation,56914067,,D-sign Rug 1D1036 Burgundy - 80x300,1,0,hidden,,D-sign Rug 1D1036 Burgundy 80x300 cm,,,taxable,parent,0,0,,0,0,,300,80,1.5,0,,"791,2",1420,,,,,,,56909539-H,,,,,,9,,,Size,80x300,,1,,,,,,,,,,,,,,,,,,,,,,,,,,,,,,,,,,,,,80x300,,,,,,,,,,,,,,,,,,,,,,,,103012,,,,,,,,,,,,,,,,,,,
46233,variable,56909541-H,,D-sign Rug 1D1039 Brown,1,0,hidden,D-sign Rug 1D1039 Brown ,D-sign Rug 1D1039 Brown ,,,taxable,,0,,,0,0,,,,,1,,,,"Rooms > Bedroom, Rooms > Living room, Rugs, Rugs > Traditional",,,"https://rugshop.eu/wp-content/uploads/2021/10/carpet-royal-adr-oval-design-1745-brown.jpg, https://rugshop.eu/wp-content/uploads/2021/10/carpet-royal-adr-oval-design-1745-brown-1.jpg, https://rugshop.eu/wp-content/uploads/2021/10/carpet-royal-adr-oval-design-1745-brown-2.jpg, https://rugshop.eu/wp-content/uploads/2021/10/carpet-royal-adr-oval-design-1745-brown-3.jpg",,,,,,,,,1447,,,Size,"100x180, 150x250, 200x290",1,1,Brand,D-sign,1,1,Color,Yellow-Brown,1,1,Type of color,Multicolor,1,1,Shape,Other,1,1,Material,Polypropen,1,1,Type of rug,Traditional,1,1,Weave,Machinemade,1,1,Age,New,1,1,,,,,,,,,,,,,,,,,1786456813,yes,yes,,,,,,,,,,,,,,,,,,,,,,,,,,,,,
46234,variable,56909544-H,,D-sign Rug 1D1040 Brown,1,0,hidden,D-sign Rug 1D1040 Brown ,D-sign Rug 1D1040 Brown ,,,taxable,,0,,,0,0,,,,,1,,,,"Rooms > Bedroom, Rooms > Living room, Rugs, Rugs > Traditional",,,"https://rugshop.eu/wp-content/uploads/2021/10/carpet-royal-adr-oval-design-1745-caramel.jpg, https://rugshop.eu/wp-content/uploads/2021/10/carpet-royal-adr-oval-design-1745-caramel-1.jpg, https://rugshop.eu/wp-content/uploads/2021/10/carpet-royal-adr-oval-design-1745-caramel-2.jpg, https://rugshop.eu/wp-content/uploads/2021/10/carpet-royal-adr-oval-design-1745-caramel-3.jpg",,,,,,,,,1448,,,Size,"100x180, 150x250, 200x290",1,1,Brand,D-sign,1,1,Color,Yellow-Brown,1,1,Type of color,Multicolor,1,1,Shape,Other,1,1,Material,Polypropen,1,1,Type of rug,Traditional,1,1,Weave,Machinemade,1,1,Age,New,1,1,,,,,,,,,,,,,,,,,1786456808,yes,yes,,,,,,,,,,,,,,,,,,,,,,,,,,,,,
46235,variable,56909543-H,,D-sign Rug 1D1041 Green,1,0,hidden,D-sign Rug 1D1041 Green ,D-sign Rug 1D1041 Green ,,,taxable,,0,,,0,0,,,,,1,,,,"Rooms > Bedroom, Rooms > Living room, Rugs, Rugs > Traditional",,,"https://rugshop.eu/wp-content/uploads/2021/10/carpet-royal-adr-oval-design-1745-green.jpg, https://rugshop.eu/wp-content/uploads/2021/10/carpet-royal-adr-oval-design-1745-green-1.jpg, https://rugshop.eu/wp-content/uploads/2021/10/carpet-royal-adr-oval-design-1745-green-2.jpg, https://rugshop.eu/wp-content/uploads/2021/10/carpet-royal-adr-oval-design-1745-green-3.jpg",,,,,,,,,1449,,,Size,"100x180, 150x250, 200x290",1,1,Brand,D-sign,1,1,Color,Green,1,1,Type of color,Multicolor,1,1,Shape,Other,1,1,Material,Polypropen,1,1,Type of rug,Traditional,1,1,Weave,Machinemade,1,1,Age,New,1,1,,,,,,,,,,,,,,,,,1786456810,yes,yes,,,,,,,,,,,,,,,,,,,,,,,,,,,,,
46236,variable,56909548-H,,D-sign Rug 1D1042 Burgundy,1,0,hidden,D-sign Rug 1D1042 Burgundy ,D-sign Rug 1D1042 Burgundy ,,,taxable,,0,,,0,0,,,,,1,,,,"Rooms > Bedroom, Rooms > Living room, Rugs, Rugs > Traditional",,,"https://rugshop.eu/wp-content/uploads/2021/10/carpet-royal-adr-oval-design-1745-claret.jpg, https://rugshop.eu/wp-content/uploads/2021/10/carpet-royal-adr-oval-design-1745-claret-1.jpg, https://rugshop.eu/wp-content/uploads/2021/10/carpet-royal-adr-oval-design-1745-claret-2.jpg, https://rugshop.eu/wp-content/uploads/2021/10/carpet-royal-adr-oval-design-1745-claret-3.jpg",,,,,,,,,1450,,,Size,"100x180, 150x250, 200x290",1,1,Brand,D-sign,1,1,Color,Red,1,1,Type of color,Multicolor,1,1,Shape,Other,1,1,Material,Polypropen,1,1,Type of rug,Traditional,1,1,Weave,Machinemade,1,1,Age,New,1,1,,,,,,,,,,,,,,,,,1786456817,yes,yes,,,,,,,,,,,,,,,,,,,,,,,,,,,,,
46237,variable,56909549-H,,D-sign Rug 1D1043 Black,1,0,hidden,D-sign Rug 1D1043 Black ,D-sign Rug 1D1043 Black ,,,taxable,,0,,,0,0,,,,,1,,,,"Rooms > Bedroom, Rooms > Living room, Rugs, Rugs > Traditional",,,"https://rugshop.eu/wp-content/uploads/2021/10/carpet-royal-adr-oval-design-521-black.jpg, https://rugshop.eu/wp-content/uploads/2021/10/carpet-royal-adr-oval-design-521-black-1.jpg, https://rugshop.eu/wp-content/uploads/2021/10/carpet-royal-adr-oval-design-521-black-2.jpg, https://rugshop.eu/wp-content/uploads/2021/10/carpet-royal-adr-oval-design-521-black-3.jpg",,,,,,,,,1451,,,Size,"100x180, 150x250, 200x290",1,1,Brand,D-sign,1,1,Color,Black-Grey,1,1,Type of color,Multicolor,1,1,Shape,Other,1,1,Material,Polypropen,1,1,Type of rug,Traditional,1,1,Weave,Machinemade,1,1,Age,New,1,1,,,,,,,,,,,,,,,,,1786456821,yes,yes,,,,,,,,,,,,,,,,,,,,,,,,,,,,,
46238,variation,56909535,,D-sign Rug 1D1037 Brown - 60x200,1,0,hidden,,D-sign Rug 1D1037 Brown 60x200 cm,,,taxable,parent,0,0,,0,0,,200,60,1.5,0,,504,900,,,,,,,56909535-H,,,,,,1,,,Size,60x200,,1,,,,,,,,,,,,,,,,,,,,,,,,,,,,,,,,,,,,,60x200,,,,,,,,,,,,1786455594,,,,,,,,,,,,103169,,,,,,,,,,,,,,,,,,,
46239,variation,56914042,,D-sign Rug 1D1037 Brown - 60x250,1,0,hidden,,D-sign Rug 1D1037 Brown 60x250 cm,,,taxable,parent,0,0,,0,0,,250,60,1.5,0,,572,1028,,,,,,,56909535-H,,,,,,2,,,Size,60x250,,1,,,,,,,,,,,,,,,,,,,,,,,,,,,,,,,,,,,,,60x250,,,,,,,,,,,,1786456767,,,,,,,,,,,,103170,,,,,,,,,,,,,,,,,,,
46240,variation,56914017,,D-sign Rug 1D1037 Brown - 60x300,1,0,hidden,,D-sign Rug 1D1037 Brown 60x300 cm,,,taxable,parent,0,0,,0,0,,300,60,1.5,0,,"634,4",1140,,,,,,,56909535-H,,,,,,3,,,Size,60x300,,1,,,,,,,,,,,,,,,,,,,,,,,,,,,,,,,,,,,,,60x300,,,,,,,,,,,,1786456765,,,,,,,,,,,,103171,,,,,,,,,,,,,,,,,,,
46241,variation,56914044,,D-sign Rug 1D1037 Brown - 70x200,1,0,hidden,,D-sign Rug 1D1037 Brown 70x200 cm,,,taxable,parent,0,0,,0,0,,200,70,1.5,0,,"556,8",996,,,,,,,56909535-H,,,,,,4,,,Size,70x200,,1,,,,,,,,,,,,,,,,,,,,,,,,,,,,,,,,,,,,,70x200,,,,,,,,,,,,1786456767,,,,,,,,,,,,103172,,,,,,,,,,,,,,,,,,,
46242,variation,56914049,,D-sign Rug 1D1037 Brown - 70x250,1,0,hidden,,D-sign Rug 1D1037 Brown 70x250 cm,,,taxable,parent,0,0,,0,0,,250,70,1.5,0,,"634,4",1140,,,,,,,56909535-H,,,,,,5,,,Size,70x250,,1,,,,,,,,,,,,,,,,,,,,,,,,,,,,,,,,,,,,,70x250,,,,,,,,,,,,1786456790,,,,,,,,,,,,103173,,,,,,,,,,,,,,,,,,,
46243,variation,56914046,,D-sign Rug 1D1037 Brown - 70x300,1,0,hidden,,D-sign Rug 1D1037 Brown 70x300 cm,,,taxable,parent,0,0,,0,0,,300,70,1.5,0,,"712,8",1276,,,,,,,56909535-H,,,,,,6,,,Size,70x300,,1,,,,,,,,,,,,,,,,,,,,,,,,,,,,,,,,,,,,,70x300,,,,,,,,,,,,1786456768,,,,,,,,,,,,103174,,,,,,,,,,,,,,,,,,,
46244,variation,56914048,,D-sign Rug 1D1037 Brown - 80x200,1,0,hidden,,D-sign Rug 1D1037 Brown 80x200 cm,,,taxable,parent,0,0,,0,0,,200,80,1.5,0,,"608,8",1092,,,,,,,56909535-H,,,,,,7,,,Size,80x200,,1,,,,,,,,,,,,,,,,,,,,,,,,,,,,,,,,,,,,,80x200,,,,,,,,,,,,1786456789,,,,,,,,,,,,103175,,,,,,,,,,,,,,,,,,,
46245,variation,56914047,,D-sign Rug 1D1037 Brown - 80x250,1,0,hidden,,D-sign Rug 1D1037 Brown 80x250 cm,,,taxable,parent,0,0,,0,0,,250,80,1.5,0,,"687,2",1236,,,,,,,56909535-H,,,,,,8,,,Size,80x250,,1,,,,,,,,,,,,,,,,,,,,,,,,,,,,,,,,,,,,,80x250,,,,,,,,,,,,1786456789,,,,,,,,,,,,103176,,,,,,,,,,,,,,,,,,,
46246,variation,56914045,,D-sign Rug 1D1037 Brown - 80x300,1,0,hidden,,D-sign Rug 1D1037 Brown 80x300 cm,,,taxable,parent,0,0,,0,0,,300,80,1.5,0,,"791,2",1420,,,,,,,56909535-H,,,,,,9,,,Size,80x300,,1,,,,,,,,,,,,,,,,,,,,,,,,,,,,,,,,,,,,,80x300,,,,,,,,,,,,1786456768,,,,,,,,,,,,103177,,,,,,,,,,,,,,,,,,,
46252,variation,56909536,,D-sign Rug 1D1038 Black - 100x180,1,0,hidden,,D-sign Rug 1D1038 Black 100x180 cm,,,taxable,parent,0,0,,0,0,,180,100,1.5,0,,"634,4",1140,,,,,,,56909536-H,,,,,,1,,,Size,100x180,,1,,,,,,,,,,,,,,,,,,,,,,,,,,,,,,,,,,,,,100x180,,,,,,,,,,,,1786455594,,,,,,,,,,,,103187,,,,,,,,,,,,,,,,,,,
46253,variation,56909542,,D-sign Rug 1D1038 Black - 150x250,1,0,hidden,,D-sign Rug 1D1038 Black 150x250 cm,,,taxable,parent,0,0,,0,0,,250,150,1.5,0,,1104,1980,,,,,,,56909536-H,,,,,,2,,,Size,150x250,,1,,,,,,,,,,,,,,,,,,,,,,,,,,,,,,,,,,,,,150x250,,,,,,,,,,,,1786455596,,,,,,,,,,,,103188,,,,,,,,,,,,,,,,,,,
46254,variation,56909545,,D-sign Rug 1D1038 Black - 200x290,1,0,hidden,,D-sign Rug 1D1038 Black 200x290 cm,,,taxable,parent,0,0,,0,0,,290,200,1.5,0,,"1628,8",2924,,,,,,,56909536-H,,,,,,3,,,Size,200x290,,1,,,,,,,,,,,,,,,,,,,,,,,,,,,,,,,,,,,,,200x290,,,,,,,,,,,,1786455596,,,,,,,,,,,,103189,,,,,,,,,,,,,,,,,,,
46260,variable,56909546-H,,D-sign Rug 1D1044 Brown,1,0,hidden,D-sign Rug 1D1044 Brown ,D-sign Rug 1D1044 Brown ,,,taxable,,0,,,0,0,,,,,1,,,,"Rooms > Bedroom, Rooms > Living room, Rugs, Rugs > Traditional",,,"https://rugshop.eu/wp-content/uploads/2021/10/carpet-royal-adr-oval-design-521-brown.jpg, https://rugshop.eu/wp-content/uploads/2021/10/carpet-royal-adr-oval-design-521-brown-1.jpg, https://rugshop.eu/wp-content/uploads/2021/10/carpet-royal-adr-oval-design-521-brown-2.jpg, https://rugshop.eu/wp-content/uploads/2021/10/carpet-royal-adr-oval-design-521-brown-3.jpg",,,,,,,,,1452,,,Size,"100x180, 150x250, 200x290",1,1,Brand,D-sign,1,1,Color,Yellow-Brown,1,1,Type of color,Multicolor,1,1,Shape,Other,1,1,Material,Polypropen,1,1,Type of rug,Traditional,1,1,Weave,Machinemade,1,1,Age,New,1,1,,,,,,,,,,,,,,,,,1786456815,yes,yes,,,,,,,,,,,,,,,,,,,,,,,,,,,,,
46261,variable,56909552-H,,D-sign Rug 1D1045 Brown,1,0,hidden,D-sign Rug 1D1045 Brown ,D-sign Rug 1D1045 Brown ,,,taxable,,0,,,0,0,,,,,1,,,,"Rooms > Bedroom, Rooms > Living room, Rugs, Rugs > Traditional",,,"https://rugshop.eu/wp-content/uploads/2021/10/carpet-royal-adr-oval-design-521-caramel.jpg, https://rugshop.eu/wp-content/uploads/2021/10/carpet-royal-adr-oval-design-521-caramel-1.jpg, https://rugshop.eu/wp-content/uploads/2021/10/carpet-royal-adr-oval-design-521-caramel-2.jpg, https://rugshop.eu/wp-content/uploads/2021/10/carpet-royal-adr-oval-design-521-caramel-3.jpg",,,,,,,,,1453,,,Size,"100x180, 150x250, 200x290",1,1,Brand,D-sign,1,1,Color,Yellow-Brown,1,1,Type of color,Multicolor,1,1,Shape,Other,1,1,Material,Polypropen,1,1,Type of rug,Traditional,1,1,Weave,Machinemade,1,1,Age,New,1,1,,,,,,,,,,,,,,,,,1786456823,yes,yes,,,,,,,,,,,,,,,,,,,,,,,,,,,,,
46262,variable,56909551-H,,D-sign Rug 1D1046 Green,1,0,hidden,D-sign Rug 1D1046 Green ,D-sign Rug 1D1046 Green ,,,taxable,,0,,,0,0,,,,,1,,,,"Rooms > Bedroom, Rooms > Living room, Rugs, Rugs > Traditional",,,"https://rugshop.eu/wp-content/uploads/2021/10/carpet-royal-adr-oval-design-521-green.jpg, https://rugshop.eu/wp-content/uploads/2021/10/carpet-royal-adr-oval-design-521-green-1.jpg, https://rugshop.eu/wp-content/uploads/2021/10/carpet-royal-adr-oval-design-521-green-2.jpg, https://rugshop.eu/wp-content/uploads/2021/10/carpet-royal-adr-oval-design-521-green-3.jpg",,,,,,,,,1454,,,Size,"100x180, 150x250, 200x290",1,1,Brand,D-sign,1,1,Color,Green,1,1,Type of color,Multicolor,1,1,Shape,Other,1,1,Material,Polypropen,1,1,Type of rug,Traditional,1,1,Weave,Machinemade,1,1,Age,New,1,1,,,,,,,,,,,,,,,,,1786456819,yes,yes,,,,,,,,,,,,,,,,,,,,,,,,,,,,,
46263,variation,56909541,,D-sign Rug 1D1039 Brown - 100x180,1,0,hidden,,D-sign Rug 1D1039 Brown 100x180 cm,,,taxable,parent,0,0,,0,0,,180,100,1.5,0,,"634,4",1140,,,,,,,56909541-H,,,,,,1,,,Size,100x180,,1,,,,,,,,,,,,,,,,,,,,,,,,,,,,,,,,,,,,,100x180,,,,,,,,,,,,1786455595,,,,,,,,,,,,103193,,,,,,,,,,,,,,,,,,,
46264,variation,56914070,,D-sign Rug 1D1039 Brown - 150x250,1,0,hidden,,D-sign Rug 1D1039 Brown 150x250 cm,,,taxable,parent,0,0,,0,0,,250,150,1.5,0,,1104,1980,,,,,,,56909541-H,,,,,,2,,,Size,150x250,,1,,,,,,,,,,,,,,,,,,,,,,,,,,,,,,,,,,,,,150x250,,,,,,,,,,,,1786456793,,,,,,,,,,,,103194,,,,,,,,,,,,,,,,,,,
46265,variation,56914068,,D-sign Rug 1D1039 Brown - 200x290,1,0,hidden,,D-sign Rug 1D1039 Brown 200x290 cm,,,taxable,parent,0,0,,0,0,,290,200,1.5,0,,"1628,8",2924,,,,,,,56909541-H,,,,,,3,,,Size,200x290,,1,,,,,,,,,,,,,,,,,,,,,,,,,,,,,,,,,,,,,200x290,,,,,,,,,,,,1786456793,,,,,,,,,,,,103195,,,,,,,,,,,,,,,,,,,
46271,variation,56909544,,D-sign Rug 1D1040 Brown - 100x180,1,0,hidden,,D-sign Rug 1D1040 Brown 100x180 cm,,,taxable,parent,0,0,,0,0,,180,100,1.5,0,,"634,4",1140,,,,,,,56909544-H,,,,,,1,,,Size,100x180,,1,,,,,,,,,,,,,,,,,,,,,,,,,,,,,,,,,,,,,100x180,,,,,,,,,,,,1786455596,,,,,,,,,,,,103199,,,,,,,,,,,,,,,,,,,
46272,variation,56914063,,D-sign Rug 1D1040 Brown - 150x250,1,0,hidden,,D-sign Rug 1D1040 Brown 150x250 cm,,,taxable,parent,0,0,,0,0,,250,150,1.5,0,,1104,1980,,,,,,,56909544-H,,,,,,2,,,Size,150x250,,1,,,,,,,,,,,,,,,,,,,,,,,,,,,,,,,,,,,,,150x250,,,,,,,,,,,,1786456791,,,,,,,,,,,,103200,,,,,,,,,,,,,,,,,,,
46273,variation,56914069,,D-sign Rug 1D1040 Brown - 200x290,1,0,hidden,,D-sign Rug 1D1040 Brown 200x290 cm,,,taxable,parent,0,0,,0,0,,290,200,1.5,0,,"1628,8",2924,,,,,,,56909544-H,,,,,,3,,,Size,200x290,,1,,,,,,,,,,,,,,,,,,,,,,,,,,,,,,,,,,,,,200x290,,,,,,,,,,,,1786456793,,,,,,,,,,,,103201,,,,,,,,,,,,,,,,,,,
46279,variable,56909555-H,,D-sign Rug 1D1047 Burgundy,1,0,hidden,D-sign Rug 1D1047 Burgundy ,D-sign Rug 1D1047 Burgundy ,,,taxable,,0,,,0,0,,,,,1,,,,"Rooms > Bedroom, Rooms > Living room, Rugs, Rugs > Traditional",,,"https://rugshop.eu/wp-content/uploads/2021/10/carpet-royal-adr-oval-design-521-claret.jpg, https://rugshop.eu/wp-content/uploads/2021/10/carpet-royal-adr-oval-design-521-claret-1.jpg, https://rugshop.eu/wp-content/uploads/2021/10/carpet-royal-adr-oval-design-521-claret-2.jpg, https://rugshop.eu/wp-content/uploads/2021/10/carpet-royal-adr-oval-design-521-claret-3.jpg",,,,,,,,,1456,,,Size,"100x180, 150x250, 200x290",1,1,Brand,D-sign,1,1,Color,Red,1,1,Type of color,Multicolor,1,1,Shape,Other,1,1,Material,Polypropen,1,1,Type of rug,Traditional,1,1,Weave,Machinemade,1,1,Age,New,1,1,,,,,,,,,,,,,,,,,1786455670,yes,yes,,,,,,,,,,,,,,,,,,,,,,,,,,,,,
46280,variable,56909556-H,,D-sign Rug 1D1047 Brown,1,0,hidden,D-sign Rug 1D1047 Brown ,D-sign Rug 1D1047 Brown ,,,taxable,,0,,,0,0,,,,,1,,,,"Rooms > Bedroom, Rooms > Living room, Rugs, Rugs > Traditional",,,"https://rugshop.eu/wp-content/uploads/2021/10/carpet-royal-adr-circle-design-1745-brown.jpg, https://rugshop.eu/wp-content/uploads/2021/10/carpet-royal-adr-circle-design-1745-brown-1.jpg, https://rugshop.eu/wp-content/uploads/2021/10/carpet-royal-adr-circle-design-1745-brown-2.jpg, https://rugshop.eu/wp-content/uploads/2021/10/carpet-royal-adr-circle-design-1745-brown-3.jpg",,,,,,,,,1455,,,Size,"120, 150, 200",1,1,Brand,D-sign,1,1,Color,Yellow-Brown,1,1,Type of color,Multicolor,1,1,Shape,Round,1,1,Material,Polypropen,1,1,Type of rug,Traditional,1,1,Weave,Machinemade,1,1,Age,New,1,1,,,,,,,,,,,,,,,,,1786455672,yes,yes,,,,,,,,,,,,,,,,,,,,,,,,,,,,,
46281,variation,56909543,,D-sign Rug 1D1041 Green - 100x180,1,0,hidden,,D-sign Rug 1D1041 Green 100x180 cm,,,taxable,parent,0,0,,0,0,,180,100,1.5,0,,"634,4",1140,,,,,,,56909543-H,,,,,,1,,,Size,100x180,,1,,,,,,,,,,,,,,,,,,,,,,,,,,,,,,,,,,,,,100x180,,,,,,,,,,,,1786455596,,,,,,,,,,,,103205,,,,,,,,,,,,,,,,,,,
46282,variation,56914064,,D-sign Rug 1D1041 Green - 150x250,1,0,hidden,,D-sign Rug 1D1041 Green 150x250 cm,,,taxable,parent,0,0,,0,0,,250,150,1.5,0,,1104,1980,,,,,,,56909543-H,,,,,,2,,,Size,150x250,,1,,,,,,,,,,,,,,,,,,,,,,,,,,,,,,,,,,,,,150x250,,,,,,,,,,,,1786456791,,,,,,,,,,,,103206,,,,,,,,,,,,,,,,,,,
46283,variation,56909547,,D-sign Rug 1D1041 Green - 200x290,1,0,hidden,,D-sign Rug 1D1041 Green 200x290 cm,,,taxable,parent,0,0,,0,0,,290,200,1.5,0,,"1628,8",2924,,,,,,,56909543-H,,,,,,3,,,Size,200x290,,1,,,,,,,,,,,,,,,,,,,,,,,,,,,,,,,,,,,,,200x290,,,,,,,,,,,,1786455597,,,,,,,,,,,,103207,,,,,,,,,,,,,,,,,,,
46289,variation,56909548,,D-sign Rug 1D1042 Burgundy - 100x180,1,0,hidden,,D-sign Rug 1D1042 Burgundy 100x180 cm,,,taxable,parent,0,0,,0,0,,180,100,1.5,0,,,1140,,,,,,,56909548-H,,,,,,1,,,Size,100x180,,1,,,,,,,,,,,,,,,,,,,,,,,,,,,,,,,,,,,,,100x180,,,,,,,,,,,,1786455650,,,,,,,,,,,,103211,,,,,,,,,,,,,,,,,,,
46290,variation,56914084,,D-sign Rug 1D1042 Burgundy - 150x250,1,0,hidden,,D-sign Rug 1D1042 Burgundy 150x250 cm,,,taxable,parent,0,0,,0,0,,250,150,1.5,0,,,1980,,,,,,,56909548-H,,,,,,2,,,Size,150x250,,1,,,,,,,,,,,,,,,,,,,,,,,,,,,,,,,,,,,,,150x250,,,,,,,,,,,,1786456796,,,,,,,,,,,,103212,,,,,,,,,,,,,,,,,,,
46291,variation,56914080,,D-sign Rug 1D1042 Burgundy - 200x290,1,0,hidden,,D-sign Rug 1D1042 Burgundy 200x290 cm,,,taxable,parent,0,0,,0,0,,290,200,1.5,0,,,2924,,,,,,,56909548-H,,,,,,3,,,Size,200x290,,1,,,,,,,,,,,,,,,,,,,,,,,,,,,,,,,,,,,,,200x290,,,,,,,,,,,,1786456794,,,,,,,,,,,,103213,,,,,,,,,,,,,,,,,,,
46297,variable,56909563-H,,D-sign Rug 1D1048 Green,1,0,hidden,D-sign Rug 1D1048 Green ,D-sign Rug 1D1048 Green ,,,taxable,,0,,,0,0,,,,,1,,,,"Rooms > Bedroom, Rooms > Living room, Rugs, Rugs > Traditional",,,"https://rugshop.eu/wp-content/uploads/2021/10/carpet-royal-adr-circle-design-1745-green.jpg, https://rugshop.eu/wp-content/uploads/2021/10/carpet-royal-adr-circle-design-1745-green-1.jpg, https://rugshop.eu/wp-content/uploads/2021/10/carpet-royal-adr-circle-design-1745-green-2.jpg, https://rugshop.eu/wp-content/uploads/2021/10/carpet-royal-adr-circle-design-1745-green-3.jpg",,,,,,,,,1457,,,Size,"120, 150, 200",1,1,Brand,D-sign,1,1,Color,Green,1,1,Type of color,Multicolor,1,1,Shape,Round,1,1,Material,Polypropen,1,1,Type of rug,Traditional,1,1,Weave,Machinemade,1,1,Age,New,1,1,,,,,,,,,,,,,,,,,1786456858,yes,yes,,,,,,,,,,,,,,,,,,,,,,,,,,,,,
46298,variable,56909562-H,,D-sign Rug 1D1049 Burgundy,1,0,hidden,D-sign Rug 1D1049 Burgundy ,D-sign Rug 1D1049 Burgundy ,,,taxable,,0,,,0,0,,,,,1,,,,"Rooms > Bedroom, Rooms > Living room, Rugs, Rugs > Traditional",,,"https://rugshop.eu/wp-content/uploads/2021/10/carpet-royal-adr-circle-design-1745-claret.jpg, https://rugshop.eu/wp-content/uploads/2021/10/carpet-royal-adr-circle-design-1745-claret-1.jpg, https://rugshop.eu/wp-content/uploads/2021/10/carpet-royal-adr-circle-design-1745-claret-2.jpg, https://rugshop.eu/wp-content/uploads/2021/10/carpet-royal-adr-circle-design-1745-claret-3.jpg",,,,,,,,,1458,,,Size,"120, 150, 200",1,1,Brand,D-sign,1,1,Color,Red,1,1,Type of color,Multicolor,1,1,Shape,Round,1,1,Material,Polypropen,1,1,Type of rug,Traditional,1,1,Weave,Machinemade,1,1,Age,New,1,1,,,,,,,,,,,,,,,,,1786455675,yes,yes,,,,,,,,,,,,,,,,,,,,,,,,,,,,,
46299,variation,56909549,,D-sign Rug 1D1043 Black - 100x180,1,0,hidden,,D-sign Rug 1D1043 Black 100x180 cm,,,taxable,parent,0,0,,0,0,,180,100,1.5,0,,,1140,,,,,,,56909549-H,,,,,,1,,,Size,100x180,,1,,,,,,,,,,,,,,,,,,,,,,,,,,,,,,,,,,,,,100x180,,,,,,,,,,,,1786455650,,,,,,,,,,,,103214,,,,,,,,,,,,,,,,,,,
46300,variation,56914085,,D-sign Rug 1D1043 Black - 150x250,1,0,hidden,,D-sign Rug 1D1043 Black 150x250 cm,,,taxable,parent,0,0,,0,0,,250,150,1.5,0,,,1980,,,,,,,56909549-H,,,,,,2,,,Size,150x250,,1,,,,,,,,,,,,,,,,,,,,,,,,,,,,,,,,,,,,,150x250,,,,,,,,,,,,1786456796,,,,,,,,,,,,103215,,,,,,,,,,,,,,,,,,,
46301,variation,56914083,,D-sign Rug 1D1043 Black - 200x290,1,0,hidden,,D-sign Rug 1D1043 Black 200x290 cm,,,taxable,parent,0,0,,0,0,,290,200,1.5,0,,,2924,,,,,,,56909549-H,,,,,,3,,,Size,200x290,,1,,,,,,,,,,,,,,,,,,,,,,,,,,,,,,,,,,,,,200x290,,,,,,,,,,,,1786456796,,,,,,,,,,,,103216,,,,,,,,,,,,,,,,,,,
46307,variation,56909546,,D-sign Rug 1D1044 Brown - 100x180,1,0,hidden,,D-sign Rug 1D1044 Brown 100x180 cm,,,taxable,parent,0,0,,0,0,,180,100,1.5,0,,,1140,,,,,,,56909546-H,,,,,,1,,,Size,100x180,,1,,,,,,,,,,,,,,,,,,,,,,,,,,,,,,,,,,,,,100x180,,,,,,,,,,,,1786455597,,,,,,,,,,,,103220,,,,,,,,,,,,,,,,,,,
46308,variation,56914079,,D-sign Rug 1D1044 Brown - 150x250,1,0,hidden,,D-sign Rug 1D1044 Brown 150x250 cm,,,taxable,parent,0,0,,0,0,,250,150,1.5,0,,,1980,,,,,,,56909546-H,,,,,,2,,,Size,150x250,,1,,,,,,,,,,,,,,,,,,,,,,,,,,,,,,,,,,,,,150x250,,,,,,,,,,,,1786456794,,,,,,,,,,,,103221,,,,,,,,,,,,,,,,,,,
46309,variation,56914082,,D-sign Rug 1D1044 Brown - 200x290,1,0,hidden,,D-sign Rug 1D1044 Brown 200x290 cm,,,taxable,parent,0,0,,0,0,,290,200,1.5,0,,,2924,,,,,,,56909546-H,,,,,,3,,,Size,200x290,,1,,,,,,,,,,,,,,,,,,,,,,,,,,,,,,,,,,,,,200x290,,,,,,,,,,,,1786456795,,,,,,,,,,,,103222,,,,,,,,,,,,,,,,,,,
46315,variable,56909565-H,,D-sign Rug 1D1050 Brown,1,0,hidden,D-sign Rug 1D1050 Brown ,D-sign Rug 1D1050 Brown ,,,taxable,,0,,,0,0,,,,,1,,,,"Rooms > Bedroom, Rooms > Living room, Rugs, Rugs > Traditional",,,"https://rugshop.eu/wp-content/uploads/2021/10/carpet-royal-adr-circle-design-521-brown.jpg, https://rugshop.eu/wp-content/uploads/2021/10/carpet-royal-adr-circle-design-521-brown-1.jpg, https://rugshop.eu/wp-content/uploads/2021/10/carpet-royal-adr-circle-design-521-brown-2.jpg, https://rugshop.eu/wp-content/uploads/2021/10/carpet-royal-adr-circle-design-521-brown-3.jpg",,,,,,,,,1459,,,Size,"120, 150, 200",1,1,Brand,D-sign,1,1,Color,Yellow-Brown,1,1,Type of color,Multicolor,1,1,Shape,Round,1,1,Material,Polypropen,1,1,Type of rug,Traditional,1,1,Weave,Machinemade,1,1,Age,New,1,1,,,,,,,,,,,,,,,,,1786456862,yes,yes,,,,,,,,,,,,,,,,,,,,,,,,,,,,,
46316,variable,56909560-H,,D-sign Rug 1D1051 Brown,1,0,hidden,D-sign Rug 1D1051 Brown ,D-sign Rug 1D1051 Brown ,,,taxable,,0,,,0,0,,,,,1,,,,"Rooms > Bedroom, Rooms > Living room, Rugs, Rugs > Traditional",,,"https://rugshop.eu/wp-content/uploads/2021/10/carpet-royal-adr-circle-design-521-caramel.jpg, https://rugshop.eu/wp-content/uploads/2021/10/carpet-royal-adr-circle-design-521-caramel-1.jpg, https://rugshop.eu/wp-content/uploads/2021/10/carpet-royal-adr-circle-design-521-caramel-2.jpg, https://rugshop.eu/wp-content/uploads/2021/10/carpet-royal-adr-circle-design-521-caramel-3.jpg",,,,,,,,,1460,,,Size,"120, 150, 200",1,1,Brand,D-sign,1,1,Color,Yellow-Brown,1,1,Type of color,Multicolor,1,1,Shape,Round,1,1,Material,Polypropen,1,1,Type of rug,Traditional,1,1,Weave,Machinemade,1,1,Age,New,1,1,,,,,,,,,,,,,,,,,1786456827,yes,yes,,,,,,,,,,,,,,,,,,,,,,,,,,,,,
46317,variation,56909552,,D-sign Rug 1D1045 Brown - 100x180,1,0,hidden,,D-sign Rug 1D1045 Brown 100x180 cm,,,taxable,parent,0,0,,0,0,,180,100,1.5,0,,,1140,,,,,,,56909552-H,,,,,,1,,,Size,100x180,,1,,,,,,,,,,,,,,,,,,,,,,,,,,,,,,,,,,,,,100x180,,,,,,,,,,,,1786455651,,,,,,,,,,,,103223,,,,,,,,,,,,,,,,,,,
46318,variation,56914088,,D-sign Rug 1D1045 Brown - 150x250,1,0,hidden,,D-sign Rug 1D1045 Brown 150x250 cm,,,taxable,parent,0,0,,0,0,,250,150,1.5,0,,,1980,,,,,,,56909552-H,,,,,,2,,,Size,150x250,,1,,,,,,,,,,,,,,,,,,,,,,,,,,,,,,,,,,,,,150x250,,,,,,,,,,,,1786456797,,,,,,,,,,,,103224,,,,,,,,,,,,,,,,,,,
46319,variation,56914086,,D-sign Rug 1D1045 Brown - 200x290,1,0,hidden,,D-sign Rug 1D1045 Brown 200x290 cm,,,taxable,parent,0,0,,0,0,,290,200,1.5,0,,,2924,,,,,,,56909552-H,,,,,,3,,,Size,200x290,,1,,,,,,,,,,,,,,,,,,,,,,,,,,,,,,,,,,,,,200x290,,,,,,,,,,,,1786456796,,,,,,,,,,,,103225,,,,,,,,,,,,,,,,,,,
46325,variation,56909551,,D-sign Rug 1D1046 Green - 100x180,1,0,hidden,,D-sign Rug 1D1046 Green 100x180 cm,,,taxable,parent,0,0,,0,0,,180,100,1.5,0,,,1140,,,,,,,56909551-H,,,,,,1,,,Size,100x180,,1,,,,,,,,,,,,,,,,,,,,,,,,,,,,,,,,,,,,,100x180,,,,,,,,,,,,1786455650,,,,,,,,,,,,103226,,,,,,,,,,,,,,,,,,,
46326,variation,56914081,,D-sign Rug 1D1046 Green - 150x250,1,0,hidden,,D-sign Rug 1D1046 Green 150x250 cm,,,taxable,parent,0,0,,0,0,,250,150,1.5,0,,,1980,,,,,,,56909551-H,,,,,,2,,,Size,150x250,,1,,,,,,,,,,,,,,,,,,,,,,,,,,,,,,,,,,,,,150x250,,,,,,,,,,,,1786456795,,,,,,,,,,,,103227,,,,,,,,,,,,,,,,,,,
46327,variation,56914087,,D-sign Rug 1D1046 Green - 200x290,1,0,hidden,,D-sign Rug 1D1046 Green 200x290 cm,,,taxable,parent,0,0,,0,0,,290,200,1.5,0,,,2924,,,,,,,56909551-H,,,,,,3,,,Size,200x290,,1,,,,,,,,,,,,,,,,,,,,,,,,,,,,,,,,,,,,,200x290,,,,,,,,,,,,1786456797,,,,,,,,,,,,103228,,,,,,,,,,,,,,,,,,,
46333,variable,56909559-H,,D-sign Rug 1D1052 Green,1,0,hidden,D-sign Rug 1D1052 Green ,D-sign Rug 1D1052 Green ,,,taxable,,0,,,0,0,,,,,1,,,,"Rooms > Bedroom, Rooms > Living room, Rugs, Rugs > Traditional",,,"https://rugshop.eu/wp-content/uploads/2021/10/carpet-royal-adr-circle-design-521-green.jpg, https://rugshop.eu/wp-content/uploads/2021/10/carpet-royal-adr-circle-design-521-green-1.jpg, https://rugshop.eu/wp-content/uploads/2021/10/carpet-royal-adr-circle-design-521-green-2.jpg, https://rugshop.eu/wp-content/uploads/2021/10/carpet-royal-adr-circle-design-521-green-3.jpg",,,,,,,,,1461,,,Size,"120, 150, 200",1,1,Brand,D-sign,1,1,Color,Green,1,1,Type of color,Multicolor,1,1,Shape,Round,1,1,Material,Polypropen,1,1,Type of rug,Traditional,1,1,Weave,Machinemade,1,1,Age,New,1,1,,,,,,,,,,,,,,,,,1786456835,yes,yes,,,,,,,,,,,,,,,,,,,,,,,,,,,,,
46335,variation,56909555,,D-sign Rug 1D1047 Burgundy - 100x180,1,0,hidden,,D-sign Rug 1D1047 Burgundy 100x180 cm,,,taxable,parent,0,0,,0,0,,180,100,1.5,0,,,1140,,,,,,,56909555-H,,,,,,1,,,Size,100x180,,1,,,,,,,,,,,,,,,,,,,,,,,,,,,,,,,,,,,,,100x180,,,,,,,,,,,,1786455652,,,,,,,,,,,,103229,,,,,,,,,,,,,,,,,,,
46336,variation,56909553,,D-sign Rug 1D1047 Burgundy - 150x250,1,0,hidden,,D-sign Rug 1D1047 Burgundy 150x250 cm,,,taxable,parent,0,0,,0,0,,250,150,1.5,0,,,1980,,,,,,,56909555-H,,,,,,2,,,Size,150x250,,1,,,,,,,,,,,,,,,,,,,,,,,,,,,,,,,,,,,,,150x250,,,,,,,,,,,,1786455651,,,,,,,,,,,,103230,,,,,,,,,,,,,,,,,,,
46337,variation,56909554,,D-sign Rug 1D1047 Burgundy - 200x290,1,0,hidden,,D-sign Rug 1D1047 Burgundy 200x290 cm,,,taxable,parent,0,0,,0,0,,290,200,1.5,0,,,2924,,,,,,,56909555-H,,,,,,3,,,Size,200x290,,1,,,,,,,,,,,,,,,,,,,,,,,,,,,,,,,,,,,,,200x290,,,,,,,,,,,,1786455652,,,,,,,,,,,,103231,,,,,,,,,,,,,,,,,,,
46343,variation,56909556,,D-sign Rug 1D1047 Brown - 120,1,0,hidden,,D-sign Rug 1D1047 Brown 120 cm,,,taxable,parent,0,0,,0,0,,120,120,1.5,0,,,996,,,,,,,56909556-H,,,,,,1,,,Size,120,,1,,,,,,,,,,,,,,,,,,,,,,,,,,,,,,,,,,,,,120,,,,,,,,,,,,1786455652,,,,,,,,,,,,103241,,,,,,,,,,,,,,,,,,,
46344,variation,56909561,,D-sign Rug 1D1047 Brown - 150,1,0,hidden,,D-sign Rug 1D1047 Brown 150 cm,,,taxable,parent,0,0,,0,0,,150,150,1.5,0,,,1324,,,,,,,56909556-H,,,,,,2,,,Size,150,,1,,,,,,,,,,,,,,,,,,,,,,,,,,,,,,,,,,,,,150,,,,,,,,,,,,1786455654,,,,,,,,,,,,103242,,,,,,,,,,,,,,,,,,,
46345,variation,56909564,,D-sign Rug 1D1047 Brown - 200,1,0,hidden,,D-sign Rug 1D1047 Brown 200 cm,,,taxable,parent,0,0,,0,0,,200,200,1.5,0,,,2180,,,,,,,56909556-H,,,,,,3,,,Size,200,,1,,,,,,,,,,,,,,,,,,,,,,,,,,,,,,,,,,,,,200,,,,,,,,,,,,1786455656,,,,,,,,,,,,103243,,,,,,,,,,,,,,,,,,,
46352,variable,56909569-H,,D-sign Rug 1D1055 Grey,1,0,hidden,D-sign Rug 1D1055 Grey ,D-sign Rug 1D1055 Grey ,,,taxable,,0,,,0,0,,,,,1,,,,"Rooms > Bedroom, Rooms > Living room, Rugs, Rugs > Traditional",,,"https://rugshop.eu/wp-content/uploads/2021/10/carpet-gnab-60642653-flowers-roses-grey-white.jpg, https://rugshop.eu/wp-content/uploads/2021/10/carpet-gnab-60642653-flowers-roses-grey-white-1.jpg, https://rugshop.eu/wp-content/uploads/2021/10/carpet-gnab-60642653-flowers-roses-grey-white-2.jpg, https://rugshop.eu/wp-content/uploads/2021/10/carpet-gnab-60642653-flowers-roses-grey-white-3.jpg",,,,,,,,,1464,,,Size,"120x170, 160x230",1,1,Brand,D-sign,1,1,Color,Black-Grey,1,1,Type of color,Multicolor,1,1,Shape,Rectangular,1,1,Material,Polypropen,1,1,Type of rug,Traditional,1,1,Weave,Machinemade,1,1,Age,New,1,1,,,,,,,,,,,,,,,,,1786456868,yes,yes,,,,,,,,,,,,,,,,,,,,,,,,,,,,,
46353,variable,56909571-H,,D-sign Rug 1D1056 Blue,1,0,hidden,D-sign Rug 1D1056 Blue ,D-sign Rug 1D1056 Blue ,,,taxable,,0,,,0,0,,,,,1,,,,"Rooms > Bedroom, Rooms > Living room, Rugs, Rugs > Traditional",,,"https://rugshop.eu/wp-content/uploads/2021/10/carpet-gnab-60642734-flowers-roses-dark-blue-white.jpg, https://rugshop.eu/wp-content/uploads/2021/10/carpet-gnab-60642734-flowers-roses-dark-blue-white-1.jpg, https://rugshop.eu/wp-content/uploads/2021/10/carpet-gnab-60642734-flowers-roses-dark-blue-white-2.jpg, https://rugshop.eu/wp-content/uploads/2021/10/carpet-gnab-60642734-flowers-roses-dark-blue-white-3.jpg",,,,,,,,,1465,,,Size,"120x170, 140x200",1,1,Brand,D-sign,1,1,Color,Blue,1,1,Type of color,Multicolor,1,1,Shape,Rectangular,1,1,Material,Polypropen,1,1,Type of rug,Traditional,1,1,Weave,Machinemade,1,1,Age,New,1,1,,,,,,,,,,,,,,,,,1786456871,yes,yes,,,,,,,,,,,,,,,,,,,,,,,,,,,,,
46354,variation,56909563,,D-sign Rug 1D1048 Green - 120,1,0,hidden,,D-sign Rug 1D1048 Green 120 cm,,,taxable,parent,0,0,,0,0,,120,120,1.5,0,,,996,,,,,,,56909563-H,,,,,,1,,,Size,120,,1,,,,,,,,,,,,,,,,,,,,,,,,,,,,,,,,,,,,,120,,,,,,,,,,,,1786455655,,,,,,,,,,,,103250,,,,,,,,,,,,,,,,,,,
46355,variation,56914103,,D-sign Rug 1D1048 Green - 150,1,0,hidden,,D-sign Rug 1D1048 Green 150 cm,,,taxable,parent,0,0,,0,0,,150,150,1.5,0,,,1324,,,,,,,56909563-H,,,,,,2,,,Size,150,,1,,,,,,,,,,,,,,,,,,,,,,,,,,,,,,,,,,,,,150,,,,,,,,,,,,1786456842,,,,,,,,,,,,103251,,,,,,,,,,,,,,,,,,,
46356,variation,56914100,,D-sign Rug 1D1048 Green - 200,1,0,hidden,,D-sign Rug 1D1048 Green 200 cm,,,taxable,parent,0,0,,0,0,,200,200,1.5,0,,,2180,,,,,,,56909563-H,,,,,,3,,,Size,200,,1,,,,,,,,,,,,,,,,,,,,,,,,,,,,,,,,,,,,,200,,,,,,,,,,,,1786456799,,,,,,,,,,,,103252,,,,,,,,,,,,,,,,,,,
46362,variation,56909562,,D-sign Rug 1D1049 Burgundy - 120,1,0,hidden,,D-sign Rug 1D1049 Burgundy 120 cm,,,taxable,parent,0,0,,0,0,,120,120,1.5,0,,,996,,,,,,,56909562-H,,,,,,1,,,Size,120,,1,,,,,,,,,,,,,,,,,,,,,,,,,,,,,,,,,,,,,120,,,,,,,,,,,,1786455654,,,,,,,,,,,,103256,,,,,,,,,,,,,,,,,,,
46363,variation,56914095,,D-sign Rug 1D1049 Burgundy - 150,1,0,hidden,,D-sign Rug 1D1049 Burgundy 150 cm,,,taxable,parent,0,0,,0,0,,150,150,1.5,0,,,1324,,,,,,,56909562-H,,,,,,2,,,Size,150,,1,,,,,,,,,,,,,,,,,,,,,,,,,,,,,,,,,,,,,150,,,,,,,,,,,,,,,,,,,,,,,,103257,,,,,,,,,,,,,,,,,,,
46364,variation,56914102,,D-sign Rug 1D1049 Burgundy - 200,1,0,hidden,,D-sign Rug 1D1049 Burgundy 200 cm,,,taxable,parent,0,0,,0,0,,200,200,1.5,0,,,2180,,,,,,,56909562-H,,,,,,3,,,Size,200,,1,,,,,,,,,,,,,,,,,,,,,,,,,,,,,,,,,,,,,200,,,,,,,,,,,,,,,,,,,,,,,,103258,,,,,,,,,,,,,,,,,,,
46370,variable,56909570-H,,D-sign Rug 1D1057 Beige,1,0,hidden,D-sign Rug 1D1057 Beige ,D-sign Rug 1D1057 Beige ,,,taxable,,0,,,0,0,,,,,0,,,,"Rooms > Entrance & Corridor, Rooms > Kitchen, Rugs > Modern, Rugs",,,"https://rugshop.eu/wp-content/uploads/2021/10/carpet-sizal-floorlux-20401-frame-champagne-taupe.jpg, https://rugshop.eu/wp-content/uploads/2021/10/carpet-sizal-floorlux-20401-frame-champagne-taupe-1.jpg, https://rugshop.eu/wp-content/uploads/2021/10/carpet-sizal-floorlux-20401-frame-champagne-taupe-2.jpg, https://rugshop.eu/wp-content/uploads/2021/10/carpet-sizal-floorlux-20401-frame-champagne-taupe-3.jpg",,,,,,,,,1466,,,Size,"120x170, 140x200, 160x230, 200x290, 240x330",1,1,Brand,D-sign,1,1,Color,White-Beige,1,1,Type of color,Multicolor,1,1,Shape,Rectangular,1,1,Material,Polypropen,1,1,Type of rug,Modern,1,1,Weave,Machinemade,1,1,Country,Belgium,1,1,Age,New,1,1,,,,,default,default,default,default,,,,,1786456865,yes,yes,,,,,,,,,classic-editor,,,,,,,,,,,,,,,,,,,,
46371,variable,56909574-H,,D-sign Rug 1D1058 Brown,1,0,hidden,D-sign Rug 1D1058 Brown ,D-sign Rug 1D1058 Brown ,,,taxable,,0,,,0,0,,,,,1,,,,"Rooms > Bedroom, Rooms > Living room, Rugs > Modern, Rugs",,,"https://rugshop.eu/wp-content/uploads/2021/10/carpet-sizal-floorlux-20401-frame-taupe-champagne.jpg, https://rugshop.eu/wp-content/uploads/2021/10/carpet-sizal-floorlux-20401-frame-taupe-champagne-1.jpg, https://rugshop.eu/wp-content/uploads/2021/10/carpet-sizal-floorlux-20401-frame-taupe-champagne-2.jpg, https://rugshop.eu/wp-content/uploads/2021/10/carpet-sizal-floorlux-20401-frame-taupe-champagne-3.jpg",,,,,,,,,1467,,,Size,"120x170, 140x200, 160x230, 200x290, 240x330",1,1,Brand,D-sign,1,1,Color,Yellow-Brown,1,1,Type of color,Multicolor,1,1,Shape,Rectangular,1,1,Material,Polypropen,1,1,Type of rug,Modern,1,1,Weave,Machinemade,1,1,Country,Belgium,1,1,Age,New,1,1,,,,,,,,,,,,,1786456864,yes,yes,,,,,,,,,,,,,,,,,,,,,,,,,,,,,
46372,variation,56909565,,D-sign Rug 1D1050 Brown - 120,1,0,hidden,,D-sign Rug 1D1050 Brown 120 cm,,,taxable,parent,0,0,,0,0,,120,120,1.5,0,,,996,,,,,,,56909565-H,,,,,,1,,,Size,120,,1,,,,,,,,,,,,,,,,,,,,,,,,,,,,,,,,,,,,,120,,,,,,,,,,,,1786455656,,,,,,,,,,,,103265,,,,,,,,,,,,,,,,,,,
46373,variation,56914109,,D-sign Rug 1D1050 Brown - 150,1,0,hidden,,D-sign Rug 1D1050 Brown 150 cm,,,taxable,parent,0,0,,0,0,,150,150,1.5,0,,,1324,,,,,,,56909565-H,,,,,,2,,,Size,150,,1,,,,,,,,,,,,,,,,,,,,,,,,,,,,,,,,,,,,,150,,,,,,,,,,,,1786456843,,,,,,,,,,,,103266,,,,,,,,,,,,,,,,,,,
46374,variation,56914097,,D-sign Rug 1D1050 Brown - 200,1,0,hidden,,D-sign Rug 1D1050 Brown 200 cm,,,taxable,parent,0,0,,0,0,,200,200,1.5,0,,,2180,,,,,,,56909565-H,,,,,,3,,,Size,200,,1,,,,,,,,,,,,,,,,,,,,,,,,,,,,,,,,,,,,,200,,,,,,,,,,,,1786456798,,,,,,,,,,,,103267,,,,,,,,,,,,,,,,,,,
46380,variation,56909560,,D-sign Rug 1D1051 Brown - 120,1,0,hidden,,D-sign Rug 1D1051 Brown 120 cm,,,taxable,parent,0,0,,0,0,,120,120,1.5,0,,,996,,,,,,,56909560-H,,,,,,1,,,Size,120,,1,,,,,,,,,,,,,,,,,,,,,,,,,,,,,,,,,,,,,120,,,,,,,,,,,,1786455653,,,,,,,,,,,,103268,,,,,,,,,,,,,,,,,,,
46381,variation,56914094,,D-sign Rug 1D1051 Brown - 150,1,0,hidden,,D-sign Rug 1D1051 Brown 150 cm,,,taxable,parent,0,0,,0,0,,150,150,1.5,0,,,1324,,,,,,,56909560-H,,,,,,2,,,Size,150,,1,,,,,,,,,,,,,,,,,,,,,,,,,,,,,,,,,,,,,150,,,,,,,,,,,,1786456798,,,,,,,,,,,,103269,,,,,,,,,,,,,,,,,,,
46382,variation,56914096,,D-sign Rug 1D1051 Brown - 200,1,0,hidden,,D-sign Rug 1D1051 Brown 200 cm,,,taxable,parent,0,0,,0,0,,200,200,1.5,0,,,2180,,,,,,,56909560-H,,,,,,3,,,Size,200,,1,,,,,,,,,,,,,,,,,,,,,,,,,,,,,,,,,,,,,200,,,,,,,,,,,,1786456798,,,,,,,,,,,,103270,,,,,,,,,,,,,,,,,,,
46388,variable,56909573-H,,D-sign Rug 1D1059 Grey,1,0,hidden,D-sign Rug 1D1059 Grey ,D-sign Rug 1D1059 Grey ,,,taxable,,0,,,0,0,,,,,1,,,,"Rooms > Bedroom, Rooms > Living room, Rugs > Modern, Rugs",,,"https://rugshop.eu/wp-content/uploads/2021/10/carpet-sizal-floorlux-circle-20401-frame-silver-black.jpg, https://rugshop.eu/wp-content/uploads/2021/10/carpet-sizal-floorlux-circle-20401-frame-silver-black-1.jpg, https://rugshop.eu/wp-content/uploads/2021/10/carpet-sizal-floorlux-circle-20401-frame-silver-black-2.jpg, https://rugshop.eu/wp-content/uploads/2021/10/carpet-sizal-floorlux-circle-20401-frame-silver-black-3.jpg",,,,,,,,,1468,,,Size,"120, 160",1,1,Brand,D-sign,1,1,Color,Black-Grey,1,1,Type of color,Multicolor,1,1,Shape,Round,1,1,Material,Polypropen,1,1,Type of rug,Modern,1,1,Weave,Machinemade,1,1,Country,Belgium,1,1,Age,New,1,1,,,,,,,,,,,,,1786456881,yes,yes,,,,,,,,,,,,,,,,,,,,,,,,,,,,,
46389,variation,56909559,,D-sign Rug 1D1052 Green - 120,1,0,hidden,,D-sign Rug 1D1052 Green 120 cm,,,taxable,parent,0,0,,0,0,,120,120,1.5,0,,,996,,,,,,,56909559-H,,,,,,1,,,Size,120,,1,,,,,,,,,,,,,,,,,,,,,,,,,,,,,,,,,,,,,120,,,,,,,,,,,,1786455653,,,,,,,,,,,,103271,,,,,,,,,,,,,,,,,,,
46390,variation,56914101,,D-sign Rug 1D1052 Green - 150,1,0,hidden,,D-sign Rug 1D1052 Green 150 cm,,,taxable,parent,0,0,,0,0,,150,150,1.5,0,,,1324,,,,,,,56909559-H,,,,,,2,,,Size,150,,1,,,,,,,,,,,,,,,,,,,,,,,,,,,,,,,,,,,,,150,,,,,,,,,,,,1786456800,,,,,,,,,,,,103272,,,,,,,,,,,,,,,,,,,
46391,variation,56914099,,D-sign Rug 1D1052 Green - 200,1,0,hidden,,D-sign Rug 1D1052 Green 200 cm,,,taxable,parent,0,0,,0,0,,200,200,1.5,0,,,2180,,,,,,,56909559-H,,,,,,3,,,Size,200,,1,,,,,,,,,,,,,,,,,,,,,,,,,,,,,,,,,,,,,200,,,,,,,,,,,,1786456799,,,,,,,,,,,,103273,,,,,,,,,,,,,,,,,,,
46404,variable,56909572-H,,D-sign Rug 1D1060 Black,1,0,hidden,D-sign Rug 1D1060 Black ,D-sign Rug 1D1060 Black ,,,taxable,,0,,,0,0,,,,,1,,,,"Rooms > Bedroom, Rooms > Living room, Rugs > Modern, Rugs",,,"https://rugshop.eu/wp-content/uploads/2021/10/carpet-sizal-floorlux-circle-20401-frame-black-silver.jpg, https://rugshop.eu/wp-content/uploads/2021/10/carpet-sizal-floorlux-circle-20401-frame-black-silver-1.jpg, https://rugshop.eu/wp-content/uploads/2021/10/carpet-sizal-floorlux-circle-20401-frame-black-silver-2.jpg, https://rugshop.eu/wp-content/uploads/2021/10/carpet-sizal-floorlux-circle-20401-frame-black-silver-3.jpg",,,,,,,,,1469,,,Size,"120, 160",1,1,Brand,D-sign,1,1,Color,Black-Grey,1,1,Type of color,Multicolor,1,1,Shape,Round,1,1,Material,Polypropen,1,1,Type of rug,Modern,1,1,Weave,Machinemade,1,1,Country,Belgium,1,1,Age,New,1,1,,,,,,,,,,,,,1786456875,yes,yes,,,,,,,,,,,,,,,,,,,,,,,,,,,,,
46414,variation,56909569,,D-sign Rug 1D1055 Grey - 120x170,1,0,hidden,,D-sign Rug 1D1055 Grey 120x170 cm,,,taxable,parent,0,0,,0,0,,170,120,1.15,0,,,1980,,,,,,,56909569-H,,,,,,1,,,Size,120x170,,1,,,,,,,,,,,,,,,,,,,,,,,,,,,,,,,,,,,,,120x170,,,,,,,,,,,,1786455657,,,,,,,,,,,,103286,,,,,,,,,,,,,,,,,,,
46415,variation,56914114,,D-sign Rug 1D1055 Grey - 160x230,1,0,hidden,,D-sign Rug 1D1055 Grey 160x230 cm,,,taxable,parent,0,0,,0,0,,230,160,1.15,0,,,3156,,,,,,,56909569-H,,,,,,2,,,Size,160x230,,1,,,,,,,,,,,,,,,,,,,,,,,,,,,,,,,,,,,,,160x230,,,,,,,,,,,,1786456846,,,,,,,,,,,,103287,,,,,,,,,,,,,,,,,,,
46423,variation,56909571,,D-sign Rug 1D1056 Blue - 120x170,1,0,hidden,,D-sign Rug 1D1056 Blue 120x170 cm,,,taxable,parent,0,0,,0,0,,170,120,1.15,0,,,1980,,,,,,,56909571-H,,,,,,1,,,Size,120x170,,1,,,,,,,,,,,,,,,,,,,,,,,,,,,,,,,,,,,,,120x170,,,,,,,,,,,,,,,,,,,,,,,,103290,,,,,,,,,,,,,,,,,,,
46424,variation,56914115,,D-sign Rug 1D1056 Blue - 140x200,1,0,hidden,,D-sign Rug 1D1056 Blue 140x200 cm,,,taxable,parent,0,0,,0,0,,200,140,1.15,0,,,2500,,,,,,,56909571-H,,,,,,2,,,Size,140x200,,1,,,,,,,,,,,,,,,,,,,,,,,,,,,,,,,,,,,,,140x200,,,,,,,,,,,,1786456846,,,,,,,,,,,,104012,,,,,,,,,,,,,,,,,,,
46430,variation,56909570,,D-sign Rug 1D1057 Beige - 120x170,1,0,hidden,,D-sign Rug 1D1057 Beige 120x170 cm,,,taxable,parent,0,0,,0,0,,170,120,0.6,0,,,996,,,,,,,56909570-H,,,,,,1,,,Size,120x170,,1,,,,,,,,,,,,,,,,,,,,,,,,,,,,,,,,,,,,,120x170,,,,,,,,,,,,1786455657,,,,,,,,,,,,103344,,,,,,,,,,,,,,,,,,,
46431,variation,56914112,,D-sign Rug 1D1057 Beige - 140x200,1,0,hidden,,D-sign Rug 1D1057 Beige 140x200 cm,,,taxable,parent,0,0,,0,0,,200,140,0.6,0,,,1236,,,,,,,56909570-H,,,,,,2,,,Size,140x200,,1,,,,,,,,,,,,,,,,,,,,,,,,,,,,,,,,,,,,,140x200,,,,,,,,,,,,1786456845,,,,,,,,,,,,103345,,,,,,,,,,,,,,,,,,,
46432,variation,56914118,,D-sign Rug 1D1057 Beige - 160x230,1,0,hidden,,D-sign Rug 1D1057 Beige 160x230 cm,,,taxable,parent,0,0,,0,0,,230,160,0.6,0,,,1516,,,,,,,56909570-H,,,,,,3,,,Size,160x230,,1,,,,,,,,,,,,,,,,,,,,,,,,,,,,,,,,,,,,,160x230,,,,,,,,,,,,1786456848,,,,,,,,,,,,103346,,,,,,,,,,,,,,,,,,,
46433,variation,56914111,,D-sign Rug 1D1057 Beige - 200x290,1,0,hidden,,D-sign Rug 1D1057 Beige 200x290 cm,,,taxable,parent,0,0,,0,0,,290,200,0.6,0,,,2172,,,,,,,56909570-H,,,,,,4,,,Size,200x290,,1,,,,,,,,,,,,,,,,,,,,,,,,,,,,,,,,,,,,,200x290,,,,,,,,,,,,1786456844,,,,,,,,,,,,103347,,,,,,,,,,,,,,,,,,,
46434,variation,56914117,,D-sign Rug 1D1057 Beige - 240x330,1,0,hidden,,D-sign Rug 1D1057 Beige 240x330 cm,,,taxable,parent,0,0,,0,0,,330,240,0.6,0,,,2924,,,,,,,56909570-H,,,,,,5,,,Size,240x330,,1,,,,,,,,,,,,,,,,,,,,,,,,,,,,,,,,,,,,,240x330,,,,,,,,,,,,1786456847,,,,,,,,,,,,103348,,,,,,,,,,,,,,,,,,,
46442,variation,56909574,,D-sign Rug 1D1058 Brown - 120x170,1,0,hidden,,D-sign Rug 1D1058 Brown 120x170 cm,,,taxable,parent,0,0,,0,0,,170,120,0.6,0,,,996,,,,,,,56909574-H,,,,,,1,,,Size,120x170,,1,,,,,,,,,,,,,,,,,,,,,,,,,,,,,,,,,,,,,120x170,,,,,,,,,,,,1786455659,,,,,,,,,,,,103354,,,,,,,,,,,,,,,,,,,
46443,variation,56914121,,D-sign Rug 1D1058 Brown - 140x200,1,0,hidden,,D-sign Rug 1D1058 Brown 140x200 cm,,,taxable,parent,0,0,,0,0,,200,140,0.6,0,,,1236,,,,,,,56909574-H,,,,,,2,,,Size,140x200,,1,,,,,,,,,,,,,,,,,,,,,,,,,,,,,,,,,,,,,140x200,,,,,,,,,,,,1786456848,,,,,,,,,,,,103355,,,,,,,,,,,,,,,,,,,
46444,variation,56914113,,D-sign Rug 1D1058 Brown - 160x230,1,0,hidden,,D-sign Rug 1D1058 Brown 160x230 cm,,,taxable,parent,0,0,,0,0,,230,160,0.6,0,,,1516,,,,,,,56909574-H,,,,,,3,,,Size,160x230,,1,,,,,,,,,,,,,,,,,,,,,,,,,,,,,,,,,,,,,160x230,,,,,,,,,,,,1786456845,,,,,,,,,,,,103356,,,,,,,,,,,,,,,,,,,
46445,variation,56914116,,D-sign Rug 1D1058 Brown - 200x290,1,0,hidden,,D-sign Rug 1D1058 Brown 200x290 cm,,,taxable,parent,0,0,,0,0,,290,200,0.6,0,,,2172,,,,,,,56909574-H,,,,,,4,,,Size,200x290,,1,,,,,,,,,,,,,,,,,,,,,,,,,,,,,,,,,,,,,200x290,,,,,,,,,,,,1786456847,,,,,,,,,,,,103357,,,,,,,,,,,,,,,,,,,
46446,variation,56914110,,D-sign Rug 1D1058 Brown - 240x330,1,0,hidden,,D-sign Rug 1D1058 Brown 240x330 cm,,,taxable,parent,0,0,,0,0,,330,240,0.6,0,,,2924,,,,,,,56909574-H,,,,,,5,,,Size,240x330,,1,,,,,,,,,,,,,,,,,,,,,,,,,,,,,,,,,,,,,240x330,,,,,,,,,,,,1786456844,,,,,,,,,,,,103358,,,,,,,,,,,,,,,,,,,
46452,variation,56909573,,D-sign Rug 1D1059 Grey - 120,1,0,hidden,,D-sign Rug 1D1059 Grey 120 cm,,,taxable,parent,0,0,,0,0,,120,120,0.6,0,,,900,,,,,,,56909573-H,,,,,,1,,,Size,120,,1,,,,,,,,,,,,,,,,,,,,,,,,,,,,,,,,,,,,,120,,,,,,,,,,,,1786455658,,,,,,,,,,,,103375,,,,,,,,,,,,,,,,,,,
46453,variation,56914130,,D-sign Rug 1D1059 Grey - 160,1,0,hidden,,D-sign Rug 1D1059 Grey 160 cm,,,taxable,parent,0,0,,0,0,,160,160,0.6,0,,,1324,,,,,,,56909573-H,,,,,,2,,,Size,160,,1,,,,,,,,,,,,,,,,,,,,,,,,,,,,,,,,,,,,,160,,,,,,,,,,,,1786456850,,,,,,,,,,,,103376,,,,,,,,,,,,,,,,,,,
46459,variable,56909588-H,,D-sign Rug 1D1067 Blue,1,0,hidden,D-sign Rug 1D1067 Blue ,D-sign Rug 1D1067 Blue ,,,taxable,,0,,,0,0,,,,,1,,,,"Rooms > Bedroom, Rooms > Living room, Rugs, Rugs > Vintage",,,"https://rugshop.eu/wp-content/uploads/2021/10/carpet-windsor-22993-ornament-vintage-fringe-navy-ivory.jpg, https://rugshop.eu/wp-content/uploads/2021/10/carpet-windsor-22993-ornament-vintage-fringe-navy-ivory-1.jpg, https://rugshop.eu/wp-content/uploads/2021/10/carpet-windsor-22993-ornament-vintage-fringe-navy-ivory-2.jpg, https://rugshop.eu/wp-content/uploads/2021/10/carpet-windsor-22993-ornament-vintage-fringe-navy-ivory-3.jpg",,,,,,,,,1476,,,Size,"120x170, 160x230, 200x300, 60x100",1,1,Brand,D-sign,1,1,Color,Blue,1,1,Type of color,Multicolor,1,1,Shape,Rectangular,1,1,Material,Viscose,1,1,Type of rug,Vintage / Colored Vintage,1,1,Weave,Machinemade,1,1,Age,New,1,1,,,,,,,,,,,,,,,,,1786456884,yes,yes,,,,,,,,,,,,,,,,,,,,,,,,,,,,,
46460,variable,56909587-H,,D-sign Rug 1D1068 Blue,1,0,hidden,D-sign Rug 1D1068 Blue ,D-sign Rug 1D1068 Blue ,,,taxable,,0,,,0,0,,,,,1,,,,"Rooms > Bedroom, Rooms > Living room, Rugs, Rugs > Traditional",,,"https://rugshop.eu/wp-content/uploads/2021/10/carpet-windsor-22991-ornament-frame-fringe-navy-ivory.jpg, https://rugshop.eu/wp-content/uploads/2021/10/carpet-windsor-22991-ornament-frame-fringe-navy-ivory-1.jpg, https://rugshop.eu/wp-content/uploads/2021/10/carpet-windsor-22991-ornament-frame-fringe-navy-ivory-2.jpg, https://rugshop.eu/wp-content/uploads/2021/10/carpet-windsor-22991-ornament-frame-fringe-navy-ivory-3.jpg",,,,,,,,,1477,,,Size,"120x170, 160x230, 200x300, 60x100",1,1,Brand,D-sign,1,1,Color,Blue,1,1,Type of color,Multicolor,1,1,Shape,Rectangular,1,1,Material,Viscose,1,1,Type of rug,Traditional,1,1,Weave,Machinemade,1,1,Age,New,1,1,,,,,,,,,,,,,,,,,1786456878,yes,yes,,,,,,,,,,,,,,,,,,,,,,,,,,,,,
46461,variation,56909572,,D-sign Rug 1D1060 Black - 120,1,0,hidden,,D-sign Rug 1D1060 Black 120 cm,,,taxable,parent,0,0,,0,0,,120,120,0.6,0,,,900,,,,,,,56909572-H,,,,,,1,,,Size,120,,1,,,,,,,,,,,,,,,,,,,,,,,,,,,,,,,,,,,,,120,,,,,,,,,,,,1786455658,,,,,,,,,,,,103379,,,,,,,,,,,,,,,,,,,
46462,variation,56914126,,D-sign Rug 1D1060 Black - 160,1,0,hidden,,D-sign Rug 1D1060 Black 160 cm,,,taxable,parent,0,0,,0,0,,160,160,0.6,0,,,1324,,,,,,,56909572-H,,,,,,2,,,Size,160,,1,,,,,,,,,,,,,,,,,,,,,,,,,,,,,,,,,,,,,160,,,,,,,,,,,,1786456849,,,,,,,,,,,,103380,,,,,,,,,,,,,,,,,,,
46475,variable,56909596-H,,D-sign Rug 1D1069 Beige,1,0,hidden,D-sign Rug 1D1069 Beige ,D-sign Rug 1D1069 Beige ,,,taxable,,0,,,0,0,,,,,1,,,,"Rooms > Bedroom, Rooms > Living room, Rugs, Rugs > Vintage",,,"https://rugshop.eu/wp-content/uploads/2021/10/carpet-windsor-22993-ornament-vintage-fringe-ivory-red.jpg, https://rugshop.eu/wp-content/uploads/2021/10/carpet-windsor-22993-ornament-vintage-fringe-ivory-red-1.jpg, https://rugshop.eu/wp-content/uploads/2021/10/carpet-windsor-22993-ornament-vintage-fringe-ivory-red-2.jpg, https://rugshop.eu/wp-content/uploads/2021/10/carpet-windsor-22993-ornament-vintage-fringe-ivory-red-3.jpg",,,,,,,,,1478,,,Size,"120x170, 160x230, 200x300, 60x100",1,1,Brand,D-sign,1,1,Color,White-Beige,1,1,Type of color,Multicolor,1,1,Shape,Rectangular,1,1,Material,Viscose,1,1,Type of rug,Vintage / Colored Vintage,1,1,Weave,Machinemade,1,1,Age,New,1,1,,,,,,,,,,,,,,,,,1786456886,yes,yes,,,,,,,,,,,,,,,,,,,,,,,,,,,,,
46515,variation,56909588,,D-sign Rug 1D1067 Blue - 60x100,1,0,hidden,,D-sign Rug 1D1067 Blue 60x100 cm,,,taxable,parent,0,0,,0,0,,100,60,0.9,0,,,860,,,,,,,56909588-H,,,,,,1,,,Size,60x100,,1,,,,,,,,,,,,,,,,,,,,,,,,,,,,,,,,,,,,,60x100,,,,,,,,,,,,1786455660,,,,,,,,,,,,103408,,,,,,,,,,,,,,,,,,,
46516,variation,56914128,,D-sign Rug 1D1067 Blue - 120x170,1,0,hidden,,D-sign Rug 1D1067 Blue 120x170 cm,,,taxable,parent,0,0,,0,0,,170,120,0.9,0,,,2012,,,,,,,56909588-H,,,,,,2,,,Size,120x170,,1,,,,,,,,,,,,,,,,,,,,,,,,,,,,,,,,,,,,,120x170,,,,,,,,,,,,,,,,,,,,,,,,103405,,,,,,,,,,,,,,,,,,,
46517,variation,56914129,,D-sign Rug 1D1067 Blue - 160x230,1,0,hidden,,D-sign Rug 1D1067 Blue 160x230 cm,,,taxable,parent,0,0,,0,0,,230,160,0.9,0,,,3324,,,,,,,56909588-H,,,,,,3,,,Size,160x230,,1,,,,,,,,,,,,,,,,,,,,,,,,,,,,,,,,,,,,,160x230,,,,,,,,,,,,,,,,,,,,,,,,103406,,,,,,,,,,,,,,,,,,,
46518,variation,56914138,,D-sign Rug 1D1067 Blue - 200x300,1,0,hidden,,D-sign Rug 1D1067 Blue 200x300 cm,,,taxable,parent,0,0,,0,0,,300,200,0.9,0,,,5180,,,,,,,56909588-H,,,,,,4,,,Size,200x300,,1,,,,,,,,,,,,,,,,,,,,,,,,,,,,,,,,,,,,,200x300,,,,,,,,,,,,1786456851,,,,,,,,,,,,103407,,,,,,,,,,,,,,,,,,,
46524,variable,56909593-H,,D-sign Rug 1D1072 Anthracite,1,0,hidden,D-sign Rug 1D1072 Anthracite,D-sign Rug 1D1072 Anthracite,,,taxable,,0,,,0,0,,,,,0,,,,"Rooms > Bedroom, Rugs > Modern, Rugs",,,"https://rugshop.eu/wp-content/uploads/2021/10/modern-washing-carpet-ildo-71181070-anthracite-grey.jpg, https://rugshop.eu/wp-content/uploads/2021/10/modern-washing-carpet-ildo-71181070-anthracite-grey-1.jpg, https://rugshop.eu/wp-content/uploads/2021/10/modern-washing-carpet-ildo-71181070-anthracite-grey-2.jpg, https://rugshop.eu/wp-content/uploads/2021/10/modern-washing-carpet-ildo-71181070-anthracite-grey-3.jpg",,,,,,,,,1481,,,Size,"120x170, 140x200, 160x230, 200x290, 240x340, 60x115, 80x150",1,1,Brand,D-sign,1,1,Color,Black-Grey,1,1,Type of color,Singlecolor,1,1,Shape,Rectangular,1,1,Material,Polypropen,1,1,Type of rug,Modern,1,1,Weave,Machinemade,1,1,Age,New,1,1,,,,,,,,,default,default,default,default,,,,,1786455687,yes,yes,,,,,,,,,,,,,,,,,,,,,,,,,,,,,
46525,variation,56909587,,D-sign Rug 1D1068 Blue - 60x100,1,0,hidden,,D-sign Rug 1D1068 Blue 60x100 cm,,,taxable,parent,0,0,,0,0,,100,60,0.9,0,,,860,,,,,,,56909587-H,,,,,,1,,,Size,60x100,,1,,,,,,,,,,,,,,,,,,,,,,,,,,,,,,,,,,,,,60x100,,,,,,,,,,,,1786455659,,,,,,,,,,,,103412,,,,,,,,,,,,,,,,,,,
46526,variation,56914127,,D-sign Rug 1D1068 Blue - 120x170,1,0,hidden,,D-sign Rug 1D1068 Blue 120x170 cm,,,taxable,parent,0,0,,0,0,,170,120,0.9,0,,,2012,,,,,,,56909587-H,,,,,,2,,,Size,120x170,,1,,,,,,,,,,,,,,,,,,,,,,,,,,,,,,,,,,,,,120x170,,,,,,,,,,,,1786456850,,,,,,,,,,,,103409,,,,,,,,,,,,,,,,,,,
46527,variation,56914137,,D-sign Rug 1D1068 Blue - 160x230,1,0,hidden,,D-sign Rug 1D1068 Blue 160x230 cm,,,taxable,parent,0,0,,0,0,,230,160,0.9,0,,,3324,,,,,,,56909587-H,,,,,,3,,,Size,160x230,,1,,,,,,,,,,,,,,,,,,,,,,,,,,,,,,,,,,,,,160x230,,,,,,,,,,,,,,,,,,,,,,,,103410,,,,,,,,,,,,,,,,,,,
46528,variation,56909595,,D-sign Rug 1D1068 Blue - 200x300,1,0,hidden,,D-sign Rug 1D1068 Blue 200x300 cm,,,taxable,parent,0,0,,0,0,,300,200,0.9,0,,,5180,,,,,,,56909587-H,,,,,,4,,,Size,200x300,,1,,,,,,,,,,,,,,,,,,,,,,,,,,,,,,,,,,,,,200x300,,,,,,,,,,,,,,,,,,,,,,,,103411,,,,,,,,,,,,,,,,,,,
46534,variation,56909596,,D-sign Rug 1D1069 Beige - 60x100,1,0,hidden,,D-sign Rug 1D1069 Beige 60x100 cm,,,taxable,parent,0,0,,0,0,,100,60,0.9,0,,,860,,,,,,,56909596-H,,,,,,1,,,Size,60x100,,1,,,,,,,,,,,,,,,,,,,,,,,,,,,,,,,,,,,,,60x100,,,,,,,,,,,,,,,,,,,,,,,,103421,,,,,,,,,,,,,,,,,,,
46535,variation,56914157,,D-sign Rug 1D1069 Beige - 120x170,1,0,hidden,,D-sign Rug 1D1069 Beige 120x170 cm,,,taxable,parent,0,0,,0,0,,170,120,0.9,0,,,2012,,,,,,,56909596-H,,,,,,2,,,Size,120x170,,1,,,,,,,,,,,,,,,,,,,,,,,,,,,,,,,,,,,,,120x170,,,,,,,,,,,,,,,,,,,,,,,,103422,,,,,,,,,,,,,,,,,,,
46536,variation,56914161,,D-sign Rug 1D1069 Beige - 160x230,1,0,hidden,,D-sign Rug 1D1069 Beige 160x230 cm,,,taxable,parent,0,0,,0,0,,230,160,0.9,0,,,3324,,,,,,,56909596-H,,,,,,3,,,Size,160x230,,1,,,,,,,,,,,,,,,,,,,,,,,,,,,,,,,,,,,,,160x230,,,,,,,,,,,,1786456851,,,,,,,,,,,,103423,,,,,,,,,,,,,,,,,,,
46537,variation,56914156,,D-sign Rug 1D1069 Beige - 200x300,1,0,hidden,,D-sign Rug 1D1069 Beige 200x300 cm,,,taxable,parent,0,0,,0,0,,300,200,0.9,0,,,5180,,,,,,,56909596-H,,,,,,4,,,Size,200x300,,1,,,,,,,,,,,,,,,,,,,,,,,,,,,,,,,,,,,,,200x300,,,,,,,,,,,,,,,,,,,,,,,,103424,,,,,,,,,,,,,,,,,,,
46543,variable,56909603-H,,D-sign Rug 1D1074 Pink,1,0,hidden,D-sign Rug 1D1074 Pink,D-sign Rug 1D1074 Pink,,,taxable,,0,,,0,0,,,,,0,,,,"Rooms > Bedroom, Rugs > Modern, Rugs",,,"https://rugshop.eu/wp-content/uploads/2021/10/modern-washing-carpet-latio-71351022-blush-pink.jpg, https://rugshop.eu/wp-content/uploads/2021/10/modern-washing-carpet-latio-71351022-blush-pink-1.jpg, https://rugshop.eu/wp-content/uploads/2021/10/modern-washing-carpet-latio-71351022-blush-pink-2.jpg, https://rugshop.eu/wp-content/uploads/2021/10/modern-washing-carpet-latio-71351022-blush-pink-3.jpg",,,,,,,,,1483,,,Size,"120x170, 140x200, 160x230, 200x290, 240x340, 60x115, 80x150, 80x180",1,1,Brand,D-sign,1,1,Color,Pink-Purple,1,1,Type of color,Singlecolor,1,1,Shape,Rectangular,1,1,Material,Polyester,1,1,Type of rug,Modern,1,1,Weave,Machinemade,1,1,Age,New,1,1,,,,,,,,,default,default,default,default,,,,,1786456887,yes,yes,,,,,,,,,,,,,,,,,,,,,,,,,,,,,
46568,variable,56909609-H,,D-sign Rug 1D1075 Beige,1,0,hidden,D-sign Rug 1D1075 Beige,D-sign Rug 1D1075 Beige,,,taxable,,0,,,0,0,,,,,0,,,,"Rooms > Bedroom, Rooms > Living room, Rugs > Modern, Rugs",,,"https://rugshop.eu/wp-content/uploads/2021/10/modern-washing-carpet-latio-71351050-beige.jpg, https://rugshop.eu/wp-content/uploads/2021/10/modern-washing-carpet-latio-71351050-beige-1.jpg, https://rugshop.eu/wp-content/uploads/2021/10/modern-washing-carpet-latio-71351050-beige-2.jpg, https://rugshop.eu/wp-content/uploads/2021/10/modern-washing-carpet-latio-71351050-beige-3.jpg",,,,,,,,,1484,,,Size,"120x170, 140x200, 160x230, 200x290, 240x340, 60x115, 80x150",1,1,Brand,D-sign,1,1,Color,White-Beige,1,1,Type of color,Singlecolor,1,1,Shape,Rectangular,1,1,Material,Polyester,1,1,Type of rug,Modern,1,1,Weave,Machinemade,1,1,Age,New,1,1,,,,,,,,,default,default,default,default,,,,,1786456892,yes,yes,,,,,,,,,,,,,,,,,,,,,,,,,,,,,
46569,variable,56909611-H,,D-sign Rug 1D1076 Cream,1,0,hidden,D-sign Rug 1D1076 Cream,D-sign Rug 1D1076 Cream,,,taxable,,0,,,0,0,,,,,0,,,,"Rooms > Bedroom, Rugs > Modern, Rugs",,,"https://rugshop.eu/wp-content/uploads/2021/10/modern-washing-carpet-latio-71351056-cream.jpg, https://rugshop.eu/wp-content/uploads/2021/10/modern-washing-carpet-latio-71351056-cream-1.jpg, https://rugshop.eu/wp-content/uploads/2021/10/modern-washing-carpet-latio-71351056-cream-2.jpg, https://rugshop.eu/wp-content/uploads/2021/10/modern-washing-carpet-latio-71351056-cream-3.jpg",,,,,,,,,1485,,,Size,"120x170, 140x200, 160x230, 200x290, 240x340, 60x115, 67x200, 80x150",1,1,Brand,D-sign,1,1,Color,White-Beige,1,1,Type of color,Singlecolor,1,1,Shape,Runner,1,1,Material,Polyester,1,1,Type of rug,Modern,1,1,Weave,Machinemade,1,1,Age,New,1,1,,,,,,,,,default,default,default,default,,,,,1786456895,yes,yes,,,,,,,,,classic-editor,,,,,,,,,,,,,,,,,,,,
46570,variation,56909593,,D-sign Rug 1D1072 Anthracite - 60x115,1,0,hidden,,D-sign Rug 1D1072 Anthracite 60x115 cm,,,taxable,parent,0,0,,0,0,,115,60,1.1,0,,,716,,,,,,,56909593-H,,,,,,1,,,Size,60x115,,1,,,,,,,,,,,,,,,,,,,,,,,,,,,,,,,,,,,,,60x115,,,,,,,,,,,,1786455660,,,,,,,,,,,,103474,,,,,,,,,,,,,,,,,,,
46571,variation,56909602,,D-sign Rug 1D1072 Anthracite - 80x150,1,0,hidden,,D-sign Rug 1D1072 Anthracite 80x150 cm,,,taxable,parent,0,0,,0,0,,150,80,1.1,0,,,900,,,,,,,56909593-H,,,,,,2,,,Size,80x150,,1,,,,,,,,,,,,,,,,,,,,,,,,,,,,,,,,,,,,,80x150,,,,,,,,,,,,1786455663,,,,,,,,,,,,103475,,,,,,,,,,,,,,,,,,,
46572,variation,56909599,,D-sign Rug 1D1072 Anthracite - 120x170,1,0,hidden,,D-sign Rug 1D1072 Anthracite 120x170 cm,,,taxable,parent,0,0,,0,0,,170,120,1.1,0,,,1276,,,,,,,56909593-H,,,,,,3,,,Size,120x170,,1,,,,,,,,,,,,,,,,,,,,,,,,,,,,,,,,,,,,,120x170,,,,,,,,,,,,1786455661,,,,,,,,,,,,103476,,,,,,,,,,,,,,,,,,,
46573,variation,56909598,,D-sign Rug 1D1072 Anthracite - 140x200,1,0,hidden,,D-sign Rug 1D1072 Anthracite 140x200 cm,,,taxable,parent,0,0,,0,0,,200,140,1.1,0,,,1612,,,,,,,56909593-H,,,,,,4,,,Size,140x200,,1,,,,,,,,,,,,,,,,,,,,,,,,,,,,,,,,,,,,,140x200,,,,,,,,,,,,1786455661,,,,,,,,,,,,103477,,,,,,,,,,,,,,,,,,,
46574,variation,56909600,,D-sign Rug 1D1072 Anthracite - 160x230,1,0,hidden,,D-sign Rug 1D1072 Anthracite 160x230 cm,,,taxable,parent,0,0,,0,0,,230,160,1.1,0,,,1980,,,,,,,56909593-H,,,,,,5,,,Size,160x230,,1,,,,,,,,,,,,,,,,,,,,,,,,,,,,,,,,,,,,,160x230,,,,,,,,,,,,1786455662,,,,,,,,,,,,103478,,,,,,,,,,,,,,,,,,,
46575,variation,56909604,,D-sign Rug 1D1072 Anthracite - 200x290,1,0,hidden,,D-sign Rug 1D1072 Anthracite 200x290 cm,,,taxable,parent,0,0,,0,0,,290,200,1.1,0,,,2876,,,,,,,56909593-H,,,,,,6,,,Size,200x290,,1,,,,,,,,,,,,,,,,,,,,,,,,,,,,,,,,,,,,,200x290,,,,,,,,,,,,1786455664,,,,,,,,,,,,103479,,,,,,,,,,,,,,,,,,,
46576,variation,56909601,,D-sign Rug 1D1072 Anthracite - 240x340,1,0,hidden,,D-sign Rug 1D1072 Anthracite 240x340 cm,,,taxable,parent,0,0,,0,0,,340,240,1.1,0,,,3908,,,,,,,56909593-H,,,,,,7,,,Size,240x340,,1,,,,,,,,,,,,,,,,,,,,,,,,,,,,,,,,,,,,,240x340,,,,,,,,,,,,1786455662,,,,,,,,,,,,103480,,,,,,,,,,,,,,,,,,,
46582,variation,56909603,,D-sign Rug 1D1074 Pink - 60x115,1,0,hidden,,D-sign Rug 1D1074 Pink 60x115 cm,,,taxable,parent,0,0,,0,0,,115,60,1.1,0,,,948,,,,,,,56909603-H,,,,,,1,,,Size,60x115,,1,,,,,,,,,,,,,,,,,,,,,,,,,,,,,,,,,,,,,60x115,,,,,,,,,,,,1786455663,,,,,,,,,,,,103527,,,,,,,,,,,,,,,,,,,
46583,variation,56914165,,D-sign Rug 1D1074 Pink - 80x150,1,0,hidden,,D-sign Rug 1D1074 Pink 80x150 cm,,,taxable,parent,0,0,,0,0,,150,80,1.1,0,,,1372,,,,,,,56909603-H,,,,,,2,,,Size,80x150,,1,,,,,,,,,,,,,,,,,,,,,,,,,,,,,,,,,,,,,80x150,,,,,,,,,,,,1786456852,,,,,,,,,,,,103528,,,,,,,,,,,,,,,,,,,
46584,variation,56914163,,D-sign Rug 1D1074 Pink - 80x180,1,0,hidden,,D-sign Rug 1D1074 Pink 80x180 cm,,,taxable,parent,0,0,,0,0,,180,80,1.1,0,,,1516,,,,,,,56909603-H,,,,,,3,,,Size,80x180,,1,,,,,,,,,,,,,,,,,,,,,,,,,,,,,,,,,,,,,80x180,,,,,,,,,,,,,,,,,,,,,,,,103529,,,,,,,,,,,,,,,,,,,
46585,variation,56914164,,D-sign Rug 1D1074 Pink - 120x170,1,0,hidden,,D-sign Rug 1D1074 Pink 120x170 cm,,,taxable,parent,0,0,,0,0,,170,120,1.1,0,,,1980,,,,,,,56909603-H,,,,,,4,,,Size,120x170,,1,,,,,,,,,,,,,,,,,,,,,,,,,,,,,,,,,,,,,120x170,,,,,,,,,,,,,,,,,,,,,,,,103530,,,,,,,,,,,,,,,,,,,
46586,variation,56909605,,D-sign Rug 1D1074 Pink - 140x200,1,0,hidden,,D-sign Rug 1D1074 Pink 140x200 cm,,,taxable,parent,0,0,,0,0,,200,140,1.1,0,,,2500,,,,,,,56909603-H,,,,,,5,,,Size,140x200,,1,,,,,,,,,,,,,,,,,,,,,,,,,,,,,,,,,,,,,140x200,,,,,,,,,,,,,,,,,,,,,,,,103531,,,,,,,,,,,,,,,,,,,
46587,variation,56909608,,D-sign Rug 1D1074 Pink - 160x230,1,0,hidden,,D-sign Rug 1D1074 Pink 160x230 cm,,,taxable,parent,0,0,,0,0,,230,160,1.1,0,,,3156,,,,,,,56909603-H,,,,,,6,,,Size,160x230,,1,,,,,,,,,,,,,,,,,,,,,,,,,,,,,,,,,,,,,160x230,,,,,,,,,,,,1786455697,,,,,,,,,,,,103532,,,,,,,,,,,,,,,,,,,
46588,variation,56909607,,D-sign Rug 1D1074 Pink - 200x290,1,0,hidden,,D-sign Rug 1D1074 Pink 200x290 cm,,,taxable,parent,0,0,,0,0,,290,200,1.1,0,,,4756,,,,,,,56909603-H,,,,,,7,,,Size,200x290,,1,,,,,,,,,,,,,,,,,,,,,,,,,,,,,,,,,,,,,200x290,,,,,,,,,,,,1786455697,,,,,,,,,,,,103533,,,,,,,,,,,,,,,,,,,
46589,variation,56909606,,D-sign Rug 1D1074 Pink - 240x340,1,0,hidden,,D-sign Rug 1D1074 Pink 240x340 cm,,,taxable,parent,0,0,,0,0,,340,240,1.1,0,,,6588,,,,,,,56909603-H,,,,,,8,,,Size,240x340,,1,,,,,,,,,,,,,,,,,,,,,,,,,,,,,,,,,,,,,240x340,,,,,,,,,,,,1786455696,,,,,,,,,,,,103534,,,,,,,,,,,,,,,,,,,
46595,variable,56909612-H,,D-sign Rug 1D1077 Grey,1,0,hidden,D-sign Rug 1D1077 Grey,D-sign Rug 1D1077 Grey,,,taxable,,0,,,0,0,,,,,0,,,,"Rooms > Bedroom, Rooms > Living room, Rugs > Modern, Rugs",,,"https://rugshop.eu/wp-content/uploads/2021/10/modern-washing-carpet-latio-71351100-grey.jpg, https://rugshop.eu/wp-content/uploads/2021/10/modern-washing-carpet-latio-71351100-grey-1.jpg, https://rugshop.eu/wp-content/uploads/2021/10/modern-washing-carpet-latio-71351100-grey-2.jpg, https://rugshop.eu/wp-content/uploads/2021/10/modern-washing-carpet-latio-71351100-grey-3.jpg",,,,,,,,,1486,,,Size,"120x170, 140x200, 160x230, 200x290, 240x340, 60x115, 80x150",1,1,Brand,D-sign,1,1,Color,Black-Grey,1,1,Type of color,Singlecolor,1,1,Shape,Rectangular,1,1,Material,Polyester,1,1,Type of rug,Modern,1,1,Weave,Machinemade,1,1,Age,New,1,1,,,,,,,,,default,default,default,default,,,,,1786455708,yes,yes,,,,,,,,,,,,,,,,,,,,,,,,,,,,,
46596,variable,56914205-H,,D-sign Rug 1D1078 Grey,1,0,hidden,D-sign Rug 1D1078 Grey,D-sign Rug 1D1078 Grey,,,taxable,,0,,,0,0,,,,,0,,,,"Rooms > Living room, Rugs > Modern, Rugs",,,"https://rugshop.eu/wp-content/uploads/2021/10/modern-washing-carpet-latio-71351100-circle-grey.jpg, https://rugshop.eu/wp-content/uploads/2021/10/modern-washing-carpet-latio-71351100-circle-grey-1.jpg, https://rugshop.eu/wp-content/uploads/2021/10/modern-washing-carpet-latio-71351100-circle-grey-2.jpg, https://rugshop.eu/wp-content/uploads/2021/10/modern-washing-carpet-latio-71351100-circle-grey-3.jpg",,,,,,,,,1487,,,Size,"120, 160, 200, 80",1,1,Brand,D-sign,1,1,Color,Black-Grey,1,1,Type of color,Singlecolor,1,1,Shape,Round,1,1,Material,Polyester,1,1,Type of rug,Modern,1,1,Weave,Machinemade,1,1,Age,New,1,1,,,,,,,,,default,default,default,default,,,,,1786456897,yes,yes,,,,,,,,,,,,,,,,,,,,,,,,,,,,,
46597,variable,56914207-H,,D-sign Rug 1D1079 Cream,1,0,hidden,D-sign Rug 1D1079 Cream,D-sign Rug 1D1079 Cream,,,taxable,,0,,,0,0,,,,,0,,,,"Rooms > Bedroom, Rugs > Modern, Rugs",,,"https://rugshop.eu/wp-content/uploads/2021/10/modern-washing-carpet-latio-71351056-circle-cream.jpg, https://rugshop.eu/wp-content/uploads/2021/10/modern-washing-carpet-latio-71351056-circle-cream-1.jpg, https://rugshop.eu/wp-content/uploads/2021/10/modern-washing-carpet-latio-71351056-circle-cream-2.jpg, https://rugshop.eu/wp-content/uploads/2021/10/modern-washing-carpet-latio-71351056-circle-cream-3.jpg",,,,,,,,,1488,,,Size,"120, 160, 200, 80",1,1,Brand,D-sign,1,1,Color,White-Beige,1,1,Type of color,Singlecolor,1,1,Shape,Round,1,1,Material,Polyester,1,1,Type of rug,Modern,1,1,Weave,Machinemade,1,1,Age,New,1,1,,,,,,,,,default,default,default,default,,,,,1786456900,yes,yes,,,,,,,,,classic-editor,,,,,,,,,,,,,,,,,,,,
46598,variation,56909609,,D-sign Rug 1D1075 Beige - 60x115,1,0,hidden,,D-sign Rug 1D1075 Beige 60x115 cm,,,taxable,parent,0,0,,0,0,,115,60,1.1,0,,,948,,,,,,,56909609-H,,,,,,1,,,Size,60x115,,1,,,,,,,,,,,,,,,,,,,,,,,,,,,,,,,,,,,,,60x115,,,,,,,,,,,,,,,,,,,,,,,,103543,,,,,,,,,,,,,,,,,,,
46599,variation,56914185,,D-sign Rug 1D1075 Beige - 80x150,1,0,hidden,,D-sign Rug 1D1075 Beige 80x150 cm,,,taxable,parent,0,0,,0,0,,150,80,1.1,0,,,1372,,,,,,,56909609-H,,,,,,2,,,Size,80x150,,1,,,,,,,,,,,,,,,,,,,,,,,,,,,,,,,,,,,,,80x150,,,,,,,,,,,,,,,,,,,,,,,,103544,,,,,,,,,,,,,,,,,,,
46600,variation,56914190,,D-sign Rug 1D1075 Beige - 120x170,1,0,hidden,,D-sign Rug 1D1075 Beige 120x170 cm,,,taxable,parent,0,0,,0,0,,170,120,1.1,0,,,1980,,,,,,,56909609-H,,,,,,3,,,Size,120x170,,1,,,,,,,,,,,,,,,,,,,,,,,,,,,,,,,,,,,,,120x170,,,,,,,,,,,,,,,,,,,,,,,,103545,,,,,,,,,,,,,,,,,,,
46601,variation,56914191,,D-sign Rug 1D1075 Beige - 140x200,1,0,hidden,,D-sign Rug 1D1075 Beige 140x200 cm,,,taxable,parent,0,0,,0,0,,200,140,1.1,0,,,2500,,,,,,,56909609-H,,,,,,4,,,Size,140x200,,1,,,,,,,,,,,,,,,,,,,,,,,,,,,,,,,,,,,,,140x200,,,,,,,,,,,,1786456854,,,,,,,,,,,,103546,,,,,,,,,,,,,,,,,,,
46602,variation,56914186,,D-sign Rug 1D1075 Beige - 160x230,1,0,hidden,,D-sign Rug 1D1075 Beige 160x230 cm,,,taxable,parent,0,0,,0,0,,230,160,1.1,0,,,3156,,,,,,,56909609-H,,,,,,5,,,Size,160x230,,1,,,,,,,,,,,,,,,,,,,,,,,,,,,,,,,,,,,,,160x230,,,,,,,,,,,,1786456853,,,,,,,,,,,,103547,,,,,,,,,,,,,,,,,,,
46603,variation,56914183,,D-sign Rug 1D1075 Beige - 200x290,1,0,hidden,,D-sign Rug 1D1075 Beige 200x290 cm,,,taxable,parent,0,0,,0,0,,290,200,1.1,0,,,4756,,,,,,,56909609-H,,,,,,6,,,Size,200x290,,1,,,,,,,,,,,,,,,,,,,,,,,,,,,,,,,,,,,,,200x290,,,,,,,,,,,,1786456853,,,,,,,,,,,,103548,,,,,,,,,,,,,,,,,,,
46604,variation,56909610,,D-sign Rug 1D1075 Beige - 240x340,1,0,hidden,,D-sign Rug 1D1075 Beige 240x340 cm,,,taxable,parent,0,0,,0,0,,340,240,1.1,0,,,6588,,,,,,,56909609-H,,,,,,7,,,Size,240x340,,1,,,,,,,,,,,,,,,,,,,,,,,,,,,,,,,,,,,,,240x340,,,,,,,,,,,,1786455698,,,,,,,,,,,,103549,,,,,,,,,,,,,,,,,,,
46610,variation,56909611,,D-sign Rug 1D1076 Cream - 60x115,1,0,hidden,,D-sign Rug 1D1076 Cream 60x115 cm,,,taxable,parent,0,0,,0,0,,115,60,1.1,0,,,948,,,,,,,56909611-H,,,,,,1,,,Size,60x115,,1,,,,,,,,,,,,,,,,,,,,,,,,,,,,,,,,,,,,,60x115,,,,,,,,,,,,,,,,,,,,,,,,103557,,,,,,,,,,,,,,,,,,,
46611,variation,56914210,,D-sign Rug 1D1076 Cream - 67x200,1,0,hidden,,D-sign Rug 1D1076 Cream 67x200 cm,,,taxable,parent,0,0,,0,0,,200,67,1.1,0,,,1420,,,,,,,56909611-H,,,,,,2,,,Size,67x200,,1,,,,,,,,,,,,,,,,,,,,,,,,,,,,,,,,,,,,,67x200,,,,,,,,,,,,,,,,,,,,,,,,109856,,,,,,,,,,,,,,,,,,,
46612,variation,56914189,,D-sign Rug 1D1076 Cream - 80x150,1,0,hidden,,D-sign Rug 1D1076 Cream 80x150 cm,,,taxable,parent,0,0,,0,0,,150,80,1.1,0,,,1372,,,,,,,56909611-H,,,,,,3,,,Size,80x150,,1,,,,,,,,,,,,,,,,,,,,,,,,,,,,,,,,,,,,,80x150,,,,,,,,,,,,1786456854,,,,,,,,,,,,103558,,,,,,,,,,,,,,,,,,,
46613,variation,56914204,,D-sign Rug 1D1076 Cream - 120x170,1,0,hidden,,D-sign Rug 1D1076 Cream 120x170 cm,,,taxable,parent,0,0,,0,0,,170,120,1.1,0,,,1980,,,,,,,56909611-H,,,,,,4,,,Size,120x170,,1,,,,,,,,,,,,,,,,,,,,,,,,,,,,,,,,,,,,,120x170,,,,,,,,,,,,1786456855,,,,,,,,,,,,103559,,,,,,,,,,,,,,,,,,,
46614,variation,56914188,,D-sign Rug 1D1076 Cream - 140x200,1,0,hidden,,D-sign Rug 1D1076 Cream 140x200 cm,,,taxable,parent,0,0,,0,0,,200,140,1.1,0,,,2500,,,,,,,56909611-H,,,,,,5,,,Size,140x200,,1,,,,,,,,,,,,,,,,,,,,,,,,,,,,,,,,,,,,,140x200,,,,,,,,,,,,,,,,,,,,,,,,103560,,,,,,,,,,,,,,,,,,,
46615,variation,56914182,,D-sign Rug 1D1076 Cream - 160x230,1,0,hidden,,D-sign Rug 1D1076 Cream 160x230 cm,,,taxable,parent,0,0,,0,0,,230,160,1.1,0,,,3156,,,,,,,56909611-H,,,,,,6,,,Size,160x230,,1,,,,,,,,,,,,,,,,,,,,,,,,,,,,,,,,,,,,,160x230,,,,,,,,,,,,,,,,,,,,,,,,103561,,,,,,,,,,,,,,,,,,,
46616,variation,56914187,,D-sign Rug 1D1076 Cream - 200x290,1,0,hidden,,D-sign Rug 1D1076 Cream 200x290 cm,,,taxable,parent,0,0,,0,0,,290,200,1.1,0,,,4756,,,,,,,56909611-H,,,,,,7,,,Size,200x290,,1,,,,,,,,,,,,,,,,,,,,,,,,,,,,,,,,,,,,,200x290,,,,,,,,,,,,,,,,,,,,,,,,103562,,,,,,,,,,,,,,,,,,,
46617,variation,56914184,,D-sign Rug 1D1076 Cream - 240x340,1,0,hidden,,D-sign Rug 1D1076 Cream 240x340 cm,,,taxable,parent,0,0,,0,0,,340,240,1.1,0,,,6588,,,,,,,56909611-H,,,,,,8,,,Size,240x340,,1,,,,,,,,,,,,,,,,,,,,,,,,,,,,,,,,,,,,,240x340,,,,,,,,,,,,,,,,,,,,,,,,103563,,,,,,,,,,,,,,,,,,,
46624,variable,56909627-H,,D-sign Rug 1D1082 Grey,1,0,hidden,D-sign Rug 1D1082 Grey ,D-sign Rug 1D1082 Grey ,,,taxable,,0,,,0,0,,,,,1,,,,"Rooms > Bedroom, Rooms > Living room, Rugs > Modern, Rugs",,,"https://rugshop.eu/wp-content/uploads/2021/10/carpet-soft-2485-plain-one-colour-grey.jpg, https://rugshop.eu/wp-content/uploads/2021/10/carpet-soft-2485-plain-one-colour-grey-1.jpg, https://rugshop.eu/wp-content/uploads/2021/10/carpet-soft-2485-plain-one-colour-grey-2.jpg, https://rugshop.eu/wp-content/uploads/2021/10/carpet-soft-2485-plain-one-colour-grey-3.jpg",,,,,,,,,1491,,,Size,"120x170, 140x190, 160x220, 180x270, 200x290, 240x330, 280x370, 80x150",1,1,Brand,D-sign,1,1,Color,Black-Grey,1,1,Type of color,Singlecolor,1,1,Shape,Rectangular,1,1,Material,Polypropen,1,1,Type of rug,Modern,1,1,Weave,Machinemade,1,1,Country,Turkey,1,1,Age,New,1,1,,,,,,,,,,,,,1786455711,yes,yes,,,,,,,,,,,,,,,,,,,,,,,,,,,,,
46625,variation,56909612,,D-sign Rug 1D1077 Grey - 60x115,1,0,hidden,,D-sign Rug 1D1077 Grey 60x115 cm,,,taxable,parent,0,0,,0,0,,115,60,1.1,0,,,948,,,,,,,56909612-H,,,,,,1,,,Size,60x115,,1,,,,,,,,,,,,,,,,,,,,,,,,,,,,,,,,,,,,,60x115,,,,,,,,,,,,1786455698,,,,,,,,,,,,103571,,,,,,,,,,,,,,,,,,,
46626,variation,56909616,,D-sign Rug 1D1077 Grey - 80x150,1,0,hidden,,D-sign Rug 1D1077 Grey 80x150 cm,,,taxable,parent,0,0,,0,0,,150,80,1.1,0,,,1372,,,,,,,56909612-H,,,,,,2,,,Size,80x150,,1,,,,,,,,,,,,,,,,,,,,,,,,,,,,,,,,,,,,,80x150,,,,,,,,,,,,1786455699,,,,,,,,,,,,103572,,,,,,,,,,,,,,,,,,,
46627,variation,56909617,,D-sign Rug 1D1077 Grey - 120x170,1,0,hidden,,D-sign Rug 1D1077 Grey 120x170 cm,,,taxable,parent,0,0,,0,0,,170,120,1.1,0,,,1980,,,,,,,56909612-H,,,,,,3,,,Size,120x170,,1,,,,,,,,,,,,,,,,,,,,,,,,,,,,,,,,,,,,,120x170,,,,,,,,,,,,,,,,,,,,,,,,103573,,,,,,,,,,,,,,,,,,,
46628,variation,56909619,,D-sign Rug 1D1077 Grey - 140x200,1,0,hidden,,D-sign Rug 1D1077 Grey 140x200 cm,,,taxable,parent,0,0,,0,0,,200,140,1.1,0,,,2500,,,,,,,56909612-H,,,,,,4,,,Size,140x200,,1,,,,,,,,,,,,,,,,,,,,,,,,,,,,,,,,,,,,,140x200,,,,,,,,,,,,,,,,,,,,,,,,103574,,,,,,,,,,,,,,,,,,,
46629,variation,56909620,,D-sign Rug 1D1077 Grey - 160x230,1,0,hidden,,D-sign Rug 1D1077 Grey 160x230 cm,,,taxable,parent,0,0,,0,0,,230,160,1.1,0,,,3156,,,,,,,56909612-H,,,,,,5,,,Size,160x230,,1,,,,,,,,,,,,,,,,,,,,,,,,,,,,,,,,,,,,,160x230,,,,,,,,,,,,1786455699,,,,,,,,,,,,103575,,,,,,,,,,,,,,,,,,,
46630,variation,56909615,,D-sign Rug 1D1077 Grey - 200x290,1,0,hidden,,D-sign Rug 1D1077 Grey 200x290 cm,,,taxable,parent,0,0,,0,0,,290,200,1.1,0,,,4756,,,,,,,56909612-H,,,,,,6,,,Size,200x290,,1,,,,,,,,,,,,,,,,,,,,,,,,,,,,,,,,,,,,,200x290,,,,,,,,,,,,1786455698,,,,,,,,,,,,103576,,,,,,,,,,,,,,,,,,,
46631,variation,56909618,,D-sign Rug 1D1077 Grey - 240x340,1,0,hidden,,D-sign Rug 1D1077 Grey 240x340 cm,,,taxable,parent,0,0,,0,0,,340,240,1.1,0,,,6588,,,,,,,56909612-H,,,,,,7,,,Size,240x340,,1,,,,,,,,,,,,,,,,,,,,,,,,,,,,,,,,,,,,,240x340,,,,,,,,,,,,1786455699,,,,,,,,,,,,103577,,,,,,,,,,,,,,,,,,,
46637,variation,56914205,,D-sign Rug 1D1078 Grey - 80,1,0,hidden,,D-sign Rug 1D1078 Grey 80 cm,,,taxable,parent,0,0,,0,0,,80,80,1.1,0,,,900,,,,,,,56914205-H,,,,,,1,,,Size,80,,1,,,,,,,,,,,,,,,,,,,,,,,,,,,,,,,,,,,,,80,,,,,,,,,,,,1786456855,,,,,,,,,,,,103585,,,,,,,,,,,,,,,,,,,
46638,variation,56909614,,D-sign Rug 1D1078 Grey - 120,1,0,hidden,,D-sign Rug 1D1078 Grey 120 cm,,,taxable,parent,0,0,,0,0,,120,120,1.1,0,,,1516,,,,,,,56914205-H,,,,,,2,,,Size,120,,1,,,,,,,,,,,,,,,,,,,,,,,,,,,,,,,,,,,,,120,,,,,,,,,,,,,,,,,,,,,,,,103586,,,,,,,,,,,,,,,,,,,
46639,variation,56914211,,D-sign Rug 1D1078 Grey - 160,1,0,hidden,,D-sign Rug 1D1078 Grey 160 cm,,,taxable,parent,0,0,,0,0,,160,160,1.1,0,,,2316,,,,,,,56914205-H,,,,,,3,,,Size,160,,1,,,,,,,,,,,,,,,,,,,,,,,,,,,,,,,,,,,,,160,,,,,,,,,,,,1786456857,,,,,,,,,,,,103587,,,,,,,,,,,,,,,,,,,
46640,variation,56914206,,D-sign Rug 1D1078 Grey - 200,1,0,hidden,,D-sign Rug 1D1078 Grey 200 cm,,,taxable,parent,0,0,,0,0,,200,200,1.1,0,,,3396,,,,,,,56914205-H,,,,,,4,,,Size,200,,1,,,,,,,,,,,,,,,,,,,,,,,,,,,,,,,,,,,,,200,,,,,,,,,,,,1786456856,,,,,,,,,,,,103588,,,,,,,,,,,,,,,,,,,
46647,variation,56914207,,D-sign Rug 1D1079 Cream - 80,1,0,hidden,,D-sign Rug 1D1079 Cream 80 cm,,,taxable,parent,0,0,,0,0,,80,80,1.1,0,,,900,,,,,,,56914207-H,,,,,,1,,,Size,80,,1,,,,,,,,,,,,,,,,,,,,,,,,,,,,,,,,,,,,,80,,,,,,,,,,,,1786456856,,,,,,,,,,,,103596,,,,,,,,,,,,,,,,,,,
46648,variation,56909623,,D-sign Rug 1D1079 Cream - 120,1,0,hidden,,D-sign Rug 1D1079 Cream 120 cm,,,taxable,parent,0,0,,0,0,,120,120,1.1,0,,,1516,,,,,,,56914207-H,,,,,,2,,,Size,120,,1,,,,,,,,,,,,,,,,,,,,,,,,,,,,,,,,,,,,,120,,,,,,,,,,,,1786455700,,,,,,,,,,,,103597,,,,,,,,,,,,,,,,,,,
46649,variation,56914208,,D-sign Rug 1D1079 Cream - 160,1,0,hidden,,D-sign Rug 1D1079 Cream 160 cm,,,taxable,parent,0,0,,0,0,,160,160,1.1,0,,,2316,,,,,,,56914207-H,,,,,,3,,,Size,160,,1,,,,,,,,,,,,,,,,,,,,,,,,,,,,,,,,,,,,,160,,,,,,,,,,,,1786456856,,,,,,,,,,,,103598,,,,,,,,,,,,,,,,,,,
46650,variation,56914222,,D-sign Rug 1D1079 Cream - 200,1,0,hidden,,D-sign Rug 1D1079 Cream 200 cm,,,taxable,parent,0,0,,0,0,,200,200,1.1,0,,,3396,,,,,,,56914207-H,,,,,,4,,,Size,200,,1,,,,,,,,,,,,,,,,,,,,,,,,,,,,,,,,,,,,,200,,,,,,,,,,,,,,,,,,,,,,,,103599,,,,,,,,,,,,,,,,,,,
46669,variable,56909634-H,,D-sign Rug 1D1084 Grey,1,0,hidden,D-sign Rug 1D1084 Grey ,D-sign Rug 1D1084 Grey ,,,taxable,,0,,,0,0,,,,,1,,,,"Rooms > Bedroom, Rooms > Living room, Rugs > Modern, Rugs",,,"https://rugshop.eu/wp-content/uploads/2021/10/modern-mefe-carpet-circle-2783-marble-structural-two-levels-of-fleece-grey.jpg, https://rugshop.eu/wp-content/uploads/2021/10/modern-mefe-carpet-circle-2783-marble-structural-two-levels-of-fleece-grey-1.jpg, https://rugshop.eu/wp-content/uploads/2021/10/modern-mefe-carpet-circle-2783-marble-structural-two-levels-of-fleece-grey-2.jpg, https://rugshop.eu/wp-content/uploads/2021/10/modern-mefe-carpet-circle-2783-marble-structural-two-levels-of-fleece-grey-3.jpg",,,,,,,,,1493,,,Size,"100, 120, 160, 200",1,1,Brand,D-sign,1,1,Color,Black-Grey,1,1,Type of color,Multicolor,1,1,Shape,Round,1,1,Material,Polypropen,1,1,Type of rug,Modern,1,1,Weave,Machinemade,1,1,Age,New,1,1,,,,,,,,,,,,,,,,,1786456903,yes,yes,,,,,,,,,,,,,,,,,,,,,,,,,,,,,
46670,variable,56909638-H,,D-sign Rug 1D1085 Grey,1,0,hidden,D-sign Rug 1D1085 Grey ,D-sign Rug 1D1085 Grey ,,,taxable,,0,,,0,0,,,,,1,,,,"Rooms > Bedroom, Rooms > Living room, Rugs > Modern, Rugs",,,"https://rugshop.eu/wp-content/uploads/2021/10/modern-mefe-carpet-circle-2783-marble-structural-two-levels-of-fleece-dark-grey.jpg, https://rugshop.eu/wp-content/uploads/2021/10/modern-mefe-carpet-circle-2783-marble-structural-two-levels-of-fleece-dark-grey-1.jpg, https://rugshop.eu/wp-content/uploads/2021/10/modern-mefe-carpet-circle-2783-marble-structural-two-levels-of-fleece-dark-grey-2.jpg, https://rugshop.eu/wp-content/uploads/2021/10/modern-mefe-carpet-circle-2783-marble-structural-two-levels-of-fleece-dark-grey-3.jpg",,,,,,,,,1494,,,Size,"100, 120, 160, 200",1,1,Brand,D-sign,1,1,Color,Black-Grey,1,1,Type of color,Multicolor,1,1,Shape,Round,1,1,Material,Polypropen,1,1,Type of rug,Modern,1,1,Weave,Machinemade,1,1,Age,New,1,1,,,,,,,,,,,,,,,,,1786456929,yes,yes,,,,,,,,,,,,,,,,,,,,,,,,,,,,,
46672,variation,56909627,,D-sign Rug 1D1082 Grey - 80x150,1,0,hidden,,D-sign Rug 1D1082 Grey 80x150 cm,,,taxable,parent,0,0,,0,0,,150,80,1.5,0,,,1004,,,,,,,56909627-H,,,,,,1,,,Size,80x150,,1,,,,,,,,,,,,,,,,,,,,,,,,,,,,,,,,,,,,,80x150,,,,,,,,,,,,1786455700,,,,,,,,,,,,103780,,,,,,,,,,,,,,,,,,,
46673,variation,56914225,,D-sign Rug 1D1082 Grey - 120x170,1,0,hidden,,D-sign Rug 1D1082 Grey 120x170 cm,,,taxable,parent,0,0,,0,0,,170,120,1.5,0,,,1428,,,,,,,56909627-H,,,,,,2,,,Size,120x170,,1,,,,,,,,,,,,,,,,,,,,,,,,,,,,,,,,,,,,,120x170,,,,,,,,,,,,,,,,,,,,,,,,103781,,,,,,,,,,,,,,,,,,,
46674,variation,56914230,,D-sign Rug 1D1082 Grey - 140x190,1,0,hidden,,D-sign Rug 1D1082 Grey 140x190 cm,,,taxable,parent,0,0,,0,0,,190,140,1.5,0,,,1708,,,,,,,56909627-H,,,,,,3,,,Size,140x190,,1,,,,,,,,,,,,,,,,,,,,,,,,,,,,,,,,,,,,,140x190,,,,,,,,,,,,,,,,,,,,,,,,103782,,,,,,,,,,,,,,,,,,,
46675,variation,56914223,,D-sign Rug 1D1082 Grey - 160x220,1,0,hidden,,D-sign Rug 1D1082 Grey 160x220 cm,,,taxable,parent,0,0,,0,0,,220,160,1.5,0,,,2132,,,,,,,56909627-H,,,,,,4,,,Size,160x220,,1,,,,,,,,,,,,,,,,,,,,,,,,,,,,,,,,,,,,,160x220,,,,,,,,,,,,,,,,,,,,,,,,103783,,,,,,,,,,,,,,,,,,,
46676,variation,56914228,,D-sign Rug 1D1082 Grey - 180x270,1,0,hidden,,D-sign Rug 1D1082 Grey 180x270 cm,,,taxable,parent,0,0,,0,0,,270,180,1.5,0,,,2836,,,,,,,56909627-H,,,,,,5,,,Size,180x270,,1,,,,,,,,,,,,,,,,,,,,,,,,,,,,,,,,,,,,,180x270,,,,,,,,,,,,,,,,,,,,,,,,103784,,,,,,,,,,,,,,,,,,,
46677,variation,56914227,,D-sign Rug 1D1082 Grey - 200x290,1,0,hidden,,D-sign Rug 1D1082 Grey 200x290 cm,,,taxable,parent,0,0,,0,0,,290,200,1.5,0,,,3356,,,,,,,56909627-H,,,,,,6,,,Size,200x290,,1,,,,,,,,,,,,,,,,,,,,,,,,,,,,,,,,,,,,,200x290,,,,,,,,,,,,,,,,,,,,,,,,103785,,,,,,,,,,,,,,,,,,,
46678,variation,56914229,,D-sign Rug 1D1082 Grey - 240x330,1,0,hidden,,D-sign Rug 1D1082 Grey 240x330 cm,,,taxable,parent,0,0,,0,0,,330,240,1.5,0,,,4884,,,,,,,56909627-H,,,,,,7,,,Size,240x330,,1,,,,,,,,,,,,,,,,,,,,,,,,,,,,,,,,,,,,,240x330,,,,,,,,,,,,,,,,,,,,,,,,103786,,,,,,,,,,,,,,,,,,,
46679,variation,56914224,,D-sign Rug 1D1082 Grey - 280x370,1,0,hidden,,D-sign Rug 1D1082 Grey 280x370 cm,,,taxable,parent,0,0,,0,0,,370,280,1.5,0,,,6100,,,,,,,56909627-H,,,,,,8,,,Size,280x370,,1,,,,,,,,,,,,,,,,,,,,,,,,,,,,,,,,,,,,,280x370,,,,,,,,,,,,,,,,,,,,,,,,103787,,,,,,,,,,,,,,,,,,,
46698,variable,56909652-H,,D-sign Rug 1D1087 Grey,1,0,hidden,D-sign Rug 1D1087 Grey ,D-sign Rug 1D1087 Grey ,,,taxable,,0,,,0,0,,,,,1,,,,"Rooms > Bedroom, Rooms > Living room, Rugs > Modern, Rugs",,,"https://rugshop.eu/wp-content/uploads/2021/10/modern-mefe-carpet-circle-6182-concrete-structural-two-levels-of-fleece-grey.jpg, https://rugshop.eu/wp-content/uploads/2021/10/modern-mefe-carpet-circle-6182-concrete-structural-two-levels-of-fleece-grey-1.jpg, https://rugshop.eu/wp-content/uploads/2021/10/modern-mefe-carpet-circle-6182-concrete-structural-two-levels-of-fleece-grey-2.jpg, https://rugshop.eu/wp-content/uploads/2021/10/modern-mefe-carpet-circle-6182-concrete-structural-two-levels-of-fleece-grey-3.jpg",,,,,,,,,1496,,,Size,"100, 120, 160, 200",1,1,Brand,D-sign,1,1,Color,Black-Grey,1,1,Type of color,Multicolor,1,1,Shape,Round,1,1,Material,Polypropen,1,1,Type of rug,Modern,1,1,Weave,Machinemade,1,1,Age,New,1,1,,,,,,,,,,,,,,,,,1786456934,yes,yes,,,,,,,,,,,,,,,,,,,,,,,,,,,,,
46699,variable,56909651-H,,D-sign Rug 1D1088 Grey,1,0,hidden,D-sign Rug 1D1088 Grey ,D-sign Rug 1D1088 Grey ,,,taxable,,0,,,0,0,,,,,1,,,,"Rooms > Bedroom, Rooms > Living room, Rugs > Modern, Rugs",,,"https://rugshop.eu/wp-content/uploads/2021/10/modern-mefe-carpet-circle-6184-paving-brick-structural-two-levels-of-fleece-dark-grey.jpg, https://rugshop.eu/wp-content/uploads/2021/10/modern-mefe-carpet-circle-6184-paving-brick-structural-two-levels-of-fleece-dark-grey-1.jpg, https://rugshop.eu/wp-content/uploads/2021/10/modern-mefe-carpet-circle-6184-paving-brick-structural-two-levels-of-fleece-dark-grey-2.jpg, https://rugshop.eu/wp-content/uploads/2021/10/modern-mefe-carpet-circle-6184-paving-brick-structural-two-levels-of-fleece-dark-grey-3.jpg",,,,,,,,,1497,,,Size,"100, 120, 160, 200",1,1,Brand,D-sign,1,1,Color,Black-Grey,1,1,Type of color,Multicolor,1,1,Shape,Round,1,1,Material,Polypropen,1,1,Type of rug,Modern,1,1,Weave,Machinemade,1,1,Age,New,1,1,,,,,,,,,,,,,,,,,1786456936,yes,yes,,,,,,,,,,,,,,,,,,,,,,,,,,,,,
46700,variable,56909653-H,,D-sign Rug 1D1089 Grey,1,0,hidden,D-sign Rug 1D1089 Grey ,D-sign Rug 1D1089 Grey ,,,taxable,,0,,,0,0,,,,,1,,,,"Rooms > Bedroom, Rooms > Living room, Rugs > Modern, Rugs",,,"https://rugshop.eu/wp-content/uploads/2021/10/modern-mefe-carpet-circle-6185-tree-wood-structural-two-levels-of-fleece-grey.jpg, https://rugshop.eu/wp-content/uploads/2021/10/modern-mefe-carpet-circle-6185-tree-wood-structural-two-levels-of-fleece-grey-1.jpg, https://rugshop.eu/wp-content/uploads/2021/10/modern-mefe-carpet-circle-6185-tree-wood-structural-two-levels-of-fleece-grey-2.jpg, https://rugshop.eu/wp-content/uploads/2021/10/modern-mefe-carpet-circle-6185-tree-wood-structural-two-levels-of-fleece-grey-3.jpg",,,,,,,,,1498,,,Size,"100, 120, 160, 200",1,1,Brand,D-sign,1,1,Color,Black-Grey,1,1,Type of color,Multicolor,1,1,Shape,Round,1,1,Material,Polypropen,1,1,Type of rug,Modern,1,1,Weave,Machinemade,1,1,Age,New,1,1,,,,,,,,,,,,,,,,,1786456932,yes,yes,,,,,,,,,,,,,,,,,,,,,,,,,,,,,
46701,variable,56909657-H,,D-sign Rug 1D1090 Grey,1,0,hidden,D-sign Rug 1D1090 Grey ,D-sign Rug 1D1090 Grey ,,,taxable,,0,,,0,0,,,,,1,,,,"Rooms > Bedroom, Rooms > Living room, Rugs > Modern, Rugs, Rugs > Vintage",,,"https://rugshop.eu/wp-content/uploads/2021/10/modern-mefe-carpet-circle-8722-lines-vintage-structural-two-levels-of-fleece-grey-white.jpg, https://rugshop.eu/wp-content/uploads/2021/10/modern-mefe-carpet-circle-8722-lines-vintage-structural-two-levels-of-fleece-grey-white-1.jpg, https://rugshop.eu/wp-content/uploads/2021/10/modern-mefe-carpet-circle-8722-lines-vintage-structural-two-levels-of-fleece-grey-white-2.jpg, https://rugshop.eu/wp-content/uploads/2021/10/modern-mefe-carpet-circle-8722-lines-vintage-structural-two-levels-of-fleece-grey-white-3.jpg",,,,,,,,,1499,,,Size,"100, 120, 160, 200",1,1,Brand,D-sign,1,1,Color,Black-Grey,1,1,Type of color,Multicolor,1,1,Shape,Round,1,1,Material,Polypropen,1,1,Type of rug,"Modern, Vintage / Colored Vintage",1,1,Weave,Machinemade,1,1,Age,New,1,1,,,,,,,,,,,,,,,,,1786456937,yes,yes,,,,,,,,,,,,,,,,,,,,,,,,,,,,,
46702,variation,56909634,,D-sign Rug 1D1084 Grey - 100,1,0,hidden,,D-sign Rug 1D1084 Grey 100 cm,,,taxable,parent,0,0,,0,0,,100,100,0.8,0,,,620,,,,,,,56909634-H,,,,,,1,,,Size,100,,1,,,,,,,,,,,,,,,,,,,,,,,,,,,,,,,,,,,,,100,,,,,,,,,,,,1786455701,,,,,,,,,,,,103812,,,,,,,,,,,,,,,,,,,
46703,variation,56914243,,D-sign Rug 1D1084 Grey - 120,1,0,hidden,,D-sign Rug 1D1084 Grey 120 cm,,,taxable,parent,0,0,,0,0,,120,120,0.8,0,,,716,,,,,,,56909634-H,,,,,,2,,,Size,120,,1,,,,,,,,,,,,,,,,,,,,,,,,,,,,,,,,,,,,,120,,,,,,,,,,,,1786456857,,,,,,,,,,,,103813,,,,,,,,,,,,,,,,,,,
46704,variation,56909643,,D-sign Rug 1D1084 Grey - 160,1,0,hidden,,D-sign Rug 1D1084 Grey 160 cm,,,taxable,parent,0,0,,0,0,,160,160,0.8,0,,,980,,,,,,,56909634-H,,,,,,3,,,Size,160,,1,,,,,,,,,,,,,,,,,,,,,,,,,,,,,,,,,,,,,160,,,,,,,,,,,,1786455702,,,,,,,,,,,,103814,,,,,,,,,,,,,,,,,,,
46705,variation,56909639,,D-sign Rug 1D1084 Grey - 200,1,0,hidden,,D-sign Rug 1D1084 Grey 200 cm,,,taxable,parent,0,0,,0,0,,200,200,0.8,0,,,1324,,,,,,,56909634-H,,,,,,4,,,Size,200,,1,,,,,,,,,,,,,,,,,,,,,,,,,,,,,,,,,,,,,200,,,,,,,,,,,,1786455702,,,,,,,,,,,,103815,,,,,,,,,,,,,,,,,,,
46711,variation,56909638,,D-sign Rug 1D1085 Grey - 100,1,0,hidden,,D-sign Rug 1D1085 Grey 100 cm,,,taxable,parent,0,0,,0,0,,100,100,0.8,0,,,620,,,,,,,56909638-H,,,,,,1,,,Size,100,,1,,,,,,,,,,,,,,,,,,,,,,,,,,,,,,,,,,,,,100,,,,,,,,,,,,1786455701,,,,,,,,,,,,103824,,,,,,,,,,,,,,,,,,,
46712,variation,56914268,,D-sign Rug 1D1085 Grey - 120,1,0,hidden,,D-sign Rug 1D1085 Grey 120 cm,,,taxable,parent,0,0,,0,0,,120,120,0.8,0,,,716,,,,,,,56909638-H,,,,,,2,,,Size,120,,1,,,,,,,,,,,,,,,,,,,,,,,,,,,,,,,,,,,,,120,,,,,,,,,,,,1786456916,,,,,,,,,,,,104461,,,,,,,,,,,,,,,,,,,
46713,variation,56914245,,D-sign Rug 1D1085 Grey - 160,1,0,hidden,,D-sign Rug 1D1085 Grey 160 cm,,,taxable,parent,0,0,,0,0,,160,160,0.8,0,,,980,,,,,,,56909638-H,,,,,,3,,,Size,160,,1,,,,,,,,,,,,,,,,,,,,,,,,,,,,,,,,,,,,,160,,,,,,,,,,,,1786456908,,,,,,,,,,,,103825,,,,,,,,,,,,,,,,,,,
46714,variation,56914251,,D-sign Rug 1D1085 Grey - 200,1,0,hidden,,D-sign Rug 1D1085 Grey 200 cm,,,taxable,parent,0,0,,0,0,,200,200,0.8,0,,,1324,,,,,,,56909638-H,,,,,,4,,,Size,200,,1,,,,,,,,,,,,,,,,,,,,,,,,,,,,,,,,,,,,,200,,,,,,,,,,,,1786456909,,,,,,,,,,,,103826,,,,,,,,,,,,,,,,,,,
46720,variable,56909654-H,,D-sign Rug 1D1091 Grey,1,0,hidden,D-sign Rug 1D1091 Grey ,D-sign Rug 1D1091 Grey ,,,taxable,,0,,,0,0,,,,,1,,,,"Rooms > Bedroom, Rooms > Living room, Rugs > Modern, Rugs, Rugs > Vintage",,,"https://rugshop.eu/wp-content/uploads/2021/10/modern-mefe-carpet-circle-8724-ornament-vintage-structural-two-levels-of-fleece-grey.jpg, https://rugshop.eu/wp-content/uploads/2021/10/modern-mefe-carpet-circle-8724-ornament-vintage-structural-two-levels-of-fleece-grey-1.jpg, https://rugshop.eu/wp-content/uploads/2021/10/modern-mefe-carpet-circle-8724-ornament-vintage-structural-two-levels-of-fleece-grey-2.jpg, https://rugshop.eu/wp-content/uploads/2021/10/modern-mefe-carpet-circle-8724-ornament-vintage-structural-two-levels-of-fleece-grey-3.jpg",,,,,,,,,1500,,,Size,"100, 120, 160, 200",1,1,Brand,D-sign,1,1,Color,Black-Grey,1,1,Type of color,Multicolor,1,1,Shape,Round,1,1,Material,Polypropen,1,1,Type of rug,"Modern, Vintage / Colored Vintage",1,1,Weave,Machinemade,1,1,Age,New,1,1,,,,,,,,,,,,,,,,,1786455717,yes,yes,,,,,,,,,classic-editor,,,,,,,,,,,,,,,,,,,,
46731,variation,56909652,,D-sign Rug 1D1087 Grey - 100,1,0,hidden,,D-sign Rug 1D1087 Grey 100 cm,,,taxable,parent,0,0,,0,0,,100,100,0.8,0,,,620,,,,,,,56909652-H,,,,,,1,,,Size,100,,1,,,,,,,,,,,,,,,,,,,,,,,,,,,,,,,,,,,,,100,,,,,,,,,,,,1786455703,,,,,,,,,,,,103874,,,,,,,,,,,,,,,,,,,
46732,variation,56914263,,D-sign Rug 1D1087 Grey - 120,1,0,hidden,,D-sign Rug 1D1087 Grey 120 cm,,,taxable,parent,0,0,,0,0,,120,120,0.8,0,,,716,,,,,,,56909652-H,,,,,,2,,,Size,120,,1,,,,,,,,,,,,,,,,,,,,,,,,,,,,,,,,,,,,,120,,,,,,,,,,,,1786456912,,,,,,,,,,,,103875,,,,,,,,,,,,,,,,,,,
46733,variation,56914266,,D-sign Rug 1D1087 Grey - 160,1,0,hidden,,D-sign Rug 1D1087 Grey 160 cm,,,taxable,parent,0,0,,0,0,,160,160,0.8,0,,,980,,,,,,,56909652-H,,,,,,3,,,Size,160,,1,,,,,,,,,,,,,,,,,,,,,,,,,,,,,,,,,,,,,160,,,,,,,,,,,,1786456914,,,,,,,,,,,,103876,,,,,,,,,,,,,,,,,,,
46734,variation,56914269,,D-sign Rug 1D1087 Grey - 200,1,0,hidden,,D-sign Rug 1D1087 Grey 200 cm,,,taxable,parent,0,0,,0,0,,200,200,0.8,0,,,1324,,,,,,,56909652-H,,,,,,4,,,Size,200,,1,,,,,,,,,,,,,,,,,,,,,,,,,,,,,,,,,,,,,200,,,,,,,,,,,,1786456916,,,,,,,,,,,,103877,,,,,,,,,,,,,,,,,,,
46740,variable,56909660-H,,D-sign Rug 1D1073 Blue,1,0,hidden,D-sign Rug 1D1073 Blue ,D-sign Rug 1D1073 Blue ,,,taxable,,0,,,0,0,,,,,0,,,,"Rooms > Kitchen, Rooms > Living room, Rugs > Modern, Rugs, Rugs > Sisal",,,"https://rugshop.eu/wp-content/uploads/2021/10/carpet-sisal-loft-21198-boho-circle-ivory-silver-blue.jpg, https://rugshop.eu/wp-content/uploads/2021/10/carpet-sisal-loft-21198-boho-circle-ivory-silver-blue-1.jpg, https://rugshop.eu/wp-content/uploads/2021/10/carpet-sisal-loft-21198-boho-circle-ivory-silver-blue-2.jpg, https://rugshop.eu/wp-content/uploads/2021/10/carpet-sisal-loft-21198-boho-circle-ivory-silver-blue-3.jpg",,,,,,,,,1482,,,Size,"120, 160",1,1,Brand,D-sign,1,1,Color,Blue,1,1,Type of color,Singlecolor,1,1,Shape,Round,1,1,Material,Polypropen,1,1,Type of rug,"Modern, Sisal",1,1,Weave,Machinemade,1,1,Age,New,1,1,,,,,,,,,default,default,default,default,,,,,1786456944,yes,yes,,,,,,,,,classic-editor,,,,,,,,,,,,,,,,,,,,
46741,variable,56909659-H,,D-sign Rug 1D1093 Beige,1,0,hidden,D-sign Rug 1D1093 Beige ,D-sign Rug 1D1093 Beige ,,,taxable,,0,,,0,0,,,,,1,,,,"Rooms > Bedroom, Rooms > Living room, Rugs, Rugs > Traditional",,,"https://rugshop.eu/wp-content/uploads/2021/10/carpet-soft-6019-flowers-frame-beige-blue-red.jpg, https://rugshop.eu/wp-content/uploads/2021/10/carpet-soft-6019-flowers-frame-beige-blue-red-1.jpg, https://rugshop.eu/wp-content/uploads/2021/10/carpet-soft-6019-flowers-frame-beige-blue-red-2.jpg, https://rugshop.eu/wp-content/uploads/2021/10/carpet-soft-6019-flowers-frame-beige-blue-red-3.jpg",,,,,,,,,1502,,,Size,"120x170, 140x190, 160x220, 180x270, 200x290, 240x330, 280x370, 80x150",1,1,Brand,D-sign,1,1,Color,White-Beige,1,1,Type of color,Multicolor,1,1,Shape,Rectangular,1,1,Material,Polypropen,1,1,Type of rug,Traditional,1,1,Weave,Machinemade,1,1,Country,Turkey,1,1,Age,New,1,1,,,,,,,,,,,,,1786456941,yes,yes,,,,,,,,,,,,,,,,,,,,,,,,,,,,,
46742,variation,56909651,,D-sign Rug 1D1088 Grey - 100,1,0,hidden,,D-sign Rug 1D1088 Grey 100 cm,,,taxable,parent,0,0,,0,0,,100,100,0.8,0,,,620,,,,,,,56909651-H,,,,,,1,,,Size,100,,1,,,,,,,,,,,,,,,,,,,,,,,,,,,,,,,,,,,,,100,,,,,,,,,,,,1786455702,,,,,,,,,,,,103886,,,,,,,,,,,,,,,,,,,
46743,variation,56914267,,D-sign Rug 1D1088 Grey - 120,1,0,hidden,,D-sign Rug 1D1088 Grey 120 cm,,,taxable,parent,0,0,,0,0,,120,120,0.8,0,,,716,,,,,,,56909651-H,,,,,,2,,,Size,120,,1,,,,,,,,,,,,,,,,,,,,,,,,,,,,,,,,,,,,,120,,,,,,,,,,,,1786456915,,,,,,,,,,,,103887,,,,,,,,,,,,,,,,,,,
46744,variation,56914265,,D-sign Rug 1D1088 Grey - 160,1,0,hidden,,D-sign Rug 1D1088 Grey 160 cm,,,taxable,parent,0,0,,0,0,,160,160,0.8,0,,,980,,,,,,,56909651-H,,,,,,3,,,Size,160,,1,,,,,,,,,,,,,,,,,,,,,,,,,,,,,,,,,,,,,160,,,,,,,,,,,,1786456914,,,,,,,,,,,,103888,,,,,,,,,,,,,,,,,,,
46745,variation,56914264,,D-sign Rug 1D1088 Grey - 200,1,0,hidden,,D-sign Rug 1D1088 Grey 200 cm,,,taxable,parent,0,0,,0,0,,200,200,0.8,0,,,1324,,,,,,,56909651-H,,,,,,4,,,Size,200,,1,,,,,,,,,,,,,,,,,,,,,,,,,,,,,,,,,,,,,200,,,,,,,,,,,,1786456913,,,,,,,,,,,,103889,,,,,,,,,,,,,,,,,,,
46751,variation,56909653,,D-sign Rug 1D1089 Grey - 100,1,0,hidden,,D-sign Rug 1D1089 Grey 100 cm,,,taxable,parent,0,0,,0,0,,100,100,0.8,0,,,620,,,,,,,56909653-H,,,,,,1,,,Size,100,,1,,,,,,,,,,,,,,,,,,,,,,,,,,,,,,,,,,,,,100,,,,,,,,,,,,1786455703,,,,,,,,,,,,103904,,,,,,,,,,,,,,,,,,,
46752,variation,56914262,,D-sign Rug 1D1089 Grey - 120,1,0,hidden,,D-sign Rug 1D1089 Grey 120 cm,,,taxable,parent,0,0,,0,0,,120,120,0.8,0,,,716,,,,,,,56909653-H,,,,,,2,,,Size,120,,1,,,,,,,,,,,,,,,,,,,,,,,,,,,,,,,,,,,,,120,,,,,,,,,,,,1786456911,,,,,,,,,,,,103905,,,,,,,,,,,,,,,,,,,
46753,variation,56909656,,D-sign Rug 1D1089 Grey - 160,1,0,hidden,,D-sign Rug 1D1089 Grey 160 cm,,,taxable,parent,0,0,,0,0,,160,160,0.8,0,,,980,,,,,,,56909653-H,,,,,,3,,,Size,160,,1,,,,,,,,,,,,,,,,,,,,,,,,,,,,,,,,,,,,,160,,,,,,,,,,,,1786455704,,,,,,,,,,,,103906,,,,,,,,,,,,,,,,,,,
46754,variation,56909655,,D-sign Rug 1D1089 Grey - 200,1,0,hidden,,D-sign Rug 1D1089 Grey 200 cm,,,taxable,parent,0,0,,0,0,,200,200,0.8,0,,,1324,,,,,,,56909653-H,,,,,,4,,,Size,200,,1,,,,,,,,,,,,,,,,,,,,,,,,,,,,,,,,,,,,,200,,,,,,,,,,,,1786455704,,,,,,,,,,,,103907,,,,,,,,,,,,,,,,,,,
46761,variation,56909657,,D-sign Rug 1D1090 Grey - 100,1,0,hidden,,D-sign Rug 1D1090 Grey 100 cm,,,taxable,parent,0,0,,0,0,,100,100,0.8,0,,,620,,,,,,,56909657-H,,,,,,1,,,Size,100,,1,,,,,,,,,,,,,,,,,,,,,,,,,,,,,,,,,,,,,100,,,,,,,,,,,,1786455704,,,,,,,,,,,,103917,,,,,,,,,,,,,,,,,,,
46762,variation,56914291,,D-sign Rug 1D1090 Grey - 120,1,0,hidden,,D-sign Rug 1D1090 Grey 120 cm,,,taxable,parent,0,0,,0,0,,120,120,0.8,0,,,716,,,,,,,56909657-H,,,,,,2,,,Size,120,,1,,,,,,,,,,,,,,,,,,,,,,,,,,,,,,,,,,,,,120,,,,,,,,,,,,1786456921,,,,,,,,,,,,103918,,,,,,,,,,,,,,,,,,,
46763,variation,56914270,,D-sign Rug 1D1090 Grey - 160,1,0,hidden,,D-sign Rug 1D1090 Grey 160 cm,,,taxable,parent,0,0,,0,0,,160,160,0.8,0,,,980,,,,,,,56909657-H,,,,,,3,,,Size,160,,1,,,,,,,,,,,,,,,,,,,,,,,,,,,,,,,,,,,,,160,,,,,,,,,,,,1786456917,,,,,,,,,,,,103919,,,,,,,,,,,,,,,,,,,
46764,variation,56914288,,D-sign Rug 1D1090 Grey - 200,1,0,hidden,,D-sign Rug 1D1090 Grey 200 cm,,,taxable,parent,0,0,,0,0,,200,200,0.8,0,,,1324,,,,,,,56909657-H,,,,,,4,,,Size,200,,1,,,,,,,,,,,,,,,,,,,,,,,,,,,,,,,,,,,,,200,,,,,,,,,,,,1786456919,,,,,,,,,,,,103920,,,,,,,,,,,,,,,,,,,
46770,variation,56909654,,D-sign Rug 1D1091 Grey - 100,1,0,hidden,,D-sign Rug 1D1091 Grey 100 cm,,,taxable,parent,0,0,,0,0,,100,100,0.8,0,,,620,,,,,,,56909654-H,,,,,,1,,,Size,100,,1,,,,,,,,,,,,,,,,,,,,,,,,,,,,,,,,,,,,,100,,,,,,,,,,,,1786455703,,,,,,,,,,,,103929,,,,,,,,,,,,,,,,,,,
46771,variation,56914271,,D-sign Rug 1D1091 Grey - 120,1,0,hidden,,D-sign Rug 1D1091 Grey 120 cm,,,taxable,parent,0,0,,0,0,,120,120,0.8,0,,,716,,,,,,,56909654-H,,,,,,2,,,Size,120,,1,,,,,,,,,,,,,,,,,,,,,,,,,,,,,,,,,,,,,120,,,,,,,,,,,,,,,,,,,,,,,,103930,,,,,,,,,,,,,,,,,,,
46772,variation,56914284,,D-sign Rug 1D1091 Grey - 160,1,0,hidden,,D-sign Rug 1D1091 Grey 160 cm,,,taxable,parent,0,0,,0,0,,160,160,0.8,0,,,980,,,,,,,56909654-H,,,,,,3,,,Size,160,,1,,,,,,,,,,,,,,,,,,,,,,,,,,,,,,,,,,,,,160,,,,,,,,,,,,,,,,,,,,,,,,103931,,,,,,,,,,,,,,,,,,,
46773,variation,56914287,,D-sign Rug 1D1091 Grey - 200,1,0,hidden,,D-sign Rug 1D1091 Grey 200 cm,,,taxable,parent,0,0,,0,0,,200,200,0.8,0,,,1324,,,,,,,56909654-H,,,,,,4,,,Size,200,,1,,,,,,,,,,,,,,,,,,,,,,,,,,,,,,,,,,,,,200,,,,,,,,,,,,,,,,,,,,,,,,103932,,,,,,,,,,,,,,,,,,,
46783,variable,56909658-H,,D-sign Rug 1D1092 Grey,1,0,hidden,D-sign Rug 1D1092 Grey ,D-sign Rug 1D1092 Grey ,,,taxable,,0,,,0,0,,,,,1,,,,"Rooms > Bedroom, Rooms > Living room, Rugs > Modern, Rugs",,,"https://rugshop.eu/wp-content/uploads/2021/10/modern-mefe-carpet-circle-8725-circles-fingerprint-structural-two-levels-of-fleece-grey.jpg, https://rugshop.eu/wp-content/uploads/2021/10/modern-mefe-carpet-circle-8725-circles-fingerprint-structural-two-levels-of-fleece-grey-1.jpg, https://rugshop.eu/wp-content/uploads/2021/10/modern-mefe-carpet-circle-8725-circles-fingerprint-structural-two-levels-of-fleece-grey-2.jpg, https://rugshop.eu/wp-content/uploads/2021/10/modern-mefe-carpet-circle-8725-circles-fingerprint-structural-two-levels-of-fleece-grey-3.jpg",,,,,,,,,1501,,,Size,"100, 120, 160, 200",1,1,Brand,D-sign,1,1,Color,Black-Grey,1,1,Type of color,Multicolor,1,1,Shape,Round,1,1,Material,Polypropen,1,1,Type of rug,Modern,1,1,Weave,Machinemade,1,1,Age,New,1,1,,,,,,,,,,,,,,,,,1786456939,yes,yes,,,,,,,,,,,,,,,,,,,,,,,,,,,,,
46786,variation,56909658,,D-sign Rug 1D1092 Grey - 100,1,0,hidden,,D-sign Rug 1D1092 Grey 100 cm,,,taxable,parent,0,0,,0,0,,100,100,0.8,0,,,620,,,,,,,56909658-H,,,,,,1,,,Size,100,,1,,,,,,,,,,,,,,,,,,,,,,,,,,,,,,,,,,,,,100,,,,,,,,,,,,1786455705,,,,,,,,,,,,103945,,,,,,,,,,,,,,,,,,,
46787,variation,56914283,,D-sign Rug 1D1092 Grey - 120,1,0,hidden,,D-sign Rug 1D1092 Grey 120 cm,,,taxable,parent,0,0,,0,0,,120,120,0.8,0,,,716,,,,,,,56909658-H,,,,,,2,,,Size,120,,1,,,,,,,,,,,,,,,,,,,,,,,,,,,,,,,,,,,,,120,,,,,,,,,,,,1786456918,,,,,,,,,,,,103947,,,,,,,,,,,,,,,,,,,
46788,variation,56914285,,D-sign Rug 1D1092 Grey - 160,1,0,hidden,,D-sign Rug 1D1092 Grey 160 cm,,,taxable,parent,0,0,,0,0,,160,160,0.8,0,,,980,,,,,,,56909658-H,,,,,,3,,,Size,160,,1,,,,,,,,,,,,,,,,,,,,,,,,,,,,,,,,,,,,,160,,,,,,,,,,,,1786456918,,,,,,,,,,,,103948,,,,,,,,,,,,,,,,,,,
46789,variation,56914286,,D-sign Rug 1D1092 Grey - 200,1,0,hidden,,D-sign Rug 1D1092 Grey 200 cm,,,taxable,parent,0,0,,0,0,,200,200,0.8,0,,,1324,,,,,,,56909658-H,,,,,,4,,,Size,200,,1,,,,,,,,,,,,,,,,,,,,,,,,,,,,,,,,,,,,,200,,,,,,,,,,,,1786456919,,,,,,,,,,,,103949,,,,,,,,,,,,,,,,,,,
46796,variation,56909660,,D-sign Rug 1D1073 Blue - 120,1,0,hidden,,D-sign Rug 1D1073 Blue 120 cm,,,taxable,parent,0,0,,0,0,,120,120,0.6,0,,,956,,,,,,,56909660-H,,,,,,1,,,Size,120,,1,,,,,,,,,,,,,,,,,,,,,,,,,,,,,,,,,,,,,120,,,,,,,,,,,,1786455705,,,,,,,,,,,,104007,,,,,,,,,,,,,,,,,,,
46797,variation,56914292,,D-sign Rug 1D1073 Blue - 160,1,0,hidden,,D-sign Rug 1D1073 Blue 160 cm,,,taxable,parent,0,0,,0,0,,160,160,0.6,0,,,1380,,,,,,,56909660-H,,,,,,2,,,Size,160,,1,,,,,,,,,,,,,,,,,,,,,,,,,,,,,,,,,,,,,160,,,,,,,,,,,,1786456922,,,,,,,,,,,,104008,,,,,,,,,,,,,,,,,,,
46803,variation,56909659,,D-sign Rug 1D1093 Beige - 80x150,1,0,hidden,,D-sign Rug 1D1093 Beige 80x150 cm,,,taxable,parent,0,0,,0,0,,150,80,1.5,0,,,1004,,,,,,,56909659-H,,,,,,1,,,Size,80x150,,1,,,,,,,,,,,,,,,,,,,,,,,,,,,,,,,,,,,,,80x150,,,,,,,,,,,,,,,,,,,,,,,,104021,,,,,,,,,,,,,,,,,,,
46804,variation,56914290,,D-sign Rug 1D1093 Beige - 120x170,1,0,hidden,,D-sign Rug 1D1093 Beige 120x170 cm,,,taxable,parent,0,0,,0,0,,170,120,1.5,0,,,1428,,,,,,,56909659-H,,,,,,2,,,Size,120x170,,1,,,,,,,,,,,,,,,,,,,,,,,,,,,,,,,,,,,,,120x170,,,,,,,,,,,,1786456920,,,,,,,,,,,,104022,,,,,,,,,,,,,,,,,,,
46805,variation,56914289,,D-sign Rug 1D1093 Beige - 140x190,1,0,hidden,,D-sign Rug 1D1093 Beige 140x190 cm,,,taxable,parent,0,0,,0,0,,190,140,1.5,0,,,1708,,,,,,,56909659-H,,,,,,3,,,Size,140x190,,1,,,,,,,,,,,,,,,,,,,,,,,,,,,,,,,,,,,,,140x190,,,,,,,,,,,,,,,,,,,,,,,,104023,,,,,,,,,,,,,,,,,,,
46806,variation,56914316,,D-sign Rug 1D1093 Beige - 160x220,1,0,hidden,,D-sign Rug 1D1093 Beige 160x220 cm,,,taxable,parent,0,0,,0,0,,220,160,1.5,0,,,2132,,,,,,,56909659-H,,,,,,4,,,Size,160x220,,1,,,,,,,,,,,,,,,,,,,,,,,,,,,,,,,,,,,,,160x220,,,,,,,,,,,,,,,,,,,,,,,,104024,,,,,,,,,,,,,,,,,,,
46807,variation,56909664,,D-sign Rug 1D1093 Beige - 180x270,1,0,hidden,,D-sign Rug 1D1093 Beige 180x270 cm,,,taxable,parent,0,0,,0,0,,270,180,1.5,0,,,2836,,,,,,,56909659-H,,,,,,5,,,Size,180x270,,1,,,,,,,,,,,,,,,,,,,,,,,,,,,,,,,,,,,,,180x270,,,,,,,,,,,,,,,,,,,,,,,,104025,,,,,,,,,,,,,,,,,,,
46808,variation,56909663,,D-sign Rug 1D1093 Beige - 200x290,1,0,hidden,,D-sign Rug 1D1093 Beige 200x290 cm,,,taxable,parent,0,0,,0,0,,290,200,1.5,0,,,3356,,,,,,,56909659-H,,,,,,6,,,Size,200x290,,1,,,,,,,,,,,,,,,,,,,,,,,,,,,,,,,,,,,,,200x290,,,,,,,,,,,,,,,,,,,,,,,,104026,,,,,,,,,,,,,,,,,,,
46809,variation,56909662,,D-sign Rug 1D1093 Beige - 240x330,1,0,hidden,,D-sign Rug 1D1093 Beige 240x330 cm,,,taxable,parent,0,0,,0,0,,330,240,1.5,0,,,4884,,,,,,,56909659-H,,,,,,7,,,Size,240x330,,1,,,,,,,,,,,,,,,,,,,,,,,,,,,,,,,,,,,,,240x330,,,,,,,,,,,,,,,,,,,,,,,,104027,,,,,,,,,,,,,,,,,,,
46810,variation,56909665,,D-sign Rug 1D1093 Beige - 280x370,1,0,hidden,,D-sign Rug 1D1093 Beige 280x370 cm,,,taxable,parent,0,0,,0,0,,370,280,1.5,0,,,6100,,,,,,,56909659-H,,,,,,8,,,Size,280x370,,1,,,,,,,,,,,,,,,,,,,,,,,,,,,,,,,,,,,,,280x370,,,,,,,,,,,,,,,,,,,,,,,,104028,,,,,,,,,,,,,,,,,,,
46816,variable,56909675-H,,D-sign Rug 1D0817 Brown,1,0,hidden,D-sign Rug 1D0817 Brown,D-sign Rug 1D0817 Brown,,,taxable,,0,,,0,0,,,,,0,,,,"Rooms > Bedroom, Rugs > Modern, Rugs",,,"https://rugshop.eu/wp-content/uploads/2021/10/carpet-bunny-taupe-beige-imitation-of-rabbit-fur.jpg, https://rugshop.eu/wp-content/uploads/2021/10/carpet-bunny-taupe-beige-imitation-of-rabbit-fur-1.jpg, https://rugshop.eu/wp-content/uploads/2021/10/carpet-bunny-taupe-beige-imitation-of-rabbit-fur-2.jpg, https://rugshop.eu/wp-content/uploads/2021/10/carpet-bunny-taupe-beige-imitation-of-rabbit-fur-3.jpg",,,,,,,,,1240,,,Size,"120x170, 140x190, 160x220, 180x270, 200x290, 60x100, 80x150",1,1,Brand,D-sign,1,1,Color,Yellow-Brown,1,1,Type of color,Singlecolor,1,1,Shape,Rectangular,1,1,Material,Polyester,1,1,Type of rug,Modern,1,1,Weave,Machinemade,1,1,Country,China,1,1,Age,New,1,1,,,,,default,default,default,default,,,,,1786456953,yes,yes,,,,,,,,,,,,,,,,,,,,,,,,,,,,,
46843,variable,56909679-H,,D-sign Rug 1D1097 Black,1,0,hidden,D-sign Rug 1D1097 Black,D-sign Rug 1D1097 Black,,,taxable,,0,,,0,0,,,,,0,,,,"Rooms > Bedroom, Rugs > Modern, Rugs",,,"https://rugshop.eu/wp-content/uploads/2021/10/carpet-bunny-black-imitation-of-rabbit-fur.jpg, https://rugshop.eu/wp-content/uploads/2021/10/carpet-bunny-black-imitation-of-rabbit-fur-1.jpg, https://rugshop.eu/wp-content/uploads/2021/10/carpet-bunny-black-imitation-of-rabbit-fur-2.jpg, https://rugshop.eu/wp-content/uploads/2021/10/carpet-bunny-black-imitation-of-rabbit-fur-3.jpg",,,,,,,,,1506,,,Size,"120x170, 140x190, 160x220, 180x270, 200x290, 60x100, 80x150",1,1,Brand,D-sign,1,1,Color,Black-Grey,1,1,Type of color,Singlecolor,1,1,Shape,Rectangular,1,1,Material,Polyester,1,1,Type of rug,Modern,1,1,Weave,Machinemade,1,1,Country,China,1,1,Age,New,1,1,,,,,default,default,default,default,,,,,1786456949,yes,yes,,,,,,,,,classic-editor,,,,,,,,,,,,,,,,,,,,
46844,variable,56914360-H,,D-sign Rug 1D1098 Black,1,0,hidden,D-sign Rug 1D1098 Black,D-sign Rug 1D1098 Black,,,taxable,,0,,,0,0,,,,,0,,,,"Rooms > Bedroom, Rooms > Living room, Rugs > Modern, Rugs",,,"https://rugshop.eu/wp-content/uploads/2021/10/carpet-bunny-circle-black-imitation-of-rabbit-fur.jpg, https://rugshop.eu/wp-content/uploads/2021/10/carpet-bunny-circle-black-imitation-of-rabbit-fur-1.jpg, https://rugshop.eu/wp-content/uploads/2021/10/carpet-bunny-circle-black-imitation-of-rabbit-fur-2.jpg, https://rugshop.eu/wp-content/uploads/2021/10/carpet-bunny-circle-black-imitation-of-rabbit-fur-3.jpg",,,,,,,,,1507,,,Size,"100, 120, 140, 160, 80",1,1,Brand,D-sign,1,1,Color,Black-Grey,1,1,Type of color,Singlecolor,1,1,Shape,Round,1,1,Material,Polyester,1,1,Type of rug,Modern,1,1,Weave,Machinemade,1,1,Country,China,1,1,Age,New,1,1,,,,,default,default,default,default,,,,,1786456977,yes,yes,,,,,,,,,classic-editor,,,,,,,,,,,,,,,,,,,,
46858,variation,56909675,,D-sign Rug 1D0817 Brown - 60x100,1,0,hidden,,D-sign Rug 1D0817 Brown 60x100 cm,,,taxable,parent,0,0,,0,0,,100,60,3,0,,,860,,,,,,,56909675-H,,,,,,1,,,Size,60x100,,1,,,,,,,,,,,,,,,,,,,,,,,,,,,,,,,,,,,,,60x100,,,,,,,,,,,,1786455705,,,,,,,,,,,,104139,,,,,,,,,,,,,,,,,,,
46859,variation,56914353,,D-sign Rug 1D0817 Brown - 80x150,1,0,hidden,,D-sign Rug 1D0817 Brown 80x150 cm,,,taxable,parent,0,0,,0,0,,150,80,3,0,,,1324,,,,,,,56909675-H,,,,,,2,,,Size,80x150,,1,,,,,,,,,,,,,,,,,,,,,,,,,,,,,,,,,,,,,80x150,,,,,,,,,,,,1786456925,,,,,,,,,,,,104140,,,,,,,,,,,,,,,,,,,
46860,variation,56909681,,D-sign Rug 1D0817 Brown - 120x170,1,0,hidden,,D-sign Rug 1D0817 Brown 120x170 cm,,,taxable,parent,0,0,,0,0,,170,120,3,0,,,1892,,,,,,,56909675-H,,,,,,3,,,Size,120x170,,1,,,,,,,,,,,,,,,,,,,,,,,,,,,,,,,,,,,,,120x170,,,,,,,,,,,,1786455706,,,,,,,,,,,,104141,,,,,,,,,,,,,,,,,,,
46861,variation,56909684,,D-sign Rug 1D0817 Brown - 140x190,1,0,hidden,,D-sign Rug 1D0817 Brown 140x190 cm,,,taxable,parent,0,0,,0,0,,190,140,3,0,,,2500,,,,,,,56909675-H,,,,,,4,,,Size,140x190,,1,,,,,,,,,,,,,,,,,,,,,,,,,,,,,,,,,,,,,140x190,,,,,,,,,,,,,,,,,,,,,,,,104142,,,,,,,,,,,,,,,,,,,
46862,variation,56909680,,D-sign Rug 1D0817 Brown - 160x220,1,0,hidden,,D-sign Rug 1D0817 Brown 160x220 cm,,,taxable,parent,0,0,,0,0,,220,160,3,0,,,3300,,,,,,,56909675-H,,,,,,5,,,Size,160x220,,1,,,,,,,,,,,,,,,,,,,,,,,,,,,,,,,,,,,,,160x220,,,,,,,,,,,,,,,,,,,,,,,,104143,,,,,,,,,,,,,,,,,,,
46863,variation,56909682,,D-sign Rug 1D0817 Brown - 180x270,1,0,hidden,,D-sign Rug 1D0817 Brown 180x270 cm,,,taxable,parent,0,0,,0,0,,270,180,3,0,,,4236,,,,,,,56909675-H,,,,,,6,,,Size,180x270,,1,,,,,,,,,,,,,,,,,,,,,,,,,,,,,,,,,,,,,180x270,,,,,,,,,,,,,,,,,,,,,,,,104144,,,,,,,,,,,,,,,,,,,
46864,variation,56909683,,D-sign Rug 1D0817 Brown - 200x290,1,0,hidden,,D-sign Rug 1D0817 Brown 200x290 cm,,,taxable,parent,0,0,,0,0,,290,200,3,0,,,5084,,,,,,,56909675-H,,,,,,7,,,Size,200x290,,1,,,,,,,,,,,,,,,,,,,,,,,,,,,,,,,,,,,,,200x290,,,,,,,,,,,,1786455706,,,,,,,,,,,,104138,,,,,,,,,,,,,,,,,,,
46870,variable,56909688-H,,D-sign Rug 1D1099 Brown,1,0,hidden,D-sign Rug 1D1099 Brown ,D-sign Rug 1D1099 Brown ,,,taxable,,0,,,0,0,,,,,1,,,,"Rooms > Bedroom, Rugs > Leather & hides, Rooms > Living room, Rugs",,,"https://rugshop.eu/wp-content/uploads/2021/10/carpet-artificial-cowhide-cow-g4740-1-brown-leather.jpg, https://rugshop.eu/wp-content/uploads/2021/10/carpet-artificial-cowhide-cow-g4740-1-brown-leather-1.jpg, https://rugshop.eu/wp-content/uploads/2021/10/carpet-artificial-cowhide-cow-g4740-1-brown-leather-2.jpg, https://rugshop.eu/wp-content/uploads/2021/10/carpet-artificial-cowhide-cow-g4740-1-brown-leather-3.jpg",,,,,,,,,1508,,,Size,"100x150, 155x195, 180x220",1,1,Brand,D-sign,1,1,Color,Yellow-Brown,1,1,Type of color,Multicolor,1,1,Shape,Rectangular,1,1,Material,Polyester,1,1,Type of rug,Leather / Hide rug,1,1,Weave,Machinemade,1,1,Country,China,1,1,Age,New,1,1,,,,,,,,,,,,,1786456956,yes,yes,,,,,,,,,,,,,,,,,,,,,,,,,,,,,
46871,variable,56909703-H,,D-sign Rug 1D1100 Brown,1,0,hidden,D-sign Rug 1D1100 Brown ,D-sign Rug 1D1100 Brown ,,,taxable,,0,,,0,0,,,,,1,,,,"Rooms > Bedroom, Rugs > Leather & hides, Rooms > Living room, Rugs",,,"https://rugshop.eu/wp-content/uploads/2021/10/carpet-artificial-cowhide-cow-g5067-3-brown-leather.jpg, https://rugshop.eu/wp-content/uploads/2021/10/carpet-artificial-cowhide-cow-g5067-3-brown-leather-1.jpg, https://rugshop.eu/wp-content/uploads/2021/10/carpet-artificial-cowhide-cow-g5067-3-brown-leather-2.jpg, https://rugshop.eu/wp-content/uploads/2021/10/carpet-artificial-cowhide-cow-g5067-3-brown-leather-3.jpg",,,,,,,,,1509,,,Size,"100x150, 155x195, 180x220",1,1,Brand,D-sign,1,1,Color,Yellow-Brown,1,1,Type of color,Multicolor,1,1,Shape,Rectangular,1,1,Material,Polyester,1,1,Type of rug,Leather / Hide rug,1,1,Weave,Machinemade,1,1,Country,China,1,1,Age,New,1,1,,,,,,,,,,,,,1786455746,yes,yes,,,,,,,,,,,,,,,,,,,,,,,,,,,,,
46872,variable,56909697-H,,D-sign Rug 1D1101 Grey,1,0,hidden,D-sign Rug 1D1101 Grey ,D-sign Rug 1D1101 Grey ,,,taxable,,0,,,0,0,,,,,1,,,,"Rooms > Bedroom, Rugs > Leather & hides, Rooms > Living room, Rugs",,,"https://rugshop.eu/wp-content/uploads/2021/10/carpet-artificial-cowhide-cow-g5067-4-grey-leather.jpg, https://rugshop.eu/wp-content/uploads/2021/10/carpet-artificial-cowhide-cow-g5067-4-grey-leather-1.jpg, https://rugshop.eu/wp-content/uploads/2021/10/carpet-artificial-cowhide-cow-g5067-4-grey-leather-2.jpg, https://rugshop.eu/wp-content/uploads/2021/10/carpet-artificial-cowhide-cow-g5067-4-grey-leather-3.jpg",,,,,,,,,1510,,,Size,"100x150, 155x195, 180x220",1,1,Brand,D-sign,1,1,Color,Black-Grey,1,1,Type of color,Multicolor,1,1,Shape,Rectangular,1,1,Material,Polyester,1,1,Type of rug,Leather / Hide rug,1,1,Weave,Machinemade,1,1,Country,China,1,1,Age,New,1,1,,,,,,,,,,,,,1786456957,yes,yes,,,,,,,,,,,,,,,,,,,,,,,,,,,,,
46873,variable,56909698-H,,D-sign Rug 1D1102 Brown,1,0,hidden,D-sign Rug 1D1102 Brown ,D-sign Rug 1D1102 Brown ,,,taxable,,0,,,0,0,,,,,1,,,,"Rooms > Bedroom, Rugs > Leather & hides, Rooms > Living room, Rugs",,,"https://rugshop.eu/wp-content/uploads/2021/10/carpet-artificial-cowhide-cow-g5068-1-brown-leather.jpg, https://rugshop.eu/wp-content/uploads/2021/10/carpet-artificial-cowhide-cow-g5068-1-brown-leather-1.jpg, https://rugshop.eu/wp-content/uploads/2021/10/carpet-artificial-cowhide-cow-g5068-1-brown-leather-2.jpg, https://rugshop.eu/wp-content/uploads/2021/10/carpet-artificial-cowhide-cow-g5068-1-brown-leather-3.jpg",,,,,,,,,1511,,,Size,"100x150, 155x195, 180x220",1,1,Brand,D-sign,1,1,Color,Yellow-Brown,1,1,Type of color,Multicolor,1,1,Shape,Rectangular,1,1,Material,Polyester,1,1,Type of rug,Leather / Hide rug,1,1,Weave,Machinemade,1,1,Country,China,1,1,Age,New,1,1,,,,,,,,,,,,,1786456981,yes,yes,,,,,,,,,,,,,,,,,,,,,,,,,,,,,
46875,variation,56909679,,D-sign Rug 1D1097 Black - 60x100,1,0,hidden,,D-sign Rug 1D1097 Black 60x100 cm,,,taxable,parent,0,0,,0,0,,100,60,3,0,,,860,,,,,,,56909679-H,,,,,,1,,,Size,60x100,,1,,,,,,,,,,,,,,,,,,,,,,,,,,,,,,,,,,,,,60x100,,,,,,,,,,,,1786455706,,,,,,,,,,,,104220,,,,,,,,,,,,,,,,,,,
46876,variation,56914351,,D-sign Rug 1D1097 Black - 80x150,1,0,hidden,,D-sign Rug 1D1097 Black 80x150 cm,,,taxable,parent,0,0,,0,0,,150,80,3,0,,,1324,,,,,,,56909679-H,,,,,,2,,,Size,80x150,,1,,,,,,,,,,,,,,,,,,,,,,,,,,,,,,,,,,,,,80x150,,,,,,,,,,,,1786456923,,,,,,,,,,,,104221,,,,,,,,,,,,,,,,,,,
46877,variation,56914357,,D-sign Rug 1D1097 Black - 120x170,1,0,hidden,,D-sign Rug 1D1097 Black 120x170 cm,,,taxable,parent,0,0,,0,0,,170,120,3,0,,,1892,,,,,,,56909679-H,,,,,,3,,,Size,120x170,,1,,,,,,,,,,,,,,,,,,,,,,,,,,,,,,,,,,,,,120x170,,,,,,,,,,,,1786456926,,,,,,,,,,,,104215,,,,,,,,,,,,,,,,,,,
46878,variation,56914352,,D-sign Rug 1D1097 Black - 140x190,1,0,hidden,,D-sign Rug 1D1097 Black 140x190 cm,,,taxable,parent,0,0,,0,0,,190,140,3,0,,,2500,,,,,,,56909679-H,,,,,,4,,,Size,140x190,,1,,,,,,,,,,,,,,,,,,,,,,,,,,,,,,,,,,,,,140x190,,,,,,,,,,,,1786456924,,,,,,,,,,,,104216,,,,,,,,,,,,,,,,,,,
46879,variation,56914354,,D-sign Rug 1D1097 Black - 160x220,1,0,hidden,,D-sign Rug 1D1097 Black 160x220 cm,,,taxable,parent,0,0,,0,0,,220,160,3,0,,,3300,,,,,,,56909679-H,,,,,,5,,,Size,160x220,,1,,,,,,,,,,,,,,,,,,,,,,,,,,,,,,,,,,,,,160x220,,,,,,,,,,,,1786456926,,,,,,,,,,,,104217,,,,,,,,,,,,,,,,,,,
46880,variation,56909687,,D-sign Rug 1D1097 Black - 180x270,1,0,hidden,,D-sign Rug 1D1097 Black 180x270 cm,,,taxable,parent,0,0,,0,0,,270,180,3,0,,,4236,,,,,,,56909679-H,,,,,,6,,,Size,180x270,,1,,,,,,,,,,,,,,,,,,,,,,,,,,,,,,,,,,,,,180x270,,,,,,,,,,,,1786455707,,,,,,,,,,,,104218,,,,,,,,,,,,,,,,,,,
46881,variation,56909686,,D-sign Rug 1D1097 Black - 200x290,1,0,hidden,,D-sign Rug 1D1097 Black 200x290 cm,,,taxable,parent,0,0,,0,0,,290,200,3,0,,,5084,,,,,,,56909679-H,,,,,,7,,,Size,200x290,,1,,,,,,,,,,,,,,,,,,,,,,,,,,,,,,,,,,,,,200x290,,,,,,,,,,,,1786455706,,,,,,,,,,,,104219,,,,,,,,,,,,,,,,,,,
46887,variation,56914360,,D-sign Rug 1D1098 Black - 80,1,0,hidden,,D-sign Rug 1D1098 Black 80 cm,,,taxable,parent,0,0,,0,0,,80,80,3,0,,,900,,,,,,,56914360-H,,,,,,1,,,Size,80,,1,,,,,,,,,,,,,,,,,,,,,,,,,,,,,,,,,,,,,80,,,,,,,,,,,,,,,,,,,,,,,,104231,,,,,,,,,,,,,,,,,,,
46888,variation,56909689,,D-sign Rug 1D1098 Black - 100,1,0,hidden,,D-sign Rug 1D1098 Black 100 cm,,,taxable,parent,0,0,,0,0,,100,100,3,0,,,1188,,,,,,,56914360-H,,,,,,2,,,Size,100,,1,,,,,,,,,,,,,,,,,,,,,,,,,,,,,,,,,,,,,100,,,,,,,,,,,,,,,,,,,,,,,,104227,,,,,,,,,,,,,,,,,,,
46889,variation,56914378,,D-sign Rug 1D1098 Black - 120,1,0,hidden,,D-sign Rug 1D1098 Black 120 cm,,,taxable,parent,0,0,,0,0,,120,120,3,0,,,1564,,,,,,,56914360-H,,,,,,3,,,Size,120,,1,,,,,,,,,,,,,,,,,,,,,,,,,,,,,,,,,,,,,120,,,,,,,,,,,,1786456960,,,,,,,,,,,,104228,,,,,,,,,,,,,,,,,,,
46890,variation,56914372,,D-sign Rug 1D1098 Black - 140,1,0,hidden,,D-sign Rug 1D1098 Black 140 cm,,,taxable,parent,0,0,,0,0,,140,140,3,0,,,1940,,,,,,,56914360-H,,,,,,4,,,Size,140,,1,,,,,,,,,,,,,,,,,,,,,,,,,,,,,,,,,,,,,140,,,,,,,,,,,,,,,,,,,,,,,,104229,,,,,,,,,,,,,,,,,,,
46891,variation,56914375,,D-sign Rug 1D1098 Black - 160,1,0,hidden,,D-sign Rug 1D1098 Black 160 cm,,,taxable,parent,0,0,,0,0,,160,160,3,0,,,2404,,,,,,,56914360-H,,,,,,5,,,Size,160,,1,,,,,,,,,,,,,,,,,,,,,,,,,,,,,,,,,,,,,160,,,,,,,,,,,,1786456960,,,,,,,,,,,,104230,,,,,,,,,,,,,,,,,,,
46897,variable,56909705-H,,D-sign Rug 1D0768 Grey,1,0,hidden,D-sign Rug 1D0768 Grey,D-sign Rug 1D0768 Grey,,,taxable,,0,,,0,0,,,,,0,,,,"Rooms > Bedroom, Rooms > Living room, Rugs, Rugs > Shaggy",,,"https://rugshop.eu/wp-content/uploads/2021/10/carpet-new-dolly-skin-g4337-2-grey-anthracite-imitation-of-rabbit-fur.jpg, https://rugshop.eu/wp-content/uploads/2021/10/carpet-new-dolly-skin-g4337-2-grey-anthracite-imitation-of-rabbit-fur-1.jpg, https://rugshop.eu/wp-content/uploads/2021/10/carpet-new-dolly-skin-g4337-2-grey-anthracite-imitation-of-rabbit-fur-2.jpg, https://rugshop.eu/wp-content/uploads/2021/10/carpet-new-dolly-skin-g4337-2-grey-anthracite-imitation-of-rabbit-fur-3.jpg",,,,,,,,,1191,,,Size,"100x160, 60x90",1,1,Brand,D-sign,1,1,Color,Black-Grey,1,1,Type of color,Singlecolor,1,1,Shape,Rectangular,1,1,Material,Polyester,1,1,Type of rug,Modern,1,1,Weave,Machinemade,1,1,Country,China,1,1,Age,New,1,1,,,,,default,default,default,default,,,,,1786455751,yes,yes,,,,,,,,,,,,,,,,,,,,,,,,,,,,,
46900,variable,56909706-H,,D-sign Rug 1D1103 White,1,0,hidden,D-sign Rug 1D1103 White ,D-sign Rug 1D1103 White ,,,taxable,,0,,,0,0,,,,,1,,,,"Rooms > Bedroom, Rugs > Leather & hides, Rooms > Living room, Rugs",,,"https://rugshop.eu/wp-content/uploads/2021/10/carpet-artificial-cowhide-cow-g5069-1-white-black-leather.jpg, https://rugshop.eu/wp-content/uploads/2021/10/carpet-artificial-cowhide-cow-g5069-1-white-black-leather-1.jpg, https://rugshop.eu/wp-content/uploads/2021/10/carpet-artificial-cowhide-cow-g5069-1-white-black-leather-2.jpg, https://rugshop.eu/wp-content/uploads/2021/10/carpet-artificial-cowhide-cow-g5069-1-white-black-leather-3.jpg",,,,,,,,,1512,,,Size,"100x150, 155x195, 180x220",1,1,Brand,D-sign,1,1,Color,White-Beige,1,1,Type of color,Multicolor,1,1,Shape,Rectangular,1,1,Material,Polyester,1,1,Type of rug,Leather / Hide rug,1,1,Weave,Machinemade,1,1,Country,China,1,1,Age,New,1,1,,,,,,,,,,,,,1786456986,yes,yes,,,,,,,,,,,,,,,,,,,,,,,,,,,,,
46901,variation,56909688,,D-sign Rug 1D1099 Brown - 100x150,1,0,hidden,,D-sign Rug 1D1099 Brown 100x150 cm,,,taxable,parent,0,0,,0,0,,150,100,0.3,0,,,1092,,,,,,,56909688-H,,,,,,1,,,Size,100x150,,1,,,,,,,,,,,,,,,,,,,,,,,,,,,,,,,,,,,,,100x150,,,,,,,,,,,,1786455729,,,,,,,,,,,,104234,,,,,,,,,,,,,,,,,,,
46902,variation,56914356,,D-sign Rug 1D1099 Brown - 155x195,1,0,hidden,,D-sign Rug 1D1099 Brown 155x195 cm,,,taxable,parent,0,0,,0,0,,195,155,0.3,0,,,1940,,,,,,,56909688-H,,,,,,2,,,Size,155x195,,1,,,,,,,,,,,,,,,,,,,,,,,,,,,,,,,,,,,,,155x195,,,,,,,,,,,,,,,,,,,,,,,,104235,,,,,,,,,,,,,,,,,,,
46903,variation,56914359,,D-sign Rug 1D1099 Brown - 180x220,1,0,hidden,,D-sign Rug 1D1099 Brown 180x220 cm,,,taxable,parent,0,0,,0,0,,220,180,0.3,0,,,2404,,,,,,,56909688-H,,,,,,3,,,Size,180x220,,1,,,,,,,,,,,,,,,,,,,,,,,,,,,,,,,,,,,,,180x220,,,,,,,,,,,,1786456927,,,,,,,,,,,,104236,,,,,,,,,,,,,,,,,,,
46909,variation,56909703,,D-sign Rug 1D1100 Brown - 100x150,1,0,hidden,,D-sign Rug 1D1100 Brown 100x150 cm,,,taxable,parent,0,0,,0,0,,150,100,0.3,0,,,1092,,,,,,,56909703-H,,,,,,1,,,Size,100x150,,1,,,,,,,,,,,,,,,,,,,,,,,,,,,,,,,,,,,,,100x150,,,,,,,,,,,,1786455732,,,,,,,,,,,,104252,,,,,,,,,,,,,,,,,,,
46910,variation,56914377,,D-sign Rug 1D1100 Brown - 155x195,1,0,hidden,,D-sign Rug 1D1100 Brown 155x195 cm,,,taxable,parent,0,0,,0,0,,195,155,0.3,0,,,1940,,,,,,,56909703-H,,,,,,2,,,Size,155x195,,1,,,,,,,,,,,,,,,,,,,,,,,,,,,,,,,,,,,,,155x195,,,,,,,,,,,,,,,,,,,,,,,,104253,,,,,,,,,,,,,,,,,,,
46911,variation,56914374,,D-sign Rug 1D1100 Brown - 180x220,1,0,hidden,,D-sign Rug 1D1100 Brown 180x220 cm,,,taxable,parent,0,0,,0,0,,220,180,0.3,0,,,2404,,,,,,,56909703-H,,,,,,3,,,Size,180x220,,1,,,,,,,,,,,,,,,,,,,,,,,,,,,,,,,,,,,,,180x220,,,,,,,,,,,,,,,,,,,,,,,,104254,,,,,,,,,,,,,,,,,,,
46917,variable,56909710-H,,D-sign Rug 1D1104 White,1,0,hidden,D-sign Rug 1D1104 White ,D-sign Rug 1D1104 White ,,,taxable,,0,,,0,0,,,,,1,,,,"Rooms > Bedroom, Rugs > Leather & hides, Rooms > Living room, Rugs",,,"https://rugshop.eu/wp-content/uploads/2021/10/carpet-artificial-cowhide-cow-g5069-2-white-brown-leather.jpg, https://rugshop.eu/wp-content/uploads/2021/10/carpet-artificial-cowhide-cow-g5069-2-white-brown-leather-1.jpg, https://rugshop.eu/wp-content/uploads/2021/10/carpet-artificial-cowhide-cow-g5069-2-white-brown-leather-2.jpg, https://rugshop.eu/wp-content/uploads/2021/10/carpet-artificial-cowhide-cow-g5069-2-white-brown-leather-3.jpg",,,,,,,,,1513,,,Size,"100x150, 155x195, 180x220",1,1,Brand,D-sign,1,1,Color,White-Beige,1,1,Type of color,Multicolor,1,1,Shape,Rectangular,1,1,Material,Polyester,1,1,Type of rug,Leather / Hide rug,1,1,Weave,Machinemade,1,1,Country,China,1,1,Age,New,1,1,,,,,,,,,,,,,1786456993,yes,yes,,,,,,,,,,,,,,,,,,,,,,,,,,,,,
46918,variable,56909712-H,,D-sign Rug 1D1105 Brown,1,0,visible,D-sign Rug 1D1105 Brown ,D-sign Rug 1D1105 Brown ,,,taxable,,1,,,0,0,,,,,1,,,,"Rooms > Bedroom, Rugs > Leather & hides, Rooms > Living room, Rugs",,,"https://rugshop.eu/wp-content/uploads/2021/10/carpet-artificial-cowhide-cow-g5070-2-brown-white-leather.jpg, https://rugshop.eu/wp-content/uploads/2021/10/carpet-artificial-cowhide-cow-g5070-2-brown-white-leather-1.jpg, https://rugshop.eu/wp-content/uploads/2021/10/carpet-artificial-cowhide-cow-g5070-2-brown-white-leather-2.jpg, https://rugshop.eu/wp-content/uploads/2021/10/carpet-artificial-cowhide-cow-g5070-2-brown-white-leather-3.jpg",,,,,,,,,1516,,,Size,"100x150, 155x195, 180x220",1,1,Brand,D-sign,1,1,Color,Yellow-Brown,1,1,Type of color,Multicolor,1,1,Shape,Rectangular,1,1,Material,Polyester,1,1,Type of rug,Leather / Hide rug,1,1,Weave,Machinemade,1,1,Country,China,1,1,Age,New,1,1,,,,,,,,,,,,,,yes,yes,,,,,,,,,,,,,,,,,,,,,,,,,,,,,
46919,variation,56909697,,D-sign Rug 1D1101 Grey - 100x150,1,0,hidden,,D-sign Rug 1D1101 Grey 100x150 cm,,,taxable,parent,0,0,,0,0,,150,100,0.3,0,,,1092,,,,,,,56909697-H,,,,,,1,,,Size,100x150,,1,,,,,,,,,,,,,,,,,,,,,,,,,,,,,,,,,,,,,100x150,,,,,,,,,,,,1786455729,,,,,,,,,,,,104258,,,,,,,,,,,,,,,,,,,
46920,variation,56909702,,D-sign Rug 1D1101 Grey - 155x195,1,0,hidden,,D-sign Rug 1D1101 Grey 155x195 cm,,,taxable,parent,0,0,,0,0,,195,155,0.3,0,,,1940,,,,,,,56909697-H,,,,,,2,,,Size,155x195,,1,,,,,,,,,,,,,,,,,,,,,,,,,,,,,,,,,,,,,155x195,,,,,,,,,,,,1786455731,,,,,,,,,,,,104259,,,,,,,,,,,,,,,,,,,
46921,variation,56914371,,D-sign Rug 1D1101 Grey - 180x220,1,0,hidden,,D-sign Rug 1D1101 Grey 180x220 cm,,,taxable,parent,0,0,,0,0,,220,180,0.3,0,,,2404,,,,,,,56909697-H,,,,,,3,,,Size,180x220,,1,,,,,,,,,,,,,,,,,,,,,,,,,,,,,,,,,,,,,180x220,,,,,,,,,,,,1786456927,,,,,,,,,,,,104260,,,,,,,,,,,,,,,,,,,
46927,variation,56909698,,D-sign Rug 1D1102 Brown - 100x150,1,0,hidden,,D-sign Rug 1D1102 Brown 100x150 cm,,,taxable,parent,0,0,,0,0,,150,100,0.3,0,,,1092,,,,,,,56909698-H,,,,,,1,,,Size,100x150,,1,,,,,,,,,,,,,,,,,,,,,,,,,,,,,,,,,,,,,100x150,,,,,,,,,,,,1786455730,,,,,,,,,,,,104261,,,,,,,,,,,,,,,,,,,
46928,variation,56914379,,D-sign Rug 1D1102 Brown - 155x195,1,0,hidden,,D-sign Rug 1D1102 Brown 155x195 cm,,,taxable,parent,0,0,,0,0,,195,155,0.3,0,,,1940,,,,,,,56909698-H,,,,,,2,,,Size,155x195,,1,,,,,,,,,,,,,,,,,,,,,,,,,,,,,,,,,,,,,155x195,,,,,,,,,,,,1786456961,,,,,,,,,,,,104262,,,,,,,,,,,,,,,,,,,
46929,variation,56909701,,D-sign Rug 1D1102 Brown - 180x220,1,0,hidden,,D-sign Rug 1D1102 Brown 180x220 cm,,,taxable,parent,0,0,,0,0,,220,180,0.3,0,,,2404,,,,,,,56909698-H,,,,,,3,,,Size,180x220,,1,,,,,,,,,,,,,,,,,,,,,,,,,,,,,,,,,,,,,180x220,,,,,,,,,,,,1786455730,,,,,,,,,,,,104263,,,,,,,,,,,,,,,,,,,
46935,variable,56909713-H,,D-sign Rug 1D1106 Black,1,0,hidden,D-sign Rug 1D1106 Black ,D-sign Rug 1D1106 Black ,,,taxable,,0,,,0,0,,,,,1,,,,"Rooms > Bedroom, Rugs > Leather & hides, Rooms > Living room, Rugs",,,"https://rugshop.eu/wp-content/uploads/2021/10/carpet-artificial-cowhide-cow-g5070-3-black-white-leather.jpg, https://rugshop.eu/wp-content/uploads/2021/10/carpet-artificial-cowhide-cow-g5070-3-black-white-leather-1.jpg, https://rugshop.eu/wp-content/uploads/2021/10/carpet-artificial-cowhide-cow-g5070-3-black-white-leather-2.jpg, https://rugshop.eu/wp-content/uploads/2021/10/carpet-artificial-cowhide-cow-g5070-3-black-white-leather-3.jpg",,,,,,,,,1514,,,Size,"100x150, 155x195, 180x220",1,1,Brand,D-sign,1,1,Color,Black-Grey,1,1,Type of color,Multicolor,1,1,Shape,Rectangular,1,1,Material,Polyester,1,1,Type of rug,Leather / Hide rug,1,1,Weave,Machinemade,1,1,Country,China,1,1,Age,New,1,1,,,,,,,,,,,,,1786456989,yes,yes,,,,,,,,,,,,,,,,,,,,,,,,,,,,,
46936,variable,56909711-H,,D-sign Rug 1D1107 Brown,1,0,hidden,D-sign Rug 1D1107 Brown,D-sign Rug 1D1107 Brown,,,taxable,,0,,,0,0,,,,,0,,,,"Rooms > Bedroom, Rugs > Leather & hides, Rooms > Living room, Rugs",,,"https://rugshop.eu/wp-content/uploads/2021/10/carpet-artificial-cowhide-cow-g5072-1-brown-leather.jpg, https://rugshop.eu/wp-content/uploads/2021/10/carpet-artificial-cowhide-cow-g5072-1-brown-leather-1.jpg, https://rugshop.eu/wp-content/uploads/2021/10/carpet-artificial-cowhide-cow-g5072-1-brown-leather-2.jpg, https://rugshop.eu/wp-content/uploads/2021/10/carpet-artificial-cowhide-cow-g5072-1-brown-leather-3.jpg",,,,,,,,,74,,,Size,"100x150, 155x195, 180x220",1,1,Brand,D-sign,1,1,Color,Yellow-Brown,1,1,Type of color,Multicolor,1,1,Shape,Other,1,1,Material,Polyester,1,1,Type of rug,Leather / Hide rug,1,1,Weave,Machinemade,1,1,Country,China,1,1,Age,New,1,1,,,,,default,default,default,default,,,,,1786455755,yes,yes,,,,,,,,,,,,,,,,,,,,,,,,,,,,,
46944,variation,56909705,,D-sign Rug 1D0768 Grey - 60x90,1,0,hidden,,D-sign Rug 1D0768 Grey 60x90 cm,,,taxable,parent,0,0,,0,0,,90,60,2.5,0,,,860,,,,,,,56909705-H,,,,,,1,,,Size,60x90,,1,,,,,,,,,,,,,,,,,,,,,,,,,,,,,,,,,,,,,60x90,,,,,,,,,,,,1786455732,,,,,,,,,,,,104265,,,,,,,,,,,,,,,,,,,
46945,variation,56914376,,D-sign Rug 1D0768 Grey - 100x160,1,0,hidden,,D-sign Rug 1D0768 Grey 100x160 cm,,,taxable,parent,0,0,,0,0,,160,100,2.5,0,,,1748,,,,,,,56909705-H,,,,,,2,,,Size,100x160,,1,,,,,,,,,,,,,,,,,,,,,,,,,,,,,,,,,,,,,100x160,,,,,,,,,,,,,,,,,,,,,,,,90678,,,,,,,,,,,,,,,,,,,
46951,variable,56909720-H,,D-sign Rug 1D1108 White,1,0,hidden,D-sign Rug 1D1108 White ,D-sign Rug 1D1108 White ,,,taxable,,0,,,0,0,,,,,1,,,,"Rooms > Bedroom, Rugs > Leather & hides, Rooms > Living room, Rugs",,,"https://rugshop.eu/wp-content/uploads/2021/10/carpet-artificial-cowhide-cow-g5074-1-white-brown-leather.jpg, https://rugshop.eu/wp-content/uploads/2021/10/carpet-artificial-cowhide-cow-g5074-1-white-brown-leather-1.jpg, https://rugshop.eu/wp-content/uploads/2021/10/carpet-artificial-cowhide-cow-g5074-1-white-brown-leather-2.jpg, https://rugshop.eu/wp-content/uploads/2021/10/carpet-artificial-cowhide-cow-g5074-1-white-brown-leather-3.jpg",,,,,,,,,77,,,Size,"100x150, 155x195, 180x220",1,1,Brand,D-sign,1,1,Color,White-Beige,1,1,Type of color,Multicolor,1,1,Shape,Rectangular,1,1,Material,Polyester,1,1,Type of rug,Leather / Hide rug,1,1,Weave,Machinemade,1,1,Country,China,1,1,Age,New,1,1,,,,,,,,,,,,,1786456996,yes,yes,,,,,,,,,,,,,,,,,,,,,,,,,,,,,
46952,variable,56909716-H,,D-sign Rug 1D1109 White,1,0,hidden,D-sign Rug 1D1109 White,D-sign Rug 1D1109 White,,,taxable,,0,,,0,0,,,,,0,,,,"Rooms > Bedroom, Rugs > Leather & hides, Rooms > Living room, Rugs",,,"https://rugshop.eu/wp-content/uploads/2021/10/carpet-artificial-cowhide-zebra-g5128-1-white-black-leather.jpg, https://rugshop.eu/wp-content/uploads/2021/10/carpet-artificial-cowhide-zebra-g5128-1-white-black-leather-1.jpg, https://rugshop.eu/wp-content/uploads/2021/10/carpet-artificial-cowhide-zebra-g5128-1-white-black-leather-2.jpg, https://rugshop.eu/wp-content/uploads/2021/10/carpet-artificial-cowhide-zebra-g5128-1-white-black-leather-3.jpg",,,,,,,,,75,,,Size,"100x150, 155x195, 180x220",1,1,Brand,D-sign,1,1,Color,White-Beige,1,1,Type of color,Multicolor,1,1,Shape,Rectangular,1,1,Material,Polyester,1,1,Type of rug,Leather / Hide rug,1,1,Weave,Machinemade,1,1,Country,China,1,1,Age,New,1,1,,,,,default,default,default,default,,,,,1786456999,yes,yes,,,,,,,,,,,,,,,,,,,,,,,,,,,,,
46968,variation,56909706,,D-sign Rug 1D1103 White - 100x150,1,0,hidden,,D-sign Rug 1D1103 White 100x150 cm,,,taxable,parent,0,0,,0,0,,150,100,0.3,0,,,1092,,,,,,,56909706-H,,,,,,1,,,Size,100x150,,1,,,,,,,,,,,,,,,,,,,,,,,,,,,,,,,,,,,,,100x150,,,,,,,,,,,,1786455733,,,,,,,,,,,,104271,,,,,,,,,,,,,,,,,,,
46969,variation,56914387,,D-sign Rug 1D1103 White - 155x195,1,0,hidden,,D-sign Rug 1D1103 White 155x195 cm,,,taxable,parent,0,0,,0,0,,195,155,0.3,0,,,1940,,,,,,,56909706-H,,,,,,2,,,Size,155x195,,1,,,,,,,,,,,,,,,,,,,,,,,,,,,,,,,,,,,,,155x195,,,,,,,,,,,,1786456965,,,,,,,,,,,,104272,,,,,,,,,,,,,,,,,,,
46970,variation,56914395,,D-sign Rug 1D1103 White - 180x220,1,0,hidden,,D-sign Rug 1D1103 White 180x220 cm,,,taxable,parent,0,0,,0,0,,220,180,0.3,0,,,2404,,,,,,,56909706-H,,,,,,3,,,Size,180x220,,1,,,,,,,,,,,,,,,,,,,,,,,,,,,,,,,,,,,,,180x220,,,,,,,,,,,,1786456969,,,,,,,,,,,,104273,,,,,,,,,,,,,,,,,,,
46976,variation,56909710,,D-sign Rug 1D1104 White - 100x150,1,0,hidden,,D-sign Rug 1D1104 White 100x150 cm,,,taxable,parent,0,0,,0,0,,150,100,0.3,0,,,1092,,,,,,,56909710-H,,,,,,1,,,Size,100x150,,1,,,,,,,,,,,,,,,,,,,,,,,,,,,,,,,,,,,,,100x150,,,,,,,,,,,,1786455734,,,,,,,,,,,,104274,,,,,,,,,,,,,,,,,,,
46977,variation,56914391,,D-sign Rug 1D1104 White - 155x195,1,0,hidden,,D-sign Rug 1D1104 White 155x195 cm,,,taxable,parent,0,0,,0,0,,195,155,0.3,0,,,1940,,,,,,,56909710-H,,,,,,2,,,Size,155x195,,1,,,,,,,,,,,,,,,,,,,,,,,,,,,,,,,,,,,,,155x195,,,,,,,,,,,,1786456968,,,,,,,,,,,,104275,,,,,,,,,,,,,,,,,,,
46978,variation,56914390,,D-sign Rug 1D1104 White - 180x220,1,0,hidden,,D-sign Rug 1D1104 White 180x220 cm,,,taxable,parent,0,0,,0,0,,220,180,0.3,0,,,2404,,,,,,,56909710-H,,,,,,3,,,Size,180x220,,1,,,,,,,,,,,,,,,,,,,,,,,,,,,,,,,,,,,,,180x220,,,,,,,,,,,,1786456967,,,,,,,,,,,,104276,,,,,,,,,,,,,,,,,,,
46985,variation,56909712,,D-sign Rug 1D1105 Brown - 100x150,1,0,visible,,D-sign Rug 1D1105 Brown 100x150 cm,,,taxable,parent,1,1,,0,0,,150,100,0.3,0,,,1092,,,,,,,56909712-H,,,,,,1,,,Size,100x150,,1,,,,,,,,,,,,,,,,,,,,,,,,,,,,,,,,,,,,,100x150,,,,,,,,,,,,,,,,,,,,,,,,104280,,,,,,,,,,,,,,,,,,,
46986,variation,56914388,,D-sign Rug 1D1105 Brown - 155x195,1,0,visible,,D-sign Rug 1D1105 Brown 155x195 cm,,,taxable,parent,0,0,,0,0,,195,155,0.3,0,,,1940,,,,,,,56909712-H,,,,,,2,,,Size,155x195,,1,,,,,,,,,,,,,,,,,,,,,,,,,,,,,,,,,,,,,155x195,,,,,,,,,,,,1786456966,,,,,,,,,,,,104281,,,,,,,,,,,,,,,,,,,
46987,variation,56914396,,D-sign Rug 1D1105 Brown - 180x220,1,0,visible,,D-sign Rug 1D1105 Brown 180x220 cm,,,taxable,parent,0,0,,0,0,,220,180,0.3,0,,,2404,,,,,,,56909712-H,,,,,,3,,,Size,180x220,,1,,,,,,,,,,,,,,,,,,,,,,,,,,,,,,,,,,,,,180x220,,,,,,,,,,,,,,,,,,,,,,,,104282,,,,,,,,,,,,,,,,,,,
46993,variation,56909713,,D-sign Rug 1D1106 Black - 100x150,1,0,hidden,,D-sign Rug 1D1106 Black 100x150 cm,,,taxable,parent,0,0,,0,0,,150,100,0.3,0,,,1092,,,,,,,56909713-H,,,,,,1,,,Size,100x150,,1,,,,,,,,,,,,,,,,,,,,,,,,,,,,,,,,,,,,,100x150,,,,,,,,,,,,1786455735,,,,,,,,,,,,104286,,,,,,,,,,,,,,,,,,,
46994,variation,56914389,,D-sign Rug 1D1106 Black - 155x195,1,0,hidden,,D-sign Rug 1D1106 Black 155x195 cm,,,taxable,parent,0,0,,0,0,,195,155,0.3,0,,,1940,,,,,,,56909713-H,,,,,,2,,,Size,155x195,,1,,,,,,,,,,,,,,,,,,,,,,,,,,,,,,,,,,,,,155x195,,,,,,,,,,,,1786456967,,,,,,,,,,,,104287,,,,,,,,,,,,,,,,,,,
46995,variation,56914394,,D-sign Rug 1D1106 Black - 180x220,1,0,hidden,,D-sign Rug 1D1106 Black 180x220 cm,,,taxable,parent,0,0,,0,0,,220,180,0.3,0,,,2404,,,,,,,56909713-H,,,,,,3,,,Size,180x220,,1,,,,,,,,,,,,,,,,,,,,,,,,,,,,,,,,,,,,,180x220,,,,,,,,,,,,1786456969,,,,,,,,,,,,104288,,,,,,,,,,,,,,,,,,,
47001,variable,56909715-H,,D-sign Rug 1D1112 Grey,1,0,hidden,D-sign Rug 1D1112 Grey ,D-sign Rug 1D1112 Grey ,,,taxable,,0,,,0,0,,,,,1,,,,"Rooms > Bedroom, Rooms > Living room, Rugs > Modern, Rugs",,,"https://rugshop.eu/wp-content/uploads/2021/10/flokati-woolen-bedcover-plaid-grey.jpg, https://rugshop.eu/wp-content/uploads/2021/10/flokati-woolen-bedcover-plaid-grey-1.jpg, https://rugshop.eu/wp-content/uploads/2021/10/flokati-woolen-bedcover-plaid-grey-2.jpg, https://rugshop.eu/wp-content/uploads/2021/10/flokati-woolen-bedcover-plaid-grey-3.jpg",,,,,,,,,1519,,,Size,"110x170, 130x150, 150x200, 160x230, 170x210, 170x240, 190x230, 200x210, 200x300, 240x340, 250x350, 300x400, 55x110, 60x120, 70x140, 70x160, 90x170",1,1,Brand,D-sign,1,1,Color,Black-Grey,1,1,Type of color,Singlecolor,1,1,Shape,Rectangular,1,1,Material,Wool,1,1,Type of rug,Modern,1,1,Weave,Machinemade,1,1,Country,Greece,1,1,Age,New,1,1,,,,,,,,,,,,,1786456994,yes,yes,,,,,,,,,,,,,,,,,,,,,,,,,,,,,
47002,variation,56909711,,D-sign Rug 1D1107 Brown - 100x150,1,0,hidden,,D-sign Rug 1D1107 Brown 100x150 cm,,,taxable,parent,0,0,,0,0,,150,100,0.3,0,,998,1092,,,,,,,56909711-H,,,,,,1,,,Size,100x150,,1,,,,,,,,,,,,,,,,,,,,,,,,,,,,,,,,,,,,,100x150,,,,,,,,,,,,1786455734,,,,,,,,,,,,104289,,,,,,,,,,,,,,,,,,,
47003,variation,56909717,,D-sign Rug 1D1107 Brown - 155x195,1,0,hidden,,D-sign Rug 1D1107 Brown 155x195 cm,,,taxable,parent,0,0,,0,0,,195,155,0.3,0,,,1940,,,,,,,56909711-H,,,,,,2,,,Size,155x195,,1,,,,,,,,,,,,,,,,,,,,,,,,,,,,,,,,,,,,,155x195,,,,,,,,,,,,1786455737,,,,,,,,,,,,104290,,,,,,,,,,,,,,,,,,,
47004,variation,56909719,,D-sign Rug 1D1107 Brown - 180x220,1,0,hidden,,D-sign Rug 1D1107 Brown 180x220 cm,,,taxable,parent,0,0,,0,0,,220,180,0.3,0,,,2404,,,,,,,56909711-H,,,,,,3,,,Size,180x220,,1,,,,,,,,,,,,,,,,,,,,,,,,,,,,,,,,,,,,,180x220,,,,,,,,,,,,1786455737,,,,,,,,,,,,104291,,,,,,,,,,,,,,,,,,,
47010,variation,56909720,,D-sign Rug 1D1108 White - 100x150,1,0,hidden,,D-sign Rug 1D1108 White 100x150 cm,,,taxable,parent,0,0,,0,0,,150,100,0.3,0,,795,1092,,,,,,,56909720-H,,,,,,1,,,Size,100x150,,1,,,,,,,,,,,,,,,,,,,,,,,,,,,,,,,,,,,,,100x150,,,,,,,,,,,,1786455738,,,,,,,,,,,,104292,,,,,,,,,,,,,,,,,,,
47011,variation,56914414,,D-sign Rug 1D1108 White - 155x195,1,0,hidden,,D-sign Rug 1D1108 White 155x195 cm,,,taxable,parent,0,0,,0,0,,195,155,0.3,0,,1750,1940,,,,,,,56909720-H,,,,,,2,,,Size,155x195,,1,,,,,,,,,,,,,,,,,,,,,,,,,,,,,,,,,,,,,155x195,,,,,,,,,,,,1786456971,,,,,,,,,,,,104293,,,,,,,,,,,,,,,,,,,
47012,variation,56914410,,D-sign Rug 1D1108 White - 180x220,1,0,hidden,,D-sign Rug 1D1108 White 180x220 cm,,,taxable,parent,0,0,,0,0,,220,180,0.3,0,,2290,2404,,,,,,,56909720-H,,,,,,3,,,Size,180x220,,1,,,,,,,,,,,,,,,,,,,,,,,,,,,,,,,,,,,,,180x220,,,,,,,,,,,,1786456970,,,,,,,,,,,,104294,,,,,,,,,,,,,,,,,,,
47018,variation,56909716,,D-sign Rug 1D1109 White - 100x150,1,0,hidden,,D-sign Rug 1D1109 White 100x150 cm,,,taxable,parent,0,0,,0,0,,150,100,0.3,0,,998,1092,,,,,,,56909716-H,,,,,,1,,,Size,100x150,,1,,,,,,,,,,,,,,,,,,,,,,,,,,,,,,,,,,,,,100x150,,,,,,,,,,,,1786455736,,,,,,,,,,,,104295,,,,,,,,,,,,,,,,,,,
47019,variation,56914415,,D-sign Rug 1D1109 White - 155x195,1,0,hidden,,D-sign Rug 1D1109 White 155x195 cm,,,taxable,parent,0,0,,0,0,,195,155,0.3,0,,1899,1940,,,,,,,56909716-H,,,,,,2,,,Size,155x195,,1,,,,,,,,,,,,,,,,,,,,,,,,,,,,,,,,,,,,,155x195,,,,,,,,,,,,1786456972,,,,,,,,,,,,104296,,,,,,,,,,,,,,,,,,,
47020,variation,56914429,,D-sign Rug 1D1109 White - 180x220,1,0,hidden,,D-sign Rug 1D1109 White 180x220 cm,,,taxable,parent,0,0,,0,0,,220,180,0.3,0,,2390,2404,,,,,,,56909716-H,,,,,,3,,,Size,180x220,,1,,,,,,,,,,,,,,,,,,,,,,,,,,,,,,,,,,,,,180x220,,,,,,,,,,,,,,,,,,,,,,,,104297,,,,,,,,,,,,,,,,,,,
47037,variable,56909737-H,,D-sign Rug 1D1113 Grey,1,0,visible,D-sign Rug 1D1113 Grey ,D-sign Rug 1D1113 Grey ,,,taxable,,1,,,0,0,,,,,1,,,,"Rooms > Bedroom, Rooms > Living room, Rugs > Modern, Rugs",,,"https://rugshop.eu/wp-content/uploads/2021/10/flokati-woolen-circle-grey.jpg, https://rugshop.eu/wp-content/uploads/2021/10/flokati-woolen-circle-grey-1.jpg, https://rugshop.eu/wp-content/uploads/2021/10/flokati-woolen-circle-grey-2.jpg, https://rugshop.eu/wp-content/uploads/2021/10/flokati-woolen-circle-grey-3.jpg",,,,,,,,,1520,,,Size,"110, 120, 140, 150, 160, 180, 200",1,1,Brand,D-sign,1,1,Color,Black-Grey,1,1,Type of color,Singlecolor,1,1,Shape,Round,1,1,Material,Wool,1,1,Type of rug,Modern,1,1,Weave,Machinemade,1,1,Country,Greece,1,1,Age,New,1,1,,,,,,,,,,,,,,yes,yes,,,,,,,,,,,,,,,,,,,,,,,,,,,,,
47038,variable,56909741-H,,D-sign Rug 1D0890 Grey,1,0,hidden,D-sign Rug 1D0890 Grey,D-sign Rug 1D0890 Grey,,,taxable,,0,,,0,0,,,,,0,,,,"Rooms > Kids, Rugs > Kids, Rugs",,,"https://rugshop.eu/wp-content/uploads/2021/10/carpet-petit-cat-crown-grey.jpg, https://rugshop.eu/wp-content/uploads/2021/10/carpet-petit-cat-crown-grey-1.jpg, https://rugshop.eu/wp-content/uploads/2021/10/carpet-petit-cat-crown-grey-2.jpg, https://rugshop.eu/wp-content/uploads/2021/10/carpet-petit-cat-crown-grey-3.jpg",,,,,,,,,1313,,,Size,"120x170, 140x190, 160x220, 180x270, 200x290, 240x330, 80x150",1,1,Brand,D-sign,1,1,Color,Black-Grey,1,1,Type of color,Multicolor,1,1,Shape,Rectangular,1,1,Material,Polypropen,1,1,Type of rug,Modern,1,1,Weave,Machinemade,1,1,Country,Turkey,1,1,Age,New,1,1,,,,,default,default,default,default,,,,,1786457007,yes,yes,,,,,,,,,,,,,,,,,,,,,,,,,,,,,
47046,variation,56909715,,D-sign Rug 1D1112 Grey - 55x110,1,0,hidden,,D-sign Rug 1D1112 Grey 55x110 cm,,,taxable,parent,0,0,,0,0,,110,55,4,0,,,748,,,,,,,56909715-H,,,,,,1,,,Size,55x110,,1,,,,,,,,,,,,,,,,,,,,,,,,,,,,,,,,,,,,,55x110,,,,,,,,,,,,1786455736,,,,,,,,,,,,104395,,,,,,,,,,,,,,,,,,,
47047,variation,56914412,,D-sign Rug 1D1112 Grey - 60x120,1,0,hidden,,D-sign Rug 1D1112 Grey 60x120 cm,,,taxable,parent,0,0,,0,0,,120,60,4,0,,,788,,,,,,,56909715-H,,,,,,2,,,Size,60x120,,1,,,,,,,,,,,,,,,,,,,,,,,,,,,,,,,,,,,,,60x120,,,,,,,,,,,,1786456971,,,,,,,,,,,,104396,,,,,,,,,,,,,,,,,,,
47048,variation,56914408,,D-sign Rug 1D1112 Grey - 70x140,1,0,hidden,,D-sign Rug 1D1112 Grey 70x140 cm,,,taxable,parent,0,0,,0,0,,140,70,4,0,,,932,,,,,,,56909715-H,,,,,,3,,,Size,70x140,,1,,,,,,,,,,,,,,,,,,,,,,,,,,,,,,,,,,,,,70x140,,,,,,,,,,,,1786456970,,,,,,,,,,,,104397,,,,,,,,,,,,,,,,,,,
47049,variation,56909724,,D-sign Rug 1D1112 Grey - 70x160,1,0,hidden,,D-sign Rug 1D1112 Grey 70x160 cm,,,taxable,parent,0,0,,0,0,,160,70,4,0,,,1004,,,,,,,56909715-H,,,,,,4,,,Size,70x160,,1,,,,,,,,,,,,,,,,,,,,,,,,,,,,,,,,,,,,,70x160,,,,,,,,,,,,1786455739,,,,,,,,,,,,104398,,,,,,,,,,,,,,,,,,,
47050,variation,56909726,,D-sign Rug 1D1112 Grey - 90x170,1,0,hidden,,D-sign Rug 1D1112 Grey 90x170 cm,,,taxable,parent,0,0,,0,0,,170,90,4,0,,,1236,,,,,,,56909715-H,,,,,,5,,,Size,90x170,,1,,,,,,,,,,,,,,,,,,,,,,,,,,,,,,,,,,,,,90x170,,,,,,,,,,,,1786455740,,,,,,,,,,,,104399,,,,,,,,,,,,,,,,,,,
47051,variation,56909721,,D-sign Rug 1D1112 Grey - 110x170,1,0,hidden,,D-sign Rug 1D1112 Grey 110x170 cm,,,taxable,parent,0,0,,0,0,,170,110,4,0,,,1428,,,,,,,56909715-H,,,,,,6,,,Size,110x170,,1,,,,,,,,,,,,,,,,,,,,,,,,,,,,,,,,,,,,,110x170,,,,,,,,,,,,1786455738,,,,,,,,,,,,104400,,,,,,,,,,,,,,,,,,,
47052,variation,56909723,,D-sign Rug 1D1112 Grey - 130x150,1,0,hidden,,D-sign Rug 1D1112 Grey 130x150 cm,,,taxable,parent,0,0,,0,0,,150,130,4,0,,,1468,,,,,,,56909715-H,,,,,,7,,,Size,130x150,,1,,,,,,,,,,,,,,,,,,,,,,,,,,,,,,,,,,,,,130x150,,,,,,,,,,,,1786455739,,,,,,,,,,,,104401,,,,,,,,,,,,,,,,,,,
47053,variation,56909722,,D-sign Rug 1D1112 Grey - 150x200,1,0,hidden,,D-sign Rug 1D1112 Grey 150x200 cm,,,taxable,parent,0,0,,0,0,,200,150,4,0,,,2060,,,,,,,56909715-H,,,,,,8,,,Size,150x200,,1,,,,,,,,,,,,,,,,,,,,,,,,,,,,,,,,,,,,,150x200,,,,,,,,,,,,1786455739,,,,,,,,,,,,104402,,,,,,,,,,,,,,,,,,,
47054,variation,56909729,,D-sign Rug 1D1112 Grey - 160x230,1,0,hidden,,D-sign Rug 1D1112 Grey 160x230 cm,,,taxable,parent,0,0,,0,0,,230,160,4,0,,,2436,,,,,,,56909715-H,,,,,,9,,,Size,160x230,,1,,,,,,,,,,,,,,,,,,,,,,,,,,,,,,,,,,,,,160x230,,,,,,,,,,,,1786455741,,,,,,,,,,,,104403,,,,,,,,,,,,,,,,,,,
47055,variation,56909727,,D-sign Rug 1D1112 Grey - 170x210,1,0,hidden,,D-sign Rug 1D1112 Grey 170x210 cm,,,taxable,parent,0,0,,0,0,,210,170,4,0,,,2364,,,,,,,56909715-H,,,,,,10,,,Size,170x210,,1,,,,,,,,,,,,,,,,,,,,,,,,,,,,,,,,,,,,,170x210,,,,,,,,,,,,1786455740,,,,,,,,,,,,104404,,,,,,,,,,,,,,,,,,,
47056,variation,56909725,,D-sign Rug 1D1112 Grey - 170x240,1,0,hidden,,D-sign Rug 1D1112 Grey 170x240 cm,,,taxable,parent,0,0,,0,0,,240,170,4,0,,,2644,,,,,,,56909715-H,,,,,,11,,,Size,170x240,,1,,,,,,,,,,,,,,,,,,,,,,,,,,,,,,,,,,,,,170x240,,,,,,,,,,,,1786455740,,,,,,,,,,,,104405,,,,,,,,,,,,,,,,,,,
47057,variation,56909728,,D-sign Rug 1D1112 Grey - 190x230,1,0,hidden,,D-sign Rug 1D1112 Grey 190x230 cm,,,taxable,parent,0,0,,0,0,,230,190,4,0,,,2812,,,,,,,56909715-H,,,,,,12,,,Size,190x230,,1,,,,,,,,,,,,,,,,,,,,,,,,,,,,,,,,,,,,,190x230,,,,,,,,,,,,1786455740,,,,,,,,,,,,104406,,,,,,,,,,,,,,,,,,,
47058,variation,56909730,,D-sign Rug 1D1112 Grey - 200x210,1,0,hidden,,D-sign Rug 1D1112 Grey 200x210 cm,,,taxable,parent,0,0,,0,0,,210,200,4,0,,,2716,,,,,,,56909715-H,,,,,,13,,,Size,200x210,,1,,,,,,,,,,,,,,,,,,,,,,,,,,,,,,,,,,,,,200x210,,,,,,,,,,,,1786455742,,,,,,,,,,,,104407,,,,,,,,,,,,,,,,,,,
47059,variation,56909734,,D-sign Rug 1D1112 Grey - 200x300,1,0,hidden,,D-sign Rug 1D1112 Grey 200x300 cm,,,taxable,parent,0,0,,0,0,,300,200,4,0,,,3676,,,,,,,56909715-H,,,,,,14,,,Size,200x300,,1,,,,,,,,,,,,,,,,,,,,,,,,,,,,,,,,,,,,,200x300,,,,,,,,,,,,1786455742,,,,,,,,,,,,104408,,,,,,,,,,,,,,,,,,,
47060,variation,56909736,,D-sign Rug 1D1112 Grey - 240x340,1,0,hidden,,D-sign Rug 1D1112 Grey 240x340 cm,,,taxable,parent,0,0,,0,0,,340,240,4,0,,,4900,,,,,,,56909715-H,,,,,,15,,,Size,240x340,,1,,,,,,,,,,,,,,,,,,,,,,,,,,,,,,,,,,,,,240x340,,,,,,,,,,,,,,,,,,,,,,,,104409,,,,,,,,,,,,,,,,,,,
47061,variation,56909738,,D-sign Rug 1D1112 Grey - 250x350,1,0,hidden,,D-sign Rug 1D1112 Grey 250x350 cm,,,taxable,parent,0,0,,0,0,,350,250,4,0,,,5228,,,,,,,56909715-H,,,,,,16,,,Size,250x350,,1,,,,,,,,,,,,,,,,,,,,,,,,,,,,,,,,,,,,,250x350,,,,,,,,,,,,,,,,,,,,,,,,104410,,,,,,,,,,,,,,,,,,,
47062,variation,56909735,,D-sign Rug 1D1112 Grey - 300x400,1,0,hidden,,D-sign Rug 1D1112 Grey 300x400 cm,,,taxable,parent,0,0,,0,0,,400,300,4,0,,,7012,,,,,,,56909715-H,,,,,,17,,,Size,300x400,,1,,,,,,,,,,,,,,,,,,,,,,,,,,,,,,,,,,,,,300x400,,,,,,,,,,,,1786455742,,,,,,,,,,,,104411,,,,,,,,,,,,,,,,,,,
47069,variable,56909757-H,,D-sign Rug 1D1114 Yellow,1,0,hidden,D-sign Rug 1D1114 Yellow ,D-sign Rug 1D1114 Yellow ,,,taxable,,0,,,0,0,,,,,1,,,,"Rooms > Bedroom, Rooms > Living room, Rugs > Modern, Rugs, Rugs > Sisal",,,"https://rugshop.eu/wp-content/uploads/2021/10/carpet-eco-sisal-boho-moroc-diamonds-22297-fringe-two-levels-of-fleece-yellow-cream-recycled-carpet.jpg, https://rugshop.eu/wp-content/uploads/2021/10/carpet-eco-sisal-boho-moroc-diamonds-22297-fringe-two-levels-of-fleece-yellow-cream-recycled-carpet-1.jpg, https://rugshop.eu/wp-content/uploads/2021/10/carpet-eco-sisal-boho-moroc-diamonds-22297-fringe-two-levels-of-fleece-yellow-cream-recycled-carpet-2.jpg, https://rugshop.eu/wp-content/uploads/2021/10/carpet-eco-sisal-boho-moroc-diamonds-22297-fringe-two-levels-of-fleece-yellow-cream-recycled-carpet-3.jpg",,,,,,,,,1521,,,Size,"117x170, 136x190, 155x220, 175x270, 194x290, 78x150",1,1,Brand,D-sign,1,1,Color,Yellow-Brown,1,1,Type of color,Multicolor,1,1,Shape,Rectangular,1,1,Material,Cotton,1,1,Type of rug,"Modern, Sisal",1,1,Weave,Machinemade,1,1,Age,New,1,1,,,,,,,,,,,,,,,,,1786457013,yes,yes,,,,,,,,,,,,,,,,,,,,,,,,,,,,,
47070,variation,56909737,,D-sign Rug 1D1113 Grey - 110,1,0,visible,,D-sign Rug 1D1113 Grey 110 cm,,,taxable,parent,1,2,,0,0,,110,110,4,0,,,1076,,,,,,,56909737-H,,,,,,1,,,Size,110,,1,,,,,,,,,,,,,,,,,,,,,,,,,,,,,,,,,,,,,110,,,,,,,,,,,,,,,,,,,,,,,,104419,,,,,,,,,,,,,,,,,,,
47071,variation,56914430,,D-sign Rug 1D1113 Grey - 120,1,0,visible,,D-sign Rug 1D1113 Grey 120 cm,,,taxable,parent,0,0,,0,0,,120,120,4,0,,,1188,,,,,,,56909737-H,,,,,,2,,,Size,120,,1,,,,,,,,,,,,,,,,,,,,,,,,,,,,,,,,,,,,,120,,,,,,,,,,,,1786456973,,,,,,,,,,,,104420,,,,,,,,,,,,,,,,,,,
47072,variation,56909739,,D-sign Rug 1D1113 Grey - 140,1,0,visible,,D-sign Rug 1D1113 Grey 140 cm,,,taxable,parent,0,0,,0,0,,140,140,4,0,,,1468,,,,,,,56909737-H,,,,,,3,,,Size,140,,1,,,,,,,,,,,,,,,,,,,,,,,,,,,,,,,,,,,,,140,,,,,,,,,,,,1786455743,,,,,,,,,,,,104421,,,,,,,,,,,,,,,,,,,
47073,variation,56914428,,D-sign Rug 1D1113 Grey - 150,1,0,visible,,D-sign Rug 1D1113 Grey 150 cm,,,taxable,parent,0,0,,0,0,,150,150,4,0,,,1636,,,,,,,56909737-H,,,,,,4,,,Size,150,,1,,,,,,,,,,,,,,,,,,,,,,,,,,,,,,,,,,,,,150,,,,,,,,,,,,1786456972,,,,,,,,,,,,104422,,,,,,,,,,,,,,,,,,,
47074,variation,56914433,,D-sign Rug 1D1113 Grey - 160,1,0,visible,,D-sign Rug 1D1113 Grey 160 cm,,,taxable,parent,0,0,,0,0,,160,160,4,0,,,1804,,,,,,,56909737-H,,,,,,5,,,Size,160,,1,,,,,,,,,,,,,,,,,,,,,,,,,,,,,,,,,,,,,160,,,,,,,,,,,,1786456974,,,,,,,,,,,,104423,,,,,,,,,,,,,,,,,,,
47075,variation,56914432,,D-sign Rug 1D1113 Grey - 180,1,0,visible,,D-sign Rug 1D1113 Grey 180 cm,,,taxable,parent,0,0,,0,0,,180,180,4,0,,,2196,,,,,,,56909737-H,,,,,,6,,,Size,180,,1,,,,,,,,,,,,,,,,,,,,,,,,,,,,,,,,,,,,,180,,,,,,,,,,,,1786456974,,,,,,,,,,,,104424,,,,,,,,,,,,,,,,,,,
47076,variation,56909743,,D-sign Rug 1D1113 Grey - 200,1,0,visible,,D-sign Rug 1D1113 Grey 200 cm,,,taxable,parent,0,0,,0,0,,200,200,4,0,,,2596,,,,,,,56909737-H,,,,,,7,,,Size,200,,1,,,,,,,,,,,,,,,,,,,,,,,,,,,,,,,,,,,,,200,,,,,,,,,,,,1786455743,,,,,,,,,,,,104425,,,,,,,,,,,,,,,,,,,
47082,variation,56909741,,D-sign Rug 1D0890 Grey - 80x150,1,0,hidden,,D-sign Rug 1D0890 Grey 80x150 cm,,,taxable,parent,0,0,,0,0,,150,80,1.3,0,,,1188,,,,,,,56909741-H,,,,,,1,,,Size,80x150,,1,,,,,,,,,,,,,,,,,,,,,,,,,,,,,,,,,,,,,80x150,,,,,,,,,,,,,,,,,,,,,,,,104426,,,,,,,,,,,,,,,,,,,
47083,variation,56914435,,D-sign Rug 1D0890 Grey - 120x170,1,0,hidden,,D-sign Rug 1D0890 Grey 120x170 cm,,,taxable,parent,0,0,,0,0,,170,120,1.3,0,,,1700,,,,,,,56909741-H,,,,,,2,,,Size,120x170,,1,,,,,,,,,,,,,,,,,,,,,,,,,,,,,,,,,,,,,120x170,,,,,,,,,,,,,,,,,,,,,,,,92219,,,,,,,,,,,,,,,,,,,
47084,variation,56909744,,D-sign Rug 1D0890 Grey - 140x190,1,0,hidden,,D-sign Rug 1D0890 Grey 140x190 cm,,,taxable,parent,0,0,,0,0,,190,140,1.3,0,,,2124,,,,,,,56909741-H,,,,,,3,,,Size,140x190,,1,,,,,,,,,,,,,,,,,,,,,,,,,,,,,,,,,,,,,140x190,,,,,,,,,,,,1786455763,,,,,,,,,,,,92220,,,,,,,,,,,,,,,,,,,
47085,variation,56914437,,D-sign Rug 1D0890 Grey - 160x220,1,0,hidden,,D-sign Rug 1D0890 Grey 160x220 cm,,,taxable,parent,0,0,,0,0,,220,160,1.3,0,,,2684,,,,,,,56909741-H,,,,,,4,,,Size,160x220,,1,,,,,,,,,,,,,,,,,,,,,,,,,,,,,,,,,,,,,160x220,,,,,,,,,,,,,,,,,,,,,,,,92221,,,,,,,,,,,,,,,,,,,
47086,variation,56914453,,D-sign Rug 1D0890 Grey - 180x270,1,0,hidden,,D-sign Rug 1D0890 Grey 180x270 cm,,,taxable,parent,0,0,,0,0,,270,180,1.3,0,,,3580,,,,,,,56909741-H,,,,,,5,,,Size,180x270,,1,,,,,,,,,,,,,,,,,,,,,,,,,,,,,,,,,,,,,180x270,,,,,,,,,,,,1786456975,,,,,,,,,,,,92222,,,,,,,,,,,,,,,,,,,
47087,variation,56914434,,D-sign Rug 1D0890 Grey - 200x290,1,0,hidden,,D-sign Rug 1D0890 Grey 200x290 cm,,,taxable,parent,0,0,,0,0,,290,200,1.3,0,,,4140,,,,,,,56909741-H,,,,,,6,,,Size,200x290,,1,,,,,,,,,,,,,,,,,,,,,,,,,,,,,,,,,,,,,200x290,,,,,,,,,,,,,,,,,,,,,,,,92223,,,,,,,,,,,,,,,,,,,
47088,variation,56914431,,D-sign Rug 1D0890 Grey - 240x330,1,0,hidden,,D-sign Rug 1D0890 Grey 240x330 cm,,,taxable,parent,0,0,,0,0,,330,240,1.3,0,,,5460,,,,,,,56909741-H,,,,,,7,,,Size,240x330,,1,,,,,,,,,,,,,,,,,,,,,,,,,,,,,,,,,,,,,240x330,,,,,,,,,,,,1786456973,,,,,,,,,,,,104348,,,,,,,,,,,,,,,,,,,
47096,variable,56909766-H,,D-sign Rug 1D1117 Yellow,1,0,hidden,D-sign Rug 1D1117 Yellow ,D-sign Rug 1D1117 Yellow ,,,taxable,,0,,,0,0,,,,,1,,,,"Rooms > Bedroom, Rooms > Living room, Rugs > Modern, Rugs, Rugs > Sisal",,,"https://rugshop.eu/wp-content/uploads/2021/10/carpet-eco-sisal-boho-moroc-diamonds-22312-fringe-two-levels-of-fleece-yellow-cream-recycled-carpet.jpg, https://rugshop.eu/wp-content/uploads/2021/10/carpet-eco-sisal-boho-moroc-diamonds-22312-fringe-two-levels-of-fleece-yellow-cream-recycled-carpet-1.jpg, https://rugshop.eu/wp-content/uploads/2021/10/carpet-eco-sisal-boho-moroc-diamonds-22312-fringe-two-levels-of-fleece-yellow-cream-recycled-carpet-2.jpg, https://rugshop.eu/wp-content/uploads/2021/10/carpet-eco-sisal-boho-moroc-diamonds-22312-fringe-two-levels-of-fleece-yellow-cream-recycled-carpet-3.jpg",,,,,,,,,1524,,,Size,"117x170, 136x190, 155x220, 175x270, 194x290, 78x150",1,1,Brand,D-sign,1,1,Color,Yellow-Brown,1,1,Type of color,Multicolor,1,1,Shape,Rectangular,1,1,Material,Cotton,1,1,Type of rug,"Modern, Sisal",1,1,Weave,Machinemade,1,1,Age,New,1,1,,,,,,,,,,,,,,,,,1786457040,yes,yes,,,,,,,,,,,,,,,,,,,,,,,,,,,,,
47110,variation,56909757,,D-sign Rug 1D1114 Yellow - 78x150,1,0,hidden,,D-sign Rug 1D1114 Yellow 78x150 cm,,,taxable,parent,0,0,,0,0,,150,78,1.5,0,,,1028,,,,,,,56909757-H,,,,,,1,,,Size,78x150,,1,,,,,,,,,,,,,,,,,,,,,,,,,,,,,,,,,,,,,78x150,,,,,,,,,,,,1786455764,,,,,,,,,,,,104494,,,,,,,,,,,,,,,,,,,
47111,variation,56914457,,D-sign Rug 1D1114 Yellow - 117x170,1,0,hidden,,D-sign Rug 1D1114 Yellow 117x170 cm,,,taxable,parent,0,0,,0,0,,170,117,1.5,0,,,1468,,,,,,,56909757-H,,,,,,2,,,Size,117x170,,1,,,,,,,,,,,,,,,,,,,,,,,,,,,,,,,,,,,,,117x170,,,,,,,,,,,,1786456976,,,,,,,,,,,,104495,,,,,,,,,,,,,,,,,,,
47112,variation,56914456,,D-sign Rug 1D1114 Yellow - 136x190,1,0,hidden,,D-sign Rug 1D1114 Yellow 136x190 cm,,,taxable,parent,0,0,,0,0,,190,136,1.5,0,,,1780,,,,,,,56909757-H,,,,,,3,,,Size,136x190,,1,,,,,,,,,,,,,,,,,,,,,,,,,,,,,,,,,,,,,136x190,,,,,,,,,,,,1786456976,,,,,,,,,,,,104496,,,,,,,,,,,,,,,,,,,
47113,variation,56914468,,D-sign Rug 1D1114 Yellow - 155x220,1,0,hidden,,D-sign Rug 1D1114 Yellow 155x220 cm,,,taxable,parent,0,0,,0,0,,220,155,1.5,0,,,2220,,,,,,,56909757-H,,,,,,4,,,Size,155x220,,1,,,,,,,,,,,,,,,,,,,,,,,,,,,,,,,,,,,,,155x220,,,,,,,,,,,,1786456977,,,,,,,,,,,,104497,,,,,,,,,,,,,,,,,,,
47114,variation,56914449,,D-sign Rug 1D1114 Yellow - 175x270,1,0,hidden,,D-sign Rug 1D1114 Yellow 175x270 cm,,,taxable,parent,0,0,,0,0,,270,175,1.5,0,,,2924,,,,,,,56909757-H,,,,,,5,,,Size,175x270,,1,,,,,,,,,,,,,,,,,,,,,,,,,,,,,,,,,,,,,175x270,,,,,,,,,,,,1786456975,,,,,,,,,,,,104498,,,,,,,,,,,,,,,,,,,
47115,variation,56914448,,D-sign Rug 1D1114 Yellow - 194x290,1,0,hidden,,D-sign Rug 1D1114 Yellow 194x290 cm,,,taxable,parent,0,0,,0,0,,290,194,1.5,0,,,3420,,,,,,,56909757-H,,,,,,6,,,Size,194x290,,1,,,,,,,,,,,,,,,,,,,,,,,,,,,,,,,,,,,,,194x290,,,,,,,,,,,,1786456975,,,,,,,,,,,,104499,,,,,,,,,,,,,,,,,,,
47121,variable,56909778-H,,D-sign Rug 1D1118 Green,1,0,hidden,D-sign Rug 1D1118 Green ,D-sign Rug 1D1118 Green ,,,taxable,,0,,,0,0,,,,,1,,,,"Rooms > Bedroom, Rooms > Living room, Rugs > Modern, Rugs, Rugs > Sisal",,,"https://rugshop.eu/wp-content/uploads/2021/10/carpet-eco-sisal-boho-moroc-etno-zigzag-22319-fringe-two-levels-of-fleece-green-cream-recycled-carpet.jpg, https://rugshop.eu/wp-content/uploads/2021/10/carpet-eco-sisal-boho-moroc-etno-zigzag-22319-fringe-two-levels-of-fleece-green-cream-recycled-carpet-1.jpg, https://rugshop.eu/wp-content/uploads/2021/10/carpet-eco-sisal-boho-moroc-etno-zigzag-22319-fringe-two-levels-of-fleece-green-cream-recycled-carpet-2.jpg, https://rugshop.eu/wp-content/uploads/2021/10/carpet-eco-sisal-boho-moroc-etno-zigzag-22319-fringe-two-levels-of-fleece-green-cream-recycled-carpet-3.jpg",,,,,,,,,1525,,,Size,"117x170, 136x190, 155x220, 175x270, 194x290, 78x150",1,1,Brand,D-sign,1,1,Color,Green,1,1,Type of color,Multicolor,1,1,Shape,Rectangular,1,1,Material,Cotton,1,1,Type of rug,"Modern, Sisal",1,1,Weave,Machinemade,1,1,Age,New,1,1,,,,,,,,,,,,,,,,,1786457051,yes,yes,,,,,,,,,,,,,,,,,,,,,,,,,,,,,
47145,variable,56909772-H,,D-sign Rug 1D1120 Blue,1,0,hidden,D-sign Rug 1D1120 Blue ,D-sign Rug 1D1120 Blue ,,,taxable,,0,,,0,0,,,,,1,,,,"Rooms > Bedroom, Rooms > Living room, Rugs > Modern, Rugs",,,"https://rugshop.eu/wp-content/uploads/2021/10/modern-carpet-rebec-fringe-51166b-geometric-two-levels-of-fleece-navy-cream.jpg, https://rugshop.eu/wp-content/uploads/2021/10/modern-carpet-rebec-fringe-51166b-geometric-two-levels-of-fleece-navy-cream-1.jpg, https://rugshop.eu/wp-content/uploads/2021/10/modern-carpet-rebec-fringe-51166b-geometric-two-levels-of-fleece-navy-cream-2.jpg, https://rugshop.eu/wp-content/uploads/2021/10/modern-carpet-rebec-fringe-51166b-geometric-two-levels-of-fleece-navy-cream-3.jpg",,,,,,,,,1527,,,Size,"120x170, 140x190, 160x220, 180x270, 200x290, 240x330, 280x370, 80x150",1,1,Brand,D-sign,1,1,Color,Blue,1,1,Type of color,Multicolor,1,1,Shape,Rectangular,1,1,Material,"Polyester, Polypropen",1,1,Type of rug,Modern,1,1,Weave,Machinemade,1,1,Age,New,1,1,,,,,,,,,,,,,,,,,1786455778,yes,yes,,,,,,,,,,,,,,,,,,,,,,,,,,,,,
47146,variation,56909766,,D-sign Rug 1D1117 Yellow - 78x150,1,0,hidden,,D-sign Rug 1D1117 Yellow 78x150 cm,,,taxable,parent,0,0,,0,0,,150,78,1.5,0,,,1028,,,,,,,56909766-H,,,,,,1,,,Size,78x150,,1,,,,,,,,,,,,,,,,,,,,,,,,,,,,,,,,,,,,,78x150,,,,,,,,,,,,1786455764,,,,,,,,,,,,104525,,,,,,,,,,,,,,,,,,,
47147,variation,56914471,,D-sign Rug 1D1117 Yellow - 117x170,1,0,hidden,,D-sign Rug 1D1117 Yellow 117x170 cm,,,taxable,parent,0,0,,0,0,,170,117,1.5,0,,,1468,,,,,,,56909766-H,,,,,,2,,,Size,117x170,,1,,,,,,,,,,,,,,,,,,,,,,,,,,,,,,,,,,,,,117x170,,,,,,,,,,,,1786457022,,,,,,,,,,,,104526,,,,,,,,,,,,,,,,,,,
47148,variation,56914476,,D-sign Rug 1D1117 Yellow - 136x190,1,0,hidden,,D-sign Rug 1D1117 Yellow 136x190 cm,,,taxable,parent,0,0,,0,0,,190,136,1.5,0,,,1780,,,,,,,56909766-H,,,,,,3,,,Size,136x190,,1,,,,,,,,,,,,,,,,,,,,,,,,,,,,,,,,,,,,,136x190,,,,,,,,,,,,1786457023,,,,,,,,,,,,104527,,,,,,,,,,,,,,,,,,,
47149,variation,56914473,,D-sign Rug 1D1117 Yellow - 155x220,1,0,hidden,,D-sign Rug 1D1117 Yellow 155x220 cm,,,taxable,parent,0,0,,0,0,,220,155,1.5,0,,,2220,,,,,,,56909766-H,,,,,,4,,,Size,155x220,,1,,,,,,,,,,,,,,,,,,,,,,,,,,,,,,,,,,,,,155x220,,,,,,,,,,,,1786457023,,,,,,,,,,,,104528,,,,,,,,,,,,,,,,,,,
47150,variation,56914470,,D-sign Rug 1D1117 Yellow - 175x270,1,0,hidden,,D-sign Rug 1D1117 Yellow 175x270 cm,,,taxable,parent,0,0,,0,0,,270,175,1.5,0,,,2924,,,,,,,56909766-H,,,,,,5,,,Size,175x270,,1,,,,,,,,,,,,,,,,,,,,,,,,,,,,,,,,,,,,,175x270,,,,,,,,,,,,1786457021,,,,,,,,,,,,104529,,,,,,,,,,,,,,,,,,,
47151,variation,56914469,,D-sign Rug 1D1117 Yellow - 194x290,1,0,hidden,,D-sign Rug 1D1117 Yellow 194x290 cm,,,taxable,parent,0,0,,0,0,,290,194,1.5,0,,,3420,,,,,,,56909766-H,,,,,,6,,,Size,194x290,,1,,,,,,,,,,,,,,,,,,,,,,,,,,,,,,,,,,,,,194x290,,,,,,,,,,,,1786457020,,,,,,,,,,,,104530,,,,,,,,,,,,,,,,,,,
47157,variation,56909778,,D-sign Rug 1D1118 Green - 78x150,1,0,hidden,,D-sign Rug 1D1118 Green 78x150 cm,,,taxable,parent,0,0,,0,0,,150,78,1.5,0,,,1028,,,,,,,56909778-H,,,,,,1,,,Size,78x150,,1,,,,,,,,,,,,,,,,,,,,,,,,,,,,,,,,,,,,,78x150,,,,,,,,,,,,,,,,,,,,,,,,104531,,,,,,,,,,,,,,,,,,,
47158,variation,56914520,,D-sign Rug 1D1118 Green - 117x170,1,0,hidden,,D-sign Rug 1D1118 Green 117x170 cm,,,taxable,parent,0,0,,0,0,,170,117,1.5,0,,,1468,,,,,,,56909778-H,,,,,,2,,,Size,117x170,,1,,,,,,,,,,,,,,,,,,,,,,,,,,,,,,,,,,,,,117x170,,,,,,,,,,,,1786457026,,,,,,,,,,,,104532,,,,,,,,,,,,,,,,,,,
47159,variation,56914527,,D-sign Rug 1D1118 Green - 136x190,1,0,hidden,,D-sign Rug 1D1118 Green 136x190 cm,,,taxable,parent,0,0,,0,0,,190,136,1.5,0,,,1780,,,,,,,56909778-H,,,,,,3,,,Size,136x190,,1,,,,,,,,,,,,,,,,,,,,,,,,,,,,,,,,,,,,,136x190,,,,,,,,,,,,,,,,,,,,,,,,104533,,,,,,,,,,,,,,,,,,,
47160,variation,56914525,,D-sign Rug 1D1118 Green - 155x220,1,0,hidden,,D-sign Rug 1D1118 Green 155x220 cm,,,taxable,parent,0,0,,0,0,,220,155,1.5,0,,,2220,,,,,,,56909778-H,,,,,,4,,,Size,155x220,,1,,,,,,,,,,,,,,,,,,,,,,,,,,,,,,,,,,,,,155x220,,,,,,,,,,,,,,,,,,,,,,,,104534,,,,,,,,,,,,,,,,,,,
47161,variation,56914526,,D-sign Rug 1D1118 Green - 175x270,1,0,hidden,,D-sign Rug 1D1118 Green 175x270 cm,,,taxable,parent,0,0,,0,0,,270,175,1.5,0,,,2924,,,,,,,56909778-H,,,,,,5,,,Size,175x270,,1,,,,,,,,,,,,,,,,,,,,,,,,,,,,,,,,,,,,,175x270,,,,,,,,,,,,,,,,,,,,,,,,104535,,,,,,,,,,,,,,,,,,,
47162,variation,56914522,,D-sign Rug 1D1118 Green - 194x290,1,0,hidden,,D-sign Rug 1D1118 Green 194x290 cm,,,taxable,parent,0,0,,0,0,,290,194,1.5,0,,,3420,,,,,,,56909778-H,,,,,,6,,,Size,194x290,,1,,,,,,,,,,,,,,,,,,,,,,,,,,,,,,,,,,,,,194x290,,,,,,,,,,,,,,,,,,,,,,,,104536,,,,,,,,,,,,,,,,,,,
47183,variation,56909772,,D-sign Rug 1D1120 Blue - 80x150,1,0,hidden,,D-sign Rug 1D1120 Blue 80x150 cm,,,taxable,parent,0,0,,0,0,,150,80,1,0,,,1076,,,,,,,56909772-H,,,,,,1,,,Size,80x150,,1,,,,,,,,,,,,,,,,,,,,,,,,,,,,,,,,,,,,,80x150,,,,,,,,,,,,1786455765,,,,,,,,,,,,104553,,,,,,,,,,,,,,,,,,,
47184,variation,56914492,,D-sign Rug 1D1120 Blue - 120x170,1,0,hidden,,D-sign Rug 1D1120 Blue 120x170 cm,,,taxable,parent,0,0,,0,0,,170,120,1,0,,,1564,,,,,,,56909772-H,,,,,,2,,,Size,120x170,,1,,,,,,,,,,,,,,,,,,,,,,,,,,,,,,,,,,,,,120x170,,,,,,,,,,,,,,,,,,,,,,,,104554,,,,,,,,,,,,,,,,,,,
47185,variation,56914495,,D-sign Rug 1D1120 Blue - 140x190,1,0,hidden,,D-sign Rug 1D1120 Blue 140x190 cm,,,taxable,parent,0,0,,0,0,,190,140,1,0,,,1916,,,,,,,56909772-H,,,,,,3,,,Size,140x190,,1,,,,,,,,,,,,,,,,,,,,,,,,,,,,,,,,,,,,,140x190,,,,,,,,,,,,,,,,,,,,,,,,104555,,,,,,,,,,,,,,,,,,,
47186,variation,56914493,,D-sign Rug 1D1120 Blue - 160x220,1,0,hidden,,D-sign Rug 1D1120 Blue 160x220 cm,,,taxable,parent,0,0,,0,0,,220,160,1,0,,,2412,,,,,,,56909772-H,,,,,,4,,,Size,160x220,,1,,,,,,,,,,,,,,,,,,,,,,,,,,,,,,,,,,,,,160x220,,,,,,,,,,,,,,,,,,,,,,,,104556,,,,,,,,,,,,,,,,,,,
47187,variation,56914475,,D-sign Rug 1D1120 Blue - 180x270,1,0,hidden,,D-sign Rug 1D1120 Blue 180x270 cm,,,taxable,parent,0,0,,0,0,,270,180,1,0,,,3188,,,,,,,56909772-H,,,,,,5,,,Size,180x270,,1,,,,,,,,,,,,,,,,,,,,,,,,,,,,,,,,,,,,,180x270,,,,,,,,,,,,,,,,,,,,,,,,104557,,,,,,,,,,,,,,,,,,,
47188,variation,56914472,,D-sign Rug 1D1120 Blue - 200x290,1,0,hidden,,D-sign Rug 1D1120 Blue 200x290 cm,,,taxable,parent,0,0,,0,0,,290,200,1,0,,,3724,,,,,,,56909772-H,,,,,,6,,,Size,200x290,,1,,,,,,,,,,,,,,,,,,,,,,,,,,,,,,,,,,,,,200x290,,,,,,,,,,,,,,,,,,,,,,,,104558,,,,,,,,,,,,,,,,,,,
47189,variation,56909776,,D-sign Rug 1D1120 Blue - 240x330,1,0,hidden,,D-sign Rug 1D1120 Blue 240x330 cm,,,taxable,parent,0,0,,0,0,,330,240,1,0,,,5044,,,,,,,56909772-H,,,,,,7,,,Size,240x330,,1,,,,,,,,,,,,,,,,,,,,,,,,,,,,,,,,,,,,,240x330,,,,,,,,,,,,,,,,,,,,,,,,104559,,,,,,,,,,,,,,,,,,,
47190,variation,56909774,,D-sign Rug 1D1120 Blue - 280x370,1,0,hidden,,D-sign Rug 1D1120 Blue 280x370 cm,,,taxable,parent,0,0,,0,0,,370,280,1,0,,,6428,,,,,,,56909772-H,,,,,,8,,,Size,280x370,,1,,,,,,,,,,,,,,,,,,,,,,,,,,,,,,,,,,,,,280x370,,,,,,,,,,,,,,,,,,,,,,,,104560,,,,,,,,,,,,,,,,,,,
47196,variable,56909780-H,,D-sign Rug 1D1123 Cream,1,0,hidden,D-sign Rug 1D1123 Cream ,D-sign Rug 1D1123 Cream ,,,taxable,,0,,,0,0,,,,,1,,,,"Rooms > Bedroom, Rooms > Living room, Rugs > Modern, Rugs",,,"https://rugshop.eu/wp-content/uploads/2021/10/modern-carpet-rebec-fringe-51184a-marble-two-levels-of-fleece-cream-navy.jpg, https://rugshop.eu/wp-content/uploads/2021/10/modern-carpet-rebec-fringe-51184a-marble-two-levels-of-fleece-cream-navy-1.jpg, https://rugshop.eu/wp-content/uploads/2021/10/modern-carpet-rebec-fringe-51184a-marble-two-levels-of-fleece-cream-navy-2.jpg, https://rugshop.eu/wp-content/uploads/2021/10/modern-carpet-rebec-fringe-51184a-marble-two-levels-of-fleece-cream-navy-3.jpg",,,,,,,,,1530,,,Size,"120x170, 140x190, 160x220, 180x270, 200x290, 240x330, 280x370, 80x150",1,1,Brand,D-sign,1,1,Color,White-Beige,1,1,Type of color,Multicolor,1,1,Shape,Rectangular,1,1,Material,"Polyester, Polypropen",1,1,Type of rug,Modern,1,1,Weave,Machinemade,1,1,Age,New,1,1,,,,,,,,,,,,,,,,,1786455781,yes,yes,,,,,,,,,,,,,,,,,,,,,,,,,,,,,
47197,variable,56909786-H,,D-sign Rug 1D1124 Cream,1,0,hidden,D-sign Rug 1D1124 Cream ,D-sign Rug 1D1124 Cream ,,,taxable,,0,,,0,0,,,,,1,,,,"Rooms > Bedroom, Rooms > Living room, Rugs > Modern, Rugs",,,"https://rugshop.eu/wp-content/uploads/2021/10/modern-carpet-rebec-fringe-51186b-marble-two-levels-of-fleece-cream-grey.jpg, https://rugshop.eu/wp-content/uploads/2021/10/modern-carpet-rebec-fringe-51186b-marble-two-levels-of-fleece-cream-grey-1.jpg, https://rugshop.eu/wp-content/uploads/2021/10/modern-carpet-rebec-fringe-51186b-marble-two-levels-of-fleece-cream-grey-2.jpg, https://rugshop.eu/wp-content/uploads/2021/10/modern-carpet-rebec-fringe-51186b-marble-two-levels-of-fleece-cream-grey-3.jpg",,,,,,,,,1531,,,Size,"120x170, 140x190, 160x220, 180x270, 200x290, 240x330, 280x370, 80x150",1,1,Brand,D-sign,1,1,Color,White-Beige,1,1,Type of color,Multicolor,1,1,Shape,Rectangular,1,1,Material,"Polyester, Polypropen",1,1,Type of rug,Modern,1,1,Weave,Machinemade,1,1,Age,New,1,1,,,,,,,,,,,,,,,,,1786455783,yes,yes,,,,,,,,,,,,,,,,,,,,,,,,,,,,,
47226,variation,56909780,,D-sign Rug 1D1123 Cream - 80x150,1,0,hidden,,D-sign Rug 1D1123 Cream 80x150 cm,,,taxable,parent,0,0,,0,0,,150,80,1,0,,,1076,,,,,,,56909780-H,,,,,,1,,,Size,80x150,,1,,,,,,,,,,,,,,,,,,,,,,,,,,,,,,,,,,,,,80x150,,,,,,,,,,,,1786455765,,,,,,,,,,,,104593,,,,,,,,,,,,,,,,,,,
47227,variation,56914534,,D-sign Rug 1D1123 Cream - 120x170,1,0,hidden,,D-sign Rug 1D1123 Cream 120x170 cm,,,taxable,parent,0,0,,0,0,,170,120,1,0,,,1564,,,,,,,56909780-H,,,,,,2,,,Size,120x170,,1,,,,,,,,,,,,,,,,,,,,,,,,,,,,,,,,,,,,,120x170,,,,,,,,,,,,,,,,,,,,,,,,104594,,,,,,,,,,,,,,,,,,,
47228,variation,56909783,,D-sign Rug 1D1123 Cream - 140x190,1,0,hidden,,D-sign Rug 1D1123 Cream 140x190 cm,,,taxable,parent,0,0,,0,0,,190,140,1,0,,,1916,,,,,,,56909780-H,,,,,,3,,,Size,140x190,,1,,,,,,,,,,,,,,,,,,,,,,,,,,,,,,,,,,,,,140x190,,,,,,,,,,,,,,,,,,,,,,,,104595,,,,,,,,,,,,,,,,,,,
47229,variation,56909784,,D-sign Rug 1D1123 Cream - 160x220,1,0,hidden,,D-sign Rug 1D1123 Cream 160x220 cm,,,taxable,parent,0,0,,0,0,,220,160,1,0,,,2412,,,,,,,56909780-H,,,,,,4,,,Size,160x220,,1,,,,,,,,,,,,,,,,,,,,,,,,,,,,,,,,,,,,,160x220,,,,,,,,,,,,,,,,,,,,,,,,104596,,,,,,,,,,,,,,,,,,,
47230,variation,56909787,,D-sign Rug 1D1123 Cream - 180x270,1,0,hidden,,D-sign Rug 1D1123 Cream 180x270 cm,,,taxable,parent,0,0,,0,0,,270,180,1,0,,,3188,,,,,,,56909780-H,,,,,,5,,,Size,180x270,,1,,,,,,,,,,,,,,,,,,,,,,,,,,,,,,,,,,,,,180x270,,,,,,,,,,,,,,,,,,,,,,,,104597,,,,,,,,,,,,,,,,,,,
47231,variation,56909781,,D-sign Rug 1D1123 Cream - 200x290,1,0,hidden,,D-sign Rug 1D1123 Cream 200x290 cm,,,taxable,parent,0,0,,0,0,,290,200,1,0,,,3724,,,,,,,56909780-H,,,,,,6,,,Size,200x290,,1,,,,,,,,,,,,,,,,,,,,,,,,,,,,,,,,,,,,,200x290,,,,,,,,,,,,,,,,,,,,,,,,104598,,,,,,,,,,,,,,,,,,,
47232,variation,56909782,,D-sign Rug 1D1123 Cream - 240x330,1,0,hidden,,D-sign Rug 1D1123 Cream 240x330 cm,,,taxable,parent,0,0,,0,0,,330,240,1,0,,,5044,,,,,,,56909780-H,,,,,,7,,,Size,240x330,,1,,,,,,,,,,,,,,,,,,,,,,,,,,,,,,,,,,,,,240x330,,,,,,,,,,,,,,,,,,,,,,,,104599,,,,,,,,,,,,,,,,,,,
47233,variation,56909785,,D-sign Rug 1D1123 Cream - 280x370,1,0,hidden,,D-sign Rug 1D1123 Cream 280x370 cm,,,taxable,parent,0,0,,0,0,,370,280,1,0,,,6428,,,,,,,56909780-H,,,,,,8,,,Size,280x370,,1,,,,,,,,,,,,,,,,,,,,,,,,,,,,,,,,,,,,,280x370,,,,,,,,,,,,,,,,,,,,,,,,104600,,,,,,,,,,,,,,,,,,,
47239,variation,56909786,,D-sign Rug 1D1124 Cream - 80x150,1,0,hidden,,D-sign Rug 1D1124 Cream 80x150 cm,,,taxable,parent,0,0,,0,0,,150,80,1,0,,,1076,,,,,,,56909786-H,,,,,,1,,,Size,80x150,,1,,,,,,,,,,,,,,,,,,,,,,,,,,,,,,,,,,,,,80x150,,,,,,,,,,,,1786455766,,,,,,,,,,,,104601,,,,,,,,,,,,,,,,,,,
47240,variation,56914537,,D-sign Rug 1D1124 Cream - 120x170,1,0,hidden,,D-sign Rug 1D1124 Cream 120x170 cm,,,taxable,parent,0,0,,0,0,,170,120,1,0,,,1564,,,,,,,56909786-H,,,,,,2,,,Size,120x170,,1,,,,,,,,,,,,,,,,,,,,,,,,,,,,,,,,,,,,,120x170,,,,,,,,,,,,,,,,,,,,,,,,104602,,,,,,,,,,,,,,,,,,,
47241,variation,56914541,,D-sign Rug 1D1124 Cream - 140x190,1,0,hidden,,D-sign Rug 1D1124 Cream 140x190 cm,,,taxable,parent,0,0,,0,0,,190,140,1,0,,,1916,,,,,,,56909786-H,,,,,,3,,,Size,140x190,,1,,,,,,,,,,,,,,,,,,,,,,,,,,,,,,,,,,,,,140x190,,,,,,,,,,,,,,,,,,,,,,,,104603,,,,,,,,,,,,,,,,,,,
47242,variation,56914554,,D-sign Rug 1D1124 Cream - 160x220,1,0,hidden,,D-sign Rug 1D1124 Cream 160x220 cm,,,taxable,parent,0,0,,0,0,,220,160,1,0,,,2412,,,,,,,56909786-H,,,,,,4,,,Size,160x220,,1,,,,,,,,,,,,,,,,,,,,,,,,,,,,,,,,,,,,,160x220,,,,,,,,,,,,,,,,,,,,,,,,104604,,,,,,,,,,,,,,,,,,,
47243,variation,56909801,,D-sign Rug 1D1124 Cream - 180x270,1,0,hidden,,D-sign Rug 1D1124 Cream 180x270 cm,,,taxable,parent,0,0,,0,0,,270,180,1,0,,,3188,,,,,,,56909786-H,,,,,,5,,,Size,180x270,,1,,,,,,,,,,,,,,,,,,,,,,,,,,,,,,,,,,,,,180x270,,,,,,,,,,,,,,,,,,,,,,,,104605,,,,,,,,,,,,,,,,,,,
47244,variation,56909795,,D-sign Rug 1D1124 Cream - 200x290,1,0,hidden,,D-sign Rug 1D1124 Cream 200x290 cm,,,taxable,parent,0,0,,0,0,,290,200,1,0,,,3724,,,,,,,56909786-H,,,,,,6,,,Size,200x290,,1,,,,,,,,,,,,,,,,,,,,,,,,,,,,,,,,,,,,,200x290,,,,,,,,,,,,,,,,,,,,,,,,104606,,,,,,,,,,,,,,,,,,,
47245,variation,56909796,,D-sign Rug 1D1124 Cream - 240x330,1,0,hidden,,D-sign Rug 1D1124 Cream 240x330 cm,,,taxable,parent,0,0,,0,0,,330,240,1,0,,,5044,,,,,,,56909786-H,,,,,,7,,,Size,240x330,,1,,,,,,,,,,,,,,,,,,,,,,,,,,,,,,,,,,,,,240x330,,,,,,,,,,,,,,,,,,,,,,,,104607,,,,,,,,,,,,,,,,,,,
47246,variation,56909797,,D-sign Rug 1D1124 Cream - 280x370,1,0,hidden,,D-sign Rug 1D1124 Cream 280x370 cm,,,taxable,parent,0,0,,0,0,,370,280,1,0,,,6428,,,,,,,56909786-H,,,,,,8,,,Size,280x370,,1,,,,,,,,,,,,,,,,,,,,,,,,,,,,,,,,,,,,,280x370,,,,,,,,,,,,1786455766,,,,,,,,,,,,104608,,,,,,,,,,,,,,,,,,,
47253,variable,56909867-H,,D-sign Rug 1D1128 Beige,1,0,hidden,D-sign Rug 1D1128 Beige ,D-sign Rug 1D1128 Beige ,,,taxable,,0,,,0,0,,,,,0,,,,"Rooms > Kitchen, Rooms > Living room, Rugs > Modern, Rugs, Rugs > Sisal",,,"https://rugshop.eu/wp-content/uploads/2021/10/carpet-sisal-cooper-mosaic-22208-ecru-black.jpg, https://rugshop.eu/wp-content/uploads/2021/10/carpet-sisal-cooper-mosaic-22208-ecru-black-1.jpg, https://rugshop.eu/wp-content/uploads/2021/10/carpet-sisal-cooper-mosaic-22208-ecru-black-2.jpg, https://rugshop.eu/wp-content/uploads/2021/10/carpet-sisal-cooper-mosaic-22208-ecru-black-3.jpg",,,,,,,,,1535,,,Size,"120x170, 140x190, 160x220, 180x270, 200x290, 80x150",1,1,Brand,D-sign,1,1,Color,White-Beige,1,1,Type of color,Multicolor,1,1,Shape,Rectangular,1,1,Material,Polypropen,1,1,Type of rug,"Modern, Sisal",1,1,Weave,Machinemade,1,1,Age,New,1,1,,,,,,,,,default,default,default,default,,,,,1786457057,yes,yes,,,,,,,,,classic-editor,,,,,,,,,,,,,,,,,,,,
47280,variable,56909875-H,,D-sign Rug 1D1129 Beige,1,0,hidden,D-sign Rug 1D1129 Beige ,D-sign Rug 1D1129 Beige ,,,taxable,,0,,,0,0,,,,,0,,,,"Rooms > Kitchen, Rooms > Living room, Rugs > Modern, Rugs, Rugs > Sisal",,,"https://rugshop.eu/wp-content/uploads/2021/10/carpet-sisal-cooper-diamonds-zigzag-22217-ecru-black.jpg, https://rugshop.eu/wp-content/uploads/2021/10/carpet-sisal-cooper-diamonds-zigzag-22217-ecru-black-1.jpg, https://rugshop.eu/wp-content/uploads/2021/10/carpet-sisal-cooper-diamonds-zigzag-22217-ecru-black-2.jpg, https://rugshop.eu/wp-content/uploads/2021/10/carpet-sisal-cooper-diamonds-zigzag-22217-ecru-black-3.jpg",,,,,,,,,1536,,,Size,"120x170, 140x190, 160x220, 180x270, 200x290, 80x150",1,1,Brand,D-sign,1,1,Color,White-Beige,1,1,Type of color,Multicolor,1,1,Shape,Rectangular,1,1,Material,Polypropen,1,1,Type of rug,"Modern, Sisal",1,1,Weave,Machinemade,1,1,Age,New,1,1,,,,,,,,,default,default,default,default,,,,,1786457062,yes,yes,,,,,,,,,classic-editor,,,,,,,,,,,,,,,,,,,,
47281,variable,56909878-H,,D-sign Rug 1D1130 Beige,1,0,hidden,D-sign Rug 1D1130 Beige ,D-sign Rug 1D1130 Beige ,,,taxable,,0,,,0,0,,,,,0,,,,"Rooms > Kitchen, Rooms > Living room, Rugs > Modern, Rugs, Rugs > Sisal",,,"https://rugshop.eu/wp-content/uploads/2021/10/carpet-sisal-cooper-mosaic-triangles-22222-ecru-black.jpg, https://rugshop.eu/wp-content/uploads/2021/10/carpet-sisal-cooper-mosaic-triangles-22222-ecru-black-1.jpg, https://rugshop.eu/wp-content/uploads/2021/10/carpet-sisal-cooper-mosaic-triangles-22222-ecru-black-2.jpg, https://rugshop.eu/wp-content/uploads/2021/10/carpet-sisal-cooper-mosaic-triangles-22222-ecru-black-3.jpg",,,,,,,,,1537,,,Size,"120x170, 140x190, 160x220, 180x270, 200x290, 80x150",1,1,Brand,D-sign,1,1,Color,White-Beige,1,1,Type of color,Multicolor,1,1,Shape,Rectangular,1,1,Material,Polypropen,1,1,Type of rug,"Modern, Sisal",1,1,Weave,Machinemade,1,1,Age,New,1,1,,,,,,,,,default,default,default,default,,,,,1786455785,yes,yes,,,,,,,,,classic-editor,,,,,,,,,,,,,,,,,,,,
47294,variation,56909867,,D-sign Rug 1D1128 Beige - 80x150,1,0,hidden,,D-sign Rug 1D1128 Beige 80x150 cm,,,taxable,parent,0,0,,0,0,,150,80,0.8,0,,,908,,,,,,,56909867-H,,,,,,1,,,Size,80x150,,1,,,,,,,,,,,,,,,,,,,,,,,,,,,,,,,,,,,,,80x150,,,,,,,,,,,,,,,,,,,,,,,,104632,,,,,,,,,,,,,,,,,,,
47295,variation,56914576,,D-sign Rug 1D1128 Beige - 120x170,1,0,hidden,,D-sign Rug 1D1128 Beige 120x170 cm,,,taxable,parent,0,0,,0,0,,170,120,0.8,0,,,1260,,,,,,,56909867-H,,,,,,2,,,Size,120x170,,1,,,,,,,,,,,,,,,,,,,,,,,,,,,,,,,,,,,,,120x170,,,,,,,,,,,,,,,,,,,,,,,,104633,,,,,,,,,,,,,,,,,,,
47296,variation,56914567,,D-sign Rug 1D1128 Beige - 140x190,1,0,hidden,,D-sign Rug 1D1128 Beige 140x190 cm,,,taxable,parent,0,0,,0,0,,190,140,0.8,0,,,1540,,,,,,,56909867-H,,,,,,3,,,Size,140x190,,1,,,,,,,,,,,,,,,,,,,,,,,,,,,,,,,,,,,,,140x190,,,,,,,,,,,,1786457031,,,,,,,,,,,,104634,,,,,,,,,,,,,,,,,,,
47297,variation,56914561,,D-sign Rug 1D1128 Beige - 160x220,1,0,hidden,,D-sign Rug 1D1128 Beige 160x220 cm,,,taxable,parent,0,0,,0,0,,220,160,0.8,0,,,1892,,,,,,,56909867-H,,,,,,4,,,Size,160x220,,1,,,,,,,,,,,,,,,,,,,,,,,,,,,,,,,,,,,,,160x220,,,,,,,,,,,,,,,,,,,,,,,,104635,,,,,,,,,,,,,,,,,,,
47298,variation,56909876,,D-sign Rug 1D1128 Beige - 180x270,1,0,hidden,,D-sign Rug 1D1128 Beige 180x270 cm,,,taxable,parent,0,0,,0,0,,270,180,0.8,0,,,2484,,,,,,,56909867-H,,,,,,5,,,Size,180x270,,1,,,,,,,,,,,,,,,,,,,,,,,,,,,,,,,,,,,,,180x270,,,,,,,,,,,,,,,,,,,,,,,,104636,,,,,,,,,,,,,,,,,,,
47299,variation,56909877,,D-sign Rug 1D1128 Beige - 200x290,1,0,hidden,,D-sign Rug 1D1128 Beige 200x290 cm,,,taxable,parent,0,0,,0,0,,290,200,0.8,0,,,2884,,,,,,,56909867-H,,,,,,6,,,Size,200x290,,1,,,,,,,,,,,,,,,,,,,,,,,,,,,,,,,,,,,,,200x290,,,,,,,,,,,,,,,,,,,,,,,,104637,,,,,,,,,,,,,,,,,,,
47307,variation,56909875,,D-sign Rug 1D1129 Beige - 80x150,1,0,hidden,,D-sign Rug 1D1129 Beige 80x150 cm,,,taxable,parent,0,0,,0,0,,150,80,0.8,0,,,908,,,,,,,56909875-H,,,,,,1,,,Size,80x150,,1,,,,,,,,,,,,,,,,,,,,,,,,,,,,,,,,,,,,,80x150,,,,,,,,,,,,,,,,,,,,,,,,104638,,,,,,,,,,,,,,,,,,,
47308,variation,56914583,,D-sign Rug 1D1129 Beige - 120x170,1,0,hidden,,D-sign Rug 1D1129 Beige 120x170 cm,,,taxable,parent,0,0,,0,0,,170,120,0.8,0,,,1260,,,,,,,56909875-H,,,,,,2,,,Size,120x170,,1,,,,,,,,,,,,,,,,,,,,,,,,,,,,,,,,,,,,,120x170,,,,,,,,,,,,,,,,,,,,,,,,104639,,,,,,,,,,,,,,,,,,,
47309,variation,56914581,,D-sign Rug 1D1129 Beige - 140x190,1,0,hidden,,D-sign Rug 1D1129 Beige 140x190 cm,,,taxable,parent,0,0,,0,0,,190,140,0.8,0,,,1540,,,,,,,56909875-H,,,,,,3,,,Size,140x190,,1,,,,,,,,,,,,,,,,,,,,,,,,,,,,,,,,,,,,,140x190,,,,,,,,,,,,,,,,,,,,,,,,104640,,,,,,,,,,,,,,,,,,,
47310,variation,56914574,,D-sign Rug 1D1129 Beige - 160x220,1,0,hidden,,D-sign Rug 1D1129 Beige 160x220 cm,,,taxable,parent,0,0,,0,0,,220,160,0.8,0,,,1892,,,,,,,56909875-H,,,,,,4,,,Size,160x220,,1,,,,,,,,,,,,,,,,,,,,,,,,,,,,,,,,,,,,,160x220,,,,,,,,,,,,1786457035,,,,,,,,,,,,104641,,,,,,,,,,,,,,,,,,,
47311,variation,56914578,,D-sign Rug 1D1129 Beige - 180x270,1,0,hidden,,D-sign Rug 1D1129 Beige 180x270 cm,,,taxable,parent,0,0,,0,0,,270,180,0.8,0,,,2484,,,,,,,56909875-H,,,,,,5,,,Size,180x270,,1,,,,,,,,,,,,,,,,,,,,,,,,,,,,,,,,,,,,,180x270,,,,,,,,,,,,,,,,,,,,,,,,104642,,,,,,,,,,,,,,,,,,,
47312,variation,56914577,,D-sign Rug 1D1129 Beige - 200x290,1,0,hidden,,D-sign Rug 1D1129 Beige 200x290 cm,,,taxable,parent,0,0,,0,0,,290,200,0.8,0,,,2884,,,,,,,56909875-H,,,,,,6,,,Size,200x290,,1,,,,,,,,,,,,,,,,,,,,,,,,,,,,,,,,,,,,,200x290,,,,,,,,,,,,,,,,,,,,,,,,104643,,,,,,,,,,,,,,,,,,,
47318,variation,56909878,,D-sign Rug 1D1130 Beige - 80x150,1,0,hidden,,D-sign Rug 1D1130 Beige 80x150 cm,,,taxable,parent,0,0,,0,0,,150,80,0.8,0,,,908,,,,,,,56909878-H,,,,,,1,,,Size,80x150,,1,,,,,,,,,,,,,,,,,,,,,,,,,,,,,,,,,,,,,80x150,,,,,,,,,,,,,,,,,,,,,,,,104644,,,,,,,,,,,,,,,,,,,
47319,variation,56914575,,D-sign Rug 1D1130 Beige - 120x170,1,0,hidden,,D-sign Rug 1D1130 Beige 120x170 cm,,,taxable,parent,0,0,,0,0,,170,120,0.8,0,,,1260,,,,,,,56909878-H,,,,,,2,,,Size,120x170,,1,,,,,,,,,,,,,,,,,,,,,,,,,,,,,,,,,,,,,120x170,,,,,,,,,,,,,,,,,,,,,,,,104645,,,,,,,,,,,,,,,,,,,
47320,variation,56909881,,D-sign Rug 1D1130 Beige - 140x190,1,0,hidden,,D-sign Rug 1D1130 Beige 140x190 cm,,,taxable,parent,0,0,,0,0,,190,140,0.8,0,,,1540,,,,,,,56909878-H,,,,,,3,,,Size,140x190,,1,,,,,,,,,,,,,,,,,,,,,,,,,,,,,,,,,,,,,140x190,,,,,,,,,,,,1786455766,,,,,,,,,,,,104646,,,,,,,,,,,,,,,,,,,
47321,variation,56909883,,D-sign Rug 1D1130 Beige - 160x220,1,0,hidden,,D-sign Rug 1D1130 Beige 160x220 cm,,,taxable,parent,0,0,,0,0,,220,160,0.8,0,,,1892,,,,,,,56909878-H,,,,,,4,,,Size,160x220,,1,,,,,,,,,,,,,,,,,,,,,,,,,,,,,,,,,,,,,160x220,,,,,,,,,,,,,,,,,,,,,,,,104647,,,,,,,,,,,,,,,,,,,
47322,variation,56909879,,D-sign Rug 1D1130 Beige - 180x270,1,0,hidden,,D-sign Rug 1D1130 Beige 180x270 cm,,,taxable,parent,0,0,,0,0,,270,180,0.8,0,,,2484,,,,,,,56909878-H,,,,,,5,,,Size,180x270,,1,,,,,,,,,,,,,,,,,,,,,,,,,,,,,,,,,,,,,180x270,,,,,,,,,,,,,,,,,,,,,,,,104648,,,,,,,,,,,,,,,,,,,
47323,variation,56909880,,D-sign Rug 1D1130 Beige - 200x290,1,0,hidden,,D-sign Rug 1D1130 Beige 200x290 cm,,,taxable,parent,0,0,,0,0,,290,200,0.8,0,,,2884,,,,,,,56909878-H,,,,,,6,,,Size,200x290,,1,,,,,,,,,,,,,,,,,,,,,,,,,,,,,,,,,,,,,200x290,,,,,,,,,,,,,,,,,,,,,,,,104649,,,,,,,,,,,,,,,,,,,
47329,variable,56909886-H,,D-sign Rug 1D1134 Beige,1,0,hidden,D-sign Rug 1D1134 Beige ,D-sign Rug 1D1134 Beige ,,,taxable,,0,,,0,0,,,,,0,,,,"Rooms > Kitchen, Rooms > Living room, Rugs > Modern, Rugs, Rugs > Sisal",,,"https://rugshop.eu/wp-content/uploads/2021/10/carpet-sisal-cooper-palm-leaves-tropical-22258-ecru-navy.jpg, https://rugshop.eu/wp-content/uploads/2021/10/carpet-sisal-cooper-palm-leaves-tropical-22258-ecru-navy-1.jpg, https://rugshop.eu/wp-content/uploads/2021/10/carpet-sisal-cooper-palm-leaves-tropical-22258-ecru-navy-2.jpg, https://rugshop.eu/wp-content/uploads/2021/10/carpet-sisal-cooper-palm-leaves-tropical-22258-ecru-navy-3.jpg",,,,,,,,,1541,,,Size,"120x170, 140x190, 160x220, 180x270, 200x290, 80x150",1,1,Brand,D-sign,1,1,Color,Blue,1,1,Type of color,Multicolor,1,1,Shape,Rectangular,1,1,Material,Polypropen,1,1,Type of rug,"Modern, Sisal",1,1,Weave,Machinemade,1,1,Age,New,1,1,,,,,,,,,default,default,default,default,,,,,1786457065,yes,yes,,,,,,,,,classic-editor,,,,,,,,,,,,,,,,,,,,
47353,variable,56909891-H,,D-sign Rug 1D1136 Beige,1,0,hidden,D-sign Rug 1D1136 Beige ,D-sign Rug 1D1136 Beige ,,,taxable,,0,,,0,0,,,,,0,,,,"Rooms > Kitchen, Rooms > Living room, Rugs > Modern, Rugs, Rugs > Sisal",,,"https://rugshop.eu/wp-content/uploads/2021/10/carpet-sisal-cooper-stars-22260-ecru-navy.jpg, https://rugshop.eu/wp-content/uploads/2021/10/carpet-sisal-cooper-stars-22260-ecru-navy-1.jpg, https://rugshop.eu/wp-content/uploads/2021/10/carpet-sisal-cooper-stars-22260-ecru-navy-2.jpg, https://rugshop.eu/wp-content/uploads/2021/10/carpet-sisal-cooper-stars-22260-ecru-navy-3.jpg",,,,,,,,,1543,,,Size,"120x170, 140x190, 160x220, 180x270, 200x290, 80x150",1,1,Brand,D-sign,1,1,Color,White-Beige,1,1,Type of color,Multicolor,1,1,Shape,Rectangular,1,1,Material,Polypropen,1,1,Type of rug,"Modern, Sisal",1,1,Weave,Machinemade,1,1,Age,New,1,1,,,,,,,,,default,default,default,default,,,,,1786457068,yes,yes,,,,,,,,,classic-editor,,,,,,,,,,,,,,,,,,,,
47366,variation,56909886,,D-sign Rug 1D1134 Beige - 80x150,1,0,hidden,,D-sign Rug 1D1134 Beige 80x150 cm,,,taxable,parent,0,0,,0,0,,150,80,0.8,0,,,908,,,,,,,56909886-H,,,,,,1,,,Size,80x150,,1,,,,,,,,,,,,,,,,,,,,,,,,,,,,,,,,,,,,,80x150,,,,,,,,,,,,,,,,,,,,,,,,104680,,,,,,,,,,,,,,,,,,,
47367,variation,56914608,,D-sign Rug 1D1134 Beige - 120x170,1,0,hidden,,D-sign Rug 1D1134 Beige 120x170 cm,,,taxable,parent,0,0,,0,0,,170,120,0.8,0,,,1260,,,,,,,56909886-H,,,,,,2,,,Size,120x170,,1,,,,,,,,,,,,,,,,,,,,,,,,,,,,,,,,,,,,,120x170,,,,,,,,,,,,,,,,,,,,,,,,104681,,,,,,,,,,,,,,,,,,,
47368,variation,56914604,,D-sign Rug 1D1134 Beige - 140x190,1,0,hidden,,D-sign Rug 1D1134 Beige 140x190 cm,,,taxable,parent,0,0,,0,0,,190,140,0.8,0,,,1540,,,,,,,56909886-H,,,,,,3,,,Size,140x190,,1,,,,,,,,,,,,,,,,,,,,,,,,,,,,,,,,,,,,,140x190,,,,,,,,,,,,,,,,,,,,,,,,104682,,,,,,,,,,,,,,,,,,,
47369,variation,56914605,,D-sign Rug 1D1134 Beige - 160x220,1,0,hidden,,D-sign Rug 1D1134 Beige 160x220 cm,,,taxable,parent,0,0,,0,0,,220,160,0.8,0,,,1892,,,,,,,56909886-H,,,,,,4,,,Size,160x220,,1,,,,,,,,,,,,,,,,,,,,,,,,,,,,,,,,,,,,,160x220,,,,,,,,,,,,1786457037,,,,,,,,,,,,104683,,,,,,,,,,,,,,,,,,,
47370,variation,56914612,,D-sign Rug 1D1134 Beige - 180x270,1,0,hidden,,D-sign Rug 1D1134 Beige 180x270 cm,,,taxable,parent,0,0,,0,0,,270,180,0.8,0,,,2484,,,,,,,56909886-H,,,,,,5,,,Size,180x270,,1,,,,,,,,,,,,,,,,,,,,,,,,,,,,,,,,,,,,,180x270,,,,,,,,,,,,,,,,,,,,,,,,104684,,,,,,,,,,,,,,,,,,,
47371,variation,56914609,,D-sign Rug 1D1134 Beige - 200x290,1,0,hidden,,D-sign Rug 1D1134 Beige 200x290 cm,,,taxable,parent,0,0,,0,0,,290,200,0.8,0,,,2884,,,,,,,56909886-H,,,,,,6,,,Size,200x290,,1,,,,,,,,,,,,,,,,,,,,,,,,,,,,,,,,,,,,,200x290,,,,,,,,,,,,,,,,,,,,,,,,104685,,,,,,,,,,,,,,,,,,,
47377,variable,56909967-H,,D-sign Rug 1D1138 Purple,1,0,hidden,D-sign Rug 1D1138 Purple ,D-sign Rug 1D1138 Purple ,,,taxable,,0,,,0,0,,,,,0,,,,"Rooms > Kitchen, Rooms > Living room, Rugs > Modern, Rugs, Rugs > Sisal",,,"https://rugshop.eu/wp-content/uploads/2021/10/modern-carpet-sisal-fisy-20975a-purple-pink.jpg, https://rugshop.eu/wp-content/uploads/2021/10/modern-carpet-sisal-fisy-20975a-purple-pink-1.jpg, https://rugshop.eu/wp-content/uploads/2021/10/modern-carpet-sisal-fisy-20975a-purple-pink-2.jpg, https://rugshop.eu/wp-content/uploads/2021/10/modern-carpet-sisal-fisy-20975a-purple-pink-3.jpg",,,,,,,,,1545,,,Size,"120x170, 140x190, 160x220, 180x270, 200x290, 80x150",1,1,Brand,D-sign,1,1,Color,Pink-Purple,1,1,Type of color,Multicolor,1,1,Shape,Rectangular,1,1,Material,Polypropen,1,1,Type of rug,"Modern, Sisal",1,1,Weave,Machinemade,1,1,Age,New,1,1,,,,,,,,,default,default,default,default,,,,,1786457168,yes,yes,,,,,,,,,classic-editor,,,,,,,,,,,,,,,,,,,,
47378,variable,56909919-H,,D-sign Rug 1D1139 Cream,1,0,hidden,D-sign Rug 1D1139 Cream ,D-sign Rug 1D1139 Cream ,,,taxable,,0,,,0,0,,,,,0,,,,"Rooms > Kitchen, Rooms > Living room, Rugs > Modern, Rugs, Rugs > Sisal",,,"https://rugshop.eu/wp-content/uploads/2021/10/carpet-sisal-sisalo-frame-2900-cream-beige.jpg, https://rugshop.eu/wp-content/uploads/2021/10/carpet-sisal-sisalo-frame-2900-cream-beige-1.jpg, https://rugshop.eu/wp-content/uploads/2021/10/carpet-sisal-sisalo-frame-2900-cream-beige-2.jpg, https://rugshop.eu/wp-content/uploads/2021/10/carpet-sisal-sisalo-frame-2900-cream-beige-3.jpg",,,,,,,,,1546,,,Size,"120x170, 140x190, 160x220, 180x270, 200x290, 80x150",1,1,Brand,D-sign,1,1,Color,White-Beige,1,1,Type of color,Multicolor,1,1,Shape,Rectangular,1,1,Material,Polypropen,1,1,Type of rug,"Modern, Sisal",1,1,Weave,Machinemade,1,1,Age,New,1,1,,,,,,,,,default,default,default,default,,,,,1786457110,yes,yes,,,,,,,,,classic-editor,,,,,,,,,,,,,,,,,,,,
47390,variation,56909891,,D-sign Rug 1D1136 Beige - 80x150,1,0,hidden,,D-sign Rug 1D1136 Beige 80x150 cm,,,taxable,parent,0,0,,0,0,,150,80,0.8,0,,,908,,,,,,,56909891-H,,,,,,1,,,Size,80x150,,1,,,,,,,,,,,,,,,,,,,,,,,,,,,,,,,,,,,,,80x150,,,,,,,,,,,,1786455767,,,,,,,,,,,,104692,,,,,,,,,,,,,,,,,,,
47391,variation,56914606,,D-sign Rug 1D1136 Beige - 120x170,1,0,hidden,,D-sign Rug 1D1136 Beige 120x170 cm,,,taxable,parent,0,0,,0,0,,170,120,0.8,0,,,1260,,,,,,,56909891-H,,,,,,2,,,Size,120x170,,1,,,,,,,,,,,,,,,,,,,,,,,,,,,,,,,,,,,,,120x170,,,,,,,,,,,,1786457037,,,,,,,,,,,,104693,,,,,,,,,,,,,,,,,,,
47392,variation,56914613,,D-sign Rug 1D1136 Beige - 140x190,1,0,hidden,,D-sign Rug 1D1136 Beige 140x190 cm,,,taxable,parent,0,0,,0,0,,190,140,0.8,0,,,1540,,,,,,,56909891-H,,,,,,3,,,Size,140x190,,1,,,,,,,,,,,,,,,,,,,,,,,,,,,,,,,,,,,,,140x190,,,,,,,,,,,,1786457038,,,,,,,,,,,,104694,,,,,,,,,,,,,,,,,,,
47393,variation,56914630,,D-sign Rug 1D1136 Beige - 160x220,1,0,hidden,,D-sign Rug 1D1136 Beige 160x220 cm,,,taxable,parent,0,0,,0,0,,220,160,0.8,0,,,1892,,,,,,,56909891-H,,,,,,4,,,Size,160x220,,1,,,,,,,,,,,,,,,,,,,,,,,,,,,,,,,,,,,,,160x220,,,,,,,,,,,,,,,,,,,,,,,,104695,,,,,,,,,,,,,,,,,,,
47394,variation,56914611,,D-sign Rug 1D1136 Beige - 180x270,1,0,hidden,,D-sign Rug 1D1136 Beige 180x270 cm,,,taxable,parent,0,0,,0,0,,270,180,0.8,0,,,2484,,,,,,,56909891-H,,,,,,5,,,Size,180x270,,1,,,,,,,,,,,,,,,,,,,,,,,,,,,,,,,,,,,,,180x270,,,,,,,,,,,,1786457038,,,,,,,,,,,,104696,,,,,,,,,,,,,,,,,,,
47395,variation,56914610,,D-sign Rug 1D1136 Beige - 200x290,1,0,hidden,,D-sign Rug 1D1136 Beige 200x290 cm,,,taxable,parent,0,0,,0,0,,290,200,0.8,0,,,2884,,,,,,,56909891-H,,,,,,6,,,Size,200x290,,1,,,,,,,,,,,,,,,,,,,,,,,,,,,,,,,,,,,,,200x290,,,,,,,,,,,,,,,,,,,,,,,,104697,,,,,,,,,,,,,,,,,,,
47402,variable,56909895-H,,D-sign Rug 1D1141 Beige,1,0,hidden,D-sign Rug 1D1141 Beige ,D-sign Rug 1D1141 Beige ,,,taxable,,0,,,0,0,,,,,0,,,,"Rooms > Kitchen, Rooms > Living room, Rugs > Modern, Rugs, Rugs > Sisal",,,"https://rugshop.eu/wp-content/uploads/2021/10/carpet-sisal-sion-frame-21782-flat-woven-ecru-beige.jpg, https://rugshop.eu/wp-content/uploads/2021/10/carpet-sisal-sion-frame-21782-flat-woven-ecru-beige-1.jpg, https://rugshop.eu/wp-content/uploads/2021/10/carpet-sisal-sion-frame-21782-flat-woven-ecru-beige-2.jpg, https://rugshop.eu/wp-content/uploads/2021/10/carpet-sisal-sion-frame-21782-flat-woven-ecru-beige-3.jpg",,,,,,,,,1548,,,Size,"120x170, 140x190, 160x220, 180x270, 200x290, 80x150",1,1,Brand,D-sign,1,1,Color,White-Beige,1,1,Type of color,Multicolor,1,1,Shape,Rectangular,1,1,Material,Polypropen,1,1,Type of rug,"Modern, Sisal",1,1,Weave,Machinemade,1,1,Age,New,1,1,,,,,,,,,default,default,default,default,,,,,1786457096,yes,yes,,,,,,,,,classic-editor,,,,,,,,,,,,,,,,,,,,
47414,variation,56909967,,D-sign Rug 1D1138 Purple - 80x150,1,0,hidden,,D-sign Rug 1D1138 Purple 80x150 cm,,,taxable,parent,0,0,,0,0,,150,80,1,0,,,908,,,,,,,56909967-H,,,,,,1,,,Size,80x150,,1,,,,,,,,,,,,,,,,,,,,,,,,,,,,,,,,,,,,,80x150,,,,,,,,,,,,,,,,,,,,,,,,104716,,,,,,,,,,,,,,,,,,,
47415,variation,56914745,,D-sign Rug 1D1138 Purple - 120x170,1,0,hidden,,D-sign Rug 1D1138 Purple 120x170 cm,,,taxable,parent,0,0,,0,0,,170,120,1,0,,,1260,,,,,,,56909967-H,,,,,,2,,,Size,120x170,,1,,,,,,,,,,,,,,,,,,,,,,,,,,,,,,,,,,,,,120x170,,,,,,,,,,,,,,,,,,,,,,,,104717,,,,,,,,,,,,,,,,,,,
47416,variation,56914748,,D-sign Rug 1D1138 Purple - 140x190,1,0,hidden,,D-sign Rug 1D1138 Purple 140x190 cm,,,taxable,parent,0,0,,0,0,,190,140,1,0,,,1540,,,,,,,56909967-H,,,,,,3,,,Size,140x190,,1,,,,,,,,,,,,,,,,,,,,,,,,,,,,,,,,,,,,,140x190,,,,,,,,,,,,1786457147,,,,,,,,,,,,104718,,,,,,,,,,,,,,,,,,,
47417,variation,56914751,,D-sign Rug 1D1138 Purple - 160x220,1,0,hidden,,D-sign Rug 1D1138 Purple 160x220 cm,,,taxable,parent,0,0,,0,0,,220,160,1,0,,,1892,,,,,,,56909967-H,,,,,,4,,,Size,160x220,,1,,,,,,,,,,,,,,,,,,,,,,,,,,,,,,,,,,,,,160x220,,,,,,,,,,,,,,,,,,,,,,,,104719,,,,,,,,,,,,,,,,,,,
47418,variation,56914665,,D-sign Rug 1D1138 Purple - 180x270,1,0,hidden,,D-sign Rug 1D1138 Purple 180x270 cm,,,taxable,parent,0,0,,0,0,,270,180,1,0,,,2484,,,,,,,56909967-H,,,,,,5,,,Size,180x270,,1,,,,,,,,,,,,,,,,,,,,,,,,,,,,,,,,,,,,,180x270,,,,,,,,,,,,,,,,,,,,,,,,104720,,,,,,,,,,,,,,,,,,,
47419,variation,56914651,,D-sign Rug 1D1138 Purple - 200x290,1,0,hidden,,D-sign Rug 1D1138 Purple 200x290 cm,,,taxable,parent,0,0,,0,0,,290,200,1,0,,,2884,,,,,,,56909967-H,,,,,,6,,,Size,200x290,,1,,,,,,,,,,,,,,,,,,,,,,,,,,,,,,,,,,,,,200x290,,,,,,,,,,,,,,,,,,,,,,,,104721,,,,,,,,,,,,,,,,,,,
47425,variable,56909896-H,,D-sign Rug 1D1142 Beige,1,0,hidden,D-sign Rug 1D1142 Beige ,D-sign Rug 1D1142 Beige ,,,taxable,,0,,,0,0,,,,,0,,,,"Rooms > Kitchen, Rooms > Living room, Rugs > Modern, Rugs, Rugs > Sisal",,,"https://rugshop.eu/wp-content/uploads/2021/10/carpet-sisal-sion-trellis-22129-flat-woven-ecru-pink.jpg, https://rugshop.eu/wp-content/uploads/2021/10/carpet-sisal-sion-trellis-22129-flat-woven-ecru-pink-1.jpg, https://rugshop.eu/wp-content/uploads/2021/10/carpet-sisal-sion-trellis-22129-flat-woven-ecru-pink-2.jpg, https://rugshop.eu/wp-content/uploads/2021/10/carpet-sisal-sion-trellis-22129-flat-woven-ecru-pink-3.jpg",,,,,,,,,1549,,,Size,"120x170, 140x190, 160x220, 180x270, 200x290, 80x150",1,1,Brand,D-sign,1,1,Color,White-Beige,1,1,Type of color,Multicolor,1,1,Shape,Rectangular,1,1,Material,Polypropen,1,1,Type of rug,"Modern, Sisal",1,1,Weave,Machinemade,1,1,Age,New,1,1,,,,,,,,,default,default,default,default,,,,,1786457099,yes,yes,,,,,,,,,classic-editor,,,,,,,,,,,,,,,,,,,,
47426,variable,56909897-H,,D-sign Rug 1D1143 Black,1,0,hidden,D-sign Rug 1D1143 Black ,D-sign Rug 1D1143 Black ,,,taxable,,0,,,0,0,,,,,1,,,,"Rooms > Bedroom, Rooms > Living room, Rugs > Modern, Rugs, Rugs > Sisal",,,"https://rugshop.eu/wp-content/uploads/2021/10/carpet-sisal-sion-trellis-lines-22144-flat-woven-black-ecru.jpg, https://rugshop.eu/wp-content/uploads/2021/10/carpet-sisal-sion-trellis-lines-22144-flat-woven-black-ecru-1.jpg, https://rugshop.eu/wp-content/uploads/2021/10/carpet-sisal-sion-trellis-lines-22144-flat-woven-black-ecru-2.jpg, https://rugshop.eu/wp-content/uploads/2021/10/carpet-sisal-sion-trellis-lines-22144-flat-woven-black-ecru-3.jpg",,,,,,,,,1550,,,Size,"120x170, 140x190, 160x220, 180x270, 200x290, 80x150",1,1,Brand,D-sign,1,1,Color,Black-Grey,1,1,Type of color,Multicolor,1,1,Shape,Rectangular,1,1,Material,Polypropen,1,1,Type of rug,"Modern, Sisal",1,1,Weave,Machinemade,1,1,Age,New,1,1,,,,,,,,,,,,,,,,,1786457104,yes,yes,,,,,,,,,,,,,,,,,,,,,,,,,,,,,
47427,variation,56909919,,D-sign Rug 1D1139 Cream - 80x150,1,0,hidden,,D-sign Rug 1D1139 Cream 80x150 cm,,,taxable,parent,0,0,,0,0,,150,80,0.8,0,,,1028,,,,,,,56909919-H,,,,,,1,,,Size,80x150,,1,,,,,,,,,,,,,,,,,,,,,,,,,,,,,,,,,,,,,80x150,,,,,,,,,,,,,,,,,,,,,,,,104728,,,,,,,,,,,,,,,,,,,
47428,variation,56914658,,D-sign Rug 1D1139 Cream - 120x170,1,0,hidden,,D-sign Rug 1D1139 Cream 120x170 cm,,,taxable,parent,0,0,,0,0,,170,120,0.8,0,,,1468,,,,,,,56909919-H,,,,,,2,,,Size,120x170,,1,,,,,,,,,,,,,,,,,,,,,,,,,,,,,,,,,,,,,120x170,,,,,,,,,,,,1786457088,,,,,,,,,,,,104729,,,,,,,,,,,,,,,,,,,
47429,variation,56914659,,D-sign Rug 1D1139 Cream - 140x190,1,0,hidden,,D-sign Rug 1D1139 Cream 140x190 cm,,,taxable,parent,0,0,,0,0,,190,140,0.8,0,,,1540,,,,,,,56909919-H,,,,,,3,,,Size,140x190,,1,,,,,,,,,,,,,,,,,,,,,,,,,,,,,,,,,,,,,140x190,,,,,,,,,,,,,,,,,,,,,,,,104730,,,,,,,,,,,,,,,,,,,
47430,variation,56914660,,D-sign Rug 1D1139 Cream - 160x220,1,0,hidden,,D-sign Rug 1D1139 Cream 160x220 cm,,,taxable,parent,0,0,,0,0,,220,160,0.8,0,,,2220,,,,,,,56909919-H,,,,,,4,,,Size,160x220,,1,,,,,,,,,,,,,,,,,,,,,,,,,,,,,,,,,,,,,160x220,,,,,,,,,,,,,,,,,,,,,,,,104731,,,,,,,,,,,,,,,,,,,
47431,variation,56914664,,D-sign Rug 1D1139 Cream - 180x270,1,0,hidden,,D-sign Rug 1D1139 Cream 180x270 cm,,,taxable,parent,0,0,,0,0,,270,180,0.8,0,,,2924,,,,,,,56909919-H,,,,,,5,,,Size,180x270,,1,,,,,,,,,,,,,,,,,,,,,,,,,,,,,,,,,,,,,180x270,,,,,,,,,,,,,,,,,,,,,,,,104732,,,,,,,,,,,,,,,,,,,
47432,variation,56914667,,D-sign Rug 1D1139 Cream - 200x290,1,0,hidden,,D-sign Rug 1D1139 Cream 200x290 cm,,,taxable,parent,0,0,,0,0,,290,200,0.8,0,,,3420,,,,,,,56909919-H,,,,,,6,,,Size,200x290,,1,,,,,,,,,,,,,,,,,,,,,,,,,,,,,,,,,,,,,200x290,,,,,,,,,,,,,,,,,,,,,,,,104733,,,,,,,,,,,,,,,,,,,
47449,variable,56909921-H,,D-sign Rug 1D1144 Black,1,0,hidden,D-sign Rug 1D1144 Black ,D-sign Rug 1D1144 Black ,,,taxable,,0,,,0,0,,,,,1,,,,"Rooms > Bedroom, Rooms > Living room, Rugs > Modern, Rugs, Rugs > Sisal",,,"https://rugshop.eu/wp-content/uploads/2021/10/carpet-sisal-sion-zigzag-diamonds-boho-22168-flat-woven-black-ecru.jpg, https://rugshop.eu/wp-content/uploads/2021/10/carpet-sisal-sion-zigzag-diamonds-boho-22168-flat-woven-black-ecru-1.jpg, https://rugshop.eu/wp-content/uploads/2021/10/carpet-sisal-sion-zigzag-diamonds-boho-22168-flat-woven-black-ecru-2.jpg, https://rugshop.eu/wp-content/uploads/2021/10/carpet-sisal-sion-zigzag-diamonds-boho-22168-flat-woven-black-ecru-3.jpg",,,,,,,,,1551,,,Size,"120x170, 140x190, 160x220, 180x270, 200x290, 80x150",1,1,Brand,D-sign,1,1,Color,Black-Grey,1,1,Type of color,Multicolor,1,1,Shape,Rectangular,1,1,Material,Polypropen,1,1,Type of rug,"Modern, Sisal",1,1,Weave,Machinemade,1,1,Age,New,1,1,,,,,,,,,,,,,,,,,1786457114,yes,yes,,,,,,,,,,,,,,,,,,,,,,,,,,,,,
47450,variable,56909924-H,,D-sign Rug 1D1145 Beige,1,0,hidden,D-sign Rug 1D1145 Beige ,D-sign Rug 1D1145 Beige ,,,taxable,,0,,,0,0,,,,,0,,,,"Rooms > Kitchen, Rooms > Living room, Rugs > Modern, Rugs, Rugs > Sisal",,,"https://rugshop.eu/wp-content/uploads/2021/10/carpet-sisal-sion-chevron-herringbone-22180-flat-woven-ecru-blue-pink.jpg, https://rugshop.eu/wp-content/uploads/2021/10/carpet-sisal-sion-chevron-herringbone-22180-flat-woven-ecru-blue-pink-1.jpg, https://rugshop.eu/wp-content/uploads/2021/10/carpet-sisal-sion-chevron-herringbone-22180-flat-woven-ecru-blue-pink-2.jpg, https://rugshop.eu/wp-content/uploads/2021/10/carpet-sisal-sion-chevron-herringbone-22180-flat-woven-ecru-blue-pink-3.jpg",,,,,,,,,1552,,,Size,"120x170, 140x190, 160x220, 180x270, 200x290, 80x150",1,1,Brand,D-sign,1,1,Color,Black-Grey,1,1,Type of color,Multicolor,1,1,Shape,Rectangular,1,1,Material,Polypropen,1,1,Type of rug,"Modern, Sisal",1,1,Weave,Machinemade,1,1,Age,New,1,1,,,,,,,,,default,default,default,default,,,,,1786457121,yes,yes,,,,,,,,,classic-editor,,,,,,,,,,,,,,,,,,,,
47451,variation,56909895,,D-sign Rug 1D1141 Beige - 80x150,1,0,hidden,,D-sign Rug 1D1141 Beige 80x150 cm,,,taxable,parent,0,0,,0,0,,150,80,0.7,0,,,764,,,,,,,56909895-H,,,,,,1,,,Size,80x150,,1,,,,,,,,,,,,,,,,,,,,,,,,,,,,,,,,,,,,,80x150,,,,,,,,,,,,1786455767,,,,,,,,,,,,104746,,,,,,,,,,,,,,,,,,,
47452,variation,56914635,,D-sign Rug 1D1141 Beige - 120x170,1,0,hidden,,D-sign Rug 1D1141 Beige 120x170 cm,,,taxable,parent,0,0,,0,0,,170,120,0.7,0,,,1028,,,,,,,56909895-H,,,,,,2,,,Size,120x170,,1,,,,,,,,,,,,,,,,,,,,,,,,,,,,,,,,,,,,,120x170,,,,,,,,,,,,1786457082,,,,,,,,,,,,104747,,,,,,,,,,,,,,,,,,,
47453,variation,56914637,,D-sign Rug 1D1141 Beige - 140x190,1,0,hidden,,D-sign Rug 1D1141 Beige 140x190 cm,,,taxable,parent,0,0,,0,0,,190,140,0.7,0,,,1212,,,,,,,56909895-H,,,,,,3,,,Size,140x190,,1,,,,,,,,,,,,,,,,,,,,,,,,,,,,,,,,,,,,,140x190,,,,,,,,,,,,1786457083,,,,,,,,,,,,104748,,,,,,,,,,,,,,,,,,,
47454,variation,56914639,,D-sign Rug 1D1141 Beige - 160x220,1,0,hidden,,D-sign Rug 1D1141 Beige 160x220 cm,,,taxable,parent,0,0,,0,0,,220,160,0.7,0,,,1468,,,,,,,56909895-H,,,,,,4,,,Size,160x220,,1,,,,,,,,,,,,,,,,,,,,,,,,,,,,,,,,,,,,,160x220,,,,,,,,,,,,1786457084,,,,,,,,,,,,104749,,,,,,,,,,,,,,,,,,,
47455,variation,56914636,,D-sign Rug 1D1141 Beige - 180x270,1,0,hidden,,D-sign Rug 1D1141 Beige 180x270 cm,,,taxable,parent,0,0,,0,0,,270,180,0.7,0,,,1868,,,,,,,56909895-H,,,,,,5,,,Size,180x270,,1,,,,,,,,,,,,,,,,,,,,,,,,,,,,,,,,,,,,,180x270,,,,,,,,,,,,,,,,,,,,,,,,104750,,,,,,,,,,,,,,,,,,,
47456,variation,56914631,,D-sign Rug 1D1141 Beige - 200x290,1,0,hidden,,D-sign Rug 1D1141 Beige 200x290 cm,,,taxable,parent,0,0,,0,0,,290,200,0.7,0,,,2180,,,,,,,56909895-H,,,,,,6,,,Size,200x290,,1,,,,,,,,,,,,,,,,,,,,,,,,,,,,,,,,,,,,,200x290,,,,,,,,,,,,1786457081,,,,,,,,,,,,104751,,,,,,,,,,,,,,,,,,,
47462,variation,56909896,,D-sign Rug 1D1142 Beige - 80x150,1,0,hidden,,D-sign Rug 1D1142 Beige 80x150 cm,,,taxable,parent,0,0,,0,0,,150,80,0.7,0,,,764,,,,,,,56909896-H,,,,,,1,,,Size,80x150,,1,,,,,,,,,,,,,,,,,,,,,,,,,,,,,,,,,,,,,80x150,,,,,,,,,,,,1786455767,,,,,,,,,,,,104752,,,,,,,,,,,,,,,,,,,
47463,variation,56914643,,D-sign Rug 1D1142 Beige - 120x170,1,0,hidden,,D-sign Rug 1D1142 Beige 120x170 cm,,,taxable,parent,0,0,,0,0,,170,120,0.7,0,,,1028,,,,,,,56909896-H,,,,,,2,,,Size,120x170,,1,,,,,,,,,,,,,,,,,,,,,,,,,,,,,,,,,,,,,120x170,,,,,,,,,,,,1786457084,,,,,,,,,,,,104753,,,,,,,,,,,,,,,,,,,
47464,variation,56914645,,D-sign Rug 1D1142 Beige - 140x190,1,0,hidden,,D-sign Rug 1D1142 Beige 140x190 cm,,,taxable,parent,0,0,,0,0,,190,140,0.7,0,,,1212,,,,,,,56909896-H,,,,,,3,,,Size,140x190,,1,,,,,,,,,,,,,,,,,,,,,,,,,,,,,,,,,,,,,140x190,,,,,,,,,,,,1786457085,,,,,,,,,,,,104754,,,,,,,,,,,,,,,,,,,
47465,variation,56914644,,D-sign Rug 1D1142 Beige - 160x220,1,0,hidden,,D-sign Rug 1D1142 Beige 160x220 cm,,,taxable,parent,0,0,,0,0,,220,160,0.7,0,,,1468,,,,,,,56909896-H,,,,,,4,,,Size,160x220,,1,,,,,,,,,,,,,,,,,,,,,,,,,,,,,,,,,,,,,160x220,,,,,,,,,,,,1786457085,,,,,,,,,,,,104755,,,,,,,,,,,,,,,,,,,
47466,variation,56914649,,D-sign Rug 1D1142 Beige - 180x270,1,0,hidden,,D-sign Rug 1D1142 Beige 180x270 cm,,,taxable,parent,0,0,,0,0,,270,180,0.7,0,,,1868,,,,,,,56909896-H,,,,,,5,,,Size,180x270,,1,,,,,,,,,,,,,,,,,,,,,,,,,,,,,,,,,,,,,180x270,,,,,,,,,,,,,,,,,,,,,,,,104756,,,,,,,,,,,,,,,,,,,
47467,variation,56914642,,D-sign Rug 1D1142 Beige - 200x290,1,0,hidden,,D-sign Rug 1D1142 Beige 200x290 cm,,,taxable,parent,0,0,,0,0,,290,200,0.7,0,,,2180,,,,,,,56909896-H,,,,,,6,,,Size,200x290,,1,,,,,,,,,,,,,,,,,,,,,,,,,,,,,,,,,,,,,200x290,,,,,,,,,,,,,,,,,,,,,,,,104757,,,,,,,,,,,,,,,,,,,
47473,variable,56909929-H,,D-sign Rug 1D1146 Beige,1,0,hidden,D-sign Rug 1D1146 Beige ,D-sign Rug 1D1146 Beige ,,,taxable,,0,,,0,0,,,,,1,,,,"Rooms > Bedroom, Rooms > Living room, Rugs > Modern, Rugs, Rugs > Sisal",,,"https://rugshop.eu/wp-content/uploads/2021/10/carpet-sisal-sion-marble-22169-flat-woven-ecru-yellow-beige.jpg, https://rugshop.eu/wp-content/uploads/2021/10/carpet-sisal-sion-marble-22169-flat-woven-ecru-yellow-beige-1.jpg, https://rugshop.eu/wp-content/uploads/2021/10/carpet-sisal-sion-marble-22169-flat-woven-ecru-yellow-beige-2.jpg, https://rugshop.eu/wp-content/uploads/2021/10/carpet-sisal-sion-marble-22169-flat-woven-ecru-yellow-beige-3.jpg",,,,,,,,,1553,,,Size,"120x170, 140x190, 160x220, 180x270, 200x290, 80x150",1,1,Brand,D-sign,1,1,Color,Yellow-Brown,1,1,Type of color,Multicolor,1,1,Shape,Rectangular,1,1,Material,Polypropen,1,1,Type of rug,"Modern, Sisal",1,1,Weave,Machinemade,1,1,Age,New,1,1,,,,,,,,,,,,,,,,,1786457123,yes,yes,,,,,,,,,,,,,,,,,,,,,,,,,,,,,
47474,variable,56909935-H,,D-sign Rug 1D1147 Beige,1,0,hidden,D-sign Rug 1D1147 Beige ,D-sign Rug 1D1147 Beige ,,,taxable,,0,,,0,0,,,,,0,,,,"Rooms > Kitchen, Rooms > Living room, Rugs > Modern, Rugs, Rugs > Sisal",,,"https://rugshop.eu/wp-content/uploads/2021/10/carpet-sisal-sion-geometric-triangles-22373-flat-woven-ecru-blue-pink.jpg, https://rugshop.eu/wp-content/uploads/2021/10/carpet-sisal-sion-geometric-triangles-22373-flat-woven-ecru-blue-pink-1.jpg, https://rugshop.eu/wp-content/uploads/2021/10/carpet-sisal-sion-geometric-triangles-22373-flat-woven-ecru-blue-pink-2.jpg, https://rugshop.eu/wp-content/uploads/2021/10/carpet-sisal-sion-geometric-triangles-22373-flat-woven-ecru-blue-pink-3.jpg",,,,,,,,,1554,,,Size,"120x170, 140x190, 160x220, 180x270, 200x290, 80x150",1,1,Brand,D-sign,1,1,Color,White-Beige,1,1,Type of color,Multicolor,1,1,Shape,Rectangular,1,1,Material,Polypropen,1,1,Type of rug,"Modern, Sisal",1,1,Weave,Machinemade,1,1,Age,New,1,1,,,,,,,,,default,default,default,default,,,,,1786457120,yes,yes,,,,,,,,,classic-editor,,,,,,,,,,,,,,,,,,,,
47475,variation,56909897,,D-sign Rug 1D1143 Black - 80x150,1,0,hidden,,D-sign Rug 1D1143 Black 80x150 cm,,,taxable,parent,0,0,,0,0,,150,80,0.7,0,,,764,,,,,,,56909897-H,,,,,,1,,,Size,80x150,,1,,,,,,,,,,,,,,,,,,,,,,,,,,,,,,,,,,,,,80x150,,,,,,,,,,,,1786455768,,,,,,,,,,,,104764,,,,,,,,,,,,,,,,,,,
47476,variation,56914650,,D-sign Rug 1D1143 Black - 120x170,1,0,hidden,,D-sign Rug 1D1143 Black 120x170 cm,,,taxable,parent,0,0,,0,0,,170,120,0.7,0,,,1028,,,,,,,56909897-H,,,,,,2,,,Size,120x170,,1,,,,,,,,,,,,,,,,,,,,,,,,,,,,,,,,,,,,,120x170,,,,,,,,,,,,1786457087,,,,,,,,,,,,104765,,,,,,,,,,,,,,,,,,,
47477,variation,56914647,,D-sign Rug 1D1143 Black - 140x190,1,0,hidden,,D-sign Rug 1D1143 Black 140x190 cm,,,taxable,parent,0,0,,0,0,,190,140,0.7,0,,,1212,,,,,,,56909897-H,,,,,,3,,,Size,140x190,,1,,,,,,,,,,,,,,,,,,,,,,,,,,,,,,,,,,,,,140x190,,,,,,,,,,,,1786457086,,,,,,,,,,,,104766,,,,,,,,,,,,,,,,,,,
47478,variation,56914646,,D-sign Rug 1D1143 Black - 160x220,1,0,hidden,,D-sign Rug 1D1143 Black 160x220 cm,,,taxable,parent,0,0,,0,0,,220,160,0.7,0,,,1468,,,,,,,56909897-H,,,,,,4,,,Size,160x220,,1,,,,,,,,,,,,,,,,,,,,,,,,,,,,,,,,,,,,,160x220,,,,,,,,,,,,1786457086,,,,,,,,,,,,104767,,,,,,,,,,,,,,,,,,,
47479,variation,56909923,,D-sign Rug 1D1143 Black - 180x270,1,0,hidden,,D-sign Rug 1D1143 Black 180x270 cm,,,taxable,parent,0,0,,0,0,,270,180,0.7,0,,,1868,,,,,,,56909897-H,,,,,,5,,,Size,180x270,,1,,,,,,,,,,,,,,,,,,,,,,,,,,,,,,,,,,,,,180x270,,,,,,,,,,,,1786455768,,,,,,,,,,,,104768,,,,,,,,,,,,,,,,,,,
47480,variation,56909922,,D-sign Rug 1D1143 Black - 200x290,1,0,hidden,,D-sign Rug 1D1143 Black 200x290 cm,,,taxable,parent,0,0,,0,0,,290,200,0.7,0,,,2180,,,,,,,56909897-H,,,,,,6,,,Size,200x290,,1,,,,,,,,,,,,,,,,,,,,,,,,,,,,,,,,,,,,,200x290,,,,,,,,,,,,1786455768,,,,,,,,,,,,104769,,,,,,,,,,,,,,,,,,,
47486,variation,56909921,,D-sign Rug 1D1144 Black - 80x150,1,0,hidden,,D-sign Rug 1D1144 Black 80x150 cm,,,taxable,parent,0,0,,0,0,,150,80,0.7,0,,,764,,,,,,,56909921-H,,,,,,1,,,Size,80x150,,1,,,,,,,,,,,,,,,,,,,,,,,,,,,,,,,,,,,,,80x150,,,,,,,,,,,,,,,,,,,,,,,,104770,,,,,,,,,,,,,,,,,,,
47487,variation,56914663,,D-sign Rug 1D1144 Black - 120x170,1,0,hidden,,D-sign Rug 1D1144 Black 120x170 cm,,,taxable,parent,0,0,,0,0,,170,120,0.7,0,,,1028,,,,,,,56909921-H,,,,,,2,,,Size,120x170,,1,,,,,,,,,,,,,,,,,,,,,,,,,,,,,,,,,,,,,120x170,,,,,,,,,,,,1786457088,,,,,,,,,,,,104771,,,,,,,,,,,,,,,,,,,
47488,variation,56914675,,D-sign Rug 1D1144 Black - 140x190,1,0,hidden,,D-sign Rug 1D1144 Black 140x190 cm,,,taxable,parent,0,0,,0,0,,190,140,0.7,0,,,1212,,,,,,,56909921-H,,,,,,3,,,Size,140x190,,1,,,,,,,,,,,,,,,,,,,,,,,,,,,,,,,,,,,,,140x190,,,,,,,,,,,,1786457090,,,,,,,,,,,,104772,,,,,,,,,,,,,,,,,,,
47489,variation,56914661,,D-sign Rug 1D1144 Black - 160x220,1,0,hidden,,D-sign Rug 1D1144 Black 160x220 cm,,,taxable,parent,0,0,,0,0,,220,160,0.7,0,,,1468,,,,,,,56909921-H,,,,,,4,,,Size,160x220,,1,,,,,,,,,,,,,,,,,,,,,,,,,,,,,,,,,,,,,160x220,,,,,,,,,,,,1786457088,,,,,,,,,,,,104773,,,,,,,,,,,,,,,,,,,
47490,variation,56914666,,D-sign Rug 1D1144 Black - 180x270,1,0,hidden,,D-sign Rug 1D1144 Black 180x270 cm,,,taxable,parent,0,0,,0,0,,270,180,0.7,0,,,1868,,,,,,,56909921-H,,,,,,5,,,Size,180x270,,1,,,,,,,,,,,,,,,,,,,,,,,,,,,,,,,,,,,,,180x270,,,,,,,,,,,,,,,,,,,,,,,,104774,,,,,,,,,,,,,,,,,,,
47491,variation,56914662,,D-sign Rug 1D1144 Black - 200x290,1,0,hidden,,D-sign Rug 1D1144 Black 200x290 cm,,,taxable,parent,0,0,,0,0,,290,200,0.7,0,,,2180,,,,,,,56909921-H,,,,,,6,,,Size,200x290,,1,,,,,,,,,,,,,,,,,,,,,,,,,,,,,,,,,,,,,200x290,,,,,,,,,,,,,,,,,,,,,,,,104775,,,,,,,,,,,,,,,,,,,
47497,variable,56909936-H,,D-sign Rug 1D1148 Beige,1,0,hidden,D-sign Rug 1D1148 Beige ,D-sign Rug 1D1148 Beige ,,,taxable,,0,,,0,0,,,,,0,,,,"Rooms > Kitchen, Rooms > Living room, Rugs > Modern, Rugs, Rugs > Sisal",,,"https://rugshop.eu/wp-content/uploads/2021/10/carpet-sisal-sion-waves-2836-flat-woven-ecru-blue-pink.jpg, https://rugshop.eu/wp-content/uploads/2021/10/carpet-sisal-sion-waves-2836-flat-woven-ecru-blue-pink-1.jpg, https://rugshop.eu/wp-content/uploads/2021/10/carpet-sisal-sion-waves-2836-flat-woven-ecru-blue-pink-2.jpg, https://rugshop.eu/wp-content/uploads/2021/10/carpet-sisal-sion-waves-2836-flat-woven-ecru-blue-pink-3.jpg",,,,,,,,,1555,,,Size,"120x170, 140x190, 160x220, 180x270, 200x290, 80x150",1,1,Brand,D-sign,1,1,Color,White-Beige,1,1,Type of color,Multicolor,1,1,Shape,Rectangular,1,1,Material,Polypropen,1,1,Type of rug,"Modern, Sisal",1,1,Weave,Machinemade,1,1,Age,New,1,1,,,,,,,,,default,default,default,default,,,,,1786457151,yes,yes,,,,,,,,,classic-editor,,,,,,,,,,,,,,,,,,,,
47498,variable,56909940-H,,D-sign Rug 1D1149 Beige,1,0,hidden,D-sign Rug 1D1149 Beige ,D-sign Rug 1D1149 Beige ,,,taxable,,0,,,0,0,,,,,0,,,,"Rooms > Kitchen, Rooms > Living room, Rugs > Modern, Rugs, Rugs > Sisal",,,"https://rugshop.eu/wp-content/uploads/2021/10/carpet-sisal-sion-geometric-triangles-3006-flat-woven-ecru-pink.jpg, https://rugshop.eu/wp-content/uploads/2021/10/carpet-sisal-sion-geometric-triangles-3006-flat-woven-ecru-pink-1.jpg, https://rugshop.eu/wp-content/uploads/2021/10/carpet-sisal-sion-geometric-triangles-3006-flat-woven-ecru-pink-2.jpg, https://rugshop.eu/wp-content/uploads/2021/10/carpet-sisal-sion-geometric-triangles-3006-flat-woven-ecru-pink-3.jpg",,,,,,,,,1556,,,Size,"120x170, 140x190, 160x220, 180x270, 200x290, 80x150",1,1,Brand,D-sign,1,1,Color,White-Beige,1,1,Type of color,Multicolor,1,1,Shape,Rectangular,1,1,Material,Polypropen,1,1,Type of rug,"Modern, Sisal",1,1,Weave,Machinemade,1,1,Age,New,1,1,,,,,,,,,default,default,default,default,,,,,1786457153,yes,yes,,,,,,,,,classic-editor,,,,,,,,,,,,,,,,,,,,
47499,variation,56909924,,D-sign Rug 1D1145 Beige - 80x150,1,0,hidden,,D-sign Rug 1D1145 Beige 80x150 cm,,,taxable,parent,0,0,,0,0,,150,80,0.7,0,,,764,,,,,,,56909924-H,,,,,,1,,,Size,80x150,,1,,,,,,,,,,,,,,,,,,,,,,,,,,,,,,,,,,,,,80x150,,,,,,,,,,,,1786455769,,,,,,,,,,,,104776,,,,,,,,,,,,,,,,,,,
47500,variation,56914673,,D-sign Rug 1D1145 Beige - 120x170,1,0,hidden,,D-sign Rug 1D1145 Beige 120x170 cm,,,taxable,parent,0,0,,0,0,,170,120,0.7,0,,,1028,,,,,,,56909924-H,,,,,,2,,,Size,120x170,,1,,,,,,,,,,,,,,,,,,,,,,,,,,,,,,,,,,,,,120x170,,,,,,,,,,,,1786457090,,,,,,,,,,,,104777,,,,,,,,,,,,,,,,,,,
47501,variation,56909925,,D-sign Rug 1D1145 Beige - 140x190,1,0,hidden,,D-sign Rug 1D1145 Beige 140x190 cm,,,taxable,parent,0,0,,0,0,,190,140,0.7,0,,,1212,,,,,,,56909924-H,,,,,,3,,,Size,140x190,,1,,,,,,,,,,,,,,,,,,,,,,,,,,,,,,,,,,,,,140x190,,,,,,,,,,,,1786455769,,,,,,,,,,,,104778,,,,,,,,,,,,,,,,,,,
47502,variation,56909926,,D-sign Rug 1D1145 Beige - 160x220,1,0,hidden,,D-sign Rug 1D1145 Beige 160x220 cm,,,taxable,parent,0,0,,0,0,,220,160,0.7,0,,,1468,,,,,,,56909924-H,,,,,,4,,,Size,160x220,,1,,,,,,,,,,,,,,,,,,,,,,,,,,,,,,,,,,,,,160x220,,,,,,,,,,,,1786455769,,,,,,,,,,,,104779,,,,,,,,,,,,,,,,,,,
47503,variation,56909928,,D-sign Rug 1D1145 Beige - 180x270,1,0,hidden,,D-sign Rug 1D1145 Beige 180x270 cm,,,taxable,parent,0,0,,0,0,,270,180,0.7,0,,,1868,,,,,,,56909924-H,,,,,,5,,,Size,180x270,,1,,,,,,,,,,,,,,,,,,,,,,,,,,,,,,,,,,,,,180x270,,,,,,,,,,,,1786455770,,,,,,,,,,,,104780,,,,,,,,,,,,,,,,,,,
47504,variation,56909927,,D-sign Rug 1D1145 Beige - 200x290,1,0,hidden,,D-sign Rug 1D1145 Beige 200x290 cm,,,taxable,parent,0,0,,0,0,,290,200,0.7,0,,,2180,,,,,,,56909924-H,,,,,,6,,,Size,200x290,,1,,,,,,,,,,,,,,,,,,,,,,,,,,,,,,,,,,,,,200x290,,,,,,,,,,,,,,,,,,,,,,,,104781,,,,,,,,,,,,,,,,,,,
47510,variation,56909929,,D-sign Rug 1D1146 Beige - 80x150,1,0,hidden,,D-sign Rug 1D1146 Beige 80x150 cm,,,taxable,parent,0,0,,0,0,,150,80,0.7,0,,,764,,,,,,,56909929-H,,,,,,1,,,Size,80x150,,1,,,,,,,,,,,,,,,,,,,,,,,,,,,,,,,,,,,,,80x150,,,,,,,,,,,,1786455770,,,,,,,,,,,,104782,,,,,,,,,,,,,,,,,,,
47511,variation,56909932,,D-sign Rug 1D1146 Beige - 120x170,1,0,hidden,,D-sign Rug 1D1146 Beige 120x170 cm,,,taxable,parent,0,0,,0,0,,170,120,0.7,0,,,1028,,,,,,,56909929-H,,,,,,2,,,Size,120x170,,1,,,,,,,,,,,,,,,,,,,,,,,,,,,,,,,,,,,,,120x170,,,,,,,,,,,,1786455770,,,,,,,,,,,,104783,,,,,,,,,,,,,,,,,,,
47512,variation,56914674,,D-sign Rug 1D1146 Beige - 140x190,1,0,hidden,,D-sign Rug 1D1146 Beige 140x190 cm,,,taxable,parent,0,0,,0,0,,190,140,0.7,0,,,1212,,,,,,,56909929-H,,,,,,3,,,Size,140x190,,1,,,,,,,,,,,,,,,,,,,,,,,,,,,,,,,,,,,,,140x190,,,,,,,,,,,,1786457090,,,,,,,,,,,,104784,,,,,,,,,,,,,,,,,,,
47513,variation,56909933,,D-sign Rug 1D1146 Beige - 160x220,1,0,hidden,,D-sign Rug 1D1146 Beige 160x220 cm,,,taxable,parent,0,0,,0,0,,220,160,0.7,0,,,1468,,,,,,,56909929-H,,,,,,4,,,Size,160x220,,1,,,,,,,,,,,,,,,,,,,,,,,,,,,,,,,,,,,,,160x220,,,,,,,,,,,,1786455771,,,,,,,,,,,,104785,,,,,,,,,,,,,,,,,,,
47514,variation,56909931,,D-sign Rug 1D1146 Beige - 180x270,1,0,hidden,,D-sign Rug 1D1146 Beige 180x270 cm,,,taxable,parent,0,0,,0,0,,270,180,0.7,0,,,1868,,,,,,,56909929-H,,,,,,5,,,Size,180x270,,1,,,,,,,,,,,,,,,,,,,,,,,,,,,,,,,,,,,,,180x270,,,,,,,,,,,,1786455770,,,,,,,,,,,,104786,,,,,,,,,,,,,,,,,,,
47515,variation,56914677,,D-sign Rug 1D1146 Beige - 200x290,1,0,hidden,,D-sign Rug 1D1146 Beige 200x290 cm,,,taxable,parent,0,0,,0,0,,290,200,0.7,0,,,2180,,,,,,,56909929-H,,,,,,6,,,Size,200x290,,1,,,,,,,,,,,,,,,,,,,,,,,,,,,,,,,,,,,,,200x290,,,,,,,,,,,,1786457091,,,,,,,,,,,,104787,,,,,,,,,,,,,,,,,,,
47521,variable,56909941-H,,D-sign Rug 1D1150 Blue,1,0,hidden,D-sign Rug 1D1150 Blue ,D-sign Rug 1D1150 Blue ,,,taxable,,0,,,0,0,,,,,0,,,,"Rooms > Kitchen, Rooms > Living room, Rugs, Rugs > Sisal, Rugs > Vintage",,,"https://rugshop.eu/wp-content/uploads/2021/10/carpet-sisal-sion-frame-ornament-vintage-2832-flat-woven-blue-pink-ecru.jpg, https://rugshop.eu/wp-content/uploads/2021/10/carpet-sisal-sion-frame-ornament-vintage-2832-flat-woven-blue-pink-ecru-1.jpg, https://rugshop.eu/wp-content/uploads/2021/10/carpet-sisal-sion-frame-ornament-vintage-2832-flat-woven-blue-pink-ecru-2.jpg, https://rugshop.eu/wp-content/uploads/2021/10/carpet-sisal-sion-frame-ornament-vintage-2832-flat-woven-blue-pink-ecru-3.jpg",,,,,,,,,1557,,,Size,"120x170, 140x190, 160x220, 180x270, 200x290, 80x150",1,1,Brand,D-sign,1,1,Color,Blue,1,1,Type of color,Multicolor,1,1,Shape,Rectangular,1,1,Material,Polypropen,1,1,Type of rug,"Sisal, Vintage / Colored Vintage",1,1,Weave,Machinemade,1,1,Age,New,1,1,,,,,,,,,default,default,default,default,,,,,1786457128,yes,yes,,,,,,,,,classic-editor,,,,,,,,,,,,,,,,,,,,
47522,variable,56909944-H,,D-sign Rug 1D1151 Beige,1,0,hidden,D-sign Rug 1D1151 Beige ,D-sign Rug 1D1151 Beige ,,,taxable,,0,,,0,0,,,,,0,,,,"Rooms > Kitchen, Rooms > Living room, Rugs > Modern, Rugs, Rugs > Sisal",,,"https://rugshop.eu/wp-content/uploads/2021/10/carpet-sisal-patio-2778-flat-woven-beige.jpg, https://rugshop.eu/wp-content/uploads/2021/10/carpet-sisal-patio-2778-flat-woven-beige-1.jpg, https://rugshop.eu/wp-content/uploads/2021/10/carpet-sisal-patio-2778-flat-woven-beige-2.jpg, https://rugshop.eu/wp-content/uploads/2021/10/carpet-sisal-patio-2778-flat-woven-beige-3.jpg",,,,,,,,,1558,,,Size,"117x170, 136x190, 155x220, 175x270, 194x290, 78x150",1,1,Brand,D-sign,1,1,Color,White-Beige,1,1,Type of color,Multicolor,1,1,Shape,Rectangular,1,1,Material,Polypropen,1,1,Type of rug,"Modern, Sisal",1,1,Weave,Machinemade,1,1,Age,New,1,1,,,,,,,,,default,default,default,default,,,,,1786457156,yes,yes,,,,,,,,,classic-editor,,,,,,,,,,,,,,,,,,,,
47523,variation,56909935,,D-sign Rug 1D1147 Beige - 80x150,1,0,hidden,,D-sign Rug 1D1147 Beige 80x150 cm,,,taxable,parent,0,0,,0,0,,150,80,0.7,0,,,764,,,,,,,56909935-H,,,,,,1,,,Size,80x150,,1,,,,,,,,,,,,,,,,,,,,,,,,,,,,,,,,,,,,,80x150,,,,,,,,,,,,1786455771,,,,,,,,,,,,104788,,,,,,,,,,,,,,,,,,,
47524,variation,56914679,,D-sign Rug 1D1147 Beige - 120x170,1,0,hidden,,D-sign Rug 1D1147 Beige 120x170 cm,,,taxable,parent,0,0,,0,0,,170,120,0.7,0,,,1028,,,,,,,56909935-H,,,,,,2,,,Size,120x170,,1,,,,,,,,,,,,,,,,,,,,,,,,,,,,,,,,,,,,,120x170,,,,,,,,,,,,1786457092,,,,,,,,,,,,104789,,,,,,,,,,,,,,,,,,,
47525,variation,56914676,,D-sign Rug 1D1147 Beige - 140x190,1,0,hidden,,D-sign Rug 1D1147 Beige 140x190 cm,,,taxable,parent,0,0,,0,0,,190,140,0.7,0,,,1212,,,,,,,56909935-H,,,,,,3,,,Size,140x190,,1,,,,,,,,,,,,,,,,,,,,,,,,,,,,,,,,,,,,,140x190,,,,,,,,,,,,1786457091,,,,,,,,,,,,104790,,,,,,,,,,,,,,,,,,,
47526,variation,56914672,,D-sign Rug 1D1147 Beige - 160x220,1,0,hidden,,D-sign Rug 1D1147 Beige 160x220 cm,,,taxable,parent,0,0,,0,0,,220,160,0.7,0,,,1468,,,,,,,56909935-H,,,,,,4,,,Size,160x220,,1,,,,,,,,,,,,,,,,,,,,,,,,,,,,,,,,,,,,,160x220,,,,,,,,,,,,1786457089,,,,,,,,,,,,104791,,,,,,,,,,,,,,,,,,,
47527,variation,56914680,,D-sign Rug 1D1147 Beige - 180x270,1,0,hidden,,D-sign Rug 1D1147 Beige 180x270 cm,,,taxable,parent,0,0,,0,0,,270,180,0.7,0,,,1868,,,,,,,56909935-H,,,,,,5,,,Size,180x270,,1,,,,,,,,,,,,,,,,,,,,,,,,,,,,,,,,,,,,,180x270,,,,,,,,,,,,1786457093,,,,,,,,,,,,104792,,,,,,,,,,,,,,,,,,,
47528,variation,56914678,,D-sign Rug 1D1147 Beige - 200x290,1,0,hidden,,D-sign Rug 1D1147 Beige 200x290 cm,,,taxable,parent,0,0,,0,0,,290,200,0.7,0,,,2180,,,,,,,56909935-H,,,,,,6,,,Size,200x290,,1,,,,,,,,,,,,,,,,,,,,,,,,,,,,,,,,,,,,,200x290,,,,,,,,,,,,1786457092,,,,,,,,,,,,104793,,,,,,,,,,,,,,,,,,,
47534,variation,56909936,,D-sign Rug 1D1148 Beige - 80x150,1,0,hidden,,D-sign Rug 1D1148 Beige 80x150 cm,,,taxable,parent,0,0,,0,0,,150,80,0.7,0,,,764,,,,,,,56909936-H,,,,,,1,,,Size,80x150,,1,,,,,,,,,,,,,,,,,,,,,,,,,,,,,,,,,,,,,80x150,,,,,,,,,,,,1786455771,,,,,,,,,,,,104794,,,,,,,,,,,,,,,,,,,
47535,variation,56914688,,D-sign Rug 1D1148 Beige - 120x170,1,0,hidden,,D-sign Rug 1D1148 Beige 120x170 cm,,,taxable,parent,0,0,,0,0,,170,120,0.7,0,,,1028,,,,,,,56909936-H,,,,,,2,,,Size,120x170,,1,,,,,,,,,,,,,,,,,,,,,,,,,,,,,,,,,,,,,120x170,,,,,,,,,,,,1786457135,,,,,,,,,,,,104795,,,,,,,,,,,,,,,,,,,
47536,variation,56914686,,D-sign Rug 1D1148 Beige - 140x190,1,0,hidden,,D-sign Rug 1D1148 Beige 140x190 cm,,,taxable,parent,0,0,,0,0,,190,140,0.7,0,,,1212,,,,,,,56909936-H,,,,,,3,,,Size,140x190,,1,,,,,,,,,,,,,,,,,,,,,,,,,,,,,,,,,,,,,140x190,,,,,,,,,,,,1786457095,,,,,,,,,,,,104796,,,,,,,,,,,,,,,,,,,
47537,variation,56914681,,D-sign Rug 1D1148 Beige - 160x220,1,0,hidden,,D-sign Rug 1D1148 Beige 160x220 cm,,,taxable,parent,0,0,,0,0,,220,160,0.7,0,,,1468,,,,,,,56909936-H,,,,,,4,,,Size,160x220,,1,,,,,,,,,,,,,,,,,,,,,,,,,,,,,,,,,,,,,160x220,,,,,,,,,,,,1786457094,,,,,,,,,,,,104797,,,,,,,,,,,,,,,,,,,
47538,variation,56909938,,D-sign Rug 1D1148 Beige - 180x270,1,0,hidden,,D-sign Rug 1D1148 Beige 180x270 cm,,,taxable,parent,0,0,,0,0,,270,180,0.7,0,,,1868,,,,,,,56909936-H,,,,,,5,,,Size,180x270,,1,,,,,,,,,,,,,,,,,,,,,,,,,,,,,,,,,,,,,180x270,,,,,,,,,,,,1786455772,,,,,,,,,,,,104798,,,,,,,,,,,,,,,,,,,
47539,variation,56909939,,D-sign Rug 1D1148 Beige - 200x290,1,0,hidden,,D-sign Rug 1D1148 Beige 200x290 cm,,,taxable,parent,0,0,,0,0,,290,200,0.7,0,,,2180,,,,,,,56909936-H,,,,,,6,,,Size,200x290,,1,,,,,,,,,,,,,,,,,,,,,,,,,,,,,,,,,,,,,200x290,,,,,,,,,,,,1786455772,,,,,,,,,,,,104799,,,,,,,,,,,,,,,,,,,
47545,variable,56909948-H,,D-sign Rug 1D1152 Pink,1,0,hidden,D-sign Rug 1D1152 Pink ,D-sign Rug 1D1152 Pink ,,,taxable,,0,,,0,0,,,,,0,,,,"Rooms > Kitchen, Rooms > Living room, Rugs > Modern, Rugs, Rugs > Sisal",,,"https://rugshop.eu/wp-content/uploads/2021/10/carpet-sisal-patio-2778-flat-woven-pink-blue-beige.jpg, https://rugshop.eu/wp-content/uploads/2021/10/carpet-sisal-patio-2778-flat-woven-pink-blue-beige-1.jpg, https://rugshop.eu/wp-content/uploads/2021/10/carpet-sisal-patio-2778-flat-woven-pink-blue-beige-2.jpg, https://rugshop.eu/wp-content/uploads/2021/10/carpet-sisal-patio-2778-flat-woven-pink-blue-beige-3.jpg",,,,,,,,,1559,,,Size,"117x170, 136x190, 155x220, 175x270, 194x290, 78x150",1,1,Brand,D-sign,1,1,Color,Pink-Purple,1,1,Type of color,Multicolor,1,1,Shape,Rectangular,1,1,Material,Polypropen,1,1,Type of rug,"Modern, Sisal",1,1,Weave,Machinemade,1,1,Age,New,1,1,,,,,,,,,default,default,default,default,,,,,1786457158,yes,yes,,,,,,,,,classic-editor,,,,,,,,,,,,,,,,,,,,
47546,variable,56909949-H,,D-sign Rug 1D1153 Black,1,0,hidden,D-sign Rug 1D1153 Black ,D-sign Rug 1D1153 Black ,,,taxable,,0,,,0,0,,,,,0,,,,"Rooms > Kitchen, Rooms > Living room, Rugs > Modern, Rugs, Rugs > Sisal",,,"https://rugshop.eu/wp-content/uploads/2021/10/carpet-sisal-patio-2778-flat-woven-black-beige.jpg, https://rugshop.eu/wp-content/uploads/2021/10/carpet-sisal-patio-2778-flat-woven-black-beige-1.jpg, https://rugshop.eu/wp-content/uploads/2021/10/carpet-sisal-patio-2778-flat-woven-black-beige-2.jpg, https://rugshop.eu/wp-content/uploads/2021/10/carpet-sisal-patio-2778-flat-woven-black-beige-3.jpg",,,,,,,,,1560,,,Size,"117x170, 136x190, 155x220, 175x270, 194x290, 78x150",1,1,Brand,D-sign,1,1,Color,Black-Grey,1,1,Type of color,Multicolor,1,1,Shape,Rectangular,1,1,Material,Polypropen,1,1,Type of rug,"Modern, Sisal",1,1,Weave,Machinemade,1,1,Age,New,1,1,,,,,,,,,default,default,default,default,,,,,1786457162,yes,yes,,,,,,,,,classic-editor,,,,,,,,,,,,,,,,,,,,
47547,variation,56909940,,D-sign Rug 1D1149 Beige - 80x150,1,0,hidden,,D-sign Rug 1D1149 Beige 80x150 cm,,,taxable,parent,0,0,,0,0,,150,80,0.7,0,,,764,,,,,,,56909940-H,,,,,,1,,,Size,80x150,,1,,,,,,,,,,,,,,,,,,,,,,,,,,,,,,,,,,,,,80x150,,,,,,,,,,,,1786455773,,,,,,,,,,,,104824,,,,,,,,,,,,,,,,,,,
47548,variation,56914690,,D-sign Rug 1D1149 Beige - 120x170,1,0,hidden,,D-sign Rug 1D1149 Beige 120x170 cm,,,taxable,parent,0,0,,0,0,,170,120,0.7,0,,,1028,,,,,,,56909940-H,,,,,,2,,,Size,120x170,,1,,,,,,,,,,,,,,,,,,,,,,,,,,,,,,,,,,,,,120x170,,,,,,,,,,,,1786457137,,,,,,,,,,,,104825,,,,,,,,,,,,,,,,,,,
47549,variation,56914689,,D-sign Rug 1D1149 Beige - 140x190,1,0,hidden,,D-sign Rug 1D1149 Beige 140x190 cm,,,taxable,parent,0,0,,0,0,,190,140,0.7,0,,,1212,,,,,,,56909940-H,,,,,,3,,,Size,140x190,,1,,,,,,,,,,,,,,,,,,,,,,,,,,,,,,,,,,,,,140x190,,,,,,,,,,,,1786457136,,,,,,,,,,,,104826,,,,,,,,,,,,,,,,,,,
47550,variation,56914685,,D-sign Rug 1D1149 Beige - 160x220,1,0,hidden,,D-sign Rug 1D1149 Beige 160x220 cm,,,taxable,parent,0,0,,0,0,,220,160,0.7,0,,,1468,,,,,,,56909940-H,,,,,,4,,,Size,160x220,,1,,,,,,,,,,,,,,,,,,,,,,,,,,,,,,,,,,,,,160x220,,,,,,,,,,,,1786457094,,,,,,,,,,,,104827,,,,,,,,,,,,,,,,,,,
47551,variation,56914693,,D-sign Rug 1D1149 Beige - 180x270,1,0,hidden,,D-sign Rug 1D1149 Beige 180x270 cm,,,taxable,parent,0,0,,0,0,,270,180,0.7,0,,,1868,,,,,,,56909940-H,,,,,,5,,,Size,180x270,,1,,,,,,,,,,,,,,,,,,,,,,,,,,,,,,,,,,,,,180x270,,,,,,,,,,,,1786457139,,,,,,,,,,,,104828,,,,,,,,,,,,,,,,,,,
47552,variation,56914692,,D-sign Rug 1D1149 Beige - 200x290,1,0,hidden,,D-sign Rug 1D1149 Beige 200x290 cm,,,taxable,parent,0,0,,0,0,,290,200,0.7,0,,,2180,,,,,,,56909940-H,,,,,,6,,,Size,200x290,,1,,,,,,,,,,,,,,,,,,,,,,,,,,,,,,,,,,,,,200x290,,,,,,,,,,,,1786457138,,,,,,,,,,,,104829,,,,,,,,,,,,,,,,,,,
47558,variation,56909941,,D-sign Rug 1D1150 Blue - 80x150,1,0,hidden,,D-sign Rug 1D1150 Blue 80x150 cm,,,taxable,parent,0,0,,0,0,,150,80,0.7,0,,,764,,,,,,,56909941-H,,,,,,1,,,Size,80x150,,1,,,,,,,,,,,,,,,,,,,,,,,,,,,,,,,,,,,,,80x150,,,,,,,,,,,,1786455773,,,,,,,,,,,,104836,,,,,,,,,,,,,,,,,,,
47559,variation,56914687,,D-sign Rug 1D1150 Blue - 120x170,1,0,hidden,,D-sign Rug 1D1150 Blue 120x170 cm,,,taxable,parent,0,0,,0,0,,170,120,0.7,0,,,1028,,,,,,,56909941-H,,,,,,2,,,Size,120x170,,1,,,,,,,,,,,,,,,,,,,,,,,,,,,,,,,,,,,,,120x170,,,,,,,,,,,,1786457095,,,,,,,,,,,,104837,,,,,,,,,,,,,,,,,,,
47560,variation,56909945,,D-sign Rug 1D1150 Blue - 140x190,1,0,hidden,,D-sign Rug 1D1150 Blue 140x190 cm,,,taxable,parent,0,0,,0,0,,190,140,0.7,0,,,1212,,,,,,,56909941-H,,,,,,3,,,Size,140x190,,1,,,,,,,,,,,,,,,,,,,,,,,,,,,,,,,,,,,,,140x190,,,,,,,,,,,,1786455800,,,,,,,,,,,,104838,,,,,,,,,,,,,,,,,,,
47561,variation,56909943,,D-sign Rug 1D1150 Blue - 160x220,1,0,hidden,,D-sign Rug 1D1150 Blue 160x220 cm,,,taxable,parent,0,0,,0,0,,220,160,0.7,0,,,1468,,,,,,,56909941-H,,,,,,4,,,Size,160x220,,1,,,,,,,,,,,,,,,,,,,,,,,,,,,,,,,,,,,,,160x220,,,,,,,,,,,,1786455774,,,,,,,,,,,,104839,,,,,,,,,,,,,,,,,,,
47562,variation,56909946,,D-sign Rug 1D1150 Blue - 180x270,1,0,hidden,,D-sign Rug 1D1150 Blue 180x270 cm,,,taxable,parent,0,0,,0,0,,270,180,0.7,0,,,1868,,,,,,,56909941-H,,,,,,5,,,Size,180x270,,1,,,,,,,,,,,,,,,,,,,,,,,,,,,,,,,,,,,,,180x270,,,,,,,,,,,,,,,,,,,,,,,,104840,,,,,,,,,,,,,,,,,,,
47563,variation,56909947,,D-sign Rug 1D1150 Blue - 200x290,1,0,hidden,,D-sign Rug 1D1150 Blue 200x290 cm,,,taxable,parent,0,0,,0,0,,290,200,0.7,0,,,2180,,,,,,,56909941-H,,,,,,6,,,Size,200x290,,1,,,,,,,,,,,,,,,,,,,,,,,,,,,,,,,,,,,,,200x290,,,,,,,,,,,,,,,,,,,,,,,,104841,,,,,,,,,,,,,,,,,,,
47570,variable,56909953-H,,D-sign Rug 1D1155 Blue,1,0,hidden,D-sign Rug 1D1155 Blue ,D-sign Rug 1D1155 Blue ,,,taxable,,0,,,0,0,,,,,0,,,,"Rooms > Kitchen, Rooms > Living room, Rugs > Modern, Rugs, Rugs > Sisal",,,"https://rugshop.eu/wp-content/uploads/2021/10/carpet-sisal-patio-2778-flat-woven-blue-pink-beige.jpg, https://rugshop.eu/wp-content/uploads/2021/10/carpet-sisal-patio-2778-flat-woven-blue-pink-beige-1.jpg, https://rugshop.eu/wp-content/uploads/2021/10/carpet-sisal-patio-2778-flat-woven-blue-pink-beige-2.jpg, https://rugshop.eu/wp-content/uploads/2021/10/carpet-sisal-patio-2778-flat-woven-blue-pink-beige-3.jpg",,,,,,,,,1562,,,Size,"117x170, 136x190, 155x220, 175x270, 194x290, 78x150",1,1,Brand,D-sign,1,1,Color,Blue,1,1,Type of color,Multicolor,1,1,Shape,Rectangular,1,1,Material,Polypropen,1,1,Type of rug,"Modern, Sisal",1,1,Weave,Machinemade,1,1,Age,New,1,1,,,,,,,,,default,default,default,default,,,,,1786457165,yes,yes,,,,,,,,,classic-editor,,,,,,,,,,,,,,,,,,,,
47571,variation,56909944,,D-sign Rug 1D1151 Beige - 78x150,1,0,hidden,,D-sign Rug 1D1151 Beige 78x150 cm,,,taxable,parent,0,0,,0,0,,150,78,0.6,0,,,700,,,,,,,56909944-H,,,,,,1,,,Size,78x150,,1,,,,,,,,,,,,,,,,,,,,,,,,,,,,,,,,,,,,,78x150,,,,,,,,,,,,1786455774,,,,,,,,,,,,104853,,,,,,,,,,,,,,,,,,,
47572,variation,56914684,,D-sign Rug 1D1151 Beige - 117x170,1,0,hidden,,D-sign Rug 1D1151 Beige 117x170 cm,,,taxable,parent,0,0,,0,0,,170,117,0.6,0,,,908,,,,,,,56909944-H,,,,,,2,,,Size,117x170,,1,,,,,,,,,,,,,,,,,,,,,,,,,,,,,,,,,,,,,117x170,,,,,,,,,,,,,,,,,,,,,,,,104854,,,,,,,,,,,,,,,,,,,
47573,variation,56914691,,D-sign Rug 1D1151 Beige - 136x190,1,0,hidden,,D-sign Rug 1D1151 Beige 136x190 cm,,,taxable,parent,0,0,,0,0,,190,136,0.6,0,,,1076,,,,,,,56909944-H,,,,,,3,,,Size,136x190,,1,,,,,,,,,,,,,,,,,,,,,,,,,,,,,,,,,,,,,136x190,,,,,,,,,,,,,,,,,,,,,,,,104855,,,,,,,,,,,,,,,,,,,
47574,variation,56914708,,D-sign Rug 1D1151 Beige - 155x220,1,0,hidden,,D-sign Rug 1D1151 Beige 155x220 cm,,,taxable,parent,0,0,,0,0,,220,155,0.6,0,,,1284,,,,,,,56909944-H,,,,,,4,,,Size,155x220,,1,,,,,,,,,,,,,,,,,,,,,,,,,,,,,,,,,,,,,155x220,,,,,,,,,,,,1786457142,,,,,,,,,,,,104856,,,,,,,,,,,,,,,,,,,
47575,variation,56914714,,D-sign Rug 1D1151 Beige - 175x270,1,0,hidden,,D-sign Rug 1D1151 Beige 175x270 cm,,,taxable,parent,0,0,,0,0,,270,175,0.6,0,,,1636,,,,,,,56909944-H,,,,,,5,,,Size,175x270,,1,,,,,,,,,,,,,,,,,,,,,,,,,,,,,,,,,,,,,175x270,,,,,,,,,,,,,,,,,,,,,,,,104857,,,,,,,,,,,,,,,,,,,
47576,variation,56914709,,D-sign Rug 1D1151 Beige - 194x290,1,0,hidden,,D-sign Rug 1D1151 Beige 194x290 cm,,,taxable,parent,0,0,,0,0,,290,194,0.6,0,,,1844,,,,,,,56909944-H,,,,,,6,,,Size,194x290,,1,,,,,,,,,,,,,,,,,,,,,,,,,,,,,,,,,,,,,194x290,,,,,,,,,,,,,,,,,,,,,,,,104858,,,,,,,,,,,,,,,,,,,
47582,variation,56909948,,D-sign Rug 1D1152 Pink - 78x150,1,0,hidden,,D-sign Rug 1D1152 Pink 78x150 cm,,,taxable,parent,0,0,,0,0,,150,78,0.6,0,,,700,,,,,,,56909948-H,,,,,,1,,,Size,78x150,,1,,,,,,,,,,,,,,,,,,,,,,,,,,,,,,,,,,,,,78x150,,,,,,,,,,,,1786455801,,,,,,,,,,,,104871,,,,,,,,,,,,,,,,,,,
47583,variation,56914712,,D-sign Rug 1D1152 Pink - 117x170,1,0,hidden,,D-sign Rug 1D1152 Pink 117x170 cm,,,taxable,parent,0,0,,0,0,,170,117,0.6,0,,,908,,,,,,,56909948-H,,,,,,2,,,Size,117x170,,1,,,,,,,,,,,,,,,,,,,,,,,,,,,,,,,,,,,,,117x170,,,,,,,,,,,,1786457143,,,,,,,,,,,,104872,,,,,,,,,,,,,,,,,,,
47584,variation,56914711,,D-sign Rug 1D1152 Pink - 136x190,1,0,hidden,,D-sign Rug 1D1152 Pink 136x190 cm,,,taxable,parent,0,0,,0,0,,190,136,0.6,0,,,1076,,,,,,,56909948-H,,,,,,3,,,Size,136x190,,1,,,,,,,,,,,,,,,,,,,,,,,,,,,,,,,,,,,,,136x190,,,,,,,,,,,,1786457143,,,,,,,,,,,,104873,,,,,,,,,,,,,,,,,,,
47585,variation,56914716,,D-sign Rug 1D1152 Pink - 155x220,1,0,hidden,,D-sign Rug 1D1152 Pink 155x220 cm,,,taxable,parent,0,0,,0,0,,220,155,0.6,0,,,1284,,,,,,,56909948-H,,,,,,4,,,Size,155x220,,1,,,,,,,,,,,,,,,,,,,,,,,,,,,,,,,,,,,,,155x220,,,,,,,,,,,,,,,,,,,,,,,,104874,,,,,,,,,,,,,,,,,,,
47586,variation,56914717,,D-sign Rug 1D1152 Pink - 175x270,1,0,hidden,,D-sign Rug 1D1152 Pink 175x270 cm,,,taxable,parent,0,0,,0,0,,270,175,0.6,0,,,1636,,,,,,,56909948-H,,,,,,5,,,Size,175x270,,1,,,,,,,,,,,,,,,,,,,,,,,,,,,,,,,,,,,,,175x270,,,,,,,,,,,,1786457143,,,,,,,,,,,,104875,,,,,,,,,,,,,,,,,,,
47587,variation,56914707,,D-sign Rug 1D1152 Pink - 194x290,1,0,hidden,,D-sign Rug 1D1152 Pink 194x290 cm,,,taxable,parent,0,0,,0,0,,290,194,0.6,0,,,1844,,,,,,,56909948-H,,,,,,6,,,Size,194x290,,1,,,,,,,,,,,,,,,,,,,,,,,,,,,,,,,,,,,,,194x290,,,,,,,,,,,,,,,,,,,,,,,,104876,,,,,,,,,,,,,,,,,,,
47593,variable,56909958-H,,D-sign Rug 1D1156 Grey,1,0,hidden,D-sign Rug 1D1156 Grey ,D-sign Rug 1D1156 Grey ,,,taxable,,0,,,0,0,,,,,0,,,,"Rooms > Kitchen, Rooms > Living room, Rugs > Modern, Rugs, Rugs > Sisal",,,"https://rugshop.eu/wp-content/uploads/2021/10/carpet-sisal-patio-2778-flat-woven-grey.jpg, https://rugshop.eu/wp-content/uploads/2021/10/carpet-sisal-patio-2778-flat-woven-grey-1.jpg, https://rugshop.eu/wp-content/uploads/2021/10/carpet-sisal-patio-2778-flat-woven-grey-2.jpg, https://rugshop.eu/wp-content/uploads/2021/10/carpet-sisal-patio-2778-flat-woven-grey-3.jpg",,,,,,,,,1563,,,Size,"117x170, 136x190, 155x220, 175x270, 194x290, 78x150",1,1,Brand,D-sign,1,1,Color,Black-Grey,1,1,Type of color,Multicolor,1,1,Shape,Rectangular,1,1,Material,Polypropen,1,1,Type of rug,"Modern, Sisal",1,1,Weave,Machinemade,1,1,Age,New,1,1,,,,,,,,,default,default,default,default,,,,,1786455823,yes,yes,,,,,,,,,classic-editor,,,,,,,,,,,,,,,,,,,,
47595,variation,56909949,,D-sign Rug 1D1153 Black - 78x150,1,0,hidden,,D-sign Rug 1D1153 Black 78x150 cm,,,taxable,parent,0,0,,0,0,,150,78,0.6,0,,,700,,,,,,,56909949-H,,,,,,1,,,Size,78x150,,1,,,,,,,,,,,,,,,,,,,,,,,,,,,,,,,,,,,,,78x150,,,,,,,,,,,,,,,,,,,,,,,,104883,,,,,,,,,,,,,,,,,,,
47596,variation,56914727,,D-sign Rug 1D1153 Black - 117x170,1,0,hidden,,D-sign Rug 1D1153 Black 117x170 cm,,,taxable,parent,0,0,,0,0,,170,117,0.6,0,,,908,,,,,,,56909949-H,,,,,,2,,,Size,117x170,,1,,,,,,,,,,,,,,,,,,,,,,,,,,,,,,,,,,,,,117x170,,,,,,,,,,,,1786457145,,,,,,,,,,,,104884,,,,,,,,,,,,,,,,,,,
47597,variation,56914710,,D-sign Rug 1D1153 Black - 136x190,1,0,hidden,,D-sign Rug 1D1153 Black 136x190 cm,,,taxable,parent,0,0,,0,0,,190,136,0.6,0,,,1076,,,,,,,56909949-H,,,,,,3,,,Size,136x190,,1,,,,,,,,,,,,,,,,,,,,,,,,,,,,,,,,,,,,,136x190,,,,,,,,,,,,,,,,,,,,,,,,104885,,,,,,,,,,,,,,,,,,,
47598,variation,56914713,,D-sign Rug 1D1153 Black - 155x220,1,0,hidden,,D-sign Rug 1D1153 Black 155x220 cm,,,taxable,parent,0,0,,0,0,,220,155,0.6,0,,,1284,,,,,,,56909949-H,,,,,,4,,,Size,155x220,,1,,,,,,,,,,,,,,,,,,,,,,,,,,,,,,,,,,,,,155x220,,,,,,,,,,,,,,,,,,,,,,,,104886,,,,,,,,,,,,,,,,,,,
47599,variation,56909952,,D-sign Rug 1D1153 Black - 175x270,1,0,hidden,,D-sign Rug 1D1153 Black 175x270 cm,,,taxable,parent,0,0,,0,0,,270,175,0.6,0,,,1636,,,,,,,56909949-H,,,,,,5,,,Size,175x270,,1,,,,,,,,,,,,,,,,,,,,,,,,,,,,,,,,,,,,,175x270,,,,,,,,,,,,,,,,,,,,,,,,104887,,,,,,,,,,,,,,,,,,,
47600,variation,56909950,,D-sign Rug 1D1153 Black - 194x290,1,0,hidden,,D-sign Rug 1D1153 Black 194x290 cm,,,taxable,parent,0,0,,0,0,,290,194,0.6,0,,,1844,,,,,,,56909949-H,,,,,,6,,,Size,194x290,,1,,,,,,,,,,,,,,,,,,,,,,,,,,,,,,,,,,,,,194x290,,,,,,,,,,,,,,,,,,,,,,,,104889,,,,,,,,,,,,,,,,,,,
47619,variation,56909953,,D-sign Rug 1D1155 Blue - 78x150,1,0,hidden,,D-sign Rug 1D1155 Blue 78x150 cm,,,taxable,parent,0,0,,0,0,,150,78,0.6,0,,,700,,,,,,,56909953-H,,,,,,1,,,Size,78x150,,1,,,,,,,,,,,,,,,,,,,,,,,,,,,,,,,,,,,,,78x150,,,,,,,,,,,,1786455801,,,,,,,,,,,,104908,,,,,,,,,,,,,,,,,,,
47620,variation,56914730,,D-sign Rug 1D1155 Blue - 117x170,1,0,hidden,,D-sign Rug 1D1155 Blue 117x170 cm,,,taxable,parent,0,0,,0,0,,170,117,0.6,0,,,908,,,,,,,56909953-H,,,,,,2,,,Size,117x170,,1,,,,,,,,,,,,,,,,,,,,,,,,,,,,,,,,,,,,,117x170,,,,,,,,,,,,1786457146,,,,,,,,,,,,104909,,,,,,,,,,,,,,,,,,,
47621,variation,56909956,,D-sign Rug 1D1155 Blue - 136x190,1,0,hidden,,D-sign Rug 1D1155 Blue 136x190 cm,,,taxable,parent,0,0,,0,0,,190,136,0.6,0,,,1076,,,,,,,56909953-H,,,,,,3,,,Size,136x190,,1,,,,,,,,,,,,,,,,,,,,,,,,,,,,,,,,,,,,,136x190,,,,,,,,,,,,1786455802,,,,,,,,,,,,104910,,,,,,,,,,,,,,,,,,,
47622,variation,56909960,,D-sign Rug 1D1155 Blue - 155x220,1,0,hidden,,D-sign Rug 1D1155 Blue 155x220 cm,,,taxable,parent,0,0,,0,0,,220,155,0.6,0,,,1284,,,,,,,56909953-H,,,,,,4,,,Size,155x220,,1,,,,,,,,,,,,,,,,,,,,,,,,,,,,,,,,,,,,,155x220,,,,,,,,,,,,1786455805,,,,,,,,,,,,104911,,,,,,,,,,,,,,,,,,,
47623,variation,56909957,,D-sign Rug 1D1155 Blue - 175x270,1,0,hidden,,D-sign Rug 1D1155 Blue 175x270 cm,,,taxable,parent,0,0,,0,0,,270,175,0.6,0,,,1636,,,,,,,56909953-H,,,,,,5,,,Size,175x270,,1,,,,,,,,,,,,,,,,,,,,,,,,,,,,,,,,,,,,,175x270,,,,,,,,,,,,1786455802,,,,,,,,,,,,104912,,,,,,,,,,,,,,,,,,,
47624,variation,56909959,,D-sign Rug 1D1155 Blue - 194x290,1,0,hidden,,D-sign Rug 1D1155 Blue 194x290 cm,,,taxable,parent,0,0,,0,0,,290,194,0.6,0,,,1844,,,,,,,56909953-H,,,,,,6,,,Size,194x290,,1,,,,,,,,,,,,,,,,,,,,,,,,,,,,,,,,,,,,,194x290,,,,,,,,,,,,1786455804,,,,,,,,,,,,104913,,,,,,,,,,,,,,,,,,,
47630,variation,56909958,,D-sign Rug 1D1156 Grey - 78x150,1,0,hidden,,D-sign Rug 1D1156 Grey 78x150 cm,,,taxable,parent,0,0,,0,0,,150,78,0.6,0,,,700,,,,,,,56909958-H,,,,,,1,,,Size,78x150,,1,,,,,,,,,,,,,,,,,,,,,,,,,,,,,,,,,,,,,78x150,,,,,,,,,,,,1786455803,,,,,,,,,,,,104920,,,,,,,,,,,,,,,,,,,
47631,variation,56914744,,D-sign Rug 1D1156 Grey - 117x170,1,0,hidden,,D-sign Rug 1D1156 Grey 117x170 cm,,,taxable,parent,0,0,,0,0,,170,117,0.6,0,,,908,,,,,,,56909958-H,,,,,,2,,,Size,117x170,,1,,,,,,,,,,,,,,,,,,,,,,,,,,,,,,,,,,,,,117x170,,,,,,,,,,,,,,,,,,,,,,,,104921,,,,,,,,,,,,,,,,,,,
47632,variation,56914731,,D-sign Rug 1D1156 Grey - 136x190,1,0,hidden,,D-sign Rug 1D1156 Grey 136x190 cm,,,taxable,parent,0,0,,0,0,,190,136,0.6,0,,,1076,,,,,,,56909958-H,,,,,,3,,,Size,136x190,,1,,,,,,,,,,,,,,,,,,,,,,,,,,,,,,,,,,,,,136x190,,,,,,,,,,,,,,,,,,,,,,,,104922,,,,,,,,,,,,,,,,,,,
47633,variation,56914732,,D-sign Rug 1D1156 Grey - 155x220,1,0,hidden,,D-sign Rug 1D1156 Grey 155x220 cm,,,taxable,parent,0,0,,0,0,,220,155,0.6,0,,,1284,,,,,,,56909958-H,,,,,,4,,,Size,155x220,,1,,,,,,,,,,,,,,,,,,,,,,,,,,,,,,,,,,,,,155x220,,,,,,,,,,,,,,,,,,,,,,,,104923,,,,,,,,,,,,,,,,,,,
47634,variation,56914728,,D-sign Rug 1D1156 Grey - 175x270,1,0,hidden,,D-sign Rug 1D1156 Grey 175x270 cm,,,taxable,parent,0,0,,0,0,,270,175,0.6,0,,,1636,,,,,,,56909958-H,,,,,,5,,,Size,175x270,,1,,,,,,,,,,,,,,,,,,,,,,,,,,,,,,,,,,,,,175x270,,,,,,,,,,,,,,,,,,,,,,,,104924,,,,,,,,,,,,,,,,,,,
47635,variation,56914746,,D-sign Rug 1D1156 Grey - 194x290,1,0,hidden,,D-sign Rug 1D1156 Grey 194x290 cm,,,taxable,parent,0,0,,0,0,,290,194,0.6,0,,,1844,,,,,,,56909958-H,,,,,,6,,,Size,194x290,,1,,,,,,,,,,,,,,,,,,,,,,,,,,,,,,,,,,,,,194x290,,,,,,,,,,,,,,,,,,,,,,,,104925,,,,,,,,,,,,,,,,,,,
47665,variable,56909998-H,,D-sign Rug 1D1162 Blue,1,0,hidden,D-sign Rug 1D1162 Blue ,D-sign Rug 1D1162 Blue ,,,taxable,,0,,,0,0,,,,,1,,,,"Rooms > Bedroom, Rooms > Living room, Rugs > Modern, Rugs",,,"https://rugshop.eu/wp-content/uploads/2021/10/carpet-alter-wet-geometric-triangles-trapeze-blue.jpg, https://rugshop.eu/wp-content/uploads/2021/10/carpet-alter-wet-geometric-triangles-trapeze-blue-1.jpg, https://rugshop.eu/wp-content/uploads/2021/10/carpet-alter-wet-geometric-triangles-trapeze-blue-2.jpg, https://rugshop.eu/wp-content/uploads/2021/10/carpet-alter-wet-geometric-triangles-trapeze-blue-3.jpg",,,,,,,,,1569,,,Size,"120x170, 140x190, 160x220, 180x270, 200x290, 240x330, 280x370, 80x150",1,1,Brand,D-sign,1,1,Color,Blue,1,1,Type of color,Multicolor,1,1,Shape,Rectangular,1,1,Material,Polypropen,1,1,Type of rug,Modern,1,1,Weave,Machinemade,1,1,Country,Turkey,1,1,Age,New,1,1,,,,,,,,,,,,,1786457174,yes,yes,,,,,,,,,,,,,,,,,,,,,,,,,,,,,
47691,variable,56910029-H,,D-sign Rug 1D1164 Beige,1,0,hidden,D-sign Rug 1D1164 Beige ,D-sign Rug 1D1164 Beige ,,,taxable,,0,,,0,0,,,,,1,,,,"Rooms > Bedroom, Rooms > Living room, Rugs > Modern, Rugs",,,"https://rugshop.eu/wp-content/uploads/2021/10/carpet-acrylic-valencia-035-marble-ivory-beige.jpg, https://rugshop.eu/wp-content/uploads/2021/10/carpet-acrylic-valencia-035-marble-ivory-beige-1.jpg, https://rugshop.eu/wp-content/uploads/2021/10/carpet-acrylic-valencia-035-marble-ivory-beige-2.jpg, https://rugshop.eu/wp-content/uploads/2021/10/carpet-acrylic-valencia-035-marble-ivory-beige-3.jpg",,,,,,,,,1571,,,Size,"120x180, 160x235, 200x300, 240x350, 80x150",1,1,Brand,D-sign,1,1,Color,White-Beige,1,1,Type of color,Multicolor,1,1,Shape,Rectangular,1,1,Material,Acrylic,1,1,Type of rug,Modern,1,1,Weave,Machinemade,1,1,Age,New,1,1,,,,,,,,,,,,,,,,,1786455826,yes,yes,,,,,,,,,,,,,,,,,,,,,,,,,,,,,
47705,variation,56909998,,D-sign Rug 1D1162 Blue - 80x150,1,0,hidden,,D-sign Rug 1D1162 Blue 80x150 cm,,,taxable,parent,0,0,,0,0,,150,80,1.3,0,,,860,,,,,,,56909998-H,,,,,,1,,,Size,80x150,,1,,,,,,,,,,,,,,,,,,,,,,,,,,,,,,,,,,,,,80x150,,,,,,,,,,,,,,,,,,,,,,,,104993,,,,,,,,,,,,,,,,,,,
47706,variation,56914777,,D-sign Rug 1D1162 Blue - 120x170,1,0,hidden,,D-sign Rug 1D1162 Blue 120x170 cm,,,taxable,parent,0,0,,0,0,,170,120,1.3,0,,,1332,,,,,,,56909998-H,,,,,,2,,,Size,120x170,,1,,,,,,,,,,,,,,,,,,,,,,,,,,,,,,,,,,,,,120x170,,,,,,,,,,,,1786457150,,,,,,,,,,,,104986,,,,,,,,,,,,,,,,,,,
47707,variation,56914791,,D-sign Rug 1D1162 Blue - 140x190,1,0,hidden,,D-sign Rug 1D1162 Blue 140x190 cm,,,taxable,parent,0,0,,0,0,,190,140,1.3,0,,,1564,,,,,,,56909998-H,,,,,,3,,,Size,140x190,,1,,,,,,,,,,,,,,,,,,,,,,,,,,,,,,,,,,,,,140x190,,,,,,,,,,,,,,,,,,,,,,,,104987,,,,,,,,,,,,,,,,,,,
47708,variation,56914782,,D-sign Rug 1D1162 Blue - 160x220,1,0,hidden,,D-sign Rug 1D1162 Blue 160x220 cm,,,taxable,parent,0,0,,0,0,,220,160,1.3,0,,,2036,,,,,,,56909998-H,,,,,,4,,,Size,160x220,,1,,,,,,,,,,,,,,,,,,,,,,,,,,,,,,,,,,,,,160x220,,,,,,,,,,,,,,,,,,,,,,,,104988,,,,,,,,,,,,,,,,,,,
47709,variation,56914779,,D-sign Rug 1D1162 Blue - 180x270,1,0,hidden,,D-sign Rug 1D1162 Blue 180x270 cm,,,taxable,parent,0,0,,0,0,,270,180,1.3,0,,,2460,,,,,,,56909998-H,,,,,,5,,,Size,180x270,,1,,,,,,,,,,,,,,,,,,,,,,,,,,,,,,,,,,,,,180x270,,,,,,,,,,,,,,,,,,,,,,,,104989,,,,,,,,,,,,,,,,,,,
47710,variation,56914774,,D-sign Rug 1D1162 Blue - 200x290,1,0,hidden,,D-sign Rug 1D1162 Blue 200x290 cm,,,taxable,parent,0,0,,0,0,,290,200,1.3,0,,,2836,,,,,,,56909998-H,,,,,,6,,,Size,200x290,,1,,,,,,,,,,,,,,,,,,,,,,,,,,,,,,,,,,,,,200x290,,,,,,,,,,,,,,,,,,,,,,,,104990,,,,,,,,,,,,,,,,,,,
47711,variation,56910041,,D-sign Rug 1D1162 Blue - 240x330,1,0,hidden,,D-sign Rug 1D1162 Blue 240x330 cm,,,taxable,parent,0,0,,0,0,,330,240,1.3,0,,,3868,,,,,,,56909998-H,,,,,,7,,,Size,240x330,,1,,,,,,,,,,,,,,,,,,,,,,,,,,,,,,,,,,,,,240x330,,,,,,,,,,,,,,,,,,,,,,,,104991,,,,,,,,,,,,,,,,,,,
47712,variation,56910043,,D-sign Rug 1D1162 Blue - 280x370,1,0,hidden,,D-sign Rug 1D1162 Blue 280x370 cm,,,taxable,parent,0,0,,0,0,,370,280,1.3,0,,,5356,,,,,,,56909998-H,,,,,,8,,,Size,280x370,,1,,,,,,,,,,,,,,,,,,,,,,,,,,,,,,,,,,,,,280x370,,,,,,,,,,,,,,,,,,,,,,,,104992,,,,,,,,,,,,,,,,,,,
47718,variable,56910028-H,,D-sign Rug 1D1165 Beige,1,0,hidden,D-sign Rug 1D1165 Beige ,D-sign Rug 1D1165 Beige ,,,taxable,,0,,,0,0,,,,,1,,,,"Rooms > Bedroom, Rooms > Living room, Rugs, Rugs > Vintage",,,"https://rugshop.eu/wp-content/uploads/2021/10/carpet-acrylic-valencia-036-frame-vintage-ivory-brown.jpg, https://rugshop.eu/wp-content/uploads/2021/10/carpet-acrylic-valencia-036-frame-vintage-ivory-brown-1.jpg, https://rugshop.eu/wp-content/uploads/2021/10/carpet-acrylic-valencia-036-frame-vintage-ivory-brown-2.jpg, https://rugshop.eu/wp-content/uploads/2021/10/carpet-acrylic-valencia-036-frame-vintage-ivory-brown-3.jpg",,,,,,,,,1572,,,Size,"120x180, 160x235, 200x300, 240x350, 80x150",1,1,Brand,D-sign,1,1,Color,White-Beige,1,1,Type of color,Multicolor,1,1,Shape,Rectangular,1,1,Material,Acrylic,1,1,Type of rug,Vintage / Colored Vintage,1,1,Weave,Machinemade,1,1,Age,New,1,1,,,,,,,,,,,,,,,,,1786457198,yes,yes,,,,,,,,,,,,,,,,,,,,,,,,,,,,,
47719,variable,56910054-H,,D-sign Rug 1D1166 Grey,1,0,hidden,D-sign Rug 1D1166 Grey ,D-sign Rug 1D1166 Grey ,,,taxable,,0,,,0,0,,,,,1,,,,"Rooms > Bedroom, Rooms > Living room, Rugs > Modern, Rugs",,,"https://rugshop.eu/wp-content/uploads/2021/10/carpet-acrylic-valencia-073-marble-light-grey-dark-grey.jpg, https://rugshop.eu/wp-content/uploads/2021/10/carpet-acrylic-valencia-073-marble-light-grey-dark-grey-1.jpg, https://rugshop.eu/wp-content/uploads/2021/10/carpet-acrylic-valencia-073-marble-light-grey-dark-grey-2.jpg, https://rugshop.eu/wp-content/uploads/2021/10/carpet-acrylic-valencia-073-marble-light-grey-dark-grey-3.jpg",,,,,,,,,1573,,,Size,"120x180, 160x235, 200x300, 240x350, 80x150",1,1,Brand,D-sign,1,1,Color,Black-Grey,1,1,Type of color,Multicolor,1,1,Shape,Rectangular,1,1,Material,Acrylic,1,1,Type of rug,Modern,1,1,Weave,Machinemade,1,1,Age,New,1,1,,,,,,,,,,,,,,,,,1786455827,yes,yes,,,,,,,,,,,,,,,,,,,,,,,,,,,,,
47734,variation,56910029,,D-sign Rug 1D1164 Beige - 80x150,1,0,hidden,,D-sign Rug 1D1164 Beige 80x150 cm,,,taxable,parent,0,0,,0,0,,150,80,1.3,0,,,1940,,,,,,,56910029-H,,,,,,1,,,Size,80x150,,1,,,,,,,,,,,,,,,,,,,,,,,,,,,,,,,,,,,,,80x150,,,,,,,,,,,,1786455809,,,,,,,,,,,,105002,,,,,,,,,,,,,,,,,,,
47735,variation,56914790,,D-sign Rug 1D1164 Beige - 120x180,1,0,hidden,,D-sign Rug 1D1164 Beige 120x180 cm,,,taxable,parent,0,0,,0,0,,180,120,1.3,0,,,3212,,,,,,,56910029-H,,,,,,2,,,Size,120x180,,1,,,,,,,,,,,,,,,,,,,,,,,,,,,,,,,,,,,,,120x180,,,,,,,,,,,,,,,,,,,,,,,,105003,,,,,,,,,,,,,,,,,,,
47736,variation,56914793,,D-sign Rug 1D1164 Beige - 160x235,1,0,hidden,,D-sign Rug 1D1164 Beige 160x235 cm,,,taxable,parent,0,0,,0,0,,235,160,1.3,0,,,5276,,,,,,,56910029-H,,,,,,3,,,Size,160x235,,1,,,,,,,,,,,,,,,,,,,,,,,,,,,,,,,,,,,,,160x235,,,,,,,,,,,,,,,,,,,,,,,,105004,,,,,,,,,,,,,,,,,,,
47737,variation,56914800,,D-sign Rug 1D1164 Beige - 200x300,1,0,hidden,,D-sign Rug 1D1164 Beige 200x300 cm,,,taxable,parent,0,0,,0,0,,300,200,1.3,0,,,8284,,,,,,,56910029-H,,,,,,4,,,Size,200x300,,1,,,,,,,,,,,,,,,,,,,,,,,,,,,,,,,,,,,,,200x300,,,,,,,,,,,,,,,,,,,,,,,,105005,,,,,,,,,,,,,,,,,,,
47738,variation,56914788,,D-sign Rug 1D1164 Beige - 240x350,1,0,hidden,,D-sign Rug 1D1164 Beige 240x350 cm,,,taxable,parent,0,0,,0,0,,350,240,1.3,0,,,11876,,,,,,,56910029-H,,,,,,5,,,Size,240x350,,1,,,,,,,,,,,,,,,,,,,,,,,,,,,,,,,,,,,,,240x350,,,,,,,,,,,,,,,,,,,,,,,,105006,,,,,,,,,,,,,,,,,,,
47744,variable,56910063-H,,D-sign Rug 1D1168 Beige,1,0,hidden,D-sign Rug 1D1168 Beige ,D-sign Rug 1D1168 Beige ,,,taxable,,0,,,0,0,,,,,1,,,,"Rooms > Bedroom, Rooms > Living room, Rugs, Rugs > Vintage",,,"https://rugshop.eu/wp-content/uploads/2021/10/carpet-acrylic-valencia-9986-ornament-frame-vintage-ivory.jpg, https://rugshop.eu/wp-content/uploads/2021/10/carpet-acrylic-valencia-9986-ornament-frame-vintage-ivory-1.jpg, https://rugshop.eu/wp-content/uploads/2021/10/carpet-acrylic-valencia-9986-ornament-frame-vintage-ivory-2.jpg, https://rugshop.eu/wp-content/uploads/2021/10/carpet-acrylic-valencia-9986-ornament-frame-vintage-ivory-3.jpg",,,,,,,,,1575,,,Size,"120x180, 160x235, 200x300, 240x350, 80x150",1,1,Brand,D-sign,1,1,Color,White-Beige,1,1,Type of color,Multicolor,1,1,Shape,Rectangular,1,1,Material,Acrylic,1,1,Type of rug,Vintage / Colored Vintage,1,1,Weave,Machinemade,1,1,Age,New,1,1,,,,,,,,,,,,,,,,,1786457201,yes,yes,,,,,,,,,,,,,,,,,,,,,,,,,,,,,
47745,variable,56910064-H,,D-sign Rug 1D1169 Beige,1,0,hidden,D-sign Rug 1D1169 Beige ,D-sign Rug 1D1169 Beige ,,,taxable,,0,,,0,0,,,,,1,,,,"Rooms > Bedroom, Rooms > Living room, Rugs, Rugs > Vintage",,,"https://rugshop.eu/wp-content/uploads/2021/10/carpet-acrylic-valencia-9987-ornament-frame-vintage-beige.jpg, https://rugshop.eu/wp-content/uploads/2021/10/carpet-acrylic-valencia-9987-ornament-frame-vintage-beige-1.jpg, https://rugshop.eu/wp-content/uploads/2021/10/carpet-acrylic-valencia-9987-ornament-frame-vintage-beige-2.jpg, https://rugshop.eu/wp-content/uploads/2021/10/carpet-acrylic-valencia-9987-ornament-frame-vintage-beige-3.jpg",,,,,,,,,1576,,,Size,"120x180, 160x235, 200x300, 240x350, 80x150",1,1,Brand,D-sign,1,1,Color,White-Beige,1,1,Type of color,Multicolor,1,1,Shape,Rectangular,1,1,Material,Acrylic,1,1,Type of rug,Vintage / Colored Vintage,1,1,Weave,Machinemade,1,1,Age,New,1,1,,,,,,,,,,,,,,,,,1786455829,yes,yes,,,,,,,,,,,,,,,,,,,,,,,,,,,,,
47746,variable,56910095-H,,D-sign Rug 1D1170 Beige,1,0,hidden,D-sign Rug 1D1170 Beige ,D-sign Rug 1D1170 Beige ,,,taxable,,0,,,0,0,,,,,1,,,,"Rooms > Bedroom, Rooms > Living room, Rugs > Modern, Rugs",,,"https://rugshop.eu/wp-content/uploads/2021/10/modern-carpet-acrylic-valencia-9993-ivory-grey.jpg, https://rugshop.eu/wp-content/uploads/2021/10/modern-carpet-acrylic-valencia-9993-ivory-grey-1.jpg, https://rugshop.eu/wp-content/uploads/2021/10/modern-carpet-acrylic-valencia-9993-ivory-grey-2.jpg, https://rugshop.eu/wp-content/uploads/2021/10/modern-carpet-acrylic-valencia-9993-ivory-grey-3.jpg",,,,,,,,,1577,,,Size,"120x180, 160x235, 200x300, 240x350, 80x150",1,1,Brand,D-sign,1,1,Color,White-Beige,1,1,Type of color,Multicolor,1,1,Shape,Rectangular,1,1,Material,Acrylic,1,1,Type of rug,Modern,1,1,Weave,Machinemade,1,1,Age,New,1,1,,,,,,,,,,,,,,,,,1786457203,yes,yes,,,,,,,,,,,,,,,,,,,,,,,,,,,,,
47747,variation,56910028,,D-sign Rug 1D1165 Beige - 80x150,1,0,hidden,,D-sign Rug 1D1165 Beige 80x150 cm,,,taxable,parent,0,0,,0,0,,150,80,1.3,0,,,1940,,,,,,,56910028-H,,,,,,1,,,Size,80x150,,1,,,,,,,,,,,,,,,,,,,,,,,,,,,,,,,,,,,,,80x150,,,,,,,,,,,,1786455807,,,,,,,,,,,,108564,,,,,,,,,,,,,,,,,,,
47748,variation,56914798,,D-sign Rug 1D1165 Beige - 120x180,1,0,hidden,,D-sign Rug 1D1165 Beige 120x180 cm,,,taxable,parent,0,0,,0,0,,180,120,1.3,0,,,3212,,,,,,,56910028-H,,,,,,2,,,Size,120x180,,1,,,,,,,,,,,,,,,,,,,,,,,,,,,,,,,,,,,,,120x180,,,,,,,,,,,,1786457180,,,,,,,,,,,,108565,,,,,,,,,,,,,,,,,,,
47749,variation,56914786,,D-sign Rug 1D1165 Beige - 160x235,1,0,hidden,,D-sign Rug 1D1165 Beige 160x235 cm,,,taxable,parent,0,0,,0,0,,235,160,1.3,0,,,5276,,,,,,,56910028-H,,,,,,3,,,Size,160x235,,1,,,,,,,,,,,,,,,,,,,,,,,,,,,,,,,,,,,,,160x235,,,,,,,,,,,,1786457179,,,,,,,,,,,,108566,,,,,,,,,,,,,,,,,,,
47750,variation,56914799,,D-sign Rug 1D1165 Beige - 200x300,1,0,hidden,,D-sign Rug 1D1165 Beige 200x300 cm,,,taxable,parent,0,0,,0,0,,300,200,1.3,0,,,8284,,,,,,,56910028-H,,,,,,4,,,Size,200x300,,1,,,,,,,,,,,,,,,,,,,,,,,,,,,,,,,,,,,,,200x300,,,,,,,,,,,,,,,,,,,,,,,,108567,,,,,,,,,,,,,,,,,,,
47751,variation,56914796,,D-sign Rug 1D1165 Beige - 240x350,1,0,hidden,,D-sign Rug 1D1165 Beige 240x350 cm,,,taxable,parent,0,0,,0,0,,350,240,1.3,0,,,11876,,,,,,,56910028-H,,,,,,5,,,Size,240x350,,1,,,,,,,,,,,,,,,,,,,,,,,,,,,,,,,,,,,,,240x350,,,,,,,,,,,,1786457180,,,,,,,,,,,,108568,,,,,,,,,,,,,,,,,,,
47757,variation,56910054,,D-sign Rug 1D1166 Grey - 80x150,1,0,hidden,,D-sign Rug 1D1166 Grey 80x150 cm,,,taxable,parent,0,0,,0,0,,150,80,1.3,0,,,1940,,,,,,,56910054-H,,,,,,1,,,Size,80x150,,1,,,,,,,,,,,,,,,,,,,,,,,,,,,,,,,,,,,,,80x150,,,,,,,,,,,,1786455811,,,,,,,,,,,,108583,,,,,,,,,,,,,,,,,,,
47758,variation,56914819,,D-sign Rug 1D1166 Grey - 120x180,1,0,hidden,,D-sign Rug 1D1166 Grey 120x180 cm,,,taxable,parent,0,0,,0,0,,180,120,1.3,0,,,3212,,,,,,,56910054-H,,,,,,2,,,Size,120x180,,1,,,,,,,,,,,,,,,,,,,,,,,,,,,,,,,,,,,,,120x180,,,,,,,,,,,,,,,,,,,,,,,,108584,,,,,,,,,,,,,,,,,,,
47759,variation,56914823,,D-sign Rug 1D1166 Grey - 160x235,1,0,hidden,,D-sign Rug 1D1166 Grey 160x235 cm,,,taxable,parent,0,0,,0,0,,235,160,1.3,0,,,5276,,,,,,,56910054-H,,,,,,3,,,Size,160x235,,1,,,,,,,,,,,,,,,,,,,,,,,,,,,,,,,,,,,,,160x235,,,,,,,,,,,,,,,,,,,,,,,,108585,,,,,,,,,,,,,,,,,,,
47760,variation,56914818,,D-sign Rug 1D1166 Grey - 200x300,1,0,hidden,,D-sign Rug 1D1166 Grey 200x300 cm,,,taxable,parent,0,0,,0,0,,300,200,1.3,0,,,8284,,,,,,,56910054-H,,,,,,4,,,Size,200x300,,1,,,,,,,,,,,,,,,,,,,,,,,,,,,,,,,,,,,,,200x300,,,,,,,,,,,,,,,,,,,,,,,,108587,,,,,,,,,,,,,,,,,,,
47761,variation,56914820,,D-sign Rug 1D1166 Grey - 240x350,1,0,hidden,,D-sign Rug 1D1166 Grey 240x350 cm,,,taxable,parent,0,0,,0,0,,350,240,1.3,0,,,11876,,,,,,,56910054-H,,,,,,5,,,Size,240x350,,1,,,,,,,,,,,,,,,,,,,,,,,,,,,,,,,,,,,,,240x350,,,,,,,,,,,,,,,,,,,,,,,,108589,,,,,,,,,,,,,,,,,,,
47767,variable,56910094-H,,D-sign Rug 1D1171 Grey,1,0,hidden,D-sign Rug 1D1171 Grey ,D-sign Rug 1D1171 Grey ,,,taxable,,0,,,0,0,,,,,1,,,,"Rooms > Bedroom, Rooms > Living room, Rugs, Rugs > Vintage",,,"https://rugshop.eu/wp-content/uploads/2021/10/carpet-acrylic-valencia-9995-ornament-vintage-grey-blue.jpg, https://rugshop.eu/wp-content/uploads/2021/10/carpet-acrylic-valencia-9995-ornament-vintage-grey-blue-1.jpg, https://rugshop.eu/wp-content/uploads/2021/10/carpet-acrylic-valencia-9995-ornament-vintage-grey-blue-2.jpg, https://rugshop.eu/wp-content/uploads/2021/10/carpet-acrylic-valencia-9995-ornament-vintage-grey-blue-3.jpg",,,,,,,,,1578,,,Size,"120x180, 160x235, 200x300, 240x350, 80x150",1,1,Brand,D-sign,1,1,Color,Black-Grey,1,1,Type of color,Multicolor,1,1,Shape,Rectangular,1,1,Material,Acrylic,1,1,Type of rug,Vintage / Colored Vintage,1,1,Weave,Machinemade,1,1,Age,New,1,1,,,,,,,,,,,,,,,,,1786455834,yes,yes,,,,,,,,,,,,,,,,,,,,,,,,,,,,,
47779,variation,56910063,,D-sign Rug 1D1168 Beige - 80x150,1,0,hidden,,D-sign Rug 1D1168 Beige 80x150 cm,,,taxable,parent,0,0,,0,0,,150,80,1.3,0,,,1940,,,,,,,56910063-H,,,,,,1,,,Size,80x150,,1,,,,,,,,,,,,,,,,,,,,,,,,,,,,,,,,,,,,,80x150,,,,,,,,,,,,,,,,,,,,,,,,108619,,,,,,,,,,,,,,,,,,,
47780,variation,56914841,,D-sign Rug 1D1168 Beige - 120x180,1,0,hidden,,D-sign Rug 1D1168 Beige 120x180 cm,,,taxable,parent,0,0,,0,0,,180,120,1.3,0,,,3212,,,,,,,56910063-H,,,,,,2,,,Size,120x180,,1,,,,,,,,,,,,,,,,,,,,,,,,,,,,,,,,,,,,,120x180,,,,,,,,,,,,1786457181,,,,,,,,,,,,108615,,,,,,,,,,,,,,,,,,,
47781,variation,56914838,,D-sign Rug 1D1168 Beige - 160x235,1,0,hidden,,D-sign Rug 1D1168 Beige 160x235 cm,,,taxable,parent,0,0,,0,0,,235,160,1.3,0,,,5276,,,,,,,56910063-H,,,,,,3,,,Size,160x235,,1,,,,,,,,,,,,,,,,,,,,,,,,,,,,,,,,,,,,,160x235,,,,,,,,,,,,,,,,,,,,,,,,108616,,,,,,,,,,,,,,,,,,,
47782,variation,56914825,,D-sign Rug 1D1168 Beige - 200x300,1,0,hidden,,D-sign Rug 1D1168 Beige 200x300 cm,,,taxable,parent,0,0,,0,0,,300,200,1.3,0,,,8284,,,,,,,56910063-H,,,,,,4,,,Size,200x300,,1,,,,,,,,,,,,,,,,,,,,,,,,,,,,,,,,,,,,,200x300,,,,,,,,,,,,,,,,,,,,,,,,108617,,,,,,,,,,,,,,,,,,,
47783,variation,56914842,,D-sign Rug 1D1168 Beige - 240x350,1,0,hidden,,D-sign Rug 1D1168 Beige 240x350 cm,,,taxable,parent,0,0,,0,0,,350,240,1.3,0,,,11876,,,,,,,56910063-H,,,,,,5,,,Size,240x350,,1,,,,,,,,,,,,,,,,,,,,,,,,,,,,,,,,,,,,,240x350,,,,,,,,,,,,,,,,,,,,,,,,108618,,,,,,,,,,,,,,,,,,,
47789,variable,56910077-H,,D-sign Rug 1D1173 Grey,1,0,hidden,D-sign Rug 1D1173 Grey ,D-sign Rug 1D1173 Grey ,,,taxable,,0,,,0,0,,,,,1,,,,"Rooms > Bedroom, Rooms > Living room, Rugs > Modern, Rugs",,,"https://rugshop.eu/wp-content/uploads/2021/10/modern-carpet-cozy-8985-brick-paving-stone-structural-two-levels-of-fleece-grey.jpg, https://rugshop.eu/wp-content/uploads/2021/10/modern-carpet-cozy-8985-brick-paving-stone-structural-two-levels-of-fleece-grey-1.jpg, https://rugshop.eu/wp-content/uploads/2021/10/modern-carpet-cozy-8985-brick-paving-stone-structural-two-levels-of-fleece-grey-2.jpg, https://rugshop.eu/wp-content/uploads/2021/10/modern-carpet-cozy-8985-brick-paving-stone-structural-two-levels-of-fleece-grey-3.jpg",,,,,,,,,1580,,,Size,"120x170, 140x190, 160x220, 180x270, 200x290, 240x330, 280x370, 80x150",1,1,Brand,D-sign,1,1,Color,Black-Grey,1,1,Type of color,Multicolor,1,1,Shape,Rectangular,1,1,Material,"Polyester, Polypropen",1,1,Type of rug,Modern,1,1,Weave,Machinemade,1,1,Age,New,1,1,,,,,,,,,,,,,,,,,1786455837,yes,yes,,,,,,,,,,,,,,,,,,,,,,,,,,,,,
47790,variation,56910064,,D-sign Rug 1D1169 Beige - 80x150,1,0,hidden,,D-sign Rug 1D1169 Beige 80x150 cm,,,taxable,parent,0,0,,0,0,,150,80,1.3,0,,,1940,,,,,,,56910064-H,,,,,,1,,,Size,80x150,,1,,,,,,,,,,,,,,,,,,,,,,,,,,,,,,,,,,,,,80x150,,,,,,,,,,,,1786455812,,,,,,,,,,,,108624,,,,,,,,,,,,,,,,,,,
47791,variation,56914845,,D-sign Rug 1D1169 Beige - 120x180,1,0,hidden,,D-sign Rug 1D1169 Beige 120x180 cm,,,taxable,parent,0,0,,0,0,,180,120,1.3,0,,,3212,,,,,,,56910064-H,,,,,,2,,,Size,120x180,,1,,,,,,,,,,,,,,,,,,,,,,,,,,,,,,,,,,,,,120x180,,,,,,,,,,,,,,,,,,,,,,,,108620,,,,,,,,,,,,,,,,,,,
47792,variation,56914844,,D-sign Rug 1D1169 Beige - 160x235,1,0,hidden,,D-sign Rug 1D1169 Beige 160x235 cm,,,taxable,parent,0,0,,0,0,,235,160,1.3,0,,,5276,,,,,,,56910064-H,,,,,,3,,,Size,160x235,,1,,,,,,,,,,,,,,,,,,,,,,,,,,,,,,,,,,,,,160x235,,,,,,,,,,,,,,,,,,,,,,,,108621,,,,,,,,,,,,,,,,,,,
47793,variation,56914840,,D-sign Rug 1D1169 Beige - 200x300,1,0,hidden,,D-sign Rug 1D1169 Beige 200x300 cm,,,taxable,parent,0,0,,0,0,,300,200,1.3,0,,,8284,,,,,,,56910064-H,,,,,,4,,,Size,200x300,,1,,,,,,,,,,,,,,,,,,,,,,,,,,,,,,,,,,,,,200x300,,,,,,,,,,,,,,,,,,,,,,,,108622,,,,,,,,,,,,,,,,,,,
47794,variation,56914837,,D-sign Rug 1D1169 Beige - 240x350,1,0,hidden,,D-sign Rug 1D1169 Beige 240x350 cm,,,taxable,parent,0,0,,0,0,,350,240,1.3,0,,,11876,,,,,,,56910064-H,,,,,,5,,,Size,240x350,,1,,,,,,,,,,,,,,,,,,,,,,,,,,,,,,,,,,,,,240x350,,,,,,,,,,,,,,,,,,,,,,,,108623,,,,,,,,,,,,,,,,,,,
47800,variation,56910095,,D-sign Rug 1D1170 Beige - 80x150,1,0,hidden,,D-sign Rug 1D1170 Beige 80x150 cm,,,taxable,parent,0,0,,0,0,,150,80,1.3,0,,,1940,,,,,,,56910095-H,,,,,,1,,,Size,80x150,,1,,,,,,,,,,,,,,,,,,,,,,,,,,,,,,,,,,,,,80x150,,,,,,,,,,,,1786455814,,,,,,,,,,,,108641,,,,,,,,,,,,,,,,,,,
47801,variation,56914863,,D-sign Rug 1D1170 Beige - 120x180,1,0,hidden,,D-sign Rug 1D1170 Beige 120x180 cm,,,taxable,parent,0,0,,0,0,,180,120,1.3,0,,,3212,,,,,,,56910095-H,,,,,,2,,,Size,120x180,,1,,,,,,,,,,,,,,,,,,,,,,,,,,,,,,,,,,,,,120x180,,,,,,,,,,,,,,,,,,,,,,,,108637,,,,,,,,,,,,,,,,,,,
47802,variation,56914855,,D-sign Rug 1D1170 Beige - 160x235,1,0,hidden,,D-sign Rug 1D1170 Beige 160x235 cm,,,taxable,parent,0,0,,0,0,,235,160,1.3,0,,,5276,,,,,,,56910095-H,,,,,,3,,,Size,160x235,,1,,,,,,,,,,,,,,,,,,,,,,,,,,,,,,,,,,,,,160x235,,,,,,,,,,,,,,,,,,,,,,,,108638,,,,,,,,,,,,,,,,,,,
47803,variation,56914865,,D-sign Rug 1D1170 Beige - 200x300,1,0,hidden,,D-sign Rug 1D1170 Beige 200x300 cm,,,taxable,parent,0,0,,0,0,,300,200,1.3,0,,,8284,,,,,,,56910095-H,,,,,,4,,,Size,200x300,,1,,,,,,,,,,,,,,,,,,,,,,,,,,,,,,,,,,,,,200x300,,,,,,,,,,,,,,,,,,,,,,,,108639,,,,,,,,,,,,,,,,,,,
47804,variation,56914884,,D-sign Rug 1D1170 Beige - 240x350,1,0,hidden,,D-sign Rug 1D1170 Beige 240x350 cm,,,taxable,parent,0,0,,0,0,,350,240,1.3,0,,,11876,,,,,,,56910095-H,,,,,,5,,,Size,240x350,,1,,,,,,,,,,,,,,,,,,,,,,,,,,,,,,,,,,,,,240x350,,,,,,,,,,,,1786457182,,,,,,,,,,,,108640,,,,,,,,,,,,,,,,,,,
47811,variation,56910094,,D-sign Rug 1D1171 Grey - 80x150,1,0,hidden,,D-sign Rug 1D1171 Grey 80x150 cm,,,taxable,parent,0,0,,0,0,,150,80,1.3,0,,,1940,,,,,,,56910094-H,,,,,,1,,,Size,80x150,,1,,,,,,,,,,,,,,,,,,,,,,,,,,,,,,,,,,,,,80x150,,,,,,,,,,,,1786455813,,,,,,,,,,,,108644,,,,,,,,,,,,,,,,,,,
47812,variation,56914858,,D-sign Rug 1D1171 Grey - 120x180,1,0,hidden,,D-sign Rug 1D1171 Grey 120x180 cm,,,taxable,parent,0,0,,0,0,,180,120,1.3,0,,,3212,,,,,,,56910094-H,,,,,,2,,,Size,120x180,,1,,,,,,,,,,,,,,,,,,,,,,,,,,,,,,,,,,,,,120x180,,,,,,,,,,,,,,,,,,,,,,,,108645,,,,,,,,,,,,,,,,,,,
47813,variation,56914864,,D-sign Rug 1D1171 Grey - 160x235,1,0,hidden,,D-sign Rug 1D1171 Grey 160x235 cm,,,taxable,parent,0,0,,0,0,,235,160,1.3,0,,,5276,,,,,,,56910094-H,,,,,,3,,,Size,160x235,,1,,,,,,,,,,,,,,,,,,,,,,,,,,,,,,,,,,,,,160x235,,,,,,,,,,,,,,,,,,,,,,,,108646,,,,,,,,,,,,,,,,,,,
47814,variation,56914862,,D-sign Rug 1D1171 Grey - 200x300,1,0,hidden,,D-sign Rug 1D1171 Grey 200x300 cm,,,taxable,parent,0,0,,0,0,,300,200,1.3,0,,,8284,,,,,,,56910094-H,,,,,,4,,,Size,200x300,,1,,,,,,,,,,,,,,,,,,,,,,,,,,,,,,,,,,,,,200x300,,,,,,,,,,,,,,,,,,,,,,,,108647,,,,,,,,,,,,,,,,,,,
47815,variation,56914880,,D-sign Rug 1D1171 Grey - 240x350,1,0,hidden,,D-sign Rug 1D1171 Grey 240x350 cm,,,taxable,parent,0,0,,0,0,,350,240,1.3,0,,,11876,,,,,,,56910094-H,,,,,,5,,,Size,240x350,,1,,,,,,,,,,,,,,,,,,,,,,,,,,,,,,,,,,,,,240x350,,,,,,,,,,,,,,,,,,,,,,,,108648,,,,,,,,,,,,,,,,,,,
47835,variable,56910140-H,,D-sign Rug 1D1176 Grey,1,0,hidden,D-sign Rug 1D1176 Grey ,D-sign Rug 1D1176 Grey ,,,taxable,,0,,,0,0,,,,,1,,,,"Rooms > Bedroom, Rooms > Living room, Rugs > Modern, Rugs",,,"https://rugshop.eu/wp-content/uploads/2021/10/modern-carpet-cozy-8873-cracks-cracked-concrete-structural-two-levels-of-fleece-light-grey-blue.jpg, https://rugshop.eu/wp-content/uploads/2021/10/modern-carpet-cozy-8873-cracks-cracked-concrete-structural-two-levels-of-fleece-light-grey-blue-1.jpg, https://rugshop.eu/wp-content/uploads/2021/10/modern-carpet-cozy-8873-cracks-cracked-concrete-structural-two-levels-of-fleece-light-grey-blue-2.jpg, https://rugshop.eu/wp-content/uploads/2021/10/modern-carpet-cozy-8873-cracks-cracked-concrete-structural-two-levels-of-fleece-light-grey-blue-3.jpg",,,,,,,,,1583,,,Size,"120x170, 140x190, 160x220, 180x270, 200x290, 240x330, 280x370, 80x150",1,1,Brand,D-sign,1,1,Color,Black-Grey,1,1,Type of color,Multicolor,1,1,Shape,Rectangular,1,1,Material,"Polyester, Polypropen",1,1,Type of rug,Modern,1,1,Weave,Machinemade,1,1,Age,New,1,1,,,,,,,,,,,,,,,,,1786457204,yes,yes,,,,,,,,,,,,,,,,,,,,,,,,,,,,,
47836,variation,56910077,,D-sign Rug 1D1173 Grey - 80x150,1,0,hidden,,D-sign Rug 1D1173 Grey 80x150 cm,,,taxable,parent,0,0,,0,0,,150,80,1,0,,,860,,,,,,,56910077-H,,,,,,1,,,Size,80x150,,1,,,,,,,,,,,,,,,,,,,,,,,,,,,,,,,,,,,,,80x150,,,,,,,,,,,,,,,,,,,,,,,,108704,,,,,,,,,,,,,,,,,,,
47837,variation,56910080,,D-sign Rug 1D1173 Grey - 120x170,1,0,hidden,,D-sign Rug 1D1173 Grey 120x170 cm,,,taxable,parent,0,0,,0,0,,170,120,1,0,,,1332,,,,,,,56910077-H,,,,,,2,,,Size,120x170,,1,,,,,,,,,,,,,,,,,,,,,,,,,,,,,,,,,,,,,120x170,,,,,,,,,,,,,,,,,,,,,,,,108705,,,,,,,,,,,,,,,,,,,
47838,variation,56910108,,D-sign Rug 1D1173 Grey - 140x190,1,0,hidden,,D-sign Rug 1D1173 Grey 140x190 cm,,,taxable,parent,0,0,,0,0,,190,140,1,0,,,1564,,,,,,,56910077-H,,,,,,3,,,Size,140x190,,1,,,,,,,,,,,,,,,,,,,,,,,,,,,,,,,,,,,,,140x190,,,,,,,,,,,,,,,,,,,,,,,,108706,,,,,,,,,,,,,,,,,,,
47839,variation,56910107,,D-sign Rug 1D1173 Grey - 160x220,1,0,hidden,,D-sign Rug 1D1173 Grey 160x220 cm,,,taxable,parent,0,0,,0,0,,220,160,1,0,,,2036,,,,,,,56910077-H,,,,,,4,,,Size,160x220,,1,,,,,,,,,,,,,,,,,,,,,,,,,,,,,,,,,,,,,160x220,,,,,,,,,,,,,,,,,,,,,,,,108707,,,,,,,,,,,,,,,,,,,
47840,variation,56910109,,D-sign Rug 1D1173 Grey - 180x270,1,0,hidden,,D-sign Rug 1D1173 Grey 180x270 cm,,,taxable,parent,0,0,,0,0,,270,180,1,0,,,2460,,,,,,,56910077-H,,,,,,5,,,Size,180x270,,1,,,,,,,,,,,,,,,,,,,,,,,,,,,,,,,,,,,,,180x270,,,,,,,,,,,,,,,,,,,,,,,,108708,,,,,,,,,,,,,,,,,,,
47841,variation,56910106,,D-sign Rug 1D1173 Grey - 200x290,1,0,hidden,,D-sign Rug 1D1173 Grey 200x290 cm,,,taxable,parent,0,0,,0,0,,290,200,1,0,,,2836,,,,,,,56910077-H,,,,,,6,,,Size,200x290,,1,,,,,,,,,,,,,,,,,,,,,,,,,,,,,,,,,,,,,200x290,,,,,,,,,,,,,,,,,,,,,,,,108710,,,,,,,,,,,,,,,,,,,
47842,variation,56910110,,D-sign Rug 1D1173 Grey - 240x330,1,0,hidden,,D-sign Rug 1D1173 Grey 240x330 cm,,,taxable,parent,0,0,,0,0,,330,240,1,0,,,4108,,,,,,,56910077-H,,,,,,7,,,Size,240x330,,1,,,,,,,,,,,,,,,,,,,,,,,,,,,,,,,,,,,,,240x330,,,,,,,,,,,,,,,,,,,,,,,,108711,,,,,,,,,,,,,,,,,,,
47843,variation,56910111,,D-sign Rug 1D1173 Grey - 280x370,1,0,hidden,,D-sign Rug 1D1173 Grey 280x370 cm,,,taxable,parent,0,0,,0,0,,370,280,1,0,,,4908,,,,,,,56910077-H,,,,,,8,,,Size,280x370,,1,,,,,,,,,,,,,,,,,,,,,,,,,,,,,,,,,,,,,280x370,,,,,,,,,,,,1786455815,,,,,,,,,,,,108712,,,,,,,,,,,,,,,,,,,
47863,variable,56910143-H,,D-sign Rug 1D1178 Grey,1,0,hidden,D-sign Rug 1D1178 Grey ,D-sign Rug 1D1178 Grey ,,,taxable,,0,,,0,0,,,,,1,,,,"Rooms > Bedroom, Rooms > Living room, Rugs > Modern, Rugs",,,"https://rugshop.eu/wp-content/uploads/2021/10/modern-carpet-cozy-8871-marble-structural-two-levels-of-fleece-grey.jpg, https://rugshop.eu/wp-content/uploads/2021/10/modern-carpet-cozy-8871-marble-structural-two-levels-of-fleece-grey-1.jpg, https://rugshop.eu/wp-content/uploads/2021/10/modern-carpet-cozy-8871-marble-structural-two-levels-of-fleece-grey-2.jpg, https://rugshop.eu/wp-content/uploads/2021/10/modern-carpet-cozy-8871-marble-structural-two-levels-of-fleece-grey-3.jpg",,,,,,,,,1585,,,Size,"120x170, 140x190, 160x220, 180x270, 200x290, 240x330, 280x370, 80x150",1,1,Brand,D-sign,1,1,Color,Black-Grey,1,1,Type of color,Multicolor,1,1,Shape,Rectangular,1,1,Material,"Polyester, Polypropen",1,1,Type of rug,Modern,1,1,Weave,Machinemade,1,1,Age,New,1,1,,,,,,,,,,,,,,,,,1786455844,yes,yes,,,,,,,,,,,,,,,,,,,,,,,,,,,,,
47877,variation,56910140,,D-sign Rug 1D1176 Grey - 80x150,1,0,hidden,,D-sign Rug 1D1176 Grey 80x150 cm,,,taxable,parent,0,0,,0,0,,150,80,1,0,,,860,,,,,,,56910140-H,,,,,,1,,,Size,80x150,,1,,,,,,,,,,,,,,,,,,,,,,,,,,,,,,,,,,,,,80x150,,,,,,,,,,,,1786455816,,,,,,,,,,,,108780,,,,,,,,,,,,,,,,,,,
47878,variation,56914896,,D-sign Rug 1D1176 Grey - 120x170,1,0,hidden,,D-sign Rug 1D1176 Grey 120x170 cm,,,taxable,parent,0,0,,0,0,,170,120,1,0,,,1332,,,,,,,56910140-H,,,,,,2,,,Size,120x170,,1,,,,,,,,,,,,,,,,,,,,,,,,,,,,,,,,,,,,,120x170,,,,,,,,,,,,1786457182,,,,,,,,,,,,108781,,,,,,,,,,,,,,,,,,,
47879,variation,56914897,,D-sign Rug 1D1176 Grey - 140x190,1,0,hidden,,D-sign Rug 1D1176 Grey 140x190 cm,,,taxable,parent,0,0,,0,0,,190,140,1,0,,,1564,,,,,,,56910140-H,,,,,,3,,,Size,140x190,,1,,,,,,,,,,,,,,,,,,,,,,,,,,,,,,,,,,,,,140x190,,,,,,,,,,,,,,,,,,,,,,,,108782,,,,,,,,,,,,,,,,,,,
47880,variation,56914904,,D-sign Rug 1D1176 Grey - 160x220,1,0,hidden,,D-sign Rug 1D1176 Grey 160x220 cm,,,taxable,parent,0,0,,0,0,,220,160,1,0,,,2036,,,,,,,56910140-H,,,,,,4,,,Size,160x220,,1,,,,,,,,,,,,,,,,,,,,,,,,,,,,,,,,,,,,,160x220,,,,,,,,,,,,1786457183,,,,,,,,,,,,108783,,,,,,,,,,,,,,,,,,,
47881,variation,56914899,,D-sign Rug 1D1176 Grey - 180x270,1,0,hidden,,D-sign Rug 1D1176 Grey 180x270 cm,,,taxable,parent,0,0,,0,0,,270,180,1,0,,,2460,,,,,,,56910140-H,,,,,,5,,,Size,180x270,,1,,,,,,,,,,,,,,,,,,,,,,,,,,,,,,,,,,,,,180x270,,,,,,,,,,,,,,,,,,,,,,,,108784,,,,,,,,,,,,,,,,,,,
47882,variation,56914903,,D-sign Rug 1D1176 Grey - 200x290,1,0,hidden,,D-sign Rug 1D1176 Grey 200x290 cm,,,taxable,parent,0,0,,0,0,,290,200,1,0,,,2836,,,,,,,56910140-H,,,,,,6,,,Size,200x290,,1,,,,,,,,,,,,,,,,,,,,,,,,,,,,,,,,,,,,,200x290,,,,,,,,,,,,,,,,,,,,,,,,108785,,,,,,,,,,,,,,,,,,,
47883,variation,56914900,,D-sign Rug 1D1176 Grey - 240x330,1,0,hidden,,D-sign Rug 1D1176 Grey 240x330 cm,,,taxable,parent,0,0,,0,0,,330,240,1,0,,,4108,,,,,,,56910140-H,,,,,,7,,,Size,240x330,,1,,,,,,,,,,,,,,,,,,,,,,,,,,,,,,,,,,,,,240x330,,,,,,,,,,,,,,,,,,,,,,,,108779,,,,,,,,,,,,,,,,,,,
47884,variation,56914902,,D-sign Rug 1D1176 Grey - 280x370,1,0,hidden,,D-sign Rug 1D1176 Grey 280x370 cm,,,taxable,parent,0,0,,0,0,,370,280,1,0,,,4908,,,,,,,56910140-H,,,,,,8,,,Size,280x370,,1,,,,,,,,,,,,,,,,,,,,,,,,,,,,,,,,,,,,,280x370,,,,,,,,,,,,,,,,,,,,,,,,108786,,,,,,,,,,,,,,,,,,,
47905,variation,56910143,,D-sign Rug 1D1178 Grey - 80x150,1,0,hidden,,D-sign Rug 1D1178 Grey 80x150 cm,,,taxable,parent,0,0,,0,0,,150,80,1,0,,,860,,,,,,,56910143-H,,,,,,1,,,Size,80x150,,1,,,,,,,,,,,,,,,,,,,,,,,,,,,,,,,,,,,,,80x150,,,,,,,,,,,,,,,,,,,,,,,,108804,,,,,,,,,,,,,,,,,,,
47906,variation,56914924,,D-sign Rug 1D1178 Grey - 120x170,1,0,hidden,,D-sign Rug 1D1178 Grey 120x170 cm,,,taxable,parent,0,0,,0,0,,170,120,1,0,,,1332,,,,,,,56910143-H,,,,,,2,,,Size,120x170,,1,,,,,,,,,,,,,,,,,,,,,,,,,,,,,,,,,,,,,120x170,,,,,,,,,,,,,,,,,,,,,,,,108805,,,,,,,,,,,,,,,,,,,
47907,variation,56910164,,D-sign Rug 1D1178 Grey - 140x190,1,0,hidden,,D-sign Rug 1D1178 Grey 140x190 cm,,,taxable,parent,0,0,,0,0,,190,140,1,0,,,1564,,,,,,,56910143-H,,,,,,3,,,Size,140x190,,1,,,,,,,,,,,,,,,,,,,,,,,,,,,,,,,,,,,,,140x190,,,,,,,,,,,,1786455816,,,,,,,,,,,,108806,,,,,,,,,,,,,,,,,,,
47908,variation,56910166,,D-sign Rug 1D1178 Grey - 160x220,1,0,hidden,,D-sign Rug 1D1178 Grey 160x220 cm,,,taxable,parent,0,0,,0,0,,220,160,1,0,,,2036,,,,,,,56910143-H,,,,,,4,,,Size,160x220,,1,,,,,,,,,,,,,,,,,,,,,,,,,,,,,,,,,,,,,160x220,,,,,,,,,,,,1786455817,,,,,,,,,,,,108807,,,,,,,,,,,,,,,,,,,
47909,variation,56910163,,D-sign Rug 1D1178 Grey - 180x270,1,0,hidden,,D-sign Rug 1D1178 Grey 180x270 cm,,,taxable,parent,0,0,,0,0,,270,180,1,0,,,2460,,,,,,,56910143-H,,,,,,5,,,Size,180x270,,1,,,,,,,,,,,,,,,,,,,,,,,,,,,,,,,,,,,,,180x270,,,,,,,,,,,,,,,,,,,,,,,,108808,,,,,,,,,,,,,,,,,,,
47910,variation,56910162,,D-sign Rug 1D1178 Grey - 200x290,1,0,hidden,,D-sign Rug 1D1178 Grey 200x290 cm,,,taxable,parent,0,0,,0,0,,290,200,1,0,,,2836,,,,,,,56910143-H,,,,,,6,,,Size,200x290,,1,,,,,,,,,,,,,,,,,,,,,,,,,,,,,,,,,,,,,200x290,,,,,,,,,,,,1786455816,,,,,,,,,,,,108809,,,,,,,,,,,,,,,,,,,
47911,variation,56910167,,D-sign Rug 1D1178 Grey - 240x330,1,0,hidden,,D-sign Rug 1D1178 Grey 240x330 cm,,,taxable,parent,0,0,,0,0,,330,240,1,0,,,4108,,,,,,,56910143-H,,,,,,7,,,Size,240x330,,1,,,,,,,,,,,,,,,,,,,,,,,,,,,,,,,,,,,,,240x330,,,,,,,,,,,,,,,,,,,,,,,,108810,,,,,,,,,,,,,,,,,,,
47912,variation,56910168,,D-sign Rug 1D1178 Grey - 280x370,1,0,hidden,,D-sign Rug 1D1178 Grey 280x370 cm,,,taxable,parent,0,0,,0,0,,370,280,1,0,,,4908,,,,,,,56910143-H,,,,,,8,,,Size,280x370,,1,,,,,,,,,,,,,,,,,,,,,,,,,,,,,,,,,,,,,280x370,,,,,,,,,,,,,,,,,,,,,,,,108811,,,,,,,,,,,,,,,,,,,
47918,variable,56910794-H,,D-sign Rug 1D1181 Brown,1,0,hidden,D-sign Rug 1D1181 Brown ,D-sign Rug 1D1181 Brown ,,,taxable,,0,,,0,0,,,,,1,,,,"Rooms > Bedroom, Rooms > Living room, Rugs > Modern, Rugs",,,"https://rugshop.eu/wp-content/uploads/2021/10/modern-carpet-cozy-8876-rio-structural-two-levels-of-fleece-brown.jpg, https://rugshop.eu/wp-content/uploads/2021/10/modern-carpet-cozy-8876-rio-structural-two-levels-of-fleece-brown-1.jpg, https://rugshop.eu/wp-content/uploads/2021/10/modern-carpet-cozy-8876-rio-structural-two-levels-of-fleece-brown-2.jpg, https://rugshop.eu/wp-content/uploads/2021/10/modern-carpet-cozy-8876-rio-structural-two-levels-of-fleece-brown-3.jpg",,,,,,,,,1588,,,Size,"120x170, 140x190, 160x220, 180x270, 200x290, 240x330, 280x370, 80x150",1,1,Brand,D-sign,1,1,Color,Yellow-Brown,1,1,Type of color,Multicolor,1,1,Shape,Rectangular,1,1,Material,"Polyester, Polypropen",1,1,Type of rug,Modern,1,1,Weave,Machinemade,1,1,Age,New,1,1,,,,,,,,,,,,,,,,,1786455968,yes,yes,,,,,,,,,,,,,,,,,,,,,,,,,,,,,
47919,variable,56910204-H,,D-sign Rug 1D1182 Grey,1,0,hidden,D-sign Rug 1D1182 Grey ,D-sign Rug 1D1182 Grey ,,,taxable,,0,,,0,0,,,,,1,,,,"Rooms > Bedroom, Rooms > Living room, Rugs > Modern, Rugs",,,"https://rugshop.eu/wp-content/uploads/2021/10/modern-carpet-cozy-8876-rio-structural-two-levels-of-fleece-grey.jpg, https://rugshop.eu/wp-content/uploads/2021/10/modern-carpet-cozy-8876-rio-structural-two-levels-of-fleece-grey-1.jpg, https://rugshop.eu/wp-content/uploads/2021/10/modern-carpet-cozy-8876-rio-structural-two-levels-of-fleece-grey-2.jpg, https://rugshop.eu/wp-content/uploads/2021/10/modern-carpet-cozy-8876-rio-structural-two-levels-of-fleece-grey-3.jpg",,,,,,,,,1589,,,Size,"120x170, 140x190, 160x220, 180x270, 200x290, 240x330, 280x370, 80x150",1,1,Brand,D-sign,1,1,Color,Black-Grey,1,1,Type of color,Multicolor,1,1,Shape,Rectangular,1,1,Material,"Polyester, Polypropen",1,1,Type of rug,Modern,1,1,Weave,Machinemade,1,1,Age,New,1,1,,,,,,,,,,,,,,,,,1786457210,yes,yes,,,,,,,,,,,,,,,,,,,,,,,,,,,,,
47947,variable,56910189-H,,D-sign Rug 1D1184 Grey,1,0,hidden,D-sign Rug 1D1184 Grey ,D-sign Rug 1D1184 Grey ,,,taxable,,0,,,0,0,,,,,1,,,,"Rooms > Bedroom, Rooms > Living room, Rugs > Modern, Rugs",,,"https://rugshop.eu/wp-content/uploads/2021/10/modern-carpet-cozy-8874-timber-wood-structural-two-levels-of-fleece-grey-blue.jpg, https://rugshop.eu/wp-content/uploads/2021/10/modern-carpet-cozy-8874-timber-wood-structural-two-levels-of-fleece-grey-blue-1.jpg, https://rugshop.eu/wp-content/uploads/2021/10/modern-carpet-cozy-8874-timber-wood-structural-two-levels-of-fleece-grey-blue-2.jpg, https://rugshop.eu/wp-content/uploads/2021/10/modern-carpet-cozy-8874-timber-wood-structural-two-levels-of-fleece-grey-blue-3.jpg",,,,,,,,,1591,,,Size,"120x170, 140x190, 160x220, 180x270, 200x290, 240x330, 280x370, 80x150",1,1,Brand,D-sign,1,1,Color,Black-Grey,1,1,Type of color,Multicolor,1,1,Shape,Rectangular,1,1,Material,"Polyester, Polypropen",1,1,Type of rug,Modern,1,1,Weave,Machinemade,1,1,Age,New,1,1,,,,,,,,,,,,,,,,,1786457207,yes,yes,,,,,,,,,,,,,,,,,,,,,,,,,,,,,
47948,variation,56910794,,D-sign Rug 1D1181 Brown - 80x150,1,0,hidden,,D-sign Rug 1D1181 Brown 80x150 cm,,,taxable,parent,0,0,,0,0,,150,80,1,0,,,860,,,,,,,56910794-H,,,,,,1,,,Size,80x150,,1,,,,,,,,,,,,,,,,,,,,,,,,,,,,,,,,,,,,,80x150,,,,,,,,,,,,1786455945,,,,,,,,,,,,108836,,,,,,,,,,,,,,,,,,,
47949,variation,56915078,,D-sign Rug 1D1181 Brown - 120x170,1,0,hidden,,D-sign Rug 1D1181 Brown 120x170 cm,,,taxable,parent,0,0,,0,0,,170,120,1,0,,,1332,,,,,,,56910794-H,,,,,,2,,,Size,120x170,,1,,,,,,,,,,,,,,,,,,,,,,,,,,,,,,,,,,,,,120x170,,,,,,,,,,,,,,,,,,,,,,,,108837,,,,,,,,,,,,,,,,,,,
47950,variation,56915072,,D-sign Rug 1D1181 Brown - 140x190,1,0,hidden,,D-sign Rug 1D1181 Brown 140x190 cm,,,taxable,parent,0,0,,0,0,,190,140,1,0,,,1564,,,,,,,56910794-H,,,,,,3,,,Size,140x190,,1,,,,,,,,,,,,,,,,,,,,,,,,,,,,,,,,,,,,,140x190,,,,,,,,,,,,,,,,,,,,,,,,108838,,,,,,,,,,,,,,,,,,,
47951,variation,56915073,,D-sign Rug 1D1181 Brown - 160x220,1,0,hidden,,D-sign Rug 1D1181 Brown 160x220 cm,,,taxable,parent,0,0,,0,0,,220,160,1,0,,,2036,,,,,,,56910794-H,,,,,,4,,,Size,160x220,,1,,,,,,,,,,,,,,,,,,,,,,,,,,,,,,,,,,,,,160x220,,,,,,,,,,,,,,,,,,,,,,,,108839,,,,,,,,,,,,,,,,,,,
47952,variation,56915076,,D-sign Rug 1D1181 Brown - 180x270,1,0,hidden,,D-sign Rug 1D1181 Brown 180x270 cm,,,taxable,parent,0,0,,0,0,,270,180,1,0,,,2460,,,,,,,56910794-H,,,,,,5,,,Size,180x270,,1,,,,,,,,,,,,,,,,,,,,,,,,,,,,,,,,,,,,,180x270,,,,,,,,,,,,,,,,,,,,,,,,108840,,,,,,,,,,,,,,,,,,,
47953,variation,56915077,,D-sign Rug 1D1181 Brown - 200x290,1,0,hidden,,D-sign Rug 1D1181 Brown 200x290 cm,,,taxable,parent,0,0,,0,0,,290,200,1,0,,,2836,,,,,,,56910794-H,,,,,,6,,,Size,200x290,,1,,,,,,,,,,,,,,,,,,,,,,,,,,,,,,,,,,,,,200x290,,,,,,,,,,,,,,,,,,,,,,,,108841,,,,,,,,,,,,,,,,,,,
47954,variation,56915079,,D-sign Rug 1D1181 Brown - 240x330,1,0,hidden,,D-sign Rug 1D1181 Brown 240x330 cm,,,taxable,parent,0,0,,0,0,,330,240,1,0,,,4108,,,,,,,56910794-H,,,,,,7,,,Size,240x330,,1,,,,,,,,,,,,,,,,,,,,,,,,,,,,,,,,,,,,,240x330,,,,,,,,,,,,,,,,,,,,,,,,108842,,,,,,,,,,,,,,,,,,,
47955,variation,56915080,,D-sign Rug 1D1181 Brown - 280x370,1,0,hidden,,D-sign Rug 1D1181 Brown 280x370 cm,,,taxable,parent,0,0,,0,0,,370,280,1,0,,,4908,,,,,,,56910794-H,,,,,,8,,,Size,280x370,,1,,,,,,,,,,,,,,,,,,,,,,,,,,,,,,,,,,,,,280x370,,,,,,,,,,,,,,,,,,,,,,,,108843,,,,,,,,,,,,,,,,,,,
47961,variation,56910204,,D-sign Rug 1D1182 Grey - 80x150,1,0,hidden,,D-sign Rug 1D1182 Grey 80x150 cm,,,taxable,parent,0,0,,0,0,,150,80,1,0,,,860,,,,,,,56910204-H,,,,,,1,,,Size,80x150,,1,,,,,,,,,,,,,,,,,,,,,,,,,,,,,,,,,,,,,80x150,,,,,,,,,,,,1786455818,,,,,,,,,,,,108852,,,,,,,,,,,,,,,,,,,
47962,variation,56910206,,D-sign Rug 1D1182 Grey - 120x170,1,0,hidden,,D-sign Rug 1D1182 Grey 120x170 cm,,,taxable,parent,0,0,,0,0,,170,120,1,0,,,1332,,,,,,,56910204-H,,,,,,2,,,Size,120x170,,1,,,,,,,,,,,,,,,,,,,,,,,,,,,,,,,,,,,,,120x170,,,,,,,,,,,,1786455818,,,,,,,,,,,,108853,,,,,,,,,,,,,,,,,,,
47963,variation,56914950,,D-sign Rug 1D1182 Grey - 140x190,1,0,hidden,,D-sign Rug 1D1182 Grey 140x190 cm,,,taxable,parent,0,0,,0,0,,190,140,1,0,,,1564,,,,,,,56910204-H,,,,,,3,,,Size,140x190,,1,,,,,,,,,,,,,,,,,,,,,,,,,,,,,,,,,,,,,140x190,,,,,,,,,,,,,,,,,,,,,,,,108854,,,,,,,,,,,,,,,,,,,
47964,variation,56914951,,D-sign Rug 1D1182 Grey - 160x220,1,0,hidden,,D-sign Rug 1D1182 Grey 160x220 cm,,,taxable,parent,0,0,,0,0,,220,160,1,0,,,2036,,,,,,,56910204-H,,,,,,4,,,Size,160x220,,1,,,,,,,,,,,,,,,,,,,,,,,,,,,,,,,,,,,,,160x220,,,,,,,,,,,,,,,,,,,,,,,,108855,,,,,,,,,,,,,,,,,,,
47965,variation,56914954,,D-sign Rug 1D1182 Grey - 180x270,1,0,hidden,,D-sign Rug 1D1182 Grey 180x270 cm,,,taxable,parent,0,0,,0,0,,270,180,1,0,,,2460,,,,,,,56910204-H,,,,,,5,,,Size,180x270,,1,,,,,,,,,,,,,,,,,,,,,,,,,,,,,,,,,,,,,180x270,,,,,,,,,,,,,,,,,,,,,,,,108856,,,,,,,,,,,,,,,,,,,
47966,variation,56914946,,D-sign Rug 1D1182 Grey - 200x290,1,0,hidden,,D-sign Rug 1D1182 Grey 200x290 cm,,,taxable,parent,0,0,,0,0,,290,200,1,0,,,2836,,,,,,,56910204-H,,,,,,6,,,Size,200x290,,1,,,,,,,,,,,,,,,,,,,,,,,,,,,,,,,,,,,,,200x290,,,,,,,,,,,,,,,,,,,,,,,,108857,,,,,,,,,,,,,,,,,,,
47967,variation,56910207,,D-sign Rug 1D1182 Grey - 240x330,1,0,hidden,,D-sign Rug 1D1182 Grey 240x330 cm,,,taxable,parent,0,0,,0,0,,330,240,1,0,,,4108,,,,,,,56910204-H,,,,,,7,,,Size,240x330,,1,,,,,,,,,,,,,,,,,,,,,,,,,,,,,,,,,,,,,240x330,,,,,,,,,,,,,,,,,,,,,,,,108858,,,,,,,,,,,,,,,,,,,
47968,variation,56914952,,D-sign Rug 1D1182 Grey - 280x370,1,0,hidden,,D-sign Rug 1D1182 Grey 280x370 cm,,,taxable,parent,0,0,,0,0,,370,280,1,0,,,4908,,,,,,,56910204-H,,,,,,8,,,Size,280x370,,1,,,,,,,,,,,,,,,,,,,,,,,,,,,,,,,,,,,,,280x370,,,,,,,,,,,,1786457185,,,,,,,,,,,,108859,,,,,,,,,,,,,,,,,,,
47975,variable,56910218-H,,D-sign Rug 1D1186 Brown,1,0,hidden,D-sign Rug 1D1186 Brown ,D-sign Rug 1D1186 Brown ,,,taxable,,0,,,0,0,,,,,1,,,,"Rooms > Bedroom, Rooms > Living room, Rugs > Modern, Rugs",,,"https://rugshop.eu/wp-content/uploads/2021/10/modern-carpet-cozy-8872-wall-geometric-triangles-structural-two-levels-of-fleece-brown.jpg, https://rugshop.eu/wp-content/uploads/2021/10/modern-carpet-cozy-8872-wall-geometric-triangles-structural-two-levels-of-fleece-brown-1.jpg, https://rugshop.eu/wp-content/uploads/2021/10/modern-carpet-cozy-8872-wall-geometric-triangles-structural-two-levels-of-fleece-brown-2.jpg, https://rugshop.eu/wp-content/uploads/2021/10/modern-carpet-cozy-8872-wall-geometric-triangles-structural-two-levels-of-fleece-brown-3.jpg",,,,,,,,,1593,,,Size,"120x170, 140x190, 160x220, 180x270, 200x290, 240x330, 280x370, 80x150",1,1,Brand,D-sign,1,1,Color,Yellow-Brown,1,1,Type of color,Multicolor,1,1,Shape,Rectangular,1,1,Material,"Polyester, Polypropen",1,1,Type of rug,Modern,1,1,Weave,Machinemade,1,1,Age,New,1,1,,,,,,,,,,,,,,,,,1786455873,yes,yes,,,,,,,,,,,,,,,,,,,,,,,,,,,,,
47989,variation,56910189,,D-sign Rug 1D1184 Grey - 80x150,1,0,hidden,,D-sign Rug 1D1184 Grey 80x150 cm,,,taxable,parent,0,0,,0,0,,150,80,1,0,,,860,,,,,,,56910189-H,,,,,,1,,,Size,80x150,,1,,,,,,,,,,,,,,,,,,,,,,,,,,,,,,,,,,,,,80x150,,,,,,,,,,,,,,,,,,,,,,,,108876,,,,,,,,,,,,,,,,,,,
47990,variation,56914932,,D-sign Rug 1D1184 Grey - 120x170,1,0,hidden,,D-sign Rug 1D1184 Grey 120x170 cm,,,taxable,parent,0,0,,0,0,,170,120,1,0,,,1332,,,,,,,56910189-H,,,,,,2,,,Size,120x170,,1,,,,,,,,,,,,,,,,,,,,,,,,,,,,,,,,,,,,,120x170,,,,,,,,,,,,1786457184,,,,,,,,,,,,108877,,,,,,,,,,,,,,,,,,,
47991,variation,56914940,,D-sign Rug 1D1184 Grey - 140x190,1,0,hidden,,D-sign Rug 1D1184 Grey 140x190 cm,,,taxable,parent,0,0,,0,0,,190,140,1,0,,,1564,,,,,,,56910189-H,,,,,,3,,,Size,140x190,,1,,,,,,,,,,,,,,,,,,,,,,,,,,,,,,,,,,,,,140x190,,,,,,,,,,,,,,,,,,,,,,,,108878,,,,,,,,,,,,,,,,,,,
47992,variation,56914936,,D-sign Rug 1D1184 Grey - 160x220,1,0,hidden,,D-sign Rug 1D1184 Grey 160x220 cm,,,taxable,parent,0,0,,0,0,,220,160,1,0,,,2036,,,,,,,56910189-H,,,,,,4,,,Size,160x220,,1,,,,,,,,,,,,,,,,,,,,,,,,,,,,,,,,,,,,,160x220,,,,,,,,,,,,,,,,,,,,,,,,108879,,,,,,,,,,,,,,,,,,,
47993,variation,56910233,,D-sign Rug 1D1184 Grey - 180x270,1,0,hidden,,D-sign Rug 1D1184 Grey 180x270 cm,,,taxable,parent,0,0,,0,0,,270,180,1,0,,,2460,,,,,,,56910189-H,,,,,,5,,,Size,180x270,,1,,,,,,,,,,,,,,,,,,,,,,,,,,,,,,,,,,,,,180x270,,,,,,,,,,,,,,,,,,,,,,,,108880,,,,,,,,,,,,,,,,,,,
47994,variation,56910230,,D-sign Rug 1D1184 Grey - 200x290,1,0,hidden,,D-sign Rug 1D1184 Grey 200x290 cm,,,taxable,parent,0,0,,0,0,,290,200,1,0,,,2836,,,,,,,56910189-H,,,,,,6,,,Size,200x290,,1,,,,,,,,,,,,,,,,,,,,,,,,,,,,,,,,,,,,,200x290,,,,,,,,,,,,,,,,,,,,,,,,108881,,,,,,,,,,,,,,,,,,,
47995,variation,56910231,,D-sign Rug 1D1184 Grey - 240x330,1,0,hidden,,D-sign Rug 1D1184 Grey 240x330 cm,,,taxable,parent,0,0,,0,0,,330,240,1,0,,,4108,,,,,,,56910189-H,,,,,,7,,,Size,240x330,,1,,,,,,,,,,,,,,,,,,,,,,,,,,,,,,,,,,,,,240x330,,,,,,,,,,,,,,,,,,,,,,,,108882,,,,,,,,,,,,,,,,,,,
47996,variation,56910234,,D-sign Rug 1D1184 Grey - 280x370,1,0,hidden,,D-sign Rug 1D1184 Grey 280x370 cm,,,taxable,parent,0,0,,0,0,,370,280,1,0,,,4908,,,,,,,56910189-H,,,,,,8,,,Size,280x370,,1,,,,,,,,,,,,,,,,,,,,,,,,,,,,,,,,,,,,,280x370,,,,,,,,,,,,,,,,,,,,,,,,108883,,,,,,,,,,,,,,,,,,,
48002,variable,56910248-H,,D-sign Rug 1D1187 Grey,1,0,hidden,D-sign Rug 1D1187 Grey ,D-sign Rug 1D1187 Grey ,,,taxable,,0,,,0,0,,,,,1,,,,"Rooms > Bedroom, Rooms > Living room, Rugs > Modern, Rugs",,,"https://rugshop.eu/wp-content/uploads/2021/10/modern-carpet-cozy-8872-wall-geometric-triangles-structural-two-levels-of-fleece-grey-blue.jpg, https://rugshop.eu/wp-content/uploads/2021/10/modern-carpet-cozy-8872-wall-geometric-triangles-structural-two-levels-of-fleece-grey-blue-1.jpg, https://rugshop.eu/wp-content/uploads/2021/10/modern-carpet-cozy-8872-wall-geometric-triangles-structural-two-levels-of-fleece-grey-blue-2.jpg, https://rugshop.eu/wp-content/uploads/2021/10/modern-carpet-cozy-8872-wall-geometric-triangles-structural-two-levels-of-fleece-grey-blue-3.jpg",,,,,,,,,1594,,,Size,"120x170, 140x190, 160x220, 180x270, 200x290, 240x330, 280x370, 80x150",1,1,Brand,D-sign,1,1,Color,Black-Grey,1,1,Type of color,Multicolor,1,1,Shape,Rectangular,1,1,Material,"Polyester, Polypropen",1,1,Type of rug,Modern,1,1,Weave,Machinemade,1,1,Age,New,1,1,,,,,,,,,,,,,,,,,1786457212,yes,yes,,,,,,,,,,,,,,,,,,,,,,,,,,,,,
48003,variable,56910249-H,,D-sign Rug 1D1188 Brown,1,0,hidden,D-sign Rug 1D1188 Brown ,D-sign Rug 1D1188 Brown ,,,taxable,,0,,,0,0,,,,,1,,,,"Rooms > Bedroom, Rooms > Living room, Rugs > Modern, Rugs",,,"https://rugshop.eu/wp-content/uploads/2021/10/modern-carpet-cozy-8875-wood-tree-trunk-structural-two-levels-of-fleece-brown.jpg, https://rugshop.eu/wp-content/uploads/2021/10/modern-carpet-cozy-8875-wood-tree-trunk-structural-two-levels-of-fleece-brown-1.jpg, https://rugshop.eu/wp-content/uploads/2021/10/modern-carpet-cozy-8875-wood-tree-trunk-structural-two-levels-of-fleece-brown-2.jpg, https://rugshop.eu/wp-content/uploads/2021/10/modern-carpet-cozy-8875-wood-tree-trunk-structural-two-levels-of-fleece-brown-3.jpg",,,,,,,,,1595,,,Size,"120x170, 140x190, 160x220, 180x270, 200x290, 240x330, 280x370, 80x150",1,1,Brand,D-sign,1,1,Color,Yellow-Brown,1,1,Type of color,Multicolor,1,1,Shape,Rectangular,1,1,Material,"Polyester, Polypropen",1,1,Type of rug,Modern,1,1,Weave,Machinemade,1,1,Age,New,1,1,,,,,,,,,,,,,,,,,1786455879,yes,yes,,,,,,,,,,,,,,,,,,,,,,,,,,,,,
48017,variation,56910218,,D-sign Rug 1D1186 Brown - 80x150,1,0,hidden,,D-sign Rug 1D1186 Brown 80x150 cm,,,taxable,parent,0,0,,0,0,,150,80,1,0,,,860,,,,,,,56910218-H,,,,,,1,,,Size,80x150,,1,,,,,,,,,,,,,,,,,,,,,,,,,,,,,,,,,,,,,80x150,,,,,,,,,,,,1786455857,,,,,,,,,,,,108915,,,,,,,,,,,,,,,,,,,
48018,variation,56914953,,D-sign Rug 1D1186 Brown - 120x170,1,0,hidden,,D-sign Rug 1D1186 Brown 120x170 cm,,,taxable,parent,0,0,,0,0,,170,120,1,0,,,1332,,,,,,,56910218-H,,,,,,2,,,Size,120x170,,1,,,,,,,,,,,,,,,,,,,,,,,,,,,,,,,,,,,,,120x170,,,,,,,,,,,,,,,,,,,,,,,,108916,,,,,,,,,,,,,,,,,,,
48019,variation,56914972,,D-sign Rug 1D1186 Brown - 140x190,1,0,hidden,,D-sign Rug 1D1186 Brown 140x190 cm,,,taxable,parent,0,0,,0,0,,190,140,1,0,,,1564,,,,,,,56910218-H,,,,,,3,,,Size,140x190,,1,,,,,,,,,,,,,,,,,,,,,,,,,,,,,,,,,,,,,140x190,,,,,,,,,,,,,,,,,,,,,,,,108918,,,,,,,,,,,,,,,,,,,
48020,variation,56914970,,D-sign Rug 1D1186 Brown - 160x220,1,0,hidden,,D-sign Rug 1D1186 Brown 160x220 cm,,,taxable,parent,0,0,,0,0,,220,160,1,0,,,2036,,,,,,,56910218-H,,,,,,4,,,Size,160x220,,1,,,,,,,,,,,,,,,,,,,,,,,,,,,,,,,,,,,,,160x220,,,,,,,,,,,,,,,,,,,,,,,,108919,,,,,,,,,,,,,,,,,,,
48021,variation,56914968,,D-sign Rug 1D1186 Brown - 180x270,1,0,hidden,,D-sign Rug 1D1186 Brown 180x270 cm,,,taxable,parent,0,0,,0,0,,270,180,1,0,,,2460,,,,,,,56910218-H,,,,,,5,,,Size,180x270,,1,,,,,,,,,,,,,,,,,,,,,,,,,,,,,,,,,,,,,180x270,,,,,,,,,,,,,,,,,,,,,,,,108920,,,,,,,,,,,,,,,,,,,
48022,variation,56914964,,D-sign Rug 1D1186 Brown - 200x290,1,0,hidden,,D-sign Rug 1D1186 Brown 200x290 cm,,,taxable,parent,0,0,,0,0,,290,200,1,0,,,2836,,,,,,,56910218-H,,,,,,6,,,Size,200x290,,1,,,,,,,,,,,,,,,,,,,,,,,,,,,,,,,,,,,,,200x290,,,,,,,,,,,,,,,,,,,,,,,,108921,,,,,,,,,,,,,,,,,,,
48023,variation,56914969,,D-sign Rug 1D1186 Brown - 240x330,1,0,hidden,,D-sign Rug 1D1186 Brown 240x330 cm,,,taxable,parent,0,0,,0,0,,330,240,1,0,,,4108,,,,,,,56910218-H,,,,,,7,,,Size,240x330,,1,,,,,,,,,,,,,,,,,,,,,,,,,,,,,,,,,,,,,240x330,,,,,,,,,,,,,,,,,,,,,,,,108922,,,,,,,,,,,,,,,,,,,
48024,variation,56914955,,D-sign Rug 1D1186 Brown - 280x370,1,0,hidden,,D-sign Rug 1D1186 Brown 280x370 cm,,,taxable,parent,0,0,,0,0,,370,280,1,0,,,4908,,,,,,,56910218-H,,,,,,8,,,Size,280x370,,1,,,,,,,,,,,,,,,,,,,,,,,,,,,,,,,,,,,,,280x370,,,,,,,,,,,,,,,,,,,,,,,,108923,,,,,,,,,,,,,,,,,,,
48032,variation,56910248,,D-sign Rug 1D1187 Grey - 80x150,1,0,hidden,,D-sign Rug 1D1187 Grey 80x150 cm,,,taxable,parent,0,0,,0,0,,150,80,1,0,,,860,,,,,,,56910248-H,,,,,,1,,,Size,80x150,,1,,,,,,,,,,,,,,,,,,,,,,,,,,,,,,,,,,,,,80x150,,,,,,,,,,,,1786455860,,,,,,,,,,,,108932,,,,,,,,,,,,,,,,,,,
48033,variation,56914979,,D-sign Rug 1D1187 Grey - 120x170,1,0,hidden,,D-sign Rug 1D1187 Grey 120x170 cm,,,taxable,parent,0,0,,0,0,,170,120,1,0,,,1332,,,,,,,56910248-H,,,,,,2,,,Size,120x170,,1,,,,,,,,,,,,,,,,,,,,,,,,,,,,,,,,,,,,,120x170,,,,,,,,,,,,1786457186,,,,,,,,,,,,108933,,,,,,,,,,,,,,,,,,,
48034,variation,56914986,,D-sign Rug 1D1187 Grey - 140x190,1,0,hidden,,D-sign Rug 1D1187 Grey 140x190 cm,,,taxable,parent,0,0,,0,0,,190,140,1,0,,,1564,,,,,,,56910248-H,,,,,,3,,,Size,140x190,,1,,,,,,,,,,,,,,,,,,,,,,,,,,,,,,,,,,,,,140x190,,,,,,,,,,,,1786457186,,,,,,,,,,,,108934,,,,,,,,,,,,,,,,,,,
48035,variation,56914982,,D-sign Rug 1D1187 Grey - 160x220,1,0,hidden,,D-sign Rug 1D1187 Grey 160x220 cm,,,taxable,parent,0,0,,0,0,,220,160,1,0,,,2036,,,,,,,56910248-H,,,,,,4,,,Size,160x220,,1,,,,,,,,,,,,,,,,,,,,,,,,,,,,,,,,,,,,,160x220,,,,,,,,,,,,,,,,,,,,,,,,108935,,,,,,,,,,,,,,,,,,,
48036,variation,56914988,,D-sign Rug 1D1187 Grey - 180x270,1,0,hidden,,D-sign Rug 1D1187 Grey 180x270 cm,,,taxable,parent,0,0,,0,0,,270,180,1,0,,,2460,,,,,,,56910248-H,,,,,,5,,,Size,180x270,,1,,,,,,,,,,,,,,,,,,,,,,,,,,,,,,,,,,,,,180x270,,,,,,,,,,,,,,,,,,,,,,,,108936,,,,,,,,,,,,,,,,,,,
48037,variation,56914983,,D-sign Rug 1D1187 Grey - 200x290,1,0,hidden,,D-sign Rug 1D1187 Grey 200x290 cm,,,taxable,parent,0,0,,0,0,,290,200,1,0,,,2836,,,,,,,56910248-H,,,,,,6,,,Size,200x290,,1,,,,,,,,,,,,,,,,,,,,,,,,,,,,,,,,,,,,,200x290,,,,,,,,,,,,,,,,,,,,,,,,108937,,,,,,,,,,,,,,,,,,,
48038,variation,56914987,,D-sign Rug 1D1187 Grey - 240x330,1,0,hidden,,D-sign Rug 1D1187 Grey 240x330 cm,,,taxable,parent,0,0,,0,0,,330,240,1,0,,,4108,,,,,,,56910248-H,,,,,,7,,,Size,240x330,,1,,,,,,,,,,,,,,,,,,,,,,,,,,,,,,,,,,,,,240x330,,,,,,,,,,,,,,,,,,,,,,,,108938,,,,,,,,,,,,,,,,,,,
48039,variation,56914984,,D-sign Rug 1D1187 Grey - 280x370,1,0,hidden,,D-sign Rug 1D1187 Grey 280x370 cm,,,taxable,parent,0,0,,0,0,,370,280,1,0,,,4908,,,,,,,56910248-H,,,,,,8,,,Size,280x370,,1,,,,,,,,,,,,,,,,,,,,,,,,,,,,,,,,,,,,,280x370,,,,,,,,,,,,1786457186,,,,,,,,,,,,108939,,,,,,,,,,,,,,,,,,,
48045,variation,56910249,,D-sign Rug 1D1188 Brown - 80x150,1,0,hidden,,D-sign Rug 1D1188 Brown 80x150 cm,,,taxable,parent,0,0,,0,0,,150,80,1,0,,,860,,,,,,,56910249-H,,,,,,1,,,Size,80x150,,1,,,,,,,,,,,,,,,,,,,,,,,,,,,,,,,,,,,,,80x150,,,,,,,,,,,,1786455860,,,,,,,,,,,,108940,,,,,,,,,,,,,,,,,,,
48046,variation,56914985,,D-sign Rug 1D1188 Brown - 120x170,1,0,hidden,,D-sign Rug 1D1188 Brown 120x170 cm,,,taxable,parent,0,0,,0,0,,170,120,1,0,,,1332,,,,,,,56910249-H,,,,,,2,,,Size,120x170,,1,,,,,,,,,,,,,,,,,,,,,,,,,,,,,,,,,,,,,120x170,,,,,,,,,,,,,,,,,,,,,,,,108941,,,,,,,,,,,,,,,,,,,
48047,variation,56910268,,D-sign Rug 1D1188 Brown - 140x190,1,0,hidden,,D-sign Rug 1D1188 Brown 140x190 cm,,,taxable,parent,0,0,,0,0,,190,140,1,0,,,1564,,,,,,,56910249-H,,,,,,3,,,Size,140x190,,1,,,,,,,,,,,,,,,,,,,,,,,,,,,,,,,,,,,,,140x190,,,,,,,,,,,,,,,,,,,,,,,,108942,,,,,,,,,,,,,,,,,,,
48048,variation,56910271,,D-sign Rug 1D1188 Brown - 160x220,1,0,hidden,,D-sign Rug 1D1188 Brown 160x220 cm,,,taxable,parent,0,0,,0,0,,220,160,1,0,,,2036,,,,,,,56910249-H,,,,,,4,,,Size,160x220,,1,,,,,,,,,,,,,,,,,,,,,,,,,,,,,,,,,,,,,160x220,,,,,,,,,,,,,,,,,,,,,,,,108943,,,,,,,,,,,,,,,,,,,
48049,variation,56910269,,D-sign Rug 1D1188 Brown - 180x270,1,0,hidden,,D-sign Rug 1D1188 Brown 180x270 cm,,,taxable,parent,0,0,,0,0,,270,180,1,0,,,2460,,,,,,,56910249-H,,,,,,5,,,Size,180x270,,1,,,,,,,,,,,,,,,,,,,,,,,,,,,,,,,,,,,,,180x270,,,,,,,,,,,,,,,,,,,,,,,,108944,,,,,,,,,,,,,,,,,,,
48050,variation,56910270,,D-sign Rug 1D1188 Brown - 200x290,1,0,hidden,,D-sign Rug 1D1188 Brown 200x290 cm,,,taxable,parent,0,0,,0,0,,290,200,1,0,,,2836,,,,,,,56910249-H,,,,,,6,,,Size,200x290,,1,,,,,,,,,,,,,,,,,,,,,,,,,,,,,,,,,,,,,200x290,,,,,,,,,,,,,,,,,,,,,,,,108945,,,,,,,,,,,,,,,,,,,
48051,variation,56910272,,D-sign Rug 1D1188 Brown - 240x330,1,0,hidden,,D-sign Rug 1D1188 Brown 240x330 cm,,,taxable,parent,0,0,,0,0,,330,240,1,0,,,4108,,,,,,,56910249-H,,,,,,7,,,Size,240x330,,1,,,,,,,,,,,,,,,,,,,,,,,,,,,,,,,,,,,,,240x330,,,,,,,,,,,,,,,,,,,,,,,,108946,,,,,,,,,,,,,,,,,,,
48052,variation,56910274,,D-sign Rug 1D1188 Brown - 280x370,1,0,hidden,,D-sign Rug 1D1188 Brown 280x370 cm,,,taxable,parent,0,0,,0,0,,370,280,1,0,,,4908,,,,,,,56910249-H,,,,,,8,,,Size,280x370,,1,,,,,,,,,,,,,,,,,,,,,,,,,,,,,,,,,,,,,280x370,,,,,,,,,,,,,,,,,,,,,,,,108947,,,,,,,,,,,,,,,,,,,
48060,variable,56910304-H,,D-sign Rug 1D1193 Brown,1,0,hidden,D-sign Rug 1D1193 Brown ,D-sign Rug 1D1193 Brown ,,,taxable,,0,,,0,0,,,,,1,,,,"Rooms > Bedroom, Rooms > Living room, Rugs > Modern, Rugs",,,"https://rugshop.eu/wp-content/uploads/2021/10/modern-carpet-cozy-8872-circle-wall-geometric-triangles-structural-two-levels-of-fleece-brown.jpg, https://rugshop.eu/wp-content/uploads/2021/10/modern-carpet-cozy-8872-circle-wall-geometric-triangles-structural-two-levels-of-fleece-brown-1.jpg, https://rugshop.eu/wp-content/uploads/2021/10/modern-carpet-cozy-8872-circle-wall-geometric-triangles-structural-two-levels-of-fleece-brown-2.jpg, https://rugshop.eu/wp-content/uploads/2021/10/modern-carpet-cozy-8872-circle-wall-geometric-triangles-structural-two-levels-of-fleece-brown-3.jpg",,,,,,,,,1600,,,Size,"100, 120, 160",1,1,Brand,D-sign,1,1,Color,Yellow-Brown,1,1,Type of color,Multicolor,1,1,Shape,Round,1,1,Material,"Polyester, Polypropen",1,1,Type of rug,Modern,1,1,Weave,Machinemade,1,1,Age,New,1,1,,,,,,,,,,,,,,,,,1786457215,yes,yes,,,,,,,,,,,,,,,,,,,,,,,,,,,,,
48085,variable,56912084-H,,D-sign Rug 1D1213 Gold,1,0,hidden,D-sign Rug 1D1213 Gold,D-sign Rug 1D1213 Gold,,,taxable,,0,,,0,0,,,,,0,,,,"Rooms > Bedroom, Rooms > Living room, Rugs > Modern, Rugs",,,"https://rugshop.eu/wp-content/uploads/2021/10/modern-washing-carpet-latio-71351800-gold.jpg, https://rugshop.eu/wp-content/uploads/2021/10/modern-washing-carpet-latio-71351800-gold-1.jpg, https://rugshop.eu/wp-content/uploads/2021/10/modern-washing-carpet-latio-71351800-gold-2.jpg, https://rugshop.eu/wp-content/uploads/2021/10/modern-washing-carpet-latio-71351800-gold-3.jpg",,,,,,,,,1606,,,Size,"120x170, 140x200, 160x230, 200x290, 240x340, 60x115, 80x150",1,1,Brand,D-sign,1,1,Color,Yellow-Brown,1,1,Type of color,Singlecolor,1,1,Shape,Rectangular,1,1,Material,Polyester,1,1,Type of rug,Modern,1,1,Weave,Machinemade,1,1,Age,New,1,1,,,,,,,,,default,default,default,default,,,,,1786456294,yes,yes,,,,,,,,,classic-editor,,,,,,,,,,,,,,,,,,,,
48102,variable,56912179-H,,D-sign Rug 1D1214 Beige,1,0,hidden,D-sign Rug 1D1214 Beige ,D-sign Rug 1D1214 Beige ,,,taxable,,0,,,0,0,,,,,1,,,,"Rooms > Entrance & Corridor, Rugs > Modern, Rugs",,,"https://rugshop.eu/wp-content/uploads/2021/10/carpet-double-29204095-stripes-beige-black-double-sided.jpg, https://rugshop.eu/wp-content/uploads/2021/10/carpet-double-29204095-stripes-beige-black-double-sided-1.jpg, https://rugshop.eu/wp-content/uploads/2021/10/carpet-double-29204095-stripes-beige-black-double-sided-2.jpg, https://rugshop.eu/wp-content/uploads/2021/10/carpet-double-29204095-stripes-beige-black-double-sided-3.jpg",,,,,,,,,1607,,,Size,"160x230, 200x275, 60x90, 80x220",1,1,Brand,D-sign,1,1,Color,Black-Grey,1,1,Type of color,Multicolor,1,1,Shape,Runner,1,1,Material,Polypropen,1,1,Type of rug,Modern,1,1,Weave,Machinemade,1,1,Age,New,1,1,,,,,,,,,,,,,,,,,1786457257,yes,yes,,,,,,,,,,,,,,,,,,,,,,,,,,,,,
48104,variation,56910304,,D-sign Rug 1D1193 Brown - 100,1,0,hidden,,D-sign Rug 1D1193 Brown 100 cm,,,taxable,parent,0,0,,0,0,,100,100,1,0,,,812,,,,,,,56910304-H,,,,,,1,,,Size,100,,1,,,,,,,,,,,,,,,,,,,,,,,,,,,,,,,,,,,,,100,,,,,,,,,,,,,,,,,,,,,,,,109005,,,,,,,,,,,,,,,,,,,
48105,variation,56915004,,D-sign Rug 1D1193 Brown - 120,1,0,hidden,,D-sign Rug 1D1193 Brown 120 cm,,,taxable,parent,0,0,,0,0,,120,120,1,0,,,1004,,,,,,,56910304-H,,,,,,2,,,Size,120,,1,,,,,,,,,,,,,,,,,,,,,,,,,,,,,,,,,,,,,120,,,,,,,,,,,,,,,,,,,,,,,,109006,,,,,,,,,,,,,,,,,,,
48106,variation,56915005,,D-sign Rug 1D1193 Brown - 160,1,0,hidden,,D-sign Rug 1D1193 Brown 160 cm,,,taxable,parent,0,0,,0,0,,160,160,1,0,,,1468,,,,,,,56910304-H,,,,,,3,,,Size,160,,1,,,,,,,,,,,,,,,,,,,,,,,,,,,,,,,,,,,,,160,,,,,,,,,,,,1786457187,,,,,,,,,,,,109007,,,,,,,,,,,,,,,,,,,
48140,variation,56912084,,D-sign Rug 1D1213 Gold - 60x115,1,0,hidden,,D-sign Rug 1D1213 Gold 60x115 cm,,,taxable,parent,0,0,,0,0,,115,60,1.1,0,,,948,,,,,,,56912084-H,,,,,,1,,,Size,60x115,,1,,,,,,,,,,,,,,,,,,,,,,,,,,,,,,,,,,,,,60x115,,,,,,,,,,,,1786456275,,,,,,,,,,,,110270,,,,,,,,,,,,,,,,,,,
48141,variation,56915126,,D-sign Rug 1D1213 Gold - 80x150,1,0,hidden,,D-sign Rug 1D1213 Gold 80x150 cm,,,taxable,parent,0,0,,0,0,,150,80,1.1,0,,,1372,,,,,,,56912084-H,,,,,,2,,,Size,80x150,,1,,,,,,,,,,,,,,,,,,,,,,,,,,,,,,,,,,,,,80x150,,,,,,,,,,,,,,,,,,,,,,,,110364,,,,,,,,,,,,,,,,,,,
48142,variation,56915130,,D-sign Rug 1D1213 Gold - 120x170,1,0,hidden,,D-sign Rug 1D1213 Gold 120x170 cm,,,taxable,parent,0,0,,0,0,,170,120,1.1,0,,,1980,,,,,,,56912084-H,,,,,,3,,,Size,120x170,,1,,,,,,,,,,,,,,,,,,,,,,,,,,,,,,,,,,,,,120x170,,,,,,,,,,,,,,,,,,,,,,,,110365,,,,,,,,,,,,,,,,,,,
48143,variation,56912181,,D-sign Rug 1D1213 Gold - 140x200,1,0,hidden,,D-sign Rug 1D1213 Gold 140x200 cm,,,taxable,parent,0,0,,0,0,,200,140,1.1,0,,,2500,,,,,,,56912084-H,,,,,,4,,,Size,140x200,,1,,,,,,,,,,,,,,,,,,,,,,,,,,,,,,,,,,,,,140x200,,,,,,,,,,,,1786456277,,,,,,,,,,,,110366,,,,,,,,,,,,,,,,,,,
48144,variation,56912185,,D-sign Rug 1D1213 Gold - 160x230,1,0,hidden,,D-sign Rug 1D1213 Gold 160x230 cm,,,taxable,parent,0,0,,0,0,,230,160,1.1,0,,,3156,,,,,,,56912084-H,,,,,,5,,,Size,160x230,,1,,,,,,,,,,,,,,,,,,,,,,,,,,,,,,,,,,,,,160x230,,,,,,,,,,,,,,,,,,,,,,,,110367,,,,,,,,,,,,,,,,,,,
48145,variation,56912178,,D-sign Rug 1D1213 Gold - 200x290,1,0,hidden,,D-sign Rug 1D1213 Gold 200x290 cm,,,taxable,parent,0,0,,0,0,,290,200,1.1,0,,,4756,,,,,,,56912084-H,,,,,,6,,,Size,200x290,,1,,,,,,,,,,,,,,,,,,,,,,,,,,,,,,,,,,,,,200x290,,,,,,,,,,,,,,,,,,,,,,,,110368,,,,,,,,,,,,,,,,,,,
48146,variation,56912180,,D-sign Rug 1D1213 Gold - 240x340,1,0,hidden,,D-sign Rug 1D1213 Gold 240x340 cm,,,taxable,parent,0,0,,0,0,,340,240,1.1,0,,,6684,,,,,,,56912084-H,,,,,,7,,,Size,240x340,,1,,,,,,,,,,,,,,,,,,,,,,,,,,,,,,,,,,,,,240x340,,,,,,,,,,,,1786456276,,,,,,,,,,,,110369,,,,,,,,,,,,,,,,,,,
48152,variation,56912179,,D-sign Rug 1D1214 Beige - 60x90,1,0,hidden,,D-sign Rug 1D1214 Beige 60x90 cm,,,taxable,parent,0,0,,0,0,,90,60,1,0,,,604,,,,,,,56912179-H,,,,,,1,,,Size,60x90,,1,,,,,,,,,,,,,,,,,,,,,,,,,,,,,,,,,,,,,60x90,,,,,,,,,,,,,,,,,,,,,,,,110275,,,,,,,,,,,,,,,,,,,
48153,variation,56915142,,D-sign Rug 1D1214 Beige - 80x220,1,0,hidden,,D-sign Rug 1D1214 Beige 80x220 cm,,,taxable,parent,0,0,,0,0,,220,80,1,0,,,1116,,,,,,,56912179-H,,,,,,2,,,Size,80x220,,1,,,,,,,,,,,,,,,,,,,,,,,,,,,,,,,,,,,,,80x220,,,,,,,,,,,,,,,,,,,,,,,,110277,,,,,,,,,,,,,,,,,,,
48154,variation,56915140,,D-sign Rug 1D1214 Beige - 160x230,1,0,hidden,,D-sign Rug 1D1214 Beige 160x230 cm,,,taxable,parent,0,0,,0,0,,230,160,1,0,,,1892,,,,,,,56912179-H,,,,,,3,,,Size,160x230,,1,,,,,,,,,,,,,,,,,,,,,,,,,,,,,,,,,,,,,160x230,,,,,,,,,,,,1786457239,,,,,,,,,,,,110278,,,,,,,,,,,,,,,,,,,
48155,variation,56915134,,D-sign Rug 1D1214 Beige - 200x275,1,0,hidden,,D-sign Rug 1D1214 Beige 200x275 cm,,,taxable,parent,0,0,,0,0,,275,200,1,0,,,2596,,,,,,,56912179-H,,,,,,4,,,Size,200x275,,1,,,,,,,,,,,,,,,,,,,,,,,,,,,,,,,,,,,,,200x275,,,,,,,,,,,,1786457238,,,,,,,,,,,,110282,,,,,,,,,,,,,,,,,,,
48161,variable,56912147-H,,D-sign Rug 1D1221 Grey,1,0,hidden,D-sign Rug 1D1221 Grey ,D-sign Rug 1D1221 Grey ,,,taxable,,0,,,0,0,,,,,0,,,,"Rooms > Kitchen, Rooms > Living room, Rugs > Modern, Rugs, Rugs > Sisal",,,"https://rugshop.eu/wp-content/uploads/2021/10/carpet-color-47202900-sisal-grey-silver.jpg, https://rugshop.eu/wp-content/uploads/2021/10/carpet-color-47202900-sisal-grey-silver-1.jpg, https://rugshop.eu/wp-content/uploads/2021/10/carpet-color-47202900-sisal-grey-silver-2.jpg, https://rugshop.eu/wp-content/uploads/2021/10/carpet-color-47202900-sisal-grey-silver-3.jpg",,,,,,,,,1613,,,Size,"120x170, 160x230",1,1,Brand,D-sign,1,1,Color,Black-Grey,1,1,Type of color,Singlecolor,1,1,Shape,Rectangular,1,1,Material,Polypropen,1,1,Type of rug,"Modern, Sisal",1,1,Weave,Machinemade,1,1,Age,New,1,1,,,,,,,,,default,default,default,default,,,,,1786457255,yes,yes,,,,,,,,,classic-editor,,,,,,,,,,,,,,,,,,,,
48162,variable,56912146-H,,D-sign Rug 1D1222 Beige,1,0,hidden,D-sign Rug 1D1222 Beige ,D-sign Rug 1D1222 Beige ,,,taxable,,0,,,0,0,,,,,1,,,,"Rooms > Bedroom, Rooms > Living room, Rugs > Modern, Rugs, Rugs > Sisal",,,"https://rugshop.eu/wp-content/uploads/2021/10/carpet-sisal-boho-39003569-beige.jpg, https://rugshop.eu/wp-content/uploads/2021/10/carpet-sisal-boho-39003569-beige-1.jpg, https://rugshop.eu/wp-content/uploads/2021/10/carpet-sisal-boho-39003569-beige-2.jpg, https://rugshop.eu/wp-content/uploads/2021/10/carpet-sisal-boho-39003569-beige-3.jpg",,,,,,,,,1614,,,Size,"140x200, 80x200",1,1,Brand,D-sign,1,1,Color,White-Beige,1,1,Type of color,Singlecolor,1,1,Shape,Rectangular,1,1,Material,Polypropen,1,1,Type of rug,"Modern, Sisal",1,1,Weave,Machinemade,1,1,Age,New,1,1,,,,,,,,,,,,,,,,,1786457259,yes,yes,,,,,,,,,,,,,,,,,,,,,,,,,,,,,
48179,variable,56912223-H,,D-sign Rug 1D1211 Beige,1,0,hidden,D-sign Rug 1D1211 Beige ,D-sign Rug 1D1211 Beige ,,,taxable,,0,,,0,0,,,,,1,,,,"Rooms > Bedroom, Rooms > Living room, Rugs > Modern, Rugs, Rugs > Sisal",,,"https://rugshop.eu/wp-content/uploads/2021/10/carpet-sisal-boho-39136026-beige.jpg, https://rugshop.eu/wp-content/uploads/2021/10/carpet-sisal-boho-39136026-beige-1.jpg, https://rugshop.eu/wp-content/uploads/2021/10/carpet-sisal-boho-39136026-beige-2.jpg, https://rugshop.eu/wp-content/uploads/2021/10/carpet-sisal-boho-39136026-beige-3.jpg",,,,,,,,,1604,,,Size,"120x170, 60x110",1,1,Brand,D-sign,1,1,Color,White-Beige,1,1,Type of color,Multicolor,1,1,Shape,Rectangular,1,1,Material,Polypropen,1,1,Type of rug,"Modern, Sisal",1,1,Weave,Machinemade,1,1,Age,New,1,1,,,,,,,,,,,,,,,,,1786457262,yes,yes,,,,,,,,,,,,,,,,,,,,,,,,,,,,,
48206,variation,56912147,,D-sign Rug 1D1221 Grey - 120x170,1,0,hidden,,D-sign Rug 1D1221 Grey 120x170 cm,,,taxable,parent,0,0,,0,0,,170,120,0.6,0,,,1324,,,,,,,56912147-H,,,,,,1,,,Size,120x170,,1,,,,,,,,,,,,,,,,,,,,,,,,,,,,,,,,,,,,,120x170,,,,,,,,,,,,1786456276,,,,,,,,,,,,110337,,,,,,,,,,,,,,,,,,,
48207,variation,56915133,,D-sign Rug 1D1221 Grey - 160x230,1,0,hidden,,D-sign Rug 1D1221 Grey 160x230 cm,,,taxable,parent,0,0,,0,0,,230,160,0.6,0,,,2076,,,,,,,56912147-H,,,,,,2,,,Size,160x230,,1,,,,,,,,,,,,,,,,,,,,,,,,,,,,,,,,,,,,,160x230,,,,,,,,,,,,1786457238,,,,,,,,,,,,110338,,,,,,,,,,,,,,,,,,,
48214,variation,56912146,,D-sign Rug 1D1222 Beige - 80x200,1,0,hidden,,D-sign Rug 1D1222 Beige 80x200 cm,,,taxable,parent,0,0,,0,0,,200,80,0.8,0,,,1188,,,,,,,56912146-H,,,,,,1,,,Size,80x200,,1,,,,,,,,,,,,,,,,,,,,,,,,,,,,,,,,,,,,,80x200,,,,,,,,,,,,1786456276,,,,,,,,,,,,110340,,,,,,,,,,,,,,,,,,,
48215,variation,56915137,,D-sign Rug 1D1222 Beige - 140x200,1,0,hidden,,D-sign Rug 1D1222 Beige 140x200 cm,,,taxable,parent,0,0,,0,0,,200,140,0.8,0,,,1804,,,,,,,56912146-H,,,,,,2,,,Size,140x200,,1,,,,,,,,,,,,,,,,,,,,,,,,,,,,,,,,,,,,,140x200,,,,,,,,,,,,1786457238,,,,,,,,,,,,110341,,,,,,,,,,,,,,,,,,,
48238,variation,56912223,,D-sign Rug 1D1211 Beige - 60x110,1,0,hidden,,D-sign Rug 1D1211 Beige 60x110 cm,,,taxable,parent,0,0,,0,0,,110,60,0.8,0,,,724,,,,,,,56912223-H,,,,,,1,,,Size,60x110,,1,,,,,,,,,,,,,,,,,,,,,,,,,,,,,,,,,,,,,60x110,,,,,,,,,,,,,,,,,,,,,,,,110351,,,,,,,,,,,,,,,,,,,
48239,variation,56915150,,D-sign Rug 1D1211 Beige - 120x170,1,0,hidden,,D-sign Rug 1D1211 Beige 120x170 cm,,,taxable,parent,0,0,,0,0,,170,120,0.8,0,,,1428,,,,,,,56912223-H,,,,,,2,,,Size,120x170,,1,,,,,,,,,,,,,,,,,,,,,,,,,,,,,,,,,,,,,120x170,,,,,,,,,,,,1786457239,,,,,,,,,,,,110257,,,,,,,,,,,,,,,,,,,
48336,variable,56912329-H,,D-sign Rug 1D1238 Beige,1,0,hidden,D-sign Rug 1D1238 Beige ,D-sign Rug 1D1238 Beige ,,,taxable,,0,,,0,0,,,,,1,,,,"Rooms > Entrance & Corridor, Rugs > Modern, Rugs, Rugs > Sisal",,,"https://rugshop.eu/wp-content/uploads/2021/10/carpet-runner-sisal-boho-39003363-lines-beige.jpg, https://rugshop.eu/wp-content/uploads/2021/10/carpet-runner-sisal-boho-39003363-lines-beige-1.jpg, https://rugshop.eu/wp-content/uploads/2021/10/carpet-runner-sisal-boho-39003363-lines-beige-2.jpg, https://rugshop.eu/wp-content/uploads/2021/10/carpet-runner-sisal-boho-39003363-lines-beige-3.jpg",,,,,,,,,1630,,,Size,"60x225, 80x200",1,1,Brand,D-sign,1,1,Color,White-Beige,1,1,Type of color,Singlecolor,1,1,Shape,Runner,1,1,Material,Polypropen,1,1,Type of rug,"Modern, Sisal",1,1,Weave,Machinemade,1,1,Age,New,1,1,,,,,,,,,,,,,,,,,1786457267,yes,yes,,,,,,,,,,,,,,,,,,,,,,,,,,,,,
48396,variable,56912359-H,,D-sign Rug 1D1244 Anthracite,1,0,hidden,D-sign Rug 1D1244 Anthracite,D-sign Rug 1D1244 Anthracite,,,taxable,,0,,,0,0,,,,,0,,,,"Rooms > Balcony, Rugs > Doormat, Rooms > Entrance & Corridor, Rugs > Modern, Rugs",,,"https://rugshop.eu/wp-content/uploads/2021/10/doormat-dura-2868-antislip-outdoor-indoor-gum-anthracite.jpg, https://rugshop.eu/wp-content/uploads/2021/10/doormat-dura-2868-antislip-outdoor-indoor-gum-anthracite-1.jpg, https://rugshop.eu/wp-content/uploads/2021/10/doormat-dura-2868-antislip-outdoor-indoor-gum-anthracite-2.jpg, https://rugshop.eu/wp-content/uploads/2021/10/doormat-dura-2868-antislip-outdoor-indoor-gum-anthracite-3.jpg",,,,,,,,,1636,,,Size,"100x120, 100x150, 150x180, 40x60, 50x80, 66x120, 66x185",1,1,Brand,D-sign,1,1,Color,Black-Grey,1,1,Type of color,Multicolor,1,1,Shape,Rectangular,1,1,Material,Polypropen,1,1,Weave,Machinemade,1,1,Age,New,1,1,Type of rug,Doormat,1,1,,,,,,,,,default,default,default,default,,,,,1786457275,yes,yes,,,,,,,,,,,,,,,,,,,,,,,,,,,,,
48397,variation,56912329,,D-sign Rug 1D1238 Beige - 60x225,1,0,hidden,,D-sign Rug 1D1238 Beige 60x225 cm,,,taxable,parent,0,0,,0,0,,225,60,0.8,0,,,1076,,,,,,,56912329-H,,,,,,1,,,Size,60x225,,1,,,,,,,,,,,,,,,,,,,,,,,,,,,,,,,,,,,,,60x225,,,,,,,,,,,,1786456282,,,,,,,,,,,,110518,,,,,,,,,,,,,,,,,,,
48398,variation,56915184,,D-sign Rug 1D1238 Beige - 80x200,1,0,hidden,,D-sign Rug 1D1238 Beige 80x200 cm,,,taxable,parent,0,0,,0,0,,200,80,0.8,0,,,1188,,,,,,,56912329-H,,,,,,2,,,Size,80x200,,1,,,,,,,,,,,,,,,,,,,,,,,,,,,,,,,,,,,,,80x200,,,,,,,,,,,,1786457242,,,,,,,,,,,,110519,,,,,,,,,,,,,,,,,,,
48411,variable,56912363-H,,D-sign Rug 1D1245 Beige,1,0,hidden,D-sign Rug 1D1245 Beige,D-sign Rug 1D1245 Beige,,,taxable,,0,,,0,0,,,,,0,,,,"Rooms > Balcony, Rugs > Doormat, Rooms > Entrance & Corridor, Rugs > Modern, Rugs",,,"https://rugshop.eu/wp-content/uploads/2021/10/doormat-dura-1861-antislip-outdoor-indoor-gum-beige.jpg, https://rugshop.eu/wp-content/uploads/2021/10/doormat-dura-1861-antislip-outdoor-indoor-gum-beige-1.jpg, https://rugshop.eu/wp-content/uploads/2021/10/doormat-dura-1861-antislip-outdoor-indoor-gum-beige-2.jpg, https://rugshop.eu/wp-content/uploads/2021/10/doormat-dura-1861-antislip-outdoor-indoor-gum-beige-3.jpg",,,,,,,,,1637,,,Size,"100x120, 100x150, 40x60, 50x80, 66x120, 66x185",1,1,Brand,D-sign,1,1,Color,Black-Grey,1,1,Type of color,Multicolor,1,1,Shape,Rectangular,1,1,Material,Polypropen,1,1,Weave,Machinemade,1,1,Age,New,1,1,Type of rug,Doormat,1,1,,,,,,,,,default,default,default,default,,,,,1786457272,yes,yes,,,,,,,,,,,,,,,,,,,,,,,,,,,,,
48430,variable,56912365-H,,D-sign Rug 1D1246 Brown,1,0,hidden,D-sign Rug 1D1246 Brown,D-sign Rug 1D1246 Brown,,,taxable,,0,,,0,0,,,,,0,,,,"Rooms > Balcony, Rugs > Doormat, Rooms > Entrance & Corridor, Rugs",,,"https://rugshop.eu/wp-content/uploads/2021/10/doormat-dura-7869-antislip-outdoor-indoor-gum-brown.jpg, https://rugshop.eu/wp-content/uploads/2021/10/doormat-dura-7869-antislip-outdoor-indoor-gum-brown-1.jpg, https://rugshop.eu/wp-content/uploads/2021/10/doormat-dura-7869-antislip-outdoor-indoor-gum-brown-2.jpg, https://rugshop.eu/wp-content/uploads/2021/10/doormat-dura-7869-antislip-outdoor-indoor-gum-brown-3.jpg",,,,,,,,,1638,,,Size,"100x120, 100x150, 40x60, 50x80, 66x120, 66x185",1,1,Brand,D-sign,1,1,Color,Black-Grey,1,1,Type of color,Multicolor,1,1,Shape,Rectangular,1,1,Material,Polypropen,1,1,Weave,Machinemade,1,1,Age,New,1,1,Type of rug,Doormat,1,1,,,,,,,,,default,default,default,default,,,,,1786456329,yes,yes,,,,,,,,,,,,,,,,,,,,,,,,,,,,,
48449,variable,56912379-H,,D-sign Rug 1D1247 Red,1,0,hidden,D-sign Rug 1D1247 Red,D-sign Rug 1D1247 Red,,,taxable,,0,,,0,0,,,,,0,,,,"Rooms > Balcony, Rugs > Doormat, Rooms > Entrance & Corridor, Rugs > Modern, Rugs",,,"https://rugshop.eu/wp-content/uploads/2021/10/doormat-antislip-dura-3879-outdoor-indoor-gum-red.jpg, https://rugshop.eu/wp-content/uploads/2021/10/doormat-antislip-dura-3879-outdoor-indoor-gum-red-1.jpg, https://rugshop.eu/wp-content/uploads/2021/10/doormat-antislip-dura-3879-outdoor-indoor-gum-red-2.jpg, https://rugshop.eu/wp-content/uploads/2021/10/doormat-antislip-dura-3879-outdoor-indoor-gum-red-3.jpg",,,,,,,,,1639,,,Size,"100x120, 100x150, 40x60, 50x80, 66x120, 66x185",1,1,Brand,D-sign,1,1,Color,Red,1,1,Type of color,Multicolor,1,1,Shape,Rectangular,1,1,Material,Polypropen,1,1,Weave,Machinemade,1,1,Age,New,1,1,Type of rug,Doormat,1,1,,,,,,,,,default,default,default,default,,,,,1786457290,yes,yes,,,,,,,,,,,,,,,,,,,,,,,,,,,,,
48450,variable,56912399-H,,D-sign Rug 1D1248 Blue,1,0,hidden,D-sign Rug 1D1248 Blue,D-sign Rug 1D1248 Blue,,,taxable,,0,,,0,0,,,,,0,,,,"Rooms > Balcony, Rugs > Doormat, Rooms > Entrance & Corridor, Rugs > Modern, Rugs",,,"https://rugshop.eu/wp-content/uploads/2021/10/doormat-antislip-dura-5880-outdoor-indoor-gum-blue.jpg, https://rugshop.eu/wp-content/uploads/2021/10/doormat-antislip-dura-5880-outdoor-indoor-gum-blue-1.jpg, https://rugshop.eu/wp-content/uploads/2021/10/doormat-antislip-dura-5880-outdoor-indoor-gum-blue-2.jpg, https://rugshop.eu/wp-content/uploads/2021/10/doormat-antislip-dura-5880-outdoor-indoor-gum-blue-3.jpg",,,,,,,,,1640,,,Size,"100x120, 100x150, 40x60, 50x80, 66x120, 66x185",1,1,Brand,D-sign,1,1,Color,Blue,1,1,Type of color,Multicolor,1,1,Shape,Rectangular,1,1,Material,Polypropen,1,1,Weave,Machinemade,1,1,Age,New,1,1,Type of rug,Doormat,1,1,,,,,,,,,default,default,default,default,,,,,1786457292,yes,yes,,,,,,,,,,,,,,,,,,,,,,,,,,,,,
48451,variation,56912359,,D-sign Rug 1D1244 Anthracite - 40x60,1,0,hidden,,D-sign Rug 1D1244 Anthracite 40x60 cm,,,taxable,parent,0,0,,0,0,,60,40,0.9,0,,,508,,,,,,,56912359-H,,,,,,1,,,Size,40x60,,1,,,,,,,,,,,,,,,,,,,,,,,,,,,,,,,,,,,,,40x60,,,,,,,,,,,,1786456314,,,,,,,,,,,,110816,,,,,,,,,,,,,,,,,,,
48452,variation,56915234,,D-sign Rug 1D1244 Anthracite - 50x80,1,0,hidden,,D-sign Rug 1D1244 Anthracite 50x80 cm,,,taxable,parent,0,0,,0,0,,80,50,0.9,0,,,604,,,,,,,56912359-H,,,,,,2,,,Size,50x80,,1,,,,,,,,,,,,,,,,,,,,,,,,,,,,,,,,,,,,,50x80,,,,,,,,,,,,1786457246,,,,,,,,,,,,110817,,,,,,,,,,,,,,,,,,,
48453,variation,56915233,,D-sign Rug 1D1244 Anthracite - 66x120,1,0,hidden,,D-sign Rug 1D1244 Anthracite 66x120 cm,,,taxable,parent,0,0,,0,0,,120,66,0.9,0,,,788,,,,,,,56912359-H,,,,,,3,,,Size,66x120,,1,,,,,,,,,,,,,,,,,,,,,,,,,,,,,,,,,,,,,66x120,,,,,,,,,,,,1786457246,,,,,,,,,,,,110819,,,,,,,,,,,,,,,,,,,
48454,variation,56915227,,D-sign Rug 1D1244 Anthracite - 66x185,1,0,hidden,,D-sign Rug 1D1244 Anthracite 66x185 cm,,,taxable,parent,0,0,,0,0,,185,66,0.9,0,,,1004,,,,,,,56912359-H,,,,,,4,,,Size,66x185,,1,,,,,,,,,,,,,,,,,,,,,,,,,,,,,,,,,,,,,66x185,,,,,,,,,,,,1786457244,,,,,,,,,,,,110820,,,,,,,,,,,,,,,,,,,
48455,variation,56912362,,D-sign Rug 1D1244 Anthracite - 100x120,1,0,hidden,,D-sign Rug 1D1244 Anthracite 100x120 cm,,,taxable,parent,0,0,,0,0,,120,100,0.9,0,,,1004,,,,,,,56912359-H,,,,,,5,,,Size,100x120,,1,,,,,,,,,,,,,,,,,,,,,,,,,,,,,,,,,,,,,100x120,,,,,,,,,,,,1786456315,,,,,,,,,,,,110821,,,,,,,,,,,,,,,,,,,
48456,variation,56912364,,D-sign Rug 1D1244 Anthracite - 100x150,1,0,hidden,,D-sign Rug 1D1244 Anthracite 100x150 cm,,,taxable,parent,0,0,,0,0,,150,100,0.9,0,,,1140,,,,,,,56912359-H,,,,,,6,,,Size,100x150,,1,,,,,,,,,,,,,,,,,,,,,,,,,,,,,,,,,,,,,100x150,,,,,,,,,,,,1786456316,,,,,,,,,,,,110822,,,,,,,,,,,,,,,,,,,
48457,variation,56912361,,D-sign Rug 1D1244 Anthracite - 150x180,1,0,hidden,,D-sign Rug 1D1244 Anthracite 150x180 cm,,,taxable,parent,0,0,,0,0,,180,150,0.9,0,,,1564,,,,,,,56912359-H,,,,,,7,,,Size,150x180,,1,,,,,,,,,,,,,,,,,,,,,,,,,,,,,,,,,,,,,150x180,,,,,,,,,,,,1786456315,,,,,,,,,,,,110823,,,,,,,,,,,,,,,,,,,
48463,variation,56912363,,D-sign Rug 1D1245 Beige - 40x60,1,0,hidden,,D-sign Rug 1D1245 Beige 40x60 cm,,,taxable,parent,0,0,,0,0,,60,40,0.9,0,,,508,,,,,,,56912363-H,,,,,,1,,,Size,40x60,,1,,,,,,,,,,,,,,,,,,,,,,,,,,,,,,,,,,,,,40x60,,,,,,,,,,,,1786456316,,,,,,,,,,,,110831,,,,,,,,,,,,,,,,,,,
48464,variation,56915231,,D-sign Rug 1D1245 Beige - 50x80,1,0,hidden,,D-sign Rug 1D1245 Beige 50x80 cm,,,taxable,parent,0,0,,0,0,,80,50,0.9,0,,,604,,,,,,,56912363-H,,,,,,2,,,Size,50x80,,1,,,,,,,,,,,,,,,,,,,,,,,,,,,,,,,,,,,,,50x80,,,,,,,,,,,,1786457245,,,,,,,,,,,,110832,,,,,,,,,,,,,,,,,,,
48465,variation,56915230,,D-sign Rug 1D1245 Beige - 66x120,1,0,hidden,,D-sign Rug 1D1245 Beige 66x120 cm,,,taxable,parent,0,0,,0,0,,120,66,0.9,0,,,788,,,,,,,56912363-H,,,,,,3,,,Size,66x120,,1,,,,,,,,,,,,,,,,,,,,,,,,,,,,,,,,,,,,,66x120,,,,,,,,,,,,1786457245,,,,,,,,,,,,110833,,,,,,,,,,,,,,,,,,,
48466,variation,56915226,,D-sign Rug 1D1245 Beige - 66x185,1,0,hidden,,D-sign Rug 1D1245 Beige 66x185 cm,,,taxable,parent,0,0,,0,0,,185,66,0.9,0,,,1004,,,,,,,56912363-H,,,,,,4,,,Size,66x185,,1,,,,,,,,,,,,,,,,,,,,,,,,,,,,,,,,,,,,,66x185,,,,,,,,,,,,1786457243,,,,,,,,,,,,110834,,,,,,,,,,,,,,,,,,,
48467,variation,56915228,,D-sign Rug 1D1245 Beige - 100x120,1,0,hidden,,D-sign Rug 1D1245 Beige 100x120 cm,,,taxable,parent,0,0,,0,0,,120,100,0.9,0,,,1004,,,,,,,56912363-H,,,,,,5,,,Size,100x120,,1,,,,,,,,,,,,,,,,,,,,,,,,,,,,,,,,,,,,,100x120,,,,,,,,,,,,1786457244,,,,,,,,,,,,110835,,,,,,,,,,,,,,,,,,,
48468,variation,56915229,,D-sign Rug 1D1245 Beige - 100x150,1,0,hidden,,D-sign Rug 1D1245 Beige 100x150 cm,,,taxable,parent,0,0,,0,0,,150,100,0.9,0,,,1140,,,,,,,56912363-H,,,,,,6,,,Size,100x150,,1,,,,,,,,,,,,,,,,,,,,,,,,,,,,,,,,,,,,,100x150,,,,,,,,,,,,1786457245,,,,,,,,,,,,110836,,,,,,,,,,,,,,,,,,,
48474,variable,56912401-H,,D-sign Rug 1D1249 Grey,1,0,hidden,D-sign Rug 1D1249 Grey,D-sign Rug 1D1249 Grey,,,taxable,,0,,,0,0,,,,,0,,,,"Rooms > Balcony, Rugs > Doormat, Rooms > Entrance & Corridor, Rugs > Modern, Rugs",,,"https://rugshop.eu/wp-content/uploads/2021/10/doormat-antislip-dura-2862-outdoor-indoor-gum-grey.jpg, https://rugshop.eu/wp-content/uploads/2021/10/doormat-antislip-dura-2862-outdoor-indoor-gum-grey-1.jpg, https://rugshop.eu/wp-content/uploads/2021/10/doormat-antislip-dura-2862-outdoor-indoor-gum-grey-2.jpg, https://rugshop.eu/wp-content/uploads/2021/10/doormat-antislip-dura-2862-outdoor-indoor-gum-grey-3.jpg",,,,,,,,,1641,,,Size,"100x120, 100x150, 40x60, 50x80, 66x120, 66x185",1,1,Brand,D-sign,1,1,Color,Black-Grey,1,1,Type of color,Multicolor,1,1,Shape,Rectangular,1,1,Material,Polypropen,1,1,Weave,Machinemade,1,1,Age,New,1,1,Type of rug,Doormat,1,1,,,,,,,,,default,default,default,default,,,,,1786457292,yes,yes,,,,,,,,,,,,,,,,,,,,,,,,,,,,,
48475,variable,56912427-H,,D-sign Rug 1D1250 Green,1,0,hidden,D-sign Rug 1D1250 Green,D-sign Rug 1D1250 Green,,,taxable,,0,,,0,0,,,,,0,,,,"Rooms > Balcony, Rugs > Doormat, Rooms > Entrance & Corridor, Rugs > Modern, Rugs",,,"https://rugshop.eu/wp-content/uploads/2021/10/doormat-antislip-dura-6883-outdoor-indoor-gum-green.jpg, https://rugshop.eu/wp-content/uploads/2021/10/doormat-antislip-dura-6883-outdoor-indoor-gum-green-1.jpg, https://rugshop.eu/wp-content/uploads/2021/10/doormat-antislip-dura-6883-outdoor-indoor-gum-green-2.jpg, https://rugshop.eu/wp-content/uploads/2021/10/doormat-antislip-dura-6883-outdoor-indoor-gum-green-3.jpg",,,,,,,,,1642,,,Size,"100x120, 100x150, 40x60, 50x80, 66x120, 66x185",1,1,Brand,D-sign,1,1,Color,Green,1,1,Type of color,Singlecolor,1,1,Shape,Rectangular,1,1,Material,Polypropen,1,1,Weave,Machinemade,1,1,Age,New,1,1,Type of rug,Doormat,1,1,,,,,,,,,default,default,default,default,,,,,1786457294,yes,yes,,,,,,,,,,,,,,,,,,,,,,,,,,,,,
48476,variation,56912365,,D-sign Rug 1D1246 Brown - 40x60,1,0,hidden,,D-sign Rug 1D1246 Brown 40x60 cm,,,taxable,parent,0,0,,0,0,,60,40,0.9,0,,,508,,,,,,,56912365-H,,,,,,1,,,Size,40x60,,1,,,,,,,,,,,,,,,,,,,,,,,,,,,,,,,,,,,,,40x60,,,,,,,,,,,,1786456316,,,,,,,,,,,,110843,,,,,,,,,,,,,,,,,,,
48477,variation,56912380,,D-sign Rug 1D1246 Brown - 50x80,1,0,hidden,,D-sign Rug 1D1246 Brown 50x80 cm,,,taxable,parent,0,0,,0,0,,80,50,0.9,0,,,604,,,,,,,56912365-H,,,,,,2,,,Size,50x80,,1,,,,,,,,,,,,,,,,,,,,,,,,,,,,,,,,,,,,,50x80,,,,,,,,,,,,1786456319,,,,,,,,,,,,110844,,,,,,,,,,,,,,,,,,,
48478,variation,56912377,,D-sign Rug 1D1246 Brown - 66x120,1,0,hidden,,D-sign Rug 1D1246 Brown 66x120 cm,,,taxable,parent,0,0,,0,0,,120,66,0.9,0,,,788,,,,,,,56912365-H,,,,,,3,,,Size,66x120,,1,,,,,,,,,,,,,,,,,,,,,,,,,,,,,,,,,,,,,66x120,,,,,,,,,,,,1786456318,,,,,,,,,,,,110845,,,,,,,,,,,,,,,,,,,
48479,variation,56912376,,D-sign Rug 1D1246 Brown - 66x185,1,0,hidden,,D-sign Rug 1D1246 Brown 66x185 cm,,,taxable,parent,0,0,,0,0,,185,66,0.9,0,,,1004,,,,,,,56912365-H,,,,,,4,,,Size,66x185,,1,,,,,,,,,,,,,,,,,,,,,,,,,,,,,,,,,,,,,66x185,,,,,,,,,,,,1786456318,,,,,,,,,,,,110846,,,,,,,,,,,,,,,,,,,
48480,variation,56912381,,D-sign Rug 1D1246 Brown - 100x120,1,0,hidden,,D-sign Rug 1D1246 Brown 100x120 cm,,,taxable,parent,0,0,,0,0,,120,100,0.9,0,,,1004,,,,,,,56912365-H,,,,,,5,,,Size,100x120,,1,,,,,,,,,,,,,,,,,,,,,,,,,,,,,,,,,,,,,100x120,,,,,,,,,,,,1786456320,,,,,,,,,,,,110847,,,,,,,,,,,,,,,,,,,
48481,variation,56912378,,D-sign Rug 1D1246 Brown - 100x150,1,0,hidden,,D-sign Rug 1D1246 Brown 100x150 cm,,,taxable,parent,0,0,,0,0,,150,100,0.9,0,,,1140,,,,,,,56912365-H,,,,,,6,,,Size,100x150,,1,,,,,,,,,,,,,,,,,,,,,,,,,,,,,,,,,,,,,100x150,,,,,,,,,,,,1786456318,,,,,,,,,,,,110848,,,,,,,,,,,,,,,,,,,
48487,variation,56912379,,D-sign Rug 1D1247 Red - 40x60,1,0,hidden,,D-sign Rug 1D1247 Red 40x60 cm,,,taxable,parent,0,0,,0,0,,60,40,0.9,0,,,508,,,,,,,56912379-H,,,,,,1,,,Size,40x60,,1,,,,,,,,,,,,,,,,,,,,,,,,,,,,,,,,,,,,,40x60,,,,,,,,,,,,1786456319,,,,,,,,,,,,110855,,,,,,,,,,,,,,,,,,,
48488,variation,56915246,,D-sign Rug 1D1247 Red - 50x80,1,0,hidden,,D-sign Rug 1D1247 Red 50x80 cm,,,taxable,parent,0,0,,0,0,,80,50,0.9,0,,,604,,,,,,,56912379-H,,,,,,2,,,Size,50x80,,1,,,,,,,,,,,,,,,,,,,,,,,,,,,,,,,,,,,,,50x80,,,,,,,,,,,,1786457282,,,,,,,,,,,,110856,,,,,,,,,,,,,,,,,,,
48489,variation,56915232,,D-sign Rug 1D1247 Red - 66x120,1,0,hidden,,D-sign Rug 1D1247 Red 66x120 cm,,,taxable,parent,0,0,,0,0,,120,66,0.9,0,,,788,,,,,,,56912379-H,,,,,,3,,,Size,66x120,,1,,,,,,,,,,,,,,,,,,,,,,,,,,,,,,,,,,,,,66x120,,,,,,,,,,,,1786457246,,,,,,,,,,,,110857,,,,,,,,,,,,,,,,,,,
48490,variation,56915253,,D-sign Rug 1D1247 Red - 66x185,1,0,hidden,,D-sign Rug 1D1247 Red 66x185 cm,,,taxable,parent,0,0,,0,0,,185,66,0.9,0,,,1004,,,,,,,56912379-H,,,,,,4,,,Size,66x185,,1,,,,,,,,,,,,,,,,,,,,,,,,,,,,,,,,,,,,,66x185,,,,,,,,,,,,1786457285,,,,,,,,,,,,110858,,,,,,,,,,,,,,,,,,,
48491,variation,56915247,,D-sign Rug 1D1247 Red - 100x120,1,0,hidden,,D-sign Rug 1D1247 Red 100x120 cm,,,taxable,parent,0,0,,0,0,,120,100,0.9,0,,,1004,,,,,,,56912379-H,,,,,,5,,,Size,100x120,,1,,,,,,,,,,,,,,,,,,,,,,,,,,,,,,,,,,,,,100x120,,,,,,,,,,,,1786457283,,,,,,,,,,,,110859,,,,,,,,,,,,,,,,,,,
48492,variation,56912400,,D-sign Rug 1D1247 Red - 100x150,1,0,hidden,,D-sign Rug 1D1247 Red 100x150 cm,,,taxable,parent,0,0,,0,0,,150,100,0.9,0,,,1140,,,,,,,56912379-H,,,,,,6,,,Size,100x150,,1,,,,,,,,,,,,,,,,,,,,,,,,,,,,,,,,,,,,,100x150,,,,,,,,,,,,1786456323,,,,,,,,,,,,110860,,,,,,,,,,,,,,,,,,,
48500,variation,56912399,,D-sign Rug 1D1248 Blue - 40x60,1,0,hidden,,D-sign Rug 1D1248 Blue 40x60 cm,,,taxable,parent,0,0,,0,0,,60,40,0.9,0,,,508,,,,,,,56912399-H,,,,,,1,,,Size,40x60,,1,,,,,,,,,,,,,,,,,,,,,,,,,,,,,,,,,,,,,40x60,,,,,,,,,,,,1786456323,,,,,,,,,,,,110867,,,,,,,,,,,,,,,,,,,
48501,variation,56915251,,D-sign Rug 1D1248 Blue - 50x80,1,0,hidden,,D-sign Rug 1D1248 Blue 50x80 cm,,,taxable,parent,0,0,,0,0,,80,50,0.9,0,,,604,,,,,,,56912399-H,,,,,,2,,,Size,50x80,,1,,,,,,,,,,,,,,,,,,,,,,,,,,,,,,,,,,,,,50x80,,,,,,,,,,,,1786457285,,,,,,,,,,,,110868,,,,,,,,,,,,,,,,,,,
48502,variation,56915252,,D-sign Rug 1D1248 Blue - 66x120,1,0,hidden,,D-sign Rug 1D1248 Blue 66x120 cm,,,taxable,parent,0,0,,0,0,,120,66,0.9,0,,,788,,,,,,,56912399-H,,,,,,3,,,Size,66x120,,1,,,,,,,,,,,,,,,,,,,,,,,,,,,,,,,,,,,,,66x120,,,,,,,,,,,,1786457285,,,,,,,,,,,,110869,,,,,,,,,,,,,,,,,,,
48503,variation,56915248,,D-sign Rug 1D1248 Blue - 66x185,1,0,hidden,,D-sign Rug 1D1248 Blue 66x185 cm,,,taxable,parent,0,0,,0,0,,185,66,0.9,0,,,1004,,,,,,,56912399-H,,,,,,4,,,Size,66x185,,1,,,,,,,,,,,,,,,,,,,,,,,,,,,,,,,,,,,,,66x185,,,,,,,,,,,,1786457283,,,,,,,,,,,,110870,,,,,,,,,,,,,,,,,,,
48504,variation,56915245,,D-sign Rug 1D1248 Blue - 100x120,1,0,hidden,,D-sign Rug 1D1248 Blue 100x120 cm,,,taxable,parent,0,0,,0,0,,120,100,0.9,0,,,1004,,,,,,,56912399-H,,,,,,5,,,Size,100x120,,1,,,,,,,,,,,,,,,,,,,,,,,,,,,,,,,,,,,,,100x120,,,,,,,,,,,,1786457247,,,,,,,,,,,,110871,,,,,,,,,,,,,,,,,,,
48505,variation,56915249,,D-sign Rug 1D1248 Blue - 100x150,1,0,hidden,,D-sign Rug 1D1248 Blue 100x150 cm,,,taxable,parent,0,0,,0,0,,150,100,0.9,0,,,1140,,,,,,,56912399-H,,,,,,6,,,Size,100x150,,1,,,,,,,,,,,,,,,,,,,,,,,,,,,,,,,,,,,,,100x150,,,,,,,,,,,,1786457284,,,,,,,,,,,,110872,,,,,,,,,,,,,,,,,,,
48511,variation,56912401,,D-sign Rug 1D1249 Grey - 40x60,1,0,hidden,,D-sign Rug 1D1249 Grey 40x60 cm,,,taxable,parent,0,0,,0,0,,60,40,0.9,0,,,508,,,,,,,56912401-H,,,,,,1,,,Size,40x60,,1,,,,,,,,,,,,,,,,,,,,,,,,,,,,,,,,,,,,,40x60,,,,,,,,,,,,1786456323,,,,,,,,,,,,110879,,,,,,,,,,,,,,,,,,,
48512,variation,56915250,,D-sign Rug 1D1249 Grey - 50x80,1,0,hidden,,D-sign Rug 1D1249 Grey 50x80 cm,,,taxable,parent,0,0,,0,0,,80,50,0.9,0,,,604,,,,,,,56912401-H,,,,,,2,,,Size,50x80,,1,,,,,,,,,,,,,,,,,,,,,,,,,,,,,,,,,,,,,50x80,,,,,,,,,,,,1786457284,,,,,,,,,,,,110880,,,,,,,,,,,,,,,,,,,
48513,variation,56915254,,D-sign Rug 1D1249 Grey - 66x120,1,0,hidden,,D-sign Rug 1D1249 Grey 66x120 cm,,,taxable,parent,0,0,,0,0,,120,66,0.9,0,,,788,,,,,,,56912401-H,,,,,,3,,,Size,66x120,,1,,,,,,,,,,,,,,,,,,,,,,,,,,,,,,,,,,,,,66x120,,,,,,,,,,,,1786457286,,,,,,,,,,,,110881,,,,,,,,,,,,,,,,,,,
48514,variation,56912424,,D-sign Rug 1D1249 Grey - 66x185,1,0,hidden,,D-sign Rug 1D1249 Grey 66x185 cm,,,taxable,parent,0,0,,0,0,,185,66,0.9,0,,,1004,,,,,,,56912401-H,,,,,,4,,,Size,66x185,,1,,,,,,,,,,,,,,,,,,,,,,,,,,,,,,,,,,,,,66x185,,,,,,,,,,,,1786456352,,,,,,,,,,,,110882,,,,,,,,,,,,,,,,,,,
48515,variation,56912426,,D-sign Rug 1D1249 Grey - 100x120,1,0,hidden,,D-sign Rug 1D1249 Grey 100x120 cm,,,taxable,parent,0,0,,0,0,,120,100,0.9,0,,,1004,,,,,,,56912401-H,,,,,,5,,,Size,100x120,,1,,,,,,,,,,,,,,,,,,,,,,,,,,,,,,,,,,,,,100x120,,,,,,,,,,,,1786456353,,,,,,,,,,,,110883,,,,,,,,,,,,,,,,,,,
48516,variation,56912425,,D-sign Rug 1D1249 Grey - 100x150,1,0,hidden,,D-sign Rug 1D1249 Grey 100x150 cm,,,taxable,parent,0,0,,0,0,,150,100,0.9,0,,,1140,,,,,,,56912401-H,,,,,,6,,,Size,100x150,,1,,,,,,,,,,,,,,,,,,,,,,,,,,,,,,,,,,,,,100x150,,,,,,,,,,,,1786456353,,,,,,,,,,,,110884,,,,,,,,,,,,,,,,,,,
48523,variation,56912427,,D-sign Rug 1D1250 Green - 40x60,1,0,hidden,,D-sign Rug 1D1250 Green 40x60 cm,,,taxable,parent,0,0,,0,0,,60,40,0.9,0,,,508,,,,,,,56912427-H,,,,,,1,,,Size,40x60,,1,,,,,,,,,,,,,,,,,,,,,,,,,,,,,,,,,,,,,40x60,,,,,,,,,,,,1786456354,,,,,,,,,,,,110891,,,,,,,,,,,,,,,,,,,
48524,variation,56915289,,D-sign Rug 1D1250 Green - 50x80,1,0,hidden,,D-sign Rug 1D1250 Green 50x80 cm,,,taxable,parent,0,0,,0,0,,80,50,0.9,0,,,604,,,,,,,56912427-H,,,,,,2,,,Size,50x80,,1,,,,,,,,,,,,,,,,,,,,,,,,,,,,,,,,,,,,,50x80,,,,,,,,,,,,1786457287,,,,,,,,,,,,110892,,,,,,,,,,,,,,,,,,,
48525,variation,56915272,,D-sign Rug 1D1250 Green - 66x120,1,0,hidden,,D-sign Rug 1D1250 Green 66x120 cm,,,taxable,parent,0,0,,0,0,,120,66,0.9,0,,,788,,,,,,,56912427-H,,,,,,3,,,Size,66x120,,1,,,,,,,,,,,,,,,,,,,,,,,,,,,,,,,,,,,,,66x120,,,,,,,,,,,,1786457286,,,,,,,,,,,,110893,,,,,,,,,,,,,,,,,,,
48526,variation,56915288,,D-sign Rug 1D1250 Green - 66x185,1,0,hidden,,D-sign Rug 1D1250 Green 66x185 cm,,,taxable,parent,0,0,,0,0,,185,66,0.9,0,,,1004,,,,,,,56912427-H,,,,,,4,,,Size,66x185,,1,,,,,,,,,,,,,,,,,,,,,,,,,,,,,,,,,,,,,66x185,,,,,,,,,,,,1786457287,,,,,,,,,,,,110894,,,,,,,,,,,,,,,,,,,
48527,variation,56915282,,D-sign Rug 1D1250 Green - 100x120,1,0,hidden,,D-sign Rug 1D1250 Green 100x120 cm,,,taxable,parent,0,0,,0,0,,120,100,0.9,0,,,1004,,,,,,,56912427-H,,,,,,5,,,Size,100x120,,1,,,,,,,,,,,,,,,,,,,,,,,,,,,,,,,,,,,,,100x120,,,,,,,,,,,,1786457286,,,,,,,,,,,,110895,,,,,,,,,,,,,,,,,,,
48528,variation,56915290,,D-sign Rug 1D1250 Green - 100x150,1,0,hidden,,D-sign Rug 1D1250 Green 100x150 cm,,,taxable,parent,0,0,,0,0,,150,100,0.9,0,,,1140,,,,,,,56912427-H,,,,,,6,,,Size,100x150,,1,,,,,,,,,,,,,,,,,,,,,,,,,,,,,,,,,,,,,100x150,,,,,,,,,,,,1786457287,,,,,,,,,,,,110896,,,,,,,,,,,,,,,,,,,
48572,variable,56912448-H,,D-sign Rug 1D1257 Grey,1,0,hidden,D-sign Rug 1D1257 Grey ,D-sign Rug 1D1257 Grey ,,,taxable,,0,,,0,0,,,,,1,,,,"Rooms > Bedroom, Rooms > Living room, Rugs > Modern, Rugs",,,"https://rugshop.eu/wp-content/uploads/2021/10/carpet-sizal-floorlux-20608-moroccan-trellis-silver-black.jpg, https://rugshop.eu/wp-content/uploads/2021/10/carpet-sizal-floorlux-20608-moroccan-trellis-silver-black-1.jpg, https://rugshop.eu/wp-content/uploads/2021/10/carpet-sizal-floorlux-20608-moroccan-trellis-silver-black-2.jpg, https://rugshop.eu/wp-content/uploads/2021/10/carpet-sizal-floorlux-20608-moroccan-trellis-silver-black-3.jpg",,,,,,,,,1649,,,Size,"120x170, 140x200, 160x230, 200x290, 240x330, 60x110, 80x150",1,1,Brand,D-sign,1,1,Color,Black-Grey,1,1,Type of color,Multicolor,1,1,Shape,Rectangular,1,1,Material,Polypropen,1,1,Type of rug,Modern,1,1,Weave,Machinemade,1,1,Country,Belgium,1,1,Age,New,1,1,,,,,,,,,,,,,1786457295,yes,yes,,,,,,,,,,,,,,,,,,,,,,,,,,,,,
48573,variable,56912472-H,,D-sign Rug 1D1258 Cream,1,0,hidden,D-sign Rug 1D1258 Cream,D-sign Rug 1D1258 Cream,,,taxable,,0,,,0,0,,,,,0,,,,"Rooms > Bedroom, Rooms > Living room, Rugs > Patchwork, Rugs",,,"https://rugshop.eu/wp-content/uploads/2021/10/carpet-heos-78586-cream-blue-patchwork-lisbon-tiles.jpg, https://rugshop.eu/wp-content/uploads/2021/10/carpet-heos-78586-cream-blue-patchwork-lisbon-tiles-1.jpg, https://rugshop.eu/wp-content/uploads/2021/10/carpet-heos-78586-cream-blue-patchwork-lisbon-tiles-2.jpg, https://rugshop.eu/wp-content/uploads/2021/10/carpet-heos-78586-cream-blue-patchwork-lisbon-tiles-3.jpg",,,,,,,,,1650,,,Size,"120x170, 160x220, 190x270",1,1,Brand,D-sign,1,1,Color,White-Beige,1,1,Type of color,Multicolor,1,1,Shape,Rectangular,1,1,Material,Polypropen,1,1,Type of rug,Patchwork,1,1,Weave,Machinemade,1,1,Country,Belgium,1,1,Age,New,1,1,,,,,default,default,default,default,,,,,1786457298,yes,yes,,,,,,,,,,,,,,,,,,,,,,,,,,,,,
48574,variable,56912475-H,,D-sign Rug 1D1259 Cream,1,0,hidden,D-sign Rug 1D1259 Cream ,D-sign Rug 1D1259 Cream ,,,taxable,,0,,,0,0,,,,,1,,,,"Rooms > Bedroom, Rooms > Living room, Rugs > Modern, Rugs",,,"https://rugshop.eu/wp-content/uploads/2021/10/carpet-heos-78590-cream-silver-anthracite-cube.jpg, https://rugshop.eu/wp-content/uploads/2021/10/carpet-heos-78590-cream-silver-anthracite-cube-1.jpg, https://rugshop.eu/wp-content/uploads/2021/10/carpet-heos-78590-cream-silver-anthracite-cube-2.jpg, https://rugshop.eu/wp-content/uploads/2021/10/carpet-heos-78590-cream-silver-anthracite-cube-3.jpg",,,,,,,,,1651,,,Size,"120x170, 160x220, 190x270",1,1,Brand,D-sign,1,1,Color,White-Beige,1,1,Type of color,Multicolor,1,1,Shape,Rectangular,1,1,Material,Polypropen,1,1,Type of rug,Modern,1,1,Weave,Machinemade,1,1,Country,Belgium,1,1,Age,New,1,1,,,,,,,,,,,,,1786457300,yes,yes,,,,,,,,,,,,,,,,,,,,,,,,,,,,,
48600,variable,56912516-H,,D-sign Rug 1D1261 Grey,1,0,hidden,D-sign Rug 1D1261 Grey ,D-sign Rug 1D1261 Grey ,,,taxable,,0,,,0,0,,,,,0,,,,"Rooms > Kitchen, Rooms > Living room, Rugs > Modern, Rugs, Rugs > Sisal",,,"https://rugshop.eu/wp-content/uploads/2021/10/carpet-sisal-loft-21198-boho-circle-ivory-silver-grey.jpg, https://rugshop.eu/wp-content/uploads/2021/10/carpet-sisal-loft-21198-boho-circle-ivory-silver-grey-1.jpg, https://rugshop.eu/wp-content/uploads/2021/10/carpet-sisal-loft-21198-boho-circle-ivory-silver-grey-2.jpg, https://rugshop.eu/wp-content/uploads/2021/10/carpet-sisal-loft-21198-boho-circle-ivory-silver-grey-3.jpg",,,,,,,,,1653,,,Size,"120, 160",1,1,Brand,D-sign,1,1,Color,Black-Grey,1,1,Type of color,Multicolor,1,1,Shape,Round,1,1,Material,Polypropen,1,1,Type of rug,"Modern, Sisal",1,1,Weave,Machinemade,1,1,Age,New,1,1,,,,,,,,,default,default,default,default,,,,,1786457333,yes,yes,,,,,,,,,classic-editor,,,,,,,,,,,,,,,,,,,,
48602,variable,56912517-H,,D-sign Rug 1D1263 Grey,1,0,hidden,D-sign Rug 1D1263 Grey,D-sign Rug 1D1263 Grey,,,taxable,,0,,,0,0,,,,,0,,,,"Rooms > Kids, Rugs > Kids, Rugs",,,"https://rugshop.eu/wp-content/uploads/2021/10/modern-children-s-carpet-joy-circle-walrus-for-children-structural-two-levels-of-fleece-grey-cream.jpg, https://rugshop.eu/wp-content/uploads/2021/10/modern-children-s-carpet-joy-circle-walrus-for-children-structural-two-levels-of-fleece-grey-cream-1.jpg, https://rugshop.eu/wp-content/uploads/2021/10/modern-children-s-carpet-joy-circle-walrus-for-children-structural-two-levels-of-fleece-grey-cream-2.jpg, https://rugshop.eu/wp-content/uploads/2021/10/modern-children-s-carpet-joy-circle-walrus-for-children-structural-two-levels-of-fleece-grey-cream-3.jpg",,,,,,,,,1655,,,Size,"120, 140, 160",1,1,Brand,D-sign,1,1,Color,Black-Grey,1,1,Type of color,Multicolor,1,1,Shape,Round,1,1,Material,Polypropen,1,1,Type of rug,Modern,1,1,Weave,Machinemade,1,1,Age,New,1,1,,,,,,,,,default,default,default,default,,,,,1786457328,yes,yes,,,,,,,,,,,,,,,,,,,,,,,,,,,,,
48603,variation,56912448,,D-sign Rug 1D1257 Grey - 60x110,1,0,hidden,,D-sign Rug 1D1257 Grey 60x110 cm,,,taxable,parent,0,0,,0,0,,110,60,0.6,0,,,604,,,,,,,56912448-H,,,,,,1,,,Size,60x110,,1,,,,,,,,,,,,,,,,,,,,,,,,,,,,,,,,,,,,,60x110,,,,,,,,,,,,1786456358,,,,,,,,,,,,110987,,,,,,,,,,,,,,,,,,,
48604,variation,56915297,,D-sign Rug 1D1257 Grey - 80x150,1,0,hidden,,D-sign Rug 1D1257 Grey 80x150 cm,,,taxable,parent,0,0,,0,0,,150,80,0.6,0,,,764,,,,,,,56912448-H,,,,,,2,,,Size,80x150,,1,,,,,,,,,,,,,,,,,,,,,,,,,,,,,,,,,,,,,80x150,,,,,,,,,,,,1786457287,,,,,,,,,,,,110988,,,,,,,,,,,,,,,,,,,
48605,variation,56915283,,D-sign Rug 1D1257 Grey - 120x170,1,0,hidden,,D-sign Rug 1D1257 Grey 120x170 cm,,,taxable,parent,0,0,,0,0,,170,120,0.6,0,,,996,,,,,,,56912448-H,,,,,,3,,,Size,120x170,,1,,,,,,,,,,,,,,,,,,,,,,,,,,,,,,,,,,,,,120x170,,,,,,,,,,,,1786457286,,,,,,,,,,,,110985,,,,,,,,,,,,,,,,,,,
48606,variation,56915296,,D-sign Rug 1D1257 Grey - 140x200,1,0,hidden,,D-sign Rug 1D1257 Grey 140x200 cm,,,taxable,parent,0,0,,0,0,,200,140,0.6,0,,,1236,,,,,,,56912448-H,,,,,,4,,,Size,140x200,,1,,,,,,,,,,,,,,,,,,,,,,,,,,,,,,,,,,,,,140x200,,,,,,,,,,,,1786457287,,,,,,,,,,,,110986,,,,,,,,,,,,,,,,,,,
48607,variation,56915298,,D-sign Rug 1D1257 Grey - 160x230,1,0,hidden,,D-sign Rug 1D1257 Grey 160x230 cm,,,taxable,parent,0,0,,0,0,,230,160,0.6,0,,,1516,,,,,,,56912448-H,,,,,,5,,,Size,160x230,,1,,,,,,,,,,,,,,,,,,,,,,,,,,,,,,,,,,,,,160x230,,,,,,,,,,,,1786457287,,,,,,,,,,,,110989,,,,,,,,,,,,,,,,,,,
48608,variation,56915303,,D-sign Rug 1D1257 Grey - 200x290,1,0,hidden,,D-sign Rug 1D1257 Grey 200x290 cm,,,taxable,parent,0,0,,0,0,,290,200,0.6,0,,,2172,,,,,,,56912448-H,,,,,,6,,,Size,200x290,,1,,,,,,,,,,,,,,,,,,,,,,,,,,,,,,,,,,,,,200x290,,,,,,,,,,,,1786457288,,,,,,,,,,,,110990,,,,,,,,,,,,,,,,,,,
48609,variation,56912473,,D-sign Rug 1D1257 Grey - 240x330,1,0,hidden,,D-sign Rug 1D1257 Grey 240x330 cm,,,taxable,parent,0,0,,0,0,,330,240,0.6,0,,,2828,,,,,,,56912448-H,,,,,,7,,,Size,240x330,,1,,,,,,,,,,,,,,,,,,,,,,,,,,,,,,,,,,,,,240x330,,,,,,,,,,,,1786456363,,,,,,,,,,,,110991,,,,,,,,,,,,,,,,,,,
48615,variation,56912472,,D-sign Rug 1D1258 Cream - 120x170,1,0,hidden,,D-sign Rug 1D1258 Cream 120x170 cm,,,taxable,parent,0,0,,0,0,,170,120,0.8,0,,,1276,,,,,,,56912472-H,,,,,,1,,,Size,120x170,,1,,,,,,,,,,,,,,,,,,,,,,,,,,,,,,,,,,,,,120x170,,,,,,,,,,,,1786456362,,,,,,,,,,,,110992,,,,,,,,,,,,,,,,,,,
48616,variation,56915316,,D-sign Rug 1D1258 Cream - 160x220,1,0,hidden,,D-sign Rug 1D1258 Cream 160x220 cm,,,taxable,parent,0,0,,0,0,,220,160,0.8,0,,,1892,,,,,,,56912472-H,,,,,,2,,,Size,160x220,,1,,,,,,,,,,,,,,,,,,,,,,,,,,,,,,,,,,,,,160x220,,,,,,,,,,,,1786457288,,,,,,,,,,,,110993,,,,,,,,,,,,,,,,,,,
48617,variation,56915320,,D-sign Rug 1D1258 Cream - 190x270,1,0,hidden,,D-sign Rug 1D1258 Cream 190x270 cm,,,taxable,parent,0,0,,0,0,,270,190,0.8,0,,,2596,,,,,,,56912472-H,,,,,,3,,,Size,190x270,,1,,,,,,,,,,,,,,,,,,,,,,,,,,,,,,,,,,,,,190x270,,,,,,,,,,,,1786457288,,,,,,,,,,,,110994,,,,,,,,,,,,,,,,,,,
48623,variable,56912518-H,,D-sign Rug 1D1264 Cream,1,0,hidden,D-sign Rug 1D1264 Cream,D-sign Rug 1D1264 Cream,,,taxable,,0,,,0,0,,,,,0,,,,"Rooms > Kids, Rugs > Kids, Rugs",,,"https://rugshop.eu/wp-content/uploads/2021/10/modern-children-s-carpet-joy-circle-sheep-for-children-structural-two-levels-of-fleece-cream-black.jpg, https://rugshop.eu/wp-content/uploads/2021/10/modern-children-s-carpet-joy-circle-sheep-for-children-structural-two-levels-of-fleece-cream-black-1.jpg, https://rugshop.eu/wp-content/uploads/2021/10/modern-children-s-carpet-joy-circle-sheep-for-children-structural-two-levels-of-fleece-cream-black-2.jpg, https://rugshop.eu/wp-content/uploads/2021/10/modern-children-s-carpet-joy-circle-sheep-for-children-structural-two-levels-of-fleece-cream-black-3.jpg",,,,,,,,,1656,,,Size,"120, 140, 160",1,1,Brand,D-sign,1,1,Color,White-Beige,1,1,Type of color,Multicolor,1,1,Shape,Round,1,1,Material,Polypropen,1,1,Type of rug,Modern,1,1,Weave,Machinemade,1,1,Age,New,1,1,,,,,,,,,default,default,default,default,,,,,1786457336,yes,yes,,,,,,,,,,,,,,,,,,,,,,,,,,,,,
48624,variable,56912488-H,,D-sign Rug 1D1265 Cream,1,0,hidden,D-sign Rug 1D1265 Cream,D-sign Rug 1D1265 Cream,,,taxable,,0,,,0,0,,,,,0,,,,"Rooms > Kids, Rugs > Kids, Rugs",,,"https://rugshop.eu/wp-content/uploads/2021/10/modern-children-s-carpet-joy-circle-teddy-bear-for-children-structural-two-levels-of-fleece-cream-black.jpg, https://rugshop.eu/wp-content/uploads/2021/10/modern-children-s-carpet-joy-circle-teddy-bear-for-children-structural-two-levels-of-fleece-cream-black-1.jpg, https://rugshop.eu/wp-content/uploads/2021/10/modern-children-s-carpet-joy-circle-teddy-bear-for-children-structural-two-levels-of-fleece-cream-black-2.jpg, https://rugshop.eu/wp-content/uploads/2021/10/modern-children-s-carpet-joy-circle-teddy-bear-for-children-structural-two-levels-of-fleece-cream-black-3.jpg",,,,,,,,,1657,,,Size,"120, 140, 160",1,1,Brand,D-sign,1,1,Color,White-Beige,1,1,Type of color,Multicolor,1,1,Shape,Round,1,1,Material,Polypropen,1,1,Type of rug,Modern,1,1,Weave,Machinemade,1,1,Age,New,1,1,,,,,,,,,default,default,default,default,,,,,1786457304,yes,yes,,,,,,,,,,,,,,,,,,,,,,,,,,,,,
48626,variation,56912475,,D-sign Rug 1D1259 Cream - 120x170,1,0,hidden,,D-sign Rug 1D1259 Cream 120x170 cm,,,taxable,parent,0,0,,0,0,,170,120,0.8,0,,,1276,,,,,,,56912475-H,,,,,,1,,,Size,120x170,,1,,,,,,,,,,,,,,,,,,,,,,,,,,,,,,,,,,,,,120x170,,,,,,,,,,,,1786456363,,,,,,,,,,,,111046,,,,,,,,,,,,,,,,,,,
48627,variation,56915325,,D-sign Rug 1D1259 Cream - 160x220,1,0,hidden,,D-sign Rug 1D1259 Cream 160x220 cm,,,taxable,parent,0,0,,0,0,,220,160,0.8,0,,,1892,,,,,,,56912475-H,,,,,,2,,,Size,160x220,,1,,,,,,,,,,,,,,,,,,,,,,,,,,,,,,,,,,,,,160x220,,,,,,,,,,,,1786457289,,,,,,,,,,,,111047,,,,,,,,,,,,,,,,,,,
48628,variation,56915319,,D-sign Rug 1D1259 Cream - 190x270,1,0,hidden,,D-sign Rug 1D1259 Cream 190x270 cm,,,taxable,parent,0,0,,0,0,,270,190,0.8,0,,,2596,,,,,,,56912475-H,,,,,,3,,,Size,190x270,,1,,,,,,,,,,,,,,,,,,,,,,,,,,,,,,,,,,,,,190x270,,,,,,,,,,,,1786457288,,,,,,,,,,,,111048,,,,,,,,,,,,,,,,,,,
48642,variable,56912489-H,,D-sign Rug 1D1267 Beige,1,0,hidden,D-sign Rug 1D1267 Beige,D-sign Rug 1D1267 Beige,,,taxable,,0,,,0,0,,,,,0,,,,"Rooms > Kids, Rugs > Kids, Rugs",,,"https://rugshop.eu/wp-content/uploads/2021/10/modern-children-s-carpet-joy-circle-crown-for-children-structural-two-levels-of-fleece-beige-cream.jpg, https://rugshop.eu/wp-content/uploads/2021/10/modern-children-s-carpet-joy-circle-crown-for-children-structural-two-levels-of-fleece-beige-cream-1.jpg, https://rugshop.eu/wp-content/uploads/2021/10/modern-children-s-carpet-joy-circle-crown-for-children-structural-two-levels-of-fleece-beige-cream-2.jpg, https://rugshop.eu/wp-content/uploads/2021/10/modern-children-s-carpet-joy-circle-crown-for-children-structural-two-levels-of-fleece-beige-cream-3.jpg",,,,,,,,,1659,,,Size,"120, 140, 160",1,1,Brand,D-sign,1,1,Color,White-Beige,1,1,Type of color,Multicolor,1,1,Shape,Round,1,1,Material,Polypropen,1,1,Type of rug,Modern,1,1,Weave,Machinemade,1,1,Age,New,1,1,,,,,,,,,default,default,default,default,,,,,1786457306,yes,yes,,,,,,,,,,,,,,,,,,,,,,,,,,,,,
48643,variable,56912532-H,,D-sign Rug 1D1268 Grey,1,0,hidden,D-sign Rug 1D1268 Grey,D-sign Rug 1D1268 Grey,,,taxable,,0,,,0,0,,,,,0,,,,"Rooms > Kids, Rugs > Kids, Rugs",,,"https://rugshop.eu/wp-content/uploads/2021/10/modern-children-s-carpet-joy-circle-fox-for-children-structural-two-levels-of-fleece-grey-cream.jpg, https://rugshop.eu/wp-content/uploads/2021/10/modern-children-s-carpet-joy-circle-fox-for-children-structural-two-levels-of-fleece-grey-cream-1.jpg, https://rugshop.eu/wp-content/uploads/2021/10/modern-children-s-carpet-joy-circle-fox-for-children-structural-two-levels-of-fleece-grey-cream-2.jpg, https://rugshop.eu/wp-content/uploads/2021/10/modern-children-s-carpet-joy-circle-fox-for-children-structural-two-levels-of-fleece-grey-cream-3.jpg",,,,,,,,,1660,,,Size,"120, 140, 160",1,1,Brand,D-sign,1,1,Color,Black-Grey,1,1,Type of color,Multicolor,1,1,Shape,Round,1,1,Material,Polypropen,1,1,Type of rug,Modern,1,1,Weave,Machinemade,1,1,Age,New,1,1,,,,,,,,,default,default,default,default,,,,,1786457326,yes,yes,,,,,,,,,,,,,,,,,,,,,,,,,,,,,
48644,variation,56912516,,D-sign Rug 1D1261 Grey - 120,1,0,hidden,,D-sign Rug 1D1261 Grey 120 cm,,,taxable,parent,0,0,,0,0,,120,120,0.6,0,,,956,,,,,,,56912516-H,,,,,,1,,,Size,120,,1,,,,,,,,,,,,,,,,,,,,,,,,,,,,,,,,,,,,,120,,,,,,,,,,,,1786456415,,,,,,,,,,,,111054,,,,,,,,,,,,,,,,,,,
48645,variation,56915368,,D-sign Rug 1D1261 Grey - 160,1,0,hidden,,D-sign Rug 1D1261 Grey 160 cm,,,taxable,parent,0,0,,0,0,,160,160,0.6,0,,,1380,,,,,,,56912516-H,,,,,,2,,,Size,160,,1,,,,,,,,,,,,,,,,,,,,,,,,,,,,,,,,,,,,,160,,,,,,,,,,,,1786457314,,,,,,,,,,,,111055,,,,,,,,,,,,,,,,,,,
48660,variable,56912531-H,,D-sign Rug 1D1270 Grey,1,0,hidden,D-sign Rug 1D1270 Grey,D-sign Rug 1D1270 Grey,,,taxable,,0,,,0,0,,,,,0,,,,"Rooms > Kids, Rugs > Kids, Rugs",,,"https://rugshop.eu/wp-content/uploads/2021/10/modern-children-s-carpet-joy-circle-panda-for-children-structural-two-levels-of-fleece-grey-cream.jpg, https://rugshop.eu/wp-content/uploads/2021/10/modern-children-s-carpet-joy-circle-panda-for-children-structural-two-levels-of-fleece-grey-cream-1.jpg, https://rugshop.eu/wp-content/uploads/2021/10/modern-children-s-carpet-joy-circle-panda-for-children-structural-two-levels-of-fleece-grey-cream-2.jpg, https://rugshop.eu/wp-content/uploads/2021/10/modern-children-s-carpet-joy-circle-panda-for-children-structural-two-levels-of-fleece-grey-cream-3.jpg",,,,,,,,,1662,,,Size,"120, 140, 160",1,1,Brand,D-sign,1,1,Color,Black-Grey,1,1,Type of color,Multicolor,1,1,Shape,Round,1,1,Material,Polypropen,1,1,Type of rug,Modern,1,1,Weave,Machinemade,1,1,Age,New,1,1,,,,,,,,,default,default,default,default,,,,,1786457344,yes,yes,,,,,,,,,,,,,,,,,,,,,,,,,,,,,
48661,variation,56912517,,D-sign Rug 1D1263 Grey - 120,1,0,hidden,,D-sign Rug 1D1263 Grey 120 cm,,,taxable,parent,0,0,,0,0,,120,120,1.5,0,,,1236,,,,,,,56912517-H,,,,,,1,,,Size,120,,1,,,,,,,,,,,,,,,,,,,,,,,,,,,,,,,,,,,,,120,,,,,,,,,,,,1786456416,,,,,,,,,,,,111132,,,,,,,,,,,,,,,,,,,
48662,variation,56915367,,D-sign Rug 1D1263 Grey - 140,1,0,hidden,,D-sign Rug 1D1263 Grey 140 cm,,,taxable,parent,0,0,,0,0,,140,140,1.5,0,,,1540,,,,,,,56912517-H,,,,,,2,,,Size,140,,1,,,,,,,,,,,,,,,,,,,,,,,,,,,,,,,,,,,,,140,,,,,,,,,,,,1786457313,,,,,,,,,,,,111133,,,,,,,,,,,,,,,,,,,
48663,variation,56915365,,D-sign Rug 1D1263 Grey - 160,1,0,hidden,,D-sign Rug 1D1263 Grey 160 cm,,,taxable,parent,0,0,,0,0,,160,160,1.5,0,,,1868,,,,,,,56912517-H,,,,,,3,,,Size,160,,1,,,,,,,,,,,,,,,,,,,,,,,,,,,,,,,,,,,,,160,,,,,,,,,,,,1786457312,,,,,,,,,,,,111134,,,,,,,,,,,,,,,,,,,
48669,variation,56912518,,D-sign Rug 1D1264 Cream - 120,1,0,hidden,,D-sign Rug 1D1264 Cream 120 cm,,,taxable,parent,0,0,,0,0,,120,120,1.5,0,,,1236,,,,,,,56912518-H,,,,,,1,,,Size,120,,1,,,,,,,,,,,,,,,,,,,,,,,,,,,,,,,,,,,,,120,,,,,,,,,,,,1786456416,,,,,,,,,,,,111138,,,,,,,,,,,,,,,,,,,
48670,variation,56915369,,D-sign Rug 1D1264 Cream - 140,1,0,hidden,,D-sign Rug 1D1264 Cream 140 cm,,,taxable,parent,0,0,,0,0,,140,140,1.5,0,,,1540,,,,,,,56912518-H,,,,,,2,,,Size,140,,1,,,,,,,,,,,,,,,,,,,,,,,,,,,,,,,,,,,,,140,,,,,,,,,,,,1786457314,,,,,,,,,,,,111139,,,,,,,,,,,,,,,,,,,
48671,variation,56915344,,D-sign Rug 1D1264 Cream - 160,1,0,hidden,,D-sign Rug 1D1264 Cream 160 cm,,,taxable,parent,0,0,,0,0,,160,160,1.5,0,,,1868,,,,,,,56912518-H,,,,,,3,,,Size,160,,1,,,,,,,,,,,,,,,,,,,,,,,,,,,,,,,,,,,,,160,,,,,,,,,,,,1786457289,,,,,,,,,,,,111140,,,,,,,,,,,,,,,,,,,
48677,variable,56912533-H,,D-sign Rug 1D1271 Black,1,0,hidden,D-sign Rug 1D1271 Black,D-sign Rug 1D1271 Black,,,taxable,,0,,,0,0,,,,,0,,,,"Rooms > Kids, Rugs > Kids, Rugs",,,"https://rugshop.eu/wp-content/uploads/2021/10/modern-children-s-carpet-joy-circle-santa-claus-for-children-structural-two-levels-of-fleece-black-cream.jpg, https://rugshop.eu/wp-content/uploads/2021/10/modern-children-s-carpet-joy-circle-santa-claus-for-children-structural-two-levels-of-fleece-black-cream-1.jpg, https://rugshop.eu/wp-content/uploads/2021/10/modern-children-s-carpet-joy-circle-santa-claus-for-children-structural-two-levels-of-fleece-black-cream-2.jpg, https://rugshop.eu/wp-content/uploads/2021/10/modern-children-s-carpet-joy-circle-santa-claus-for-children-structural-two-levels-of-fleece-black-cream-3.jpg",,,,,,,,,1663,,,Size,"120, 140, 160",1,1,Brand,D-sign,1,1,Color,Black-Grey,1,1,Type of color,Multicolor,1,1,Shape,Round,1,1,Material,Polypropen,1,1,Type of rug,Modern,1,1,Weave,Machinemade,1,1,Age,New,1,1,,,,,,,,,default,default,default,default,,,,,1786456452,yes,yes,,,,,,,,,,,,,,,,,,,,,,,,,,,,,
48678,variable,56912573-H,,D-sign Rug 1D1272 Black,1,0,hidden,D-sign Rug 1D1272 Black,D-sign Rug 1D1272 Black,,,taxable,,0,,,0,0,,,,,0,,,,"Rooms > Kids, Rugs > Kids, Rugs",,,"https://rugshop.eu/wp-content/uploads/2021/10/modern-children-s-carpet-joy-circle-snowman-for-children-structural-two-levels-of-fleece-black-cream.jpg, https://rugshop.eu/wp-content/uploads/2021/10/modern-children-s-carpet-joy-circle-snowman-for-children-structural-two-levels-of-fleece-black-cream-1.jpg, https://rugshop.eu/wp-content/uploads/2021/10/modern-children-s-carpet-joy-circle-snowman-for-children-structural-two-levels-of-fleece-black-cream-2.jpg, https://rugshop.eu/wp-content/uploads/2021/10/modern-children-s-carpet-joy-circle-snowman-for-children-structural-two-levels-of-fleece-black-cream-3.jpg",,,,,,,,,1664,,,Size,"120, 140, 160",1,1,Brand,D-sign,1,1,Color,Black-Grey,1,1,Type of color,Multicolor,1,1,Shape,Round,1,1,Material,Polypropen,1,1,Type of rug,Modern,1,1,Weave,Machinemade,1,1,Age,New,1,1,,,,,,,,,default,default,default,default,,,,,1786457351,yes,yes,,,,,,,,,,,,,,,,,,,,,,,,,,,,,
48679,variation,56912488,,D-sign Rug 1D1265 Cream - 120,1,0,hidden,,D-sign Rug 1D1265 Cream 120 cm,,,taxable,parent,0,0,,0,0,,120,120,1.5,0,,,1236,,,,,,,56912488-H,,,,,,1,,,Size,120,,1,,,,,,,,,,,,,,,,,,,,,,,,,,,,,,,,,,,,,120,,,,,,,,,,,,1786456364,,,,,,,,,,,,111141,,,,,,,,,,,,,,,,,,,
48680,variation,56915342,,D-sign Rug 1D1265 Cream - 140,1,0,hidden,,D-sign Rug 1D1265 Cream 140 cm,,,taxable,parent,0,0,,0,0,,140,140,1.5,0,,,1540,,,,,,,56912488-H,,,,,,2,,,Size,140,,1,,,,,,,,,,,,,,,,,,,,,,,,,,,,,,,,,,,,,140,,,,,,,,,,,,1786457289,,,,,,,,,,,,111142,,,,,,,,,,,,,,,,,,,
48681,variation,56915349,,D-sign Rug 1D1265 Cream - 160,1,0,hidden,,D-sign Rug 1D1265 Cream 160 cm,,,taxable,parent,0,0,,0,0,,160,160,1.5,0,,,1868,,,,,,,56912488-H,,,,,,3,,,Size,160,,1,,,,,,,,,,,,,,,,,,,,,,,,,,,,,,,,,,,,,160,,,,,,,,,,,,1786457290,,,,,,,,,,,,111143,,,,,,,,,,,,,,,,,,,
48695,variable,56912574-H,,D-sign Rug 1D1273 Beige,1,0,hidden,D-sign Rug 1D1273 Beige,D-sign Rug 1D1273 Beige,,,taxable,,0,,,0,0,,,,,0,,,,"Rooms > Kids, Rugs > Kids, Rugs",,,"https://rugshop.eu/wp-content/uploads/2021/10/modern-children-s-carpet-joy-crown-for-children-structural-two-levels-of-fleece-beige-cream.jpg, https://rugshop.eu/wp-content/uploads/2021/10/modern-children-s-carpet-joy-crown-for-children-structural-two-levels-of-fleece-beige-cream-1.jpg, https://rugshop.eu/wp-content/uploads/2021/10/modern-children-s-carpet-joy-crown-for-children-structural-two-levels-of-fleece-beige-cream-2.jpg, https://rugshop.eu/wp-content/uploads/2021/10/modern-children-s-carpet-joy-crown-for-children-structural-two-levels-of-fleece-beige-cream-3.jpg",,,,,,,,,1665,,,Size,"120x170, 140x190, 160x220",1,1,Brand,D-sign,1,1,Color,White-Beige,1,1,Type of color,Multicolor,1,1,Shape,Rectangular,1,1,Material,Polypropen,1,1,Type of rug,Modern,1,1,Weave,Machinemade,1,1,Age,New,1,1,,,,,,,,,default,default,default,default,,,,,1786456477,yes,yes,,,,,,,,,,,,,,,,,,,,,,,,,,,,,
48696,variable,56912575-H,,D-sign Rug 1D1274 Grey,1,0,hidden,D-sign Rug 1D1274 Grey,D-sign Rug 1D1274 Grey,,,taxable,,0,,,0,0,,,,,0,,,,"Rooms > Kids, Rugs > Kids, Rugs",,,"https://rugshop.eu/wp-content/uploads/2021/10/modern-children-s-carpet-joy-fox-for-children-structural-two-levels-of-fleece-grey-cream.jpg, https://rugshop.eu/wp-content/uploads/2021/10/modern-children-s-carpet-joy-fox-for-children-structural-two-levels-of-fleece-grey-cream-1.jpg, https://rugshop.eu/wp-content/uploads/2021/10/modern-children-s-carpet-joy-fox-for-children-structural-two-levels-of-fleece-grey-cream-2.jpg, https://rugshop.eu/wp-content/uploads/2021/10/modern-children-s-carpet-joy-fox-for-children-structural-two-levels-of-fleece-grey-cream-3.jpg",,,,,,,,,1666,,,Size,"120x170, 140x190, 160x220",1,1,Brand,D-sign,1,1,Color,Black-Grey,1,1,Type of color,Multicolor,1,1,Shape,Rectangular,1,1,Material,Polypropen,1,1,Type of rug,Modern,1,1,Weave,Machinemade,1,1,Age,New,1,1,,,,,,,,,default,default,default,default,,,,,1786457345,yes,yes,,,,,,,,,,,,,,,,,,,,,,,,,,,,,
48697,variation,56912489,,D-sign Rug 1D1267 Beige - 120,1,0,hidden,,D-sign Rug 1D1267 Beige 120 cm,,,taxable,parent,0,0,,0,0,,120,120,1.5,0,,,1236,,,,,,,56912489-H,,,,,,1,,,Size,120,,1,,,,,,,,,,,,,,,,,,,,,,,,,,,,,,,,,,,,,120,,,,,,,,,,,,1786456365,,,,,,,,,,,,111150,,,,,,,,,,,,,,,,,,,
48698,variation,56915350,,D-sign Rug 1D1267 Beige - 140,1,0,hidden,,D-sign Rug 1D1267 Beige 140 cm,,,taxable,parent,0,0,,0,0,,140,140,1.5,0,,,1540,,,,,,,56912489-H,,,,,,2,,,Size,140,,1,,,,,,,,,,,,,,,,,,,,,,,,,,,,,,,,,,,,,140,,,,,,,,,,,,,,,,,,,,,,,,111151,,,,,,,,,,,,,,,,,,,
48699,variation,56915346,,D-sign Rug 1D1267 Beige - 160,1,0,hidden,,D-sign Rug 1D1267 Beige 160 cm,,,taxable,parent,0,0,,0,0,,160,160,1.5,0,,,1868,,,,,,,56912489-H,,,,,,3,,,Size,160,,1,,,,,,,,,,,,,,,,,,,,,,,,,,,,,,,,,,,,,160,,,,,,,,,,,,1786457289,,,,,,,,,,,,111152,,,,,,,,,,,,,,,,,,,
48705,variation,56912532,,D-sign Rug 1D1268 Grey - 120,1,0,hidden,,D-sign Rug 1D1268 Grey 120 cm,,,taxable,parent,0,0,,0,0,,120,120,1.5,0,,,1236,,,,,,,56912532-H,,,,,,1,,,Size,120,,1,,,,,,,,,,,,,,,,,,,,,,,,,,,,,,,,,,,,,120,,,,,,,,,,,,1786456421,,,,,,,,,,,,111153,,,,,,,,,,,,,,,,,,,
48706,variation,56915387,,D-sign Rug 1D1268 Grey - 140,1,0,hidden,,D-sign Rug 1D1268 Grey 140 cm,,,taxable,parent,0,0,,0,0,,140,140,1.5,0,,,1540,,,,,,,56912532-H,,,,,,2,,,Size,140,,1,,,,,,,,,,,,,,,,,,,,,,,,,,,,,,,,,,,,,140,,,,,,,,,,,,,,,,,,,,,,,,111154,,,,,,,,,,,,,,,,,,,
48707,variation,56915363,,D-sign Rug 1D1268 Grey - 160,1,0,hidden,,D-sign Rug 1D1268 Grey 160 cm,,,taxable,parent,0,0,,0,0,,160,160,1.5,0,,,1868,,,,,,,56912532-H,,,,,,3,,,Size,160,,1,,,,,,,,,,,,,,,,,,,,,,,,,,,,,,,,,,,,,160,,,,,,,,,,,,1786457312,,,,,,,,,,,,111155,,,,,,,,,,,,,,,,,,,
48714,variable,56912546-H,,D-sign Rug 1D1276 Cream,1,0,hidden,D-sign Rug 1D1276 Cream,D-sign Rug 1D1276 Cream,,,taxable,,0,,,0,0,,,,,0,,,,"Rooms > Kids, Rugs > Kids, Rugs",,,"https://rugshop.eu/wp-content/uploads/2021/10/modern-children-s-carpet-joy-sheep-for-children-structural-two-levels-of-fleece-cream-black.jpg, https://rugshop.eu/wp-content/uploads/2021/10/modern-children-s-carpet-joy-sheep-for-children-structural-two-levels-of-fleece-cream-black-1.jpg, https://rugshop.eu/wp-content/uploads/2021/10/modern-children-s-carpet-joy-sheep-for-children-structural-two-levels-of-fleece-cream-black-2.jpg, https://rugshop.eu/wp-content/uploads/2021/10/modern-children-s-carpet-joy-sheep-for-children-structural-two-levels-of-fleece-cream-black-3.jpg",,,,,,,,,1668,,,Size,"120x170, 140x190, 160x220",1,1,Brand,D-sign,1,1,Color,White-Beige,1,1,Type of color,Multicolor,1,1,Shape,Rectangular,1,1,Material,Polypropen,1,1,Type of rug,Modern,1,1,Weave,Machinemade,1,1,Age,New,1,1,,,,,,,,,default,default,default,default,,,,,1786457339,yes,yes,,,,,,,,,,,,,,,,,,,,,,,,,,,,,
48723,variation,56912531,,D-sign Rug 1D1270 Grey - 120,1,0,hidden,,D-sign Rug 1D1270 Grey 120 cm,,,taxable,parent,0,0,,0,0,,120,120,1.5,0,,,1236,,,,,,,56912531-H,,,,,,1,,,Size,120,,1,,,,,,,,,,,,,,,,,,,,,,,,,,,,,,,,,,,,,120,,,,,,,,,,,,1786456420,,,,,,,,,,,,111159,,,,,,,,,,,,,,,,,,,
48724,variation,56915384,,D-sign Rug 1D1270 Grey - 140,1,0,hidden,,D-sign Rug 1D1270 Grey 140 cm,,,taxable,parent,0,0,,0,0,,140,140,1.5,0,,,1540,,,,,,,56912531-H,,,,,,2,,,Size,140,,1,,,,,,,,,,,,,,,,,,,,,,,,,,,,,,,,,,,,,140,,,,,,,,,,,,1786457315,,,,,,,,,,,,111160,,,,,,,,,,,,,,,,,,,
48725,variation,56915383,,D-sign Rug 1D1270 Grey - 160,1,0,hidden,,D-sign Rug 1D1270 Grey 160 cm,,,taxable,parent,0,0,,0,0,,160,160,1.5,0,,,1868,,,,,,,56912531-H,,,,,,3,,,Size,160,,1,,,,,,,,,,,,,,,,,,,,,,,,,,,,,,,,,,,,,160,,,,,,,,,,,,1786457315,,,,,,,,,,,,111161,,,,,,,,,,,,,,,,,,,
48731,variable,56912547-H,,D-sign Rug 1D1277 Black,1,0,hidden,D-sign Rug 1D1277 Black,D-sign Rug 1D1277 Black,,,taxable,,0,,,0,0,,,,,0,,,,"Rooms > Kids, Rugs > Kids, Rugs",,,"https://rugshop.eu/wp-content/uploads/2021/10/modern-children-s-carpet-joy-snowman-for-children-structural-two-levels-of-fleece-black-cream.jpg, https://rugshop.eu/wp-content/uploads/2021/10/modern-children-s-carpet-joy-snowman-for-children-structural-two-levels-of-fleece-black-cream-1.jpg, https://rugshop.eu/wp-content/uploads/2021/10/modern-children-s-carpet-joy-snowman-for-children-structural-two-levels-of-fleece-black-cream-2.jpg, https://rugshop.eu/wp-content/uploads/2021/10/modern-children-s-carpet-joy-snowman-for-children-structural-two-levels-of-fleece-black-cream-3.jpg",,,,,,,,,1669,,,Size,"120x170, 140x190, 160x220",1,1,Brand,D-sign,1,1,Color,Black-Grey,1,1,Type of color,Multicolor,1,1,Shape,Rectangular,1,1,Material,Polypropen,1,1,Type of rug,Modern,1,1,Weave,Machinemade,1,1,Age,New,1,1,,,,,,,,,default,default,default,default,,,,,1786457346,yes,yes,,,,,,,,,,,,,,,,,,,,,,,,,,,,,
48732,variable,56912503-H,,D-sign Rug 1D1278 Grey,1,0,hidden,D-sign Rug 1D1278 Grey,D-sign Rug 1D1278 Grey,,,taxable,,0,,,0,0,,,,,0,,,,"Rooms > Kids, Rugs > Kids, Rugs",,,"https://rugshop.eu/wp-content/uploads/2021/10/modern-children-s-carpet-joy-moon-for-children-structural-two-levels-of-fleece-grey-cream.jpg, https://rugshop.eu/wp-content/uploads/2021/10/modern-children-s-carpet-joy-moon-for-children-structural-two-levels-of-fleece-grey-cream-1.jpg, https://rugshop.eu/wp-content/uploads/2021/10/modern-children-s-carpet-joy-moon-for-children-structural-two-levels-of-fleece-grey-cream-2.jpg, https://rugshop.eu/wp-content/uploads/2021/10/modern-children-s-carpet-joy-moon-for-children-structural-two-levels-of-fleece-grey-cream-3.jpg",,,,,,,,,1670,,,Size,"120x170, 140x190, 160x220",1,1,Brand,D-sign,1,1,Color,Black-Grey,1,1,Type of color,Multicolor,1,1,Shape,Rectangular,1,1,Material,Polypropen,1,1,Type of rug,Modern,1,1,Weave,Machinemade,1,1,Age,New,1,1,,,,,,,,,default,default,default,default,,,,,1786457323,yes,yes,,,,,,,,,,,,,,,,,,,,,,,,,,,,,
48733,variation,56912533,,D-sign Rug 1D1271 Black - 120,1,0,hidden,,D-sign Rug 1D1271 Black 120 cm,,,taxable,parent,0,0,,0,0,,120,120,1.5,0,,,1236,,,,,,,56912533-H,,,,,,1,,,Size,120,,1,,,,,,,,,,,,,,,,,,,,,,,,,,,,,,,,,,,,,120,,,,,,,,,,,,1786456422,,,,,,,,,,,,111166,,,,,,,,,,,,,,,,,,,
48734,variation,56912572,,D-sign Rug 1D1271 Black - 140,1,0,hidden,,D-sign Rug 1D1271 Black 140 cm,,,taxable,parent,0,0,,0,0,,140,140,1.5,0,,,1540,,,,,,,56912533-H,,,,,,2,,,Size,140,,1,,,,,,,,,,,,,,,,,,,,,,,,,,,,,,,,,,,,,140,,,,,,,,,,,,1786456427,,,,,,,,,,,,111167,,,,,,,,,,,,,,,,,,,
48735,variation,56912576,,D-sign Rug 1D1271 Black - 160,1,0,hidden,,D-sign Rug 1D1271 Black 160 cm,,,taxable,parent,0,0,,0,0,,160,160,1.5,0,,,1868,,,,,,,56912533-H,,,,,,3,,,Size,160,,1,,,,,,,,,,,,,,,,,,,,,,,,,,,,,,,,,,,,,160,,,,,,,,,,,,1786456429,,,,,,,,,,,,111168,,,,,,,,,,,,,,,,,,,
48741,variation,56912573,,D-sign Rug 1D1272 Black - 120,1,0,hidden,,D-sign Rug 1D1272 Black 120 cm,,,taxable,parent,0,0,,0,0,,120,120,1.5,0,,,1236,,,,,,,56912573-H,,,,,,1,,,Size,120,,1,,,,,,,,,,,,,,,,,,,,,,,,,,,,,,,,,,,,,120,,,,,,,,,,,,1786456427,,,,,,,,,,,,111169,,,,,,,,,,,,,,,,,,,
48742,variation,56915428,,D-sign Rug 1D1272 Black - 140,1,0,hidden,,D-sign Rug 1D1272 Black 140 cm,,,taxable,parent,0,0,,0,0,,140,140,1.5,0,,,1540,,,,,,,56912573-H,,,,,,2,,,Size,140,,1,,,,,,,,,,,,,,,,,,,,,,,,,,,,,,,,,,,,,140,,,,,,,,,,,,1786457319,,,,,,,,,,,,111170,,,,,,,,,,,,,,,,,,,
48743,variation,56915408,,D-sign Rug 1D1272 Black - 160,1,0,hidden,,D-sign Rug 1D1272 Black 160 cm,,,taxable,parent,0,0,,0,0,,160,160,1.5,0,,,1868,,,,,,,56912573-H,,,,,,3,,,Size,160,,1,,,,,,,,,,,,,,,,,,,,,,,,,,,,,,,,,,,,,160,,,,,,,,,,,,1786457318,,,,,,,,,,,,111171,,,,,,,,,,,,,,,,,,,
48749,variable,56912502-H,,D-sign Rug 1D1279 Black,1,0,hidden,D-sign Rug 1D1279 Black,D-sign Rug 1D1279 Black,,,taxable,,0,,,0,0,,,,,0,,,,"Rooms > Kids, Rugs > Kids, Rugs",,,"https://rugshop.eu/wp-content/uploads/2021/10/modern-children-s-carpet-joy-santa-claus-for-children-structural-two-levels-of-fleece-black-cream.jpg, https://rugshop.eu/wp-content/uploads/2021/10/modern-children-s-carpet-joy-santa-claus-for-children-structural-two-levels-of-fleece-black-cream-1.jpg, https://rugshop.eu/wp-content/uploads/2021/10/modern-children-s-carpet-joy-santa-claus-for-children-structural-two-levels-of-fleece-black-cream-2.jpg, https://rugshop.eu/wp-content/uploads/2021/10/modern-children-s-carpet-joy-santa-claus-for-children-structural-two-levels-of-fleece-black-cream-3.jpg",,,,,,,,,1671,,,Size,"120x170, 140x190, 160x220",1,1,Brand,D-sign,1,1,Color,Black-Grey,1,1,Type of color,Multicolor,1,1,Shape,Rectangular,1,1,Material,Polypropen,1,1,Type of rug,Modern,1,1,Weave,Machinemade,1,1,Age,New,1,1,,,,,,,,,default,default,default,default,,,,,1786457324,yes,yes,,,,,,,,,,,,,,,,,,,,,,,,,,,,,
48750,variable,56912501-H,,D-sign Rug 1D1280 Grey,1,0,hidden,D-sign Rug 1D1280 Grey,D-sign Rug 1D1280 Grey,,,taxable,,0,,,0,0,,,,,0,,,,"Rooms > Kids, Rugs > Kids, Rugs",,,"https://rugshop.eu/wp-content/uploads/2021/10/modern-children-s-carpet-joy-walrus-for-children-structural-two-levels-of-fleece-grey-cream.jpg, https://rugshop.eu/wp-content/uploads/2021/10/modern-children-s-carpet-joy-walrus-for-children-structural-two-levels-of-fleece-grey-cream-1.jpg, https://rugshop.eu/wp-content/uploads/2021/10/modern-children-s-carpet-joy-walrus-for-children-structural-two-levels-of-fleece-grey-cream-2.jpg, https://rugshop.eu/wp-content/uploads/2021/10/modern-children-s-carpet-joy-walrus-for-children-structural-two-levels-of-fleece-grey-cream-3.jpg",,,,,,,,,1672,,,Size,"120x170, 140x190, 160x220",1,1,Brand,D-sign,1,1,Color,Black-Grey,1,1,Type of color,Multicolor,1,1,Shape,Rectangular,1,1,Material,Polypropen,1,1,Type of rug,Modern,1,1,Weave,Machinemade,1,1,Age,New,1,1,,,,,,,,,default,default,default,default,,,,,1786457330,yes,yes,,,,,,,,,,,,,,,,,,,,,,,,,,,,,
48751,variation,56912574,,D-sign Rug 1D1273 Beige - 120x170,1,0,hidden,,D-sign Rug 1D1273 Beige 120x170 cm,,,taxable,parent,0,0,,0,0,,170,120,1.5,0,,,1564,,,,,,,56912574-H,,,,,,1,,,Size,120x170,,1,,,,,,,,,,,,,,,,,,,,,,,,,,,,,,,,,,,,,120x170,,,,,,,,,,,,1786456428,,,,,,,,,,,,111175,,,,,,,,,,,,,,,,,,,
48752,variation,56915406,,D-sign Rug 1D1273 Beige - 140x190,1,0,hidden,,D-sign Rug 1D1273 Beige 140x190 cm,,,taxable,parent,0,0,,0,0,,190,140,1.5,0,,,1940,,,,,,,56912574-H,,,,,,2,,,Size,140x190,,1,,,,,,,,,,,,,,,,,,,,,,,,,,,,,,,,,,,,,140x190,,,,,,,,,,,,,,,,,,,,,,,,111176,,,,,,,,,,,,,,,,,,,
48753,variation,56915409,,D-sign Rug 1D1273 Beige - 160x220,1,0,hidden,,D-sign Rug 1D1273 Beige 160x220 cm,,,taxable,parent,0,0,,0,0,,220,160,1.5,0,,,2436,,,,,,,56912574-H,,,,,,3,,,Size,160x220,,1,,,,,,,,,,,,,,,,,,,,,,,,,,,,,,,,,,,,,160x220,,,,,,,,,,,,,,,,,,,,,,,,111177,,,,,,,,,,,,,,,,,,,
48759,variation,56912575,,D-sign Rug 1D1274 Grey - 120x170,1,0,hidden,,D-sign Rug 1D1274 Grey 120x170 cm,,,taxable,parent,0,0,,0,0,,170,120,1.5,0,,,1564,,,,,,,56912575-H,,,,,,1,,,Size,120x170,,1,,,,,,,,,,,,,,,,,,,,,,,,,,,,,,,,,,,,,120x170,,,,,,,,,,,,1786456429,,,,,,,,,,,,111184,,,,,,,,,,,,,,,,,,,
48760,variation,56915403,,D-sign Rug 1D1274 Grey - 140x190,1,0,hidden,,D-sign Rug 1D1274 Grey 140x190 cm,,,taxable,parent,0,0,,0,0,,190,140,1.5,0,,,1940,,,,,,,56912575-H,,,,,,2,,,Size,140x190,,1,,,,,,,,,,,,,,,,,,,,,,,,,,,,,,,,,,,,,140x190,,,,,,,,,,,,1786457317,,,,,,,,,,,,111185,,,,,,,,,,,,,,,,,,,
48761,variation,56915388,,D-sign Rug 1D1274 Grey - 160x220,1,0,hidden,,D-sign Rug 1D1274 Grey 160x220 cm,,,taxable,parent,0,0,,0,0,,220,160,1.5,0,,,2436,,,,,,,56912575-H,,,,,,3,,,Size,160x220,,1,,,,,,,,,,,,,,,,,,,,,,,,,,,,,,,,,,,,,160x220,,,,,,,,,,,,1786457316,,,,,,,,,,,,111186,,,,,,,,,,,,,,,,,,,
48767,variable,56912504-H,,D-sign Rug 1D1281 Grey,1,0,hidden,D-sign Rug 1D1281 Grey,D-sign Rug 1D1281 Grey,,,taxable,,0,,,0,0,,,,,0,,,,"Rooms > Kids, Rugs > Kids, Rugs",,,"https://rugshop.eu/wp-content/uploads/2021/10/modern-children-s-carpet-joy-owl-for-children-structural-two-levels-of-fleece-grey-cream.jpg, https://rugshop.eu/wp-content/uploads/2021/10/modern-children-s-carpet-joy-owl-for-children-structural-two-levels-of-fleece-grey-cream-1.jpg, https://rugshop.eu/wp-content/uploads/2021/10/modern-children-s-carpet-joy-owl-for-children-structural-two-levels-of-fleece-grey-cream-2.jpg, https://rugshop.eu/wp-content/uploads/2021/10/modern-children-s-carpet-joy-owl-for-children-structural-two-levels-of-fleece-grey-cream-3.jpg",,,,,,,,,1673,,,Size,"120x170, 140x190, 160x220",1,1,Brand,D-sign,1,1,Color,Black-Grey,1,1,Type of color,Multicolor,1,1,Shape,Rectangular,1,1,Material,Polypropen,1,1,Type of rug,Modern,1,1,Weave,Machinemade,1,1,Age,New,1,1,,,,,,,,,default,default,default,default,,,,,1786456465,yes,yes,,,,,,,,,,,,,,,,,,,,,,,,,,,,,
48768,variable,56912560-H,,D-sign Rug 1D1282 Grey,1,0,hidden,D-sign Rug 1D1282 Grey,D-sign Rug 1D1282 Grey,,,taxable,,0,,,0,0,,,,,0,,,,"Rooms > Kids, Rugs > Kids, Rugs",,,"https://rugshop.eu/wp-content/uploads/2021/10/modern-children-s-carpet-joy-panda-for-children-structural-two-levels-of-fleece-grey-cream.jpg, https://rugshop.eu/wp-content/uploads/2021/10/modern-children-s-carpet-joy-panda-for-children-structural-two-levels-of-fleece-grey-cream-1.jpg, https://rugshop.eu/wp-content/uploads/2021/10/modern-children-s-carpet-joy-panda-for-children-structural-two-levels-of-fleece-grey-cream-2.jpg, https://rugshop.eu/wp-content/uploads/2021/10/modern-children-s-carpet-joy-panda-for-children-structural-two-levels-of-fleece-grey-cream-3.jpg",,,,,,,,,1674,,,Size,"120x170, 140x190, 160x220",1,1,Brand,D-sign,1,1,Color,Black-Grey,1,1,Type of color,Multicolor,1,1,Shape,Rectangular,1,1,Material,Polypropen,1,1,Type of rug,Modern,1,1,Weave,Machinemade,1,1,Age,New,1,1,,,,,,,,,default,default,default,default,,,,,1786457347,yes,yes,,,,,,,,,,,,,,,,,,,,,,,,,,,,,
48777,variation,56912546,,D-sign Rug 1D1276 Cream - 120x170,1,0,hidden,,D-sign Rug 1D1276 Cream 120x170 cm,,,taxable,parent,0,0,,0,0,,170,120,1.5,0,,,1564,,,,,,,56912546-H,,,,,,1,,,Size,120x170,,1,,,,,,,,,,,,,,,,,,,,,,,,,,,,,,,,,,,,,120x170,,,,,,,,,,,,1786456424,,,,,,,,,,,,111199,,,,,,,,,,,,,,,,,,,
48778,variation,56915382,,D-sign Rug 1D1276 Cream - 140x190,1,0,hidden,,D-sign Rug 1D1276 Cream 140x190 cm,,,taxable,parent,0,0,,0,0,,190,140,1.5,0,,,1940,,,,,,,56912546-H,,,,,,2,,,Size,140x190,,1,,,,,,,,,,,,,,,,,,,,,,,,,,,,,,,,,,,,,140x190,,,,,,,,,,,,1786457315,,,,,,,,,,,,111200,,,,,,,,,,,,,,,,,,,
48779,variation,56915390,,D-sign Rug 1D1276 Cream - 160x220,1,0,hidden,,D-sign Rug 1D1276 Cream 160x220 cm,,,taxable,parent,0,0,,0,0,,220,160,1.5,0,,,2436,,,,,,,56912546-H,,,,,,3,,,Size,160x220,,1,,,,,,,,,,,,,,,,,,,,,,,,,,,,,,,,,,,,,160x220,,,,,,,,,,,,1786457317,,,,,,,,,,,,111201,,,,,,,,,,,,,,,,,,,
48785,variable,56912561-H,,D-sign Rug 1D1283 Cream,1,0,hidden,D-sign Rug 1D1283 Cream,D-sign Rug 1D1283 Cream,,,taxable,,0,,,0,0,,,,,0,,,,"Rooms > Kids, Rugs > Kids, Rugs",,,"https://rugshop.eu/wp-content/uploads/2021/10/modern-children-s-carpet-joy-teddy-bear-for-children-structural-two-levels-of-fleece-cream-black.jpg, https://rugshop.eu/wp-content/uploads/2021/10/modern-children-s-carpet-joy-teddy-bear-for-children-structural-two-levels-of-fleece-cream-black-1.jpg, https://rugshop.eu/wp-content/uploads/2021/10/modern-children-s-carpet-joy-teddy-bear-for-children-structural-two-levels-of-fleece-cream-black-2.jpg, https://rugshop.eu/wp-content/uploads/2021/10/modern-children-s-carpet-joy-teddy-bear-for-children-structural-two-levels-of-fleece-cream-black-3.jpg",,,,,,,,,1675,,,Size,"120x170, 140x190, 160x220",1,1,Brand,D-sign,1,1,Color,White-Beige,1,1,Type of color,Multicolor,1,1,Shape,Rectangular,1,1,Material,Polypropen,1,1,Type of rug,Modern,1,1,Weave,Machinemade,1,1,Age,New,1,1,,,,,,,,,default,default,default,default,,,,,1786457349,yes,yes,,,,,,,,,,,,,,,,,,,,,,,,,,,,,
48787,variation,56912547,,D-sign Rug 1D1277 Black - 120x170,1,0,hidden,,D-sign Rug 1D1277 Black 120x170 cm,,,taxable,parent,0,0,,0,0,,170,120,1.5,0,,,1564,,,,,,,56912547-H,,,,,,1,,,Size,120x170,,1,,,,,,,,,,,,,,,,,,,,,,,,,,,,,,,,,,,,,120x170,,,,,,,,,,,,1786456424,,,,,,,,,,,,111205,,,,,,,,,,,,,,,,,,,
48788,variation,56915389,,D-sign Rug 1D1277 Black - 140x190,1,0,hidden,,D-sign Rug 1D1277 Black 140x190 cm,,,taxable,parent,0,0,,0,0,,190,140,1.5,0,,,1940,,,,,,,56912547-H,,,,,,2,,,Size,140x190,,1,,,,,,,,,,,,,,,,,,,,,,,,,,,,,,,,,,,,,140x190,,,,,,,,,,,,1786457316,,,,,,,,,,,,111206,,,,,,,,,,,,,,,,,,,
48789,variation,56915411,,D-sign Rug 1D1277 Black - 160x220,1,0,hidden,,D-sign Rug 1D1277 Black 160x220 cm,,,taxable,parent,0,0,,0,0,,220,160,1.5,0,,,2436,,,,,,,56912547-H,,,,,,3,,,Size,160x220,,1,,,,,,,,,,,,,,,,,,,,,,,,,,,,,,,,,,,,,160x220,,,,,,,,,,,,1786457319,,,,,,,,,,,,111207,,,,,,,,,,,,,,,,,,,
48795,variation,56912503,,D-sign Rug 1D1278 Grey - 120x170,1,0,hidden,,D-sign Rug 1D1278 Grey 120x170 cm,,,taxable,parent,0,0,,0,0,,170,120,1.5,0,,,1564,,,,,,,56912503-H,,,,,,1,,,Size,120x170,,1,,,,,,,,,,,,,,,,,,,,,,,,,,,,,,,,,,,,,120x170,,,,,,,,,,,,1786456366,,,,,,,,,,,,111208,,,,,,,,,,,,,,,,,,,
48796,variation,56915351,,D-sign Rug 1D1278 Grey - 140x190,1,0,hidden,,D-sign Rug 1D1278 Grey 140x190 cm,,,taxable,parent,0,0,,0,0,,190,140,1.5,0,,,1940,,,,,,,56912503-H,,,,,,2,,,Size,140x190,,1,,,,,,,,,,,,,,,,,,,,,,,,,,,,,,,,,,,,,140x190,,,,,,,,,,,,1786457311,,,,,,,,,,,,111209,,,,,,,,,,,,,,,,,,,
48797,variation,56915347,,D-sign Rug 1D1278 Grey - 160x220,1,0,hidden,,D-sign Rug 1D1278 Grey 160x220 cm,,,taxable,parent,0,0,,0,0,,220,160,1.5,0,,,2436,,,,,,,56912503-H,,,,,,3,,,Size,160x220,,1,,,,,,,,,,,,,,,,,,,,,,,,,,,,,,,,,,,,,160x220,,,,,,,,,,,,1786457290,,,,,,,,,,,,111210,,,,,,,,,,,,,,,,,,,
48804,variation,56912502,,D-sign Rug 1D1279 Black - 120x170,1,0,hidden,,D-sign Rug 1D1279 Black 120x170 cm,,,taxable,parent,0,0,,0,0,,170,120,1.5,0,,,1564,,,,,,,56912502-H,,,,,,1,,,Size,120x170,,1,,,,,,,,,,,,,,,,,,,,,,,,,,,,,,,,,,,,,120x170,,,,,,,,,,,,1786456366,,,,,,,,,,,,111214,,,,,,,,,,,,,,,,,,,
48805,variation,56915343,,D-sign Rug 1D1279 Black - 140x190,1,0,hidden,,D-sign Rug 1D1279 Black 140x190 cm,,,taxable,parent,0,0,,0,0,,190,140,1.5,0,,,1940,,,,,,,56912502-H,,,,,,2,,,Size,140x190,,1,,,,,,,,,,,,,,,,,,,,,,,,,,,,,,,,,,,,,140x190,,,,,,,,,,,,1786457289,,,,,,,,,,,,111215,,,,,,,,,,,,,,,,,,,
48806,variation,56915362,,D-sign Rug 1D1279 Black - 160x220,1,0,hidden,,D-sign Rug 1D1279 Black 160x220 cm,,,taxable,parent,0,0,,0,0,,220,160,1.5,0,,,2436,,,,,,,56912502-H,,,,,,3,,,Size,160x220,,1,,,,,,,,,,,,,,,,,,,,,,,,,,,,,,,,,,,,,160x220,,,,,,,,,,,,1786457311,,,,,,,,,,,,111216,,,,,,,,,,,,,,,,,,,
48812,variation,56912501,,D-sign Rug 1D1280 Grey - 120x170,1,0,hidden,,D-sign Rug 1D1280 Grey 120x170 cm,,,taxable,parent,0,0,,0,0,,170,120,1.5,0,,,1564,,,,,,,56912501-H,,,,,,1,,,Size,120x170,,1,,,,,,,,,,,,,,,,,,,,,,,,,,,,,,,,,,,,,120x170,,,,,,,,,,,,1786456366,,,,,,,,,,,,111220,,,,,,,,,,,,,,,,,,,
48813,variation,56915366,,D-sign Rug 1D1280 Grey - 140x190,1,0,hidden,,D-sign Rug 1D1280 Grey 140x190 cm,,,taxable,parent,0,0,,0,0,,190,140,1.5,0,,,1940,,,,,,,56912501-H,,,,,,2,,,Size,140x190,,1,,,,,,,,,,,,,,,,,,,,,,,,,,,,,,,,,,,,,140x190,,,,,,,,,,,,1786457313,,,,,,,,,,,,111221,,,,,,,,,,,,,,,,,,,
48814,variation,56915348,,D-sign Rug 1D1280 Grey - 160x220,1,0,hidden,,D-sign Rug 1D1280 Grey 160x220 cm,,,taxable,parent,0,0,,0,0,,220,160,1.5,0,,,2436,,,,,,,56912501-H,,,,,,3,,,Size,160x220,,1,,,,,,,,,,,,,,,,,,,,,,,,,,,,,,,,,,,,,160x220,,,,,,,,,,,,1786457290,,,,,,,,,,,,111222,,,,,,,,,,,,,,,,,,,
48822,variation,56912504,,D-sign Rug 1D1281 Grey - 120x170,1,0,hidden,,D-sign Rug 1D1281 Grey 120x170 cm,,,taxable,parent,0,0,,0,0,,170,120,1.5,0,,,1564,,,,,,,56912504-H,,,,,,1,,,Size,120x170,,1,,,,,,,,,,,,,,,,,,,,,,,,,,,,,,,,,,,,,120x170,,,,,,,,,,,,1786456367,,,,,,,,,,,,111226,,,,,,,,,,,,,,,,,,,
48823,variation,56912558,,D-sign Rug 1D1281 Grey - 140x190,1,0,hidden,,D-sign Rug 1D1281 Grey 140x190 cm,,,taxable,parent,0,0,,0,0,,190,140,1.5,0,,,1940,,,,,,,56912504-H,,,,,,2,,,Size,140x190,,1,,,,,,,,,,,,,,,,,,,,,,,,,,,,,,,,,,,,,140x190,,,,,,,,,,,,1786456426,,,,,,,,,,,,111227,,,,,,,,,,,,,,,,,,,
48824,variation,56912557,,D-sign Rug 1D1281 Grey - 160x220,1,0,hidden,,D-sign Rug 1D1281 Grey 160x220 cm,,,taxable,parent,0,0,,0,0,,220,160,1.5,0,,,2436,,,,,,,56912504-H,,,,,,3,,,Size,160x220,,1,,,,,,,,,,,,,,,,,,,,,,,,,,,,,,,,,,,,,160x220,,,,,,,,,,,,1786456425,,,,,,,,,,,,111228,,,,,,,,,,,,,,,,,,,
48830,variation,56912560,,D-sign Rug 1D1282 Grey - 120x170,1,0,hidden,,D-sign Rug 1D1282 Grey 120x170 cm,,,taxable,parent,0,0,,0,0,,170,120,1.5,0,,,1564,,,,,,,56912560-H,,,,,,1,,,Size,120x170,,1,,,,,,,,,,,,,,,,,,,,,,,,,,,,,,,,,,,,,120x170,,,,,,,,,,,,1786456426,,,,,,,,,,,,111232,,,,,,,,,,,,,,,,,,,
48831,variation,56915410,,D-sign Rug 1D1282 Grey - 140x190,1,0,hidden,,D-sign Rug 1D1282 Grey 140x190 cm,,,taxable,parent,0,0,,0,0,,190,140,1.5,0,,,1940,,,,,,,56912560-H,,,,,,2,,,Size,140x190,,1,,,,,,,,,,,,,,,,,,,,,,,,,,,,,,,,,,,,,140x190,,,,,,,,,,,,1786457318,,,,,,,,,,,,111233,,,,,,,,,,,,,,,,,,,
48832,variation,56915404,,D-sign Rug 1D1282 Grey - 160x220,1,0,hidden,,D-sign Rug 1D1282 Grey 160x220 cm,,,taxable,parent,0,0,,0,0,,220,160,1.5,0,,,2436,,,,,,,56912560-H,,,,,,3,,,Size,160x220,,1,,,,,,,,,,,,,,,,,,,,,,,,,,,,,,,,,,,,,160x220,,,,,,,,,,,,1786457317,,,,,,,,,,,,111234,,,,,,,,,,,,,,,,,,,
48839,variation,56912561,,D-sign Rug 1D1283 Cream - 120x170,1,0,hidden,,D-sign Rug 1D1283 Cream 120x170 cm,,,taxable,parent,0,0,,0,0,,170,120,1.5,0,,,1564,,,,,,,56912561-H,,,,,,1,,,Size,120x170,,1,,,,,,,,,,,,,,,,,,,,,,,,,,,,,,,,,,,,,120x170,,,,,,,,,,,,1786456426,,,,,,,,,,,,111238,,,,,,,,,,,,,,,,,,,
48840,variation,56915407,,D-sign Rug 1D1283 Cream - 140x190,1,0,hidden,,D-sign Rug 1D1283 Cream 140x190 cm,,,taxable,parent,0,0,,0,0,,190,140,1.5,0,,,1940,,,,,,,56912561-H,,,,,,2,,,Size,140x190,,1,,,,,,,,,,,,,,,,,,,,,,,,,,,,,,,,,,,,,140x190,,,,,,,,,,,,1786457318,,,,,,,,,,,,111239,,,,,,,,,,,,,,,,,,,
48841,variation,56915412,,D-sign Rug 1D1283 Cream - 160x220,1,0,hidden,,D-sign Rug 1D1283 Cream 160x220 cm,,,taxable,parent,0,0,,0,0,,220,160,1.5,0,,,2436,,,,,,,56912561-H,,,,,,3,,,Size,160x220,,1,,,,,,,,,,,,,,,,,,,,,,,,,,,,,,,,,,,,,160x220,,,,,,,,,,,,1786457319,,,,,,,,,,,,111240,,,,,,,,,,,,,,,,,,,
48976,variable,56912694-H,,D-sign Rug 1D1297 Grey,1,0,hidden,D-sign Rug 1D1297 Grey,D-sign Rug 1D1297 Grey,,,taxable,,0,,,0,0,,,,,0,,,,"Rooms > Kids, Rugs > Kids, Rugs",,,"https://rugshop.eu/wp-content/uploads/2021/10/carpet-bcf-flash-fox-3995-grey.jpg, https://rugshop.eu/wp-content/uploads/2021/10/carpet-bcf-flash-fox-3995-grey-1.jpg, https://rugshop.eu/wp-content/uploads/2021/10/carpet-bcf-flash-fox-3995-grey-2.jpg, https://rugshop.eu/wp-content/uploads/2021/10/carpet-bcf-flash-fox-3995-grey-3.jpg",,,,,,,,,1689,,,Size,"120x160, 140x190, 160x220, 200x300",1,1,Brand,D-sign,1,1,Color,Black-Grey,1,1,Type of color,Multicolor,1,1,Shape,Rectangular,1,1,Material,Polypropen,1,1,Type of rug,Modern,1,1,Weave,Machinemade,1,1,Age,New,1,1,,,,,,,,,default,default,default,default,,,,,1786457356,yes,yes,,,,,,,,,,,,,,,,,,,,,,,,,,,,,
48977,variable,56912713-H,,D-sign Rug 1D1298 Grey,1,0,hidden,D-sign Rug 1D1298 Grey,D-sign Rug 1D1298 Grey,,,taxable,,0,,,0,0,,,,,0,,,,"Rooms > Kids, Rugs > Kids, Rugs",,,"https://rugshop.eu/wp-content/uploads/2021/10/carpet-bcf-flash-hippo-3993-grey.jpg, https://rugshop.eu/wp-content/uploads/2021/10/carpet-bcf-flash-hippo-3993-grey-1.jpg, https://rugshop.eu/wp-content/uploads/2021/10/carpet-bcf-flash-hippo-3993-grey-2.jpg, https://rugshop.eu/wp-content/uploads/2021/10/carpet-bcf-flash-hippo-3993-grey-3.jpg",,,,,,,,,1690,,,Size,"120x160, 140x190, 160x220, 200x300",1,1,Brand,D-sign,1,1,Color,Black-Grey,1,1,Type of color,Multicolor,1,1,Shape,Rectangular,1,1,Material,Polypropen,1,1,Type of rug,Modern,1,1,Weave,Machinemade,1,1,Age,New,1,1,,,,,,,,,default,default,default,default,,,,,1786457355,yes,yes,,,,,,,,,,,,,,,,,,,,,,,,,,,,,
48978,variable,56912714-H,,D-sign Rug 1D1299 Grey,1,0,hidden,D-sign Rug 1D1299 Grey,D-sign Rug 1D1299 Grey,,,taxable,,0,,,0,0,,,,,0,,,,"Rooms > Kids, Rugs > Kids, Rugs",,,"https://rugshop.eu/wp-content/uploads/2021/10/carpet-bcf-flash-smile-3992-sun-grey.jpg, https://rugshop.eu/wp-content/uploads/2021/10/carpet-bcf-flash-smile-3992-sun-grey-1.jpg, https://rugshop.eu/wp-content/uploads/2021/10/carpet-bcf-flash-smile-3992-sun-grey-2.jpg, https://rugshop.eu/wp-content/uploads/2021/10/carpet-bcf-flash-smile-3992-sun-grey-3.jpg",,,,,,,,,1691,,,Size,"120x160, 140x190, 160x220, 200x300",1,1,Brand,D-sign,1,1,Color,Black-Grey,1,1,Type of color,Multicolor,1,1,Shape,Rectangular,1,1,Material,Polypropen,1,1,Type of rug,Modern,1,1,Weave,Machinemade,1,1,Age,New,1,1,,,,,,,,,default,default,default,default,,,,,1786457353,yes,yes,,,,,,,,,,,,,,,,,,,,,,,,,,,,,
49003,variable,56912820-H,,D-sign Rug 1D1301 Cream,1,0,hidden,D-sign Rug 1D1301 Cream,D-sign Rug 1D1301 Cream,,,taxable,,0,,,0,0,,,,,0,,,,"Rooms > Kids, Rugs > Kids, Rugs",,,"https://rugshop.eu/wp-content/uploads/2021/10/carpet-bcf-flash-sheep-4000-cream-grey.jpg, https://rugshop.eu/wp-content/uploads/2021/10/carpet-bcf-flash-sheep-4000-cream-grey-1.jpg, https://rugshop.eu/wp-content/uploads/2021/10/carpet-bcf-flash-sheep-4000-cream-grey-2.jpg, https://rugshop.eu/wp-content/uploads/2021/10/carpet-bcf-flash-sheep-4000-cream-grey-3.jpg",,,,,,,,,1693,,,Size,"120x160, 140x190, 160x220, 200x300",1,1,Brand,D-sign,1,1,Color,White-Beige,1,1,Type of color,Multicolor,1,1,Shape,Rectangular,1,1,Material,Polypropen,1,1,Type of rug,Modern,1,1,Weave,Machinemade,1,1,Age,New,1,1,,,,,,,,,default,default,default,default,,,,,1786457380,yes,yes,,,,,,,,,,,,,,,,,,,,,,,,,,,,,
49004,variable,56912819-H,,D-sign Rug 1D1302 Cream,1,0,hidden,D-sign Rug 1D1302 Cream,D-sign Rug 1D1302 Cream,,,taxable,,0,,,0,0,,,,,0,,,,"Rooms > Kids, Rugs > Kids, Rugs",,,"https://rugshop.eu/wp-content/uploads/2021/10/carpet-bcf-flash-smile-3992-sun-cream-grey.jpg, https://rugshop.eu/wp-content/uploads/2021/10/carpet-bcf-flash-smile-3992-sun-cream-grey-1.jpg, https://rugshop.eu/wp-content/uploads/2021/10/carpet-bcf-flash-smile-3992-sun-cream-grey-2.jpg, https://rugshop.eu/wp-content/uploads/2021/10/carpet-bcf-flash-smile-3992-sun-cream-grey-3.jpg",,,,,,,,,1694,,,Size,"120x160, 140x190, 160x220, 200x300",1,1,Brand,D-sign,1,1,Color,White-Beige,1,1,Type of color,Multicolor,1,1,Shape,Rectangular,1,1,Material,Polypropen,1,1,Type of rug,Modern,1,1,Weave,Machinemade,1,1,Age,New,1,1,,,,,,,,,default,default,default,default,,,,,1786457379,yes,yes,,,,,,,,,,,,,,,,,,,,,,,,,,,,,
49006,variation,56912694,,D-sign Rug 1D1297 Grey - 120x160,1,0,hidden,,D-sign Rug 1D1297 Grey 120x160 cm,,,taxable,parent,0,0,,0,0,,160,120,0.9,0,,,748,,,,,,,56912694-H,,,,,,1,,,Size,120x160,,1,,,,,,,,,,,,,,,,,,,,,,,,,,,,,,,,,,,,,120x160,,,,,,,,,,,,1786456491,,,,,,,,,,,,111657,,,,,,,,,,,,,,,,,,,
49007,variation,56915523,,D-sign Rug 1D1297 Grey - 140x190,1,0,hidden,,D-sign Rug 1D1297 Grey 140x190 cm,,,taxable,parent,0,0,,0,0,,190,140,0.9,0,,,884,,,,,,,56912694-H,,,,,,2,,,Size,140x190,,1,,,,,,,,,,,,,,,,,,,,,,,,,,,,,,,,,,,,,140x190,,,,,,,,,,,,1786457321,,,,,,,,,,,,111658,,,,,,,,,,,,,,,,,,,
49008,variation,56915530,,D-sign Rug 1D1297 Grey - 160x220,1,0,hidden,,D-sign Rug 1D1297 Grey 160x220 cm,,,taxable,parent,0,0,,0,0,,220,160,0.9,0,,,1028,,,,,,,56912694-H,,,,,,3,,,Size,160x220,,1,,,,,,,,,,,,,,,,,,,,,,,,,,,,,,,,,,,,,160x220,,,,,,,,,,,,1786457322,,,,,,,,,,,,111659,,,,,,,,,,,,,,,,,,,
49009,variation,56912712,,D-sign Rug 1D1297 Grey - 200x300,1,0,hidden,,D-sign Rug 1D1297 Grey 200x300 cm,,,taxable,parent,0,0,,0,0,,300,200,0.9,0,,,1564,,,,,,,56912694-H,,,,,,4,,,Size,200x300,,1,,,,,,,,,,,,,,,,,,,,,,,,,,,,,,,,,,,,,200x300,,,,,,,,,,,,1786456492,,,,,,,,,,,,111660,,,,,,,,,,,,,,,,,,,
49015,variation,56912713,,D-sign Rug 1D1298 Grey - 120x160,1,0,hidden,,D-sign Rug 1D1298 Grey 120x160 cm,,,taxable,parent,0,0,,0,0,,160,120,0.9,0,,,748,,,,,,,56912713-H,,,,,,1,,,Size,120x160,,1,,,,,,,,,,,,,,,,,,,,,,,,,,,,,,,,,,,,,120x160,,,,,,,,,,,,,,,,,,,,,,,,111661,,,,,,,,,,,,,,,,,,,
49016,variation,56915526,,D-sign Rug 1D1298 Grey - 140x190,1,0,hidden,,D-sign Rug 1D1298 Grey 140x190 cm,,,taxable,parent,0,0,,0,0,,190,140,0.9,0,,,884,,,,,,,56912713-H,,,,,,2,,,Size,140x190,,1,,,,,,,,,,,,,,,,,,,,,,,,,,,,,,,,,,,,,140x190,,,,,,,,,,,,1786457321,,,,,,,,,,,,111662,,,,,,,,,,,,,,,,,,,
49017,variation,56915522,,D-sign Rug 1D1298 Grey - 160x220,1,0,hidden,,D-sign Rug 1D1298 Grey 160x220 cm,,,taxable,parent,0,0,,0,0,,220,160,0.9,0,,,1028,,,,,,,56912713-H,,,,,,3,,,Size,160x220,,1,,,,,,,,,,,,,,,,,,,,,,,,,,,,,,,,,,,,,160x220,,,,,,,,,,,,1786457320,,,,,,,,,,,,111663,,,,,,,,,,,,,,,,,,,
49018,variation,56915524,,D-sign Rug 1D1298 Grey - 200x300,1,0,hidden,,D-sign Rug 1D1298 Grey 200x300 cm,,,taxable,parent,0,0,,0,0,,300,200,0.9,0,,,1564,,,,,,,56912713-H,,,,,,4,,,Size,200x300,,1,,,,,,,,,,,,,,,,,,,,,,,,,,,,,,,,,,,,,200x300,,,,,,,,,,,,,,,,,,,,,,,,111664,,,,,,,,,,,,,,,,,,,
49024,variable,56912894-H,,D-sign Rug 1D1305 Grey,1,0,hidden,D-sign Rug 1D1305 Grey,D-sign Rug 1D1305 Grey,,,taxable,,0,,,0,0,,,,,0,,,,"Rooms > Kids, Rugs > Kids, Rugs",,,"https://rugshop.eu/wp-content/uploads/2021/10/carpet-for-kids-school-circle-children-s-grey.jpg, https://rugshop.eu/wp-content/uploads/2021/10/carpet-for-kids-school-circle-children-s-grey-1.jpg, https://rugshop.eu/wp-content/uploads/2021/10/carpet-for-kids-school-circle-children-s-grey-2.jpg, https://rugshop.eu/wp-content/uploads/2021/10/carpet-for-kids-school-circle-children-s-grey-3.jpg",,,,,,,,,1696,,,Size,"100, 133, 150, 170, 200",1,1,Brand,D-sign,1,1,Color,Black-Grey,1,1,Type of color,Multicolor,1,1,Shape,Round,1,1,Material,Polyamide,1,1,Type of rug,Modern,1,1,Weave,Machinemade,1,1,Country,Belgium,1,1,Age,New,1,1,,,,,default,default,default,default,,,,,1786457381,yes,yes,,,,,,,,,,,,,,,,,,,,,,,,,,,,,
49025,variation,56912714,,D-sign Rug 1D1299 Grey - 120x160,1,0,hidden,,D-sign Rug 1D1299 Grey 120x160 cm,,,taxable,parent,0,0,,0,0,,160,120,0.9,0,,,748,,,,,,,56912714-H,,,,,,1,,,Size,120x160,,1,,,,,,,,,,,,,,,,,,,,,,,,,,,,,,,,,,,,,120x160,,,,,,,,,,,,1786456492,,,,,,,,,,,,111665,,,,,,,,,,,,,,,,,,,
49026,variation,56915527,,D-sign Rug 1D1299 Grey - 140x190,1,0,hidden,,D-sign Rug 1D1299 Grey 140x190 cm,,,taxable,parent,0,0,,0,0,,190,140,0.9,0,,,884,,,,,,,56912714-H,,,,,,2,,,Size,140x190,,1,,,,,,,,,,,,,,,,,,,,,,,,,,,,,,,,,,,,,140x190,,,,,,,,,,,,1786457322,,,,,,,,,,,,111666,,,,,,,,,,,,,,,,,,,
49027,variation,56915521,,D-sign Rug 1D1299 Grey - 160x220,1,0,hidden,,D-sign Rug 1D1299 Grey 160x220 cm,,,taxable,parent,0,0,,0,0,,220,160,0.9,0,,,1028,,,,,,,56912714-H,,,,,,3,,,Size,160x220,,1,,,,,,,,,,,,,,,,,,,,,,,,,,,,,,,,,,,,,160x220,,,,,,,,,,,,1786457319,,,,,,,,,,,,111667,,,,,,,,,,,,,,,,,,,
49028,variation,56915528,,D-sign Rug 1D1299 Grey - 200x300,1,0,hidden,,D-sign Rug 1D1299 Grey 200x300 cm,,,taxable,parent,0,0,,0,0,,300,200,0.9,0,,,1564,,,,,,,56912714-H,,,,,,4,,,Size,200x300,,1,,,,,,,,,,,,,,,,,,,,,,,,,,,,,,,,,,,,,200x300,,,,,,,,,,,,1786457322,,,,,,,,,,,,111668,,,,,,,,,,,,,,,,,,,
49043,variable,56912881-H,,D-sign Rug 1D1307 Grey,1,0,hidden,D-sign Rug 1D1307 Grey ,D-sign Rug 1D1307 Grey ,,,taxable,,0,,,0,0,,,,,1,,,,"Rooms > Bedroom, Rooms > Living room, Rugs > Modern, Rugs",,,"https://rugshop.eu/wp-content/uploads/2021/10/carpet-concrete-circle-grey.jpg, https://rugshop.eu/wp-content/uploads/2021/10/carpet-concrete-circle-grey-1.jpg, https://rugshop.eu/wp-content/uploads/2021/10/carpet-concrete-circle-grey-2.jpg, https://rugshop.eu/wp-content/uploads/2021/10/carpet-concrete-circle-grey-3.jpg",,,,,,,,,1697,,,Size,"100, 133, 150, 170, 200",1,1,Brand,D-sign,1,1,Color,Black-Grey,1,1,Type of color,Multicolor,1,1,Shape,Round,1,1,Material,Polyamide,1,1,Type of rug,Modern,1,1,Weave,Machinemade,1,1,Country,Belgium,1,1,Age,New,1,1,,,,,,,,,,,,,1786456568,yes,yes,,,,,,,,,,,,,,,,,,,,,,,,,,,,,
49044,variable,56912882-H,,D-sign Rug 1D1308 Grey,1,0,hidden,D-sign Rug 1D1308 Grey ,D-sign Rug 1D1308 Grey ,,,taxable,,0,,,0,0,,,,,1,,,,"Rooms > Bedroom, Rooms > Living room, Rugs > Modern, Rugs",,,"https://rugshop.eu/wp-content/uploads/2021/10/carpet-heos-78596-silver-pink-lines.jpg, https://rugshop.eu/wp-content/uploads/2021/10/carpet-heos-78596-silver-pink-lines-1.jpg, https://rugshop.eu/wp-content/uploads/2021/10/carpet-heos-78596-silver-pink-lines-2.jpg, https://rugshop.eu/wp-content/uploads/2021/10/carpet-heos-78596-silver-pink-lines-3.jpg",,,,,,,,,1698,,,Size,"120x170, 160x220, 190x270",1,1,Brand,D-sign,1,1,Color,Black-Grey,1,1,Type of color,Multicolor,1,1,Shape,Rectangular,1,1,Material,Polypropen,1,1,Type of rug,Modern,1,1,Weave,Machinemade,1,1,Country,Belgium,1,1,Age,New,1,1,,,,,,,,,,,,,1786457383,yes,yes,,,,,,,,,,,,,,,,,,,,,,,,,,,,,
49045,variation,56912820,,D-sign Rug 1D1301 Cream - 120x160,1,0,hidden,,D-sign Rug 1D1301 Cream 120x160 cm,,,taxable,parent,0,0,,0,0,,160,120,0.9,0,,,748,,,,,,,56912820-H,,,,,,1,,,Size,120x160,,1,,,,,,,,,,,,,,,,,,,,,,,,,,,,,,,,,,,,,120x160,,,,,,,,,,,,,,,,,,,,,,,,111677,,,,,,,,,,,,,,,,,,,
49046,variation,56915543,,D-sign Rug 1D1301 Cream - 140x190,1,0,hidden,,D-sign Rug 1D1301 Cream 140x190 cm,,,taxable,parent,0,0,,0,0,,190,140,0.9,0,,,884,,,,,,,56912820-H,,,,,,2,,,Size,140x190,,1,,,,,,,,,,,,,,,,,,,,,,,,,,,,,,,,,,,,,140x190,,,,,,,,,,,,,,,,,,,,,,,,111678,,,,,,,,,,,,,,,,,,,
49047,variation,56915551,,D-sign Rug 1D1301 Cream - 160x220,1,0,hidden,,D-sign Rug 1D1301 Cream 160x220 cm,,,taxable,parent,0,0,,0,0,,220,160,0.9,0,,,1028,,,,,,,56912820-H,,,,,,3,,,Size,160x220,,1,,,,,,,,,,,,,,,,,,,,,,,,,,,,,,,,,,,,,160x220,,,,,,,,,,,,1786457363,,,,,,,,,,,,111679,,,,,,,,,,,,,,,,,,,
49048,variation,56915569,,D-sign Rug 1D1301 Cream - 200x300,1,0,hidden,,D-sign Rug 1D1301 Cream 200x300 cm,,,taxable,parent,0,0,,0,0,,300,200,0.9,0,,,1564,,,,,,,56912820-H,,,,,,4,,,Size,200x300,,1,,,,,,,,,,,,,,,,,,,,,,,,,,,,,,,,,,,,,200x300,,,,,,,,,,,,,,,,,,,,,,,,111680,,,,,,,,,,,,,,,,,,,
49054,variation,56912819,,D-sign Rug 1D1302 Cream - 120x160,1,0,hidden,,D-sign Rug 1D1302 Cream 120x160 cm,,,taxable,parent,0,0,,0,0,,160,120,0.9,0,,,748,,,,,,,56912819-H,,,,,,1,,,Size,120x160,,1,,,,,,,,,,,,,,,,,,,,,,,,,,,,,,,,,,,,,120x160,,,,,,,,,,,,1786456497,,,,,,,,,,,,111685,,,,,,,,,,,,,,,,,,,
49055,variation,56915565,,D-sign Rug 1D1302 Cream - 140x190,1,0,hidden,,D-sign Rug 1D1302 Cream 140x190 cm,,,taxable,parent,0,0,,0,0,,190,140,0.9,0,,,884,,,,,,,56912819-H,,,,,,2,,,Size,140x190,,1,,,,,,,,,,,,,,,,,,,,,,,,,,,,,,,,,,,,,140x190,,,,,,,,,,,,1786457364,,,,,,,,,,,,111686,,,,,,,,,,,,,,,,,,,
49056,variation,56915549,,D-sign Rug 1D1302 Cream - 160x220,1,0,hidden,,D-sign Rug 1D1302 Cream 160x220 cm,,,taxable,parent,0,0,,0,0,,220,160,0.9,0,,,1028,,,,,,,56912819-H,,,,,,3,,,Size,160x220,,1,,,,,,,,,,,,,,,,,,,,,,,,,,,,,,,,,,,,,160x220,,,,,,,,,,,,1786457362,,,,,,,,,,,,111687,,,,,,,,,,,,,,,,,,,
49057,variation,56915525,,D-sign Rug 1D1302 Cream - 200x300,1,0,hidden,,D-sign Rug 1D1302 Cream 200x300 cm,,,taxable,parent,0,0,,0,0,,300,200,0.9,0,,,1564,,,,,,,56912819-H,,,,,,4,,,Size,200x300,,1,,,,,,,,,,,,,,,,,,,,,,,,,,,,,,,,,,,,,200x300,,,,,,,,,,,,1786457321,,,,,,,,,,,,111688,,,,,,,,,,,,,,,,,,,
49063,variable,56912883-H,,D-sign Rug 1D1309 Beige,1,0,hidden,D-sign Rug 1D1309 Beige ,D-sign Rug 1D1309 Beige ,,,taxable,,0,,,0,0,,,,,0,,,,"Rooms > Entrance & Corridor, Rooms > Kitchen, Rugs > Modern, Rugs",,,"https://rugshop.eu/wp-content/uploads/2021/10/carpet-sizal-floorlux-20580-plain-flat-one-colour-champagne-taupe.jpg, https://rugshop.eu/wp-content/uploads/2021/10/carpet-sizal-floorlux-20580-plain-flat-one-colour-champagne-taupe-1.jpg, https://rugshop.eu/wp-content/uploads/2021/10/carpet-sizal-floorlux-20580-plain-flat-one-colour-champagne-taupe-2.jpg, https://rugshop.eu/wp-content/uploads/2021/10/carpet-sizal-floorlux-20580-plain-flat-one-colour-champagne-taupe-3.jpg",,,,,,,,,1699,,,Size,"120x170, 140x200, 160x230, 200x290, 240x330, 60x110, 80x150",1,1,Brand,D-sign,1,1,Color,White-Beige,1,1,Type of color,Multicolor,1,1,Shape,Rectangular,1,1,Material,Polypropen,1,1,Type of rug,Modern,1,1,Weave,Machinemade,1,1,Country,Belgium,1,1,Age,New,1,1,,,,,default,default,default,default,,,,,1786457380,yes,yes,,,,,,,,,classic-editor,,,,,,,,,,,,,,,,,,,,
49074,variation,56912894,,D-sign Rug 1D1305 Grey - 100,1,0,hidden,,D-sign Rug 1D1305 Grey 100 cm,,,taxable,parent,0,0,,0,0,,100,100,0.65,0,,,620,,,,,,,56912894-H,,,,,,1,,,Size,100,,1,,,,,,,,,,,,,,,,,,,,,,,,,,,,,,,,,,,,,100,,,,,,,,,,,,1786456553,,,,,,,,,,,,111768,,,,,,,,,,,,,,,,,,,
49075,variation,56915654,,D-sign Rug 1D1305 Grey - 133,1,0,hidden,,D-sign Rug 1D1305 Grey 133 cm,,,taxable,parent,0,0,,0,0,,133,133,0.65,0,,,812,,,,,,,56912894-H,,,,,,2,,,Size,133,,1,,,,,,,,,,,,,,,,,,,,,,,,,,,,,,,,,,,,,133,,,,,,,,,,,,1786457366,,,,,,,,,,,,111770,,,,,,,,,,,,,,,,,,,
49076,variation,56915658,,D-sign Rug 1D1305 Grey - 150,1,0,hidden,,D-sign Rug 1D1305 Grey 150 cm,,,taxable,parent,0,0,,0,0,,150,150,0.65,0,,,900,,,,,,,56912894-H,,,,,,3,,,Size,150,,1,,,,,,,,,,,,,,,,,,,,,,,,,,,,,,,,,,,,,150,,,,,,,,,,,,,,,,,,,,,,,,111769,,,,,,,,,,,,,,,,,,,
49077,variation,56915681,,D-sign Rug 1D1305 Grey - 170,1,0,hidden,,D-sign Rug 1D1305 Grey 170 cm,,,taxable,parent,0,0,,0,0,,170,170,0.65,0,,,1044,,,,,,,56912894-H,,,,,,4,,,Size,170,,1,,,,,,,,,,,,,,,,,,,,,,,,,,,,,,,,,,,,,170,,,,,,,,,,,,,,,,,,,,,,,,111771,,,,,,,,,,,,,,,,,,,
49078,variation,56915656,,D-sign Rug 1D1305 Grey - 200,1,0,hidden,,D-sign Rug 1D1305 Grey 200 cm,,,taxable,parent,0,0,,0,0,,200,200,0.65,0,,,1324,,,,,,,56912894-H,,,,,,5,,,Size,200,,1,,,,,,,,,,,,,,,,,,,,,,,,,,,,,,,,,,,,,200,,,,,,,,,,,,,,,,,,,,,,,,111772,,,,,,,,,,,,,,,,,,,
49086,variation,56912881,,D-sign Rug 1D1307 Grey - 100,1,0,hidden,,D-sign Rug 1D1307 Grey 100 cm,,,taxable,parent,0,0,,0,0,,100,100,0.65,0,,,620,,,,,,,56912881-H,,,,,,2,,,Size,100,,1,,,,,,,,,,,,,,,,,,,,,,,,,,,,,,,,,,,,,100,,,,,,,,,,,,1786456547,,,,,,,,,,,,111815,,,,,,,,,,,,,,,,,,,
49087,variation,56915661,,D-sign Rug 1D1307 Grey - 133,1,0,hidden,,D-sign Rug 1D1307 Grey 133 cm,,,taxable,parent,0,0,,0,0,,133,133,0.65,0,,,812,,,,,,,56912881-H,,,,,,3,,,Size,133,,1,,,,,,,,,,,,,,,,,,,,,,,,,,,,,,,,,,,,,133,,,,,,,,,,,,,,,,,,,,,,,,111817,,,,,,,,,,,,,,,,,,,
49088,variation,56915653,,D-sign Rug 1D1307 Grey - 150,1,0,hidden,,D-sign Rug 1D1307 Grey 150 cm,,,taxable,parent,0,0,,0,0,,150,150,0.65,0,,,900,,,,,,,56912881-H,,,,,,4,,,Size,150,,1,,,,,,,,,,,,,,,,,,,,,,,,,,,,,,,,,,,,,150,,,,,,,,,,,,,,,,,,,,,,,,111816,,,,,,,,,,,,,,,,,,,
49089,variation,56915657,,D-sign Rug 1D1307 Grey - 170,1,0,hidden,,D-sign Rug 1D1307 Grey 170 cm,,,taxable,parent,0,0,,0,0,,170,170,0.65,0,,,1044,,,,,,,56912881-H,,,,,,5,,,Size,170,,1,,,,,,,,,,,,,,,,,,,,,,,,,,,,,,,,,,,,,170,,,,,,,,,,,,,,,,,,,,,,,,111818,,,,,,,,,,,,,,,,,,,
49090,variation,56915660,,D-sign Rug 1D1307 Grey - 200,1,0,hidden,,D-sign Rug 1D1307 Grey 200 cm,,,taxable,parent,0,0,,0,0,,200,200,0.65,0,,,1324,,,,,,,56912881-H,,,,,,6,,,Size,200,,1,,,,,,,,,,,,,,,,,,,,,,,,,,,,,,,,,,,,,200,,,,,,,,,,,,,,,,,,,,,,,,111819,,,,,,,,,,,,,,,,,,,
49096,variation,56912882,,D-sign Rug 1D1308 Grey - 120x170,1,0,hidden,,D-sign Rug 1D1308 Grey 120x170 cm,,,taxable,parent,0,0,,0,0,,170,120,0.8,0,,,1276,,,,,,,56912882-H,,,,,,1,,,Size,120x170,,1,,,,,,,,,,,,,,,,,,,,,,,,,,,,,,,,,,,,,120x170,,,,,,,,,,,,1786456548,,,,,,,,,,,,111823,,,,,,,,,,,,,,,,,,,
49097,variation,56915655,,D-sign Rug 1D1308 Grey - 160x220,1,0,hidden,,D-sign Rug 1D1308 Grey 160x220 cm,,,taxable,parent,0,0,,0,0,,220,160,0.8,0,,,1892,,,,,,,56912882-H,,,,,,2,,,Size,160x220,,1,,,,,,,,,,,,,,,,,,,,,,,,,,,,,,,,,,,,,160x220,,,,,,,,,,,,1786457366,,,,,,,,,,,,111824,,,,,,,,,,,,,,,,,,,
49098,variation,56915652,,D-sign Rug 1D1308 Grey - 190x270,1,0,hidden,,D-sign Rug 1D1308 Grey 190x270 cm,,,taxable,parent,0,0,,0,0,,270,190,0.8,0,,,2596,,,,,,,56912882-H,,,,,,3,,,Size,190x270,,1,,,,,,,,,,,,,,,,,,,,,,,,,,,,,,,,,,,,,190x270,,,,,,,,,,,,,,,,,,,,,,,,111825,,,,,,,,,,,,,,,,,,,
49104,variable,56912912-H,,D-sign Rug 1D1313 Grey,1,0,hidden,D-sign Rug 1D1313 Grey ,D-sign Rug 1D1313 Grey ,,,taxable,,0,,,0,0,,,,,1,,,,"Rooms > Living room, Rugs > Modern, Rugs",,,"https://rugshop.eu/wp-content/uploads/2021/10/carpet-acrylic-vals-01553a-c53-74-frame-marble-grey-ivory.jpg, https://rugshop.eu/wp-content/uploads/2021/10/carpet-acrylic-vals-01553a-c53-74-frame-marble-grey-ivory-1.jpg, https://rugshop.eu/wp-content/uploads/2021/10/carpet-acrylic-vals-01553a-c53-74-frame-marble-grey-ivory-2.jpg, https://rugshop.eu/wp-content/uploads/2021/10/carpet-acrylic-vals-01553a-c53-74-frame-marble-grey-ivory-3.jpg",,,,,,,,,1703,,,Size,"160x230, 240x340",1,1,Brand,D-sign,1,1,Color,Black-Grey,1,1,Type of color,Multicolor,1,1,Shape,Rectangular,1,1,Material,Acrylic,1,1,Type of rug,Modern,1,1,Weave,Machinemade,1,1,Age,New,1,1,,,,,,,,,,,,,,,,,1786457385,yes,yes,,,,,,,,,,,,,,,,,,,,,,,,,,,,,
49106,variable,56912926-H,,D-sign Rug 1D1315 Grey,1,0,hidden,D-sign Rug 1D1315 Grey ,D-sign Rug 1D1315 Grey ,,,taxable,,0,,,0,0,,,,,1,,,,"Rooms > Living room, Rugs > Modern, Rugs",,,"https://rugshop.eu/wp-content/uploads/2021/10/carpet-acrylic-vals-0a046a-c53-78-light-grey-dark-grey.jpg, https://rugshop.eu/wp-content/uploads/2021/10/carpet-acrylic-vals-0a046a-c53-78-light-grey-dark-grey-1.jpg, https://rugshop.eu/wp-content/uploads/2021/10/carpet-acrylic-vals-0a046a-c53-78-light-grey-dark-grey-2.jpg, https://rugshop.eu/wp-content/uploads/2021/10/carpet-acrylic-vals-0a046a-c53-78-light-grey-dark-grey-3.jpg",,,,,,,,,1705,,,Size,"160x230, 240x340",1,1,Brand,D-sign,1,1,Color,Black-Grey,1,1,Type of color,Multicolor,1,1,Shape,Rectangular,1,1,Material,Acrylic,1,1,Type of rug,Modern,1,1,Weave,Machinemade,1,1,Age,New,1,1,,,,,,,,,,,,,,,,,1786457387,yes,yes,,,,,,,,,,,,,,,,,,,,,,,,,,,,,
49107,variation,56912883,,D-sign Rug 1D1309 Beige - 60x110,1,0,hidden,,D-sign Rug 1D1309 Beige 60x110 cm,,,taxable,parent,0,0,,0,0,,110,60,0.6,0,,,604,,,,,,,56912883-H,,,,,,1,,,Size,60x110,,1,,,,,,,,,,,,,,,,,,,,,,,,,,,,,,,,,,,,,60x110,,,,,,,,,,,,1786456549,,,,,,,,,,,,111901,,,,,,,,,,,,,,,,,,,
49108,variation,56915659,,D-sign Rug 1D1309 Beige - 80x150,1,0,hidden,,D-sign Rug 1D1309 Beige 80x150 cm,,,taxable,parent,0,0,,0,0,,150,80,0.6,0,,,764,,,,,,,56912883-H,,,,,,2,,,Size,80x150,,1,,,,,,,,,,,,,,,,,,,,,,,,,,,,,,,,,,,,,80x150,,,,,,,,,,,,1786457367,,,,,,,,,,,,111902,,,,,,,,,,,,,,,,,,,
49109,variation,56915609,,D-sign Rug 1D1309 Beige - 120x170,1,0,hidden,,D-sign Rug 1D1309 Beige 120x170 cm,,,taxable,parent,0,0,,0,0,,170,120,0.6,0,,,996,,,,,,,56912883-H,,,,,,3,,,Size,120x170,,1,,,,,,,,,,,,,,,,,,,,,,,,,,,,,,,,,,,,,120x170,,,,,,,,,,,,1786457365,,,,,,,,,,,,111903,,,,,,,,,,,,,,,,,,,
49110,variation,56915607,,D-sign Rug 1D1309 Beige - 140x200,1,0,hidden,,D-sign Rug 1D1309 Beige 140x200 cm,,,taxable,parent,0,0,,0,0,,200,140,0.6,0,,,1236,,,,,,,56912883-H,,,,,,4,,,Size,140x200,,1,,,,,,,,,,,,,,,,,,,,,,,,,,,,,,,,,,,,,140x200,,,,,,,,,,,,1786457365,,,,,,,,,,,,111904,,,,,,,,,,,,,,,,,,,
49111,variation,56915605,,D-sign Rug 1D1309 Beige - 160x230,1,0,hidden,,D-sign Rug 1D1309 Beige 160x230 cm,,,taxable,parent,0,0,,0,0,,230,160,0.6,0,,,1516,,,,,,,56912883-H,,,,,,5,,,Size,160x230,,1,,,,,,,,,,,,,,,,,,,,,,,,,,,,,,,,,,,,,160x230,,,,,,,,,,,,1786457364,,,,,,,,,,,,111905,,,,,,,,,,,,,,,,,,,
49112,variation,56915610,,D-sign Rug 1D1309 Beige - 200x290,1,0,hidden,,D-sign Rug 1D1309 Beige 200x290 cm,,,taxable,parent,0,0,,0,0,,290,200,0.6,0,,,2172,,,,,,,56912883-H,,,,,,6,,,Size,200x290,,1,,,,,,,,,,,,,,,,,,,,,,,,,,,,,,,,,,,,,200x290,,,,,,,,,,,,1786457365,,,,,,,,,,,,111906,,,,,,,,,,,,,,,,,,,
49113,variation,56915608,,D-sign Rug 1D1309 Beige - 240x330,1,0,hidden,,D-sign Rug 1D1309 Beige 240x330 cm,,,taxable,parent,0,0,,0,0,,330,240,0.6,0,,,2828,,,,,,,56912883-H,,,,,,7,,,Size,240x330,,1,,,,,,,,,,,,,,,,,,,,,,,,,,,,,,,,,,,,,240x330,,,,,,,,,,,,,,,,,,,,,,,,111907,,,,,,,,,,,,,,,,,,,
49150,variable,56912966-H,,D-sign Rug 1D1320 Grey,1,0,hidden,D-sign Rug 1D1320 Grey ,D-sign Rug 1D1320 Grey ,,,taxable,,0,,,0,0,,,,,1,,,,"Rooms > Living room, Rugs > Modern, Rugs",,,"https://rugshop.eu/wp-content/uploads/2021/10/carpet-acrylic-vals-0w1565-c53-78-light-grey-dark-grey.jpg, https://rugshop.eu/wp-content/uploads/2021/10/carpet-acrylic-vals-0w1565-c53-78-light-grey-dark-grey-1.jpg, https://rugshop.eu/wp-content/uploads/2021/10/carpet-acrylic-vals-0w1565-c53-78-light-grey-dark-grey-2.jpg, https://rugshop.eu/wp-content/uploads/2021/10/carpet-acrylic-vals-0w1565-c53-78-light-grey-dark-grey-3.jpg",,,,,,,,,1710,,,Size,"160x230, 240x340",1,1,Brand,D-sign,1,1,Color,Black-Grey,1,1,Type of color,Multicolor,1,1,Shape,Rectangular,1,1,Material,Acrylic,1,1,Type of rug,Modern,1,1,Weave,Machinemade,1,1,Age,New,1,1,,,,,,,,,,,,,,,,,1786457394,yes,yes,,,,,,,,,,,,,,,,,,,,,,,,,,,,,
49151,variable,56913126-H,,D-sign Rug 1D1321 Grey,1,0,hidden,D-sign Rug 1D1321 Grey,D-sign Rug 1D1321 Grey,,,taxable,,0,,,0,0,,,,,0,,,,"Rooms > Kids, Rugs > Kids, Rugs",,,"https://rugshop.eu/wp-content/uploads/2021/10/carpet-bcf-flash-sheep-4000-grey.jpg, https://rugshop.eu/wp-content/uploads/2021/10/carpet-bcf-flash-sheep-4000-grey-1.jpg, https://rugshop.eu/wp-content/uploads/2021/10/carpet-bcf-flash-sheep-4000-grey-2.jpg, https://rugshop.eu/wp-content/uploads/2021/10/carpet-bcf-flash-sheep-4000-grey-3.jpg",,,,,,,,,1711,,,Size,"120x160, 140x190, 160x220, 200x300",1,1,Brand,D-sign,1,1,Color,Black-Grey,1,1,Type of color,Multicolor,1,1,Shape,Rectangular,1,1,Material,Polypropen,1,1,Type of rug,Modern,1,1,Weave,Machinemade,1,1,Age,New,1,1,,,,,,,,,default,default,default,default,,,,,1786457392,yes,yes,,,,,,,,,,,,,,,,,,,,,,,,,,,,,
49153,variation,56912912,,D-sign Rug 1D1313 Grey - 160x230,1,0,hidden,,D-sign Rug 1D1313 Grey 160x230 cm,,,taxable,parent,0,0,,0,0,,230,160,1.3,0,,,5276,,,,,,,56912912-H,,,,,,1,,,Size,160x230,,1,,,,,,,,,,,,,,,,,,,,,,,,,,,,,,,,,,,,,160x230,,,,,,,,,,,,,,,,,,,,,,,,112202,,,,,,,,,,,,,,,,,,,
49154,variation,56915675,,D-sign Rug 1D1313 Grey - 240x340,1,0,hidden,,D-sign Rug 1D1313 Grey 240x340 cm,,,taxable,parent,0,0,,0,0,,340,240,1.3,0,,,11292,,,,,,,56912912-H,,,,,,2,,,Size,240x340,,1,,,,,,,,,,,,,,,,,,,,,,,,,,,,,,,,,,,,,240x340,,,,,,,,,,,,1786457367,,,,,,,,,,,,112203,,,,,,,,,,,,,,,,,,,
49167,variable,56913159-H,,D-sign Rug 1D1323 Grey,1,0,hidden,D-sign Rug 1D1323 Grey,D-sign Rug 1D1323 Grey,,,taxable,,0,,,0,0,,,,,0,,,,"Rooms > Kids, Rugs > Kids, Rugs",,,"https://rugshop.eu/wp-content/uploads/2021/10/carpet-bcf-flash-penguin-3997-grey.jpg, https://rugshop.eu/wp-content/uploads/2021/10/carpet-bcf-flash-penguin-3997-grey-1.jpg, https://rugshop.eu/wp-content/uploads/2021/10/carpet-bcf-flash-penguin-3997-grey-2.jpg, https://rugshop.eu/wp-content/uploads/2021/10/carpet-bcf-flash-penguin-3997-grey-3.jpg",,,,,,,,,1713,,,Size,"120x160, 140x190, 160x220, 200x300",1,1,Brand,D-sign,1,1,Color,Black-Grey,1,1,Type of color,Multicolor,1,1,Shape,Rectangular,1,1,Material,Polypropen,1,1,Type of rug,Modern,1,1,Weave,Machinemade,1,1,Age,New,1,1,,,,,,,,,default,default,default,default,,,,,1786457399,yes,yes,,,,,,,,,,,,,,,,,,,,,,,,,,,,,
49168,variation,56912926,,D-sign Rug 1D1315 Grey - 160x230,1,0,hidden,,D-sign Rug 1D1315 Grey 160x230 cm,,,taxable,parent,0,0,,0,0,,230,160,1.3,0,,,5276,,,,,,,56912926-H,,,,,,1,,,Size,160x230,,1,,,,,,,,,,,,,,,,,,,,,,,,,,,,,,,,,,,,,160x230,,,,,,,,,,,,,,,,,,,,,,,,112206,,,,,,,,,,,,,,,,,,,
49169,variation,56915680,,D-sign Rug 1D1315 Grey - 240x340,1,0,hidden,,D-sign Rug 1D1315 Grey 240x340 cm,,,taxable,parent,0,0,,0,0,,340,240,1.3,0,,,11292,,,,,,,56912926-H,,,,,,2,,,Size,240x340,,1,,,,,,,,,,,,,,,,,,,,,,,,,,,,,,,,,,,,,240x340,,,,,,,,,,,,1786457368,,,,,,,,,,,,112207,,,,,,,,,,,,,,,,,,,
49182,variable,56913161-H,,D-sign Rug 1D1324 Grey,1,0,hidden,D-sign Rug 1D1324 Grey,D-sign Rug 1D1324 Grey,,,taxable,,0,,,0,0,,,,,0,,,,"Rooms > Kids, Rugs > Kids, Rugs",,,"https://rugshop.eu/wp-content/uploads/2021/10/carpet-bcf-flash-cat-3999-grey.jpg, https://rugshop.eu/wp-content/uploads/2021/10/carpet-bcf-flash-cat-3999-grey-1.jpg, https://rugshop.eu/wp-content/uploads/2021/10/carpet-bcf-flash-cat-3999-grey-2.jpg, https://rugshop.eu/wp-content/uploads/2021/10/carpet-bcf-flash-cat-3999-grey-3.jpg",,,,,,,,,1714,,,Size,"120x160, 140x190, 160x220, 200x300",1,1,Brand,D-sign,1,1,Color,Black-Grey,1,1,Type of color,Multicolor,1,1,Shape,Rectangular,1,1,Material,Polypropen,1,1,Type of rug,Modern,1,1,Weave,Machinemade,1,1,Age,New,1,1,,,,,,,,,default,default,default,default,,,,,1786457401,yes,yes,,,,,,,,,,,,,,,,,,,,,,,,,,,,,
49197,variable,56913160-H,,D-sign Rug 1D1325 Grey,1,0,hidden,D-sign Rug 1D1325 Grey,D-sign Rug 1D1325 Grey,,,taxable,,0,,,0,0,,,,,0,,,,"Rooms > Kids, Rugs > Kids, Rugs",,,"https://rugshop.eu/wp-content/uploads/2021/10/carpet-bcf-flash-sky-4001-stars-grey.jpg, https://rugshop.eu/wp-content/uploads/2021/10/carpet-bcf-flash-sky-4001-stars-grey-1.jpg, https://rugshop.eu/wp-content/uploads/2021/10/carpet-bcf-flash-sky-4001-stars-grey-2.jpg, https://rugshop.eu/wp-content/uploads/2021/10/carpet-bcf-flash-sky-4001-stars-grey-3.jpg",,,,,,,,,1715,,,Size,"120x160, 140x190, 160x220, 200x300",1,1,Brand,D-sign,1,1,Color,Black-Grey,1,1,Type of color,Multicolor,1,1,Shape,Rectangular,1,1,Material,Polypropen,1,1,Type of rug,Modern,1,1,Weave,Machinemade,1,1,Age,New,1,1,,,,,,,,,default,default,default,default,,,,,1786457390,yes,yes,,,,,,,,,,,,,,,,,,,,,,,,,,,,,
49205,variation,56912966,,D-sign Rug 1D1320 Grey - 160x230,1,0,hidden,,D-sign Rug 1D1320 Grey 160x230 cm,,,taxable,parent,0,0,,0,0,,230,160,1.3,0,,,5276,,,,,,,56912966-H,,,,,,1,,,Size,160x230,,1,,,,,,,,,,,,,,,,,,,,,,,,,,,,,,,,,,,,,160x230,,,,,,,,,,,,,,,,,,,,,,,,112218,,,,,,,,,,,,,,,,,,,
49206,variation,56915706,,D-sign Rug 1D1320 Grey - 240x340,1,0,hidden,,D-sign Rug 1D1320 Grey 240x340 cm,,,taxable,parent,0,0,,0,0,,340,240,1.3,0,,,11292,,,,,,,56912966-H,,,,,,2,,,Size,240x340,,1,,,,,,,,,,,,,,,,,,,,,,,,,,,,,,,,,,,,,240x340,,,,,,,,,,,,1786457374,,,,,,,,,,,,112219,,,,,,,,,,,,,,,,,,,
49212,variable,56913517-H,,D-sign Rug 1D1326 Beige,1,0,hidden,D-sign Rug 1D1326 Beige ,D-sign Rug 1D1326 Beige ,,,taxable,,0,,,0,0,,,,,1,,,,"Rooms > Bedroom, Rooms > Living room, Rugs > Modern, Rugs",,,"https://rugshop.eu/wp-content/uploads/2021/10/carpet-soft-2485-k60-11-plain-one-colour-beige.jpg, https://rugshop.eu/wp-content/uploads/2021/10/carpet-soft-2485-k60-11-plain-one-colour-beige-1.jpg, https://rugshop.eu/wp-content/uploads/2021/10/carpet-soft-2485-k60-11-plain-one-colour-beige-2.jpg, https://rugshop.eu/wp-content/uploads/2021/10/carpet-soft-2485-k60-11-plain-one-colour-beige-3.jpg",,,,,,,,,1716,,,Size,"160x230, 200x300, 80x150",1,1,Brand,D-sign,1,1,Color,White-Beige,1,1,Type of color,Singlecolor,1,1,Shape,Rectangular,1,1,Material,Polypropen,1,1,Type of rug,Modern,1,1,Weave,Machinemade,1,1,Country,Turkey,1,1,Age,New,1,1,,,,,,,,,,,,,1786456716,yes,yes,,,,,,,,,,,,,,,,,,,,,,,,,,,,,
49214,variation,56913126,,D-sign Rug 1D1321 Grey - 120x160,1,0,hidden,,D-sign Rug 1D1321 Grey 120x160 cm,,,taxable,parent,0,0,,0,0,,160,120,0.9,0,,,748,,,,,,,56913126-H,,,,,,1,,,Size,120x160,,1,,,,,,,,,,,,,,,,,,,,,,,,,,,,,,,,,,,,,120x160,,,,,,,,,,,,1786456660,,,,,,,,,,,,112323,,,,,,,,,,,,,,,,,,,
49215,variation,56915703,,D-sign Rug 1D1321 Grey - 140x190,1,0,hidden,,D-sign Rug 1D1321 Grey 140x190 cm,,,taxable,parent,0,0,,0,0,,190,140,0.9,0,,,884,,,,,,,56913126-H,,,,,,2,,,Size,140x190,,1,,,,,,,,,,,,,,,,,,,,,,,,,,,,,,,,,,,,,140x190,,,,,,,,,,,,1786457373,,,,,,,,,,,,112324,,,,,,,,,,,,,,,,,,,
49216,variation,56915702,,D-sign Rug 1D1321 Grey - 160x220,1,0,hidden,,D-sign Rug 1D1321 Grey 160x220 cm,,,taxable,parent,0,0,,0,0,,220,160,0.9,0,,,1028,,,,,,,56913126-H,,,,,,3,,,Size,160x220,,1,,,,,,,,,,,,,,,,,,,,,,,,,,,,,,,,,,,,,160x220,,,,,,,,,,,,1786457372,,,,,,,,,,,,112325,,,,,,,,,,,,,,,,,,,
49217,variation,56915707,,D-sign Rug 1D1321 Grey - 200x300,1,0,hidden,,D-sign Rug 1D1321 Grey 200x300 cm,,,taxable,parent,0,0,,0,0,,300,200,0.9,0,,,1564,,,,,,,56913126-H,,,,,,4,,,Size,200x300,,1,,,,,,,,,,,,,,,,,,,,,,,,,,,,,,,,,,,,,200x300,,,,,,,,,,,,,,,,,,,,,,,,112326,,,,,,,,,,,,,,,,,,,
49234,variation,56913159,,D-sign Rug 1D1323 Grey - 120x160,1,0,hidden,,D-sign Rug 1D1323 Grey 120x160 cm,,,taxable,parent,0,0,,0,0,,160,120,0.9,0,,,748,,,,,,,56913159-H,,,,,,1,,,Size,120x160,,1,,,,,,,,,,,,,,,,,,,,,,,,,,,,,,,,,,,,,120x160,,,,,,,,,,,,1786456661,,,,,,,,,,,,112335,,,,,,,,,,,,,,,,,,,
49235,variation,56915726,,D-sign Rug 1D1323 Grey - 140x190,1,0,hidden,,D-sign Rug 1D1323 Grey 140x190 cm,,,taxable,parent,0,0,,0,0,,190,140,0.9,0,,,884,,,,,,,56913159-H,,,,,,2,,,Size,140x190,,1,,,,,,,,,,,,,,,,,,,,,,,,,,,,,,,,,,,,,140x190,,,,,,,,,,,,1786457378,,,,,,,,,,,,112336,,,,,,,,,,,,,,,,,,,
49236,variation,56915731,,D-sign Rug 1D1323 Grey - 160x220,1,0,hidden,,D-sign Rug 1D1323 Grey 160x220 cm,,,taxable,parent,0,0,,0,0,,220,160,0.9,0,,,1028,,,,,,,56913159-H,,,,,,3,,,Size,160x220,,1,,,,,,,,,,,,,,,,,,,,,,,,,,,,,,,,,,,,,160x220,,,,,,,,,,,,1786457378,,,,,,,,,,,,112337,,,,,,,,,,,,,,,,,,,
49237,variation,56915723,,D-sign Rug 1D1323 Grey - 200x300,1,0,hidden,,D-sign Rug 1D1323 Grey 200x300 cm,,,taxable,parent,0,0,,0,0,,300,200,0.9,0,,,1564,,,,,,,56913159-H,,,,,,4,,,Size,200x300,,1,,,,,,,,,,,,,,,,,,,,,,,,,,,,,,,,,,,,,200x300,,,,,,,,,,,,1786457377,,,,,,,,,,,,112338,,,,,,,,,,,,,,,,,,,
49243,variation,56913161,,D-sign Rug 1D1324 Grey - 120x160,1,0,hidden,,D-sign Rug 1D1324 Grey 120x160 cm,,,taxable,parent,0,0,,0,0,,160,120,0.9,0,,,748,,,,,,,56913161-H,,,,,,1,,,Size,120x160,,1,,,,,,,,,,,,,,,,,,,,,,,,,,,,,,,,,,,,,120x160,,,,,,,,,,,,,,,,,,,,,,,,112339,,,,,,,,,,,,,,,,,,,
49244,variation,56915727,,D-sign Rug 1D1324 Grey - 140x190,1,0,hidden,,D-sign Rug 1D1324 Grey 140x190 cm,,,taxable,parent,0,0,,0,0,,190,140,0.9,0,,,884,,,,,,,56913161-H,,,,,,2,,,Size,140x190,,1,,,,,,,,,,,,,,,,,,,,,,,,,,,,,,,,,,,,,140x190,,,,,,,,,,,,1786457378,,,,,,,,,,,,112340,,,,,,,,,,,,,,,,,,,
49245,variation,56915730,,D-sign Rug 1D1324 Grey - 160x220,1,0,hidden,,D-sign Rug 1D1324 Grey 160x220 cm,,,taxable,parent,0,0,,0,0,,220,160,0.9,0,,,1028,,,,,,,56913161-H,,,,,,3,,,Size,160x220,,1,,,,,,,,,,,,,,,,,,,,,,,,,,,,,,,,,,,,,160x220,,,,,,,,,,,,1786457378,,,,,,,,,,,,112341,,,,,,,,,,,,,,,,,,,
49246,variation,56915725,,D-sign Rug 1D1324 Grey - 200x300,1,0,hidden,,D-sign Rug 1D1324 Grey 200x300 cm,,,taxable,parent,0,0,,0,0,,300,200,0.9,0,,,1564,,,,,,,56913161-H,,,,,,4,,,Size,200x300,,1,,,,,,,,,,,,,,,,,,,,,,,,,,,,,,,,,,,,,200x300,,,,,,,,,,,,1786457378,,,,,,,,,,,,112342,,,,,,,,,,,,,,,,,,,
49255,variation,56913160,,D-sign Rug 1D1325 Grey - 120x160,1,0,hidden,,D-sign Rug 1D1325 Grey 120x160 cm,,,taxable,parent,0,0,,0,0,,160,120,0.9,0,,,748,,,,,,,56913160-H,,,,,,1,,,Size,120x160,,1,,,,,,,,,,,,,,,,,,,,,,,,,,,,,,,,,,,,,120x160,,,,,,,,,,,,1786456662,,,,,,,,,,,,112343,,,,,,,,,,,,,,,,,,,
49256,variation,56915701,,D-sign Rug 1D1325 Grey - 140x190,1,0,hidden,,D-sign Rug 1D1325 Grey 140x190 cm,,,taxable,parent,0,0,,0,0,,190,140,0.9,0,,,884,,,,,,,56913160-H,,,,,,2,,,Size,140x190,,1,,,,,,,,,,,,,,,,,,,,,,,,,,,,,,,,,,,,,140x190,,,,,,,,,,,,1786457372,,,,,,,,,,,,112344,,,,,,,,,,,,,,,,,,,
49257,variation,56913162,,D-sign Rug 1D1325 Grey - 160x220,1,0,hidden,,D-sign Rug 1D1325 Grey 160x220 cm,,,taxable,parent,0,0,,0,0,,220,160,0.9,0,,,1028,,,,,,,56913160-H,,,,,,3,,,Size,160x220,,1,,,,,,,,,,,,,,,,,,,,,,,,,,,,,,,,,,,,,160x220,,,,,,,,,,,,1786456662,,,,,,,,,,,,112345,,,,,,,,,,,,,,,,,,,
49258,variation,56913163,,D-sign Rug 1D1325 Grey - 200x300,1,0,hidden,,D-sign Rug 1D1325 Grey 200x300 cm,,,taxable,parent,0,0,,0,0,,300,200,0.9,0,,,1564,,,,,,,56913160-H,,,,,,4,,,Size,200x300,,1,,,,,,,,,,,,,,,,,,,,,,,,,,,,,,,,,,,,,200x300,,,,,,,,,,,,,,,,,,,,,,,,112346,,,,,,,,,,,,,,,,,,,
49264,variation,56913517,,D-sign Rug 1D1326 Beige - 80x150,1,0,hidden,,D-sign Rug 1D1326 Beige 80x150 cm,,,taxable,parent,0,0,,0,0,,150,80,1.5,0,,,1004,,,,,,,56913517-H,,,,,,1,,,Size,80x150,,1,,,,,,,,,,,,,,,,,,,,,,,,,,,,,,,,,,,,,80x150,,,,,,,,,,,,1786456700,,,,,,,,,,,,112627,,,,,,,,,,,,,,,,,,,
49265,variation,56915808,,D-sign Rug 1D1326 Beige - 160x230,1,0,hidden,,D-sign Rug 1D1326 Beige 160x230 cm,,,taxable,parent,0,0,,0,0,,230,160,1.5,0,,,2132,,,,,,,56913517-H,,,,,,2,,,Size,160x230,,1,,,,,,,,,,,,,,,,,,,,,,,,,,,,,,,,,,,,,160x230,,,,,,,,,,,,,,,,,,,,,,,,112628,,,,,,,,,,,,,,,,,,,
49266,variation,56915806,,D-sign Rug 1D1326 Beige - 200x300,1,0,hidden,,D-sign Rug 1D1326 Beige 200x300 cm,,,taxable,parent,0,0,,0,0,,300,200,1.5,0,,,3356,,,,,,,56913517-H,,,,,,3,,,Size,200x300,,1,,,,,,,,,,,,,,,,,,,,,,,,,,,,,,,,,,,,,200x300,,,,,,,,,,,,,,,,,,,,,,,,112629,,,,,,,,,,,,,,,,,,,
49273,variable,56914089-H,,D-sign Rug 1D1334 Blue,1,0,hidden,D-sign Rug 1D1334 Blue ,D-sign Rug 1D1334 Blue ,,,taxable,,0,,,0,0,,,,,1,,,,"Rooms > Bedroom, Rooms > Living room, Rugs > Modern, Rugs",,,"https://rugshop.eu/wp-content/uploads/2021/10/carpet-soft-6144-k60-72-opaque-light-blue.jpg, https://rugshop.eu/wp-content/uploads/2021/10/carpet-soft-6144-k60-72-opaque-light-blue-1.jpg, https://rugshop.eu/wp-content/uploads/2021/10/carpet-soft-6144-k60-72-opaque-light-blue-2.jpg, https://rugshop.eu/wp-content/uploads/2021/10/carpet-soft-6144-k60-72-opaque-light-blue-3.jpg",,,,,,,,,1724,,,Size,"160x230, 200x300, 80x150",1,1,Brand,D-sign,1,1,Color,Blue,1,1,Type of color,Multicolor,1,1,Shape,Rectangular,1,1,Material,Polypropen,1,1,Type of rug,Modern,1,1,Weave,Machinemade,1,1,Country,Turkey,1,1,Age,New,1,1,,,,,,,,,,,,,1786457424,yes,yes,,,,,,,,,,,,,,,,,,,,,,,,,,,,,
49326,variable,56914106-H,,D-sign Rug 1D1339 White,1,0,hidden,D-sign Rug 1D1339 White ,D-sign Rug 1D1339 White ,,,taxable,,0,,,0,0,,,,,1,,,,"Rooms > Bedroom, Rooms > Living room, Rugs > Modern, Rugs",,,"https://rugshop.eu/wp-content/uploads/2021/10/carpet-soft-6460-t70-13-white-cream.jpg, https://rugshop.eu/wp-content/uploads/2021/10/carpet-soft-6460-t70-13-white-cream-1.jpg, https://rugshop.eu/wp-content/uploads/2021/10/carpet-soft-6460-t70-13-white-cream-2.jpg, https://rugshop.eu/wp-content/uploads/2021/10/carpet-soft-6460-t70-13-white-cream-3.jpg",,,,,,,,,1729,,,Size,"160x230, 200x300, 80x150",1,1,Brand,D-sign,1,1,Color,White-Beige,1,1,Type of color,Multicolor,1,1,Shape,Rectangular,1,1,Material,Polypropen,1,1,Type of rug,Modern,1,1,Weave,Machinemade,1,1,Country,Turkey,1,1,Age,New,1,1,,,,,,,,,,,,,1786456861,yes,yes,,,,,,,,,,,,,,,,,,,,,,,,,,,,,
49336,variation,56914089,,D-sign Rug 1D1334 Blue - 80x150,1,0,hidden,,D-sign Rug 1D1334 Blue 80x150 cm,,,taxable,parent,0,0,,0,0,,150,80,1.5,0,,,1004,,,,,,,56914089-H,,,,,,1,,,Size,80x150,,1,,,,,,,,,,,,,,,,,,,,,,,,,,,,,,,,,,,,,80x150,,,,,,,,,,,,1786456797,,,,,,,,,,,,113040,,,,,,,,,,,,,,,,,,,
49337,variation,56915897,,D-sign Rug 1D1334 Blue - 160x230,1,0,hidden,,D-sign Rug 1D1334 Blue 160x230 cm,,,taxable,parent,0,0,,0,0,,230,160,1.5,0,,,2132,,,,,,,56914089-H,,,,,,2,,,Size,160x230,,1,,,,,,,,,,,,,,,,,,,,,,,,,,,,,,,,,,,,,160x230,,,,,,,,,,,,1786457406,,,,,,,,,,,,113041,,,,,,,,,,,,,,,,,,,
49338,variation,56915900,,D-sign Rug 1D1334 Blue - 200x300,1,0,hidden,,D-sign Rug 1D1334 Blue 200x300 cm,,,taxable,parent,0,0,,0,0,,300,200,1.5,0,,,3356,,,,,,,56914089-H,,,,,,3,,,Size,200x300,,1,,,,,,,,,,,,,,,,,,,,,,,,,,,,,,,,,,,,,200x300,,,,,,,,,,,,,,,,,,,,,,,,113042,,,,,,,,,,,,,,,,,,,
49380,variation,56914106,,D-sign Rug 1D1339 White - 80x150,1,0,hidden,,D-sign Rug 1D1339 White 80x150 cm,,,taxable,parent,0,0,,0,0,,150,80,1.5,0,,,1004,,,,,,,56914106-H,,,,,,1,,,Size,80x150,,1,,,,,,,,,,,,,,,,,,,,,,,,,,,,,,,,,,,,,80x150,,,,,,,,,,,,1786456842,,,,,,,,,,,,113061,,,,,,,,,,,,,,,,,,,
49381,variation,56915917,,D-sign Rug 1D1339 White - 160x230,1,0,hidden,,D-sign Rug 1D1339 White 160x230 cm,,,taxable,parent,0,0,,0,0,,230,160,1.5,0,,,2132,,,,,,,56914106-H,,,,,,2,,,Size,160x230,,1,,,,,,,,,,,,,,,,,,,,,,,,,,,,,,,,,,,,,160x230,,,,,,,,,,,,,,,,,,,,,,,,113062,,,,,,,,,,,,,,,,,,,
49382,variation,56915919,,D-sign Rug 1D1339 White - 200x300,1,0,hidden,,D-sign Rug 1D1339 White 200x300 cm,,,taxable,parent,0,0,,0,0,,300,200,1.5,0,,,3356,,,,,,,56914106-H,,,,,,3,,,Size,200x300,,1,,,,,,,,,,,,,,,,,,,,,,,,,,,,,,,,,,,,,200x300,,,,,,,,,,,,,,,,,,,,,,,,113063,,,,,,,,,,,,,,,,,,,
49395,variable,56914149-H,,D-sign Rug 1D1345 Grey,1,0,hidden,D-sign Rug 1D1345 Grey ,D-sign Rug 1D1345 Grey ,,,taxable,,0,,,0,0,,,,,1,,,,"Rooms > Bedroom, Rooms > Living room, Rugs > Modern, Rugs",,,"https://rugshop.eu/wp-content/uploads/2021/10/carpet-bcf-base-3987-trigone-triangles-squares-geometric-grey-ivory.jpg, https://rugshop.eu/wp-content/uploads/2021/10/carpet-bcf-base-3987-trigone-triangles-squares-geometric-grey-ivory-1.jpg, https://rugshop.eu/wp-content/uploads/2021/10/carpet-bcf-base-3987-trigone-triangles-squares-geometric-grey-ivory-2.jpg, https://rugshop.eu/wp-content/uploads/2021/10/carpet-bcf-base-3987-trigone-triangles-squares-geometric-grey-ivory-3.jpg",,,,,,,,,1735,,,Size,"120x160, 140x190, 160x220, 185x270, 200x300, 250x350, 300x400",1,1,Brand,D-sign,1,1,Color,Black-Grey,1,1,Type of color,Multicolor,1,1,Shape,Rectangular,1,1,Material,Polypropen,1,1,Type of rug,Modern,1,1,Weave,Machinemade,1,1,Age,New,1,1,,,,,,,,,,,,,,,,,1786457428,yes,yes,,,,,,,,,,,,,,,,,,,,,,,,,,,,,
49443,variation,56914149,,D-sign Rug 1D1345 Grey - 120x160,1,0,hidden,,D-sign Rug 1D1345 Grey 120x160 cm,,,taxable,parent,0,0,,0,0,,160,120,1,0,,,748,,,,,,,56914149-H,,,,,,1,,,Size,120x160,,1,,,,,,,,,,,,,,,,,,,,,,,,,,,,,,,,,,,,,120x160,,,,,,,,,,,,,,,,,,,,,,,,113111,,,,,,,,,,,,,,,,,,,
49444,variation,56915941,,D-sign Rug 1D1345 Grey - 140x190,1,0,hidden,,D-sign Rug 1D1345 Grey 140x190 cm,,,taxable,parent,0,0,,0,0,,190,140,1,0,,,884,,,,,,,56914149-H,,,,,,2,,,Size,140x190,,1,,,,,,,,,,,,,,,,,,,,,,,,,,,,,,,,,,,,,140x190,,,,,,,,,,,,,,,,,,,,,,,,113112,,,,,,,,,,,,,,,,,,,
49445,variation,56915939,,D-sign Rug 1D1345 Grey - 160x220,1,0,hidden,,D-sign Rug 1D1345 Grey 160x220 cm,,,taxable,parent,0,0,,0,0,,220,160,1,0,,,1028,,,,,,,56914149-H,,,,,,3,,,Size,160x220,,1,,,,,,,,,,,,,,,,,,,,,,,,,,,,,,,,,,,,,160x220,,,,,,,,,,,,,,,,,,,,,,,,113113,,,,,,,,,,,,,,,,,,,
49446,variation,56915936,,D-sign Rug 1D1345 Grey - 185x270,1,0,hidden,,D-sign Rug 1D1345 Grey 185x270 cm,,,taxable,parent,0,0,,0,0,,270,185,1,0,,,1284,,,,,,,56914149-H,,,,,,4,,,Size,185x270,,1,,,,,,,,,,,,,,,,,,,,,,,,,,,,,,,,,,,,,185x270,,,,,,,,,,,,1786457408,,,,,,,,,,,,113114,,,,,,,,,,,,,,,,,,,
49447,variation,56915945,,D-sign Rug 1D1345 Grey - 200x300,1,0,hidden,,D-sign Rug 1D1345 Grey 200x300 cm,,,taxable,parent,0,0,,0,0,,300,200,1,0,,,1564,,,,,,,56914149-H,,,,,,5,,,Size,200x300,,1,,,,,,,,,,,,,,,,,,,,,,,,,,,,,,,,,,,,,200x300,,,,,,,,,,,,,,,,,,,,,,,,113115,,,,,,,,,,,,,,,,,,,
49448,variation,56914155,,D-sign Rug 1D1345 Grey - 250x350,1,0,hidden,,D-sign Rug 1D1345 Grey 250x350 cm,,,taxable,parent,0,0,,0,0,,350,250,1,0,,,1940,,,,,,,56914149-H,,,,,,6,,,Size,250x350,,1,,,,,,,,,,,,,,,,,,,,,,,,,,,,,,,,,,,,,250x350,,,,,,,,,,,,,,,,,,,,,,,,113116,,,,,,,,,,,,,,,,,,,
49449,variation,56914152,,D-sign Rug 1D1345 Grey - 300x400,1,0,hidden,,D-sign Rug 1D1345 Grey 300x400 cm,,,taxable,parent,0,0,,0,0,,400,300,1,0,,,2548,,,,,,,56914149-H,,,,,,7,,,Size,300x400,,1,,,,,,,,,,,,,,,,,,,,,,,,,,,,,,,,,,,,,300x400,,,,,,,,,,,,,,,,,,,,,,,,113117,,,,,,,,,,,,,,,,,,,
49467,variable,56914350-H,,D-sign Rug 1D1352 Green,1,0,hidden,D-sign Rug 1D1352 Green,D-sign Rug 1D1352 Green,,,taxable,,0,,,0,0,,,,,0,,,,"Rooms > Kids, Rugs > Kids, Rugs",,,"https://rugshop.eu/wp-content/uploads/2021/10/carpet-for-kids-hearts-circle-jeans-vintage-children-s-green.jpg, https://rugshop.eu/wp-content/uploads/2021/10/carpet-for-kids-hearts-circle-jeans-vintage-children-s-green-1.jpg, https://rugshop.eu/wp-content/uploads/2021/10/carpet-for-kids-hearts-circle-jeans-vintage-children-s-green-2.jpg, https://rugshop.eu/wp-content/uploads/2021/10/carpet-for-kids-hearts-circle-jeans-vintage-children-s-green-3.jpg",,,,,,,,,1739,,,Size,"100, 133, 150, 170, 200",1,1,Brand,D-sign,1,1,Color,Green,1,1,Type of color,Multicolor,1,1,Shape,Round,1,1,Material,Polyamide,1,1,Type of rug,Vintage / Colored Vintage,1,1,Weave,Machinemade,1,1,Country,Belgium,1,1,Age,New,1,1,,,,,default,default,default,default,,,,,1786456983,yes,yes,,,,,,,,,,,,,,,,,,,,,,,,,,,,,
49468,variable,56914385-H,,D-sign Rug 1D1353 Orange,1,0,hidden,D-sign Rug 1D1353 Orange,D-sign Rug 1D1353 Orange,,,taxable,,0,,,0,0,,,,,0,,,,"Rooms > Kids, Rugs > Kids, Rugs",,,"https://rugshop.eu/wp-content/uploads/2021/10/carpet-for-kids-hearts-circle-jeans-vintage-children-s-orange.jpg, https://rugshop.eu/wp-content/uploads/2021/10/carpet-for-kids-hearts-circle-jeans-vintage-children-s-orange-1.jpg, https://rugshop.eu/wp-content/uploads/2021/10/carpet-for-kids-hearts-circle-jeans-vintage-children-s-orange-2.jpg, https://rugshop.eu/wp-content/uploads/2021/10/carpet-for-kids-hearts-circle-jeans-vintage-children-s-orange-3.jpg",,,,,,,,,1740,,,Size,"100, 133, 150, 170, 200",1,1,Brand,D-sign,1,1,Color,Yellow-Brown,1,1,Type of color,Multicolor,1,1,Shape,Round,1,1,Material,Polyamide,1,1,Type of rug,Vintage / Colored Vintage,1,1,Weave,Machinemade,1,1,Country,Belgium,1,1,Age,New,1,1,,,,,default,default,default,default,,,,,1786456984,yes,yes,,,,,,,,,,,,,,,,,,,,,,,,,,,,,
49469,variable,56914383-H,,D-sign Rug 1D1354 Blue,1,0,hidden,D-sign Rug 1D1354 Blue,D-sign Rug 1D1354 Blue,,,taxable,,0,,,0,0,,,,,0,,,,"Rooms > Kids, Rugs > Kids, Rugs",,,"https://rugshop.eu/wp-content/uploads/2021/10/carpet-for-kids-hearts-circle-jeans-vintage-children-s-turquoise.jpg, https://rugshop.eu/wp-content/uploads/2021/10/carpet-for-kids-hearts-circle-jeans-vintage-children-s-turquoise-1.jpg, https://rugshop.eu/wp-content/uploads/2021/10/carpet-for-kids-hearts-circle-jeans-vintage-children-s-turquoise-2.jpg, https://rugshop.eu/wp-content/uploads/2021/10/carpet-for-kids-hearts-circle-jeans-vintage-children-s-turquoise-3.jpg",,,,,,,,,1741,,,Size,"100, 133, 150, 170, 200",1,1,Brand,D-sign,1,1,Color,Blue,1,1,Type of color,Multicolor,1,1,Shape,Round,1,1,Material,Polyamide,1,1,Type of rug,Vintage / Colored Vintage,1,1,Weave,Machinemade,1,1,Country,Belgium,1,1,Age,New,1,1,,,,,default,default,default,default,,,,,1786457435,yes,yes,,,,,,,,,,,,,,,,,,,,,,,,,,,,,
49494,variable,56914516-H,,D-sign Rug 1D1357 Grey,1,0,hidden,D-sign Rug 1D1357 Grey ,D-sign Rug 1D1357 Grey ,,,taxable,,0,,,0,0,,,,,1,,,,"Rooms > Bedroom, Rooms > Living room, Rugs > Modern, Rugs",,,"https://rugshop.eu/wp-content/uploads/2021/10/carpet-stone-circle-grey.jpg, https://rugshop.eu/wp-content/uploads/2021/10/carpet-stone-circle-grey-1.jpg, https://rugshop.eu/wp-content/uploads/2021/10/carpet-stone-circle-grey-2.jpg, https://rugshop.eu/wp-content/uploads/2021/10/carpet-stone-circle-grey-3.jpg",,,,,,,,,1742,,,Size,"100, 133, 150, 170, 200",1,1,Brand,D-sign,1,1,Color,Black-Grey,1,1,Type of color,Multicolor,1,1,Shape,Round,1,1,Material,Polyamide,1,1,Type of rug,Modern,1,1,Weave,Machinemade,1,1,Country,Belgium,1,1,Age,New,1,1,,,,,,,,,,,,,1786457045,yes,yes,,,,,,,,,,,,,,,,,,,,,,,,,,,,,
49495,variable,56914517-H,,D-sign Rug 1D1358 Beige,1,0,hidden,D-sign Rug 1D1358 Beige ,D-sign Rug 1D1358 Beige ,,,taxable,,0,,,0,0,,,,,0,,,,"Rooms > Entrance & Corridor, Rooms > Kitchen, Rugs > Modern, Rugs",,,"https://rugshop.eu/wp-content/uploads/2021/10/carpet-sizal-floorlux-20580-plain-flat-one-colour-natural-coffee.jpg, https://rugshop.eu/wp-content/uploads/2021/10/carpet-sizal-floorlux-20580-plain-flat-one-colour-natural-coffee-1.jpg, https://rugshop.eu/wp-content/uploads/2021/10/carpet-sizal-floorlux-20580-plain-flat-one-colour-natural-coffee-2.jpg, https://rugshop.eu/wp-content/uploads/2021/10/carpet-sizal-floorlux-20580-plain-flat-one-colour-natural-coffee-3.jpg",,,,,,,,,1743,,,Size,"120x170, 140x200, 160x230, 200x290, 240x330, 60x110, 80x150",1,1,Brand,D-sign,1,1,Color,White-Beige,1,1,Type of color,Multicolor,1,1,Shape,Rectangular,1,1,Material,Polypropen,1,1,Type of rug,Modern,1,1,Weave,Machinemade,1,1,Country,Belgium,1,1,Age,New,1,1,,,,,default,default,default,default,,,,,1786457437,yes,yes,,,,,,,,,classic-editor,,,,,,,,,,,,,,,,,,,,
49496,variation,56914350,,D-sign Rug 1D1352 Green - 100,1,0,hidden,,D-sign Rug 1D1352 Green 100 cm,,,taxable,parent,0,0,,0,0,,100,100,0.65,0,,,620,,,,,,,56914350-H,,,,,,1,,,Size,100,,1,,,,,,,,,,,,,,,,,,,,,,,,,,,,,,,,,,,,,100,,,,,,,,,,,,1786456922,,,,,,,,,,,,113453,,,,,,,,,,,,,,,,,,,
49497,variation,56914382,,D-sign Rug 1D1352 Green - 133,1,0,hidden,,D-sign Rug 1D1352 Green 133 cm,,,taxable,parent,0,0,,0,0,,133,133,0.65,0,,,812,,,,,,,56914350-H,,,,,,2,,,Size,133,,1,,,,,,,,,,,,,,,,,,,,,,,,,,,,,,,,,,,,,133,,,,,,,,,,,,,,,,,,,,,,,,113454,,,,,,,,,,,,,,,,,,,
49498,variation,56915991,,D-sign Rug 1D1352 Green - 150,1,0,hidden,,D-sign Rug 1D1352 Green 150 cm,,,taxable,parent,0,0,,0,0,,150,150,0.65,0,,,900,,,,,,,56914350-H,,,,,,3,,,Size,150,,1,,,,,,,,,,,,,,,,,,,,,,,,,,,,,,,,,,,,,150,,,,,,,,,,,,,,,,,,,,,,,,113455,,,,,,,,,,,,,,,,,,,
49499,variation,56914386,,D-sign Rug 1D1352 Green - 170,1,0,hidden,,D-sign Rug 1D1352 Green 170 cm,,,taxable,parent,0,0,,0,0,,170,170,0.65,0,,,1044,,,,,,,56914350-H,,,,,,4,,,Size,170,,1,,,,,,,,,,,,,,,,,,,,,,,,,,,,,,,,,,,,,170,,,,,,,,,,,,1786456965,,,,,,,,,,,,113456,,,,,,,,,,,,,,,,,,,
49500,variation,56914384,,D-sign Rug 1D1352 Green - 200,1,0,hidden,,D-sign Rug 1D1352 Green 200 cm,,,taxable,parent,0,0,,0,0,,200,200,0.65,0,,,1324,,,,,,,56914350-H,,,,,,5,,,Size,200,,1,,,,,,,,,,,,,,,,,,,,,,,,,,,,,,,,,,,,,200,,,,,,,,,,,,1786456963,,,,,,,,,,,,113457,,,,,,,,,,,,,,,,,,,
49506,variation,56914385,,D-sign Rug 1D1353 Orange - 100,1,0,hidden,,D-sign Rug 1D1353 Orange 100 cm,,,taxable,parent,0,0,,0,0,,100,100,0.65,0,,,620,,,,,,,56914385-H,,,,,,1,,,Size,100,,1,,,,,,,,,,,,,,,,,,,,,,,,,,,,,,,,,,,,,100,,,,,,,,,,,,1786456964,,,,,,,,,,,,113463,,,,,,,,,,,,,,,,,,,
49507,variation,56916008,,D-sign Rug 1D1353 Orange - 133,1,0,hidden,,D-sign Rug 1D1353 Orange 133 cm,,,taxable,parent,0,0,,0,0,,133,133,0.65,0,,,812,,,,,,,56914385-H,,,,,,2,,,Size,133,,1,,,,,,,,,,,,,,,,,,,,,,,,,,,,,,,,,,,,,133,,,,,,,,,,,,,,,,,,,,,,,,113464,,,,,,,,,,,,,,,,,,,
49508,variation,56916010,,D-sign Rug 1D1353 Orange - 150,1,0,hidden,,D-sign Rug 1D1353 Orange 150 cm,,,taxable,parent,0,0,,0,0,,150,150,0.65,0,,,900,,,,,,,56914385-H,,,,,,3,,,Size,150,,1,,,,,,,,,,,,,,,,,,,,,,,,,,,,,,,,,,,,,150,,,,,,,,,,,,,,,,,,,,,,,,113465,,,,,,,,,,,,,,,,,,,
49509,variation,56916013,,D-sign Rug 1D1353 Orange - 170,1,0,hidden,,D-sign Rug 1D1353 Orange 170 cm,,,taxable,parent,0,0,,0,0,,170,170,0.65,0,,,1044,,,,,,,56914385-H,,,,,,4,,,Size,170,,1,,,,,,,,,,,,,,,,,,,,,,,,,,,,,,,,,,,,,170,,,,,,,,,,,,,,,,,,,,,,,,113466,,,,,,,,,,,,,,,,,,,
49510,variation,56916031,,D-sign Rug 1D1353 Orange - 200,1,0,hidden,,D-sign Rug 1D1353 Orange 200 cm,,,taxable,parent,0,0,,0,0,,200,200,0.65,0,,,1324,,,,,,,56914385-H,,,,,,5,,,Size,200,,1,,,,,,,,,,,,,,,,,,,,,,,,,,,,,,,,,,,,,200,,,,,,,,,,,,,,,,,,,,,,,,113467,,,,,,,,,,,,,,,,,,,
49516,variable,56914533-H,,D-sign Rug 1D1359 Grey,1,0,hidden,D-sign Rug 1D1359 Grey,D-sign Rug 1D1359 Grey,,,taxable,,0,,,0,0,,,,,0,,,,"Rooms > Kids, Rugs > Kids, Rugs",,,"https://rugshop.eu/wp-content/uploads/2021/10/carpet-for-kids-stars-circle-children-s-turquoise-grey.jpg, https://rugshop.eu/wp-content/uploads/2021/10/carpet-for-kids-stars-circle-children-s-turquoise-grey-1.jpg, https://rugshop.eu/wp-content/uploads/2021/10/carpet-for-kids-stars-circle-children-s-turquoise-grey-2.jpg, https://rugshop.eu/wp-content/uploads/2021/10/carpet-for-kids-stars-circle-children-s-turquoise-grey-3.jpg",,,,,,,,,1744,,,Size,"100, 133, 150, 170, 200",1,1,Brand,D-sign,1,1,Color,Black-Grey,1,1,Type of color,Multicolor,1,1,Shape,Round,1,1,Material,Polyamide,1,1,Type of rug,Modern,1,1,Weave,Machinemade,1,1,Country,Belgium,1,1,Age,New,1,1,,,,,default,default,default,default,,,,,1786457439,yes,yes,,,,,,,,,,,,,,,,,,,,,,,,,,,,,
49517,variable,56914544-H,,D-sign Rug 1D1360 Cream,1,0,hidden,D-sign Rug 1D1360 Cream ,D-sign Rug 1D1360 Cream ,,,taxable,,0,,,0,0,,,,,1,,,,"Rooms > Bedroom, Rooms > Living room, Rugs > Modern, Rugs, Rugs > Vintage",,,"https://rugshop.eu/wp-content/uploads/2021/10/modern-noble-carpet-1539-68-frame-vintage-structural-two-levels-of-fleece-cream-blue.jpg, https://rugshop.eu/wp-content/uploads/2021/10/modern-noble-carpet-1539-68-frame-vintage-structural-two-levels-of-fleece-cream-blue-1.jpg, https://rugshop.eu/wp-content/uploads/2021/10/modern-noble-carpet-1539-68-frame-vintage-structural-two-levels-of-fleece-cream-blue-2.jpg, https://rugshop.eu/wp-content/uploads/2021/10/modern-noble-carpet-1539-68-frame-vintage-structural-two-levels-of-fleece-cream-blue-3.jpg",,,,,,,,,1745,,,Size,"120x170, 140x190, 160x220, 180x270, 200x290, 240x330, 80x150",1,1,Brand,D-sign,1,1,Color,White-Beige,1,1,Type of color,Multicolor,1,1,Shape,Rectangular,1,1,Material,Polyester,1,1,Type of rug,"Modern, Vintage / Colored Vintage",1,1,Weave,Machinemade,1,1,Age,New,1,1,,,,,,,,,,,,,,,,,1786457441,yes,yes,,,,,,,,,,,,,,,,,,,,,,,,,,,,,
49518,variation,56914383,,D-sign Rug 1D1354 Blue - 100,1,0,hidden,,D-sign Rug 1D1354 Blue 100 cm,,,taxable,parent,0,0,,0,0,,100,100,0.65,0,,,620,,,,,,,56914383-H,,,,,,1,,,Size,100,,1,,,,,,,,,,,,,,,,,,,,,,,,,,,,,,,,,,,,,100,,,,,,,,,,,,1786456961,,,,,,,,,,,,113475,,,,,,,,,,,,,,,,,,,
49519,variation,56915989,,D-sign Rug 1D1354 Blue - 133,1,0,hidden,,D-sign Rug 1D1354 Blue 133 cm,,,taxable,parent,0,0,,0,0,,133,133,0.65,0,,,812,,,,,,,56914383-H,,,,,,2,,,Size,133,,1,,,,,,,,,,,,,,,,,,,,,,,,,,,,,,,,,,,,,133,,,,,,,,,,,,1786457410,,,,,,,,,,,,113476,,,,,,,,,,,,,,,,,,,
49520,variation,56916017,,D-sign Rug 1D1354 Blue - 150,1,0,hidden,,D-sign Rug 1D1354 Blue 150 cm,,,taxable,parent,0,0,,0,0,,150,150,0.65,0,,,900,,,,,,,56914383-H,,,,,,3,,,Size,150,,1,,,,,,,,,,,,,,,,,,,,,,,,,,,,,,,,,,,,,150,,,,,,,,,,,,1786457411,,,,,,,,,,,,113477,,,,,,,,,,,,,,,,,,,
49521,variation,56915995,,D-sign Rug 1D1354 Blue - 170,1,0,hidden,,D-sign Rug 1D1354 Blue 170 cm,,,taxable,parent,0,0,,0,0,,170,170,0.65,0,,,1044,,,,,,,56914383-H,,,,,,4,,,Size,170,,1,,,,,,,,,,,,,,,,,,,,,,,,,,,,,,,,,,,,,170,,,,,,,,,,,,1786457410,,,,,,,,,,,,113478,,,,,,,,,,,,,,,,,,,
49522,variation,56916015,,D-sign Rug 1D1354 Blue - 200,1,0,hidden,,D-sign Rug 1D1354 Blue 200 cm,,,taxable,parent,0,0,,0,0,,200,200,0.65,0,,,1324,,,,,,,56914383-H,,,,,,5,,,Size,200,,1,,,,,,,,,,,,,,,,,,,,,,,,,,,,,,,,,,,,,200,,,,,,,,,,,,1786457411,,,,,,,,,,,,113480,,,,,,,,,,,,,,,,,,,
49528,variation,56914516,,D-sign Rug 1D1357 Grey - 100,1,0,hidden,,D-sign Rug 1D1357 Grey 100 cm,,,taxable,parent,0,0,,0,0,,100,100,0.65,0,,,620,,,,,,,56914516-H,,,,,,1,,,Size,100,,1,,,,,,,,,,,,,,,,,,,,,,,,,,,,,,,,,,,,,100,,,,,,,,,,,,1786457024,,,,,,,,,,,,113653,,,,,,,,,,,,,,,,,,,
49529,variation,56916033,,D-sign Rug 1D1357 Grey - 133,1,0,hidden,,D-sign Rug 1D1357 Grey 133 cm,,,taxable,parent,0,0,,0,0,,133,133,0.65,0,,,812,,,,,,,56914516-H,,,,,,2,,,Size,133,,1,,,,,,,,,,,,,,,,,,,,,,,,,,,,,,,,,,,,,133,,,,,,,,,,,,,,,,,,,,,,,,113654,,,,,,,,,,,,,,,,,,,
49530,variation,56916032,,D-sign Rug 1D1357 Grey - 150,1,0,hidden,,D-sign Rug 1D1357 Grey 150 cm,,,taxable,parent,0,0,,0,0,,150,150,0.65,0,,,900,,,,,,,56914516-H,,,,,,3,,,Size,150,,1,,,,,,,,,,,,,,,,,,,,,,,,,,,,,,,,,,,,,150,,,,,,,,,,,,,,,,,,,,,,,,113655,,,,,,,,,,,,,,,,,,,
49531,variation,56916034,,D-sign Rug 1D1357 Grey - 170,1,0,hidden,,D-sign Rug 1D1357 Grey 170 cm,,,taxable,parent,0,0,,0,0,,170,170,0.65,0,,,1044,,,,,,,56914516-H,,,,,,4,,,Size,170,,1,,,,,,,,,,,,,,,,,,,,,,,,,,,,,,,,,,,,,170,,,,,,,,,,,,,,,,,,,,,,,,113656,,,,,,,,,,,,,,,,,,,
49532,variation,56916035,,D-sign Rug 1D1357 Grey - 200,1,0,hidden,,D-sign Rug 1D1357 Grey 200 cm,,,taxable,parent,0,0,,0,0,,200,200,0.65,0,,,1324,,,,,,,56914516-H,,,,,,5,,,Size,200,,1,,,,,,,,,,,,,,,,,,,,,,,,,,,,,,,,,,,,,200,,,,,,,,,,,,,,,,,,,,,,,,113657,,,,,,,,,,,,,,,,,,,
49539,variable,56914558-H,,D-sign Rug 1D1362 Cream,1,0,hidden,D-sign Rug 1D1362 Cream ,D-sign Rug 1D1362 Cream ,,,taxable,,0,,,0,0,,,,,1,,,,"Rooms > Bedroom, Rooms > Living room, Rugs > Modern, Rugs",,,"https://rugshop.eu/wp-content/uploads/2021/10/modern-noble-carpet-9962-68-marble-stone-structural-two-levels-of-fleece-cream-blue.jpg, https://rugshop.eu/wp-content/uploads/2021/10/modern-noble-carpet-9962-68-marble-stone-structural-two-levels-of-fleece-cream-blue-1.jpg, https://rugshop.eu/wp-content/uploads/2021/10/modern-noble-carpet-9962-68-marble-stone-structural-two-levels-of-fleece-cream-blue-2.jpg, https://rugshop.eu/wp-content/uploads/2021/10/modern-noble-carpet-9962-68-marble-stone-structural-two-levels-of-fleece-cream-blue-3.jpg",,,,,,,,,1747,,,Size,"120x170, 140x190, 160x220, 180x270, 200x290, 240x330, 80x150",1,1,Brand,D-sign,1,1,Color,White-Beige,1,1,Type of color,Multicolor,1,1,Shape,Rectangular,1,1,Material,Polyester,1,1,Type of rug,Modern,1,1,Weave,Machinemade,1,1,Age,New,1,1,,,,,,,,,,,,,,,,,1786457442,yes,yes,,,,,,,,,,,,,,,,,,,,,,,,,,,,,
49540,variation,56914517,,D-sign Rug 1D1358 Beige - 60x110,1,0,hidden,,D-sign Rug 1D1358 Beige 60x110 cm,,,taxable,parent,0,0,,0,0,,110,60,0.6,0,,,604,,,,,,,56914517-H,,,,,,1,,,Size,60x110,,1,,,,,,,,,,,,,,,,,,,,,,,,,,,,,,,,,,,,,60x110,,,,,,,,,,,,1786457025,,,,,,,,,,,,113658,,,,,,,,,,,,,,,,,,,
49541,variation,56916029,,D-sign Rug 1D1358 Beige - 80x150,1,0,hidden,,D-sign Rug 1D1358 Beige 80x150 cm,,,taxable,parent,0,0,,0,0,,150,80,0.6,0,,,764,,,,,,,56914517-H,,,,,,2,,,Size,80x150,,1,,,,,,,,,,,,,,,,,,,,,,,,,,,,,,,,,,,,,80x150,,,,,,,,,,,,1786457412,,,,,,,,,,,,113659,,,,,,,,,,,,,,,,,,,
49542,variation,56914529,,D-sign Rug 1D1358 Beige - 120x170,1,0,hidden,,D-sign Rug 1D1358 Beige 120x170 cm,,,taxable,parent,0,0,,0,0,,170,120,0.6,0,,,996,,,,,,,56914517-H,,,,,,3,,,Size,120x170,,1,,,,,,,,,,,,,,,,,,,,,,,,,,,,,,,,,,,,,120x170,,,,,,,,,,,,1786457026,,,,,,,,,,,,113660,,,,,,,,,,,,,,,,,,,
49543,variation,56914531,,D-sign Rug 1D1358 Beige - 140x200,1,0,hidden,,D-sign Rug 1D1358 Beige 140x200 cm,,,taxable,parent,0,0,,0,0,,200,140,0.6,0,,,1236,,,,,,,56914517-H,,,,,,4,,,Size,140x200,,1,,,,,,,,,,,,,,,,,,,,,,,,,,,,,,,,,,,,,140x200,,,,,,,,,,,,1786457027,,,,,,,,,,,,113661,,,,,,,,,,,,,,,,,,,
49544,variation,56914530,,D-sign Rug 1D1358 Beige - 160x230,1,0,hidden,,D-sign Rug 1D1358 Beige 160x230 cm,,,taxable,parent,0,0,,0,0,,230,160,0.6,0,,,1516,,,,,,,56914517-H,,,,,,5,,,Size,160x230,,1,,,,,,,,,,,,,,,,,,,,,,,,,,,,,,,,,,,,,160x230,,,,,,,,,,,,1786457027,,,,,,,,,,,,113662,,,,,,,,,,,,,,,,,,,
49545,variation,56914532,,D-sign Rug 1D1358 Beige - 200x290,1,0,hidden,,D-sign Rug 1D1358 Beige 200x290 cm,,,taxable,parent,0,0,,0,0,,290,200,0.6,0,,,2172,,,,,,,56914517-H,,,,,,6,,,Size,200x290,,1,,,,,,,,,,,,,,,,,,,,,,,,,,,,,,,,,,,,,200x290,,,,,,,,,,,,1786457028,,,,,,,,,,,,113663,,,,,,,,,,,,,,,,,,,
49546,variation,56914528,,D-sign Rug 1D1358 Beige - 240x330,1,0,hidden,,D-sign Rug 1D1358 Beige 240x330 cm,,,taxable,parent,0,0,,0,0,,330,240,0.6,0,,,2828,,,,,,,56914517-H,,,,,,7,,,Size,240x330,,1,,,,,,,,,,,,,,,,,,,,,,,,,,,,,,,,,,,,,240x330,,,,,,,,,,,,,,,,,,,,,,,,113664,,,,,,,,,,,,,,,,,,,
49552,variation,56914533,,D-sign Rug 1D1359 Grey - 100,1,0,hidden,,D-sign Rug 1D1359 Grey 100 cm,,,taxable,parent,0,0,,0,0,,100,100,0.65,0,,,620,,,,,,,56914533-H,,,,,,1,,,Size,100,,1,,,,,,,,,,,,,,,,,,,,,,,,,,,,,,,,,,,,,100,,,,,,,,,,,,1786457029,,,,,,,,,,,,113665,,,,,,,,,,,,,,,,,,,
49553,variation,56916038,,D-sign Rug 1D1359 Grey - 133,1,0,hidden,,D-sign Rug 1D1359 Grey 133 cm,,,taxable,parent,0,0,,0,0,,133,133,0.65,0,,,812,,,,,,,56914533-H,,,,,,2,,,Size,133,,1,,,,,,,,,,,,,,,,,,,,,,,,,,,,,,,,,,,,,133,,,,,,,,,,,,,,,,,,,,,,,,113667,,,,,,,,,,,,,,,,,,,
49554,variation,56916056,,D-sign Rug 1D1359 Grey - 150,1,0,hidden,,D-sign Rug 1D1359 Grey 150 cm,,,taxable,parent,0,0,,0,0,,150,150,0.65,0,,,900,,,,,,,56914533-H,,,,,,3,,,Size,150,,1,,,,,,,,,,,,,,,,,,,,,,,,,,,,,,,,,,,,,150,,,,,,,,,,,,,,,,,,,,,,,,113666,,,,,,,,,,,,,,,,,,,
49555,variation,56916037,,D-sign Rug 1D1359 Grey - 170,1,0,hidden,,D-sign Rug 1D1359 Grey 170 cm,,,taxable,parent,0,0,,0,0,,170,170,0.65,0,,,1044,,,,,,,56914533-H,,,,,,4,,,Size,170,,1,,,,,,,,,,,,,,,,,,,,,,,,,,,,,,,,,,,,,170,,,,,,,,,,,,,,,,,,,,,,,,113668,,,,,,,,,,,,,,,,,,,
49556,variation,56916036,,D-sign Rug 1D1359 Grey - 200,1,0,hidden,,D-sign Rug 1D1359 Grey 200 cm,,,taxable,parent,0,0,,0,0,,200,200,0.65,0,,,1324,,,,,,,56914533-H,,,,,,5,,,Size,200,,1,,,,,,,,,,,,,,,,,,,,,,,,,,,,,,,,,,,,,200,,,,,,,,,,,,1786457413,,,,,,,,,,,,113669,,,,,,,,,,,,,,,,,,,
49562,variable,56914572-H,,D-sign Rug 1D1363 Cream,1,0,hidden,D-sign Rug 1D1363 Cream ,D-sign Rug 1D1363 Cream ,,,taxable,,0,,,0,0,,,,,1,,,,"Rooms > Bedroom, Rooms > Living room, Rugs > Modern, Rugs, Rugs > Vintage",,,"https://rugshop.eu/wp-content/uploads/2021/10/modern-noble-carpet-1512-67-frame-greek-vintage-structural-two-levels-of-fleece-cream-beige.jpg, https://rugshop.eu/wp-content/uploads/2021/10/modern-noble-carpet-1512-67-frame-greek-vintage-structural-two-levels-of-fleece-cream-beige-1.jpg, https://rugshop.eu/wp-content/uploads/2021/10/modern-noble-carpet-1512-67-frame-greek-vintage-structural-two-levels-of-fleece-cream-beige-2.jpg, https://rugshop.eu/wp-content/uploads/2021/10/modern-noble-carpet-1512-67-frame-greek-vintage-structural-two-levels-of-fleece-cream-beige-3.jpg",,,,,,,,,1748,,,Size,"120x170, 140x190, 160x220, 180x270, 200x290, 240x330, 80x150",1,1,Brand,D-sign,1,1,Color,White-Beige,1,1,Type of color,Multicolor,1,1,Shape,Rectangular,1,1,Material,Polyester,1,1,Type of rug,"Modern, Vintage / Colored Vintage",1,1,Weave,Machinemade,1,1,Age,New,1,1,,,,,,,,,,,,,,,,,1786457444,yes,yes,,,,,,,,,,,,,,,,,,,,,,,,,,,,,
49563,variation,56914544,,D-sign Rug 1D1360 Cream - 80x150,1,0,hidden,,D-sign Rug 1D1360 Cream 80x150 cm,,,taxable,parent,0,0,,0,0,,150,80,1.2,0,,,1284,,,,,,,56914544-H,,,,,,1,,,Size,80x150,,1,,,,,,,,,,,,,,,,,,,,,,,,,,,,,,,,,,,,,80x150,,,,,,,,,,,,,,,,,,,,,,,,113686,,,,,,,,,,,,,,,,,,,
49564,variation,56916058,,D-sign Rug 1D1360 Cream - 120x170,1,0,hidden,,D-sign Rug 1D1360 Cream 120x170 cm,,,taxable,parent,0,0,,0,0,,170,120,1.2,0,,,1940,,,,,,,56914544-H,,,,,,2,,,Size,120x170,,1,,,,,,,,,,,,,,,,,,,,,,,,,,,,,,,,,,,,,120x170,,,,,,,,,,,,1786457415,,,,,,,,,,,,113687,,,,,,,,,,,,,,,,,,,
49565,variation,56916050,,D-sign Rug 1D1360 Cream - 140x190,1,0,hidden,,D-sign Rug 1D1360 Cream 140x190 cm,,,taxable,parent,0,0,,0,0,,190,140,1.2,0,,,2364,,,,,,,56914544-H,,,,,,3,,,Size,140x190,,1,,,,,,,,,,,,,,,,,,,,,,,,,,,,,,,,,,,,,140x190,,,,,,,,,,,,1786457413,,,,,,,,,,,,113688,,,,,,,,,,,,,,,,,,,
49566,variation,56916052,,D-sign Rug 1D1360 Cream - 160x220,1,0,hidden,,D-sign Rug 1D1360 Cream 160x220 cm,,,taxable,parent,0,0,,0,0,,220,160,1.2,0,,,3020,,,,,,,56914544-H,,,,,,4,,,Size,160x220,,1,,,,,,,,,,,,,,,,,,,,,,,,,,,,,,,,,,,,,160x220,,,,,,,,,,,,1786457414,,,,,,,,,,,,113689,,,,,,,,,,,,,,,,,,,
49567,variation,56916049,,D-sign Rug 1D1360 Cream - 180x270,1,0,hidden,,D-sign Rug 1D1360 Cream 180x270 cm,,,taxable,parent,0,0,,0,0,,270,180,1.2,0,,,4004,,,,,,,56914544-H,,,,,,5,,,Size,180x270,,1,,,,,,,,,,,,,,,,,,,,,,,,,,,,,,,,,,,,,180x270,,,,,,,,,,,,,,,,,,,,,,,,113690,,,,,,,,,,,,,,,,,,,
49568,variation,56916054,,D-sign Rug 1D1360 Cream - 200x290,1,0,hidden,,D-sign Rug 1D1360 Cream 200x290 cm,,,taxable,parent,0,0,,0,0,,290,200,1.2,0,,,4708,,,,,,,56914544-H,,,,,,6,,,Size,200x290,,1,,,,,,,,,,,,,,,,,,,,,,,,,,,,,,,,,,,,,200x290,,,,,,,,,,,,,,,,,,,,,,,,113691,,,,,,,,,,,,,,,,,,,
49569,variation,56916053,,D-sign Rug 1D1360 Cream - 240x330,1,0,hidden,,D-sign Rug 1D1360 Cream 240x330 cm,,,taxable,parent,0,0,,0,0,,330,240,1.2,0,,,6404,,,,,,,56914544-H,,,,,,7,,,Size,240x330,,1,,,,,,,,,,,,,,,,,,,,,,,,,,,,,,,,,,,,,240x330,,,,,,,,,,,,,,,,,,,,,,,,113692,,,,,,,,,,,,,,,,,,,
49588,variable,56914584-H,,D-sign Rug 1D1365 Cream,1,0,hidden,D-sign Rug 1D1365 Cream ,D-sign Rug 1D1365 Cream ,,,taxable,,0,,,0,0,,,,,1,,,,"Rooms > Bedroom, Rooms > Living room, Rugs > Modern, Rugs, Rugs > Vintage",,,"https://rugshop.eu/wp-content/uploads/2021/10/modern-noble-carpet-9730-68-frame-vintage-structural-two-levels-of-fleece-cream-blue.jpg, https://rugshop.eu/wp-content/uploads/2021/10/modern-noble-carpet-9730-68-frame-vintage-structural-two-levels-of-fleece-cream-blue-1.jpg, https://rugshop.eu/wp-content/uploads/2021/10/modern-noble-carpet-9730-68-frame-vintage-structural-two-levels-of-fleece-cream-blue-2.jpg, https://rugshop.eu/wp-content/uploads/2021/10/modern-noble-carpet-9730-68-frame-vintage-structural-two-levels-of-fleece-cream-blue-3.jpg",,,,,,,,,1750,,,Size,"120x170, 140x190, 160x220, 180x270, 200x290, 240x330, 80x150",1,1,Brand,D-sign,1,1,Color,White-Beige,1,1,Type of color,Multicolor,1,1,Shape,Rectangular,1,1,Material,Polyester,1,1,Type of rug,"Modern, Vintage / Colored Vintage",1,1,Weave,Machinemade,1,1,Age,New,1,1,,,,,,,,,,,,,,,,,1786457447,yes,yes,,,,,,,,,,,,,,,,,,,,,,,,,,,,,
49589,variation,56914558,,D-sign Rug 1D1362 Cream - 80x150,1,0,hidden,,D-sign Rug 1D1362 Cream 80x150 cm,,,taxable,parent,0,0,,0,0,,150,80,1.2,0,,,1284,,,,,,,56914558-H,,,,,,1,,,Size,80x150,,1,,,,,,,,,,,,,,,,,,,,,,,,,,,,,,,,,,,,,80x150,,,,,,,,,,,,1786457030,,,,,,,,,,,,113702,,,,,,,,,,,,,,,,,,,
49590,variation,56916083,,D-sign Rug 1D1362 Cream - 120x170,1,0,hidden,,D-sign Rug 1D1362 Cream 120x170 cm,,,taxable,parent,0,0,,0,0,,170,120,1.2,0,,,1940,,,,,,,56914558-H,,,,,,2,,,Size,120x170,,1,,,,,,,,,,,,,,,,,,,,,,,,,,,,,,,,,,,,,120x170,,,,,,,,,,,,1786457416,,,,,,,,,,,,113703,,,,,,,,,,,,,,,,,,,
49591,variation,56916057,,D-sign Rug 1D1362 Cream - 140x190,1,0,hidden,,D-sign Rug 1D1362 Cream 140x190 cm,,,taxable,parent,0,0,,0,0,,190,140,1.2,0,,,2364,,,,,,,56914558-H,,,,,,3,,,Size,140x190,,1,,,,,,,,,,,,,,,,,,,,,,,,,,,,,,,,,,,,,140x190,,,,,,,,,,,,1786457415,,,,,,,,,,,,113704,,,,,,,,,,,,,,,,,,,
49592,variation,56916085,,D-sign Rug 1D1362 Cream - 160x220,1,0,hidden,,D-sign Rug 1D1362 Cream 160x220 cm,,,taxable,parent,0,0,,0,0,,220,160,1.2,0,,,3020,,,,,,,56914558-H,,,,,,4,,,Size,160x220,,1,,,,,,,,,,,,,,,,,,,,,,,,,,,,,,,,,,,,,160x220,,,,,,,,,,,,,,,,,,,,,,,,113705,,,,,,,,,,,,,,,,,,,
49593,variation,56916081,,D-sign Rug 1D1362 Cream - 180x270,1,0,hidden,,D-sign Rug 1D1362 Cream 180x270 cm,,,taxable,parent,0,0,,0,0,,270,180,1.2,0,,,4004,,,,,,,56914558-H,,,,,,5,,,Size,180x270,,1,,,,,,,,,,,,,,,,,,,,,,,,,,,,,,,,,,,,,180x270,,,,,,,,,,,,,,,,,,,,,,,,113706,,,,,,,,,,,,,,,,,,,
49594,variation,56916082,,D-sign Rug 1D1362 Cream - 200x290,1,0,hidden,,D-sign Rug 1D1362 Cream 200x290 cm,,,taxable,parent,0,0,,0,0,,290,200,1.2,0,,,4708,,,,,,,56914558-H,,,,,,6,,,Size,200x290,,1,,,,,,,,,,,,,,,,,,,,,,,,,,,,,,,,,,,,,200x290,,,,,,,,,,,,,,,,,,,,,,,,113707,,,,,,,,,,,,,,,,,,,
49595,variation,56914571,,D-sign Rug 1D1362 Cream - 240x330,1,0,hidden,,D-sign Rug 1D1362 Cream 240x330 cm,,,taxable,parent,0,0,,0,0,,330,240,1.2,0,,,6404,,,,,,,56914558-H,,,,,,7,,,Size,240x330,,1,,,,,,,,,,,,,,,,,,,,,,,,,,,,,,,,,,,,,240x330,,,,,,,,,,,,,,,,,,,,,,,,113708,,,,,,,,,,,,,,,,,,,
49601,variation,56914572,,D-sign Rug 1D1363 Cream - 80x150,1,0,hidden,,D-sign Rug 1D1363 Cream 80x150 cm,,,taxable,parent,0,0,,0,0,,150,80,1.2,0,,,1284,,,,,,,56914572-H,,,,,,1,,,Size,80x150,,1,,,,,,,,,,,,,,,,,,,,,,,,,,,,,,,,,,,,,80x150,,,,,,,,,,,,1786457033,,,,,,,,,,,,113709,,,,,,,,,,,,,,,,,,,
49602,variation,56916089,,D-sign Rug 1D1363 Cream - 120x170,1,0,hidden,,D-sign Rug 1D1363 Cream 120x170 cm,,,taxable,parent,0,0,,0,0,,170,120,1.2,0,,,1940,,,,,,,56914572-H,,,,,,2,,,Size,120x170,,1,,,,,,,,,,,,,,,,,,,,,,,,,,,,,,,,,,,,,120x170,,,,,,,,,,,,1786457416,,,,,,,,,,,,113710,,,,,,,,,,,,,,,,,,,
49603,variation,56916103,,D-sign Rug 1D1363 Cream - 140x190,1,0,hidden,,D-sign Rug 1D1363 Cream 140x190 cm,,,taxable,parent,0,0,,0,0,,190,140,1.2,0,,,2364,,,,,,,56914572-H,,,,,,3,,,Size,140x190,,1,,,,,,,,,,,,,,,,,,,,,,,,,,,,,,,,,,,,,140x190,,,,,,,,,,,,,,,,,,,,,,,,113711,,,,,,,,,,,,,,,,,,,
49604,variation,56916090,,D-sign Rug 1D1363 Cream - 160x220,1,0,hidden,,D-sign Rug 1D1363 Cream 160x220 cm,,,taxable,parent,0,0,,0,0,,220,160,1.2,0,,,3020,,,,,,,56914572-H,,,,,,4,,,Size,160x220,,1,,,,,,,,,,,,,,,,,,,,,,,,,,,,,,,,,,,,,160x220,,,,,,,,,,,,,,,,,,,,,,,,113712,,,,,,,,,,,,,,,,,,,
49605,variation,56916086,,D-sign Rug 1D1363 Cream - 180x270,1,0,hidden,,D-sign Rug 1D1363 Cream 180x270 cm,,,taxable,parent,0,0,,0,0,,270,180,1.2,0,,,4004,,,,,,,56914572-H,,,,,,5,,,Size,180x270,,1,,,,,,,,,,,,,,,,,,,,,,,,,,,,,,,,,,,,,180x270,,,,,,,,,,,,,,,,,,,,,,,,113713,,,,,,,,,,,,,,,,,,,
49606,variation,56916084,,D-sign Rug 1D1363 Cream - 200x290,1,0,hidden,,D-sign Rug 1D1363 Cream 200x290 cm,,,taxable,parent,0,0,,0,0,,290,200,1.2,0,,,4708,,,,,,,56914572-H,,,,,,6,,,Size,200x290,,1,,,,,,,,,,,,,,,,,,,,,,,,,,,,,,,,,,,,,200x290,,,,,,,,,,,,,,,,,,,,,,,,113714,,,,,,,,,,,,,,,,,,,
49607,variation,56916088,,D-sign Rug 1D1363 Cream - 240x330,1,0,hidden,,D-sign Rug 1D1363 Cream 240x330 cm,,,taxable,parent,0,0,,0,0,,330,240,1.2,0,,,6404,,,,,,,56914572-H,,,,,,7,,,Size,240x330,,1,,,,,,,,,,,,,,,,,,,,,,,,,,,,,,,,,,,,,240x330,,,,,,,,,,,,,,,,,,,,,,,,113715,,,,,,,,,,,,,,,,,,,
49613,variable,56914601-H,,D-sign Rug 1D1366 Cream,1,0,hidden,D-sign Rug 1D1366 Cream ,D-sign Rug 1D1366 Cream ,,,taxable,,0,,,0,0,,,,,1,,,,"Rooms > Bedroom, Rooms > Living room, Rugs > Modern, Rugs, Rugs > Vintage",,,"https://rugshop.eu/wp-content/uploads/2021/10/modern-noble-carpet-1512-68-frame-greek-vintage-structural-two-levels-of-fleece-cream-blue.jpg, https://rugshop.eu/wp-content/uploads/2021/10/modern-noble-carpet-1512-68-frame-greek-vintage-structural-two-levels-of-fleece-cream-blue-1.jpg, https://rugshop.eu/wp-content/uploads/2021/10/modern-noble-carpet-1512-68-frame-greek-vintage-structural-two-levels-of-fleece-cream-blue-2.jpg, https://rugshop.eu/wp-content/uploads/2021/10/modern-noble-carpet-1512-68-frame-greek-vintage-structural-two-levels-of-fleece-cream-blue-3.jpg",,,,,,,,,1751,,,Size,"120x170, 140x190, 160x220, 180x270, 200x290, 240x330, 80x150",1,1,Brand,D-sign,1,1,Color,White-Beige,1,1,Type of color,Multicolor,1,1,Shape,Rectangular,1,1,Material,Polyester,1,1,Type of rug,"Modern, Vintage / Colored Vintage",1,1,Weave,Machinemade,1,1,Age,New,1,1,,,,,,,,,,,,,,,,,1786457450,yes,yes,,,,,,,,,,,,,,,,,,,,,,,,,,,,,
49614,variable,56914602-H,,D-sign Rug 1D1367 Cream,1,0,hidden,D-sign Rug 1D1367 Cream ,D-sign Rug 1D1367 Cream ,,,taxable,,0,,,0,0,,,,,1,,,,"Rooms > Bedroom, Rooms > Living room, Rugs > Modern, Rugs, Rugs > Vintage",,,"https://rugshop.eu/wp-content/uploads/2021/10/modern-noble-carpet-9479-63-ornament-vintage-structural-two-levels-of-fleece-cream-blue.jpg, https://rugshop.eu/wp-content/uploads/2021/10/modern-noble-carpet-9479-63-ornament-vintage-structural-two-levels-of-fleece-cream-blue-1.jpg, https://rugshop.eu/wp-content/uploads/2021/10/modern-noble-carpet-9479-63-ornament-vintage-structural-two-levels-of-fleece-cream-blue-2.jpg, https://rugshop.eu/wp-content/uploads/2021/10/modern-noble-carpet-9479-63-ornament-vintage-structural-two-levels-of-fleece-cream-blue-3.jpg",,,,,,,,,1752,,,Size,"120x170, 140x190, 160x220, 180x270, 200x290, 240x330, 80x150",1,1,Brand,D-sign,1,1,Color,Blue,1,1,Type of color,Multicolor,1,1,Shape,Rectangular,1,1,Material,Polyester,1,1,Type of rug,"Modern, Vintage / Colored Vintage",1,1,Weave,Machinemade,1,1,Age,New,1,1,,,,,,,,,,,,,,,,,1786457075,yes,yes,,,,,,,,,,,,,,,,,,,,,,,,,,,,,
49627,variation,56914584,,D-sign Rug 1D1365 Cream - 80x150,1,0,hidden,,D-sign Rug 1D1365 Cream 80x150 cm,,,taxable,parent,0,0,,0,0,,150,80,1.2,0,,,1284,,,,,,,56914584-H,,,,,,1,,,Size,80x150,,1,,,,,,,,,,,,,,,,,,,,,,,,,,,,,,,,,,,,,80x150,,,,,,,,,,,,,,,,,,,,,,,,113733,,,,,,,,,,,,,,,,,,,
49628,variation,56916108,,D-sign Rug 1D1365 Cream - 120x170,1,0,hidden,,D-sign Rug 1D1365 Cream 120x170 cm,,,taxable,parent,0,0,,0,0,,170,120,1.2,0,,,1940,,,,,,,56914584-H,,,,,,2,,,Size,120x170,,1,,,,,,,,,,,,,,,,,,,,,,,,,,,,,,,,,,,,,120x170,,,,,,,,,,,,1786457419,,,,,,,,,,,,113734,,,,,,,,,,,,,,,,,,,
49629,variation,56916105,,D-sign Rug 1D1365 Cream - 140x190,1,0,hidden,,D-sign Rug 1D1365 Cream 140x190 cm,,,taxable,parent,0,0,,0,0,,190,140,1.2,0,,,2364,,,,,,,56914584-H,,,,,,3,,,Size,140x190,,1,,,,,,,,,,,,,,,,,,,,,,,,,,,,,,,,,,,,,140x190,,,,,,,,,,,,,,,,,,,,,,,,113735,,,,,,,,,,,,,,,,,,,
49630,variation,56916106,,D-sign Rug 1D1365 Cream - 160x220,1,0,hidden,,D-sign Rug 1D1365 Cream 160x220 cm,,,taxable,parent,0,0,,0,0,,220,160,1.2,0,,,3020,,,,,,,56914584-H,,,,,,4,,,Size,160x220,,1,,,,,,,,,,,,,,,,,,,,,,,,,,,,,,,,,,,,,160x220,,,,,,,,,,,,1786457418,,,,,,,,,,,,113736,,,,,,,,,,,,,,,,,,,
49631,variation,56916102,,D-sign Rug 1D1365 Cream - 180x270,1,0,hidden,,D-sign Rug 1D1365 Cream 180x270 cm,,,taxable,parent,0,0,,0,0,,270,180,1.2,0,,,4004,,,,,,,56914584-H,,,,,,5,,,Size,180x270,,1,,,,,,,,,,,,,,,,,,,,,,,,,,,,,,,,,,,,,180x270,,,,,,,,,,,,1786457417,,,,,,,,,,,,113737,,,,,,,,,,,,,,,,,,,
49632,variation,56914600,,D-sign Rug 1D1365 Cream - 200x290,1,0,hidden,,D-sign Rug 1D1365 Cream 200x290 cm,,,taxable,parent,0,0,,0,0,,290,200,1.2,0,,,4708,,,,,,,56914584-H,,,,,,6,,,Size,200x290,,1,,,,,,,,,,,,,,,,,,,,,,,,,,,,,,,,,,,,,200x290,,,,,,,,,,,,1786457036,,,,,,,,,,,,113738,,,,,,,,,,,,,,,,,,,
49633,variation,56914603,,D-sign Rug 1D1365 Cream - 240x330,1,0,hidden,,D-sign Rug 1D1365 Cream 240x330 cm,,,taxable,parent,0,0,,0,0,,330,240,1.2,0,,,6404,,,,,,,56914584-H,,,,,,7,,,Size,240x330,,1,,,,,,,,,,,,,,,,,,,,,,,,,,,,,,,,,,,,,240x330,,,,,,,,,,,,,,,,,,,,,,,,113739,,,,,,,,,,,,,,,,,,,
49640,variable,56914628-H,,D-sign Rug 1D1369 Cream,1,0,hidden,D-sign Rug 1D1369 Cream,D-sign Rug 1D1369 Cream,,,taxable,,0,,,0,0,,,,,0,,,,"Rooms > Kids, Rugs > Kids, Rugs",,,"https://rugshop.eu/wp-content/uploads/2021/10/carpet-petit-bear-cream.jpg, https://rugshop.eu/wp-content/uploads/2021/10/carpet-petit-bear-cream-1.jpg, https://rugshop.eu/wp-content/uploads/2021/10/carpet-petit-bear-cream-2.jpg, https://rugshop.eu/wp-content/uploads/2021/10/carpet-petit-bear-cream-3.jpg",,,,,,,,,1754,,,Size,"120x170, 140x190, 160x220, 180x270, 200x290, 240x330, 80x150",1,1,Brand,D-sign,1,1,Color,White-Beige,1,1,Type of color,Multicolor,1,1,Shape,Rectangular,1,1,Material,Polypropen,1,1,Type of rug,Modern,1,1,Weave,Machinemade,1,1,Country,Turkey,1,1,Age,New,1,1,,,,,default,default,default,default,,,,,1786457454,yes,yes,,,,,,,,,,,,,,,,,,,,,,,,,,,,,
49641,variation,56914601,,D-sign Rug 1D1366 Cream - 80x150,1,0,hidden,,D-sign Rug 1D1366 Cream 80x150 cm,,,taxable,parent,0,0,,0,0,,150,80,1.2,0,,,1284,,,,,,,56914601-H,,,,,,1,,,Size,80x150,,1,,,,,,,,,,,,,,,,,,,,,,,,,,,,,,,,,,,,,80x150,,,,,,,,,,,,,,,,,,,,,,,,113740,,,,,,,,,,,,,,,,,,,
49642,variation,56916109,,D-sign Rug 1D1366 Cream - 120x170,1,0,hidden,,D-sign Rug 1D1366 Cream 120x170 cm,,,taxable,parent,0,0,,0,0,,170,120,1.2,0,,,1940,,,,,,,56914601-H,,,,,,2,,,Size,120x170,,1,,,,,,,,,,,,,,,,,,,,,,,,,,,,,,,,,,,,,120x170,,,,,,,,,,,,1786457419,,,,,,,,,,,,113741,,,,,,,,,,,,,,,,,,,
49643,variation,56916110,,D-sign Rug 1D1366 Cream - 140x190,1,0,hidden,,D-sign Rug 1D1366 Cream 140x190 cm,,,taxable,parent,0,0,,0,0,,190,140,1.2,0,,,2364,,,,,,,56914601-H,,,,,,3,,,Size,140x190,,1,,,,,,,,,,,,,,,,,,,,,,,,,,,,,,,,,,,,,140x190,,,,,,,,,,,,1786457420,,,,,,,,,,,,113742,,,,,,,,,,,,,,,,,,,
49644,variation,56916101,,D-sign Rug 1D1366 Cream - 160x220,1,0,hidden,,D-sign Rug 1D1366 Cream 160x220 cm,,,taxable,parent,0,0,,0,0,,220,160,1.2,0,,,3020,,,,,,,56914601-H,,,,,,4,,,Size,160x220,,1,,,,,,,,,,,,,,,,,,,,,,,,,,,,,,,,,,,,,160x220,,,,,,,,,,,,,,,,,,,,,,,,113743,,,,,,,,,,,,,,,,,,,
49645,variation,56916124,,D-sign Rug 1D1366 Cream - 180x270,1,0,hidden,,D-sign Rug 1D1366 Cream 180x270 cm,,,taxable,parent,0,0,,0,0,,270,180,1.2,0,,,4004,,,,,,,56914601-H,,,,,,5,,,Size,180x270,,1,,,,,,,,,,,,,,,,,,,,,,,,,,,,,,,,,,,,,180x270,,,,,,,,,,,,1786457421,,,,,,,,,,,,113744,,,,,,,,,,,,,,,,,,,
49646,variation,56916104,,D-sign Rug 1D1366 Cream - 200x290,1,0,hidden,,D-sign Rug 1D1366 Cream 200x290 cm,,,taxable,parent,0,0,,0,0,,290,200,1.2,0,,,4708,,,,,,,56914601-H,,,,,,6,,,Size,200x290,,1,,,,,,,,,,,,,,,,,,,,,,,,,,,,,,,,,,,,,200x290,,,,,,,,,,,,,,,,,,,,,,,,113745,,,,,,,,,,,,,,,,,,,
49647,variation,56916107,,D-sign Rug 1D1366 Cream - 240x330,1,0,hidden,,D-sign Rug 1D1366 Cream 240x330 cm,,,taxable,parent,0,0,,0,0,,330,240,1.2,0,,,6404,,,,,,,56914601-H,,,,,,7,,,Size,240x330,,1,,,,,,,,,,,,,,,,,,,,,,,,,,,,,,,,,,,,,240x330,,,,,,,,,,,,1786457418,,,,,,,,,,,,113746,,,,,,,,,,,,,,,,,,,
49653,variation,56914602,,D-sign Rug 1D1367 Cream - 80x150,1,0,hidden,,D-sign Rug 1D1367 Cream 80x150 cm,,,taxable,parent,0,0,,0,0,,150,80,1.2,0,,,1284,,,,,,,56914602-H,,,,,,1,,,Size,80x150,,1,,,,,,,,,,,,,,,,,,,,,,,,,,,,,,,,,,,,,80x150,,,,,,,,,,,,,,,,,,,,,,,,113747,,,,,,,,,,,,,,,,,,,
49654,variation,56914615,,D-sign Rug 1D1367 Cream - 120x170,1,0,hidden,,D-sign Rug 1D1367 Cream 120x170 cm,,,taxable,parent,0,0,,0,0,,170,120,1.2,0,,,1940,,,,,,,56914602-H,,,,,,2,,,Size,120x170,,1,,,,,,,,,,,,,,,,,,,,,,,,,,,,,,,,,,,,,120x170,,,,,,,,,,,,1786457039,,,,,,,,,,,,113748,,,,,,,,,,,,,,,,,,,
49655,variation,56914620,,D-sign Rug 1D1367 Cream - 140x190,1,0,hidden,,D-sign Rug 1D1367 Cream 140x190 cm,,,taxable,parent,0,0,,0,0,,190,140,1.2,0,,,2364,,,,,,,56914602-H,,,,,,3,,,Size,140x190,,1,,,,,,,,,,,,,,,,,,,,,,,,,,,,,,,,,,,,,140x190,,,,,,,,,,,,,,,,,,,,,,,,113749,,,,,,,,,,,,,,,,,,,
49656,variation,56914617,,D-sign Rug 1D1367 Cream - 160x220,1,0,hidden,,D-sign Rug 1D1367 Cream 160x220 cm,,,taxable,parent,0,0,,0,0,,220,160,1.2,0,,,3020,,,,,,,56914602-H,,,,,,4,,,Size,160x220,,1,,,,,,,,,,,,,,,,,,,,,,,,,,,,,,,,,,,,,160x220,,,,,,,,,,,,,,,,,,,,,,,,113750,,,,,,,,,,,,,,,,,,,
49657,variation,56914616,,D-sign Rug 1D1367 Cream - 180x270,1,0,hidden,,D-sign Rug 1D1367 Cream 180x270 cm,,,taxable,parent,0,0,,0,0,,270,180,1.2,0,,,4004,,,,,,,56914602-H,,,,,,5,,,Size,180x270,,1,,,,,,,,,,,,,,,,,,,,,,,,,,,,,,,,,,,,,180x270,,,,,,,,,,,,,,,,,,,,,,,,113751,,,,,,,,,,,,,,,,,,,
49658,variation,56914614,,D-sign Rug 1D1367 Cream - 200x290,1,0,hidden,,D-sign Rug 1D1367 Cream 200x290 cm,,,taxable,parent,0,0,,0,0,,290,200,1.2,0,,,4708,,,,,,,56914602-H,,,,,,6,,,Size,200x290,,1,,,,,,,,,,,,,,,,,,,,,,,,,,,,,,,,,,,,,200x290,,,,,,,,,,,,,,,,,,,,,,,,113752,,,,,,,,,,,,,,,,,,,
49659,variation,56914618,,D-sign Rug 1D1367 Cream - 240x330,1,0,hidden,,D-sign Rug 1D1367 Cream 240x330 cm,,,taxable,parent,0,0,,0,0,,330,240,1.2,0,,,6404,,,,,,,56914602-H,,,,,,7,,,Size,240x330,,1,,,,,,,,,,,,,,,,,,,,,,,,,,,,,,,,,,,,,240x330,,,,,,,,,,,,,,,,,,,,,,,,113753,,,,,,,,,,,,,,,,,,,
49665,variable,56914640-H,,D-sign Rug 1D1370 Blue,1,0,visible,D-sign Rug 1D1370 Blue,D-sign Rug 1D1370 Blue,,,taxable,,1,,,0,0,,,,,0,,,,"Rooms > Kids, Rugs > Kids, Rugs",,,"https://rugshop.eu/wp-content/uploads/2021/10/carpet-petit-helicopter-planes-blue.jpg, https://rugshop.eu/wp-content/uploads/2021/10/carpet-petit-helicopter-planes-blue-1.jpg, https://rugshop.eu/wp-content/uploads/2021/10/carpet-petit-helicopter-planes-blue-2.jpg, https://rugshop.eu/wp-content/uploads/2021/10/carpet-petit-helicopter-planes-blue-3.jpg",,,,,,,,,1755,,,Size,"120x170, 140x190, 160x220, 180x270, 200x290, 240x330, 80x150",1,1,Brand,D-sign,1,1,Color,Blue,1,1,Type of color,Multicolor,1,1,Shape,Rectangular,1,1,Material,Polypropen,1,1,Type of rug,Modern,1,1,Weave,Machinemade,1,1,Country,Turkey,1,1,Age,New,1,1,,,,,default,default,default,default,,,,,,yes,yes,,,,,,,,,,,,,,,,,,,,,,,,,,,,,
49666,variable,56914641-H,,D-sign Rug 1D1371 Gold,1,0,hidden,D-sign Rug 1D1371 Gold,D-sign Rug 1D1371 Gold,,,taxable,,0,,,0,0,,,,,0,,,,"Rooms > Kids, Rugs > Kids, Rugs",,,"https://rugshop.eu/wp-content/uploads/2021/10/carpet-petit-moon-stars-clouds-gold.jpg, https://rugshop.eu/wp-content/uploads/2021/10/carpet-petit-moon-stars-clouds-gold-1.jpg, https://rugshop.eu/wp-content/uploads/2021/10/carpet-petit-moon-stars-clouds-gold-2.jpg, https://rugshop.eu/wp-content/uploads/2021/10/carpet-petit-moon-stars-clouds-gold-3.jpg",,,,,,,,,1756,,,Size,"120x170, 140x190, 160x220, 180x270, 200x290, 240x330, 80x150",1,1,Brand,D-sign,1,1,Color,Yellow-Brown,1,1,Type of color,Multicolor,1,1,Shape,Rectangular,1,1,Material,Polypropen,1,1,Type of rug,Modern,1,1,Weave,Machinemade,1,1,Country,Turkey,1,1,Age,New,1,1,,,,,default,default,default,default,,,,,1786457474,yes,yes,,,,,,,,,,,,,,,,,,,,,,,,,,,,,
49679,variation,56914628,,D-sign Rug 1D1369 Cream - 80x150,1,0,hidden,,D-sign Rug 1D1369 Cream 80x150 cm,,,taxable,parent,0,0,,0,0,,150,80,1.3,0,,,1188,,,,,,,56914628-H,,,,,,1,,,Size,80x150,,1,,,,,,,,,,,,,,,,,,,,,,,,,,,,,,,,,,,,,80x150,,,,,,,,,,,,,,,,,,,,,,,,113766,,,,,,,,,,,,,,,,,,,
49680,variation,56916127,,D-sign Rug 1D1369 Cream - 120x170,1,0,hidden,,D-sign Rug 1D1369 Cream 120x170 cm,,,taxable,parent,0,0,,0,0,,170,120,1.3,0,,,1700,,,,,,,56914628-H,,,,,,2,,,Size,120x170,,1,,,,,,,,,,,,,,,,,,,,,,,,,,,,,,,,,,,,,120x170,,,,,,,,,,,,,,,,,,,,,,,,113761,,,,,,,,,,,,,,,,,,,
49681,variation,56916121,,D-sign Rug 1D1369 Cream - 140x190,1,0,hidden,,D-sign Rug 1D1369 Cream 140x190 cm,,,taxable,parent,0,0,,0,0,,190,140,1.3,0,,,2124,,,,,,,56914628-H,,,,,,3,,,Size,140x190,,1,,,,,,,,,,,,,,,,,,,,,,,,,,,,,,,,,,,,,140x190,,,,,,,,,,,,,,,,,,,,,,,,113762,,,,,,,,,,,,,,,,,,,
49682,variation,56916123,,D-sign Rug 1D1369 Cream - 160x220,1,0,hidden,,D-sign Rug 1D1369 Cream 160x220 cm,,,taxable,parent,0,0,,0,0,,220,160,1.3,0,,,2684,,,,,,,56914628-H,,,,,,4,,,Size,160x220,,1,,,,,,,,,,,,,,,,,,,,,,,,,,,,,,,,,,,,,160x220,,,,,,,,,,,,1786457420,,,,,,,,,,,,113763,,,,,,,,,,,,,,,,,,,
49683,variation,56916126,,D-sign Rug 1D1369 Cream - 180x270,1,0,hidden,,D-sign Rug 1D1369 Cream 180x270 cm,,,taxable,parent,0,0,,0,0,,270,180,1.3,0,,,3580,,,,,,,56914628-H,,,,,,5,,,Size,180x270,,1,,,,,,,,,,,,,,,,,,,,,,,,,,,,,,,,,,,,,180x270,,,,,,,,,,,,1786457422,,,,,,,,,,,,113764,,,,,,,,,,,,,,,,,,,
49684,variation,56916125,,D-sign Rug 1D1369 Cream - 200x290,1,0,hidden,,D-sign Rug 1D1369 Cream 200x290 cm,,,taxable,parent,0,0,,0,0,,290,200,1.3,0,,,4140,,,,,,,56914628-H,,,,,,6,,,Size,200x290,,1,,,,,,,,,,,,,,,,,,,,,,,,,,,,,,,,,,,,,200x290,,,,,,,,,,,,1786457421,,,,,,,,,,,,113765,,,,,,,,,,,,,,,,,,,
49685,variation,56916130,,D-sign Rug 1D1369 Cream - 240x330,1,0,hidden,,D-sign Rug 1D1369 Cream 240x330 cm,,,taxable,parent,0,0,,0,0,,330,240,1.3,0,,,5460,,,,,,,56914628-H,,,,,,7,,,Size,240x330,,1,,,,,,,,,,,,,,,,,,,,,,,,,,,,,,,,,,,,,240x330,,,,,,,,,,,,1786457422,,,,,,,,,,,,113767,,,,,,,,,,,,,,,,,,,
49692,variable,57011471-H,,D-sign Rug 1D1373 Green,1,0,hidden,D-sign Rug 1D1373 Green,D-sign Rug 1D1373 Green,,,taxable,,0,,,0,0,,,,,0,,,,"Rooms > Kids, Rugs > Kids, Rugs",,,"https://rugshop.eu/wp-content/uploads/2021/10/carpet-petit-rabbit-green.jpg, https://rugshop.eu/wp-content/uploads/2021/10/carpet-petit-rabbit-green-1.jpg, https://rugshop.eu/wp-content/uploads/2021/10/carpet-petit-rabbit-green-2.jpg, https://rugshop.eu/wp-content/uploads/2021/10/carpet-petit-rabbit-green-3.jpg",,,,,,,,,1758,,,Size,"120x170, 140x190, 160x220, 180x270, 200x290, 240x330, 80x150",1,1,Brand,D-sign,1,1,Color,Green,1,1,Type of color,Multicolor,1,1,Shape,Rectangular,1,1,Material,Polypropen,1,1,Type of rug,Modern,1,1,Weave,Machinemade,1,1,Country,Turkey,1,1,Age,New,1,1,,,,,default,default,default,default,,,,,1786457592,yes,yes,,,,,,,,,,,,,,,,,,,,,,,,,,,,,
49693,variation,56914640,,D-sign Rug 1D1370 Blue - 80x150,1,0,visible,,D-sign Rug 1D1370 Blue 80x150 cm,,,taxable,parent,1,1,,0,0,,150,80,1.3,0,,,1188,,,,,,,56914640-H,,,,,,1,,,Size,80x150,,1,,,,,,,,,,,,,,,,,,,,,,,,,,,,,,,,,,,,,80x150,,,,,,,,,,,,,,,,,,,,,,,,113773,,,,,,,,,,,,,,,,,,,
49694,variation,56916146,,D-sign Rug 1D1370 Blue - 120x170,1,0,visible,,D-sign Rug 1D1370 Blue 120x170 cm,,,taxable,parent,0,0,,0,0,,170,120,1.3,0,,,1700,,,,,,,56914640-H,,,,,,2,,,Size,120x170,,1,,,,,,,,,,,,,,,,,,,,,,,,,,,,,,,,,,,,,120x170,,,,,,,,,,,,1786457423,,,,,,,,,,,,113768,,,,,,,,,,,,,,,,,,,
49695,variation,56916148,,D-sign Rug 1D1370 Blue - 140x190,1,0,visible,,D-sign Rug 1D1370 Blue 140x190 cm,,,taxable,parent,0,0,,0,0,,190,140,1.3,0,,,2124,,,,,,,56914640-H,,,,,,3,,,Size,140x190,,1,,,,,,,,,,,,,,,,,,,,,,,,,,,,,,,,,,,,,140x190,,,,,,,,,,,,1786457423,,,,,,,,,,,,113769,,,,,,,,,,,,,,,,,,,
49696,variation,56916154,,D-sign Rug 1D1370 Blue - 160x220,1,0,visible,,D-sign Rug 1D1370 Blue 160x220 cm,,,taxable,parent,0,0,,0,0,,220,160,1.3,0,,,2684,,,,,,,56914640-H,,,,,,4,,,Size,160x220,,1,,,,,,,,,,,,,,,,,,,,,,,,,,,,,,,,,,,,,160x220,,,,,,,,,,,,1786457462,,,,,,,,,,,,113770,,,,,,,,,,,,,,,,,,,
49697,variation,56916150,,D-sign Rug 1D1370 Blue - 180x270,1,0,visible,,D-sign Rug 1D1370 Blue 180x270 cm,,,taxable,parent,0,0,,0,0,,270,180,1.3,0,,,3580,,,,,,,56914640-H,,,,,,5,,,Size,180x270,,1,,,,,,,,,,,,,,,,,,,,,,,,,,,,,,,,,,,,,180x270,,,,,,,,,,,,1786457460,,,,,,,,,,,,113771,,,,,,,,,,,,,,,,,,,
49698,variation,56916151,,D-sign Rug 1D1370 Blue - 200x290,1,0,visible,,D-sign Rug 1D1370 Blue 200x290 cm,,,taxable,parent,0,0,,0,0,,290,200,1.3,0,,,4140,,,,,,,56914640-H,,,,,,6,,,Size,200x290,,1,,,,,,,,,,,,,,,,,,,,,,,,,,,,,,,,,,,,,200x290,,,,,,,,,,,,1786457461,,,,,,,,,,,,113772,,,,,,,,,,,,,,,,,,,
49699,variation,56916145,,D-sign Rug 1D1370 Blue - 240x330,1,0,visible,,D-sign Rug 1D1370 Blue 240x330 cm,,,taxable,parent,0,0,,0,0,,330,240,1.3,0,,,5460,,,,,,,56914640-H,,,,,,7,,,Size,240x330,,1,,,,,,,,,,,,,,,,,,,,,,,,,,,,,,,,,,,,,240x330,,,,,,,,,,,,1786457423,,,,,,,,,,,,113774,,,,,,,,,,,,,,,,,,,
49705,variation,56914641,,D-sign Rug 1D1371 Gold - 80x150,1,0,hidden,,D-sign Rug 1D1371 Gold 80x150 cm,,,taxable,parent,0,0,,0,0,,150,80,1.3,0,,,1188,,,,,,,56914641-H,,,,,,1,,,Size,80x150,,1,,,,,,,,,,,,,,,,,,,,,,,,,,,,,,,,,,,,,80x150,,,,,,,,,,,,,,,,,,,,,,,,113783,,,,,,,,,,,,,,,,,,,
49706,variation,56916153,,D-sign Rug 1D1371 Gold - 120x170,1,0,hidden,,D-sign Rug 1D1371 Gold 120x170 cm,,,taxable,parent,0,0,,0,0,,170,120,1.3,0,,,1700,,,,,,,56914641-H,,,,,,2,,,Size,120x170,,1,,,,,,,,,,,,,,,,,,,,,,,,,,,,,,,,,,,,,120x170,,,,,,,,,,,,,,,,,,,,,,,,113784,,,,,,,,,,,,,,,,,,,
49707,variation,56916152,,D-sign Rug 1D1371 Gold - 140x190,1,0,hidden,,D-sign Rug 1D1371 Gold 140x190 cm,,,taxable,parent,0,0,,0,0,,190,140,1.3,0,,,2124,,,,,,,56914641-H,,,,,,3,,,Size,140x190,,1,,,,,,,,,,,,,,,,,,,,,,,,,,,,,,,,,,,,,140x190,,,,,,,,,,,,1786457462,,,,,,,,,,,,113785,,,,,,,,,,,,,,,,,,,
49708,variation,56914654,,D-sign Rug 1D1371 Gold - 160x220,1,0,hidden,,D-sign Rug 1D1371 Gold 160x220 cm,,,taxable,parent,0,0,,0,0,,220,160,1.3,0,,,2684,,,,,,,56914641-H,,,,,,4,,,Size,160x220,,1,,,,,,,,,,,,,,,,,,,,,,,,,,,,,,,,,,,,,160x220,,,,,,,,,,,,,,,,,,,,,,,,113786,,,,,,,,,,,,,,,,,,,
49709,variation,56914652,,D-sign Rug 1D1371 Gold - 180x270,1,0,hidden,,D-sign Rug 1D1371 Gold 180x270 cm,,,taxable,parent,0,0,,0,0,,270,180,1.3,0,,,3580,,,,,,,56914641-H,,,,,,5,,,Size,180x270,,1,,,,,,,,,,,,,,,,,,,,,,,,,,,,,,,,,,,,,180x270,,,,,,,,,,,,1786457087,,,,,,,,,,,,113787,,,,,,,,,,,,,,,,,,,
49710,variation,56914655,,D-sign Rug 1D1371 Gold - 200x290,1,0,hidden,,D-sign Rug 1D1371 Gold 200x290 cm,,,taxable,parent,0,0,,0,0,,290,200,1.3,0,,,4140,,,,,,,56914641-H,,,,,,6,,,Size,200x290,,1,,,,,,,,,,,,,,,,,,,,,,,,,,,,,,,,,,,,,200x290,,,,,,,,,,,,1786457088,,,,,,,,,,,,113788,,,,,,,,,,,,,,,,,,,
49711,variation,56914653,,D-sign Rug 1D1371 Gold - 240x330,1,0,hidden,,D-sign Rug 1D1371 Gold 240x330 cm,,,taxable,parent,0,0,,0,0,,330,240,1.3,0,,,5460,,,,,,,56914641-H,,,,,,7,,,Size,240x330,,1,,,,,,,,,,,,,,,,,,,,,,,,,,,,,,,,,,,,,240x330,,,,,,,,,,,,1786457087,,,,,,,,,,,,113789,,,,,,,,,,,,,,,,,,,
49717,variable,56914671-H,,D-sign Rug 1D1374 Gold,1,0,hidden,D-sign Rug 1D1374 Gold,D-sign Rug 1D1374 Gold,,,taxable,,0,,,0,0,,,,,0,,,,"Rooms > Kids, Rugs > Kids, Rugs",,,"https://rugshop.eu/wp-content/uploads/2021/10/carpet-petit-sail-boat-sailboat-gold.jpg, https://rugshop.eu/wp-content/uploads/2021/10/carpet-petit-sail-boat-sailboat-gold-1.jpg, https://rugshop.eu/wp-content/uploads/2021/10/carpet-petit-sail-boat-sailboat-gold-2.jpg, https://rugshop.eu/wp-content/uploads/2021/10/carpet-petit-sail-boat-sailboat-gold-3.jpg",,,,,,,,,1759,,,Size,"120x170, 140x190, 160x220, 180x270, 200x290, 240x330, 80x150",1,1,Brand,D-sign,1,1,Color,Yellow-Brown,1,1,Type of color,Multicolor,1,1,Shape,Rectangular,1,1,Material,Polypropen,1,1,Type of rug,Modern,1,1,Weave,Machinemade,1,1,Country,Turkey,1,1,Age,New,1,1,,,,,default,default,default,default,,,,,1786457475,yes,yes,,,,,,,,,,,,,,,,,,,,,,,,,,,,,
49718,variable,56914699-H,,D-sign Rug 1D1375 Green,1,0,hidden,D-sign Rug 1D1375 Green,D-sign Rug 1D1375 Green,,,taxable,,0,,,0,0,,,,,0,,,,"Rooms > Kids, Rugs > Kids, Rugs",,,"https://rugshop.eu/wp-content/uploads/2021/10/carpet-petit-sail-boat-sailboat-green.jpg, https://rugshop.eu/wp-content/uploads/2021/10/carpet-petit-sail-boat-sailboat-green-1.jpg, https://rugshop.eu/wp-content/uploads/2021/10/carpet-petit-sail-boat-sailboat-green-2.jpg, https://rugshop.eu/wp-content/uploads/2021/10/carpet-petit-sail-boat-sailboat-green-3.jpg",,,,,,,,,1760,,,Size,"120x170, 140x190, 160x220, 180x270, 200x290, 240x330, 80x150",1,1,Brand,D-sign,1,1,Color,Green,1,1,Type of color,Multicolor,1,1,Shape,Rectangular,1,1,Material,Polypropen,1,1,Type of rug,Modern,1,1,Weave,Machinemade,1,1,Country,Turkey,1,1,Age,New,1,1,,,,,default,default,default,default,,,,,1786457478,yes,yes,,,,,,,,,,,,,,,,,,,,,,,,,,,,,
49731,variation,57011471,,D-sign Rug 1D1373 Green - 80x150,1,0,hidden,,D-sign Rug 1D1373 Green 80x150 cm,,,taxable,parent,0,0,,0,0,,150,80,1.3,0,,,1188,,,,,,,57011471-H,,,,,,1,,,Size,80x150,,1,,,,,,,,,,,,,,,,,,,,,,,,,,,,,,,,,,,,,80x150,,,,,,,,,,,,,,,,,,,,,,,,113972,,,,,,,,,,,,,,,,,,,
49732,variation,57011475,,D-sign Rug 1D1373 Green - 120x170,1,0,hidden,,D-sign Rug 1D1373 Green 120x170 cm,,,taxable,parent,0,0,,0,0,,170,120,1.3,0,,,1700,,,,,,,57011471-H,,,,,,2,,,Size,120x170,,1,,,,,,,,,,,,,,,,,,,,,,,,,,,,,,,,,,,,,120x170,,,,,,,,,,,,,,,,,,,,,,,,113966,,,,,,,,,,,,,,,,,,,
49733,variation,57011470,,D-sign Rug 1D1373 Green - 140x190,1,0,hidden,,D-sign Rug 1D1373 Green 140x190 cm,,,taxable,parent,0,0,,0,0,,190,140,1.3,0,,,2124,,,,,,,57011471-H,,,,,,3,,,Size,140x190,,1,,,,,,,,,,,,,,,,,,,,,,,,,,,,,,,,,,,,,140x190,,,,,,,,,,,,1786457576,,,,,,,,,,,,113967,,,,,,,,,,,,,,,,,,,
49734,variation,57011476,,D-sign Rug 1D1373 Green - 160x220,1,0,hidden,,D-sign Rug 1D1373 Green 160x220 cm,,,taxable,parent,0,0,,0,0,,220,160,1.3,0,,,2684,,,,,,,57011471-H,,,,,,4,,,Size,160x220,,1,,,,,,,,,,,,,,,,,,,,,,,,,,,,,,,,,,,,,160x220,,,,,,,,,,,,,,,,,,,,,,,,113968,,,,,,,,,,,,,,,,,,,
49735,variation,57011477,,D-sign Rug 1D1373 Green - 180x270,1,0,hidden,,D-sign Rug 1D1373 Green 180x270 cm,,,taxable,parent,0,0,,0,0,,270,180,1.3,0,,,3580,,,,,,,57011471-H,,,,,,5,,,Size,180x270,,1,,,,,,,,,,,,,,,,,,,,,,,,,,,,,,,,,,,,,180x270,,,,,,,,,,,,,,,,,,,,,,,,113969,,,,,,,,,,,,,,,,,,,
49736,variation,57011473,,D-sign Rug 1D1373 Green - 200x290,1,0,hidden,,D-sign Rug 1D1373 Green 200x290 cm,,,taxable,parent,0,0,,0,0,,290,200,1.3,0,,,4140,,,,,,,57011471-H,,,,,,6,,,Size,200x290,,1,,,,,,,,,,,,,,,,,,,,,,,,,,,,,,,,,,,,,200x290,,,,,,,,,,,,1786457577,,,,,,,,,,,,113970,,,,,,,,,,,,,,,,,,,
49737,variation,57011472,,D-sign Rug 1D1373 Green - 240x330,1,0,hidden,,D-sign Rug 1D1373 Green 240x330 cm,,,taxable,parent,0,0,,0,0,,330,240,1.3,0,,,5460,,,,,,,57011471-H,,,,,,7,,,Size,240x330,,1,,,,,,,,,,,,,,,,,,,,,,,,,,,,,,,,,,,,,240x330,,,,,,,,,,,,,,,,,,,,,,,,113971,,,,,,,,,,,,,,,,,,,
49743,variable,56914682-H,,D-sign Rug 1D1376 Blue,1,0,hidden,D-sign Rug 1D1376 Blue,D-sign Rug 1D1376 Blue,,,taxable,,0,,,0,0,,,,,0,,,,"Rooms > Kids, Rugs > Kids, Rugs",,,"https://rugshop.eu/wp-content/uploads/2021/10/carpet-petit-stars-blue.jpg, https://rugshop.eu/wp-content/uploads/2021/10/carpet-petit-stars-blue-1.jpg, https://rugshop.eu/wp-content/uploads/2021/10/carpet-petit-stars-blue-2.jpg, https://rugshop.eu/wp-content/uploads/2021/10/carpet-petit-stars-blue-3.jpg",,,,,,,,,1761,,,Size,"120x170, 140x190, 160x220, 180x270, 200x290, 240x330, 80x150",1,1,Brand,D-sign,1,1,Color,Blue,1,1,Type of color,Multicolor,1,1,Shape,Rectangular,1,1,Material,Polypropen,1,1,Type of rug,Modern,1,1,Weave,Machinemade,1,1,Country,Turkey,1,1,Age,New,1,1,,,,,default,default,default,default,,,,,1786457477,yes,yes,,,,,,,,,,,,,,,,,,,,,,,,,,,,,
49745,variation,56914671,,D-sign Rug 1D1374 Gold - 80x150,1,0,hidden,,D-sign Rug 1D1374 Gold 80x150 cm,,,taxable,parent,0,0,,0,0,,150,80,1.3,0,,,1188,,,,,,,56914671-H,,,,,,1,,,Size,80x150,,1,,,,,,,,,,,,,,,,,,,,,,,,,,,,,,,,,,,,,80x150,,,,,,,,,,,,1786457089,,,,,,,,,,,,113973,,,,,,,,,,,,,,,,,,,
49746,variation,56916167,,D-sign Rug 1D1374 Gold - 120x170,1,0,hidden,,D-sign Rug 1D1374 Gold 120x170 cm,,,taxable,parent,0,0,,0,0,,170,120,1.3,0,,,1700,,,,,,,56914671-H,,,,,,2,,,Size,120x170,,1,,,,,,,,,,,,,,,,,,,,,,,,,,,,,,,,,,,,,120x170,,,,,,,,,,,,1786457463,,,,,,,,,,,,113974,,,,,,,,,,,,,,,,,,,
49747,variation,56914697,,D-sign Rug 1D1374 Gold - 140x190,1,0,hidden,,D-sign Rug 1D1374 Gold 140x190 cm,,,taxable,parent,0,0,,0,0,,190,140,1.3,0,,,2124,,,,,,,56914671-H,,,,,,3,,,Size,140x190,,1,,,,,,,,,,,,,,,,,,,,,,,,,,,,,,,,,,,,,140x190,,,,,,,,,,,,1786457141,,,,,,,,,,,,113975,,,,,,,,,,,,,,,,,,,
49748,variation,56914695,,D-sign Rug 1D1374 Gold - 160x220,1,0,hidden,,D-sign Rug 1D1374 Gold 160x220 cm,,,taxable,parent,0,0,,0,0,,220,160,1.3,0,,,2684,,,,,,,56914671-H,,,,,,4,,,Size,160x220,,1,,,,,,,,,,,,,,,,,,,,,,,,,,,,,,,,,,,,,160x220,,,,,,,,,,,,1786457140,,,,,,,,,,,,113976,,,,,,,,,,,,,,,,,,,
49749,variation,56914698,,D-sign Rug 1D1374 Gold - 180x270,1,0,hidden,,D-sign Rug 1D1374 Gold 180x270 cm,,,taxable,parent,0,0,,0,0,,270,180,1.3,0,,,3580,,,,,,,56914671-H,,,,,,5,,,Size,180x270,,1,,,,,,,,,,,,,,,,,,,,,,,,,,,,,,,,,,,,,180x270,,,,,,,,,,,,1786457142,,,,,,,,,,,,113977,,,,,,,,,,,,,,,,,,,
49750,variation,56914694,,D-sign Rug 1D1374 Gold - 200x290,1,0,hidden,,D-sign Rug 1D1374 Gold 200x290 cm,,,taxable,parent,0,0,,0,0,,290,200,1.3,0,,,4140,,,,,,,56914671-H,,,,,,6,,,Size,200x290,,1,,,,,,,,,,,,,,,,,,,,,,,,,,,,,,,,,,,,,200x290,,,,,,,,,,,,1786457139,,,,,,,,,,,,113978,,,,,,,,,,,,,,,,,,,
49751,variation,56914696,,D-sign Rug 1D1374 Gold - 240x330,1,0,hidden,,D-sign Rug 1D1374 Gold 240x330 cm,,,taxable,parent,0,0,,0,0,,330,240,1.3,0,,,5460,,,,,,,56914671-H,,,,,,7,,,Size,240x330,,1,,,,,,,,,,,,,,,,,,,,,,,,,,,,,,,,,,,,,240x330,,,,,,,,,,,,1786457140,,,,,,,,,,,,113979,,,,,,,,,,,,,,,,,,,
49757,variation,56914699,,D-sign Rug 1D1375 Green - 80x150,1,0,hidden,,D-sign Rug 1D1375 Green 80x150 cm,,,taxable,parent,0,0,,0,0,,150,80,1.3,0,,,1188,,,,,,,56914699-H,,,,,,1,,,Size,80x150,,1,,,,,,,,,,,,,,,,,,,,,,,,,,,,,,,,,,,,,80x150,,,,,,,,,,,,,,,,,,,,,,,,113987,,,,,,,,,,,,,,,,,,,
49758,variation,56916192,,D-sign Rug 1D1375 Green - 120x170,1,0,hidden,,D-sign Rug 1D1375 Green 120x170 cm,,,taxable,parent,0,0,,0,0,,170,120,1.3,0,,,1700,,,,,,,56914699-H,,,,,,2,,,Size,120x170,,1,,,,,,,,,,,,,,,,,,,,,,,,,,,,,,,,,,,,,120x170,,,,,,,,,,,,,,,,,,,,,,,,113988,,,,,,,,,,,,,,,,,,,
49759,variation,56916215,,D-sign Rug 1D1375 Green - 140x190,1,0,hidden,,D-sign Rug 1D1375 Green 140x190 cm,,,taxable,parent,0,0,,0,0,,190,140,1.3,0,,,2124,,,,,,,56914699-H,,,,,,3,,,Size,140x190,,1,,,,,,,,,,,,,,,,,,,,,,,,,,,,,,,,,,,,,140x190,,,,,,,,,,,,,,,,,,,,,,,,113989,,,,,,,,,,,,,,,,,,,
49760,variation,56916207,,D-sign Rug 1D1375 Green - 160x220,1,0,hidden,,D-sign Rug 1D1375 Green 160x220 cm,,,taxable,parent,0,0,,0,0,,220,160,1.3,0,,,2684,,,,,,,56914699-H,,,,,,4,,,Size,160x220,,1,,,,,,,,,,,,,,,,,,,,,,,,,,,,,,,,,,,,,160x220,,,,,,,,,,,,1786457468,,,,,,,,,,,,113990,,,,,,,,,,,,,,,,,,,
49761,variation,56916193,,D-sign Rug 1D1375 Green - 180x270,1,0,hidden,,D-sign Rug 1D1375 Green 180x270 cm,,,taxable,parent,0,0,,0,0,,270,180,1.3,0,,,3580,,,,,,,56914699-H,,,,,,5,,,Size,180x270,,1,,,,,,,,,,,,,,,,,,,,,,,,,,,,,,,,,,,,,180x270,,,,,,,,,,,,1786457467,,,,,,,,,,,,113991,,,,,,,,,,,,,,,,,,,
49762,variation,56916189,,D-sign Rug 1D1375 Green - 200x290,1,0,hidden,,D-sign Rug 1D1375 Green 200x290 cm,,,taxable,parent,0,0,,0,0,,290,200,1.3,0,,,4140,,,,,,,56914699-H,,,,,,6,,,Size,200x290,,1,,,,,,,,,,,,,,,,,,,,,,,,,,,,,,,,,,,,,200x290,,,,,,,,,,,,,,,,,,,,,,,,113992,,,,,,,,,,,,,,,,,,,
49763,variation,56916190,,D-sign Rug 1D1375 Green - 240x330,1,0,hidden,,D-sign Rug 1D1375 Green 240x330 cm,,,taxable,parent,0,0,,0,0,,330,240,1.3,0,,,5460,,,,,,,56914699-H,,,,,,7,,,Size,240x330,,1,,,,,,,,,,,,,,,,,,,,,,,,,,,,,,,,,,,,,240x330,,,,,,,,,,,,1786457466,,,,,,,,,,,,113993,,,,,,,,,,,,,,,,,,,
49769,variable,56914705-H,,D-sign Rug 1D1378 Cream,1,0,hidden,D-sign Rug 1D1378 Cream,D-sign Rug 1D1378 Cream,,,taxable,,0,,,0,0,,,,,0,,,,"Rooms > Kids, Rugs > Kids, Rugs",,,"https://rugshop.eu/wp-content/uploads/2021/10/carpet-petit-teddy-bear-cream.jpg, https://rugshop.eu/wp-content/uploads/2021/10/carpet-petit-teddy-bear-cream-1.jpg, https://rugshop.eu/wp-content/uploads/2021/10/carpet-petit-teddy-bear-cream-2.jpg, https://rugshop.eu/wp-content/uploads/2021/10/carpet-petit-teddy-bear-cream-3.jpg",,,,,,,,,1763,,,Size,"120x170, 140x190, 160x220, 180x270, 200x290, 240x330, 80x150",1,1,Brand,D-sign,1,1,Color,White-Beige,1,1,Type of color,Multicolor,1,1,Shape,Rectangular,1,1,Material,Polypropen,1,1,Type of rug,Modern,1,1,Weave,Machinemade,1,1,Country,Turkey,1,1,Age,New,1,1,,,,,default,default,default,default,,,,,1786457480,yes,yes,,,,,,,,,,,,,,,,,,,,,,,,,,,,,
49770,variable,56914720-H,,D-sign Rug 1D1379 Grey,1,0,hidden,D-sign Rug 1D1379 Grey,D-sign Rug 1D1379 Grey,,,taxable,,0,,,0,0,,,,,0,,,,"Rooms > Kids, Rugs > Kids, Rugs",,,"https://rugshop.eu/wp-content/uploads/2021/10/carpet-petit-tipi-grey.jpg, https://rugshop.eu/wp-content/uploads/2021/10/carpet-petit-tipi-grey-1.jpg, https://rugshop.eu/wp-content/uploads/2021/10/carpet-petit-tipi-grey-2.jpg, https://rugshop.eu/wp-content/uploads/2021/10/carpet-petit-tipi-grey-3.jpg",,,,,,,,,1764,,,Size,"120x170, 140x190, 160x220, 180x270, 200x290, 240x330, 80x150",1,1,Brand,D-sign,1,1,Color,Black-Grey,1,1,Type of color,Multicolor,1,1,Shape,Rectangular,1,1,Material,Polypropen,1,1,Type of rug,Modern,1,1,Weave,Machinemade,1,1,Country,Turkey,1,1,Age,New,1,1,,,,,default,default,default,default,,,,,1786457479,yes,yes,,,,,,,,,,,,,,,,,,,,,,,,,,,,,
49771,variation,56914682,,D-sign Rug 1D1376 Blue - 80x150,1,0,hidden,,D-sign Rug 1D1376 Blue 80x150 cm,,,taxable,parent,0,0,,0,0,,150,80,1.3,0,,,1188,,,,,,,56914682-H,,,,,,1,,,Size,80x150,,1,,,,,,,,,,,,,,,,,,,,,,,,,,,,,,,,,,,,,80x150,,,,,,,,,,,,,,,,,,,,,,,,113999,,,,,,,,,,,,,,,,,,,
49772,variation,56916187,,D-sign Rug 1D1376 Blue - 120x170,1,0,hidden,,D-sign Rug 1D1376 Blue 120x170 cm,,,taxable,parent,0,0,,0,0,,170,120,1.3,0,,,1700,,,,,,,56914682-H,,,,,,2,,,Size,120x170,,1,,,,,,,,,,,,,,,,,,,,,,,,,,,,,,,,,,,,,120x170,,,,,,,,,,,,1786457466,,,,,,,,,,,,113994,,,,,,,,,,,,,,,,,,,
49773,variation,56916186,,D-sign Rug 1D1376 Blue - 140x190,1,0,hidden,,D-sign Rug 1D1376 Blue 140x190 cm,,,taxable,parent,0,0,,0,0,,190,140,1.3,0,,,2124,,,,,,,56914682-H,,,,,,3,,,Size,140x190,,1,,,,,,,,,,,,,,,,,,,,,,,,,,,,,,,,,,,,,140x190,,,,,,,,,,,,1786457465,,,,,,,,,,,,113995,,,,,,,,,,,,,,,,,,,
49774,variation,56916194,,D-sign Rug 1D1376 Blue - 160x220,1,0,hidden,,D-sign Rug 1D1376 Blue 160x220 cm,,,taxable,parent,0,0,,0,0,,220,160,1.3,0,,,2684,,,,,,,56914682-H,,,,,,4,,,Size,160x220,,1,,,,,,,,,,,,,,,,,,,,,,,,,,,,,,,,,,,,,160x220,,,,,,,,,,,,1786457468,,,,,,,,,,,,113996,,,,,,,,,,,,,,,,,,,
49775,variation,56916195,,D-sign Rug 1D1376 Blue - 180x270,1,0,hidden,,D-sign Rug 1D1376 Blue 180x270 cm,,,taxable,parent,0,0,,0,0,,270,180,1.3,0,,,3580,,,,,,,56914682-H,,,,,,5,,,Size,180x270,,1,,,,,,,,,,,,,,,,,,,,,,,,,,,,,,,,,,,,,180x270,,,,,,,,,,,,1786457468,,,,,,,,,,,,113997,,,,,,,,,,,,,,,,,,,
49776,variation,56916188,,D-sign Rug 1D1376 Blue - 200x290,1,0,hidden,,D-sign Rug 1D1376 Blue 200x290 cm,,,taxable,parent,0,0,,0,0,,290,200,1.3,0,,,4140,,,,,,,56914682-H,,,,,,6,,,Size,200x290,,1,,,,,,,,,,,,,,,,,,,,,,,,,,,,,,,,,,,,,200x290,,,,,,,,,,,,1786457466,,,,,,,,,,,,113998,,,,,,,,,,,,,,,,,,,
49777,variation,56916191,,D-sign Rug 1D1376 Blue - 240x330,1,0,hidden,,D-sign Rug 1D1376 Blue 240x330 cm,,,taxable,parent,0,0,,0,0,,330,240,1.3,0,,,5460,,,,,,,56914682-H,,,,,,7,,,Size,240x330,,1,,,,,,,,,,,,,,,,,,,,,,,,,,,,,,,,,,,,,240x330,,,,,,,,,,,,1786457467,,,,,,,,,,,,114000,,,,,,,,,,,,,,,,,,,
49795,variable,56914740-H,,D-sign Rug 1D1380 Grey,1,0,hidden,D-sign Rug 1D1380 Grey,D-sign Rug 1D1380 Grey,,,taxable,,0,,,0,0,,,,,0,,,,"Rooms > Kids, Rugs > Kids, Rugs",,,"https://rugshop.eu/wp-content/uploads/2021/10/carpet-petit-dream-grey.jpg, https://rugshop.eu/wp-content/uploads/2021/10/carpet-petit-dream-grey-1.jpg, https://rugshop.eu/wp-content/uploads/2021/10/carpet-petit-dream-grey-2.jpg, https://rugshop.eu/wp-content/uploads/2021/10/carpet-petit-dream-grey-3.jpg",,,,,,,,,1765,,,Size,"120x170, 140x190, 160x220, 180x270, 200x290, 240x330, 80x150",1,1,Brand,D-sign,1,1,Color,Black-Grey,1,1,Type of color,Multicolor,1,1,Shape,Rectangular,1,1,Material,Polypropen,1,1,Type of rug,Modern,1,1,Weave,Machinemade,1,1,Country,Turkey,1,1,Age,New,1,1,,,,,default,default,default,default,,,,,1786457484,yes,yes,,,,,,,,,,,,,,,,,,,,,,,,,,,,,
49796,variable,56914741-H,,D-sign Rug 1D1381 Black,1,0,hidden,D-sign Rug 1D1381 Black ,D-sign Rug 1D1381 Black ,,,taxable,,0,,,0,0,,,,,1,,,,"Rooms > Bedroom, Rooms > Living room, Rugs > Modern, Rugs",,,"https://rugshop.eu/wp-content/uploads/2021/10/modern-gloss-carpet-400b-86-stylish-glamour-art-deco-3d-geometric-black-gold.jpg, https://rugshop.eu/wp-content/uploads/2021/10/modern-gloss-carpet-400b-86-stylish-glamour-art-deco-3d-geometric-black-gold-1.jpg, https://rugshop.eu/wp-content/uploads/2021/10/modern-gloss-carpet-400b-86-stylish-glamour-art-deco-3d-geometric-black-gold-2.jpg, https://rugshop.eu/wp-content/uploads/2021/10/modern-gloss-carpet-400b-86-stylish-glamour-art-deco-3d-geometric-black-gold-3.jpg",,,,,,,,,1766,,,Size,"120x170, 140x190, 160x220, 180x270, 200x290, 240x330, 280x370, 80x150",1,1,Brand,D-sign,1,1,Color,Black-Grey,1,1,Type of color,Multicolor,1,1,Shape,Rectangular,1,1,Material,"Polyester, Polypropen",1,1,Type of rug,Modern,1,1,Weave,Machinemade,1,1,Age,New,1,1,,,,,,,,,,,,,,,,,1786457482,yes,yes,,,,,,,,,,,,,,,,,,,,,,,,,,,,,
49797,variation,56914705,,D-sign Rug 1D1378 Cream - 80x150,1,0,hidden,,D-sign Rug 1D1378 Cream 80x150 cm,,,taxable,parent,0,0,,0,0,,150,80,1.3,0,,,1188,,,,,,,56914705-H,,,,,,1,,,Size,80x150,,1,,,,,,,,,,,,,,,,,,,,,,,,,,,,,,,,,,,,,80x150,,,,,,,,,,,,,,,,,,,,,,,,114020,,,,,,,,,,,,,,,,,,,
49798,variation,56916209,,D-sign Rug 1D1378 Cream - 120x170,1,0,hidden,,D-sign Rug 1D1378 Cream 120x170 cm,,,taxable,parent,0,0,,0,0,,170,120,1.3,0,,,1700,,,,,,,56914705-H,,,,,,2,,,Size,120x170,,1,,,,,,,,,,,,,,,,,,,,,,,,,,,,,,,,,,,,,120x170,,,,,,,,,,,,1786457469,,,,,,,,,,,,114015,,,,,,,,,,,,,,,,,,,
49799,variation,56916212,,D-sign Rug 1D1378 Cream - 140x190,1,0,hidden,,D-sign Rug 1D1378 Cream 140x190 cm,,,taxable,parent,0,0,,0,0,,190,140,1.3,0,,,2124,,,,,,,56914705-H,,,,,,3,,,Size,140x190,,1,,,,,,,,,,,,,,,,,,,,,,,,,,,,,,,,,,,,,140x190,,,,,,,,,,,,1786457469,,,,,,,,,,,,114016,,,,,,,,,,,,,,,,,,,
49800,variation,56916214,,D-sign Rug 1D1378 Cream - 160x220,1,0,hidden,,D-sign Rug 1D1378 Cream 160x220 cm,,,taxable,parent,0,0,,0,0,,220,160,1.3,0,,,2684,,,,,,,56914705-H,,,,,,4,,,Size,160x220,,1,,,,,,,,,,,,,,,,,,,,,,,,,,,,,,,,,,,,,160x220,,,,,,,,,,,,,,,,,,,,,,,,114017,,,,,,,,,,,,,,,,,,,
49801,variation,56914722,,D-sign Rug 1D1378 Cream - 180x270,1,0,hidden,,D-sign Rug 1D1378 Cream 180x270 cm,,,taxable,parent,0,0,,0,0,,270,180,1.3,0,,,3580,,,,,,,56914705-H,,,,,,5,,,Size,180x270,,1,,,,,,,,,,,,,,,,,,,,,,,,,,,,,,,,,,,,,180x270,,,,,,,,,,,,1786457145,,,,,,,,,,,,114018,,,,,,,,,,,,,,,,,,,
49802,variation,56914721,,D-sign Rug 1D1378 Cream - 200x290,1,0,hidden,,D-sign Rug 1D1378 Cream 200x290 cm,,,taxable,parent,0,0,,0,0,,290,200,1.3,0,,,4140,,,,,,,56914705-H,,,,,,6,,,Size,200x290,,1,,,,,,,,,,,,,,,,,,,,,,,,,,,,,,,,,,,,,200x290,,,,,,,,,,,,1786457144,,,,,,,,,,,,114019,,,,,,,,,,,,,,,,,,,
49803,variation,56914719,,D-sign Rug 1D1378 Cream - 240x330,1,0,hidden,,D-sign Rug 1D1378 Cream 240x330 cm,,,taxable,parent,0,0,,0,0,,330,240,1.3,0,,,5460,,,,,,,56914705-H,,,,,,7,,,Size,240x330,,1,,,,,,,,,,,,,,,,,,,,,,,,,,,,,,,,,,,,,240x330,,,,,,,,,,,,1786457143,,,,,,,,,,,,114021,,,,,,,,,,,,,,,,,,,
49809,variation,56914720,,D-sign Rug 1D1379 Grey - 80x150,1,0,hidden,,D-sign Rug 1D1379 Grey 80x150 cm,,,taxable,parent,0,0,,0,0,,150,80,1.3,0,,,1188,,,,,,,56914720-H,,,,,,1,,,Size,80x150,,1,,,,,,,,,,,,,,,,,,,,,,,,,,,,,,,,,,,,,80x150,,,,,,,,,,,,1786457144,,,,,,,,,,,,114022,,,,,,,,,,,,,,,,,,,
49810,variation,56916213,,D-sign Rug 1D1379 Grey - 120x170,1,0,hidden,,D-sign Rug 1D1379 Grey 120x170 cm,,,taxable,parent,0,0,,0,0,,170,120,1.3,0,,,1700,,,,,,,56914720-H,,,,,,2,,,Size,120x170,,1,,,,,,,,,,,,,,,,,,,,,,,,,,,,,,,,,,,,,120x170,,,,,,,,,,,,1786457470,,,,,,,,,,,,114023,,,,,,,,,,,,,,,,,,,
49811,variation,56916231,,D-sign Rug 1D1379 Grey - 140x190,1,0,hidden,,D-sign Rug 1D1379 Grey 140x190 cm,,,taxable,parent,0,0,,0,0,,190,140,1.3,0,,,2124,,,,,,,56914720-H,,,,,,3,,,Size,140x190,,1,,,,,,,,,,,,,,,,,,,,,,,,,,,,,,,,,,,,,140x190,,,,,,,,,,,,1786457471,,,,,,,,,,,,114024,,,,,,,,,,,,,,,,,,,
49812,variation,56916210,,D-sign Rug 1D1379 Grey - 160x220,1,0,hidden,,D-sign Rug 1D1379 Grey 160x220 cm,,,taxable,parent,0,0,,0,0,,220,160,1.3,0,,,2684,,,,,,,56914720-H,,,,,,4,,,Size,160x220,,1,,,,,,,,,,,,,,,,,,,,,,,,,,,,,,,,,,,,,160x220,,,,,,,,,,,,1786457469,,,,,,,,,,,,114025,,,,,,,,,,,,,,,,,,,
49813,variation,56916216,,D-sign Rug 1D1379 Grey - 180x270,1,0,hidden,,D-sign Rug 1D1379 Grey 180x270 cm,,,taxable,parent,0,0,,0,0,,270,180,1.3,0,,,3580,,,,,,,56914720-H,,,,,,5,,,Size,180x270,,1,,,,,,,,,,,,,,,,,,,,,,,,,,,,,,,,,,,,,180x270,,,,,,,,,,,,1786457470,,,,,,,,,,,,114026,,,,,,,,,,,,,,,,,,,
49814,variation,56916211,,D-sign Rug 1D1379 Grey - 200x290,1,0,hidden,,D-sign Rug 1D1379 Grey 200x290 cm,,,taxable,parent,0,0,,0,0,,290,200,1.3,0,,,4140,,,,,,,56914720-H,,,,,,6,,,Size,200x290,,1,,,,,,,,,,,,,,,,,,,,,,,,,,,,,,,,,,,,,200x290,,,,,,,,,,,,1786457469,,,,,,,,,,,,114027,,,,,,,,,,,,,,,,,,,
49815,variation,56916208,,D-sign Rug 1D1379 Grey - 240x330,1,0,hidden,,D-sign Rug 1D1379 Grey 240x330 cm,,,taxable,parent,0,0,,0,0,,330,240,1.3,0,,,5460,,,,,,,56914720-H,,,,,,7,,,Size,240x330,,1,,,,,,,,,,,,,,,,,,,,,,,,,,,,,,,,,,,,,240x330,,,,,,,,,,,,1786457468,,,,,,,,,,,,114028,,,,,,,,,,,,,,,,,,,
49821,variable,56914757-H,,D-sign Rug 1D1382 Gold,1,0,hidden,D-sign Rug 1D1382 Gold ,D-sign Rug 1D1382 Gold ,,,taxable,,0,,,0,0,,,,,1,,,,"Rooms > Bedroom, Rooms > Living room, Rugs > Modern, Rugs",,,"https://rugshop.eu/wp-content/uploads/2021/10/modern-gloss-carpet-8487-63-ornament-stylish-glamour-gold-beige.jpg, https://rugshop.eu/wp-content/uploads/2021/10/modern-gloss-carpet-8487-63-ornament-stylish-glamour-gold-beige-1.jpg, https://rugshop.eu/wp-content/uploads/2021/10/modern-gloss-carpet-8487-63-ornament-stylish-glamour-gold-beige-2.jpg, https://rugshop.eu/wp-content/uploads/2021/10/modern-gloss-carpet-8487-63-ornament-stylish-glamour-gold-beige-3.jpg",,,,,,,,,1767,,,Size,"120x170, 140x190, 160x220, 180x270, 200x290, 240x330, 280x370, 80x150",1,1,Brand,D-sign,1,1,Color,White-Beige,1,1,Type of color,Multicolor,1,1,Shape,Rectangular,1,1,Material,"Polyester, Polypropen",1,1,Type of rug,Modern,1,1,Weave,Machinemade,1,1,Age,New,1,1,,,,,,,,,,,,,,,,,1786457487,yes,yes,,,,,,,,,,,,,,,,,,,,,,,,,,,,,
49822,variable,56914770-H,,D-sign Rug 1D1383 Beige,1,0,hidden,D-sign Rug 1D1383 Beige ,D-sign Rug 1D1383 Beige ,,,taxable,,0,,,0,0,,,,,1,,,,"Rooms > Bedroom, Rooms > Living room, Rugs > Modern, Rugs",,,"https://rugshop.eu/wp-content/uploads/2021/10/modern-gloss-carpet-8488-37-abstraction-stylish-glamour-beige-grey.jpg, https://rugshop.eu/wp-content/uploads/2021/10/modern-gloss-carpet-8488-37-abstraction-stylish-glamour-beige-grey-1.jpg, https://rugshop.eu/wp-content/uploads/2021/10/modern-gloss-carpet-8488-37-abstraction-stylish-glamour-beige-grey-2.jpg, https://rugshop.eu/wp-content/uploads/2021/10/modern-gloss-carpet-8488-37-abstraction-stylish-glamour-beige-grey-3.jpg",,,,,,,,,1768,,,Size,"120x170, 140x190, 160x220, 180x270, 200x290, 240x330, 280x370, 80x150",1,1,Brand,D-sign,1,1,Color,White-Beige,1,1,Type of color,Multicolor,1,1,Shape,Rectangular,1,1,Material,"Polyester, Polypropen",1,1,Type of rug,Modern,1,1,Weave,Machinemade,1,1,Age,New,1,1,,,,,,,,,,,,,,,,,1786457486,yes,yes,,,,,,,,,,,,,,,,,,,,,,,,,,,,,
49823,variation,56914740,,D-sign Rug 1D1380 Grey - 80x150,1,0,hidden,,D-sign Rug 1D1380 Grey 80x150 cm,,,taxable,parent,0,0,,0,0,,150,80,1.3,0,,,1188,,,,,,,56914740-H,,,,,,1,,,Size,80x150,,1,,,,,,,,,,,,,,,,,,,,,,,,,,,,,,,,,,,,,80x150,,,,,,,,,,,,1786457146,,,,,,,,,,,,114029,,,,,,,,,,,,,,,,,,,
49824,variation,56916230,,D-sign Rug 1D1380 Grey - 120x170,1,0,hidden,,D-sign Rug 1D1380 Grey 120x170 cm,,,taxable,parent,0,0,,0,0,,170,120,1.3,0,,,1700,,,,,,,56914740-H,,,,,,2,,,Size,120x170,,1,,,,,,,,,,,,,,,,,,,,,,,,,,,,,,,,,,,,,120x170,,,,,,,,,,,,,,,,,,,,,,,,114030,,,,,,,,,,,,,,,,,,,
49825,variation,56916228,,D-sign Rug 1D1380 Grey - 140x190,1,0,hidden,,D-sign Rug 1D1380 Grey 140x190 cm,,,taxable,parent,0,0,,0,0,,190,140,1.3,0,,,2124,,,,,,,56914740-H,,,,,,3,,,Size,140x190,,1,,,,,,,,,,,,,,,,,,,,,,,,,,,,,,,,,,,,,140x190,,,,,,,,,,,,1786457471,,,,,,,,,,,,114031,,,,,,,,,,,,,,,,,,,
49826,variation,56916234,,D-sign Rug 1D1380 Grey - 160x220,1,0,hidden,,D-sign Rug 1D1380 Grey 160x220 cm,,,taxable,parent,0,0,,0,0,,220,160,1.3,0,,,2684,,,,,,,56914740-H,,,,,,4,,,Size,160x220,,1,,,,,,,,,,,,,,,,,,,,,,,,,,,,,,,,,,,,,160x220,,,,,,,,,,,,1786457471,,,,,,,,,,,,114032,,,,,,,,,,,,,,,,,,,
49827,variation,56916229,,D-sign Rug 1D1380 Grey - 180x270,1,0,hidden,,D-sign Rug 1D1380 Grey 180x270 cm,,,taxable,parent,0,0,,0,0,,270,180,1.3,0,,,3580,,,,,,,56914740-H,,,,,,5,,,Size,180x270,,1,,,,,,,,,,,,,,,,,,,,,,,,,,,,,,,,,,,,,180x270,,,,,,,,,,,,,,,,,,,,,,,,114033,,,,,,,,,,,,,,,,,,,
49828,variation,56916233,,D-sign Rug 1D1380 Grey - 200x290,1,0,hidden,,D-sign Rug 1D1380 Grey 200x290 cm,,,taxable,parent,0,0,,0,0,,290,200,1.3,0,,,4140,,,,,,,56914740-H,,,,,,6,,,Size,200x290,,1,,,,,,,,,,,,,,,,,,,,,,,,,,,,,,,,,,,,,200x290,,,,,,,,,,,,,,,,,,,,,,,,114034,,,,,,,,,,,,,,,,,,,
49829,variation,56916236,,D-sign Rug 1D1380 Grey - 240x330,1,0,hidden,,D-sign Rug 1D1380 Grey 240x330 cm,,,taxable,parent,0,0,,0,0,,330,240,1.3,0,,,5460,,,,,,,56914740-H,,,,,,7,,,Size,240x330,,1,,,,,,,,,,,,,,,,,,,,,,,,,,,,,,,,,,,,,240x330,,,,,,,,,,,,,,,,,,,,,,,,114035,,,,,,,,,,,,,,,,,,,
49835,variation,56914741,,D-sign Rug 1D1381 Black - 80x150,1,0,hidden,,D-sign Rug 1D1381 Black 80x150 cm,,,taxable,parent,0,0,,0,0,,150,80,1.2,0,,,1236,,,,,,,56914741-H,,,,,,1,,,Size,80x150,,1,,,,,,,,,,,,,,,,,,,,,,,,,,,,,,,,,,,,,80x150,,,,,,,,,,,,,,,,,,,,,,,,114091,,,,,,,,,,,,,,,,,,,
49836,variation,56916232,,D-sign Rug 1D1381 Black - 120x170,1,0,hidden,,D-sign Rug 1D1381 Black 120x170 cm,,,taxable,parent,0,0,,0,0,,170,120,1.2,0,,,1844,,,,,,,56914741-H,,,,,,2,,,Size,120x170,,1,,,,,,,,,,,,,,,,,,,,,,,,,,,,,,,,,,,,,120x170,,,,,,,,,,,,,,,,,,,,,,,,114251,,,,,,,,,,,,,,,,,,,
49837,variation,56916227,,D-sign Rug 1D1381 Black - 140x190,1,0,hidden,,D-sign Rug 1D1381 Black 140x190 cm,,,taxable,parent,0,0,,0,0,,190,140,1.2,0,,,2292,,,,,,,56914741-H,,,,,,3,,,Size,140x190,,1,,,,,,,,,,,,,,,,,,,,,,,,,,,,,,,,,,,,,140x190,,,,,,,,,,,,1786457470,,,,,,,,,,,,114252,,,,,,,,,,,,,,,,,,,
49838,variation,56914756,,D-sign Rug 1D1381 Black - 160x220,1,0,hidden,,D-sign Rug 1D1381 Black 160x220 cm,,,taxable,parent,0,0,,0,0,,220,160,1.2,0,,,2900,,,,,,,56914741-H,,,,,,4,,,Size,160x220,,1,,,,,,,,,,,,,,,,,,,,,,,,,,,,,,,,,,,,,160x220,,,,,,,,,,,,1786457149,,,,,,,,,,,,114092,,,,,,,,,,,,,,,,,,,
49839,variation,56914753,,D-sign Rug 1D1381 Black - 180x270,1,0,hidden,,D-sign Rug 1D1381 Black 180x270 cm,,,taxable,parent,0,0,,0,0,,270,180,1.2,0,,,3868,,,,,,,56914741-H,,,,,,5,,,Size,180x270,,1,,,,,,,,,,,,,,,,,,,,,,,,,,,,,,,,,,,,,180x270,,,,,,,,,,,,1786457148,,,,,,,,,,,,114253,,,,,,,,,,,,,,,,,,,
49840,variation,56914755,,D-sign Rug 1D1381 Black - 200x290,1,0,hidden,,D-sign Rug 1D1381 Black 200x290 cm,,,taxable,parent,0,0,,0,0,,290,200,1.2,0,,,4524,,,,,,,56914741-H,,,,,,6,,,Size,200x290,,1,,,,,,,,,,,,,,,,,,,,,,,,,,,,,,,,,,,,,200x290,,,,,,,,,,,,,,,,,,,,,,,,114093,,,,,,,,,,,,,,,,,,,
49841,variation,56914754,,D-sign Rug 1D1381 Black - 240x330,1,0,hidden,,D-sign Rug 1D1381 Black 240x330 cm,,,taxable,parent,0,0,,0,0,,330,240,1.2,0,,,6148,,,,,,,56914741-H,,,,,,7,,,Size,240x330,,1,,,,,,,,,,,,,,,,,,,,,,,,,,,,,,,,,,,,,240x330,,,,,,,,,,,,1786457148,,,,,,,,,,,,114094,,,,,,,,,,,,,,,,,,,
49842,variation,56914752,,D-sign Rug 1D1381 Black - 280x370,1,0,hidden,,D-sign Rug 1D1381 Black 280x370 cm,,,taxable,parent,0,0,,0,0,,370,280,1.2,0,,,7884,,,,,,,56914741-H,,,,,,8,,,Size,280x370,,1,,,,,,,,,,,,,,,,,,,,,,,,,,,,,,,,,,,,,280x370,,,,,,,,,,,,1786457147,,,,,,,,,,,,114254,,,,,,,,,,,,,,,,,,,
49848,variable,56914783-H,,D-sign Rug 1D1384 Black,1,0,hidden,D-sign Rug 1D1384 Black ,D-sign Rug 1D1384 Black ,,,taxable,,0,,,0,0,,,,,1,,,,"Rooms > Bedroom, Rooms > Living room, Rugs > Modern, Rugs",,,"https://rugshop.eu/wp-content/uploads/2021/10/modern-gloss-carpet-406c-86-stylish-glamour-art-deco-geometric-black-gold.jpg, https://rugshop.eu/wp-content/uploads/2021/10/modern-gloss-carpet-406c-86-stylish-glamour-art-deco-geometric-black-gold-1.jpg, https://rugshop.eu/wp-content/uploads/2021/10/modern-gloss-carpet-406c-86-stylish-glamour-art-deco-geometric-black-gold-2.jpg, https://rugshop.eu/wp-content/uploads/2021/10/modern-gloss-carpet-406c-86-stylish-glamour-art-deco-geometric-black-gold-3.jpg",,,,,,,,,1769,,,Size,"120x170, 140x190, 160x220, 180x270, 200x290, 240x330, 280x370, 80x150",1,1,Brand,D-sign,1,1,Color,Black-Grey,1,1,Type of color,Multicolor,1,1,Shape,Rectangular,1,1,Material,"Polyester, Polypropen",1,1,Type of rug,Modern,1,1,Weave,Machinemade,1,1,Age,New,1,1,,,,,,,,,,,,,,,,,1786457509,yes,yes,,,,,,,,,,,,,,,,,,,,,,,,,,,,,
49849,variable,56914850-H,,D-sign Rug 1D1386 Pink,1,0,hidden,D-sign Rug 1D1386 Pink,D-sign Rug 1D1386 Pink,,,taxable,,0,,,0,0,,,,,0,,,,"Rooms > Kids, Rugs > Kids, Rugs",,,"https://rugshop.eu/wp-content/uploads/2021/10/carpet-for-kids-stars-circle-children-s-pink-grey.jpg, https://rugshop.eu/wp-content/uploads/2021/10/carpet-for-kids-stars-circle-children-s-pink-grey-1.jpg, https://rugshop.eu/wp-content/uploads/2021/10/carpet-for-kids-stars-circle-children-s-pink-grey-2.jpg, https://rugshop.eu/wp-content/uploads/2021/10/carpet-for-kids-stars-circle-children-s-pink-grey-3.jpg",,,,,,,,,1770,,,Size,"100, 133, 150, 170, 200",1,1,Brand,D-sign,1,1,Color,Pink-Purple,1,1,Type of color,Multicolor,1,1,Shape,Round,1,1,Material,Polyamide,1,1,Type of rug,Modern,1,1,Weave,Machinemade,1,1,Country,Belgium,1,1,Age,New,1,1,,,,,default,default,default,default,,,,,1786457512,yes,yes,,,,,,,,,,,,,,,,,,,,,,,,Room,Kids,1,1,,
49850,variation,56914757,,D-sign Rug 1D1382 Gold - 80x150,1,0,hidden,,D-sign Rug 1D1382 Gold 80x150 cm,,,taxable,parent,0,0,,0,0,,150,80,1.2,0,,,1236,,,,,,,56914757-H,,,,,,1,,,Size,80x150,,1,,,,,,,,,,,,,,,,,,,,,,,,,,,,,,,,,,,,,80x150,,,,,,,,,,,,1786457149,,,,,,,,,,,,114099,,,,,,,,,,,,,,,,,,,
49851,variation,56916252,,D-sign Rug 1D1382 Gold - 120x170,1,0,hidden,,D-sign Rug 1D1382 Gold 120x170 cm,,,taxable,parent,0,0,,0,0,,170,120,1.2,0,,,1844,,,,,,,56914757-H,,,,,,2,,,Size,120x170,,1,,,,,,,,,,,,,,,,,,,,,,,,,,,,,,,,,,,,,120x170,,,,,,,,,,,,1786457472,,,,,,,,,,,,114255,,,,,,,,,,,,,,,,,,,
49852,variation,56916235,,D-sign Rug 1D1382 Gold - 140x190,1,0,hidden,,D-sign Rug 1D1382 Gold 140x190 cm,,,taxable,parent,0,0,,0,0,,190,140,1.2,0,,,2292,,,,,,,56914757-H,,,,,,3,,,Size,140x190,,1,,,,,,,,,,,,,,,,,,,,,,,,,,,,,,,,,,,,,140x190,,,,,,,,,,,,,,,,,,,,,,,,114256,,,,,,,,,,,,,,,,,,,
49853,variation,56916247,,D-sign Rug 1D1382 Gold - 160x220,1,0,hidden,,D-sign Rug 1D1382 Gold 160x220 cm,,,taxable,parent,0,0,,0,0,,220,160,1.2,0,,,2900,,,,,,,56914757-H,,,,,,4,,,Size,160x220,,1,,,,,,,,,,,,,,,,,,,,,,,,,,,,,,,,,,,,,160x220,,,,,,,,,,,,,,,,,,,,,,,,114100,,,,,,,,,,,,,,,,,,,
49854,variation,56916249,,D-sign Rug 1D1382 Gold - 180x270,1,0,hidden,,D-sign Rug 1D1382 Gold 180x270 cm,,,taxable,parent,0,0,,0,0,,270,180,1.2,0,,,3868,,,,,,,56914757-H,,,,,,5,,,Size,180x270,,1,,,,,,,,,,,,,,,,,,,,,,,,,,,,,,,,,,,,,180x270,,,,,,,,,,,,,,,,,,,,,,,,114257,,,,,,,,,,,,,,,,,,,
49855,variation,56914769,,D-sign Rug 1D1382 Gold - 200x290,1,0,hidden,,D-sign Rug 1D1382 Gold 200x290 cm,,,taxable,parent,0,0,,0,0,,290,200,1.2,0,,,4524,,,,,,,56914757-H,,,,,,6,,,Size,200x290,,1,,,,,,,,,,,,,,,,,,,,,,,,,,,,,,,,,,,,,200x290,,,,,,,,,,,,,,,,,,,,,,,,114101,,,,,,,,,,,,,,,,,,,
49856,variation,56914771,,D-sign Rug 1D1382 Gold - 240x330,1,0,hidden,,D-sign Rug 1D1382 Gold 240x330 cm,,,taxable,parent,0,0,,0,0,,330,240,1.2,0,,,6148,,,,,,,56914757-H,,,,,,7,,,Size,240x330,,1,,,,,,,,,,,,,,,,,,,,,,,,,,,,,,,,,,,,,240x330,,,,,,,,,,,,,,,,,,,,,,,,114102,,,,,,,,,,,,,,,,,,,
49857,variation,56914772,,D-sign Rug 1D1382 Gold - 280x370,1,0,hidden,,D-sign Rug 1D1382 Gold 280x370 cm,,,taxable,parent,0,0,,0,0,,370,280,1.2,0,,,7884,,,,,,,56914757-H,,,,,,8,,,Size,280x370,,1,,,,,,,,,,,,,,,,,,,,,,,,,,,,,,,,,,,,,280x370,,,,,,,,,,,,,,,,,,,,,,,,114258,,,,,,,,,,,,,,,,,,,
49863,variation,56914770,,D-sign Rug 1D1383 Beige - 80x150,1,0,hidden,,D-sign Rug 1D1383 Beige 80x150 cm,,,taxable,parent,0,0,,0,0,,150,80,1.2,0,,,1236,,,,,,,56914770-H,,,,,,1,,,Size,80x150,,1,,,,,,,,,,,,,,,,,,,,,,,,,,,,,,,,,,,,,80x150,,,,,,,,,,,,1786457150,,,,,,,,,,,,114107,,,,,,,,,,,,,,,,,,,
49864,variation,56916256,,D-sign Rug 1D1383 Beige - 120x170,1,0,hidden,,D-sign Rug 1D1383 Beige 120x170 cm,,,taxable,parent,0,0,,0,0,,170,120,1.2,0,,,1844,,,,,,,56914770-H,,,,,,2,,,Size,120x170,,1,,,,,,,,,,,,,,,,,,,,,,,,,,,,,,,,,,,,,120x170,,,,,,,,,,,,1786457472,,,,,,,,,,,,114259,,,,,,,,,,,,,,,,,,,
49865,variation,56916251,,D-sign Rug 1D1383 Beige - 140x190,1,0,hidden,,D-sign Rug 1D1383 Beige 140x190 cm,,,taxable,parent,0,0,,0,0,,190,140,1.2,0,,,2292,,,,,,,56914770-H,,,,,,3,,,Size,140x190,,1,,,,,,,,,,,,,,,,,,,,,,,,,,,,,,,,,,,,,140x190,,,,,,,,,,,,,,,,,,,,,,,,114260,,,,,,,,,,,,,,,,,,,
49866,variation,56916254,,D-sign Rug 1D1383 Beige - 160x220,1,0,hidden,,D-sign Rug 1D1383 Beige 160x220 cm,,,taxable,parent,0,0,,0,0,,220,160,1.2,0,,,2900,,,,,,,56914770-H,,,,,,4,,,Size,160x220,,1,,,,,,,,,,,,,,,,,,,,,,,,,,,,,,,,,,,,,160x220,,,,,,,,,,,,,,,,,,,,,,,,114110,,,,,,,,,,,,,,,,,,,
49867,variation,56916253,,D-sign Rug 1D1383 Beige - 180x270,1,0,hidden,,D-sign Rug 1D1383 Beige 180x270 cm,,,taxable,parent,0,0,,0,0,,270,180,1.2,0,,,3868,,,,,,,56914770-H,,,,,,5,,,Size,180x270,,1,,,,,,,,,,,,,,,,,,,,,,,,,,,,,,,,,,,,,180x270,,,,,,,,,,,,,,,,,,,,,,,,114261,,,,,,,,,,,,,,,,,,,
49868,variation,56916255,,D-sign Rug 1D1383 Beige - 200x290,1,0,hidden,,D-sign Rug 1D1383 Beige 200x290 cm,,,taxable,parent,0,0,,0,0,,290,200,1.2,0,,,4524,,,,,,,56914770-H,,,,,,6,,,Size,200x290,,1,,,,,,,,,,,,,,,,,,,,,,,,,,,,,,,,,,,,,200x290,,,,,,,,,,,,,,,,,,,,,,,,114111,,,,,,,,,,,,,,,,,,,
49869,variation,56916250,,D-sign Rug 1D1383 Beige - 240x330,1,0,hidden,,D-sign Rug 1D1383 Beige 240x330 cm,,,taxable,parent,0,0,,0,0,,330,240,1.2,0,,,6148,,,,,,,56914770-H,,,,,,7,,,Size,240x330,,1,,,,,,,,,,,,,,,,,,,,,,,,,,,,,,,,,,,,,240x330,,,,,,,,,,,,1786457471,,,,,,,,,,,,114112,,,,,,,,,,,,,,,,,,,
49870,variation,56914784,,D-sign Rug 1D1383 Beige - 280x370,1,0,hidden,,D-sign Rug 1D1383 Beige 280x370 cm,,,taxable,parent,0,0,,0,0,,370,280,1.2,0,,,7884,,,,,,,56914770-H,,,,,,8,,,Size,280x370,,1,,,,,,,,,,,,,,,,,,,,,,,,,,,,,,,,,,,,,280x370,,,,,,,,,,,,1786457179,,,,,,,,,,,,114262,,,,,,,,,,,,,,,,,,,
49876,variable,56914911-H,,D-sign Rug 1D1388 Grey,1,0,hidden,D-sign Rug 1D1388 Grey,D-sign Rug 1D1388 Grey,,,taxable,,0,,,0,0,,,,,0,,,,"Rooms > Kids, Rugs > Kids, Rugs",,,"https://rugshop.eu/wp-content/uploads/2021/10/carpet-for-kids-toys-circle-to-play-children-s-grey.jpg, https://rugshop.eu/wp-content/uploads/2021/10/carpet-for-kids-toys-circle-to-play-children-s-grey-1.jpg, https://rugshop.eu/wp-content/uploads/2021/10/carpet-for-kids-toys-circle-to-play-children-s-grey-2.jpg, https://rugshop.eu/wp-content/uploads/2021/10/carpet-for-kids-toys-circle-to-play-children-s-grey-3.jpg",,,,,,,,,1771,,,Size,"100, 133, 150, 170, 200",1,1,Brand,D-sign,1,1,Color,Black-Grey,1,1,Type of color,Multicolor,1,1,Shape,Round,1,1,Material,Polyamide,1,1,Type of rug,Modern,1,1,Weave,Machinemade,1,1,Country,Belgium,1,1,Age,New,1,1,,,,,default,default,default,default,,,,,1786457514,yes,yes,,,,,,,,,,,,,,,,,,,,,,,,Room,Kids,1,1,,
49877,variable,56914907-H,,D-sign Rug 1D1389 Black,1,0,hidden,D-sign Rug 1D1389 Black ,D-sign Rug 1D1389 Black ,,,taxable,,0,,,0,0,,,,,1,,,,"Rooms > Bedroom, Rooms > Living room, Rugs > Modern, Rugs",,,"https://rugshop.eu/wp-content/uploads/2021/10/modern-gloss-carpet-2813-87-stylish-frame-greek-black-grey.jpg, https://rugshop.eu/wp-content/uploads/2021/10/modern-gloss-carpet-2813-87-stylish-frame-greek-black-grey-1.jpg, https://rugshop.eu/wp-content/uploads/2021/10/modern-gloss-carpet-2813-87-stylish-frame-greek-black-grey-2.jpg, https://rugshop.eu/wp-content/uploads/2021/10/modern-gloss-carpet-2813-87-stylish-frame-greek-black-grey-3.jpg",,,,,,,,,1772,,,Size,"120x170, 140x190, 160x220, 180x270, 200x290, 240x330, 280x370, 80x150",1,1,Brand,D-sign,1,1,Color,Black-Grey,1,1,Type of color,Multicolor,1,1,Shape,Rectangular,1,1,Material,"Polyester, Polypropen",1,1,Type of rug,Modern,1,1,Weave,Machinemade,1,1,Age,New,1,1,,,,,,,,,,,,,,,,,1786457206,yes,yes,,,,,,,,,,,,,,,,,,,,,,,,,,,,,
49879,variation,56914783,,D-sign Rug 1D1384 Black - 80x150,1,0,hidden,,D-sign Rug 1D1384 Black 80x150 cm,,,taxable,parent,0,0,,0,0,,150,80,1.2,0,,,1236,,,,,,,56914783-H,,,,,,1,,,Size,80x150,,1,,,,,,,,,,,,,,,,,,,,,,,,,,,,,,,,,,,,,80x150,,,,,,,,,,,,1786457151,,,,,,,,,,,,114113,,,,,,,,,,,,,,,,,,,
49880,variation,56916273,,D-sign Rug 1D1384 Black - 120x170,1,0,hidden,,D-sign Rug 1D1384 Black 120x170 cm,,,taxable,parent,0,0,,0,0,,170,120,1.2,0,,,1844,,,,,,,56914783-H,,,,,,2,,,Size,120x170,,1,,,,,,,,,,,,,,,,,,,,,,,,,,,,,,,,,,,,,120x170,,,,,,,,,,,,,,,,,,,,,,,,114263,,,,,,,,,,,,,,,,,,,
49881,variation,56916275,,D-sign Rug 1D1384 Black - 140x190,1,0,hidden,,D-sign Rug 1D1384 Black 140x190 cm,,,taxable,parent,0,0,,0,0,,190,140,1.2,0,,,2292,,,,,,,56914783-H,,,,,,3,,,Size,140x190,,1,,,,,,,,,,,,,,,,,,,,,,,,,,,,,,,,,,,,,140x190,,,,,,,,,,,,1786457498,,,,,,,,,,,,114264,,,,,,,,,,,,,,,,,,,
49882,variation,56916268,,D-sign Rug 1D1384 Black - 160x220,1,0,hidden,,D-sign Rug 1D1384 Black 160x220 cm,,,taxable,parent,0,0,,0,0,,220,160,1.2,0,,,2900,,,,,,,56914783-H,,,,,,4,,,Size,160x220,,1,,,,,,,,,,,,,,,,,,,,,,,,,,,,,,,,,,,,,160x220,,,,,,,,,,,,,,,,,,,,,,,,114114,,,,,,,,,,,,,,,,,,,
49883,variation,56916271,,D-sign Rug 1D1384 Black - 180x270,1,0,hidden,,D-sign Rug 1D1384 Black 180x270 cm,,,taxable,parent,0,0,,0,0,,270,180,1.2,0,,,3868,,,,,,,56914783-H,,,,,,5,,,Size,180x270,,1,,,,,,,,,,,,,,,,,,,,,,,,,,,,,,,,,,,,,180x270,,,,,,,,,,,,,,,,,,,,,,,,114265,,,,,,,,,,,,,,,,,,,
49884,variation,56916248,,D-sign Rug 1D1384 Black - 200x290,1,0,hidden,,D-sign Rug 1D1384 Black 200x290 cm,,,taxable,parent,0,0,,0,0,,290,200,1.2,0,,,4524,,,,,,,56914783-H,,,,,,6,,,Size,200x290,,1,,,,,,,,,,,,,,,,,,,,,,,,,,,,,,,,,,,,,200x290,,,,,,,,,,,,,,,,,,,,,,,,114115,,,,,,,,,,,,,,,,,,,
49885,variation,56916269,,D-sign Rug 1D1384 Black - 240x330,1,0,hidden,,D-sign Rug 1D1384 Black 240x330 cm,,,taxable,parent,0,0,,0,0,,330,240,1.2,0,,,6148,,,,,,,56914783-H,,,,,,7,,,Size,240x330,,1,,,,,,,,,,,,,,,,,,,,,,,,,,,,,,,,,,,,,240x330,,,,,,,,,,,,1786457472,,,,,,,,,,,,114116,,,,,,,,,,,,,,,,,,,
49886,variation,56916270,,D-sign Rug 1D1384 Black - 280x370,1,0,hidden,,D-sign Rug 1D1384 Black 280x370 cm,,,taxable,parent,0,0,,0,0,,370,280,1.2,0,,,7884,,,,,,,56914783-H,,,,,,8,,,Size,280x370,,1,,,,,,,,,,,,,,,,,,,,,,,,,,,,,,,,,,,,,280x370,,,,,,,,,,,,1786457497,,,,,,,,,,,,114266,,,,,,,,,,,,,,,,,,,
49892,variation,56914850,,D-sign Rug 1D1386 Pink - 100,1,0,hidden,,D-sign Rug 1D1386 Pink 100 cm,,,taxable,parent,0,0,,0,0,,100,100,0.65,0,,609,620,,,,,,,56914850-H,,,,,,1,,,Size,100,,1,,,,,,,,,,,,,,,,,,,,,,,,,,,,,,,,,,,,,100,,,,,,,,,,,,,,,,,,,,,,,,114193,,,,,,,,,,,,,,,,,,,
49893,variation,56916312,,D-sign Rug 1D1386 Pink - 133,1,0,hidden,,D-sign Rug 1D1386 Pink 133 cm,,,taxable,parent,0,0,,0,0,,133,133,0.65,0,,799,812,,,,,,,56914850-H,,,,,,2,,,Size,133,,1,,,,,,,,,,,,,,,,,,,,,,,,,,,,,,,,,,,,,133,,,,,,,,,,,,,,,,,,,,,,,,114195,,,,,,,,,,,,,,,,,,,
49894,variation,56916293,,D-sign Rug 1D1386 Pink - 150,1,0,hidden,,D-sign Rug 1D1386 Pink 150 cm,,,taxable,parent,0,0,,0,0,,150,150,0.65,0,,889,900,,,,,,,56914850-H,,,,,,3,,,Size,150,,1,,,,,,,,,,,,,,,,,,,,,,,,,,,,,,,,,,,,,150,,,,,,,,,,,,1786457499,,,,,,,,,,,,114196,,,,,,,,,,,,,,,,,,,
49895,variation,56916290,,D-sign Rug 1D1386 Pink - 170,1,0,hidden,,D-sign Rug 1D1386 Pink 170 cm,,,taxable,parent,0,0,,0,0,,170,170,0.65,0,,1029,1044,,,,,,,56914850-H,,,,,,4,,,Size,170,,1,,,,,,,,,,,,,,,,,,,,,,,,,,,,,,,,,,,,,170,,,,,,,,,,,,1786457498,,,,,,,,,,,,114197,,,,,,,,,,,,,,,,,,,
49896,variation,56916289,,D-sign Rug 1D1386 Pink - 200,1,0,hidden,,D-sign Rug 1D1386 Pink 200 cm,,,taxable,parent,0,0,,0,0,,200,200,0.65,0,,1309,1324,,,,,,,56914850-H,,,,,,5,,,Size,200,,1,,,,,,,,,,,,,,,,,,,,,,,,,,,,,,,,,,,,,200,,,,,,,,,,,,,,,,,,,,,,,,114198,,,,,,,,,,,,,,,,,,,
49903,variation,56914911,,D-sign Rug 1D1388 Grey - 100,1,0,hidden,,D-sign Rug 1D1388 Grey 100 cm,,,taxable,parent,0,0,,0,0,,100,100,0.65,0,,609,620,,,,,,,56914911-H,,,,,,1,,,Size,100,,1,,,,,,,,,,,,,,,,,,,,,,,,,,,,,,,,,,,,,100,,,,,,,,,,,,1786457183,,,,,,,,,,,,114234,,,,,,,,,,,,,,,,,,,
49904,variation,56916348,,D-sign Rug 1D1388 Grey - 133,1,0,hidden,,D-sign Rug 1D1388 Grey 133 cm,,,taxable,parent,0,0,,0,0,,133,133,0.65,0,,799,812,,,,,,,56914911-H,,,,,,2,,,Size,133,,1,,,,,,,,,,,,,,,,,,,,,,,,,,,,,,,,,,,,,133,,,,,,,,,,,,,,,,,,,,,,,,114236,,,,,,,,,,,,,,,,,,,
49905,variation,56916349,,D-sign Rug 1D1388 Grey - 150,1,0,hidden,,D-sign Rug 1D1388 Grey 150 cm,,,taxable,parent,0,0,,0,0,,150,150,0.65,0,,889,900,,,,,,,56914911-H,,,,,,3,,,Size,150,,1,,,,,,,,,,,,,,,,,,,,,,,,,,,,,,,,,,,,,150,,,,,,,,,,,,,,,,,,,,,,,,114235,,,,,,,,,,,,,,,,,,,
49906,variation,56916317,,D-sign Rug 1D1388 Grey - 170,1,0,hidden,,D-sign Rug 1D1388 Grey 170 cm,,,taxable,parent,0,0,,0,0,,170,170,0.65,0,,1029,1044,,,,,,,56914911-H,,,,,,4,,,Size,170,,1,,,,,,,,,,,,,,,,,,,,,,,,,,,,,,,,,,,,,170,,,,,,,,,,,,1786457499,,,,,,,,,,,,114237,,,,,,,,,,,,,,,,,,,
49907,variation,56916346,,D-sign Rug 1D1388 Grey - 200,1,0,hidden,,D-sign Rug 1D1388 Grey 200 cm,,,taxable,parent,0,0,,0,0,,200,200,0.65,0,,1299,1324,,,,,,,56914911-H,,,,,,5,,,Size,200,,1,,,,,,,,,,,,,,,,,,,,,,,,,,,,,,,,,,,,,200,,,,,,,,,,,,,,,,,,,,,,,,114238,,,,,,,,,,,,,,,,,,,
49913,variation,56914907,,D-sign Rug 1D1389 Black - 80x150,1,0,hidden,,D-sign Rug 1D1389 Black 80x150 cm,,,taxable,parent,0,0,,0,0,,150,80,1.2,0,,,1236,,,,,,,56914907-H,,,,,,1,,,Size,80x150,,1,,,,,,,,,,,,,,,,,,,,,,,,,,,,,,,,,,,,,80x150,,,,,,,,,,,,,,,,,,,,,,,,114239,,,,,,,,,,,,,,,,,,,
49914,variation,56914920,,D-sign Rug 1D1389 Black - 120x170,1,0,hidden,,D-sign Rug 1D1389 Black 120x170 cm,,,taxable,parent,0,0,,0,0,,170,120,1.2,0,,,1844,,,,,,,56914907-H,,,,,,2,,,Size,120x170,,1,,,,,,,,,,,,,,,,,,,,,,,,,,,,,,,,,,,,,120x170,,,,,,,,,,,,,,,,,,,,,,,,115379,,,,,,,,,,,,,,,,,,,
49915,variation,56914915,,D-sign Rug 1D1389 Black - 140x190,1,0,hidden,,D-sign Rug 1D1389 Black 140x190 cm,,,taxable,parent,0,0,,0,0,,190,140,1.2,0,,,2292,,,,,,,56914907-H,,,,,,3,,,Size,140x190,,1,,,,,,,,,,,,,,,,,,,,,,,,,,,,,,,,,,,,,140x190,,,,,,,,,,,,,,,,,,,,,,,,115380,,,,,,,,,,,,,,,,,,,
49916,variation,56914913,,D-sign Rug 1D1389 Black - 160x220,1,0,hidden,,D-sign Rug 1D1389 Black 160x220 cm,,,taxable,parent,0,0,,0,0,,220,160,1.2,0,,,2900,,,,,,,56914907-H,,,,,,4,,,Size,160x220,,1,,,,,,,,,,,,,,,,,,,,,,,,,,,,,,,,,,,,,160x220,,,,,,,,,,,,,,,,,,,,,,,,114240,,,,,,,,,,,,,,,,,,,
49917,variation,56914918,,D-sign Rug 1D1389 Black - 180x270,1,0,hidden,,D-sign Rug 1D1389 Black 180x270 cm,,,taxable,parent,0,0,,0,0,,270,180,1.2,0,,,3868,,,,,,,56914907-H,,,,,,5,,,Size,180x270,,1,,,,,,,,,,,,,,,,,,,,,,,,,,,,,,,,,,,,,180x270,,,,,,,,,,,,,,,,,,,,,,,,115381,,,,,,,,,,,,,,,,,,,
49918,variation,56914917,,D-sign Rug 1D1389 Black - 200x290,1,0,hidden,,D-sign Rug 1D1389 Black 200x290 cm,,,taxable,parent,0,0,,0,0,,290,200,1.2,0,,,4524,,,,,,,56914907-H,,,,,,6,,,Size,200x290,,1,,,,,,,,,,,,,,,,,,,,,,,,,,,,,,,,,,,,,200x290,,,,,,,,,,,,,,,,,,,,,,,,114241,,,,,,,,,,,,,,,,,,,
49919,variation,56914916,,D-sign Rug 1D1389 Black - 240x330,1,0,hidden,,D-sign Rug 1D1389 Black 240x330 cm,,,taxable,parent,0,0,,0,0,,330,240,1.2,0,,,6148,,,,,,,56914907-H,,,,,,7,,,Size,240x330,,1,,,,,,,,,,,,,,,,,,,,,,,,,,,,,,,,,,,,,240x330,,,,,,,,,,,,,,,,,,,,,,,,114471,,,,,,,,,,,,,,,,,,,
49920,variation,56914914,,D-sign Rug 1D1389 Black - 280x370,1,0,hidden,,D-sign Rug 1D1389 Black 280x370 cm,,,taxable,parent,0,0,,0,0,,370,280,1.2,0,,,7884,,,,,,,56914907-H,,,,,,8,,,Size,280x370,,1,,,,,,,,,,,,,,,,,,,,,,,,,,,,,,,,,,,,,280x370,,,,,,,,,,,,1786457184,,,,,,,,,,,,115382,,,,,,,,,,,,,,,,,,,
49926,variable,56914931-H,,D-sign Rug 1D1392 Black,1,0,hidden,D-sign Rug 1D1392 Black ,D-sign Rug 1D1392 Black ,,,taxable,,0,,,0,0,,,,,1,,,,"Rooms > Bedroom, Rooms > Living room, Rugs > Modern, Rugs",,,"https://rugshop.eu/wp-content/uploads/2021/10/modern-gloss-carpet-407c-86-stylish-glamour-art-deco-black-gold.jpg, https://rugshop.eu/wp-content/uploads/2021/10/modern-gloss-carpet-407c-86-stylish-glamour-art-deco-black-gold-1.jpg, https://rugshop.eu/wp-content/uploads/2021/10/modern-gloss-carpet-407c-86-stylish-glamour-art-deco-black-gold-2.jpg, https://rugshop.eu/wp-content/uploads/2021/10/modern-gloss-carpet-407c-86-stylish-glamour-art-deco-black-gold-3.jpg",,,,,,,,,1775,,,Size,"120x170, 140x190, 160x220, 180x270, 200x290, 240x330, 280x370, 80x150",1,1,Brand,D-sign,1,1,Color,Black-Grey,1,1,Type of color,Multicolor,1,1,Shape,Rectangular,1,1,Material,"Polyester, Polypropen",1,1,Type of rug,Modern,1,1,Weave,Machinemade,1,1,Age,New,1,1,,,,,,,,,,,,,,,,,1786457516,yes,yes,,,,,,,,,,,,,,,,,,,,,,,,,,,,,
49954,variable,56914944-H,,D-sign Rug 1D1394 Black,1,0,hidden,D-sign Rug 1D1394 Black ,D-sign Rug 1D1394 Black ,,,taxable,,0,,,0,0,,,,,1,,,,"Rooms > Bedroom, Rooms > Living room, Rugs > Modern, Rugs",,,"https://rugshop.eu/wp-content/uploads/2021/10/modern-carpet-3d-gloss-409a-82-cube-stylish-glamour-art-deco-black-gold-grey.jpg, https://rugshop.eu/wp-content/uploads/2021/10/modern-carpet-3d-gloss-409a-82-cube-stylish-glamour-art-deco-black-gold-grey-1.jpg, https://rugshop.eu/wp-content/uploads/2021/10/modern-carpet-3d-gloss-409a-82-cube-stylish-glamour-art-deco-black-gold-grey-2.jpg, https://rugshop.eu/wp-content/uploads/2021/10/modern-carpet-3d-gloss-409a-82-cube-stylish-glamour-art-deco-black-gold-grey-3.jpg",,,,,,,,,1777,,,Size,"120x170, 140x190, 160x220, 180x270, 200x290, 240x330, 280x370, 80x150",1,1,Brand,D-sign,1,1,Color,Black-Grey,1,1,Type of color,Multicolor,1,1,Shape,Rectangular,1,1,Material,"Polyester, Polypropen",1,1,Type of rug,Modern,1,1,Weave,Machinemade,1,1,Age,New,1,1,,,,,,,,,,,,,,,,,1786457208,yes,yes,,,,,,,,,classic-editor,,,,,,,,,,,,,,,,,,,,
49955,variable,56914992-H,,D-sign Rug 1D1395 Black,1,0,hidden,D-sign Rug 1D1395 Black ,D-sign Rug 1D1395 Black ,,,taxable,,0,,,0,0,,,,,1,,,,"Rooms > Bedroom, Rooms > Living room, Rugs > Modern, Rugs",,,"https://rugshop.eu/wp-content/uploads/2021/10/modern-carpet-3d-gloss-409c-86-cube-stylish-glamour-art-deco-black-gold.jpg, https://rugshop.eu/wp-content/uploads/2021/10/modern-carpet-3d-gloss-409c-86-cube-stylish-glamour-art-deco-black-gold-1.jpg, https://rugshop.eu/wp-content/uploads/2021/10/modern-carpet-3d-gloss-409c-86-cube-stylish-glamour-art-deco-black-gold-2.jpg, https://rugshop.eu/wp-content/uploads/2021/10/modern-carpet-3d-gloss-409c-86-cube-stylish-glamour-art-deco-black-gold-3.jpg",,,,,,,,,1778,,,Size,"120x170, 140x190, 160x220, 180x270, 200x290, 240x330, 280x370, 80x150",1,1,Brand,D-sign,1,1,Color,Black-Grey,1,1,Type of color,Multicolor,1,1,Shape,Rectangular,1,1,Material,"Polyester, Polypropen",1,1,Type of rug,Modern,1,1,Weave,Machinemade,1,1,Age,New,1,1,,,,,,,,,,,,,,,,,1786457518,yes,yes,,,,,,,,,classic-editor,,,,,,,,,,,,,,,,,,,,
49956,variation,56914931,,D-sign Rug 1D1392 Black - 80x150,1,0,hidden,,D-sign Rug 1D1392 Black 80x150 cm,,,taxable,parent,0,0,,0,0,,150,80,1.2,0,,,1236,,,,,,,56914931-H,,,,,,1,,,Size,80x150,,1,,,,,,,,,,,,,,,,,,,,,,,,,,,,,,,,,,,,,80x150,,,,,,,,,,,,,,,,,,,,,,,,114488,,,,,,,,,,,,,,,,,,,
49957,variation,56916366,,D-sign Rug 1D1392 Black - 120x170,1,0,hidden,,D-sign Rug 1D1392 Black 120x170 cm,,,taxable,parent,0,0,,0,0,,170,120,1.2,0,,,1844,,,,,,,56914931-H,,,,,,2,,,Size,120x170,,1,,,,,,,,,,,,,,,,,,,,,,,,,,,,,,,,,,,,,120x170,,,,,,,,,,,,1786457501,,,,,,,,,,,,114492,,,,,,,,,,,,,,,,,,,
49958,variation,56916352,,D-sign Rug 1D1392 Black - 140x190,1,0,hidden,,D-sign Rug 1D1392 Black 140x190 cm,,,taxable,parent,0,0,,0,0,,190,140,1.2,0,,,2292,,,,,,,56914931-H,,,,,,3,,,Size,140x190,,1,,,,,,,,,,,,,,,,,,,,,,,,,,,,,,,,,,,,,140x190,,,,,,,,,,,,1786457500,,,,,,,,,,,,114493,,,,,,,,,,,,,,,,,,,
49959,variation,56916365,,D-sign Rug 1D1392 Black - 160x220,1,0,hidden,,D-sign Rug 1D1392 Black 160x220 cm,,,taxable,parent,0,0,,0,0,,220,160,1.2,0,,,2900,,,,,,,56914931-H,,,,,,4,,,Size,160x220,,1,,,,,,,,,,,,,,,,,,,,,,,,,,,,,,,,,,,,,160x220,,,,,,,,,,,,1786457500,,,,,,,,,,,,114489,,,,,,,,,,,,,,,,,,,
49960,variation,56916345,,D-sign Rug 1D1392 Black - 180x270,1,0,hidden,,D-sign Rug 1D1392 Black 180x270 cm,,,taxable,parent,0,0,,0,0,,270,180,1.2,0,,,3868,,,,,,,56914931-H,,,,,,5,,,Size,180x270,,1,,,,,,,,,,,,,,,,,,,,,,,,,,,,,,,,,,,,,180x270,,,,,,,,,,,,,,,,,,,,,,,,114494,,,,,,,,,,,,,,,,,,,
49961,variation,56916370,,D-sign Rug 1D1392 Black - 200x290,1,0,hidden,,D-sign Rug 1D1392 Black 200x290 cm,,,taxable,parent,0,0,,0,0,,290,200,1.2,0,,,4524,,,,,,,56914931-H,,,,,,6,,,Size,200x290,,1,,,,,,,,,,,,,,,,,,,,,,,,,,,,,,,,,,,,,200x290,,,,,,,,,,,,1786457501,,,,,,,,,,,,114490,,,,,,,,,,,,,,,,,,,
49962,variation,56916350,,D-sign Rug 1D1392 Black - 240x330,1,0,hidden,,D-sign Rug 1D1392 Black 240x330 cm,,,taxable,parent,0,0,,0,0,,330,240,1.2,0,,,6148,,,,,,,56914931-H,,,,,,7,,,Size,240x330,,1,,,,,,,,,,,,,,,,,,,,,,,,,,,,,,,,,,,,,240x330,,,,,,,,,,,,1786457500,,,,,,,,,,,,114491,,,,,,,,,,,,,,,,,,,
49963,variation,56914943,,D-sign Rug 1D1392 Black - 280x370,1,0,hidden,,D-sign Rug 1D1392 Black 280x370 cm,,,taxable,parent,0,0,,0,0,,370,280,1.2,0,,,7884,,,,,,,56914931-H,,,,,,8,,,Size,280x370,,1,,,,,,,,,,,,,,,,,,,,,,,,,,,,,,,,,,,,,280x370,,,,,,,,,,,,,,,,,,,,,,,,114495,,,,,,,,,,,,,,,,,,,
49982,variable,56914978-H,,D-sign Rug 1D1396 Black,1,0,hidden,D-sign Rug 1D1396 Black ,D-sign Rug 1D1396 Black ,,,taxable,,0,,,0,0,,,,,1,,,,"Rooms > Bedroom, Rooms > Living room, Rugs > Modern, Rugs",,,"https://rugshop.eu/wp-content/uploads/2021/10/modern-gloss-carpet-410a-86-marble-stone-stylish-glamour-black-gold.jpg, https://rugshop.eu/wp-content/uploads/2021/10/modern-gloss-carpet-410a-86-marble-stone-stylish-glamour-black-gold-1.jpg, https://rugshop.eu/wp-content/uploads/2021/10/modern-gloss-carpet-410a-86-marble-stone-stylish-glamour-black-gold-2.jpg, https://rugshop.eu/wp-content/uploads/2021/10/modern-gloss-carpet-410a-86-marble-stone-stylish-glamour-black-gold-3.jpg",,,,,,,,,1779,,,Size,"120x170, 140x190, 160x220, 180x270, 200x290, 240x330, 280x370, 80x150",1,1,Brand,D-sign,1,1,Color,Black-Grey,1,1,Type of color,Multicolor,1,1,Shape,Rectangular,1,1,Material,"Polyester, Polypropen",1,1,Type of rug,Modern,1,1,Weave,Machinemade,1,1,Age,New,1,1,,,,,,,,,,,,,,,,,1786457217,yes,yes,,,,,,,,,classic-editor,,,,,,,,,,,,,,,,,,,,
49983,variable,56915010-H,,D-sign Rug 1D1397 Beige,1,0,hidden,D-sign Rug 1D1397 Beige ,D-sign Rug 1D1397 Beige ,,,taxable,,0,,,0,0,,,,,1,,,,"Rooms > Bedroom, Rooms > Living room, Rugs > Modern, Rugs",,,"https://rugshop.eu/wp-content/uploads/2021/10/modern-gloss-carpet-528a-58-marble-stone-stylish-glamour-ivory-black.jpg, https://rugshop.eu/wp-content/uploads/2021/10/modern-gloss-carpet-528a-58-marble-stone-stylish-glamour-ivory-black-1.jpg, https://rugshop.eu/wp-content/uploads/2021/10/modern-gloss-carpet-528a-58-marble-stone-stylish-glamour-ivory-black-2.jpg, https://rugshop.eu/wp-content/uploads/2021/10/modern-gloss-carpet-528a-58-marble-stone-stylish-glamour-ivory-black-3.jpg",,,,,,,,,1780,,,Size,"120x170, 140x190, 160x220, 180x270, 200x290, 240x330, 280x370, 80x150",1,1,Brand,D-sign,1,1,Color,White-Beige,1,1,Type of color,Multicolor,1,1,Shape,Rectangular,1,1,Material,"Polyester, Polypropen",1,1,Type of rug,Modern,1,1,Weave,Machinemade,1,1,Age,New,1,1,,,,,,,,,,,,,,,,,1786457520,yes,yes,,,,,,,,,classic-editor,,,,,,,,,,,,,,,,,,,,
49984,variation,56914944,,D-sign Rug 1D1394 Black - 80x150,1,0,hidden,,D-sign Rug 1D1394 Black 80x150 cm,,,taxable,parent,0,0,,0,0,,150,80,1.2,0,,,1236,,,,,,,56914944-H,,,,,,1,,,Size,80x150,,1,,,,,,,,,,,,,,,,,,,,,,,,,,,,,,,,,,,,,80x150,,,,,,,,,,,,1786457185,,,,,,,,,,,,114504,,,,,,,,,,,,,,,,,,,
49985,variation,56914989,,D-sign Rug 1D1394 Black - 120x170,1,0,hidden,,D-sign Rug 1D1394 Black 120x170 cm,,,taxable,parent,0,0,,0,0,,170,120,1.2,0,,,1844,,,,,,,56914944-H,,,,,,2,,,Size,120x170,,1,,,,,,,,,,,,,,,,,,,,,,,,,,,,,,,,,,,,,120x170,,,,,,,,,,,,,,,,,,,,,,,,115377,,,,,,,,,,,,,,,,,,,
49986,variation,56914991,,D-sign Rug 1D1394 Black - 140x190,1,0,hidden,,D-sign Rug 1D1394 Black 140x190 cm,,,taxable,parent,0,0,,0,0,,190,140,1.2,0,,,2292,,,,,,,56914944-H,,,,,,3,,,Size,140x190,,1,,,,,,,,,,,,,,,,,,,,,,,,,,,,,,,,,,,,,140x190,,,,,,,,,,,,,,,,,,,,,,,,114509,,,,,,,,,,,,,,,,,,,
49987,variation,56914993,,D-sign Rug 1D1394 Black - 160x220,1,0,hidden,,D-sign Rug 1D1394 Black 160x220 cm,,,taxable,parent,0,0,,0,0,,220,160,1.2,0,,,2900,,,,,,,56914944-H,,,,,,4,,,Size,160x220,,1,,,,,,,,,,,,,,,,,,,,,,,,,,,,,,,,,,,,,160x220,,,,,,,,,,,,,,,,,,,,,,,,114505,,,,,,,,,,,,,,,,,,,
49988,variation,56914994,,D-sign Rug 1D1394 Black - 180x270,1,0,hidden,,D-sign Rug 1D1394 Black 180x270 cm,,,taxable,parent,0,0,,0,0,,270,180,1.2,0,,,3868,,,,,,,56914944-H,,,,,,5,,,Size,180x270,,1,,,,,,,,,,,,,,,,,,,,,,,,,,,,,,,,,,,,,180x270,,,,,,,,,,,,,,,,,,,,,,,,114510,,,,,,,,,,,,,,,,,,,
49989,variation,56914995,,D-sign Rug 1D1394 Black - 200x290,1,0,hidden,,D-sign Rug 1D1394 Black 200x290 cm,,,taxable,parent,0,0,,0,0,,290,200,1.2,0,,,4524,,,,,,,56914944-H,,,,,,6,,,Size,200x290,,1,,,,,,,,,,,,,,,,,,,,,,,,,,,,,,,,,,,,,200x290,,,,,,,,,,,,,,,,,,,,,,,,114506,,,,,,,,,,,,,,,,,,,
49990,variation,56914996,,D-sign Rug 1D1394 Black - 240x330,1,0,hidden,,D-sign Rug 1D1394 Black 240x330 cm,,,taxable,parent,0,0,,0,0,,330,240,1.2,0,,,6148,,,,,,,56914944-H,,,,,,7,,,Size,240x330,,1,,,,,,,,,,,,,,,,,,,,,,,,,,,,,,,,,,,,,240x330,,,,,,,,,,,,1786457187,,,,,,,,,,,,114507,,,,,,,,,,,,,,,,,,,
49991,variation,56914990,,D-sign Rug 1D1394 Black - 280x370,1,0,hidden,,D-sign Rug 1D1394 Black 280x370 cm,,,taxable,parent,0,0,,0,0,,370,280,1.2,0,,,7884,,,,,,,56914944-H,,,,,,8,,,Size,280x370,,1,,,,,,,,,,,,,,,,,,,,,,,,,,,,,,,,,,,,,280x370,,,,,,,,,,,,,,,,,,,,,,,,114511,,,,,,,,,,,,,,,,,,,
49997,variation,56914992,,D-sign Rug 1D1395 Black - 80x150,1,0,hidden,,D-sign Rug 1D1395 Black 80x150 cm,,,taxable,parent,0,0,,0,0,,150,80,1.2,0,,,1236,,,,,,,56914992-H,,,,,,1,,,Size,80x150,,1,,,,,,,,,,,,,,,,,,,,,,,,,,,,,,,,,,,,,80x150,,,,,,,,,,,,1786457187,,,,,,,,,,,,114512,,,,,,,,,,,,,,,,,,,
49998,variation,56916411,,D-sign Rug 1D1395 Black - 120x170,1,0,hidden,,D-sign Rug 1D1395 Black 120x170 cm,,,taxable,parent,0,0,,0,0,,170,120,1.2,0,,,1844,,,,,,,56914992-H,,,,,,2,,,Size,120x170,,1,,,,,,,,,,,,,,,,,,,,,,,,,,,,,,,,,,,,,120x170,,,,,,,,,,,,1786457504,,,,,,,,,,,,114519,,,,,,,,,,,,,,,,,,,
49999,variation,56916410,,D-sign Rug 1D1395 Black - 140x190,1,0,hidden,,D-sign Rug 1D1395 Black 140x190 cm,,,taxable,parent,0,0,,0,0,,190,140,1.2,0,,,2292,,,,,,,56914992-H,,,,,,3,,,Size,140x190,,1,,,,,,,,,,,,,,,,,,,,,,,,,,,,,,,,,,,,,140x190,,,,,,,,,,,,1786457504,,,,,,,,,,,,114516,,,,,,,,,,,,,,,,,,,
50000,variation,56916384,,D-sign Rug 1D1395 Black - 160x220,1,0,hidden,,D-sign Rug 1D1395 Black 160x220 cm,,,taxable,parent,0,0,,0,0,,220,160,1.2,0,,,2900,,,,,,,56914992-H,,,,,,4,,,Size,160x220,,1,,,,,,,,,,,,,,,,,,,,,,,,,,,,,,,,,,,,,160x220,,,,,,,,,,,,1786457502,,,,,,,,,,,,114513,,,,,,,,,,,,,,,,,,,
50001,variation,56916393,,D-sign Rug 1D1395 Black - 180x270,1,0,hidden,,D-sign Rug 1D1395 Black 180x270 cm,,,taxable,parent,0,0,,0,0,,270,180,1.2,0,,,3868,,,,,,,56914992-H,,,,,,5,,,Size,180x270,,1,,,,,,,,,,,,,,,,,,,,,,,,,,,,,,,,,,,,,180x270,,,,,,,,,,,,1786457503,,,,,,,,,,,,114517,,,,,,,,,,,,,,,,,,,
50002,variation,56916392,,D-sign Rug 1D1395 Black - 200x290,1,0,hidden,,D-sign Rug 1D1395 Black 200x290 cm,,,taxable,parent,0,0,,0,0,,290,200,1.2,0,,,4524,,,,,,,56914992-H,,,,,,6,,,Size,200x290,,1,,,,,,,,,,,,,,,,,,,,,,,,,,,,,,,,,,,,,200x290,,,,,,,,,,,,1786457503,,,,,,,,,,,,114514,,,,,,,,,,,,,,,,,,,
50003,variation,56916388,,D-sign Rug 1D1395 Black - 240x330,1,0,hidden,,D-sign Rug 1D1395 Black 240x330 cm,,,taxable,parent,0,0,,0,0,,330,240,1.2,0,,,6148,,,,,,,56914992-H,,,,,,7,,,Size,240x330,,1,,,,,,,,,,,,,,,,,,,,,,,,,,,,,,,,,,,,,240x330,,,,,,,,,,,,1786457502,,,,,,,,,,,,114515,,,,,,,,,,,,,,,,,,,
50004,variation,56916391,,D-sign Rug 1D1395 Black - 280x370,1,0,hidden,,D-sign Rug 1D1395 Black 280x370 cm,,,taxable,parent,0,0,,0,0,,370,280,1.2,0,,,7884,,,,,,,56914992-H,,,,,,8,,,Size,280x370,,1,,,,,,,,,,,,,,,,,,,,,,,,,,,,,,,,,,,,,280x370,,,,,,,,,,,,,,,,,,,,,,,,114518,,,,,,,,,,,,,,,,,,,
50010,variable,56915024-H,,D-sign Rug 1D1398 Beige,1,0,hidden,D-sign Rug 1D1398 Beige ,D-sign Rug 1D1398 Beige ,,,taxable,,0,,,0,0,,,,,1,,,,"Rooms > Bedroom, Rooms > Living room, Rugs > Modern, Rugs",,,"https://rugshop.eu/wp-content/uploads/2021/10/modern-gloss-carpet-529a-53-marble-stone-stylish-glamour-ivory-beige.jpg, https://rugshop.eu/wp-content/uploads/2021/10/modern-gloss-carpet-529a-53-marble-stone-stylish-glamour-ivory-beige-1.jpg, https://rugshop.eu/wp-content/uploads/2021/10/modern-gloss-carpet-529a-53-marble-stone-stylish-glamour-ivory-beige-2.jpg, https://rugshop.eu/wp-content/uploads/2021/10/modern-gloss-carpet-529a-53-marble-stone-stylish-glamour-ivory-beige-3.jpg",,,,,,,,,1781,,,Size,"120x170, 140x190, 160x220, 180x270, 200x290, 240x330, 280x370, 80x150",1,1,Brand,D-sign,1,1,Color,White-Beige,1,1,Type of color,Multicolor,1,1,Shape,Rectangular,1,1,Material,"Polyester, Polypropen",1,1,Type of rug,Modern,1,1,Weave,Machinemade,1,1,Age,New,1,1,,,,,,,,,,,,,,,,,1786457522,yes,yes,,,,,,,,,classic-editor,,,,,,,,,,,,,,,,,,,,
50012,variation,56914978,,D-sign Rug 1D1396 Black - 80x150,1,0,hidden,,D-sign Rug 1D1396 Black 80x150 cm,,,taxable,parent,0,0,,0,0,,150,80,1.2,0,,,1236,,,,,,,56914978-H,,,,,,1,,,Size,80x150,,1,,,,,,,,,,,,,,,,,,,,,,,,,,,,,,,,,,,,,80x150,,,,,,,,,,,,,,,,,,,,,,,,114520,,,,,,,,,,,,,,,,,,,
50013,variation,56916413,,D-sign Rug 1D1396 Black - 120x170,1,0,hidden,,D-sign Rug 1D1396 Black 120x170 cm,,,taxable,parent,0,0,,0,0,,170,120,1.2,0,,,1844,,,,,,,56914978-H,,,,,,2,,,Size,120x170,,1,,,,,,,,,,,,,,,,,,,,,,,,,,,,,,,,,,,,,120x170,,,,,,,,,,,,,,,,,,,,,,,,114524,,,,,,,,,,,,,,,,,,,
50014,variation,56916416,,D-sign Rug 1D1396 Black - 140x190,1,0,hidden,,D-sign Rug 1D1396 Black 140x190 cm,,,taxable,parent,0,0,,0,0,,190,140,1.2,0,,,2292,,,,,,,56914978-H,,,,,,3,,,Size,140x190,,1,,,,,,,,,,,,,,,,,,,,,,,,,,,,,,,,,,,,,140x190,,,,,,,,,,,,,,,,,,,,,,,,114525,,,,,,,,,,,,,,,,,,,
50015,variation,56916407,,D-sign Rug 1D1396 Black - 160x220,1,0,hidden,,D-sign Rug 1D1396 Black 160x220 cm,,,taxable,parent,0,0,,0,0,,220,160,1.2,0,,,2900,,,,,,,56914978-H,,,,,,4,,,Size,160x220,,1,,,,,,,,,,,,,,,,,,,,,,,,,,,,,,,,,,,,,160x220,,,,,,,,,,,,,,,,,,,,,,,,114521,,,,,,,,,,,,,,,,,,,
50016,variation,56916409,,D-sign Rug 1D1396 Black - 180x270,1,0,hidden,,D-sign Rug 1D1396 Black 180x270 cm,,,taxable,parent,0,0,,0,0,,270,180,1.2,0,,,3868,,,,,,,56914978-H,,,,,,5,,,Size,180x270,,1,,,,,,,,,,,,,,,,,,,,,,,,,,,,,,,,,,,,,180x270,,,,,,,,,,,,,,,,,,,,,,,,114526,,,,,,,,,,,,,,,,,,,
50017,variation,56915011,,D-sign Rug 1D1396 Black - 200x290,1,0,hidden,,D-sign Rug 1D1396 Black 200x290 cm,,,taxable,parent,0,0,,0,0,,290,200,1.2,0,,,4524,,,,,,,56914978-H,,,,,,6,,,Size,200x290,,1,,,,,,,,,,,,,,,,,,,,,,,,,,,,,,,,,,,,,200x290,,,,,,,,,,,,,,,,,,,,,,,,114522,,,,,,,,,,,,,,,,,,,
50018,variation,56915008,,D-sign Rug 1D1396 Black - 240x330,1,0,hidden,,D-sign Rug 1D1396 Black 240x330 cm,,,taxable,parent,0,0,,0,0,,330,240,1.2,0,,,6148,,,,,,,56914978-H,,,,,,7,,,Size,240x330,,1,,,,,,,,,,,,,,,,,,,,,,,,,,,,,,,,,,,,,240x330,,,,,,,,,,,,,,,,,,,,,,,,114523,,,,,,,,,,,,,,,,,,,
50019,variation,56915009,,D-sign Rug 1D1396 Black - 280x370,1,0,hidden,,D-sign Rug 1D1396 Black 280x370 cm,,,taxable,parent,0,0,,0,0,,370,280,1.2,0,,,7884,,,,,,,56914978-H,,,,,,8,,,Size,280x370,,1,,,,,,,,,,,,,,,,,,,,,,,,,,,,,,,,,,,,,280x370,,,,,,,,,,,,1786457188,,,,,,,,,,,,114527,,,,,,,,,,,,,,,,,,,
50025,variation,56915010,,D-sign Rug 1D1397 Beige - 80x150,1,0,hidden,,D-sign Rug 1D1397 Beige 80x150 cm,,,taxable,parent,0,0,,0,0,,150,80,1.2,0,,,1236,,,,,,,56915010-H,,,,,,1,,,Size,80x150,,1,,,,,,,,,,,,,,,,,,,,,,,,,,,,,,,,,,,,,80x150,,,,,,,,,,,,1786457188,,,,,,,,,,,,114536,,,,,,,,,,,,,,,,,,,
50026,variation,56916431,,D-sign Rug 1D1397 Beige - 120x170,1,0,hidden,,D-sign Rug 1D1397 Beige 120x170 cm,,,taxable,parent,0,0,,0,0,,170,120,1.2,0,,,1844,,,,,,,56915010-H,,,,,,2,,,Size,120x170,,1,,,,,,,,,,,,,,,,,,,,,,,,,,,,,,,,,,,,,120x170,,,,,,,,,,,,1786457506,,,,,,,,,,,,114537,,,,,,,,,,,,,,,,,,,
50027,variation,56916412,,D-sign Rug 1D1397 Beige - 140x190,1,0,hidden,,D-sign Rug 1D1397 Beige 140x190 cm,,,taxable,parent,0,0,,0,0,,190,140,1.2,0,,,2292,,,,,,,56915010-H,,,,,,3,,,Size,140x190,,1,,,,,,,,,,,,,,,,,,,,,,,,,,,,,,,,,,,,,140x190,,,,,,,,,,,,,,,,,,,,,,,,114538,,,,,,,,,,,,,,,,,,,
50028,variation,56916408,,D-sign Rug 1D1397 Beige - 160x220,1,0,hidden,,D-sign Rug 1D1397 Beige 160x220 cm,,,taxable,parent,0,0,,0,0,,220,160,1.2,0,,,2900,,,,,,,56915010-H,,,,,,4,,,Size,160x220,,1,,,,,,,,,,,,,,,,,,,,,,,,,,,,,,,,,,,,,160x220,,,,,,,,,,,,1786457504,,,,,,,,,,,,114539,,,,,,,,,,,,,,,,,,,
50029,variation,56916414,,D-sign Rug 1D1397 Beige - 180x270,1,0,hidden,,D-sign Rug 1D1397 Beige 180x270 cm,,,taxable,parent,0,0,,0,0,,270,180,1.2,0,,,3868,,,,,,,56915010-H,,,,,,5,,,Size,180x270,,1,,,,,,,,,,,,,,,,,,,,,,,,,,,,,,,,,,,,,180x270,,,,,,,,,,,,,,,,,,,,,,,,114540,,,,,,,,,,,,,,,,,,,
50030,variation,56916433,,D-sign Rug 1D1397 Beige - 200x290,1,0,hidden,,D-sign Rug 1D1397 Beige 200x290 cm,,,taxable,parent,0,0,,0,0,,290,200,1.2,0,,,4524,,,,,,,56915010-H,,,,,,6,,,Size,200x290,,1,,,,,,,,,,,,,,,,,,,,,,,,,,,,,,,,,,,,,200x290,,,,,,,,,,,,,,,,,,,,,,,,114541,,,,,,,,,,,,,,,,,,,
50031,variation,56916415,,D-sign Rug 1D1397 Beige - 240x330,1,0,hidden,,D-sign Rug 1D1397 Beige 240x330 cm,,,taxable,parent,0,0,,0,0,,330,240,1.2,0,,,6148,,,,,,,56915010-H,,,,,,7,,,Size,240x330,,1,,,,,,,,,,,,,,,,,,,,,,,,,,,,,,,,,,,,,240x330,,,,,,,,,,,,,,,,,,,,,,,,114542,,,,,,,,,,,,,,,,,,,
50032,variation,56915022,,D-sign Rug 1D1397 Beige - 280x370,1,0,hidden,,D-sign Rug 1D1397 Beige 280x370 cm,,,taxable,parent,0,0,,0,0,,370,280,1.2,0,,,7884,,,,,,,56915010-H,,,,,,8,,,Size,280x370,,1,,,,,,,,,,,,,,,,,,,,,,,,,,,,,,,,,,,,,280x370,,,,,,,,,,,,,,,,,,,,,,,,114543,,,,,,,,,,,,,,,,,,,
50038,variable,56915039-H,,D-sign Rug 1D1400 Black,1,0,hidden,D-sign Rug 1D1400 Black ,D-sign Rug 1D1400 Black ,,,taxable,,0,,,0,0,,,,,1,,,,"Rooms > Bedroom, Rooms > Living room, Rugs > Modern, Rugs",,,"https://rugshop.eu/wp-content/uploads/2021/10/modern-gloss-carpet-6776-85-stylish-frame-greek-black-ivory.jpg, https://rugshop.eu/wp-content/uploads/2021/10/modern-gloss-carpet-6776-85-stylish-frame-greek-black-ivory-1.jpg, https://rugshop.eu/wp-content/uploads/2021/10/modern-gloss-carpet-6776-85-stylish-frame-greek-black-ivory-2.jpg, https://rugshop.eu/wp-content/uploads/2021/10/modern-gloss-carpet-6776-85-stylish-frame-greek-black-ivory-3.jpg",,,,,,,,,1783,,,Size,"120x170, 140x190, 160x220, 180x270, 200x290, 240x330, 280x370, 80x150",1,1,Brand,D-sign,1,1,Color,Black-Grey,1,1,Type of color,Multicolor,1,1,Shape,Rectangular,1,1,Material,"Polyester, Polypropen",1,1,Type of rug,Modern,1,1,Weave,Machinemade,1,1,Age,New,1,1,,,,,,,,,,,,,,,,,1786457526,yes,yes,,,,,,,,,classic-editor,,,,,,,,,,,,,,,,,,,,
50039,variable,56915057-H,,D-sign Rug 1D1401 Black,1,0,hidden,D-sign Rug 1D1401 Black ,D-sign Rug 1D1401 Black ,,,taxable,,0,,,0,0,,,,,1,,,,"Rooms > Bedroom, Rooms > Living room, Rugs > Modern, Rugs",,,"https://rugshop.eu/wp-content/uploads/2021/10/modern-gloss-carpet-6776-86-stylish-frame-greek-black-gold.jpg, https://rugshop.eu/wp-content/uploads/2021/10/modern-gloss-carpet-6776-86-stylish-frame-greek-black-gold-1.jpg, https://rugshop.eu/wp-content/uploads/2021/10/modern-gloss-carpet-6776-86-stylish-frame-greek-black-gold-2.jpg, https://rugshop.eu/wp-content/uploads/2021/10/modern-gloss-carpet-6776-86-stylish-frame-greek-black-gold-3.jpg",,,,,,,,,1784,,,Size,"120x170, 140x190, 160x220, 180x270, 200x290, 240x330, 280x370, 80x150",1,1,Brand,D-sign,1,1,Color,Black-Grey,1,1,Type of color,Multicolor,1,1,Shape,Rectangular,1,1,Material,"Polyester, Polypropen",1,1,Type of rug,Modern,1,1,Weave,Machinemade,1,1,Age,New,1,1,,,,,,,,,,,,,,,,,1786457529,yes,yes,,,,,,,,,classic-editor,,,,,,,,,,,,,,,,,,,,
50040,variation,56915024,,D-sign Rug 1D1398 Beige - 80x150,1,0,hidden,,D-sign Rug 1D1398 Beige 80x150 cm,,,taxable,parent,0,0,,0,0,,150,80,1.2,0,,,1236,,,,,,,56915024-H,,,,,,1,,,Size,80x150,,1,,,,,,,,,,,,,,,,,,,,,,,,,,,,,,,,,,,,,80x150,,,,,,,,,,,,1786457190,,,,,,,,,,,,114544,,,,,,,,,,,,,,,,,,,
50041,variation,56916436,,D-sign Rug 1D1398 Beige - 120x170,1,0,hidden,,D-sign Rug 1D1398 Beige 120x170 cm,,,taxable,parent,0,0,,0,0,,170,120,1.2,0,,,1844,,,,,,,56915024-H,,,,,,2,,,Size,120x170,,1,,,,,,,,,,,,,,,,,,,,,,,,,,,,,,,,,,,,,120x170,,,,,,,,,,,,1786457506,,,,,,,,,,,,114545,,,,,,,,,,,,,,,,,,,
50042,variation,56916430,,D-sign Rug 1D1398 Beige - 140x190,1,0,hidden,,D-sign Rug 1D1398 Beige 140x190 cm,,,taxable,parent,0,0,,0,0,,190,140,1.2,0,,,2292,,,,,,,56915024-H,,,,,,3,,,Size,140x190,,1,,,,,,,,,,,,,,,,,,,,,,,,,,,,,,,,,,,,,140x190,,,,,,,,,,,,1786457505,,,,,,,,,,,,115378,,,,,,,,,,,,,,,,,,,
50043,variation,56916428,,D-sign Rug 1D1398 Beige - 160x220,1,0,hidden,,D-sign Rug 1D1398 Beige 160x220 cm,,,taxable,parent,0,0,,0,0,,220,160,1.2,0,,,2900,,,,,,,56915024-H,,,,,,4,,,Size,160x220,,1,,,,,,,,,,,,,,,,,,,,,,,,,,,,,,,,,,,,,160x220,,,,,,,,,,,,1786457505,,,,,,,,,,,,114547,,,,,,,,,,,,,,,,,,,
50044,variation,56916432,,D-sign Rug 1D1398 Beige - 180x270,1,0,hidden,,D-sign Rug 1D1398 Beige 180x270 cm,,,taxable,parent,0,0,,0,0,,270,180,1.2,0,,,3868,,,,,,,56915024-H,,,,,,5,,,Size,180x270,,1,,,,,,,,,,,,,,,,,,,,,,,,,,,,,,,,,,,,,180x270,,,,,,,,,,,,1786457506,,,,,,,,,,,,114548,,,,,,,,,,,,,,,,,,,
50045,variation,56916435,,D-sign Rug 1D1398 Beige - 200x290,1,0,hidden,,D-sign Rug 1D1398 Beige 200x290 cm,,,taxable,parent,0,0,,0,0,,290,200,1.2,0,,,4524,,,,,,,56915024-H,,,,,,6,,,Size,200x290,,1,,,,,,,,,,,,,,,,,,,,,,,,,,,,,,,,,,,,,200x290,,,,,,,,,,,,,,,,,,,,,,,,114549,,,,,,,,,,,,,,,,,,,
50046,variation,56916434,,D-sign Rug 1D1398 Beige - 240x330,1,0,hidden,,D-sign Rug 1D1398 Beige 240x330 cm,,,taxable,parent,0,0,,0,0,,330,240,1.2,0,,,6148,,,,,,,56915024-H,,,,,,7,,,Size,240x330,,1,,,,,,,,,,,,,,,,,,,,,,,,,,,,,,,,,,,,,240x330,,,,,,,,,,,,,,,,,,,,,,,,114550,,,,,,,,,,,,,,,,,,,
50047,variation,56916427,,D-sign Rug 1D1398 Beige - 280x370,1,0,hidden,,D-sign Rug 1D1398 Beige 280x370 cm,,,taxable,parent,0,0,,0,0,,370,280,1.2,0,,,7884,,,,,,,56915024-H,,,,,,8,,,Size,280x370,,1,,,,,,,,,,,,,,,,,,,,,,,,,,,,,,,,,,,,,280x370,,,,,,,,,,,,,,,,,,,,,,,,114551,,,,,,,,,,,,,,,,,,,
50066,variable,56915223-H,,D-sign Rug 1D1402 Beige,1,0,hidden,D-sign Rug 1D1402 Beige ,D-sign Rug 1D1402 Beige ,,,taxable,,0,,,0,0,,,,,1,,,,"Rooms > Bedroom, Rooms > Living room, Rugs > Modern, Rugs",,,"https://rugshop.eu/wp-content/uploads/2021/10/modern-gloss-carpet-8490-52-ornament-stylish-frame-ivory-grey.jpg, https://rugshop.eu/wp-content/uploads/2021/10/modern-gloss-carpet-8490-52-ornament-stylish-frame-ivory-grey-1.jpg, https://rugshop.eu/wp-content/uploads/2021/10/modern-gloss-carpet-8490-52-ornament-stylish-frame-ivory-grey-2.jpg, https://rugshop.eu/wp-content/uploads/2021/10/modern-gloss-carpet-8490-52-ornament-stylish-frame-ivory-grey-3.jpg",,,,,,,,,1785,,,Size,"120x170, 140x190, 160x220, 180x270, 200x290, 240x330, 280x370, 80x150",1,1,Brand,D-sign,1,1,Color,White-Beige,1,1,Type of color,Multicolor,1,1,Shape,Rectangular,1,1,Material,"Polyester, Polypropen",1,1,Type of rug,Modern,1,1,Weave,Machinemade,1,1,Age,New,1,1,,,,,,,,,,,,,,,,,1786457559,yes,yes,,,,,,,,,classic-editor,,,,,,,,,,,,,,,,,,,,
50067,variable,56915069-H,,D-sign Rug 1D1403 Grey,1,0,hidden,D-sign Rug 1D1403 Grey ,D-sign Rug 1D1403 Grey ,,,taxable,,0,,,0,0,,,,,1,,,,"Rooms > Bedroom, Rooms > Living room, Rugs > Modern, Rugs, Rugs > Vintage",,,"https://rugshop.eu/wp-content/uploads/2021/10/modern-gloss-carpet-8493-78-vintage-stylish-frame-grey-black.jpg, https://rugshop.eu/wp-content/uploads/2021/10/modern-gloss-carpet-8493-78-vintage-stylish-frame-grey-black-1.jpg, https://rugshop.eu/wp-content/uploads/2021/10/modern-gloss-carpet-8493-78-vintage-stylish-frame-grey-black-2.jpg, https://rugshop.eu/wp-content/uploads/2021/10/modern-gloss-carpet-8493-78-vintage-stylish-frame-grey-black-3.jpg",,,,,,,,,1786,,,Size,"120x170, 140x190, 160x220, 180x270, 200x290, 240x330, 280x370, 80x150",1,1,Brand,D-sign,1,1,Color,Black-Grey,1,1,Type of color,Multicolor,1,1,Shape,Rectangular,1,1,Material,"Polyester, Polypropen",1,1,Type of rug,"Modern, Vintage / Colored Vintage",1,1,Weave,Machinemade,1,1,Age,New,1,1,,,,,,,,,,,,,,,,,1786457224,yes,yes,,,,,,,,,,,,,,,,,,,,,,,,,,,,,
50068,variation,56915039,,D-sign Rug 1D1400 Black - 80x150,1,0,hidden,,D-sign Rug 1D1400 Black 80x150 cm,,,taxable,parent,0,0,,0,0,,150,80,1.2,0,,,1236,,,,,,,56915039-H,,,,,,1,,,Size,80x150,,1,,,,,,,,,,,,,,,,,,,,,,,,,,,,,,,,,,,,,80x150,,,,,,,,,,,,1786457192,,,,,,,,,,,,114567,,,,,,,,,,,,,,,,,,,
50069,variation,56916429,,D-sign Rug 1D1400 Black - 120x170,1,0,hidden,,D-sign Rug 1D1400 Black 120x170 cm,,,taxable,parent,0,0,,0,0,,170,120,1.2,0,,,1844,,,,,,,56915039-H,,,,,,2,,,Size,120x170,,1,,,,,,,,,,,,,,,,,,,,,,,,,,,,,,,,,,,,,120x170,,,,,,,,,,,,1786457505,,,,,,,,,,,,114571,,,,,,,,,,,,,,,,,,,
50070,variation,56916451,,D-sign Rug 1D1400 Black - 140x190,1,0,hidden,,D-sign Rug 1D1400 Black 140x190 cm,,,taxable,parent,0,0,,0,0,,190,140,1.2,0,,,2292,,,,,,,56915039-H,,,,,,3,,,Size,140x190,,1,,,,,,,,,,,,,,,,,,,,,,,,,,,,,,,,,,,,,140x190,,,,,,,,,,,,1786457507,,,,,,,,,,,,114572,,,,,,,,,,,,,,,,,,,
50071,variation,56915058,,D-sign Rug 1D1400 Black - 160x220,1,0,hidden,,D-sign Rug 1D1400 Black 160x220 cm,,,taxable,parent,0,0,,0,0,,220,160,1.2,0,,,2900,,,,,,,56915039-H,,,,,,4,,,Size,160x220,,1,,,,,,,,,,,,,,,,,,,,,,,,,,,,,,,,,,,,,160x220,,,,,,,,,,,,1786457195,,,,,,,,,,,,114568,,,,,,,,,,,,,,,,,,,
50072,variation,56915053,,D-sign Rug 1D1400 Black - 180x270,1,0,hidden,,D-sign Rug 1D1400 Black 180x270 cm,,,taxable,parent,0,0,,0,0,,270,180,1.2,0,,,3868,,,,,,,56915039-H,,,,,,5,,,Size,180x270,,1,,,,,,,,,,,,,,,,,,,,,,,,,,,,,,,,,,,,,180x270,,,,,,,,,,,,1786457192,,,,,,,,,,,,114573,,,,,,,,,,,,,,,,,,,
50073,variation,56915054,,D-sign Rug 1D1400 Black - 200x290,1,0,hidden,,D-sign Rug 1D1400 Black 200x290 cm,,,taxable,parent,0,0,,0,0,,290,200,1.2,0,,,4524,,,,,,,56915039-H,,,,,,6,,,Size,200x290,,1,,,,,,,,,,,,,,,,,,,,,,,,,,,,,,,,,,,,,200x290,,,,,,,,,,,,1786457193,,,,,,,,,,,,114569,,,,,,,,,,,,,,,,,,,
50074,variation,56915056,,D-sign Rug 1D1400 Black - 240x330,1,0,hidden,,D-sign Rug 1D1400 Black 240x330 cm,,,taxable,parent,0,0,,0,0,,330,240,1.2,0,,,6148,,,,,,,56915039-H,,,,,,7,,,Size,240x330,,1,,,,,,,,,,,,,,,,,,,,,,,,,,,,,,,,,,,,,240x330,,,,,,,,,,,,1786457195,,,,,,,,,,,,114570,,,,,,,,,,,,,,,,,,,
50075,variation,56915055,,D-sign Rug 1D1400 Black - 280x370,1,0,hidden,,D-sign Rug 1D1400 Black 280x370 cm,,,taxable,parent,0,0,,0,0,,370,280,1.2,0,,,7884,,,,,,,56915039-H,,,,,,8,,,Size,280x370,,1,,,,,,,,,,,,,,,,,,,,,,,,,,,,,,,,,,,,,280x370,,,,,,,,,,,,1786457194,,,,,,,,,,,,114574,,,,,,,,,,,,,,,,,,,
50081,variation,56915057,,D-sign Rug 1D1401 Black - 80x150,1,0,hidden,,D-sign Rug 1D1401 Black 80x150 cm,,,taxable,parent,0,0,,0,0,,150,80,1.2,0,,,1236,,,,,,,56915057-H,,,,,,1,,,Size,80x150,,1,,,,,,,,,,,,,,,,,,,,,,,,,,,,,,,,,,,,,80x150,,,,,,,,,,,,,,,,,,,,,,,,114575,,,,,,,,,,,,,,,,,,,
50082,variation,56916453,,D-sign Rug 1D1401 Black - 120x170,1,0,hidden,,D-sign Rug 1D1401 Black 120x170 cm,,,taxable,parent,0,0,,0,0,,170,120,1.2,0,,,1844,,,,,,,56915057-H,,,,,,2,,,Size,120x170,,1,,,,,,,,,,,,,,,,,,,,,,,,,,,,,,,,,,,,,120x170,,,,,,,,,,,,1786457507,,,,,,,,,,,,114579,,,,,,,,,,,,,,,,,,,
50083,variation,56916448,,D-sign Rug 1D1401 Black - 140x190,1,0,hidden,,D-sign Rug 1D1401 Black 140x190 cm,,,taxable,parent,0,0,,0,0,,190,140,1.2,0,,,2292,,,,,,,56915057-H,,,,,,3,,,Size,140x190,,1,,,,,,,,,,,,,,,,,,,,,,,,,,,,,,,,,,,,,140x190,,,,,,,,,,,,,,,,,,,,,,,,114580,,,,,,,,,,,,,,,,,,,
50084,variation,56916449,,D-sign Rug 1D1401 Black - 160x220,1,0,hidden,,D-sign Rug 1D1401 Black 160x220 cm,,,taxable,parent,0,0,,0,0,,220,160,1.2,0,,,2900,,,,,,,56915057-H,,,,,,4,,,Size,160x220,,1,,,,,,,,,,,,,,,,,,,,,,,,,,,,,,,,,,,,,160x220,,,,,,,,,,,,,,,,,,,,,,,,114576,,,,,,,,,,,,,,,,,,,
50085,variation,56916447,,D-sign Rug 1D1401 Black - 180x270,1,0,hidden,,D-sign Rug 1D1401 Black 180x270 cm,,,taxable,parent,0,0,,0,0,,270,180,1.2,0,,,3868,,,,,,,56915057-H,,,,,,5,,,Size,180x270,,1,,,,,,,,,,,,,,,,,,,,,,,,,,,,,,,,,,,,,180x270,,,,,,,,,,,,1786457507,,,,,,,,,,,,114581,,,,,,,,,,,,,,,,,,,
50086,variation,56915222,,D-sign Rug 1D1401 Black - 200x290,1,0,hidden,,D-sign Rug 1D1401 Black 200x290 cm,,,taxable,parent,0,0,,0,0,,290,200,1.2,0,,,4524,,,,,,,56915057-H,,,,,,6,,,Size,200x290,,1,,,,,,,,,,,,,,,,,,,,,,,,,,,,,,,,,,,,,200x290,,,,,,,,,,,,,,,,,,,,,,,,114577,,,,,,,,,,,,,,,,,,,
50087,variation,56915224,,D-sign Rug 1D1401 Black - 240x330,1,0,hidden,,D-sign Rug 1D1401 Black 240x330 cm,,,taxable,parent,0,0,,0,0,,330,240,1.2,0,,,6148,,,,,,,56915057-H,,,,,,7,,,Size,240x330,,1,,,,,,,,,,,,,,,,,,,,,,,,,,,,,,,,,,,,,240x330,,,,,,,,,,,,,,,,,,,,,,,,114578,,,,,,,,,,,,,,,,,,,
50088,variation,56915221,,D-sign Rug 1D1401 Black - 280x370,1,0,hidden,,D-sign Rug 1D1401 Black 280x370 cm,,,taxable,parent,0,0,,0,0,,370,280,1.2,0,,,7884,,,,,,,56915057-H,,,,,,8,,,Size,280x370,,1,,,,,,,,,,,,,,,,,,,,,,,,,,,,,,,,,,,,,280x370,,,,,,,,,,,,,,,,,,,,,,,,114582,,,,,,,,,,,,,,,,,,,
50094,variable,56915070-H,,D-sign Rug 1D1404 Cream,1,0,hidden,D-sign Rug 1D1404 Cream ,D-sign Rug 1D1404 Cream ,,,taxable,,0,,,0,0,,,,,1,,,,"Rooms > Bedroom, Rooms > Living room, Rugs > Modern, Rugs, Rugs > Vintage",,,"https://rugshop.eu/wp-content/uploads/2021/10/modern-noble-carpet-9730-65-frame-vintage-structural-two-levels-of-fleece-cream-grey.jpg, https://rugshop.eu/wp-content/uploads/2021/10/modern-noble-carpet-9730-65-frame-vintage-structural-two-levels-of-fleece-cream-grey-1.jpg, https://rugshop.eu/wp-content/uploads/2021/10/modern-noble-carpet-9730-65-frame-vintage-structural-two-levels-of-fleece-cream-grey-2.jpg, https://rugshop.eu/wp-content/uploads/2021/10/modern-noble-carpet-9730-65-frame-vintage-structural-two-levels-of-fleece-cream-grey-3.jpg",,,,,,,,,1787,,,Size,"120x170, 140x190, 160x220, 180x270, 200x290, 240x330, 80x150",1,1,Brand,D-sign,1,1,Color,White-Beige,1,1,Type of color,Multicolor,1,1,Shape,Rectangular,1,1,Material,Polyester,1,1,Type of rug,"Modern, Vintage / Colored Vintage",1,1,Weave,Machinemade,1,1,Age,New,1,1,,,,,,,,,,,,,,,,,1786457249,yes,yes,,,,,,,,,,,,,,,,,,,,,,,,,,,,,
50095,variable,56915104-H,,D-sign Rug 1D1405 Cream,1,0,hidden,D-sign Rug 1D1405 Cream ,D-sign Rug 1D1405 Cream ,,,taxable,,0,,,0,0,,,,,1,,,,"Rooms > Bedroom, Rooms > Living room, Rugs > Modern, Rugs",,,"https://rugshop.eu/wp-content/uploads/2021/10/modern-noble-carpet-9962-65-marble-stone-structural-two-levels-of-fleece-cream-grey.jpg, https://rugshop.eu/wp-content/uploads/2021/10/modern-noble-carpet-9962-65-marble-stone-structural-two-levels-of-fleece-cream-grey-1.jpg, https://rugshop.eu/wp-content/uploads/2021/10/modern-noble-carpet-9962-65-marble-stone-structural-two-levels-of-fleece-cream-grey-2.jpg, https://rugshop.eu/wp-content/uploads/2021/10/modern-noble-carpet-9962-65-marble-stone-structural-two-levels-of-fleece-cream-grey-3.jpg",,,,,,,,,1788,,,Size,"120x170, 140x190, 160x220, 180x270, 200x290, 240x330, 80x150",1,1,Brand,D-sign,1,1,Color,White-Beige,1,1,Type of color,Multicolor,1,1,Shape,Rectangular,1,1,Material,Polyester,1,1,Type of rug,Modern,1,1,Weave,Machinemade,1,1,Age,New,1,1,,,,,,,,,,,,,,,,,1786457547,yes,yes,,,,,,,,,classic-editor,,,,,,,,,,,,,,,,,,,,
50096,variation,56915223,,D-sign Rug 1D1402 Beige - 80x150,1,0,hidden,,D-sign Rug 1D1402 Beige 80x150 cm,,,taxable,parent,0,0,,0,0,,150,80,1.2,0,,,1236,,,,,,,56915223-H,,,,,,1,,,Size,80x150,,1,,,,,,,,,,,,,,,,,,,,,,,,,,,,,,,,,,,,,80x150,,,,,,,,,,,,1786457242,,,,,,,,,,,,114587,,,,,,,,,,,,,,,,,,,
50097,variation,56916673,,D-sign Rug 1D1402 Beige - 120x170,1,0,hidden,,D-sign Rug 1D1402 Beige 120x170 cm,,,taxable,parent,0,0,,0,0,,170,120,1.2,0,,,1844,,,,,,,56915223-H,,,,,,2,,,Size,120x170,,1,,,,,,,,,,,,,,,,,,,,,,,,,,,,,,,,,,,,,120x170,,,,,,,,,,,,1786457544,,,,,,,,,,,,114588,,,,,,,,,,,,,,,,,,,
50098,variation,56916677,,D-sign Rug 1D1402 Beige - 140x190,1,0,hidden,,D-sign Rug 1D1402 Beige 140x190 cm,,,taxable,parent,0,0,,0,0,,190,140,1.2,0,,,2292,,,,,,,56915223-H,,,,,,3,,,Size,140x190,,1,,,,,,,,,,,,,,,,,,,,,,,,,,,,,,,,,,,,,140x190,,,,,,,,,,,,1786457545,,,,,,,,,,,,114589,,,,,,,,,,,,,,,,,,,
50099,variation,56916679,,D-sign Rug 1D1402 Beige - 160x220,1,0,hidden,,D-sign Rug 1D1402 Beige 160x220 cm,,,taxable,parent,0,0,,0,0,,220,160,1.2,0,,,2900,,,,,,,56915223-H,,,,,,4,,,Size,160x220,,1,,,,,,,,,,,,,,,,,,,,,,,,,,,,,,,,,,,,,160x220,,,,,,,,,,,,1786457545,,,,,,,,,,,,114590,,,,,,,,,,,,,,,,,,,
50100,variation,56916678,,D-sign Rug 1D1402 Beige - 180x270,1,0,hidden,,D-sign Rug 1D1402 Beige 180x270 cm,,,taxable,parent,0,0,,0,0,,270,180,1.2,0,,,3868,,,,,,,56915223-H,,,,,,5,,,Size,180x270,,1,,,,,,,,,,,,,,,,,,,,,,,,,,,,,,,,,,,,,180x270,,,,,,,,,,,,1786457545,,,,,,,,,,,,114591,,,,,,,,,,,,,,,,,,,
50101,variation,56916680,,D-sign Rug 1D1402 Beige - 200x290,1,0,hidden,,D-sign Rug 1D1402 Beige 200x290 cm,,,taxable,parent,0,0,,0,0,,290,200,1.2,0,,,4524,,,,,,,56915223-H,,,,,,6,,,Size,200x290,,1,,,,,,,,,,,,,,,,,,,,,,,,,,,,,,,,,,,,,200x290,,,,,,,,,,,,1786457546,,,,,,,,,,,,114592,,,,,,,,,,,,,,,,,,,
50102,variation,56916675,,D-sign Rug 1D1402 Beige - 240x330,1,0,hidden,,D-sign Rug 1D1402 Beige 240x330 cm,,,taxable,parent,0,0,,0,0,,330,240,1.2,0,,,6148,,,,,,,56915223-H,,,,,,7,,,Size,240x330,,1,,,,,,,,,,,,,,,,,,,,,,,,,,,,,,,,,,,,,240x330,,,,,,,,,,,,1786457544,,,,,,,,,,,,114594,,,,,,,,,,,,,,,,,,,
50103,variation,56916450,,D-sign Rug 1D1402 Beige - 280x370,1,0,hidden,,D-sign Rug 1D1402 Beige 280x370 cm,,,taxable,parent,0,0,,0,0,,370,280,1.2,0,,,7884,,,,,,,56915223-H,,,,,,8,,,Size,280x370,,1,,,,,,,,,,,,,,,,,,,,,,,,,,,,,,,,,,,,,280x370,,,,,,,,,,,,,,,,,,,,,,,,114595,,,,,,,,,,,,,,,,,,,
50109,variation,56915069,,D-sign Rug 1D1403 Grey - 80x150,1,0,hidden,,D-sign Rug 1D1403 Grey 80x150 cm,,,taxable,parent,0,0,,0,0,,150,80,1.2,0,,,1236,,,,,,,56915069-H,,,,,,1,,,Size,80x150,,1,,,,,,,,,,,,,,,,,,,,,,,,,,,,,,,,,,,,,80x150,,,,,,,,,,,,1786457195,,,,,,,,,,,,114596,,,,,,,,,,,,,,,,,,,
50110,variation,56916456,,D-sign Rug 1D1403 Grey - 120x170,1,0,hidden,,D-sign Rug 1D1403 Grey 120x170 cm,,,taxable,parent,0,0,,0,0,,170,120,1.2,0,,,1844,,,,,,,56915069-H,,,,,,2,,,Size,120x170,,1,,,,,,,,,,,,,,,,,,,,,,,,,,,,,,,,,,,,,120x170,,,,,,,,,,,,,,,,,,,,,,,,114600,,,,,,,,,,,,,,,,,,,
50111,variation,56916480,,D-sign Rug 1D1403 Grey - 140x190,1,0,hidden,,D-sign Rug 1D1403 Grey 140x190 cm,,,taxable,parent,0,0,,0,0,,190,140,1.2,0,,,2292,,,,,,,56915069-H,,,,,,3,,,Size,140x190,,1,,,,,,,,,,,,,,,,,,,,,,,,,,,,,,,,,,,,,140x190,,,,,,,,,,,,,,,,,,,,,,,,114601,,,,,,,,,,,,,,,,,,,
50112,variation,56916454,,D-sign Rug 1D1403 Grey - 160x220,1,0,hidden,,D-sign Rug 1D1403 Grey 160x220 cm,,,taxable,parent,0,0,,0,0,,220,160,1.2,0,,,2900,,,,,,,56915069-H,,,,,,4,,,Size,160x220,,1,,,,,,,,,,,,,,,,,,,,,,,,,,,,,,,,,,,,,160x220,,,,,,,,,,,,,,,,,,,,,,,,114597,,,,,,,,,,,,,,,,,,,
50113,variation,56916455,,D-sign Rug 1D1403 Grey - 180x270,1,0,hidden,,D-sign Rug 1D1403 Grey 180x270 cm,,,taxable,parent,0,0,,0,0,,270,180,1.2,0,,,3868,,,,,,,56915069-H,,,,,,5,,,Size,180x270,,1,,,,,,,,,,,,,,,,,,,,,,,,,,,,,,,,,,,,,180x270,,,,,,,,,,,,,,,,,,,,,,,,114602,,,,,,,,,,,,,,,,,,,
50114,variation,56916487,,D-sign Rug 1D1403 Grey - 200x290,1,0,hidden,,D-sign Rug 1D1403 Grey 200x290 cm,,,taxable,parent,0,0,,0,0,,290,200,1.2,0,,,4524,,,,,,,56915069-H,,,,,,6,,,Size,200x290,,1,,,,,,,,,,,,,,,,,,,,,,,,,,,,,,,,,,,,,200x290,,,,,,,,,,,,,,,,,,,,,,,,114598,,,,,,,,,,,,,,,,,,,
50115,variation,56916482,,D-sign Rug 1D1403 Grey - 240x330,1,0,hidden,,D-sign Rug 1D1403 Grey 240x330 cm,,,taxable,parent,0,0,,0,0,,330,240,1.2,0,,,6148,,,,,,,56915069-H,,,,,,7,,,Size,240x330,,1,,,,,,,,,,,,,,,,,,,,,,,,,,,,,,,,,,,,,240x330,,,,,,,,,,,,,,,,,,,,,,,,114599,,,,,,,,,,,,,,,,,,,
50116,variation,56916452,,D-sign Rug 1D1403 Grey - 280x370,1,0,hidden,,D-sign Rug 1D1403 Grey 280x370 cm,,,taxable,parent,0,0,,0,0,,370,280,1.2,0,,,7884,,,,,,,56915069-H,,,,,,8,,,Size,280x370,,1,,,,,,,,,,,,,,,,,,,,,,,,,,,,,,,,,,,,,280x370,,,,,,,,,,,,,,,,,,,,,,,,114603,,,,,,,,,,,,,,,,,,,
50122,variable,56915081-H,,D-sign Rug 1D1406 Cream,1,0,hidden,D-sign Rug 1D1406 Cream ,D-sign Rug 1D1406 Cream ,,,taxable,,0,,,0,0,,,,,1,,,,"Rooms > Bedroom, Rooms > Living room, Rugs > Modern, Rugs, Rugs > Vintage",,,"https://rugshop.eu/wp-content/uploads/2021/10/modern-noble-carpet-9479-65-ornament-vintage-structural-two-levels-of-fleece-cream-grey.jpg, https://rugshop.eu/wp-content/uploads/2021/10/modern-noble-carpet-9479-65-ornament-vintage-structural-two-levels-of-fleece-cream-grey-1.jpg, https://rugshop.eu/wp-content/uploads/2021/10/modern-noble-carpet-9479-65-ornament-vintage-structural-two-levels-of-fleece-cream-grey-2.jpg, https://rugshop.eu/wp-content/uploads/2021/10/modern-noble-carpet-9479-65-ornament-vintage-structural-two-levels-of-fleece-cream-grey-3.jpg",,,,,,,,,1789,,,Size,"120x170, 140x190, 160x220, 180x270, 200x290, 240x330, 80x150",1,1,Brand,D-sign,1,1,Color,White-Beige,1,1,Type of color,Multicolor,1,1,Shape,Rectangular,1,1,Material,Polyester,1,1,Type of rug,"Modern, Vintage / Colored Vintage",1,1,Weave,Machinemade,1,1,Age,New,1,1,,,,,,,,,,,,,,,,,1786457533,yes,yes,,,,,,,,,,,,,,,,,,,,,,,,,,,,,
50123,variable,56915119-H,,D-sign Rug 1D1407 Cream,1,0,hidden,D-sign Rug 1D1407 Cream ,D-sign Rug 1D1407 Cream ,,,taxable,,0,,,0,0,,,,,1,,,,"Rooms > Bedroom, Rooms > Living room, Rugs > Modern, Rugs, Rugs > Vintage",,,"https://rugshop.eu/wp-content/uploads/2021/10/modern-noble-carpet-1512-64-frame-greek-vintage-structural-two-levels-of-fleece-cream-grey.jpg, https://rugshop.eu/wp-content/uploads/2021/10/modern-noble-carpet-1512-64-frame-greek-vintage-structural-two-levels-of-fleece-cream-grey-1.jpg, https://rugshop.eu/wp-content/uploads/2021/10/modern-noble-carpet-1512-64-frame-greek-vintage-structural-two-levels-of-fleece-cream-grey-2.jpg, https://rugshop.eu/wp-content/uploads/2021/10/modern-noble-carpet-1512-64-frame-greek-vintage-structural-two-levels-of-fleece-cream-grey-3.jpg",,,,,,,,,1790,,,Size,"120x170, 140x190, 160x220, 180x270, 200x290, 240x330, 80x150",1,1,Brand,D-sign,1,1,Color,White-Beige,1,1,Type of color,Multicolor,1,1,Shape,Rectangular,1,1,Material,Polyester,1,1,Type of rug,"Modern, Vintage / Colored Vintage",1,1,Weave,Machinemade,1,1,Age,New,1,1,,,,,,,,,,,,,,,,,1786457551,yes,yes,,,,,,,,,,,,,,,,,,,,,,,,,,,,,
50124,variation,56915070,,D-sign Rug 1D1404 Cream - 80x150,1,0,hidden,,D-sign Rug 1D1404 Cream 80x150 cm,,,taxable,parent,0,0,,0,0,,150,80,1.2,0,,,1284,,,,,,,56915070-H,,,,,,1,,,Size,80x150,,1,,,,,,,,,,,,,,,,,,,,,,,,,,,,,,,,,,,,,80x150,,,,,,,,,,,,1786457196,,,,,,,,,,,,114611,,,,,,,,,,,,,,,,,,,
50125,variation,56915106,,D-sign Rug 1D1404 Cream - 120x170,1,0,hidden,,D-sign Rug 1D1404 Cream 120x170 cm,,,taxable,parent,0,0,,0,0,,170,120,1.2,0,,,1940,,,,,,,56915070-H,,,,,,2,,,Size,120x170,,1,,,,,,,,,,,,,,,,,,,,,,,,,,,,,,,,,,,,,120x170,,,,,,,,,,,,1786457236,,,,,,,,,,,,114612,,,,,,,,,,,,,,,,,,,
50126,variation,56915102,,D-sign Rug 1D1404 Cream - 140x190,1,0,hidden,,D-sign Rug 1D1404 Cream 140x190 cm,,,taxable,parent,0,0,,0,0,,190,140,1.2,0,,,2364,,,,,,,56915070-H,,,,,,3,,,Size,140x190,,1,,,,,,,,,,,,,,,,,,,,,,,,,,,,,,,,,,,,,140x190,,,,,,,,,,,,1786457233,,,,,,,,,,,,114613,,,,,,,,,,,,,,,,,,,
50127,variation,56915103,,D-sign Rug 1D1404 Cream - 160x220,1,0,hidden,,D-sign Rug 1D1404 Cream 160x220 cm,,,taxable,parent,0,0,,0,0,,220,160,1.2,0,,,3020,,,,,,,56915070-H,,,,,,4,,,Size,160x220,,1,,,,,,,,,,,,,,,,,,,,,,,,,,,,,,,,,,,,,160x220,,,,,,,,,,,,1786457234,,,,,,,,,,,,114614,,,,,,,,,,,,,,,,,,,
50128,variation,56915105,,D-sign Rug 1D1404 Cream - 180x270,1,0,hidden,,D-sign Rug 1D1404 Cream 180x270 cm,,,taxable,parent,0,0,,0,0,,270,180,1.2,0,,,4004,,,,,,,56915070-H,,,,,,5,,,Size,180x270,,1,,,,,,,,,,,,,,,,,,,,,,,,,,,,,,,,,,,,,180x270,,,,,,,,,,,,1786457235,,,,,,,,,,,,114615,,,,,,,,,,,,,,,,,,,
50129,variation,56915108,,D-sign Rug 1D1404 Cream - 200x290,1,0,hidden,,D-sign Rug 1D1404 Cream 200x290 cm,,,taxable,parent,0,0,,0,0,,290,200,1.2,0,,,4708,,,,,,,56915070-H,,,,,,6,,,Size,200x290,,1,,,,,,,,,,,,,,,,,,,,,,,,,,,,,,,,,,,,,200x290,,,,,,,,,,,,1786457236,,,,,,,,,,,,114616,,,,,,,,,,,,,,,,,,,
50130,variation,56915107,,D-sign Rug 1D1404 Cream - 240x330,1,0,hidden,,D-sign Rug 1D1404 Cream 240x330 cm,,,taxable,parent,0,0,,0,0,,330,240,1.2,0,,,6404,,,,,,,56915070-H,,,,,,7,,,Size,240x330,,1,,,,,,,,,,,,,,,,,,,,,,,,,,,,,,,,,,,,,240x330,,,,,,,,,,,,,,,,,,,,,,,,114617,,,,,,,,,,,,,,,,,,,
50136,variation,56915104,,D-sign Rug 1D1405 Cream - 80x150,1,0,hidden,,D-sign Rug 1D1405 Cream 80x150 cm,,,taxable,parent,0,0,,0,0,,150,80,1.2,0,,,1284,,,,,,,56915104-H,,,,,,1,,,Size,80x150,,1,,,,,,,,,,,,,,,,,,,,,,,,,,,,,,,,,,,,,80x150,,,,,,,,,,,,1786457235,,,,,,,,,,,,114618,,,,,,,,,,,,,,,,,,,
50137,variation,56916499,,D-sign Rug 1D1405 Cream - 120x170,1,0,hidden,,D-sign Rug 1D1405 Cream 120x170 cm,,,taxable,parent,0,0,,0,0,,170,120,1.2,0,,,1940,,,,,,,56915104-H,,,,,,2,,,Size,120x170,,1,,,,,,,,,,,,,,,,,,,,,,,,,,,,,,,,,,,,,120x170,,,,,,,,,,,,1786457538,,,,,,,,,,,,114619,,,,,,,,,,,,,,,,,,,
50138,variation,56916502,,D-sign Rug 1D1405 Cream - 140x190,1,0,hidden,,D-sign Rug 1D1405 Cream 140x190 cm,,,taxable,parent,0,0,,0,0,,190,140,1.2,0,,,2364,,,,,,,56915104-H,,,,,,3,,,Size,140x190,,1,,,,,,,,,,,,,,,,,,,,,,,,,,,,,,,,,,,,,140x190,,,,,,,,,,,,1786457539,,,,,,,,,,,,114620,,,,,,,,,,,,,,,,,,,
50139,variation,56916505,,D-sign Rug 1D1405 Cream - 160x220,1,0,hidden,,D-sign Rug 1D1405 Cream 160x220 cm,,,taxable,parent,0,0,,0,0,,220,160,1.2,0,,,3020,,,,,,,56915104-H,,,,,,4,,,Size,160x220,,1,,,,,,,,,,,,,,,,,,,,,,,,,,,,,,,,,,,,,160x220,,,,,,,,,,,,,,,,,,,,,,,,114621,,,,,,,,,,,,,,,,,,,
50140,variation,56916479,,D-sign Rug 1D1405 Cream - 180x270,1,0,hidden,,D-sign Rug 1D1405 Cream 180x270 cm,,,taxable,parent,0,0,,0,0,,270,180,1.2,0,,,4004,,,,,,,56915104-H,,,,,,5,,,Size,180x270,,1,,,,,,,,,,,,,,,,,,,,,,,,,,,,,,,,,,,,,180x270,,,,,,,,,,,,,,,,,,,,,,,,114622,,,,,,,,,,,,,,,,,,,
50141,variation,56916484,,D-sign Rug 1D1405 Cream - 200x290,1,0,hidden,,D-sign Rug 1D1405 Cream 200x290 cm,,,taxable,parent,0,0,,0,0,,290,200,1.2,0,,,4708,,,,,,,56915104-H,,,,,,6,,,Size,200x290,,1,,,,,,,,,,,,,,,,,,,,,,,,,,,,,,,,,,,,,200x290,,,,,,,,,,,,,,,,,,,,,,,,114623,,,,,,,,,,,,,,,,,,,
50142,variation,56916485,,D-sign Rug 1D1405 Cream - 240x330,1,0,hidden,,D-sign Rug 1D1405 Cream 240x330 cm,,,taxable,parent,0,0,,0,0,,330,240,1.2,0,,,6404,,,,,,,56915104-H,,,,,,7,,,Size,240x330,,1,,,,,,,,,,,,,,,,,,,,,,,,,,,,,,,,,,,,,240x330,,,,,,,,,,,,,,,,,,,,,,,,114624,,,,,,,,,,,,,,,,,,,
50148,variable,56915120-H,,D-sign Rug 1D1408 Anthracite,1,0,hidden,D-sign Rug 1D1408 Anthracite ,D-sign Rug 1D1408 Anthracite ,,,taxable,,0,,,0,0,,,,,1,,,,"Rooms > Bedroom, Rooms > Living room, Rugs > Modern, Rugs",,,"https://rugshop.eu/wp-content/uploads/2021/10/carpet-heos-78547-anthracite-cream-hexagon-puzzle.jpg, https://rugshop.eu/wp-content/uploads/2021/10/carpet-heos-78547-anthracite-cream-hexagon-puzzle-1.jpg, https://rugshop.eu/wp-content/uploads/2021/10/carpet-heos-78547-anthracite-cream-hexagon-puzzle-2.jpg, https://rugshop.eu/wp-content/uploads/2021/10/carpet-heos-78547-anthracite-cream-hexagon-puzzle-3.jpg",,,,,,,,,1791,,,Size,"120x170, 160x220, 190x270",1,1,Brand,D-sign,1,1,Color,Black-Grey,1,1,Type of color,Multicolor,1,1,Shape,Rectangular,1,1,Material,Polypropen,1,1,Type of rug,Modern,1,1,Weave,Machinemade,1,1,Country,Belgium,1,1,Age,New,1,1,,,,,,,,,,,,,1786457555,yes,yes,,,,,,,,,,,,,,,,,,,,,,,,,,,,,
50149,variable,56915181-H,,D-sign Rug 1D1409 Grey,1,0,hidden,D-sign Rug 1D1409 Grey ,D-sign Rug 1D1409 Grey ,,,taxable,,0,,,0,0,,,,,1,,,,"Rooms > Bedroom, Rooms > Living room, Rugs > Modern, Rugs",,,"https://rugshop.eu/wp-content/uploads/2021/10/carpet-sizal-floorlux-20607-moroccan-trellis-silver-black.jpg, https://rugshop.eu/wp-content/uploads/2021/10/carpet-sizal-floorlux-20607-moroccan-trellis-silver-black-1.jpg, https://rugshop.eu/wp-content/uploads/2021/10/carpet-sizal-floorlux-20607-moroccan-trellis-silver-black-2.jpg, https://rugshop.eu/wp-content/uploads/2021/10/carpet-sizal-floorlux-20607-moroccan-trellis-silver-black-3.jpg",,,,,,,,,1792,,,Size,"120x170, 140x200, 160x230, 200x290, 240x330, 60x110, 80x150",1,1,Brand,D-sign,1,1,Color,Black-Grey,1,1,Type of color,Multicolor,1,1,Shape,Rectangular,1,1,Material,Polypropen,1,1,Type of rug,Modern,1,1,Weave,Machinemade,1,1,Country,Belgium,1,1,Age,New,1,1,,,,,,,,,,,,,1786457558,yes,yes,,,,,,,,,,,,,,,,,,,,,,,,,,,,,
50150,variable,56915182-H,,D-sign Rug 1D1410 Black,1,0,hidden,D-sign Rug 1D1410 Black ,D-sign Rug 1D1410 Black ,,,taxable,,0,,,0,0,,,,,0,,,,"Rooms > Entrance & Corridor, Rooms > Kitchen, Rugs > Modern, Rugs",,,"https://rugshop.eu/wp-content/uploads/2021/10/carpet-sizal-floorlux-20605-black-silver-triangles-geometric.jpg, https://rugshop.eu/wp-content/uploads/2021/10/carpet-sizal-floorlux-20605-black-silver-triangles-geometric-1.jpg, https://rugshop.eu/wp-content/uploads/2021/10/carpet-sizal-floorlux-20605-black-silver-triangles-geometric-2.jpg, https://rugshop.eu/wp-content/uploads/2021/10/carpet-sizal-floorlux-20605-black-silver-triangles-geometric-3.jpg",,,,,,,,,1793,,,Size,"120x170, 140x200, 160x230, 200x290, 240x330, 60x110, 80x150",1,1,Brand,D-sign,1,1,Color,Black-Grey,1,1,Type of color,Multicolor,1,1,Shape,Rectangular,1,1,Material,Polypropen,1,1,Type of rug,Modern,1,1,Weave,Machinemade,1,1,Country,Belgium,1,1,Age,New,1,1,,,,,default,default,default,default,,,,,1786457554,yes,yes,,,,,,,,,classic-editor,,,,,,,,,,,,,,,,,,,,
50151,variation,56915081,,D-sign Rug 1D1406 Cream - 80x150,1,0,hidden,,D-sign Rug 1D1406 Cream 80x150 cm,,,taxable,parent,0,0,,0,0,,150,80,1.2,0,,,1284,,,,,,,56915081-H,,,,,,1,,,Size,80x150,,1,,,,,,,,,,,,,,,,,,,,,,,,,,,,,,,,,,,,,80x150,,,,,,,,,,,,1786457232,,,,,,,,,,,,114625,,,,,,,,,,,,,,,,,,,
50152,variation,56916483,,D-sign Rug 1D1406 Cream - 120x170,1,0,hidden,,D-sign Rug 1D1406 Cream 120x170 cm,,,taxable,parent,0,0,,0,0,,170,120,1.2,0,,,1940,,,,,,,56915081-H,,,,,,2,,,Size,120x170,,1,,,,,,,,,,,,,,,,,,,,,,,,,,,,,,,,,,,,,120x170,,,,,,,,,,,,1786457509,,,,,,,,,,,,114626,,,,,,,,,,,,,,,,,,,
50153,variation,56916478,,D-sign Rug 1D1406 Cream - 140x190,1,0,hidden,,D-sign Rug 1D1406 Cream 140x190 cm,,,taxable,parent,0,0,,0,0,,190,140,1.2,0,,,2364,,,,,,,56915081-H,,,,,,3,,,Size,140x190,,1,,,,,,,,,,,,,,,,,,,,,,,,,,,,,,,,,,,,,140x190,,,,,,,,,,,,1786457508,,,,,,,,,,,,114627,,,,,,,,,,,,,,,,,,,
50154,variation,56916486,,D-sign Rug 1D1406 Cream - 160x220,1,0,hidden,,D-sign Rug 1D1406 Cream 160x220 cm,,,taxable,parent,0,0,,0,0,,220,160,1.2,0,,,3020,,,,,,,56915081-H,,,,,,4,,,Size,160x220,,1,,,,,,,,,,,,,,,,,,,,,,,,,,,,,,,,,,,,,160x220,,,,,,,,,,,,,,,,,,,,,,,,114628,,,,,,,,,,,,,,,,,,,
50155,variation,56916481,,D-sign Rug 1D1406 Cream - 180x270,1,0,hidden,,D-sign Rug 1D1406 Cream 180x270 cm,,,taxable,parent,0,0,,0,0,,270,180,1.2,0,,,4004,,,,,,,56915081-H,,,,,,5,,,Size,180x270,,1,,,,,,,,,,,,,,,,,,,,,,,,,,,,,,,,,,,,,180x270,,,,,,,,,,,,1786457508,,,,,,,,,,,,114629,,,,,,,,,,,,,,,,,,,
50156,variation,56916504,,D-sign Rug 1D1406 Cream - 200x290,1,0,hidden,,D-sign Rug 1D1406 Cream 200x290 cm,,,taxable,parent,0,0,,0,0,,290,200,1.2,0,,,4708,,,,,,,56915081-H,,,,,,6,,,Size,200x290,,1,,,,,,,,,,,,,,,,,,,,,,,,,,,,,,,,,,,,,200x290,,,,,,,,,,,,,,,,,,,,,,,,114630,,,,,,,,,,,,,,,,,,,
50157,variation,56915082,,D-sign Rug 1D1406 Cream - 240x330,1,0,hidden,,D-sign Rug 1D1406 Cream 240x330 cm,,,taxable,parent,0,0,,0,0,,330,240,1.2,0,,,6404,,,,,,,56915081-H,,,,,,7,,,Size,240x330,,1,,,,,,,,,,,,,,,,,,,,,,,,,,,,,,,,,,,,,240x330,,,,,,,,,,,,,,,,,,,,,,,,114631,,,,,,,,,,,,,,,,,,,
50163,variation,56915119,,D-sign Rug 1D1407 Cream - 80x150,1,0,hidden,,D-sign Rug 1D1407 Cream 80x150 cm,,,taxable,parent,0,0,,0,0,,150,80,1.2,0,,,1284,,,,,,,56915119-H,,,,,,1,,,Size,80x150,,1,,,,,,,,,,,,,,,,,,,,,,,,,,,,,,,,,,,,,80x150,,,,,,,,,,,,1786457236,,,,,,,,,,,,114640,,,,,,,,,,,,,,,,,,,
50164,variation,56916503,,D-sign Rug 1D1407 Cream - 120x170,1,0,hidden,,D-sign Rug 1D1407 Cream 120x170 cm,,,taxable,parent,0,0,,0,0,,170,120,1.2,0,,,1940,,,,,,,56915119-H,,,,,,2,,,Size,120x170,,1,,,,,,,,,,,,,,,,,,,,,,,,,,,,,,,,,,,,,120x170,,,,,,,,,,,,1786457539,,,,,,,,,,,,114641,,,,,,,,,,,,,,,,,,,
50165,variation,56916507,,D-sign Rug 1D1407 Cream - 140x190,1,0,hidden,,D-sign Rug 1D1407 Cream 140x190 cm,,,taxable,parent,0,0,,0,0,,190,140,1.2,0,,,2364,,,,,,,56915119-H,,,,,,3,,,Size,140x190,,1,,,,,,,,,,,,,,,,,,,,,,,,,,,,,,,,,,,,,140x190,,,,,,,,,,,,1786457540,,,,,,,,,,,,114642,,,,,,,,,,,,,,,,,,,
50166,variation,56916524,,D-sign Rug 1D1407 Cream - 160x220,1,0,hidden,,D-sign Rug 1D1407 Cream 160x220 cm,,,taxable,parent,0,0,,0,0,,220,160,1.2,0,,,3020,,,,,,,56915119-H,,,,,,4,,,Size,160x220,,1,,,,,,,,,,,,,,,,,,,,,,,,,,,,,,,,,,,,,160x220,,,,,,,,,,,,1786457541,,,,,,,,,,,,114643,,,,,,,,,,,,,,,,,,,
50167,variation,56916501,,D-sign Rug 1D1407 Cream - 180x270,1,0,hidden,,D-sign Rug 1D1407 Cream 180x270 cm,,,taxable,parent,0,0,,0,0,,270,180,1.2,0,,,4004,,,,,,,56915119-H,,,,,,5,,,Size,180x270,,1,,,,,,,,,,,,,,,,,,,,,,,,,,,,,,,,,,,,,180x270,,,,,,,,,,,,1786457539,,,,,,,,,,,,114644,,,,,,,,,,,,,,,,,,,
50168,variation,56916506,,D-sign Rug 1D1407 Cream - 200x290,1,0,hidden,,D-sign Rug 1D1407 Cream 200x290 cm,,,taxable,parent,0,0,,0,0,,290,200,1.2,0,,,4708,,,,,,,56915119-H,,,,,,6,,,Size,200x290,,1,,,,,,,,,,,,,,,,,,,,,,,,,,,,,,,,,,,,,200x290,,,,,,,,,,,,1786457540,,,,,,,,,,,,114645,,,,,,,,,,,,,,,,,,,
50169,variation,56916500,,D-sign Rug 1D1407 Cream - 240x330,1,0,hidden,,D-sign Rug 1D1407 Cream 240x330 cm,,,taxable,parent,0,0,,0,0,,330,240,1.2,0,,,6404,,,,,,,56915119-H,,,,,,7,,,Size,240x330,,1,,,,,,,,,,,,,,,,,,,,,,,,,,,,,,,,,,,,,240x330,,,,,,,,,,,,,,,,,,,,,,,,114646,,,,,,,,,,,,,,,,,,,
50176,variable,56915144-H,,D-sign Rug 1D1412 Grey,1,0,hidden,D-sign Rug 1D1412 Grey ,D-sign Rug 1D1412 Grey ,,,taxable,,0,,,0,0,,,,,1,,,,"Rooms > Bedroom, Rooms > Living room, Rugs > Modern, Rugs",,,"https://rugshop.eu/wp-content/uploads/2021/10/carpet-zara-0w3983-p50-520-structural-two-levels-of-fleece-grey-beige.jpg, https://rugshop.eu/wp-content/uploads/2021/10/carpet-zara-0w3983-p50-520-structural-two-levels-of-fleece-grey-beige-1.jpg, https://rugshop.eu/wp-content/uploads/2021/10/carpet-zara-0w3983-p50-520-structural-two-levels-of-fleece-grey-beige-2.jpg, https://rugshop.eu/wp-content/uploads/2021/10/carpet-zara-0w3983-p50-520-structural-two-levels-of-fleece-grey-beige-3.jpg",,,,,,,,,1795,,,Size,"120x170, 160x230, 240x340, 300x400, 80x150",1,1,Brand,D-sign,1,1,Color,Black-Grey,1,1,Type of color,Multicolor,1,1,Shape,Rectangular,1,1,Material,"Polyester, Polypropen",1,1,Type of rug,Modern,1,1,Weave,Machinemade,1,1,Age,New,1,1,,,,,,,,,,,,,,,,,1786457556,yes,yes,,,,,,,,,classic-editor,,,,,,,,,,,,,,,,,,,,
50177,variation,56915120,,D-sign Rug 1D1408 Anthracite - 120x170,1,0,hidden,,D-sign Rug 1D1408 Anthracite 120x170 cm,,,taxable,parent,0,0,,0,0,,170,120,0.8,0,,,1276,,,,,,,56915120-H,,,,,,1,,,Size,120x170,,1,,,,,,,,,,,,,,,,,,,,,,,,,,,,,,,,,,,,,120x170,,,,,,,,,,,,1786457237,,,,,,,,,,,,114652,,,,,,,,,,,,,,,,,,,
50178,variation,56916498,,D-sign Rug 1D1408 Anthracite - 160x220,1,0,hidden,,D-sign Rug 1D1408 Anthracite 160x220 cm,,,taxable,parent,0,0,,0,0,,220,160,0.8,0,,,1892,,,,,,,56915120-H,,,,,,2,,,Size,160x220,,1,,,,,,,,,,,,,,,,,,,,,,,,,,,,,,,,,,,,,160x220,,,,,,,,,,,,1786457509,,,,,,,,,,,,114653,,,,,,,,,,,,,,,,,,,
50179,variation,56916522,,D-sign Rug 1D1408 Anthracite - 190x270,1,0,hidden,,D-sign Rug 1D1408 Anthracite 190x270 cm,,,taxable,parent,0,0,,0,0,,270,190,0.8,0,,,2596,,,,,,,56915120-H,,,,,,3,,,Size,190x270,,1,,,,,,,,,,,,,,,,,,,,,,,,,,,,,,,,,,,,,190x270,,,,,,,,,,,,1786457540,,,,,,,,,,,,114654,,,,,,,,,,,,,,,,,,,
50185,variation,56915181,,D-sign Rug 1D1409 Grey - 60x110,1,0,hidden,,D-sign Rug 1D1409 Grey 60x110 cm,,,taxable,parent,0,0,,0,0,,110,60,0.6,0,,,604,,,,,,,56915181-H,,,,,,1,,,Size,60x110,,1,,,,,,,,,,,,,,,,,,,,,,,,,,,,,,,,,,,,,60x110,,,,,,,,,,,,1786457241,,,,,,,,,,,,114657,,,,,,,,,,,,,,,,,,,
50186,variation,56916659,,D-sign Rug 1D1409 Grey - 80x150,1,0,hidden,,D-sign Rug 1D1409 Grey 80x150 cm,,,taxable,parent,0,0,,0,0,,150,80,0.6,0,,,764,,,,,,,56915181-H,,,,,,2,,,Size,80x150,,1,,,,,,,,,,,,,,,,,,,,,,,,,,,,,,,,,,,,,80x150,,,,,,,,,,,,1786457543,,,,,,,,,,,,114658,,,,,,,,,,,,,,,,,,,
50187,variation,56916681,,D-sign Rug 1D1409 Grey - 120x170,1,0,hidden,,D-sign Rug 1D1409 Grey 120x170 cm,,,taxable,parent,0,0,,0,0,,170,120,0.6,0,,,996,,,,,,,56915181-H,,,,,,3,,,Size,120x170,,1,,,,,,,,,,,,,,,,,,,,,,,,,,,,,,,,,,,,,120x170,,,,,,,,,,,,1786457546,,,,,,,,,,,,114655,,,,,,,,,,,,,,,,,,,
50188,variation,56916654,,D-sign Rug 1D1409 Grey - 140x200,1,0,hidden,,D-sign Rug 1D1409 Grey 140x200 cm,,,taxable,parent,0,0,,0,0,,200,140,0.6,0,,,1236,,,,,,,56915181-H,,,,,,4,,,Size,140x200,,1,,,,,,,,,,,,,,,,,,,,,,,,,,,,,,,,,,,,,140x200,,,,,,,,,,,,1786457542,,,,,,,,,,,,114656,,,,,,,,,,,,,,,,,,,
50189,variation,56916655,,D-sign Rug 1D1409 Grey - 160x230,1,0,hidden,,D-sign Rug 1D1409 Grey 160x230 cm,,,taxable,parent,0,0,,0,0,,230,160,0.6,0,,,1516,,,,,,,56915181-H,,,,,,5,,,Size,160x230,,1,,,,,,,,,,,,,,,,,,,,,,,,,,,,,,,,,,,,,160x230,,,,,,,,,,,,1786457542,,,,,,,,,,,,114659,,,,,,,,,,,,,,,,,,,
50190,variation,56916658,,D-sign Rug 1D1409 Grey - 200x290,1,0,hidden,,D-sign Rug 1D1409 Grey 200x290 cm,,,taxable,parent,0,0,,0,0,,290,200,0.6,0,,,2172,,,,,,,56915181-H,,,,,,6,,,Size,200x290,,1,,,,,,,,,,,,,,,,,,,,,,,,,,,,,,,,,,,,,200x290,,,,,,,,,,,,1786457542,,,,,,,,,,,,114660,,,,,,,,,,,,,,,,,,,
50191,variation,56916674,,D-sign Rug 1D1409 Grey - 240x330,1,0,hidden,,D-sign Rug 1D1409 Grey 240x330 cm,,,taxable,parent,0,0,,0,0,,330,240,0.6,0,,,2828,,,,,,,56915181-H,,,,,,7,,,Size,240x330,,1,,,,,,,,,,,,,,,,,,,,,,,,,,,,,,,,,,,,,240x330,,,,,,,,,,,,1786457544,,,,,,,,,,,,114661,,,,,,,,,,,,,,,,,,,
50198,variable,56915179-H,,D-sign Rug 1D1414 Grey,1,0,hidden,D-sign Rug 1D1414 Grey ,D-sign Rug 1D1414 Grey ,,,taxable,,0,,,0,0,,,,,1,,,,"Rooms > Bedroom, Rooms > Living room, Rugs > Modern, Rugs",,,"https://rugshop.eu/wp-content/uploads/2021/10/carpet-zara-0w7053-p50-140-structural-two-levels-of-fleece-grey.jpg, https://rugshop.eu/wp-content/uploads/2021/10/carpet-zara-0w7053-p50-140-structural-two-levels-of-fleece-grey-1.jpg, https://rugshop.eu/wp-content/uploads/2021/10/carpet-zara-0w7053-p50-140-structural-two-levels-of-fleece-grey-2.jpg, https://rugshop.eu/wp-content/uploads/2021/10/carpet-zara-0w7053-p50-140-structural-two-levels-of-fleece-grey-3.jpg",,,,,,,,,1797,,,Size,"120x170, 160x230, 200x290, 240x340, 300x400, 80x150",1,1,Brand,D-sign,1,1,Color,Black-Grey,1,1,Type of color,Multicolor,1,1,Shape,Rectangular,1,1,Material,"Polyester, Polypropen",1,1,Type of rug,Modern,1,1,Weave,Machinemade,1,1,Age,New,1,1,,,,,,,,,,,,,,,,,1786457557,yes,yes,,,,,,,,,classic-editor,,,,,,,,,,,,,,,,,,,,
50199,variation,56915182,,D-sign Rug 1D1410 Black - 60x110,1,0,hidden,,D-sign Rug 1D1410 Black 60x110 cm,,,taxable,parent,0,0,,0,0,,110,60,0.6,0,,,604,,,,,,,56915182-H,,,,,,1,,,Size,60x110,,1,,,,,,,,,,,,,,,,,,,,,,,,,,,,,,,,,,,,,60x110,,,,,,,,,,,,1786457241,,,,,,,,,,,,114663,,,,,,,,,,,,,,,,,,,
50200,variation,56916676,,D-sign Rug 1D1410 Black - 80x150,1,0,hidden,,D-sign Rug 1D1410 Black 80x150 cm,,,taxable,parent,0,0,,0,0,,150,80,0.6,0,,,764,,,,,,,56915182-H,,,,,,2,,,Size,80x150,,1,,,,,,,,,,,,,,,,,,,,,,,,,,,,,,,,,,,,,80x150,,,,,,,,,,,,1786457545,,,,,,,,,,,,114664,,,,,,,,,,,,,,,,,,,
50201,variation,56916662,,D-sign Rug 1D1410 Black - 120x170,1,0,hidden,,D-sign Rug 1D1410 Black 120x170 cm,,,taxable,parent,0,0,,0,0,,170,120,0.6,0,,,996,,,,,,,56915182-H,,,,,,3,,,Size,120x170,,1,,,,,,,,,,,,,,,,,,,,,,,,,,,,,,,,,,,,,120x170,,,,,,,,,,,,1786457543,,,,,,,,,,,,114665,,,,,,,,,,,,,,,,,,,
50202,variation,56916523,,D-sign Rug 1D1410 Black - 140x200,1,0,hidden,,D-sign Rug 1D1410 Black 140x200 cm,,,taxable,parent,0,0,,0,0,,200,140,0.6,0,,,1236,,,,,,,56915182-H,,,,,,4,,,Size,140x200,,1,,,,,,,,,,,,,,,,,,,,,,,,,,,,,,,,,,,,,140x200,,,,,,,,,,,,1786457540,,,,,,,,,,,,114666,,,,,,,,,,,,,,,,,,,
50203,variation,56916529,,D-sign Rug 1D1410 Black - 160x230,1,0,hidden,,D-sign Rug 1D1410 Black 160x230 cm,,,taxable,parent,0,0,,0,0,,230,160,0.6,0,,,1516,,,,,,,56915182-H,,,,,,5,,,Size,160x230,,1,,,,,,,,,,,,,,,,,,,,,,,,,,,,,,,,,,,,,160x230,,,,,,,,,,,,1786457541,,,,,,,,,,,,114667,,,,,,,,,,,,,,,,,,,
50204,variation,56916527,,D-sign Rug 1D1410 Black - 200x290,1,0,hidden,,D-sign Rug 1D1410 Black 200x290 cm,,,taxable,parent,0,0,,0,0,,290,200,0.6,0,,,2172,,,,,,,56915182-H,,,,,,6,,,Size,200x290,,1,,,,,,,,,,,,,,,,,,,,,,,,,,,,,,,,,,,,,200x290,,,,,,,,,,,,1786457541,,,,,,,,,,,,114668,,,,,,,,,,,,,,,,,,,
50205,variation,56916520,,D-sign Rug 1D1410 Black - 240x330,1,0,hidden,,D-sign Rug 1D1410 Black 240x330 cm,,,taxable,parent,0,0,,0,0,,330,240,0.6,0,,,2924,,,,,,,56915182-H,,,,,,7,,,Size,240x330,,1,,,,,,,,,,,,,,,,,,,,,,,,,,,,,,,,,,,,,240x330,,,,,,,,,,,,1786457540,,,,,,,,,,,,114669,,,,,,,,,,,,,,,,,,,
50222,variable,56915275-H,,D-sign Rug 1D1417 Grey,1,0,hidden,D-sign Rug 1D1417 Grey,D-sign Rug 1D1417 Grey,,,taxable,,0,,,0,0,,,,,0,,,,"Rooms > Kids, Rugs > Kids, Rugs",,,"https://rugshop.eu/wp-content/uploads/2021/10/carpet-for-kids-hearts-circle-jeans-vintage-children-s-grey.jpg, https://rugshop.eu/wp-content/uploads/2021/10/carpet-for-kids-hearts-circle-jeans-vintage-children-s-grey-1.jpg, https://rugshop.eu/wp-content/uploads/2021/10/carpet-for-kids-hearts-circle-jeans-vintage-children-s-grey-2.jpg, https://rugshop.eu/wp-content/uploads/2021/10/carpet-for-kids-hearts-circle-jeans-vintage-children-s-grey-3.jpg",,,,,,,,,1798,,,Size,"100, 133, 150, 170, 200",1,1,Brand,D-sign,1,1,Color,Black-Grey,1,1,Type of color,Multicolor,1,1,Shape,Round,1,1,Material,Polyamide,1,1,Type of rug,Vintage / Colored Vintage,1,1,Weave,Machinemade,1,1,Country,Belgium,1,1,Age,New,1,1,,,,,default,default,default,default,,,,,1786457560,yes,yes,,,,,,,,,,,,,,,,,,,,,,,,,,,,,
50224,variation,56915144,,D-sign Rug 1D1412 Grey - 80x150,1,0,hidden,,D-sign Rug 1D1412 Grey 80x150 cm,,,taxable,parent,0,0,,0,0,,150,80,0.9,0,,,956,,,,,,,56915144-H,,,,,,1,,,Size,80x150,,1,,,,,,,,,,,,,,,,,,,,,,,,,,,,,,,,,,,,,80x150,,,,,,,,,,,,1786457239,,,,,,,,,,,,114684,,,,,,,,,,,,,,,,,,,
50225,variation,56916560,,D-sign Rug 1D1412 Grey - 120x170,1,0,hidden,,D-sign Rug 1D1412 Grey 120x170 cm,,,taxable,parent,0,0,,0,0,,170,120,0.9,0,,,1380,,,,,,,56915144-H,,,,,,2,,,Size,120x170,,1,,,,,,,,,,,,,,,,,,,,,,,,,,,,,,,,,,,,,120x170,,,,,,,,,,,,,,,,,,,,,,,,114685,,,,,,,,,,,,,,,,,,,
50226,variation,56916555,,D-sign Rug 1D1412 Grey - 160x230,1,0,hidden,,D-sign Rug 1D1412 Grey 160x230 cm,,,taxable,parent,0,0,,0,0,,230,160,0.9,0,,,2036,,,,,,,56915144-H,,,,,,3,,,Size,160x230,,1,,,,,,,,,,,,,,,,,,,,,,,,,,,,,,,,,,,,,160x230,,,,,,,,,,,,,,,,,,,,,,,,114686,,,,,,,,,,,,,,,,,,,
50227,variation,56916553,,D-sign Rug 1D1412 Grey - 240x340,1,0,hidden,,D-sign Rug 1D1412 Grey 240x340 cm,,,taxable,parent,0,0,,0,0,,340,240,0.9,0,,,4156,,,,,,,56915144-H,,,,,,4,,,Size,240x340,,1,,,,,,,,,,,,,,,,,,,,,,,,,,,,,,,,,,,,,240x340,,,,,,,,,,,,,,,,,,,,,,,,114688,,,,,,,,,,,,,,,,,,,
50228,variation,56916557,,D-sign Rug 1D1412 Grey - 300x400,1,0,hidden,,D-sign Rug 1D1412 Grey 300x400 cm,,,taxable,parent,0,0,,0,0,,400,300,0.9,0,,,6340,,,,,,,56915144-H,,,,,,5,,,Size,300x400,,1,,,,,,,,,,,,,,,,,,,,,,,,,,,,,,,,,,,,,300x400,,,,,,,,,,,,1786457541,,,,,,,,,,,,114689,,,,,,,,,,,,,,,,,,,
50246,variation,56915179,,D-sign Rug 1D1414 Grey - 80x150,1,0,hidden,,D-sign Rug 1D1414 Grey 80x150 cm,,,taxable,parent,0,0,,0,0,,150,80,0.9,0,,,956,,,,,,,56915179-H,,,,,,1,,,Size,80x150,,1,,,,,,,,,,,,,,,,,,,,,,,,,,,,,,,,,,,,,80x150,,,,,,,,,,,,1786457240,,,,,,,,,,,,114700,,,,,,,,,,,,,,,,,,,
50247,variation,56916656,,D-sign Rug 1D1414 Grey - 120x170,1,0,hidden,,D-sign Rug 1D1414 Grey 120x170 cm,,,taxable,parent,0,0,,0,0,,170,120,0.9,0,,,1380,,,,,,,56915179-H,,,,,,2,,,Size,120x170,,1,,,,,,,,,,,,,,,,,,,,,,,,,,,,,,,,,,,,,120x170,,,,,,,,,,,,1786457542,,,,,,,,,,,,114701,,,,,,,,,,,,,,,,,,,
50248,variation,56916661,,D-sign Rug 1D1414 Grey - 160x230,1,0,hidden,,D-sign Rug 1D1414 Grey 160x230 cm,,,taxable,parent,0,0,,0,0,,230,160,0.9,0,,,2036,,,,,,,56915179-H,,,,,,3,,,Size,160x230,,1,,,,,,,,,,,,,,,,,,,,,,,,,,,,,,,,,,,,,160x230,,,,,,,,,,,,,,,,,,,,,,,,114702,,,,,,,,,,,,,,,,,,,
50249,variation,56916616,,D-sign Rug 1D1414 Grey - 200x290,1,0,hidden,,D-sign Rug 1D1414 Grey 200x290 cm,,,taxable,parent,0,0,,0,0,,290,200,0.9,0,,,2972,,,,,,,56915179-H,,,,,,4,,,Size,200x290,,1,,,,,,,,,,,,,,,,,,,,,,,,,,,,,,,,,,,,,200x290,,,,,,,,,,,,,,,,,,,,,,,,114704,,,,,,,,,,,,,,,,,,,
50250,variation,56916657,,D-sign Rug 1D1414 Grey - 240x340,1,0,hidden,,D-sign Rug 1D1414 Grey 240x340 cm,,,taxable,parent,0,0,,0,0,,340,240,0.9,0,,,4156,,,,,,,56915179-H,,,,,,5,,,Size,240x340,,1,,,,,,,,,,,,,,,,,,,,,,,,,,,,,,,,,,,,,240x340,,,,,,,,,,,,,,,,,,,,,,,,114703,,,,,,,,,,,,,,,,,,,
50251,variation,56916622,,D-sign Rug 1D1414 Grey - 300x400,1,0,hidden,,D-sign Rug 1D1414 Grey 300x400 cm,,,taxable,parent,0,0,,0,0,,400,300,0.9,0,,,6340,,,,,,,56915179-H,,,,,,6,,,Size,300x400,,1,,,,,,,,,,,,,,,,,,,,,,,,,,,,,,,,,,,,,300x400,,,,,,,,,,,,1786457542,,,,,,,,,,,,114705,,,,,,,,,,,,,,,,,,,
50257,variation,56915275,,D-sign Rug 1D1417 Grey - 100,1,0,hidden,,D-sign Rug 1D1417 Grey 100 cm,,,taxable,parent,0,0,,0,0,,100,100,0.65,0,,,620,,,,,,,56915275-H,,,,,,1,,,Size,100,,1,,,,,,,,,,,,,,,,,,,,,,,,,,,,,,,,,,,,,100,,,,,,,,,,,,,,,,,,,,,,,,114817,,,,,,,,,,,,,,,,,,,
50258,variation,56916700,,D-sign Rug 1D1417 Grey - 133,1,0,hidden,,D-sign Rug 1D1417 Grey 133 cm,,,taxable,parent,0,0,,0,0,,133,133,0.65,0,,,812,,,,,,,56915275-H,,,,,,2,,,Size,133,,1,,,,,,,,,,,,,,,,,,,,,,,,,,,,,,,,,,,,,133,,,,,,,,,,,,1786457546,,,,,,,,,,,,114818,,,,,,,,,,,,,,,,,,,
50259,variation,56916682,,D-sign Rug 1D1417 Grey - 150,1,0,hidden,,D-sign Rug 1D1417 Grey 150 cm,,,taxable,parent,0,0,,0,0,,150,150,0.65,0,,,900,,,,,,,56915275-H,,,,,,3,,,Size,150,,1,,,,,,,,,,,,,,,,,,,,,,,,,,,,,,,,,,,,,150,,,,,,,,,,,,,,,,,,,,,,,,114819,,,,,,,,,,,,,,,,,,,
50260,variation,56916697,,D-sign Rug 1D1417 Grey - 170,1,0,hidden,,D-sign Rug 1D1417 Grey 170 cm,,,taxable,parent,0,0,,0,0,,170,170,0.65,0,,,1044,,,,,,,56915275-H,,,,,,4,,,Size,170,,1,,,,,,,,,,,,,,,,,,,,,,,,,,,,,,,,,,,,,170,,,,,,,,,,,,,,,,,,,,,,,,114820,,,,,,,,,,,,,,,,,,,
50261,variation,56915294,,D-sign Rug 1D1417 Grey - 200,1,0,hidden,,D-sign Rug 1D1417 Grey 200 cm,,,taxable,parent,0,0,,0,0,,200,200,0.65,0,,,1324,,,,,,,56915275-H,,,,,,5,,,Size,200,,1,,,,,,,,,,,,,,,,,,,,,,,,,,,,,,,,,,,,,200,,,,,,,,,,,,,,,,,,,,,,,,114821,,,,,,,,,,,,,,,,,,,
50291,variable,56915697-H,,D-sign Rug 1D1423 Grey,1,0,hidden,D-sign Rug 1D1423 Grey ,D-sign Rug 1D1423 Grey ,,,taxable,,0,,,0,0,,,,,1,,,,"Rooms > Bedroom, Rooms > Living room, Rugs > Modern, Rugs",,,"https://rugshop.eu/wp-content/uploads/2021/10/modern-mefe-carpet-8504-trellis-flowers-structural-two-levels-of-fleece-dark-grey.jpg, https://rugshop.eu/wp-content/uploads/2021/10/modern-mefe-carpet-8504-trellis-flowers-structural-two-levels-of-fleece-dark-grey-1.jpg, https://rugshop.eu/wp-content/uploads/2021/10/modern-mefe-carpet-8504-trellis-flowers-structural-two-levels-of-fleece-dark-grey-2.jpg, https://rugshop.eu/wp-content/uploads/2021/10/modern-mefe-carpet-8504-trellis-flowers-structural-two-levels-of-fleece-dark-grey-3.jpg",,,,,,,,,1803,,,Size,"120x170, 140x190, 160x220, 180x270, 200x290, 240x330, 280x370, 80x150",1,1,Brand,D-sign,1,1,Color,Black-Grey,1,1,Type of color,Multicolor,1,1,Shape,Rectangular,1,1,Material,Polypropen,1,1,Type of rug,Modern,1,1,Weave,Machinemade,1,1,Age,New,1,1,,,,,,,,,,,,,,,,,1786457580,yes,yes,,,,,,,,,,,,,,,,,,,,,,,,,,,,,
50292,variable,56915709-H,,D-sign Rug 1D1424 Grey,1,0,hidden,D-sign Rug 1D1424 Grey ,D-sign Rug 1D1424 Grey ,,,taxable,,0,,,0,0,,,,,1,,,,"Rooms > Bedroom, Rooms > Living room, Rugs > Modern, Rugs",,,"https://rugshop.eu/wp-content/uploads/2021/10/modern-mefe-carpet-8504-trellis-flowers-structural-two-levels-of-fleece-grey-white.jpg, https://rugshop.eu/wp-content/uploads/2021/10/modern-mefe-carpet-8504-trellis-flowers-structural-two-levels-of-fleece-grey-white-1.jpg, https://rugshop.eu/wp-content/uploads/2021/10/modern-mefe-carpet-8504-trellis-flowers-structural-two-levels-of-fleece-grey-white-2.jpg, https://rugshop.eu/wp-content/uploads/2021/10/modern-mefe-carpet-8504-trellis-flowers-structural-two-levels-of-fleece-grey-white-3.jpg",,,,,,,,,1804,,,Size,"120x170, 140x190, 160x220, 180x270, 200x290, 240x330, 280x370, 80x150",1,1,Brand,D-sign,1,1,Color,Black-Grey,1,1,Type of color,Multicolor,1,1,Shape,Rectangular,1,1,Material,Polypropen,1,1,Type of rug,Modern,1,1,Weave,Machinemade,1,1,Age,New,1,1,,,,,,,,,,,,,,,,,1786457396,yes,yes,,,,,,,,,,,,,,,,,,,,,,,,,,,,,
50321,variation,56915697,,D-sign Rug 1D1423 Grey - 80x150,1,0,hidden,,D-sign Rug 1D1423 Grey 80x150 cm,,,taxable,parent,0,0,,0,0,,150,80,0.8,0,,,668,,,,,,,56915697-H,,,,,,1,,,Size,80x150,,1,,,,,,,,,,,,,,,,,,,,,,,,,,,,,,,,,,,,,80x150,,,,,,,,,,,,1786457369,,,,,,,,,,,,115391,,,,,,,,,,,,,,,,,,,
50322,variation,56916756,,D-sign Rug 1D1423 Grey - 120x170,1,0,hidden,,D-sign Rug 1D1423 Grey 120x170 cm,,,taxable,parent,0,0,,0,0,,170,120,0.8,0,,,860,,,,,,,56915697-H,,,,,,2,,,Size,120x170,,1,,,,,,,,,,,,,,,,,,,,,,,,,,,,,,,,,,,,,120x170,,,,,,,,,,,,1786457565,,,,,,,,,,,,115392,,,,,,,,,,,,,,,,,,,
50323,variation,56915711,,D-sign Rug 1D1423 Grey - 140x190,1,0,hidden,,D-sign Rug 1D1423 Grey 140x190 cm,,,taxable,parent,0,0,,0,0,,190,140,0.8,0,,,996,,,,,,,56915697-H,,,,,,3,,,Size,140x190,,1,,,,,,,,,,,,,,,,,,,,,,,,,,,,,,,,,,,,,140x190,,,,,,,,,,,,1786457376,,,,,,,,,,,,115395,,,,,,,,,,,,,,,,,,,
50324,variation,56915713,,D-sign Rug 1D1423 Grey - 160x220,1,0,hidden,,D-sign Rug 1D1423 Grey 160x220 cm,,,taxable,parent,0,0,,0,0,,220,160,0.8,0,,,1188,,,,,,,56915697-H,,,,,,4,,,Size,160x220,,1,,,,,,,,,,,,,,,,,,,,,,,,,,,,,,,,,,,,,160x220,,,,,,,,,,,,1786457377,,,,,,,,,,,,115393,,,,,,,,,,,,,,,,,,,
50325,variation,56915710,,D-sign Rug 1D1423 Grey - 180x270,1,0,hidden,,D-sign Rug 1D1423 Grey 180x270 cm,,,taxable,parent,0,0,,0,0,,270,180,0.8,0,,,1492,,,,,,,56915697-H,,,,,,5,,,Size,180x270,,1,,,,,,,,,,,,,,,,,,,,,,,,,,,,,,,,,,,,,180x270,,,,,,,,,,,,1786457375,,,,,,,,,,,,115396,,,,,,,,,,,,,,,,,,,
50326,variation,56915714,,D-sign Rug 1D1423 Grey - 200x290,1,0,hidden,,D-sign Rug 1D1423 Grey 200x290 cm,,,taxable,parent,0,0,,0,0,,290,200,0.8,0,,,1732,,,,,,,56915697-H,,,,,,6,,,Size,200x290,,1,,,,,,,,,,,,,,,,,,,,,,,,,,,,,,,,,,,,,200x290,,,,,,,,,,,,1786457377,,,,,,,,,,,,115552,,,,,,,,,,,,,,,,,,,
50327,variation,56915712,,D-sign Rug 1D1423 Grey - 240x330,1,0,hidden,,D-sign Rug 1D1423 Grey 240x330 cm,,,taxable,parent,0,0,,0,0,,330,240,0.8,0,,,2196,,,,,,,56915697-H,,,,,,7,,,Size,240x330,,1,,,,,,,,,,,,,,,,,,,,,,,,,,,,,,,,,,,,,240x330,,,,,,,,,,,,1786457376,,,,,,,,,,,,115556,,,,,,,,,,,,,,,,,,,
50328,variation,56915715,,D-sign Rug 1D1423 Grey - 280x370,1,0,hidden,,D-sign Rug 1D1423 Grey 280x370 cm,,,taxable,parent,0,0,,0,0,,370,280,0.8,0,,,2884,,,,,,,56915697-H,,,,,,8,,,Size,280x370,,1,,,,,,,,,,,,,,,,,,,,,,,,,,,,,,,,,,,,,280x370,,,,,,,,,,,,1786457377,,,,,,,,,,,,115558,,,,,,,,,,,,,,,,,,,
50334,variation,56915709,,D-sign Rug 1D1424 Grey - 80x150,1,0,hidden,,D-sign Rug 1D1424 Grey 80x150 cm,,,taxable,parent,0,0,,0,0,,150,80,0.8,0,,,668,,,,,,,56915709-H,,,,,,1,,,Size,80x150,,1,,,,,,,,,,,,,,,,,,,,,,,,,,,,,,,,,,,,,80x150,,,,,,,,,,,,1786457375,,,,,,,,,,,,115399,,,,,,,,,,,,,,,,,,,
50335,variation,56916778,,D-sign Rug 1D1424 Grey - 120x170,1,0,hidden,,D-sign Rug 1D1424 Grey 120x170 cm,,,taxable,parent,0,0,,0,0,,170,120,0.8,0,,,860,,,,,,,56915709-H,,,,,,2,,,Size,120x170,,1,,,,,,,,,,,,,,,,,,,,,,,,,,,,,,,,,,,,,120x170,,,,,,,,,,,,,,,,,,,,,,,,115400,,,,,,,,,,,,,,,,,,,
50336,variation,56916785,,D-sign Rug 1D1424 Grey - 140x190,1,0,hidden,,D-sign Rug 1D1424 Grey 140x190 cm,,,taxable,parent,0,0,,0,0,,190,140,0.8,0,,,996,,,,,,,56915709-H,,,,,,3,,,Size,140x190,,1,,,,,,,,,,,,,,,,,,,,,,,,,,,,,,,,,,,,,140x190,,,,,,,,,,,,,,,,,,,,,,,,115402,,,,,,,,,,,,,,,,,,,
50337,variation,56916783,,D-sign Rug 1D1424 Grey - 160x220,1,0,hidden,,D-sign Rug 1D1424 Grey 160x220 cm,,,taxable,parent,0,0,,0,0,,220,160,0.8,0,,,1188,,,,,,,56915709-H,,,,,,4,,,Size,160x220,,1,,,,,,,,,,,,,,,,,,,,,,,,,,,,,,,,,,,,,160x220,,,,,,,,,,,,,,,,,,,,,,,,115401,,,,,,,,,,,,,,,,,,,
50338,variation,56915719,,D-sign Rug 1D1424 Grey - 180x270,1,0,hidden,,D-sign Rug 1D1424 Grey 180x270 cm,,,taxable,parent,0,0,,0,0,,270,180,0.8,0,,,1492,,,,,,,56915709-H,,,,,,5,,,Size,180x270,,1,,,,,,,,,,,,,,,,,,,,,,,,,,,,,,,,,,,,,180x270,,,,,,,,,,,,,,,,,,,,,,,,115403,,,,,,,,,,,,,,,,,,,
50339,variation,56915720,,D-sign Rug 1D1424 Grey - 200x290,1,0,hidden,,D-sign Rug 1D1424 Grey 200x290 cm,,,taxable,parent,0,0,,0,0,,290,200,0.8,0,,,1732,,,,,,,56915709-H,,,,,,6,,,Size,200x290,,1,,,,,,,,,,,,,,,,,,,,,,,,,,,,,,,,,,,,,200x290,,,,,,,,,,,,,,,,,,,,,,,,116566,,,,,,,,,,,,,,,,,,,
50340,variation,56915718,,D-sign Rug 1D1424 Grey - 240x330,1,0,hidden,,D-sign Rug 1D1424 Grey 240x330 cm,,,taxable,parent,0,0,,0,0,,330,240,0.8,0,,,2196,,,,,,,56915709-H,,,,,,7,,,Size,240x330,,1,,,,,,,,,,,,,,,,,,,,,,,,,,,,,,,,,,,,,240x330,,,,,,,,,,,,,,,,,,,,,,,,116567,,,,,,,,,,,,,,,,,,,
50341,variation,56915721,,D-sign Rug 1D1424 Grey - 280x370,1,0,hidden,,D-sign Rug 1D1424 Grey 280x370 cm,,,taxable,parent,0,0,,0,0,,370,280,0.8,0,,,2884,,,,,,,56915709-H,,,,,,8,,,Size,280x370,,1,,,,,,,,,,,,,,,,,,,,,,,,,,,,,,,,,,,,,280x370,,,,,,,,,,,,,,,,,,,,,,,,116569,,,,,,,,,,,,,,,,,,,
51693,variable,56915965-H,,D-sign Rug 1D1431 Black,1,0,hidden,D-sign Rug 1D1431 Black ,D-sign Rug 1D1431 Black ,,,taxable,,0,,,0,0,,,,,1,,,,"Rooms > Bedroom, Rooms > Living room, Rugs > Modern, Rugs",,,"https://rugshop.eu/wp-content/uploads/2021/10/carpet-sizal-floorlux-20608-moroccan-trellis-black-silver.jpg, https://rugshop.eu/wp-content/uploads/2021/10/carpet-sizal-floorlux-20608-moroccan-trellis-black-silver-1.jpg, https://rugshop.eu/wp-content/uploads/2021/10/carpet-sizal-floorlux-20608-moroccan-trellis-black-silver-2.jpg, https://rugshop.eu/wp-content/uploads/2021/10/carpet-sizal-floorlux-20608-moroccan-trellis-black-silver-3.jpg",,,,,,,,,1810,,,Size,"120x170, 140x200, 160x230, 200x290, 240x330, 60x110, 80x150",1,1,Brand,D-sign,1,1,Color,Black-Grey,1,1,Type of color,Multicolor,1,1,Shape,Rectangular,1,1,Material,Polypropen,1,1,Type of rug,Modern,1,1,Weave,Machinemade,1,1,Country,Belgium,1,1,Age,New,1,1,,,,,,,,,,,,,1786457582,yes,yes,,,,,,,,,,,,,,,,,,,,,,,,,,,,,
51694,variable,56915935-H,,D-sign Rug 1D1432 Black,1,0,hidden,D-sign Rug 1D1432 Black ,D-sign Rug 1D1432 Black ,,,taxable,,0,,,0,0,,,,,1,,,,"Rooms > Entrance & Corridor, Rooms > Kitchen, Rugs > Modern, Rugs",,,"https://rugshop.eu/wp-content/uploads/2021/10/carpet-sizal-floorlux-20607-moroccan-trellis-black-silver.jpg, https://rugshop.eu/wp-content/uploads/2021/10/carpet-sizal-floorlux-20607-moroccan-trellis-black-silver-1.jpg, https://rugshop.eu/wp-content/uploads/2021/10/carpet-sizal-floorlux-20607-moroccan-trellis-black-silver-2.jpg, https://rugshop.eu/wp-content/uploads/2021/10/carpet-sizal-floorlux-20607-moroccan-trellis-black-silver-3.jpg",,,,,,,,,1811,,,Size,"120x170, 140x200, 160x230, 200x290, 240x330, 60x110, 80x150",1,1,Brand,D-sign,1,1,Color,Black-Grey,1,1,Type of color,Multicolor,1,1,Shape,Rectangular,1,1,Material,Polypropen,1,1,Type of rug,Modern,1,1,Weave,Machinemade,1,1,Country,Belgium,1,1,Age,New,1,1,,,,,,,,,,,,,1786457583,yes,yes,,,,,,,,,,,,,,,,,,,,,,,,,,,,,
51695,variable,56917767-H,,D-sign Rug 1D1256 Grey,1,0,hidden,D-sign Rug 1D1256 Grey ,D-sign Rug 1D1256 Grey ,,,taxable,,0,,,0,0,,,,,1,,,,"Rooms > Bedroom, Rooms > Living room, Rugs > Modern, Rugs",,,"https://rugshop.eu/wp-content/uploads/2021/10/carpet-sizal-floorlux-20079-squares-silver-black.jpg, https://rugshop.eu/wp-content/uploads/2021/10/carpet-sizal-floorlux-20079-squares-silver-black-1.jpg, https://rugshop.eu/wp-content/uploads/2021/10/carpet-sizal-floorlux-20079-squares-silver-black-2.jpg, https://rugshop.eu/wp-content/uploads/2021/10/carpet-sizal-floorlux-20079-squares-silver-black-3.jpg",,,,,,,,,1648,,,Size,"120x170, 140x200, 160x230, 200x290, 240x330, 60x110, 80x150",1,1,Brand,D-sign,1,1,Color,Black-Grey,1,1,Type of color,Multicolor,1,1,Shape,Rectangular,1,1,Material,Polypropen,1,1,Type of rug,Modern,1,1,Weave,Machinemade,1,1,Country,Belgium,1,1,Age,New,1,1,,,,,,,,,,,,,1786457585,yes,yes,,,,,,,,,,,,,,,,,,,,,,,,,,,,,
51697,variation,56915965,,D-sign Rug 1D1431 Black - 60x110,1,0,hidden,,D-sign Rug 1D1431 Black 60x110 cm,,,taxable,parent,0,0,,0,0,,110,60,0.6,0,,,604,,,,,,,56915965-H,,,,,,1,,,Size,60x110,,1,,,,,,,,,,,,,,,,,,,,,,,,,,,,,,,,,,,,,60x110,,,,,,,,,,,,1786457409,,,,,,,,,,,,115688,,,,,,,,,,,,,,,,,,,
51698,variation,56916911,,D-sign Rug 1D1431 Black - 80x150,1,0,hidden,,D-sign Rug 1D1431 Black 80x150 cm,,,taxable,parent,0,0,,0,0,,150,80,0.6,0,,,764,,,,,,,56915965-H,,,,,,2,,,Size,80x150,,1,,,,,,,,,,,,,,,,,,,,,,,,,,,,,,,,,,,,,80x150,,,,,,,,,,,,1786457571,,,,,,,,,,,,115682,,,,,,,,,,,,,,,,,,,
51699,variation,56916904,,D-sign Rug 1D1431 Black - 120x170,1,0,hidden,,D-sign Rug 1D1431 Black 120x170 cm,,,taxable,parent,0,0,,0,0,,170,120,0.6,0,,,996,,,,,,,56915965-H,,,,,,3,,,Size,120x170,,1,,,,,,,,,,,,,,,,,,,,,,,,,,,,,,,,,,,,,120x170,,,,,,,,,,,,1786457570,,,,,,,,,,,,115683,,,,,,,,,,,,,,,,,,,
51700,variation,56916905,,D-sign Rug 1D1431 Black - 140x200,1,0,hidden,,D-sign Rug 1D1431 Black 140x200 cm,,,taxable,parent,0,0,,0,0,,200,140,0.6,0,,,1236,,,,,,,56915965-H,,,,,,4,,,Size,140x200,,1,,,,,,,,,,,,,,,,,,,,,,,,,,,,,,,,,,,,,140x200,,,,,,,,,,,,1786457570,,,,,,,,,,,,115684,,,,,,,,,,,,,,,,,,,
51701,variation,56916845,,D-sign Rug 1D1431 Black - 160x230,1,0,hidden,,D-sign Rug 1D1431 Black 160x230 cm,,,taxable,parent,0,0,,0,0,,230,160,0.6,0,,,1516,,,,,,,56915965-H,,,,,,5,,,Size,160x230,,1,,,,,,,,,,,,,,,,,,,,,,,,,,,,,,,,,,,,,160x230,,,,,,,,,,,,1786457566,,,,,,,,,,,,115685,,,,,,,,,,,,,,,,,,,
51702,variation,56916847,,D-sign Rug 1D1431 Black - 200x290,1,0,hidden,,D-sign Rug 1D1431 Black 200x290 cm,,,taxable,parent,0,0,,0,0,,290,200,0.6,0,,,2172,,,,,,,56915965-H,,,,,,6,,,Size,200x290,,1,,,,,,,,,,,,,,,,,,,,,,,,,,,,,,,,,,,,,200x290,,,,,,,,,,,,1786457567,,,,,,,,,,,,115686,,,,,,,,,,,,,,,,,,,
51703,variation,56916870,,D-sign Rug 1D1431 Black - 240x330,1,0,hidden,,D-sign Rug 1D1431 Black 240x330 cm,,,taxable,parent,0,0,,0,0,,330,240,0.6,0,,,2828,,,,,,,56915965-H,,,,,,7,,,Size,240x330,,1,,,,,,,,,,,,,,,,,,,,,,,,,,,,,,,,,,,,,240x330,,,,,,,,,,,,1786457570,,,,,,,,,,,,115687,,,,,,,,,,,,,,,,,,,
51705,variation,56915935,,D-sign Rug 1D1432 Black - 60x110,1,0,hidden,,D-sign Rug 1D1432 Black 60x110 cm,,,taxable,parent,0,0,,0,0,,110,60,0.6,0,,,604,,,,,,,56915935-H,,,,,,1,,,Size,60x110,,1,,,,,,,,,,,,,,,,,,,,,,,,,,,,,,,,,,,,,60x110,,,,,,,,,,,,1786457408,,,,,,,,,,,,115696,,,,,,,,,,,,,,,,,,,
51706,variation,56916846,,D-sign Rug 1D1432 Black - 80x150,1,0,hidden,,D-sign Rug 1D1432 Black 80x150 cm,,,taxable,parent,0,0,,0,0,,150,80,0.6,0,,,764,,,,,,,56915935-H,,,,,,2,,,Size,80x150,,1,,,,,,,,,,,,,,,,,,,,,,,,,,,,,,,,,,,,,80x150,,,,,,,,,,,,1786457566,,,,,,,,,,,,115697,,,,,,,,,,,,,,,,,,,
51707,variation,56916849,,D-sign Rug 1D1432 Black - 120x170,1,0,hidden,,D-sign Rug 1D1432 Black 120x170 cm,,,taxable,parent,0,0,,0,0,,170,120,0.6,0,,,996,,,,,,,56915935-H,,,,,,3,,,Size,120x170,,1,,,,,,,,,,,,,,,,,,,,,,,,,,,,,,,,,,,,,120x170,,,,,,,,,,,,1786457567,,,,,,,,,,,,115698,,,,,,,,,,,,,,,,,,,
51708,variation,56916848,,D-sign Rug 1D1432 Black - 140x200,1,0,hidden,,D-sign Rug 1D1432 Black 140x200 cm,,,taxable,parent,0,0,,0,0,,200,140,0.6,0,,,1236,,,,,,,56915935-H,,,,,,4,,,Size,140x200,,1,,,,,,,,,,,,,,,,,,,,,,,,,,,,,,,,,,,,,140x200,,,,,,,,,,,,1786457567,,,,,,,,,,,,115699,,,,,,,,,,,,,,,,,,,
51709,variation,56916852,,D-sign Rug 1D1432 Black - 160x230,1,0,hidden,,D-sign Rug 1D1432 Black 160x230 cm,,,taxable,parent,0,0,,0,0,,230,160,0.6,0,,,1516,,,,,,,56915935-H,,,,,,5,,,Size,160x230,,1,,,,,,,,,,,,,,,,,,,,,,,,,,,,,,,,,,,,,160x230,,,,,,,,,,,,1786457568,,,,,,,,,,,,115700,,,,,,,,,,,,,,,,,,,
51710,variation,56916853,,D-sign Rug 1D1432 Black - 200x290,1,0,hidden,,D-sign Rug 1D1432 Black 200x290 cm,,,taxable,parent,0,0,,0,0,,290,200,0.6,0,,,2172,,,,,,,56915935-H,,,,,,6,,,Size,200x290,,1,,,,,,,,,,,,,,,,,,,,,,,,,,,,,,,,,,,,,200x290,,,,,,,,,,,,1786457568,,,,,,,,,,,,115701,,,,,,,,,,,,,,,,,,,
51711,variation,56916855,,D-sign Rug 1D1432 Black - 240x330,1,0,hidden,,D-sign Rug 1D1432 Black 240x330 cm,,,taxable,parent,0,0,,0,0,,330,240,0.6,0,,,2828,,,,,,,56915935-H,,,,,,7,,,Size,240x330,,1,,,,,,,,,,,,,,,,,,,,,,,,,,,,,,,,,,,,,240x330,,,,,,,,,,,,1786457569,,,,,,,,,,,,115702,,,,,,,,,,,,,,,,,,,
51713,variation,56917767,,D-sign Rug 1D1256 Grey - 60x110,1,0,hidden,,D-sign Rug 1D1256 Grey 60x110 cm,,,taxable,parent,0,0,,0,0,,110,60,0.6,0,,,604,,,,,,,56917767-H,,,,,,1,,,Size,60x110,,1,,,,,,,,,,,,,,,,,,,,,,,,,,,,,,,,,,,,,60x110,,,,,,,,,,,,1786457571,,,,,,,,,,,,118003,,,,,,,,,,,,,,,,,,,
51714,variation,56917774,,D-sign Rug 1D1256 Grey - 80x150,1,0,hidden,,D-sign Rug 1D1256 Grey 80x150 cm,,,taxable,parent,0,0,,0,0,,150,80,0.6,0,,,764,,,,,,,56917767-H,,,,,,2,,,Size,80x150,,1,,,,,,,,,,,,,,,,,,,,,,,,,,,,,,,,,,,,,80x150,,,,,,,,,,,,1786457574,,,,,,,,,,,,118004,,,,,,,,,,,,,,,,,,,
51715,variation,56917771,,D-sign Rug 1D1256 Grey - 120x170,1,0,hidden,,D-sign Rug 1D1256 Grey 120x170 cm,,,taxable,parent,0,0,,0,0,,170,120,0.6,0,,,996,,,,,,,56917767-H,,,,,,3,,,Size,120x170,,1,,,,,,,,,,,,,,,,,,,,,,,,,,,,,,,,,,,,,120x170,,,,,,,,,,,,1786457572,,,,,,,,,,,,110980,,,,,,,,,,,,,,,,,,,
51716,variation,56917775,,D-sign Rug 1D1256 Grey - 140x200,1,0,hidden,,D-sign Rug 1D1256 Grey 140x200 cm,,,taxable,parent,0,0,,0,0,,200,140,0.6,0,,,1236,,,,,,,56917767-H,,,,,,4,,,Size,140x200,,1,,,,,,,,,,,,,,,,,,,,,,,,,,,,,,,,,,,,,140x200,,,,,,,,,,,,1786457574,,,,,,,,,,,,110981,,,,,,,,,,,,,,,,,,,
51717,variation,56917770,,D-sign Rug 1D1256 Grey - 160x230,1,0,hidden,,D-sign Rug 1D1256 Grey 160x230 cm,,,taxable,parent,0,0,,0,0,,230,160,0.6,0,,,1516,,,,,,,56917767-H,,,,,,5,,,Size,160x230,,1,,,,,,,,,,,,,,,,,,,,,,,,,,,,,,,,,,,,,160x230,,,,,,,,,,,,1786457572,,,,,,,,,,,,118005,,,,,,,,,,,,,,,,,,,
51718,variation,56917772,,D-sign Rug 1D1256 Grey - 200x290,1,0,hidden,,D-sign Rug 1D1256 Grey 200x290 cm,,,taxable,parent,0,0,,0,0,,290,200,0.6,0,,,2172,,,,,,,56917767-H,,,,,,6,,,Size,200x290,,1,,,,,,,,,,,,,,,,,,,,,,,,,,,,,,,,,,,,,200x290,,,,,,,,,,,,1786457573,,,,,,,,,,,,118006,,,,,,,,,,,,,,,,,,,
51719,variation,56917773,,D-sign Rug 1D1256 Grey - 240x330,1,0,hidden,,D-sign Rug 1D1256 Grey 240x330 cm,,,taxable,parent,0,0,,0,0,,330,240,0.6,0,,,2828,,,,,,,56917767-H,,,,,,7,,,Size,240x330,,1,,,,,,,,,,,,,,,,,,,,,,,,,,,,,,,,,,,,,240x330,,,,,,,,,,,,1786457573,,,,,,,,,,,,118007,,,,,,,,,,,,,,,,,,,
51722,variable,46183555,,BlÃ¤s Rug 100 Multicolor/Blue,1,0,hidden,BlÃ¤s Rug 100 Multicolor/Blue ,BlÃ¤s Rug 100 Multicolor/Blue ,,,taxable,,0,,,0,0,,,,,1,,,,"Rugs > Modern, Rugs, Rugs > Vintage",,,"https://rugshop.eu/wp-content/uploads/2021/10/blas-rug-100-multicolor-blue.jpg, https://rugshop.eu/wp-content/uploads/2021/10/blas-rug-100-multicolor-blue-1.jpg, https://rugshop.eu/wp-content/uploads/2021/10/blas-rug-100-multicolor-blue-2.jpg, https://rugshop.eu/wp-content/uploads/2021/10/blas-rug-100-multicolor-blue-3.jpg, https://rugshop.eu/wp-content/uploads/2021/10/blas-rug-100-multicolor-blue-4.jpg, https://rugshop.eu/wp-content/uploads/2021/10/blas-rug-100-multicolor-blue-5.jpg, https://rugshop.eu/wp-content/uploads/2021/10/blas-rug-100-multicolor-blue-6.jpg, https://rugshop.eu/wp-content/uploads/2021/10/blas-rug-100-multicolor-blue-7.jpg, https://rugshop.eu/wp-content/uploads/2021/10/blas-rug-100-multicolor-blue-8.jpg, https://rugshop.eu/wp-content/uploads/2021/10/blas-rug-100-multicolor-blue-9.jpg, https://rugshop.eu/wp-content/uploads/2021/10/blas-rug-100-multicolor-blue-10.jpg, https://rugshop.eu/wp-content/uploads/2021/10/blas-rug-100-multicolor-blue-11.jpg, https://rugshop.eu/wp-content/uploads/2021/10/blas-rug-100-multicolor-blue-12.jpg, https://rugshop.eu/wp-content/uploads/2021/10/blas-rug-100-multicolor-blue-13.jpg, https://rugshop.eu/wp-content/uploads/2021/10/blas-rug-100-multicolor-blue-14.jpg, https://rugshop.eu/wp-content/uploads/2021/10/blas-rug-100-multicolor-blue-15.jpg",,,,,,,,,157,,,Size,"115x170, 155x230, 195x290, 75x150",1,1,Brand,D-sign,1,1,Color,"Blue, Yellow-Brown",1,1,Type of color,Multicolor,1,1,Shape,"Rectangular, Runner",1,1,Material,Polyester,1,1,Type of rug,"Modern, Vintage / Colored Vintage",1,1,Weave,Machinemade,1,1,Country,Egypt,1,1,Age,New,1,1,,,,,,,,,,,,,1786452826,yes,,,,,,,,,,,,,,,,,,,,,,,,,,,,,,
51724,variable,46183557,,BlÃ¤s Rug 300 Beige/Blue,1,0,hidden,BlÃ¤s Rug 300 Beige/Blue ,BlÃ¤s Rug 300 Beige/Blue ,,,taxable,,0,,,0,0,,,,,1,,,,"Rugs > Modern, Rugs, Rugs > Vintage",,,"https://rugshop.eu/wp-content/uploads/2021/10/blas-rug-300-beige-blue.jpg, https://rugshop.eu/wp-content/uploads/2021/10/blas-rug-300-beige-blue-1.jpg, https://rugshop.eu/wp-content/uploads/2021/10/blas-rug-300-beige-blue-2.jpg, https://rugshop.eu/wp-content/uploads/2021/10/blas-rug-300-beige-blue-3.jpg, https://rugshop.eu/wp-content/uploads/2021/10/blas-rug-300-beige-blue-4.jpg, https://rugshop.eu/wp-content/uploads/2021/10/blas-rug-300-beige-blue-5.jpg, https://rugshop.eu/wp-content/uploads/2021/10/blas-rug-300-beige-blue-6.jpg, https://rugshop.eu/wp-content/uploads/2021/10/blas-rug-300-beige-blue-7.jpg, https://rugshop.eu/wp-content/uploads/2021/10/blas-rug-300-beige-blue-8.jpg, https://rugshop.eu/wp-content/uploads/2021/10/blas-rug-300-beige-blue-9.jpg, https://rugshop.eu/wp-content/uploads/2021/10/blas-rug-300-beige-blue-10.jpg, https://rugshop.eu/wp-content/uploads/2021/10/blas-rug-300-beige-blue-11.jpg, https://rugshop.eu/wp-content/uploads/2021/10/blas-rug-300-beige-blue-12.jpg, https://rugshop.eu/wp-content/uploads/2021/10/blas-rug-300-beige-blue-13.jpg, https://rugshop.eu/wp-content/uploads/2021/10/blas-rug-300-beige-blue-14.jpg, https://rugshop.eu/wp-content/uploads/2021/10/blas-rug-300-beige-blue-15.jpg",,,,,,,,,159,,,Size,"115x170, 155x230, 195x290, 75x150",1,1,Brand,D-sign,1,1,Color,Blue,1,1,Type of color,Multicolor,1,1,Shape,"Rectangular, Runner",1,1,Material,Polyester,1,1,Type of rug,"Modern, Vintage / Colored Vintage",1,1,Weave,Machinemade,1,1,Country,Egypt,1,1,Age,New,1,1,,,,,,,,,,,,,1786452826,yes,,,,,,,,,,,,,,,,,,,,,,,,,,,,,,
51743,variation,48958278,,BlÃ¤s Rug 100 Multicolor/Blue - 75x150,1,0,hidden,,BlÃ¤s Rug 100 Multicolor/Blue 75x150,,,taxable,parent,0,0,,0,0,,75,150,0.8,0,,,1036,,,,,,,46183555,,,,,,1,,,Size,75x150,,1,,,,,,,,,,,,,,,,,,,,,,,,,,,,,,,,,,,,,,,,,,,,,,,,,,,,,,,,,,,,,93QYK-70-140-E,,,,,,,,,,,,,,,,,,,
51744,variation,48958279,,BlÃ¤s Rug 100 Multicolor/Blue - 115x170,1,0,hidden,,BlÃ¤s Rug 100 Multicolor/Blue 115x170,,,taxable,parent,0,0,,0,0,,115,170,0.8,0,,,1436,,,,,,,46183555,,,,,,2,,,Size,115x170,,1,,,,,,,,,,,,,,,,,,,,,,,,,,,,,,,,,,,,,,,,,,,,,,,,,1786452792,,,,,,,,,,,,93QYK-130-190-E,,,,,,,,,,,,,,,,,,,
51745,variation,48958280,,BlÃ¤s Rug 100 Multicolor/Blue - 155x230,1,0,hidden,,BlÃ¤s Rug 100 Multicolor/Blue 155x230,,,taxable,parent,0,0,,0,0,,155,230,0.8,0,,,2156,,,,,,,46183555,,,,,,3,,,Size,155x230,,1,,,,,,,,,,,,,,,,,,,,,,,,,,,,,,,,,,,,,,,,,,,,,,,,,1786452793,,,,,,,,,,,,93QYK-170-240-E,,,,,,,,,,,,,,,,,,,
51746,variation,48958277,,BlÃ¤s Rug 100 Multicolor/Blue - 195x290,1,0,hidden,,BlÃ¤s Rug 100 Multicolor/Blue 195x290,,,taxable,parent,0,0,,0,0,,195,290,0.8,0,,,3116,,,,,,,46183555,,,,,,4,,,Size,195x290,,1,,,,,,,,,,,,,,,,,,,,,,,,,,,,,,,,,,,,,,,,,,,,,,,,,,,,,,,,,,,,,93QYK-200-290-E,,,,,,,,,,,,,,,,,,,
51785,variation,48958624,,BlÃ¤s Rug 300 Beige/Blue - 75x150,1,0,hidden,,BlÃ¤s Rug 300 Beige/Blue 75x150,,,taxable,parent,0,0,,0,0,,75,150,0.8,0,,,1036,,,,,,,46183557,,,,,,1,,,Size,75x150,,1,,,,,,,,,,,,,,,,,,,,,,,,,,,,,,,,,,,,,,,,,,,,,,,,,,,,,,,,,,,,,VK1MB-70-140-E,,,,,,,,,,,,,,,,,,,
51786,variation,48958623,,BlÃ¤s Rug 300 Beige/Blue - 115x170,1,0,hidden,,BlÃ¤s Rug 300 Beige/Blue 115x170,,,taxable,parent,0,0,,0,0,,115,170,0.8,0,,,1436,,,,,,,46183557,,,,,,2,,,Size,115x170,,1,,,,,,,,,,,,,,,,,,,,,,,,,,,,,,,,,,,,,,,,,,,,,,,,,1786452793,,,,,,,,,,,,VK1MB-130-190-E,,,,,,,,,,,,,,,,,,,
51787,variation,48958622,,BlÃ¤s Rug 300 Beige/Blue - 155x230,1,0,hidden,,BlÃ¤s Rug 300 Beige/Blue 155x230,,,taxable,parent,0,0,,0,0,,155,230,0.8,0,,,2156,,,,,,,46183557,,,,,,3,,,Size,155x230,,1,,,,,,,,,,,,,,,,,,,,,,,,,,,,,,,,,,,,,,,,,,,,,,,,,,,,,,,,,,,,,VK1MB-170-240-E,,,,,,,,,,,,,,,,,,,
51788,variation,48958621,,BlÃ¤s Rug 300 Beige/Blue - 195x290,1,0,hidden,,BlÃ¤s Rug 300 Beige/Blue 195x290,,,taxable,parent,0,0,,0,0,,195,290,0.8,0,,,3116,,,,,,,46183557,,,,,,4,,,Size,195x290,,1,,,,,,,,,,,,,,,,,,,,,,,,,,,,,,,,,,,,,,,,,,,,,,,,,,,,,,,,,,,,,VK1MB-200-290-E,,,,,,,,,,,,,,,,,,,
51812,variable,46183808,,BlÃ¤s Rug 500 Multicolor/Grey,1,0,hidden,BlÃ¤s Rug 500 Multicolor/Grey ,BlÃ¤s Rug 500 Multicolor/Grey ,,,taxable,,1,,,0,0,,,,,1,,,,"Rugs > Modern, Rugs, Rugs > Vintage",,,"https://rugshop.eu/wp-content/uploads/2021/10/blas-rug-500-multicolor-grey.jpg, https://rugshop.eu/wp-content/uploads/2021/10/blas-rug-500-multicolor-grey-1.jpg, https://rugshop.eu/wp-content/uploads/2021/10/blas-rug-500-multicolor-grey-2.jpg, https://rugshop.eu/wp-content/uploads/2021/10/blas-rug-500-multicolor-grey-3.jpg, https://rugshop.eu/wp-content/uploads/2021/10/blas-rug-500-multicolor-grey-4.jpg, https://rugshop.eu/wp-content/uploads/2021/10/blas-rug-500-multicolor-grey-5.jpg, https://rugshop.eu/wp-content/uploads/2021/10/blas-rug-500-multicolor-grey-6.jpg, https://rugshop.eu/wp-content/uploads/2021/10/blas-rug-500-multicolor-grey-7.jpg, https://rugshop.eu/wp-content/uploads/2021/10/blas-rug-500-multicolor-grey-8.jpg, https://rugshop.eu/wp-content/uploads/2021/10/blas-rug-500-multicolor-grey-9.jpg, https://rugshop.eu/wp-content/uploads/2021/10/blas-rug-500-multicolor-grey-10.jpg, https://rugshop.eu/wp-content/uploads/2021/10/blas-rug-500-multicolor-grey-11.jpg, https://rugshop.eu/wp-content/uploads/2021/10/blas-rug-500-multicolor-grey-12.jpg, https://rugshop.eu/wp-content/uploads/2021/10/blas-rug-500-multicolor-grey-13.jpg, https://rugshop.eu/wp-content/uploads/2021/10/blas-rug-500-multicolor-grey-14.jpg, https://rugshop.eu/wp-content/uploads/2021/10/blas-rug-500-multicolor-grey-15.jpg",,,,,,,,,161,,,Size,"115x170, 155x230, 195x290, 75x150",1,1,Brand,D-sign,1,1,Color,Black-Grey,1,1,Type of color,Multicolor,1,1,Shape,"Rectangular, Runner",1,1,Material,Polyester,1,1,Type of rug,"Modern, Vintage / Colored Vintage",1,1,Weave,Machinemade,1,1,Country,Egypt,1,1,Age,New,1,1,,,,,,,,,,,,,,yes,,,,,,,,,,,,,,,,,,,,,,,,,,,,,,
51813,variable,46183809,,BlÃ¤s Rug 600 Blue/Beige,1,0,hidden,BlÃ¤s Rug 600 Blue/Beige ,BlÃ¤s Rug 600 Blue/Beige ,,,taxable,,1,,,0,0,,,,,1,,,,"Rugs > Modern, Rugs, Rugs > Vintage",,,"https://rugshop.eu/wp-content/uploads/2021/10/blas-rug-600-blue-beige.jpg, https://rugshop.eu/wp-content/uploads/2021/10/blas-rug-600-blue-beige-1.jpg, https://rugshop.eu/wp-content/uploads/2021/10/blas-rug-600-blue-beige-2.jpg, https://rugshop.eu/wp-content/uploads/2021/10/blas-rug-600-blue-beige-3.jpg, https://rugshop.eu/wp-content/uploads/2021/10/blas-rug-600-blue-beige-4.jpg, https://rugshop.eu/wp-content/uploads/2021/10/blas-rug-600-blue-beige-5.jpg, https://rugshop.eu/wp-content/uploads/2021/10/blas-rug-600-blue-beige-6.jpg, https://rugshop.eu/wp-content/uploads/2021/10/blas-rug-600-blue-beige-7.jpg, https://rugshop.eu/wp-content/uploads/2021/10/blas-rug-600-blue-beige-8.jpg, https://rugshop.eu/wp-content/uploads/2021/10/blas-rug-600-blue-beige-9.jpg, https://rugshop.eu/wp-content/uploads/2021/10/blas-rug-600-blue-beige-10.jpg, https://rugshop.eu/wp-content/uploads/2021/10/blas-rug-600-blue-beige-11.jpg, https://rugshop.eu/wp-content/uploads/2021/10/blas-rug-600-blue-beige-12.jpg, https://rugshop.eu/wp-content/uploads/2021/10/blas-rug-600-blue-beige-13.jpg, https://rugshop.eu/wp-content/uploads/2021/10/blas-rug-600-blue-beige-14.jpg, https://rugshop.eu/wp-content/uploads/2021/10/blas-rug-600-blue-beige-15.jpg",,,,,,,,,162,,,Size,"115x170, 155x230, 195x290, 75x150",1,1,Brand,D-sign,1,1,Color,"Blue, Yellow-Brown",1,1,Type of color,Multicolor,1,1,Shape,"Rectangular, Runner",1,1,Material,Polyester,1,1,Type of rug,"Modern, Vintage / Colored Vintage",1,1,Weave,Machinemade,1,1,Country,Egypt,1,1,Age,New,1,1,,,,,,,,,,,,,,yes,,,,,,,,,,,,,,,,,,,,,,,,,,,,,,
51831,variation,53612189,,BlÃ¤s Rug 500 Multicolor/Grey - 75x150,1,0,hidden,,BlÃ¤s Rug 500 Multicolor/Grey 75x150,,,taxable,parent,1,3,,0,0,,75,150,0.8,0,,,1036,,,,,,,46183808,,,,,,1,,,Size,75x150,,1,,,,,,,,,,,,,,,,,,,,,,,,,,,,,,,,,,,,,,,,,,,,,,,,,,,,,,,,,,,,,FNH54-70-140-E,,,,,,,,,,,,,,,,,,,
51832,variation,53612191,,BlÃ¤s Rug 500 Multicolor/Grey - 115x170,1,0,hidden,,BlÃ¤s Rug 500 Multicolor/Grey 115x170,,,taxable,parent,1,117,,0,0,,115,170,0.8,0,,,1436,,,,,,,46183808,,,,,,2,,,Size,115x170,,1,,,,,,,,,,,,,,,,,,,,,,,,,,,,,,,,,,,,,,,,,,,,,,,,,,,,,,,,,,,,,FNH54-130-190-E,,,,,,,,,,,,,,,,,,,
51833,variation,53612190,,BlÃ¤s Rug 500 Multicolor/Grey - 155x230,1,0,hidden,,BlÃ¤s Rug 500 Multicolor/Grey 155x230,,,taxable,parent,1,119,,0,0,,155,230,0.8,0,,,2156,,,,,,,46183808,,,,,,3,,,Size,155x230,,1,,,,,,,,,,,,,,,,,,,,,,,,,,,,,,,,,,,,,,,,,,,,,,,,,,,,,,,,,,,,,FNH54-170-240-E,,,,,,,,,,,,,,,,,,,
51834,variation,53612188,,BlÃ¤s Rug 500 Multicolor/Grey - 195x290,1,0,hidden,,BlÃ¤s Rug 500 Multicolor/Grey 195x290,,,taxable,parent,1,43,,0,0,,195,290,0.8,0,,,3116,,,,,,,46183808,,,,,,4,,,Size,195x290,,1,,,,,,,,,,,,,,,,,,,,,,,,,,,,,,,,,,,,,,,,,,,,,,,,,,,,,,,,,,,,,FNH54-200-290-E,,,,,,,,,,,,,,,,,,,
51852,variation,53612249,,BlÃ¤s Rug 600 Blue/Beige - 75x150,1,0,hidden,,BlÃ¤s Rug 600 Blue/Beige 75x150,,,taxable,parent,0,0,,0,0,,75,150,0.8,0,,,1036,,,,,,,46183809,,,,,,1,,,Size,75x150,,1,,,,,,,,,,,,,,,,,,,,,,,,,,,,,,,,,,,,,,,,,,,,,,,,,,,,,,,,,,,,,P614U-70-140-E,,,,,,,,,,,,,,,,,,,
51853,variation,53612248,,BlÃ¤s Rug 600 Blue/Beige - 115x170,1,0,hidden,,BlÃ¤s Rug 600 Blue/Beige 115x170,,,taxable,parent,1,109,,0,0,,115,170,0.8,0,,,1436,,,,,,,46183809,,,,,,2,,,Size,115x170,,1,,,,,,,,,,,,,,,,,,,,,,,,,,,,,,,,,,,,,,,,,,,,,,,,,,,,,,,,,,,,,P614U-130-190-E,,,,,,,,,,,,,,,,,,,
51854,variation,53612247,,BlÃ¤s Rug 600 Blue/Beige - 155x230,1,0,hidden,,BlÃ¤s Rug 600 Blue/Beige 155x230,,,taxable,parent,1,14,,0,0,,155,230,0.8,0,,,2156,,,,,,,46183809,,,,,,3,,,Size,155x230,,1,,,,,,,,,,,,,,,,,,,,,,,,,,,,,,,,,,,,,,,,,,,,,,,,,,,,,,,,,,,,,P614U-170-240-E,,,,,,,,,,,,,,,,,,,
51855,variation,53612250,,BlÃ¤s Rug 600 Blue/Beige - 195x290,1,0,hidden,,BlÃ¤s Rug 600 Blue/Beige 195x290,,,taxable,parent,0,0,,0,0,,195,290,0.8,0,,,3116,,,,,,,46183809,,,,,,4,,,Size,195x290,,1,,,,,,,,,,,,,,,,,,,,,,,,,,,,,,,,,,,,,,,,,,,,,,,,,,,,,,,,,,,,,P614U-200-290-E,,,,,,,,,,,,,,,,,,,
51965,variable,46184105,,Sweden MalmÃ¶ Rug Silver,1,0,hidden,Sweden MalmÃ¶ Rug Silver ,Sweden MalmÃ¶ Rug Silver ,,,taxable,,1,,,0,0,,,,,1,,,,"Rugs > Modern, Rugs",,,"https://rugshop.eu/wp-content/uploads/2021/10/sweden-malmo-rug-silver.jpg, https://rugshop.eu/wp-content/uploads/2021/10/sweden-malmo-rug-silver-1.jpg, https://rugshop.eu/wp-content/uploads/2021/10/sweden-malmo-rug-silver-2.jpg, https://rugshop.eu/wp-content/uploads/2021/10/sweden-malmo-rug-silver-3.jpg, https://rugshop.eu/wp-content/uploads/2021/10/sweden-malmo-rug-silver-4.jpg, https://rugshop.eu/wp-content/uploads/2021/10/sweden-malmo-rug-silver-5.jpg, https://rugshop.eu/wp-content/uploads/2021/10/sweden-malmo-rug-silver-6.jpg, https://rugshop.eu/wp-content/uploads/2021/10/sweden-malmo-rug-silver-7.jpg, https://rugshop.eu/wp-content/uploads/2021/10/sweden-malmo-rug-silver-8.jpg, https://rugshop.eu/wp-content/uploads/2021/10/sweden-malmo-rug-silver-9.jpg, https://rugshop.eu/wp-content/uploads/2021/10/sweden-malmo-rug-silver-10.jpg, https://rugshop.eu/wp-content/uploads/2021/10/sweden-malmo-rug-silver-11.jpg, https://rugshop.eu/wp-content/uploads/2021/10/sweden-malmo-rug-silver-12.jpg, https://rugshop.eu/wp-content/uploads/2021/10/sweden-malmo-rug-silver-13.jpg, https://rugshop.eu/wp-content/uploads/2021/10/sweden-malmo-rug-silver-14.jpg, https://rugshop.eu/wp-content/uploads/2021/10/sweden-malmo-rug-silver-15.jpg, https://rugshop.eu/wp-content/uploads/2021/10/sweden-malmo-rug-silver-16.jpg, https://rugshop.eu/wp-content/uploads/2021/10/sweden-malmo-rug-silver-17.jpg, https://rugshop.eu/wp-content/uploads/2021/10/sweden-malmo-rug-silver-18.jpg, https://rugshop.eu/wp-content/uploads/2021/10/sweden-malmo-rug-silver-19.jpg",,,,,,,,,5118,,,Size,"120x170, 160x230, 200x290, 80x150",1,1,Brand,D-sign,1,1,Color,Yellow-Brown,1,1,Type of color,Multicolor,1,1,Shape,Rectangular,1,1,Material,Polypropylene,1,1,Type of rug,Modern,1,1,Weave,Machinemade,1,1,Country,Belgium,1,1,Age,New,1,1,,,,,,,,,,,,,,yes,,,,,,,,,,,,,,,,,,,,,,,,,,,,,,
51989,variation,55721948,,Sweden MalmÃ¶ Rug Silver - 80x150,1,0,hidden,,Sweden MalmÃ¶ Rug Silver 80x150,,,taxable,parent,0,0,,0,0,,80,150,0.5,0,,,876,,,,,,,46184105,,,,,,1,,,Size,80x150,,1,,,,,,,,,,,,,,,,,,,,,,,,,,,,,,,,,,,,,,,,,,,,,,,,,,,,,,,,,,,,,A7434-80-150,,,,,,,,,,,,,,,,,,,
51990,variation,55721950,,Sweden MalmÃ¶ Rug Silver - 120x170,1,0,hidden,,Sweden MalmÃ¶ Rug Silver 120x170,,,taxable,parent,1,3,,0,0,,120,170,0.5,0,,,1116,,,,,,,46184105,,,,,,2,,,Size,120x170,,1,,,,,,,,,,,,,,,,,,,,,,,,,,,,,,,,,,,,,,,,,,,,,,,,,,,,,,,,,,,,,A7434-120-170,,,,,,,,,,,,,,,,,,,
51991,variation,55721951,,Sweden MalmÃ¶ Rug Silver - 160x230,1,0,hidden,,Sweden MalmÃ¶ Rug Silver 160x230,,,taxable,parent,0,0,,0,0,,160,230,0.5,0,,,1516,,,,,,,46184105,,,,,,3,,,Size,160x230,,1,,,,,,,,,,,,,,,,,,,,,,,,,,,,,,,,,,,,,,,,,,,,,,,,,,,,,,,,,,,,,A7434-160-230,,,,,,,,,,,,,,,,,,,
51992,variation,55721953,,Sweden MalmÃ¶ Rug Silver - 200x290,1,0,hidden,,Sweden MalmÃ¶ Rug Silver 200x290,,,taxable,parent,0,0,,0,0,,200,290,0.5,0,,,2076,,,,,,,46184105,,,,,,4,,,Size,200x290,,1,,,,,,,,,,,,,,,,,,,,,,,,,,,,,,,,,,,,,,,,,,,,,,,,,,,,,,,,,,,,,A7434-200-290,,,,,,,,,,,,,,,,,,,
52075,variable,46184114,,Thailand Rangsit Rug RegnbÃ¥ge,1,0,hidden,Thailand Rangsit Rug RegnbÃ¥ge ,Thailand Rangsit Rug RegnbÃ¥ge ,,,taxable,,1,,,0,0,,,,,1,,,,"Rugs > Modern, Rugs",,,"https://rugshop.eu/wp-content/uploads/2021/10/thailand-rangsit-rug-regnbage.jpg, https://rugshop.eu/wp-content/uploads/2021/10/thailand-rangsit-rug-regnbage-1.jpg, https://rugshop.eu/wp-content/uploads/2021/10/thailand-rangsit-rug-regnbage-2.jpg, https://rugshop.eu/wp-content/uploads/2021/10/thailand-rangsit-rug-regnbage-3.jpg, https://rugshop.eu/wp-content/uploads/2021/10/thailand-rangsit-rug-regnbage-4.jpg, https://rugshop.eu/wp-content/uploads/2021/10/thailand-rangsit-rug-regnbage-5.jpg, https://rugshop.eu/wp-content/uploads/2021/10/thailand-rangsit-rug-regnbage-6.jpg, https://rugshop.eu/wp-content/uploads/2021/10/thailand-rangsit-rug-regnbage-7.jpg, https://rugshop.eu/wp-content/uploads/2021/10/thailand-rangsit-rug-regnbage-8.jpg, https://rugshop.eu/wp-content/uploads/2021/10/thailand-rangsit-rug-regnbage-9.jpg, https://rugshop.eu/wp-content/uploads/2021/10/thailand-rangsit-rug-regnbage-10.jpg, https://rugshop.eu/wp-content/uploads/2021/10/thailand-rangsit-rug-regnbage-11.jpg, https://rugshop.eu/wp-content/uploads/2021/10/thailand-rangsit-rug-regnbage-12.jpg, https://rugshop.eu/wp-content/uploads/2021/10/thailand-rangsit-rug-regnbage-13.jpg, https://rugshop.eu/wp-content/uploads/2021/10/thailand-rangsit-rug-regnbage-14.jpg, https://rugshop.eu/wp-content/uploads/2021/10/thailand-rangsit-rug-regnbage-15.jpg",,,,,,,,,5139,,,Size,"120x170, 160x230, 200x290, 80x150",1,1,Brand,D-sign,1,1,Color,"Green, Red",1,1,Type of color,Multicolor,1,1,Shape,Rectangular,1,1,Material,Polypropylene,1,1,Type of rug,Modern,1,1,Weave,Machinemade,1,1,Country,Turkey,1,1,Age,New,1,1,,,,,,,,,,,,,,yes,,,,,,,,,,,,,,,,,,,,,,,,,,,,,,
52098,variation,55722117,,Thailand Rangsit Rug RegnbÃ¥ge - 80x150,1,0,hidden,,Thailand Rangsit Rug RegnbÃ¥ge 80x150,,,taxable,parent,1,7,,0,0,,80,150,1.6,0,,,1116,,,,,,,46184114,,,,,,1,,,Size,80x150,,1,,,,,,,,,,,,,,,,,,,,,,,,,,,,,,,,,,,,,,,,,,,,,,,,,,,,,,,,,,,,,UCF8N-80-150,,,,,,,,,,,,,,,,,,,
52099,variation,55722118,,Thailand Rangsit Rug RegnbÃ¥ge - 120x170,1,0,hidden,,Thailand Rangsit Rug RegnbÃ¥ge 120x170,,,taxable,parent,0,0,,0,0,,120,170,1.6,0,,,1596,,,,,,,46184114,,,,,,2,,,Size,120x170,,1,,,,,,,,,,,,,,,,,,,,,,,,,,,,,,,,,,,,,,,,,,,,,,,,,,,,,,,,,,,,,UCF8N-120-170,,,,,,,,,,,,,,,,,,,
52100,variation,55722121,,Thailand Rangsit Rug RegnbÃ¥ge - 160x230,1,0,hidden,,Thailand Rangsit Rug RegnbÃ¥ge 160x230,,,taxable,parent,0,0,,0,0,,160,230,1.6,0,,,2396,,,,,,,46184114,,,,,,3,,,Size,160x230,,1,,,,,,,,,,,,,,,,,,,,,,,,,,,,,,,,,,,,,,,,,,,,,,,,,,,,,,,,,,,,,UCF8N-160-230,,,,,,,,,,,,,,,,,,,
52101,variation,55722119,,Thailand Rangsit Rug RegnbÃ¥ge - 200x290,1,0,hidden,,Thailand Rangsit Rug RegnbÃ¥ge 200x290,,,taxable,parent,0,0,,0,0,,200,290,1.6,0,,,3516,,,,,,,46184114,,,,,,4,,,Size,200x290,,1,,,,,,,,,,,,,,,,,,,,,,,,,,,,,,,,,,,,,,,,,,,,,,,,,,,,,,,,,,,,,UCF8N-200-290,,,,,,,,,,,,,,,,,,,
52156,simple,59984950,,D-sign Rug 1K0075 Taupe 40x60 cm,1,0,hidden,D-sign Rug 1K0075 Taupe 40x60 cm,D-sign Rug 1K0075 Taupe 40x60 cm,,,taxable,,1,6,,0,0,,40,60,4,0,,358,716,"Rugs > Modern, Rugs, Sale, Rugs > Shaggy",Sale,,"https://rugshop.eu/wp-content/uploads/2021/10/d-sign-rug-1k0075-taupe.jpg, https://rugshop.eu/wp-content/uploads/2021/10/d-sign-rug-1k0075-taupe-1.jpg, https://rugshop.eu/wp-content/uploads/2021/10/d-sign-rug-1k0075-taupe-2.jpg, https://rugshop.eu/wp-content/uploads/2021/10/d-sign-rug-1k0075-taupe-3.jpg",,,,,,,,,1885,,,Size,40x60,1,1,Brand,D-sign,1,1,Color,Yellow-Brown,1,1,Type of color,Singlecolor,1,1,Shape,Rectangular,1,1,Material,Polyester,1,1,Type of rug,"Modern, Rya / Shaggy",1,1,Weave,Machinemade,1,1,Country,China,1,1,Age,New,1,1,,,,,default,default,default,default,,,90,1,,,,,,,,,,,,,HIERH-40-60,,,,,,,,,,,,,,,,,,,
52161,simple,59984951,,D-sign Rug 1K0072 Champagne 40x60 cm,1,0,hidden,D-sign Rug 1K0072 Champagne 40x60 cm,D-sign Rug 1K0072 Champagne 40x60 cm,,,taxable,,1,8,,0,0,,40,60,4,0,,358,716,"Rugs > Modern, Rugs, Sale, Rugs > Shaggy",Sale,,"https://rugshop.eu/wp-content/uploads/2021/10/d-sign-rug-1k0072-champagne.jpg, https://rugshop.eu/wp-content/uploads/2021/10/d-sign-rug-1k0072-champagne-1.jpg, https://rugshop.eu/wp-content/uploads/2021/10/d-sign-rug-1k0072-champagne-2.jpg, https://rugshop.eu/wp-content/uploads/2021/10/d-sign-rug-1k0072-champagne-3.jpg",,,,,,,,,1882,,,Size,40x60,1,1,Brand,D-sign,1,1,Color,Yellow-Brown,1,1,Type of color,Singlecolor,1,1,Shape,Rectangular,1,1,Material,Polyester,1,1,Type of rug,"Modern, Rya / Shaggy",1,1,Weave,Machinemade,1,1,Country,China,1,1,Age,New,1,1,,,,,default,default,default,default,,,90,1,,,,,,,,,,,,,SI42V-40-60,,,,,,,,,,,,,,,,,,,
52169,simple,59984953,,D-sign Rug 1K0074 Powder pink 40x60 cm,1,0,hidden,D-sign Rug 1K0074 Powder pink 40x60 cm,D-sign Rug 1K0074 Powder pink 40x60 cm,,,taxable,,1,2,,0,0,,40,60,4,0,,1918,3836,"Rugs > Modern, Rugs, Sale, Rugs > Shaggy",Sale,,"https://rugshop.eu/wp-content/uploads/2021/10/d-sign-rug-1k0074-powder-pink.jpg, https://rugshop.eu/wp-content/uploads/2021/10/d-sign-rug-1k0074-powder-pink-1.jpg, https://rugshop.eu/wp-content/uploads/2021/10/d-sign-rug-1k0074-powder-pink-2.jpg",,,,,,,,,1884,,,Size,40x60,1,1,Brand,D-sign,1,1,Color,Pink-Purple,1,1,Type of color,Singlecolor,1,1,Shape,Rectangular,1,1,Material,Polyester,1,1,Type of rug,"Modern, Rya / Shaggy",1,1,Weave,Machinemade,1,1,Country,China,1,1,Age,New,1,1,,,,,default,default,default,default,,,90,1,,,,,,,,,,,,,7NP26-40-60,,,,,,,,,,,,,,,,,,,
52329,simple,59985702,,D-sign Rug 1K0295 Creme 60x90 cm,1,0,hidden,D-sign Rug 1K0295 Creme 60x90 cm,D-sign Rug 1K0295 Creme 60x90 cm,,,taxable,,1,2,,0,0,,60,90,2.3,0,,438,876,"Rugs > Modern, Rugs, Sale, Rugs > Shaggy",Sale,,"https://rugshop.eu/wp-content/uploads/2021/10/d-sign-rug-1k0295-creme.jpg, https://rugshop.eu/wp-content/uploads/2021/10/d-sign-rug-1k0295-creme-1.jpg, https://rugshop.eu/wp-content/uploads/2021/10/d-sign-rug-1k0295-creme-2.jpg, https://rugshop.eu/wp-content/uploads/2021/10/d-sign-rug-1k0295-creme-3.jpg",,,,,,,,,2083,,,Size,60x90,1,1,Brand,D-sign,1,1,Color,White-Beige,1,1,Type of color,Singlecolor,1,1,Shape,Other,1,1,Material,Polyester,1,1,Type of rug,"Modern, Rya / Shaggy",1,1,Weave,Machinemade,1,1,Country,China,1,1,Age,New,1,1,,,,,default,default,default,default,,,90,1,,,,,,,,,,,,classic-editor,W39DJ-60-90-O,,,,,,,,,,,,,,,,,,,
52334,simple,59985705,,D-sign Rug 1K0299 Taupe 60x90 cm,1,0,hidden,D-sign Rug 1K0299 Taupe 60x90 cm,D-sign Rug 1K0299 Taupe 60x90 cm,,,taxable,,1,16,,0,0,,60,90,2.3,0,,438,876,"Rugs > Modern, Rugs, Sale, Rugs > Shaggy",Sale,,"https://rugshop.eu/wp-content/uploads/2021/10/d-sign-rug-1k0299-taupe.jpg, https://rugshop.eu/wp-content/uploads/2021/10/d-sign-rug-1k0299-taupe-1.jpg, https://rugshop.eu/wp-content/uploads/2021/10/d-sign-rug-1k0299-taupe-2.jpg, https://rugshop.eu/wp-content/uploads/2021/10/d-sign-rug-1k0299-taupe-3.jpg",,,,,,,,,2086,,,Size,60x90,1,1,Brand,D-sign,1,1,Color,Yellow-Brown,1,1,Type of color,Singlecolor,1,1,Shape,Other,1,1,Material,Polyester,1,1,Type of rug,"Modern, Rya / Shaggy",1,1,Weave,Machinemade,1,1,Country,China,1,1,Age,New,1,1,,,,,default,default,default,default,,,90,1,,,,,,,,,,,,classic-editor,8J3VI-60-90-O,,,,,,,,,,,,,,,,,,,
52339,simple,59985706,,D-sign Rug 1K0296 Ivory 60x90 cm,1,0,hidden,D-sign Rug 1K0296 Ivory 60x90 cm,D-sign Rug 1K0296 Ivory 60x90 cm,,,taxable,,1,2,,0,0,,60,90,2.3,0,,438,876,"Rugs > Modern, Rugs, Sale, Rugs > Shaggy",Sale,,"https://rugshop.eu/wp-content/uploads/2021/10/d-sign-rug-1k0296-ivory.jpg, https://rugshop.eu/wp-content/uploads/2021/10/d-sign-rug-1k0296-ivory-1.jpg, https://rugshop.eu/wp-content/uploads/2021/10/d-sign-rug-1k0296-ivory-2.jpg, https://rugshop.eu/wp-content/uploads/2021/10/d-sign-rug-1k0296-ivory-3.jpg",,,,,,,,,2084,,,Size,60x90,1,1,Brand,D-sign,1,1,Color,White-Beige,1,1,Type of color,Singlecolor,1,1,Shape,Other,1,1,Material,Polyester,1,1,Type of rug,"Modern, Rya / Shaggy",1,1,Weave,Machinemade,1,1,Country,China,1,1,Age,New,1,1,,,,,default,default,default,default,,,90,1,,,,,,,,,,,,classic-editor,6HYRX-60-90-O,,,,,,,,,,,,,,,,,,,
52344,simple,59985707,,D-sign Rug 1K0298 Silver 60x90 cm,1,0,hidden,D-sign Rug 1K0298 Silver 60x90 cm,D-sign Rug 1K0298 Silver 60x90 cm,,,taxable,,1,3,,0,0,,60,90,2.3,0,,438,876,"Rugs > Modern, Rugs, Sale, Rugs > Shaggy",Sale,,"https://rugshop.eu/wp-content/uploads/2021/10/d-sign-rug-1k0298-silver.jpg, https://rugshop.eu/wp-content/uploads/2021/10/d-sign-rug-1k0298-silver-1.jpg, https://rugshop.eu/wp-content/uploads/2021/10/d-sign-rug-1k0298-silver-2.jpg, https://rugshop.eu/wp-content/uploads/2021/10/d-sign-rug-1k0298-silver-3.jpg",,,,,,,,,2085,,,Size,60x90,1,1,Brand,D-sign,1,1,Color,Black-Grey,1,1,Type of color,Singlecolor,1,1,Shape,Other,1,1,Material,Polyester,1,1,Type of rug,"Modern, Rya / Shaggy",1,1,Weave,Machinemade,1,1,Country,China,1,1,Age,New,1,1,,,,,default,default,default,default,,,90,1,,,,,,,,,,,,classic-editor,HVJZ8-60-90-O,,,,,,,,,,,,,,,,,,,
57024,variable,61322628-H,,D-sign  Artificial Grass 1P0005 Green,1,0,hidden,D-sign Rug 1P0005 Green,D-sign KonstgrÃ¤s 1P0005 Green,,,taxable,,1,,,0,0,,,,,0,,,,"Rugs > Artificial Grass, Rooms > Balcony, Rugs, Sale",Sale,,"https://rugshop.eu/wp-content/uploads/2021/11/artificial-grass-oryzon-golf-finished-sizes.jpg, https://rugshop.eu/wp-content/uploads/2021/11/artificial-grass-oryzon-golf-finished-sizes-1.jpg, https://rugshop.eu/wp-content/uploads/2021/11/artificial-grass-oryzon-golf-finished-sizes-2.jpg, https://rugshop.eu/wp-content/uploads/2021/11/artificial-grass-oryzon-golf-finished-sizes-3.jpg, https://rugshop.eu/wp-content/uploads/2021/11/artificial-grass-oryzon-golf-finished-sizes-4.jpg",,,,,,,,,295,,,Size,"100x200, 100x400, 120x200, 150x200, 150x400, 170x400, 200x200, 200x250, 200x300, 200x350, 200x400, 200x450, 200x500, 200x550, 200x600, 200x650, 200x700, 200x750, 200x800, 200x850, 200x900, 80x200",1,1,Brand,D-sign,1,1,Color,Green,1,1,Type of color,Singlecolor,1,1,Shape,"Rectangular, Square",1,1,Material,Polypropylene,1,1,Type of rug,Artificial grass,1,1,Weave,Machinemade,1,1,Country,Belgium,1,1,Age,New,1,1,,,,,default,default,default,default,,,,,,yes,,,,,,,,,,classic-editor,,,,,,,,,,,,,,,,,,,,
57037,variation,61322628,,D-sign  Artificial Grass 1P0005 Green - 80x200,1,0,hidden,,D-sign KonstgrÃ¤s 1P0005 Green 80x200,,,taxable,parent,1,1,,0,0,,200,80,1.3,0,,553,1105,,,,,,,61322628-H,,,,,,1,,,Size,80x200,,1,,,,,,,,,,,,,,,,,,,,,,,,,,,,,,,,,,,,,,,,,,,,,,,,,,,,,,,,,,,,,50461,,,,,,,,,,,,,,,,,,,
57038,variation,61322629,,D-sign  Artificial Grass 1P0005 Green - 100x200,1,0,hidden,,D-sign KonstgrÃ¤s 1P0005 Green 100x200,,,taxable,parent,0,0,,0,0,,200,100,1.2,0,,623,1245,,,,,,,61322628-H,,,,,,2,,,Size,100x200,,1,,,,,,,,,,,,,,,,,,,,,,,,,,,,,,,,,,,,,,,,,,,,,,,,,,,,,,,,,,,,,50443,,,,,,,,,,,,,,,,,,,
57039,variation,61322630,,D-sign  Artificial Grass 1P0005 Green - 100x400,1,0,hidden,,D-sign KonstgrÃ¤s 1P0005 Green 100x400,,,taxable,parent,0,0,,0,0,,400,100,1.2,0,,1008,2015,,,,,,,61322628-H,,,,,,3,,,Size,100x400,,1,,,,,,,,,,,,,,,,,,,,,,,,,,,,,,,,,,,,,,,,,,,,,,,,,,,,,,,,,,,,,50446,,,,,,,,,,,,,,,,,,,
57040,variation,61322631,,D-sign  Artificial Grass 1P0005 Green - 120x200,1,0,hidden,,D-sign KonstgrÃ¤s 1P0005 Green 120x200,,,taxable,parent,0,0,,0,0,,200,120,1.2,0,,703,1405,,,,,,,61322628-H,,,,,,4,,,Size,120x200,,1,,,,,,,,,,,,,,,,,,,,,,,,,,,,,,,,,,,,,,,,,,,,,,,,,,,,,,,,,,,,,50444,,,,,,,,,,,,,,,,,,,
57041,variation,61322634,,D-sign  Artificial Grass 1P0005 Green - 150x200,1,0,hidden,,D-sign KonstgrÃ¤s 1P0005 Green 150x200,,,taxable,parent,0,0,,0,0,,200,150,1.2,0,,818,1635,,,,,,,61322628-H,,,,,,5,,,Size,150x200,,1,,,,,,,,,,,,,,,,,,,,,,,,,,,,,,,,,,,,,,,,,,,,,,,,,,,,,,,,,,,,,50445,,,,,,,,,,,,,,,,,,,
57042,variation,61322637,,D-sign  Artificial Grass 1P0005 Green - 150x400,1,0,hidden,,D-sign KonstgrÃ¤s 1P0005 Green 150x400,,,taxable,parent,0,0,,0,0,,400,150,1.2,0,,1388,2775,,,,,,,61322628-H,,,,,,6,,,Size,150x400,,1,,,,,,,,,,,,,,,,,,,,,,,,,,,,,,,,,,,,,,,,,,,,,,,,,,,,,,,,,,,,,50448,,,,,,,,,,,,,,,,,,,
57043,variation,61322633,,D-sign  Artificial Grass 1P0005 Green - 170x400,1,0,hidden,,D-sign KonstgrÃ¤s 1P0005 Green 170x400,,,taxable,parent,0,0,,0,0,,400,170,1.2,0,,1543,3085,,,,,,,61322628-H,,,,,,7,,,Size,170x400,,1,,,,,,,,,,,,,,,,,,,,,,,,,,,,,,,,,,,,,,,,,,,,,,,,,,,,,,,,,,,,,78761,,,,,,,,,,,,,,,,,,,
57044,variation,61322635,,D-sign  Artificial Grass 1P0005 Green - 200x200,1,0,hidden,,D-sign KonstgrÃ¤s 1P0005 Green 200x200,,,taxable,parent,0,0,,0,0,,200,200,1.2,0,,1008,2015,,,,,,,61322628-H,,,,,,8,,,Size,200x200,,1,,,,,,,,,,,,,,,,,,,,,,,,,,,,,,,,,,,,,,,,,,,,,,,,,,,,,,,,,,,,,50447,,,,,,,,,,,,,,,,,,,
57045,variation,61322638,,D-sign  Artificial Grass 1P0005 Green - 200x400,1,0,hidden,,D-sign KonstgrÃ¤s 1P0005 Green 200x400,,,taxable,parent,0,0,,0,0,,400,200,1.2,0,,1833,3665,,,,,,,61322628-H,,,,,,9,,,Size,200x400,,1,,,,,,,,,,,,,,,,,,,,,,,,,,,,,,,,,,,,,,,,,,,,,,,,,,,,,,,,,,,,,50449,,,,,,,,,,,,,,,,,,,
57046,variation,61322639,,D-sign  Artificial Grass 1P0005 Green - 200x250,1,0,hidden,,D-sign KonstgrÃ¤s 1P0005 Green 200x250,,,taxable,parent,0,0,,0,0,,250,200,1.2,0,,1198,2395,,,,,,,61322628-H,,,,,,10,,,Size,200x250,,1,,,,,,,,,,,,,,,,,,,,,,,,,,,,,,,,,,,,,,,,,,,,,,,,,,,,,,,,,,,,,50450,,,,,,,,,,,,,,,,,,,
57047,variation,61322641,,D-sign  Artificial Grass 1P0005 Green - 200x300,1,0,hidden,,D-sign KonstgrÃ¤s 1P0005 Green 200x300,,,taxable,parent,0,0,,0,0,,300,200,1.2,0,,1388,2775,,,,,,,61322628-H,,,,,,11,,,Size,200x300,,1,,,,,,,,,,,,,,,,,,,,,,,,,,,,,,,,,,,,,,,,,,,,,,,,,,,,,,,,,,,,,50451,,,,,,,,,,,,,,,,,,,
57049,variation,61322632,,D-sign  Artificial Grass 1P0005 Green - 200x600,1,0,hidden,,D-sign KonstgrÃ¤s 1P0005 Green 200x600,,,taxable,parent,0,0,,0,0,,600,200,1.2,0,,2598,5195,,,,,,,61322628-H,,,,,,12,,,Size,200x600,,1,,,,,,,,,,,,,,,,,,,,,,,,,,,,,,,,,,,,,,,,,,,,,,,,,,,,,,,,,,,,,50452,,,,,,,,,,,,,,,,,,,
57050,variation,61322640,,D-sign  Artificial Grass 1P0005 Green - 200x350,1,0,hidden,,D-sign KonstgrÃ¤s 1P0005 Green 200x350,,,taxable,parent,0,0,,0,0,,350,200,1.2,0,,1643,3285,,,,,,,61322628-H,,,,,,13,,,Size,200x350,,1,,,,,,,,,,,,,,,,,,,,,,,,,,,,,,,,,,,,,,,,,,,,,,,,,,,,,,,,,,,,,50455,,,,,,,,,,,,,,,,,,,
57051,variation,61322636,,D-sign  Artificial Grass 1P0005 Green - 200x500,1,0,hidden,,D-sign KonstgrÃ¤s 1P0005 Green 200x500,,,taxable,parent,0,0,,0,0,,500,200,1.2,0,,2213,4425,,,,,,,61322628-H,,,,,,14,,,Size,200x500,,1,,,,,,,,,,,,,,,,,,,,,,,,,,,,,,,,,,,,,,,,,,,,,,,,,,,,,,,,,,,,,78711,,,,,,,,,,,,,,,,,,,
57052,variation,61322647,,D-sign  Artificial Grass 1P0005 Green - 200x450,1,0,hidden,,D-sign KonstgrÃ¤s 1P0005 Green 200x450,,,taxable,parent,0,0,,0,0,,450,200,1.2,0,,1963,3925,,,,,,,61322628-H,,,,,,15,,,Size,200x450,,1,,,,,,,,,,,,,,,,,,,,,,,,,,,,,,,,,,,,,,,,,,,,,,,,,,,,,,,,,,,,,131840,,,,,,,,,,,,,,,,,,,
57053,variation,61322645,,D-sign  Artificial Grass 1P0005 Green - 200x550,1,0,hidden,,D-sign KonstgrÃ¤s 1P0005 Green 200x550,,,taxable,parent,0,0,,0,0,,550,200,1.2,0,,2343,4685,,,,,,,61322628-H,,,,,,16,,,Size,200x550,,1,,,,,,,,,,,,,,,,,,,,,,,,,,,,,,,,,,,,,,,,,,,,,,,,,,,,,,,,,,,,,131841,,,,,,,,,,,,,,,,,,,
57054,variation,61322650,,D-sign  Artificial Grass 1P0005 Green - 200x650,1,0,hidden,,D-sign KonstgrÃ¤s 1P0005 Green 200x650,,,taxable,parent,0,0,,0,0,,650,200,1.2,0,,2723,5445,,,,,,,61322628-H,,,,,,17,,,Size,200x650,,1,,,,,,,,,,,,,,,,,,,,,,,,,,,,,,,,,,,,,,,,,,,,,,,,,,,,,,,,,,,,,131842,,,,,,,,,,,,,,,,,,,
57055,variation,61322651,,D-sign  Artificial Grass 1P0005 Green - 200x700,1,0,hidden,,D-sign KonstgrÃ¤s 1P0005 Green 200x700,,,taxable,parent,0,0,,0,0,,700,200,1.2,0,,2918,5835,,,,,,,61322628-H,,,,,,18,,,Size,200x700,,1,,,,,,,,,,,,,,,,,,,,,,,,,,,,,,,,,,,,,,,,,,,,,,,,,,,,,,,,,,,,,131843,,,,,,,,,,,,,,,,,,,
57056,variation,61322646,,D-sign  Artificial Grass 1P0005 Green - 200x750,1,0,hidden,,D-sign KonstgrÃ¤s 1P0005 Green 200x750,,,taxable,parent,0,0,,0,0,,750,200,1.2,0,,3108,6215,,,,,,,61322628-H,,,,,,19,,,Size,200x750,,1,,,,,,,,,,,,,,,,,,,,,,,,,,,,,,,,,,,,,,,,,,,,,,,,,,,,,,,,,,,,,131844,,,,,,,,,,,,,,,,,,,
57057,variation,61322652,,D-sign  Artificial Grass 1P0005 Green - 200x800,1,0,hidden,,D-sign KonstgrÃ¤s 1P0005 Green 200x800,,,taxable,parent,0,0,,0,0,,800,200,1.2,0,,3298,6595,,,,,,,61322628-H,,,,,,20,,,Size,200x800,,1,,,,,,,,,,,,,,,,,,,,,,,,,,,,,,,,,,,,,,,,,,,,,,,,,,,,,,,,,,,,,131845,,,,,,,,,,,,,,,,,,,
57058,variation,61322648,,D-sign  Artificial Grass 1P0005 Green - 200x850,1,0,hidden,,D-sign KonstgrÃ¤s 1P0005 Green 200x850,,,taxable,parent,0,0,,0,0,,850,200,1.2,0,,3488,6975,,,,,,,61322628-H,,,,,,21,,,Size,200x850,,1,,,,,,,,,,,,,,,,,,,,,,,,,,,,,,,,,,,,,,,,,,,,,,,,,,,,,,,,,,,,,131846,,,,,,,,,,,,,,,,,,,
57059,variation,61322644,,D-sign  Artificial Grass 1P0005 Green - 200x900,1,0,hidden,,D-sign KonstgrÃ¤s 1P0005 Green 200x900,,,taxable,parent,0,0,,0,0,,900,200,1.2,0,,3678,7355,,,,,,,61322628-H,,,,,,22,,,Size,200x900,,1,,,,,,,,,,,,,,,,,,,,,,,,,,,,,,,,,,,,,,,,,,,,,,,,,,,,,,,,,,,,,131847,,,,,,,,,,,,,,,,,,,
57079,variable,61322679-H,,D-sign  Artificial Grass 1P0007 Green,1,0,hidden,D-sign Rug 1P0007 Green,D-sign KonstgrÃ¤s 1P0007 Green,,,taxable,,1,,,0,0,,,,,0,,,,"Rugs > Artificial Grass, Rooms > Balcony, Rugs, Sale",Sale,,"https://rugshop.eu/wp-content/uploads/2021/11/artificial-grass-oryzon-wimbledon-finished-sizes.jpg, https://rugshop.eu/wp-content/uploads/2021/11/artificial-grass-oryzon-wimbledon-finished-sizes-1.jpg, https://rugshop.eu/wp-content/uploads/2021/11/artificial-grass-oryzon-wimbledon-finished-sizes-2.jpg, https://rugshop.eu/wp-content/uploads/2021/11/artificial-grass-oryzon-wimbledon-finished-sizes-3.jpg",,,,,,,,,297,,,Size,"100x200, 100x400, 120x200, 150x200, 150x400, 170x400, 200x200, 200x250, 200x300, 200x350, 200x400, 200x450, 200x500, 200x550, 200x600, 200x650, 200x700, 250x400, 300x400, 350x400, 80x200",1,1,Brand,D-sign,1,1,Color,Green,1,1,Type of color,Singlecolor,1,1,Shape,"Rectangular, Square",1,1,Material,Polyester,1,1,Type of rug,Artificial grass,1,1,Weave,Machinemade,1,1,Country,Belgium,1,1,Age,New,1,1,,,,,default,default,default,default,,,,,,yes,,,,,,,,,,classic-editor,,,,,,,,,,,,,,,,,,,,
57080,variable,61322700-H,,D-sign Artificial Grass 1P0008 Green,1,0,hidden,D-sign Rug 1P0008 Green,D-sign KonstgrÃ¤s 1P0008 Green,,,taxable,,1,,,0,0,,,,,0,,,,"Rugs > Artificial Grass, Rooms > Balcony, Rugs, Sale",Sale,,"https://rugshop.eu/wp-content/uploads/2021/11/artificial-grass-oryzon-erba-finished-sizes.jpg, https://rugshop.eu/wp-content/uploads/2021/11/artificial-grass-oryzon-erba-finished-sizes-1.jpg, https://rugshop.eu/wp-content/uploads/2021/11/artificial-grass-oryzon-erba-finished-sizes-2.jpg, https://rugshop.eu/wp-content/uploads/2021/11/artificial-grass-oryzon-erba-finished-sizes-3.jpg, https://rugshop.eu/wp-content/uploads/2021/11/artificial-grass-oryzon-erba-finished-sizes-4.jpg",,,,,,,,,298,,,Size,"100x200, 100x400, 120x200, 150x200, 150x400, 170x400, 200x200, 200x250, 200x300, 200x350, 200x400, 200x450, 200x500, 200x600, 250x400, 300x400, 350x400, 80x200",1,1,Brand,D-sign,1,1,Color,Green,1,1,Type of color,Singlecolor,1,1,Shape,"Rectangular, Square",1,1,Material,Polypropylene,1,1,Type of rug,Artificial grass,1,1,Weave,Machinemade,1,1,Country,Belgium,1,1,Age,New,1,1,,,,,default,default,default,default,,,,,,yes,,,,,,,,,,classic-editor,,,,,,,,,,,,,,,,,,,,
57088,variation,61322679,,D-sign  Artificial Grass 1P0007 Green - 80x200,1,0,hidden,,D-sign KonstgrÃ¤s 1P0007 Green 80x200,,,taxable,parent,1,31,,0,0,,200,80,2.2,0,,618,1235,,,,,,,61322679-H,,,,,,1,,,Size,80x200,,1,,,,,,,,,,,,,,,,,,,,,,,,,,,,,,,,,,,,,,,,,,,,,,,,,,,,,,,,,,,,,50775,,,,,,,,,,,,,,,,,,,
57089,variation,61322680,,D-sign  Artificial Grass 1P0007 Green - 100x200,1,0,hidden,,D-sign KonstgrÃ¤s 1P0007 Green 100x200,,,taxable,parent,1,24,,0,0,,200,100,2.2,0,,708,1415,,,,,,,61322679-H,,,,,,2,,,Size,100x200,,1,,,,,,,,,,,,,,,,,,,,,,,,,,,,,,,,,,,,,,,,,,,,,,,,,,,,,,,,,,,,,50776,,,,,,,,,,,,,,,,,,,
57090,variation,61322681,,D-sign  Artificial Grass 1P0007 Green - 100x400,1,0,hidden,,D-sign KonstgrÃ¤s 1P0007 Green 100x400,,,taxable,parent,1,2,,0,0,,200,120,2.2,0,,1173,2345,,,,,,,61322679-H,,,,,,3,,,Size,100x400,,1,,,,,,,,,,,,,,,,,,,,,,,,,,,,,,,,,,,,,,,,,,,,,,,,,,,,,,,,,,,,,50779,,,,,,,,,,,,,,,,,,,
57091,variation,61322686,,D-sign  Artificial Grass 1P0007 Green - 120x200,1,0,hidden,,D-sign KonstgrÃ¤s 1P0007 Green 120x200,,,taxable,parent,1,20,,0,0,,200,150,2.2,0,,803,1605,,,,,,,61322679-H,,,,,,4,,,Size,120x200,,1,,,,,,,,,,,,,,,,,,,,,,,,,,,,,,,,,,,,,,,,,,,,,,,,,,,,,,,,,,,,,50777,,,,,,,,,,,,,,,,,,,
57092,variation,61322685,,D-sign  Artificial Grass 1P0007 Green - 150x200,1,0,hidden,,D-sign KonstgrÃ¤s 1P0007 Green 150x200,,,taxable,parent,1,16,,0,0,,400,100,2.2,0,,943,1885,,,,,,,61322679-H,,,,,,5,,,Size,150x200,,1,,,,,,,,,,,,,,,,,,,,,,,,,,,,,,,,,,,,,,,,,,,,,,,,,,,,,,,,,,,,,50778,,,,,,,,,,,,,,,,,,,
57093,variation,61322684,,D-sign  Artificial Grass 1P0007 Green - 150x400,1,0,hidden,,D-sign KonstgrÃ¤s  1P0007 Green 150x400,,,taxable,parent,1,1,,0,0,,200,200,2.2,0,,1638,3275,,,,,,,61322679-H,,,,,,6,,,Size,150x400,,1,,,,,,,,,,,,,,,,,,,,,,,,,,,,,,,,,,,,,,,,,,,,,,,,,,,,,,,,,,,,,50781,,,,,,,,,,,,,,,,,,,
57094,variation,61322683,,D-sign  Artificial Grass 1P0007 Green - 170x400,1,0,hidden,,D-sign KonstgrÃ¤s 1P0007 Green 170x400,,,taxable,parent,1,1,,0,0,,400,150,2.2,0,,1883,3765,,,,,,,61322679-H,,,,,,7,,,Size,170x400,,1,,,,,,,,,,,,,,,,,,,,,,,,,,,,,,,,,,,,,,,,,,,,,,,,,,,,,,,,,,,,,78763,,,,,,,,,,,,,,,,,,,
57095,variation,61322682,,D-sign  Artificial Grass 1P0007 Green - 200x200,1,0,hidden,,D-sign KonstgrÃ¤s 1P0007 Green 200x200,,,taxable,parent,1,12,,0,0,,400,200,2.2,0,,1173,2345,,,,,,,61322679-H,,,,,,8,,,Size,200x200,,1,,,,,,,,,,,,,,,,,,,,,,,,,,,,,,,,,,,,,,,,,,,,,,,,,,,,,,,,,,,,,50780,,,,,,,,,,,,,,,,,,,
57096,variation,61322691,,D-sign  Artificial Grass 1P0007 Green - 200x400,1,0,hidden,,D-sign KonstgrÃ¤s 1P0007 Green 200x400,,,taxable,parent,1,7,,0,0,,250,200,2.2,0,,2163,4325,,,,,,,61322679-H,,,,,,9,,,Size,200x400,,1,,,,,,,,,,,,,,,,,,,,,,,,,,,,,,,,,,,,,,,,,,,,,,,,,,,,,,,,,,,,,50782,,,,,,,,,,,,,,,,,,,
57097,variation,61322696,,D-sign  Artificial Grass 1P0007 Green - 200x250,1,0,hidden,,D-sign KonstgrÃ¤s 1P0007 Green 200x250,,,taxable,parent,1,9,,0,0,,300,200,2.2,0,,1403,2805,,,,,,,61322679-H,,,,,,10,,,Size,200x250,,1,,,,,,,,,,,,,,,,,,,,,,,,,,,,,,,,,,,,,,,,,,,,,,,,,,,,,,,,,,,,,50783,,,,,,,,,,,,,,,,,,,
57098,variation,61322688,,D-sign  Artificial Grass 1P0007 Green - 200x300,1,0,hidden,,D-sign KonstgrÃ¤s 1P0007 Green 200x300,,,taxable,parent,1,8,,0,0,,600,200,2.2,0,,1638,3275,,,,,,,61322679-H,,,,,,11,,,Size,200x300,,1,,,,,,,,,,,,,,,,,,,,,,,,,,,,,,,,,,,,,,,,,,,,,,,,,,,,,,,,,,,,,50784,,,,,,,,,,,,,,,,,,,
57099,variation,61322694,,D-sign  Artificial Grass 1P0007 Green - 200x600,1,0,hidden,,D-sign KonstgrÃ¤s 1P0007 Green 200x600,,,taxable,parent,1,4,,0,0,,400,250,2.2,0,,3088,6175,,,,,,,61322679-H,,,,,,12,,,Size,200x600,,1,,,,,,,,,,,,,,,,,,,,,,,,,,,,,,,,,,,,,,,,,,,,,,,,,,,,,,,,,,,,,50785,,,,,,,,,,,,,,,,,,,
57100,variation,61322687,,D-sign  Artificial Grass 1P0007 Green - 200x350,1,0,hidden,,D-sign KonstgrÃ¤s 1P0007 Green 200x350,,,taxable,parent,1,7,,0,0,,400,300,2.2,0,,1928,3855,,,,,,,61322679-H,,,,,,13,,,Size,200x350,,1,,,,,,,,,,,,,,,,,,,,,,,,,,,,,,,,,,,,,,,,,,,,,,,,,,,,,,,,,,,,,50788,,,,,,,,,,,,,,,,,,,
57101,variation,61322695,,D-sign  Artificial Grass 1P0007 Green - 200x500,1,0,hidden,,D-sign KonstgrÃ¤s 1P0007 Green 200x500,,,taxable,parent,1,4,,0,0,,350,200,2.2,0,,2628,5255,,,,,,,61322679-H,,,,,,14,,,Size,200x500,,1,,,,,,,,,,,,,,,,,,,,,,,,,,,,,,,,,,,,,,,,,,,,,,,,,,,,,,,,,,,,,78709,,,,,,,,,,,,,,,,,,,
57102,variation,61322689,,D-sign  Artificial Grass 1P0007 Green - 200x450,1,0,hidden,,D-sign KonstgrÃ¤s 1P0007 Green 200x450,,,taxable,parent,1,5,,0,0,,400,350,2.2,0,,2333,4665,,,,,,,61322679-H,,,,,,15,,,Size,200x450,,1,,,,,,,,,,,,,,,,,,,,,,,,,,,,,,,,,,,,,,,,,,,,,,,,,,,,,,,,,,,,,131852,,,,,,,,,,,,,,,,,,,
57103,variation,61322690,,D-sign  Artificial Grass 1P0007 Green - 200x550,1,0,hidden,,D-sign KonstgrÃ¤s 1P0007 Green 200x550,,,taxable,parent,1,4,,0,0,,500,200,2.2,0,,2798,5595,,,,,,,61322679-H,,,,,,16,,,Size,200x550,,1,,,,,,,,,,,,,,,,,,,,,,,,,,,,,,,,,,,,,,,,,,,,,,,,,,,,,,,,,,,,,131853,,,,,,,,,,,,,,,,,,,
57104,variation,61322692,,D-sign  Artificial Grass 1P0007 Green - 200x650,1,0,hidden,,D-sign KonstgrÃ¤s 1P0007 Green 200x650,,,taxable,parent,1,3,,0,0,,400,170,2.2,0,,3258,6515,,,,,,,61322679-H,,,,,,17,,,Size,200x650,,1,,,,,,,,,,,,,,,,,,,,,,,,,,,,,,,,,,,,,,,,,,,,,,,,,,,,,,,,,,,,,131854,,,,,,,,,,,,,,,,,,,
57105,variation,61322693,,D-sign  Artificial Grass 1P0007 Green - 200x700,1,0,hidden,,D-sign KonstgrÃ¤s 1P0007 Green 200x700,,,taxable,parent,1,3,,0,0,,450,200,2.2,0,,3493,6985,,,,,,,61322679-H,,,,,,18,,,Size,200x700,,1,,,,,,,,,,,,,,,,,,,,,,,,,,,,,,,,,,,,,,,,,,,,,,,,,,,,,,,,,,,,,131855,,,,,,,,,,,,,,,,,,,
57106,variation,61322699,,D-sign  Artificial Grass 1P0007 Green - 250x400,1,0,hidden,,D-sign KonstgrÃ¤s 1P0007 Green 250x400,,,taxable,parent,1,1,,0,0,,550,200,2.2,0,,2933,5865,,,,,,,61322679-H,,,,,,19,,,Size,250x400,,1,,,,,,,,,,,,,,,,,,,,,,,,,,,,,,,,,,,,,,,,,,,,,,,,,,,,,,,,,,,,,50786,,,,,,,,,,,,,,,,,,,
57107,variation,61322701,,D-sign  Artificial Grass 1P0007 Green - 300x400,1,0,hidden,,D-sign KonstgrÃ¤s 1P0007 Green 300x400,,,taxable,parent,1,8,,0,0,,650,200,2.2,0,,4018,8035,,,,,,,61322679-H,,,,,,20,,,Size,300x400,,1,,,,,,,,,,,,,,,,,,,,,,,,,,,,,,,,,,,,,,,,,,,,,,,,,,,,,,,,,,,,,50787,,,,,,,,,,,,,,,,,,,
57108,variation,61322698,,D-sign  Artificial Grass 1P0007 Green - 350x400,1,0,hidden,,D-sign KonstgrÃ¤s 1P0007 Green 350x400,,,taxable,parent,0,0,,0,0,,700,200,2.2,0,,4483,8965,,,,,,,61322679-H,,,,,,21,,,Size,350x400,,1,,,,,,,,,,,,,,,,,,,,,,,,,,,,,,,,,,,,,,,,,,,,,,,,,,,,,,,,,,,,,50789,,,,,,,,,,,,,,,,,,,
57110,variable,61322724-H,,D-sign Rug 1P0009 Red,1,0,hidden,D-sign Rug 1P0009 Red,D-sign Rug 1P0009 Red,,,taxable,,1,,,0,0,,,,,1,,,,"Rugs, Sale, Rugs > Shaggy",Sale,,"https://rugshop.eu/wp-content/uploads/2021/11/artificial-grass-spring-red-any-size.jpg, https://rugshop.eu/wp-content/uploads/2021/11/artificial-grass-spring-red-any-size-1.jpg, https://rugshop.eu/wp-content/uploads/2021/11/artificial-grass-spring-red-any-size-2.jpg, https://rugshop.eu/wp-content/uploads/2021/11/artificial-grass-spring-red-any-size-3.jpg, https://rugshop.eu/wp-content/uploads/2021/11/artificial-grass-spring-red-any-size-4.jpg",,,,,,,,,2327,,,Size,"100x100, 100x200, 100x400, 150x200, 150x400, 170x400, 200x200, 200x250, 200x300, 200x350, 200x400, 200x500, 200x600",1,1,Brand,D-sign,1,1,Color,Red,1,1,Type of color,Singlecolor,1,1,Shape,"Rectangular, Square",1,1,Material,Polypropylene,1,1,Type of rug,Rya / Shaggy,1,1,Weave,Machinemade,1,1,Country,Belgium,1,1,Age,New,1,1,,,,,,,,,,,,,,yes,,,,,,,,,,classic-editor,,,,,,,,,,,,,,,,,,,,
57111,variation,61322700,,D-sign Artificial Grass 1P0008 Green - 80x200,1,0,hidden,,D-sign KonstgrÃ¤s 1P0008 Green 80x200,,,taxable,parent,1,33,,0,0,,200,100,2.3,0,,573,1145,,,,,,,61322700-H,,,,,,1,,,Size,80x200,,1,,,,,,,,,,,,,,,,,,,,,,,,,,,,,,,,,,,,,,,,,,,,,,,,,,,,,,,,,,,,,50816,,,,,,,,,,,,,,,,,,,
57112,variation,61322705,,D-sign Artificial Grass 1P0008 Green - 100x200,1,0,hidden,,D-sign KonstgrÃ¤s 1P0008 Green 100x200,,,taxable,parent,1,27,,0,0,,200,120,2.3,0,,628,1255,,,,,,,61322700-H,,,,,,2,,,Size,100x200,,1,,,,,,,,,,,,,,,,,,,,,,,,,,,,,,,,,,,,,,,,,,,,,,,,,,,,,,,,,,,,,50798,,,,,,,,,,,,,,,,,,,
57113,variation,61322707,,D-sign Artificial Grass 1P0008 Green - 100x400,1,0,hidden,,D-sign KonstgrÃ¤s 1P0008 Green 100x400,,,taxable,parent,1,23,,0,0,,200,150,2.3,0,,1008,2015,,,,,,,61322700-H,,,,,,3,,,Size,100x400,,1,,,,,,,,,,,,,,,,,,,,,,,,,,,,,,,,,,,,,,,,,,,,,,,,,,,,,,,,,,,,,50801,,,,,,,,,,,,,,,,,,,
57114,variation,61322706,,D-sign Artificial Grass 1P0008 Green - 120x200,1,0,hidden,,D-sign KonstgrÃ¤s 1P0008 Green 120x200,,,taxable,parent,1,20,,0,0,,400,100,2.3,0,,703,1405,,,,,,,61322700-H,,,,,,4,,,Size,120x200,,1,,,,,,,,,,,,,,,,,,,,,,,,,,,,,,,,,,,,,,,,,,,,,,,,,,,,,,,,,,,,,50799,,,,,,,,,,,,,,,,,,,
57115,variation,61322704,,D-sign Artificial Grass 1P0008 Green - 150x200,1,0,hidden,,D-sign KonstgrÃ¤s 1P0008 Green 150x200,,,taxable,parent,1,16,,0,0,,200,200,2.3,0,,818,1635,,,,,,,61322700-H,,,,,,5,,,Size,150x200,,1,,,,,,,,,,,,,,,,,,,,,,,,,,,,,,,,,,,,,,,,,,,,,,,,,,,,,,,,,,,,,50800,,,,,,,,,,,,,,,,,,,
57116,variation,61322708,,D-sign Artificial Grass 1P0008 Green - 150x400,1,0,hidden,,D-sign KonstgrÃ¤s 1P0008 Green 150x400,,,taxable,parent,1,15,,0,0,,400,150,2.3,0,,1388,2775,,,,,,,61322700-H,,,,,,6,,,Size,150x400,,1,,,,,,,,,,,,,,,,,,,,,,,,,,,,,,,,,,,,,,,,,,,,,,,,,,,,,,,,,,,,,50803,,,,,,,,,,,,,,,,,,,
57117,variation,61322703,,D-sign Artificial Grass 1P0008 Green - 170x400,1,0,hidden,,D-sign KonstgrÃ¤s 1P0008 Green 170x400,,,taxable,parent,1,13,,0,0,,400,200,2.3,0,,1683,3365,,,,,,,61322700-H,,,,,,7,,,Size,170x400,,1,,,,,,,,,,,,,,,,,,,,,,,,,,,,,,,,,,,,,,,,,,,,,,,,,,,,,,,,,,,,,78759,,,,,,,,,,,,,,,,,,,
57118,variation,61322712,,D-sign Artificial Grass 1P0008 Green - 200x200,1,0,hidden,,D-sign KonstgrÃ¤s 1P0008 Green 200x200,,,taxable,parent,1,12,,0,0,,250,200,2.3,0,,1008,2015,,,,,,,61322700-H,,,,,,8,,,Size,200x200,,1,,,,,,,,,,,,,,,,,,,,,,,,,,,,,,,,,,,,,,,,,,,,,,,,,,,,,,,,,,,,,50802,,,,,,,,,,,,,,,,,,,
57119,variation,61322715,,D-sign Artificial Grass 1P0008 Green - 200x400,1,0,hidden,,D-sign KonstgrÃ¤s 1P0008 Green 200x400,,,taxable,parent,1,17,,0,0,,300,200,2.3,0,,1833,3665,,,,,,,61322700-H,,,,,,9,,,Size,200x400,,1,,,,,,,,,,,,,,,,,,,,,,,,,,,,,,,,,,,,,,,,,,,,,,,,,,,,,,,,,,,,,50804,,,,,,,,,,,,,,,,,,,
57120,variation,61322713,,D-sign Artificial Grass 1P0008 Green - 200x250,1,0,hidden,,D-sign KonstgrÃ¤s 1P0008 Green 200x250,,,taxable,parent,1,10,,0,0,,600,200,2.3,0,,1198,2395,,,,,,,61322700-H,,,,,,10,,,Size,200x250,,1,,,,,,,,,,,,,,,,,,,,,,,,,,,,,,,,,,,,,,,,,,,,,,,,,,,,,,,,,,,,,50805,,,,,,,,,,,,,,,,,,,
57121,variation,61322716,,D-sign Artificial Grass 1P0008 Green - 200x300,1,0,hidden,,D-sign KonstgrÃ¤s 1P0008 Green 200x300,,,taxable,parent,1,8,,0,0,,400,250,2.3,0,,1388,2775,,,,,,,61322700-H,,,,,,11,,,Size,200x300,,1,,,,,,,,,,,,,,,,,,,,,,,,,,,,,,,,,,,,,,,,,,,,,,,,,,,,,,,,,,,,,50806,,,,,,,,,,,,,,,,,,,
57122,variation,61322717,,D-sign Artificial Grass 1P0008 Green - 200x600,1,0,hidden,,D-sign KonstgrÃ¤s 1P0008 Green 200x600,,,taxable,parent,1,4,,0,0,,400,300,2.3,0,,2598,5195,,,,,,,61322700-H,,,,,,12,,,Size,200x600,,1,,,,,,,,,,,,,,,,,,,,,,,,,,,,,,,,,,,,,,,,,,,,,,,,,,,,,,,,,,,,,50807,,,,,,,,,,,,,,,,,,,
57123,variation,61322714,,D-sign Artificial Grass 1P0008 Green - 200x350,1,0,hidden,,D-sign KonstgrÃ¤s 1P0008 Green 200x350,,,taxable,parent,1,7,,0,0,,350,200,2.3,0,,1643,3285,,,,,,,61322700-H,,,,,,13,,,Size,200x350,,1,,,,,,,,,,,,,,,,,,,,,,,,,,,,,,,,,,,,,,,,,,,,,,,,,,,,,,,,,,,,,50810,,,,,,,,,,,,,,,,,,,
57124,variation,61322719,,D-sign Artificial Grass 1P0008 Green - 200x500,1,0,hidden,,D-sign KonstgrÃ¤s 1P0008 Green 200x500,,,taxable,parent,1,5,,0,0,,400,350,2.3,0,,2333,4665,,,,,,,61322700-H,,,,,,14,,,Size,200x500,,1,,,,,,,,,,,,,,,,,,,,,,,,,,,,,,,,,,,,,,,,,,,,,,,,,,,,,,,,,,,,,78713,,,,,,,,,,,,,,,,,,,
57125,variation,61322720,,D-sign Artificial Grass 1P0008 Green - 200x450,1,0,hidden,,D-sign KonstgrÃ¤s 1P0008 Green 200x450,,,taxable,parent,1,5,,0,0,,200,80,2.3,0,,2068,4135,,,,,,,61322700-H,,,,,,15,,,Size,200x450,,1,,,,,,,,,,,,,,,,,,,,,,,,,,,,,,,,,,,,,,,,,,,,,,,,,,,,,,,,,,,,,131848,,,,,,,,,,,,,,,,,,,
57126,variation,61322718,,D-sign Artificial Grass 1P0008 Green - 250x400,1,0,hidden,,D-sign KonstgrÃ¤s 1P0008 Green 250x400,,,taxable,parent,1,9,,0,0,,500,200,2.3,0,,2523,5045,,,,,,,61322700-H,,,,,,16,,,Size,250x400,,1,,,,,,,,,,,,,,,,,,,,,,,,,,,,,,,,,,,,,,,,,,,,,,,,,,,,,,,,,,,,,50808,,,,,,,,,,,,,,,,,,,
57127,variation,61322721,,D-sign Artificial Grass 1P0008 Green - 300x400,1,0,hidden,,D-sign KonstgrÃ¤s 1P0008 Green 300x400,,,taxable,parent,1,7,,0,0,,400,170,2.3,0,,3523,7045,,,,,,,61322700-H,,,,,,17,,,Size,300x400,,1,,,,,,,,,,,,,,,,,,,,,,,,,,,,,,,,,,,,,,,,,,,,,,,,,,,,,,,,,,,,,50809,,,,,,,,,,,,,,,,,,,
57128,variation,61322723,,D-sign Artificial Grass 1P0008 Green - 350x400,1,0,hidden,,D-sign KonstgrÃ¤s 1P0008 Green 350x400,,,taxable,parent,1,6,,0,0,,450,200,2.3,0,,3908,7815,,,,,,,61322700-H,,,,,,18,,,Size,350x400,,1,,,,,,,,,,,,,,,,,,,,,,,,,,,,,,,,,,,,,,,,,,,,,,,,,,,,,,,,,,,,,50811,,,,,,,,,,,,,,,,,,,
57130,variation,61322724,,D-sign Rug 1P0009 Red - 100x200,1,0,hidden,,D-sign Rug 1P0009 Red 100x200,,,taxable,parent,1,1,,0,0,,200,150,0.7,0,,"592,5",1185,,,,,,,61322724-H,,,,,,1,,,Size,100x200,,1,,,,,,,,,,,,,,,,,,,,,,,,,,,,,,,,,,,,,,,,,,,,,,,,,,,,,,,,,,,,,53439,,,,,,,,,,,,,,,,,,,
57131,variation,61322726,,D-sign Rug 1P0009 Red - 100x400,1,0,hidden,,D-sign Rug 1P0009 Red 100x400,,,taxable,parent,0,0,,0,0,,200,200,0.7,0,,"937,5",1875,,,,,,,61322724-H,,,,,,2,,,Size,100x400,,1,,,,,,,,,,,,,,,,,,,,,,,,,,,,,,,,,,,,,,,,,,,,,,,,,,,,,,,,,,,,,58393,,,,,,,,,,,,,,,,,,,
57132,variation,61322731,,D-sign Rug 1P0009 Red - 100x100,1,0,hidden,,D-sign Rug 1P0009 Red 100x100,,,taxable,parent,1,2,,0,0,,250,200,0.7,0,,"417,5",835,,,,,,,61322724-H,,,,,,3,,,Size,100x100,,1,,,,,,,,,,,,,,,,,,,,,,,,,,,,,,,,,,,,,,,,,,,,,,,,,,,,,,,,,,,,,135552,,,,,,,,,,,,,,,,,,,
57133,variation,61322728,,D-sign Rug 1P0009 Red - 150x200,1,0,hidden,,D-sign Rug 1P0009 Red 150x200,,,taxable,parent,1,1,,0,0,,300,200,0.7,0,,"762,5",1525,,,,,,,61322724-H,,,,,,4,,,Size,150x200,,1,,,,,,,,,,,,,,,,,,,,,,,,,,,,,,,,,,,,,,,,,,,,,,,,,,,,,,,,,,,,,53432,,,,,,,,,,,,,,,,,,,
57134,variation,61322729,,D-sign Rug 1P0009 Red - 150x400,1,0,hidden,,D-sign Rug 1P0009 Red 150x400,,,taxable,parent,0,0,,0,0,,400,200,0.7,0,,"1282,5",2565,,,,,,,61322724-H,,,,,,5,,,Size,150x400,,1,,,,,,,,,,,,,,,,,,,,,,,,,,,,,,,,,,,,,,,,,,,,,,,,,,,,,,,,,,,,,58394,,,,,,,,,,,,,,,,,,,
57135,variation,61322732,,D-sign Rug 1P0009 Red - 170x400,1,0,hidden,,D-sign Rug 1P0009 Red 170x400,,,taxable,parent,0,0,,0,0,,200,100,0.7,0,,"1422,5",2845,,,,,,,61322724-H,,,,,,6,,,Size,170x400,,1,,,,,,,,,,,,,,,,,,,,,,,,,,,,,,,,,,,,,,,,,,,,,,,,,,,,,,,,,,,,,78756,,,,,,,,,,,,,,,,,,,
57136,variation,61322725,,D-sign Rug 1P0009 Red - 200x200,1,0,hidden,,D-sign Rug 1P0009 Red 200x200,,,taxable,parent,0,0,,0,0,,400,100,0.7,0,,"937,5",1875,,,,,,,61322724-H,,,,,,7,,,Size,200x200,,1,,,,,,,,,,,,,,,,,,,,,,,,,,,,,,,,,,,,,,,,,,,,,,,,,,,,,,,,,,,,,53433,,,,,,,,,,,,,,,,,,,
57137,variation,61322727,,D-sign Rug 1P0009 Red - 200x250,1,0,hidden,,D-sign Rug 1P0009 Red 200x250,,,taxable,parent,0,0,,0,0,,400,150,0.7,0,,"1112,5",2225,,,,,,,61322724-H,,,,,,8,,,Size,200x250,,1,,,,,,,,,,,,,,,,,,,,,,,,,,,,,,,,,,,,,,,,,,,,,,,,,,,,,,,,,,,,,53434,,,,,,,,,,,,,,,,,,,
57138,variation,61322730,,D-sign Rug 1P0009 Red - 200x300,1,0,hidden,,D-sign Rug 1P0009 Red 200x300,,,taxable,parent,0,0,,0,0,,350,200,0.7,0,,"1282,5",2565,,,,,,,61322724-H,,,,,,9,,,Size,200x300,,1,,,,,,,,,,,,,,,,,,,,,,,,,,,,,,,,,,,,,,,,,,,,,,,,,,,,,,,,,,,,,53435,,,,,,,,,,,,,,,,,,,
57139,variation,61322735,,D-sign Rug 1P0009 Red - 200x400,1,0,hidden,,D-sign Rug 1P0009 Red 200x400,,,taxable,parent,0,0,,0,0,,500,200,0.7,0,,"1632,5",3265,,,,,,,61322724-H,,,,,,10,,,Size,200x400,,1,,,,,,,,,,,,,,,,,,,,,,,,,,,,,,,,,,,,,,,,,,,,,,,,,,,,,,,,,,,,,53436,,,,,,,,,,,,,,,,,,,
57140,variation,61322734,,D-sign Rug 1P0009 Red - 200x350,1,0,hidden,,D-sign Rug 1P0009 Red 200x350,,,taxable,parent,0,0,,0,0,,600,200,0.7,0,,"1457,5",2915,,,,,,,61322724-H,,,,,,11,,,Size,200x350,,1,,,,,,,,,,,,,,,,,,,,,,,,,,,,,,,,,,,,,,,,,,,,,,,,,,,,,,,,,,,,,78715,,,,,,,,,,,,,,,,,,,
57146,variation,61322737,,D-sign Rug 1P0009 Red - 200x500,1,0,hidden,,D-sign Rug 1P0009 Red 200x500,,,taxable,parent,0,0,,0,0,,400,170,0.7,0,,"1977,5",3955,,,,,,,61322724-H,,,,,,12,,,Size,200x500,,1,,,,,,,,,,,,,,,,,,,,,,,,,,,,,,,,,,,,,,,,,,,,,,,,,,,,,,,,,,,,,78716,,,,,,,,,,,,,,,,,,,
57147,variation,61322739,,D-sign Rug 1P0009 Red - 200x600,1,0,hidden,,D-sign Rug 1P0009 Red 200x600,,,taxable,parent,0,0,,0,0,,100,100,0.7,0,,"2322,5",4645,,,,,,,61322724-H,,,,,,13,,,Size,200x600,,1,,,,,,,,,,,,,,,,,,,,,,,,,,,,,,,,,,,,,,,,,,,,,,,,,,,,,,,,,,,,,78717,,,,,,,,,,,,,,,,,,,
57185,variable,61322783-H,,D-sign Rug 1P0016 Blue,1,0,hidden,D-sign Rug 1P0016 Blue,D-sign Rug 1P0016 Blue,,,taxable,,1,,,0,0,,,,,1,,,,"Rugs, Sale, Rugs > Shaggy",Sale,,"https://rugshop.eu/wp-content/uploads/2021/11/artificial-grass-spring-blue-any-size.jpg, https://rugshop.eu/wp-content/uploads/2021/11/artificial-grass-spring-blue-any-size-1.jpg, https://rugshop.eu/wp-content/uploads/2021/11/artificial-grass-spring-blue-any-size-2.jpg, https://rugshop.eu/wp-content/uploads/2021/11/artificial-grass-spring-blue-any-size-3.jpg, https://rugshop.eu/wp-content/uploads/2021/11/artificial-grass-spring-blue-any-size-4.jpg",,,,,,,,,2338,,,Size,"100x100, 100x200, 100x400, 120x200, 150x200, 150x400, 170x200, 170x400, 200x200, 200x250, 200x300, 200x350, 200x400, 200x450, 200x500, 200x550, 200x600, 200x650, 200x700, 200x750, 200x800",1,1,Brand,D-sign,1,1,Color,Blue,1,1,Type of color,Singlecolor,1,1,Shape,"Rectangular, Square",1,1,Material,Polypropylene,1,1,Type of rug,Rya / Shaggy,1,1,Weave,Machinemade,1,1,Country,Belgium,1,1,Age,New,1,1,,,,,,,,,,,,,,yes,,,,,,,,,,classic-editor,,,,,,,,,,,,,,,,,,,,
57200,variable,61322812-H,,D-sign Rug 1P0017 Grey,1,0,hidden,D-sign Rug 1P0017 Grey,D-sign Rug 1P0017 Grey,,,taxable,,1,,,0,0,,,,,1,,,,"Rugs, Sale, Rugs > Shaggy",Sale,,"https://rugshop.eu/wp-content/uploads/2021/11/artificial-grass-spring-grey-any-size.jpg, https://rugshop.eu/wp-content/uploads/2021/11/artificial-grass-spring-grey-any-size-1.jpg, https://rugshop.eu/wp-content/uploads/2021/11/artificial-grass-spring-grey-any-size-2.jpg, https://rugshop.eu/wp-content/uploads/2021/11/artificial-grass-spring-grey-any-size-3.jpg, https://rugshop.eu/wp-content/uploads/2021/11/artificial-grass-spring-grey-any-size-4.jpg",,,,,,,,,2339,,,Size,"100x133, 100x200, 100x400, 133x133, 133x150, 133x200, 133x250, 133x300, 133x350, 133x400, 133x450, 133x500, 133x600, 150x200, 150x400, 170x400, 200x200, 200x250, 200x300, 200x350, 200x400, 200x500, 200x600",1,1,Brand,D-sign,1,1,Color,Black-Grey,1,1,Type of color,Singlecolor,1,1,Shape,"Rectangular, Square",1,1,Material,Polypropylene,1,1,Type of rug,Rya / Shaggy,1,1,Weave,Machinemade,1,1,Country,Belgium,1,1,Age,New,1,1,,,,,,,,,,,,,,yes,,,,,,,,,,classic-editor,,,,,,,,,,,,,,,,,,,,
57208,variation,61322783,,D-sign Rug 1P0016 Blue - 100x200,1,0,hidden,,D-sign Rug 1P0016 Blue 100x200,,,taxable,parent,1,34,,0,0,,200,100,0.7,0,,"417,5",835,,,,,,,61322783-H,,,,,,1,,,Size,100x200,,1,,,,,,,,,,,,,,,,,,,,,,,,,,,,,,,,,,,,,,,,,,,,,,,,,,,,,,,,,,,,,81565,,,,,,,,,,,,,,,,,,,
57209,variation,61322801,,D-sign Rug 1P0016 Blue - 100x400,1,0,hidden,,D-sign Rug 1P0016 Blue 100x400,,,taxable,parent,1,31,,0,0,,400,100,0.7,0,,"592,5",1185,,,,,,,61322783-H,,,,,,2,,,Size,100x400,,1,,,,,,,,,,,,,,,,,,,,,,,,,,,,,,,,,,,,,,,,,,,,,,,,,,,,,,,,,,,,,81574,,,,,,,,,,,,,,,,,,,
57210,variation,61322797,,D-sign Rug 1P0016 Blue - 100x100,1,0,hidden,,D-sign Rug 1P0016 Blue 100x100,,,taxable,parent,1,4,,0,0,,100,100,0.7,0,,"332,5",665,,,,,,,61322783-H,,,,,,3,,,Size,100x100,,1,,,,,,,,,,,,,,,,,,,,,,,,,,,,,,,,,,,,,,,,,,,,,,,,,,,,,,,,,,,,,135551,,,,,,,,,,,,,,,,,,,
57211,variation,61322798,,D-sign Rug 1P0016 Blue - 120x200,1,0,hidden,,D-sign Rug 1P0016 Blue 120x200,,,taxable,parent,1,27,,0,0,,200,120,0.7,0,,"452,5",905,,,,,,,61322783-H,,,,,,4,,,Size,120x200,,1,,,,,,,,,,,,,,,,,,,,,,,,,,,,,,,,,,,,,,,,,,,,,,,,,,,,,,,,,,,,,137228,,,,,,,,,,,,,,,,,,,
57212,variation,61322800,,D-sign Rug 1P0016 Blue - 150x200,1,0,hidden,,D-sign Rug 1P0016 Blue 150x200,,,taxable,parent,1,22,,0,0,,200,150,0.7,0,,"507,5",1015,,,,,,,61322783-H,,,,,,5,,,Size,150x200,,1,,,,,,,,,,,,,,,,,,,,,,,,,,,,,,,,,,,,,,,,,,,,,,,,,,,,,,,,,,,,,81566,,,,,,,,,,,,,,,,,,,
57213,variation,61322802,,D-sign Rug 1P0016 Blue - 150x400,1,0,hidden,,D-sign Rug 1P0016 Blue 150x400,,,taxable,parent,1,20,,0,0,,400,150,0.7,0,,"772,5",1545,,,,,,,61322783-H,,,,,,6,,,Size,150x400,,1,,,,,,,,,,,,,,,,,,,,,,,,,,,,,,,,,,,,,,,,,,,,,,,,,,,,,,,,,,,,,81575,,,,,,,,,,,,,,,,,,,
57214,variation,61322790,,D-sign Rug 1P0016 Blue - 170x400,1,0,hidden,,D-sign Rug 1P0016 Blue 170x400,,,taxable,parent,1,17,,0,0,,400,170,0.7,0,,"842,5",1685,,,,,,,61322783-H,,,,,,7,,,Size,170x400,,1,,,,,,,,,,,,,,,,,,,,,,,,,,,,,,,,,,,,,,,,,,,,,,,,,,,,,,,,,,,,,81577,,,,,,,,,,,,,,,,,,,
57215,variation,61322794,,D-sign Rug 1P0016 Blue - 170x200,1,0,hidden,,D-sign Rug 1P0016 Blue 170x200,,,taxable,parent,1,19,,0,0,,200,170,0.7,0,,"537,5",1075,,,,,,,61322783-H,,,,,,8,,,Size,170x200,,1,,,,,,,,,,,,,,,,,,,,,,,,,,,,,,,,,,,,,,,,,,,,,,,,,,,,,,,,,,,,,137229,,,,,,,,,,,,,,,,,,,
57216,variation,61322789,,D-sign Rug 1P0016 Blue - 200x200,1,0,hidden,,D-sign Rug 1P0016 Blue 200x200,,,taxable,parent,1,15,,0,0,,200,200,0.7,0,,"592,5",1185,,,,,,,61322783-H,,,,,,9,,,Size,200x200,,1,,,,,,,,,,,,,,,,,,,,,,,,,,,,,,,,,,,,,,,,,,,,,,,,,,,,,,,,,,,,,81567,,,,,,,,,,,,,,,,,,,
57217,variation,61322788,,D-sign Rug 1P0016 Blue - 200x250,1,0,hidden,,D-sign Rug 1P0016 Blue 200x250,,,taxable,parent,1,12,,0,0,,250,200,0.7,0,,"682,5",1365,,,,,,,61322783-H,,,,,,10,,,Size,200x250,,1,,,,,,,,,,,,,,,,,,,,,,,,,,,,,,,,,,,,,,,,,,,,,,,,,,,,,,,,,,,,,81568,,,,,,,,,,,,,,,,,,,
57218,variation,61322792,,D-sign Rug 1P0016 Blue - 200x300,1,0,hidden,,D-sign Rug 1P0016 Blue 200x300,,,taxable,parent,1,10,,0,0,,300,200,0.7,0,,"772,5",1545,,,,,,,61322783-H,,,,,,11,,,Size,200x300,,1,,,,,,,,,,,,,,,,,,,,,,,,,,,,,,,,,,,,,,,,,,,,,,,,,,,,,,,,,,,,,81569,,,,,,,,,,,,,,,,,,,
57219,variation,61322791,,D-sign Rug 1P0016 Blue - 200x350,1,0,hidden,,D-sign Rug 1P0016 Blue 200x350,,,taxable,parent,1,8,,0,0,,350,200,0.7,0,,"857,5",1715,,,,,,,61322783-H,,,,,,12,,,Size,200x350,,1,,,,,,,,,,,,,,,,,,,,,,,,,,,,,,,,,,,,,,,,,,,,,,,,,,,,,,,,,,,,,81570,,,,,,,,,,,,,,,,,,,
57220,variation,61322795,,D-sign Rug 1P0016 Blue - 200x400,1,0,hidden,,D-sign Rug 1P0016 Blue 200x400,,,taxable,parent,1,22,,0,0,,400,200,0.7,0,,"947,5",1895,,,,,,,61322783-H,,,,,,13,,,Size,200x400,,1,,,,,,,,,,,,,,,,,,,,,,,,,,,,,,,,,,,,,,,,,,,,,,,,,,,,,,,,,,,,,81571,,,,,,,,,,,,,,,,,,,
57221,variation,61322787,,D-sign Rug 1P0016 Blue - 200x500,1,0,hidden,,D-sign Rug 1P0016 Blue 200x500,,,taxable,parent,1,6,,0,0,,500,200,0.7,0,,"1122,5",2245,,,,,,,61322783-H,,,,,,14,,,Size,200x500,,1,,,,,,,,,,,,,,,,,,,,,,,,,,,,,,,,,,,,,,,,,,,,,,,,,,,,,,,,,,,,,81572,,,,,,,,,,,,,,,,,,,
57222,variation,61322793,,D-sign Rug 1P0016 Blue - 200x600,1,0,hidden,,D-sign Rug 1P0016 Blue 200x600,,,taxable,parent,1,5,,0,0,,600,200,0.7,0,,"1297,5",2595,,,,,,,61322783-H,,,,,,15,,,Size,200x600,,1,,,,,,,,,,,,,,,,,,,,,,,,,,,,,,,,,,,,,,,,,,,,,,,,,,,,,,,,,,,,,81573,,,,,,,,,,,,,,,,,,,
57223,variation,61322796,,D-sign Rug 1P0016 Blue - 200x450,1,0,hidden,,D-sign Rug 1P0016 Blue 200x450,,,taxable,parent,1,6,,0,0,,450,200,0.7,0,,"1022,5",2045,,,,,,,61322783-H,,,,,,16,,,Size,200x450,,1,,,,,,,,,,,,,,,,,,,,,,,,,,,,,,,,,,,,,,,,,,,,,,,,,,,,,,,,,,,,,137230,,,,,,,,,,,,,,,,,,,
57224,variation,61322809,,D-sign Rug 1P0016 Blue - 200x550,1,0,hidden,,D-sign Rug 1P0016 Blue 200x550,,,taxable,parent,1,5,,0,0,,550,200,0.7,0,,"1197,5",2395,,,,,,,61322783-H,,,,,,17,,,Size,200x550,,1,,,,,,,,,,,,,,,,,,,,,,,,,,,,,,,,,,,,,,,,,,,,,,,,,,,,,,,,,,,,,137231,,,,,,,,,,,,,,,,,,,
57225,variation,61322808,,D-sign Rug 1P0016 Blue - 200x650,1,0,hidden,,D-sign Rug 1P0016 Blue 200x650,,,taxable,parent,1,4,,0,0,,650,200,0.7,0,,"1372,5",2745,,,,,,,61322783-H,,,,,,18,,,Size,200x650,,1,,,,,,,,,,,,,,,,,,,,,,,,,,,,,,,,,,,,,,,,,,,,,,,,,,,,,,,,,,,,,137232,,,,,,,,,,,,,,,,,,,
57226,variation,61322807,,D-sign Rug 1P0016 Blue - 200x700,1,0,hidden,,D-sign Rug 1P0016 Blue 200x700,,,taxable,parent,1,4,,0,0,,700,200,0.7,0,,"1457,5",2915,,,,,,,61322783-H,,,,,,19,,,Size,200x700,,1,,,,,,,,,,,,,,,,,,,,,,,,,,,,,,,,,,,,,,,,,,,,,,,,,,,,,,,,,,,,,137233,,,,,,,,,,,,,,,,,,,
57227,variation,61322811,,D-sign Rug 1P0016 Blue - 200x750,1,0,hidden,,D-sign Rug 1P0016 Blue 200x750,,,taxable,parent,1,4,,0,0,,750,200,0.7,0,,"1542,5",3085,,,,,,,61322783-H,,,,,,20,,,Size,200x750,,1,,,,,,,,,,,,,,,,,,,,,,,,,,,,,,,,,,,,,,,,,,,,,,,,,,,,,,,,,,,,,137234,,,,,,,,,,,,,,,,,,,
57228,variation,61322810,,D-sign Rug 1P0016 Blue - 200x800,1,0,hidden,,D-sign Rug 1P0016 Blue 200x800,,,taxable,parent,1,3,,0,0,,800,200,0.7,0,,"1632,5",3265,,,,,,,61322783-H,,,,,,21,,,Size,200x800,,1,,,,,,,,,,,,,,,,,,,,,,,,,,,,,,,,,,,,,,,,,,,,,,,,,,,,,,,,,,,,,137235,,,,,,,,,,,,,,,,,,,
57230,variable,61322837-H,,D-sign Rug 1P0018 Black,1,0,hidden,D-sign Rug 1P0018 Black,D-sign Rug 1P0018 Black,,,taxable,,1,,,0,0,,,,,1,,,,"Rugs, Sale, Rugs > Shaggy",Sale,,"https://rugshop.eu/wp-content/uploads/2021/11/artificial-grass-spring-black-any-size.jpg, https://rugshop.eu/wp-content/uploads/2021/11/artificial-grass-spring-black-any-size-1.jpg, https://rugshop.eu/wp-content/uploads/2021/11/artificial-grass-spring-black-any-size-2.jpg, https://rugshop.eu/wp-content/uploads/2021/11/artificial-grass-spring-black-any-size-3.jpg, https://rugshop.eu/wp-content/uploads/2021/11/artificial-grass-spring-black-any-size-4.jpg",,,,,,,,,2340,,,Size,"100x200, 100x400, 150x200, 150x400, 170x400, 200x200, 200x250, 200x300, 200x350, 200x400, 200x500, 200x600",1,1,Brand,D-sign,1,1,Color,Black-Grey,1,1,Type of color,Singlecolor,1,1,Shape,"Rectangular, Square",1,1,Material,Polypropylene,1,1,Type of rug,Rya / Shaggy,1,1,Weave,Machinemade,1,1,Country,Belgium,1,1,Age,New,1,1,,,,,,,,,,,,,,yes,,,,,,,,,,classic-editor,,,,,,,,,,,,,,,,,,,,
57231,variation,61322812,,D-sign Rug 1P0017 Grey - 100x200,1,0,hidden,,D-sign Rug 1P0017 Grey 100x200,,,taxable,parent,1,32,,0,0,,200,100,0.7,0,,"417,5",835,,,,,,,61322812-H,,,,,,1,,,Size,100x200,,1,,,,,,,,,,,,,,,,,,,,,,,,,,,,,,,,,,,,,,,,,,,,,,,,,,,,,,,,,,,,,81609,,,,,,,,,,,,,,,,,,,
57232,variation,61322816,,D-sign Rug 1P0017 Grey - 100x400,1,0,hidden,,D-sign Rug 1P0017 Grey 100x400,,,taxable,parent,1,32,,0,0,,400,100,0.7,0,,"592,5",1185,,,,,,,61322812-H,,,,,,2,,,Size,100x400,,1,,,,,,,,,,,,,,,,,,,,,,,,,,,,,,,,,,,,,,,,,,,,,,,,,,,,,,,,,,,,,81618,,,,,,,,,,,,,,,,,,,
57233,variation,61322817,,D-sign Rug 1P0017 Grey - 100x133,1,0,hidden,,D-sign Rug 1P0017 Grey 100x133,,,taxable,parent,1,1,,0,0,,133,100,0.7,0,,"362,5",725,,,,,,,61322812-H,,,,,,3,,,Size,100x133,,1,,,,,,,,,,,,,,,,,,,,,,,,,,,,,,,,,,,,,,,,,,,,,,,,,,,,,,,,,,,,,102445,,,,,,,,,,,,,,,,,,,
57234,variation,61322815,,D-sign Rug 1P0017 Grey - 133x133,1,0,hidden,,D-sign Rug 1P0017 Grey 133x133,,,taxable,parent,1,1,,0,0,,133,133,0.7,0,,"402,5",805,,,,,,,61322812-H,,,,,,4,,,Size,133x133,,1,,,,,,,,,,,,,,,,,,,,,,,,,,,,,,,,,,,,,,,,,,,,,,,,,,,,,,,,,,,,,102446,,,,,,,,,,,,,,,,,,,
57235,variation,61322814,,D-sign Rug 1P0017 Grey - 133x150,1,0,hidden,,D-sign Rug 1P0017 Grey 133x150,,,taxable,parent,1,1,,0,0,,150,133,0.7,0,,"422,5",845,,,,,,,61322812-H,,,,,,5,,,Size,133x150,,1,,,,,,,,,,,,,,,,,,,,,,,,,,,,,,,,,,,,,,,,,,,,,,,,,,,,,,,,,,,,,102447,,,,,,,,,,,,,,,,,,,
57236,variation,61322819,,D-sign Rug 1P0017 Grey - 133x200,1,0,hidden,,D-sign Rug 1P0017 Grey 133x200,,,taxable,parent,0,0,,0,0,,200,133,0.7,0,,"477,5",955,,,,,,,61322812-H,,,,,,6,,,Size,133x200,,1,,,,,,,,,,,,,,,,,,,,,,,,,,,,,,,,,,,,,,,,,,,,,,,,,,,,,,,,,,,,,102448,,,,,,,,,,,,,,,,,,,
57237,variation,61322821,,D-sign Rug 1P0017 Grey - 133x250,1,0,hidden,,D-sign Rug 1P0017 Grey 133x250,,,taxable,parent,0,0,,0,0,,250,133,0.7,0,,"537,5",1075,,,,,,,61322812-H,,,,,,7,,,Size,133x250,,1,,,,,,,,,,,,,,,,,,,,,,,,,,,,,,,,,,,,,,,,,,,,,,,,,,,,,,,,,,,,,102449,,,,,,,,,,,,,,,,,,,
57238,variation,61322820,,D-sign Rug 1P0017 Grey - 133x300,1,0,hidden,,D-sign Rug 1P0017 Grey 133x300,,,taxable,parent,0,0,,0,0,,300,133,0.7,0,,"592,5",1185,,,,,,,61322812-H,,,,,,8,,,Size,133x300,,1,,,,,,,,,,,,,,,,,,,,,,,,,,,,,,,,,,,,,,,,,,,,,,,,,,,,,,,,,,,,,102450,,,,,,,,,,,,,,,,,,,
57239,variation,61322824,,D-sign Rug 1P0017 Grey - 133x350,1,0,hidden,,D-sign Rug 1P0017 Grey 133x350,,,taxable,parent,0,0,,0,0,,350,133,0.7,0,,"652,5",1305,,,,,,,61322812-H,,,,,,9,,,Size,133x350,,1,,,,,,,,,,,,,,,,,,,,,,,,,,,,,,,,,,,,,,,,,,,,,,,,,,,,,,,,,,,,,102451,,,,,,,,,,,,,,,,,,,
57240,variation,61322826,,D-sign Rug 1P0017 Grey - 133x400,1,0,hidden,,D-sign Rug 1P0017 Grey 133x400,,,taxable,parent,0,0,,0,0,,400,133,0.7,0,,"712,5",1425,,,,,,,61322812-H,,,,,,10,,,Size,133x400,,1,,,,,,,,,,,,,,,,,,,,,,,,,,,,,,,,,,,,,,,,,,,,,,,,,,,,,,,,,,,,,102452,,,,,,,,,,,,,,,,,,,
57241,variation,61322828,,D-sign Rug 1P0017 Grey - 133x450,1,0,hidden,,D-sign Rug 1P0017 Grey 133x450,,,taxable,parent,0,0,,0,0,,450,133,0.7,0,,"772,5",1545,,,,,,,61322812-H,,,,,,11,,,Size,133x450,,1,,,,,,,,,,,,,,,,,,,,,,,,,,,,,,,,,,,,,,,,,,,,,,,,,,,,,,,,,,,,,102453,,,,,,,,,,,,,,,,,,,
57242,variation,61322823,,D-sign Rug 1P0017 Grey - 133x500,1,0,hidden,,D-sign Rug 1P0017 Grey 133x500,,,taxable,parent,0,0,,0,0,,500,133,0.7,0,,"827,5",1655,,,,,,,61322812-H,,,,,,12,,,Size,133x500,,1,,,,,,,,,,,,,,,,,,,,,,,,,,,,,,,,,,,,,,,,,,,,,,,,,,,,,,,,,,,,,102454,,,,,,,,,,,,,,,,,,,
57243,variation,61322822,,D-sign Rug 1P0017 Grey - 133x600,1,0,hidden,,D-sign Rug 1P0017 Grey 133x600,,,taxable,parent,0,0,,0,0,,600,133,0.7,0,,"947,5",1895,,,,,,,61322812-H,,,,,,13,,,Size,133x600,,1,,,,,,,,,,,,,,,,,,,,,,,,,,,,,,,,,,,,,,,,,,,,,,,,,,,,,,,,,,,,,102455,,,,,,,,,,,,,,,,,,,
57244,variation,61322825,,D-sign Rug 1P0017 Grey - 150x200,1,0,hidden,,D-sign Rug 1P0017 Grey 150x200,,,taxable,parent,1,22,,0,0,,200,150,0.7,0,,"507,5",1015,,,,,,,61322812-H,,,,,,14,,,Size,150x200,,1,,,,,,,,,,,,,,,,,,,,,,,,,,,,,,,,,,,,,,,,,,,,,,,,,,,,,,,,,,,,,81610,,,,,,,,,,,,,,,,,,,
57245,variation,61322827,,D-sign Rug 1P0017 Grey - 150x400,1,0,hidden,,D-sign Rug 1P0017 Grey 150x400,,,taxable,parent,1,21,,0,0,,400,150,0.7,0,,"772,5",1545,,,,,,,61322812-H,,,,,,15,,,Size,150x400,,1,,,,,,,,,,,,,,,,,,,,,,,,,,,,,,,,,,,,,,,,,,,,,,,,,,,,,,,,,,,,,81619,,,,,,,,,,,,,,,,,,,
57246,variation,61322831,,D-sign Rug 1P0017 Grey - 170x400,1,0,hidden,,D-sign Rug 1P0017 Grey 170x400,,,taxable,parent,1,18,,0,0,,400,170,0.7,0,,"842,5",1685,,,,,,,61322812-H,,,,,,16,,,Size,170x400,,1,,,,,,,,,,,,,,,,,,,,,,,,,,,,,,,,,,,,,,,,,,,,,,,,,,,,,,,,,,,,,81620,,,,,,,,,,,,,,,,,,,
57247,variation,61322832,,D-sign Rug 1P0017 Grey - 200x200,1,0,hidden,,D-sign Rug 1P0017 Grey 200x200,,,taxable,parent,1,17,,0,0,,200,200,0.7,0,,"592,5",1185,,,,,,,61322812-H,,,,,,17,,,Size,200x200,,1,,,,,,,,,,,,,,,,,,,,,,,,,,,,,,,,,,,,,,,,,,,,,,,,,,,,,,,,,,,,,81611,,,,,,,,,,,,,,,,,,,
57248,variation,61322829,,D-sign Rug 1P0017 Grey - 200x250,1,0,hidden,,D-sign Rug 1P0017 Grey 200x250,,,taxable,parent,1,13,,0,0,,250,200,0.7,0,,"682,5",1365,,,,,,,61322812-H,,,,,,18,,,Size,200x250,,1,,,,,,,,,,,,,,,,,,,,,,,,,,,,,,,,,,,,,,,,,,,,,,,,,,,,,,,,,,,,,81612,,,,,,,,,,,,,,,,,,,
57249,variation,61322836,,D-sign Rug 1P0017 Grey - 200x300,1,0,hidden,,D-sign Rug 1P0017 Grey 200x300,,,taxable,parent,1,12,,0,0,,300,200,0.7,0,,"772,5",1545,,,,,,,61322812-H,,,,,,19,,,Size,200x300,,1,,,,,,,,,,,,,,,,,,,,,,,,,,,,,,,,,,,,,,,,,,,,,,,,,,,,,,,,,,,,,81613,,,,,,,,,,,,,,,,,,,
57250,variation,61322834,,D-sign Rug 1P0017 Grey - 200x350,1,0,hidden,,D-sign Rug 1P0017 Grey 200x350,,,taxable,parent,1,8,,0,0,,350,200,0.7,0,,"857,5",1715,,,,,,,61322812-H,,,,,,20,,,Size,200x350,,1,,,,,,,,,,,,,,,,,,,,,,,,,,,,,,,,,,,,,,,,,,,,,,,,,,,,,,,,,,,,,81614,,,,,,,,,,,,,,,,,,,
57251,variation,61322835,,D-sign Rug 1P0017 Grey - 200x400,1,0,hidden,,D-sign Rug 1P0017 Grey 200x400,,,taxable,parent,1,23,,0,0,,400,200,0.7,0,,"947,5",1895,,,,,,,61322812-H,,,,,,21,,,Size,200x400,,1,,,,,,,,,,,,,,,,,,,,,,,,,,,,,,,,,,,,,,,,,,,,,,,,,,,,,,,,,,,,,81615,,,,,,,,,,,,,,,,,,,
57252,variation,61322830,,D-sign Rug 1P0017 Grey - 200x500,1,0,hidden,,D-sign Rug 1P0017 Grey 200x500,,,taxable,parent,1,6,,0,0,,500,200,0.7,0,,"1122,5",2245,,,,,,,61322812-H,,,,,,22,,,Size,200x500,,1,,,,,,,,,,,,,,,,,,,,,,,,,,,,,,,,,,,,,,,,,,,,,,,,,,,,,,,,,,,,,81616,,,,,,,,,,,,,,,,,,,
57253,variation,61322833,,D-sign Rug 1P0017 Grey - 200x600,1,0,hidden,,D-sign Rug 1P0017 Grey 200x600,,,taxable,parent,1,5,,0,0,,600,200,0.7,0,,"1297,5",2595,,,,,,,61322812-H,,,,,,23,,,Size,200x600,,1,,,,,,,,,,,,,,,,,,,,,,,,,,,,,,,,,,,,,,,,,,,,,,,,,,,,,,,,,,,,,81617,,,,,,,,,,,,,,,,,,,
57255,variation,61322837,,D-sign Rug 1P0018 Black - 100x200,1,0,hidden,,D-sign Rug 1P0018 Black 100x200,,,taxable,parent,1,11,,0,0,,200,100,0.7,0,,"562,5",1125,,,,,,,61322837-H,,,,,,1,,,Size,100x200,,1,,,,,,,,,,,,,,,,,,,,,,,,,,,,,,,,,,,,,,,,,,,,,,,,,,,,,,,,,,,,,81651,,,,,,,,,,,,,,,,,,,
57256,variation,61322838,,D-sign Rug 1P0018 Black - 100x400,1,0,hidden,,D-sign Rug 1P0018 Black 100x400,,,taxable,parent,1,30,,0,0,,400,100,0.7,0,,"877,5",1755,,,,,,,61322837-H,,,,,,2,,,Size,100x400,,1,,,,,,,,,,,,,,,,,,,,,,,,,,,,,,,,,,,,,,,,,,,,,,,,,,,,,,,,,,,,,81660,,,,,,,,,,,,,,,,,,,
57257,variation,61322840,,D-sign Rug 1P0018 Black - 150x200,1,0,hidden,,D-sign Rug 1P0018 Black 150x200,,,taxable,parent,1,6,,0,0,,200,150,0.7,0,,"722,5",1445,,,,,,,61322837-H,,,,,,3,,,Size,150x200,,1,,,,,,,,,,,,,,,,,,,,,,,,,,,,,,,,,,,,,,,,,,,,,,,,,,,,,,,,,,,,,81652,,,,,,,,,,,,,,,,,,,
57258,variation,61322845,,D-sign Rug 1P0018 Black - 150x400,1,0,hidden,,D-sign Rug 1P0018 Black 150x400,,,taxable,parent,1,20,,0,0,,400,150,0.7,0,,"1197,5",2395,,,,,,,61322837-H,,,,,,4,,,Size,150x400,,1,,,,,,,,,,,,,,,,,,,,,,,,,,,,,,,,,,,,,,,,,,,,,,,,,,,,,,,,,,,,,81661,,,,,,,,,,,,,,,,,,,
57259,variation,61322846,,D-sign Rug 1P0018 Black - 170x400,1,0,hidden,,D-sign Rug 1P0018 Black 170x400,,,taxable,parent,1,17,,0,0,,400,170,0.7,0,,"1322,5",2645,,,,,,,61322837-H,,,,,,5,,,Size,170x400,,1,,,,,,,,,,,,,,,,,,,,,,,,,,,,,,,,,,,,,,,,,,,,,,,,,,,,,,,,,,,,,81662,,,,,,,,,,,,,,,,,,,
57260,variation,61322843,,D-sign Rug 1P0018 Black - 200x200,1,0,hidden,,D-sign Rug 1P0018 Black 200x200,,,taxable,parent,1,5,,0,0,,200,200,0.7,0,,"877,5",1755,,,,,,,61322837-H,,,,,,6,,,Size,200x200,,1,,,,,,,,,,,,,,,,,,,,,,,,,,,,,,,,,,,,,,,,,,,,,,,,,,,,,,,,,,,,,81653,,,,,,,,,,,,,,,,,,,
57261,variable,61322849-H,,D-sign Rug 1P0019 White,1,0,hidden,D-sign Rug 1P0019 White,D-sign Rug 1P0019 White,,,taxable,,1,,,0,0,,,,,1,,,,"Rugs, Sale, Rugs > Shaggy",Sale,,"https://rugshop.eu/wp-content/uploads/2021/11/artificial-grass-spring-white-any-size.jpg, https://rugshop.eu/wp-content/uploads/2021/11/artificial-grass-spring-white-any-size-1.jpg, https://rugshop.eu/wp-content/uploads/2021/11/artificial-grass-spring-white-any-size-2.jpg, https://rugshop.eu/wp-content/uploads/2021/11/artificial-grass-spring-white-any-size-3.jpg, https://rugshop.eu/wp-content/uploads/2021/11/artificial-grass-spring-white-any-size-4.jpg",,,,,,,,,2341,,,Size,"100x200, 100x400, 150x200, 150x400, 170x400, 200x200, 200x250, 200x300, 200x350, 200x400, 200x500, 200x600",1,1,Brand,D-sign,1,1,Color,White-Beige,1,1,Type of color,Singlecolor,1,1,Shape,"Rectangular, Square",1,1,Material,Polypropylene,1,1,Type of rug,Rya / Shaggy,1,1,Weave,Machinemade,1,1,Country,Belgium,1,1,Age,New,1,1,,,,,,,,,,,,,,yes,,,,,,,,,,classic-editor,,,,,,,,,,,,,,,,,,,,
57264,variation,61322844,,D-sign Rug 1P0018 Black - 200x250,1,0,hidden,,D-sign Rug 1P0018 Black 200x250,,,taxable,parent,1,4,,0,0,,250,200,0.7,0,,"1032,5",2065,,,,,,,61322837-H,,,,,,7,,,Size,200x250,,1,,,,,,,,,,,,,,,,,,,,,,,,,,,,,,,,,,,,,,,,,,,,,,,,,,,,,,,,,,,,,81654,,,,,,,,,,,,,,,,,,,
57265,variation,61322848,,D-sign Rug 1P0018 Black - 200x300,1,0,hidden,,D-sign Rug 1P0018 Black 200x300,,,taxable,parent,1,3,,0,0,,300,200,0.7,0,,"1197,5",2395,,,,,,,61322837-H,,,,,,8,,,Size,200x300,,1,,,,,,,,,,,,,,,,,,,,,,,,,,,,,,,,,,,,,,,,,,,,,,,,,,,,,,,,,,,,,81655,,,,,,,,,,,,,,,,,,,
57266,variation,61322839,,D-sign Rug 1P0018 Black - 200x350,1,0,hidden,,D-sign Rug 1P0018 Black 200x350,,,taxable,parent,1,2,,0,0,,350,200,0.7,0,,"1352,5",2705,,,,,,,61322837-H,,,,,,9,,,Size,200x350,,1,,,,,,,,,,,,,,,,,,,,,,,,,,,,,,,,,,,,,,,,,,,,,,,,,,,,,,,,,,,,,81656,,,,,,,,,,,,,,,,,,,
57267,variation,61322841,,D-sign Rug 1P0018 Black - 200x400,1,0,hidden,,D-sign Rug 1P0018 Black 200x400,,,taxable,parent,1,17,,0,0,,400,200,0.7,0,,"1512,5",3025,,,,,,,61322837-H,,,,,,10,,,Size,200x400,,1,,,,,,,,,,,,,,,,,,,,,,,,,,,,,,,,,,,,,,,,,,,,,,,,,,,,,,,,,,,,,81657,,,,,,,,,,,,,,,,,,,
57268,variation,61322842,,D-sign Rug 1P0018 Black - 200x500,1,0,hidden,,D-sign Rug 1P0018 Black 200x500,,,taxable,parent,1,2,,0,0,,500,200,0.7,0,,"1827,5",3655,,,,,,,61322837-H,,,,,,11,,,Size,200x500,,1,,,,,,,,,,,,,,,,,,,,,,,,,,,,,,,,,,,,,,,,,,,,,,,,,,,,,,,,,,,,,81658,,,,,,,,,,,,,,,,,,,
57269,variation,61322847,,D-sign Rug 1P0018 Black - 200x600,1,0,hidden,,D-sign Rug 1P0018 Black 200x600,,,taxable,parent,1,1,,0,0,,600,200,0.7,0,,"2147,5",4295,,,,,,,61322837-H,,,,,,12,,,Size,200x600,,1,,,,,,,,,,,,,,,,,,,,,,,,,,,,,,,,,,,,,,,,,,,,,,,,,,,,,,,,,,,,,81659,,,,,,,,,,,,,,,,,,,
57271,variation,61322849,,D-sign Rug 1P0019 White - 100x200,1,0,hidden,,D-sign Rug 1P0019 White 100x200,,,taxable,parent,1,1,,0,0,,200,100,0.7,0,,"682,5",1365,,,,,,,61322849-H,,,,,,1,,,Size,100x200,,1,,,,,,,,,,,,,,,,,,,,,,,,,,,,,,,,,,,,,,,,,,,,,,,,,,,,,,,,,,,,,81693,,,,,,,,,,,,,,,,,,,
57272,variation,61322852,,D-sign Rug 1P0019 White - 100x400,1,0,hidden,,D-sign Rug 1P0019 White 100x400,,,taxable,parent,0,0,,0,0,,400,100,0.7,0,,"1122,5",2245,,,,,,,61322849-H,,,,,,2,,,Size,100x400,,1,,,,,,,,,,,,,,,,,,,,,,,,,,,,,,,,,,,,,,,,,,,,,,,,,,,,,,,,,,,,,81702,,,,,,,,,,,,,,,,,,,
57273,variation,61322850,,D-sign Rug 1P0019 White - 150x200,1,0,hidden,,D-sign Rug 1P0019 White 150x200,,,taxable,parent,0,0,,0,0,,200,150,0.7,0,,"907,5",1815,,,,,,,61322849-H,,,,,,3,,,Size,150x200,,1,,,,,,,,,,,,,,,,,,,,,,,,,,,,,,,,,,,,,,,,,,,,,,,,,,,,,,,,,,,,,81694,,,,,,,,,,,,,,,,,,,
57274,variation,61322855,,D-sign Rug 1P0019 White - 150x400,1,0,hidden,,D-sign Rug 1P0019 White 150x400,,,taxable,parent,0,0,,0,0,,400,150,0.7,0,,"1562,5",3125,,,,,,,61322849-H,,,,,,4,,,Size,150x400,,1,,,,,,,,,,,,,,,,,,,,,,,,,,,,,,,,,,,,,,,,,,,,,,,,,,,,,,,,,,,,,81704,,,,,,,,,,,,,,,,,,,
57275,variation,61322851,,D-sign Rug 1P0019 White - 170x400,1,0,hidden,,D-sign Rug 1P0019 White 170x400,,,taxable,parent,0,0,,0,0,,400,170,0.7,0,,"1737,5",3475,,,,,,,61322849-H,,,,,,5,,,Size,170x400,,1,,,,,,,,,,,,,,,,,,,,,,,,,,,,,,,,,,,,,,,,,,,,,,,,,,,,,,,,,,,,,81705,,,,,,,,,,,,,,,,,,,
57276,variation,61322856,,D-sign Rug 1P0019 White - 200x200,1,0,hidden,,D-sign Rug 1P0019 White 200x200,,,taxable,parent,0,0,,0,0,,200,200,0.7,0,,"1122,5",2245,,,,,,,61322849-H,,,,,,6,,,Size,200x200,,1,,,,,,,,,,,,,,,,,,,,,,,,,,,,,,,,,,,,,,,,,,,,,,,,,,,,,,,,,,,,,81695,,,,,,,,,,,,,,,,,,,
57277,variation,61322857,,D-sign Rug 1P0019 White - 200x250,1,0,hidden,,D-sign Rug 1P0019 White 200x250,,,taxable,parent,0,0,,0,0,,250,200,0.7,0,,"1347,5",2695,,,,,,,61322849-H,,,,,,7,,,Size,200x250,,1,,,,,,,,,,,,,,,,,,,,,,,,,,,,,,,,,,,,,,,,,,,,,,,,,,,,,,,,,,,,,81696,,,,,,,,,,,,,,,,,,,
57278,variation,61322858,,D-sign Rug 1P0019 White - 200x300,1,0,hidden,,D-sign Rug 1P0019 White 200x300,,,taxable,parent,0,0,,0,0,,300,200,0.7,0,,"1562,5",3125,,,,,,,61322849-H,,,,,,8,,,Size,200x300,,1,,,,,,,,,,,,,,,,,,,,,,,,,,,,,,,,,,,,,,,,,,,,,,,,,,,,,,,,,,,,,81697,,,,,,,,,,,,,,,,,,,
57279,variation,61322853,,D-sign Rug 1P0019 White - 200x350,1,0,hidden,,D-sign Rug 1P0019 White 200x350,,,taxable,parent,0,0,,0,0,,350,200,0.7,0,,"1787,5",3575,,,,,,,61322849-H,,,,,,9,,,Size,200x350,,1,,,,,,,,,,,,,,,,,,,,,,,,,,,,,,,,,,,,,,,,,,,,,,,,,,,,,,,,,,,,,81698,,,,,,,,,,,,,,,,,,,
57280,variation,61322854,,D-sign Rug 1P0019 White - 200x400,1,0,hidden,,D-sign Rug 1P0019 White 200x400,,,taxable,parent,0,0,,0,0,,400,200,0.7,0,,"2002,5",4005,,,,,,,61322849-H,,,,,,10,,,Size,200x400,,1,,,,,,,,,,,,,,,,,,,,,,,,,,,,,,,,,,,,,,,,,,,,,,,,,,,,,,,,,,,,,81699,,,,,,,,,,,,,,,,,,,
57281,variation,61322861,,D-sign Rug 1P0019 White - 200x500,1,0,hidden,,D-sign Rug 1P0019 White 200x500,,,taxable,parent,0,0,,0,0,,500,200,0.7,0,,"2442,5",4885,,,,,,,61322849-H,,,,,,11,,,Size,200x500,,1,,,,,,,,,,,,,,,,,,,,,,,,,,,,,,,,,,,,,,,,,,,,,,,,,,,,,,,,,,,,,81700,,,,,,,,,,,,,,,,,,,
57282,variation,61322860,,D-sign Rug 1P0019 White - 200x600,1,0,hidden,,D-sign Rug 1P0019 White 200x600,,,taxable,parent,0,0,,0,0,,600,200,0.7,0,,"2882,5",5765,,,,,,,61322849-H,,,,,,12,,,Size,200x600,,1,,,,,,,,,,,,,,,,,,,,,,,,,,,,,,,,,,,,,,,,,,,,,,,,,,,,,,,,,,,,,81701,,,,,,,,,,,,,,,,,,,
57293,variable,61322924-H,,D-sign Rug 1P0024 Creme,1,0,visible,D-sign Rug 1P0024 Creme,D-sign Rug 1P0024 Creme,,,taxable,,1,,,0,0,,,,,1,,,,"Rooms > Bedroom, Rooms > Living room, Rugs > Modern, Rugs",,,"https://rugshop.eu/wp-content/uploads/2021/11/carpet-heos-78561-cream-blue-jungle.jpg, https://rugshop.eu/wp-content/uploads/2021/11/carpet-heos-78561-cream-blue-jungle-1.jpg, https://rugshop.eu/wp-content/uploads/2021/11/carpet-heos-78561-cream-blue-jungle-2.jpg, https://rugshop.eu/wp-content/uploads/2021/11/carpet-heos-78561-cream-blue-jungle-3.jpg, https://rugshop.eu/wp-content/uploads/2021/11/carpet-heos-78561-cream-blue-jungle-4.jpg",,,,,,,,,2345,,,Size,"120x170, 160x220, 190x270",1,1,Brand,D-sign,1,1,Color,Black-Grey,1,1,Type of color,Multicolor,1,1,Shape,Rectangular,1,1,Material,Polypropylene,1,1,Type of rug,Modern,1,1,Weave,Machinemade,1,1,Country,Belgium,1,1,Age,New,1,1,,,,,,,,,,,,,,yes,yes,,,,,,,,,,,,,,,,,,,,,,,,,,,,,
57294,variable,61322925-H,,D-sign Rug 1P0025 White,1,0,visible,D-sign Rug 1P0025 White,D-sign Rug 1P0025 White,,,taxable,,1,,,0,0,,,,,0,,,,"Rooms > Kids, Rugs > Kids, Rugs",,,"https://rugshop.eu/wp-content/uploads/2021/11/carpet-petit-panda-circle-white.jpg, https://rugshop.eu/wp-content/uploads/2021/11/carpet-petit-panda-circle-white-1.jpg, https://rugshop.eu/wp-content/uploads/2021/11/carpet-petit-panda-circle-white-2.jpg, https://rugshop.eu/wp-content/uploads/2021/11/carpet-petit-panda-circle-white-3.jpg, https://rugshop.eu/wp-content/uploads/2021/11/carpet-petit-panda-circle-white-4.jpg",,,,,,,,,2346,,,Size,"120, 140, 160",1,1,Brand,D-sign,1,1,Color,White-Beige,1,1,Type of color,Multicolor,1,1,Shape,Round,1,1,Material,Polypropylene,1,1,Type of rug,Modern,1,1,Weave,Machinemade,1,1,Country,Turkey,1,1,Age,New,1,1,,,,,default,default,default,default,,,,,,yes,yes,,,,,,,,,,,,,,,,,,,,,,,,,,,,,
57320,variable,61322937-H,,D-sign Rug 1P0030 Grey,1,0,visible,D-sign Rug 1P0030 Grey,D-sign Rug 1P0030 Grey,,,taxable,,1,,,0,0,,,,,1,,,,"Rooms > Bedroom, Rugs, Rugs > Sisal",,,"https://rugshop.eu/wp-content/uploads/2021/11/carpet-sisal-loft-21108-lines-grey-ivory-silver.jpg, https://rugshop.eu/wp-content/uploads/2021/11/carpet-sisal-loft-21108-lines-grey-ivory-silver-1.jpg, https://rugshop.eu/wp-content/uploads/2021/11/carpet-sisal-loft-21108-lines-grey-ivory-silver-2.jpg, https://rugshop.eu/wp-content/uploads/2021/11/carpet-sisal-loft-21108-lines-grey-ivory-silver-3.jpg, https://rugshop.eu/wp-content/uploads/2021/11/carpet-sisal-loft-21108-lines-grey-ivory-silver-4.jpg",,,,,,,,,2350,,,Size,"120x170, 160x230",1,1,Brand,D-sign,1,1,Color,Black-Grey,1,1,Type of color,Multicolor,1,1,Shape,Rectangular,1,1,Material,Polypropylene,1,1,Type of rug,Sisal,1,1,Weave,Machinemade,1,1,Age,New,1,1,,,,,,,,,,,,,,,,,,yes,yes,,,,,,,,,,,,,,,,,,,,,,,,,,,,,
57321,variable,61322949-H,,D-sign Rug 1P0032 Beige,1,0,visible,D-sign Rug 1P0032 Beige,D-sign Rug 1P0032 Beige,,,taxable,,1,,,0,0,,,,,1,,,,"Rooms > Bedroom, Rugs, Rugs > Sisal",,,"https://rugshop.eu/wp-content/uploads/2021/11/carpet-sisal-loft-21193-boho-circle-ivory-silver-grey.jpg, https://rugshop.eu/wp-content/uploads/2021/11/carpet-sisal-loft-21193-boho-circle-ivory-silver-grey-1.jpg, https://rugshop.eu/wp-content/uploads/2021/11/carpet-sisal-loft-21193-boho-circle-ivory-silver-grey-2.jpg, https://rugshop.eu/wp-content/uploads/2021/11/carpet-sisal-loft-21193-boho-circle-ivory-silver-grey-3.jpg, https://rugshop.eu/wp-content/uploads/2021/11/carpet-sisal-loft-21193-boho-circle-ivory-silver-grey-4.jpg",,,,,,,,,2355,,,Size,"120, 160",1,1,Brand,D-sign,1,1,Color,Black-Grey,1,1,Type of color,Multicolor,1,1,Shape,Round,1,1,Material,Polypropylene,1,1,Type of rug,Sisal,1,1,Weave,Machinemade,1,1,Age,New,1,1,,,,,,,,,,,,,,,,,,yes,yes,,,,,,,,,,,,,,,,,,,,,,,,,,,,,
57322,variable,61322948-H,,D-sign Rug 1P0032 Beige,1,0,visible,D-sign Rug 1P0032 Beige,D-sign Rug 1P0032 Beige,,,taxable,,1,,,0,0,,,,,1,,,,"Rooms > Bedroom, Rugs, Rugs > Sisal",,,"https://rugshop.eu/wp-content/uploads/2021/11/carpet-sisal-loft-21193-boho-circle-ivory-silver-taupe.jpg, https://rugshop.eu/wp-content/uploads/2021/11/carpet-sisal-loft-21193-boho-circle-ivory-silver-taupe-1.jpg, https://rugshop.eu/wp-content/uploads/2021/11/carpet-sisal-loft-21193-boho-circle-ivory-silver-taupe-2.jpg, https://rugshop.eu/wp-content/uploads/2021/11/carpet-sisal-loft-21193-boho-circle-ivory-silver-taupe-3.jpg, https://rugshop.eu/wp-content/uploads/2021/11/carpet-sisal-loft-21193-boho-circle-ivory-silver-taupe-4.jpg",,,,,,,,,2356,,,Size,"120, 160",1,1,Brand,D-sign,1,1,Color,Black-Grey,1,1,Type of color,Multicolor,1,1,Shape,Round,1,1,Material,Polypropylene,1,1,Type of rug,Sisal,1,1,Weave,Machinemade,1,1,Age,New,1,1,,,,,,,,,,,,,,,,,,yes,yes,,,,,,,,,,,,,,,,,,,,,,,,,,,,,
57325,variation,61322924,,D-sign Rug 1P0024 Creme - 120x170,1,0,visible,,D-sign Rug 1P0024 Creme 120x170,,,taxable,parent,1,6,,0,0,,170,120,0.8,0,,891,1595,,,,,,,61322924-H,,,,,,1,,,Size,120x170,,1,,,,,,,,,,,,,,,,,,,,,,,,,,,,,,,,,,,,,120x170,,,,,,,,,,,,,,,,,,,,,,,,88693,,,,,,,,,,,,,,,,,,,
57326,variation,61322926,,D-sign Rug 1P0024 Creme - 160x220,1,0,visible,,D-sign Rug 1P0024 Creme 160x220,,,taxable,parent,1,10,,0,0,,220,160,0.8,0,,1318,2365,,,,,,,61322924-H,,,,,,2,,,Size,160x220,,1,,,,,,,,,,,,,,,,,,,,,,,,,,,,,,,,,,,,,160x220,,,,,,,,,,,,,,,,,,,,,,,,88694,,,,,,,,,,,,,,,,,,,
57327,variation,61322930,,D-sign Rug 1P0024 Creme - 190x270,1,0,visible,,D-sign Rug 1P0024 Creme 190x270,,,taxable,parent,1,7,,0,0,,270,190,0.8,0,,1804,3245,,,,,,,61322924-H,,,,,,3,,,Size,190x270,,1,,,,,,,,,,,,,,,,,,,,,,,,,,,,,,,,,,,,,190x270,,,,,,,,,,,,,,,,,,,,,,,,88695,,,,,,,,,,,,,,,,,,,
57329,variation,61322925,,D-sign Rug 1P0025 White - 120,1,0,visible,,D-sign Rug 1P0025 White 120,,,taxable,parent,1,1,,0,0,,120,120,1.3,0,,924,1655,,,,,,,61322925-H,,,,,,1,,,Size,120,,1,,,,,,,,,,,,,,,,,,,,,,,,,,,,,,,,,,,,,120,,,,,,,,,,,,,,,,,,,,,,,,89473,,,,,,,,,,,,,,,,,,,
57330,variation,61322928,,D-sign Rug 1P0025 White - 140,1,0,visible,,D-sign Rug 1P0025 White 140,,,taxable,parent,1,5,,0,0,,140,140,1.3,0,,1185,2125,,,,,,,61322925-H,,,,,,2,,,Size,140,,1,,,,,,,,,,,,,,,,,,,,,,,,,,,,,,,,,,,,,140,,,,,,,,,,,,,,,,,,,,,,,,89474,,,,,,,,,,,,,,,,,,,
57331,variation,61322929,,D-sign Rug 1P0025 White - 160,1,0,visible,,D-sign Rug 1P0025 White 160,,,taxable,parent,1,7,,0,0,,160,160,1.3,0,,1446,2595,,,,,,,61322925-H,,,,,,3,,,Size,160,,1,,,,,,,,,,,,,,,,,,,,,,,,,,,,,,,,,,,,,160,,,,,,,,,,,,,,,,,,,,,,,,89475,,,,,,,,,,,,,,,,,,,
57334,variable,61322947-H,,D-sign Rug 1P0032 Beige,1,0,visible,D-sign Rug 1P0032 Beige,D-sign Rug 1P0032 Beige,,,taxable,,1,,,0,0,,,,,1,,,,"Rooms > Bedroom, Rugs, Rugs > Sisal",,,"https://rugshop.eu/wp-content/uploads/2021/11/carpet-sisal-loft-21198-boho-circle-ivory-silver-taupe.jpg, https://rugshop.eu/wp-content/uploads/2021/11/carpet-sisal-loft-21198-boho-circle-ivory-silver-taupe-1.jpg, https://rugshop.eu/wp-content/uploads/2021/11/carpet-sisal-loft-21198-boho-circle-ivory-silver-taupe-2.jpg, https://rugshop.eu/wp-content/uploads/2021/11/carpet-sisal-loft-21198-boho-circle-ivory-silver-taupe-3.jpg, https://rugshop.eu/wp-content/uploads/2021/11/carpet-sisal-loft-21198-boho-circle-ivory-silver-taupe-4.jpg",,,,,,,,,2357,,,Size,"120, 160",1,1,Brand,D-sign,1,1,Color,Black-Grey,1,1,Type of color,Multicolor,1,1,Shape,Round,1,1,Material,Polypropylene,1,1,Type of rug,Sisal,1,1,Weave,Machinemade,1,1,Age,New,1,1,,,,,,,,,,,,,,,,,,yes,yes,,,,,,,,,classic-editor,,,,,,,,,,,,,,,,,,,,
57335,variable,61322950-H,,D-sign Rug 1P0032 Beige,1,0,visible,D-sign Rug 1P0032 Beige,D-sign Rug 1P0032 Beige,,,taxable,,1,,,0,0,,,,,1,,,,"Rooms > Bedroom, Rugs, Rugs > Sisal",,,"https://rugshop.eu/wp-content/uploads/2021/11/carpet-sisal-loft-21207-rosette-boho-circle-ivory-silver-taupe.jpg, https://rugshop.eu/wp-content/uploads/2021/11/carpet-sisal-loft-21207-rosette-boho-circle-ivory-silver-taupe-1.jpg, https://rugshop.eu/wp-content/uploads/2021/11/carpet-sisal-loft-21207-rosette-boho-circle-ivory-silver-taupe-2.jpg, https://rugshop.eu/wp-content/uploads/2021/11/carpet-sisal-loft-21207-rosette-boho-circle-ivory-silver-taupe-3.jpg, https://rugshop.eu/wp-content/uploads/2021/11/carpet-sisal-loft-21207-rosette-boho-circle-ivory-silver-taupe-4.jpg",,,,,,,,,2358,,,Size,"120, 160",1,1,Brand,D-sign,1,1,Color,Black-Grey,1,1,Type of color,Multicolor,1,1,Shape,Round,1,1,Material,Polypropylene,1,1,Type of rug,Sisal,1,1,Weave,Machinemade,1,1,Age,New,1,1,,,,,,,,,,,,,,,,,,yes,yes,,,,,,,,,classic-editor,,,,,,,,,,,,,,,,,,,,
57336,variable,61322946-H,,D-sign Rug 1P0033 Black,1,0,visible,D-sign Rug 1P0033 Black,D-sign Rug 1P0033 Black,,,taxable,,1,,,0,0,,,,,1,,,,"Rooms > Bedroom, Rooms > Living room, Rugs > Persian, Rugs",,,"https://rugshop.eu/wp-content/uploads/2021/11/carpet-royal-adr-circle-design-1745-black.jpg, https://rugshop.eu/wp-content/uploads/2021/11/carpet-royal-adr-circle-design-1745-black-1.jpg, https://rugshop.eu/wp-content/uploads/2021/11/carpet-royal-adr-circle-design-1745-black-2.jpg, https://rugshop.eu/wp-content/uploads/2021/11/carpet-royal-adr-circle-design-1745-black-3.jpg, https://rugshop.eu/wp-content/uploads/2021/11/carpet-royal-adr-circle-design-1745-black-4.jpg",,,,,,,,,2359,,,Size,"120, 150, 200",1,1,Brand,D-sign,1,1,Color,Black-Grey,1,1,Type of color,Multicolor,1,1,Shape,Round,1,1,Material,Polypropylene,1,1,Type of rug,Persian,1,1,Weave,Machinemade,1,1,Age,New,1,1,,,,,,,,,,,,,,,,,,yes,yes,,,,,,,,,classic-editor,,,,,,,,,,,,,,,,,,,,
57350,variation,61322937,,D-sign Rug 1P0030 Grey - 120x170,1,0,visible,,D-sign Rug 1P0030 Grey 120x170,,,taxable,parent,1,9,,0,0,,170,120,0.6,0,,731,1315,,,,,,,61322937-H,,,,,,1,,,Size,120x170,,1,,,,,,,,,,,,,,,,,,,,,,,,,,,,,,,,,,,,,120x170,,,,,,,,,,,,,,,,,,,,,,,,101626,,,,,,,,,,,,,,,,,,,
57351,variation,61322941,,D-sign Rug 1P0030 Grey - 160x230,1,0,visible,,D-sign Rug 1P0030 Grey 160x230,,,taxable,parent,1,2,,0,0,,230,160,0.6,0,,1123,2015,,,,,,,61322937-H,,,,,,2,,,Size,160x230,,1,,,,,,,,,,,,,,,,,,,,,,,,,,,,,,,,,,,,,160x230,,,,,,,,,,,,,,,,,,,,,,,,101627,,,,,,,,,,,,,,,,,,,
57352,variable,61322958-H,,D-sign Rug 1P0033 Brown,1,0,visible,D-sign Rug 1P0033 Brown,D-sign Rug 1P0033 Brown,,,taxable,,1,,,0,0,,,,,1,,,,"Rooms > Bedroom, Rooms > Living room, Rugs > Persian, Rugs",,,"https://rugshop.eu/wp-content/uploads/2021/11/carpet-royal-adr-circle-design-1745-caramel.jpg, https://rugshop.eu/wp-content/uploads/2021/11/carpet-royal-adr-circle-design-1745-caramel-1.jpg, https://rugshop.eu/wp-content/uploads/2021/11/carpet-royal-adr-circle-design-1745-caramel-2.jpg, https://rugshop.eu/wp-content/uploads/2021/11/carpet-royal-adr-circle-design-1745-caramel-3.jpg, https://rugshop.eu/wp-content/uploads/2021/11/carpet-royal-adr-circle-design-1745-caramel-4.jpg",,,,,,,,,2360,,,Size,"120, 150, 200",1,1,Brand,D-sign,1,1,Color,Yellow-Brown,1,1,Type of color,Multicolor,1,1,Shape,Round,1,1,Material,Polypropylene,1,1,Type of rug,Persian,1,1,Weave,Machinemade,1,1,Age,New,1,1,,,,,,,,,,,,,,,,,,yes,yes,,,,,,,,,classic-editor,,,,,,,,,,,,,,,,,,,,
57353,variable,61322959-H,,D-sign Rug 1P0034 Black,1,0,visible,D-sign Rug 1P0034 Black,D-sign Rug 1P0034 Black,,,taxable,,1,,,0,0,,,,,1,,,,"Rooms > Bedroom, Rooms > Living room, Rugs > Persian, Rugs",,,"https://rugshop.eu/wp-content/uploads/2021/11/carpet-royal-adr-circle-design-521-black.jpg, https://rugshop.eu/wp-content/uploads/2021/11/carpet-royal-adr-circle-design-521-black-1.jpg, https://rugshop.eu/wp-content/uploads/2021/11/carpet-royal-adr-circle-design-521-black-2.jpg, https://rugshop.eu/wp-content/uploads/2021/11/carpet-royal-adr-circle-design-521-black-3.jpg, https://rugshop.eu/wp-content/uploads/2021/11/carpet-royal-adr-circle-design-521-black-4.jpg",,,,,,,,,2361,,,Size,"120, 150, 200",1,1,Brand,D-sign,1,1,Color,Black-Grey,1,1,Type of color,Multicolor,1,1,Shape,Round,1,1,Material,Polypropylene,1,1,Type of rug,Persian,1,1,Weave,Machinemade,1,1,Age,New,1,1,,,,,,,,,,,,,,,,,,yes,yes,,,,,,,,,classic-editor,,,,,,,,,,,,,,,,,,,,
57354,variable,61322960-H,,D-sign Rug 1P0035 WinRed,1,0,visible,D-sign Rug 1P0035 WinRed,D-sign Rug 1P0035 WinRed,,,taxable,,1,,,0,0,,,,,1,,,,"Rooms > Bedroom, Rooms > Living room, Rugs > Persian, Rugs",,,"https://rugshop.eu/wp-content/uploads/2021/11/carpet-royal-adr-circle-design-521-claret.jpg, https://rugshop.eu/wp-content/uploads/2021/11/carpet-royal-adr-circle-design-521-claret-1.jpg, https://rugshop.eu/wp-content/uploads/2021/11/carpet-royal-adr-circle-design-521-claret-2.jpg, https://rugshop.eu/wp-content/uploads/2021/11/carpet-royal-adr-circle-design-521-claret-3.jpg, https://rugshop.eu/wp-content/uploads/2021/11/carpet-royal-adr-circle-design-521-claret-4.jpg",,,,,,,,,2362,,,Size,"120, 150, 200",1,1,Brand,D-sign,1,1,Color,Red,1,1,Type of color,Multicolor,1,1,Shape,Round,1,1,Material,Polypropylene,1,1,Type of rug,Persian,1,1,Weave,Machinemade,1,1,Age,New,1,1,,,,,,,,,,,,,,,,,,yes,yes,,,,,,,,,classic-editor,,,,,,,,,,,,,,,,,,,,
57357,variation,61322949,,D-sign Rug 1P0032 Beige - 120,1,0,visible,,D-sign Rug 1P0032 Beige 120,,,taxable,parent,1,26,,0,0,,120,120,5.5,0,,666,1195,,,,,,,61322949-H,,,,,,1,,,Size,120,,1,,,,,,,,,,,,,,,,,,,,,,,,,,,,,,,,,,,,,120,,,,,,,,,,,,,,,,,,,,,,,,102681,,,,,,,,,,,,,,,,,,,
57358,variation,61322952,,D-sign Rug 1P0032 Beige - 160,1,0,visible,,D-sign Rug 1P0032 Beige 160,,,taxable,parent,1,17,,0,0,,160,160,5.5,0,,960,1725,,,,,,,61322949-H,,,,,,2,,,Size,160,,1,,,,,,,,,,,,,,,,,,,,,,,,,,,,,,,,,,,,,160,,,,,,,,,,,,,,,,,,,,,,,,102682,,,,,,,,,,,,,,,,,,,
57360,variation,61322948,,D-sign Rug 1P0032 Beige - 120,1,0,visible,,D-sign Rug 1P0032 Beige 120,,,taxable,parent,1,33,,0,0,,120,120,5.5,0,,666,1195,,,,,,,61322948-H,,,,,,1,,,Size,120,,1,,,,,,,,,,,,,,,,,,,,,,,,,,,,,,,,,,,,,120,,,,,,,,,,,,,,,,,,,,,,,,102683,,,,,,,,,,,,,,,,,,,
57361,variation,61322956,,D-sign Rug 1P0032 Beige - 160,1,0,visible,,D-sign Rug 1P0032 Beige 160,,,taxable,parent,1,36,,0,0,,160,160,5.5,0,,960,1725,,,,,,,61322948-H,,,,,,2,,,Size,160,,1,,,,,,,,,,,,,,,,,,,,,,,,,,,,,,,,,,,,,160,,,,,,,,,,,,,,,,,,,,,,,,102684,,,,,,,,,,,,,,,,,,,
57363,variation,61322947,,D-sign Rug 1P0032 Beige - 120,1,0,visible,,D-sign Rug 1P0032 Beige 120,,,taxable,parent,1,33,,0,0,,120,120,5.5,0,,666,1195,,,,,,,61322947-H,,,,,,1,,,Size,120,,1,,,,,,,,,,,,,,,,,,,,,,,,,,,,,,,,,,,,,120,,,,,,,,,,,,,,,,,,,,,,,,102685,,,,,,,,,,,,,,,,,,,
57364,variation,61322954,,D-sign Rug 1P0032 Beige - 160,1,0,visible,,D-sign Rug 1P0032 Beige 160,,,taxable,parent,1,25,,0,0,,160,160,5.5,0,,960,1725,,,,,,,61322947-H,,,,,,2,,,Size,160,,1,,,,,,,,,,,,,,,,,,,,,,,,,,,,,,,,,,,,,160,,,,,,,,,,,,,,,,,,,,,,,,102686,,,,,,,,,,,,,,,,,,,
57367,variable,61322967-H,,D-sign Rug 1P0039 Grey,1,0,visible,D-sign Rug 1P0039 Grey,D-sign Rug 1P0039 Grey,,,taxable,,1,,,0,0,,,,,1,,,,"Rooms > Bedroom, Rooms > Living room, Rugs > Modern, Rugs, Rugs > Vintage",,,"https://rugshop.eu/wp-content/uploads/2021/11/modern-mefe-carpet-circle-8731-vintage-structural-two-levels-of-fleece-grey.jpg, https://rugshop.eu/wp-content/uploads/2021/11/modern-mefe-carpet-circle-8731-vintage-structural-two-levels-of-fleece-grey-1.jpg, https://rugshop.eu/wp-content/uploads/2021/11/modern-mefe-carpet-circle-8731-vintage-structural-two-levels-of-fleece-grey-2.jpg, https://rugshop.eu/wp-content/uploads/2021/11/modern-mefe-carpet-circle-8731-vintage-structural-two-levels-of-fleece-grey-3.jpg, https://rugshop.eu/wp-content/uploads/2021/11/modern-mefe-carpet-circle-8731-vintage-structural-two-levels-of-fleece-grey-4.jpg",,,,,,,,,2367,,,Size,"100, 120, 160, 200",1,1,Brand,D-sign,1,1,Color,Black-Grey,1,1,Type of color,Multicolor,1,1,Shape,Round,1,1,Material,Polypropylene,1,1,Type of rug,"Modern, Vintage / Colored Vintage",1,1,Weave,Machinemade,1,1,Age,New,1,1,,,,,,,,,,,,,,,,,,yes,yes,,,,,,,,,classic-editor,,,,,,,,,,,,,,,,,,,,
57369,variation,61322950,,D-sign Rug 1P0032 Beige - 120,1,0,visible,,D-sign Rug 1P0032 Beige 120,,,taxable,parent,1,17,,0,0,,120,120,5.5,0,,666,1195,,,,,,,61322950-H,,,,,,1,,,Size,120,,1,,,,,,,,,,,,,,,,,,,,,,,,,,,,,,,,,,,,,120,,,,,,,,,,,,,,,,,,,,,,,,102687,,,,,,,,,,,,,,,,,,,
57370,variation,61322955,,D-sign Rug 1P0032 Beige - 160,1,0,visible,,D-sign Rug 1P0032 Beige 160,,,taxable,parent,1,28,,0,0,,160,160,5.5,0,,960,1725,,,,,,,61322950-H,,,,,,2,,,Size,160,,1,,,,,,,,,,,,,,,,,,,,,,,,,,,,,,,,,,,,,160,,,,,,,,,,,,,,,,,,,,,,,,102688,,,,,,,,,,,,,,,,,,,
57372,variation,61322946,,D-sign Rug 1P0033 Black - 120,1,0,visible,,D-sign Rug 1P0033 Black 120,,,taxable,parent,1,19,,0,0,,120,120,1.5,0,,696,1245,,,,,,,61322946-H,,,,,,1,,,Size,120,,1,,,,,,,,,,,,,,,,,,,,,,,,,,,,,,,,,,,,,120,,,,,,,,,,,,,,,,,,,,,,,,103235,,,,,,,,,,,,,,,,,,,
57373,variation,61322953,,D-sign Rug 1P0033 Black - 150,1,0,visible,,D-sign Rug 1P0033 Black 150,,,taxable,parent,1,10,,0,0,,150,150,1.5,0,,924,1655,,,,,,,61322946-H,,,,,,2,,,Size,150,,1,,,,,,,,,,,,,,,,,,,,,,,,,,,,,,,,,,,,,150,,,,,,,,,,,,,,,,,,,,,,,,103236,,,,,,,,,,,,,,,,,,,
57374,variation,61322957,,D-sign Rug 1P0033 Black - 200,1,0,visible,,D-sign Rug 1P0033 Black 200,,,taxable,parent,1,10,,0,0,,200,200,1.5,0,,1514,2725,,,,,,,61322946-H,,,,,,3,,,Size,200,,1,,,,,,,,,,,,,,,,,,,,,,,,,,,,,,,,,,,,,200,,,,,,,,,,,,,,,,,,,,,,,,103237,,,,,,,,,,,,,,,,,,,
57376,variation,61322958,,D-sign Rug 1P0033 Brown - 120,1,0,visible,,D-sign Rug 1P0033 Brown 120,,,taxable,parent,1,42,,0,0,,120,120,1.5,0,,696,1245,,,,,,,61322958-H,,,,,,1,,,Size,120,,1,,,,,,,,,,,,,,,,,,,,,,,,,,,,,,,,,,,,,120,,,,,,,,,,,,,,,,,,,,,,,,103244,,,,,,,,,,,,,,,,,,,
57377,variation,61322968,,D-sign Rug 1P0033 Brown - 150,1,0,visible,,D-sign Rug 1P0033 Brown 150,,,taxable,parent,1,11,,0,0,,150,150,1.5,0,,924,1655,,,,,,,61322958-H,,,,,,2,,,Size,150,,1,,,,,,,,,,,,,,,,,,,,,,,,,,,,,,,,,,,,,150,,,,,,,,,,,,,,,,,,,,,,,,103245,,,,,,,,,,,,,,,,,,,
57378,variation,61322972,,D-sign Rug 1P0033 Brown - 200,1,0,visible,,D-sign Rug 1P0033 Brown 200,,,taxable,parent,1,18,,0,0,,200,200,1.5,0,,1514,2725,,,,,,,61322958-H,,,,,,3,,,Size,200,,1,,,,,,,,,,,,,,,,,,,,,,,,,,,,,,,,,,,,,200,,,,,,,,,,,,,,,,,,,,,,,,103246,,,,,,,,,,,,,,,,,,,
57380,variable,61322980-H,,D-sign Rug 1P0038 Blue,1,0,visible,D-sign Rug 1P0038 Blue,D-sign Rug 1P0038 Blue,,,taxable,,1,,,0,0,,,,,1,,,,"Rooms > Bedroom, Rugs, Rugs > Sisal",,,"https://rugshop.eu/wp-content/uploads/2021/11/carpet-sisal-loft-21193-boho-circle-ivory-silver-blue.jpg, https://rugshop.eu/wp-content/uploads/2021/11/carpet-sisal-loft-21193-boho-circle-ivory-silver-blue-1.jpg, https://rugshop.eu/wp-content/uploads/2021/11/carpet-sisal-loft-21193-boho-circle-ivory-silver-blue-2.jpg, https://rugshop.eu/wp-content/uploads/2021/11/carpet-sisal-loft-21193-boho-circle-ivory-silver-blue-3.jpg, https://rugshop.eu/wp-content/uploads/2021/11/carpet-sisal-loft-21193-boho-circle-ivory-silver-blue-4.jpg",,,,,,,,,2365,,,Size,"120, 160",1,1,Brand,D-sign,1,1,Color,Blue,1,1,Type of color,Multicolor,1,1,Shape,Round,1,1,Material,Polypropylene,1,1,Type of rug,Sisal,1,1,Weave,Machinemade,1,1,Age,New,1,1,,,,,,,,,,,,,,,,,,yes,yes,,,,,,,,,classic-editor,,,,,,,,,,,,,,,,,,,,
57381,variable,61322976-H,,D-sign Rug 1P0038 Blue,1,0,visible,D-sign Rug 1P0038 Blue,D-sign Rug 1P0038 Blue,,,taxable,,1,,,0,0,,,,,1,,,,"Rooms > Bedroom, Rugs, Rugs > Sisal",,,"https://rugshop.eu/wp-content/uploads/2021/11/carpet-sisal-loft-21207-rosette-boho-circle-ivory-silver-blue.jpg, https://rugshop.eu/wp-content/uploads/2021/11/carpet-sisal-loft-21207-rosette-boho-circle-ivory-silver-blue-1.jpg, https://rugshop.eu/wp-content/uploads/2021/11/carpet-sisal-loft-21207-rosette-boho-circle-ivory-silver-blue-2.jpg, https://rugshop.eu/wp-content/uploads/2021/11/carpet-sisal-loft-21207-rosette-boho-circle-ivory-silver-blue-3.jpg, https://rugshop.eu/wp-content/uploads/2021/11/carpet-sisal-loft-21207-rosette-boho-circle-ivory-silver-blue-4.jpg",,,,,,,,,2366,,,Size,"120, 160",1,1,Brand,D-sign,1,1,Color,Blue,1,1,Type of color,Multicolor,1,1,Shape,Round,1,1,Material,Polypropylene,1,1,Type of rug,Sisal,1,1,Weave,Machinemade,1,1,Age,New,1,1,,,,,,,,,,,,,,,,,,yes,yes,,,,,,,,,classic-editor,,,,,,,,,,,,,,,,,,,,
57382,variable,61322979-H,,D-sign Rug 1P0043 Grey,1,0,visible,D-sign Rug 1P0043 Grey,D-sign Rug 1P0043 Grey,,,taxable,,1,,,0,0,,,,,1,,,,"Rooms > Bedroom, Rugs, Rugs > Sisal",,,"https://rugshop.eu/wp-content/uploads/2021/11/carpet-sisal-loft-21207-rosette-boho-circle-ivory-silver-grey.jpg, https://rugshop.eu/wp-content/uploads/2021/11/carpet-sisal-loft-21207-rosette-boho-circle-ivory-silver-grey-1.jpg, https://rugshop.eu/wp-content/uploads/2021/11/carpet-sisal-loft-21207-rosette-boho-circle-ivory-silver-grey-2.jpg, https://rugshop.eu/wp-content/uploads/2021/11/carpet-sisal-loft-21207-rosette-boho-circle-ivory-silver-grey-3.jpg, https://rugshop.eu/wp-content/uploads/2021/11/carpet-sisal-loft-21207-rosette-boho-circle-ivory-silver-grey-4.jpg",,,,,,,,,2372,,,Size,160,1,1,Brand,D-sign,1,1,Color,Black-Grey,1,1,Type of color,Multicolor,1,1,Shape,Round,1,1,Material,Polypropylene,1,1,Type of rug,Sisal,1,1,Weave,Machinemade,1,1,Age,New,1,1,,,,,,,,,,,,,,,,,,yes,yes,,,,,,,,,classic-editor,,,,,,,,,,,,,,,,,,,,
57383,variation,61322959,,D-sign Rug 1P0034 Black - 120,1,0,visible,,D-sign Rug 1P0034 Black 120,,,taxable,parent,1,14,,0,0,,120,120,1.5,0,,696,1245,,,,,,,61322959-H,,,,,,1,,,Size,120,,1,,,,,,,,,,,,,,,,,,,,,,,,,,,,,,,,,,,,,120,,,,,,,,,,,,,,,,,,,,,,,,103259,,,,,,,,,,,,,,,,,,,
57384,variation,61322970,,D-sign Rug 1P0034 Black - 150,1,0,visible,,D-sign Rug 1P0034 Black 150,,,taxable,parent,1,17,,0,0,,150,150,1.5,0,,924,1655,,,,,,,61322959-H,,,,,,2,,,Size,150,,1,,,,,,,,,,,,,,,,,,,,,,,,,,,,,,,,,,,,,150,,,,,,,,,,,,,,,,,,,,,,,,103260,,,,,,,,,,,,,,,,,,,
57385,variation,61322973,,D-sign Rug 1P0034 Black - 200,1,0,visible,,D-sign Rug 1P0034 Black 200,,,taxable,parent,1,14,,0,0,,200,200,1.5,0,,1514,2725,,,,,,,61322959-H,,,,,,3,,,Size,200,,1,,,,,,,,,,,,,,,,,,,,,,,,,,,,,,,,,,,,,200,,,,,,,,,,,,,,,,,,,,,,,,103261,,,,,,,,,,,,,,,,,,,
57387,variation,61322960,,D-sign Rug 1P0035 WinRed - 120,1,0,visible,,D-sign Rug 1P0035 WinRed 120,,,taxable,parent,1,22,,0,0,,120,120,1.5,0,,696,1245,,,,,,,61322960-H,,,,,,1,,,Size,120,,1,,,,,,,,,,,,,,,,,,,,,,,,,,,,,,,,,,,,,120,,,,,,,,,,,,,,,,,,,,,,,,103274,,,,,,,,,,,,,,,,,,,
57388,variation,61322971,,D-sign Rug 1P0035 WinRed - 150,1,0,visible,,D-sign Rug 1P0035 WinRed 150,,,taxable,parent,1,13,,0,0,,150,150,1.5,0,,924,1655,,,,,,,61322960-H,,,,,,2,,,Size,150,,1,,,,,,,,,,,,,,,,,,,,,,,,,,,,,,,,,,,,,150,,,,,,,,,,,,,,,,,,,,,,,,103275,,,,,,,,,,,,,,,,,,,
57389,variation,61322969,,D-sign Rug 1P0035 WinRed - 200,1,0,visible,,D-sign Rug 1P0035 WinRed 200,,,taxable,parent,1,9,,0,0,,200,200,1.5,0,,1514,2725,,,,,,,61322960-H,,,,,,3,,,Size,200,,1,,,,,,,,,,,,,,,,,,,,,,,,,,,,,,,,,,,,,200,,,,,,,,,,,,,,,,,,,,,,,,103276,,,,,,,,,,,,,,,,,,,
57396,variable,61322981-H,,D-sign Rug 1P0044 Creme,1,0,visible,D-sign Rug 1P0044 Creme,D-sign Rug 1P0044 Creme,,,taxable,,1,,,0,0,,,,,1,,,,"Rooms > Bedroom, Rooms > Living room, Rugs > Modern, Rugs",,,"https://rugshop.eu/wp-content/uploads/2021/11/modern-carpet-rebec-fringe-51117-two-levels-of-fleece-cream-navy.jpg, https://rugshop.eu/wp-content/uploads/2021/11/modern-carpet-rebec-fringe-51117-two-levels-of-fleece-cream-navy-1.jpg, https://rugshop.eu/wp-content/uploads/2021/11/modern-carpet-rebec-fringe-51117-two-levels-of-fleece-cream-navy-2.jpg, https://rugshop.eu/wp-content/uploads/2021/11/modern-carpet-rebec-fringe-51117-two-levels-of-fleece-cream-navy-3.jpg, https://rugshop.eu/wp-content/uploads/2021/11/modern-carpet-rebec-fringe-51117-two-levels-of-fleece-cream-navy-4.jpg",,,,,,,,,2373,,,Size,"120x170, 140x190, 160x220, 180x270, 200x290, 240x330, 280x370, 80x150",1,1,Brand,D-sign,1,1,Color,Black-Grey,1,1,Type of color,Multicolor,1,1,Shape,Rectangular,1,1,Material,Polyester,1,1,Type of rug,Modern,1,1,Weave,Machinemade,1,1,Age,New,1,1,,,,,,,,,,,,,,,,,,yes,yes,,,,,,,,,,,,,,,,,,,,,,,,,,,,,
57397,variable,61322992-H,,D-sign Rug 1P0044 Creme,1,0,visible,D-sign Rug 1P0044 Creme,D-sign Rug 1P0044 Creme,,,taxable,,1,,,0,0,,,,,1,,,,"Rooms > Bedroom, Rooms > Living room, Rugs > Modern, Rugs, Rugs > Traditional",,,"https://rugshop.eu/wp-content/uploads/2021/11/modern-carpet-rebec-fringe-51122a-two-levels-of-fleece-cream-navy.jpg, https://rugshop.eu/wp-content/uploads/2021/11/modern-carpet-rebec-fringe-51122a-two-levels-of-fleece-cream-navy-1.jpg, https://rugshop.eu/wp-content/uploads/2021/11/modern-carpet-rebec-fringe-51122a-two-levels-of-fleece-cream-navy-2.jpg, https://rugshop.eu/wp-content/uploads/2021/11/modern-carpet-rebec-fringe-51122a-two-levels-of-fleece-cream-navy-3.jpg, https://rugshop.eu/wp-content/uploads/2021/11/modern-carpet-rebec-fringe-51122a-two-levels-of-fleece-cream-navy-4.jpg",,,,,,,,,2374,,,Size,"120x170, 140x190, 160x220, 180x270, 200x290, 240x330, 280x370, 80x150",1,1,Brand,D-sign,1,1,Color,Black-Grey,1,1,Type of color,Multicolor,1,1,Shape,Rectangular,1,1,Material,Polyester,1,1,Type of rug,"Modern, Traditional",1,1,Weave,Machinemade,1,1,Age,New,1,1,,,,,,,,,,,,,,,,,,yes,yes,,,,,,,,,,,,,,,,,,,,,,,,,,,,,
57403,variation,61322967,,D-sign Rug 1P0039 Grey - 100,1,0,visible,,D-sign Rug 1P0039 Grey 100,,,taxable,parent,1,14,,0,0,,100,100,5.5,0,,435,775,,,,,,,61322967-H,,,,,,1,,,Size,100,,1,,,,,,,,,,,,,,,,,,,,,,,,,,,,,,,,,,,,,100,,,,,,,,,,,,,,,,,,,,,,,,103961,,,,,,,,,,,,,,,,,,,
57404,variation,61322987,,D-sign Rug 1P0039 Grey - 120,1,0,visible,,D-sign Rug 1P0039 Grey 120,,,taxable,parent,1,1,,0,0,,120,120,0.8,0,,500,895,,,,,,,61322967-H,,,,,,2,,,Size,120,,1,,,,,,,,,,,,,,,,,,,,,,,,,,,,,,,,,,,,,120,,,,,,,,,,,,,,,,,,,,,,,,104462,,,,,,,,,,,,,,,,,,,
57405,variation,61322978,,D-sign Rug 1P0039 Grey - 160,1,0,visible,,D-sign Rug 1P0039 Grey 160,,,taxable,parent,0,0,,0,0,,160,160,0.8,0,,683,1225,,,,,,,61322967-H,,,,,,3,,,Size,160,,1,,,,,,,,,,,,,,,,,,,,,,,,,,,,,,,,,,,,,160,,,,,,,,,,,,,,,,,,,,,,,,103962,,,,,,,,,,,,,,,,,,,
57406,variation,61322977,,D-sign Rug 1P0039 Grey - 200,1,0,visible,,D-sign Rug 1P0039 Grey 200,,,taxable,parent,1,1,,0,0,,200,200,0.8,0,,924,1655,,,,,,,61322967-H,,,,,,4,,,Size,200,,1,,,,,,,,,,,,,,,,,,,,,,,,,,,,,,,,,,,,,200,,,,,,,,,,,,,,,,,,,,,,,,103963,,,,,,,,,,,,,,,,,,,
57408,variation,61322980,,D-sign Rug 1P0038 Blue - 120,1,0,visible,,D-sign Rug 1P0038 Blue 120,,,taxable,parent,0,0,,0,0,,120,120,1.1,0,,666,1195,,,,,,,61322980-H,,,,,,1,,,Size,120,,1,,,,,,,,,,,,,,,,,,,,,,,,,,,,,,,,,,,,,120,,,,,,,,,,,,,,,,,,,,,,,,104005,,,,,,,,,,,,,,,,,,,
57409,variation,61322997,,D-sign Rug 1P0038 Blue - 160,1,0,visible,,D-sign Rug 1P0038 Blue 160,,,taxable,parent,1,23,,0,0,,160,160,5.5,0,,960,1725,,,,,,,61322980-H,,,,,,2,,,Size,160,,1,,,,,,,,,,,,,,,,,,,,,,,,,,,,,,,,,,,,,160,,,,,,,,,,,,,,,,,,,,,,,,104006,,,,,,,,,,,,,,,,,,,
57411,variable,61323004-H,,D-sign Rug 1P0044 Creme,1,0,visible,D-sign Rug 1P0044 Creme,D-sign Rug 1P0044 Creme,,,taxable,,1,,,0,0,,,,,1,,,,"Rooms > Bedroom, Rooms > Living room, Rugs > Modern, Rugs",,,"https://rugshop.eu/wp-content/uploads/2021/11/modern-carpet-rebec-fringe-51172a-two-levels-of-fleece-cream-navy.jpg, https://rugshop.eu/wp-content/uploads/2021/11/modern-carpet-rebec-fringe-51172a-two-levels-of-fleece-cream-navy-1.jpg, https://rugshop.eu/wp-content/uploads/2021/11/modern-carpet-rebec-fringe-51172a-two-levels-of-fleece-cream-navy-2.jpg, https://rugshop.eu/wp-content/uploads/2021/11/modern-carpet-rebec-fringe-51172a-two-levels-of-fleece-cream-navy-3.jpg, https://rugshop.eu/wp-content/uploads/2021/11/modern-carpet-rebec-fringe-51172a-two-levels-of-fleece-cream-navy-4.jpg",,,,,,,,,2375,,,Size,"120x170, 140x190, 160x220, 180x270, 200x290, 240x330, 280x370, 80x150",1,1,Brand,D-sign,1,1,Color,Black-Grey,1,1,Type of color,Multicolor,1,1,Shape,Rectangular,1,1,Material,Polyester,1,1,Type of rug,Modern,1,1,Weave,Machinemade,1,1,Age,New,1,1,,,,,,,,,,,,,,,,,,yes,yes,,,,,,,,,,,,,,,,,,,,,,,,,,,,,
57412,variation,61322976,,D-sign Rug 1P0038 Blue - 120,1,0,visible,,D-sign Rug 1P0038 Blue 120,,,taxable,parent,0,0,,0,0,,120,120,5.5,0,,666,1195,,,,,,,61322976-H,,,,,,1,,,Size,120,,1,,,,,,,,,,,,,,,,,,,,,,,,,,,,,,,,,,,,,120,,,,,,,,,,,,,,,,,,,,,,,,104010,,,,,,,,,,,,,,,,,,,
57413,variation,61323000,,D-sign Rug 1P0038 Blue - 160,1,0,visible,,D-sign Rug 1P0038 Blue 160,,,taxable,parent,1,13,,0,0,,160,160,5.5,0,,960,1725,,,,,,,61322976-H,,,,,,2,,,Size,160,,1,,,,,,,,,,,,,,,,,,,,,,,,,,,,,,,,,,,,,160,,,,,,,,,,,,,,,,,,,,,,,,104011,,,,,,,,,,,,,,,,,,,
57415,variation,61322979,,D-sign Rug 1P0043 Grey - 160,1,0,visible,,D-sign Rug 1P0043 Grey 160,,,taxable,parent,1,25,,0,0,,160,160,5.5,0,,666,1195,,,,,,,61322979-H,,,,,,1,,,Size,160,,1,,,,,,,,,,,,,,,,,,,,,,,,,,,,,,,,,,,,,160,,,,,,,,,,,,,,,,,,,,,,,,111058,,,,,,,,,,,,,,,,,,,
57416,variation,61322998,,D-sign Rug 1P0043 Grey - 160,1,0,visible,,D-sign Rug 1P0043 Grey 160,,,taxable,parent,1,18,,0,0,,160,160,5.5,0,,960,1725,,,,,,,61322979-H,,,,,,2,,,Size,160,,1,,,,,,,,,,,,,,,,,,,,,,,,,,,,,,,,,,,,,160,,,,,,,,,,,,,,,,,,,,,,,,111059,,,,,,,,,,,,,,,,,,,
57418,variation,61322981,,D-sign Rug 1P0044 Creme - 80x150,1,0,visible,,D-sign Rug 1P0044 Creme 80x150,,,taxable,parent,1,3,,0,0,,150,80,0.7,0,,748,1345,,,,,,,61322981-H,,,,,,1,,,Size,80x150,,1,,,,,,,,,,,,,,,,,,,,,,,,,,,,,,,,,,,,,80x150,,,,,,,,,,,,,,,,,,,,,,,,115976,,,,,,,,,,,,,,,,,,,
57419,variation,61322999,,D-sign Rug 1P0044 Creme - 120x170,1,0,visible,,D-sign Rug 1P0044 Creme 120x170,,,taxable,parent,0,0,,0,0,,170,120,0.7,0,,1090,1955,,,,,,,61322981-H,,,,,,2,,,Size,120x170,,1,,,,,,,,,,,,,,,,,,,,,,,,,,,,,,,,,,,,,120x170,,,,,,,,,,,,,,,,,,,,,,,,115977,,,,,,,,,,,,,,,,,,,
57420,variation,61322996,,D-sign Rug 1P0044 Creme - 140x190,1,0,visible,,D-sign Rug 1P0044 Creme 140x190,,,taxable,parent,0,0,,0,0,,190,140,0.7,0,,1335,2395,,,,,,,61322981-H,,,,,,3,,,Size,140x190,,1,,,,,,,,,,,,,,,,,,,,,,,,,,,,,,,,,,,,,140x190,,,,,,,,,,,,,,,,,,,,,,,,115978,,,,,,,,,,,,,,,,,,,
57421,variation,61322991,,D-sign Rug 1P0044 Creme - 160x220,1,0,visible,,D-sign Rug 1P0044 Creme 160x220,,,taxable,parent,0,0,,0,0,,220,160,0.7,0,,1677,3015,,,,,,,61322981-H,,,,,,4,,,Size,160x220,,1,,,,,,,,,,,,,,,,,,,,,,,,,,,,,,,,,,,,,160x220,,,,,,,,,,,,,,,,,,,,,,,,115979,,,,,,,,,,,,,,,,,,,
57422,variation,61322994,,D-sign Rug 1P0044 Creme - 180x270,1,0,visible,,D-sign Rug 1P0044 Creme 180x270,,,taxable,parent,0,0,,0,0,,270,180,0.7,0,,2215,3985,,,,,,,61322981-H,,,,,,5,,,Size,180x270,,1,,,,,,,,,,,,,,,,,,,,,,,,,,,,,,,,,,,,,180x270,,,,,,,,,,,,,,,,,,,,,,,,115980,,,,,,,,,,,,,,,,,,,
57423,variation,61322990,,D-sign Rug 1P0044 Creme - 200x290,1,0,visible,,D-sign Rug 1P0044 Creme 200x290,,,taxable,parent,0,0,,0,0,,290,200,0.7,0,,2590,4655,,,,,,,61322981-H,,,,,,6,,,Size,200x290,,1,,,,,,,,,,,,,,,,,,,,,,,,,,,,,,,,,,,,,200x290,,,,,,,,,,,,,,,,,,,,,,,,115981,,,,,,,,,,,,,,,,,,,
57424,variation,61322995,,D-sign Rug 1P0044 Creme - 240x330,1,0,visible,,D-sign Rug 1P0044 Creme 240x330,,,taxable,parent,0,0,,0,0,,330,240,0.7,0,,3506,6305,,,,,,,61322981-H,,,,,,7,,,Size,240x330,,1,,,,,,,,,,,,,,,,,,,,,,,,,,,,,,,,,,,,,240x330,,,,,,,,,,,,,,,,,,,,,,,,115982,,,,,,,,,,,,,,,,,,,
57425,variation,61322993,,D-sign Rug 1P0044 Creme - 280x370,1,0,visible,,D-sign Rug 1P0044 Creme 280x370,,,taxable,parent,1,2,,0,0,,370,280,0.7,0,,4468,8035,,,,,,,61322981-H,,,,,,8,,,Size,280x370,,1,,,,,,,,,,,,,,,,,,,,,,,,,,,,,,,,,,,,,280x370,,,,,,,,,,,,,,,,,,,,,,,,115983,,,,,,,,,,,,,,,,,,,
57429,variation,61322992,,D-sign Rug 1P0044 Creme - 80x150,1,0,visible,,D-sign Rug 1P0044 Creme 80x150,,,taxable,parent,1,1,,0,0,,150,80,0.7,0,,748,1345,,,,,,,61322992-H,,,,,,1,,,Size,80x150,,1,,,,,,,,,,,,,,,,,,,,,,,,,,,,,,,,,,,,,80x150,,,,,,,,,,,,,,,,,,,,,,,,115984,,,,,,,,,,,,,,,,,,,
57430,variation,61323011,,D-sign Rug 1P0044 Creme - 120x170,1,0,visible,,D-sign Rug 1P0044 Creme 120x170,,,taxable,parent,0,0,,0,0,,170,120,0.7,0,,1090,1955,,,,,,,61322992-H,,,,,,2,,,Size,120x170,,1,,,,,,,,,,,,,,,,,,,,,,,,,,,,,,,,,,,,,120x170,,,,,,,,,,,,,,,,,,,,,,,,115985,,,,,,,,,,,,,,,,,,,
57431,variation,61323006,,D-sign Rug 1P0044 Creme - 140x190,1,0,visible,,D-sign Rug 1P0044 Creme 140x190,,,taxable,parent,0,0,,0,0,,190,140,0.7,0,,1335,2395,,,,,,,61322992-H,,,,,,3,,,Size,140x190,,1,,,,,,,,,,,,,,,,,,,,,,,,,,,,,,,,,,,,,140x190,,,,,,,,,,,,,,,,,,,,,,,,115986,,,,,,,,,,,,,,,,,,,
57432,variation,61323009,,D-sign Rug 1P0044 Creme - 160x220,1,0,visible,,D-sign Rug 1P0044 Creme 160x220,,,taxable,parent,0,0,,0,0,,220,160,0.7,0,,1677,3015,,,,,,,61322992-H,,,,,,4,,,Size,160x220,,1,,,,,,,,,,,,,,,,,,,,,,,,,,,,,,,,,,,,,160x220,,,,,,,,,,,,,,,,,,,,,,,,115987,,,,,,,,,,,,,,,,,,,
57433,variation,61323001,,D-sign Rug 1P0044 Creme - 180x270,1,0,visible,,D-sign Rug 1P0044 Creme 180x270,,,taxable,parent,0,0,,0,0,,270,180,0.7,0,,2215,3985,,,,,,,61322992-H,,,,,,5,,,Size,180x270,,1,,,,,,,,,,,,,,,,,,,,,,,,,,,,,,,,,,,,,180x270,,,,,,,,,,,,,,,,,,,,,,,,115988,,,,,,,,,,,,,,,,,,,
57434,variation,61323002,,D-sign Rug 1P0044 Creme - 200x290,1,0,visible,,D-sign Rug 1P0044 Creme 200x290,,,taxable,parent,0,0,,0,0,,290,200,0.7,0,,2590,4655,,,,,,,61322992-H,,,,,,6,,,Size,200x290,,1,,,,,,,,,,,,,,,,,,,,,,,,,,,,,,,,,,,,,200x290,,,,,,,,,,,,,,,,,,,,,,,,115989,,,,,,,,,,,,,,,,,,,
57435,variation,61323003,,D-sign Rug 1P0044 Creme - 240x330,1,0,visible,,D-sign Rug 1P0044 Creme 240x330,,,taxable,parent,0,0,,0,0,,330,240,0.7,0,,3506,6305,,,,,,,61322992-H,,,,,,7,,,Size,240x330,,1,,,,,,,,,,,,,,,,,,,,,,,,,,,,,,,,,,,,,240x330,,,,,,,,,,,,,,,,,,,,,,,,115990,,,,,,,,,,,,,,,,,,,
57436,variation,61323005,,D-sign Rug 1P0044 Creme - 280x370,1,0,visible,,D-sign Rug 1P0044 Creme 280x370,,,taxable,parent,0,0,,0,0,,370,280,0.7,0,,4468,8035,,,,,,,61322992-H,,,,,,8,,,Size,280x370,,1,,,,,,,,,,,,,,,,,,,,,,,,,,,,,,,,,,,,,280x370,,,,,,,,,,,,,,,,,,,,,,,,115991,,,,,,,,,,,,,,,,,,,
57438,variation,61323004,,D-sign Rug 1P0044 Creme - 80x150,1,0,visible,,D-sign Rug 1P0044 Creme 80x150,,,taxable,parent,1,1,,0,0,,150,80,0.7,0,,748,1345,,,,,,,61323004-H,,,,,,1,,,Size,80x150,,1,,,,,,,,,,,,,,,,,,,,,,,,,,,,,,,,,,,,,80x150,,,,,,,,,,,,,,,,,,,,,,,,115992,,,,,,,,,,,,,,,,,,,
57439,variation,61323013,,D-sign Rug 1P0044 Creme - 120x170,1,0,visible,,D-sign Rug 1P0044 Creme 120x170,,,taxable,parent,0,0,,0,0,,170,120,0.7,0,,1090,1955,,,,,,,61323004-H,,,,,,2,,,Size,120x170,,1,,,,,,,,,,,,,,,,,,,,,,,,,,,,,,,,,,,,,120x170,,,,,,,,,,,,,,,,,,,,,,,,115993,,,,,,,,,,,,,,,,,,,
57440,variation,61323010,,D-sign Rug 1P0044 Creme - 140x190,1,0,visible,,D-sign Rug 1P0044 Creme 140x190,,,taxable,parent,0,0,,0,0,,190,140,0.7,0,,1335,2395,,,,,,,61323004-H,,,,,,3,,,Size,140x190,,1,,,,,,,,,,,,,,,,,,,,,,,,,,,,,,,,,,,,,140x190,,,,,,,,,,,,,,,,,,,,,,,,115994,,,,,,,,,,,,,,,,,,,
57441,variation,61323008,,D-sign Rug 1P0044 Creme - 160x220,1,0,visible,,D-sign Rug 1P0044 Creme 160x220,,,taxable,parent,0,0,,0,0,,220,160,0.7,0,,1677,3015,,,,,,,61323004-H,,,,,,4,,,Size,160x220,,1,,,,,,,,,,,,,,,,,,,,,,,,,,,,,,,,,,,,,160x220,,,,,,,,,,,,,,,,,,,,,,,,115995,,,,,,,,,,,,,,,,,,,
57442,variation,61323007,,D-sign Rug 1P0044 Creme - 180x270,1,0,visible,,D-sign Rug 1P0044 Creme 180x270,,,taxable,parent,0,0,,0,0,,270,180,0.7,0,,2215,3985,,,,,,,61323004-H,,,,,,5,,,Size,180x270,,1,,,,,,,,,,,,,,,,,,,,,,,,,,,,,,,,,,,,,180x270,,,,,,,,,,,,,,,,,,,,,,,,115996,,,,,,,,,,,,,,,,,,,
57443,variation,61323012,,D-sign Rug 1P0044 Creme - 200x290,1,0,visible,,D-sign Rug 1P0044 Creme 200x290,,,taxable,parent,0,0,,0,0,,290,200,0.7,0,,2590,4655,,,,,,,61323004-H,,,,,,6,,,Size,200x290,,1,,,,,,,,,,,,,,,,,,,,,,,,,,,,,,,,,,,,,200x290,,,,,,,,,,,,,,,,,,,,,,,,115997,,,,,,,,,,,,,,,,,,,
57444,variation,61323016,,D-sign Rug 1P0044 Creme - 240x330,1,0,visible,,D-sign Rug 1P0044 Creme 240x330,,,taxable,parent,1,2,,0,0,,330,240,0.7,0,,3506,6305,,,,,,,61323004-H,,,,,,7,,,Size,240x330,,1,,,,,,,,,,,,,,,,,,,,,,,,,,,,,,,,,,,,,240x330,,,,,,,,,,,,,,,,,,,,,,,,115998,,,,,,,,,,,,,,,,,,,
57445,variation,61323014,,D-sign Rug 1P0044 Creme - 280x370,1,0,visible,,D-sign Rug 1P0044 Creme 280x370,,,taxable,parent,1,3,,0,0,,370,280,0.7,0,,4468,8035,,,,,,,61323004-H,,,,,,8,,,Size,280x370,,1,,,,,,,,,,,,,,,,,,,,,,,,,,,,,,,,,,,,,280x370,,,,,,,,,,,,,,,,,,,,,,,,115999,,,,,,,,,,,,,,,,,,,
57477,variable,61323051-H,,D-sign Rug 1P0045 Creme,1,0,visible,D-sign Rug 1P0045 Creme,D-sign Rug 1P0045 Creme,,,taxable,,1,,,0,0,,,,,1,,,,"Rooms > Bedroom, Rooms > Living room, Rugs > Modern, Rugs",,,"https://rugshop.eu/wp-content/uploads/2021/11/modern-carpet-rebec-fringe-51192a-two-levels-of-fleece-cream-grey.jpg, https://rugshop.eu/wp-content/uploads/2021/11/modern-carpet-rebec-fringe-51192a-two-levels-of-fleece-cream-grey-1.jpg, https://rugshop.eu/wp-content/uploads/2021/11/modern-carpet-rebec-fringe-51192a-two-levels-of-fleece-cream-grey-2.jpg, https://rugshop.eu/wp-content/uploads/2021/11/modern-carpet-rebec-fringe-51192a-two-levels-of-fleece-cream-grey-3.jpg, https://rugshop.eu/wp-content/uploads/2021/11/modern-carpet-rebec-fringe-51192a-two-levels-of-fleece-cream-grey-4.jpg",,,,,,,,,2381,,,Size,"120x170, 140x190, 160x220, 180x270, 200x290, 240x330, 280x370, 80x150",1,1,Brand,D-sign,1,1,Color,White-Beige,1,1,Type of color,Multicolor,1,1,Shape,Rectangular,1,1,Material,Polyester,1,1,Type of rug,Modern,1,1,Weave,Machinemade,1,1,Age,New,1,1,,,,,,,,,,,,,,,,,,yes,yes,,,,,,,,,,,,,,,,,,,,,,,,,,,,,
57478,variable,61323293-H,,D-sign Rug 1P0047 Grey,1,0,visible,D-sign Rug 1P0047 Grey,D-sign Rug 1P0047 Grey,,,taxable,,1,,,0,0,,,,,1,,,,"Rooms > Bedroom, Rooms > Living room, Rugs > Modern, Rugs",,,"https://rugshop.eu/wp-content/uploads/2021/11/carpet-sizal-floorlux-20605-silver-black-beige-triangles-geometric.jpg, https://rugshop.eu/wp-content/uploads/2021/11/carpet-sizal-floorlux-20605-silver-black-beige-triangles-geometric-1.jpg, https://rugshop.eu/wp-content/uploads/2021/11/carpet-sizal-floorlux-20605-silver-black-beige-triangles-geometric-2.jpg, https://rugshop.eu/wp-content/uploads/2021/11/carpet-sizal-floorlux-20605-silver-black-beige-triangles-geometric-3.jpg, https://rugshop.eu/wp-content/uploads/2021/11/carpet-sizal-floorlux-20605-silver-black-beige-triangles-geometric-4.jpg",,,,,,,,,2382,,,Size,"120x170, 140x200, 160x230, 200x290, 240x330, 60x110, 80x150",1,1,Brand,D-sign,1,1,Color,White-Beige,1,1,Type of color,Multicolor,1,1,Shape,Rectangular,1,1,Material,Polypropylene,1,1,Type of rug,Modern,1,1,Weave,Machinemade,1,1,Age,New,1,1,,,,,,,,,,,,,,,,,,yes,yes,,,,,,,,,,,,,,,,,,,,,,,,,,,,,
57497,variation,61323051,,D-sign Rug 1P0045 Creme - 80x150,1,0,visible,,D-sign Rug 1P0045 Creme 80x150,,,taxable,parent,0,0,,0,0,,150,80,0.7,0,,748,1345,,,,,,,61323051-H,,,,,,1,,,Size,80x150,,1,,,,,,,,,,,,,,,,,,,,,,,,,,,,,,,,,,,,,80x150,,,,,,,,,,,,,,,,,,,,,,,,116581,,,,,,,,,,,,,,,,,,,
57498,variation,61323059,,D-sign Rug 1P0045 Creme - 120x170,1,0,visible,,D-sign Rug 1P0045 Creme 120x170,,,taxable,parent,0,0,,0,0,,170,120,0.7,0,,1090,1955,,,,,,,61323051-H,,,,,,2,,,Size,120x170,,1,,,,,,,,,,,,,,,,,,,,,,,,,,,,,,,,,,,,,120x170,,,,,,,,,,,,,,,,,,,,,,,,116582,,,,,,,,,,,,,,,,,,,
57499,variation,61323074,,D-sign Rug 1P0045 Creme - 140x190,1,0,visible,,D-sign Rug 1P0045 Creme 140x190,,,taxable,parent,0,0,,0,0,,190,140,0.7,0,,1335,2395,,,,,,,61323051-H,,,,,,3,,,Size,140x190,,1,,,,,,,,,,,,,,,,,,,,,,,,,,,,,,,,,,,,,140x190,,,,,,,,,,,,,,,,,,,,,,,,116583,,,,,,,,,,,,,,,,,,,
57500,variation,61323057,,D-sign Rug 1P0045 Creme - 160x220,1,0,visible,,D-sign Rug 1P0045 Creme 160x220,,,taxable,parent,0,0,,0,0,,220,160,0.7,0,,1677,3015,,,,,,,61323051-H,,,,,,4,,,Size,160x220,,1,,,,,,,,,,,,,,,,,,,,,,,,,,,,,,,,,,,,,160x220,,,,,,,,,,,,,,,,,,,,,,,,116584,,,,,,,,,,,,,,,,,,,
57501,variation,61323060,,D-sign Rug 1P0045 Creme - 180x270,1,0,visible,,D-sign Rug 1P0045 Creme 180x270,,,taxable,parent,0,0,,0,0,,270,180,0.7,0,,2215,3985,,,,,,,61323051-H,,,,,,5,,,Size,180x270,,1,,,,,,,,,,,,,,,,,,,,,,,,,,,,,,,,,,,,,180x270,,,,,,,,,,,,,,,,,,,,,,,,116585,,,,,,,,,,,,,,,,,,,
57502,variation,61323056,,D-sign Rug 1P0045 Creme - 200x290,1,0,visible,,D-sign Rug 1P0045 Creme 200x290,,,taxable,parent,0,0,,0,0,,290,200,0.7,0,,2590,4655,,,,,,,61323051-H,,,,,,6,,,Size,200x290,,1,,,,,,,,,,,,,,,,,,,,,,,,,,,,,,,,,,,,,200x290,,,,,,,,,,,,,,,,,,,,,,,,116586,,,,,,,,,,,,,,,,,,,
57503,variable,61323308-H,,D-sign Rug 1P0048 Creme,1,0,visible,D-sign Rug 1P0048 Creme,D-sign Rug 1P0048 Creme,,,taxable,,1,,,0,0,,,,,1,,,,"Rooms > Bedroom, Rooms > Living room, Rugs, Rugs > Sisal",,,"https://rugshop.eu/wp-content/uploads/2021/11/carpet-sisal-bordero-2901-flat-woven-ecru-taupe.jpg, https://rugshop.eu/wp-content/uploads/2021/11/carpet-sisal-bordero-2901-flat-woven-ecru-taupe-1.jpg, https://rugshop.eu/wp-content/uploads/2021/11/carpet-sisal-bordero-2901-flat-woven-ecru-taupe-2.jpg, https://rugshop.eu/wp-content/uploads/2021/11/carpet-sisal-bordero-2901-flat-woven-ecru-taupe-3.jpg, https://rugshop.eu/wp-content/uploads/2021/11/carpet-sisal-bordero-2901-flat-woven-ecru-taupe-4.jpg",,,,,,,,,2383,,,Size,"120x170, 140x190, 160x220, 180x270, 200x290, 80x150",1,1,Brand,D-sign,1,1,Color,White-Beige,1,1,Type of color,Multicolor,1,1,Shape,Rectangular,1,1,Material,Polypropylene,1,1,Type of rug,Sisal,1,1,Weave,Machinemade,1,1,Age,New,1,1,,,,,,,,,,,,,,,,,,yes,yes,,,,,,,,,,,,,,,,,,,,,,,,,,,,,
57504,variable,61323314-H,,D-sign Rug 1P0049 Brown,1,0,visible,D-sign Rug 1P0049 Brown,D-sign Rug 1P0049 Brown,,,taxable,,1,,,0,0,,,,,1,,,,"Rooms > Bedroom, Rooms > Living room, Rugs, Rugs > Sisal",,,"https://rugshop.eu/wp-content/uploads/2021/11/carpet-sisal-bordero-2907-flat-woven-taupe-cream.jpg, https://rugshop.eu/wp-content/uploads/2021/11/carpet-sisal-bordero-2907-flat-woven-taupe-cream-1.jpg, https://rugshop.eu/wp-content/uploads/2021/11/carpet-sisal-bordero-2907-flat-woven-taupe-cream-2.jpg, https://rugshop.eu/wp-content/uploads/2021/11/carpet-sisal-bordero-2907-flat-woven-taupe-cream-3.jpg, https://rugshop.eu/wp-content/uploads/2021/11/carpet-sisal-bordero-2907-flat-woven-taupe-cream-4.jpg",,,,,,,,,2384,,,Size,"120x170, 140x190, 160x220, 180x270, 200x290, 80x150",1,1,Brand,D-sign,1,1,Color,White-Beige,1,1,Type of color,Multicolor,1,1,Shape,Rectangular,1,1,Material,Polypropylene,1,1,Type of rug,Sisal,1,1,Weave,Machinemade,1,1,Age,New,1,1,,,,,,,,,,,,,,,,,,yes,yes,,,,,,,,,,,,,,,,,,,,,,,,,,,,,
57505,variable,61323313-H,,D-sign Rug 1P0050 Grey,1,0,visible,D-sign Rug 1P0050 Grey,D-sign Rug 1P0050 Grey,,,taxable,,1,,,0,0,,,,,1,,,,"Rooms > Bedroom, Rooms > Living room, Rugs > Modern, Rugs",,,"https://rugshop.eu/wp-content/uploads/2021/11/carpet-tine-75313c-rock-stone-modern-irregular-shape-dark-grey-light-grey.jpg, https://rugshop.eu/wp-content/uploads/2021/11/carpet-tine-75313c-rock-stone-modern-irregular-shape-dark-grey-light-grey-1.jpg, https://rugshop.eu/wp-content/uploads/2021/11/carpet-tine-75313c-rock-stone-modern-irregular-shape-dark-grey-light-grey-2.jpg, https://rugshop.eu/wp-content/uploads/2021/11/carpet-tine-75313c-rock-stone-modern-irregular-shape-dark-grey-light-grey-3.jpg, https://rugshop.eu/wp-content/uploads/2021/11/carpet-tine-75313c-rock-stone-modern-irregular-shape-dark-grey-light-grey-4.jpg",,,,,,,,,2385,,,Size,"160x160, 195x195",1,1,Brand,D-sign,1,1,Color,"Black-Grey, White-Beige",1,1,Type of color,Multicolor,1,1,Shape,"Other, Round",1,1,Material,Polyester,1,1,Type of rug,Modern,1,1,Weave,Machinemade,1,1,Age,New,1,1,,,,,,,,,,,,,,,,,,yes,yes,,,,,,,,,classic-editor,,,,,,,,,,,,,,,,,,,,
57507,variation,61323053,,D-sign Rug 1P0045 Creme - 240x330,1,0,visible,,D-sign Rug 1P0045 Creme 240x330,,,taxable,parent,1,1,,0,0,,330,240,0.7,0,,3506,6305,,,,,,,61323051-H,,,,,,7,,,Size,240x330,,1,,,,,,,,,,,,,,,,,,,,,,,,,,,,,,,,,,,,,240x330,,,,,,,,,,,,,,,,,,,,,,,,116587,,,,,,,,,,,,,,,,,,,
57508,variation,61323077,,D-sign Rug 1P0045 Creme - 280x370,1,0,visible,,D-sign Rug 1P0045 Creme 280x370,,,taxable,parent,1,3,,0,0,,370,280,0.7,0,,4468,8035,,,,,,,61323051-H,,,,,,8,,,Size,280x370,,1,,,,,,,,,,,,,,,,,,,,,,,,,,,,,,,,,,,,,280x370,,,,,,,,,,,,,,,,,,,,,,,,116588,,,,,,,,,,,,,,,,,,,
57510,variation,61323293,,D-sign Rug 1P0047 Grey - 60x110,1,0,visible,,D-sign Rug 1P0047 Grey 60x110,,,taxable,parent,1,29,,0,0,,110,60,0.6,0,,422,755,,,,,,,61323293-H,,,,,,1,,,Size,60x110,,1,,,,,,,,,,,,,,,,,,,,,,,,,,,,,,,,,,,,,60x110,,,,,,,,,,,,,,,,,,,,,,,,126845,,,,,,,,,,,,,,,,,,,
57511,variation,61323301,,D-sign Rug 1P0047 Grey - 80x150,1,0,visible,,D-sign Rug 1P0047 Grey 80x150,,,taxable,parent,1,35,,0,0,,150,80,0.6,0,,533,955,,,,,,,61323293-H,,,,,,2,,,Size,80x150,,1,,,,,,,,,,,,,,,,,,,,,,,,,,,,,,,,,,,,,80x150,,,,,,,,,,,,,,,,,,,,,,,,126846,,,,,,,,,,,,,,,,,,,
57512,variation,61323303,,D-sign Rug 1P0047 Grey - 120x170,1,0,visible,,D-sign Rug 1P0047 Grey 120x170,,,taxable,parent,1,22,,0,0,,170,120,0.6,0,,696,1245,,,,,,,61323293-H,,,,,,3,,,Size,120x170,,1,,,,,,,,,,,,,,,,,,,,,,,,,,,,,,,,,,,,,120x170,,,,,,,,,,,,,,,,,,,,,,,,126847,,,,,,,,,,,,,,,,,,,
57513,variation,61323304,,D-sign Rug 1P0047 Grey - 140x200,1,0,visible,,D-sign Rug 1P0047 Grey 140x200,,,taxable,parent,1,1,,0,0,,200,140,0.6,0,,859,1545,,,,,,,61323293-H,,,,,,4,,,Size,140x200,,1,,,,,,,,,,,,,,,,,,,,,,,,,,,,,,,,,,,,,140x200,,,,,,,,,,,,,,,,,,,,,,,,126848,,,,,,,,,,,,,,,,,,,
57514,variation,61323306,,D-sign Rug 1P0047 Grey - 160x230,1,0,visible,,D-sign Rug 1P0047 Grey 160x230,,,taxable,parent,1,6,,0,0,,230,160,0.6,0,,1054,1895,,,,,,,61323293-H,,,,,,5,,,Size,160x230,,1,,,,,,,,,,,,,,,,,,,,,,,,,,,,,,,,,,,,,160x230,,,,,,,,,,,,,,,,,,,,,,,,126849,,,,,,,,,,,,,,,,,,,
57515,variation,61323307,,D-sign Rug 1P0047 Grey - 200x290,1,0,visible,,D-sign Rug 1P0047 Grey 200x290,,,taxable,parent,1,8,,0,0,,290,200,0.6,0,,1511,2715,,,,,,,61323293-H,,,,,,6,,,Size,200x290,,1,,,,,,,,,,,,,,,,,,,,,,,,,,,,,,,,,,,,,200x290,,,,,,,,,,,,,,,,,,,,,,,,126850,,,,,,,,,,,,,,,,,,,
57516,variation,61323305,,D-sign Rug 1P0047 Grey - 240x330,1,0,visible,,D-sign Rug 1P0047 Grey 240x330,,,taxable,parent,1,17,,0,0,,330,240,0.6,0,,1967,3535,,,,,,,61323293-H,,,,,,7,,,Size,240x330,,1,,,,,,,,,,,,,,,,,,,,,,,,,,,,,,,,,,,,,240x330,,,,,,,,,,,,,,,,,,,,,,,,126851,,,,,,,,,,,,,,,,,,,
57518,variation,61323308,,D-sign Rug 1P0048 Creme - 80x150,1,0,visible,,D-sign Rug 1P0048 Creme 80x150,,,taxable,parent,1,17,,0,0,,150,80,0.7,0,,894,1605,,,,,,,61323308-H,,,,,,1,,,Size,80x150,,1,,,,,,,,,,,,,,,,,,,,,,,,,,,,,,,,,,,,,80x150,,,,,,,,,,,,,,,,,,,,,,,,129050,,,,,,,,,,,,,,,,,,,
57519,variation,61323312,,D-sign Rug 1P0048 Creme - 120x170,1,0,visible,,D-sign Rug 1P0048 Creme 120x170,,,taxable,parent,1,8,,0,0,,170,120,0.7,0,,1318,2365,,,,,,,61323308-H,,,,,,2,,,Size,120x170,,1,,,,,,,,,,,,,,,,,,,,,,,,,,,,,,,,,,,,,120x170,,,,,,,,,,,,,,,,,,,,,,,,129051,,,,,,,,,,,,,,,,,,,
57520,variation,61323311,,D-sign Rug 1P0048 Creme - 140x190,1,0,visible,,D-sign Rug 1P0048 Creme 140x190,,,taxable,parent,1,10,,0,0,,190,140,0.7,0,,1644,2955,,,,,,,61323308-H,,,,,,3,,,Size,140x190,,1,,,,,,,,,,,,,,,,,,,,,,,,,,,,,,,,,,,,,140x190,,,,,,,,,,,,,,,,,,,,,,,,129052,,,,,,,,,,,,,,,,,,,
57521,variation,61323309,,D-sign Rug 1P0048 Creme - 160x220,1,0,visible,,D-sign Rug 1P0048 Creme 160x220,,,taxable,parent,1,5,,0,0,,220,160,0.7,0,,2068,3715,,,,,,,61323308-H,,,,,,4,,,Size,160x220,,1,,,,,,,,,,,,,,,,,,,,,,,,,,,,,,,,,,,,,160x220,,,,,,,,,,,,,,,,,,,,,,,,129061,,,,,,,,,,,,,,,,,,,
57522,variation,61323310,,D-sign Rug 1P0048 Creme - 180x270,1,0,visible,,D-sign Rug 1P0048 Creme 180x270,,,taxable,parent,0,0,,0,0,,270,180,0.7,0,,2753,4955,,,,,,,61323308-H,,,,,,5,,,Size,180x270,,1,,,,,,,,,,,,,,,,,,,,,,,,,,,,,,,,,,,,,180x270,,,,,,,,,,,,,,,,,,,,,,,,129062,,,,,,,,,,,,,,,,,,,
57523,variation,61323316,,D-sign Rug 1P0048 Creme - 200x290,1,0,visible,,D-sign Rug 1P0048 Creme 200x290,,,taxable,parent,0,0,,0,0,,290,200,0.7,0,,3242,5835,,,,,,,61323308-H,,,,,,6,,,Size,200x290,,1,,,,,,,,,,,,,,,,,,,,,,,,,,,,,,,,,,,,,200x290,,,,,,,,,,,,,,,,,,,,,,,,129162,,,,,,,,,,,,,,,,,,,
57526,variable,61323323-H,,D-sign Rug 1P0052 Brown,1,0,visible,D-sign Rug 1P0052 Brown,D-sign Rug 1P0052 Brown,,,taxable,,1,,,0,0,,,,,1,,,,"Rooms > Bedroom, Rooms > Living room, Rugs > Modern, Rugs",,,"https://rugshop.eu/wp-content/uploads/2021/11/carpet-tine-75312a-tree-wood-modern-irregular-shape-terracotta-blue.jpg, https://rugshop.eu/wp-content/uploads/2021/11/carpet-tine-75312a-tree-wood-modern-irregular-shape-terracotta-blue-1.jpg, https://rugshop.eu/wp-content/uploads/2021/11/carpet-tine-75312a-tree-wood-modern-irregular-shape-terracotta-blue-2.jpg, https://rugshop.eu/wp-content/uploads/2021/11/carpet-tine-75312a-tree-wood-modern-irregular-shape-terracotta-blue-3.jpg, https://rugshop.eu/wp-content/uploads/2021/11/carpet-tine-75312a-tree-wood-modern-irregular-shape-terracotta-blue-4.jpg",,,,,,,,,2388,,,Size,"160x220, 195x290",1,1,Brand,D-sign,1,1,Color,"Black-Grey, White-Beige",1,1,Type of color,Multicolor,1,1,Shape,Rectangular,1,1,Material,Polyester,1,1,Type of rug,Modern,1,1,Weave,Machinemade,1,1,Age,New,1,1,,,,,,,,,,,,,,,,,,yes,yes,,,,,,,,,,,,,,,,,,,,,,,,,,,,,
57527,variable,61323327-H,,D-sign Rug 1P0053 Grey,1,0,visible,D-sign Rug 1P0053 Grey,D-sign Rug 1P0053 Grey,,,taxable,,1,,,0,0,,,,,1,,,,"Rooms > Bedroom, Rooms > Living room, Rugs > Modern, Rugs",,,"https://rugshop.eu/wp-content/uploads/2021/11/carpet-tine-75313b-rock-stone-modern-irregular-shape-dark-grey-light-grey.jpg, https://rugshop.eu/wp-content/uploads/2021/11/carpet-tine-75313b-rock-stone-modern-irregular-shape-dark-grey-light-grey-1.jpg, https://rugshop.eu/wp-content/uploads/2021/11/carpet-tine-75313b-rock-stone-modern-irregular-shape-dark-grey-light-grey-2.jpg, https://rugshop.eu/wp-content/uploads/2021/11/carpet-tine-75313b-rock-stone-modern-irregular-shape-dark-grey-light-grey-3.jpg, https://rugshop.eu/wp-content/uploads/2021/11/carpet-tine-75313b-rock-stone-modern-irregular-shape-dark-grey-light-grey-4.jpg",,,,,,,,,2389,,,Size,"160x220, 195x290",1,1,Brand,D-sign,1,1,Color,"Black-Grey, White-Beige",1,1,Type of color,Multicolor,1,1,Shape,Rectangular,1,1,Material,Polyester,1,1,Type of rug,Modern,1,1,Weave,Machinemade,1,1,Age,New,1,1,,,,,,,,,,,,,,,,,,yes,yes,,,,,,,,,,,,,,,,,,,,,,,,,,,,,
57528,variable,61323326-H,,D-sign Rug 1P0054 Carem,1,0,visible,D-sign Rug 1P0054 Carem,D-sign Rug 1P0054 Carem,,,taxable,,1,,,0,0,,,,,1,,,,"Rooms > Bedroom, Rooms > Living room, Rugs > Modern, Rugs",,,"https://rugshop.eu/wp-content/uploads/2021/11/carpet-tine-75417b-rock-stone-modern-irregular-shape-cream-grey.jpg, https://rugshop.eu/wp-content/uploads/2021/11/carpet-tine-75417b-rock-stone-modern-irregular-shape-cream-grey-1.jpg, https://rugshop.eu/wp-content/uploads/2021/11/carpet-tine-75417b-rock-stone-modern-irregular-shape-cream-grey-2.jpg, https://rugshop.eu/wp-content/uploads/2021/11/carpet-tine-75417b-rock-stone-modern-irregular-shape-cream-grey-3.jpg, https://rugshop.eu/wp-content/uploads/2021/11/carpet-tine-75417b-rock-stone-modern-irregular-shape-cream-grey-4.jpg",,,,,,,,,2390,,,Size,"160x160, 195x195",1,1,Brand,D-sign,1,1,Color,"Black-Grey, White-Beige",1,1,Type of color,Multicolor,1,1,Shape,"Other, Round",1,1,Material,Polyester,1,1,Type of rug,Modern,1,1,Weave,Machinemade,1,1,Age,New,1,1,,,,,,,,,,,,,,,,,,yes,yes,,,,,,,,,classic-editor,,,,,,,,,,,,,,,,,,,,
57529,variable,61323328-H,,D-sign Rug 1P0055 Grey,1,0,visible,D-sign Rug 1P0055 Grey,D-sign Rug 1P0055 Grey,,,taxable,,1,,,0,0,,,,,1,,,,"Rooms > Bedroom, Rooms > Living room, Rugs > Modern, Rugs",,,"https://rugshop.eu/wp-content/uploads/2021/11/carpet-tine-75419a-mosaic-modern-irregular-shape-grey-yellow.jpg, https://rugshop.eu/wp-content/uploads/2021/11/carpet-tine-75419a-mosaic-modern-irregular-shape-grey-yellow-1.jpg, https://rugshop.eu/wp-content/uploads/2021/11/carpet-tine-75419a-mosaic-modern-irregular-shape-grey-yellow-2.jpg, https://rugshop.eu/wp-content/uploads/2021/11/carpet-tine-75419a-mosaic-modern-irregular-shape-grey-yellow-3.jpg, https://rugshop.eu/wp-content/uploads/2021/11/carpet-tine-75419a-mosaic-modern-irregular-shape-grey-yellow-4.jpg",,,,,,,,,2391,,,Size,"160x220, 195x290",1,1,Brand,D-sign,1,1,Color,"Black-Grey, White-Beige",1,1,Type of color,Multicolor,1,1,Shape,Rectangular,1,1,Material,Polyester,1,1,Type of rug,Modern,1,1,Weave,Machinemade,1,1,Age,New,1,1,,,,,,,,,,,,,,,,,,yes,yes,,,,,,,,,,,,,,,,,,,,,,,,,,,,,
57530,variable,61323336-H,,D-sign Rug 1P0055 Grey,1,0,visible,D-sign Rug 1P0055 Grey,D-sign Rug 1P0055 Grey,,,taxable,,1,,,0,0,,,,,1,,,,"Rooms > Bedroom, Rooms > Living room, Rugs > Modern, Rugs, Rugs > Vintage",,,"https://rugshop.eu/wp-content/uploads/2021/11/carpet-tine-75425b-frame-vintage-modern-irregular-shape-grey-navy.jpg, https://rugshop.eu/wp-content/uploads/2021/11/carpet-tine-75425b-frame-vintage-modern-irregular-shape-grey-navy-1.jpg, https://rugshop.eu/wp-content/uploads/2021/11/carpet-tine-75425b-frame-vintage-modern-irregular-shape-grey-navy-2.jpg, https://rugshop.eu/wp-content/uploads/2021/11/carpet-tine-75425b-frame-vintage-modern-irregular-shape-grey-navy-3.jpg, https://rugshop.eu/wp-content/uploads/2021/11/carpet-tine-75425b-frame-vintage-modern-irregular-shape-grey-navy-4.jpg",,,,,,,,,2392,,,Size,"160x160, 195x195",1,1,Brand,D-sign,1,1,Color,"Black-Grey, White-Beige",1,1,Type of color,Multicolor,1,1,Shape,Other,1,1,Material,Polyester,1,1,Type of rug,"Modern, Vintage / Colored Vintage",1,1,Weave,Machinemade,1,1,Age,New,1,1,,,,,,,,,,,,,,,,,,yes,yes,,,,,,,,,classic-editor,,,,,,,,,,,,,,,,,,,,
57531,variation,61323314,,D-sign Rug 1P0049 Brown - 80x150,1,0,visible,,D-sign Rug 1P0049 Brown 80x150,,,taxable,parent,1,8,,0,0,,150,80,0.7,0,,894,1605,,,,,,,61323314-H,,,,,,1,,,Size,80x150,,1,,,,,,,,,,,,,,,,,,,,,,,,,,,,,,,,,,,,,80x150,,,,,,,,,,,,,,,,,,,,,,,,130463,,,,,,,,,,,,,,,,,,,
57532,variation,61323317,,D-sign Rug 1P0049 Brown - 120x170,1,0,visible,,D-sign Rug 1P0049 Brown 120x170,,,taxable,parent,1,5,,0,0,,170,120,0.7,0,,1318,2365,,,,,,,61323314-H,,,,,,2,,,Size,120x170,,1,,,,,,,,,,,,,,,,,,,,,,,,,,,,,,,,,,,,,120x170,,,,,,,,,,,,,,,,,,,,,,,,130464,,,,,,,,,,,,,,,,,,,
57533,variation,61323319,,D-sign Rug 1P0049 Brown - 140x190,1,0,visible,,D-sign Rug 1P0049 Brown 140x190,,,taxable,parent,1,7,,0,0,,190,140,0.7,0,,1644,2955,,,,,,,61323314-H,,,,,,3,,,Size,140x190,,1,,,,,,,,,,,,,,,,,,,,,,,,,,,,,,,,,,,,,140x190,,,,,,,,,,,,,,,,,,,,,,,,130465,,,,,,,,,,,,,,,,,,,
57534,variation,61323321,,D-sign Rug 1P0049 Brown - 160x220,1,0,visible,,D-sign Rug 1P0049 Brown 160x220,,,taxable,parent,1,4,,0,0,,220,160,0.7,0,,2068,3715,,,,,,,61323314-H,,,,,,4,,,Size,160x220,,1,,,,,,,,,,,,,,,,,,,,,,,,,,,,,,,,,,,,,160x220,,,,,,,,,,,,,,,,,,,,,,,,130466,,,,,,,,,,,,,,,,,,,
57535,variation,61323322,,D-sign Rug 1P0049 Brown - 180x270,1,0,visible,,D-sign Rug 1P0049 Brown 180x270,,,taxable,parent,0,0,,0,0,,270,180,0.7,0,,2753,4955,,,,,,,61323314-H,,,,,,5,,,Size,180x270,,1,,,,,,,,,,,,,,,,,,,,,,,,,,,,,,,,,,,,,180x270,,,,,,,,,,,,,,,,,,,,,,,,130467,,,,,,,,,,,,,,,,,,,
57536,variation,61323320,,D-sign Rug 1P0049 Brown - 200x290,1,0,visible,,D-sign Rug 1P0049 Brown 200x290,,,taxable,parent,0,0,,0,0,,290,200,0.7,0,,3242,5835,,,,,,,61323314-H,,,,,,6,,,Size,200x290,,1,,,,,,,,,,,,,,,,,,,,,,,,,,,,,,,,,,,,,200x290,,,,,,,,,,,,,,,,,,,,,,,,130468,,,,,,,,,,,,,,,,,,,
57538,variation,61323313,,D-sign Rug 1P0050 Grey - 160x160,1,0,visible,,D-sign Rug 1P0050 Grey 160x160,,,taxable,parent,0,0,,0,0,,160,160,0.8,0,,2525,4535,,,,,,,61323313-H,,,,,,1,,,Size,160x160,,1,,,,,,,,,,,,,,,,,,,,,,,,,,,,,,,,,,,,,160x160,,,,,,,,,,,,,,,,,,,,,,,,130533,,,,,,,,,,,,,,,,,,,
57539,variation,61323318,,D-sign Rug 1P0050 Grey - 195x195,1,0,visible,,D-sign Rug 1P0050 Grey 195x195,,,taxable,parent,1,5,,0,0,,195,195,0.8,0,,3633,6535,,,,,,,61323313-H,,,,,,2,,,Size,195x195,,1,,,,,,,,,,,,,,,,,,,,,,,,,,,,,,,,,,,,,195x195,,,,,,,,,,,,,,,,,,,,,,,,130534,,,,,,,,,,,,,,,,,,,
57546,variable,61323337-H,,D-sign Rug 1P0058 Grey,1,0,visible,D-sign Rug 1P0058 Grey,D-sign Rug 1P0058 Grey,,,taxable,,1,,,0,0,,,,,1,,,,"Rooms > Bedroom, Rooms > Living room, Rugs > Modern, Rugs",,,"https://rugshop.eu/wp-content/uploads/2021/11/carpet-tine-75317a-abstraction-modern-irregular-shape-dark-grey-light-grey.jpg, https://rugshop.eu/wp-content/uploads/2021/11/carpet-tine-75317a-abstraction-modern-irregular-shape-dark-grey-light-grey-1.jpg, https://rugshop.eu/wp-content/uploads/2021/11/carpet-tine-75317a-abstraction-modern-irregular-shape-dark-grey-light-grey-2.jpg, https://rugshop.eu/wp-content/uploads/2021/11/carpet-tine-75317a-abstraction-modern-irregular-shape-dark-grey-light-grey-3.jpg, https://rugshop.eu/wp-content/uploads/2021/11/carpet-tine-75317a-abstraction-modern-irregular-shape-dark-grey-light-grey-4.jpg",,,,,,,,,2395,,,Size,"160x220, 195x290",1,1,Brand,D-sign,1,1,Color,"Black-Grey, White-Beige",1,1,Type of color,Multicolor,1,1,Shape,Rectangular,1,1,Material,Polyester,1,1,Type of rug,Modern,1,1,Weave,Machinemade,1,1,Age,New,1,1,,,,,,,,,,,,,,,,,,yes,yes,,,,,,,,,,,,,,,,,,,,,,,,,,,,,
57547,variable,61323338-H,,D-sign Rug 1P0059 Crï¿½me,1,0,visible,D-sign Rug 1P0059 Crï¿½me,D-sign Rug 1P0059 Crï¿½me,,,taxable,,1,,,0,0,,,,,1,,,,"Rooms > Bedroom, Rooms > Living room, Rugs > Modern, Rugs",,,"https://rugshop.eu/wp-content/uploads/2021/11/carpet-tine-75417a-rock-stone-modern-irregular-shape-cream-grey.jpg, https://rugshop.eu/wp-content/uploads/2021/11/carpet-tine-75417a-rock-stone-modern-irregular-shape-cream-grey-1.jpg, https://rugshop.eu/wp-content/uploads/2021/11/carpet-tine-75417a-rock-stone-modern-irregular-shape-cream-grey-2.jpg, https://rugshop.eu/wp-content/uploads/2021/11/carpet-tine-75417a-rock-stone-modern-irregular-shape-cream-grey-3.jpg, https://rugshop.eu/wp-content/uploads/2021/11/carpet-tine-75417a-rock-stone-modern-irregular-shape-cream-grey-4.jpg",,,,,,,,,2396,,,Size,"160x220, 195x290",1,1,Brand,D-sign,1,1,Color,"Black-Grey, White-Beige",1,1,Type of color,Multicolor,1,1,Shape,Rectangular,1,1,Material,Polyester,1,1,Type of rug,Modern,1,1,Weave,Machinemade,1,1,Age,New,1,1,,,,,,,,,,,,,,,,,,yes,yes,,,,,,,,,,,,,,,,,,,,,,,,,,,,,
57548,variable,61323349-H,,D-sign Rug 1P0060 Grey,1,0,visible,D-sign Rug 1P0060 Grey,D-sign Rug 1P0060 Grey,,,taxable,,1,,,0,0,,,,,1,,,,"Rooms > Bedroom, Rooms > Living room, Rugs > Modern, Rugs, Rugs > Vintage",,,"https://rugshop.eu/wp-content/uploads/2021/11/carpet-tine-75425a-frame-vintage-modern-irregular-shape-grey-navy.jpg, https://rugshop.eu/wp-content/uploads/2021/11/carpet-tine-75425a-frame-vintage-modern-irregular-shape-grey-navy-1.jpg, https://rugshop.eu/wp-content/uploads/2021/11/carpet-tine-75425a-frame-vintage-modern-irregular-shape-grey-navy-2.jpg, https://rugshop.eu/wp-content/uploads/2021/11/carpet-tine-75425a-frame-vintage-modern-irregular-shape-grey-navy-3.jpg, https://rugshop.eu/wp-content/uploads/2021/11/carpet-tine-75425a-frame-vintage-modern-irregular-shape-grey-navy-4.jpg",,,,,,,,,2397,,,Size,"160x220, 195x290",1,1,Brand,D-sign,1,1,Color,"Black-Grey, White-Beige",1,1,Type of color,Multicolor,1,1,Shape,Rectangular,1,1,Material,Polyester,1,1,Type of rug,"Modern, Vintage / Colored Vintage",1,1,Weave,Machinemade,1,1,Age,New,1,1,,,,,,,,,,,,,,,,,,yes,yes,,,,,,,,,,,,,,,,,,,,,,,,,,,,,
57552,variation,61323323,,D-sign Rug 1P0052 Brown - 160x220,1,0,visible,,D-sign Rug 1P0052 Brown 160x220,,,taxable,parent,0,0,,0,0,,220,160,0.8,0,,3372,6065,,,,,,,61323323-H,,,,,,1,,,Size,160x220,,1,,,,,,,,,,,,,,,,,,,,,,,,,,,,,,,,,,,,,160x220,,,,,,,,,,,,,,,,,,,,,,,,130541,,,,,,,,,,,,,,,,,,,
57553,variation,61323332,,D-sign Rug 1P0052 Brown - 195x290,1,0,visible,,D-sign Rug 1P0052 Brown 195x290,,,taxable,parent,1,2,,0,0,,290,195,0.8,0,,5264,9465,,,,,,,61323323-H,,,,,,2,,,Size,195x290,,1,,,,,,,,,,,,,,,,,,,,,,,,,,,,,,,,,,,,,195x290,,,,,,,,,,,,,,,,,,,,,,,,130542,,,,,,,,,,,,,,,,,,,
57555,variation,61323327,,D-sign Rug 1P0053 Grey - 160x220,1,0,visible,,D-sign Rug 1P0053 Grey 160x220,,,taxable,parent,0,0,,0,0,,220,160,0.8,0,,3372,6065,,,,,,,61323327-H,,,,,,1,,,Size,160x220,,1,,,,,,,,,,,,,,,,,,,,,,,,,,,,,,,,,,,,,160x220,,,,,,,,,,,,,,,,,,,,,,,,130545,,,,,,,,,,,,,,,,,,,
57556,variation,61323330,,D-sign Rug 1P0053 Grey - 195x290,1,0,visible,,D-sign Rug 1P0053 Grey 195x290,,,taxable,parent,1,1,,0,0,,290,195,0.8,0,,5264,9465,,,,,,,61323327-H,,,,,,2,,,Size,195x290,,1,,,,,,,,,,,,,,,,,,,,,,,,,,,,,,,,,,,,,195x290,,,,,,,,,,,,,,,,,,,,,,,,130546,,,,,,,,,,,,,,,,,,,
57558,variation,61323326,,D-sign Rug 1P0054 Carem - 160x160,1,0,visible,,D-sign Rug 1P0054 Carem 160x160,,,taxable,parent,0,0,,0,0,,160,160,0.8,0,,2525,4535,,,,,,,61323326-H,,,,,,1,,,Size,160x160,,1,,,,,,,,,,,,,,,,,,,,,,,,,,,,,,,,,,,,,160x160,,,,,,,,,,,,,,,,,,,,,,,,130549,,,,,,,,,,,,,,,,,,,
57559,variation,61323329,,D-sign Rug 1P0054 Carem - 195x195,1,0,visible,,D-sign Rug 1P0054 Carem 195x195,,,taxable,parent,1,7,,0,0,,195,195,0.8,0,,3633,6535,,,,,,,61323326-H,,,,,,2,,,Size,195x195,,1,,,,,,,,,,,,,,,,,,,,,,,,,,,,,,,,,,,,,195x195,,,,,,,,,,,,,,,,,,,,,,,,130550,,,,,,,,,,,,,,,,,,,
57560,variable,61323346-H,,D-sign Rug 1P0061 Creme,1,0,visible,D-sign Rug 1P0061 Creme,D-sign Rug 1P0061 Creme,,,taxable,,1,,,0,0,,,,,1,,,,"Rooms > Bedroom, Rooms > Living room, Rugs > Modern, Rugs",,,"https://rugshop.eu/wp-content/uploads/2021/11/carpet-tine-75426a-tree-wood-modern-irregular-shape-cream-grey.jpg, https://rugshop.eu/wp-content/uploads/2021/11/carpet-tine-75426a-tree-wood-modern-irregular-shape-cream-grey-1.jpg, https://rugshop.eu/wp-content/uploads/2021/11/carpet-tine-75426a-tree-wood-modern-irregular-shape-cream-grey-2.jpg, https://rugshop.eu/wp-content/uploads/2021/11/carpet-tine-75426a-tree-wood-modern-irregular-shape-cream-grey-3.jpg, https://rugshop.eu/wp-content/uploads/2021/11/carpet-tine-75426a-tree-wood-modern-irregular-shape-cream-grey-4.jpg",,,,,,,,,2398,,,Size,"160x220, 195x290",1,1,Brand,D-sign,1,1,Color,"Black-Grey, White-Beige",1,1,Type of color,Multicolor,1,1,Shape,Rectangular,1,1,Material,Polyester,1,1,Type of rug,Modern,1,1,Weave,Machinemade,1,1,Age,New,1,1,,,,,,,,,,,,,,,,,,yes,yes,,,,,,,,,,,,,,,,,,,,,,,,,,,,,
57561,variable,61323347-H,,D-sign Rug 1P0062 Grey,1,0,visible,D-sign Rug 1P0062 Grey,D-sign Rug 1P0062 Grey,,,taxable,,1,,,0,0,,,,,1,,,,"Rooms > Bedroom, Rooms > Living room, Rugs, Rugs > Sisal",,,"https://rugshop.eu/wp-content/uploads/2021/11/carpet-eco-sisal-boho-moroc-etno-zigzag-22319-fringe-two-levels-of-fleece-grey-cream-recycled-carpet.jpg, https://rugshop.eu/wp-content/uploads/2021/11/carpet-eco-sisal-boho-moroc-etno-zigzag-22319-fringe-two-levels-of-fleece-grey-cream-recycled-carpet-1.jpg, https://rugshop.eu/wp-content/uploads/2021/11/carpet-eco-sisal-boho-moroc-etno-zigzag-22319-fringe-two-levels-of-fleece-grey-cream-recycled-carpet-2.jpg, https://rugshop.eu/wp-content/uploads/2021/11/carpet-eco-sisal-boho-moroc-etno-zigzag-22319-fringe-two-levels-of-fleece-grey-cream-recycled-carpet-3.jpg, https://rugshop.eu/wp-content/uploads/2021/11/carpet-eco-sisal-boho-moroc-etno-zigzag-22319-fringe-two-levels-of-fleece-grey-cream-recycled-carpet-4.jpg",,,,,,,,,2399,,,Size,"117x170, 136x190, 155x220, 175x270, 194x290, 78x150",1,1,Brand,D-sign,1,1,Color,Black-Grey,1,1,Type of color,Multicolor,1,1,Shape,Rectangular,1,1,Material,Cotton,1,1,Type of rug,Sisal,1,1,Weave,Machinemade,1,1,Age,New,1,1,,,,,,,,,,,,,,,,,,yes,yes,,,,,,,,,,,,,,,,,,,,,,,,,,,,,
57563,variation,61323328,,D-sign Rug 1P0055 Grey - 160x220,1,0,visible,,D-sign Rug 1P0055 Grey 160x220,,,taxable,parent,0,0,,0,0,,220,160,0.8,0,,3372,6065,,,,,,,61323328-H,,,,,,1,,,Size,160x220,,1,,,,,,,,,,,,,,,,,,,,,,,,,,,,,,,,,,,,,160x220,,,,,,,,,,,,,,,,,,,,,,,,130553,,,,,,,,,,,,,,,,,,,
57564,variation,61323333,,D-sign Rug 1P0055 Grey - 195x290,1,0,visible,,D-sign Rug 1P0055 Grey 195x290,,,taxable,parent,1,5,,0,0,,290,195,0.8,0,,5264,9465,,,,,,,61323328-H,,,,,,2,,,Size,195x290,,1,,,,,,,,,,,,,,,,,,,,,,,,,,,,,,,,,,,,,195x290,,,,,,,,,,,,,,,,,,,,,,,,130554,,,,,,,,,,,,,,,,,,,
57566,variation,61323336,,D-sign Rug 1P0055 Grey - 160x160,1,0,visible,,D-sign Rug 1P0055 Grey 160x160,,,taxable,parent,0,0,,0,0,,160,160,0.8,0,,2525,4535,,,,,,,61323336-H,,,,,,1,,,Size,160x160,,1,,,,,,,,,,,,,,,,,,,,,,,,,,,,,,,,,,,,,160x160,,,,,,,,,,,,,,,,,,,,,,,,130563,,,,,,,,,,,,,,,,,,,
57567,variation,61323342,,D-sign Rug 1P0055 Grey - 195x195,1,0,visible,,D-sign Rug 1P0055 Grey 195x195,,,taxable,parent,1,1,,0,0,,195,195,0.8,0,,3633,6535,,,,,,,61323336-H,,,,,,2,,,Size,195x195,,1,,,,,,,,,,,,,,,,,,,,,,,,,,,,,,,,,,,,,195x195,,,,,,,,,,,,,,,,,,,,,,,,130564,,,,,,,,,,,,,,,,,,,
57569,variable,61323365-H,,D-sign Rug 1P0063 Pink,1,0,visible,D-sign Rug 1P0063 Pink,D-sign Rug 1P0063 Pink,,,taxable,,1,,,0,0,,,,,1,,,,"Rooms > Bedroom, Rooms > Living room, Rugs, Rugs > Sisal",,,"https://rugshop.eu/wp-content/uploads/2021/11/carpet-eco-sisal-boho-moroc-diamonds-22297-fringe-two-levels-of-fleece-pink-cream-recycled-carpet.jpg, https://rugshop.eu/wp-content/uploads/2021/11/carpet-eco-sisal-boho-moroc-diamonds-22297-fringe-two-levels-of-fleece-pink-cream-recycled-carpet-1.jpg, https://rugshop.eu/wp-content/uploads/2021/11/carpet-eco-sisal-boho-moroc-diamonds-22297-fringe-two-levels-of-fleece-pink-cream-recycled-carpet-2.jpg, https://rugshop.eu/wp-content/uploads/2021/11/carpet-eco-sisal-boho-moroc-diamonds-22297-fringe-two-levels-of-fleece-pink-cream-recycled-carpet-3.jpg, https://rugshop.eu/wp-content/uploads/2021/11/carpet-eco-sisal-boho-moroc-diamonds-22297-fringe-two-levels-of-fleece-pink-cream-recycled-carpet-4.jpg",,,,,,,,,2400,,,Size,"117x170, 136x190, 155x220, 175x270, 194x290, 78x150",1,1,Brand,D-sign,1,1,Color,Pink-Purple,1,1,Type of color,Multicolor,1,1,Shape,Rectangular,1,1,Material,Cotton,1,1,Type of rug,Sisal,1,1,Weave,Machinemade,1,1,Age,New,1,1,,,,,,,,,,,,,,,,,,yes,yes,,,,,,,,,,,,,,,,,,,,,,,,,,,,,
57576,variation,61323337,,D-sign Rug 1P0058 Grey - 160x220,1,0,visible,,D-sign Rug 1P0058 Grey 160x220,,,taxable,parent,0,0,,0,0,,220,160,0.8,0,,3372,6065,,,,,,,61323337-H,,,,,,1,,,Size,160x220,,1,,,,,,,,,,,,,,,,,,,,,,,,,,,,,,,,,,,,,160x220,,,,,,,,,,,,,,,,,,,,,,,,130576,,,,,,,,,,,,,,,,,,,
57577,variation,61323340,,D-sign Rug 1P0058 Grey - 195x290,1,0,visible,,D-sign Rug 1P0058 Grey 195x290,,,taxable,parent,1,1,,0,0,,290,195,0.8,0,,5264,9465,,,,,,,61323337-H,,,,,,2,,,Size,195x290,,1,,,,,,,,,,,,,,,,,,,,,,,,,,,,,,,,,,,,,195x290,,,,,,,,,,,,,,,,,,,,,,,,130577,,,,,,,,,,,,,,,,,,,
57579,variation,61323338,,D-sign Rug 1P0059 Crï¿½me - 160x220,1,0,visible,,D-sign Rug 1P0059 Crï¿½me 160x220,,,taxable,parent,1,6,,0,0,,220,160,0.8,0,,3372,6065,,,,,,,61323338-H,,,,,,1,,,Size,160x220,,1,,,,,,,,,,,,,,,,,,,,,,,,,,,,,,,,,,,,,160x220,,,,,,,,,,,,,,,,,,,,,,,,130580,,,,,,,,,,,,,,,,,,,
57580,variable,61323366-H,,D-sign Rug 1P0064 Pink,1,0,visible,D-sign Rug 1P0064 Pink,D-sign Rug 1P0064 Pink,,,taxable,,1,,,0,0,,,,,1,,,,"Rooms > Bedroom, Rooms > Living room, Rugs, Rugs > Sisal",,,"https://rugshop.eu/wp-content/uploads/2021/11/carpet-eco-sisal-boho-moroc-diamonds-22312-fringe-two-levels-of-fleece-pink-cream-recycled-carpet.jpg, https://rugshop.eu/wp-content/uploads/2021/11/carpet-eco-sisal-boho-moroc-diamonds-22312-fringe-two-levels-of-fleece-pink-cream-recycled-carpet-1.jpg, https://rugshop.eu/wp-content/uploads/2021/11/carpet-eco-sisal-boho-moroc-diamonds-22312-fringe-two-levels-of-fleece-pink-cream-recycled-carpet-2.jpg, https://rugshop.eu/wp-content/uploads/2021/11/carpet-eco-sisal-boho-moroc-diamonds-22312-fringe-two-levels-of-fleece-pink-cream-recycled-carpet-3.jpg, https://rugshop.eu/wp-content/uploads/2021/11/carpet-eco-sisal-boho-moroc-diamonds-22312-fringe-two-levels-of-fleece-pink-cream-recycled-carpet-4.jpg",,,,,,,,,2401,,,Size,"117x170, 136x190, 155x220, 175x270, 194x290, 78x150",1,1,Brand,D-sign,1,1,Color,Pink-Purple,1,1,Type of color,Multicolor,1,1,Shape,Rectangular,1,1,Material,Cotton,1,1,Type of rug,Sisal,1,1,Weave,Machinemade,1,1,Age,New,1,1,,,,,,,,,,,,,,,,,,yes,yes,,,,,,,,,,,,,,,,,,,,,,,,,,,,,
57581,variable,61323380-H,,D-sign Rug 1P0065 Grey,1,0,visible,D-sign Rug 1P0065 Grey,D-sign Rug 1P0065 Grey,,,taxable,,1,,,0,0,,,,,1,,,,"Rooms > Bedroom, Rooms > Living room, Rugs, Rugs > Sisal",,,"https://rugshop.eu/wp-content/uploads/2021/11/carpet-eco-sisal-boho-moroc-diamonds-22297-fringe-two-levels-of-fleece-grey-cream-recycled-carpet.jpg, https://rugshop.eu/wp-content/uploads/2021/11/carpet-eco-sisal-boho-moroc-diamonds-22297-fringe-two-levels-of-fleece-grey-cream-recycled-carpet-1.jpg, https://rugshop.eu/wp-content/uploads/2021/11/carpet-eco-sisal-boho-moroc-diamonds-22297-fringe-two-levels-of-fleece-grey-cream-recycled-carpet-2.jpg, https://rugshop.eu/wp-content/uploads/2021/11/carpet-eco-sisal-boho-moroc-diamonds-22297-fringe-two-levels-of-fleece-grey-cream-recycled-carpet-3.jpg, https://rugshop.eu/wp-content/uploads/2021/11/carpet-eco-sisal-boho-moroc-diamonds-22297-fringe-two-levels-of-fleece-grey-cream-recycled-carpet-4.jpg",,,,,,,,,2402,,,Size,"117x170, 136x190, 155x220, 175x270, 194x290, 78x150",1,1,Brand,D-sign,1,1,Color,Black-Grey,1,1,Type of color,Multicolor,1,1,Shape,Rectangular,1,1,Material,Cotton,1,1,Type of rug,Sisal,1,1,Weave,Machinemade,1,1,Age,New,1,1,,,,,,,,,,,,,,,,,,yes,yes,,,,,,,,,,,,,,,,,,,,,,,,,,,,,
57582,variation,61323343,,D-sign Rug 1P0059 Crï¿½me - 195x290,1,0,visible,,D-sign Rug 1P0059 Crï¿½me 195x290,,,taxable,parent,1,6,,0,0,,290,195,0.8,0,,5264,9465,,,,,,,61323338-H,,,,,,2,,,Size,195x290,,1,,,,,,,,,,,,,,,,,,,,,,,,,,,,,,,,,,,,,195x290,,,,,,,,,,,,,,,,,,,,,,,,130581,,,,,,,,,,,,,,,,,,,
57584,variation,61323349,,D-sign Rug 1P0060 Grey - 160x220,1,0,visible,,D-sign Rug 1P0060 Grey 160x220,,,taxable,parent,0,0,,0,0,,220,160,0.8,0,,3372,6065,,,,,,,61323349-H,,,,,,1,,,Size,160x220,,1,,,,,,,,,,,,,,,,,,,,,,,,,,,,,,,,,,,,,160x220,,,,,,,,,,,,,,,,,,,,,,,,130584,,,,,,,,,,,,,,,,,,,
57585,variation,61323358,,D-sign Rug 1P0060 Grey - 195x290,1,0,visible,,D-sign Rug 1P0060 Grey 195x290,,,taxable,parent,1,4,,0,0,,290,195,0.8,0,,5264,9465,,,,,,,61323349-H,,,,,,2,,,Size,195x290,,1,,,,,,,,,,,,,,,,,,,,,,,,,,,,,,,,,,,,,195x290,,,,,,,,,,,,,,,,,,,,,,,,130585,,,,,,,,,,,,,,,,,,,
57587,variation,61323346,,D-sign Rug 1P0061 Creme - 160x220,1,0,visible,,D-sign Rug 1P0061 Creme 160x220,,,taxable,parent,0,0,,0,0,,220,160,0.8,0,,3372,6065,,,,,,,61323346-H,,,,,,1,,,Size,160x220,,1,,,,,,,,,,,,,,,,,,,,,,,,,,,,,,,,,,,,,160x220,,,,,,,,,,,,,,,,,,,,,,,,130588,,,,,,,,,,,,,,,,,,,
57588,variation,61323362,,D-sign Rug 1P0061 Creme - 195x290,1,0,visible,,D-sign Rug 1P0061 Creme 195x290,,,taxable,parent,1,6,,0,0,,290,195,0.8,0,,5264,9465,,,,,,,61323346-H,,,,,,2,,,Size,195x290,,1,,,,,,,,,,,,,,,,,,,,,,,,,,,,,,,,,,,,,195x290,,,,,,,,,,,,,,,,,,,,,,,,130589,,,,,,,,,,,,,,,,,,,
57590,variation,61323347,,D-sign Rug 1P0062 Grey - 78x150,1,0,visible,,D-sign Rug 1P0062 Grey 78x150,,,taxable,parent,0,0,,0,0,,150,78,0.5,0,,715,1285,,,,,,,61323347-H,,,,,,1,,,Size,78x150,,1,,,,,,,,,,,,,,,,,,,,,,,,,,,,,,,,,,,,,78x150,,,,,,,,,,,,,,,,,,,,,,,,130801,,,,,,,,,,,,,,,,,,,
57591,variable,61323381-H,,D-sign Rug 1P0066 Creme,1,0,visible,D-sign Rug 1P0066 Creme,D-sign Rug 1P0066 Creme,,,taxable,,1,,,0,0,,,,,1,,,,"Rooms > Bedroom, Rooms > Living room, Rugs, Rugs > Sisal",,,"https://rugshop.eu/wp-content/uploads/2021/11/carpet-eco-sisal-boho-moroc-lines-22328-fringe-two-levels-of-fleece-cream-navy-blue-recycled-carpet.jpg, https://rugshop.eu/wp-content/uploads/2021/11/carpet-eco-sisal-boho-moroc-lines-22328-fringe-two-levels-of-fleece-cream-navy-blue-recycled-carpet-1.jpg, https://rugshop.eu/wp-content/uploads/2021/11/carpet-eco-sisal-boho-moroc-lines-22328-fringe-two-levels-of-fleece-cream-navy-blue-recycled-carpet-2.jpg, https://rugshop.eu/wp-content/uploads/2021/11/carpet-eco-sisal-boho-moroc-lines-22328-fringe-two-levels-of-fleece-cream-navy-blue-recycled-carpet-3.jpg, https://rugshop.eu/wp-content/uploads/2021/11/carpet-eco-sisal-boho-moroc-lines-22328-fringe-two-levels-of-fleece-cream-navy-blue-recycled-carpet-4.jpg",,,,,,,,,2403,,,Size,"117x170, 136x190, 155x220, 175x270, 194x290, 78x150",1,1,Brand,D-sign,1,1,Color,Black-Grey,1,1,Type of color,Multicolor,1,1,Shape,Rectangular,1,1,Material,Cotton,1,1,Type of rug,Sisal,1,1,Weave,Machinemade,1,1,Age,New,1,1,,,,,,,,,,,,,,,,,,yes,yes,,,,,,,,,,,,,,,,,,,,,,,,,,,,,
57592,variation,61323363,,D-sign Rug 1P0062 Grey - 117x170,1,0,visible,,D-sign Rug 1P0062 Grey 117x170,,,taxable,parent,1,8,,0,0,,170,117,0.5,0,,1025,1835,,,,,,,61323347-H,,,,,,2,,,Size,117x170,,1,,,,,,,,,,,,,,,,,,,,,,,,,,,,,,,,,,,,,117x170,,,,,,,,,,,,,,,,,,,,,,,,130802,,,,,,,,,,,,,,,,,,,
57593,variation,61323359,,D-sign Rug 1P0062 Grey - 136x190,1,0,visible,,D-sign Rug 1P0062 Grey 136x190,,,taxable,parent,1,1,,0,0,,190,136,0.5,0,,1237,2225,,,,,,,61323347-H,,,,,,3,,,Size,136x190,,1,,,,,,,,,,,,,,,,,,,,,,,,,,,,,,,,,,,,,136x190,,,,,,,,,,,,,,,,,,,,,,,,131368,,,,,,,,,,,,,,,,,,,
57594,variation,61323360,,D-sign Rug 1P0062 Grey - 155x220,1,0,visible,,D-sign Rug 1P0062 Grey 155x220,,,taxable,parent,1,7,,0,0,,220,155,0.5,0,,1547,2775,,,,,,,61323347-H,,,,,,4,,,Size,155x220,,1,,,,,,,,,,,,,,,,,,,,,,,,,,,,,,,,,,,,,155x220,,,,,,,,,,,,,,,,,,,,,,,,130803,,,,,,,,,,,,,,,,,,,
57595,variation,61323361,,D-sign Rug 1P0062 Grey - 175x270,1,0,visible,,D-sign Rug 1P0062 Grey 175x270,,,taxable,parent,0,0,,0,0,,270,175,0.5,0,,2036,3655,,,,,,,61323347-H,,,,,,5,,,Size,175x270,,1,,,,,,,,,,,,,,,,,,,,,,,,,,,,,,,,,,,,,175x270,,,,,,,,,,,,,,,,,,,,,,,,130804,,,,,,,,,,,,,,,,,,,
57596,variation,61323364,,D-sign Rug 1P0062 Grey - 194x290,1,0,visible,,D-sign Rug 1P0062 Grey 194x290,,,taxable,parent,0,0,,0,0,,290,194,0.5,0,,2378,4275,,,,,,,61323347-H,,,,,,6,,,Size,194x290,,1,,,,,,,,,,,,,,,,,,,,,,,,,,,,,,,,,,,,,194x290,,,,,,,,,,,,,,,,,,,,,,,,130805,,,,,,,,,,,,,,,,,,,
57598,variation,61323365,,D-sign Rug 1P0063 Pink - 78x150,1,0,visible,,D-sign Rug 1P0063 Pink 78x150,,,taxable,parent,1,7,,0,0,,150,78,0.5,0,,715,1285,,,,,,,61323365-H,,,,,,1,,,Size,78x150,,1,,,,,,,,,,,,,,,,,,,,,,,,,,,,,,,,,,,,,78x150,,,,,,,,,,,,,,,,,,,,,,,,130812,,,,,,,,,,,,,,,,,,,
57599,variation,61323372,,D-sign Rug 1P0063 Pink - 117x170,1,0,visible,,D-sign Rug 1P0063 Pink 117x170,,,taxable,parent,1,13,,0,0,,170,117,0.5,0,,1025,1835,,,,,,,61323365-H,,,,,,2,,,Size,117x170,,1,,,,,,,,,,,,,,,,,,,,,,,,,,,,,,,,,,,,,117x170,,,,,,,,,,,,,,,,,,,,,,,,130813,,,,,,,,,,,,,,,,,,,
57600,variation,61323367,,D-sign Rug 1P0063 Pink - 136x190,1,0,visible,,D-sign Rug 1P0063 Pink 136x190,,,taxable,parent,1,3,,0,0,,190,136,0.5,0,,1237,2225,,,,,,,61323365-H,,,,,,3,,,Size,136x190,,1,,,,,,,,,,,,,,,,,,,,,,,,,,,,,,,,,,,,,136x190,,,,,,,,,,,,,,,,,,,,,,,,130814,,,,,,,,,,,,,,,,,,,
57601,variation,61323370,,D-sign Rug 1P0063 Pink - 155x220,1,0,visible,,D-sign Rug 1P0063 Pink 155x220,,,taxable,parent,1,11,,0,0,,220,155,0.5,0,,1547,2775,,,,,,,61323365-H,,,,,,4,,,Size,155x220,,1,,,,,,,,,,,,,,,,,,,,,,,,,,,,,,,,,,,,,155x220,,,,,,,,,,,,,,,,,,,,,,,,130815,,,,,,,,,,,,,,,,,,,
57602,variation,61323368,,D-sign Rug 1P0063 Pink - 175x270,1,0,visible,,D-sign Rug 1P0063 Pink 175x270,,,taxable,parent,1,1,,0,0,,270,175,0.5,0,,2036,3655,,,,,,,61323365-H,,,,,,5,,,Size,175x270,,1,,,,,,,,,,,,,,,,,,,,,,,,,,,,,,,,,,,,,175x270,,,,,,,,,,,,,,,,,,,,,,,,130816,,,,,,,,,,,,,,,,,,,
57603,variation,61323373,,D-sign Rug 1P0063 Pink - 194x290,1,0,visible,,D-sign Rug 1P0063 Pink 194x290,,,taxable,parent,1,4,,0,0,,290,194,0.5,0,,2378,4275,,,,,,,61323365-H,,,,,,6,,,Size,194x290,,1,,,,,,,,,,,,,,,,,,,,,,,,,,,,,,,,,,,,,194x290,,,,,,,,,,,,,,,,,,,,,,,,130817,,,,,,,,,,,,,,,,,,,
57605,variation,61323366,,D-sign Rug 1P0064 Pink - 78x150,1,0,visible,,D-sign Rug 1P0064 Pink 78x150,,,taxable,parent,1,10,,0,0,,150,78,0.5,0,,715,1285,,,,,,,61323366-H,,,,,,1,,,Size,78x150,,1,,,,,,,,,,,,,,,,,,,,,,,,,,,,,,,,,,,,,78x150,,,,,,,,,,,,,,,,,,,,,,,,130824,,,,,,,,,,,,,,,,,,,
57606,variation,61323369,,D-sign Rug 1P0064 Pink - 117x170,1,0,visible,,D-sign Rug 1P0064 Pink 117x170,,,taxable,parent,1,5,,0,0,,170,117,0.5,0,,1025,1835,,,,,,,61323366-H,,,,,,2,,,Size,117x170,,1,,,,,,,,,,,,,,,,,,,,,,,,,,,,,,,,,,,,,117x170,,,,,,,,,,,,,,,,,,,,,,,,130825,,,,,,,,,,,,,,,,,,,
57607,variation,61323371,,D-sign Rug 1P0064 Pink - 136x190,1,0,visible,,D-sign Rug 1P0064 Pink 136x190,,,taxable,parent,1,4,,0,0,,190,136,0.5,0,,1237,2225,,,,,,,61323366-H,,,,,,3,,,Size,136x190,,1,,,,,,,,,,,,,,,,,,,,,,,,,,,,,,,,,,,,,136x190,,,,,,,,,,,,,,,,,,,,,,,,130826,,,,,,,,,,,,,,,,,,,
57608,variation,61323378,,D-sign Rug 1P0064 Pink - 155x220,1,0,visible,,D-sign Rug 1P0064 Pink 155x220,,,taxable,parent,1,9,,0,0,,220,155,0.5,0,,1547,2775,,,,,,,61323366-H,,,,,,4,,,Size,155x220,,1,,,,,,,,,,,,,,,,,,,,,,,,,,,,,,,,,,,,,155x220,,,,,,,,,,,,,,,,,,,,,,,,130827,,,,,,,,,,,,,,,,,,,
57609,variation,61323379,,D-sign Rug 1P0064 Pink - 175x270,1,0,visible,,D-sign Rug 1P0064 Pink 175x270,,,taxable,parent,1,5,,0,0,,270,175,0.5,0,,2036,3655,,,,,,,61323366-H,,,,,,5,,,Size,175x270,,1,,,,,,,,,,,,,,,,,,,,,,,,,,,,,,,,,,,,,175x270,,,,,,,,,,,,,,,,,,,,,,,,130828,,,,,,,,,,,,,,,,,,,
57610,variation,61323377,,D-sign Rug 1P0064 Pink - 194x290,1,0,visible,,D-sign Rug 1P0064 Pink 194x290,,,taxable,parent,1,3,,0,0,,290,194,0.5,0,,2378,4275,,,,,,,61323366-H,,,,,,6,,,Size,194x290,,1,,,,,,,,,,,,,,,,,,,,,,,,,,,,,,,,,,,,,194x290,,,,,,,,,,,,,,,,,,,,,,,,130829,,,,,,,,,,,,,,,,,,,
57612,variable,61323391-H,,D-sign Rug 1P0067 Creme,1,0,visible,D-sign Rug 1P0067 Creme,D-sign Rug 1P0067 Creme,,,taxable,,1,,,0,0,,,,,1,,,,"Rooms > Bedroom, Rooms > Living room, Rugs, Rugs > Sisal",,,"https://rugshop.eu/wp-content/uploads/2021/11/carpet-eco-sisal-boho-moroc-geometric-22321-fringe-two-levels-of-fleece-cream-grey-recycled-carpet.jpg, https://rugshop.eu/wp-content/uploads/2021/11/carpet-eco-sisal-boho-moroc-geometric-22321-fringe-two-levels-of-fleece-cream-grey-recycled-carpet-1.jpg, https://rugshop.eu/wp-content/uploads/2021/11/carpet-eco-sisal-boho-moroc-geometric-22321-fringe-two-levels-of-fleece-cream-grey-recycled-carpet-2.jpg, https://rugshop.eu/wp-content/uploads/2021/11/carpet-eco-sisal-boho-moroc-geometric-22321-fringe-two-levels-of-fleece-cream-grey-recycled-carpet-3.jpg, https://rugshop.eu/wp-content/uploads/2021/11/carpet-eco-sisal-boho-moroc-geometric-22321-fringe-two-levels-of-fleece-cream-grey-recycled-carpet-4.jpg",,,,,,,,,2404,,,Size,"117x170, 136x190, 155x220, 175x270, 194x290, 78x150",1,1,Brand,D-sign,1,1,Color,Black-Grey,1,1,Type of color,Multicolor,1,1,Shape,Rectangular,1,1,Material,Cotton,1,1,Type of rug,Sisal,1,1,Weave,Machinemade,1,1,Age,New,1,1,,,,,,,,,,,,,,,,,,yes,yes,,,,,,,,,,,,,,,,,,,,,,,,,,,,,
57613,variable,61323399-H,,D-sign Rug 1P0068 Creme,1,0,visible,D-sign Rug 1P0068 Creme,D-sign Rug 1P0068 Creme,,,taxable,,1,,,0,0,,,,,1,,,,"Rooms > Bedroom, Rooms > Living room, Rugs, Rugs > Sisal",,,"https://rugshop.eu/wp-content/uploads/2021/11/carpet-casa-eco-sisal-boho-triangles-2816-cream-taupe-recycled-carpet.jpg, https://rugshop.eu/wp-content/uploads/2021/11/carpet-casa-eco-sisal-boho-triangles-2816-cream-taupe-recycled-carpet-1.jpg, https://rugshop.eu/wp-content/uploads/2021/11/carpet-casa-eco-sisal-boho-triangles-2816-cream-taupe-recycled-carpet-2.jpg, https://rugshop.eu/wp-content/uploads/2021/11/carpet-casa-eco-sisal-boho-triangles-2816-cream-taupe-recycled-carpet-3.jpg, https://rugshop.eu/wp-content/uploads/2021/11/carpet-casa-eco-sisal-boho-triangles-2816-cream-taupe-recycled-carpet-4.jpg",,,,,,,,,2405,,,Size,"114x170, 133x190, 153x220, 172x270, 192x290, 75x150",1,1,Brand,D-sign,1,1,Color,White-Beige,1,1,Type of color,Multicolor,1,1,Shape,Rectangular,1,1,Material,Cotton,1,1,Type of rug,Sisal,1,1,Weave,Machinemade,1,1,Age,New,1,1,,,,,,,,,,,,,,,,,,yes,yes,,,,,,,,,,,,,,,,,,,,,,,,,,,,,
57615,variation,61323380,,D-sign Rug 1P0065 Grey - 78x150,1,0,visible,,D-sign Rug 1P0065 Grey 78x150,,,taxable,parent,1,10,,0,0,,150,78,0.5,0,,715,1285,,,,,,,61323380-H,,,,,,1,,,Size,78x150,,1,,,,,,,,,,,,,,,,,,,,,,,,,,,,,,,,,,,,,78x150,,,,,,,,,,,,,,,,,,,,,,,,130836,,,,,,,,,,,,,,,,,,,
57616,variation,61323387,,D-sign Rug 1P0065 Grey - 117x170,1,0,visible,,D-sign Rug 1P0065 Grey 117x170,,,taxable,parent,1,23,,0,0,,170,117,0.5,0,,1025,1835,,,,,,,61323380-H,,,,,,2,,,Size,117x170,,1,,,,,,,,,,,,,,,,,,,,,,,,,,,,,,,,,,,,,117x170,,,,,,,,,,,,,,,,,,,,,,,,130837,,,,,,,,,,,,,,,,,,,
57617,variation,61323384,,D-sign Rug 1P0065 Grey - 136x190,1,0,visible,,D-sign Rug 1P0065 Grey 136x190,,,taxable,parent,1,5,,0,0,,190,136,0.5,0,,1237,2225,,,,,,,61323380-H,,,,,,3,,,Size,136x190,,1,,,,,,,,,,,,,,,,,,,,,,,,,,,,,,,,,,,,,136x190,,,,,,,,,,,,,,,,,,,,,,,,130838,,,,,,,,,,,,,,,,,,,
57618,variation,61323385,,D-sign Rug 1P0065 Grey - 155x220,1,0,visible,,D-sign Rug 1P0065 Grey 155x220,,,taxable,parent,1,14,,0,0,,220,155,0.5,0,,1547,2775,,,,,,,61323380-H,,,,,,4,,,Size,155x220,,1,,,,,,,,,,,,,,,,,,,,,,,,,,,,,,,,,,,,,155x220,,,,,,,,,,,,,,,,,,,,,,,,130839,,,,,,,,,,,,,,,,,,,
57619,variation,61323388,,D-sign Rug 1P0065 Grey - 175x270,1,0,visible,,D-sign Rug 1P0065 Grey 175x270,,,taxable,parent,1,5,,0,0,,270,175,0.5,0,,2036,3655,,,,,,,61323380-H,,,,,,5,,,Size,175x270,,1,,,,,,,,,,,,,,,,,,,,,,,,,,,,,,,,,,,,,175x270,,,,,,,,,,,,,,,,,,,,,,,,130840,,,,,,,,,,,,,,,,,,,
57620,variation,61323386,,D-sign Rug 1P0065 Grey - 194x290,1,0,visible,,D-sign Rug 1P0065 Grey 194x290,,,taxable,parent,1,5,,0,0,,290,194,0.5,0,,2378,4275,,,,,,,61323380-H,,,,,,6,,,Size,194x290,,1,,,,,,,,,,,,,,,,,,,,,,,,,,,,,,,,,,,,,194x290,,,,,,,,,,,,,,,,,,,,,,,,130841,,,,,,,,,,,,,,,,,,,
57622,variation,61323381,,D-sign Rug 1P0066 Creme - 78x150,1,0,visible,,D-sign Rug 1P0066 Creme 78x150,,,taxable,parent,0,0,,0,0,,150,78,0.5,0,,715,1285,,,,,,,61323381-H,,,,,,1,,,Size,78x150,,1,,,,,,,,,,,,,,,,,,,,,,,,,,,,,,,,,,,,,78x150,,,,,,,,,,,,,,,,,,,,,,,,130848,,,,,,,,,,,,,,,,,,,
57623,variation,61323389,,D-sign Rug 1P0066 Creme - 117x170,1,0,visible,,D-sign Rug 1P0066 Creme 117x170,,,taxable,parent,1,8,,0,0,,170,117,0.5,0,,1025,1835,,,,,,,61323381-H,,,,,,2,,,Size,117x170,,1,,,,,,,,,,,,,,,,,,,,,,,,,,,,,,,,,,,,,117x170,,,,,,,,,,,,,,,,,,,,,,,,130849,,,,,,,,,,,,,,,,,,,
57624,variation,61323392,,D-sign Rug 1P0066 Creme - 136x190,1,0,visible,,D-sign Rug 1P0066 Creme 136x190,,,taxable,parent,1,3,,0,0,,190,136,0.5,0,,1237,2225,,,,,,,61323381-H,,,,,,3,,,Size,136x190,,1,,,,,,,,,,,,,,,,,,,,,,,,,,,,,,,,,,,,,136x190,,,,,,,,,,,,,,,,,,,,,,,,130850,,,,,,,,,,,,,,,,,,,
57625,variation,61323393,,D-sign Rug 1P0066 Creme - 155x220,1,0,visible,,D-sign Rug 1P0066 Creme 155x220,,,taxable,parent,1,1,,0,0,,220,155,0.5,0,,1547,2775,,,,,,,61323381-H,,,,,,4,,,Size,155x220,,1,,,,,,,,,,,,,,,,,,,,,,,,,,,,,,,,,,,,,155x220,,,,,,,,,,,,,,,,,,,,,,,,130851,,,,,,,,,,,,,,,,,,,
57626,variation,61323394,,D-sign Rug 1P0066 Creme - 175x270,1,0,visible,,D-sign Rug 1P0066 Creme 175x270,,,taxable,parent,1,1,,0,0,,270,175,0.5,0,,2036,3655,,,,,,,61323381-H,,,,,,5,,,Size,175x270,,1,,,,,,,,,,,,,,,,,,,,,,,,,,,,,,,,,,,,,175x270,,,,,,,,,,,,,,,,,,,,,,,,130852,,,,,,,,,,,,,,,,,,,
57627,variation,61323390,,D-sign Rug 1P0066 Creme - 194x290,1,0,visible,,D-sign Rug 1P0066 Creme 194x290,,,taxable,parent,1,4,,0,0,,290,194,0.5,0,,2378,4275,,,,,,,61323381-H,,,,,,6,,,Size,194x290,,1,,,,,,,,,,,,,,,,,,,,,,,,,,,,,,,,,,,,,194x290,,,,,,,,,,,,,,,,,,,,,,,,130853,,,,,,,,,,,,,,,,,,,
57629,variation,61323391,,D-sign Rug 1P0067 Creme - 78x150,1,0,visible,,D-sign Rug 1P0067 Creme 78x150,,,taxable,parent,0,0,,0,0,,150,78,0.5,0,,715,1285,,,,,,,61323391-H,,,,,,1,,,Size,78x150,,1,,,,,,,,,,,,,,,,,,,,,,,,,,,,,,,,,,,,,78x150,,,,,,,,,,,,,,,,,,,,,,,,130854,,,,,,,,,,,,,,,,,,,
57630,variation,61323404,,D-sign Rug 1P0067 Creme - 117x170,1,0,visible,,D-sign Rug 1P0067 Creme 117x170,,,taxable,parent,1,18,,0,0,,170,117,0.5,0,,1025,1835,,,,,,,61323391-H,,,,,,2,,,Size,117x170,,1,,,,,,,,,,,,,,,,,,,,,,,,,,,,,,,,,,,,,117x170,,,,,,,,,,,,,,,,,,,,,,,,130855,,,,,,,,,,,,,,,,,,,
57631,variation,61323406,,D-sign Rug 1P0067 Creme - 136x190,1,0,visible,,D-sign Rug 1P0067 Creme 136x190,,,taxable,parent,1,4,,0,0,,190,136,0.5,0,,1237,2225,,,,,,,61323391-H,,,,,,3,,,Size,136x190,,1,,,,,,,,,,,,,,,,,,,,,,,,,,,,,,,,,,,,,136x190,,,,,,,,,,,,,,,,,,,,,,,,130856,,,,,,,,,,,,,,,,,,,
57632,variation,61323403,,D-sign Rug 1P0067 Creme - 155x220,1,0,visible,,D-sign Rug 1P0067 Creme 155x220,,,taxable,parent,1,7,,0,0,,220,155,0.5,0,,1547,2775,,,,,,,61323391-H,,,,,,4,,,Size,155x220,,1,,,,,,,,,,,,,,,,,,,,,,,,,,,,,,,,,,,,,155x220,,,,,,,,,,,,,,,,,,,,,,,,130857,,,,,,,,,,,,,,,,,,,
57633,variation,61323405,,D-sign Rug 1P0067 Creme - 175x270,1,0,visible,,D-sign Rug 1P0067 Creme 175x270,,,taxable,parent,1,4,,0,0,,270,175,0.5,0,,2036,3655,,,,,,,61323391-H,,,,,,5,,,Size,175x270,,1,,,,,,,,,,,,,,,,,,,,,,,,,,,,,,,,,,,,,175x270,,,,,,,,,,,,,,,,,,,,,,,,130858,,,,,,,,,,,,,,,,,,,
57634,variation,61323398,,D-sign Rug 1P0067 Creme - 194x290,1,0,visible,,D-sign Rug 1P0067 Creme 194x290,,,taxable,parent,1,4,,0,0,,290,194,0.5,0,,2378,4275,,,,,,,61323391-H,,,,,,6,,,Size,194x290,,1,,,,,,,,,,,,,,,,,,,,,,,,,,,,,,,,,,,,,194x290,,,,,,,,,,,,,,,,,,,,,,,,130859,,,,,,,,,,,,,,,,,,,
57636,variable,61323410-H,,D-sign Rug 1P0070 Creme,1,0,visible,D-sign Rug 1P0070 Creme,D-sign Rug 1P0070 Creme,,,taxable,,1,,,0,0,,,,,1,,,,"Rooms > Bedroom, Rooms > Living room, Rugs, Rugs > Sisal, Rugs > Vintage",,,"https://rugshop.eu/wp-content/uploads/2021/11/carpet-casa-eco-sisal-boho-vintage-2809-cream-yellow-recycled-carpet.jpg, https://rugshop.eu/wp-content/uploads/2021/11/carpet-casa-eco-sisal-boho-vintage-2809-cream-yellow-recycled-carpet-1.jpg, https://rugshop.eu/wp-content/uploads/2021/11/carpet-casa-eco-sisal-boho-vintage-2809-cream-yellow-recycled-carpet-2.jpg, https://rugshop.eu/wp-content/uploads/2021/11/carpet-casa-eco-sisal-boho-vintage-2809-cream-yellow-recycled-carpet-3.jpg, https://rugshop.eu/wp-content/uploads/2021/11/carpet-casa-eco-sisal-boho-vintage-2809-cream-yellow-recycled-carpet-4.jpg",,,,,,,,,2407,,,Size,"114x170, 133x190, 153x220, 172x270, 192x290, 75x150",1,1,Brand,D-sign,1,1,Color,White-Beige,1,1,Type of color,Multicolor,1,1,Shape,Rectangular,1,1,Material,Cotton,1,1,Type of rug,"Sisal, Vintage / Colored Vintage",1,1,Weave,Machinemade,1,1,Age,New,1,1,,,,,,,,,,,,,,,,,,yes,yes,,,,,,,,,,,,,,,,,,,,,,,,,,,,,
57638,variable,61323425-H,,D-sign Rug 1P0072 Grey,1,0,visible,D-sign Rug 1P0072 Grey,D-sign Rug 1P0072 Grey,,,taxable,,1,,,0,0,,,,,1,,,,"Rooms > Bedroom, Rooms > Living room, Rugs, Rugs > Sisal, Rugs > Vintage",,,"https://rugshop.eu/wp-content/uploads/2021/11/carpet-casa-eco-sisal-boho-vintage-2809-grey-anthracite-recycled-carpet.jpg, https://rugshop.eu/wp-content/uploads/2021/11/carpet-casa-eco-sisal-boho-vintage-2809-grey-anthracite-recycled-carpet-1.jpg, https://rugshop.eu/wp-content/uploads/2021/11/carpet-casa-eco-sisal-boho-vintage-2809-grey-anthracite-recycled-carpet-2.jpg, https://rugshop.eu/wp-content/uploads/2021/11/carpet-casa-eco-sisal-boho-vintage-2809-grey-anthracite-recycled-carpet-3.jpg, https://rugshop.eu/wp-content/uploads/2021/11/carpet-casa-eco-sisal-boho-vintage-2809-grey-anthracite-recycled-carpet-4.jpg",,,,,,,,,2409,,,Size,"114x170, 133x190, 153x220, 172x270, 192x290, 75x150",1,1,Brand,D-sign,1,1,Color,Black-Grey,1,1,Type of color,Multicolor,1,1,Shape,Rectangular,1,1,Material,Cotton,1,1,Type of rug,"Sisal, Vintage / Colored Vintage",1,1,Weave,Machinemade,1,1,Age,New,1,1,,,,,,,,,,,,,,,,,,yes,yes,,,,,,,,,,,,,,,,,,,,,,,,,,,,,
57639,variation,61323399,,D-sign Rug 1P0068 Creme - 75x150,1,0,visible,,D-sign Rug 1P0068 Creme 75x150,,,taxable,parent,0,0,,0,0,,150,75,1,0,,536,955,,,,,,,61323399-H,,,,,,1,,,Size,75x150,,1,,,,,,,,,,,,,,,,,,,,,,,,,,,,,,,,,,,,,75x150,,,,,,,,,,,,,,,,,,,,,,,,130863,,,,,,,,,,,,,,,,,,,
57640,variation,61323419,,D-sign Rug 1P0068 Creme - 114x170,1,0,visible,,D-sign Rug 1P0068 Creme 114x170,,,taxable,parent,1,5,,0,0,,170,114,1,0,,715,1285,,,,,,,61323399-H,,,,,,2,,,Size,114x170,,1,,,,,,,,,,,,,,,,,,,,,,,,,,,,,,,,,,,,,114x170,,,,,,,,,,,,,,,,,,,,,,,,130864,,,,,,,,,,,,,,,,,,,
57641,variation,61323418,,D-sign Rug 1P0068 Creme - 133x190,1,0,visible,,D-sign Rug 1P0068 Creme 133x190,,,taxable,parent,1,11,,0,0,,190,133,1,0,,846,1515,,,,,,,61323399-H,,,,,,3,,,Size,133x190,,1,,,,,,,,,,,,,,,,,,,,,,,,,,,,,,,,,,,,,133x190,,,,,,,,,,,,,,,,,,,,,,,,130865,,,,,,,,,,,,,,,,,,,
57642,variation,61323415,,D-sign Rug 1P0068 Creme - 153x220,1,0,visible,,D-sign Rug 1P0068 Creme 153x220,,,taxable,parent,1,7,,0,0,,220,153,1,0,,1025,1835,,,,,,,61323399-H,,,,,,4,,,Size,153x220,,1,,,,,,,,,,,,,,,,,,,,,,,,,,,,,,,,,,,,,153x220,,,,,,,,,,,,,,,,,,,,,,,,130866,,,,,,,,,,,,,,,,,,,
57643,variation,61323414,,D-sign Rug 1P0068 Creme - 172x270,1,0,visible,,D-sign Rug 1P0068 Creme 172x270,,,taxable,parent,1,1,,0,0,,270,172,1,0,,1302,2335,,,,,,,61323399-H,,,,,,5,,,Size,172x270,,1,,,,,,,,,,,,,,,,,,,,,,,,,,,,,,,,,,,,,172x270,,,,,,,,,,,,,,,,,,,,,,,,130867,,,,,,,,,,,,,,,,,,,
57644,variation,61323401,,D-sign Rug 1P0068 Creme - 192x290,1,0,visible,,D-sign Rug 1P0068 Creme 192x290,,,taxable,parent,0,0,,0,0,,290,192,1,0,,1514,2725,,,,,,,61323399-H,,,,,,6,,,Size,192x290,,1,,,,,,,,,,,,,,,,,,,,,,,,,,,,,,,,,,,,,192x290,,,,,,,,,,,,,,,,,,,,,,,,130868,,,,,,,,,,,,,,,,,,,
57653,variation,61323410,,D-sign Rug 1P0070 Creme - 75x150,1,0,visible,,D-sign Rug 1P0070 Creme 75x150,,,taxable,parent,1,6,,0,0,,150,75,1,0,,536,955,,,,,,,61323410-H,,,,,,1,,,Size,75x150,,1,,,,,,,,,,,,,,,,,,,,,,,,,,,,,,,,,,,,,75x150,,,,,,,,,,,,,,,,,,,,,,,,130875,,,,,,,,,,,,,,,,,,,
57654,variation,61323430,,D-sign Rug 1P0070 Creme - 114x170,1,0,visible,,D-sign Rug 1P0070 Creme 114x170,,,taxable,parent,1,5,,0,0,,170,114,1,0,,715,1285,,,,,,,61323410-H,,,,,,2,,,Size,114x170,,1,,,,,,,,,,,,,,,,,,,,,,,,,,,,,,,,,,,,,114x170,,,,,,,,,,,,,,,,,,,,,,,,130876,,,,,,,,,,,,,,,,,,,
57655,variation,61323428,,D-sign Rug 1P0070 Creme - 133x190,1,0,visible,,D-sign Rug 1P0070 Creme 133x190,,,taxable,parent,1,7,,0,0,,190,133,1,0,,846,1515,,,,,,,61323410-H,,,,,,3,,,Size,133x190,,1,,,,,,,,,,,,,,,,,,,,,,,,,,,,,,,,,,,,,133x190,,,,,,,,,,,,,,,,,,,,,,,,130877,,,,,,,,,,,,,,,,,,,
57656,variation,61323432,,D-sign Rug 1P0070 Creme - 153x220,1,0,visible,,D-sign Rug 1P0070 Creme 153x220,,,taxable,parent,1,10,,0,0,,220,153,1,0,,1025,1835,,,,,,,61323410-H,,,,,,4,,,Size,153x220,,1,,,,,,,,,,,,,,,,,,,,,,,,,,,,,,,,,,,,,153x220,,,,,,,,,,,,,,,,,,,,,,,,130878,,,,,,,,,,,,,,,,,,,
57657,variation,61323429,,D-sign Rug 1P0070 Creme - 172x270,1,0,visible,,D-sign Rug 1P0070 Creme 172x270,,,taxable,parent,1,4,,0,0,,270,172,1,0,,1302,2335,,,,,,,61323410-H,,,,,,5,,,Size,172x270,,1,,,,,,,,,,,,,,,,,,,,,,,,,,,,,,,,,,,,,172x270,,,,,,,,,,,,,,,,,,,,,,,,130879,,,,,,,,,,,,,,,,,,,
57658,variation,61323431,,D-sign Rug 1P0070 Creme - 192x290,1,0,visible,,D-sign Rug 1P0070 Creme 192x290,,,taxable,parent,0,0,,0,0,,290,192,1,0,,1514,2725,,,,,,,61323410-H,,,,,,6,,,Size,192x290,,1,,,,,,,,,,,,,,,,,,,,,,,,,,,,,,,,,,,,,192x290,,,,,,,,,,,,,,,,,,,,,,,,130880,,,,,,,,,,,,,,,,,,,
57660,variable,61323434-H,,D-sign Rug 1P0073 Blue,1,0,visible,D-sign Rug 1P0073 Blue,D-sign Rug 1P0073 Blue,,,taxable,,1,,,0,0,,,,,1,,,,"Rooms > Bedroom, Rooms > Living room, Rugs, Rugs > Sisal",,,"https://rugshop.eu/wp-content/uploads/2021/11/carpet-casa-eco-sisal-boho-diamonds-22084-navy-cream-recycled-carpet.jpg, https://rugshop.eu/wp-content/uploads/2021/11/carpet-casa-eco-sisal-boho-diamonds-22084-navy-cream-recycled-carpet-1.jpg, https://rugshop.eu/wp-content/uploads/2021/11/carpet-casa-eco-sisal-boho-diamonds-22084-navy-cream-recycled-carpet-2.jpg, https://rugshop.eu/wp-content/uploads/2021/11/carpet-casa-eco-sisal-boho-diamonds-22084-navy-cream-recycled-carpet-3.jpg, https://rugshop.eu/wp-content/uploads/2021/11/carpet-casa-eco-sisal-boho-diamonds-22084-navy-cream-recycled-carpet-4.jpg",,,,,,,,,2410,,,Size,"114x170, 133x190, 153x220, 172x270, 192x290, 75x150",1,1,Brand,D-sign,1,1,Color,Blue,1,1,Type of color,Multicolor,1,1,Shape,Rectangular,1,1,Material,Cotton,1,1,Type of rug,Sisal,1,1,Weave,Machinemade,1,1,Age,New,1,1,,,,,,,,,,,,,,,,,,yes,yes,,,,,,,,,,,,,,,,,,,,,,,,,,,,,
57661,variable,61323433-H,,D-sign Rug 1P0074 Anthracite,1,0,visible,D-sign Rug 1P0074 Anthracite,D-sign Rug 1P0074 Anthracite,,,taxable,,1,,,0,0,,,,,1,,,,"Rooms > Bedroom, Rooms > Living room, Rugs, Rugs > Sisal",,,"https://rugshop.eu/wp-content/uploads/2021/11/carpet-casa-eco-sisal-boho-diamonds-22084-anthracite-cream-recycled-carpet.jpg, https://rugshop.eu/wp-content/uploads/2021/11/carpet-casa-eco-sisal-boho-diamonds-22084-anthracite-cream-recycled-carpet-1.jpg, https://rugshop.eu/wp-content/uploads/2021/11/carpet-casa-eco-sisal-boho-diamonds-22084-anthracite-cream-recycled-carpet-2.jpg, https://rugshop.eu/wp-content/uploads/2021/11/carpet-casa-eco-sisal-boho-diamonds-22084-anthracite-cream-recycled-carpet-3.jpg, https://rugshop.eu/wp-content/uploads/2021/11/carpet-casa-eco-sisal-boho-diamonds-22084-anthracite-cream-recycled-carpet-4.jpg",,,,,,,,,2411,,,Size,"114x170, 133x190, 153x220, 172x270, 192x290, 75x150",1,1,Brand,D-sign,1,1,Color,Black-Grey,1,1,Type of color,Multicolor,1,1,Shape,Rectangular,1,1,Material,Cotton,1,1,Type of rug,Sisal,1,1,Weave,Machinemade,1,1,Age,New,1,1,,,,,,,,,,,,,,,,,,yes,yes,,,,,,,,,,,,,,,,,,,,,,,,,,,,,
57662,variable,61323443-H,,D-sign Rug 1P0075 Black,1,0,visible,D-sign Rug 1P0075 Black,D-sign Rug 1P0075 Black,,,taxable,,1,,,0,0,,,,,1,,,,"Rooms > Bedroom, Rooms > Living room, Rugs, Rugs > Sisal",,,"https://rugshop.eu/wp-content/uploads/2021/11/carpet-casa-eco-sisal-boho-eyelets-22075-black-grey-recycled-carpet.jpg, https://rugshop.eu/wp-content/uploads/2021/11/carpet-casa-eco-sisal-boho-eyelets-22075-black-grey-recycled-carpet-1.jpg, https://rugshop.eu/wp-content/uploads/2021/11/carpet-casa-eco-sisal-boho-eyelets-22075-black-grey-recycled-carpet-2.jpg, https://rugshop.eu/wp-content/uploads/2021/11/carpet-casa-eco-sisal-boho-eyelets-22075-black-grey-recycled-carpet-3.jpg, https://rugshop.eu/wp-content/uploads/2021/11/carpet-casa-eco-sisal-boho-eyelets-22075-black-grey-recycled-carpet-4.jpg",,,,,,,,,2412,,,Size,"114x170, 133x190, 153x220, 172x270, 192x290, 75x150",1,1,Brand,D-sign,1,1,Color,Black-Grey,1,1,Type of color,Multicolor,1,1,Shape,Rectangular,1,1,Material,Cotton,1,1,Type of rug,Sisal,1,1,Weave,Machinemade,1,1,Age,New,1,1,,,,,,,,,,,,,,,,,,yes,yes,,,,,,,,,,,,,,,,,,,,,,,,,,,,,
57670,variation,61323425,,D-sign Rug 1P0072 Grey - 75x150,1,0,visible,,D-sign Rug 1P0072 Grey 75x150,,,taxable,parent,0,0,,0,0,,150,75,1,0,,536,955,,,,,,,61323425-H,,,,,,1,,,Size,75x150,,1,,,,,,,,,,,,,,,,,,,,,,,,,,,,,,,,,,,,,75x150,,,,,,,,,,,,,,,,,,,,,,,,130893,,,,,,,,,,,,,,,,,,,
57671,variation,61323441,,D-sign Rug 1P0072 Grey - 114x170,1,0,visible,,D-sign Rug 1P0072 Grey 114x170,,,taxable,parent,1,3,,0,0,,170,114,1,0,,715,1285,,,,,,,61323425-H,,,,,,2,,,Size,114x170,,1,,,,,,,,,,,,,,,,,,,,,,,,,,,,,,,,,,,,,114x170,,,,,,,,,,,,,,,,,,,,,,,,130894,,,,,,,,,,,,,,,,,,,
57672,variation,61323440,,D-sign Rug 1P0072 Grey - 133x190,1,0,visible,,D-sign Rug 1P0072 Grey 133x190,,,taxable,parent,1,3,,0,0,,190,133,1,0,,846,1515,,,,,,,61323425-H,,,,,,3,,,Size,133x190,,1,,,,,,,,,,,,,,,,,,,,,,,,,,,,,,,,,,,,,133x190,,,,,,,,,,,,,,,,,,,,,,,,130895,,,,,,,,,,,,,,,,,,,
57673,variation,61323439,,D-sign Rug 1P0072 Grey - 153x220,1,0,visible,,D-sign Rug 1P0072 Grey 153x220,,,taxable,parent,0,0,,0,0,,220,153,1,0,,1025,1835,,,,,,,61323425-H,,,,,,4,,,Size,153x220,,1,,,,,,,,,,,,,,,,,,,,,,,,,,,,,,,,,,,,,153x220,,,,,,,,,,,,,,,,,,,,,,,,130896,,,,,,,,,,,,,,,,,,,
57674,variation,61323438,,D-sign Rug 1P0072 Grey - 172x270,1,0,visible,,D-sign Rug 1P0072 Grey 172x270,,,taxable,parent,0,0,,0,0,,270,172,1,0,,1302,2335,,,,,,,61323425-H,,,,,,5,,,Size,172x270,,1,,,,,,,,,,,,,,,,,,,,,,,,,,,,,,,,,,,,,172x270,,,,,,,,,,,,,,,,,,,,,,,,130897,,,,,,,,,,,,,,,,,,,
57675,variation,61323435,,D-sign Rug 1P0072 Grey - 192x290,1,0,visible,,D-sign Rug 1P0072 Grey 192x290,,,taxable,parent,0,0,,0,0,,290,192,1,0,,1514,2725,,,,,,,61323425-H,,,,,,6,,,Size,192x290,,1,,,,,,,,,,,,,,,,,,,,,,,,,,,,,,,,,,,,,192x290,,,,,,,,,,,,,,,,,,,,,,,,130898,,,,,,,,,,,,,,,,,,,
57677,variation,61323434,,D-sign Rug 1P0073 Blue - 75x150,1,0,visible,,D-sign Rug 1P0073 Blue 75x150,,,taxable,parent,0,0,,0,0,,150,75,1,0,,536,955,,,,,,,61323434-H,,,,,,1,,,Size,75x150,,1,,,,,,,,,,,,,,,,,,,,,,,,,,,,,,,,,,,,,75x150,,,,,,,,,,,,,,,,,,,,,,,,130905,,,,,,,,,,,,,,,,,,,
57678,variation,61323447,,D-sign Rug 1P0073 Blue - 114x170,1,0,visible,,D-sign Rug 1P0073 Blue 114x170,,,taxable,parent,1,1,,0,0,,170,114,1,0,,715,1285,,,,,,,61323434-H,,,,,,2,,,Size,114x170,,1,,,,,,,,,,,,,,,,,,,,,,,,,,,,,,,,,,,,,114x170,,,,,,,,,,,,,,,,,,,,,,,,130906,,,,,,,,,,,,,,,,,,,
57679,variation,61323452,,D-sign Rug 1P0073 Blue - 133x190,1,0,visible,,D-sign Rug 1P0073 Blue 133x190,,,taxable,parent,1,4,,0,0,,190,133,1,0,,846,1515,,,,,,,61323434-H,,,,,,3,,,Size,133x190,,1,,,,,,,,,,,,,,,,,,,,,,,,,,,,,,,,,,,,,133x190,,,,,,,,,,,,,,,,,,,,,,,,130907,,,,,,,,,,,,,,,,,,,
57680,variation,61323451,,D-sign Rug 1P0073 Blue - 153x220,1,0,visible,,D-sign Rug 1P0073 Blue 153x220,,,taxable,parent,1,8,,0,0,,220,153,1,0,,1025,1835,,,,,,,61323434-H,,,,,,4,,,Size,153x220,,1,,,,,,,,,,,,,,,,,,,,,,,,,,,,,,,,,,,,,153x220,,,,,,,,,,,,,,,,,,,,,,,,130908,,,,,,,,,,,,,,,,,,,
57681,variation,61323448,,D-sign Rug 1P0073 Blue - 172x270,1,0,visible,,D-sign Rug 1P0073 Blue 172x270,,,taxable,parent,1,3,,0,0,,270,172,1,0,,1302,2335,,,,,,,61323434-H,,,,,,5,,,Size,172x270,,1,,,,,,,,,,,,,,,,,,,,,,,,,,,,,,,,,,,,,172x270,,,,,,,,,,,,,,,,,,,,,,,,130909,,,,,,,,,,,,,,,,,,,
57682,variation,61323437,,D-sign Rug 1P0073 Blue - 192x290,1,0,visible,,D-sign Rug 1P0073 Blue 192x290,,,taxable,parent,1,1,,0,0,,290,192,1,0,,1514,2725,,,,,,,61323434-H,,,,,,6,,,Size,192x290,,1,,,,,,,,,,,,,,,,,,,,,,,,,,,,,,,,,,,,,192x290,,,,,,,,,,,,,,,,,,,,,,,,130910,,,,,,,,,,,,,,,,,,,
57686,variable,61323466-H,,D-sign Rug 1P0078 Anthracite,1,0,visible,D-sign Rug 1P0078 Anthracite,D-sign Rug 1P0078 Anthracite,,,taxable,,1,,,0,0,,,,,1,,,,"Rooms > Bedroom, Rooms > Living room, Rugs, Rugs > Sisal",,,"https://rugshop.eu/wp-content/uploads/2021/11/carpet-santo-sisal-58391-honeycomb-anthracite.jpg, https://rugshop.eu/wp-content/uploads/2021/11/carpet-santo-sisal-58391-honeycomb-anthracite-1.jpg, https://rugshop.eu/wp-content/uploads/2021/11/carpet-santo-sisal-58391-honeycomb-anthracite-2.jpg, https://rugshop.eu/wp-content/uploads/2021/11/carpet-santo-sisal-58391-honeycomb-anthracite-3.jpg, https://rugshop.eu/wp-content/uploads/2021/11/carpet-santo-sisal-58391-honeycomb-anthracite-4.jpg",,,,,,,,,2415,,,Size,"120x170, 140x190, 160x220, 180x270, 200x290, 80x150",1,1,Brand,D-sign,1,1,Color,Black-Grey,1,1,Type of color,Multicolor,1,1,Shape,Rectangular,1,1,Material,Polypropylene,1,1,Type of rug,Sisal,1,1,Weave,Machinemade,1,1,Age,New,1,1,,,,,,,,,,,,,,,,,,yes,yes,,,,,,,,,,,,,,,,,,,,,,,,,,,,,
57687,variation,61323433,,D-sign Rug 1P0074 Anthracite - 75x150,1,0,visible,,D-sign Rug 1P0074 Anthracite 75x150,,,taxable,parent,1,4,,0,0,,150,75,1,0,,536,955,,,,,,,61323433-H,,,,,,1,,,Size,75x150,,1,,,,,,,,,,,,,,,,,,,,,,,,,,,,,,,,,,,,,75x150,,,,,,,,,,,,,,,,,,,,,,,,130918,,,,,,,,,,,,,,,,,,,
57688,variation,61323449,,D-sign Rug 1P0074 Anthracite - 114x170,1,0,visible,,D-sign Rug 1P0074 Anthracite 114x170,,,taxable,parent,1,1,,0,0,,170,114,1,0,,715,1285,,,,,,,61323433-H,,,,,,2,,,Size,114x170,,1,,,,,,,,,,,,,,,,,,,,,,,,,,,,,,,,,,,,,114x170,,,,,,,,,,,,,,,,,,,,,,,,130919,,,,,,,,,,,,,,,,,,,
57689,variation,61323450,,D-sign Rug 1P0074 Anthracite - 133x190,1,0,visible,,D-sign Rug 1P0074 Anthracite 133x190,,,taxable,parent,1,8,,0,0,,190,133,1,0,,846,1515,,,,,,,61323433-H,,,,,,3,,,Size,133x190,,1,,,,,,,,,,,,,,,,,,,,,,,,,,,,,,,,,,,,,133x190,,,,,,,,,,,,,,,,,,,,,,,,130920,,,,,,,,,,,,,,,,,,,
57690,variation,61323444,,D-sign Rug 1P0074 Anthracite - 153x220,1,0,visible,,D-sign Rug 1P0074 Anthracite 153x220,,,taxable,parent,1,9,,0,0,,220,153,1,0,,1025,1835,,,,,,,61323433-H,,,,,,4,,,Size,153x220,,1,,,,,,,,,,,,,,,,,,,,,,,,,,,,,,,,,,,,,153x220,,,,,,,,,,,,,,,,,,,,,,,,130921,,,,,,,,,,,,,,,,,,,
57691,variation,61323442,,D-sign Rug 1P0074 Anthracite - 172x270,1,0,visible,,D-sign Rug 1P0074 Anthracite 172x270,,,taxable,parent,0,0,,0,0,,270,172,1,0,,1302,2335,,,,,,,61323433-H,,,,,,5,,,Size,172x270,,1,,,,,,,,,,,,,,,,,,,,,,,,,,,,,,,,,,,,,172x270,,,,,,,,,,,,,,,,,,,,,,,,130922,,,,,,,,,,,,,,,,,,,
57692,variation,61323446,,D-sign Rug 1P0074 Anthracite - 192x290,1,0,visible,,D-sign Rug 1P0074 Anthracite 192x290,,,taxable,parent,0,0,,0,0,,290,192,1,0,,1514,2725,,,,,,,61323433-H,,,,,,6,,,Size,192x290,,1,,,,,,,,,,,,,,,,,,,,,,,,,,,,,,,,,,,,,192x290,,,,,,,,,,,,,,,,,,,,,,,,130923,,,,,,,,,,,,,,,,,,,
57694,variation,61323443,,D-sign Rug 1P0075 Black - 75x150,1,0,visible,,D-sign Rug 1P0075 Black 75x150,,,taxable,parent,0,0,,0,0,,150,75,1,0,,536,955,,,,,,,61323443-H,,,,,,1,,,Size,75x150,,1,,,,,,,,,,,,,,,,,,,,,,,,,,,,,,,,,,,,,75x150,,,,,,,,,,,,,,,,,,,,,,,,131033,,,,,,,,,,,,,,,,,,,
57695,variation,61323464,,D-sign Rug 1P0075 Black - 114x170,1,0,visible,,D-sign Rug 1P0075 Black 114x170,,,taxable,parent,1,14,,0,0,,170,114,1,0,,715,1285,,,,,,,61323443-H,,,,,,2,,,Size,114x170,,1,,,,,,,,,,,,,,,,,,,,,,,,,,,,,,,,,,,,,114x170,,,,,,,,,,,,,,,,,,,,,,,,131034,,,,,,,,,,,,,,,,,,,
57696,variation,61323461,,D-sign Rug 1P0075 Black - 133x190,1,0,visible,,D-sign Rug 1P0075 Black 133x190,,,taxable,parent,1,9,,0,0,,190,133,1,0,,846,1515,,,,,,,61323443-H,,,,,,3,,,Size,133x190,,1,,,,,,,,,,,,,,,,,,,,,,,,,,,,,,,,,,,,,133x190,,,,,,,,,,,,,,,,,,,,,,,,131035,,,,,,,,,,,,,,,,,,,
57697,variation,61323463,,D-sign Rug 1P0075 Black - 153x220,1,0,visible,,D-sign Rug 1P0075 Black 153x220,,,taxable,parent,1,5,,0,0,,220,153,1,0,,1025,1835,,,,,,,61323443-H,,,,,,4,,,Size,153x220,,1,,,,,,,,,,,,,,,,,,,,,,,,,,,,,,,,,,,,,153x220,,,,,,,,,,,,,,,,,,,,,,,,131036,,,,,,,,,,,,,,,,,,,
57698,variation,61323462,,D-sign Rug 1P0075 Black - 172x270,1,0,visible,,D-sign Rug 1P0075 Black 172x270,,,taxable,parent,1,2,,0,0,,270,172,1,0,,1302,2335,,,,,,,61323443-H,,,,,,5,,,Size,172x270,,1,,,,,,,,,,,,,,,,,,,,,,,,,,,,,,,,,,,,,172x270,,,,,,,,,,,,,,,,,,,,,,,,131037,,,,,,,,,,,,,,,,,,,
57699,variation,61323460,,D-sign Rug 1P0075 Black - 192x290,1,0,visible,,D-sign Rug 1P0075 Black 192x290,,,taxable,parent,1,3,,0,0,,290,192,1,0,,1514,2725,,,,,,,61323443-H,,,,,,6,,,Size,192x290,,1,,,,,,,,,,,,,,,,,,,,,,,,,,,,,,,,,,,,,192x290,,,,,,,,,,,,,,,,,,,,,,,,131038,,,,,,,,,,,,,,,,,,,
57709,variable,61323475-H,,D-sign Rug 1P0080 Blue,1,0,visible,D-sign Rug 1P0080 Blue,D-sign Rug 1P0080 Blue,,,taxable,,1,,,0,0,,,,,1,,,,"Rooms > Bedroom, Rooms > Living room, Rugs, Rugs > Sisal",,,"https://rugshop.eu/wp-content/uploads/2021/11/carpet-sisal-sion-geometric-diamonds-21778-flat-woven-navy-ecru.jpg, https://rugshop.eu/wp-content/uploads/2021/11/carpet-sisal-sion-geometric-diamonds-21778-flat-woven-navy-ecru-1.jpg, https://rugshop.eu/wp-content/uploads/2021/11/carpet-sisal-sion-geometric-diamonds-21778-flat-woven-navy-ecru-2.jpg, https://rugshop.eu/wp-content/uploads/2021/11/carpet-sisal-sion-geometric-diamonds-21778-flat-woven-navy-ecru-3.jpg, https://rugshop.eu/wp-content/uploads/2021/11/carpet-sisal-sion-geometric-diamonds-21778-flat-woven-navy-ecru-4.jpg",,,,,,,,,2417,,,Size,"120x170, 140x190, 160x220, 180x270, 200x290, 80x150",1,1,Brand,D-sign,1,1,Color,Blue,1,1,Type of color,Multicolor,1,1,Shape,Rectangular,1,1,Material,Polypropylene,1,1,Type of rug,Sisal,1,1,Weave,Machinemade,1,1,Age,New,1,1,,,,,,,,,,,,,,,,,,yes,yes,,,,,,,,,,,,,,,,,,,,,,,,,,,,,
57710,variable,61323478-H,,D-sign Rug 1P0081 Beige,1,0,visible,D-sign Rug 1P0081 Beige,D-sign Rug 1P0081 Beige,,,taxable,,1,,,0,0,,,,,1,,,,"Rooms > Bedroom, Rooms > Living room, Rugs, Rugs > Sisal",,,"https://rugshop.eu/wp-content/uploads/2021/11/carpet-sisal-sion-leaves-22151-flat-woven-ecru-navy.jpg, https://rugshop.eu/wp-content/uploads/2021/11/carpet-sisal-sion-leaves-22151-flat-woven-ecru-navy-1.jpg, https://rugshop.eu/wp-content/uploads/2021/11/carpet-sisal-sion-leaves-22151-flat-woven-ecru-navy-2.jpg, https://rugshop.eu/wp-content/uploads/2021/11/carpet-sisal-sion-leaves-22151-flat-woven-ecru-navy-3.jpg, https://rugshop.eu/wp-content/uploads/2021/11/carpet-sisal-sion-leaves-22151-flat-woven-ecru-navy-4.jpg",,,,,,,,,2418,,,Size,"120x170, 140x190, 160x220, 180x270, 200x290, 80x150",1,1,Brand,D-sign,1,1,Color,Blue,1,1,Type of color,Multicolor,1,1,Shape,Rectangular,1,1,Material,Polypropylene,1,1,Type of rug,Sisal,1,1,Weave,Machinemade,1,1,Age,New,1,1,,,,,,,,,,,,,,,,,,yes,yes,,,,,,,,,,,,,,,,,,,,,,,,,,,,,
57718,variation,61323466,,D-sign Rug 1P0078 Anthracite - 80x150,1,0,visible,,D-sign Rug 1P0078 Anthracite 80x150,,,taxable,parent,0,0,,0,0,,150,80,1,0,,666,1195,,,,,,,61323466-H,,,,,,1,,,Size,80x150,,1,,,,,,,,,,,,,,,,,,,,,,,,,,,,,,,,,,,,,80x150,,,,,,,,,,,,,,,,,,,,,,,,131059,,,,,,,,,,,,,,,,,,,
57719,variation,61323473,,D-sign Rug 1P0078 Anthracite - 120x170,1,0,visible,,D-sign Rug 1P0078 Anthracite 120x170,,,taxable,parent,0,0,,0,0,,170,120,1,0,,927,1665,,,,,,,61323466-H,,,,,,2,,,Size,120x170,,1,,,,,,,,,,,,,,,,,,,,,,,,,,,,,,,,,,,,,120x170,,,,,,,,,,,,,,,,,,,,,,,,131060,,,,,,,,,,,,,,,,,,,
57720,variation,61323470,,D-sign Rug 1P0078 Anthracite - 140x190,1,0,visible,,D-sign Rug 1P0078 Anthracite 140x190,,,taxable,parent,0,0,,0,0,,190,140,1,0,,1123,2015,,,,,,,61323466-H,,,,,,3,,,Size,140x190,,1,,,,,,,,,,,,,,,,,,,,,,,,,,,,,,,,,,,,,140x190,,,,,,,,,,,,,,,,,,,,,,,,131061,,,,,,,,,,,,,,,,,,,
57721,variation,61323481,,D-sign Rug 1P0078 Anthracite - 160x220,1,0,visible,,D-sign Rug 1P0078 Anthracite 160x220,,,taxable,parent,0,0,,0,0,,220,160,1,0,,1416,2545,,,,,,,61323466-H,,,,,,4,,,Size,160x220,,1,,,,,,,,,,,,,,,,,,,,,,,,,,,,,,,,,,,,,160x220,,,,,,,,,,,,,,,,,,,,,,,,131062,,,,,,,,,,,,,,,,,,,
57722,variation,61323472,,D-sign Rug 1P0078 Anthracite - 180x270,1,0,visible,,D-sign Rug 1P0078 Anthracite 180x270,,,taxable,parent,1,3,,0,0,,270,180,1,0,,1840,3305,,,,,,,61323466-H,,,,,,5,,,Size,180x270,,1,,,,,,,,,,,,,,,,,,,,,,,,,,,,,,,,,,,,,180x270,,,,,,,,,,,,,,,,,,,,,,,,131063,,,,,,,,,,,,,,,,,,,
57723,variation,61323483,,D-sign Rug 1P0078 Anthracite - 200x290,1,0,visible,,D-sign Rug 1P0078 Anthracite 200x290,,,taxable,parent,0,0,,0,0,,290,200,1,0,,2166,3895,,,,,,,61323466-H,,,,,,6,,,Size,200x290,,1,,,,,,,,,,,,,,,,,,,,,,,,,,,,,,,,,,,,,200x290,,,,,,,,,,,,,,,,,,,,,,,,131064,,,,,,,,,,,,,,,,,,,
57732,variable,61323488-H,,D-sign Rug 1P0082 Beige,1,0,visible,D-sign Rug 1P0082 Beige,D-sign Rug 1P0082 Beige,,,taxable,,1,,,0,0,,,,,1,,,,"Rooms > Bedroom, Rooms > Living room, Rugs, Rugs > Sisal",,,"https://rugshop.eu/wp-content/uploads/2021/11/carpet-house-sisal-40350-diamonds-flat-woven-woolish-effect-beige.jpg, https://rugshop.eu/wp-content/uploads/2021/11/carpet-house-sisal-40350-diamonds-flat-woven-woolish-effect-beige-1.jpg, https://rugshop.eu/wp-content/uploads/2021/11/carpet-house-sisal-40350-diamonds-flat-woven-woolish-effect-beige-2.jpg, https://rugshop.eu/wp-content/uploads/2021/11/carpet-house-sisal-40350-diamonds-flat-woven-woolish-effect-beige-3.jpg, https://rugshop.eu/wp-content/uploads/2021/11/carpet-house-sisal-40350-diamonds-flat-woven-woolish-effect-beige-4.jpg",,,,,,,,,2419,,,Size,"120x170, 140x190, 160x220, 180x270, 200x290, 80x150",1,1,Brand,D-sign,1,1,Color,Yellow-Brown,1,1,Type of color,Multicolor,1,1,Shape,Rectangular,1,1,Material,Polypropylene,1,1,Type of rug,Sisal,1,1,Weave,Machinemade,1,1,Age,New,1,1,,,,,,,,,,,,,,,,,,yes,yes,,,,,,,,,,,,,,,,,,,,,,,,,,,,,
57734,variable,61323496-H,,D-sign Rug 1P0084 Beige,1,0,visible,D-sign Rug 1P0084 Beige,D-sign Rug 1P0084 Beige,,,taxable,,1,,,0,0,,,,,1,,,,"Rooms > Bedroom, Rooms > Living room, Rugs, Rugs > Sisal",,,"https://rugshop.eu/wp-content/uploads/2021/11/carpet-house-sisal-40356-diamonds-flat-woven-woolish-effect-beige.jpg, https://rugshop.eu/wp-content/uploads/2021/11/carpet-house-sisal-40356-diamonds-flat-woven-woolish-effect-beige-1.jpg, https://rugshop.eu/wp-content/uploads/2021/11/carpet-house-sisal-40356-diamonds-flat-woven-woolish-effect-beige-2.jpg, https://rugshop.eu/wp-content/uploads/2021/11/carpet-house-sisal-40356-diamonds-flat-woven-woolish-effect-beige-3.jpg, https://rugshop.eu/wp-content/uploads/2021/11/carpet-house-sisal-40356-diamonds-flat-woven-woolish-effect-beige-4.jpg",,,,,,,,,2421,,,Size,"120x170, 140x190, 160x220, 180x270, 200x290, 80x150",1,1,Brand,D-sign,1,1,Color,Yellow-Brown,1,1,Type of color,Multicolor,1,1,Shape,Rectangular,1,1,Material,Polypropylene,1,1,Type of rug,Sisal,1,1,Weave,Machinemade,1,1,Age,New,1,1,,,,,,,,,,,,,,,,,,yes,yes,,,,,,,,,,,,,,,,,,,,,,,,,,,,,
57735,variation,61323475,,D-sign Rug 1P0080 Blue - 80x150,1,0,visible,,D-sign Rug 1P0080 Blue 80x150,,,taxable,parent,0,0,,0,0,,150,80,0.7,0,,536,955,,,,,,,61323475-H,,,,,,1,,,Size,80x150,,1,,,,,,,,,,,,,,,,,,,,,,,,,,,,,,,,,,,,,80x150,,,,,,,,,,,,,,,,,,,,,,,,131077,,,,,,,,,,,,,,,,,,,
57736,variation,61323494,,D-sign Rug 1P0080 Blue - 120x170,1,0,visible,,D-sign Rug 1P0080 Blue 120x170,,,taxable,parent,0,0,,0,0,,170,120,0.7,0,,715,1285,,,,,,,61323475-H,,,,,,2,,,Size,120x170,,1,,,,,,,,,,,,,,,,,,,,,,,,,,,,,,,,,,,,,120x170,,,,,,,,,,,,,,,,,,,,,,,,131078,,,,,,,,,,,,,,,,,,,
57737,variation,61323490,,D-sign Rug 1P0080 Blue - 140x190,1,0,visible,,D-sign Rug 1P0080 Blue 140x190,,,taxable,parent,1,14,,0,0,,190,140,0.7,0,,846,1515,,,,,,,61323475-H,,,,,,3,,,Size,140x190,,1,,,,,,,,,,,,,,,,,,,,,,,,,,,,,,,,,,,,,140x190,,,,,,,,,,,,,,,,,,,,,,,,131079,,,,,,,,,,,,,,,,,,,
57738,variation,61323491,,D-sign Rug 1P0080 Blue - 160x220,1,0,visible,,D-sign Rug 1P0080 Blue 160x220,,,taxable,parent,0,0,,0,0,,220,160,0.7,0,,1025,1835,,,,,,,61323475-H,,,,,,4,,,Size,160x220,,1,,,,,,,,,,,,,,,,,,,,,,,,,,,,,,,,,,,,,160x220,,,,,,,,,,,,,,,,,,,,,,,,131080,,,,,,,,,,,,,,,,,,,
57739,variation,61323492,,D-sign Rug 1P0080 Blue - 180x270,1,0,visible,,D-sign Rug 1P0080 Blue 180x270,,,taxable,parent,1,4,,0,0,,270,180,0.7,0,,1302,2335,,,,,,,61323475-H,,,,,,5,,,Size,180x270,,1,,,,,,,,,,,,,,,,,,,,,,,,,,,,,,,,,,,,,180x270,,,,,,,,,,,,,,,,,,,,,,,,131081,,,,,,,,,,,,,,,,,,,
57740,variation,61323493,,D-sign Rug 1P0080 Blue - 200x290,1,0,visible,,D-sign Rug 1P0080 Blue 200x290,,,taxable,parent,0,0,,0,0,,290,200,0.7,0,,1514,2725,,,,,,,61323475-H,,,,,,6,,,Size,200x290,,1,,,,,,,,,,,,,,,,,,,,,,,,,,,,,,,,,,,,,200x290,,,,,,,,,,,,,,,,,,,,,,,,131082,,,,,,,,,,,,,,,,,,,
57742,variation,61323478,,D-sign Rug 1P0081 Beige - 80x150,1,0,visible,,D-sign Rug 1P0081 Beige 80x150,,,taxable,parent,1,19,,0,0,,150,80,0.7,0,,536,955,,,,,,,61323478-H,,,,,,1,,,Size,80x150,,1,,,,,,,,,,,,,,,,,,,,,,,,,,,,,,,,,,,,,80x150,,,,,,,,,,,,,,,,,,,,,,,,131090,,,,,,,,,,,,,,,,,,,
57743,variation,61323487,,D-sign Rug 1P0081 Beige - 120x170,1,0,visible,,D-sign Rug 1P0081 Beige 120x170,,,taxable,parent,1,3,,0,0,,170,120,0.7,0,,715,1285,,,,,,,61323478-H,,,,,,2,,,Size,120x170,,1,,,,,,,,,,,,,,,,,,,,,,,,,,,,,,,,,,,,,120x170,,,,,,,,,,,,,,,,,,,,,,,,131091,,,,,,,,,,,,,,,,,,,
57744,variation,61323485,,D-sign Rug 1P0081 Beige - 140x190,1,0,visible,,D-sign Rug 1P0081 Beige 140x190,,,taxable,parent,1,6,,0,0,,190,140,0.7,0,,846,1515,,,,,,,61323478-H,,,,,,3,,,Size,140x190,,1,,,,,,,,,,,,,,,,,,,,,,,,,,,,,,,,,,,,,140x190,,,,,,,,,,,,,,,,,,,,,,,,131092,,,,,,,,,,,,,,,,,,,
57745,variation,61323486,,D-sign Rug 1P0081 Beige - 160x220,1,0,visible,,D-sign Rug 1P0081 Beige 160x220,,,taxable,parent,1,9,,0,0,,220,160,0.7,0,,1025,1835,,,,,,,61323478-H,,,,,,4,,,Size,160x220,,1,,,,,,,,,,,,,,,,,,,,,,,,,,,,,,,,,,,,,160x220,,,,,,,,,,,,,,,,,,,,,,,,131093,,,,,,,,,,,,,,,,,,,
57746,variation,61323484,,D-sign Rug 1P0081 Beige - 180x270,1,0,visible,,D-sign Rug 1P0081 Beige 180x270,,,taxable,parent,0,0,,0,0,,270,180,0.7,0,,1302,2335,,,,,,,61323478-H,,,,,,5,,,Size,180x270,,1,,,,,,,,,,,,,,,,,,,,,,,,,,,,,,,,,,,,,180x270,,,,,,,,,,,,,,,,,,,,,,,,131094,,,,,,,,,,,,,,,,,,,
57747,variation,61323489,,D-sign Rug 1P0081 Beige - 200x290,1,0,visible,,D-sign Rug 1P0081 Beige 200x290,,,taxable,parent,0,0,,0,0,,290,200,0.7,0,,1514,2725,,,,,,,61323478-H,,,,,,6,,,Size,200x290,,1,,,,,,,,,,,,,,,,,,,,,,,,,,,,,,,,,,,,,200x290,,,,,,,,,,,,,,,,,,,,,,,,131095,,,,,,,,,,,,,,,,,,,
57749,variation,61323488,,D-sign Rug 1P0082 Beige - 80x150,1,0,visible,,D-sign Rug 1P0082 Beige 80x150,,,taxable,parent,1,2,,0,0,,150,80,1,0,,666,1195,,,,,,,61323488-H,,,,,,1,,,Size,80x150,,1,,,,,,,,,,,,,,,,,,,,,,,,,,,,,,,,,,,,,80x150,,,,,,,,,,,,,,,,,,,,,,,,131099,,,,,,,,,,,,,,,,,,,
57750,variation,61323498,,D-sign Rug 1P0082 Beige - 120x170,1,0,visible,,D-sign Rug 1P0082 Beige 120x170,,,taxable,parent,0,0,,0,0,,170,120,1,0,,927,1665,,,,,,,61323488-H,,,,,,2,,,Size,120x170,,1,,,,,,,,,,,,,,,,,,,,,,,,,,,,,,,,,,,,,120x170,,,,,,,,,,,,,,,,,,,,,,,,131100,,,,,,,,,,,,,,,,,,,
57751,variation,61323501,,D-sign Rug 1P0082 Beige - 140x190,1,0,visible,,D-sign Rug 1P0082 Beige 140x190,,,taxable,parent,0,0,,0,0,,190,140,1,0,,1123,2015,,,,,,,61323488-H,,,,,,3,,,Size,140x190,,1,,,,,,,,,,,,,,,,,,,,,,,,,,,,,,,,,,,,,140x190,,,,,,,,,,,,,,,,,,,,,,,,131101,,,,,,,,,,,,,,,,,,,
57752,variation,61323500,,D-sign Rug 1P0082 Beige - 160x220,1,0,visible,,D-sign Rug 1P0082 Beige 160x220,,,taxable,parent,0,0,,0,0,,220,160,1,0,,1416,2545,,,,,,,61323488-H,,,,,,4,,,Size,160x220,,1,,,,,,,,,,,,,,,,,,,,,,,,,,,,,,,,,,,,,160x220,,,,,,,,,,,,,,,,,,,,,,,,131102,,,,,,,,,,,,,,,,,,,
57753,variation,61323499,,D-sign Rug 1P0082 Beige - 180x270,1,0,visible,,D-sign Rug 1P0082 Beige 180x270,,,taxable,parent,0,0,,0,0,,270,180,1,0,,1840,3305,,,,,,,61323488-H,,,,,,5,,,Size,180x270,,1,,,,,,,,,,,,,,,,,,,,,,,,,,,,,,,,,,,,,180x270,,,,,,,,,,,,,,,,,,,,,,,,131103,,,,,,,,,,,,,,,,,,,
57754,variation,61323495,,D-sign Rug 1P0082 Beige - 200x290,1,0,visible,,D-sign Rug 1P0082 Beige 200x290,,,taxable,parent,0,0,,0,0,,290,200,1,0,,2166,3895,,,,,,,61323488-H,,,,,,6,,,Size,200x290,,1,,,,,,,,,,,,,,,,,,,,,,,,,,,,,,,,,,,,,200x290,,,,,,,,,,,,,,,,,,,,,,,,131104,,,,,,,,,,,,,,,,,,,
57756,variable,61323504-H,,D-sign Rug 1P0085 Grey,1,0,visible,D-sign Rug 1P0085 Grey,D-sign Rug 1P0085 Grey,,,taxable,,1,,,0,0,,,,,1,,,,"Rooms > Bedroom, Rooms > Living room, Rugs, Rugs > Sisal",,,"https://rugshop.eu/wp-content/uploads/2021/11/carpet-house-sisal-40345-trellis-flat-woven-woolish-effect-grey-blue.jpg, https://rugshop.eu/wp-content/uploads/2021/11/carpet-house-sisal-40345-trellis-flat-woven-woolish-effect-grey-blue-1.jpg, https://rugshop.eu/wp-content/uploads/2021/11/carpet-house-sisal-40345-trellis-flat-woven-woolish-effect-grey-blue-2.jpg, https://rugshop.eu/wp-content/uploads/2021/11/carpet-house-sisal-40345-trellis-flat-woven-woolish-effect-grey-blue-3.jpg, https://rugshop.eu/wp-content/uploads/2021/11/carpet-house-sisal-40345-trellis-flat-woven-woolish-effect-grey-blue-4.jpg",,,,,,,,,2422,,,Size,"120x170, 140x190, 160x220, 180x270, 200x290, 80x150",1,1,Brand,D-sign,1,1,Color,Black-Grey,1,1,Type of color,Multicolor,1,1,Shape,Rectangular,1,1,Material,Polypropylene,1,1,Type of rug,Sisal,1,1,Weave,Machinemade,1,1,Age,New,1,1,,,,,,,,,,,,,,,,,,yes,yes,,,,,,,,,,,,,,,,,,,,,,,,,,,,,
57757,variable,61323507-H,,D-sign Rug 1P0086 Beige,1,0,visible,D-sign Rug 1P0086 Beige,D-sign Rug 1P0086 Beige,,,taxable,,1,,,0,0,,,,,1,,,,"Rooms > Bedroom, Rooms > Living room, Rugs, Rugs > Sisal",,,"https://rugshop.eu/wp-content/uploads/2021/11/carpet-sisal-sisalo-2907-taupe-cream.jpg, https://rugshop.eu/wp-content/uploads/2021/11/carpet-sisal-sisalo-2907-taupe-cream-1.jpg, https://rugshop.eu/wp-content/uploads/2021/11/carpet-sisal-sisalo-2907-taupe-cream-2.jpg, https://rugshop.eu/wp-content/uploads/2021/11/carpet-sisal-sisalo-2907-taupe-cream-3.jpg, https://rugshop.eu/wp-content/uploads/2021/11/carpet-sisal-sisalo-2907-taupe-cream-4.jpg",,,,,,,,,2423,,,Size,"120x170, 140x190, 160x220, 180x270, 200x290, 80x150",1,1,Brand,D-sign,1,1,Color,White-Beige,1,1,Type of color,Multicolor,1,1,Shape,Rectangular,1,1,Material,Polypropylene,1,1,Type of rug,Sisal,1,1,Weave,Machinemade,1,1,Age,New,1,1,,,,,,,,,,,,,,,,,,yes,yes,,,,,,,,,,,,,,,,,,,,,,,,,,,,,
57758,variable,61323521-H,,D-sign Rug 1P0087 Creme,1,0,visible,D-sign Rug 1P0087 Creme,D-sign Rug 1P0087 Creme,,,taxable,,1,,,0,0,,,,,1,,,,"Rooms > Bedroom, Rooms > Living room, Rugs, Rugs > Sisal, Rugs > Vintage",,,"https://rugshop.eu/wp-content/uploads/2021/11/carpet-sisalo-sisal-vintage-2910-cream-taupe.jpg, https://rugshop.eu/wp-content/uploads/2021/11/carpet-sisalo-sisal-vintage-2910-cream-taupe-1.jpg, https://rugshop.eu/wp-content/uploads/2021/11/carpet-sisalo-sisal-vintage-2910-cream-taupe-2.jpg, https://rugshop.eu/wp-content/uploads/2021/11/carpet-sisalo-sisal-vintage-2910-cream-taupe-3.jpg, https://rugshop.eu/wp-content/uploads/2021/11/carpet-sisalo-sisal-vintage-2910-cream-taupe-4.jpg",,,,,,,,,2424,,,Size,"120x170, 140x190, 160x220, 180x270, 200x290, 80x150",1,1,Brand,D-sign,1,1,Color,White-Beige,1,1,Type of color,Multicolor,1,1,Shape,Rectangular,1,1,Material,Polypropylene,1,1,Type of rug,"Sisal, Vintage / Colored Vintage",1,1,Weave,Machinemade,1,1,Age,New,1,1,,,,,,,,,,,,,,,,,,yes,yes,,,,,,,,,,,,,,,,,,,,,,,,,,,,,
57766,variation,61323496,,D-sign Rug 1P0084 Beige - 80x150,1,0,visible,,D-sign Rug 1P0084 Beige 80x150,,,taxable,parent,0,0,,0,0,,150,80,1,0,,666,1195,,,,,,,61323496-H,,,,,,1,,,Size,80x150,,1,,,,,,,,,,,,,,,,,,,,,,,,,,,,,,,,,,,,,80x150,,,,,,,,,,,,,,,,,,,,,,,,131111,,,,,,,,,,,,,,,,,,,
57767,variation,61323513,,D-sign Rug 1P0084 Beige - 120x170,1,0,visible,,D-sign Rug 1P0084 Beige 120x170,,,taxable,parent,1,3,,0,0,,170,120,1,0,,927,1665,,,,,,,61323496-H,,,,,,2,,,Size,120x170,,1,,,,,,,,,,,,,,,,,,,,,,,,,,,,,,,,,,,,,120x170,,,,,,,,,,,,,,,,,,,,,,,,131112,,,,,,,,,,,,,,,,,,,
57768,variation,61323514,,D-sign Rug 1P0084 Beige - 140x190,1,0,visible,,D-sign Rug 1P0084 Beige 140x190,,,taxable,parent,1,6,,0,0,,190,140,1,0,,1123,2015,,,,,,,61323496-H,,,,,,3,,,Size,140x190,,1,,,,,,,,,,,,,,,,,,,,,,,,,,,,,,,,,,,,,140x190,,,,,,,,,,,,,,,,,,,,,,,,131113,,,,,,,,,,,,,,,,,,,
57769,variation,61323502,,D-sign Rug 1P0084 Beige - 160x220,1,0,visible,,D-sign Rug 1P0084 Beige 160x220,,,taxable,parent,1,5,,0,0,,220,160,1,0,,1416,2545,,,,,,,61323496-H,,,,,,4,,,Size,160x220,,1,,,,,,,,,,,,,,,,,,,,,,,,,,,,,,,,,,,,,160x220,,,,,,,,,,,,,,,,,,,,,,,,131114,,,,,,,,,,,,,,,,,,,
57770,variation,61323503,,D-sign Rug 1P0084 Beige - 180x270,1,0,visible,,D-sign Rug 1P0084 Beige 180x270,,,taxable,parent,1,2,,0,0,,270,180,1,0,,1840,3305,,,,,,,61323496-H,,,,,,5,,,Size,180x270,,1,,,,,,,,,,,,,,,,,,,,,,,,,,,,,,,,,,,,,180x270,,,,,,,,,,,,,,,,,,,,,,,,131115,,,,,,,,,,,,,,,,,,,
57771,variation,61323506,,D-sign Rug 1P0084 Beige - 200x290,1,0,visible,,D-sign Rug 1P0084 Beige 200x290,,,taxable,parent,0,0,,0,0,,290,200,1,0,,2166,3895,,,,,,,61323496-H,,,,,,6,,,Size,200x290,,1,,,,,,,,,,,,,,,,,,,,,,,,,,,,,,,,,,,,,200x290,,,,,,,,,,,,,,,,,,,,,,,,131116,,,,,,,,,,,,,,,,,,,
57773,variation,61323504,,D-sign Rug 1P0085 Grey - 80x150,1,0,visible,,D-sign Rug 1P0085 Grey 80x150,,,taxable,parent,0,0,,0,0,,150,80,1,0,,666,1195,,,,,,,61323504-H,,,,,,1,,,Size,80x150,,1,,,,,,,,,,,,,,,,,,,,,,,,,,,,,,,,,,,,,80x150,,,,,,,,,,,,,,,,,,,,,,,,131123,,,,,,,,,,,,,,,,,,,
57774,variation,61323528,,D-sign Rug 1P0085 Grey - 120x170,1,0,visible,,D-sign Rug 1P0085 Grey 120x170,,,taxable,parent,0,0,,0,0,,170,120,1,0,,927,1665,,,,,,,61323504-H,,,,,,2,,,Size,120x170,,1,,,,,,,,,,,,,,,,,,,,,,,,,,,,,,,,,,,,,120x170,,,,,,,,,,,,,,,,,,,,,,,,131124,,,,,,,,,,,,,,,,,,,
57775,variation,61323529,,D-sign Rug 1P0085 Grey - 140x190,1,0,visible,,D-sign Rug 1P0085 Grey 140x190,,,taxable,parent,1,10,,0,0,,190,140,1,0,,1123,2015,,,,,,,61323504-H,,,,,,3,,,Size,140x190,,1,,,,,,,,,,,,,,,,,,,,,,,,,,,,,,,,,,,,,140x190,,,,,,,,,,,,,,,,,,,,,,,,131125,,,,,,,,,,,,,,,,,,,
57776,variation,61323527,,D-sign Rug 1P0085 Grey - 160x220,1,0,visible,,D-sign Rug 1P0085 Grey 160x220,,,taxable,parent,0,0,,0,0,,220,160,1,0,,1416,2545,,,,,,,61323504-H,,,,,,4,,,Size,160x220,,1,,,,,,,,,,,,,,,,,,,,,,,,,,,,,,,,,,,,,160x220,,,,,,,,,,,,,,,,,,,,,,,,131126,,,,,,,,,,,,,,,,,,,
57777,variation,61323530,,D-sign Rug 1P0085 Grey - 180x270,1,0,visible,,D-sign Rug 1P0085 Grey 180x270,,,taxable,parent,0,0,,0,0,,270,180,1,0,,1840,3305,,,,,,,61323504-H,,,,,,5,,,Size,180x270,,1,,,,,,,,,,,,,,,,,,,,,,,,,,,,,,,,,,,,,180x270,,,,,,,,,,,,,,,,,,,,,,,,131127,,,,,,,,,,,,,,,,,,,
57778,variation,61323526,,D-sign Rug 1P0085 Grey - 200x290,1,0,visible,,D-sign Rug 1P0085 Grey 200x290,,,taxable,parent,0,0,,0,0,,290,200,1,0,,2166,3895,,,,,,,61323504-H,,,,,,6,,,Size,200x290,,1,,,,,,,,,,,,,,,,,,,,,,,,,,,,,,,,,,,,,200x290,,,,,,,,,,,,,,,,,,,,,,,,131128,,,,,,,,,,,,,,,,,,,
57780,variable,61323534-H,,D-sign Rug 1P0088 Creme,1,0,visible,D-sign Rug 1P0088 Creme,D-sign Rug 1P0088 Creme,,,taxable,,1,,,0,0,,,,,1,,,,"Rooms > Bedroom, Rooms > Living room, Rugs, Rugs > Sisal",,,"https://rugshop.eu/wp-content/uploads/2021/11/carpet-sisalo-sisal-zigzag-2901-cream-taupe.jpg, https://rugshop.eu/wp-content/uploads/2021/11/carpet-sisalo-sisal-zigzag-2901-cream-taupe-1.jpg, https://rugshop.eu/wp-content/uploads/2021/11/carpet-sisalo-sisal-zigzag-2901-cream-taupe-2.jpg, https://rugshop.eu/wp-content/uploads/2021/11/carpet-sisalo-sisal-zigzag-2901-cream-taupe-3.jpg, https://rugshop.eu/wp-content/uploads/2021/11/carpet-sisalo-sisal-zigzag-2901-cream-taupe-4.jpg",,,,,,,,,2425,,,Size,"120x170, 140x190, 160x220, 180x270, 200x290, 80x150",1,1,Brand,D-sign,1,1,Color,White-Beige,1,1,Type of color,Multicolor,1,1,Shape,Rectangular,1,1,Material,Polypropylene,1,1,Type of rug,Sisal,1,1,Weave,Machinemade,1,1,Age,New,1,1,,,,,,,,,,,,,,,,,,yes,yes,,,,,,,,,,,,,,,,,,,,,,,,,,,,,
57782,variable,61323550-H,,D-sign Rug 1P0040 Beige,1,0,visible,D-sign Rug 1P0040 Beige,D-sign Rug 1P0040 Beige,,,taxable,,1,,,0,0,,,,,1,,,,"Rooms > Bedroom, Rooms > Living room, Rugs, Rugs > Sisal",,,"https://rugshop.eu/wp-content/uploads/2021/10/carpet-sisal-boho-39003569-beige.jpg, https://rugshop.eu/wp-content/uploads/2021/10/carpet-sisal-boho-39003569-beige-1.jpg, https://rugshop.eu/wp-content/uploads/2021/10/carpet-sisal-boho-39003569-beige-2.jpg, https://rugshop.eu/wp-content/uploads/2021/10/carpet-sisal-boho-39003569-beige-3.jpg, https://rugshop.eu/wp-content/uploads/2021/11/carpet-sisal-boho-39003569-beige.jpg",,,,,,,,,2368,,,Size,"120x170, 160x230, 200x290, 60x110, 80x150",1,1,Brand,D-sign,1,1,Color,White-Beige,1,1,Type of color,Multicolor,1,1,Shape,Rectangular,1,1,Material,Polyester,1,1,Type of rug,Sisal,1,1,Weave,Machinemade,1,1,Age,New,1,1,,,,,,,,,,,,,,,,,,yes,yes,,,,,,,,,,,,,,,,,,,,,,,,,,,,,
57783,variation,61323507,,D-sign Rug 1P0086 Beige - 80x150,1,0,visible,,D-sign Rug 1P0086 Beige 80x150,,,taxable,parent,1,11,,0,0,,150,80,0.8,0,,715,1285,,,,,,,61323507-H,,,,,,1,,,Size,80x150,,1,,,,,,,,,,,,,,,,,,,,,,,,,,,,,,,,,,,,,80x150,,,,,,,,,,,,,,,,,,,,,,,,131242,,,,,,,,,,,,,,,,,,,
57784,variation,61323519,,D-sign Rug 1P0086 Beige - 120x170,1,0,visible,,D-sign Rug 1P0086 Beige 120x170,,,taxable,parent,1,4,,0,0,,170,120,0.8,0,,1025,1835,,,,,,,61323507-H,,,,,,2,,,Size,120x170,,1,,,,,,,,,,,,,,,,,,,,,,,,,,,,,,,,,,,,,120x170,,,,,,,,,,,,,,,,,,,,,,,,131243,,,,,,,,,,,,,,,,,,,
57785,variation,61323522,,D-sign Rug 1P0086 Beige - 140x190,1,0,visible,,D-sign Rug 1P0086 Beige 140x190,,,taxable,parent,0,0,,0,0,,190,140,0.8,0,,1074,1925,,,,,,,61323507-H,,,,,,3,,,Size,140x190,,1,,,,,,,,,,,,,,,,,,,,,,,,,,,,,,,,,,,,,140x190,,,,,,,,,,,,,,,,,,,,,,,,131244,,,,,,,,,,,,,,,,,,,
57786,variation,61323520,,D-sign Rug 1P0086 Beige - 160x220,1,0,visible,,D-sign Rug 1P0086 Beige 160x220,,,taxable,parent,1,2,,0,0,,220,160,0.8,0,,1547,2775,,,,,,,61323507-H,,,,,,4,,,Size,160x220,,1,,,,,,,,,,,,,,,,,,,,,,,,,,,,,,,,,,,,,160x220,,,,,,,,,,,,,,,,,,,,,,,,131245,,,,,,,,,,,,,,,,,,,
57787,variation,61323524,,D-sign Rug 1P0086 Beige - 180x270,1,0,visible,,D-sign Rug 1P0086 Beige 180x270,,,taxable,parent,1,2,,0,0,,270,180,0.8,0,,2036,3655,,,,,,,61323507-H,,,,,,5,,,Size,180x270,,1,,,,,,,,,,,,,,,,,,,,,,,,,,,,,,,,,,,,,180x270,,,,,,,,,,,,,,,,,,,,,,,,131246,,,,,,,,,,,,,,,,,,,
57788,variation,61323523,,D-sign Rug 1P0086 Beige - 200x290,1,0,visible,,D-sign Rug 1P0086 Beige 200x290,,,taxable,parent,0,0,,0,0,,290,200,0.8,0,,2378,4275,,,,,,,61323507-H,,,,,,6,,,Size,200x290,,1,,,,,,,,,,,,,,,,,,,,,,,,,,,,,,,,,,,,,200x290,,,,,,,,,,,,,,,,,,,,,,,,131247,,,,,,,,,,,,,,,,,,,
57790,variation,61323521,,D-sign Rug 1P0087 Creme - 80x150,1,0,visible,,D-sign Rug 1P0087 Creme 80x150,,,taxable,parent,1,3,,0,0,,150,80,0.8,0,,715,1285,,,,,,,61323521-H,,,,,,1,,,Size,80x150,,1,,,,,,,,,,,,,,,,,,,,,,,,,,,,,,,,,,,,,80x150,,,,,,,,,,,,,,,,,,,,,,,,131254,,,,,,,,,,,,,,,,,,,
57791,variation,61323545,,D-sign Rug 1P0087 Creme - 120x170,1,0,visible,,D-sign Rug 1P0087 Creme 120x170,,,taxable,parent,1,3,,0,0,,170,120,0.8,0,,1025,1835,,,,,,,61323521-H,,,,,,2,,,Size,120x170,,1,,,,,,,,,,,,,,,,,,,,,,,,,,,,,,,,,,,,,120x170,,,,,,,,,,,,,,,,,,,,,,,,131255,,,,,,,,,,,,,,,,,,,
57792,variation,61323536,,D-sign Rug 1P0087 Creme - 140x190,1,0,visible,,D-sign Rug 1P0087 Creme 140x190,,,taxable,parent,0,0,,0,0,,190,140,0.8,0,,1074,1925,,,,,,,61323521-H,,,,,,3,,,Size,140x190,,1,,,,,,,,,,,,,,,,,,,,,,,,,,,,,,,,,,,,,140x190,,,,,,,,,,,,,,,,,,,,,,,,131256,,,,,,,,,,,,,,,,,,,
57793,variation,61323537,,D-sign Rug 1P0087 Creme - 160x220,1,0,visible,,D-sign Rug 1P0087 Creme 160x220,,,taxable,parent,0,0,,0,0,,220,160,0.8,0,,1547,2775,,,,,,,61323521-H,,,,,,4,,,Size,160x220,,1,,,,,,,,,,,,,,,,,,,,,,,,,,,,,,,,,,,,,160x220,,,,,,,,,,,,,,,,,,,,,,,,131257,,,,,,,,,,,,,,,,,,,
57794,variation,61323540,,D-sign Rug 1P0087 Creme - 180x270,1,0,visible,,D-sign Rug 1P0087 Creme 180x270,,,taxable,parent,0,0,,0,0,,270,180,0.8,0,,2036,3655,,,,,,,61323521-H,,,,,,5,,,Size,180x270,,1,,,,,,,,,,,,,,,,,,,,,,,,,,,,,,,,,,,,,180x270,,,,,,,,,,,,,,,,,,,,,,,,131258,,,,,,,,,,,,,,,,,,,
57795,variation,61323532,,D-sign Rug 1P0087 Creme - 200x290,1,0,visible,,D-sign Rug 1P0087 Creme 200x290,,,taxable,parent,0,0,,0,0,,290,200,0.8,0,,2378,4275,,,,,,,61323521-H,,,,,,6,,,Size,200x290,,1,,,,,,,,,,,,,,,,,,,,,,,,,,,,,,,,,,,,,200x290,,,,,,,,,,,,,,,,,,,,,,,,131259,,,,,,,,,,,,,,,,,,,
57797,variation,61323534,,D-sign Rug 1P0088 Creme - 80x150,1,0,visible,,D-sign Rug 1P0088 Creme 80x150,,,taxable,parent,1,7,,0,0,,150,80,0.8,0,,715,1285,,,,,,,61323534-H,,,,,,1,,,Size,80x150,,1,,,,,,,,,,,,,,,,,,,,,,,,,,,,,,,,,,,,,80x150,,,,,,,,,,,,,,,,,,,,,,,,131260,,,,,,,,,,,,,,,,,,,
57798,variation,61323543,,D-sign Rug 1P0088 Creme - 120x170,1,0,visible,,D-sign Rug 1P0088 Creme 120x170,,,taxable,parent,1,11,,0,0,,170,120,0.8,0,,1025,1835,,,,,,,61323534-H,,,,,,2,,,Size,120x170,,1,,,,,,,,,,,,,,,,,,,,,,,,,,,,,,,,,,,,,120x170,,,,,,,,,,,,,,,,,,,,,,,,131261,,,,,,,,,,,,,,,,,,,
57799,variation,61323560,,D-sign Rug 1P0088 Creme - 140x190,1,0,visible,,D-sign Rug 1P0088 Creme 140x190,,,taxable,parent,0,0,,0,0,,190,140,0.8,0,,1074,1925,,,,,,,61323534-H,,,,,,3,,,Size,140x190,,1,,,,,,,,,,,,,,,,,,,,,,,,,,,,,,,,,,,,,140x190,,,,,,,,,,,,,,,,,,,,,,,,131262,,,,,,,,,,,,,,,,,,,
57800,variation,61323541,,D-sign Rug 1P0088 Creme - 160x220,1,0,visible,,D-sign Rug 1P0088 Creme 160x220,,,taxable,parent,0,0,,0,0,,220,160,0.8,0,,1547,2775,,,,,,,61323534-H,,,,,,4,,,Size,160x220,,1,,,,,,,,,,,,,,,,,,,,,,,,,,,,,,,,,,,,,160x220,,,,,,,,,,,,,,,,,,,,,,,,131263,,,,,,,,,,,,,,,,,,,
57801,variation,61323539,,D-sign Rug 1P0088 Creme - 180x270,1,0,visible,,D-sign Rug 1P0088 Creme 180x270,,,taxable,parent,0,0,,0,0,,270,180,0.8,0,,2036,3655,,,,,,,61323534-H,,,,,,5,,,Size,180x270,,1,,,,,,,,,,,,,,,,,,,,,,,,,,,,,,,,,,,,,180x270,,,,,,,,,,,,,,,,,,,,,,,,131264,,,,,,,,,,,,,,,,,,,
57802,variation,61323538,,D-sign Rug 1P0088 Creme - 200x290,1,0,visible,,D-sign Rug 1P0088 Creme 200x290,,,taxable,parent,0,0,,0,0,,290,200,0.8,0,,2378,4275,,,,,,,61323534-H,,,,,,6,,,Size,200x290,,1,,,,,,,,,,,,,,,,,,,,,,,,,,,,,,,,,,,,,200x290,,,,,,,,,,,,,,,,,,,,,,,,131265,,,,,,,,,,,,,,,,,,,
57804,variable,61323546-H,,D-sign Rug 1P0041 Beige,1,0,visible,D-sign Rug 1P0041 Beige,D-sign Rug 1P0041 Beige,,,taxable,,1,,,0,0,,,,,1,,,,"Rooms > Bedroom, Rooms > Entrance & Corridor, Rooms > Living room, Rugs, Rugs > Sisal",,,"https://rugshop.eu/wp-content/uploads/2021/10/carpet-runner-sisal-boho-39003363-lines-beige.jpg, https://rugshop.eu/wp-content/uploads/2021/10/carpet-runner-sisal-boho-39003363-lines-beige-1.jpg, https://rugshop.eu/wp-content/uploads/2021/10/carpet-runner-sisal-boho-39003363-lines-beige-2.jpg, https://rugshop.eu/wp-content/uploads/2021/10/carpet-runner-sisal-boho-39003363-lines-beige-3.jpg, https://rugshop.eu/wp-content/uploads/2021/11/carpet-runner-sisal-boho-39003363-lines-beige.jpg",,,,,,,,,2370,,,Size,"120x170, 140x200, 160x230, 200x290, 60x110, 80x150",1,1,Brand,D-sign,1,1,Color,White-Beige,1,1,Type of color,Multicolor,1,1,Shape,Rectangular,1,1,Material,Polyester,1,1,Type of rug,Sisal,1,1,Weave,Machinemade,1,1,Age,New,1,1,,,,,,,,,,,,,,,,,,yes,yes,,,,,,,,,,,,,,,,,,,,,,,,,,,,,
57805,variable,61323557-H,,D-sign Rug 1P0042 Beige,1,0,visible,D-sign Rug 1P0042 Beige,D-sign Rug 1P0042 Beige,,,taxable,,1,,,0,0,,,,,1,,,,"Rooms > Bedroom, Rooms > Living room, Rugs, Rugs > Sisal",,,"https://rugshop.eu/wp-content/uploads/2021/10/carpet-sisal-boho-39044026-beige.jpg, https://rugshop.eu/wp-content/uploads/2021/10/carpet-sisal-boho-39044026-beige-1.jpg, https://rugshop.eu/wp-content/uploads/2021/10/carpet-sisal-boho-39044026-beige-2.jpg, https://rugshop.eu/wp-content/uploads/2021/10/carpet-sisal-boho-39044026-beige-3.jpg, https://rugshop.eu/wp-content/uploads/2021/11/carpet-sisal-boho-39044026-beige.jpg",,,,,,,,,2371,,,Size,"120x170, 140x200, 160x230, 200x290, 80x150",1,1,Brand,D-sign,1,1,Color,White-Beige,1,1,Type of color,Multicolor,1,1,Shape,Rectangular,1,1,Material,Polyester,1,1,Type of rug,Sisal,1,1,Weave,Machinemade,1,1,Age,New,1,1,,,,,,,,,,,,,,,,,,yes,yes,,,,,,,,,,,,,,,,,,,,,,,,,,,,,
57806,variable,61323555-H,,D-sign Rug 1P0090 Blue,1,0,visible,D-sign Rug 1P0090 Blue,D-sign Rug 1P0090 Blue,,,taxable,,1,,,0,0,,,,,1,,,,"Rooms > Bedroom, Rooms > Living room, Rugs, Rugs > Sisal",,,"https://rugshop.eu/wp-content/uploads/2021/11/modern-fisy-carpet-sisal-20776-zigzag-melange-blue.jpg, https://rugshop.eu/wp-content/uploads/2021/11/modern-fisy-carpet-sisal-20776-zigzag-melange-blue-1.jpg, https://rugshop.eu/wp-content/uploads/2021/11/modern-fisy-carpet-sisal-20776-zigzag-melange-blue-2.jpg, https://rugshop.eu/wp-content/uploads/2021/11/modern-fisy-carpet-sisal-20776-zigzag-melange-blue-3.jpg, https://rugshop.eu/wp-content/uploads/2021/11/modern-fisy-carpet-sisal-20776-zigzag-melange-blue-4.jpg",,,,,,,,,2427,,,Size,"120x170, 140x190, 160x220, 180x270, 200x290, 80x150",1,1,Brand,D-sign,1,1,Color,"Blue, Green",1,1,Type of color,Multicolor,1,1,Shape,Rectangular,1,1,Material,Polypropylene,1,1,Type of rug,Sisal,1,1,Weave,Machinemade,1,1,Age,New,1,1,,,,,,,,,,,,,,,,,,yes,yes,,,,,,,,,,,,,,,,,,,,,,,,,,,,,
