ID,Type,SKU,"GTIN, UPC, EAN, or ISBN",Name,Published,Is featured?,Visibility in catalog,Short description,Description,Date sale price starts,Date sale price ends,Tax status,Tax class,In stock?,Stock,Low stock amount,Backorders allowed?,Sold individually?,Weight (kg),Length (cm),Width (cm),Height (cm),Allow customer reviews?,Purchase note,Sale price,Regular price,Categories,Tags,Shipping class,Images,Download limit,Download expiry days,Parent,Grouped products,Upsells,Cross-sells,External URL,Button text,Position,Swatches Attributes,Brands,Attribute 1 name,Attribute 1 value(s),Attribute 1 visible,Attribute 1 global,Attribute 2 name,Attribute 2 value(s),Attribute 2 visible,Attribute 2 global,Attribute 3 name,Attribute 3 value(s),Attribute 3 visible,Attribute 3 global,Attribute 4 name,Attribute 4 value(s),Attribute 4 visible,Attribute 4 global,Attribute 5 name,Attribute 5 value(s),Attribute 5 visible,Attribute 5 global,Attribute 6 name,Attribute 6 value(s),Attribute 6 visible,Attribute 6 global,Attribute 7 name,Attribute 7 value(s),Attribute 7 visible,Attribute 7 global,Attribute 8 name,Attribute 8 value(s),Attribute 8 visible,Attribute 8 global,Attribute 9 name,Attribute 9 value(s),Attribute 9 visible,Attribute 9 global,Attribute 10 name,Attribute 10 value(s),Attribute 10 visible,Attribute 10 global,Meta: fb_size,Meta: fb_brand,Meta: fb_color,Meta: fb_material,Meta: _wp_page_template,Meta: site-sidebar-layout,Meta: site-content-layout,Meta: theme-transparent-header-meta,Meta: _yoast_wpseo_primary_product_brand,Meta: _yoast_wpseo_primary_product_cat,Meta: _yoast_wpseo_content_score,Meta: _yoast_wpseo_estimated-reading-time-minutes,Meta: _last_change_time,Meta: _wc_facebook_sync_enabled_v2,Meta: fb_visibility,Meta: fb_product_description,Meta: fb_rich_text_description,Meta: _wc_facebook_product_image_source,Meta: fb_mpn,Meta: fb_pattern,Meta: fb_age_group,Meta: fb_gender,Meta: fb_product_condition,Meta: _last_editor_used_jetpack,Meta: _wpm_gtin_code,Meta: _wpm_gtin_code_label,Meta: _yoast_wpseo_seo_title_score,Meta: _yoast_wpseo_meta_description_score,Meta: _yoast_wpseo_wordproof_timestamp,Meta: _elementor_edit_mode,Meta: _elementor_template_type,Meta: _elementor_version,Meta: _elementor_pro_version,Meta: fb_product_group_id,Meta: fb_product_image,Meta: _wc_facebook_product_video_source,Meta: fb_product_images,Meta: fb_product_price,Attribute 11 name,Attribute 11 value(s),Attribute 11 visible,Attribute 11 global,Meta: _wp_old_date,Attribute 1 default
18730,variation,48810220,,Manolya Rug 2095 Turquoise - 120x170,1,0,hidden,,Manolya Rug 2095 Turquoise 120x170,,,taxable,parent,0,0,,0,0,,120,170,1,0,,,1116,,,,,,,46183442,,,,,,2,,,Size,120x170,,1,,,,,,,,,,,,,,,,,,,,,,,,,,,,,,,,,,,,,120x170,,,,,,,,,,,,1786452612,,,,,,,,,,,,LZ2TK-120-170,,,,,,,,,,,,,,,,,,,
18731,variation,48810218,,Manolya Rug 2095 Turquoise - 160x230,1,0,hidden,,Manolya Rug 2095 Turquoise 160x230,,,taxable,parent,0,0,,0,0,,160,230,1,0,,,1516,,,,,,,46183442,,,,,,3,,,Size,160x230,,1,,,,,,,,,,,,,,,,,,,,,,,,,,,,,,,,,,,,,160x230,,,,,,,,,,,,,,,,,,,,,,,,LZ2TK-160-230,,,,,,,,,,,,,,,,,,,
18732,variation,48810219,,Manolya Rug 2095 Turquoise - 200x290,1,0,hidden,,Manolya Rug 2095 Turquoise 200x290,,,taxable,parent,0,0,,0,0,,200,290,1,0,,,2156,,,,,,,46183442,,,,,,4,,,Size,200x290,,1,,,,,,,,,,,,,,,,,,,,,,,,,,,,,,,,,,,,,200x290,,,,,,,,,,,,1786452611,,,,,,,,,,,,LZ2TK-200-290,,,,,,,,,,,,,,,,,,,
18751,variation,48810226,,Manolya Rug 2097 Yellow/Ivory - 80x150,1,0,hidden,,Manolya Rug 2097 Yellow/Ivory 80x150,,,taxable,parent,0,0,,0,0,,80,150,1,0,,,876,,,,,,,46183443,,,,,,1,,,Size,80x150,,1,,,,,,,,,,,,,,,,,,,,,,,,,,,,,,,,,,,,,80x150,,,,,,,,,,,,1786452612,,,,,,,,,,,,ZPX4G-80-150,,,,,,,,,,,,,,,,,,,
18752,variation,48810228,,Manolya Rug 2097 Yellow/Ivory - 120x170,1,0,hidden,,Manolya Rug 2097 Yellow/Ivory 120x170,,,taxable,parent,0,0,,0,0,,120,170,1,0,,,1116,,,,,,,46183443,,,,,,2,,,Size,120x170,,1,,,,,,,,,,,,,,,,,,,,,,,,,,,,,,,,,,,,,120x170,,,,,,,,,,,,1786452613,,,,,,,,,,,,ZPX4G-120-170,,,,,,,,,,,,,,,,,,,
18753,variation,48810229,,Manolya Rug 2097 Yellow/Ivory - 160x230,1,0,hidden,,Manolya Rug 2097 Yellow/Ivory 160x230,,,taxable,parent,0,0,,0,0,,160,230,1,0,,,1516,,,,,,,46183443,,,,,,3,,,Size,160x230,,1,,,,,,,,,,,,,,,,,,,,,,,,,,,,,,,,,,,,,160x230,,,,,,,,,,,,1786452613,,,,,,,,,,,,ZPX4G-160-230,,,,,,,,,,,,,,,,,,,
18754,variation,48810227,,Manolya Rug 2097 Yellow/Ivory - 200x290,1,0,hidden,,Manolya Rug 2097 Yellow/Ivory 200x290,,,taxable,parent,0,0,,0,0,,200,290,1,0,,,2156,,,,,,,46183443,,,,,,4,,,Size,200x290,,1,,,,,,,,,,,,,,,,,,,,,,,,,,,,,,,,,,,,,200x290,,,,,,,,,,,,,,,,,,,,,,,,ZPX4G-200-290,,,,,,,,,,,,,,,,,,,
18772,variable,46183449,,Medley Rug 125 Blue,1,0,hidden,Medley Rug 125 Blue ,Medley Rug 125 Blue ,,,taxable,,0,,,0,0,,,,,1,,,,"Rooms > Bedroom, Rooms > Entrance & Corridor, Rooms > Kitchen, Rugs > Modern, Rugs",,,"https://rugshop.eu/wp-content/uploads/2021/09/medley-rug-125-blue.jpg, https://rugshop.eu/wp-content/uploads/2021/09/medley-rug-125-blue-1.jpg, https://rugshop.eu/wp-content/uploads/2021/09/medley-rug-125-blue-2.jpg, https://rugshop.eu/wp-content/uploads/2021/09/medley-rug-125-blue-3.jpg, https://rugshop.eu/wp-content/uploads/2021/09/medley-rug-125-blue-4.jpg, https://rugshop.eu/wp-content/uploads/2021/09/medley-rug-125-blue-5.jpg, https://rugshop.eu/wp-content/uploads/2021/09/medley-rug-125-blue-6.jpg, https://rugshop.eu/wp-content/uploads/2021/09/medley-rug-125-blue-7.jpg",,,,,,,,,4664,,,Size,"130x190, 80x150",1,1,Brand,D-sign,1,1,Color,Blue,1,1,Type of color,Multicolor,1,1,Shape,Rectangular,1,1,Material,Polyester,1,1,Type of rug,Modern,1,1,Weave,Machinemade,1,1,Country,China,1,1,Age,New,1,1,,,,,,,,,,,,,1786452671,yes,yes,,,,,,,,,,,,,,,,,,,,,,,,,,,,,
18773,variation,48810233,,Manolya Rug 2097 Pink/Ivory - 80x150,1,0,hidden,,Manolya Rug 2097 Pink/Ivory 80x150,,,taxable,parent,0,0,,0,0,,80,150,1,0,,,876,,,,,,,46183444,,,,,,1,,,Size,80x150,,1,,,,,,,,,,,,,,,,,,,,,,,,,,,,,,,,,,,,,80x150,,,,,,,,,,,,1786452615,,,,,,,,,,,,HGAPA-80-150,,,,,,,,,,,,,,,,,,,
18774,variation,48810230,,Manolya Rug 2097 Pink/Ivory - 120x170,1,0,hidden,,Manolya Rug 2097 Pink/Ivory 120x170,,,taxable,parent,0,0,,0,0,,120,170,1,0,,,1116,,,,,,,46183444,,,,,,2,,,Size,120x170,,1,,,,,,,,,,,,,,,,,,,,,,,,,,,,,,,,,,,,,120x170,,,,,,,,,,,,,,,,,,,,,,,,HGAPA-120-170,,,,,,,,,,,,,,,,,,,
18775,variation,48810231,,Manolya Rug 2097 Pink/Ivory - 160x230,1,0,hidden,,Manolya Rug 2097 Pink/Ivory 160x230,,,taxable,parent,0,0,,0,0,,160,230,1,0,,,1516,,,,,,,46183444,,,,,,3,,,Size,160x230,,1,,,,,,,,,,,,,,,,,,,,,,,,,,,,,,,,,,,,,160x230,,,,,,,,,,,,1786452614,,,,,,,,,,,,HGAPA-160-230,,,,,,,,,,,,,,,,,,,
18776,variation,48810232,,Manolya Rug 2097 Pink/Ivory - 200x290,1,0,hidden,,Manolya Rug 2097 Pink/Ivory 200x290,,,taxable,parent,0,0,,0,0,,200,290,1,0,,,2156,,,,,,,46183444,,,,,,4,,,Size,200x290,,1,,,,,,,,,,,,,,,,,,,,,,,,,,,,,,,,,,,,,200x290,,,,,,,,,,,,,,,,,,,,,,,,HGAPA-200-290,,,,,,,,,,,,,,,,,,,
18804,variation,48810240,,Manolya Rug 2097 Black - 80x250,1,0,hidden,,Manolya Rug 2097 Black 80x250,,,taxable,parent,0,0,,0,0,,80,250,1,0,,,1116,,,,,,,46183445,,,,,,1,,,Size,80x250,,1,,,,,,,,,,,,,,,,,,,,,,,,,,,,,,,,,,,,,80x250,,,,,,,,,,,,,,,,,,,,,,,,BWTRD-80-250,,,,,,,,,,,,,,,,,,,
18805,variation,48810238,,Manolya Rug 2097 Black - 80x150,1,0,hidden,,Manolya Rug 2097 Black 80x150,,,taxable,parent,0,0,,0,0,,80,150,1,0,,,876,,,,,,,46183445,,,,,,2,,,Size,80x150,,1,,,,,,,,,,,,,,,,,,,,,,,,,,,,,,,,,,,,,80x150,,,,,,,,,,,,,,,,,,,,,,,,BWTRD-80-150,,,,,,,,,,,,,,,,,,,
18806,variation,48810241,,Manolya Rug 2097 Black - 120x170,1,0,hidden,,Manolya Rug 2097 Black 120x170,,,taxable,parent,0,0,,0,0,,120,170,1,0,,,1116,,,,,,,46183445,,,,,,3,,,Size,120x170,,1,,,,,,,,,,,,,,,,,,,,,,,,,,,,,,,,,,,,,120x170,,,,,,,,,,,,1786452615,,,,,,,,,,,,BWTRD-120-170,,,,,,,,,,,,,,,,,,,
18807,variation,48810237,,Manolya Rug 2097 Black - 160x230,1,0,hidden,,Manolya Rug 2097 Black 160x230,,,taxable,parent,0,0,,0,0,,160,230,1,0,,,1516,,,,,,,46183445,,,,,,4,,,Size,160x230,,1,,,,,,,,,,,,,,,,,,,,,,,,,,,,,,,,,,,,,160x230,,,,,,,,,,,,,,,,,,,,,,,,BWTRD-160-230,,,,,,,,,,,,,,,,,,,
18808,variation,48810239,,Manolya Rug 2097 Black - 200x290,1,0,hidden,,Manolya Rug 2097 Black 200x290,,,taxable,parent,0,0,,0,0,,200,290,1,0,,,2156,,,,,,,46183445,,,,,,5,,,Size,200x290,,1,,,,,,,,,,,,,,,,,,,,,,,,,,,,,,,,,,,,,200x290,,,,,,,,,,,,,,,,,,,,,,,,BWTRD-200-290,,,,,,,,,,,,,,,,,,,
18837,variation,48810257,,Manolya Rug 2097 Taupe - 80x250,1,0,hidden,,Manolya Rug 2097 Taupe 80x250,,,taxable,parent,0,0,,0,0,,80,250,1,0,,,1116,,,,,,,46183446,,,,,,1,,,Size,80x250,,1,,,,,,,,,,,,,,,,,,,,,,,,,,,,,,,,,,,,,80x250,,,,,,,,,,,,,,,,,,,,,,,,3EXTU-80-250,,,,,,,,,,,,,,,,,,,
18838,variation,48810254,,Manolya Rug 2097 Taupe - 80x150,1,0,hidden,,Manolya Rug 2097 Taupe 80x150,,,taxable,parent,0,0,,0,0,,80,150,1,0,,,876,,,,,,,46183446,,,,,,2,,,Size,80x150,,1,,,,,,,,,,,,,,,,,,,,,,,,,,,,,,,,,,,,,80x150,,,,,,,,,,,,1786452616,,,,,,,,,,,,3EXTU-80-150,,,,,,,,,,,,,,,,,,,
18839,variation,48810255,,Manolya Rug 2097 Taupe - 120x170,1,0,hidden,,Manolya Rug 2097 Taupe 120x170,,,taxable,parent,0,0,,0,0,,120,170,1,0,,,1116,,,,,,,46183446,,,,,,3,,,Size,120x170,,1,,,,,,,,,,,,,,,,,,,,,,,,,,,,,,,,,,,,,120x170,,,,,,,,,,,,1786452617,,,,,,,,,,,,3EXTU-120-170,,,,,,,,,,,,,,,,,,,
18840,variation,48810258,,Manolya Rug 2097 Taupe - 160x230,1,0,hidden,,Manolya Rug 2097 Taupe 160x230,,,taxable,parent,0,0,,0,0,,160,230,1,0,,,1516,,,,,,,46183446,,,,,,4,,,Size,160x230,,1,,,,,,,,,,,,,,,,,,,,,,,,,,,,,,,,,,,,,160x230,,,,,,,,,,,,1786452617,,,,,,,,,,,,3EXTU-160-230,,,,,,,,,,,,,,,,,,,
18841,variation,48810256,,Manolya Rug 2097 Taupe - 200x290,1,0,hidden,,Manolya Rug 2097 Taupe 200x290,,,taxable,parent,0,0,,0,0,,200,290,1,0,,,2156,,,,,,,46183446,,,,,,5,,,Size,200x290,,1,,,,,,,,,,,,,,,,,,,,,,,,,,,,,,,,,,,,,200x290,,,,,,,,,,,,,,,,,,,,,,,,3EXTU-200-290,,,,,,,,,,,,,,,,,,,
18861,variation,48810271,,Manolya Rug 2097 Turquoise - 80x150,1,0,hidden,,Manolya Rug 2097 Turquoise 80x150,,,taxable,parent,0,0,,0,0,,80,150,1,0,,,876,,,,,,,46183447,,,,,,1,,,Size,80x150,,1,,,,,,,,,,,,,,,,,,,,,,,,,,,,,,,,,,,,,80x150,,,,,,,,,,,,1786452618,,,,,,,,,,,,RPU9N-80-150,,,,,,,,,,,,,,,,,,,
18862,variation,48810273,,Manolya Rug 2097 Turquoise - 120x170,1,0,hidden,,Manolya Rug 2097 Turquoise 120x170,,,taxable,parent,0,0,,0,0,,120,170,1,0,,,1116,,,,,,,46183447,,,,,,2,,,Size,120x170,,1,,,,,,,,,,,,,,,,,,,,,,,,,,,,,,,,,,,,,120x170,,,,,,,,,,,,1786452652,,,,,,,,,,,,RPU9N-120-170,,,,,,,,,,,,,,,,,,,
18863,variation,48810272,,Manolya Rug 2097 Turquoise - 160x230,1,0,hidden,,Manolya Rug 2097 Turquoise 160x230,,,taxable,parent,0,0,,0,0,,160,230,1,0,,,1516,,,,,,,46183447,,,,,,3,,,Size,160x230,,1,,,,,,,,,,,,,,,,,,,,,,,,,,,,,,,,,,,,,160x230,,,,,,,,,,,,1786452651,,,,,,,,,,,,RPU9N-160-230,,,,,,,,,,,,,,,,,,,
18864,variation,48810270,,Manolya Rug 2097 Turquoise - 200x290,1,0,hidden,,Manolya Rug 2097 Turquoise 200x290,,,taxable,parent,0,0,,0,0,,200,290,1,0,,,2156,,,,,,,46183447,,,,,,4,,,Size,200x290,,1,,,,,,,,,,,,,,,,,,,,,,,,,,,,,,,,,,,,,200x290,,,,,,,,,,,,,,,,,,,,,,,,RPU9N-200-290,,,,,,,,,,,,,,,,,,,
18894,variation,48810401,,Medley Rug 125 Blue - 80x150,1,0,hidden,,Medley Rug 125 Blue 80x150,,,taxable,parent,0,0,,0,0,,80,150,0.6,0,,,956,,,,,,,46183449,,,,,,1,,,Size,80x150,,1,,,,,,,,,,,,,,,,,,,,,,,,,,,,,,,,,,,,,80x150,,,,,,,,,,,,,,,,,,,,,,,,YNZNL-80-150,,,,,,,,,,,,,,,,,,,
18895,variation,48810402,,Medley Rug 125 Blue - 130x190,1,0,hidden,,Medley Rug 125 Blue 130x190,,,taxable,parent,0,0,,0,0,,130,190,0.6,0,,,1356,,,,,,,46183449,,,,,,2,,,Size,130x190,,1,,,,,,,,,,,,,,,,,,,,,,,,,,,,,,,,,,,,,130x190,,,,,,,,,,,,1786452653,,,,,,,,,,,,YNZNL-130-190,,,,,,,,,,,,,,,,,,,
18916,variable,46183458,,Mystic Rug 110 Brown,1,0,hidden,Mystic Rug 110 Brown,Mystic Rug 110 Brown,,,taxable,,0,,,0,0,,,,,0,,,,"Rooms > Bedroom, Rooms > Entrance & Corridor, Rugs > Leather & hides, Rooms > Living room, Rugs > Modern, Rugs > Patchwork, Rugs",,,"https://rugshop.eu/wp-content/uploads/2021/09/mystic-rug-110-brown.jpg, https://rugshop.eu/wp-content/uploads/2021/09/mystic-rug-110-brown-1.jpg, https://rugshop.eu/wp-content/uploads/2021/09/mystic-rug-110-brown-2.jpg, https://rugshop.eu/wp-content/uploads/2021/09/mystic-rug-110-brown-3.jpg",,,,,,,,,4701,,,Size,"120x170, 160x230, 200x290, 80x150",1,1,Brand,D-sign,1,1,Color,Yellow-Brown,1,1,Type of color,Multicolor,1,1,Shape,Rectangular,1,1,Material,Leather,1,1,Type of rug,"Leather / Hide rug, Modern, Patchwork",1,1,Weave,Handmade,1,1,Country,India,1,1,Age,New,1,1,,,,,default,default,default,default,,,90,1,1786452674,yes,yes,,,,,,,,,,,,,,,,,,,,,,,,,,,,,
18943,variable,46183459,,Mystic Rug 110 Grey,1,0,hidden,Mystic Rug 110 Grey,Mystic Rug 110 Grey,,,taxable,,0,,,0,0,,,,,0,,,,"Rooms > Bedroom, Rooms > Entrance & Corridor, Rugs > Leather & hides, Rooms > Living room, Rugs > Modern, Rugs > Patchwork, Rugs",,,"https://rugshop.eu/wp-content/uploads/2021/09/mystic-rug-110-grey.jpg, https://rugshop.eu/wp-content/uploads/2021/09/mystic-rug-110-grey-1.jpg, https://rugshop.eu/wp-content/uploads/2021/09/mystic-rug-110-grey-2.jpg, https://rugshop.eu/wp-content/uploads/2021/09/mystic-rug-110-grey-3.jpg",,,,,,,,,4702,,,Size,"120x170, 160x230, 200x290, 80x150",1,1,Brand,D-sign,1,1,Color,Black-Grey,1,1,Type of color,Multicolor,1,1,Shape,Rectangular,1,1,Material,Leather,1,1,Type of rug,"Leather / Hide rug, Modern, Patchwork",1,1,Weave,Handmade,1,1,Country,India,1,1,Age,New,1,1,,,,,default,default,default,default,,,90,1,1786452677,yes,yes,,,,,,,,,,,,,,,,,,,,,,,,,,,,,
19006,variable,46183463,,Naturea Rug 110 Natureal/Grey,1,0,hidden,Naturea Rug 110 Natureal/Grey ,Naturea Rug 110 Natureal/Grey ,,,taxable,,0,,,0,0,,,,,1,,,,"Rooms > Bedroom, Rooms > Entrance & Corridor, Rooms > Living room, Rugs > Modern, Rugs",,,"https://rugshop.eu/wp-content/uploads/2021/09/naturea-rug-110-natureal-grey.jpg, https://rugshop.eu/wp-content/uploads/2021/09/naturea-rug-110-natureal-grey-1.jpg, https://rugshop.eu/wp-content/uploads/2021/09/naturea-rug-110-natureal-grey-2.jpg, https://rugshop.eu/wp-content/uploads/2021/09/naturea-rug-110-natureal-grey-3.jpg, https://rugshop.eu/wp-content/uploads/2021/09/naturea-rug-110-natureal-grey-4.jpg, https://rugshop.eu/wp-content/uploads/2021/09/naturea-rug-110-natureal-grey-5.jpg, https://rugshop.eu/wp-content/uploads/2021/09/naturea-rug-110-natureal-grey-6.jpg, https://rugshop.eu/wp-content/uploads/2021/09/naturea-rug-110-natureal-grey-7.jpg, https://rugshop.eu/wp-content/uploads/2021/09/naturea-rug-110-natureal-grey-8.jpg, https://rugshop.eu/wp-content/uploads/2021/09/naturea-rug-110-natureal-grey-9.jpg, https://rugshop.eu/wp-content/uploads/2021/09/naturea-rug-110-natureal-grey-10.jpg, https://rugshop.eu/wp-content/uploads/2021/09/naturea-rug-110-natureal-grey-11.jpg, https://rugshop.eu/wp-content/uploads/2021/09/naturea-rug-110-natureal-grey-12.jpg, https://rugshop.eu/wp-content/uploads/2021/09/naturea-rug-110-natureal-grey-13.jpg, https://rugshop.eu/wp-content/uploads/2021/09/naturea-rug-110-natureal-grey-14.jpg, https://rugshop.eu/wp-content/uploads/2021/09/naturea-rug-110-natureal-grey-15.jpg",,,,,,,,,4707,,,Size,"120x170, 160x230, 200x290, 80x150",1,1,Brand,D-sign,1,1,Color,Black-Grey,1,1,Type of color,Multicolor,1,1,Shape,Rectangular,1,1,Material,Wool,1,1,Type of rug,Modern,1,1,Weave,Handmade,1,1,Country,India,1,1,Age,New,1,1,,,,,,,,,,,,,1786452678,yes,yes,,,,,,,,,,,,,,,,,,,,,,,,,,,,,
19023,variation,48810481,,Mystic Rug 110 Brown - 80x150,1,0,hidden,,Mystic Rug 110 Brown 80x150,,,taxable,parent,0,0,,0,0,,80,150,1,0,,,3836,,,,,,,46183458,,,,,,1,,,Size,80x150,,1,,,,,,,,,,,,,,,,,,,,,,,,,,,,,,,,,,,,,80x150,,,,,,,,,,,,1786452655,,,,,,,,,,,,6K4HC-80-150,,,,,,,,,,,,,,,,,,,
19024,variation,48810479,,Mystic Rug 110 Brown - 120x170,1,0,hidden,,Mystic Rug 110 Brown 120x170,,,taxable,parent,0,0,,0,0,,120,170,1,0,,,6076,,,,,,,46183458,,,,,,2,,,Size,120x170,,1,,,,,,,,,,,,,,,,,,,,,,,,,,,,,,,,,,,,,120x170,,,,,,,,,,,,1786452654,,,,,,,,,,,,6K4HC-120-170,,,,,,,,,,,,,,,,,,,
19025,variation,48810482,,Mystic Rug 110 Brown - 160x230,1,0,hidden,,Mystic Rug 110 Brown 160x230,,,taxable,parent,0,0,,0,0,,160,230,1,0,,,10396,,,,,,,46183458,,,,,,3,,,Size,160x230,,1,,,,,,,,,,,,,,,,,,,,,,,,,,,,,,,,,,,,,160x230,,,,,,,,,,,,1786452656,,,,,,,,,,,,6K4HC-160-230,,,,,,,,,,,,,,,,,,,
19026,variation,48810480,,Mystic Rug 110 Brown - 200x290,1,0,hidden,,Mystic Rug 110 Brown 200x290,,,taxable,parent,0,0,,0,0,,200,290,1,0,,,16076,,,,,,,46183458,,,,,,4,,,Size,200x290,,1,,,,,,,,,,,,,,,,,,,,,,,,,,,,,,,,,,,,,200x290,,,,,,,,,,,,1786452655,,,,,,,,,,,,6K4HC-200-290,,,,,,,,,,,,,,,,,,,
19040,variable,46183464,,Naturea Rug 210 Natureal/Cream,1,0,hidden,Naturea Rug 210 Natureal/Cream ,Naturea Rug 210 Natureal/Cream ,,,taxable,,0,,,0,0,,,,,1,,,,"Rooms > Bedroom, Rooms > Entrance & Corridor, Rooms > Living room, Rugs > Modern, Rugs",,,"https://rugshop.eu/wp-content/uploads/2021/09/naturea-rug-210-natureal-cream.jpg, https://rugshop.eu/wp-content/uploads/2021/09/naturea-rug-210-natureal-cream-1.jpg, https://rugshop.eu/wp-content/uploads/2021/09/naturea-rug-210-natureal-cream-2.jpg, https://rugshop.eu/wp-content/uploads/2021/09/naturea-rug-210-natureal-cream-3.jpg, https://rugshop.eu/wp-content/uploads/2021/09/naturea-rug-210-natureal-cream-4.jpg, https://rugshop.eu/wp-content/uploads/2021/09/naturea-rug-210-natureal-cream-5.jpg, https://rugshop.eu/wp-content/uploads/2021/09/naturea-rug-210-natureal-cream-6.jpg, https://rugshop.eu/wp-content/uploads/2021/09/naturea-rug-210-natureal-cream-7.jpg, https://rugshop.eu/wp-content/uploads/2021/09/naturea-rug-210-natureal-cream-8.jpg, https://rugshop.eu/wp-content/uploads/2021/09/naturea-rug-210-natureal-cream-9.jpg, https://rugshop.eu/wp-content/uploads/2021/09/naturea-rug-210-natureal-cream-10.jpg, https://rugshop.eu/wp-content/uploads/2021/09/naturea-rug-210-natureal-cream-11.jpg, https://rugshop.eu/wp-content/uploads/2021/09/naturea-rug-210-natureal-cream-12.jpg, https://rugshop.eu/wp-content/uploads/2021/09/naturea-rug-210-natureal-cream-13.jpg, https://rugshop.eu/wp-content/uploads/2021/09/naturea-rug-210-natureal-cream-14.jpg, https://rugshop.eu/wp-content/uploads/2021/09/naturea-rug-210-natureal-cream-15.jpg",,,,,,,,,4708,,,Size,"120x170, 160x230, 200x290, 80x150",1,1,Brand,D-sign,1,1,Color,White-Beige,1,1,Type of color,Multicolor,1,1,Shape,Rectangular,1,1,Material,Wool,1,1,Type of rug,Modern,1,1,Weave,Handmade,1,1,Country,India,1,1,Age,New,1,1,,,,,,,,,,,,,1786452680,yes,yes,,,,,,,,,,,,,,,,,,,,,,,,,,,,,
19041,variable,46183465,,Naturea Rug 310 Natureal/Anthracite,1,0,hidden,Naturea Rug 310 Natureal/Anthracite ,Naturea Rug 310 Natureal/Anthracite ,,,taxable,,0,,,0,0,,,,,1,,,,"Rooms > Bedroom, Rooms > Entrance & Corridor, Rooms > Living room, Rugs > Modern, Rugs",,,"https://rugshop.eu/wp-content/uploads/2021/09/naturea-rug-310-natureal-anthracite.jpg, https://rugshop.eu/wp-content/uploads/2021/09/naturea-rug-310-natureal-anthracite-1.jpg, https://rugshop.eu/wp-content/uploads/2021/09/naturea-rug-310-natureal-anthracite-2.jpg, https://rugshop.eu/wp-content/uploads/2021/09/naturea-rug-310-natureal-anthracite-3.jpg, https://rugshop.eu/wp-content/uploads/2021/09/naturea-rug-310-natureal-anthracite-4.jpg, https://rugshop.eu/wp-content/uploads/2021/09/naturea-rug-310-natureal-anthracite-5.jpg, https://rugshop.eu/wp-content/uploads/2021/09/naturea-rug-310-natureal-anthracite-6.jpg, https://rugshop.eu/wp-content/uploads/2021/09/naturea-rug-310-natureal-anthracite-7.jpg, https://rugshop.eu/wp-content/uploads/2021/09/naturea-rug-310-natureal-anthracite-8.jpg, https://rugshop.eu/wp-content/uploads/2021/09/naturea-rug-310-natureal-anthracite-9.jpg, https://rugshop.eu/wp-content/uploads/2021/09/naturea-rug-310-natureal-anthracite-10.jpg, https://rugshop.eu/wp-content/uploads/2021/09/naturea-rug-310-natureal-anthracite-11.jpg, https://rugshop.eu/wp-content/uploads/2021/09/naturea-rug-310-natureal-anthracite-12.jpg, https://rugshop.eu/wp-content/uploads/2021/09/naturea-rug-310-natureal-anthracite-13.jpg, https://rugshop.eu/wp-content/uploads/2021/09/naturea-rug-310-natureal-anthracite-14.jpg, https://rugshop.eu/wp-content/uploads/2021/09/naturea-rug-310-natureal-anthracite-15.jpg",,,,,,,,,4709,,,Size,"120x170, 160x230, 200x290, 80x150",1,1,Brand,D-sign,1,1,Color,Black-Grey,1,1,Type of color,Multicolor,1,1,Shape,Rectangular,1,1,Material,Wool,1,1,Type of rug,Modern,1,1,Weave,Handmade,1,1,Country,India,1,1,Age,New,1,1,,,,,,,,,,,,,1786452682,yes,yes,,,,,,,,,,,,,,,,,,,,,,,,,,,,,
19042,variation,48810492,,Mystic Rug 110 Grey - 80x150,1,0,hidden,,Mystic Rug 110 Grey 80x150,,,taxable,parent,0,0,,0,0,,80,150,1,0,,,3836,,,,,,,46183459,,,,,,1,,,Size,80x150,,1,,,,,,,,,,,,,,,,,,,,,,,,,,,,,,,,,,,,,80x150,,,,,,,,,,,,1786452657,,,,,,,,,,,,FUZTA-80-150,,,,,,,,,,,,,,,,,,,
19043,variation,48810493,,Mystic Rug 110 Grey - 120x170,1,0,hidden,,Mystic Rug 110 Grey 120x170,,,taxable,parent,0,0,,0,0,,120,170,1,0,,,6076,,,,,,,46183459,,,,,,2,,,Size,120x170,,1,,,,,,,,,,,,,,,,,,,,,,,,,,,,,,,,,,,,,120x170,,,,,,,,,,,,1786452657,,,,,,,,,,,,FUZTA-120-170,,,,,,,,,,,,,,,,,,,
19044,variation,48810490,,Mystic Rug 110 Grey - 160x230,1,0,hidden,,Mystic Rug 110 Grey 160x230,,,taxable,parent,0,0,,0,0,,160,230,1,0,,,10396,,,,,,,46183459,,,,,,3,,,Size,160x230,,1,,,,,,,,,,,,,,,,,,,,,,,,,,,,,,,,,,,,,160x230,,,,,,,,,,,,1786452656,,,,,,,,,,,,FUZTA-160-230,,,,,,,,,,,,,,,,,,,
19045,variation,48810491,,Mystic Rug 110 Grey - 200x290,1,0,hidden,,Mystic Rug 110 Grey 200x290,,,taxable,parent,0,0,,0,0,,200,290,1,0,,,16076,,,,,,,46183459,,,,,,4,,,Size,200x290,,1,,,,,,,,,,,,,,,,,,,,,,,,,,,,,,,,,,,,,200x290,,,,,,,,,,,,1786452657,,,,,,,,,,,,FUZTA-200-290,,,,,,,,,,,,,,,,,,,
19071,variable,46183466,,Naturea Rug 410 Natureal/Silver,1,0,hidden,Naturea Rug 410 Natureal/Silver ,Naturea Rug 410 Natureal/Silver ,,,taxable,,0,,,0,0,,,,,1,,,,"Rooms > Bedroom, Rooms > Entrance & Corridor, Rooms > Living room, Rugs > Modern, Rugs",,,"https://rugshop.eu/wp-content/uploads/2021/09/naturea-rug-410-natureal-silver.jpg, https://rugshop.eu/wp-content/uploads/2021/09/naturea-rug-410-natureal-silver-1.jpg, https://rugshop.eu/wp-content/uploads/2021/09/naturea-rug-410-natureal-silver-2.jpg, https://rugshop.eu/wp-content/uploads/2021/09/naturea-rug-410-natureal-silver-3.jpg, https://rugshop.eu/wp-content/uploads/2021/09/naturea-rug-410-natureal-silver-4.jpg, https://rugshop.eu/wp-content/uploads/2021/09/naturea-rug-410-natureal-silver-5.jpg, https://rugshop.eu/wp-content/uploads/2021/09/naturea-rug-410-natureal-silver-6.jpg, https://rugshop.eu/wp-content/uploads/2021/09/naturea-rug-410-natureal-silver-7.jpg, https://rugshop.eu/wp-content/uploads/2021/09/naturea-rug-410-natureal-silver-8.jpg, https://rugshop.eu/wp-content/uploads/2021/09/naturea-rug-410-natureal-silver-9.jpg, https://rugshop.eu/wp-content/uploads/2021/09/naturea-rug-410-natureal-silver-10.jpg, https://rugshop.eu/wp-content/uploads/2021/09/naturea-rug-410-natureal-silver-11.jpg, https://rugshop.eu/wp-content/uploads/2021/09/naturea-rug-410-natureal-silver-12.jpg, https://rugshop.eu/wp-content/uploads/2021/09/naturea-rug-410-natureal-silver-13.jpg, https://rugshop.eu/wp-content/uploads/2021/09/naturea-rug-410-natureal-silver-14.jpg, https://rugshop.eu/wp-content/uploads/2021/09/naturea-rug-410-natureal-silver-15.jpg",,,,,,,,,4710,,,Size,"120x170, 160x230, 200x290, 80x150",1,1,Brand,D-sign,1,1,Color,Black-Grey,1,1,Type of color,Multicolor,1,1,Shape,Rectangular,1,1,Material,Wool,1,1,Type of rug,Modern,1,1,Weave,Handmade,1,1,Country,India,1,1,Age,New,1,1,,,,,,,,,,,,,1786452685,yes,yes,,,,,,,,,,,,,,,,,,,,,,,,,,,,,
19102,variation,48810516,,Naturea Rug 110 Natureal/Grey - 80x150,1,0,hidden,,Naturea Rug 110 Natureal/Grey 80x150,,,taxable,parent,0,0,,0,0,,80,150,1.4,0,,,1996,,,,,,,46183463,,,,,,1,,,Size,80x150,,1,,,,,,,,,,,,,,,,,,,,,,,,,,,,,,,,,,,,,80x150,,,,,,,,,,,,1786452659,,,,,,,,,,,,2IHIG-80-150,,,,,,,,,,,,,,,,,,,
19103,variation,48810514,,Naturea Rug 110 Natureal/Grey - 120x170,1,0,hidden,,Naturea Rug 110 Natureal/Grey 120x170,,,taxable,parent,0,0,,0,0,,120,170,1.4,0,,,2956,,,,,,,46183463,,,,,,2,,,Size,120x170,,1,,,,,,,,,,,,,,,,,,,,,,,,,,,,,,,,,,,,,120x170,,,,,,,,,,,,1786452658,,,,,,,,,,,,2IHIG-120-170,,,,,,,,,,,,,,,,,,,
19104,variation,48810513,,Naturea Rug 110 Natureal/Grey - 160x230,1,0,hidden,,Naturea Rug 110 Natureal/Grey 160x230,,,taxable,parent,0,0,,0,0,,160,230,1.4,0,,,4876,,,,,,,46183463,,,,,,3,,,Size,160x230,,1,,,,,,,,,,,,,,,,,,,,,,,,,,,,,,,,,,,,,160x230,,,,,,,,,,,,1786452658,,,,,,,,,,,,2IHIG-160-230,,,,,,,,,,,,,,,,,,,
19105,variation,48810515,,Naturea Rug 110 Natureal/Grey - 200x290,1,0,hidden,,Naturea Rug 110 Natureal/Grey 200x290,,,taxable,parent,0,0,,0,0,,200,290,1.4,0,,,7356,,,,,,,46183463,,,,,,4,,,Size,200x290,,1,,,,,,,,,,,,,,,,,,,,,,,,,,,,,,,,,,,,,200x290,,,,,,,,,,,,1786452659,,,,,,,,,,,,2IHIG-200-290,,,,,,,,,,,,,,,,,,,
19124,variation,48811044,,Naturea Rug 210 Natureal/Cream - 80x150,1,0,hidden,,Naturea Rug 210 Natureal/Cream 80x150,,,taxable,parent,0,0,,0,0,,80,150,1.4,0,,,1996,,,,,,,46183464,,,,,,1,,,Size,80x150,,1,,,,,,,,,,,,,,,,,,,,,,,,,,,,,,,,,,,,,80x150,,,,,,,,,,,,1786452660,,,,,,,,,,,,NAXUB-80-150,,,,,,,,,,,,,,,,,,,
19125,variation,48811042,,Naturea Rug 210 Natureal/Cream - 120x170,1,0,hidden,,Naturea Rug 210 Natureal/Cream 120x170,,,taxable,parent,0,0,,0,0,,120,170,1.4,0,,,2956,,,,,,,46183464,,,,,,2,,,Size,120x170,,1,,,,,,,,,,,,,,,,,,,,,,,,,,,,,,,,,,,,,120x170,,,,,,,,,,,,1786452659,,,,,,,,,,,,NAXUB-120-170,,,,,,,,,,,,,,,,,,,
19126,variation,48811041,,Naturea Rug 210 Natureal/Cream - 160x230,1,0,hidden,,Naturea Rug 210 Natureal/Cream 160x230,,,taxable,parent,0,0,,0,0,,160,230,1.4,0,,,4876,,,,,,,46183464,,,,,,3,,,Size,160x230,,1,,,,,,,,,,,,,,,,,,,,,,,,,,,,,,,,,,,,,160x230,,,,,,,,,,,,1786452659,,,,,,,,,,,,NAXUB-160-230,,,,,,,,,,,,,,,,,,,
19127,variation,48811043,,Naturea Rug 210 Natureal/Cream - 200x290,1,0,hidden,,Naturea Rug 210 Natureal/Cream 200x290,,,taxable,parent,0,0,,0,0,,200,290,1.4,0,,,7356,,,,,,,46183464,,,,,,4,,,Size,200x290,,1,,,,,,,,,,,,,,,,,,,,,,,,,,,,,,,,,,,,,200x290,,,,,,,,,,,,1786452660,,,,,,,,,,,,NAXUB-200-290,,,,,,,,,,,,,,,,,,,
19146,variation,48811047,,Naturea Rug 310 Natureal/Anthracite - 80x150,1,0,hidden,,Naturea Rug 310 Natureal/Anthracite 80x150,,,taxable,parent,0,0,,0,0,,80,150,1.4,0,,,1996,,,,,,,46183465,,,,,,1,,,Size,80x150,,1,,,,,,,,,,,,,,,,,,,,,,,,,,,,,,,,,,,,,80x150,,,,,,,,,,,,1786452662,,,,,,,,,,,,94ZIV-80-150,,,,,,,,,,,,,,,,,,,
19147,variation,48811049,,Naturea Rug 310 Natureal/Anthracite - 120x170,1,0,hidden,,Naturea Rug 310 Natureal/Anthracite 120x170,,,taxable,parent,0,0,,0,0,,120,170,1.4,0,,,2956,,,,,,,46183465,,,,,,2,,,Size,120x170,,1,,,,,,,,,,,,,,,,,,,,,,,,,,,,,,,,,,,,,120x170,,,,,,,,,,,,1786452663,,,,,,,,,,,,94ZIV-120-170,,,,,,,,,,,,,,,,,,,
19148,variation,48811048,,Naturea Rug 310 Natureal/Anthracite - 160x230,1,0,hidden,,Naturea Rug 310 Natureal/Anthracite 160x230,,,taxable,parent,0,0,,0,0,,160,230,1.4,0,,,4876,,,,,,,46183465,,,,,,3,,,Size,160x230,,1,,,,,,,,,,,,,,,,,,,,,,,,,,,,,,,,,,,,,160x230,,,,,,,,,,,,1786452662,,,,,,,,,,,,94ZIV-160-230,,,,,,,,,,,,,,,,,,,
19149,variation,48811046,,Naturea Rug 310 Natureal/Anthracite - 200x290,1,0,hidden,,Naturea Rug 310 Natureal/Anthracite 200x290,,,taxable,parent,0,0,,0,0,,200,290,1.4,0,,,7356,,,,,,,46183465,,,,,,4,,,Size,200x290,,1,,,,,,,,,,,,,,,,,,,,,,,,,,,,,,,,,,,,,200x290,,,,,,,,,,,,1786452661,,,,,,,,,,,,94ZIV-200-290,,,,,,,,,,,,,,,,,,,
19168,variation,48811051,,Naturea Rug 410 Natureal/Silver - 80x150,1,0,hidden,,Naturea Rug 410 Natureal/Silver 80x150,,,taxable,parent,0,0,,0,0,,80,150,1.4,0,,,1996,,,,,,,46183466,,,,,,1,,,Size,80x150,,1,,,,,,,,,,,,,,,,,,,,,,,,,,,,,,,,,,,,,80x150,,,,,,,,,,,,1786452664,,,,,,,,,,,,HF2F5-80-150,,,,,,,,,,,,,,,,,,,
19169,variation,48811050,,Naturea Rug 410 Natureal/Silver - 120x170,1,0,hidden,,Naturea Rug 410 Natureal/Silver 120x170,,,taxable,parent,0,0,,0,0,,120,170,1.4,0,,,2956,,,,,,,46183466,,,,,,2,,,Size,120x170,,1,,,,,,,,,,,,,,,,,,,,,,,,,,,,,,,,,,,,,120x170,,,,,,,,,,,,1786452664,,,,,,,,,,,,HF2F5-120-170,,,,,,,,,,,,,,,,,,,
19170,variation,48811052,,Naturea Rug 410 Natureal/Silver - 160x230,1,0,hidden,,Naturea Rug 410 Natureal/Silver 160x230,,,taxable,parent,0,0,,0,0,,160,230,1.4,0,,,4876,,,,,,,46183466,,,,,,3,,,Size,160x230,,1,,,,,,,,,,,,,,,,,,,,,,,,,,,,,,,,,,,,,160x230,,,,,,,,,,,,1786452665,,,,,,,,,,,,HF2F5-160-230,,,,,,,,,,,,,,,,,,,
19171,variation,48811053,,Naturea Rug 410 Natureal/Silver - 200x290,1,0,hidden,,Naturea Rug 410 Natureal/Silver 200x290,,,taxable,parent,0,0,,0,0,,200,290,1.4,0,,,7356,,,,,,,46183466,,,,,,4,,,Size,200x290,,1,,,,,,,,,,,,,,,,,,,,,,,,,,,,,,,,,,,,,200x290,,,,,,,,,,,,1786452666,,,,,,,,,,,,HF2F5-200-290,,,,,,,,,,,,,,,,,,,
19236,variable,46183473,,Nostalgia Rug 285 Anthracite,1,0,hidden,Nostalgia Rug 285 Anthracite,Nostalgia Rug 285 Anthracite,,,taxable,,0,,,0,0,,,,,0,,,,"Rooms > Bedroom, Rooms > Entrance & Corridor, Rooms > Living room, Rugs, Rugs > Traditional, Rugs > Vintage",,,"https://rugshop.eu/wp-content/uploads/2021/09/nostalgia-rug-285-anthracite.jpg, https://rugshop.eu/wp-content/uploads/2021/09/nostalgia-rug-285-anthracite-1.jpg, https://rugshop.eu/wp-content/uploads/2021/09/nostalgia-rug-285-anthracite-2.jpg, https://rugshop.eu/wp-content/uploads/2021/09/nostalgia-rug-285-anthracite-3.jpg, https://rugshop.eu/wp-content/uploads/2021/09/nostalgia-rug-285-anthracite-4.jpg",,,,,,,,,4745,,,Size,"120x170, 160x230, 200x290, 80x150",1,1,Brand,D-sign,1,1,Color,Black-Grey,1,1,Type of color,Multicolor,1,1,Shape,Rectangular,1,1,Material,Cotton,1,1,Type of rug,"Traditional, Vintage / Colored Vintage",1,1,Weave,Handmade,1,1,Country,India,1,1,Age,New,1,1,,,,,default,default,default,default,,,,,1786452688,yes,yes,,,,,,,,,,,,,,,,,,,,,,,,,,,,,
19263,variable,46183474,,Nostalgia Rug 285 Grey,1,0,hidden,Nostalgia Rug 285 Grey,Nostalgia Rug 285 Grey,,,taxable,,0,,,0,0,,,,,0,,,,"Rooms > Bedroom, Rooms > Entrance & Corridor, Rooms > Living room, Rugs, Rugs > Traditional, Rugs > Vintage",,,"https://rugshop.eu/wp-content/uploads/2021/09/nostalgia-rug-285-grey.jpg, https://rugshop.eu/wp-content/uploads/2021/09/nostalgia-rug-285-grey-1.jpg, https://rugshop.eu/wp-content/uploads/2021/09/nostalgia-rug-285-grey-2.jpg, https://rugshop.eu/wp-content/uploads/2021/09/nostalgia-rug-285-grey-3.jpg, https://rugshop.eu/wp-content/uploads/2021/09/nostalgia-rug-285-grey-4.jpg",,,,,,,,,4746,,,Size,"120x170, 160x230, 80x150",1,1,Brand,D-sign,1,1,Color,Black-Grey,1,1,Type of color,Multicolor,1,1,Shape,Rectangular,1,1,Material,Cotton,1,1,Type of rug,"Traditional, Vintage / Colored Vintage",1,1,Weave,Handmade,1,1,Country,India,1,1,Age,New,1,1,,,,,default,default,default,default,,,,,1786452692,yes,yes,,,,,,,,,,,,,,,,,,,,,,,,,,,,,
19291,variable,46183476,,Nostalgia Rug 285 Turquoise,1,0,hidden,Nostalgia Rug 285 Turquoise,Nostalgia Rug 285 Turquoise,,,taxable,,0,,,0,0,,,,,0,,,,"Rooms > Bedroom, Rooms > Entrance & Corridor, Rooms > Living room, Rugs, Rugs > Traditional, Rugs > Vintage",,,"https://rugshop.eu/wp-content/uploads/2021/09/nostalgia-rug-285-turquoise.jpg, https://rugshop.eu/wp-content/uploads/2021/09/nostalgia-rug-285-turquoise-1.jpg, https://rugshop.eu/wp-content/uploads/2021/09/nostalgia-rug-285-turquoise-2.jpg, https://rugshop.eu/wp-content/uploads/2021/09/nostalgia-rug-285-turquoise-3.jpg, https://rugshop.eu/wp-content/uploads/2021/09/nostalgia-rug-285-turquoise-4.jpg",,,,,,,,,4748,,,Size,"120x170, 160x230, 200x290, 80x150",1,1,Brand,D-sign,1,1,Color,White-Beige,1,1,Type of color,Multicolor,1,1,Shape,Rectangular,1,1,Material,Cotton,1,1,Type of rug,"Traditional, Vintage / Colored Vintage",1,1,Weave,Handmade,1,1,Country,India,1,1,Age,New,1,1,,,,,default,default,default,default,,,,,1786452704,yes,yes,,,,,,,,,,,,,,,,,,,,,,,,,,,,,
19318,variable,46183477,,Now Rug 100 Black/White,1,0,hidden,Now Rug 100 Black/White ,Now Rug 100 Black/White ,,,taxable,,0,,,0,0,,,,,1,,,,"Rooms > Bedroom, Rooms > Entrance & Corridor, Rooms > Living room, Rugs > Modern, Rugs",,,"https://rugshop.eu/wp-content/uploads/2021/09/now-rug-100-black-white.jpg, https://rugshop.eu/wp-content/uploads/2021/09/now-rug-100-black-white-1.jpg, https://rugshop.eu/wp-content/uploads/2021/09/now-rug-100-black-white-2.jpg, https://rugshop.eu/wp-content/uploads/2021/09/now-rug-100-black-white-3.jpg, https://rugshop.eu/wp-content/uploads/2021/09/now-rug-100-black-white-4.jpg, https://rugshop.eu/wp-content/uploads/2021/09/now-rug-100-black-white-5.jpg, https://rugshop.eu/wp-content/uploads/2021/09/now-rug-100-black-white-6.jpg, https://rugshop.eu/wp-content/uploads/2021/09/now-rug-100-black-white-7.jpg, https://rugshop.eu/wp-content/uploads/2021/09/now-rug-100-black-white-8.jpg, https://rugshop.eu/wp-content/uploads/2021/09/now-rug-100-black-white-9.jpg, https://rugshop.eu/wp-content/uploads/2021/09/now-rug-100-black-white-10.jpg, https://rugshop.eu/wp-content/uploads/2021/09/now-rug-100-black-white-11.jpg, https://rugshop.eu/wp-content/uploads/2021/09/now-rug-100-black-white-12.jpg, https://rugshop.eu/wp-content/uploads/2021/09/now-rug-100-black-white-13.jpg, https://rugshop.eu/wp-content/uploads/2021/09/now-rug-100-black-white-14.jpg, https://rugshop.eu/wp-content/uploads/2021/09/now-rug-100-black-white-15.jpg",,,,,,,,,4749,,,Size,"120x170, 160x230, 200x290, 80x150",1,1,Brand,D-sign,1,1,Color,Black-Grey,1,1,Type of color,Multicolor,1,1,Shape,Rectangular,1,1,Material,Polypropylene,1,1,Type of rug,Modern,1,1,Weave,Machinemade,1,1,Country,Belgium,1,1,Age,New,1,1,,,,,,,,,,,,,1786452706,yes,yes,,,,,,,,,,,,,,,,,,,,,,,,,,,,,
19341,variable,46183478,,Now Rug 100 Taupe,1,0,hidden,Now Rug 100 Taupe ,Now Rug 100 Taupe ,,,taxable,,0,,,0,0,,,,,1,,,,"Rooms > Bedroom, Rooms > Entrance & Corridor, Rooms > Living room, Rugs > Modern, Rugs",,,"https://rugshop.eu/wp-content/uploads/2021/09/now-rug-100-taupe.jpg, https://rugshop.eu/wp-content/uploads/2021/09/now-rug-100-taupe-1.jpg, https://rugshop.eu/wp-content/uploads/2021/09/now-rug-100-taupe-2.jpg, https://rugshop.eu/wp-content/uploads/2021/09/now-rug-100-taupe-3.jpg, https://rugshop.eu/wp-content/uploads/2021/09/now-rug-100-taupe-4.jpg, https://rugshop.eu/wp-content/uploads/2021/09/now-rug-100-taupe-5.jpg, https://rugshop.eu/wp-content/uploads/2021/09/now-rug-100-taupe-6.jpg, https://rugshop.eu/wp-content/uploads/2021/09/now-rug-100-taupe-7.jpg, https://rugshop.eu/wp-content/uploads/2021/09/now-rug-100-taupe-8.jpg, https://rugshop.eu/wp-content/uploads/2021/09/now-rug-100-taupe-9.jpg, https://rugshop.eu/wp-content/uploads/2021/09/now-rug-100-taupe-10.jpg, https://rugshop.eu/wp-content/uploads/2021/09/now-rug-100-taupe-11.jpg, https://rugshop.eu/wp-content/uploads/2021/09/now-rug-100-taupe-12.jpg, https://rugshop.eu/wp-content/uploads/2021/09/now-rug-100-taupe-13.jpg, https://rugshop.eu/wp-content/uploads/2021/09/now-rug-100-taupe-14.jpg, https://rugshop.eu/wp-content/uploads/2021/09/now-rug-100-taupe-15.jpg",,,,,,,,,4750,,,Size,"120x170, 160x230, 200x290, 80x150",1,1,Brand,D-sign,1,1,Color,Black-Grey,1,1,Type of color,Multicolor,1,1,Shape,Rectangular,1,1,Material,Polypropylene,1,1,Type of rug,Modern,1,1,Weave,Machinemade,1,1,Country,Belgium,1,1,Age,New,1,1,,,,,,,,,,,,,1786452708,yes,yes,,,,,,,,,,,,,,,,,,,,,,,,,,,,,
19342,variation,48812091,,Nostalgia Rug 285 Anthracite - 80x150,1,0,hidden,,Nostalgia Rug 285 Anthracite 80x150,,,taxable,parent,0,0,,0,0,,80,150,1,0,,,1356,,,,,,,46183473,,,,,,1,,,Size,80x150,,1,,,,,,,,,,,,,,,,,,,,,,,,,,,,,,,,,,,,,80x150,,,,,,,,,,,,,,,,,,,,,,,,UAYHW-80-150,,,,,,,,,,,,,,,,,,,
19343,variation,48812092,,Nostalgia Rug 285 Anthracite - 120x170,1,0,hidden,,Nostalgia Rug 285 Anthracite 120x170,,,taxable,parent,0,0,,0,0,,120,170,1,0,,,1836,,,,,,,46183473,,,,,,2,,,Size,120x170,,1,,,,,,,,,,,,,,,,,,,,,,,,,,,,,,,,,,,,,120x170,,,,,,,,,,,,,,,,,,,,,,,,UAYHW-120-170,,,,,,,,,,,,,,,,,,,
19344,variation,48812090,,Nostalgia Rug 285 Anthracite - 160x230,1,0,hidden,,Nostalgia Rug 285 Anthracite 160x230,,,taxable,parent,0,0,,0,0,,160,230,1,0,,,2956,,,,,,,46183473,,,,,,3,,,Size,160x230,,1,,,,,,,,,,,,,,,,,,,,,,,,,,,,,,,,,,,,,160x230,,,,,,,,,,,,1786452666,,,,,,,,,,,,UAYHW-160-230,,,,,,,,,,,,,,,,,,,
19345,variation,48812093,,Nostalgia Rug 285 Anthracite - 200x290,1,0,hidden,,Nostalgia Rug 285 Anthracite 200x290,,,taxable,parent,0,0,,0,0,,200,290,1,0,,,4316,,,,,,,46183473,,,,,,4,,,Size,200x290,,1,,,,,,,,,,,,,,,,,,,,,,,,,,,,,,,,,,,,,200x290,,,,,,,,,,,,,,,,,,,,,,,,UAYHW-200-290,,,,,,,,,,,,,,,,,,,
19359,variation,48812098,,Nostalgia Rug 285 Grey - 80x150,1,0,hidden,,Nostalgia Rug 285 Grey 80x150,,,taxable,parent,0,0,,0,0,,80,150,1,0,,,1356,,,,,,,46183474,,,,,,1,,,Size,80x150,,1,,,,,,,,,,,,,,,,,,,,,,,,,,,,,,,,,,,,,80x150,,,,,,,,,,,,1786452667,,,,,,,,,,,,ZAIL7-80-150,,,,,,,,,,,,,,,,,,,
19360,variation,48812097,,Nostalgia Rug 285 Grey - 120x170,1,0,hidden,,Nostalgia Rug 285 Grey 120x170,,,taxable,parent,0,0,,0,0,,120,170,1,0,,,1836,,,,,,,46183474,,,,,,2,,,Size,120x170,,1,,,,,,,,,,,,,,,,,,,,,,,,,,,,,,,,,,,,,120x170,,,,,,,,,,,,1786452667,,,,,,,,,,,,ZAIL7-120-170,,,,,,,,,,,,,,,,,,,
19361,variation,48812099,,Nostalgia Rug 285 Grey - 160x230,1,0,hidden,,Nostalgia Rug 285 Grey 160x230,,,taxable,parent,0,0,,0,0,,160,230,1,0,,,2956,,,,,,,46183474,,,,,,3,,,Size,160x230,,1,,,,,,,,,,,,,,,,,,,,,,,,,,,,,,,,,,,,,160x230,,,,,,,,,,,,,,,,,,,,,,,,ZAIL7-160-230,,,,,,,,,,,,,,,,,,,
19402,variable,46183481,,Now Rug 300 Ivory/Gold,1,0,hidden,Now Rug 300 Ivory/Gold ,Now Rug 300 Ivory/Gold ,,,taxable,,0,,,0,0,,,,,1,,,,"Rooms > Bedroom, Rooms > Entrance & Corridor, Rooms > Living room, Rugs > Modern, Rugs",,,"https://rugshop.eu/wp-content/uploads/2021/09/now-rug-300-ivory-gold.jpg, https://rugshop.eu/wp-content/uploads/2021/09/now-rug-300-ivory-gold-1.jpg, https://rugshop.eu/wp-content/uploads/2021/09/now-rug-300-ivory-gold-2.jpg, https://rugshop.eu/wp-content/uploads/2021/09/now-rug-300-ivory-gold-3.jpg, https://rugshop.eu/wp-content/uploads/2021/09/now-rug-300-ivory-gold-4.jpg, https://rugshop.eu/wp-content/uploads/2021/09/now-rug-300-ivory-gold-5.jpg, https://rugshop.eu/wp-content/uploads/2021/09/now-rug-300-ivory-gold-6.jpg, https://rugshop.eu/wp-content/uploads/2021/09/now-rug-300-ivory-gold-7.jpg, https://rugshop.eu/wp-content/uploads/2021/09/now-rug-300-ivory-gold-8.jpg, https://rugshop.eu/wp-content/uploads/2021/09/now-rug-300-ivory-gold-9.jpg, https://rugshop.eu/wp-content/uploads/2021/09/now-rug-300-ivory-gold-10.jpg, https://rugshop.eu/wp-content/uploads/2021/09/now-rug-300-ivory-gold-11.jpg, https://rugshop.eu/wp-content/uploads/2021/09/now-rug-300-ivory-gold-12.jpg, https://rugshop.eu/wp-content/uploads/2021/09/now-rug-300-ivory-gold-13.jpg, https://rugshop.eu/wp-content/uploads/2021/09/now-rug-300-ivory-gold-14.jpg, https://rugshop.eu/wp-content/uploads/2021/09/now-rug-300-ivory-gold-15.jpg",,,,,,,,,4754,,,Size,"120x170, 160x230, 200x290, 80x150",1,1,Brand,D-sign,1,1,Color,Yellow-Brown,1,1,Type of color,Multicolor,1,1,Shape,Rectangular,1,1,Material,Polypropylene,1,1,Type of rug,Modern,1,1,Weave,Machinemade,1,1,Country,Belgium,1,1,Age,New,1,1,,,,,,,,,,,,,1786452711,yes,yes,,,,,,,,,,,,,,,,,,,,,,,,,,,,,
19403,variation,48812109,,Nostalgia Rug 285 Turquoise - 80x150,1,0,hidden,,Nostalgia Rug 285 Turquoise 80x150,,,taxable,parent,0,0,,0,0,,80,150,1,0,,,1356,,,,,,,46183476,,,,,,1,,,Size,80x150,,1,,,,,,,,,,,,,,,,,,,,,,,,,,,,,,,,,,,,,80x150,,,,,,,,,,,,,,,,,,,,,,,,4T1GA-80-150,,,,,,,,,,,,,,,,,,,
19404,variation,48812107,,Nostalgia Rug 285 Turquoise - 120x170,1,0,hidden,,Nostalgia Rug 285 Turquoise 120x170,,,taxable,parent,0,0,,0,0,,120,170,1,0,,,1836,,,,,,,46183476,,,,,,2,,,Size,120x170,,1,,,,,,,,,,,,,,,,,,,,,,,,,,,,,,,,,,,,,120x170,,,,,,,,,,,,1786452696,,,,,,,,,,,,4T1GA-120-170,,,,,,,,,,,,,,,,,,,
19405,variation,48812110,,Nostalgia Rug 285 Turquoise - 160x230,1,0,hidden,,Nostalgia Rug 285 Turquoise 160x230,,,taxable,parent,0,0,,0,0,,160,230,1,0,,,2956,,,,,,,46183476,,,,,,3,,,Size,160x230,,1,,,,,,,,,,,,,,,,,,,,,,,,,,,,,,,,,,,,,160x230,,,,,,,,,,,,,,,,,,,,,,,,4T1GA-160-230,,,,,,,,,,,,,,,,,,,
19406,variation,48812108,,Nostalgia Rug 285 Turquoise - 200x290,1,0,hidden,,Nostalgia Rug 285 Turquoise 200x290,,,taxable,parent,0,0,,0,0,,200,290,1,0,,,4316,,,,,,,46183476,,,,,,4,,,Size,200x290,,1,,,,,,,,,,,,,,,,,,,,,,,,,,,,,,,,,,,,,200x290,,,,,,,,,,,,,,,,,,,,,,,,4T1GA-200-290,,,,,,,,,,,,,,,,,,,
19424,variable,46183482,,Now Rug 300 Black/White,1,0,hidden,Now Rug 300 Black/White ,Now Rug 300 Black/White ,,,taxable,,0,,,0,0,,,,,1,,,,"Rooms > Bedroom, Rooms > Entrance & Corridor, Rooms > Living room, Rugs > Modern, Rugs",,,"https://rugshop.eu/wp-content/uploads/2021/09/now-rug-300-black-white.jpg, https://rugshop.eu/wp-content/uploads/2021/09/now-rug-300-black-white-1.jpg, https://rugshop.eu/wp-content/uploads/2021/09/now-rug-300-black-white-2.jpg, https://rugshop.eu/wp-content/uploads/2021/09/now-rug-300-black-white-3.jpg, https://rugshop.eu/wp-content/uploads/2021/09/now-rug-300-black-white-4.jpg, https://rugshop.eu/wp-content/uploads/2021/09/now-rug-300-black-white-5.jpg, https://rugshop.eu/wp-content/uploads/2021/09/now-rug-300-black-white-6.jpg, https://rugshop.eu/wp-content/uploads/2021/09/now-rug-300-black-white-7.jpg, https://rugshop.eu/wp-content/uploads/2021/09/now-rug-300-black-white-8.jpg, https://rugshop.eu/wp-content/uploads/2021/09/now-rug-300-black-white-9.jpg, https://rugshop.eu/wp-content/uploads/2021/09/now-rug-300-black-white-10.jpg, https://rugshop.eu/wp-content/uploads/2021/09/now-rug-300-black-white-11.jpg, https://rugshop.eu/wp-content/uploads/2021/09/now-rug-300-black-white-12.jpg, https://rugshop.eu/wp-content/uploads/2021/09/now-rug-300-black-white-13.jpg, https://rugshop.eu/wp-content/uploads/2021/09/now-rug-300-black-white-14.jpg, https://rugshop.eu/wp-content/uploads/2021/09/now-rug-300-black-white-15.jpg",,,,,,,,,4753,,,Size,"120x170, 160x230, 200x290, 80x150",1,1,Brand,D-sign,1,1,Color,"Black-Grey, White-Beige",1,1,Type of color,Multicolor,1,1,Shape,Rectangular,1,1,Material,Polypropylene,1,1,Type of rug,Modern,1,1,Weave,Machinemade,1,1,Country,Belgium,1,1,Age,New,1,1,,,,,,,,,,,,,1786452712,yes,yes,,,,,,,,,,,,,,,,,,,,,,,,,,,,,
19425,variation,48812116,,Now Rug 100 Black/White - 80x150,1,0,hidden,,Now Rug 100 Black/White 80x150,,,taxable,parent,0,0,,0,0,,80,150,1,0,,,876,,,,,,,46183477,,,,,,1,,,Size,80x150,,1,,,,,,,,,,,,,,,,,,,,,,,,,,,,,,,,,,,,,80x150,,,,,,,,,,,,1786452696,,,,,,,,,,,,H7BRC-80-150,,,,,,,,,,,,,,,,,,,
19426,variation,48812114,,Now Rug 100 Black/White - 120x170,1,0,hidden,,Now Rug 100 Black/White 120x170,,,taxable,parent,0,0,,0,0,,120,170,1,0,,,1116,,,,,,,46183477,,,,,,2,,,Size,120x170,,1,,,,,,,,,,,,,,,,,,,,,,,,,,,,,,,,,,,,,120x170,,,,,,,,,,,,1786452696,,,,,,,,,,,,H7BRC-120-170,,,,,,,,,,,,,,,,,,,
19427,variation,48812115,,Now Rug 100 Black/White - 160x230,1,0,hidden,,Now Rug 100 Black/White 160x230,,,taxable,parent,0,0,,0,0,,160,230,1,0,,,1516,,,,,,,46183477,,,,,,3,,,Size,160x230,,1,,,,,,,,,,,,,,,,,,,,,,,,,,,,,,,,,,,,,160x230,,,,,,,,,,,,,,,,,,,,,,,,H7BRC-160-230,,,,,,,,,,,,,,,,,,,
19428,variation,48812113,,Now Rug 100 Black/White - 200x290,1,0,hidden,,Now Rug 100 Black/White 200x290,,,taxable,parent,0,0,,0,0,,200,290,1,0,,,2076,,,,,,,46183477,,,,,,4,,,Size,200x290,,1,,,,,,,,,,,,,,,,,,,,,,,,,,,,,,,,,,,,,200x290,,,,,,,,,,,,,,,,,,,,,,,,H7BRC-200-290,,,,,,,,,,,,,,,,,,,
19446,variable,46183483,,Now Rug 300 Taupe,1,0,hidden,Now Rug 300 Taupe ,Now Rug 300 Taupe ,,,taxable,,0,,,0,0,,,,,1,,,,"Rooms > Bedroom, Rooms > Entrance & Corridor, Rooms > Living room, Rugs > Modern, Rugs",,,"https://rugshop.eu/wp-content/uploads/2021/09/now-rug-300-taupe.jpg, https://rugshop.eu/wp-content/uploads/2021/09/now-rug-300-taupe-1.jpg, https://rugshop.eu/wp-content/uploads/2021/09/now-rug-300-taupe-2.jpg, https://rugshop.eu/wp-content/uploads/2021/09/now-rug-300-taupe-3.jpg, https://rugshop.eu/wp-content/uploads/2021/09/now-rug-300-taupe-4.jpg, https://rugshop.eu/wp-content/uploads/2021/09/now-rug-300-taupe-5.jpg, https://rugshop.eu/wp-content/uploads/2021/09/now-rug-300-taupe-6.jpg, https://rugshop.eu/wp-content/uploads/2021/09/now-rug-300-taupe-7.jpg, https://rugshop.eu/wp-content/uploads/2021/09/now-rug-300-taupe-8.jpg, https://rugshop.eu/wp-content/uploads/2021/09/now-rug-300-taupe-9.jpg, https://rugshop.eu/wp-content/uploads/2021/09/now-rug-300-taupe-10.jpg, https://rugshop.eu/wp-content/uploads/2021/09/now-rug-300-taupe-11.jpg, https://rugshop.eu/wp-content/uploads/2021/09/now-rug-300-taupe-12.jpg, https://rugshop.eu/wp-content/uploads/2021/09/now-rug-300-taupe-13.jpg, https://rugshop.eu/wp-content/uploads/2021/09/now-rug-300-taupe-14.jpg, https://rugshop.eu/wp-content/uploads/2021/09/now-rug-300-taupe-15.jpg",,,,,,,,,4755,,,Size,"120x170, 160x230, 200x290, 80x150",1,1,Brand,D-sign,1,1,Color,Black-Grey,1,1,Type of color,Multicolor,1,1,Shape,Rectangular,1,1,Material,Polypropylene,1,1,Type of rug,Modern,1,1,Weave,Machinemade,1,1,Country,Belgium,1,1,Age,New,1,1,,,,,,,,,,,,,1786452715,yes,yes,,,,,,,,,,,,,,,,,,,,,,,,,,,,,
19447,variation,48812119,,Now Rug 100 Taupe - 80x150,1,0,hidden,,Now Rug 100 Taupe 80x150,,,taxable,parent,0,0,,0,0,,80,150,1,0,,,876,,,,,,,46183478,,,,,,1,,,Size,80x150,,1,,,,,,,,,,,,,,,,,,,,,,,,,,,,,,,,,,,,,80x150,,,,,,,,,,,,1786452697,,,,,,,,,,,,XEL1A-80-150,,,,,,,,,,,,,,,,,,,
19448,variation,48812118,,Now Rug 100 Taupe - 120x170,1,0,hidden,,Now Rug 100 Taupe 120x170,,,taxable,parent,0,0,,0,0,,120,170,1,0,,,1116,,,,,,,46183478,,,,,,2,,,Size,120x170,,1,,,,,,,,,,,,,,,,,,,,,,,,,,,,,,,,,,,,,120x170,,,,,,,,,,,,1786452696,,,,,,,,,,,,XEL1A-120-170,,,,,,,,,,,,,,,,,,,
19449,variation,48812120,,Now Rug 100 Taupe - 160x230,1,0,hidden,,Now Rug 100 Taupe 160x230,,,taxable,parent,0,0,,0,0,,160,230,1,0,,,1516,,,,,,,46183478,,,,,,3,,,Size,160x230,,1,,,,,,,,,,,,,,,,,,,,,,,,,,,,,,,,,,,,,160x230,,,,,,,,,,,,,,,,,,,,,,,,XEL1A-160-230,,,,,,,,,,,,,,,,,,,
19450,variation,48812121,,Now Rug 100 Taupe - 200x290,1,0,hidden,,Now Rug 100 Taupe 200x290,,,taxable,parent,0,0,,0,0,,200,290,1,0,,,2076,,,,,,,46183478,,,,,,4,,,Size,200x290,,1,,,,,,,,,,,,,,,,,,,,,,,,,,,,,,,,,,,,,200x290,,,,,,,,,,,,,,,,,,,,,,,,XEL1A-200-290,,,,,,,,,,,,,,,,,,,
19480,variable,46183484,,Now Rug 300 White/Turquoise,1,0,hidden,Now Rug 300 White/Turquoise ,Now Rug 300 White/Turquoise ,,,taxable,,0,,,0,0,,,,,1,,,,"Rooms > Bedroom, Rooms > Entrance & Corridor, Rooms > Living room, Rugs > Modern, Rugs",,,"https://rugshop.eu/wp-content/uploads/2021/09/now-rug-300-white-turquoise.jpg, https://rugshop.eu/wp-content/uploads/2021/09/now-rug-300-white-turquoise-1.jpg, https://rugshop.eu/wp-content/uploads/2021/09/now-rug-300-white-turquoise-2.jpg, https://rugshop.eu/wp-content/uploads/2021/09/now-rug-300-white-turquoise-3.jpg, https://rugshop.eu/wp-content/uploads/2021/09/now-rug-300-white-turquoise-4.jpg, https://rugshop.eu/wp-content/uploads/2021/09/now-rug-300-white-turquoise-5.jpg, https://rugshop.eu/wp-content/uploads/2021/09/now-rug-300-white-turquoise-6.jpg, https://rugshop.eu/wp-content/uploads/2021/09/now-rug-300-white-turquoise-7.jpg, https://rugshop.eu/wp-content/uploads/2021/09/now-rug-300-white-turquoise-8.jpg, https://rugshop.eu/wp-content/uploads/2021/09/now-rug-300-white-turquoise-9.jpg, https://rugshop.eu/wp-content/uploads/2021/09/now-rug-300-white-turquoise-10.jpg, https://rugshop.eu/wp-content/uploads/2021/09/now-rug-300-white-turquoise-11.jpg, https://rugshop.eu/wp-content/uploads/2021/09/now-rug-300-white-turquoise-12.jpg, https://rugshop.eu/wp-content/uploads/2021/09/now-rug-300-white-turquoise-13.jpg, https://rugshop.eu/wp-content/uploads/2021/09/now-rug-300-white-turquoise-14.jpg, https://rugshop.eu/wp-content/uploads/2021/09/now-rug-300-white-turquoise-15.jpg",,,,,,,,,4756,,,Size,"120x170, 160x230, 200x290, 80x150",1,1,Brand,D-sign,1,1,Color,Green,1,1,Type of color,Multicolor,1,1,Shape,Rectangular,1,1,Material,Polypropylene,1,1,Type of rug,Modern,1,1,Weave,Machinemade,1,1,Country,Belgium,1,1,Age,New,1,1,,,,,,,,,,,,,1786452720,yes,yes,,,,,,,,,,,,,,,,,,,,,,,,,,,,,
19503,variation,48812259,,Now Rug 300 Ivory/Gold - 80x150,1,0,hidden,,Now Rug 300 Ivory/Gold 80x150,,,taxable,parent,0,0,,0,0,,80,150,1,0,,,876,,,,,,,46183481,,,,,,1,,,Size,80x150,,1,,,,,,,,,,,,,,,,,,,,,,,,,,,,,,,,,,,,,80x150,,,,,,,,,,,,1786452697,,,,,,,,,,,,5J3VG-80-150,,,,,,,,,,,,,,,,,,,
19504,variation,48812261,,Now Rug 300 Ivory/Gold - 120x170,1,0,hidden,,Now Rug 300 Ivory/Gold 120x170,,,taxable,parent,0,0,,0,0,,120,170,1,0,,,1116,,,,,,,46183481,,,,,,2,,,Size,120x170,,1,,,,,,,,,,,,,,,,,,,,,,,,,,,,,,,,,,,,,120x170,,,,,,,,,,,,1786452697,,,,,,,,,,,,5J3VG-120-170,,,,,,,,,,,,,,,,,,,
19505,variation,48812262,,Now Rug 300 Ivory/Gold - 160x230,1,0,hidden,,Now Rug 300 Ivory/Gold 160x230,,,taxable,parent,0,0,,0,0,,160,230,1,0,,,1516,,,,,,,46183481,,,,,,3,,,Size,160x230,,1,,,,,,,,,,,,,,,,,,,,,,,,,,,,,,,,,,,,,160x230,,,,,,,,,,,,,,,,,,,,,,,,5J3VG-160-230,,,,,,,,,,,,,,,,,,,
19506,variation,48812260,,Now Rug 300 Ivory/Gold - 200x290,1,0,hidden,,Now Rug 300 Ivory/Gold 200x290,,,taxable,parent,0,0,,0,0,,200,290,1,0,,,2076,,,,,,,46183481,,,,,,4,,,Size,200x290,,1,,,,,,,,,,,,,,,,,,,,,,,,,,,,,,,,,,,,,200x290,,,,,,,,,,,,,,,,,,,,,,,,5J3VG-200-290,,,,,,,,,,,,,,,,,,,
19524,variable,46183487,,Phoenix Rug 112 Nature/Cream,1,0,hidden,Phoenix Rug 112 Nature/Cream ,Phoenix Rug 112 Nature/Cream ,,,taxable,,0,,,0,0,,,,,1,,,,"Rooms > Bedroom, Rooms > Entrance & Corridor, Rooms > Kitchen, Rooms > Living room, Rugs > Modern, Rugs > Patchwork, Rugs",,,"https://rugshop.eu/wp-content/uploads/2021/09/phoenix-rug-112-nature-cream.jpg, https://rugshop.eu/wp-content/uploads/2021/09/phoenix-rug-112-nature-cream-1.jpg, https://rugshop.eu/wp-content/uploads/2021/09/phoenix-rug-112-nature-cream-2.jpg, https://rugshop.eu/wp-content/uploads/2021/09/phoenix-rug-112-nature-cream-3.jpg, https://rugshop.eu/wp-content/uploads/2021/09/phoenix-rug-112-nature-cream-4.jpg, https://rugshop.eu/wp-content/uploads/2021/09/phoenix-rug-112-nature-cream-5.jpg, https://rugshop.eu/wp-content/uploads/2021/09/phoenix-rug-112-nature-cream-6.jpg, https://rugshop.eu/wp-content/uploads/2021/09/phoenix-rug-112-nature-cream-7.jpg, https://rugshop.eu/wp-content/uploads/2021/09/phoenix-rug-112-nature-cream-8.jpg, https://rugshop.eu/wp-content/uploads/2021/09/phoenix-rug-112-nature-cream-9.jpg, https://rugshop.eu/wp-content/uploads/2021/09/phoenix-rug-112-nature-cream-10.jpg, https://rugshop.eu/wp-content/uploads/2021/09/phoenix-rug-112-nature-cream-11.jpg, https://rugshop.eu/wp-content/uploads/2021/09/phoenix-rug-112-nature-cream-12.jpg, https://rugshop.eu/wp-content/uploads/2021/09/phoenix-rug-112-nature-cream-13.jpg, https://rugshop.eu/wp-content/uploads/2021/09/phoenix-rug-112-nature-cream-14.jpg, https://rugshop.eu/wp-content/uploads/2021/09/phoenix-rug-112-nature-cream-15.jpg",,,,,,,,,4788,,,Size,"120x170, 160x230, 200x290, 80x150",1,1,Brand,D-sign,1,1,Color,Black-Grey,1,1,Type of color,Multicolor,1,1,Shape,Rectangular,1,1,Material,Wool,1,1,Type of rug,"Modern, Patchwork",1,1,Weave,Machinemade,1,1,Country,India,1,1,Age,New,1,1,,,,,,,,,,,,,1786452725,yes,yes,,,,,,,,,,,,,,,,,,,,,,,,,,,,,
19525,variation,48812267,,Now Rug 300 Black/White - 80x150,1,0,hidden,,Now Rug 300 Black/White 80x150,,,taxable,parent,0,0,,0,0,,80,150,1,0,,,876,,,,,,,46183482,,,,,,1,,,Size,80x150,,1,,,,,,,,,,,,,,,,,,,,,,,,,,,,,,,,,,,,,80x150,,,,,,,,,,,,1786452698,,,,,,,,,,,,2Q8RC-80-150,,,,,,,,,,,,,,,,,,,
19526,variation,48812268,,Now Rug 300 Black/White - 120x170,1,0,hidden,,Now Rug 300 Black/White 120x170,,,taxable,parent,0,0,,0,0,,120,170,1,0,,,1116,,,,,,,46183482,,,,,,2,,,Size,120x170,,1,,,,,,,,,,,,,,,,,,,,,,,,,,,,,,,,,,,,,120x170,,,,,,,,,,,,1786452698,,,,,,,,,,,,2Q8RC-120-170,,,,,,,,,,,,,,,,,,,
19527,variation,48812265,,Now Rug 300 Black/White - 160x230,1,0,hidden,,Now Rug 300 Black/White 160x230,,,taxable,parent,0,0,,0,0,,160,230,1,0,,,1516,,,,,,,46183482,,,,,,3,,,Size,160x230,,1,,,,,,,,,,,,,,,,,,,,,,,,,,,,,,,,,,,,,160x230,,,,,,,,,,,,1786452698,,,,,,,,,,,,2Q8RC-160-230,,,,,,,,,,,,,,,,,,,
19528,variation,48812266,,Now Rug 300 Black/White - 200x290,1,0,hidden,,Now Rug 300 Black/White 200x290,,,taxable,parent,0,0,,0,0,,200,290,1,0,,,2076,,,,,,,46183482,,,,,,4,,,Size,200x290,,1,,,,,,,,,,,,,,,,,,,,,,,,,,,,,,,,,,,,,200x290,,,,,,,,,,,,1786452698,,,,,,,,,,,,2Q8RC-200-290,,,,,,,,,,,,,,,,,,,
19546,variable,46183488,,Phoenix Rug 113 Nature/Grey,1,0,hidden,Phoenix Rug 113 Nature/Grey ,Phoenix Rug 113 Nature/Grey ,,,taxable,,0,,,0,0,,,,,1,,,,"Rooms > Bedroom, Rooms > Entrance & Corridor, Rooms > Kitchen, Rooms > Living room, Rugs > Modern, Rugs",,,"https://rugshop.eu/wp-content/uploads/2021/09/phoenix-rug-113-nature-grey.jpg, https://rugshop.eu/wp-content/uploads/2021/09/phoenix-rug-113-nature-grey-1.jpg, https://rugshop.eu/wp-content/uploads/2021/09/phoenix-rug-113-nature-grey-2.jpg, https://rugshop.eu/wp-content/uploads/2021/09/phoenix-rug-113-nature-grey-3.jpg, https://rugshop.eu/wp-content/uploads/2021/09/phoenix-rug-113-nature-grey-4.jpg, https://rugshop.eu/wp-content/uploads/2021/09/phoenix-rug-113-nature-grey-5.jpg, https://rugshop.eu/wp-content/uploads/2021/09/phoenix-rug-113-nature-grey-6.jpg, https://rugshop.eu/wp-content/uploads/2021/09/phoenix-rug-113-nature-grey-7.jpg, https://rugshop.eu/wp-content/uploads/2021/09/phoenix-rug-113-nature-grey-8.jpg, https://rugshop.eu/wp-content/uploads/2021/09/phoenix-rug-113-nature-grey-9.jpg, https://rugshop.eu/wp-content/uploads/2021/09/phoenix-rug-113-nature-grey-10.jpg, https://rugshop.eu/wp-content/uploads/2021/09/phoenix-rug-113-nature-grey-11.jpg, https://rugshop.eu/wp-content/uploads/2021/09/phoenix-rug-113-nature-grey-12.jpg, https://rugshop.eu/wp-content/uploads/2021/09/phoenix-rug-113-nature-grey-13.jpg, https://rugshop.eu/wp-content/uploads/2021/09/phoenix-rug-113-nature-grey-14.jpg, https://rugshop.eu/wp-content/uploads/2021/09/phoenix-rug-113-nature-grey-15.jpg",,,,,,,,,4790,,,Size,"120x170, 160x230, 200x290, 80x150",1,1,Brand,D-sign,1,1,Color,Black-Grey,1,1,Type of color,Multicolor,1,1,Shape,Rectangular,1,1,Material,Wool,1,1,Type of rug,Modern,1,1,Weave,Machinemade,1,1,Country,India,1,1,Age,New,1,1,,,,,,,,,,,,,1786452728,yes,yes,,,,,,,,,,,,,,,,,,,,,,,,,,,,,
19547,variation,48812270,,Now Rug 300 Taupe - 80x150,1,0,hidden,,Now Rug 300 Taupe 80x150,,,taxable,parent,0,0,,0,0,,80,150,1,0,,,876,,,,,,,46183483,,,,,,1,,,Size,80x150,,1,,,,,,,,,,,,,,,,,,,,,,,,,,,,,,,,,,,,,80x150,,,,,,,,,,,,1786452699,,,,,,,,,,,,I1JJZ-80-150,,,,,,,,,,,,,,,,,,,
19548,variation,48812272,,Now Rug 300 Taupe - 120x170,1,0,hidden,,Now Rug 300 Taupe 120x170,,,taxable,parent,0,0,,0,0,,120,170,1,0,,,1116,,,,,,,46183483,,,,,,2,,,Size,120x170,,1,,,,,,,,,,,,,,,,,,,,,,,,,,,,,,,,,,,,,120x170,,,,,,,,,,,,1786452699,,,,,,,,,,,,I1JJZ-120-170,,,,,,,,,,,,,,,,,,,
19549,variation,48812269,,Now Rug 300 Taupe - 160x230,1,0,hidden,,Now Rug 300 Taupe 160x230,,,taxable,parent,0,0,,0,0,,160,230,1,0,,,1516,,,,,,,46183483,,,,,,3,,,Size,160x230,,1,,,,,,,,,,,,,,,,,,,,,,,,,,,,,,,,,,,,,160x230,,,,,,,,,,,,,,,,,,,,,,,,I1JJZ-160-230,,,,,,,,,,,,,,,,,,,
19550,variation,48812271,,Now Rug 300 Taupe - 200x290,1,0,hidden,,Now Rug 300 Taupe 200x290,,,taxable,parent,0,0,,0,0,,200,290,1,0,,,2076,,,,,,,46183483,,,,,,4,,,Size,200x290,,1,,,,,,,,,,,,,,,,,,,,,,,,,,,,,,,,,,,,,200x290,,,,,,,,,,,,,,,,,,,,,,,,I1JJZ-200-290,,,,,,,,,,,,,,,,,,,
19568,variable,46183489,,Phoenix Rug 210 Anthracite,1,0,hidden,Phoenix Rug 210 Anthracite ,Phoenix Rug 210 Anthracite ,,,taxable,,0,,,0,0,,,,,1,,,,"Rooms > Bedroom, Rooms > Entrance & Corridor, Rooms > Kitchen, Rooms > Living room, Rugs > Modern, Rugs",,,"https://rugshop.eu/wp-content/uploads/2021/09/phoenix-rug-210-anthracite.jpg, https://rugshop.eu/wp-content/uploads/2021/09/phoenix-rug-210-anthracite-1.jpg, https://rugshop.eu/wp-content/uploads/2021/09/phoenix-rug-210-anthracite-2.jpg, https://rugshop.eu/wp-content/uploads/2021/09/phoenix-rug-210-anthracite-3.jpg, https://rugshop.eu/wp-content/uploads/2021/09/phoenix-rug-210-anthracite-4.jpg, https://rugshop.eu/wp-content/uploads/2021/09/phoenix-rug-210-anthracite-5.jpg, https://rugshop.eu/wp-content/uploads/2021/09/phoenix-rug-210-anthracite-6.jpg, https://rugshop.eu/wp-content/uploads/2021/09/phoenix-rug-210-anthracite-7.jpg, https://rugshop.eu/wp-content/uploads/2021/09/phoenix-rug-210-anthracite-8.jpg, https://rugshop.eu/wp-content/uploads/2021/09/phoenix-rug-210-anthracite-9.jpg, https://rugshop.eu/wp-content/uploads/2021/09/phoenix-rug-210-anthracite-10.jpg, https://rugshop.eu/wp-content/uploads/2021/09/phoenix-rug-210-anthracite-11.jpg, https://rugshop.eu/wp-content/uploads/2021/09/phoenix-rug-210-anthracite-12.jpg, https://rugshop.eu/wp-content/uploads/2021/09/phoenix-rug-210-anthracite-13.jpg, https://rugshop.eu/wp-content/uploads/2021/09/phoenix-rug-210-anthracite-14.jpg, https://rugshop.eu/wp-content/uploads/2021/09/phoenix-rug-210-anthracite-15.jpg",,,,,,,,,4791,,,Size,"120x170, 160x230, 200x290, 80x150",1,1,Brand,D-sign,1,1,Color,Black-Grey,1,1,Type of color,Multicolor,1,1,Shape,Rectangular,1,1,Material,Wool,1,1,Type of rug,Modern,1,1,Weave,Machinemade,1,1,Country,India,1,1,Age,New,1,1,,,,,,,,,,,,,1786452731,yes,yes,,,,,,,,,,,,,,,,,,,,,,,,,,,,,
19569,variation,48812274,,Now Rug 300 White/Turquoise - 80x150,1,0,hidden,,Now Rug 300 White/Turquoise 80x150,,,taxable,parent,0,0,,0,0,,80,150,1,0,,,876,,,,,,,46183484,,,,,,1,,,Size,80x150,,1,,,,,,,,,,,,,,,,,,,,,,,,,,,,,,,,,,,,,80x150,,,,,,,,,,,,1786452699,,,,,,,,,,,,DJ2UQ-80-150,,,,,,,,,,,,,,,,,,,
19570,variation,48812276,,Now Rug 300 White/Turquoise - 120x170,1,0,hidden,,Now Rug 300 White/Turquoise 120x170,,,taxable,parent,0,0,,0,0,,120,170,1,0,,,1116,,,,,,,46183484,,,,,,2,,,Size,120x170,,1,,,,,,,,,,,,,,,,,,,,,,,,,,,,,,,,,,,,,120x170,,,,,,,,,,,,1786452700,,,,,,,,,,,,DJ2UQ-120-170,,,,,,,,,,,,,,,,,,,
19571,variation,48812273,,Now Rug 300 White/Turquoise - 160x230,1,0,hidden,,Now Rug 300 White/Turquoise 160x230,,,taxable,parent,0,0,,0,0,,160,230,1,0,,,1516,,,,,,,46183484,,,,,,3,,,Size,160x230,,1,,,,,,,,,,,,,,,,,,,,,,,,,,,,,,,,,,,,,160x230,,,,,,,,,,,,,,,,,,,,,,,,DJ2UQ-160-230,,,,,,,,,,,,,,,,,,,
19572,variation,48812275,,Now Rug 300 White/Turquoise - 200x290,1,0,hidden,,Now Rug 300 White/Turquoise 200x290,,,taxable,parent,0,0,,0,0,,200,290,1,0,,,2076,,,,,,,46183484,,,,,,4,,,Size,200x290,,1,,,,,,,,,,,,,,,,,,,,,,,,,,,,,,,,,,,,,200x290,,,,,,,,,,,,1786452699,,,,,,,,,,,,DJ2UQ-200-290,,,,,,,,,,,,,,,,,,,
19590,variable,46183490,,Phoenix Rug 210 Grey,1,0,hidden,Phoenix Rug 210 Grey ,Phoenix Rug 210 Grey ,,,taxable,,0,,,0,0,,,,,1,,,,"Rooms > Bedroom, Rooms > Entrance & Corridor, Rooms > Kitchen, Rooms > Living room, Rugs > Modern, Rugs",,,"https://rugshop.eu/wp-content/uploads/2021/09/phoenix-rug-210-grey.jpg, https://rugshop.eu/wp-content/uploads/2021/09/phoenix-rug-210-grey-1.jpg, https://rugshop.eu/wp-content/uploads/2021/09/phoenix-rug-210-grey-2.jpg, https://rugshop.eu/wp-content/uploads/2021/09/phoenix-rug-210-grey-3.jpg, https://rugshop.eu/wp-content/uploads/2021/09/phoenix-rug-210-grey-4.jpg, https://rugshop.eu/wp-content/uploads/2021/09/phoenix-rug-210-grey-5.jpg, https://rugshop.eu/wp-content/uploads/2021/09/phoenix-rug-210-grey-6.jpg, https://rugshop.eu/wp-content/uploads/2021/09/phoenix-rug-210-grey-7.jpg, https://rugshop.eu/wp-content/uploads/2021/09/phoenix-rug-210-grey-8.jpg, https://rugshop.eu/wp-content/uploads/2021/09/phoenix-rug-210-grey-9.jpg, https://rugshop.eu/wp-content/uploads/2021/09/phoenix-rug-210-grey-10.jpg, https://rugshop.eu/wp-content/uploads/2021/09/phoenix-rug-210-grey-11.jpg, https://rugshop.eu/wp-content/uploads/2021/09/phoenix-rug-210-grey-12.jpg, https://rugshop.eu/wp-content/uploads/2021/09/phoenix-rug-210-grey-13.jpg, https://rugshop.eu/wp-content/uploads/2021/09/phoenix-rug-210-grey-14.jpg, https://rugshop.eu/wp-content/uploads/2021/09/phoenix-rug-210-grey-15.jpg",,,,,,,,,4792,,,Size,"120x170, 160x230, 200x290, 80x150",1,1,Brand,D-sign,1,1,Color,Black-Grey,1,1,Type of color,Multicolor,1,1,Shape,Rectangular,1,1,Material,Wool,1,1,Type of rug,Modern,1,1,Weave,Machinemade,1,1,Country,India,1,1,Age,New,1,1,,,,,,,,,,,,,1786452754,yes,yes,,,,,,,,,,,,,,,,,,,,,,,,,,,,,
19634,variable,46183492,,Phoenix Rug 310 Grey/Anthracite,1,0,hidden,Phoenix Rug 310 Grey/Anthracite ,Phoenix Rug 310 Grey/Anthracite ,,,taxable,,0,,,0,0,,,,,1,,,,"Rooms > Bedroom, Rooms > Entrance & Corridor, Rooms > Kitchen, Rooms > Living room, Rugs > Modern, Rugs",,,"https://rugshop.eu/wp-content/uploads/2021/09/phoenix-rug-310-grey-anthracite.jpg, https://rugshop.eu/wp-content/uploads/2021/09/phoenix-rug-310-grey-anthracite-1.jpg, https://rugshop.eu/wp-content/uploads/2021/09/phoenix-rug-310-grey-anthracite-2.jpg, https://rugshop.eu/wp-content/uploads/2021/09/phoenix-rug-310-grey-anthracite-3.jpg, https://rugshop.eu/wp-content/uploads/2021/09/phoenix-rug-310-grey-anthracite-4.jpg, https://rugshop.eu/wp-content/uploads/2021/09/phoenix-rug-310-grey-anthracite-5.jpg, https://rugshop.eu/wp-content/uploads/2021/09/phoenix-rug-310-grey-anthracite-6.jpg, https://rugshop.eu/wp-content/uploads/2021/09/phoenix-rug-310-grey-anthracite-7.jpg, https://rugshop.eu/wp-content/uploads/2021/09/phoenix-rug-310-grey-anthracite-8.jpg, https://rugshop.eu/wp-content/uploads/2021/09/phoenix-rug-310-grey-anthracite-9.jpg, https://rugshop.eu/wp-content/uploads/2021/09/phoenix-rug-310-grey-anthracite-10.jpg, https://rugshop.eu/wp-content/uploads/2021/09/phoenix-rug-310-grey-anthracite-11.jpg, https://rugshop.eu/wp-content/uploads/2021/09/phoenix-rug-310-grey-anthracite-12.jpg, https://rugshop.eu/wp-content/uploads/2021/09/phoenix-rug-310-grey-anthracite-13.jpg, https://rugshop.eu/wp-content/uploads/2021/09/phoenix-rug-310-grey-anthracite-14.jpg, https://rugshop.eu/wp-content/uploads/2021/09/phoenix-rug-310-grey-anthracite-15.jpg",,,,,,,,,4794,,,Size,"120x170, 160x230, 200x290, 80x150",1,1,Brand,D-sign,1,1,Color,Black-Grey,1,1,Type of color,Multicolor,1,1,Shape,Rectangular,1,1,Material,Wool,1,1,Type of rug,Modern,1,1,Weave,Machinemade,1,1,Country,India,1,1,Age,New,1,1,,,,,,,,,,,,,1786452758,yes,yes,,,,,,,,,,,,,,,,,,,,,,,,,,,,,
19635,variation,48828529,,Phoenix Rug 112 Nature/Cream - 80x150,1,0,hidden,,Phoenix Rug 112 Nature/Cream 80x150,,,taxable,parent,0,0,,0,0,,80,150,0.6,0,,,1116,,,,,,,46183487,,,,,,1,,,Size,80x150,,1,,,,,,,,,,,,,,,,,,,,,,,,,,,,,,,,,,,,,80x150,,,,,,,,,,,,1786452700,,,,,,,,,,,,OTUH3-80-150,,,,,,,,,,,,,,,,,,,
19636,variation,48828528,,Phoenix Rug 112 Nature/Cream - 120x170,1,0,hidden,,Phoenix Rug 112 Nature/Cream 120x170,,,taxable,parent,0,0,,0,0,,120,170,0.6,0,,,1436,,,,,,,46183487,,,,,,2,,,Size,120x170,,1,,,,,,,,,,,,,,,,,,,,,,,,,,,,,,,,,,,,,120x170,,,,,,,,,,,,1786452700,,,,,,,,,,,,OTUH3-120-170,,,,,,,,,,,,,,,,,,,
19637,variation,48828527,,Phoenix Rug 112 Nature/Cream - 160x230,1,0,hidden,,Phoenix Rug 112 Nature/Cream 160x230,,,taxable,parent,0,0,,0,0,,160,230,0.6,0,,,2156,,,,,,,46183487,,,,,,3,,,Size,160x230,,1,,,,,,,,,,,,,,,,,,,,,,,,,,,,,,,,,,,,,160x230,,,,,,,,,,,,1786452700,,,,,,,,,,,,OTUH3-160-230,,,,,,,,,,,,,,,,,,,
19638,variation,48828530,,Phoenix Rug 112 Nature/Cream - 200x290,1,0,hidden,,Phoenix Rug 112 Nature/Cream 200x290,,,taxable,parent,0,0,,0,0,,200,290,0.6,0,,,3116,,,,,,,46183487,,,,,,4,,,Size,200x290,,1,,,,,,,,,,,,,,,,,,,,,,,,,,,,,,,,,,,,,200x290,,,,,,,,,,,,1786452700,,,,,,,,,,,,OTUH3-200-290,,,,,,,,,,,,,,,,,,,
19656,variable,46183493,,Prime Rug 110 Anthracite,1,0,hidden,Prime Rug 110 Anthracite ,Prime Rug 110 Anthracite ,,,taxable,,0,,,0,0,,,,,1,,,,"Rooms > Bedroom, Rooms > Entrance & Corridor, Rooms > Living room, Rugs > Modern, Rugs",,,"https://rugshop.eu/wp-content/uploads/2021/09/prime-rug-110-anthracite.jpg, https://rugshop.eu/wp-content/uploads/2021/09/prime-rug-110-anthracite-1.jpg, https://rugshop.eu/wp-content/uploads/2021/09/prime-rug-110-anthracite-2.jpg, https://rugshop.eu/wp-content/uploads/2021/09/prime-rug-110-anthracite-3.jpg, https://rugshop.eu/wp-content/uploads/2021/09/prime-rug-110-anthracite-4.jpg, https://rugshop.eu/wp-content/uploads/2021/09/prime-rug-110-anthracite-5.jpg, https://rugshop.eu/wp-content/uploads/2021/09/prime-rug-110-anthracite-6.jpg, https://rugshop.eu/wp-content/uploads/2021/09/prime-rug-110-anthracite-7.jpg, https://rugshop.eu/wp-content/uploads/2021/09/prime-rug-110-anthracite-8.jpg, https://rugshop.eu/wp-content/uploads/2021/09/prime-rug-110-anthracite-9.jpg, https://rugshop.eu/wp-content/uploads/2021/09/prime-rug-110-anthracite-10.jpg, https://rugshop.eu/wp-content/uploads/2021/09/prime-rug-110-anthracite-11.jpg, https://rugshop.eu/wp-content/uploads/2021/09/prime-rug-110-anthracite-12.jpg, https://rugshop.eu/wp-content/uploads/2021/09/prime-rug-110-anthracite-13.jpg, https://rugshop.eu/wp-content/uploads/2021/09/prime-rug-110-anthracite-14.jpg, https://rugshop.eu/wp-content/uploads/2021/09/prime-rug-110-anthracite-15.jpg",,,,,,,,,4917,,,Size,"120x170, 160x230, 200x290, 80x150",1,1,Brand,D-sign,1,1,Color,Black-Grey,1,1,Type of color,Multicolor,1,1,Shape,Rectangular,1,1,Material,Viscose,1,1,Type of rug,Modern,1,1,Weave,Handmade,1,1,Country,India,1,1,Age,New,1,1,,,,,,,,,,,,,1786452759,yes,yes,,,,,,,,,,,,,,,,,,,,,,,,,,,,,
19657,variation,48828538,,Phoenix Rug 113 Nature/Grey - 80x150,1,0,hidden,,Phoenix Rug 113 Nature/Grey 80x150,,,taxable,parent,0,0,,0,0,,80,150,0.6,0,,,1116,,,,,,,46183488,,,,,,1,,,Size,80x150,,1,,,,,,,,,,,,,,,,,,,,,,,,,,,,,,,,,,,,,80x150,,,,,,,,,,,,1786452701,,,,,,,,,,,,W27BD-80-150,,,,,,,,,,,,,,,,,,,
19658,variation,48828536,,Phoenix Rug 113 Nature/Grey - 120x170,1,0,hidden,,Phoenix Rug 113 Nature/Grey 120x170,,,taxable,parent,0,0,,0,0,,120,170,0.6,0,,,1436,,,,,,,46183488,,,,,,2,,,Size,120x170,,1,,,,,,,,,,,,,,,,,,,,,,,,,,,,,,,,,,,,,120x170,,,,,,,,,,,,1786452701,,,,,,,,,,,,W27BD-120-170,,,,,,,,,,,,,,,,,,,
19659,variation,48828537,,Phoenix Rug 113 Nature/Grey - 160x230,1,0,hidden,,Phoenix Rug 113 Nature/Grey 160x230,,,taxable,parent,0,0,,0,0,,160,230,0.6,0,,,2156,,,,,,,46183488,,,,,,3,,,Size,160x230,,1,,,,,,,,,,,,,,,,,,,,,,,,,,,,,,,,,,,,,160x230,,,,,,,,,,,,1786452701,,,,,,,,,,,,W27BD-160-230,,,,,,,,,,,,,,,,,,,
19660,variation,48828539,,Phoenix Rug 113 Nature/Grey - 200x290,1,0,hidden,,Phoenix Rug 113 Nature/Grey 200x290,,,taxable,parent,0,0,,0,0,,200,290,0.6,0,,,3116,,,,,,,46183488,,,,,,4,,,Size,200x290,,1,,,,,,,,,,,,,,,,,,,,,,,,,,,,,,,,,,,,,200x290,,,,,,,,,,,,1786452702,,,,,,,,,,,,W27BD-200-290,,,,,,,,,,,,,,,,,,,
19678,variable,46183494,,Prime Rug 110 Beige,1,0,hidden,Prime Rug 110 Beige ,Prime Rug 110 Beige ,,,taxable,,0,,,0,0,,,,,1,,,,"Rooms > Bedroom, Rooms > Entrance & Corridor, Rooms > Living room, Rugs > Modern, Rugs",,,"https://rugshop.eu/wp-content/uploads/2021/09/prime-rug-110-beige.jpg, https://rugshop.eu/wp-content/uploads/2021/09/prime-rug-110-beige-1.jpg, https://rugshop.eu/wp-content/uploads/2021/09/prime-rug-110-beige-2.jpg, https://rugshop.eu/wp-content/uploads/2021/09/prime-rug-110-beige-3.jpg, https://rugshop.eu/wp-content/uploads/2021/09/prime-rug-110-beige-4.jpg, https://rugshop.eu/wp-content/uploads/2021/09/prime-rug-110-beige-5.jpg, https://rugshop.eu/wp-content/uploads/2021/09/prime-rug-110-beige-6.jpg, https://rugshop.eu/wp-content/uploads/2021/09/prime-rug-110-beige-7.jpg, https://rugshop.eu/wp-content/uploads/2021/09/prime-rug-110-beige-8.jpg, https://rugshop.eu/wp-content/uploads/2021/09/prime-rug-110-beige-9.jpg, https://rugshop.eu/wp-content/uploads/2021/09/prime-rug-110-beige-10.jpg, https://rugshop.eu/wp-content/uploads/2021/09/prime-rug-110-beige-11.jpg, https://rugshop.eu/wp-content/uploads/2021/09/prime-rug-110-beige-12.jpg, https://rugshop.eu/wp-content/uploads/2021/09/prime-rug-110-beige-13.jpg, https://rugshop.eu/wp-content/uploads/2021/09/prime-rug-110-beige-14.jpg, https://rugshop.eu/wp-content/uploads/2021/09/prime-rug-110-beige-15.jpg",,,,,,,,,4918,,,Size,"120x170, 160x230, 200x290, 80x150",1,1,Brand,D-sign,1,1,Color,White-Beige,1,1,Type of color,Multicolor,1,1,Shape,Rectangular,1,1,Material,Viscose,1,1,Type of rug,Modern,1,1,Weave,Handmade,1,1,Country,India,1,1,Age,New,1,1,,,,,,,,,,,,,1786452762,yes,yes,,,,,,,,,,,,,,,,,,,,,,,,,,,,,
19679,variation,48828542,,Phoenix Rug 210 Anthracite - 80x150,1,0,hidden,,Phoenix Rug 210 Anthracite 80x150,,,taxable,parent,0,0,,0,0,,80,150,0.6,0,,,1116,,,,,,,46183489,,,,,,1,,,Size,80x150,,1,,,,,,,,,,,,,,,,,,,,,,,,,,,,,,,,,,,,,80x150,,,,,,,,,,,,1786452703,,,,,,,,,,,,UCGVT-80-150,,,,,,,,,,,,,,,,,,,
19680,variation,48828540,,Phoenix Rug 210 Anthracite - 120x170,1,0,hidden,,Phoenix Rug 210 Anthracite 120x170,,,taxable,parent,0,0,,0,0,,120,170,0.6,0,,,1436,,,,,,,46183489,,,,,,2,,,Size,120x170,,1,,,,,,,,,,,,,,,,,,,,,,,,,,,,,,,,,,,,,120x170,,,,,,,,,,,,1786452702,,,,,,,,,,,,UCGVT-120-170,,,,,,,,,,,,,,,,,,,
19681,variation,48828543,,Phoenix Rug 210 Anthracite - 160x230,1,0,hidden,,Phoenix Rug 210 Anthracite 160x230,,,taxable,parent,0,0,,0,0,,160,230,0.6,0,,,2156,,,,,,,46183489,,,,,,3,,,Size,160x230,,1,,,,,,,,,,,,,,,,,,,,,,,,,,,,,,,,,,,,,160x230,,,,,,,,,,,,1786452703,,,,,,,,,,,,UCGVT-160-230,,,,,,,,,,,,,,,,,,,
19682,variation,48828541,,Phoenix Rug 210 Anthracite - 200x290,1,0,hidden,,Phoenix Rug 210 Anthracite 200x290,,,taxable,parent,0,0,,0,0,,200,290,0.6,0,,,3116,,,,,,,46183489,,,,,,4,,,Size,200x290,,1,,,,,,,,,,,,,,,,,,,,,,,,,,,,,,,,,,,,,200x290,,,,,,,,,,,,1786452702,,,,,,,,,,,,UCGVT-200-290,,,,,,,,,,,,,,,,,,,
19700,variable,46183495,,Prime Rug 110 White/Grey,1,0,hidden,Prime Rug 110 White/Grey ,Prime Rug 110 White/Grey ,,,taxable,,0,,,0,0,,,,,1,,,,"Rooms > Bedroom, Rooms > Entrance & Corridor, Rooms > Living room, Rugs > Modern, Rugs",,,"https://rugshop.eu/wp-content/uploads/2021/09/prime-rug-110-white-grey.jpg, https://rugshop.eu/wp-content/uploads/2021/09/prime-rug-110-white-grey-1.jpg, https://rugshop.eu/wp-content/uploads/2021/09/prime-rug-110-white-grey-2.jpg, https://rugshop.eu/wp-content/uploads/2021/09/prime-rug-110-white-grey-3.jpg, https://rugshop.eu/wp-content/uploads/2021/09/prime-rug-110-white-grey-4.jpg, https://rugshop.eu/wp-content/uploads/2021/09/prime-rug-110-white-grey-5.jpg, https://rugshop.eu/wp-content/uploads/2021/09/prime-rug-110-white-grey-6.jpg, https://rugshop.eu/wp-content/uploads/2021/09/prime-rug-110-white-grey-7.jpg, https://rugshop.eu/wp-content/uploads/2021/09/prime-rug-110-white-grey-8.jpg, https://rugshop.eu/wp-content/uploads/2021/09/prime-rug-110-white-grey-9.jpg, https://rugshop.eu/wp-content/uploads/2021/09/prime-rug-110-white-grey-10.jpg, https://rugshop.eu/wp-content/uploads/2021/09/prime-rug-110-white-grey-11.jpg, https://rugshop.eu/wp-content/uploads/2021/09/prime-rug-110-white-grey-12.jpg, https://rugshop.eu/wp-content/uploads/2021/09/prime-rug-110-white-grey-13.jpg, https://rugshop.eu/wp-content/uploads/2021/09/prime-rug-110-white-grey-14.jpg, https://rugshop.eu/wp-content/uploads/2021/09/prime-rug-110-white-grey-15.jpg",,,,,,,,,4920,,,Size,"120x170, 160x230, 200x290, 80x150",1,1,Brand,D-sign,1,1,Color,White-Beige,1,1,Type of color,Multicolor,1,1,Shape,Rectangular,1,1,Material,Viscose,1,1,Type of rug,Modern,1,1,Weave,Handmade,1,1,Country,India,1,1,Age,New,1,1,,,,,,,,,,,,,1786452764,yes,yes,,,,,,,,,,,,,,,,,,,,,,,,,,,,,
19701,variation,48828556,,Phoenix Rug 210 Grey - 80x150,1,0,hidden,,Phoenix Rug 210 Grey 80x150,,,taxable,parent,0,0,,0,0,,80,150,0.6,0,,,1116,,,,,,,46183490,,,,,,1,,,Size,80x150,,1,,,,,,,,,,,,,,,,,,,,,,,,,,,,,,,,,,,,,80x150,,,,,,,,,,,,1786452737,,,,,,,,,,,,447Y1-80-150,,,,,,,,,,,,,,,,,,,
19702,variation,48828554,,Phoenix Rug 210 Grey - 120x170,1,0,hidden,,Phoenix Rug 210 Grey 120x170,,,taxable,parent,0,0,,0,0,,120,170,0.6,0,,,1436,,,,,,,46183490,,,,,,2,,,Size,120x170,,1,,,,,,,,,,,,,,,,,,,,,,,,,,,,,,,,,,,,,120x170,,,,,,,,,,,,1786452703,,,,,,,,,,,,447Y1-120-170,,,,,,,,,,,,,,,,,,,
19703,variation,48828553,,Phoenix Rug 210 Grey - 160x230,1,0,hidden,,Phoenix Rug 210 Grey 160x230,,,taxable,parent,0,0,,0,0,,160,230,0.6,0,,,2156,,,,,,,46183490,,,,,,3,,,Size,160x230,,1,,,,,,,,,,,,,,,,,,,,,,,,,,,,,,,,,,,,,160x230,,,,,,,,,,,,,,,,,,,,,,,,447Y1-160-230,,,,,,,,,,,,,,,,,,,
19704,variation,48828555,,Phoenix Rug 210 Grey - 200x290,1,0,hidden,,Phoenix Rug 210 Grey 200x290,,,taxable,parent,0,0,,0,0,,200,290,0.6,0,,,3116,,,,,,,46183490,,,,,,4,,,Size,200x290,,1,,,,,,,,,,,,,,,,,,,,,,,,,,,,,,,,,,,,,200x290,,,,,,,,,,,,1786452704,,,,,,,,,,,,447Y1-200-290,,,,,,,,,,,,,,,,,,,
19722,variable,46183496,,River Rug 110 Grey/Black,1,0,hidden,River Rug 110 Grey/Black ,River Rug 110 Grey/Black ,,,taxable,,0,,,0,0,,,,,1,,,,"Rooms > Bedroom, Rooms > Entrance & Corridor, Rooms > Living room, Rugs > Modern, Rugs, Rugs > Vintage",,,"https://rugshop.eu/wp-content/uploads/2021/09/river-rug-110-grey-black.jpg, https://rugshop.eu/wp-content/uploads/2021/09/river-rug-110-grey-black-1.jpg, https://rugshop.eu/wp-content/uploads/2021/09/river-rug-110-grey-black-2.jpg, https://rugshop.eu/wp-content/uploads/2021/09/river-rug-110-grey-black-3.jpg, https://rugshop.eu/wp-content/uploads/2021/09/river-rug-110-grey-black-4.jpg, https://rugshop.eu/wp-content/uploads/2021/09/river-rug-110-grey-black-5.jpg, https://rugshop.eu/wp-content/uploads/2021/09/river-rug-110-grey-black-6.jpg, https://rugshop.eu/wp-content/uploads/2021/09/river-rug-110-grey-black-7.jpg, https://rugshop.eu/wp-content/uploads/2021/09/river-rug-110-grey-black-8.jpg, https://rugshop.eu/wp-content/uploads/2021/09/river-rug-110-grey-black-9.jpg, https://rugshop.eu/wp-content/uploads/2021/09/river-rug-110-grey-black-10.jpg, https://rugshop.eu/wp-content/uploads/2021/09/river-rug-110-grey-black-11.jpg, https://rugshop.eu/wp-content/uploads/2021/09/river-rug-110-grey-black-12.jpg, https://rugshop.eu/wp-content/uploads/2021/09/river-rug-110-grey-black-13.jpg, https://rugshop.eu/wp-content/uploads/2021/09/river-rug-110-grey-black-14.jpg, https://rugshop.eu/wp-content/uploads/2021/09/river-rug-110-grey-black-15.jpg",,,,,,,,,4937,,,Size,"120x170, 155x230, 200x280, 80x150",1,1,Brand,D-sign,1,1,Color,Black-Grey,1,1,Type of color,Multicolor,1,1,Shape,Rectangular,1,1,Material,Cotton,1,1,Type of rug,"Modern, Vintage / Colored Vintage",1,1,Weave,Handmade,1,1,Country,India,1,1,Age,New,1,1,,,,,,,,,,,,,1786452766,yes,yes,,,,,,,,,,,,,,,,,,,,,,,,,,,,,
19744,variable,46183497,,River Rug 120 Grey/Black,1,0,hidden,River Rug 120 Grey/Black ,River Rug 120 Grey/Black ,,,taxable,,0,,,0,0,,,,,1,,,,"Rooms > Bedroom, Rooms > Entrance & Corridor, Rooms > Living room, Rugs > Modern, Rugs, Rugs > Vintage",,,"https://rugshop.eu/wp-content/uploads/2021/09/river-rug-120-grey-black.jpg, https://rugshop.eu/wp-content/uploads/2021/09/river-rug-120-grey-black-1.jpg, https://rugshop.eu/wp-content/uploads/2021/09/river-rug-120-grey-black-2.jpg, https://rugshop.eu/wp-content/uploads/2021/09/river-rug-120-grey-black-3.jpg, https://rugshop.eu/wp-content/uploads/2021/09/river-rug-120-grey-black-4.jpg, https://rugshop.eu/wp-content/uploads/2021/09/river-rug-120-grey-black-5.jpg, https://rugshop.eu/wp-content/uploads/2021/09/river-rug-120-grey-black-6.jpg, https://rugshop.eu/wp-content/uploads/2021/09/river-rug-120-grey-black-7.jpg, https://rugshop.eu/wp-content/uploads/2021/09/river-rug-120-grey-black-8.jpg, https://rugshop.eu/wp-content/uploads/2021/09/river-rug-120-grey-black-9.jpg, https://rugshop.eu/wp-content/uploads/2021/09/river-rug-120-grey-black-10.jpg, https://rugshop.eu/wp-content/uploads/2021/09/river-rug-120-grey-black-11.jpg, https://rugshop.eu/wp-content/uploads/2021/09/river-rug-120-grey-black-12.jpg, https://rugshop.eu/wp-content/uploads/2021/09/river-rug-120-grey-black-13.jpg, https://rugshop.eu/wp-content/uploads/2021/09/river-rug-120-grey-black-14.jpg, https://rugshop.eu/wp-content/uploads/2021/09/river-rug-120-grey-black-15.jpg",,,,,,,,,4938,,,Size,"120x170, 155x230, 200x280, 80x150",1,1,Brand,D-sign,1,1,Color,Black-Grey,1,1,Type of color,Multicolor,1,1,Shape,Rectangular,1,1,Material,Cotton,1,1,Type of rug,"Modern, Vintage / Colored Vintage",1,1,Weave,Handmade,1,1,Country,India,1,1,Age,New,1,1,,,,,,,,,,,,,1786452767,yes,yes,,,,,,,,,,,,,,,,,,,,,,,,,,,,,
19745,variation,48828563,,Phoenix Rug 310 Grey/Anthracite - 80x150,1,0,hidden,,Phoenix Rug 310 Grey/Anthracite 80x150,,,taxable,parent,0,0,,0,0,,80,150,0.6,0,,,1116,,,,,,,46183492,,,,,,1,,,Size,80x150,,1,,,,,,,,,,,,,,,,,,,,,,,,,,,,,,,,,,,,,80x150,,,,,,,,,,,,,,,,,,,,,,,,QUPYS-80-150,,,,,,,,,,,,,,,,,,,
19746,variation,48828566,,Phoenix Rug 310 Grey/Anthracite - 120x170,1,0,hidden,,Phoenix Rug 310 Grey/Anthracite 120x170,,,taxable,parent,0,0,,0,0,,120,170,0.6,0,,,1436,,,,,,,46183492,,,,,,2,,,Size,120x170,,1,,,,,,,,,,,,,,,,,,,,,,,,,,,,,,,,,,,,,120x170,,,,,,,,,,,,1786452738,,,,,,,,,,,,QUPYS-120-170,,,,,,,,,,,,,,,,,,,
19747,variation,48828565,,Phoenix Rug 310 Grey/Anthracite - 160x230,1,0,hidden,,Phoenix Rug 310 Grey/Anthracite 160x230,,,taxable,parent,0,0,,0,0,,160,230,0.6,0,,,2156,,,,,,,46183492,,,,,,3,,,Size,160x230,,1,,,,,,,,,,,,,,,,,,,,,,,,,,,,,,,,,,,,,160x230,,,,,,,,,,,,1786452738,,,,,,,,,,,,QUPYS-160-230,,,,,,,,,,,,,,,,,,,
19748,variation,48828564,,Phoenix Rug 310 Grey/Anthracite - 200x290,1,0,hidden,,Phoenix Rug 310 Grey/Anthracite 200x290,,,taxable,parent,0,0,,0,0,,200,290,0.6,0,,,3116,,,,,,,46183492,,,,,,4,,,Size,200x290,,1,,,,,,,,,,,,,,,,,,,,,,,,,,,,,,,,,,,,,200x290,,,,,,,,,,,,1786452737,,,,,,,,,,,,QUPYS-200-290,,,,,,,,,,,,,,,,,,,
19766,variable,46183498,,Prime Rug 110 Silver,1,0,hidden,Prime Rug 110 Silver ,Prime Rug 110 Silver ,,,taxable,,0,,,0,0,,,,,1,,,,"Rooms > Bedroom, Rooms > Entrance & Corridor, Rooms > Living room, Rugs > Modern, Rugs",,,"https://rugshop.eu/wp-content/uploads/2021/09/prime-rug-110-silver.jpg, https://rugshop.eu/wp-content/uploads/2021/09/prime-rug-110-silver-1.jpg, https://rugshop.eu/wp-content/uploads/2021/09/prime-rug-110-silver-2.jpg, https://rugshop.eu/wp-content/uploads/2021/09/prime-rug-110-silver-3.jpg, https://rugshop.eu/wp-content/uploads/2021/09/prime-rug-110-silver-4.jpg, https://rugshop.eu/wp-content/uploads/2021/09/prime-rug-110-silver-5.jpg, https://rugshop.eu/wp-content/uploads/2021/09/prime-rug-110-silver-6.jpg, https://rugshop.eu/wp-content/uploads/2021/09/prime-rug-110-silver-7.jpg, https://rugshop.eu/wp-content/uploads/2021/09/prime-rug-110-silver-8.jpg, https://rugshop.eu/wp-content/uploads/2021/09/prime-rug-110-silver-9.jpg, https://rugshop.eu/wp-content/uploads/2021/09/prime-rug-110-silver-10.jpg, https://rugshop.eu/wp-content/uploads/2021/09/prime-rug-110-silver-11.jpg, https://rugshop.eu/wp-content/uploads/2021/09/prime-rug-110-silver-12.jpg, https://rugshop.eu/wp-content/uploads/2021/09/prime-rug-110-silver-13.jpg, https://rugshop.eu/wp-content/uploads/2021/09/prime-rug-110-silver-14.jpg, https://rugshop.eu/wp-content/uploads/2021/09/prime-rug-110-silver-15.jpg",,,,,,,,,4919,,,Size,"120x170, 160x230, 200x290, 80x150",1,1,Brand,D-sign,1,1,Color,Black-Grey,1,1,Type of color,Multicolor,1,1,Shape,Rectangular,1,1,Material,Viscose,1,1,Type of rug,Modern,1,1,Weave,Handmade,1,1,Country,India,1,1,Age,New,1,1,,,,,,,,,,,,,1786452769,yes,yes,,,,,,,,,,,,,,,,,,,,,,,,,,,,,
19767,variation,48828571,,Prime Rug 110 Anthracite - 80x150,1,0,hidden,,Prime Rug 110 Anthracite 80x150,,,taxable,parent,0,0,,0,0,,80,150,1.2,0,,,1996,,,,,,,46183493,,,,,,1,,,Size,80x150,,1,,,,,,,,,,,,,,,,,,,,,,,,,,,,,,,,,,,,,80x150,,,,,,,,,,,,1786452739,,,,,,,,,,,,6UBPF-80-150,,,,,,,,,,,,,,,,,,,
19768,variation,48828570,,Prime Rug 110 Anthracite - 120x170,1,0,hidden,,Prime Rug 110 Anthracite 120x170,,,taxable,parent,0,0,,0,0,,120,170,1.2,0,,,2956,,,,,,,46183493,,,,,,2,,,Size,120x170,,1,,,,,,,,,,,,,,,,,,,,,,,,,,,,,,,,,,,,,120x170,,,,,,,,,,,,1786452738,,,,,,,,,,,,6UBPF-120-170,,,,,,,,,,,,,,,,,,,
19769,variation,48828572,,Prime Rug 110 Anthracite - 160x230,1,0,hidden,,Prime Rug 110 Anthracite 160x230,,,taxable,parent,0,0,,0,0,,160,230,1.2,0,,,4956,,,,,,,46183493,,,,,,3,,,Size,160x230,,1,,,,,,,,,,,,,,,,,,,,,,,,,,,,,,,,,,,,,160x230,,,,,,,,,,,,1786452739,,,,,,,,,,,,6UBPF-160-230,,,,,,,,,,,,,,,,,,,
19770,variation,48828569,,Prime Rug 110 Anthracite - 200x290,1,0,hidden,,Prime Rug 110 Anthracite 200x290,,,taxable,parent,0,0,,0,0,,200,290,1.2,0,,,7436,,,,,,,46183493,,,,,,4,,,Size,200x290,,1,,,,,,,,,,,,,,,,,,,,,,,,,,,,,,,,,,,,,200x290,,,,,,,,,,,,,,,,,,,,,,,,6UBPF-200-290,,,,,,,,,,,,,,,,,,,
19788,variable,46183499,,Phoenix Rug 112 Nature/Grey,1,0,hidden,Phoenix Rug 112 Nature/Grey ,Phoenix Rug 112 Nature/Grey ,,,taxable,,0,,,0,0,,,,,1,,,,"Rooms > Bedroom, Rooms > Entrance & Corridor, Rooms > Kitchen, Rooms > Living room, Rugs > Modern, Rugs",,,"https://rugshop.eu/wp-content/uploads/2021/09/phoenix-rug-112-nature-grey.jpg, https://rugshop.eu/wp-content/uploads/2021/09/phoenix-rug-112-nature-grey-1.jpg, https://rugshop.eu/wp-content/uploads/2021/09/phoenix-rug-112-nature-grey-2.jpg, https://rugshop.eu/wp-content/uploads/2021/09/phoenix-rug-112-nature-grey-3.jpg, https://rugshop.eu/wp-content/uploads/2021/09/phoenix-rug-112-nature-grey-4.jpg, https://rugshop.eu/wp-content/uploads/2021/09/phoenix-rug-112-nature-grey-5.jpg, https://rugshop.eu/wp-content/uploads/2021/09/phoenix-rug-112-nature-grey-6.jpg, https://rugshop.eu/wp-content/uploads/2021/09/phoenix-rug-112-nature-grey-7.jpg, https://rugshop.eu/wp-content/uploads/2021/09/phoenix-rug-112-nature-grey-8.jpg, https://rugshop.eu/wp-content/uploads/2021/09/phoenix-rug-112-nature-grey-9.jpg, https://rugshop.eu/wp-content/uploads/2021/09/phoenix-rug-112-nature-grey-10.jpg, https://rugshop.eu/wp-content/uploads/2021/09/phoenix-rug-112-nature-grey-11.jpg, https://rugshop.eu/wp-content/uploads/2021/09/phoenix-rug-112-nature-grey-12.jpg, https://rugshop.eu/wp-content/uploads/2021/09/phoenix-rug-112-nature-grey-13.jpg, https://rugshop.eu/wp-content/uploads/2021/09/phoenix-rug-112-nature-grey-14.jpg, https://rugshop.eu/wp-content/uploads/2021/09/phoenix-rug-112-nature-grey-15.jpg",,,,,,,,,4789,,,Size,"120x170, 160x230, 200x290, 80x150",1,1,Brand,D-sign,1,1,Color,Black-Grey,1,1,Type of color,Multicolor,1,1,Shape,Rectangular,1,1,Material,Wool,1,1,Type of rug,Modern,1,1,Weave,Machinemade,1,1,Country,India,1,1,Age,New,1,1,,,,,,,,,,,,,1786452770,yes,yes,,,,,,,,,,,,,,,,,,,,,,,,,,,,,
19789,variation,48828578,,Prime Rug 110 Beige - 80x150,1,0,hidden,,Prime Rug 110 Beige 80x150,,,taxable,parent,0,0,,0,0,,80,150,1.2,0,,,1996,,,,,,,46183494,,,,,,1,,,Size,80x150,,1,,,,,,,,,,,,,,,,,,,,,,,,,,,,,,,,,,,,,80x150,,,,,,,,,,,,1786452741,,,,,,,,,,,,WH1ZG-80-150,,,,,,,,,,,,,,,,,,,
19790,variation,48828575,,Prime Rug 110 Beige - 120x170,1,0,hidden,,Prime Rug 110 Beige 120x170,,,taxable,parent,0,0,,0,0,,120,170,1.2,0,,,2956,,,,,,,46183494,,,,,,2,,,Size,120x170,,1,,,,,,,,,,,,,,,,,,,,,,,,,,,,,,,,,,,,,120x170,,,,,,,,,,,,1786452740,,,,,,,,,,,,WH1ZG-120-170,,,,,,,,,,,,,,,,,,,
19791,variation,48828577,,Prime Rug 110 Beige - 160x230,1,0,hidden,,Prime Rug 110 Beige 160x230,,,taxable,parent,0,0,,0,0,,160,230,1.2,0,,,4956,,,,,,,46183494,,,,,,3,,,Size,160x230,,1,,,,,,,,,,,,,,,,,,,,,,,,,,,,,,,,,,,,,160x230,,,,,,,,,,,,1786452740,,,,,,,,,,,,WH1ZG-160-230,,,,,,,,,,,,,,,,,,,
19792,variation,48828576,,Prime Rug 110 Beige - 200x290,1,0,hidden,,Prime Rug 110 Beige 200x290,,,taxable,parent,0,0,,0,0,,200,290,1.2,0,,,7436,,,,,,,46183494,,,,,,4,,,Size,200x290,,1,,,,,,,,,,,,,,,,,,,,,,,,,,,,,,,,,,,,,200x290,,,,,,,,,,,,,,,,,,,,,,,,WH1ZG-200-290,,,,,,,,,,,,,,,,,,,
19810,variable,46183500,,River Rug 130 Grey/Anthracite,1,0,hidden,River Rug 130 Grey/Anthracite,River Rug 130 Grey/Anthracite,,,taxable,,0,,,0,0,,,,,0,,,,"Rooms > Bedroom, Rooms > Entrance & Corridor, Rooms > Living room, Rugs, Rugs > Traditional, Rugs > Vintage",,,"https://rugshop.eu/wp-content/uploads/2021/09/river-rug-130-grey-anthracite.jpg, https://rugshop.eu/wp-content/uploads/2021/09/river-rug-130-grey-anthracite-1.jpg, https://rugshop.eu/wp-content/uploads/2021/09/river-rug-130-grey-anthracite-2.jpg, https://rugshop.eu/wp-content/uploads/2021/09/river-rug-130-grey-anthracite-3.jpg, https://rugshop.eu/wp-content/uploads/2021/09/river-rug-130-grey-anthracite-4.jpg",,,,,,,,,4939,,,Size,"120x170, 155x230, 200x280, 80x150",1,1,Brand,D-sign,1,1,Color,Black-Grey,1,1,Type of color,Multicolor,1,1,Shape,Rectangular,1,1,Material,Cotton,1,1,Type of rug,"Traditional, Vintage / Colored Vintage",1,1,Weave,Handmade,1,1,Country,India,1,1,Age,New,1,1,,,,,default,default,default,default,,,,,1786452774,yes,yes,,,,,,,,,,,,,,,,,,,,,,,,,,,,,
19811,variation,48828582,,Prime Rug 110 White/Grey - 80x150,1,0,hidden,,Prime Rug 110 White/Grey 80x150,,,taxable,parent,0,0,,0,0,,80,150,1.2,0,,,1996,,,,,,,46183495,,,,,,1,,,Size,80x150,,1,,,,,,,,,,,,,,,,,,,,,,,,,,,,,,,,,,,,,80x150,,,,,,,,,,,,1786452742,,,,,,,,,,,,ORWDQ-80-150,,,,,,,,,,,,,,,,,,,
19812,variation,48828583,,Prime Rug 110 White/Grey - 120x170,1,0,hidden,,Prime Rug 110 White/Grey 120x170,,,taxable,parent,0,0,,0,0,,120,170,1.2,0,,,2956,,,,,,,46183495,,,,,,2,,,Size,120x170,,1,,,,,,,,,,,,,,,,,,,,,,,,,,,,,,,,,,,,,120x170,,,,,,,,,,,,1786452743,,,,,,,,,,,,ORWDQ-120-170,,,,,,,,,,,,,,,,,,,
19813,variation,48828581,,Prime Rug 110 White/Grey - 160x230,1,0,hidden,,Prime Rug 110 White/Grey 160x230,,,taxable,parent,0,0,,0,0,,160,230,1.2,0,,,4956,,,,,,,46183495,,,,,,3,,,Size,160x230,,1,,,,,,,,,,,,,,,,,,,,,,,,,,,,,,,,,,,,,160x230,,,,,,,,,,,,1786452741,,,,,,,,,,,,ORWDQ-160-230,,,,,,,,,,,,,,,,,,,
19814,variation,48828584,,Prime Rug 110 White/Grey - 200x290,1,0,hidden,,Prime Rug 110 White/Grey 200x290,,,taxable,parent,0,0,,0,0,,200,290,1.2,0,,,7436,,,,,,,46183495,,,,,,4,,,Size,200x290,,1,,,,,,,,,,,,,,,,,,,,,,,,,,,,,,,,,,,,,200x290,,,,,,,,,,,,1786452743,,,,,,,,,,,,ORWDQ-200-290,,,,,,,,,,,,,,,,,,,
19832,variable,46183501,,River Rug 140 Grey,1,0,hidden,River Rug 140 Grey,River Rug 140 Grey,,,taxable,,0,,,0,0,,,,,0,,,,"Rooms > Bedroom, Rooms > Entrance & Corridor, Rooms > Living room, Rugs, Rugs > Traditional, Rugs > Vintage",,,"https://rugshop.eu/wp-content/uploads/2021/09/river-rug-140-grey.jpg, https://rugshop.eu/wp-content/uploads/2021/09/river-rug-140-grey-1.jpg, https://rugshop.eu/wp-content/uploads/2021/09/river-rug-140-grey-2.jpg, https://rugshop.eu/wp-content/uploads/2021/09/river-rug-140-grey-3.jpg, https://rugshop.eu/wp-content/uploads/2021/09/river-rug-140-grey-4.jpg",,,,,,,,,4940,,,Size,"120x170, 155x230, 200x280, 80x150",1,1,Brand,D-sign,1,1,Color,Blue,1,1,Type of color,Multicolor,1,1,Shape,Rectangular,1,1,Material,Cotton,1,1,Type of rug,"Traditional, Vintage / Colored Vintage",1,1,Weave,Handmade,1,1,Country,India,1,1,Age,New,1,1,,,,,default,default,default,default,,,,,1786452778,yes,yes,,,,,,,,,,,,,,,,,,,,,,,,,,,,,
19833,variation,48828586,,River Rug 110 Grey/Black - 80x150,1,0,hidden,,River Rug 110 Grey/Black 80x150,,,taxable,parent,0,0,,0,0,,80,150,1,0,,,1116,,,,,,,46183496,,,,,,1,,,Size,80x150,,1,,,,,,,,,,,,,,,,,,,,,,,,,,,,,,,,,,,,,80x150,,,,,,,,,,,,1786452743,,,,,,,,,,,,R3CWT-80-150,,,,,,,,,,,,,,,,,,,
19834,variation,48828587,,River Rug 110 Grey/Black - 120x170,1,0,hidden,,River Rug 110 Grey/Black 120x170,,,taxable,parent,0,0,,0,0,,120,170,1,0,,,1516,,,,,,,46183496,,,,,,2,,,Size,120x170,,1,,,,,,,,,,,,,,,,,,,,,,,,,,,,,,,,,,,,,120x170,,,,,,,,,,,,1786452744,,,,,,,,,,,,R3CWT-120-170,,,,,,,,,,,,,,,,,,,
19835,variation,48828588,,River Rug 110 Grey/Black - 155x230,1,0,hidden,,River Rug 110 Grey/Black 155x230,,,taxable,parent,0,0,,0,0,,155,230,1,0,,,2316,,,,,,,46183496,,,,,,3,,,Size,155x230,,1,,,,,,,,,,,,,,,,,,,,,,,,,,,,,,,,,,,,,155x230,,,,,,,,,,,,,,,,,,,,,,,,R3CWT-155-230,,,,,,,,,,,,,,,,,,,
19836,variation,48828589,,River Rug 110 Grey/Black - 200x280,1,0,hidden,,River Rug 110 Grey/Black 200x280,,,taxable,parent,0,0,,0,0,,200,280,1,0,,,3356,,,,,,,46183496,,,,,,4,,,Size,200x280,,1,,,,,,,,,,,,,,,,,,,,,,,,,,,,,,,,,,,,,200x280,,,,,,,,,,,,,,,,,,,,,,,,R3CWT-200-280,,,,,,,,,,,,,,,,,,,
19854,variable,46183502,,River Rug 150 Grey/Black,1,0,hidden,River Rug 150 Grey/Black ,River Rug 150 Grey/Black ,,,taxable,,0,,,0,0,,,,,1,,,,"Rooms > Bedroom, Rooms > Entrance & Corridor, Rooms > Living room, Rugs > Modern, Rugs, Rugs > Vintage",,,"https://rugshop.eu/wp-content/uploads/2021/09/river-rug-150-grey-black.jpg, https://rugshop.eu/wp-content/uploads/2021/09/river-rug-150-grey-black-1.jpg, https://rugshop.eu/wp-content/uploads/2021/09/river-rug-150-grey-black-2.jpg, https://rugshop.eu/wp-content/uploads/2021/09/river-rug-150-grey-black-3.jpg, https://rugshop.eu/wp-content/uploads/2021/09/river-rug-150-grey-black-4.jpg, https://rugshop.eu/wp-content/uploads/2021/09/river-rug-150-grey-black-5.jpg, https://rugshop.eu/wp-content/uploads/2021/09/river-rug-150-grey-black-6.jpg, https://rugshop.eu/wp-content/uploads/2021/09/river-rug-150-grey-black-7.jpg, https://rugshop.eu/wp-content/uploads/2021/09/river-rug-150-grey-black-8.jpg, https://rugshop.eu/wp-content/uploads/2021/09/river-rug-150-grey-black-9.jpg, https://rugshop.eu/wp-content/uploads/2021/09/river-rug-150-grey-black-10.jpg, https://rugshop.eu/wp-content/uploads/2021/09/river-rug-150-grey-black-11.jpg, https://rugshop.eu/wp-content/uploads/2021/09/river-rug-150-grey-black-12.jpg, https://rugshop.eu/wp-content/uploads/2021/09/river-rug-150-grey-black-13.jpg, https://rugshop.eu/wp-content/uploads/2021/09/river-rug-150-grey-black-14.jpg, https://rugshop.eu/wp-content/uploads/2021/09/river-rug-150-grey-black-15.jpg",,,,,,,,,4941,,,Size,"120x170, 155x230, 200x280, 80x150",1,1,Brand,D-sign,1,1,Color,Black-Grey,1,1,Type of color,Multicolor,1,1,Shape,Rectangular,1,1,Material,Cotton,1,1,Type of rug,"Modern, Vintage / Colored Vintage",1,1,Weave,Handmade,1,1,Country,India,1,1,Age,New,1,1,,,,,,,,,,,,,1786452796,yes,yes,,,,,,,,,,,,,,,,,,,,,,,,,,,,,
19855,variation,48828592,,River Rug 120 Grey/Black - 80x150,1,0,hidden,,River Rug 120 Grey/Black 80x150,,,taxable,parent,0,0,,0,0,,80,150,1,0,,,1116,,,,,,,46183497,,,,,,1,,,Size,80x150,,1,,,,,,,,,,,,,,,,,,,,,,,,,,,,,,,,,,,,,80x150,,,,,,,,,,,,1786452745,,,,,,,,,,,,6CY1L-80-150,,,,,,,,,,,,,,,,,,,
19856,variation,48828594,,River Rug 120 Grey/Black - 120x170,1,0,hidden,,River Rug 120 Grey/Black 120x170,,,taxable,parent,0,0,,0,0,,120,170,1,0,,,1516,,,,,,,46183497,,,,,,2,,,Size,120x170,,1,,,,,,,,,,,,,,,,,,,,,,,,,,,,,,,,,,,,,120x170,,,,,,,,,,,,1786452745,,,,,,,,,,,,6CY1L-120-170,,,,,,,,,,,,,,,,,,,
19857,variation,48828591,,River Rug 120 Grey/Black - 155x230,1,0,hidden,,River Rug 120 Grey/Black 155x230,,,taxable,parent,0,0,,0,0,,155,230,1,0,,,2316,,,,,,,46183497,,,,,,3,,,Size,155x230,,1,,,,,,,,,,,,,,,,,,,,,,,,,,,,,,,,,,,,,155x230,,,,,,,,,,,,1786452745,,,,,,,,,,,,6CY1L-155-230,,,,,,,,,,,,,,,,,,,
19858,variation,48828593,,River Rug 120 Grey/Black - 200x280,1,0,hidden,,River Rug 120 Grey/Black 200x280,,,taxable,parent,0,0,,0,0,,200,280,1,0,,,3356,,,,,,,46183497,,,,,,4,,,Size,200x280,,1,,,,,,,,,,,,,,,,,,,,,,,,,,,,,,,,,,,,,200x280,,,,,,,,,,,,,,,,,,,,,,,,6CY1L-200-280,,,,,,,,,,,,,,,,,,,
19877,variation,48828601,,Prime Rug 110 Silver - 80x150,1,0,hidden,,Prime Rug 110 Silver 80x150,,,taxable,parent,0,0,,0,0,,80,150,1.2,0,,,1996,,,,,,,46183498,,,,,,1,,,Size,80x150,,1,,,,,,,,,,,,,,,,,,,,,,,,,,,,,,,,,,,,,80x150,,,,,,,,,,,,1786452746,,,,,,,,,,,,BUR1S-80-150,,,,,,,,,,,,,,,,,,,
19878,variation,48828604,,Prime Rug 110 Silver - 120x170,1,0,hidden,,Prime Rug 110 Silver 120x170,,,taxable,parent,0,0,,0,0,,120,170,1.2,0,,,2956,,,,,,,46183498,,,,,,2,,,Size,120x170,,1,,,,,,,,,,,,,,,,,,,,,,,,,,,,,,,,,,,,,120x170,,,,,,,,,,,,1786452746,,,,,,,,,,,,BUR1S-120-170,,,,,,,,,,,,,,,,,,,
19879,variation,48828603,,Prime Rug 110 Silver - 160x230,1,0,hidden,,Prime Rug 110 Silver 160x230,,,taxable,parent,0,0,,0,0,,160,230,1.2,0,,,4956,,,,,,,46183498,,,,,,3,,,Size,160x230,,1,,,,,,,,,,,,,,,,,,,,,,,,,,,,,,,,,,,,,160x230,,,,,,,,,,,,,,,,,,,,,,,,BUR1S-160-230,,,,,,,,,,,,,,,,,,,
19880,variation,48828602,,Prime Rug 110 Silver - 200x290,1,0,hidden,,Prime Rug 110 Silver 200x290,,,taxable,parent,0,0,,0,0,,200,290,1.2,0,,,7436,,,,,,,46183498,,,,,,4,,,Size,200x290,,1,,,,,,,,,,,,,,,,,,,,,,,,,,,,,,,,,,,,,200x290,,,,,,,,,,,,1786452746,,,,,,,,,,,,BUR1S-200-290,,,,,,,,,,,,,,,,,,,
19898,variable,46183504,,Rocket Rug 110 Grey/Silver,1,0,hidden,Rocket Rug 110 Grey/Silver,Rocket Rug 110 Grey/Silver,,,taxable,,0,,,0,0,,,,,0,,,,"Rooms > Bedroom, Rooms > Entrance & Corridor, Rugs > Leather & hides, Rooms > Living room, Rugs > Modern, Rugs",,,"https://rugshop.eu/wp-content/uploads/2021/09/rocket-rug-110-grey-silver.jpg, https://rugshop.eu/wp-content/uploads/2021/09/rocket-rug-110-grey-silver-1.jpg, https://rugshop.eu/wp-content/uploads/2021/09/rocket-rug-110-grey-silver-2.jpg, https://rugshop.eu/wp-content/uploads/2021/09/rocket-rug-110-grey-silver-3.jpg, https://rugshop.eu/wp-content/uploads/2021/09/rocket-rug-110-grey-silver-4.jpg",,,,,,,,,4942,,,Size,"120x170, 160x230, 200x290, 80x150",1,1,Brand,D-sign,1,1,Color,Black-Grey,1,1,Type of color,Multicolor,1,1,Shape,Rectangular,1,1,Material,Leather,1,1,Type of rug,"Leather / Hide rug, Modern",1,1,Weave,Handmade,1,1,Country,India,1,1,Age,New,1,1,,,,,default,default,default,default,,,90,1,1786452798,yes,yes,,,,,,,,,,,,,,,,,,,,,,,,,,,,,
19899,variation,48828607,,Phoenix Rug 112 Nature/Grey - 80x150,1,0,hidden,,Phoenix Rug 112 Nature/Grey 80x150,,,taxable,parent,0,0,,0,0,,80,150,0.6,0,,,1116,,,,,,,46183499,,,,,,1,,,Size,80x150,,1,,,,,,,,,,,,,,,,,,,,,,,,,,,,,,,,,,,,,80x150,,,,,,,,,,,,1786452747,,,,,,,,,,,,HYHIK-80-150,,,,,,,,,,,,,,,,,,,
19900,variation,48828605,,Phoenix Rug 112 Nature/Grey - 120x170,1,0,hidden,,Phoenix Rug 112 Nature/Grey 120x170,,,taxable,parent,0,0,,0,0,,120,170,0.6,0,,,1436,,,,,,,46183499,,,,,,2,,,Size,120x170,,1,,,,,,,,,,,,,,,,,,,,,,,,,,,,,,,,,,,,,120x170,,,,,,,,,,,,1786452747,,,,,,,,,,,,HYHIK-120-170,,,,,,,,,,,,,,,,,,,
19901,variation,48828608,,Phoenix Rug 112 Nature/Grey - 160x230,1,0,hidden,,Phoenix Rug 112 Nature/Grey 160x230,,,taxable,parent,0,0,,0,0,,160,230,0.6,0,,,2156,,,,,,,46183499,,,,,,3,,,Size,160x230,,1,,,,,,,,,,,,,,,,,,,,,,,,,,,,,,,,,,,,,160x230,,,,,,,,,,,,1786452748,,,,,,,,,,,,HYHIK-160-230,,,,,,,,,,,,,,,,,,,
19902,variation,48828606,,Phoenix Rug 112 Nature/Grey - 200x290,1,0,hidden,,Phoenix Rug 112 Nature/Grey 200x290,,,taxable,parent,0,0,,0,0,,200,290,0.6,0,,,3116,,,,,,,46183499,,,,,,4,,,Size,200x290,,1,,,,,,,,,,,,,,,,,,,,,,,,,,,,,,,,,,,,,200x290,,,,,,,,,,,,,,,,,,,,,,,,HYHIK-200-290,,,,,,,,,,,,,,,,,,,
19920,variable,46183505,,Rocket Rug 210 Silver/Grey,1,0,hidden,Rocket Rug 210 Silver/Grey,Rocket Rug 210 Silver/Grey,,,taxable,,0,,,0,0,,,,,0,,,,"Rooms > Bedroom, Rooms > Entrance & Corridor, Rugs > Leather & hides, Rooms > Living room, Rugs > Modern, Rugs",,,"https://rugshop.eu/wp-content/uploads/2021/09/rocket-rug-210-silver-grey.jpg, https://rugshop.eu/wp-content/uploads/2021/09/rocket-rug-210-silver-grey-1.jpg, https://rugshop.eu/wp-content/uploads/2021/09/rocket-rug-210-silver-grey-2.jpg, https://rugshop.eu/wp-content/uploads/2021/09/rocket-rug-210-silver-grey-3.jpg, https://rugshop.eu/wp-content/uploads/2021/09/rocket-rug-210-silver-grey-4.jpg",,,,,,,,,4944,,,Size,"120x170, 160x230, 200x290, 80x150",1,1,Brand,D-sign,1,1,Color,Black-Grey,1,1,Type of color,Multicolor,1,1,Shape,Rectangular,1,1,Material,Leather,1,1,Type of rug,"Leather / Hide rug, Modern",1,1,Weave,Handmade,1,1,Country,India,1,1,Age,New,1,1,,,,,default,default,default,default,,,90,1,1786452800,yes,yes,,,,,,,,,,,,,,,,,,,,,,,,,,,,,
19921,variation,48828614,,River Rug 130 Grey/Anthracite - 80x150,1,0,hidden,,River Rug 130 Grey/Anthracite 80x150,,,taxable,parent,0,0,,0,0,,80,150,1,0,,,1116,,,,,,,46183500,,,,,,1,,,Size,80x150,,1,,,,,,,,,,,,,,,,,,,,,,,,,,,,,,,,,,,,,80x150,,,,,,,,,,,,1786452752,,,,,,,,,,,,T3W7P-80-150,,,,,,,,,,,,,,,,,,,
19922,variation,48828612,,River Rug 130 Grey/Anthracite - 120x170,1,0,hidden,,River Rug 130 Grey/Anthracite 120x170,,,taxable,parent,0,0,,0,0,,120,170,1,0,,,1516,,,,,,,46183500,,,,,,2,,,Size,120x170,,1,,,,,,,,,,,,,,,,,,,,,,,,,,,,,,,,,,,,,120x170,,,,,,,,,,,,1786452751,,,,,,,,,,,,T3W7P-120-170,,,,,,,,,,,,,,,,,,,
19923,variation,48828613,,River Rug 130 Grey/Anthracite - 155x230,1,0,hidden,,River Rug 130 Grey/Anthracite 155x230,,,taxable,parent,0,0,,0,0,,155,230,1,0,,,2316,,,,,,,46183500,,,,,,3,,,Size,155x230,,1,,,,,,,,,,,,,,,,,,,,,,,,,,,,,,,,,,,,,155x230,,,,,,,,,,,,1786452752,,,,,,,,,,,,T3W7P-155-230,,,,,,,,,,,,,,,,,,,
19924,variation,48828615,,River Rug 130 Grey/Anthracite - 200x280,1,0,hidden,,River Rug 130 Grey/Anthracite 200x280,,,taxable,parent,0,0,,0,0,,200,280,1,0,,,3356,,,,,,,46183500,,,,,,4,,,Size,200x280,,1,,,,,,,,,,,,,,,,,,,,,,,,,,,,,,,,,,,,,200x280,,,,,,,,,,,,,,,,,,,,,,,,T3W7P-200-280,,,,,,,,,,,,,,,,,,,
19942,variable,46183506,,Rocket Rug 310 Ivory,1,0,hidden,Rocket Rug 310 Ivory,Rocket Rug 310 Ivory,,,taxable,,0,,,0,0,,,,,0,,,,"Rooms > Bedroom, Rooms > Entrance & Corridor, Rugs > Leather & hides, Rooms > Living room, Rugs > Modern, Rugs",,,"https://rugshop.eu/wp-content/uploads/2021/09/rocket-rug-310-ivory.jpg, https://rugshop.eu/wp-content/uploads/2021/09/rocket-rug-310-ivory-1.jpg, https://rugshop.eu/wp-content/uploads/2021/09/rocket-rug-310-ivory-2.jpg, https://rugshop.eu/wp-content/uploads/2021/09/rocket-rug-310-ivory-3.jpg, https://rugshop.eu/wp-content/uploads/2021/09/rocket-rug-310-ivory-4.jpg",,,,,,,,,4945,,,Size,"120x170, 160x230, 200x290, 80x150",1,1,Brand,D-sign,1,1,Color,White-Beige,1,1,Type of color,Multicolor,1,1,Shape,Rectangular,1,1,Material,Leather,1,1,Type of rug,"Leather / Hide rug, Modern",1,1,Weave,Handmade,1,1,Country,India,1,1,Age,New,1,1,,,,,default,default,default,default,,,90,1,1786452802,yes,yes,,,,,,,,,,,,,,,,,,,,,,,,,,,,,
19943,variation,48828619,,River Rug 140 Grey - 80x150,1,0,hidden,,River Rug 140 Grey 80x150,,,taxable,parent,0,0,,0,0,,80,150,1,0,,,1116,,,,,,,46183501,,,,,,1,,,Size,80x150,,1,,,,,,,,,,,,,,,,,,,,,,,,,,,,,,,,,,,,,80x150,,,,,,,,,,,,1786452753,,,,,,,,,,,,5CEFW-80-150,,,,,,,,,,,,,,,,,,,
19944,variation,48828617,,River Rug 140 Grey - 120x170,1,0,hidden,,River Rug 140 Grey 120x170,,,taxable,parent,0,0,,0,0,,120,170,1,0,,,1516,,,,,,,46183501,,,,,,2,,,Size,120x170,,1,,,,,,,,,,,,,,,,,,,,,,,,,,,,,,,,,,,,,120x170,,,,,,,,,,,,,,,,,,,,,,,,5CEFW-120-170,,,,,,,,,,,,,,,,,,,
19945,variation,48828620,,River Rug 140 Grey - 155x230,1,0,hidden,,River Rug 140 Grey 155x230,,,taxable,parent,0,0,,0,0,,155,230,1,0,,,2316,,,,,,,46183501,,,,,,3,,,Size,155x230,,1,,,,,,,,,,,,,,,,,,,,,,,,,,,,,,,,,,,,,155x230,,,,,,,,,,,,,,,,,,,,,,,,5CEFW-155-230,,,,,,,,,,,,,,,,,,,
19946,variation,48828618,,River Rug 140 Grey - 200x280,1,0,hidden,,River Rug 140 Grey 200x280,,,taxable,parent,0,0,,0,0,,200,280,1,0,,,3356,,,,,,,46183501,,,,,,4,,,Size,200x280,,1,,,,,,,,,,,,,,,,,,,,,,,,,,,,,,,,,,,,,200x280,,,,,,,,,,,,,,,,,,,,,,,,5CEFW-200-280,,,,,,,,,,,,,,,,,,,
19965,variation,48828622,,River Rug 150 Grey/Black - 80x150,1,0,hidden,,River Rug 150 Grey/Black 80x150,,,taxable,parent,0,0,,0,0,,80,150,1,0,,,1116,,,,,,,46183502,,,,,,1,,,Size,80x150,,1,,,,,,,,,,,,,,,,,,,,,,,,,,,,,,,,,,,,,80x150,,,,,,,,,,,,1786452753,,,,,,,,,,,,K92RW-80-150,,,,,,,,,,,,,,,,,,,
19966,variation,48828623,,River Rug 150 Grey/Black - 120x170,1,0,hidden,,River Rug 150 Grey/Black 120x170,,,taxable,parent,0,0,,0,0,,120,170,1,0,,,1516,,,,,,,46183502,,,,,,2,,,Size,120x170,,1,,,,,,,,,,,,,,,,,,,,,,,,,,,,,,,,,,,,,120x170,,,,,,,,,,,,1786452782,,,,,,,,,,,,K92RW-120-170,,,,,,,,,,,,,,,,,,,
19967,variation,48828621,,River Rug 150 Grey/Black - 155x230,1,0,hidden,,River Rug 150 Grey/Black 155x230,,,taxable,parent,0,0,,0,0,,155,230,1,0,,,2316,,,,,,,46183502,,,,,,3,,,Size,155x230,,1,,,,,,,,,,,,,,,,,,,,,,,,,,,,,,,,,,,,,155x230,,,,,,,,,,,,,,,,,,,,,,,,K92RW-155-230,,,,,,,,,,,,,,,,,,,
19968,variation,48828624,,River Rug 150 Grey/Black - 200x280,1,0,hidden,,River Rug 150 Grey/Black 200x280,,,taxable,parent,0,0,,0,0,,200,280,1,0,,,3356,,,,,,,46183502,,,,,,4,,,Size,200x280,,1,,,,,,,,,,,,,,,,,,,,,,,,,,,,,,,,,,,,,200x280,,,,,,,,,,,,,,,,,,,,,,,,K92RW-200-280,,,,,,,,,,,,,,,,,,,
20009,variation,48828635,,Rocket Rug 110 Grey/Silver - 80x150,1,0,hidden,,Rocket Rug 110 Grey/Silver 80x150,,,taxable,parent,0,0,,0,0,,80,150,0.8,0,,,2076,,,,,,,46183504,,,,,,1,,,Size,80x150,,1,,,,,,,,,,,,,,,,,,,,,,,,,,,,,,,,,,,,,80x150,,,,,,,,,,,,1786452783,,,,,,,,,,,,3FN3T-80-150,,,,,,,,,,,,,,,,,,,
20010,variation,48828636,,Rocket Rug 110 Grey/Silver - 120x170,1,0,hidden,,Rocket Rug 110 Grey/Silver 120x170,,,taxable,parent,0,0,,0,0,,120,170,0.8,0,,,3116,,,,,,,46183504,,,,,,2,,,Size,120x170,,1,,,,,,,,,,,,,,,,,,,,,,,,,,,,,,,,,,,,,120x170,,,,,,,,,,,,,,,,,,,,,,,,3FN3T-120-170,,,,,,,,,,,,,,,,,,,
20011,variation,48828637,,Rocket Rug 110 Grey/Silver - 160x230,1,0,hidden,,Rocket Rug 110 Grey/Silver 160x230,,,taxable,parent,0,0,,0,0,,160,230,0.8,0,,,5196,,,,,,,46183504,,,,,,3,,,Size,160x230,,1,,,,,,,,,,,,,,,,,,,,,,,,,,,,,,,,,,,,,160x230,,,,,,,,,,,,,,,,,,,,,,,,3FN3T-160-230,,,,,,,,,,,,,,,,,,,
20012,variation,48828638,,Rocket Rug 110 Grey/Silver - 200x290,1,0,hidden,,Rocket Rug 110 Grey/Silver 200x290,,,taxable,parent,0,0,,0,0,,200,290,0.8,0,,,7836,,,,,,,46183504,,,,,,4,,,Size,200x290,,1,,,,,,,,,,,,,,,,,,,,,,,,,,,,,,,,,,,,,200x290,,,,,,,,,,,,,,,,,,,,,,,,3FN3T-200-290,,,,,,,,,,,,,,,,,,,
20031,variation,48828674,,Rocket Rug 210 Silver/Grey - 80x150,1,0,hidden,,Rocket Rug 210 Silver/Grey 80x150,,,taxable,parent,0,0,,0,0,,80,150,0.8,0,,,2556,,,,,,,46183505,,,,,,1,,,Size,80x150,,1,,,,,,,,,,,,,,,,,,,,,,,,,,,,,,,,,,,,,80x150,,,,,,,,,,,,1786452783,,,,,,,,,,,,CZXI8-80-150,,,,,,,,,,,,,,,,,,,
20032,variation,48828676,,Rocket Rug 210 Silver/Grey - 120x170,1,0,hidden,,Rocket Rug 210 Silver/Grey 120x170,,,taxable,parent,0,0,,0,0,,120,170,0.8,0,,,3916,,,,,,,46183505,,,,,,2,,,Size,120x170,,1,,,,,,,,,,,,,,,,,,,,,,,,,,,,,,,,,,,,,120x170,,,,,,,,,,,,,,,,,,,,,,,,CZXI8-120-170,,,,,,,,,,,,,,,,,,,
20033,variation,48828677,,Rocket Rug 210 Silver/Grey - 160x230,1,0,hidden,,Rocket Rug 210 Silver/Grey 160x230,,,taxable,parent,0,0,,0,0,,160,230,0.8,0,,,6716,,,,,,,46183505,,,,,,3,,,Size,160x230,,1,,,,,,,,,,,,,,,,,,,,,,,,,,,,,,,,,,,,,160x230,,,,,,,,,,,,1786452784,,,,,,,,,,,,CZXI8-160-230,,,,,,,,,,,,,,,,,,,
20034,variation,48828675,,Rocket Rug 210 Silver/Grey - 200x290,1,0,hidden,,Rocket Rug 210 Silver/Grey 200x290,,,taxable,parent,0,0,,0,0,,200,290,0.8,0,,,10236,,,,,,,46183505,,,,,,4,,,Size,200x290,,1,,,,,,,,,,,,,,,,,,,,,,,,,,,,,,,,,,,,,200x290,,,,,,,,,,,,1786452784,,,,,,,,,,,,CZXI8-200-290,,,,,,,,,,,,,,,,,,,
20053,variation,48828682,,Rocket Rug 310 Ivory - 80x150,1,0,hidden,,Rocket Rug 310 Ivory 80x150,,,taxable,parent,0,0,,0,0,,80,150,0.8,0,,,2556,,,,,,,46183506,,,,,,1,,,Size,80x150,,1,,,,,,,,,,,,,,,,,,,,,,,,,,,,,,,,,,,,,80x150,,,,,,,,,,,,1786452785,,,,,,,,,,,,RILTH-80-150,,,,,,,,,,,,,,,,,,,
20054,variation,48828683,,Rocket Rug 310 Ivory - 120x170,1,0,hidden,,Rocket Rug 310 Ivory 120x170,,,taxable,parent,0,0,,0,0,,120,170,0.8,0,,,3916,,,,,,,46183506,,,,,,2,,,Size,120x170,,1,,,,,,,,,,,,,,,,,,,,,,,,,,,,,,,,,,,,,120x170,,,,,,,,,,,,1786452786,,,,,,,,,,,,RILTH-120-170,,,,,,,,,,,,,,,,,,,
20055,variation,48828680,,Rocket Rug 310 Ivory - 160x230,1,0,hidden,,Rocket Rug 310 Ivory 160x230,,,taxable,parent,0,0,,0,0,,160,230,0.8,0,,,6716,,,,,,,46183506,,,,,,3,,,Size,160x230,,1,,,,,,,,,,,,,,,,,,,,,,,,,,,,,,,,,,,,,160x230,,,,,,,,,,,,1786452784,,,,,,,,,,,,RILTH-160-230,,,,,,,,,,,,,,,,,,,
20056,variation,48828681,,Rocket Rug 310 Ivory - 200x290,1,0,hidden,,Rocket Rug 310 Ivory 200x290,,,taxable,parent,0,0,,0,0,,200,290,0.8,0,,,10236,,,,,,,46183506,,,,,,4,,,Size,200x290,,1,,,,,,,,,,,,,,,,,,,,,,,,,,,,,,,,,,,,,200x290,,,,,,,,,,,,1786452785,,,,,,,,,,,,RILTH-200-290,,,,,,,,,,,,,,,,,,,
20118,variable,46183514,,Royal Rug 110 Silver,1,0,hidden,Royal Rug 110 Silver,Royal Rug 110 Silver,,,taxable,,0,,,0,0,,,,,0,,,,"Rooms > Bedroom, Rooms > Entrance & Corridor, Rooms > Living room, Rugs > Modern, Rugs, Rugs > Shaggy",,,"https://rugshop.eu/wp-content/uploads/2021/09/royal-rug-110-silver.jpg, https://rugshop.eu/wp-content/uploads/2021/09/royal-rug-110-silver-1.jpg, https://rugshop.eu/wp-content/uploads/2021/09/royal-rug-110-silver-2.jpg, https://rugshop.eu/wp-content/uploads/2021/09/royal-rug-110-silver-3.jpg, https://rugshop.eu/wp-content/uploads/2021/09/royal-rug-110-silver-4.jpg",,,,,,,,,4972,,,Size,"120x170, 160x230, 200x290, 80x150",1,1,Brand,D-sign,1,1,Color,Black-Grey,1,1,Type of color,Singlecolor,1,1,Shape,Rectangular,1,1,Material,Polyester,1,1,Type of rug,"Modern, Rya / Shaggy",1,1,Weave,Handmade,1,1,Country,China,1,1,Age,New,1,1,,,,,default,default,default,default,,,90,1,1786452805,yes,yes,,,,,,,,,,,,,,,,,,,,,,,,,,,,,
20162,variable,46183516,,Royal Rug 310 White,1,0,hidden,Royal Rug 310 White,Royal Rug 310 White,,,taxable,,0,,,0,0,,,,,0,,,,"Rooms > Bedroom, Rooms > Entrance & Corridor, Rooms > Living room, Rugs > Modern, Rugs, Rugs > Shaggy",,,"https://rugshop.eu/wp-content/uploads/2021/09/royal-rug-310-white.jpg, https://rugshop.eu/wp-content/uploads/2021/09/royal-rug-310-white-1.jpg, https://rugshop.eu/wp-content/uploads/2021/09/royal-rug-310-white-2.jpg, https://rugshop.eu/wp-content/uploads/2021/09/royal-rug-310-white-3.jpg, https://rugshop.eu/wp-content/uploads/2021/09/royal-rug-310-white-4.jpg",,,,,,,,,4974,,,Size,"120x170, 160x230, 80x150",1,1,Brand,D-sign,1,1,Color,White-Beige,1,1,Type of color,Singlecolor,1,1,Shape,Rectangular,1,1,Material,Polyester,1,1,Type of rug,"Modern, Rya / Shaggy",1,1,Weave,Handmade,1,1,Country,China,1,1,Age,New,1,1,,,,,default,default,default,default,,,90,1,1786452808,yes,yes,,,,,,,,,,,,,,,,,,,,,,,,,,,,,
20185,variable,46183518,,Royal Rug 510 Ivory,1,0,hidden,Royal Rug 510 Ivory,Royal Rug 510 Ivory,,,taxable,,0,,,0,0,,,,,0,,,,"Rooms > Bedroom, Rooms > Entrance & Corridor, Rooms > Living room, Rugs > Modern, Rugs, Rugs > Shaggy",,,"https://rugshop.eu/wp-content/uploads/2021/09/royal-rug-510-ivory.jpg, https://rugshop.eu/wp-content/uploads/2021/09/royal-rug-510-ivory-1.jpg, https://rugshop.eu/wp-content/uploads/2021/09/royal-rug-510-ivory-2.jpg, https://rugshop.eu/wp-content/uploads/2021/09/royal-rug-510-ivory-3.jpg, https://rugshop.eu/wp-content/uploads/2021/09/royal-rug-510-ivory-4.jpg",,,,,,,,,4976,,,Size,"200x290, 80x150",1,1,Brand,D-sign,1,1,Color,White-Beige,1,1,Type of color,Multicolor,1,1,Shape,Rectangular,1,1,Material,Polyester,1,1,Type of rug,"Modern, Rya / Shaggy",1,1,Weave,Handmade,1,1,Country,China,1,1,Age,New,1,1,,,,,default,default,default,default,,,90,1,1786452813,yes,yes,,,,,,,,,,,,,,,,,,,,,,,,,,,,,
20230,variation,48853207,,Royal Rug 110 Silver - 80x150,1,0,hidden,,Royal Rug 110 Silver 80x150,,,taxable,parent,0,0,,0,0,,80,150,4,0,,598,1196,,,,,,,46183514,,,,,,1,,,Size,80x150,,1,,,,,,,,,,,,,,,,,,,,,,,,,,,,,,,,,,,,,80x150,,,,,,,,,,,,1786452786,,,,,,,,,,,,OYGQ8-80-150,,,,,,,,,,,,,,,,,,,
20231,variation,48853208,,Royal Rug 110 Silver - 120x170,1,0,hidden,,Royal Rug 110 Silver 120x170,,,taxable,parent,0,0,,0,0,,120,170,4,0,,798,1596,,,,,,,46183514,,,,,,2,,,Size,120x170,,1,,,,,,,,,,,,,,,,,,,,,,,,,,,,,,,,,,,,,120x170,,,,,,,,,,,,1786452787,,,,,,,,,,,,OYGQ8-120-170,,,,,,,,,,,,,,,,,,,
20232,variation,48853209,,Royal Rug 110 Silver - 160x230,1,0,hidden,,Royal Rug 110 Silver 160x230,,,taxable,parent,0,0,,0,0,,160,230,4,0,,1198,2396,,,,,,,46183514,,,,,,3,,,Size,160x230,,1,,,,,,,,,,,,,,,,,,,,,,,,,,,,,,,,,,,,,160x230,,,,,,,,,,,,1786452787,,,,,,,,,,,,OYGQ8-160-230,,,,,,,,,,,,,,,,,,,
20233,variation,48853210,,Royal Rug 110 Silver - 200x290,1,0,hidden,,Royal Rug 110 Silver 200x290,,,taxable,parent,0,0,,0,0,,200,290,4,0,,1718,3436,,,,,,,46183514,,,,,,4,,,Size,200x290,,1,,,,,,,,,,,,,,,,,,,,,,,,,,,,,,,,,,,,,200x290,,,,,,,,,,,,,,,,,,,,,,,,OYGQ8-200-290,,,,,,,,,,,,,,,,,,,
20269,variation,48853216,,Royal Rug 310 White - 80x150,1,0,hidden,,Royal Rug 310 White 80x150,,,taxable,parent,0,0,,0,0,,80,150,4,0,,598,1196,,,,,,,46183516,,,,,,1,,,Size,80x150,,1,,,,,,,,,,,,,,,,,,,,,,,,,,,,,,,,,,,,,80x150,,,,,,,,,,,,1786452788,,,,,,,,,,,,52PXX-80-150,,,,,,,,,,,,,,,,,,,
20270,variation,48853217,,Royal Rug 310 White - 120x170,1,0,hidden,,Royal Rug 310 White 120x170,,,taxable,parent,0,0,,0,0,,120,170,4,0,,798,1596,,,,,,,46183516,,,,,,2,,,Size,120x170,,1,,,,,,,,,,,,,,,,,,,,,,,,,,,,,,,,,,,,,120x170,,,,,,,,,,,,,,,,,,,,,,,,52PXX-120-170,,,,,,,,,,,,,,,,,,,
20271,variation,48853218,,Royal Rug 310 White - 160x230,1,0,hidden,,Royal Rug 310 White 160x230,,,taxable,parent,0,0,,0,0,,160,230,4,0,,1198,2396,,,,,,,46183516,,,,,,3,,,Size,160x230,,1,,,,,,,,,,,,,,,,,,,,,,,,,,,,,,,,,,,,,160x230,,,,,,,,,,,,,,,,,,,,,,,,52PXX-160-230,,,,,,,,,,,,,,,,,,,
20293,variation,48853222,,Royal Rug 510 Ivory - 80x150,1,0,hidden,,Royal Rug 510 Ivory 80x150,,,taxable,parent,0,0,,0,0,,80,150,4,0,,598,1196,,,,,,,46183518,,,,,,1,,,Size,80x150,,1,,,,,,,,,,,,,,,,,,,,,,,,,,,,,,,,,,,,,80x150,,,,,,,,,,,,1786452788,,,,,,,,,,,,P9MFJ-80-150,,,,,,,,,,,,,,,,,,,
20294,variation,48853221,,Royal Rug 510 Ivory - 200x290,1,0,hidden,,Royal Rug 510 Ivory 200x290,,,taxable,parent,0,0,,0,0,,200,290,4,0,,1718,3436,,,,,,,46183518,,,,,,2,,,Size,200x290,,1,,,,,,,,,,,,,,,,,,,,,,,,,,,,,,,,,,,,,200x290,,,,,,,,,,,,,,,,,,,,,,,,P9MFJ-200-290,,,,,,,,,,,,,,,,,,,
20343,variable,46183524,,Scotland Glasgow Rug Cream,1,0,hidden,Scotland Glasgow Rug Cream,Scotland Glasgow Rug Cream,,,taxable,,0,,,0,0,,,,,0,,,,"Rooms > Entrance & Corridor, Rooms > Living room, Rugs > Persian, Rugs, Rugs > Traditional",,,"https://rugshop.eu/wp-content/uploads/2021/09/scotland-glasgow-rug-cream.jpg, https://rugshop.eu/wp-content/uploads/2021/09/scotland-glasgow-rug-cream-1.jpg, https://rugshop.eu/wp-content/uploads/2021/09/scotland-glasgow-rug-cream-2.jpg, https://rugshop.eu/wp-content/uploads/2021/09/scotland-glasgow-rug-cream-3.jpg, https://rugshop.eu/wp-content/uploads/2021/09/scotland-glasgow-rug-cream-4.jpg",,,,,,,,,5013,,,Size,"140x200, 160x230, 200x290, 240x330, 80x150",1,1,Brand,D-sign,1,1,Color,White-Beige,1,1,Type of color,Multicolor,1,1,Shape,Rectangular,1,1,Material,Polyester,1,1,Type of rug,"Persian, Traditional",1,1,Weave,Machinemade,1,1,Country,Turkey,1,1,Age,New,1,1,,,,,default,default,default,default,,,,,1786452815,yes,yes,,,,,,,,,,,,,,,,,,,,,,,,,,,,,
20457,variation,48853251,,Scotland Glasgow Rug Cream - 80x150,1,0,hidden,,Scotland Glasgow Rug Cream 80x150,,,taxable,parent,0,0,,0,0,,80,150,1.1,0,,,1436,,,,,,,46183524,,,,,,1,,,Size,80x150,,1,,,,,,,,,,,,,,,,,,,,,,,,,,,,,,,,,,,,,80x150,,,,,,,,,,,,1786452789,,,,,,,,,,,,G23WJ-80-150,,,,,,,,,,,,,,,,,,,
20458,variation,48853249,,Scotland Glasgow Rug Cream - 140x200,1,0,hidden,,Scotland Glasgow Rug Cream 140x200,,,taxable,parent,0,0,,0,0,,140,200,1.1,0,,,2556,,,,,,,46183524,,,,,,2,,,Size,140x200,,1,,,,,,,,,,,,,,,,,,,,,,,,,,,,,,,,,,,,,140x200,,,,,,,,,,,,,,,,,,,,,,,,G23WJ-140-200,,,,,,,,,,,,,,,,,,,
20459,variation,48853248,,Scotland Glasgow Rug Cream - 160x230,1,0,hidden,,Scotland Glasgow Rug Cream 160x230,,,taxable,parent,0,0,,0,0,,160,230,1.1,0,,,3356,,,,,,,46183524,,,,,,3,,,Size,160x230,,1,,,,,,,,,,,,,,,,,,,,,,,,,,,,,,,,,,,,,160x230,,,,,,,,,,,,,,,,,,,,,,,,G23WJ-160-230,,,,,,,,,,,,,,,,,,,
20460,variation,48853250,,Scotland Glasgow Rug Cream - 200x290,1,0,hidden,,Scotland Glasgow Rug Cream 200x290,,,taxable,parent,0,0,,0,0,,200,290,1.1,0,,,4956,,,,,,,46183524,,,,,,4,,,Size,200x290,,1,,,,,,,,,,,,,,,,,,,,,,,,,,,,,,,,,,,,,200x290,,,,,,,,,,,,,,,,,,,,,,,,G23WJ-200-290,,,,,,,,,,,,,,,,,,,
20461,variation,48853252,,Scotland Glasgow Rug Cream - 240x330,1,0,hidden,,Scotland Glasgow Rug Cream 240x330,,,taxable,parent,0,0,,0,0,,240,330,1.1,0,,,6556,,,,,,,46183524,,,,,,5,,,Size,240x330,,1,,,,,,,,,,,,,,,,,,,,,,,,,,,,,,,,,,,,,240x330,,,,,,,,,,,,,,,,,,,,,,,,G23WJ-240-330,,,,,,,,,,,,,,,,,,,
20484,variable,46183537,,Antigua Rug 100 Multicolor,1,0,hidden,Antigua Rug 100 Multicolor,Antigua Rug 100 Multicolor,,,taxable,,0,,,0,0,,,,,0,,,,"Rooms > Bedroom, Rooms > Entrance & Corridor, Rooms > Living room, Rugs, Rugs > Traditional, Rugs > Vintage",,,"https://rugshop.eu/wp-content/uploads/2021/09/antigua-rug-100-multicolor.jpg, https://rugshop.eu/wp-content/uploads/2021/09/antigua-rug-100-multicolor-1.jpg, https://rugshop.eu/wp-content/uploads/2021/09/antigua-rug-100-multicolor-2.jpg, https://rugshop.eu/wp-content/uploads/2021/09/antigua-rug-100-multicolor-3.jpg, https://rugshop.eu/wp-content/uploads/2021/09/antigua-rug-100-multicolor-4.jpg",,,,,,,,,33,,,Size,"120x170, 160x230, 200x290, 80x150",1,1,Brand,D-sign,1,1,Color,"Black-Grey, Red",1,1,Type of color,Multicolor,1,1,Shape,Rectangular,1,1,Material,Polyester,1,1,Type of rug,"Traditional, Vintage / Colored Vintage",1,1,Weave,Machinemade,1,1,Country,Turkey,1,1,Age,New,1,1,,,,,default,default,default,default,,,,,1786452817,yes,yes,,,,,,,,,,,,,,,,,,,,,,,,,,,,,
20511,variable,46183538,,Antigua Rug 200 Orange/Red,1,0,hidden,Antigua Rug 200 Orange/Red ,Antigua Rug 200 Orange/Red ,,,taxable,,0,,,0,0,,,,,1,,,,"Rooms > Bedroom, Rooms > Entrance & Corridor, Rooms > Living room, Rugs > Modern, Rugs, Rugs > Vintage",,,"https://rugshop.eu/wp-content/uploads/2021/09/antigua-rug-200-orange-red.jpg, https://rugshop.eu/wp-content/uploads/2021/09/antigua-rug-200-orange-red-1.jpg, https://rugshop.eu/wp-content/uploads/2021/09/antigua-rug-200-orange-red-2.jpg, https://rugshop.eu/wp-content/uploads/2021/09/antigua-rug-200-orange-red-3.jpg, https://rugshop.eu/wp-content/uploads/2021/09/antigua-rug-200-orange-red-4.jpg, https://rugshop.eu/wp-content/uploads/2021/09/antigua-rug-200-orange-red-5.jpg, https://rugshop.eu/wp-content/uploads/2021/09/antigua-rug-200-orange-red-6.jpg, https://rugshop.eu/wp-content/uploads/2021/09/antigua-rug-200-orange-red-7.jpg, https://rugshop.eu/wp-content/uploads/2021/09/antigua-rug-200-orange-red-8.jpg, https://rugshop.eu/wp-content/uploads/2021/09/antigua-rug-200-orange-red-9.jpg, https://rugshop.eu/wp-content/uploads/2021/09/antigua-rug-200-orange-red-10.jpg, https://rugshop.eu/wp-content/uploads/2021/09/antigua-rug-200-orange-red-11.jpg, https://rugshop.eu/wp-content/uploads/2021/09/antigua-rug-200-orange-red-12.jpg, https://rugshop.eu/wp-content/uploads/2021/09/antigua-rug-200-orange-red-13.jpg, https://rugshop.eu/wp-content/uploads/2021/09/antigua-rug-200-orange-red-14.jpg, https://rugshop.eu/wp-content/uploads/2021/09/antigua-rug-200-orange-red-15.jpg",,,,,,,,,34,,,Size,"120x170, 160x230, 200x290, 80x150",1,1,Brand,D-sign,1,1,Color,Red,1,1,Type of color,Multicolor,1,1,Shape,Rectangular,1,1,Material,Polyester,1,1,Type of rug,"Modern, Vintage / Colored Vintage",1,1,Weave,Machinemade,1,1,Country,Turkey,1,1,Age,New,1,1,,,,,,,,,,,,,1786452820,yes,yes,,,,,,,,,,,,,,,,,,,,,,,,,,,,,
20557,variable,46183542,,Antigua Rug 600 Multicolor,1,0,hidden,Antigua Rug 600 Multicolor ,Antigua Rug 600 Multicolor ,,,taxable,,0,,,0,0,,,,,1,,,,"Rooms > Bedroom, Rooms > Entrance & Corridor, Rooms > Living room, Rugs > Modern, Rugs, Rugs > Vintage",,,"https://rugshop.eu/wp-content/uploads/2021/09/antigua-rug-600-multicolor.jpg, https://rugshop.eu/wp-content/uploads/2021/09/antigua-rug-600-multicolor-1.jpg, https://rugshop.eu/wp-content/uploads/2021/09/antigua-rug-600-multicolor-2.jpg, https://rugshop.eu/wp-content/uploads/2021/09/antigua-rug-600-multicolor-3.jpg, https://rugshop.eu/wp-content/uploads/2021/09/antigua-rug-600-multicolor-4.jpg, https://rugshop.eu/wp-content/uploads/2021/09/antigua-rug-600-multicolor-5.jpg, https://rugshop.eu/wp-content/uploads/2021/09/antigua-rug-600-multicolor-6.jpg, https://rugshop.eu/wp-content/uploads/2021/09/antigua-rug-600-multicolor-7.jpg, https://rugshop.eu/wp-content/uploads/2021/09/antigua-rug-600-multicolor-8.jpg, https://rugshop.eu/wp-content/uploads/2021/09/antigua-rug-600-multicolor-9.jpg, https://rugshop.eu/wp-content/uploads/2021/09/antigua-rug-600-multicolor-10.jpg, https://rugshop.eu/wp-content/uploads/2021/09/antigua-rug-600-multicolor-11.jpg, https://rugshop.eu/wp-content/uploads/2021/09/antigua-rug-600-multicolor-12.jpg, https://rugshop.eu/wp-content/uploads/2021/09/antigua-rug-600-multicolor-13.jpg, https://rugshop.eu/wp-content/uploads/2021/09/antigua-rug-600-multicolor-14.jpg, https://rugshop.eu/wp-content/uploads/2021/09/antigua-rug-600-multicolor-15.jpg",,,,,,,,,38,,,Size,"120x170, 160x230, 200x290, 80x150",1,1,Brand,D-sign,1,1,Color,White-Beige,1,1,Type of color,Multicolor,1,1,Shape,Rectangular,1,1,Material,Polyester,1,1,Type of rug,"Modern, Vintage / Colored Vintage",1,1,Weave,Machinemade,1,1,Country,Turkey,1,1,Age,New,1,1,,,,,,,,,,,,,1786452822,yes,yes,,,,,,,,,,,,,,,,,,,,,,,,,,,,,
20558,variation,48957468,,Antigua Rug 100 Multicolor - 80x150,1,0,hidden,,Antigua Rug 100 Multicolor 80x150,,,taxable,parent,0,0,,0,0,,80,150,0.8,0,,,1356,,,,,,,46183537,,,,,,1,,,Size,80x150,,1,,,,,,,,,,,,,,,,,,,,,,,,,,,,,,,,,,,,,80x150,,,,,,,,,,,,1786452789,,,,,,,,,,,,6H6V7-80-150-E,,,,,,,,,,,,,,,,,,,
20559,variation,48957467,,Antigua Rug 100 Multicolor - 120x170,1,0,hidden,,Antigua Rug 100 Multicolor 120x170,,,taxable,parent,0,0,,0,0,,120,170,0.8,0,,,1916,,,,,,,46183537,,,,,,2,,,Size,120x170,,1,,,,,,,,,,,,,,,,,,,,,,,,,,,,,,,,,,,,,120x170,,,,,,,,,,,,1786452789,,,,,,,,,,,,6H6V7-120-170-E,,,,,,,,,,,,,,,,,,,
20560,variation,48957469,,Antigua Rug 100 Multicolor - 160x230,1,0,hidden,,Antigua Rug 100 Multicolor 160x230,,,taxable,parent,0,0,,0,0,,160,230,0.8,0,,,3036,,,,,,,46183537,,,,,,3,,,Size,160x230,,1,,,,,,,,,,,,,,,,,,,,,,,,,,,,,,,,,,,,,160x230,,,,,,,,,,,,,,,,,,,,,,,,6H6V7-160-230-E,,,,,,,,,,,,,,,,,,,
20561,variation,48957470,,Antigua Rug 100 Multicolor - 200x290,1,0,hidden,,Antigua Rug 100 Multicolor 200x290,,,taxable,parent,0,0,,0,0,,200,290,0.8,0,,,4476,,,,,,,46183537,,,,,,4,,,Size,200x290,,1,,,,,,,,,,,,,,,,,,,,,,,,,,,,,,,,,,,,,200x290,,,,,,,,,,,,,,,,,,,,,,,,6H6V7-200-290-E,,,,,,,,,,,,,,,,,,,
20580,variation,48957475,,Antigua Rug 200 Orange/Red - 80x150,1,0,hidden,,Antigua Rug 200 Orange/Red 80x150,,,taxable,parent,0,0,,0,0,,80,150,0.8,0,,,1356,,,,,,,46183538,,,,,,1,,,Size,80x150,,1,,,,,,,,,,,,,,,,,,,,,,,,,,,,,,,,,,,,,80x150,,,,,,,,,,,,,,,,,,,,,,,,NWSU2-80-150-E,,,,,,,,,,,,,,,,,,,
20581,variation,48957476,,Antigua Rug 200 Orange/Red - 120x170,1,0,hidden,,Antigua Rug 200 Orange/Red 120x170,,,taxable,parent,0,0,,0,0,,120,170,0.8,0,,,1916,,,,,,,46183538,,,,,,2,,,Size,120x170,,1,,,,,,,,,,,,,,,,,,,,,,,,,,,,,,,,,,,,,120x170,,,,,,,,,,,,1786452790,,,,,,,,,,,,NWSU2-120-170-E,,,,,,,,,,,,,,,,,,,
20582,variation,48957474,,Antigua Rug 200 Orange/Red - 160x230,1,0,hidden,,Antigua Rug 200 Orange/Red 160x230,,,taxable,parent,0,0,,0,0,,160,230,0.8,0,,,3036,,,,,,,46183538,,,,,,3,,,Size,160x230,,1,,,,,,,,,,,,,,,,,,,,,,,,,,,,,,,,,,,,,160x230,,,,,,,,,,,,,,,,,,,,,,,,NWSU2-160-230-E,,,,,,,,,,,,,,,,,,,
20583,variation,48957477,,Antigua Rug 200 Orange/Red - 200x290,1,0,hidden,,Antigua Rug 200 Orange/Red 200x290,,,taxable,parent,0,0,,0,0,,200,290,0.8,0,,,4476,,,,,,,46183538,,,,,,4,,,Size,200x290,,1,,,,,,,,,,,,,,,,,,,,,,,,,,,,,,,,,,,,,200x290,,,,,,,,,,,,,,,,,,,,,,,,NWSU2-200-290-E,,,,,,,,,,,,,,,,,,,
20667,variable,46183547,,Barock Rug 200 Red,1,0,hidden,Barock Rug 200 Red ,Barock Rug 200 Red ,,,taxable,,0,,,0,0,,,,,1,,,,"Rooms > Bedroom, Rooms > Entrance & Corridor, Rooms > Kitchen, Rooms > Living room, Rugs > Modern, Rugs, Rugs > Vintage",,,"https://rugshop.eu/wp-content/uploads/2021/09/barock-rug-200-red.jpg, https://rugshop.eu/wp-content/uploads/2021/09/barock-rug-200-red-1.jpg, https://rugshop.eu/wp-content/uploads/2021/09/barock-rug-200-red-2.jpg, https://rugshop.eu/wp-content/uploads/2021/09/barock-rug-200-red-3.jpg, https://rugshop.eu/wp-content/uploads/2021/09/barock-rug-200-red-4.jpg, https://rugshop.eu/wp-content/uploads/2021/09/barock-rug-200-red-5.jpg, https://rugshop.eu/wp-content/uploads/2021/09/barock-rug-200-red-6.jpg, https://rugshop.eu/wp-content/uploads/2021/09/barock-rug-200-red-7.jpg, https://rugshop.eu/wp-content/uploads/2021/09/barock-rug-200-red-8.jpg, https://rugshop.eu/wp-content/uploads/2021/09/barock-rug-200-red-9.jpg, https://rugshop.eu/wp-content/uploads/2021/09/barock-rug-200-red-10.jpg, https://rugshop.eu/wp-content/uploads/2021/09/barock-rug-200-red-11.jpg, https://rugshop.eu/wp-content/uploads/2021/09/barock-rug-200-red-12.jpg, https://rugshop.eu/wp-content/uploads/2021/09/barock-rug-200-red-13.jpg, https://rugshop.eu/wp-content/uploads/2021/09/barock-rug-200-red-14.jpg, https://rugshop.eu/wp-content/uploads/2021/09/barock-rug-200-red-15.jpg",,,,,,,,,121,,,Size,"120x170, 160x230, 200x290, 80x150",1,1,Brand,D-sign,1,1,Color,"Black-Grey, Red",1,1,Type of color,Multicolor,1,1,Shape,Rectangular,1,1,Material,Polyester,1,1,Type of rug,"Modern, Vintage / Colored Vintage",1,1,Weave,Machinemade,1,1,Country,Turkey,1,1,Age,New,1,1,,,,,,,,,,,,,1786452824,yes,yes,,,,,,,,,,,,,,,,,,,,,,,,,,,,,
20668,variation,48957542,,Antigua Rug 600 Multicolor - 80x150,1,0,hidden,,Antigua Rug 600 Multicolor 80x150,,,taxable,parent,0,0,,0,0,,80,150,0.8,0,,,1356,,,,,,,46183542,,,,,,1,,,Size,80x150,,1,,,,,,,,,,,,,,,,,,,,,,,,,,,,,,,,,,,,,80x150,,,,,,,,,,,,,,,,,,,,,,,,NYK1K-80-150-E,,,,,,,,,,,,,,,,,,,
20669,variation,48957539,,Antigua Rug 600 Multicolor - 120x170,1,0,hidden,,Antigua Rug 600 Multicolor 120x170,,,taxable,parent,0,0,,0,0,,120,170,0.8,0,,,1916,,,,,,,46183542,,,,,,2,,,Size,120x170,,1,,,,,,,,,,,,,,,,,,,,,,,,,,,,,,,,,,,,,120x170,,,,,,,,,,,,1786452790,,,,,,,,,,,,NYK1K-120-170-E,,,,,,,,,,,,,,,,,,,
20670,variation,48957540,,Antigua Rug 600 Multicolor - 160x230,1,0,hidden,,Antigua Rug 600 Multicolor 160x230,,,taxable,parent,0,0,,0,0,,160,230,0.8,0,,,3036,,,,,,,46183542,,,,,,3,,,Size,160x230,,1,,,,,,,,,,,,,,,,,,,,,,,,,,,,,,,,,,,,,160x230,,,,,,,,,,,,,,,,,,,,,,,,NYK1K-160-230-E,,,,,,,,,,,,,,,,,,,
20671,variation,48957541,,Antigua Rug 600 Multicolor - 200x290,1,0,hidden,,Antigua Rug 600 Multicolor 200x290,,,taxable,parent,0,0,,0,0,,200,290,0.8,0,,,4476,,,,,,,46183542,,,,,,4,,,Size,200x290,,1,,,,,,,,,,,,,,,,,,,,,,,,,,,,,,,,,,,,,200x290,,,,,,,,,,,,,,,,,,,,,,,,NYK1K-200-290-E,,,,,,,,,,,,,,,,,,,
20778,variation,48957792,,Barock Rug 200 Red - 80x150,1,0,hidden,,Barock Rug 200 Red 80x150,,,taxable,parent,0,0,,0,0,,80,150,0.5,0,,,1116,,,,,,,46183547,,,,,,1,,,Size,80x150,,1,,,,,,,,,,,,,,,,,,,,,,,,,,,,,,,,,,,,,80x150,,,,,,,,,,,,1786452791,,,,,,,,,,,,16XGF-80-150-E,,,,,,,,,,,,,,,,,,,
20779,variation,48957791,,Barock Rug 200 Red - 120x170,1,0,hidden,,Barock Rug 200 Red 120x170,,,taxable,parent,0,0,,0,0,,120,170,0.5,0,,,1516,,,,,,,46183547,,,,,,2,,,Size,120x170,,1,,,,,,,,,,,,,,,,,,,,,,,,,,,,,,,,,,,,,120x170,,,,,,,,,,,,1786452791,,,,,,,,,,,,16XGF-120-170-E,,,,,,,,,,,,,,,,,,,
20780,variation,48957794,,Barock Rug 200 Red - 160x230,1,0,hidden,,Barock Rug 200 Red 160x230,,,taxable,parent,0,0,,0,0,,160,230,0.5,0,,,2236,,,,,,,46183547,,,,,,3,,,Size,160x230,,1,,,,,,,,,,,,,,,,,,,,,,,,,,,,,,,,,,,,,160x230,,,,,,,,,,,,1786452792,,,,,,,,,,,,16XGF-160-230-E,,,,,,,,,,,,,,,,,,,
20781,variation,48957793,,Barock Rug 200 Red - 200x290,1,0,hidden,,Barock Rug 200 Red 200x290,,,taxable,parent,0,0,,0,0,,200,290,0.5,0,,,3196,,,,,,,46183547,,,,,,4,,,Size,200x290,,1,,,,,,,,,,,,,,,,,,,,,,,,,,,,,,,,,,,,,200x290,,,,,,,,,,,,1786452792,,,,,,,,,,,,16XGF-200-290-E,,,,,,,,,,,,,,,,,,,
21017,variable,46183566,,Broadway Rug 400 Black/White/Turquoise,1,0,hidden,Broadway Rug 400 Black/White/Turquoise ,Broadway Rug 400 Black/White/Turquoise ,,,taxable,,0,,,0,0,,,,,1,,,,"Rooms > Bedroom, Rooms > Entrance & Corridor, Rooms > Living room, Rugs > Modern, Rugs",,,"https://rugshop.eu/wp-content/uploads/2021/09/broadway-rug-400-black-white-turquoise.jpg, https://rugshop.eu/wp-content/uploads/2021/09/broadway-rug-400-black-white-turquoise-1.jpg, https://rugshop.eu/wp-content/uploads/2021/09/broadway-rug-400-black-white-turquoise-2.jpg, https://rugshop.eu/wp-content/uploads/2021/09/broadway-rug-400-black-white-turquoise-3.jpg, https://rugshop.eu/wp-content/uploads/2021/09/broadway-rug-400-black-white-turquoise-4.jpg, https://rugshop.eu/wp-content/uploads/2021/09/broadway-rug-400-black-white-turquoise-5.jpg, https://rugshop.eu/wp-content/uploads/2021/09/broadway-rug-400-black-white-turquoise-6.jpg, https://rugshop.eu/wp-content/uploads/2021/09/broadway-rug-400-black-white-turquoise-7.jpg, https://rugshop.eu/wp-content/uploads/2021/09/broadway-rug-400-black-white-turquoise-8.jpg, https://rugshop.eu/wp-content/uploads/2021/09/broadway-rug-400-black-white-turquoise-9.jpg, https://rugshop.eu/wp-content/uploads/2021/09/broadway-rug-400-black-white-turquoise-10.jpg, https://rugshop.eu/wp-content/uploads/2021/09/broadway-rug-400-black-white-turquoise-11.jpg, https://rugshop.eu/wp-content/uploads/2021/09/broadway-rug-400-black-white-turquoise-12.jpg, https://rugshop.eu/wp-content/uploads/2021/09/broadway-rug-400-black-white-turquoise-13.jpg, https://rugshop.eu/wp-content/uploads/2021/09/broadway-rug-400-black-white-turquoise-14.jpg, https://rugshop.eu/wp-content/uploads/2021/09/broadway-rug-400-black-white-turquoise-15.jpg",,,,,,,,,188,,,Size,"120x170, 160x230, 200x290, 80x150",1,1,Brand,D-sign,1,1,Color,Black-Grey,1,1,Type of color,Multicolor,1,1,Shape,Rectangular,1,1,Material,Polypropylene,1,1,Type of rug,Modern,1,1,Weave,Machinemade,1,1,Country,Turkey,1,1,Age,New,1,1,,,,,,,,,,,,,1786452827,yes,yes,,,,,,,,,,,,,,,,,,,,,,,,,,,,,
21061,variable,46183568,,Broadway Rug 600 Grey,1,0,hidden,Broadway Rug 600 Grey ,Broadway Rug 600 Grey ,,,taxable,,0,,,0,0,,,,,1,,,,"Rooms > Bedroom, Rooms > Entrance & Corridor, Rooms > Living room, Rugs > Modern, Rugs",,,"https://rugshop.eu/wp-content/uploads/2021/09/broadway-rug-600-grey.jpg, https://rugshop.eu/wp-content/uploads/2021/09/broadway-rug-600-grey-1.jpg, https://rugshop.eu/wp-content/uploads/2021/09/broadway-rug-600-grey-2.jpg, https://rugshop.eu/wp-content/uploads/2021/09/broadway-rug-600-grey-3.jpg, https://rugshop.eu/wp-content/uploads/2021/09/broadway-rug-600-grey-4.jpg, https://rugshop.eu/wp-content/uploads/2021/09/broadway-rug-600-grey-5.jpg, https://rugshop.eu/wp-content/uploads/2021/09/broadway-rug-600-grey-6.jpg, https://rugshop.eu/wp-content/uploads/2021/09/broadway-rug-600-grey-7.jpg, https://rugshop.eu/wp-content/uploads/2021/09/broadway-rug-600-grey-8.jpg, https://rugshop.eu/wp-content/uploads/2021/09/broadway-rug-600-grey-9.jpg, https://rugshop.eu/wp-content/uploads/2021/09/broadway-rug-600-grey-10.jpg, https://rugshop.eu/wp-content/uploads/2021/09/broadway-rug-600-grey-11.jpg, https://rugshop.eu/wp-content/uploads/2021/09/broadway-rug-600-grey-12.jpg, https://rugshop.eu/wp-content/uploads/2021/09/broadway-rug-600-grey-13.jpg, https://rugshop.eu/wp-content/uploads/2021/09/broadway-rug-600-grey-14.jpg, https://rugshop.eu/wp-content/uploads/2021/09/broadway-rug-600-grey-15.jpg",,,,,,,,,190,,,Size,"120x170, 160x230, 200x290, 80x150",1,1,Brand,D-sign,1,1,Color,White-Beige,1,1,Type of color,Multicolor,1,1,Shape,Rectangular,1,1,Material,Polypropylene,1,1,Type of rug,Modern,1,1,Weave,Machinemade,1,1,Country,Turkey,1,1,Age,New,1,1,,,,,,,,,,,,,1786452828,yes,yes,,,,,,,,,,,,,,,,,,,,,,,,,,,,,
21128,variation,48958922,,Broadway Rug 400 Black/White/Turquoise - 80x150,1,0,hidden,,Broadway Rug 400 Black/White/Turquoise 80x150,,,taxable,parent,0,0,,0,0,,80,150,1.5,0,,,1116,,,,,,,46183566,,,,,,1,,,Size,80x150,,1,,,,,,,,,,,,,,,,,,,,,,,,,,,,,,,,,,,,,80x150,,,,,,,,,,,,1786452794,,,,,,,,,,,,UTHJY-80-150-E,,,,,,,,,,,,,,,,,,,
21129,variation,48958920,,Broadway Rug 400 Black/White/Turquoise - 120x170,1,0,hidden,,Broadway Rug 400 Black/White/Turquoise 120x170,,,taxable,parent,0,0,,0,0,,120,170,1.5,0,,,1516,,,,,,,46183566,,,,,,2,,,Size,120x170,,1,,,,,,,,,,,,,,,,,,,,,,,,,,,,,,,,,,,,,120x170,,,,,,,,,,,,,,,,,,,,,,,,UTHJY-120-170-E,,,,,,,,,,,,,,,,,,,
21130,variation,48958921,,Broadway Rug 400 Black/White/Turquoise - 160x230,1,0,hidden,,Broadway Rug 400 Black/White/Turquoise 160x230,,,taxable,parent,0,0,,0,0,,160,230,1.5,0,,,2236,,,,,,,46183566,,,,,,3,,,Size,160x230,,1,,,,,,,,,,,,,,,,,,,,,,,,,,,,,,,,,,,,,160x230,,,,,,,,,,,,,,,,,,,,,,,,UTHJY-160-230-E,,,,,,,,,,,,,,,,,,,
21131,variation,48958923,,Broadway Rug 400 Black/White/Turquoise - 200x290,1,0,hidden,,Broadway Rug 400 Black/White/Turquoise 200x290,,,taxable,parent,0,0,,0,0,,200,290,1.5,0,,,3276,,,,,,,46183566,,,,,,4,,,Size,200x290,,1,,,,,,,,,,,,,,,,,,,,,,,,,,,,,,,,,,,,,200x290,,,,,,,,,,,,,,,,,,,,,,,,UTHJY-200-290-E,,,,,,,,,,,,,,,,,,,
21171,variable,46183573,,Damast Rug 400 Grey/Natureal,1,0,hidden,Damast Rug 400 Grey/Natureal ,Damast Rug 400 Grey/Natureal ,,,taxable,,0,,,0,0,,,,,1,,,,"Rooms > Bedroom, Rooms > Entrance & Corridor, Rooms > Living room, Rugs > Modern, Rugs, Rugs > Vintage",,,"https://rugshop.eu/wp-content/uploads/2021/09/damast-rug-400-grey-natureal.jpg, https://rugshop.eu/wp-content/uploads/2021/09/damast-rug-400-grey-natureal-1.jpg, https://rugshop.eu/wp-content/uploads/2021/09/damast-rug-400-grey-natureal-2.jpg, https://rugshop.eu/wp-content/uploads/2021/09/damast-rug-400-grey-natureal-3.jpg, https://rugshop.eu/wp-content/uploads/2021/09/damast-rug-400-grey-natureal-4.jpg, https://rugshop.eu/wp-content/uploads/2021/09/damast-rug-400-grey-natureal-5.jpg, https://rugshop.eu/wp-content/uploads/2021/09/damast-rug-400-grey-natureal-6.jpg, https://rugshop.eu/wp-content/uploads/2021/09/damast-rug-400-grey-natureal-7.jpg, https://rugshop.eu/wp-content/uploads/2021/09/damast-rug-400-grey-natureal-8.jpg, https://rugshop.eu/wp-content/uploads/2021/09/damast-rug-400-grey-natureal-9.jpg, https://rugshop.eu/wp-content/uploads/2021/09/damast-rug-400-grey-natureal-10.jpg, https://rugshop.eu/wp-content/uploads/2021/09/damast-rug-400-grey-natureal-11.jpg, https://rugshop.eu/wp-content/uploads/2021/09/damast-rug-400-grey-natureal-12.jpg, https://rugshop.eu/wp-content/uploads/2021/09/damast-rug-400-grey-natureal-13.jpg, https://rugshop.eu/wp-content/uploads/2021/09/damast-rug-400-grey-natureal-14.jpg, https://rugshop.eu/wp-content/uploads/2021/09/damast-rug-400-grey-natureal-15.jpg, https://rugshop.eu/wp-content/uploads/2021/09/damast-rug-400-grey-natureal-16.jpg, https://rugshop.eu/wp-content/uploads/2021/09/damast-rug-400-grey-natureal-17.jpg, https://rugshop.eu/wp-content/uploads/2021/09/damast-rug-400-grey-natureal-18.jpg, https://rugshop.eu/wp-content/uploads/2021/09/damast-rug-400-grey-natureal-19.jpg",,,,,,,,,2766,,,Size,"120x180, 140x200, 170x240, 200x300, 80x150",1,1,Brand,D-sign,1,1,Color,Black-Grey,1,1,Type of color,Multicolor,1,1,Shape,Rectangular,1,1,Material,Viscose,1,1,Type of rug,"Modern, Vintage / Colored Vintage",1,1,Weave,Handmade,1,1,Country,India,1,1,Age,New,1,1,,,,,,,,,,,,,1786452845,yes,yes,,,,,,,,,,,,,,,,,,,,,,,,,,,,,
21172,variation,48958936,,Broadway Rug 600 Grey - 80x150,1,0,hidden,,Broadway Rug 600 Grey 80x150,,,taxable,parent,0,0,,0,0,,80,150,1.5,0,,,1116,,,,,,,46183568,,,,,,1,,,Size,80x150,,1,,,,,,,,,,,,,,,,,,,,,,,,,,,,,,,,,,,,,80x150,,,,,,,,,,,,1786452795,,,,,,,,,,,,2WGMO-80-150-E,,,,,,,,,,,,,,,,,,,
21173,variation,48958935,,Broadway Rug 600 Grey - 120x170,1,0,hidden,,Broadway Rug 600 Grey 120x170,,,taxable,parent,0,0,,0,0,,120,170,1.5,0,,,1516,,,,,,,46183568,,,,,,2,,,Size,120x170,,1,,,,,,,,,,,,,,,,,,,,,,,,,,,,,,,,,,,,,120x170,,,,,,,,,,,,1786452794,,,,,,,,,,,,2WGMO-120-170-E,,,,,,,,,,,,,,,,,,,
21174,variation,48958937,,Broadway Rug 600 Grey - 160x230,1,0,hidden,,Broadway Rug 600 Grey 160x230,,,taxable,parent,0,0,,0,0,,160,230,1.5,0,,,2236,,,,,,,46183568,,,,,,3,,,Size,160x230,,1,,,,,,,,,,,,,,,,,,,,,,,,,,,,,,,,,,,,,160x230,,,,,,,,,,,,,,,,,,,,,,,,2WGMO-160-230-E,,,,,,,,,,,,,,,,,,,
21175,variation,48958938,,Broadway Rug 600 Grey - 200x290,1,0,hidden,,Broadway Rug 600 Grey 200x290,,,taxable,parent,0,0,,0,0,,200,290,1.5,0,,,3276,,,,,,,46183568,,,,,,4,,,Size,200x290,,1,,,,,,,,,,,,,,,,,,,,,,,,,,,,,,,,,,,,,200x290,,,,,,,,,,,,,,,,,,,,,,,,2WGMO-200-290-E,,,,,,,,,,,,,,,,,,,
21215,variable,46183575,,Ethnie Rug 100 Grey/Apricot,1,0,hidden,Ethnie Rug 100 Grey/Apricot ,Ethnie Rug 100 Grey/Apricot ,,,taxable,,0,,,0,0,,,,,1,,,,"Rooms > Bedroom, Rooms > Entrance & Corridor, Rooms > Living room, Rugs > Modern, Rugs",,,"https://rugshop.eu/wp-content/uploads/2021/09/ethnie-rug-100-grey-apricot.jpg, https://rugshop.eu/wp-content/uploads/2021/09/ethnie-rug-100-grey-apricot-1.jpg, https://rugshop.eu/wp-content/uploads/2021/09/ethnie-rug-100-grey-apricot-2.jpg, https://rugshop.eu/wp-content/uploads/2021/09/ethnie-rug-100-grey-apricot-3.jpg, https://rugshop.eu/wp-content/uploads/2021/09/ethnie-rug-100-grey-apricot-4.jpg, https://rugshop.eu/wp-content/uploads/2021/09/ethnie-rug-100-grey-apricot-5.jpg, https://rugshop.eu/wp-content/uploads/2021/09/ethnie-rug-100-grey-apricot-6.jpg, https://rugshop.eu/wp-content/uploads/2021/09/ethnie-rug-100-grey-apricot-7.jpg, https://rugshop.eu/wp-content/uploads/2021/09/ethnie-rug-100-grey-apricot-8.jpg, https://rugshop.eu/wp-content/uploads/2021/09/ethnie-rug-100-grey-apricot-9.jpg, https://rugshop.eu/wp-content/uploads/2021/09/ethnie-rug-100-grey-apricot-10.jpg, https://rugshop.eu/wp-content/uploads/2021/09/ethnie-rug-100-grey-apricot-11.jpg, https://rugshop.eu/wp-content/uploads/2021/09/ethnie-rug-100-grey-apricot-12.jpg, https://rugshop.eu/wp-content/uploads/2021/09/ethnie-rug-100-grey-apricot-13.jpg, https://rugshop.eu/wp-content/uploads/2021/09/ethnie-rug-100-grey-apricot-14.jpg, https://rugshop.eu/wp-content/uploads/2021/09/ethnie-rug-100-grey-apricot-15.jpg",,,,,,,,,2834,,,Size,"120x170, 160x230, 200x290, 80x150",1,1,Brand,D-sign,1,1,Color,Black-Grey,1,1,Type of color,Multicolor,1,1,Shape,Rectangular,1,1,Material,Cotton,1,1,Type of rug,Modern,1,1,Weave,Machinemade,1,1,Country,India,1,1,Age,New,1,1,,,,,,,,,,,,,1786452848,yes,yes,,,,,,,,,,,,,,,,,,,,,,,,,,,,,
21237,variable,46183576,,Ethnie Rug 200 Grey/Apricot,1,0,hidden,Ethnie Rug 200 Grey/Apricot ,Ethnie Rug 200 Grey/Apricot ,,,taxable,,0,,,0,0,,,,,1,,,,"Rooms > Bedroom, Rooms > Entrance & Corridor, Rooms > Living room, Rugs > Modern, Rugs",,,"https://rugshop.eu/wp-content/uploads/2021/09/ethnie-rug-200-grey-apricot.jpg, https://rugshop.eu/wp-content/uploads/2021/09/ethnie-rug-200-grey-apricot-1.jpg, https://rugshop.eu/wp-content/uploads/2021/09/ethnie-rug-200-grey-apricot-2.jpg, https://rugshop.eu/wp-content/uploads/2021/09/ethnie-rug-200-grey-apricot-3.jpg, https://rugshop.eu/wp-content/uploads/2021/09/ethnie-rug-200-grey-apricot-4.jpg, https://rugshop.eu/wp-content/uploads/2021/09/ethnie-rug-200-grey-apricot-5.jpg, https://rugshop.eu/wp-content/uploads/2021/09/ethnie-rug-200-grey-apricot-6.jpg, https://rugshop.eu/wp-content/uploads/2021/09/ethnie-rug-200-grey-apricot-7.jpg, https://rugshop.eu/wp-content/uploads/2021/09/ethnie-rug-200-grey-apricot-8.jpg, https://rugshop.eu/wp-content/uploads/2021/09/ethnie-rug-200-grey-apricot-9.jpg, https://rugshop.eu/wp-content/uploads/2021/09/ethnie-rug-200-grey-apricot-10.jpg, https://rugshop.eu/wp-content/uploads/2021/09/ethnie-rug-200-grey-apricot-11.jpg, https://rugshop.eu/wp-content/uploads/2021/09/ethnie-rug-200-grey-apricot-12.jpg, https://rugshop.eu/wp-content/uploads/2021/09/ethnie-rug-200-grey-apricot-13.jpg, https://rugshop.eu/wp-content/uploads/2021/09/ethnie-rug-200-grey-apricot-14.jpg, https://rugshop.eu/wp-content/uploads/2021/09/ethnie-rug-200-grey-apricot-15.jpg",,,,,,,,,2835,,,Size,"120x170, 160x230, 200x290, 80x150",1,1,Brand,D-sign,1,1,Color,Black-Grey,1,1,Type of color,Multicolor,1,1,Shape,Rectangular,1,1,Material,Cotton,1,1,Type of rug,Modern,1,1,Weave,Machinemade,1,1,Country,India,1,1,Age,New,1,1,,,,,,,,,,,,,1786452850,yes,yes,,,,,,,,,,,,,,,,,,,,,,,,,,,,,
21259,variable,46183577,,Ethnie Rug 300 Grey,1,0,hidden,Ethnie Rug 300 Grey ,Ethnie Rug 300 Grey ,,,taxable,,0,,,0,0,,,,,1,,,,"Rooms > Bedroom, Rooms > Entrance & Corridor, Rooms > Living room, Rugs > Modern, Rugs",,,"https://rugshop.eu/wp-content/uploads/2021/09/ethnie-rug-300-grey.jpg, https://rugshop.eu/wp-content/uploads/2021/09/ethnie-rug-300-grey-1.jpg, https://rugshop.eu/wp-content/uploads/2021/09/ethnie-rug-300-grey-2.jpg, https://rugshop.eu/wp-content/uploads/2021/09/ethnie-rug-300-grey-3.jpg, https://rugshop.eu/wp-content/uploads/2021/09/ethnie-rug-300-grey-4.jpg, https://rugshop.eu/wp-content/uploads/2021/09/ethnie-rug-300-grey-5.jpg, https://rugshop.eu/wp-content/uploads/2021/09/ethnie-rug-300-grey-6.jpg, https://rugshop.eu/wp-content/uploads/2021/09/ethnie-rug-300-grey-7.jpg, https://rugshop.eu/wp-content/uploads/2021/09/ethnie-rug-300-grey-8.jpg, https://rugshop.eu/wp-content/uploads/2021/09/ethnie-rug-300-grey-9.jpg, https://rugshop.eu/wp-content/uploads/2021/09/ethnie-rug-300-grey-10.jpg, https://rugshop.eu/wp-content/uploads/2021/09/ethnie-rug-300-grey-11.jpg, https://rugshop.eu/wp-content/uploads/2021/09/ethnie-rug-300-grey-12.jpg, https://rugshop.eu/wp-content/uploads/2021/09/ethnie-rug-300-grey-13.jpg, https://rugshop.eu/wp-content/uploads/2021/09/ethnie-rug-300-grey-14.jpg, https://rugshop.eu/wp-content/uploads/2021/09/ethnie-rug-300-grey-15.jpg",,,,,,,,,2836,,,Size,"120x170, 160x230, 200x290, 80x150",1,1,Brand,D-sign,1,1,Color,Black-Grey,1,1,Type of color,Multicolor,1,1,Shape,Rectangular,1,1,Material,Cotton,1,1,Type of rug,Modern,1,1,Weave,Machinemade,1,1,Country,India,1,1,Age,New,1,1,,,,,,,,,,,,,1786452853,yes,yes,,,,,,,,,,,,,,,,,,,,,,,,,,,,,
21285,variable,46183578,,Ethnie Rug 400 Grey,1,0,hidden,Ethnie Rug 400 Grey ,Ethnie Rug 400 Grey ,,,taxable,,0,,,0,0,,,,,1,,,,"Rooms > Bedroom, Rooms > Entrance & Corridor, Rooms > Living room, Rugs > Modern, Rugs",,,"https://rugshop.eu/wp-content/uploads/2021/09/ethnie-rug-400-grey.jpg, https://rugshop.eu/wp-content/uploads/2021/09/ethnie-rug-400-grey-1.jpg, https://rugshop.eu/wp-content/uploads/2021/09/ethnie-rug-400-grey-2.jpg, https://rugshop.eu/wp-content/uploads/2021/09/ethnie-rug-400-grey-3.jpg, https://rugshop.eu/wp-content/uploads/2021/09/ethnie-rug-400-grey-4.jpg, https://rugshop.eu/wp-content/uploads/2021/09/ethnie-rug-400-grey-5.jpg, https://rugshop.eu/wp-content/uploads/2021/09/ethnie-rug-400-grey-6.jpg, https://rugshop.eu/wp-content/uploads/2021/09/ethnie-rug-400-grey-7.jpg, https://rugshop.eu/wp-content/uploads/2021/09/ethnie-rug-400-grey-8.jpg, https://rugshop.eu/wp-content/uploads/2021/09/ethnie-rug-400-grey-9.jpg, https://rugshop.eu/wp-content/uploads/2021/09/ethnie-rug-400-grey-10.jpg, https://rugshop.eu/wp-content/uploads/2021/09/ethnie-rug-400-grey-11.jpg, https://rugshop.eu/wp-content/uploads/2021/09/ethnie-rug-400-grey-12.jpg, https://rugshop.eu/wp-content/uploads/2021/09/ethnie-rug-400-grey-13.jpg, https://rugshop.eu/wp-content/uploads/2021/09/ethnie-rug-400-grey-14.jpg, https://rugshop.eu/wp-content/uploads/2021/09/ethnie-rug-400-grey-15.jpg",,,,,,,,,2837,,,Size,"120x170, 160x230, 200x290, 80x150",1,1,Brand,D-sign,1,1,Color,Black-Grey,1,1,Type of color,Multicolor,1,1,Shape,Rectangular,1,1,Material,Cotton,1,1,Type of rug,Modern,1,1,Weave,Machinemade,1,1,Country,India,1,1,Age,New,1,1,,,,,,,,,,,,,1786452856,yes,yes,,,,,,,,,,,,,,,,,,,,,,,,,,,,,
21286,variation,48974937,,Damast Rug 400 Grey/Natureal - 80x150,1,0,hidden,,Damast Rug 400 Grey/Natureal 80x150,,,taxable,parent,0,0,,0,0,,80,150,1.7,0,,,3116,,,,,,,46183573,,,,,,1,,,Size,80x150,,1,,,,,,,,,,,,,,,,,,,,,,,,,,,,,,,,,,,,,80x150,,,,,,,,,,,,,,,,,,,,,,,,XM2O6-80-150-E,,,,,,,,,,,,,,,,,,,
21287,variation,48974938,,Damast Rug 400 Grey/Natureal - 120x180,1,0,hidden,,Damast Rug 400 Grey/Natureal 120x180,,,taxable,parent,0,0,,0,0,,120,180,1.7,0,,,5196,,,,,,,46183573,,,,,,2,,,Size,120x180,,1,,,,,,,,,,,,,,,,,,,,,,,,,,,,,,,,,,,,,120x180,,,,,,,,,,,,1786452795,,,,,,,,,,,,XM2O6-120-180-E,,,,,,,,,,,,,,,,,,,
21288,variation,48974940,,Damast Rug 400 Grey/Natureal - 140x200,1,0,hidden,,Damast Rug 400 Grey/Natureal 140x200,,,taxable,parent,0,0,,0,0,,140,200,1.7,0,,,6556,,,,,,,46183573,,,,,,3,,,Size,140x200,,1,,,,,,,,,,,,,,,,,,,,,,,,,,,,,,,,,,,,,140x200,,,,,,,,,,,,1786452833,,,,,,,,,,,,XM2O6-140-200-E,,,,,,,,,,,,,,,,,,,
21289,variation,48974939,,Damast Rug 400 Grey/Natureal - 170x240,1,0,hidden,,Damast Rug 400 Grey/Natureal 170x240,,,taxable,parent,0,0,,0,0,,170,240,1.7,0,,,9356,,,,,,,46183573,,,,,,4,,,Size,170x240,,1,,,,,,,,,,,,,,,,,,,,,,,,,,,,,,,,,,,,,170x240,,,,,,,,,,,,1786452832,,,,,,,,,,,,XM2O6-170-240-E,,,,,,,,,,,,,,,,,,,
21290,variation,48974941,,Damast Rug 400 Grey/Natureal - 200x300,1,0,hidden,,Damast Rug 400 Grey/Natureal 200x300,,,taxable,parent,0,0,,0,0,,200,300,1.7,0,,,13516,,,,,,,46183573,,,,,,5,,,Size,200x300,,1,,,,,,,,,,,,,,,,,,,,,,,,,,,,,,,,,,,,,200x300,,,,,,,,,,,,1786452833,,,,,,,,,,,,XM2O6-200-300-E,,,,,,,,,,,,,,,,,,,
21335,variable,46183580,,Finish Rug 100 Grey/Silver,1,0,hidden,Finish Rug 100 Grey/Silver,Finish Rug 100 Grey/Silver,,,taxable,,0,,,0,0,,,,,0,,,,"Rooms > Bedroom, Rooms > Entrance & Corridor, Rooms > Kitchen, Rugs > Leather & hides, Rooms > Living room, Rugs > Modern, Rugs",,,"https://rugshop.eu/wp-content/uploads/2021/09/finish-rug-100-grey-silver.jpg, https://rugshop.eu/wp-content/uploads/2021/09/finish-rug-100-grey-silver-1.jpg, https://rugshop.eu/wp-content/uploads/2021/09/finish-rug-100-grey-silver-2.jpg, https://rugshop.eu/wp-content/uploads/2021/09/finish-rug-100-grey-silver-3.jpg, https://rugshop.eu/wp-content/uploads/2021/09/finish-rug-100-grey-silver-4.jpg",,,,,,,,,2900,,,Size,"120x170, 160x230, 200x290, 80x150",1,1,Brand,D-sign,1,1,Color,Black-Grey,1,1,Type of color,Multicolor,1,1,Shape,Rectangular,1,1,Material,Leather,1,1,Type of rug,"Leather / Hide rug, Modern",1,1,Weave,Handmade,1,1,Country,India,1,1,Age,New,1,1,,,,,default,default,default,default,,,90,1,1786452859,yes,yes,,,,,,,,,,,,,,,,,,,,,,,,,,,,,
21336,variation,48985454,,Ethnie Rug 100 Grey/Apricot - 80x150,1,0,hidden,,Ethnie Rug 100 Grey/Apricot 80x150,,,taxable,parent,0,0,,0,0,,80,150,1,0,,,1276,,,,,,,46183575,,,,,,1,,,Size,80x150,,1,,,,,,,,,,,,,,,,,,,,,,,,,,,,,,,,,,,,,80x150,,,,,,,,,,,,1786452835,,,,,,,,,,,,A2AFA-80-150-E,,,,,,,,,,,,,,,,,,,
21337,variation,48985453,,Ethnie Rug 100 Grey/Apricot - 120x170,1,0,hidden,,Ethnie Rug 100 Grey/Apricot 120x170,,,taxable,parent,0,0,,0,0,,120,170,1,0,,,1756,,,,,,,46183575,,,,,,2,,,Size,120x170,,1,,,,,,,,,,,,,,,,,,,,,,,,,,,,,,,,,,,,,120x170,,,,,,,,,,,,1786452834,,,,,,,,,,,,A2AFA-120-170-E,,,,,,,,,,,,,,,,,,,
21338,variation,48985455,,Ethnie Rug 100 Grey/Apricot - 160x230,1,0,hidden,,Ethnie Rug 100 Grey/Apricot 160x230,,,taxable,parent,0,0,,0,0,,160,230,1,0,,,2716,,,,,,,46183575,,,,,,3,,,Size,160x230,,1,,,,,,,,,,,,,,,,,,,,,,,,,,,,,,,,,,,,,160x230,,,,,,,,,,,,1786452835,,,,,,,,,,,,A2AFA-160-230-E,,,,,,,,,,,,,,,,,,,
21339,variation,48985452,,Ethnie Rug 100 Grey/Apricot - 200x290,1,0,hidden,,Ethnie Rug 100 Grey/Apricot 200x290,,,taxable,parent,0,0,,0,0,,200,290,1,0,,,3916,,,,,,,46183575,,,,,,4,,,Size,200x290,,1,,,,,,,,,,,,,,,,,,,,,,,,,,,,,,,,,,,,,200x290,,,,,,,,,,,,1786452834,,,,,,,,,,,,A2AFA-200-290-E,,,,,,,,,,,,,,,,,,,
21357,variable,46183581,,Finish Rug 100 Red/Gold,1,0,hidden,Finish Rug 100 Red/Gold,Finish Rug 100 Red/Gold,,,taxable,,0,,,0,0,,,,,0,,,,"Rooms > Bedroom, Rooms > Entrance & Corridor, Rooms > Kitchen, Rugs > Leather & hides, Rooms > Living room, Rugs > Modern, Rugs",,,"https://rugshop.eu/wp-content/uploads/2021/09/finish-rug-100-red-gold.jpg, https://rugshop.eu/wp-content/uploads/2021/09/finish-rug-100-red-gold-1.jpg, https://rugshop.eu/wp-content/uploads/2021/09/finish-rug-100-red-gold-2.jpg, https://rugshop.eu/wp-content/uploads/2021/09/finish-rug-100-red-gold-3.jpg, https://rugshop.eu/wp-content/uploads/2021/09/finish-rug-100-red-gold-4.jpg",,,,,,,,,2901,,,Size,"120x170, 160x230, 200x290, 80x150",1,1,Brand,D-sign,1,1,Color,Red,1,1,Type of color,Multicolor,1,1,Shape,Rectangular,1,1,Material,Leather,1,1,Type of rug,"Leather / Hide rug, Modern",1,1,Weave,Handmade,1,1,Country,India,1,1,Age,New,1,1,,,,,default,default,default,default,,,90,1,1786452861,yes,yes,,,,,,,,,,,,,,,,,,,,,,,,,,,,,
21358,variation,48985474,,Ethnie Rug 200 Grey/Apricot - 80x150,1,0,hidden,,Ethnie Rug 200 Grey/Apricot 80x150,,,taxable,parent,0,0,,0,0,,80,150,1,0,,,1276,,,,,,,46183576,,,,,,1,,,Size,80x150,,1,,,,,,,,,,,,,,,,,,,,,,,,,,,,,,,,,,,,,80x150,,,,,,,,,,,,1786452836,,,,,,,,,,,,1B4IH-80-150-E,,,,,,,,,,,,,,,,,,,
21359,variation,48985475,,Ethnie Rug 200 Grey/Apricot - 120x170,1,0,hidden,,Ethnie Rug 200 Grey/Apricot 120x170,,,taxable,parent,0,0,,0,0,,120,170,1,0,,,1756,,,,,,,46183576,,,,,,2,,,Size,120x170,,1,,,,,,,,,,,,,,,,,,,,,,,,,,,,,,,,,,,,,120x170,,,,,,,,,,,,1786452836,,,,,,,,,,,,1B4IH-120-170-E,,,,,,,,,,,,,,,,,,,
21360,variation,48985472,,Ethnie Rug 200 Grey/Apricot - 160x230,1,0,hidden,,Ethnie Rug 200 Grey/Apricot 160x230,,,taxable,parent,0,0,,0,0,,160,230,1,0,,,2716,,,,,,,46183576,,,,,,3,,,Size,160x230,,1,,,,,,,,,,,,,,,,,,,,,,,,,,,,,,,,,,,,,160x230,,,,,,,,,,,,1786452835,,,,,,,,,,,,1B4IH-160-230-E,,,,,,,,,,,,,,,,,,,
21361,variation,48985473,,Ethnie Rug 200 Grey/Apricot - 200x290,1,0,hidden,,Ethnie Rug 200 Grey/Apricot 200x290,,,taxable,parent,0,0,,0,0,,200,290,1,0,,,3916,,,,,,,46183576,,,,,,4,,,Size,200x290,,1,,,,,,,,,,,,,,,,,,,,,,,,,,,,,,,,,,,,,200x290,,,,,,,,,,,,1786452836,,,,,,,,,,,,1B4IH-200-290-E,,,,,,,,,,,,,,,,,,,
21379,variable,46183582,,Finish Rug 100 Turquoise/Gold,1,0,hidden,Finish Rug 100 Turquoise/Gold,Finish Rug 100 Turquoise/Gold,,,taxable,,0,,,0,0,,,,,0,,,,"Rooms > Bedroom, Rooms > Entrance & Corridor, Rooms > Kitchen, Rugs > Leather & hides, Rooms > Living room, Rugs > Modern, Rugs",,,"https://rugshop.eu/wp-content/uploads/2021/09/finish-rug-100-turquoise-gold.jpg, https://rugshop.eu/wp-content/uploads/2021/09/finish-rug-100-turquoise-gold-1.jpg, https://rugshop.eu/wp-content/uploads/2021/09/finish-rug-100-turquoise-gold-2.jpg, https://rugshop.eu/wp-content/uploads/2021/09/finish-rug-100-turquoise-gold-3.jpg, https://rugshop.eu/wp-content/uploads/2021/09/finish-rug-100-turquoise-gold-4.jpg",,,,,,,,,2902,,,Size,"120x170, 160x230, 200x290, 80x150",1,1,Brand,D-sign,1,1,Color,Green,1,1,Type of color,Multicolor,1,1,Shape,Rectangular,1,1,Material,Leather,1,1,Type of rug,"Leather / Hide rug, Modern",1,1,Weave,Handmade,1,1,Country,India,1,1,Age,New,1,1,,,,,default,default,default,default,,,90,1,1786452862,yes,yes,,,,,,,,,,,,,,,,,,,,,,,,,,,,,
21380,variation,48985495,,Ethnie Rug 300 Grey - 80x150,1,0,hidden,,Ethnie Rug 300 Grey 80x150,,,taxable,parent,0,0,,0,0,,80,150,1,0,,,1276,,,,,,,46183577,,,,,,1,,,Size,80x150,,1,,,,,,,,,,,,,,,,,,,,,,,,,,,,,,,,,,,,,80x150,,,,,,,,,,,,1786452837,,,,,,,,,,,,FX1LQ-80-150-E,,,,,,,,,,,,,,,,,,,
21381,variation,48985496,,Ethnie Rug 300 Grey - 120x170,1,0,hidden,,Ethnie Rug 300 Grey 120x170,,,taxable,parent,0,0,,0,0,,120,170,1,0,,,1756,,,,,,,46183577,,,,,,2,,,Size,120x170,,1,,,,,,,,,,,,,,,,,,,,,,,,,,,,,,,,,,,,,120x170,,,,,,,,,,,,1786452837,,,,,,,,,,,,FX1LQ-120-170-E,,,,,,,,,,,,,,,,,,,
21382,variation,48985497,,Ethnie Rug 300 Grey - 160x230,1,0,hidden,,Ethnie Rug 300 Grey 160x230,,,taxable,parent,0,0,,0,0,,160,230,1,0,,,2716,,,,,,,46183577,,,,,,3,,,Size,160x230,,1,,,,,,,,,,,,,,,,,,,,,,,,,,,,,,,,,,,,,160x230,,,,,,,,,,,,1786452838,,,,,,,,,,,,FX1LQ-160-230-E,,,,,,,,,,,,,,,,,,,
21383,variation,48985494,,Ethnie Rug 300 Grey - 200x290,1,0,hidden,,Ethnie Rug 300 Grey 200x290,,,taxable,parent,0,0,,0,0,,200,290,1,0,,,3916,,,,,,,46183577,,,,,,4,,,Size,200x290,,1,,,,,,,,,,,,,,,,,,,,,,,,,,,,,,,,,,,,,200x290,,,,,,,,,,,,1786452837,,,,,,,,,,,,FX1LQ-200-290-E,,,,,,,,,,,,,,,,,,,
21401,variable,46183583,,Finish Rug 100 White/Silver,1,0,hidden,Finish Rug 100 White/Silver,Finish Rug 100 White/Silver,,,taxable,,0,,,0,0,,,,,0,,,,"Rooms > Bedroom, Rooms > Entrance & Corridor, Rooms > Kitchen, Rugs > Leather & hides, Rooms > Living room, Rugs > Modern, Rugs",,,"https://rugshop.eu/wp-content/uploads/2021/09/finish-rug-100-white-silver.jpg, https://rugshop.eu/wp-content/uploads/2021/09/finish-rug-100-white-silver-1.jpg, https://rugshop.eu/wp-content/uploads/2021/09/finish-rug-100-white-silver-2.jpg, https://rugshop.eu/wp-content/uploads/2021/09/finish-rug-100-white-silver-3.jpg, https://rugshop.eu/wp-content/uploads/2021/09/finish-rug-100-white-silver-4.jpg",,,,,,,,,2903,,,Size,"120x170, 160x230, 200x290, 80x150",1,1,Brand,D-sign,1,1,Color,White-Beige,1,1,Type of color,Multicolor,1,1,Shape,Rectangular,1,1,Material,Leather,1,1,Type of rug,"Leather / Hide rug, Modern",1,1,Weave,Handmade,1,1,Country,India,1,1,Age,New,1,1,,,,,default,default,default,default,,,90,1,1786452874,yes,yes,,,,,,,,,,,,,,,,,,,,,,,,,,,,,
21402,variation,48987226,,Ethnie Rug 400 Grey - 80x150,1,0,hidden,,Ethnie Rug 400 Grey 80x150,,,taxable,parent,0,0,,0,0,,80,150,1,0,,,1276,,,,,,,46183578,,,,,,1,,,Size,80x150,,1,,,,,,,,,,,,,,,,,,,,,,,,,,,,,,,,,,,,,80x150,,,,,,,,,,,,1786452839,,,,,,,,,,,,74Q41-80-150-E,,,,,,,,,,,,,,,,,,,
21403,variation,48987228,,Ethnie Rug 400 Grey - 120x170,1,0,hidden,,Ethnie Rug 400 Grey 120x170,,,taxable,parent,0,0,,0,0,,120,170,1,0,,,1756,,,,,,,46183578,,,,,,2,,,Size,120x170,,1,,,,,,,,,,,,,,,,,,,,,,,,,,,,,,,,,,,,,120x170,,,,,,,,,,,,1786452839,,,,,,,,,,,,74Q41-120-170-E,,,,,,,,,,,,,,,,,,,
21404,variation,48987225,,Ethnie Rug 400 Grey - 160x230,1,0,hidden,,Ethnie Rug 400 Grey 160x230,,,taxable,parent,0,0,,0,0,,160,230,1,0,,,2716,,,,,,,46183578,,,,,,3,,,Size,160x230,,1,,,,,,,,,,,,,,,,,,,,,,,,,,,,,,,,,,,,,160x230,,,,,,,,,,,,1786452838,,,,,,,,,,,,74Q41-160-230-E,,,,,,,,,,,,,,,,,,,
21405,variation,48987227,,Ethnie Rug 400 Grey - 200x290,1,0,hidden,,Ethnie Rug 400 Grey 200x290,,,taxable,parent,0,0,,0,0,,200,290,1,0,,,3916,,,,,,,46183578,,,,,,4,,,Size,200x290,,1,,,,,,,,,,,,,,,,,,,,,,,,,,,,,,,,,,,,,200x290,,,,,,,,,,,,1786452839,,,,,,,,,,,,74Q41-200-290-E,,,,,,,,,,,,,,,,,,,
21446,variation,48997139,,Finish Rug 100 Grey/Silver - 80x150,1,0,hidden,,Finish Rug 100 Grey/Silver 80x150,,,taxable,parent,0,0,,0,0,,80,150,0.5,0,,,2716,,,,,,,46183580,,,,,,1,,,Size,80x150,,1,,,,,,,,,,,,,,,,,,,,,,,,,,,,,,,,,,,,,80x150,,,,,,,,,,,,1786452840,,,,,,,,,,,,XNLN5-80-150-E,,,,,,,,,,,,,,,,,,,
21447,variation,48997142,,Finish Rug 100 Grey/Silver - 120x170,1,0,hidden,,Finish Rug 100 Grey/Silver 120x170,,,taxable,parent,0,0,,0,0,,120,170,0.5,0,,,4316,,,,,,,46183580,,,,,,2,,,Size,120x170,,1,,,,,,,,,,,,,,,,,,,,,,,,,,,,,,,,,,,,,120x170,,,,,,,,,,,,1786452841,,,,,,,,,,,,XNLN5-120-170-E,,,,,,,,,,,,,,,,,,,
21448,variation,48997141,,Finish Rug 100 Grey/Silver - 160x230,1,0,hidden,,Finish Rug 100 Grey/Silver 160x230,,,taxable,parent,0,0,,0,0,,160,230,0.5,0,,,7276,,,,,,,46183580,,,,,,3,,,Size,160x230,,1,,,,,,,,,,,,,,,,,,,,,,,,,,,,,,,,,,,,,160x230,,,,,,,,,,,,,,,,,,,,,,,,XNLN5-160-230-E,,,,,,,,,,,,,,,,,,,
21449,variation,48997140,,Finish Rug 100 Grey/Silver - 200x290,1,0,hidden,,Finish Rug 100 Grey/Silver 200x290,,,taxable,parent,0,0,,0,0,,200,290,0.5,0,,,11196,,,,,,,46183580,,,,,,4,,,Size,200x290,,1,,,,,,,,,,,,,,,,,,,,,,,,,,,,,,,,,,,,,200x290,,,,,,,,,,,,1786452840,,,,,,,,,,,,XNLN5-200-290-E,,,,,,,,,,,,,,,,,,,
21468,variation,48997175,,Finish Rug 100 Red/Gold - 80x150,1,0,hidden,,Finish Rug 100 Red/Gold 80x150,,,taxable,parent,0,0,,0,0,,80,150,0.5,0,,,2716,,,,,,,46183581,,,,,,1,,,Size,80x150,,1,,,,,,,,,,,,,,,,,,,,,,,,,,,,,,,,,,,,,80x150,,,,,,,,,,,,1786452842,,,,,,,,,,,,ILJN3-80-150-E,,,,,,,,,,,,,,,,,,,
21469,variation,48997176,,Finish Rug 100 Red/Gold - 120x170,1,0,hidden,,Finish Rug 100 Red/Gold 120x170,,,taxable,parent,0,0,,0,0,,120,170,0.5,0,,,4316,,,,,,,46183581,,,,,,2,,,Size,120x170,,1,,,,,,,,,,,,,,,,,,,,,,,,,,,,,,,,,,,,,120x170,,,,,,,,,,,,1786452843,,,,,,,,,,,,ILJN3-120-170-E,,,,,,,,,,,,,,,,,,,
21470,variation,48997177,,Finish Rug 100 Red/Gold - 160x230,1,0,hidden,,Finish Rug 100 Red/Gold 160x230,,,taxable,parent,0,0,,0,0,,160,230,0.5,0,,,7276,,,,,,,46183581,,,,,,3,,,Size,160x230,,1,,,,,,,,,,,,,,,,,,,,,,,,,,,,,,,,,,,,,160x230,,,,,,,,,,,,1786452843,,,,,,,,,,,,ILJN3-160-230-E,,,,,,,,,,,,,,,,,,,
21471,variation,48997174,,Finish Rug 100 Red/Gold - 200x290,1,0,hidden,,Finish Rug 100 Red/Gold 200x290,,,taxable,parent,0,0,,0,0,,200,290,0.5,0,,,11196,,,,,,,46183581,,,,,,4,,,Size,200x290,,1,,,,,,,,,,,,,,,,,,,,,,,,,,,,,,,,,,,,,200x290,,,,,,,,,,,,1786452841,,,,,,,,,,,,ILJN3-200-290-E,,,,,,,,,,,,,,,,,,,
21490,variation,48997181,,Finish Rug 100 Turquoise/Gold - 80x150,1,0,hidden,,Finish Rug 100 Turquoise/Gold 80x150,,,taxable,parent,0,0,,0,0,,80,150,0.5,0,,,2716,,,,,,,46183582,,,,,,1,,,Size,80x150,,1,,,,,,,,,,,,,,,,,,,,,,,,,,,,,,,,,,,,,80x150,,,,,,,,,,,,1786452844,,,,,,,,,,,,8FNBS-80-150-E,,,,,,,,,,,,,,,,,,,
21491,variation,48997179,,Finish Rug 100 Turquoise/Gold - 120x170,1,0,hidden,,Finish Rug 100 Turquoise/Gold 120x170,,,taxable,parent,0,0,,0,0,,120,170,0.5,0,,,4316,,,,,,,46183582,,,,,,2,,,Size,120x170,,1,,,,,,,,,,,,,,,,,,,,,,,,,,,,,,,,,,,,,120x170,,,,,,,,,,,,,,,,,,,,,,,,8FNBS-120-170-E,,,,,,,,,,,,,,,,,,,
21492,variation,48997182,,Finish Rug 100 Turquoise/Gold - 160x230,1,0,hidden,,Finish Rug 100 Turquoise/Gold 160x230,,,taxable,parent,0,0,,0,0,,160,230,0.5,0,,,7276,,,,,,,46183582,,,,,,3,,,Size,160x230,,1,,,,,,,,,,,,,,,,,,,,,,,,,,,,,,,,,,,,,160x230,,,,,,,,,,,,1786452844,,,,,,,,,,,,8FNBS-160-230-E,,,,,,,,,,,,,,,,,,,
21493,variation,48997180,,Finish Rug 100 Turquoise/Gold - 200x290,1,0,hidden,,Finish Rug 100 Turquoise/Gold 200x290,,,taxable,parent,0,0,,0,0,,200,290,0.5,0,,,11196,,,,,,,46183582,,,,,,4,,,Size,200x290,,1,,,,,,,,,,,,,,,,,,,,,,,,,,,,,,,,,,,,,200x290,,,,,,,,,,,,1786452844,,,,,,,,,,,,8FNBS-200-290-E,,,,,,,,,,,,,,,,,,,
21512,variation,48997184,,Finish Rug 100 White/Silver - 80x150,1,0,hidden,,Finish Rug 100 White/Silver 80x150,,,taxable,parent,0,0,,0,0,,80,150,0.5,0,,,2716,,,,,,,46183583,,,,,,1,,,Size,80x150,,1,,,,,,,,,,,,,,,,,,,,,,,,,,,,,,,,,,,,,80x150,,,,,,,,,,,,,,,,,,,,,,,,5BVPY-80-150-E,,,,,,,,,,,,,,,,,,,
21513,variation,48997185,,Finish Rug 100 White/Silver - 120x170,1,0,hidden,,Finish Rug 100 White/Silver 120x170,,,taxable,parent,0,0,,0,0,,120,170,0.5,0,,,4316,,,,,,,46183583,,,,,,2,,,Size,120x170,,1,,,,,,,,,,,,,,,,,,,,,,,,,,,,,,,,,,,,,120x170,,,,,,,,,,,,1786452845,,,,,,,,,,,,5BVPY-120-170-E,,,,,,,,,,,,,,,,,,,
21514,variation,48997187,,Finish Rug 100 White/Silver - 160x230,1,0,hidden,,Finish Rug 100 White/Silver 160x230,,,taxable,parent,0,0,,0,0,,160,230,0.5,0,,,7276,,,,,,,46183583,,,,,,3,,,Size,160x230,,1,,,,,,,,,,,,,,,,,,,,,,,,,,,,,,,,,,,,,160x230,,,,,,,,,,,,,,,,,,,,,,,,5BVPY-160-230-E,,,,,,,,,,,,,,,,,,,
21515,variation,48997186,,Finish Rug 100 White/Silver - 200x290,1,0,hidden,,Finish Rug 100 White/Silver 200x290,,,taxable,parent,0,0,,0,0,,200,290,0.5,0,,,11196,,,,,,,46183583,,,,,,4,,,Size,200x290,,1,,,,,,,,,,,,,,,,,,,,,,,,,,,,,,,,,,,,,200x290,,,,,,,,,,,,1786452865,,,,,,,,,,,,5BVPY-200-290-E,,,,,,,,,,,,,,,,,,,
21533,variable,46183589,,Galaxy Rug 500 Multicolor,1,0,hidden,Galaxy Rug 500 Multicolor ,Galaxy Rug 500 Multicolor ,,,taxable,,0,,,0,0,,,,,1,,,,"Rooms > Bedroom, Rooms > Entrance & Corridor, Rooms > Kitchen, Rooms > Living room, Rugs > Modern, Rugs, Rugs > Vintage",,,"https://rugshop.eu/wp-content/uploads/2021/09/galaxy-rug-500-multicolor.jpg, https://rugshop.eu/wp-content/uploads/2021/09/galaxy-rug-500-multicolor-1.jpg, https://rugshop.eu/wp-content/uploads/2021/09/galaxy-rug-500-multicolor-2.jpg, https://rugshop.eu/wp-content/uploads/2021/09/galaxy-rug-500-multicolor-3.jpg, https://rugshop.eu/wp-content/uploads/2021/09/galaxy-rug-500-multicolor-4.jpg, https://rugshop.eu/wp-content/uploads/2021/09/galaxy-rug-500-multicolor-5.jpg, https://rugshop.eu/wp-content/uploads/2021/09/galaxy-rug-500-multicolor-6.jpg, https://rugshop.eu/wp-content/uploads/2021/09/galaxy-rug-500-multicolor-7.jpg, https://rugshop.eu/wp-content/uploads/2021/09/galaxy-rug-500-multicolor-8.jpg, https://rugshop.eu/wp-content/uploads/2021/09/galaxy-rug-500-multicolor-9.jpg, https://rugshop.eu/wp-content/uploads/2021/09/galaxy-rug-500-multicolor-10.jpg, https://rugshop.eu/wp-content/uploads/2021/09/galaxy-rug-500-multicolor-11.jpg, https://rugshop.eu/wp-content/uploads/2021/09/galaxy-rug-500-multicolor-12.jpg, https://rugshop.eu/wp-content/uploads/2021/09/galaxy-rug-500-multicolor-13.jpg, https://rugshop.eu/wp-content/uploads/2021/09/galaxy-rug-500-multicolor-14.jpg, https://rugshop.eu/wp-content/uploads/2021/09/galaxy-rug-500-multicolor-15.jpg",,,,,,,,,2927,,,Size,"120x180, 170x240, 200x290, 80x150",1,1,Brand,D-sign,1,1,Color,"Blue, White-Beige",1,1,Type of color,Multicolor,1,1,Shape,Rectangular,1,1,Material,Polyester,1,1,Type of rug,"Modern, Vintage / Colored Vintage",1,1,Weave,Machinemade,1,1,Country,China,1,1,Age,New,1,1,,,,,,,,,,,,,1786452876,yes,yes,,,,,,,,,,,,,,,,,,,,,,,,,,,,,
21577,variable,46183591,,Galaxy Rug 700 Cream/Blue,1,0,hidden,Galaxy Rug 700 Cream/Blue ,Galaxy Rug 700 Cream/Blue ,,,taxable,,0,,,0,0,,,,,1,,,,"Rooms > Bedroom, Rooms > Entrance & Corridor, Rooms > Kitchen, Rooms > Living room, Rugs > Modern, Rugs, Rugs > Vintage",,,"https://rugshop.eu/wp-content/uploads/2021/09/galaxy-rug-700-cream-blue.jpg, https://rugshop.eu/wp-content/uploads/2021/09/galaxy-rug-700-cream-blue-1.jpg, https://rugshop.eu/wp-content/uploads/2021/09/galaxy-rug-700-cream-blue-2.jpg, https://rugshop.eu/wp-content/uploads/2021/09/galaxy-rug-700-cream-blue-3.jpg, https://rugshop.eu/wp-content/uploads/2021/09/galaxy-rug-700-cream-blue-4.jpg, https://rugshop.eu/wp-content/uploads/2021/09/galaxy-rug-700-cream-blue-5.jpg, https://rugshop.eu/wp-content/uploads/2021/09/galaxy-rug-700-cream-blue-6.jpg, https://rugshop.eu/wp-content/uploads/2021/09/galaxy-rug-700-cream-blue-7.jpg, https://rugshop.eu/wp-content/uploads/2021/09/galaxy-rug-700-cream-blue-8.jpg, https://rugshop.eu/wp-content/uploads/2021/09/galaxy-rug-700-cream-blue-9.jpg, https://rugshop.eu/wp-content/uploads/2021/09/galaxy-rug-700-cream-blue-10.jpg, https://rugshop.eu/wp-content/uploads/2021/09/galaxy-rug-700-cream-blue-11.jpg, https://rugshop.eu/wp-content/uploads/2021/09/galaxy-rug-700-cream-blue-12.jpg, https://rugshop.eu/wp-content/uploads/2021/09/galaxy-rug-700-cream-blue-13.jpg, https://rugshop.eu/wp-content/uploads/2021/09/galaxy-rug-700-cream-blue-14.jpg, https://rugshop.eu/wp-content/uploads/2021/09/galaxy-rug-700-cream-blue-15.jpg",,,,,,,,,2929,,,Size,"120x180, 170x240, 200x290, 80x150",1,1,Brand,D-sign,1,1,Color,"Blue, White-Beige",1,1,Type of color,Multicolor,1,1,Shape,Rectangular,1,1,Material,Polyester,1,1,Type of rug,"Modern, Vintage / Colored Vintage",1,1,Weave,Machinemade,1,1,Country,China,1,1,Age,New,1,1,,,,,,,,,,,,,1786452877,yes,yes,,,,,,,,,,,,,,,,,,,,,,,,,,,,,
21621,variable,46183593,,Galaxy Rug 900 Beige,1,0,hidden,Galaxy Rug 900 Beige ,Galaxy Rug 900 Beige ,,,taxable,,0,,,0,0,,,,,1,,,,"Rooms > Bedroom, Rooms > Entrance & Corridor, Rooms > Kitchen, Rooms > Living room, Rugs > Modern, Rugs, Rugs > Vintage",,,"https://rugshop.eu/wp-content/uploads/2021/09/galaxy-rug-900-beige.jpg, https://rugshop.eu/wp-content/uploads/2021/09/galaxy-rug-900-beige-1.jpg, https://rugshop.eu/wp-content/uploads/2021/09/galaxy-rug-900-beige-2.jpg, https://rugshop.eu/wp-content/uploads/2021/09/galaxy-rug-900-beige-3.jpg, https://rugshop.eu/wp-content/uploads/2021/09/galaxy-rug-900-beige-4.jpg, https://rugshop.eu/wp-content/uploads/2021/09/galaxy-rug-900-beige-5.jpg, https://rugshop.eu/wp-content/uploads/2021/09/galaxy-rug-900-beige-6.jpg, https://rugshop.eu/wp-content/uploads/2021/09/galaxy-rug-900-beige-7.jpg, https://rugshop.eu/wp-content/uploads/2021/09/galaxy-rug-900-beige-8.jpg, https://rugshop.eu/wp-content/uploads/2021/09/galaxy-rug-900-beige-9.jpg, https://rugshop.eu/wp-content/uploads/2021/09/galaxy-rug-900-beige-10.jpg, https://rugshop.eu/wp-content/uploads/2021/09/galaxy-rug-900-beige-11.jpg, https://rugshop.eu/wp-content/uploads/2021/09/galaxy-rug-900-beige-12.jpg, https://rugshop.eu/wp-content/uploads/2021/09/galaxy-rug-900-beige-13.jpg, https://rugshop.eu/wp-content/uploads/2021/09/galaxy-rug-900-beige-14.jpg, https://rugshop.eu/wp-content/uploads/2021/09/galaxy-rug-900-beige-15.jpg",,,,,,,,,2931,,,Size,"120x180, 170x240, 200x290, 80x150",1,1,Brand,D-sign,1,1,Color,White-Beige,1,1,Type of color,Multicolor,1,1,Shape,Rectangular,1,1,Material,Polyester,1,1,Type of rug,"Modern, Vintage / Colored Vintage",1,1,Weave,Machinemade,1,1,Country,China,1,1,Age,New,1,1,,,,,,,,,,,,,1786452878,yes,yes,,,,,,,,,,,,,,,,,,,,,,,,,,,,,
21643,variable,46183594,,Iglesia Rug 100 Grey,1,0,hidden,Iglesia Rug 100 Grey ,Iglesia Rug 100 Grey ,,,taxable,,0,,,0,0,,,,,1,,,,"Rooms > Bedroom, Rooms > Entrance & Corridor, Rooms > Living room, Rugs > Modern, Rugs, Rugs > Vintage",,,"https://rugshop.eu/wp-content/uploads/2021/09/iglesia-rug-100-grey.jpg, https://rugshop.eu/wp-content/uploads/2021/09/iglesia-rug-100-grey-1.jpg, https://rugshop.eu/wp-content/uploads/2021/09/iglesia-rug-100-grey-2.jpg, https://rugshop.eu/wp-content/uploads/2021/09/iglesia-rug-100-grey-3.jpg, https://rugshop.eu/wp-content/uploads/2021/09/iglesia-rug-100-grey-4.jpg, https://rugshop.eu/wp-content/uploads/2021/09/iglesia-rug-100-grey-5.jpg, https://rugshop.eu/wp-content/uploads/2021/09/iglesia-rug-100-grey-6.jpg, https://rugshop.eu/wp-content/uploads/2021/09/iglesia-rug-100-grey-7.jpg, https://rugshop.eu/wp-content/uploads/2021/09/iglesia-rug-100-grey-8.jpg, https://rugshop.eu/wp-content/uploads/2021/09/iglesia-rug-100-grey-9.jpg, https://rugshop.eu/wp-content/uploads/2021/09/iglesia-rug-100-grey-10.jpg, https://rugshop.eu/wp-content/uploads/2021/09/iglesia-rug-100-grey-11.jpg, https://rugshop.eu/wp-content/uploads/2021/09/iglesia-rug-100-grey-12.jpg, https://rugshop.eu/wp-content/uploads/2021/09/iglesia-rug-100-grey-13.jpg, https://rugshop.eu/wp-content/uploads/2021/09/iglesia-rug-100-grey-14.jpg, https://rugshop.eu/wp-content/uploads/2021/09/iglesia-rug-100-grey-15.jpg",,,,,,,,,4536,,,Size,"120x170, 160x230, 200x290, 80x150",1,1,Brand,D-sign,1,1,Color,Black-Grey,1,1,Type of color,Multicolor,1,1,Shape,Rectangular,1,1,Material,Polyester,1,1,Type of rug,"Modern, Vintage / Colored Vintage",1,1,Weave,Machinemade,1,1,Country,India,1,1,Age,New,1,1,,,,,,,,,,,,,1786452879,yes,yes,,,,,,,,,,,,,,,,,,,,,,,,,,,,,
21644,variation,48997220,,Galaxy Rug 500 Multicolor - 80x150,1,0,hidden,,Galaxy Rug 500 Multicolor 80x150,,,taxable,parent,0,0,,0,0,,80,150,0.6,0,,,956,,,,,,,46183589,,,,,,1,,,Size,80x150,,1,,,,,,,,,,,,,,,,,,,,,,,,,,,,,,,,,,,,,80x150,,,,,,,,,,,,1786452866,,,,,,,,,,,,8CR5A-80-150-E,,,,,,,,,,,,,,,,,,,
21645,variation,48997219,,Galaxy Rug 500 Multicolor - 120x180,1,0,hidden,,Galaxy Rug 500 Multicolor 120x180,,,taxable,parent,0,0,,0,0,,120,180,0.6,0,,,1356,,,,,,,46183589,,,,,,2,,,Size,120x180,,1,,,,,,,,,,,,,,,,,,,,,,,,,,,,,,,,,,,,,120x180,,,,,,,,,,,,,,,,,,,,,,,,8CR5A-120-180-E,,,,,,,,,,,,,,,,,,,
21646,variation,48997222,,Galaxy Rug 500 Multicolor - 170x240,1,0,hidden,,Galaxy Rug 500 Multicolor 170x240,,,taxable,parent,0,0,,0,0,,170,240,0.6,0,,,2076,,,,,,,46183589,,,,,,3,,,Size,170x240,,1,,,,,,,,,,,,,,,,,,,,,,,,,,,,,,,,,,,,,170x240,,,,,,,,,,,,1786452866,,,,,,,,,,,,8CR5A-170-240-E,,,,,,,,,,,,,,,,,,,
21647,variation,48997221,,Galaxy Rug 500 Multicolor - 200x290,1,0,hidden,,Galaxy Rug 500 Multicolor 200x290,,,taxable,parent,0,0,,0,0,,200,290,0.6,0,,,2716,,,,,,,46183589,,,,,,4,,,Size,200x290,,1,,,,,,,,,,,,,,,,,,,,,,,,,,,,,,,,,,,,,200x290,,,,,,,,,,,,1786452866,,,,,,,,,,,,8CR5A-200-290-E,,,,,,,,,,,,,,,,,,,
21665,variable,46183595,,Iglesia Rug 200 Taupe,1,0,hidden,Iglesia Rug 200 Taupe ,Iglesia Rug 200 Taupe ,,,taxable,,0,,,0,0,,,,,1,,,,"Rooms > Bedroom, Rooms > Living room, Rugs > Modern, Rugs, Rugs > Vintage",,,"https://rugshop.eu/wp-content/uploads/2021/09/iglesia-rug-200-taupe.jpg, https://rugshop.eu/wp-content/uploads/2021/09/iglesia-rug-200-taupe-1.jpg, https://rugshop.eu/wp-content/uploads/2021/09/iglesia-rug-200-taupe-2.jpg, https://rugshop.eu/wp-content/uploads/2021/09/iglesia-rug-200-taupe-3.jpg, https://rugshop.eu/wp-content/uploads/2021/09/iglesia-rug-200-taupe-4.jpg, https://rugshop.eu/wp-content/uploads/2021/09/iglesia-rug-200-taupe-5.jpg, https://rugshop.eu/wp-content/uploads/2021/09/iglesia-rug-200-taupe-6.jpg, https://rugshop.eu/wp-content/uploads/2021/09/iglesia-rug-200-taupe-7.jpg, https://rugshop.eu/wp-content/uploads/2021/09/iglesia-rug-200-taupe-8.jpg, https://rugshop.eu/wp-content/uploads/2021/09/iglesia-rug-200-taupe-9.jpg, https://rugshop.eu/wp-content/uploads/2021/09/iglesia-rug-200-taupe-10.jpg, https://rugshop.eu/wp-content/uploads/2021/09/iglesia-rug-200-taupe-11.jpg, https://rugshop.eu/wp-content/uploads/2021/09/iglesia-rug-200-taupe-12.jpg, https://rugshop.eu/wp-content/uploads/2021/09/iglesia-rug-200-taupe-13.jpg, https://rugshop.eu/wp-content/uploads/2021/09/iglesia-rug-200-taupe-14.jpg, https://rugshop.eu/wp-content/uploads/2021/09/iglesia-rug-200-taupe-15.jpg",,,,,,,,,4537,,,Size,"120x170, 160x230, 200x290, 80x150",1,1,Brand,D-sign,1,1,Color,Black-Grey,1,1,Type of color,Multicolor,1,1,Shape,Rectangular,1,1,Material,Polyester,1,1,Type of rug,"Modern, Vintage / Colored Vintage",1,1,Weave,Machinemade,1,1,Country,India,1,1,Age,New,1,1,,,,,,,,,,,,,1786452880,yes,yes,,,,,,,,,,,,,,,,,,,,,,,,,,,,,
21688,variation,48997492,,Galaxy Rug 700 Cream/Blue - 80x150,1,0,hidden,,Galaxy Rug 700 Cream/Blue 80x150,,,taxable,parent,0,0,,0,0,,80,150,0.6,0,,,956,,,,,,,46183591,,,,,,1,,,Size,80x150,,1,,,,,,,,,,,,,,,,,,,,,,,,,,,,,,,,,,,,,80x150,,,,,,,,,,,,1786452867,,,,,,,,,,,,75MA5-80-150-E,,,,,,,,,,,,,,,,,,,
21689,variation,48997490,,Galaxy Rug 700 Cream/Blue - 120x180,1,0,hidden,,Galaxy Rug 700 Cream/Blue 120x180,,,taxable,parent,0,0,,0,0,,120,180,0.6,0,,,1356,,,,,,,46183591,,,,,,2,,,Size,120x180,,1,,,,,,,,,,,,,,,,,,,,,,,,,,,,,,,,,,,,,120x180,,,,,,,,,,,,1786452867,,,,,,,,,,,,75MA5-120-180-E,,,,,,,,,,,,,,,,,,,
21690,variation,48997493,,Galaxy Rug 700 Cream/Blue - 170x240,1,0,hidden,,Galaxy Rug 700 Cream/Blue 170x240,,,taxable,parent,0,0,,0,0,,170,240,0.6,0,,,2076,,,,,,,46183591,,,,,,3,,,Size,170x240,,1,,,,,,,,,,,,,,,,,,,,,,,,,,,,,,,,,,,,,170x240,,,,,,,,,,,,1786452867,,,,,,,,,,,,75MA5-170-240-E,,,,,,,,,,,,,,,,,,,
21691,variation,48997491,,Galaxy Rug 700 Cream/Blue - 200x290,1,0,hidden,,Galaxy Rug 700 Cream/Blue 200x290,,,taxable,parent,0,0,,0,0,,200,290,0.6,0,,,2716,,,,,,,46183591,,,,,,4,,,Size,200x290,,1,,,,,,,,,,,,,,,,,,,,,,,,,,,,,,,,,,,,,200x290,,,,,,,,,,,,,,,,,,,,,,,,75MA5-200-290-E,,,,,,,,,,,,,,,,,,,
21732,variation,48997517,,Galaxy Rug 900 Beige - 80x150,1,0,hidden,,Galaxy Rug 900 Beige 80x150,,,taxable,parent,0,0,,0,0,,80,150,0.6,0,,,956,,,,,,,46183593,,,,,,1,,,Size,80x150,,1,,,,,,,,,,,,,,,,,,,,,,,,,,,,,,,,,,,,,80x150,,,,,,,,,,,,,,,,,,,,,,,,FJJ9I-80-150-E,,,,,,,,,,,,,,,,,,,
21733,variation,48997518,,Galaxy Rug 900 Beige - 120x180,1,0,hidden,,Galaxy Rug 900 Beige 120x180,,,taxable,parent,0,0,,0,0,,120,180,0.6,0,,,1356,,,,,,,46183593,,,,,,2,,,Size,120x180,,1,,,,,,,,,,,,,,,,,,,,,,,,,,,,,,,,,,,,,120x180,,,,,,,,,,,,1786452868,,,,,,,,,,,,FJJ9I-120-180-E,,,,,,,,,,,,,,,,,,,
21734,variation,48997519,,Galaxy Rug 900 Beige - 170x240,1,0,hidden,,Galaxy Rug 900 Beige 170x240,,,taxable,parent,0,0,,0,0,,170,240,0.6,0,,,2076,,,,,,,46183593,,,,,,3,,,Size,170x240,,1,,,,,,,,,,,,,,,,,,,,,,,,,,,,,,,,,,,,,170x240,,,,,,,,,,,,1786452868,,,,,,,,,,,,FJJ9I-170-240-E,,,,,,,,,,,,,,,,,,,
21735,variation,48997516,,Galaxy Rug 900 Beige - 200x290,1,0,hidden,,Galaxy Rug 900 Beige 200x290,,,taxable,parent,0,0,,0,0,,200,290,0.6,0,,,2716,,,,,,,46183593,,,,,,4,,,Size,200x290,,1,,,,,,,,,,,,,,,,,,,,,,,,,,,,,,,,,,,,,200x290,,,,,,,,,,,,1786452867,,,,,,,,,,,,FJJ9I-200-290-E,,,,,,,,,,,,,,,,,,,
21754,variation,48997525,,Iglesia Rug 100 Grey - 80x150,1,0,hidden,,Iglesia Rug 100 Grey 80x150,,,taxable,parent,0,0,,0,0,,80,150,1,0,,,1196,,,,,,,46183594,,,,,,1,,,Size,80x150,,1,,,,,,,,,,,,,,,,,,,,,,,,,,,,,,,,,,,,,80x150,,,,,,,,,,,,1786452869,,,,,,,,,,,,V1DKR-80-150-E,,,,,,,,,,,,,,,,,,,
21755,variation,48997523,,Iglesia Rug 100 Grey - 120x170,1,0,hidden,,Iglesia Rug 100 Grey 120x170,,,taxable,parent,0,0,,0,0,,120,170,1,0,,,1596,,,,,,,46183594,,,,,,2,,,Size,120x170,,1,,,,,,,,,,,,,,,,,,,,,,,,,,,,,,,,,,,,,120x170,,,,,,,,,,,,1786452869,,,,,,,,,,,,V1DKR-120-170-E,,,,,,,,,,,,,,,,,,,
21756,variation,48997522,,Iglesia Rug 100 Grey - 160x230,1,0,hidden,,Iglesia Rug 100 Grey 160x230,,,taxable,parent,0,0,,0,0,,160,230,1,0,,,2476,,,,,,,46183594,,,,,,3,,,Size,160x230,,1,,,,,,,,,,,,,,,,,,,,,,,,,,,,,,,,,,,,,160x230,,,,,,,,,,,,1786452868,,,,,,,,,,,,V1DKR-160-230-E,,,,,,,,,,,,,,,,,,,
21757,variation,48997524,,Iglesia Rug 100 Grey - 200x290,1,0,hidden,,Iglesia Rug 100 Grey 200x290,,,taxable,parent,0,0,,0,0,,200,290,1,0,,,3516,,,,,,,46183594,,,,,,4,,,Size,200x290,,1,,,,,,,,,,,,,,,,,,,,,,,,,,,,,,,,,,,,,200x290,,,,,,,,,,,,1786452869,,,,,,,,,,,,V1DKR-200-290-E,,,,,,,,,,,,,,,,,,,
21776,variation,48997533,,Iglesia Rug 200 Taupe - 80x150,1,0,hidden,,Iglesia Rug 200 Taupe 80x150,,,taxable,parent,0,0,,0,0,,80,150,1,0,,,1196,,,,,,,46183595,,,,,,1,,,Size,80x150,,1,,,,,,,,,,,,,,,,,,,,,,,,,,,,,,,,,,,,,80x150,,,,,,,,,,,,1786452871,,,,,,,,,,,,ENHLA-80-150-E,,,,,,,,,,,,,,,,,,,
21777,variation,48997531,,Iglesia Rug 200 Taupe - 120x170,1,0,hidden,,Iglesia Rug 200 Taupe 120x170,,,taxable,parent,0,0,,0,0,,120,170,1,0,,,1596,,,,,,,46183595,,,,,,2,,,Size,120x170,,1,,,,,,,,,,,,,,,,,,,,,,,,,,,,,,,,,,,,,120x170,,,,,,,,,,,,1786452870,,,,,,,,,,,,ENHLA-120-170-E,,,,,,,,,,,,,,,,,,,
21778,variation,48997530,,Iglesia Rug 200 Taupe - 160x230,1,0,hidden,,Iglesia Rug 200 Taupe 160x230,,,taxable,parent,0,0,,0,0,,160,230,1,0,,,2476,,,,,,,46183595,,,,,,3,,,Size,160x230,,1,,,,,,,,,,,,,,,,,,,,,,,,,,,,,,,,,,,,,160x230,,,,,,,,,,,,1786452870,,,,,,,,,,,,ENHLA-160-230-E,,,,,,,,,,,,,,,,,,,
21779,variation,48997532,,Iglesia Rug 200 Taupe - 200x290,1,0,hidden,,Iglesia Rug 200 Taupe 200x290,,,taxable,parent,0,0,,0,0,,200,290,1,0,,,3516,,,,,,,46183595,,,,,,4,,,Size,200x290,,1,,,,,,,,,,,,,,,,,,,,,,,,,,,,,,,,,,,,,200x290,,,,,,,,,,,,1786452871,,,,,,,,,,,,ENHLA-200-290-E,,,,,,,,,,,,,,,,,,,
21920,variable,46183605,,Rabbit Animal Rug 400 Ivory/Taupe/White,1,0,hidden,Rabbit Animal Rug 400 Ivory/Taupe/White ,Rabbit Animal Rug 400 Ivory/Taupe/White ,,,taxable,,0,,,0,0,,,,,1,,,,"Rooms > Bedroom, Rooms > Living room, Rugs > Modern, Rugs",,,"https://rugshop.eu/wp-content/uploads/2021/09/rabbit-animal-rug-400-ivory-taupe-white.jpg, https://rugshop.eu/wp-content/uploads/2021/09/rabbit-animal-rug-400-ivory-taupe-white-1.jpg, https://rugshop.eu/wp-content/uploads/2021/09/rabbit-animal-rug-400-ivory-taupe-white-2.jpg, https://rugshop.eu/wp-content/uploads/2021/09/rabbit-animal-rug-400-ivory-taupe-white-3.jpg, https://rugshop.eu/wp-content/uploads/2021/09/rabbit-animal-rug-400-ivory-taupe-white-4.jpg, https://rugshop.eu/wp-content/uploads/2021/09/rabbit-animal-rug-400-ivory-taupe-white-5.jpg, https://rugshop.eu/wp-content/uploads/2021/09/rabbit-animal-rug-400-ivory-taupe-white-6.jpg, https://rugshop.eu/wp-content/uploads/2021/09/rabbit-animal-rug-400-ivory-taupe-white-7.jpg",,,,,,,,,4925,,,Size,"120x160, 160x230",1,1,Brand,D-sign,1,1,Color,White-Beige,1,1,Type of color,Multicolor,1,1,Shape,Rectangular,1,1,Material,Polyester,1,1,Type of rug,Modern,1,1,Weave,Handmade,1,1,Country,China,1,1,Age,New,1,1,,,,,,,,,,,,,1786452881,yes,yes,,,,,,,,,,,,,,,,,,,,,,,,,,,,,
21921,variable,46183606,,Rabbit Animal Rug 400 Grey/White,1,0,hidden,Rabbit Animal Rug 400 Grey/White ,Rabbit Animal Rug 400 Grey/White ,,,taxable,,0,,,0,0,,,,,1,,,,"Rooms > Bedroom, Rooms > Living room, Rugs > Modern, Rugs",,,"https://rugshop.eu/wp-content/uploads/2021/09/rabbit-animal-rug-400-grey-white.jpg, https://rugshop.eu/wp-content/uploads/2021/09/rabbit-animal-rug-400-grey-white-1.jpg, https://rugshop.eu/wp-content/uploads/2021/09/rabbit-animal-rug-400-grey-white-2.jpg, https://rugshop.eu/wp-content/uploads/2021/09/rabbit-animal-rug-400-grey-white-3.jpg, https://rugshop.eu/wp-content/uploads/2021/09/rabbit-animal-rug-400-grey-white-4.jpg, https://rugshop.eu/wp-content/uploads/2021/09/rabbit-animal-rug-400-grey-white-5.jpg, https://rugshop.eu/wp-content/uploads/2021/09/rabbit-animal-rug-400-grey-white-6.jpg, https://rugshop.eu/wp-content/uploads/2021/09/rabbit-animal-rug-400-grey-white-7.jpg",,,,,,,,,4924,,,Size,"120x160, 160x230",1,1,Brand,D-sign,1,1,Color,Black-Grey,1,1,Type of color,Multicolor,1,1,Shape,Rectangular,1,1,Material,Polyester,1,1,Type of rug,Modern,1,1,Weave,Handmade,1,1,Country,China,1,1,Age,New,1,1,,,,,,,,,,,,,1786452883,yes,yes,,,,,,,,,,,,,,,,,,,,,,,,,,,,,
21944,variable,46183607,,Rabbit Animal Rug 400 Black/White,1,0,hidden,Rabbit Animal Rug 400 Black/White ,Rabbit Animal Rug 400 Black/White ,,,taxable,,0,,,0,0,,,,,1,,,,"Rooms > Bedroom, Rooms > Living room, Rugs > Modern, Rugs",,,"https://rugshop.eu/wp-content/uploads/2021/09/rabbit-animal-rug-400-black-white.jpg, https://rugshop.eu/wp-content/uploads/2021/09/rabbit-animal-rug-400-black-white-1.jpg, https://rugshop.eu/wp-content/uploads/2021/09/rabbit-animal-rug-400-black-white-2.jpg, https://rugshop.eu/wp-content/uploads/2021/09/rabbit-animal-rug-400-black-white-3.jpg, https://rugshop.eu/wp-content/uploads/2021/09/rabbit-animal-rug-400-black-white-4.jpg, https://rugshop.eu/wp-content/uploads/2021/09/rabbit-animal-rug-400-black-white-5.jpg, https://rugshop.eu/wp-content/uploads/2021/09/rabbit-animal-rug-400-black-white-6.jpg, https://rugshop.eu/wp-content/uploads/2021/09/rabbit-animal-rug-400-black-white-7.jpg",,,,,,,,,4923,,,Size,"120x160, 160x230",1,1,Brand,D-sign,1,1,Color,Black-Grey,1,1,Type of color,Multicolor,1,1,Shape,Rectangular,1,1,Material,Polyester,1,1,Type of rug,Modern,1,1,Weave,Handmade,1,1,Country,China,1,1,Age,New,1,1,,,,,,,,,,,,,1786452884,yes,yes,,,,,,,,,,,,,,,,,,,,,,,,,,,,,
21945,variable,46183608,,Rabbit Animal Rug 500 Purple/White,1,0,hidden,Rabbit Animal Rug 500 Purple/White ,Rabbit Animal Rug 500 Purple/White ,,,taxable,,0,,,0,0,,,,,1,,,,"Rooms > Bedroom, Rooms > Living room, Rugs > Modern, Rugs",,,"https://rugshop.eu/wp-content/uploads/2021/09/rabbit-animal-rug-500-purple-white.jpg, https://rugshop.eu/wp-content/uploads/2021/09/rabbit-animal-rug-500-purple-white-1.jpg, https://rugshop.eu/wp-content/uploads/2021/09/rabbit-animal-rug-500-purple-white-2.jpg, https://rugshop.eu/wp-content/uploads/2021/09/rabbit-animal-rug-500-purple-white-3.jpg, https://rugshop.eu/wp-content/uploads/2021/09/rabbit-animal-rug-500-purple-white-4.jpg, https://rugshop.eu/wp-content/uploads/2021/09/rabbit-animal-rug-500-purple-white-5.jpg, https://rugshop.eu/wp-content/uploads/2021/09/rabbit-animal-rug-500-purple-white-6.jpg, https://rugshop.eu/wp-content/uploads/2021/09/rabbit-animal-rug-500-purple-white-7.jpg",,,,,,,,,4928,,,Size,"120x160, 160x230",1,1,Brand,D-sign,1,1,Color,Pink-Purple,1,1,Type of color,Multicolor,1,1,Shape,Rectangular,1,1,Material,Polyester,1,1,Type of rug,Modern,1,1,Weave,Handmade,1,1,Country,China,1,1,Age,New,1,1,,,,,,,,,,,,,1786452885,yes,yes,,,,,,,,,,,,,,,,,,,,,,,,,,,,,
21967,variable,46183609,,Rabbit Animal Rug 500 Pink/White,1,0,hidden,Rabbit Animal Rug 500 Pink/White ,Rabbit Animal Rug 500 Pink/White ,,,taxable,,0,,,0,0,,,,,1,,,,"Rooms > Bedroom, Rooms > Living room, Rugs > Modern, Rugs",,,"https://rugshop.eu/wp-content/uploads/2021/09/rabbit-animal-rug-500-pink-white.jpg, https://rugshop.eu/wp-content/uploads/2021/09/rabbit-animal-rug-500-pink-white-1.jpg, https://rugshop.eu/wp-content/uploads/2021/09/rabbit-animal-rug-500-pink-white-2.jpg, https://rugshop.eu/wp-content/uploads/2021/09/rabbit-animal-rug-500-pink-white-3.jpg, https://rugshop.eu/wp-content/uploads/2021/09/rabbit-animal-rug-500-pink-white-4.jpg, https://rugshop.eu/wp-content/uploads/2021/09/rabbit-animal-rug-500-pink-white-5.jpg, https://rugshop.eu/wp-content/uploads/2021/09/rabbit-animal-rug-500-pink-white-6.jpg, https://rugshop.eu/wp-content/uploads/2021/09/rabbit-animal-rug-500-pink-white-7.jpg",,,,,,,,,4927,,,Size,"120x160, 160x230",1,1,Brand,D-sign,1,1,Color,Pink-Purple,1,1,Type of color,Multicolor,1,1,Shape,Rectangular,1,1,Material,Polyester,1,1,Type of rug,Modern,1,1,Weave,Handmade,1,1,Country,China,1,1,Age,New,1,1,,,,,,,,,,,,,1786452886,yes,yes,,,,,,,,,,,,,,,,,,,,,,,,,,,,,
21968,variable,46183610,,Rabbit Animal Rug 500 Black/White,1,0,hidden,Rabbit Animal Rug 500 Black/White ,Rabbit Animal Rug 500 Black/White ,,,taxable,,0,,,0,0,,,,,1,,,,"Rooms > Bedroom, Rooms > Living room, Rugs > Modern, Rugs",,,"https://rugshop.eu/wp-content/uploads/2021/09/rabbit-animal-rug-500-black-white.jpg, https://rugshop.eu/wp-content/uploads/2021/09/rabbit-animal-rug-500-black-white-1.jpg, https://rugshop.eu/wp-content/uploads/2021/09/rabbit-animal-rug-500-black-white-2.jpg, https://rugshop.eu/wp-content/uploads/2021/09/rabbit-animal-rug-500-black-white-3.jpg, https://rugshop.eu/wp-content/uploads/2021/09/rabbit-animal-rug-500-black-white-4.jpg, https://rugshop.eu/wp-content/uploads/2021/09/rabbit-animal-rug-500-black-white-5.jpg, https://rugshop.eu/wp-content/uploads/2021/09/rabbit-animal-rug-500-black-white-6.jpg, https://rugshop.eu/wp-content/uploads/2021/09/rabbit-animal-rug-500-black-white-7.jpg",,,,,,,,,4926,,,Size,"120x160, 160x230",1,1,Brand,D-sign,1,1,Color,Black-Grey,1,1,Type of color,Multicolor,1,1,Shape,Rectangular,1,1,Material,Polyester,1,1,Type of rug,Modern,1,1,Weave,Handmade,1,1,Country,China,1,1,Age,New,1,1,,,,,,,,,,,,,1786452887,yes,yes,,,,,,,,,,,,,,,,,,,,,,,,,,,,,
21994,variable,46183611,,Rabbit Animal Rug 500 Taupe/White,1,0,hidden,Rabbit Animal Rug 500 Taupe/White ,Rabbit Animal Rug 500 Taupe/White ,,,taxable,,0,,,0,0,,,,,1,,,,"Rooms > Bedroom, Rooms > Living room, Rugs > Modern, Rugs",,,"https://rugshop.eu/wp-content/uploads/2021/09/rabbit-animal-rug-500-taupe-white.jpg, https://rugshop.eu/wp-content/uploads/2021/09/rabbit-animal-rug-500-taupe-white-1.jpg, https://rugshop.eu/wp-content/uploads/2021/09/rabbit-animal-rug-500-taupe-white-2.jpg, https://rugshop.eu/wp-content/uploads/2021/09/rabbit-animal-rug-500-taupe-white-3.jpg, https://rugshop.eu/wp-content/uploads/2021/09/rabbit-animal-rug-500-taupe-white-4.jpg, https://rugshop.eu/wp-content/uploads/2021/09/rabbit-animal-rug-500-taupe-white-5.jpg, https://rugshop.eu/wp-content/uploads/2021/09/rabbit-animal-rug-500-taupe-white-6.jpg, https://rugshop.eu/wp-content/uploads/2021/09/rabbit-animal-rug-500-taupe-white-7.jpg",,,,,,,,,4929,,,Size,"120x160, 160x230",1,1,Brand,D-sign,1,1,Color,Yellow-Brown,1,1,Type of color,Multicolor,1,1,Shape,Rectangular,1,1,Material,Polyester,1,1,Type of rug,Modern,1,1,Weave,Handmade,1,1,Country,China,1,1,Age,New,1,1,,,,,,,,,,,,,1786452905,yes,yes,,,,,,,,,,,,,,,,,,,,,,,,,,,,,
22010,variation,48998352,,Rabbit Animal Rug 400 Ivory/Taupe/White - 120x160,1,0,hidden,,Rabbit Animal Rug 400 Ivory/Taupe/White 120x160,,,taxable,parent,0,0,,0,0,,120,160,3,0,,,2076,,,,,,,46183605,,,,,,1,,,Size,120x160,,1,,,,,,,,,,,,,,,,,,,,,,,,,,,,,,,,,,,,,120x160,,,,,,,,,,,,1786452871,,,,,,,,,,,,RLY14-120-160-E,,,,,,,,,,,,,,,,,,,
22011,variation,48998353,,Rabbit Animal Rug 400 Ivory/Taupe/White - 160x230,1,0,hidden,,Rabbit Animal Rug 400 Ivory/Taupe/White 160x230,,,taxable,parent,0,0,,0,0,,160,230,3,0,,,3516,,,,,,,46183605,,,,,,2,,,Size,160x230,,1,,,,,,,,,,,,,,,,,,,,,,,,,,,,,,,,,,,,,160x230,,,,,,,,,,,,1786452871,,,,,,,,,,,,RLY14-160-230-E,,,,,,,,,,,,,,,,,,,
22022,variation,48998358,,Rabbit Animal Rug 400 Grey/White - 120x160,1,0,hidden,,Rabbit Animal Rug 400 Grey/White 120x160,,,taxable,parent,0,0,,0,0,,120,160,3,0,,,2076,,,,,,,46183606,,,,,,1,,,Size,120x160,,1,,,,,,,,,,,,,,,,,,,,,,,,,,,,,,,,,,,,,120x160,,,,,,,,,,,,1786452872,,,,,,,,,,,,9O23W-120-160-E,,,,,,,,,,,,,,,,,,,
22023,variation,48998357,,Rabbit Animal Rug 400 Grey/White - 160x230,1,0,hidden,,Rabbit Animal Rug 400 Grey/White 160x230,,,taxable,parent,0,0,,0,0,,160,230,3,0,,,3516,,,,,,,46183606,,,,,,2,,,Size,160x230,,1,,,,,,,,,,,,,,,,,,,,,,,,,,,,,,,,,,,,,160x230,,,,,,,,,,,,1786452872,,,,,,,,,,,,9O23W-160-230-E,,,,,,,,,,,,,,,,,,,
22033,variation,48998383,,Rabbit Animal Rug 400 Black/White - 120x160,1,0,hidden,,Rabbit Animal Rug 400 Black/White 120x160,,,taxable,parent,0,0,,0,0,,120,160,3,0,,,2076,,,,,,,46183607,,,,,,1,,,Size,120x160,,1,,,,,,,,,,,,,,,,,,,,,,,,,,,,,,,,,,,,,120x160,,,,,,,,,,,,1786452872,,,,,,,,,,,,M2C4S-120-160-E,,,,,,,,,,,,,,,,,,,
22034,variation,48998382,,Rabbit Animal Rug 400 Black/White - 160x230,1,0,hidden,,Rabbit Animal Rug 400 Black/White 160x230,,,taxable,parent,0,0,,0,0,,160,230,3,0,,,3516,,,,,,,46183607,,,,,,2,,,Size,160x230,,1,,,,,,,,,,,,,,,,,,,,,,,,,,,,,,,,,,,,,160x230,,,,,,,,,,,,1786452872,,,,,,,,,,,,M2C4S-160-230-E,,,,,,,,,,,,,,,,,,,
22045,variation,48998388,,Rabbit Animal Rug 500 Purple/White - 120x160,1,0,hidden,,Rabbit Animal Rug 500 Purple/White 120x160,,,taxable,parent,0,0,,0,0,,120,160,3,0,,,2076,,,,,,,46183608,,,,,,1,,,Size,120x160,,1,,,,,,,,,,,,,,,,,,,,,,,,,,,,,,,,,,,,,120x160,,,,,,,,,,,,1786452873,,,,,,,,,,,,7WXXC-120-160-E,,,,,,,,,,,,,,,,,,,
22046,variation,48998389,,Rabbit Animal Rug 500 Purple/White - 160x230,1,0,hidden,,Rabbit Animal Rug 500 Purple/White 160x230,,,taxable,parent,0,0,,0,0,,160,230,3,0,,,3516,,,,,,,46183608,,,,,,2,,,Size,160x230,,1,,,,,,,,,,,,,,,,,,,,,,,,,,,,,,,,,,,,,160x230,,,,,,,,,,,,1786452873,,,,,,,,,,,,7WXXC-160-230-E,,,,,,,,,,,,,,,,,,,
22056,variation,48998392,,Rabbit Animal Rug 500 Pink/White - 120x160,1,0,hidden,,Rabbit Animal Rug 500 Pink/White 120x160,,,taxable,parent,0,0,,0,0,,120,160,3,0,,,2076,,,,,,,46183609,,,,,,1,,,Size,120x160,,1,,,,,,,,,,,,,,,,,,,,,,,,,,,,,,,,,,,,,120x160,,,,,,,,,,,,1786452873,,,,,,,,,,,,BFLAK-120-160-E,,,,,,,,,,,,,,,,,,,
22057,variation,48998393,,Rabbit Animal Rug 500 Pink/White - 160x230,1,0,hidden,,Rabbit Animal Rug 500 Pink/White 160x230,,,taxable,parent,0,0,,0,0,,160,230,3,0,,,3516,,,,,,,46183609,,,,,,2,,,Size,160x230,,1,,,,,,,,,,,,,,,,,,,,,,,,,,,,,,,,,,,,,160x230,,,,,,,,,,,,1786452873,,,,,,,,,,,,BFLAK-160-230-E,,,,,,,,,,,,,,,,,,,
22068,variation,48998395,,Rabbit Animal Rug 500 Black/White - 120x160,1,0,hidden,,Rabbit Animal Rug 500 Black/White 120x160,,,taxable,parent,0,0,,0,0,,120,160,3,0,,,2076,,,,,,,46183610,,,,,,1,,,Size,120x160,,1,,,,,,,,,,,,,,,,,,,,,,,,,,,,,,,,,,,,,120x160,,,,,,,,,,,,1786452874,,,,,,,,,,,,7ODIO-120-160-E,,,,,,,,,,,,,,,,,,,
22069,variation,48998394,,Rabbit Animal Rug 500 Black/White - 160x230,1,0,hidden,,Rabbit Animal Rug 500 Black/White 160x230,,,taxable,parent,0,0,,0,0,,160,230,3,0,,,3516,,,,,,,46183610,,,,,,2,,,Size,160x230,,1,,,,,,,,,,,,,,,,,,,,,,,,,,,,,,,,,,,,,160x230,,,,,,,,,,,,1786452874,,,,,,,,,,,,7ODIO-160-230-E,,,,,,,,,,,,,,,,,,,
22079,variation,48998398,,Rabbit Animal Rug 500 Taupe/White - 120x160,1,0,hidden,,Rabbit Animal Rug 500 Taupe/White 120x160,,,taxable,parent,0,0,,0,0,,120,160,3,0,,,2076,,,,,,,46183611,,,,,,1,,,Size,120x160,,1,,,,,,,,,,,,,,,,,,,,,,,,,,,,,,,,,,,,,120x160,,,,,,,,,,,,1786452890,,,,,,,,,,,,AGTS1-120-160-E,,,,,,,,,,,,,,,,,,,
22080,variation,48998399,,Rabbit Animal Rug 500 Taupe/White - 160x230,1,0,hidden,,Rabbit Animal Rug 500 Taupe/White 160x230,,,taxable,parent,0,0,,0,0,,160,230,3,0,,,3516,,,,,,,46183611,,,,,,2,,,Size,160x230,,1,,,,,,,,,,,,,,,,,,,,,,,,,,,,,,,,,,,,,160x230,,,,,,,,,,,,1786452891,,,,,,,,,,,,AGTS1-160-230-E,,,,,,,,,,,,,,,,,,,
22129,variable,46183617,,Monroe Rug 100 White,1,0,hidden,Monroe Rug 100 White ,Monroe Rug 100 White ,,,taxable,,0,,,0,0,,,,,1,,,,"Rooms > Bedroom, Rooms > Entrance & Corridor, Rooms > Kitchen, Rooms > Living room, Rugs > Modern, Rugs",,,"https://rugshop.eu/wp-content/uploads/2021/09/monroe-rug-100-white.jpg, https://rugshop.eu/wp-content/uploads/2021/09/monroe-rug-100-white-1.jpg, https://rugshop.eu/wp-content/uploads/2021/09/monroe-rug-100-white-2.jpg, https://rugshop.eu/wp-content/uploads/2021/09/monroe-rug-100-white-3.jpg, https://rugshop.eu/wp-content/uploads/2021/09/monroe-rug-100-white-4.jpg, https://rugshop.eu/wp-content/uploads/2021/09/monroe-rug-100-white-5.jpg, https://rugshop.eu/wp-content/uploads/2021/09/monroe-rug-100-white-6.jpg, https://rugshop.eu/wp-content/uploads/2021/09/monroe-rug-100-white-7.jpg, https://rugshop.eu/wp-content/uploads/2021/09/monroe-rug-100-white-8.jpg, https://rugshop.eu/wp-content/uploads/2021/09/monroe-rug-100-white-9.jpg, https://rugshop.eu/wp-content/uploads/2021/09/monroe-rug-100-white-10.jpg, https://rugshop.eu/wp-content/uploads/2021/09/monroe-rug-100-white-11.jpg, https://rugshop.eu/wp-content/uploads/2021/09/monroe-rug-100-white-12.jpg, https://rugshop.eu/wp-content/uploads/2021/09/monroe-rug-100-white-13.jpg, https://rugshop.eu/wp-content/uploads/2021/09/monroe-rug-100-white-14.jpg, https://rugshop.eu/wp-content/uploads/2021/09/monroe-rug-100-white-15.jpg, https://rugshop.eu/wp-content/uploads/2021/09/monroe-rug-100-white-16.jpg, https://rugshop.eu/wp-content/uploads/2021/09/monroe-rug-100-white-17.jpg, https://rugshop.eu/wp-content/uploads/2021/09/monroe-rug-100-white-18.jpg, https://rugshop.eu/wp-content/uploads/2021/09/monroe-rug-100-white-19.jpg",,,,,,,,,4679,,,Size,"120x170, 160x230, 200x290, 80x150, 80x300",1,1,Brand,D-sign,1,1,Color,White-Beige,1,1,Type of color,Multicolor,1,1,Shape,"Rectangular, Runner",1,1,Material,Polyester,1,1,Type of rug,Modern,1,1,Weave,Handmade,1,1,Country,China,1,1,Age,New,1,1,,,,,,,,,,,,,1786452907,yes,yes,,,,,,,,,classic-editor,,,,,,,,,,,,,,,,,,,,
22183,variable,46183619,,Monroe Rug 200 Cream,1,0,hidden,Monroe Rug 200 Cream ,Monroe Rug 200 Cream ,,,taxable,,0,,,0,0,,,,,1,,,,"Rooms > Bedroom, Rooms > Entrance & Corridor, Rooms > Kitchen, Rooms > Living room, Rugs > Modern, Rugs",,,"https://rugshop.eu/wp-content/uploads/2021/09/monroe-rug-200-cream.jpg, https://rugshop.eu/wp-content/uploads/2021/09/monroe-rug-200-cream-1.jpg, https://rugshop.eu/wp-content/uploads/2021/09/monroe-rug-200-cream-2.jpg, https://rugshop.eu/wp-content/uploads/2021/09/monroe-rug-200-cream-3.jpg, https://rugshop.eu/wp-content/uploads/2021/09/monroe-rug-200-cream-4.jpg, https://rugshop.eu/wp-content/uploads/2021/09/monroe-rug-200-cream-5.jpg, https://rugshop.eu/wp-content/uploads/2021/09/monroe-rug-200-cream-6.jpg, https://rugshop.eu/wp-content/uploads/2021/09/monroe-rug-200-cream-7.jpg, https://rugshop.eu/wp-content/uploads/2021/09/monroe-rug-200-cream-8.jpg, https://rugshop.eu/wp-content/uploads/2021/09/monroe-rug-200-cream-9.jpg, https://rugshop.eu/wp-content/uploads/2021/09/monroe-rug-200-cream-10.jpg, https://rugshop.eu/wp-content/uploads/2021/09/monroe-rug-200-cream-11.jpg, https://rugshop.eu/wp-content/uploads/2021/09/monroe-rug-200-cream-12.jpg, https://rugshop.eu/wp-content/uploads/2021/09/monroe-rug-200-cream-13.jpg, https://rugshop.eu/wp-content/uploads/2021/09/monroe-rug-200-cream-14.jpg, https://rugshop.eu/wp-content/uploads/2021/09/monroe-rug-200-cream-15.jpg, https://rugshop.eu/wp-content/uploads/2021/09/monroe-rug-200-cream-16.jpg, https://rugshop.eu/wp-content/uploads/2021/09/monroe-rug-200-cream-17.jpg, https://rugshop.eu/wp-content/uploads/2021/09/monroe-rug-200-cream-18.jpg, https://rugshop.eu/wp-content/uploads/2021/09/monroe-rug-200-cream-19.jpg",,,,,,,,,4681,,,Size,"120x170, 160x230, 200x290, 80x150, 80x300",1,1,Brand,D-sign,1,1,Color,White-Beige,1,1,Type of color,Multicolor,1,1,Shape,"Rectangular, Runner",1,1,Material,Polyester,1,1,Type of rug,Modern,1,1,Weave,Handmade,1,1,Country,China,1,1,Age,New,1,1,,,,,,,,,,,,,1786452910,yes,yes,,,,,,,,,classic-editor,,,,,,,,,,,,,,,,,,,,
22210,variable,46183620,,Monroe Rug 200 Grey/Blue,1,0,hidden,Monroe Rug 200 Grey/Blue ,Monroe Rug 200 Grey/Blue ,,,taxable,,0,,,0,0,,,,,1,,,,"Rooms > Bedroom, Rooms > Entrance & Corridor, Rooms > Kitchen, Rooms > Living room, Rugs > Modern, Rugs",,,"https://rugshop.eu/wp-content/uploads/2021/09/monroe-rug-200-grey-blue.jpg, https://rugshop.eu/wp-content/uploads/2021/09/monroe-rug-200-grey-blue-1.jpg, https://rugshop.eu/wp-content/uploads/2021/09/monroe-rug-200-grey-blue-2.jpg, https://rugshop.eu/wp-content/uploads/2021/09/monroe-rug-200-grey-blue-3.jpg, https://rugshop.eu/wp-content/uploads/2021/09/monroe-rug-200-grey-blue-4.jpg, https://rugshop.eu/wp-content/uploads/2021/09/monroe-rug-200-grey-blue-5.jpg, https://rugshop.eu/wp-content/uploads/2021/09/monroe-rug-200-grey-blue-6.jpg, https://rugshop.eu/wp-content/uploads/2021/09/monroe-rug-200-grey-blue-7.jpg, https://rugshop.eu/wp-content/uploads/2021/09/monroe-rug-200-grey-blue-8.jpg, https://rugshop.eu/wp-content/uploads/2021/09/monroe-rug-200-grey-blue-9.jpg, https://rugshop.eu/wp-content/uploads/2021/09/monroe-rug-200-grey-blue-10.jpg, https://rugshop.eu/wp-content/uploads/2021/09/monroe-rug-200-grey-blue-11.jpg, https://rugshop.eu/wp-content/uploads/2021/09/monroe-rug-200-grey-blue-12.jpg, https://rugshop.eu/wp-content/uploads/2021/09/monroe-rug-200-grey-blue-13.jpg, https://rugshop.eu/wp-content/uploads/2021/09/monroe-rug-200-grey-blue-14.jpg, https://rugshop.eu/wp-content/uploads/2021/09/monroe-rug-200-grey-blue-15.jpg, https://rugshop.eu/wp-content/uploads/2021/09/monroe-rug-200-grey-blue-16.jpg, https://rugshop.eu/wp-content/uploads/2021/09/monroe-rug-200-grey-blue-17.jpg, https://rugshop.eu/wp-content/uploads/2021/09/monroe-rug-200-grey-blue-18.jpg, https://rugshop.eu/wp-content/uploads/2021/09/monroe-rug-200-grey-blue-19.jpg",,,,,,,,,4682,,,Size,"120x170, 160x230, 200x290, 80x150, 80x300",1,1,Brand,D-sign,1,1,Color,Black-Grey,1,1,Type of color,Multicolor,1,1,Shape,"Rectangular, Runner",1,1,Material,Polyester,1,1,Type of rug,Modern,1,1,Weave,Handmade,1,1,Country,China,1,1,Age,New,1,1,,,,,,,,,,,,,1786452912,yes,yes,,,,,,,,,classic-editor,,,,,,,,,,,,,,,,,,,,
22237,variable,46183621,,Monroe Rug 200 Pink,1,0,hidden,Monroe Rug 200 Pink ,Monroe Rug 200 Pink ,,,taxable,,0,,,0,0,,,,,1,,,,"Rooms > Bedroom, Rooms > Entrance & Corridor, Rooms > Kitchen, Rooms > Living room, Rugs > Modern, Rugs",,,"https://rugshop.eu/wp-content/uploads/2021/09/monroe-rug-200-pink.jpg, https://rugshop.eu/wp-content/uploads/2021/09/monroe-rug-200-pink-1.jpg, https://rugshop.eu/wp-content/uploads/2021/09/monroe-rug-200-pink-2.jpg, https://rugshop.eu/wp-content/uploads/2021/09/monroe-rug-200-pink-3.jpg, https://rugshop.eu/wp-content/uploads/2021/09/monroe-rug-200-pink-4.jpg, https://rugshop.eu/wp-content/uploads/2021/09/monroe-rug-200-pink-5.jpg, https://rugshop.eu/wp-content/uploads/2021/09/monroe-rug-200-pink-6.jpg, https://rugshop.eu/wp-content/uploads/2021/09/monroe-rug-200-pink-7.jpg, https://rugshop.eu/wp-content/uploads/2021/09/monroe-rug-200-pink-8.jpg, https://rugshop.eu/wp-content/uploads/2021/09/monroe-rug-200-pink-9.jpg, https://rugshop.eu/wp-content/uploads/2021/09/monroe-rug-200-pink-10.jpg, https://rugshop.eu/wp-content/uploads/2021/09/monroe-rug-200-pink-11.jpg, https://rugshop.eu/wp-content/uploads/2021/09/monroe-rug-200-pink-12.jpg, https://rugshop.eu/wp-content/uploads/2021/09/monroe-rug-200-pink-13.jpg, https://rugshop.eu/wp-content/uploads/2021/09/monroe-rug-200-pink-14.jpg, https://rugshop.eu/wp-content/uploads/2021/09/monroe-rug-200-pink-15.jpg, https://rugshop.eu/wp-content/uploads/2021/09/monroe-rug-200-pink-16.jpg, https://rugshop.eu/wp-content/uploads/2021/09/monroe-rug-200-pink-17.jpg, https://rugshop.eu/wp-content/uploads/2021/09/monroe-rug-200-pink-18.jpg, https://rugshop.eu/wp-content/uploads/2021/09/monroe-rug-200-pink-19.jpg",,,,,,,,,4683,,,Size,"120x170, 160x230, 200x290, 80x150, 80x300",1,1,Brand,D-sign,1,1,Color,Pink-Purple,1,1,Type of color,Multicolor,1,1,Shape,"Rectangular, Runner",1,1,Material,Polyester,1,1,Type of rug,Modern,1,1,Weave,Handmade,1,1,Country,China,1,1,Age,New,1,1,,,,,,,,,,,,,1786452915,yes,yes,,,,,,,,,classic-editor,,,,,,,,,,,,,,,,,,,,
22238,variation,48998627,,Monroe Rug 100 White - 80x300,1,0,hidden,,Monroe Rug 100 White 80x300,,,taxable,parent,0,0,,0,0,,80,300,0.7,0,,,1196,,,,,,,46183617,,,,,,1,,,Size,80x300,,1,,,,,,,,,,,,,,,,,,,,,,,,,,,,,,,,,,,,,80x300,,,,,,,,,,,,,,,,,,,,,,,,TM4CP-80-300-E,,,,,,,,,,,,,,,,,,,
22239,variation,48998623,,Monroe Rug 100 White - 80x150,1,0,hidden,,Monroe Rug 100 White 80x150,,,taxable,parent,0,0,,0,0,,80,150,0.7,0,,,876,,,,,,,46183617,,,,,,2,,,Size,80x150,,1,,,,,,,,,,,,,,,,,,,,,,,,,,,,,,,,,,,,,80x150,,,,,,,,,,,,1786452891,,,,,,,,,,,,TM4CP-80-150-E,,,,,,,,,,,,,,,,,,,
22240,variation,48998624,,Monroe Rug 100 White - 120x170,1,0,hidden,,Monroe Rug 100 White 120x170,,,taxable,parent,0,0,,0,0,,120,170,0.7,0,,,1116,,,,,,,46183617,,,,,,3,,,Size,120x170,,1,,,,,,,,,,,,,,,,,,,,,,,,,,,,,,,,,,,,,120x170,,,,,,,,,,,,,,,,,,,,,,,,TM4CP-120-170-E,,,,,,,,,,,,,,,,,,,
22241,variation,48998625,,Monroe Rug 100 White - 160x230,1,0,hidden,,Monroe Rug 100 White 160x230,,,taxable,parent,0,0,,0,0,,160,230,0.7,0,,,1596,,,,,,,46183617,,,,,,4,,,Size,160x230,,1,,,,,,,,,,,,,,,,,,,,,,,,,,,,,,,,,,,,,160x230,,,,,,,,,,,,,,,,,,,,,,,,TM4CP-160-230-E,,,,,,,,,,,,,,,,,,,
22242,variation,48998626,,Monroe Rug 100 White - 200x290,1,0,hidden,,Monroe Rug 100 White 200x290,,,taxable,parent,0,0,,0,0,,200,290,0.7,0,,,2156,,,,,,,46183617,,,,,,5,,,Size,200x290,,1,,,,,,,,,,,,,,,,,,,,,,,,,,,,,,,,,,,,,200x290,,,,,,,,,,,,,,,,,,,,,,,,TM4CP-200-290-E,,,,,,,,,,,,,,,,,,,
22264,variable,46183622,,Monroe Rug 200 Taupe,1,0,hidden,Monroe Rug 200 Taupe ,Monroe Rug 200 Taupe ,,,taxable,,0,,,0,0,,,,,1,,,,"Rooms > Bedroom, Rooms > Entrance & Corridor, Rooms > Kitchen, Rooms > Living room, Rugs > Modern, Rugs",,,"https://rugshop.eu/wp-content/uploads/2021/09/monroe-rug-200-taupe.jpg, https://rugshop.eu/wp-content/uploads/2021/09/monroe-rug-200-taupe-1.jpg, https://rugshop.eu/wp-content/uploads/2021/09/monroe-rug-200-taupe-2.jpg, https://rugshop.eu/wp-content/uploads/2021/09/monroe-rug-200-taupe-3.jpg, https://rugshop.eu/wp-content/uploads/2021/09/monroe-rug-200-taupe-4.jpg, https://rugshop.eu/wp-content/uploads/2021/09/monroe-rug-200-taupe-5.jpg, https://rugshop.eu/wp-content/uploads/2021/09/monroe-rug-200-taupe-6.jpg, https://rugshop.eu/wp-content/uploads/2021/09/monroe-rug-200-taupe-7.jpg, https://rugshop.eu/wp-content/uploads/2021/09/monroe-rug-200-taupe-8.jpg, https://rugshop.eu/wp-content/uploads/2021/09/monroe-rug-200-taupe-9.jpg, https://rugshop.eu/wp-content/uploads/2021/09/monroe-rug-200-taupe-10.jpg, https://rugshop.eu/wp-content/uploads/2021/09/monroe-rug-200-taupe-11.jpg, https://rugshop.eu/wp-content/uploads/2021/09/monroe-rug-200-taupe-12.jpg, https://rugshop.eu/wp-content/uploads/2021/09/monroe-rug-200-taupe-13.jpg, https://rugshop.eu/wp-content/uploads/2021/09/monroe-rug-200-taupe-14.jpg, https://rugshop.eu/wp-content/uploads/2021/09/monroe-rug-200-taupe-15.jpg, https://rugshop.eu/wp-content/uploads/2021/09/monroe-rug-200-taupe-16.jpg, https://rugshop.eu/wp-content/uploads/2021/09/monroe-rug-200-taupe-17.jpg, https://rugshop.eu/wp-content/uploads/2021/09/monroe-rug-200-taupe-18.jpg, https://rugshop.eu/wp-content/uploads/2021/09/monroe-rug-200-taupe-19.jpg",,,,,,,,,4684,,,Size,"120x170, 160x230, 200x290, 80x150, 80x300",1,1,Brand,D-sign,1,1,Color,Yellow-Brown,1,1,Type of color,Multicolor,1,1,Shape,"Rectangular, Runner",1,1,Material,Polyester,1,1,Type of rug,Modern,1,1,Weave,Handmade,1,1,Country,China,1,1,Age,New,1,1,,,,,,,,,,,,,1786452917,yes,yes,,,,,,,,,classic-editor,,,,,,,,,,,,,,,,,,,,
22291,variable,46183623,,Monroe Rug 200 White,1,0,hidden,Monroe Rug 200 White ,Monroe Rug 200 White ,,,taxable,,0,,,0,0,,,,,1,,,,"Rooms > Bedroom, Rooms > Entrance & Corridor, Rooms > Kitchen, Rooms > Living room, Rugs > Modern, Rugs",,,"https://rugshop.eu/wp-content/uploads/2021/09/monroe-rug-200-white.jpg, https://rugshop.eu/wp-content/uploads/2021/09/monroe-rug-200-white-1.jpg, https://rugshop.eu/wp-content/uploads/2021/09/monroe-rug-200-white-2.jpg, https://rugshop.eu/wp-content/uploads/2021/09/monroe-rug-200-white-3.jpg, https://rugshop.eu/wp-content/uploads/2021/09/monroe-rug-200-white-4.jpg, https://rugshop.eu/wp-content/uploads/2021/09/monroe-rug-200-white-5.jpg, https://rugshop.eu/wp-content/uploads/2021/09/monroe-rug-200-white-6.jpg, https://rugshop.eu/wp-content/uploads/2021/09/monroe-rug-200-white-7.jpg, https://rugshop.eu/wp-content/uploads/2021/09/monroe-rug-200-white-8.jpg, https://rugshop.eu/wp-content/uploads/2021/09/monroe-rug-200-white-9.jpg, https://rugshop.eu/wp-content/uploads/2021/09/monroe-rug-200-white-10.jpg, https://rugshop.eu/wp-content/uploads/2021/09/monroe-rug-200-white-11.jpg, https://rugshop.eu/wp-content/uploads/2021/09/monroe-rug-200-white-12.jpg, https://rugshop.eu/wp-content/uploads/2021/09/monroe-rug-200-white-13.jpg, https://rugshop.eu/wp-content/uploads/2021/09/monroe-rug-200-white-14.jpg, https://rugshop.eu/wp-content/uploads/2021/09/monroe-rug-200-white-15.jpg, https://rugshop.eu/wp-content/uploads/2021/09/monroe-rug-200-white-16.jpg, https://rugshop.eu/wp-content/uploads/2021/09/monroe-rug-200-white-17.jpg, https://rugshop.eu/wp-content/uploads/2021/09/monroe-rug-200-white-18.jpg, https://rugshop.eu/wp-content/uploads/2021/09/monroe-rug-200-white-19.jpg",,,,,,,,,4685,,,Size,"120x170, 160x230, 200x290, 80x150, 80x300",1,1,Brand,D-sign,1,1,Color,White-Beige,1,1,Type of color,Singlecolor,1,1,Shape,"Rectangular, Runner",1,1,Material,Polyester,1,1,Type of rug,Modern,1,1,Weave,Handmade,1,1,Country,China,1,1,Age,New,1,1,,,,,,,,,,,,,1786452920,yes,yes,,,,,,,,,classic-editor,,,,,,,,,,,,,,,,,,,,
22292,variation,48998642,,Monroe Rug 200 Cream - 80x300,1,0,hidden,,Monroe Rug 200 Cream 80x300,,,taxable,parent,0,0,,0,0,,80,300,0.7,0,,,1196,,,,,,,46183619,,,,,,1,,,Size,80x300,,1,,,,,,,,,,,,,,,,,,,,,,,,,,,,,,,,,,,,,80x300,,,,,,,,,,,,1786452892,,,,,,,,,,,,TJ5G3-80-300-E,,,,,,,,,,,,,,,,,,,
22293,variation,48998640,,Monroe Rug 200 Cream - 80x150,1,0,hidden,,Monroe Rug 200 Cream 80x150,,,taxable,parent,0,0,,0,0,,80,150,0.7,0,,,876,,,,,,,46183619,,,,,,2,,,Size,80x150,,1,,,,,,,,,,,,,,,,,,,,,,,,,,,,,,,,,,,,,80x150,,,,,,,,,,,,,,,,,,,,,,,,TJ5G3-80-150-E,,,,,,,,,,,,,,,,,,,
22294,variation,48998638,,Monroe Rug 200 Cream - 120x170,1,0,hidden,,Monroe Rug 200 Cream 120x170,,,taxable,parent,0,0,,0,0,,120,170,0.7,0,,,1116,,,,,,,46183619,,,,,,3,,,Size,120x170,,1,,,,,,,,,,,,,,,,,,,,,,,,,,,,,,,,,,,,,120x170,,,,,,,,,,,,,,,,,,,,,,,,TJ5G3-120-170-E,,,,,,,,,,,,,,,,,,,
22295,variation,48998639,,Monroe Rug 200 Cream - 160x230,1,0,hidden,,Monroe Rug 200 Cream 160x230,,,taxable,parent,0,0,,0,0,,160,230,0.7,0,,,1596,,,,,,,46183619,,,,,,4,,,Size,160x230,,1,,,,,,,,,,,,,,,,,,,,,,,,,,,,,,,,,,,,,160x230,,,,,,,,,,,,,,,,,,,,,,,,TJ5G3-160-230-E,,,,,,,,,,,,,,,,,,,
22296,variation,48998641,,Monroe Rug 200 Cream - 200x290,1,0,hidden,,Monroe Rug 200 Cream 200x290,,,taxable,parent,0,0,,0,0,,200,290,0.7,0,,,2156,,,,,,,46183619,,,,,,5,,,Size,200x290,,1,,,,,,,,,,,,,,,,,,,,,,,,,,,,,,,,,,,,,200x290,,,,,,,,,,,,,,,,,,,,,,,,TJ5G3-200-290-E,,,,,,,,,,,,,,,,,,,
22319,variation,48998648,,Monroe Rug 200 Grey/Blue - 80x150,1,0,hidden,,Monroe Rug 200 Grey/Blue 80x150,,,taxable,parent,0,0,,0,0,,80,150,0.7,0,,,876,,,,,,,46183620,,,,,,1,,,Size,80x150,,1,,,,,,,,,,,,,,,,,,,,,,,,,,,,,,,,,,,,,80x150,,,,,,,,,,,,,,,,,,,,,,,,YW5DL-80-150-E,,,,,,,,,,,,,,,,,,,
22320,variation,48998645,,Monroe Rug 200 Grey/Blue - 80x300,1,0,hidden,,Monroe Rug 200 Grey/Blue 80x300,,,taxable,parent,0,0,,0,0,,80,300,0.7,0,,,1196,,,,,,,46183620,,,,,,2,,,Size,80x300,,1,,,,,,,,,,,,,,,,,,,,,,,,,,,,,,,,,,,,,80x300,,,,,,,,,,,,,,,,,,,,,,,,YW5DL-80-300-E,,,,,,,,,,,,,,,,,,,
22321,variation,48998644,,Monroe Rug 200 Grey/Blue - 120x170,1,0,hidden,,Monroe Rug 200 Grey/Blue 120x170,,,taxable,parent,0,0,,0,0,,120,170,0.7,0,,,1116,,,,,,,46183620,,,,,,3,,,Size,120x170,,1,,,,,,,,,,,,,,,,,,,,,,,,,,,,,,,,,,,,,120x170,,,,,,,,,,,,,,,,,,,,,,,,YW5DL-120-170-E,,,,,,,,,,,,,,,,,,,
22322,variation,48998646,,Monroe Rug 200 Grey/Blue - 160x230,1,0,hidden,,Monroe Rug 200 Grey/Blue 160x230,,,taxable,parent,0,0,,0,0,,160,230,0.7,0,,,1596,,,,,,,46183620,,,,,,4,,,Size,160x230,,1,,,,,,,,,,,,,,,,,,,,,,,,,,,,,,,,,,,,,160x230,,,,,,,,,,,,1786452893,,,,,,,,,,,,YW5DL-160-230-E,,,,,,,,,,,,,,,,,,,
22323,variation,48998647,,Monroe Rug 200 Grey/Blue - 200x290,1,0,hidden,,Monroe Rug 200 Grey/Blue 200x290,,,taxable,parent,0,0,,0,0,,200,290,0.7,0,,,2156,,,,,,,46183620,,,,,,5,,,Size,200x290,,1,,,,,,,,,,,,,,,,,,,,,,,,,,,,,,,,,,,,,200x290,,,,,,,,,,,,,,,,,,,,,,,,YW5DL-200-290-E,,,,,,,,,,,,,,,,,,,
22346,variation,48998652,,Monroe Rug 200 Pink - 80x150,1,0,hidden,,Monroe Rug 200 Pink 80x150,,,taxable,parent,0,0,,0,0,,80,150,0.7,0,,,876,,,,,,,46183621,,,,,,1,,,Size,80x150,,1,,,,,,,,,,,,,,,,,,,,,,,,,,,,,,,,,,,,,80x150,,,,,,,,,,,,1786452894,,,,,,,,,,,,W14DY-80-150-E,,,,,,,,,,,,,,,,,,,
22347,variation,48998651,,Monroe Rug 200 Pink - 80x300,1,0,hidden,,Monroe Rug 200 Pink 80x300,,,taxable,parent,0,0,,0,0,,80,300,0.7,0,,,1196,,,,,,,46183621,,,,,,2,,,Size,80x300,,1,,,,,,,,,,,,,,,,,,,,,,,,,,,,,,,,,,,,,80x300,,,,,,,,,,,,1786452893,,,,,,,,,,,,W14DY-80-300-E,,,,,,,,,,,,,,,,,,,
22348,variation,48998655,,Monroe Rug 200 Pink - 120x170,1,0,hidden,,Monroe Rug 200 Pink 120x170,,,taxable,parent,0,0,,0,0,,120,170,0.7,0,,,1116,,,,,,,46183621,,,,,,3,,,Size,120x170,,1,,,,,,,,,,,,,,,,,,,,,,,,,,,,,,,,,,,,,120x170,,,,,,,,,,,,1786452894,,,,,,,,,,,,W14DY-120-170-E,,,,,,,,,,,,,,,,,,,
22349,variation,48998653,,Monroe Rug 200 Pink - 160x230,1,0,hidden,,Monroe Rug 200 Pink 160x230,,,taxable,parent,0,0,,0,0,,160,230,0.7,0,,,1596,,,,,,,46183621,,,,,,4,,,Size,160x230,,1,,,,,,,,,,,,,,,,,,,,,,,,,,,,,,,,,,,,,160x230,,,,,,,,,,,,1786452894,,,,,,,,,,,,W14DY-160-230-E,,,,,,,,,,,,,,,,,,,
22350,variation,48998654,,Monroe Rug 200 Pink - 200x290,1,0,hidden,,Monroe Rug 200 Pink 200x290,,,taxable,parent,0,0,,0,0,,200,290,0.7,0,,,2156,,,,,,,46183621,,,,,,5,,,Size,200x290,,1,,,,,,,,,,,,,,,,,,,,,,,,,,,,,,,,,,,,,200x290,,,,,,,,,,,,,,,,,,,,,,,,W14DY-200-290-E,,,,,,,,,,,,,,,,,,,
22372,variable,46183626,,Monroe Rug 300 Grey/Blue,1,0,hidden,Monroe Rug 300 Grey/Blue ,Monroe Rug 300 Grey/Blue ,,,taxable,,0,,,0,0,,,,,1,,,,"Rooms > Bedroom, Rooms > Entrance & Corridor, Rooms > Kitchen, Rooms > Living room, Rugs > Modern, Rugs",,,"https://rugshop.eu/wp-content/uploads/2021/09/monroe-rug-300-grey-blue.jpg, https://rugshop.eu/wp-content/uploads/2021/09/monroe-rug-300-grey-blue-1.jpg, https://rugshop.eu/wp-content/uploads/2021/09/monroe-rug-300-grey-blue-2.jpg, https://rugshop.eu/wp-content/uploads/2021/09/monroe-rug-300-grey-blue-3.jpg, https://rugshop.eu/wp-content/uploads/2021/09/monroe-rug-300-grey-blue-4.jpg, https://rugshop.eu/wp-content/uploads/2021/09/monroe-rug-300-grey-blue-5.jpg, https://rugshop.eu/wp-content/uploads/2021/09/monroe-rug-300-grey-blue-6.jpg, https://rugshop.eu/wp-content/uploads/2021/09/monroe-rug-300-grey-blue-7.jpg, https://rugshop.eu/wp-content/uploads/2021/09/monroe-rug-300-grey-blue-8.jpg, https://rugshop.eu/wp-content/uploads/2021/09/monroe-rug-300-grey-blue-9.jpg, https://rugshop.eu/wp-content/uploads/2021/09/monroe-rug-300-grey-blue-10.jpg, https://rugshop.eu/wp-content/uploads/2021/09/monroe-rug-300-grey-blue-11.jpg, https://rugshop.eu/wp-content/uploads/2021/09/monroe-rug-300-grey-blue-12.jpg, https://rugshop.eu/wp-content/uploads/2021/09/monroe-rug-300-grey-blue-13.jpg, https://rugshop.eu/wp-content/uploads/2021/09/monroe-rug-300-grey-blue-14.jpg, https://rugshop.eu/wp-content/uploads/2021/09/monroe-rug-300-grey-blue-15.jpg, https://rugshop.eu/wp-content/uploads/2021/09/monroe-rug-300-grey-blue-16.jpg, https://rugshop.eu/wp-content/uploads/2021/09/monroe-rug-300-grey-blue-17.jpg, https://rugshop.eu/wp-content/uploads/2021/09/monroe-rug-300-grey-blue-18.jpg, https://rugshop.eu/wp-content/uploads/2021/09/monroe-rug-300-grey-blue-19.jpg",,,,,,,,,4688,,,Size,"120x170, 160x230, 200x290, 80x150, 80x300",1,1,Brand,D-sign,1,1,Color,Black-Grey,1,1,Type of color,Multicolor,1,1,Shape,"Rectangular, Runner",1,1,Material,Polyester,1,1,Type of rug,Modern,1,1,Weave,Handmade,1,1,Country,China,1,1,Age,New,1,1,,,,,,,,,,,,,1786452923,yes,yes,,,,,,,,,classic-editor,,,,,,,,,,,,,,,,,,,,
22373,variation,48998702,,Monroe Rug 200 Taupe - 80x150,1,0,hidden,,Monroe Rug 200 Taupe 80x150,,,taxable,parent,0,0,,0,0,,80,150,0.7,0,,,876,,,,,,,46183622,,,,,,1,,,Size,80x150,,1,,,,,,,,,,,,,,,,,,,,,,,,,,,,,,,,,,,,,80x150,,,,,,,,,,,,,,,,,,,,,,,,T4ARO-80-150-E,,,,,,,,,,,,,,,,,,,
22374,variation,48998700,,Monroe Rug 200 Taupe - 80x300,1,0,hidden,,Monroe Rug 200 Taupe 80x300,,,taxable,parent,0,0,,0,0,,80,300,0.7,0,,,1196,,,,,,,46183622,,,,,,2,,,Size,80x300,,1,,,,,,,,,,,,,,,,,,,,,,,,,,,,,,,,,,,,,80x300,,,,,,,,,,,,1786452895,,,,,,,,,,,,T4ARO-80-300-E,,,,,,,,,,,,,,,,,,,
22375,variation,48998698,,Monroe Rug 200 Taupe - 120x170,1,0,hidden,,Monroe Rug 200 Taupe 120x170,,,taxable,parent,0,0,,0,0,,120,170,0.7,0,,,1116,,,,,,,46183622,,,,,,3,,,Size,120x170,,1,,,,,,,,,,,,,,,,,,,,,,,,,,,,,,,,,,,,,120x170,,,,,,,,,,,,1786452895,,,,,,,,,,,,T4ARO-120-170-E,,,,,,,,,,,,,,,,,,,
22376,variation,48998701,,Monroe Rug 200 Taupe - 160x230,1,0,hidden,,Monroe Rug 200 Taupe 160x230,,,taxable,parent,0,0,,0,0,,160,230,0.7,0,,,1596,,,,,,,46183622,,,,,,4,,,Size,160x230,,1,,,,,,,,,,,,,,,,,,,,,,,,,,,,,,,,,,,,,160x230,,,,,,,,,,,,1786452896,,,,,,,,,,,,T4ARO-160-230-E,,,,,,,,,,,,,,,,,,,
22377,variation,48998699,,Monroe Rug 200 Taupe - 200x290,1,0,hidden,,Monroe Rug 200 Taupe 200x290,,,taxable,parent,0,0,,0,0,,200,290,0.7,0,,,2156,,,,,,,46183622,,,,,,5,,,Size,200x290,,1,,,,,,,,,,,,,,,,,,,,,,,,,,,,,,,,,,,,,200x290,,,,,,,,,,,,,,,,,,,,,,,,T4ARO-200-290-E,,,,,,,,,,,,,,,,,,,
22399,variable,46183627,,Monroe Rug 300 Pink,1,0,hidden,Monroe Rug 300 Pink ,Monroe Rug 300 Pink ,,,taxable,,0,,,0,0,,,,,1,,,,"Rooms > Bedroom, Rooms > Entrance & Corridor, Rooms > Kitchen, Rooms > Living room, Rugs > Modern, Rugs",,,"https://rugshop.eu/wp-content/uploads/2021/09/monroe-rug-300-pink.jpg, https://rugshop.eu/wp-content/uploads/2021/09/monroe-rug-300-pink-1.jpg, https://rugshop.eu/wp-content/uploads/2021/09/monroe-rug-300-pink-2.jpg, https://rugshop.eu/wp-content/uploads/2021/09/monroe-rug-300-pink-3.jpg, https://rugshop.eu/wp-content/uploads/2021/09/monroe-rug-300-pink-4.jpg, https://rugshop.eu/wp-content/uploads/2021/09/monroe-rug-300-pink-5.jpg, https://rugshop.eu/wp-content/uploads/2021/09/monroe-rug-300-pink-6.jpg, https://rugshop.eu/wp-content/uploads/2021/09/monroe-rug-300-pink-7.jpg, https://rugshop.eu/wp-content/uploads/2021/09/monroe-rug-300-pink-8.jpg, https://rugshop.eu/wp-content/uploads/2021/09/monroe-rug-300-pink-9.jpg, https://rugshop.eu/wp-content/uploads/2021/09/monroe-rug-300-pink-10.jpg, https://rugshop.eu/wp-content/uploads/2021/09/monroe-rug-300-pink-11.jpg, https://rugshop.eu/wp-content/uploads/2021/09/monroe-rug-300-pink-12.jpg, https://rugshop.eu/wp-content/uploads/2021/09/monroe-rug-300-pink-13.jpg, https://rugshop.eu/wp-content/uploads/2021/09/monroe-rug-300-pink-14.jpg, https://rugshop.eu/wp-content/uploads/2021/09/monroe-rug-300-pink-15.jpg, https://rugshop.eu/wp-content/uploads/2021/09/monroe-rug-300-pink-16.jpg, https://rugshop.eu/wp-content/uploads/2021/09/monroe-rug-300-pink-17.jpg, https://rugshop.eu/wp-content/uploads/2021/09/monroe-rug-300-pink-18.jpg, https://rugshop.eu/wp-content/uploads/2021/09/monroe-rug-300-pink-19.jpg",,,,,,,,,4689,,,Size,"120x170, 160x230, 200x290, 80x150, 80x300",1,1,Brand,D-sign,1,1,Color,Pink-Purple,1,1,Type of color,Multicolor,1,1,Shape,"Rectangular, Runner",1,1,Material,Polyester,1,1,Type of rug,Modern,1,1,Weave,Handmade,1,1,Country,China,1,1,Age,New,1,1,,,,,,,,,,,,,1786452926,yes,yes,,,,,,,,,classic-editor,,,,,,,,,,,,,,,,,,,,
22400,variation,48998730,,Monroe Rug 200 White - 80x300,1,0,hidden,,Monroe Rug 200 White 80x300,,,taxable,parent,0,0,,0,0,,80,300,0.7,0,,,1196,,,,,,,46183623,,,,,,1,,,Size,80x300,,1,,,,,,,,,,,,,,,,,,,,,,,,,,,,,,,,,,,,,80x300,,,,,,,,,,,,1786452897,,,,,,,,,,,,A9C4P-80-300-E,,,,,,,,,,,,,,,,,,,
22401,variation,48998729,,Monroe Rug 200 White - 80x150,1,0,hidden,,Monroe Rug 200 White 80x150,,,taxable,parent,0,0,,0,0,,80,150,0.7,0,,,876,,,,,,,46183623,,,,,,2,,,Size,80x150,,1,,,,,,,,,,,,,,,,,,,,,,,,,,,,,,,,,,,,,80x150,,,,,,,,,,,,,,,,,,,,,,,,A9C4P-80-150-E,,,,,,,,,,,,,,,,,,,
22402,variation,48998728,,Monroe Rug 200 White - 120x170,1,0,hidden,,Monroe Rug 200 White 120x170,,,taxable,parent,0,0,,0,0,,120,170,0.7,0,,,1116,,,,,,,46183623,,,,,,3,,,Size,120x170,,1,,,,,,,,,,,,,,,,,,,,,,,,,,,,,,,,,,,,,120x170,,,,,,,,,,,,1786452897,,,,,,,,,,,,A9C4P-120-170-E,,,,,,,,,,,,,,,,,,,
22403,variation,48998727,,Monroe Rug 200 White - 160x230,1,0,hidden,,Monroe Rug 200 White 160x230,,,taxable,parent,0,0,,0,0,,160,230,0.7,0,,,1596,,,,,,,46183623,,,,,,4,,,Size,160x230,,1,,,,,,,,,,,,,,,,,,,,,,,,,,,,,,,,,,,,,160x230,,,,,,,,,,,,1786452896,,,,,,,,,,,,A9C4P-160-230-E,,,,,,,,,,,,,,,,,,,
22404,variation,48998731,,Monroe Rug 200 White - 200x290,1,0,hidden,,Monroe Rug 200 White 200x290,,,taxable,parent,0,0,,0,0,,200,290,0.7,0,,,2156,,,,,,,46183623,,,,,,5,,,Size,200x290,,1,,,,,,,,,,,,,,,,,,,,,,,,,,,,,,,,,,,,,200x290,,,,,,,,,,,,,,,,,,,,,,,,A9C4P-200-290-E,,,,,,,,,,,,,,,,,,,
22480,variable,46183630,,Ocean Rug 100 Red/Beige/Anthracite,1,0,hidden,Ocean Rug 100 Red/Beige/Anthracite ,Ocean Rug 100 Red/Beige/Anthracite ,,,taxable,,0,,,0,0,,,,,1,,,,"Rooms > Bedroom, Rooms > Entrance & Corridor, Rooms > Living room, Rugs > Modern, Rugs, Rugs > Vintage",,,"https://rugshop.eu/wp-content/uploads/2021/09/ocean-rug-100-red-beige-anthracite.jpg, https://rugshop.eu/wp-content/uploads/2021/09/ocean-rug-100-red-beige-anthracite-1.jpg, https://rugshop.eu/wp-content/uploads/2021/09/ocean-rug-100-red-beige-anthracite-2.jpg, https://rugshop.eu/wp-content/uploads/2021/09/ocean-rug-100-red-beige-anthracite-3.jpg, https://rugshop.eu/wp-content/uploads/2021/09/ocean-rug-100-red-beige-anthracite-4.jpg, https://rugshop.eu/wp-content/uploads/2021/09/ocean-rug-100-red-beige-anthracite-5.jpg, https://rugshop.eu/wp-content/uploads/2021/09/ocean-rug-100-red-beige-anthracite-6.jpg, https://rugshop.eu/wp-content/uploads/2021/09/ocean-rug-100-red-beige-anthracite-7.jpg, https://rugshop.eu/wp-content/uploads/2021/09/ocean-rug-100-red-beige-anthracite-8.jpg, https://rugshop.eu/wp-content/uploads/2021/09/ocean-rug-100-red-beige-anthracite-9.jpg, https://rugshop.eu/wp-content/uploads/2021/09/ocean-rug-100-red-beige-anthracite-10.jpg, https://rugshop.eu/wp-content/uploads/2021/09/ocean-rug-100-red-beige-anthracite-11.jpg",,,,,,,,,4757,,,Size,"130x190, 170x240, 70x140",1,1,Brand,D-sign,1,1,Color,"Black-Grey, Pink-Purple",1,1,Type of color,Multicolor,1,1,Shape,"Rectangular, Runner",1,1,Material,Viscose,1,1,Type of rug,"Modern, Vintage / Colored Vintage",1,1,Weave,Handmade,1,1,Country,India,1,1,Age,New,1,1,,,,,,,,,,,,,1786452932,yes,yes,,,,,,,,,,,,,,,,,,,,,,,,,,,,,
22481,variation,48998754,,Monroe Rug 300 Grey/Blue - 80x300,1,0,hidden,,Monroe Rug 300 Grey/Blue 80x300,,,taxable,parent,0,0,,0,0,,80,300,0.7,0,,,1196,,,,,,,46183626,,,,,,1,,,Size,80x300,,1,,,,,,,,,,,,,,,,,,,,,,,,,,,,,,,,,,,,,80x300,,,,,,,,,,,,1786452897,,,,,,,,,,,,XBQEE-80-300-E,,,,,,,,,,,,,,,,,,,
22482,variation,48998752,,Monroe Rug 300 Grey/Blue - 80x150,1,0,hidden,,Monroe Rug 300 Grey/Blue 80x150,,,taxable,parent,0,0,,0,0,,80,150,0.7,0,,,876,,,,,,,46183626,,,,,,2,,,Size,80x150,,1,,,,,,,,,,,,,,,,,,,,,,,,,,,,,,,,,,,,,80x150,,,,,,,,,,,,,,,,,,,,,,,,XBQEE-80-150-E,,,,,,,,,,,,,,,,,,,
22483,variation,48998755,,Monroe Rug 300 Grey/Blue - 120x170,1,0,hidden,,Monroe Rug 300 Grey/Blue 120x170,,,taxable,parent,0,0,,0,0,,120,170,0.7,0,,,1116,,,,,,,46183626,,,,,,3,,,Size,120x170,,1,,,,,,,,,,,,,,,,,,,,,,,,,,,,,,,,,,,,,120x170,,,,,,,,,,,,,,,,,,,,,,,,XBQEE-120-170-E,,,,,,,,,,,,,,,,,,,
22484,variation,48998756,,Monroe Rug 300 Grey/Blue - 160x230,1,0,hidden,,Monroe Rug 300 Grey/Blue 160x230,,,taxable,parent,0,0,,0,0,,160,230,0.7,0,,,1596,,,,,,,46183626,,,,,,4,,,Size,160x230,,1,,,,,,,,,,,,,,,,,,,,,,,,,,,,,,,,,,,,,160x230,,,,,,,,,,,,,,,,,,,,,,,,XBQEE-160-230-E,,,,,,,,,,,,,,,,,,,
22485,variation,48998753,,Monroe Rug 300 Grey/Blue - 200x290,1,0,hidden,,Monroe Rug 300 Grey/Blue 200x290,,,taxable,parent,0,0,,0,0,,200,290,0.7,0,,,2156,,,,,,,46183626,,,,,,5,,,Size,200x290,,1,,,,,,,,,,,,,,,,,,,,,,,,,,,,,,,,,,,,,200x290,,,,,,,,,,,,,,,,,,,,,,,,XBQEE-200-290-E,,,,,,,,,,,,,,,,,,,
22507,variable,46183631,,Ocean Rug 200 Turquoise,1,0,hidden,Ocean Rug 200 Turquoise ,Ocean Rug 200 Turquoise ,,,taxable,,0,,,0,0,,,,,1,,,,"Rooms > Bedroom, Rooms > Entrance & Corridor, Rooms > Living room, Rugs > Modern, Rugs, Rugs > Vintage",,,"https://rugshop.eu/wp-content/uploads/2021/09/ocean-rug-200-turquoise.jpg, https://rugshop.eu/wp-content/uploads/2021/09/ocean-rug-200-turquoise-1.jpg, https://rugshop.eu/wp-content/uploads/2021/09/ocean-rug-200-turquoise-2.jpg, https://rugshop.eu/wp-content/uploads/2021/09/ocean-rug-200-turquoise-3.jpg, https://rugshop.eu/wp-content/uploads/2021/09/ocean-rug-200-turquoise-4.jpg, https://rugshop.eu/wp-content/uploads/2021/09/ocean-rug-200-turquoise-5.jpg, https://rugshop.eu/wp-content/uploads/2021/09/ocean-rug-200-turquoise-6.jpg, https://rugshop.eu/wp-content/uploads/2021/09/ocean-rug-200-turquoise-7.jpg, https://rugshop.eu/wp-content/uploads/2021/09/ocean-rug-200-turquoise-8.jpg, https://rugshop.eu/wp-content/uploads/2021/09/ocean-rug-200-turquoise-9.jpg, https://rugshop.eu/wp-content/uploads/2021/09/ocean-rug-200-turquoise-10.jpg, https://rugshop.eu/wp-content/uploads/2021/09/ocean-rug-200-turquoise-11.jpg",,,,,,,,,4758,,,Size,"130x190, 170x240, 70x140",1,1,Brand,D-sign,1,1,Color,Green,1,1,Type of color,Multicolor,1,1,Shape,"Rectangular, Runner",1,1,Material,Viscose,1,1,Type of rug,"Modern, Vintage / Colored Vintage",1,1,Weave,Handmade,1,1,Country,India,1,1,Age,New,1,1,,,,,,,,,,,,,1786452935,yes,yes,,,,,,,,,,,,,,,,,,,,,,,,,,,,,
22508,variable,46183632,,Ocean Rug 300 Multicolor/Blue,1,0,hidden,Ocean Rug 300 Multicolor/Blue ,Ocean Rug 300 Multicolor/Blue ,,,taxable,,0,,,0,0,,,,,1,,,,"Rooms > Bedroom, Rooms > Entrance & Corridor, Rooms > Living room, Rugs > Modern, Rugs, Rugs > Vintage",,,"https://rugshop.eu/wp-content/uploads/2021/09/ocean-rug-300-multicolor-blue.jpg, https://rugshop.eu/wp-content/uploads/2021/09/ocean-rug-300-multicolor-blue-1.jpg, https://rugshop.eu/wp-content/uploads/2021/09/ocean-rug-300-multicolor-blue-2.jpg, https://rugshop.eu/wp-content/uploads/2021/09/ocean-rug-300-multicolor-blue-3.jpg, https://rugshop.eu/wp-content/uploads/2021/09/ocean-rug-300-multicolor-blue-4.jpg, https://rugshop.eu/wp-content/uploads/2021/09/ocean-rug-300-multicolor-blue-5.jpg, https://rugshop.eu/wp-content/uploads/2021/09/ocean-rug-300-multicolor-blue-6.jpg, https://rugshop.eu/wp-content/uploads/2021/09/ocean-rug-300-multicolor-blue-7.jpg, https://rugshop.eu/wp-content/uploads/2021/09/ocean-rug-300-multicolor-blue-8.jpg, https://rugshop.eu/wp-content/uploads/2021/09/ocean-rug-300-multicolor-blue-9.jpg, https://rugshop.eu/wp-content/uploads/2021/09/ocean-rug-300-multicolor-blue-10.jpg, https://rugshop.eu/wp-content/uploads/2021/09/ocean-rug-300-multicolor-blue-11.jpg",,,,,,,,,4759,,,Size,"130x190, 170x240, 70x140",1,1,Brand,D-sign,1,1,Color,Blue,1,1,Type of color,Multicolor,1,1,Shape,"Rectangular, Runner",1,1,Material,Viscose,1,1,Type of rug,"Modern, Vintage / Colored Vintage",1,1,Weave,Handmade,1,1,Country,India,1,1,Age,New,1,1,,,,,,,,,,,,,1786452936,yes,yes,,,,,,,,,,,,,,,,,,,,,,,,,,,,,
22509,variation,48998781,,Monroe Rug 300 Pink - 80x150,1,0,hidden,,Monroe Rug 300 Pink 80x150,,,taxable,parent,0,0,,0,0,,80,150,0.7,0,,,876,,,,,,,46183627,,,,,,1,,,Size,80x150,,1,,,,,,,,,,,,,,,,,,,,,,,,,,,,,,,,,,,,,80x150,,,,,,,,,,,,1786452898,,,,,,,,,,,,Z4SB2-80-150-E,,,,,,,,,,,,,,,,,,,
22510,variation,48998780,,Monroe Rug 300 Pink - 80x300,1,0,hidden,,Monroe Rug 300 Pink 80x300,,,taxable,parent,0,0,,0,0,,80,300,0.7,0,,,1196,,,,,,,46183627,,,,,,2,,,Size,80x300,,1,,,,,,,,,,,,,,,,,,,,,,,,,,,,,,,,,,,,,80x300,,,,,,,,,,,,,,,,,,,,,,,,Z4SB2-80-300-E,,,,,,,,,,,,,,,,,,,
22511,variation,48998778,,Monroe Rug 300 Pink - 120x170,1,0,hidden,,Monroe Rug 300 Pink 120x170,,,taxable,parent,0,0,,0,0,,120,170,0.7,0,,,1116,,,,,,,46183627,,,,,,3,,,Size,120x170,,1,,,,,,,,,,,,,,,,,,,,,,,,,,,,,,,,,,,,,120x170,,,,,,,,,,,,,,,,,,,,,,,,Z4SB2-120-170-E,,,,,,,,,,,,,,,,,,,
22512,variation,48998782,,Monroe Rug 300 Pink - 160x230,1,0,hidden,,Monroe Rug 300 Pink 160x230,,,taxable,parent,0,0,,0,0,,160,230,0.7,0,,,1596,,,,,,,46183627,,,,,,4,,,Size,160x230,,1,,,,,,,,,,,,,,,,,,,,,,,,,,,,,,,,,,,,,160x230,,,,,,,,,,,,,,,,,,,,,,,,Z4SB2-160-230-E,,,,,,,,,,,,,,,,,,,
22513,variation,48998779,,Monroe Rug 300 Pink - 200x290,1,0,hidden,,Monroe Rug 300 Pink 200x290,,,taxable,parent,0,0,,0,0,,200,290,0.7,0,,,2156,,,,,,,46183627,,,,,,5,,,Size,200x290,,1,,,,,,,,,,,,,,,,,,,,,,,,,,,,,,,,,,,,,200x290,,,,,,,,,,,,,,,,,,,,,,,,Z4SB2-200-290-E,,,,,,,,,,,,,,,,,,,
22535,variable,46183633,,Ocean Rug 400 Multicolor/Pink,1,0,hidden,Ocean Rug 400 Multicolor/Pink ,Ocean Rug 400 Multicolor/Pink ,,,taxable,,0,,,0,0,,,,,1,,,,"Rooms > Bedroom, Rooms > Entrance & Corridor, Rooms > Living room, Rugs > Modern, Rugs, Rugs > Vintage",,,"https://rugshop.eu/wp-content/uploads/2021/09/ocean-rug-400-multicolor-pink.jpg, https://rugshop.eu/wp-content/uploads/2021/09/ocean-rug-400-multicolor-pink-1.jpg, https://rugshop.eu/wp-content/uploads/2021/09/ocean-rug-400-multicolor-pink-2.jpg, https://rugshop.eu/wp-content/uploads/2021/09/ocean-rug-400-multicolor-pink-3.jpg, https://rugshop.eu/wp-content/uploads/2021/09/ocean-rug-400-multicolor-pink-4.jpg, https://rugshop.eu/wp-content/uploads/2021/09/ocean-rug-400-multicolor-pink-5.jpg, https://rugshop.eu/wp-content/uploads/2021/09/ocean-rug-400-multicolor-pink-6.jpg, https://rugshop.eu/wp-content/uploads/2021/09/ocean-rug-400-multicolor-pink-7.jpg, https://rugshop.eu/wp-content/uploads/2021/09/ocean-rug-400-multicolor-pink-8.jpg, https://rugshop.eu/wp-content/uploads/2021/09/ocean-rug-400-multicolor-pink-9.jpg, https://rugshop.eu/wp-content/uploads/2021/09/ocean-rug-400-multicolor-pink-10.jpg, https://rugshop.eu/wp-content/uploads/2021/09/ocean-rug-400-multicolor-pink-11.jpg",,,,,,,,,4760,,,Size,"130x190, 170x240, 70x140",1,1,Brand,D-sign,1,1,Color,Black-Grey,1,1,Type of color,Multicolor,1,1,Shape,"Rectangular, Runner",1,1,Material,Viscose,1,1,Type of rug,"Modern, Vintage / Colored Vintage",1,1,Weave,Handmade,1,1,Country,India,1,1,Age,New,1,1,,,,,,,,,,,,,1786452937,yes,yes,,,,,,,,,,,,,,,,,,,,,,,,,,,,,
22562,variable,46183634,,Ocean Rug 500 Multicolor,1,0,hidden,Ocean Rug 500 Multicolor ,Ocean Rug 500 Multicolor ,,,taxable,,0,,,0,0,,,,,1,,,,"Rooms > Bedroom, Rooms > Entrance & Corridor, Rooms > Living room, Rugs > Modern, Rugs, Rugs > Vintage",,,"https://rugshop.eu/wp-content/uploads/2021/09/ocean-rug-500-multicolor.jpg, https://rugshop.eu/wp-content/uploads/2021/09/ocean-rug-500-multicolor-1.jpg, https://rugshop.eu/wp-content/uploads/2021/09/ocean-rug-500-multicolor-2.jpg, https://rugshop.eu/wp-content/uploads/2021/09/ocean-rug-500-multicolor-3.jpg, https://rugshop.eu/wp-content/uploads/2021/09/ocean-rug-500-multicolor-4.jpg, https://rugshop.eu/wp-content/uploads/2021/09/ocean-rug-500-multicolor-5.jpg, https://rugshop.eu/wp-content/uploads/2021/09/ocean-rug-500-multicolor-6.jpg, https://rugshop.eu/wp-content/uploads/2021/09/ocean-rug-500-multicolor-7.jpg, https://rugshop.eu/wp-content/uploads/2021/09/ocean-rug-500-multicolor-8.jpg, https://rugshop.eu/wp-content/uploads/2021/09/ocean-rug-500-multicolor-9.jpg, https://rugshop.eu/wp-content/uploads/2021/09/ocean-rug-500-multicolor-10.jpg, https://rugshop.eu/wp-content/uploads/2021/09/ocean-rug-500-multicolor-11.jpg",,,,,,,,,4761,,,Size,"130x190, 170x240, 70x140",1,1,Brand,D-sign,1,1,Color,"Black-Grey, Green",1,1,Type of color,Multicolor,1,1,Shape,"Rectangular, Runner",1,1,Material,Viscose,1,1,Type of rug,"Modern, Vintage / Colored Vintage",1,1,Weave,Handmade,1,1,Country,India,1,1,Age,New,1,1,,,,,,,,,,,,,1786452938,yes,yes,,,,,,,,,,,,,,,,,,,,,,,,,,,,,
22582,variation,48998833,,Ocean Rug 100 Red/Beige/Anthracite - 70x140,1,0,hidden,,Ocean Rug 100 Red/Beige/Anthracite 70x140,,,taxable,parent,0,0,,0,0,,70,140,1.7,0,,,2556,,,,,,,46183630,,,,,,1,,,Size,70x140,,1,,,,,,,,,,,,,,,,,,,,,,,,,,,,,,,,,,,,,70x140,,,,,,,,,,,,1786452898,,,,,,,,,,,,HLHT6-70-140-E,,,,,,,,,,,,,,,,,,,
22583,variation,48998834,,Ocean Rug 100 Red/Beige/Anthracite - 130x190,1,0,hidden,,Ocean Rug 100 Red/Beige/Anthracite 130x190,,,taxable,parent,0,0,,0,0,,130,190,1.7,0,,,5676,,,,,,,46183630,,,,,,2,,,Size,130x190,,1,,,,,,,,,,,,,,,,,,,,,,,,,,,,,,,,,,,,,130x190,,,,,,,,,,,,,,,,,,,,,,,,HLHT6-130-190-E,,,,,,,,,,,,,,,,,,,
22584,variation,48998835,,Ocean Rug 100 Red/Beige/Anthracite - 170x240,1,0,hidden,,Ocean Rug 100 Red/Beige/Anthracite 170x240,,,taxable,parent,0,0,,0,0,,170,240,1.7,0,,,9036,,,,,,,46183630,,,,,,3,,,Size,170x240,,1,,,,,,,,,,,,,,,,,,,,,,,,,,,,,,,,,,,,,170x240,,,,,,,,,,,,1786452898,,,,,,,,,,,,HLHT6-170-240-E,,,,,,,,,,,,,,,,,,,
22598,variable,46183636,,Palace Rug 200 Grey/Green,1,0,hidden,Palace Rug 200 Grey/Green ,Palace Rug 200 Grey/Green ,,,taxable,,0,,,0,0,,,,,1,,,,"Rooms > Bedroom, Rooms > Entrance & Corridor, Rooms > Living room, Rugs > Modern, Rugs, Rugs > Vintage",,,"https://rugshop.eu/wp-content/uploads/2021/09/palace-rug-200-grey-green.jpg, https://rugshop.eu/wp-content/uploads/2021/09/palace-rug-200-grey-green-1.jpg, https://rugshop.eu/wp-content/uploads/2021/09/palace-rug-200-grey-green-2.jpg, https://rugshop.eu/wp-content/uploads/2021/09/palace-rug-200-grey-green-3.jpg, https://rugshop.eu/wp-content/uploads/2021/09/palace-rug-200-grey-green-4.jpg, https://rugshop.eu/wp-content/uploads/2021/09/palace-rug-200-grey-green-5.jpg, https://rugshop.eu/wp-content/uploads/2021/09/palace-rug-200-grey-green-6.jpg, https://rugshop.eu/wp-content/uploads/2021/09/palace-rug-200-grey-green-7.jpg, https://rugshop.eu/wp-content/uploads/2021/09/palace-rug-200-grey-green-8.jpg, https://rugshop.eu/wp-content/uploads/2021/09/palace-rug-200-grey-green-9.jpg, https://rugshop.eu/wp-content/uploads/2021/09/palace-rug-200-grey-green-10.jpg, https://rugshop.eu/wp-content/uploads/2021/09/palace-rug-200-grey-green-11.jpg, https://rugshop.eu/wp-content/uploads/2021/09/palace-rug-200-grey-green-12.jpg, https://rugshop.eu/wp-content/uploads/2021/09/palace-rug-200-grey-green-13.jpg, https://rugshop.eu/wp-content/uploads/2021/09/palace-rug-200-grey-green-14.jpg, https://rugshop.eu/wp-content/uploads/2021/09/palace-rug-200-grey-green-15.jpg",,,,,,,,,4773,,,Size,"120x170, 160x230, 200x290, 80x150",1,1,Brand,D-sign,1,1,Color,Black-Grey,1,1,Type of color,Multicolor,1,1,Shape,Rectangular,1,1,Material,Polypropylene,1,1,Type of rug,"Modern, Vintage / Colored Vintage",1,1,Weave,Machinemade,1,1,Country,Turkey,1,1,Age,New,1,1,,,,,,,,,,,,,1786452939,yes,yes,,,,,,,,,,,,,,,,,,,,,,,,,,,,,
22600,variation,48998857,,Ocean Rug 200 Turquoise - 70x140,1,0,hidden,,Ocean Rug 200 Turquoise 70x140,,,taxable,parent,0,0,,0,0,,70,140,1.7,0,,,2556,,,,,,,46183631,,,,,,1,,,Size,70x140,,1,,,,,,,,,,,,,,,,,,,,,,,,,,,,,,,,,,,,,70x140,,,,,,,,,,,,1786452899,,,,,,,,,,,,25EMO-70-140-E,,,,,,,,,,,,,,,,,,,
22601,variation,48998858,,Ocean Rug 200 Turquoise - 130x190,1,0,hidden,,Ocean Rug 200 Turquoise 130x190,,,taxable,parent,0,0,,0,0,,130,190,1.7,0,,,5676,,,,,,,46183631,,,,,,2,,,Size,130x190,,1,,,,,,,,,,,,,,,,,,,,,,,,,,,,,,,,,,,,,130x190,,,,,,,,,,,,,,,,,,,,,,,,25EMO-130-190-E,,,,,,,,,,,,,,,,,,,
22602,variation,48998855,,Ocean Rug 200 Turquoise - 170x240,1,0,hidden,,Ocean Rug 200 Turquoise 170x240,,,taxable,parent,0,0,,0,0,,170,240,1.7,0,,,9036,,,,,,,46183631,,,,,,3,,,Size,170x240,,1,,,,,,,,,,,,,,,,,,,,,,,,,,,,,,,,,,,,,170x240,,,,,,,,,,,,1786452899,,,,,,,,,,,,25EMO-170-240-E,,,,,,,,,,,,,,,,,,,
22616,variation,48998925,,Ocean Rug 300 Multicolor/Blue - 70x140,1,0,hidden,,Ocean Rug 300 Multicolor/Blue 70x140,,,taxable,parent,0,0,,0,0,,70,140,1.7,0,,,2556,,,,,,,46183632,,,,,,1,,,Size,70x140,,1,,,,,,,,,,,,,,,,,,,,,,,,,,,,,,,,,,,,,70x140,,,,,,,,,,,,1786452900,,,,,,,,,,,,QBMR7-70-140-E,,,,,,,,,,,,,,,,,,,
22617,variation,48998923,,Ocean Rug 300 Multicolor/Blue - 130x190,1,0,hidden,,Ocean Rug 300 Multicolor/Blue 130x190,,,taxable,parent,0,0,,0,0,,130,190,1.7,0,,,5676,,,,,,,46183632,,,,,,2,,,Size,130x190,,1,,,,,,,,,,,,,,,,,,,,,,,,,,,,,,,,,,,,,130x190,,,,,,,,,,,,,,,,,,,,,,,,QBMR7-130-190-E,,,,,,,,,,,,,,,,,,,
22618,variation,48998924,,Ocean Rug 300 Multicolor/Blue - 170x240,1,0,hidden,,Ocean Rug 300 Multicolor/Blue 170x240,,,taxable,parent,0,0,,0,0,,170,240,1.7,0,,,9036,,,,,,,46183632,,,,,,3,,,Size,170x240,,1,,,,,,,,,,,,,,,,,,,,,,,,,,,,,,,,,,,,,170x240,,,,,,,,,,,,1786452899,,,,,,,,,,,,QBMR7-170-240-E,,,,,,,,,,,,,,,,,,,
22633,variation,48998929,,Ocean Rug 400 Multicolor/Pink - 70x140,1,0,hidden,,Ocean Rug 400 Multicolor/Pink 70x140,,,taxable,parent,0,0,,0,0,,70,140,1.7,0,,,2556,,,,,,,46183633,,,,,,1,,,Size,70x140,,1,,,,,,,,,,,,,,,,,,,,,,,,,,,,,,,,,,,,,70x140,,,,,,,,,,,,1786452900,,,,,,,,,,,,G7N5K-70-140-E,,,,,,,,,,,,,,,,,,,
22634,variation,48998931,,Ocean Rug 400 Multicolor/Pink - 130x190,1,0,hidden,,Ocean Rug 400 Multicolor/Pink 130x190,,,taxable,parent,0,0,,0,0,,130,190,1.7,0,,,5676,,,,,,,46183633,,,,,,2,,,Size,130x190,,1,,,,,,,,,,,,,,,,,,,,,,,,,,,,,,,,,,,,,130x190,,,,,,,,,,,,,,,,,,,,,,,,G7N5K-130-190-E,,,,,,,,,,,,,,,,,,,
22635,variation,48998930,,Ocean Rug 400 Multicolor/Pink - 170x240,1,0,hidden,,Ocean Rug 400 Multicolor/Pink 170x240,,,taxable,parent,0,0,,0,0,,170,240,1.7,0,,,9036,,,,,,,46183633,,,,,,3,,,Size,170x240,,1,,,,,,,,,,,,,,,,,,,,,,,,,,,,,,,,,,,,,170x240,,,,,,,,,,,,1786452901,,,,,,,,,,,,G7N5K-170-240-E,,,,,,,,,,,,,,,,,,,
22649,variation,48998955,,Ocean Rug 500 Multicolor - 70x140,1,0,hidden,,Ocean Rug 500 Multicolor 70x140,,,taxable,parent,0,0,,0,0,,70,140,1.7,0,,,2556,,,,,,,46183634,,,,,,1,,,Size,70x140,,1,,,,,,,,,,,,,,,,,,,,,,,,,,,,,,,,,,,,,70x140,,,,,,,,,,,,1786452903,,,,,,,,,,,,IQMKC-70-140-E,,,,,,,,,,,,,,,,,,,
22650,variation,48998953,,Ocean Rug 500 Multicolor - 130x190,1,0,hidden,,Ocean Rug 500 Multicolor 130x190,,,taxable,parent,0,0,,0,0,,130,190,1.7,0,,,5676,,,,,,,46183634,,,,,,2,,,Size,130x190,,1,,,,,,,,,,,,,,,,,,,,,,,,,,,,,,,,,,,,,130x190,,,,,,,,,,,,,,,,,,,,,,,,IQMKC-130-190-E,,,,,,,,,,,,,,,,,,,
22651,variation,48998954,,Ocean Rug 500 Multicolor - 170x240,1,0,hidden,,Ocean Rug 500 Multicolor 170x240,,,taxable,parent,0,0,,0,0,,170,240,1.7,0,,,9036,,,,,,,46183634,,,,,,3,,,Size,170x240,,1,,,,,,,,,,,,,,,,,,,,,,,,,,,,,,,,,,,,,170x240,,,,,,,,,,,,1786452902,,,,,,,,,,,,IQMKC-170-240-E,,,,,,,,,,,,,,,,,,,
22693,variation,48998972,,Palace Rug 200 Grey/Green - 80x150,1,0,hidden,,Palace Rug 200 Grey/Green 80x150,,,taxable,parent,0,0,,0,0,,80,150,1.6,0,,,1276,,,,,,,46183636,,,,,,1,,,Size,80x150,,1,,,,,,,,,,,,,,,,,,,,,,,,,,,,,,,,,,,,,80x150,,,,,,,,,,,,,,,,,,,,,,,,JI2DB-80-150-E,,,,,,,,,,,,,,,,,,,
22694,variation,48998971,,Palace Rug 200 Grey/Green - 120x170,1,0,hidden,,Palace Rug 200 Grey/Green 120x170,,,taxable,parent,0,0,,0,0,,120,170,1.6,0,,,1756,,,,,,,46183636,,,,,,2,,,Size,120x170,,1,,,,,,,,,,,,,,,,,,,,,,,,,,,,,,,,,,,,,120x170,,,,,,,,,,,,1786452903,,,,,,,,,,,,JI2DB-120-170-E,,,,,,,,,,,,,,,,,,,
22695,variation,48998973,,Palace Rug 200 Grey/Green - 160x230,1,0,hidden,,Palace Rug 200 Grey/Green 160x230,,,taxable,parent,0,0,,0,0,,160,230,1.6,0,,,2796,,,,,,,46183636,,,,,,3,,,Size,160x230,,1,,,,,,,,,,,,,,,,,,,,,,,,,,,,,,,,,,,,,160x230,,,,,,,,,,,,,,,,,,,,,,,,JI2DB-160-230-E,,,,,,,,,,,,,,,,,,,
22696,variation,48998970,,Palace Rug 200 Grey/Green - 200x290,1,0,hidden,,Palace Rug 200 Grey/Green 200x290,,,taxable,parent,0,0,,0,0,,200,290,1.6,0,,,4076,,,,,,,46183636,,,,,,4,,,Size,200x290,,1,,,,,,,,,,,,,,,,,,,,,,,,,,,,,,,,,,,,,200x290,,,,,,,,,,,,,,,,,,,,,,,,JI2DB-200-290-E,,,,,,,,,,,,,,,,,,,
22736,variable,46183643,,Queen Rug 100 Lightblue,1,0,hidden,Queen Rug 100 Lightblue ,Queen Rug 100 Lightblue ,,,taxable,,0,,,0,0,,,,,1,,,,"Rooms > Bedroom, Rooms > Entrance & Corridor, Rooms > Living room, Rugs > Modern, Rugs, Rugs > Vintage",,,"https://rugshop.eu/wp-content/uploads/2021/09/queen-rug-100-lightblue.jpg, https://rugshop.eu/wp-content/uploads/2021/09/queen-rug-100-lightblue-1.jpg, https://rugshop.eu/wp-content/uploads/2021/09/queen-rug-100-lightblue-2.jpg, https://rugshop.eu/wp-content/uploads/2021/09/queen-rug-100-lightblue-3.jpg, https://rugshop.eu/wp-content/uploads/2021/09/queen-rug-100-lightblue-4.jpg, https://rugshop.eu/wp-content/uploads/2021/09/queen-rug-100-lightblue-5.jpg, https://rugshop.eu/wp-content/uploads/2021/09/queen-rug-100-lightblue-6.jpg, https://rugshop.eu/wp-content/uploads/2021/09/queen-rug-100-lightblue-7.jpg, https://rugshop.eu/wp-content/uploads/2021/09/queen-rug-100-lightblue-8.jpg, https://rugshop.eu/wp-content/uploads/2021/09/queen-rug-100-lightblue-9.jpg, https://rugshop.eu/wp-content/uploads/2021/09/queen-rug-100-lightblue-10.jpg, https://rugshop.eu/wp-content/uploads/2021/09/queen-rug-100-lightblue-11.jpg, https://rugshop.eu/wp-content/uploads/2021/09/queen-rug-100-lightblue-12.jpg, https://rugshop.eu/wp-content/uploads/2021/09/queen-rug-100-lightblue-13.jpg, https://rugshop.eu/wp-content/uploads/2021/09/queen-rug-100-lightblue-14.jpg, https://rugshop.eu/wp-content/uploads/2021/09/queen-rug-100-lightblue-15.jpg",,,,,,,,,4921,,,Size,"120x170, 160x230, 200x290, 80x150",1,1,Brand,D-sign,1,1,Color,Blue,1,1,Type of color,Multicolor,1,1,Shape,Rectangular,1,1,Material,Acrylic,1,1,Type of rug,"Modern, Vintage / Colored Vintage",1,1,Weave,Machinemade,1,1,Country,Turkey,1,1,Age,New,1,1,,,,,,,,,,,,,1786452959,yes,yes,,,,,,,,,,,,,,,,,,,,,,,,,,,,,
22758,variable,46183644,,Queen Rug 200 Lightblue,1,0,hidden,Queen Rug 200 Lightblue ,Queen Rug 200 Lightblue ,,,taxable,,0,,,0,0,,,,,1,,,,"Rooms > Bedroom, Rooms > Entrance & Corridor, Rooms > Living room, Rugs > Modern, Rugs, Rugs > Vintage",,,"https://rugshop.eu/wp-content/uploads/2021/09/queen-rug-200-lightblue.jpg, https://rugshop.eu/wp-content/uploads/2021/09/queen-rug-200-lightblue-1.jpg, https://rugshop.eu/wp-content/uploads/2021/09/queen-rug-200-lightblue-2.jpg, https://rugshop.eu/wp-content/uploads/2021/09/queen-rug-200-lightblue-3.jpg, https://rugshop.eu/wp-content/uploads/2021/09/queen-rug-200-lightblue-4.jpg, https://rugshop.eu/wp-content/uploads/2021/09/queen-rug-200-lightblue-5.jpg, https://rugshop.eu/wp-content/uploads/2021/09/queen-rug-200-lightblue-6.jpg, https://rugshop.eu/wp-content/uploads/2021/09/queen-rug-200-lightblue-7.jpg, https://rugshop.eu/wp-content/uploads/2021/09/queen-rug-200-lightblue-8.jpg, https://rugshop.eu/wp-content/uploads/2021/09/queen-rug-200-lightblue-9.jpg, https://rugshop.eu/wp-content/uploads/2021/09/queen-rug-200-lightblue-10.jpg, https://rugshop.eu/wp-content/uploads/2021/09/queen-rug-200-lightblue-11.jpg, https://rugshop.eu/wp-content/uploads/2021/09/queen-rug-200-lightblue-12.jpg, https://rugshop.eu/wp-content/uploads/2021/09/queen-rug-200-lightblue-13.jpg, https://rugshop.eu/wp-content/uploads/2021/09/queen-rug-200-lightblue-14.jpg, https://rugshop.eu/wp-content/uploads/2021/09/queen-rug-200-lightblue-15.jpg",,,,,,,,,4922,,,Size,"120x170, 160x230, 200x290, 80x150",1,1,Brand,D-sign,1,1,Color,Blue,1,1,Type of color,Multicolor,1,1,Shape,Rectangular,1,1,Material,Acrylic,1,1,Type of rug,"Modern, Vintage / Colored Vintage",1,1,Weave,Machinemade,1,1,Country,Turkey,1,1,Age,New,1,1,,,,,,,,,,,,,1786452961,yes,yes,,,,,,,,,,,,,,,,,,,,,,,,,,,,,
22825,variable,46183648,,Rabbit Rug 100 Pink,1,0,hidden,Rabbit Rug 100 Pink ,Rabbit Rug 100 Pink ,,,taxable,,0,,,0,0,,,,,1,,,,"Rooms > Bedroom, Rooms > Entrance & Corridor, Rooms > Living room, Rugs > Modern, Rugs",,,"https://rugshop.eu/wp-content/uploads/2021/09/rabbit-rug-100-pink.jpg, https://rugshop.eu/wp-content/uploads/2021/09/rabbit-rug-100-pink-1.jpg, https://rugshop.eu/wp-content/uploads/2021/09/rabbit-rug-100-pink-2.jpg, https://rugshop.eu/wp-content/uploads/2021/09/rabbit-rug-100-pink-3.jpg, https://rugshop.eu/wp-content/uploads/2021/09/rabbit-rug-100-pink-4.jpg, https://rugshop.eu/wp-content/uploads/2021/09/rabbit-rug-100-pink-5.jpg, https://rugshop.eu/wp-content/uploads/2021/09/rabbit-rug-100-pink-6.jpg, https://rugshop.eu/wp-content/uploads/2021/09/rabbit-rug-100-pink-7.jpg, https://rugshop.eu/wp-content/uploads/2021/09/rabbit-rug-100-pink-8.jpg, https://rugshop.eu/wp-content/uploads/2021/09/rabbit-rug-100-pink-9.jpg, https://rugshop.eu/wp-content/uploads/2021/09/rabbit-rug-100-pink-10.jpg, https://rugshop.eu/wp-content/uploads/2021/09/rabbit-rug-100-pink-11.jpg, https://rugshop.eu/wp-content/uploads/2021/09/rabbit-rug-100-pink-12.jpg, https://rugshop.eu/wp-content/uploads/2021/09/rabbit-rug-100-pink-13.jpg, https://rugshop.eu/wp-content/uploads/2021/09/rabbit-rug-100-pink-14.jpg, https://rugshop.eu/wp-content/uploads/2021/09/rabbit-rug-100-pink-15.jpg",,,,,,,,,4935,,,Size,"120x170, 160x230, 180x280, 80x150",1,1,Brand,D-sign,1,1,Color,Pink-Purple,1,1,Type of color,Singlecolor,1,1,Shape,Rectangular,1,1,Material,Polyester,1,1,Type of rug,Modern,1,1,Weave,Handmade,1,1,Country,China,1,1,Age,New,1,1,,,,,,,,,,,,,1786452963,yes,yes,,,,,,,,,,,,,,,,,,,,,,,,,,,,,
22848,variation,48999513,,Queen Rug 100 Lightblue - 80x150,1,0,hidden,,Queen Rug 100 Lightblue 80x150,,,taxable,parent,0,0,,0,0,,80,150,1.5,0,,,1836,,,,,,,46183643,,,,,,1,,,Size,80x150,,1,,,,,,,,,,,,,,,,,,,,,,,,,,,,,,,,,,,,,80x150,,,,,,,,,,,,1786452905,,,,,,,,,,,,L2GMA-80-150-E,,,,,,,,,,,,,,,,,,,
22849,variation,48999514,,Queen Rug 100 Lightblue - 120x170,1,0,hidden,,Queen Rug 100 Lightblue 120x170,,,taxable,parent,0,0,,0,0,,120,170,1.5,0,,,2716,,,,,,,46183643,,,,,,2,,,Size,120x170,,1,,,,,,,,,,,,,,,,,,,,,,,,,,,,,,,,,,,,,120x170,,,,,,,,,,,,1786452945,,,,,,,,,,,,L2GMA-120-170-E,,,,,,,,,,,,,,,,,,,
22850,variation,48999512,,Queen Rug 100 Lightblue - 160x230,1,0,hidden,,Queen Rug 100 Lightblue 160x230,,,taxable,parent,0,0,,0,0,,160,230,1.5,0,,,4556,,,,,,,46183643,,,,,,3,,,Size,160x230,,1,,,,,,,,,,,,,,,,,,,,,,,,,,,,,,,,,,,,,160x230,,,,,,,,,,,,,,,,,,,,,,,,L2GMA-160-230-E,,,,,,,,,,,,,,,,,,,
22851,variation,48999511,,Queen Rug 100 Lightblue - 200x290,1,0,hidden,,Queen Rug 100 Lightblue 200x290,,,taxable,parent,0,0,,0,0,,200,290,1.5,0,,,6796,,,,,,,46183643,,,,,,4,,,Size,200x290,,1,,,,,,,,,,,,,,,,,,,,,,,,,,,,,,,,,,,,,200x290,,,,,,,,,,,,1786452904,,,,,,,,,,,,L2GMA-200-290-E,,,,,,,,,,,,,,,,,,,
22869,variable,46183650,,Sunset Rug 8070 Yellow/Blue,1,0,hidden,Sunset Rug 8070 Yellow/Blue ,Sunset Rug 8070 Yellow/Blue ,,,taxable,,0,,,0,0,,,,,1,,,,"Rooms > Bedroom, Rooms > Kitchen, Rooms > Living room, Rugs > Modern, Rugs",,,"https://rugshop.eu/wp-content/uploads/2021/09/sunset-rug-8070-yellow-blue.jpg, https://rugshop.eu/wp-content/uploads/2021/09/sunset-rug-8070-yellow-blue-1.jpg, https://rugshop.eu/wp-content/uploads/2021/09/sunset-rug-8070-yellow-blue-2.jpg, https://rugshop.eu/wp-content/uploads/2021/09/sunset-rug-8070-yellow-blue-3.jpg, https://rugshop.eu/wp-content/uploads/2021/09/sunset-rug-8070-yellow-blue-4.jpg, https://rugshop.eu/wp-content/uploads/2021/09/sunset-rug-8070-yellow-blue-5.jpg, https://rugshop.eu/wp-content/uploads/2021/09/sunset-rug-8070-yellow-blue-6.jpg, https://rugshop.eu/wp-content/uploads/2021/09/sunset-rug-8070-yellow-blue-7.jpg, https://rugshop.eu/wp-content/uploads/2021/09/sunset-rug-8070-yellow-blue-8.jpg, https://rugshop.eu/wp-content/uploads/2021/09/sunset-rug-8070-yellow-blue-9.jpg, https://rugshop.eu/wp-content/uploads/2021/09/sunset-rug-8070-yellow-blue-10.jpg, https://rugshop.eu/wp-content/uploads/2021/09/sunset-rug-8070-yellow-blue-11.jpg",,,,,,,,,5111,,,Size,"120x180, 140x200, 170x240, 90x160",1,1,Brand,D-sign,1,1,Color,"Blue, Yellow-Brown",1,1,Type of color,Multicolor,1,1,Shape,Rectangular,1,1,Material,Wool,1,1,Type of rug,Modern,1,1,Weave,Handmade,1,1,Country,India,1,1,Age,New,1,1,,,,,,,,,,,,,1786452965,yes,yes,,,,,,,,,,,,,,,,,,,,,,,,,,,,,
22870,variation,48999521,,Queen Rug 200 Lightblue - 80x150,1,0,hidden,,Queen Rug 200 Lightblue 80x150,,,taxable,parent,0,0,,0,0,,80,150,1.5,0,,,1836,,,,,,,46183644,,,,,,1,,,Size,80x150,,1,,,,,,,,,,,,,,,,,,,,,,,,,,,,,,,,,,,,,80x150,,,,,,,,,,,,1786452947,,,,,,,,,,,,9EYS7-80-150-E,,,,,,,,,,,,,,,,,,,
22871,variation,48999519,,Queen Rug 200 Lightblue - 120x170,1,0,hidden,,Queen Rug 200 Lightblue 120x170,,,taxable,parent,0,0,,0,0,,120,170,1.5,0,,,2716,,,,,,,46183644,,,,,,2,,,Size,120x170,,1,,,,,,,,,,,,,,,,,,,,,,,,,,,,,,,,,,,,,120x170,,,,,,,,,,,,,,,,,,,,,,,,9EYS7-120-170-E,,,,,,,,,,,,,,,,,,,
22872,variation,48999518,,Queen Rug 200 Lightblue - 160x230,1,0,hidden,,Queen Rug 200 Lightblue 160x230,,,taxable,parent,0,0,,0,0,,160,230,1.5,0,,,4556,,,,,,,46183644,,,,,,3,,,Size,160x230,,1,,,,,,,,,,,,,,,,,,,,,,,,,,,,,,,,,,,,,160x230,,,,,,,,,,,,1786452946,,,,,,,,,,,,9EYS7-160-230-E,,,,,,,,,,,,,,,,,,,
22873,variation,48999520,,Queen Rug 200 Lightblue - 200x290,1,0,hidden,,Queen Rug 200 Lightblue 200x290,,,taxable,parent,0,0,,0,0,,200,290,1.5,0,,,6796,,,,,,,46183644,,,,,,4,,,Size,200x290,,1,,,,,,,,,,,,,,,,,,,,,,,,,,,,,,,,,,,,,200x290,,,,,,,,,,,,,,,,,,,,,,,,9EYS7-200-290-E,,,,,,,,,,,,,,,,,,,
22907,variable,46183652,,Sunset Rug 8070 Taupe,1,0,hidden,Sunset Rug 8070 Taupe ,Sunset Rug 8070 Taupe ,,,taxable,,0,,,0,0,,,,,1,,,,"Rooms > Bedroom, Rooms > Entrance & Corridor, Rooms > Kitchen, Rooms > Living room, Rugs > Modern, Rugs",,,"https://rugshop.eu/wp-content/uploads/2021/09/sunset-rug-8070-taupe.jpg, https://rugshop.eu/wp-content/uploads/2021/09/sunset-rug-8070-taupe-1.jpg, https://rugshop.eu/wp-content/uploads/2021/09/sunset-rug-8070-taupe-2.jpg, https://rugshop.eu/wp-content/uploads/2021/09/sunset-rug-8070-taupe-3.jpg, https://rugshop.eu/wp-content/uploads/2021/09/sunset-rug-8070-taupe-4.jpg, https://rugshop.eu/wp-content/uploads/2021/09/sunset-rug-8070-taupe-5.jpg, https://rugshop.eu/wp-content/uploads/2021/09/sunset-rug-8070-taupe-6.jpg, https://rugshop.eu/wp-content/uploads/2021/09/sunset-rug-8070-taupe-7.jpg, https://rugshop.eu/wp-content/uploads/2021/09/sunset-rug-8070-taupe-8.jpg, https://rugshop.eu/wp-content/uploads/2021/09/sunset-rug-8070-taupe-9.jpg, https://rugshop.eu/wp-content/uploads/2021/09/sunset-rug-8070-taupe-10.jpg, https://rugshop.eu/wp-content/uploads/2021/09/sunset-rug-8070-taupe-11.jpg, https://rugshop.eu/wp-content/uploads/2021/09/sunset-rug-8070-taupe-12.jpg, https://rugshop.eu/wp-content/uploads/2021/09/sunset-rug-8070-taupe-13.jpg, https://rugshop.eu/wp-content/uploads/2021/09/sunset-rug-8070-taupe-14.jpg, https://rugshop.eu/wp-content/uploads/2021/09/sunset-rug-8070-taupe-15.jpg",,,,,,,,,5110,,,Size,"120x180, 140x200, 170x240, 90x160",1,1,Brand,D-sign,1,1,Color,Yellow-Brown,1,1,Type of color,Multicolor,1,1,Shape,Rectangular,1,1,Material,Wool,1,1,Type of rug,Modern,1,1,Weave,Handmade,1,1,Country,India,1,1,Age,New,1,1,,,,,,,,,,,,,1786452967,yes,yes,,,,,,,,,,,,,,,,,,,,,,,,,,,,,
22910,variation,48999922,,Rabbit Rug 100 Pink - 80x150,1,0,hidden,,Rabbit Rug 100 Pink 80x150,,,taxable,parent,0,0,,0,0,,80,150,4.5,0,,,1436,,,,,,,46183648,,,,,,1,,,Size,80x150,,1,,,,,,,,,,,,,,,,,,,,,,,,,,,,,,,,,,,,,80x150,,,,,,,,,,,,,,,,,,,,,,,,BOIRD-80-150-E,,,,,,,,,,,,,,,,,,,
22911,variation,48999921,,Rabbit Rug 100 Pink - 120x170,1,0,hidden,,Rabbit Rug 100 Pink 120x170,,,taxable,parent,0,0,,0,0,,120,170,4.5,0,,,2076,,,,,,,46183648,,,,,,2,,,Size,120x170,,1,,,,,,,,,,,,,,,,,,,,,,,,,,,,,,,,,,,,,120x170,,,,,,,,,,,,,,,,,,,,,,,,BOIRD-120-170-E,,,,,,,,,,,,,,,,,,,
22912,variation,48999923,,Rabbit Rug 100 Pink - 160x230,1,0,hidden,,Rabbit Rug 100 Pink 160x230,,,taxable,parent,0,0,,0,0,,160,230,4.5,0,,,3276,,,,,,,46183648,,,,,,3,,,Size,160x230,,1,,,,,,,,,,,,,,,,,,,,,,,,,,,,,,,,,,,,,160x230,,,,,,,,,,,,,,,,,,,,,,,,BOIRD-160-230-E,,,,,,,,,,,,,,,,,,,
22913,variation,48999920,,Rabbit Rug 100 Pink - 180x280,1,0,hidden,,Rabbit Rug 100 Pink 180x280,,,taxable,parent,0,0,,0,0,,180,280,4.5,0,,,4316,,,,,,,46183648,,,,,,4,,,Size,180x280,,1,,,,,,,,,,,,,,,,,,,,,,,,,,,,,,,,,,,,,180x280,,,,,,,,,,,,1786452948,,,,,,,,,,,,BOIRD-180-280-E,,,,,,,,,,,,,,,,,,,
22950,variation,49014741,,Sunset Rug 8070 Yellow/Blue - 90x160,1,0,hidden,,Sunset Rug 8070 Yellow/Blue 90x160,,,taxable,parent,0,0,,0,0,,90,160,0.6,0,,,1916,,,,,,,46183650,,,,,,1,,,Size,90x160,,1,,,,,,,,,,,,,,,,,,,,,,,,,,,,,,,,,,,,,90x160,,,,,,,,,,,,1786452950,,,,,,,,,,,,AN69O-90-160-E,,,,,,,,,,,,,,,,,,,
22951,variation,49014739,,Sunset Rug 8070 Yellow/Blue - 120x180,1,0,hidden,,Sunset Rug 8070 Yellow/Blue 120x180,,,taxable,parent,0,0,,0,0,,120,180,0.6,0,,,2556,,,,,,,46183650,,,,,,2,,,Size,120x180,,1,,,,,,,,,,,,,,,,,,,,,,,,,,,,,,,,,,,,,120x180,,,,,,,,,,,,1786452949,,,,,,,,,,,,YPGXE-120-180-E,,,,,,,,,,,,,,,,,,,
22952,variation,49014740,,Sunset Rug 8070 Yellow/Blue - 140x200,1,0,hidden,,Sunset Rug 8070 Yellow/Blue 140x200,,,taxable,parent,0,0,,0,0,,140,200,0.6,0,,,3196,,,,,,,46183650,,,,,,3,,,Size,140x200,,1,,,,,,,,,,,,,,,,,,,,,,,,,,,,,,,,,,,,,140x200,,,,,,,,,,,,1786452950,,,,,,,,,,,,YPGXE-140-200-E,,,,,,,,,,,,,,,,,,,
22953,variation,49014738,,Sunset Rug 8070 Yellow/Blue - 170x240,1,0,hidden,,Sunset Rug 8070 Yellow/Blue 170x240,,,taxable,parent,0,0,,0,0,,170,240,0.6,0,,,4396,,,,,,,46183650,,,,,,4,,,Size,170x240,,1,,,,,,,,,,,,,,,,,,,,,,,,,,,,,,,,,,,,,170x240,,,,,,,,,,,,1786452949,,,,,,,,,,,,YPGXE-170-240-E,,,,,,,,,,,,,,,,,,,
22974,variation,49014980,,Sunset Rug 8070 Taupe - 90x160,1,0,hidden,,Sunset Rug 8070 Taupe 90x160,,,taxable,parent,0,0,,0,0,,90,160,0.6,0,,,1916,,,,,,,46183652,,,,,,1,,,Size,90x160,,1,,,,,,,,,,,,,,,,,,,,,,,,,,,,,,,,,,,,,90x160,,,,,,,,,,,,1786452950,,,,,,,,,,,,NX8HB-90-160-E,,,,,,,,,,,,,,,,,,,
22975,variation,49014983,,Sunset Rug 8070 Taupe - 120x180,1,0,hidden,,Sunset Rug 8070 Taupe 120x180,,,taxable,parent,0,0,,0,0,,120,180,0.6,0,,,2556,,,,,,,46183652,,,,,,2,,,Size,120x180,,1,,,,,,,,,,,,,,,,,,,,,,,,,,,,,,,,,,,,,120x180,,,,,,,,,,,,1786452951,,,,,,,,,,,,NX8HB-120-180-E,,,,,,,,,,,,,,,,,,,
22976,variation,49014981,,Sunset Rug 8070 Taupe - 140x200,1,0,hidden,,Sunset Rug 8070 Taupe 140x200,,,taxable,parent,0,0,,0,0,,140,200,0.6,0,,,3196,,,,,,,46183652,,,,,,3,,,Size,140x200,,1,,,,,,,,,,,,,,,,,,,,,,,,,,,,,,,,,,,,,140x200,,,,,,,,,,,,1786452951,,,,,,,,,,,,NX8HB-140-200-E,,,,,,,,,,,,,,,,,,,
22977,variation,49014982,,Sunset Rug 8070 Taupe - 170x240,1,0,hidden,,Sunset Rug 8070 Taupe 170x240,,,taxable,parent,0,0,,0,0,,170,240,0.6,0,,,4396,,,,,,,46183652,,,,,,4,,,Size,170x240,,1,,,,,,,,,,,,,,,,,,,,,,,,,,,,,,,,,,,,,170x240,,,,,,,,,,,,1786452951,,,,,,,,,,,,NX8HB-170-240-E,,,,,,,,,,,,,,,,,,,
23119,variable,46183669,,Voila Rug 100 Brown,1,0,hidden,Voila Rug 100 Brown ,Voila Rug 100 Brown ,,,taxable,,0,,,0,0,,,,,1,,,,"Rooms > Bedroom, Rooms > Kitchen, Rooms > Living room, Rugs > Modern, Rugs, Rugs > Vintage",,,"https://rugshop.eu/wp-content/uploads/2021/09/voila-rug-100-brown.jpg, https://rugshop.eu/wp-content/uploads/2021/09/voila-rug-100-brown-1.jpg, https://rugshop.eu/wp-content/uploads/2021/09/voila-rug-100-brown-2.jpg, https://rugshop.eu/wp-content/uploads/2021/09/voila-rug-100-brown-3.jpg, https://rugshop.eu/wp-content/uploads/2021/09/voila-rug-100-brown-4.jpg, https://rugshop.eu/wp-content/uploads/2021/09/voila-rug-100-brown-5.jpg, https://rugshop.eu/wp-content/uploads/2021/09/voila-rug-100-brown-6.jpg, https://rugshop.eu/wp-content/uploads/2021/09/voila-rug-100-brown-7.jpg, https://rugshop.eu/wp-content/uploads/2021/09/voila-rug-100-brown-8.jpg, https://rugshop.eu/wp-content/uploads/2021/09/voila-rug-100-brown-9.jpg, https://rugshop.eu/wp-content/uploads/2021/09/voila-rug-100-brown-10.jpg, https://rugshop.eu/wp-content/uploads/2021/09/voila-rug-100-brown-11.jpg",,,,,,,,,5192,,,Size,"120x170, 160x230, 200x290",1,1,Brand,D-sign,1,1,Color,Yellow-Brown,1,1,Type of color,Multicolor,1,1,Shape,Rectangular,1,1,Material,Leather,1,1,Type of rug,"Modern, Vintage / Colored Vintage",1,1,Weave,Handmade,1,1,Country,India,1,1,Age,New,1,1,,,,,,,,,,,,,1786452969,yes,yes,,,,,,,,,,,,,,,,,,,,,,,,,,,,,
23152,variable,46183670,,Voila Rug 100 Orange,1,0,hidden,Voila Rug 100 Orange ,Voila Rug 100 Orange ,,,taxable,,0,,,0,0,,,,,1,,,,"Rooms > Bedroom, Rooms > Kitchen, Rooms > Living room, Rugs > Modern, Rugs, Rugs > Vintage",,,"https://rugshop.eu/wp-content/uploads/2021/09/voila-rug-100-orange.jpg, https://rugshop.eu/wp-content/uploads/2021/09/voila-rug-100-orange-1.jpg, https://rugshop.eu/wp-content/uploads/2021/09/voila-rug-100-orange-2.jpg, https://rugshop.eu/wp-content/uploads/2021/09/voila-rug-100-orange-3.jpg, https://rugshop.eu/wp-content/uploads/2021/09/voila-rug-100-orange-4.jpg, https://rugshop.eu/wp-content/uploads/2021/09/voila-rug-100-orange-5.jpg, https://rugshop.eu/wp-content/uploads/2021/09/voila-rug-100-orange-6.jpg, https://rugshop.eu/wp-content/uploads/2021/09/voila-rug-100-orange-7.jpg, https://rugshop.eu/wp-content/uploads/2021/09/voila-rug-100-orange-8.jpg, https://rugshop.eu/wp-content/uploads/2021/09/voila-rug-100-orange-9.jpg, https://rugshop.eu/wp-content/uploads/2021/09/voila-rug-100-orange-10.jpg, https://rugshop.eu/wp-content/uploads/2021/09/voila-rug-100-orange-11.jpg",,,,,,,,,5193,,,Size,"120x170, 160x230, 200x290",1,1,Brand,D-sign,1,1,Color,Yellow-Brown,1,1,Type of color,Multicolor,1,1,Shape,Rectangular,1,1,Material,Leather,1,1,Type of rug,"Modern, Vintage / Colored Vintage",1,1,Weave,Handmade,1,1,Country,India,1,1,Age,New,1,1,,,,,,,,,,,,,1786452971,yes,yes,,,,,,,,,,,,,,,,,,,,,,,,,,,,,
23153,variable,46183671,,Voila Rug 100 Red,1,0,hidden,Voila Rug 100 Red,Voila Rug 100 Red,,,taxable,,0,,,0,0,,,,,0,,,,"Rooms > Bedroom, Rooms > Kitchen, Rugs > Leather & hides, Rooms > Living room, Rugs > Modern, Rugs",,,"https://rugshop.eu/wp-content/uploads/2021/09/voila-rug-100-red.jpg, https://rugshop.eu/wp-content/uploads/2021/09/voila-rug-100-red-1.jpg, https://rugshop.eu/wp-content/uploads/2021/09/voila-rug-100-red-2.jpg, https://rugshop.eu/wp-content/uploads/2021/09/voila-rug-100-red-3.jpg",,,,,,,,,5194,,,Size,"120x170, 160x230, 200x290",1,1,Brand,D-sign,1,1,Color,Red,1,1,Type of color,Multicolor,1,1,Shape,Rectangular,1,1,Material,Leather,1,1,Type of rug,"Leather / Hide rug, Modern",1,1,Weave,Handmade,1,1,Country,India,1,1,Age,New,1,1,,,,,default,default,default,default,,,90,1,1786452972,yes,yes,,,,,,,,,,,,,,,,,,,,,,,,,,,,,
23170,variable,46183672,,Voila Rug 100 Black,1,0,hidden,Voila Rug 100 Black ,Voila Rug 100 Black ,,,taxable,,0,,,0,0,,,,,1,,,,"Rooms > Bedroom, Rooms > Kitchen, Rooms > Living room, Rugs > Modern, Rugs, Rugs > Vintage",,,"https://rugshop.eu/wp-content/uploads/2021/09/voila-rug-100-black.jpg, https://rugshop.eu/wp-content/uploads/2021/09/voila-rug-100-black-1.jpg, https://rugshop.eu/wp-content/uploads/2021/09/voila-rug-100-black-2.jpg, https://rugshop.eu/wp-content/uploads/2021/09/voila-rug-100-black-3.jpg, https://rugshop.eu/wp-content/uploads/2021/09/voila-rug-100-black-4.jpg, https://rugshop.eu/wp-content/uploads/2021/09/voila-rug-100-black-5.jpg, https://rugshop.eu/wp-content/uploads/2021/09/voila-rug-100-black-6.jpg, https://rugshop.eu/wp-content/uploads/2021/09/voila-rug-100-black-7.jpg, https://rugshop.eu/wp-content/uploads/2021/09/voila-rug-100-black-8.jpg, https://rugshop.eu/wp-content/uploads/2021/09/voila-rug-100-black-9.jpg, https://rugshop.eu/wp-content/uploads/2021/09/voila-rug-100-black-10.jpg, https://rugshop.eu/wp-content/uploads/2021/09/voila-rug-100-black-11.jpg",,,,,,,,,5191,,,Size,"120x170, 160x230, 200x290",1,1,Brand,D-sign,1,1,Color,Black-Grey,1,1,Type of color,Singlecolor,1,1,Shape,Rectangular,1,1,Material,Leather,1,1,Type of rug,"Modern, Vintage / Colored Vintage",1,1,Weave,Handmade,1,1,Country,India,1,1,Age,New,1,1,,,,,,,,,,,,,1786452974,yes,yes,,,,,,,,,classic-editor,,,,,,,,,,,,,,,,,,,,
23204,variable,46183674,,Yoga Rug 100 Grey/Cream,1,0,hidden,Yoga Rug 100 Grey/Cream ,Yoga Rug 100 Grey/Cream ,,,taxable,,0,,,0,0,,,,,1,,,,"Rooms > Entrance & Corridor, Rugs > Modern, Rugs",,,"https://rugshop.eu/wp-content/uploads/2021/09/yoga-rug-100-grey-cream.jpg, https://rugshop.eu/wp-content/uploads/2021/09/yoga-rug-100-grey-cream-1.jpg, https://rugshop.eu/wp-content/uploads/2021/09/yoga-rug-100-grey-cream-2.jpg, https://rugshop.eu/wp-content/uploads/2021/09/yoga-rug-100-grey-cream-3.jpg, https://rugshop.eu/wp-content/uploads/2021/09/yoga-rug-100-grey-cream-4.jpg, https://rugshop.eu/wp-content/uploads/2021/09/yoga-rug-100-grey-cream-5.jpg, https://rugshop.eu/wp-content/uploads/2021/09/yoga-rug-100-grey-cream-6.jpg, https://rugshop.eu/wp-content/uploads/2021/09/yoga-rug-100-grey-cream-7.jpg, https://rugshop.eu/wp-content/uploads/2021/09/yoga-rug-100-grey-cream-8.jpg, https://rugshop.eu/wp-content/uploads/2021/09/yoga-rug-100-grey-cream-9.jpg, https://rugshop.eu/wp-content/uploads/2021/09/yoga-rug-100-grey-cream-10.jpg, https://rugshop.eu/wp-content/uploads/2021/09/yoga-rug-100-grey-cream-11.jpg, https://rugshop.eu/wp-content/uploads/2021/09/yoga-rug-100-grey-cream-12.jpg, https://rugshop.eu/wp-content/uploads/2021/09/yoga-rug-100-grey-cream-13.jpg, https://rugshop.eu/wp-content/uploads/2021/09/yoga-rug-100-grey-cream-14.jpg, https://rugshop.eu/wp-content/uploads/2021/09/yoga-rug-100-grey-cream-15.jpg",,,,,,,,,5207,,,Size,"120x170, 160x230, 200x290, 80x150",1,1,Brand,D-sign,1,1,Color,Black-Grey,1,1,Type of color,Multicolor,1,1,Shape,Rectangular,1,1,Material,Polyester,1,1,Type of rug,Modern,1,1,Weave,Machinemade,1,1,Country,India,1,1,Age,New,1,1,,,,,,,,,,,,,1786452977,yes,yes,,,,,,,,,,,,,,,,,,,,,,,,,,,,,
23221,variation,49019257,,Voila Rug 100 Brown - 120x170,1,0,hidden,,Voila Rug 100 Brown 120x170,,,taxable,parent,0,0,,0,0,,120,170,0.5,0,,,6156,,,,,,,46183669,,,,,,1,,,Size,120x170,,1,,,,,,,,,,,,,,,,,,,,,,,,,,,,,,,,,,,,,120x170,,,,,,,,,,,,,,,,,,,,,,,,ZDFF1-120-170-E,,,,,,,,,,,,,,,,,,,
23222,variation,49019256,,Voila Rug 100 Brown - 160x230,1,0,hidden,,Voila Rug 100 Brown 160x230,,,taxable,parent,0,0,,0,0,,160,230,0.5,0,,,10716,,,,,,,46183669,,,,,,2,,,Size,160x230,,1,,,,,,,,,,,,,,,,,,,,,,,,,,,,,,,,,,,,,160x230,,,,,,,,,,,,,,,,,,,,,,,,ZDFF1-160-230-E,,,,,,,,,,,,,,,,,,,
23223,variation,49019258,,Voila Rug 100 Brown - 200x290,1,0,hidden,,Voila Rug 100 Brown 200x290,,,taxable,parent,0,0,,0,0,,200,290,0.5,0,,,16556,,,,,,,46183669,,,,,,3,,,Size,200x290,,1,,,,,,,,,,,,,,,,,,,,,,,,,,,,,,,,,,,,,200x290,,,,,,,,,,,,1786452952,,,,,,,,,,,,ZDFF1-200-290-E,,,,,,,,,,,,,,,,,,,
23237,variable,46183675,,Yoga Rug 200 Taupe/Cream,1,0,hidden,Yoga Rug 200 Taupe/Cream ,Yoga Rug 200 Taupe/Cream ,,,taxable,,0,,,0,0,,,,,1,,,,"Rooms > Entrance & Corridor, Rugs > Modern, Rugs",,,"https://rugshop.eu/wp-content/uploads/2021/09/yoga-rug-200-taupe-cream.jpg, https://rugshop.eu/wp-content/uploads/2021/09/yoga-rug-200-taupe-cream-1.jpg, https://rugshop.eu/wp-content/uploads/2021/09/yoga-rug-200-taupe-cream-2.jpg, https://rugshop.eu/wp-content/uploads/2021/09/yoga-rug-200-taupe-cream-3.jpg, https://rugshop.eu/wp-content/uploads/2021/09/yoga-rug-200-taupe-cream-4.jpg, https://rugshop.eu/wp-content/uploads/2021/09/yoga-rug-200-taupe-cream-5.jpg, https://rugshop.eu/wp-content/uploads/2021/09/yoga-rug-200-taupe-cream-6.jpg, https://rugshop.eu/wp-content/uploads/2021/09/yoga-rug-200-taupe-cream-7.jpg, https://rugshop.eu/wp-content/uploads/2021/09/yoga-rug-200-taupe-cream-8.jpg, https://rugshop.eu/wp-content/uploads/2021/09/yoga-rug-200-taupe-cream-9.jpg, https://rugshop.eu/wp-content/uploads/2021/09/yoga-rug-200-taupe-cream-10.jpg, https://rugshop.eu/wp-content/uploads/2021/09/yoga-rug-200-taupe-cream-11.jpg, https://rugshop.eu/wp-content/uploads/2021/09/yoga-rug-200-taupe-cream-12.jpg, https://rugshop.eu/wp-content/uploads/2021/09/yoga-rug-200-taupe-cream-13.jpg, https://rugshop.eu/wp-content/uploads/2021/09/yoga-rug-200-taupe-cream-14.jpg, https://rugshop.eu/wp-content/uploads/2021/09/yoga-rug-200-taupe-cream-15.jpg",,,,,,,,,5208,,,Size,"120x170, 160x230, 200x290, 80x150",1,1,Brand,D-sign,1,1,Color,Black-Grey,1,1,Type of color,Multicolor,1,1,Shape,Rectangular,1,1,Material,Polyester,1,1,Type of rug,Modern,1,1,Weave,Machinemade,1,1,Country,India,1,1,Age,New,1,1,,,,,,,,,,,,,1786452979,yes,yes,,,,,,,,,,,,,,,,,,,,,,,,,,,,,
23239,variation,49019261,,Voila Rug 100 Orange - 120x170,1,0,hidden,,Voila Rug 100 Orange 120x170,,,taxable,parent,0,0,,0,0,,120,170,0.5,0,,,6156,,,,,,,46183670,,,,,,1,,,Size,120x170,,1,,,,,,,,,,,,,,,,,,,,,,,,,,,,,,,,,,,,,120x170,,,,,,,,,,,,1786452953,,,,,,,,,,,,HD894-120-170-E,,,,,,,,,,,,,,,,,,,
23240,variation,49019259,,Voila Rug 100 Orange - 160x230,1,0,hidden,,Voila Rug 100 Orange 160x230,,,taxable,parent,0,0,,0,0,,160,230,0.5,0,,,10716,,,,,,,46183670,,,,,,2,,,Size,160x230,,1,,,,,,,,,,,,,,,,,,,,,,,,,,,,,,,,,,,,,160x230,,,,,,,,,,,,1786452952,,,,,,,,,,,,HD894-160-230-E,,,,,,,,,,,,,,,,,,,
23241,variation,49019260,,Voila Rug 100 Orange - 200x290,1,0,hidden,,Voila Rug 100 Orange 200x290,,,taxable,parent,0,0,,0,0,,200,290,0.5,0,,,16556,,,,,,,46183670,,,,,,3,,,Size,200x290,,1,,,,,,,,,,,,,,,,,,,,,,,,,,,,,,,,,,,,,200x290,,,,,,,,,,,,1786452953,,,,,,,,,,,,HD894-200-290-E,,,,,,,,,,,,,,,,,,,
23252,variation,49019267,,Voila Rug 100 Red - 120x170,1,0,hidden,,Voila Rug 100 Red 120x170,,,taxable,parent,0,0,,0,0,,120,170,0.5,0,,,6156,,,,,,,46183671,,,,,,1,,,Size,120x170,,1,,,,,,,,,,,,,,,,,,,,,,,,,,,,,,,,,,,,,120x170,,,,,,,,,,,,,,,,,,,,,,,,13HQ5-120-170-E,,,,,,,,,,,,,,,,,,,
23253,variation,49019266,,Voila Rug 100 Red - 160x230,1,0,hidden,,Voila Rug 100 Red 160x230,,,taxable,parent,0,0,,0,0,,160,230,0.5,0,,,10716,,,,,,,46183671,,,,,,2,,,Size,160x230,,1,,,,,,,,,,,,,,,,,,,,,,,,,,,,,,,,,,,,,160x230,,,,,,,,,,,,,,,,,,,,,,,,13HQ5-160-230-E,,,,,,,,,,,,,,,,,,,
23254,variation,49019265,,Voila Rug 100 Red - 200x290,1,0,hidden,,Voila Rug 100 Red 200x290,,,taxable,parent,0,0,,0,0,,200,290,0.5,0,,,16556,,,,,,,46183671,,,,,,3,,,Size,200x290,,1,,,,,,,,,,,,,,,,,,,,,,,,,,,,,,,,,,,,,200x290,,,,,,,,,,,,1786452953,,,,,,,,,,,,13HQ5-200-290-E,,,,,,,,,,,,,,,,,,,
23268,variable,46183677,,Yoga Rug 400 Grey/Cream,1,0,hidden,Yoga Rug 400 Grey/Cream ,Yoga Rug 400 Grey/Cream ,,,taxable,,0,,,0,0,,,,,1,,,,"Rooms > Entrance & Corridor, Rugs > Modern, Rugs",,,"https://rugshop.eu/wp-content/uploads/2021/09/yoga-rug-400-grey-cream.jpg, https://rugshop.eu/wp-content/uploads/2021/09/yoga-rug-400-grey-cream-1.jpg, https://rugshop.eu/wp-content/uploads/2021/09/yoga-rug-400-grey-cream-2.jpg, https://rugshop.eu/wp-content/uploads/2021/09/yoga-rug-400-grey-cream-3.jpg, https://rugshop.eu/wp-content/uploads/2021/09/yoga-rug-400-grey-cream-4.jpg, https://rugshop.eu/wp-content/uploads/2021/09/yoga-rug-400-grey-cream-5.jpg, https://rugshop.eu/wp-content/uploads/2021/09/yoga-rug-400-grey-cream-6.jpg, https://rugshop.eu/wp-content/uploads/2021/09/yoga-rug-400-grey-cream-7.jpg, https://rugshop.eu/wp-content/uploads/2021/09/yoga-rug-400-grey-cream-8.jpg, https://rugshop.eu/wp-content/uploads/2021/09/yoga-rug-400-grey-cream-9.jpg, https://rugshop.eu/wp-content/uploads/2021/09/yoga-rug-400-grey-cream-10.jpg, https://rugshop.eu/wp-content/uploads/2021/09/yoga-rug-400-grey-cream-11.jpg, https://rugshop.eu/wp-content/uploads/2021/09/yoga-rug-400-grey-cream-12.jpg, https://rugshop.eu/wp-content/uploads/2021/09/yoga-rug-400-grey-cream-13.jpg, https://rugshop.eu/wp-content/uploads/2021/09/yoga-rug-400-grey-cream-14.jpg, https://rugshop.eu/wp-content/uploads/2021/09/yoga-rug-400-grey-cream-15.jpg",,,,,,,,,5210,,,Size,"120x170, 160x230, 200x290, 80x150",1,1,Brand,D-sign,1,1,Color,Black-Grey,1,1,Type of color,Multicolor,1,1,Shape,Rectangular,1,1,Material,Polyester,1,1,Type of rug,Modern,1,1,Weave,Machinemade,1,1,Country,India,1,1,Age,New,1,1,,,,,,,,,,,,,1786453004,yes,yes,,,,,,,,,,,,,,,,,,,,,,,,,,,,,
23269,variable,46183678,,Yoga Rug 500 Anthracite/Ivory,1,0,hidden,Yoga Rug 500 Anthracite/Ivory ,Yoga Rug 500 Anthracite/Ivory ,,,taxable,,0,,,0,0,,,,,1,,,,"Rooms > Entrance & Corridor, Rugs > Modern, Rugs",,,"https://rugshop.eu/wp-content/uploads/2021/09/yoga-rug-500-anthracite-ivory.jpg, https://rugshop.eu/wp-content/uploads/2021/09/yoga-rug-500-anthracite-ivory-1.jpg, https://rugshop.eu/wp-content/uploads/2021/09/yoga-rug-500-anthracite-ivory-2.jpg, https://rugshop.eu/wp-content/uploads/2021/09/yoga-rug-500-anthracite-ivory-3.jpg, https://rugshop.eu/wp-content/uploads/2021/09/yoga-rug-500-anthracite-ivory-4.jpg, https://rugshop.eu/wp-content/uploads/2021/09/yoga-rug-500-anthracite-ivory-5.jpg, https://rugshop.eu/wp-content/uploads/2021/09/yoga-rug-500-anthracite-ivory-6.jpg, https://rugshop.eu/wp-content/uploads/2021/09/yoga-rug-500-anthracite-ivory-7.jpg, https://rugshop.eu/wp-content/uploads/2021/09/yoga-rug-500-anthracite-ivory-8.jpg, https://rugshop.eu/wp-content/uploads/2021/09/yoga-rug-500-anthracite-ivory-9.jpg, https://rugshop.eu/wp-content/uploads/2021/09/yoga-rug-500-anthracite-ivory-10.jpg, https://rugshop.eu/wp-content/uploads/2021/09/yoga-rug-500-anthracite-ivory-11.jpg, https://rugshop.eu/wp-content/uploads/2021/09/yoga-rug-500-anthracite-ivory-12.jpg, https://rugshop.eu/wp-content/uploads/2021/09/yoga-rug-500-anthracite-ivory-13.jpg, https://rugshop.eu/wp-content/uploads/2021/09/yoga-rug-500-anthracite-ivory-14.jpg, https://rugshop.eu/wp-content/uploads/2021/09/yoga-rug-500-anthracite-ivory-15.jpg",,,,,,,,,5211,,,Size,"120x170, 160x230, 200x290, 80x150",1,1,Brand,D-sign,1,1,Color,Black-Grey,1,1,Type of color,Multicolor,1,1,Shape,Rectangular,1,1,Material,Polyester,1,1,Type of rug,Modern,1,1,Weave,Machinemade,1,1,Country,India,1,1,Age,New,1,1,,,,,,,,,,,,,1786453005,yes,yes,,,,,,,,,,,,,,,,,,,,,,,,,,,,,
23270,variation,49019268,,Voila Rug 100 Black - 120x170,1,0,hidden,,Voila Rug 100 Black 120x170,,,taxable,parent,0,0,,0,0,,120,170,0.5,0,,,6156,,,,,,,46183672,,,,,,1,,,Size,120x170,,1,,,,,,,,,,,,,,,,,,,,,,,,,,,,,,,,,,,,,120x170,,,,,,,,,,,,1786452953,,,,,,,,,,,,TX769-120-170-E,,,,,,,,,,,,,,,,,,,
23271,variation,49019269,,Voila Rug 100 Black - 160x230,1,0,hidden,,Voila Rug 100 Black 160x230,,,taxable,parent,0,0,,0,0,,160,230,0.5,0,,,10716,,,,,,,46183672,,,,,,2,,,Size,160x230,,1,,,,,,,,,,,,,,,,,,,,,,,,,,,,,,,,,,,,,160x230,,,,,,,,,,,,1786452954,,,,,,,,,,,,TX769-160-230-E,,,,,,,,,,,,,,,,,,,
23272,variation,49019270,,Voila Rug 100 Black - 200x290,1,0,hidden,,Voila Rug 100 Black 200x290,,,taxable,parent,0,0,,0,0,,200,290,0.5,0,,,16556,,,,,,,46183672,,,,,,3,,,Size,200x290,,1,,,,,,,,,,,,,,,,,,,,,,,,,,,,,,,,,,,,,200x290,,,,,,,,,,,,,,,,,,,,,,,,TX769-200-290-E,,,,,,,,,,,,,,,,,,,
23306,variable,46183794,,Nomin Rug Lake Black/Red/White,1,0,hidden,Nomin Rug Lake Black/Red/White ,Nomin Rug Lake Black/Red/White ,,,taxable,,0,,,0,0,,,,,1,,,,"Rooms > Living room, Rugs > Modern, Rugs",,,"https://rugshop.eu/wp-content/uploads/2021/09/nomin-rug-lake-black-red-white.jpg, https://rugshop.eu/wp-content/uploads/2021/09/nomin-rug-lake-black-red-white-1.jpg, https://rugshop.eu/wp-content/uploads/2021/09/nomin-rug-lake-black-red-white-2.jpg, https://rugshop.eu/wp-content/uploads/2021/09/nomin-rug-lake-black-red-white-3.jpg",,,,,,,,,4717,,,Size,"170x240, 200x300",1,1,Brand,D-sign,1,1,Color,Black-Grey,1,1,Type of color,Multicolor,1,1,Shape,Rectangular,1,1,Material,Wool,1,1,Type of rug,Modern,1,1,Weave,Handmade,1,1,Country,India,1,1,Age,New,1,1,,,,,,,,,,,,,1786453046,yes,yes,,,,,,,,,,,,,,,,,,,,,,,,,,,,,
23308,variation,49019277,,Yoga Rug 100 Grey/Cream - 80x150,1,0,hidden,,Yoga Rug 100 Grey/Cream 80x150,,,taxable,parent,0,0,,0,0,,80,150,1,0,,,1116,,,,,,,46183674,,,,,,1,,,Size,80x150,,1,,,,,,,,,,,,,,,,,,,,,,,,,,,,,,,,,,,,,80x150,,,,,,,,,,,,1786452955,,,,,,,,,,,,Q1I4Q-80-150-E,,,,,,,,,,,,,,,,,,,
23309,variation,49019278,,Yoga Rug 100 Grey/Cream - 120x170,1,0,hidden,,Yoga Rug 100 Grey/Cream 120x170,,,taxable,parent,0,0,,0,0,,120,170,1,0,,,1516,,,,,,,46183674,,,,,,2,,,Size,120x170,,1,,,,,,,,,,,,,,,,,,,,,,,,,,,,,,,,,,,,,120x170,,,,,,,,,,,,1786452955,,,,,,,,,,,,Q1I4Q-120-170-E,,,,,,,,,,,,,,,,,,,
23310,variation,49019275,,Yoga Rug 100 Grey/Cream - 160x230,1,0,hidden,,Yoga Rug 100 Grey/Cream 160x230,,,taxable,parent,0,0,,0,0,,160,230,1,0,,,2316,,,,,,,46183674,,,,,,3,,,Size,160x230,,1,,,,,,,,,,,,,,,,,,,,,,,,,,,,,,,,,,,,,160x230,,,,,,,,,,,,1786452954,,,,,,,,,,,,Q1I4Q-160-230-E,,,,,,,,,,,,,,,,,,,
23311,variation,49019276,,Yoga Rug 100 Grey/Cream - 200x290,1,0,hidden,,Yoga Rug 100 Grey/Cream 200x290,,,taxable,parent,0,0,,0,0,,200,290,1,0,,,3356,,,,,,,46183674,,,,,,4,,,Size,200x290,,1,,,,,,,,,,,,,,,,,,,,,,,,,,,,,,,,,,,,,200x290,,,,,,,,,,,,1786452955,,,,,,,,,,,,Q1I4Q-200-290-E,,,,,,,,,,,,,,,,,,,
23330,variation,49019281,,Yoga Rug 200 Taupe/Cream - 80x150,1,0,hidden,,Yoga Rug 200 Taupe/Cream 80x150,,,taxable,parent,0,0,,0,0,,80,150,1,0,,,1116,,,,,,,46183675,,,,,,1,,,Size,80x150,,1,,,,,,,,,,,,,,,,,,,,,,,,,,,,,,,,,,,,,80x150,,,,,,,,,,,,1786452956,,,,,,,,,,,,9KW53-80-150-E,,,,,,,,,,,,,,,,,,,
23331,variation,49019282,,Yoga Rug 200 Taupe/Cream - 120x170,1,0,hidden,,Yoga Rug 200 Taupe/Cream 120x170,,,taxable,parent,0,0,,0,0,,120,170,1,0,,,1516,,,,,,,46183675,,,,,,2,,,Size,120x170,,1,,,,,,,,,,,,,,,,,,,,,,,,,,,,,,,,,,,,,120x170,,,,,,,,,,,,1786452957,,,,,,,,,,,,9KW53-120-170-E,,,,,,,,,,,,,,,,,,,
23332,variation,49019279,,Yoga Rug 200 Taupe/Cream - 160x230,1,0,hidden,,Yoga Rug 200 Taupe/Cream 160x230,,,taxable,parent,0,0,,0,0,,160,230,1,0,,,2316,,,,,,,46183675,,,,,,3,,,Size,160x230,,1,,,,,,,,,,,,,,,,,,,,,,,,,,,,,,,,,,,,,160x230,,,,,,,,,,,,1786452956,,,,,,,,,,,,9KW53-160-230-E,,,,,,,,,,,,,,,,,,,
23333,variation,49019280,,Yoga Rug 200 Taupe/Cream - 200x290,1,0,hidden,,Yoga Rug 200 Taupe/Cream 200x290,,,taxable,parent,0,0,,0,0,,200,290,1,0,,,3356,,,,,,,46183675,,,,,,4,,,Size,200x290,,1,,,,,,,,,,,,,,,,,,,,,,,,,,,,,,,,,,,,,200x290,,,,,,,,,,,,1786452956,,,,,,,,,,,,9KW53-200-290-E,,,,,,,,,,,,,,,,,,,
23369,variation,49019290,,Yoga Rug 400 Grey/Cream - 80x150,1,0,hidden,,Yoga Rug 400 Grey/Cream 80x150,,,taxable,parent,0,0,,0,0,,80,150,1,0,,,1116,,,,,,,46183677,,,,,,1,,,Size,80x150,,1,,,,,,,,,,,,,,,,,,,,,,,,,,,,,,,,,,,,,80x150,,,,,,,,,,,,1786452982,,,,,,,,,,,,ZTBFW-80-150-E,,,,,,,,,,,,,,,,,,,
23370,variation,49019287,,Yoga Rug 400 Grey/Cream - 120x170,1,0,hidden,,Yoga Rug 400 Grey/Cream 120x170,,,taxable,parent,0,0,,0,0,,120,170,1,0,,,1516,,,,,,,46183677,,,,,,2,,,Size,120x170,,1,,,,,,,,,,,,,,,,,,,,,,,,,,,,,,,,,,,,,120x170,,,,,,,,,,,,1786452957,,,,,,,,,,,,ZTBFW-120-170-E,,,,,,,,,,,,,,,,,,,
23371,variation,49019289,,Yoga Rug 400 Grey/Cream - 160x230,1,0,hidden,,Yoga Rug 400 Grey/Cream 160x230,,,taxable,parent,0,0,,0,0,,160,230,1,0,,,2316,,,,,,,46183677,,,,,,3,,,Size,160x230,,1,,,,,,,,,,,,,,,,,,,,,,,,,,,,,,,,,,,,,160x230,,,,,,,,,,,,1786452958,,,,,,,,,,,,ZTBFW-160-230-E,,,,,,,,,,,,,,,,,,,
23372,variation,49019288,,Yoga Rug 400 Grey/Cream - 200x290,1,0,hidden,,Yoga Rug 400 Grey/Cream 200x290,,,taxable,parent,0,0,,0,0,,200,290,1,0,,,3356,,,,,,,46183677,,,,,,4,,,Size,200x290,,1,,,,,,,,,,,,,,,,,,,,,,,,,,,,,,,,,,,,,200x290,,,,,,,,,,,,1786452958,,,,,,,,,,,,ZTBFW-200-290-E,,,,,,,,,,,,,,,,,,,
23391,variation,49019292,,Yoga Rug 500 Anthracite/Ivory - 80x150,1,0,hidden,,Yoga Rug 500 Anthracite/Ivory 80x150,,,taxable,parent,0,0,,0,0,,80,150,1,0,,,1116,,,,,,,46183678,,,,,,1,,,Size,80x150,,1,,,,,,,,,,,,,,,,,,,,,,,,,,,,,,,,,,,,,80x150,,,,,,,,,,,,1786452983,,,,,,,,,,,,1U2DP-80-150-E,,,,,,,,,,,,,,,,,,,
23392,variation,49019291,,Yoga Rug 500 Anthracite/Ivory - 120x170,1,0,hidden,,Yoga Rug 500 Anthracite/Ivory 120x170,,,taxable,parent,0,0,,0,0,,120,170,1,0,,,1516,,,,,,,46183678,,,,,,2,,,Size,120x170,,1,,,,,,,,,,,,,,,,,,,,,,,,,,,,,,,,,,,,,120x170,,,,,,,,,,,,1786452983,,,,,,,,,,,,1U2DP-120-170-E,,,,,,,,,,,,,,,,,,,
23393,variation,49019294,,Yoga Rug 500 Anthracite/Ivory - 160x230,1,0,hidden,,Yoga Rug 500 Anthracite/Ivory 160x230,,,taxable,parent,0,0,,0,0,,160,230,1,0,,,2316,,,,,,,46183678,,,,,,3,,,Size,160x230,,1,,,,,,,,,,,,,,,,,,,,,,,,,,,,,,,,,,,,,160x230,,,,,,,,,,,,1786452983,,,,,,,,,,,,1U2DP-160-230-E,,,,,,,,,,,,,,,,,,,
23394,variation,49019293,,Yoga Rug 500 Anthracite/Ivory - 200x290,1,0,hidden,,Yoga Rug 500 Anthracite/Ivory 200x290,,,taxable,parent,0,0,,0,0,,200,290,1,0,,,3356,,,,,,,46183678,,,,,,4,,,Size,200x290,,1,,,,,,,,,,,,,,,,,,,,,,,,,,,,,,,,,,,,,200x290,,,,,,,,,,,,1786452983,,,,,,,,,,,,1U2DP-200-290-E,,,,,,,,,,,,,,,,,,,
23400,variation,53490710,,Nomin Rug Lake Black/Red/White - 170x240,1,0,hidden,,Nomin Rug Lake Black/Red/White 170x240,,,taxable,parent,0,0,,0,0,,170,240,1,0,,,4956,,,,,,,46183794,,,,,,1,,,Size,170x240,,1,,,,,,,,,,,,,,,,,,,,,,,,,,,,,,,,,,,,,170x240,,,,,,,,,,,,,,,,,,,,,,,,RHMQY-170-240-E,,,,,,,,,,,,,,,,,,,
23401,variation,53490709,,Nomin Rug Lake Black/Red/White - 200x300,1,0,hidden,,Nomin Rug Lake Black/Red/White 200x300,,,taxable,parent,0,0,,0,0,,200,300,1,0,,,7036,,,,,,,46183794,,,,,,2,,,Size,200x300,,1,,,,,,,,,,,,,,,,,,,,,,,,,,,,,,,,,,,,,200x300,,,,,,,,,,,,1786453038,,,,,,,,,,,,RHMQY-200-300-E,,,,,,,,,,,,,,,,,,,
23420,variable,46183801,,Justmc Rug Bei Ivory/Pastel,1,0,visible,Justmc Rug Bei Ivory/Pastel ,Justmc Rug Bei Ivory/Pastel ,,,taxable,,1,,,0,0,,,,,1,,,,"Rooms > Bedroom, Rooms > Entrance & Corridor, Rooms > Living room, Rugs > Modern, Rugs",,,"https://rugshop.eu/wp-content/uploads/2021/09/justmc-rug-bei-ivory-pastel.jpg, https://rugshop.eu/wp-content/uploads/2021/09/justmc-rug-bei-ivory-pastel-1.jpg, https://rugshop.eu/wp-content/uploads/2021/09/justmc-rug-bei-ivory-pastel-2.jpg, https://rugshop.eu/wp-content/uploads/2021/09/justmc-rug-bei-ivory-pastel-3.jpg, https://rugshop.eu/wp-content/uploads/2021/09/justmc-rug-bei-ivory-pastel-4.jpg, https://rugshop.eu/wp-content/uploads/2021/09/justmc-rug-bei-ivory-pastel-5.jpg",,,,,,,,,4560,,,Size,"130x190, 200x300, 70x140",1,1,Brand,D-sign,1,1,Color,White-Beige,1,1,Type of color,Multicolor,1,1,Shape,"Rectangular, Runner",1,1,Material,Polypropylene,1,1,Type of rug,Modern,1,1,Weave,Machinemade,1,1,Country,China,1,1,Age,New,1,1,,,,,,,,,,,,,,yes,yes,,,,,,,,,,,,,,,,,,,,,,,,,,,,,
23486,variation,53512002,,Justmc Rug Bei Ivory/Pastel - 70x140,1,0,visible,,Justmc Rug Bei Ivory/Pastel 70x140,,,taxable,parent,1,2,,0,0,,70,140,0.9,0,,,1036,,,,,,,46183801,,,,,,1,,,Size,70x140,,1,,,,,,,,,,,,,,,,,,,,,,,,,,,,,,,,,,,,,70x140,,,,,,,,,,,,,,,,,,,,,,,,O2IR5-70-140-N,,,,,,,,,,,,,,,,,,,
23487,variation,53512004,,Justmc Rug Bei Ivory/Pastel - 130x190,1,0,visible,,Justmc Rug Bei Ivory/Pastel 130x190,,,taxable,parent,0,0,,0,0,,130,190,0.9,0,,,1836,,,,,,,46183801,,,,,,2,,,Size,130x190,,1,,,,,,,,,,,,,,,,,,,,,,,,,,,,,,,,,,,,,130x190,,,,,,,,,,,,,,,,,,,,,,,,O2IR5-130-190-E,,,,,,,,,,,,,,,,,,,
23488,variation,53512003,,Justmc Rug Bei Ivory/Pastel - 200x300,1,0,visible,,Justmc Rug Bei Ivory/Pastel 200x300,,,taxable,parent,0,0,,0,0,,200,300,0.9,0,,,3596,,,,,,,46183801,,,,,,3,,,Size,200x300,,1,,,,,,,,,,,,,,,,,,,,,,,,,,,,,,,,,,,,,200x300,,,,,,,,,,,,,,,,,,,,,,,,O2IR5-200-300-E,,,,,,,,,,,,,,,,,,,
23499,variable,46183807,,Damast Rug 8066 Grey/Natureal,1,0,visible,Damast Rug 8066 Grey/Natureal ,Damast Rug 8066 Grey/Natureal ,,,taxable,,1,,,0,0,,,,,1,,,,"Rooms > Bedroom, Rooms > Entrance & Corridor, Rooms > Living room, Rugs > Modern, Rugs, Rugs > Vintage",,,"https://rugshop.eu/wp-content/uploads/2021/09/damast-rug-8066-grey-natureal.jpg, https://rugshop.eu/wp-content/uploads/2021/09/damast-rug-8066-grey-natureal-1.jpg, https://rugshop.eu/wp-content/uploads/2021/09/damast-rug-8066-grey-natureal-2.jpg, https://rugshop.eu/wp-content/uploads/2021/09/damast-rug-8066-grey-natureal-3.jpg, https://rugshop.eu/wp-content/uploads/2021/09/damast-rug-8066-grey-natureal-4.jpg, https://rugshop.eu/wp-content/uploads/2021/09/damast-rug-8066-grey-natureal-5.jpg, https://rugshop.eu/wp-content/uploads/2021/09/damast-rug-8066-grey-natureal-6.jpg, https://rugshop.eu/wp-content/uploads/2021/09/damast-rug-8066-grey-natureal-7.jpg, https://rugshop.eu/wp-content/uploads/2021/09/damast-rug-8066-grey-natureal-8.jpg, https://rugshop.eu/wp-content/uploads/2021/09/damast-rug-8066-grey-natureal-9.jpg, https://rugshop.eu/wp-content/uploads/2021/09/damast-rug-8066-grey-natureal-10.jpg, https://rugshop.eu/wp-content/uploads/2021/09/damast-rug-8066-grey-natureal-11.jpg, https://rugshop.eu/wp-content/uploads/2021/09/damast-rug-8066-grey-natureal-12.jpg, https://rugshop.eu/wp-content/uploads/2021/09/damast-rug-8066-grey-natureal-13.jpg, https://rugshop.eu/wp-content/uploads/2021/09/damast-rug-8066-grey-natureal-14.jpg, https://rugshop.eu/wp-content/uploads/2021/09/damast-rug-8066-grey-natureal-15.jpg",,,,,,,,,2767,,,Size,"120x180, 140x200, 170x240, 200x300, 80x150",1,1,Brand,D-sign,1,1,Color,White-Beige,1,1,Type of color,Multicolor,1,1,Shape,Rectangular,1,1,Material,Viscose,1,1,Type of rug,"Modern, Vintage / Colored Vintage",1,1,Weave,Handmade,1,1,Country,India,1,1,Age,New,1,1,,,,,,,,,,,,,,yes,yes,,,,,,,,,,,,,,,,,,,,,,,,,,,,,
23555,variable,46183811,,Boatbas Rug Sea Multicolor/Chocolate,1,0,hidden,Boatbas Rug Sea Multicolor/Chocolate,Boatbas Rug Sea Multicolor/Chocolate,,,taxable,,0,,,0,0,,,,,0,,,,"Rooms > Bedroom, Rooms > Entrance & Corridor, Rooms > Living room, Rugs > Modern, Rugs, Rugs > Shaggy",,,"https://rugshop.eu/wp-content/uploads/2021/09/boatbas-rug-sea-multicolor-chocolate.jpg, https://rugshop.eu/wp-content/uploads/2021/09/boatbas-rug-sea-multicolor-chocolate-1.jpg, https://rugshop.eu/wp-content/uploads/2021/09/boatbas-rug-sea-multicolor-chocolate-2.jpg, https://rugshop.eu/wp-content/uploads/2021/09/boatbas-rug-sea-multicolor-chocolate-3.jpg, https://rugshop.eu/wp-content/uploads/2021/09/boatbas-rug-sea-multicolor-chocolate-4.jpg",,,,,,,,,165,,,Size,"120x180, 140x200, 170x240, 200x200, 70x140, 90x160",1,1,Brand,D-sign,1,1,Color,Yellow-Brown,1,1,Type of color,Multicolor,1,1,Shape,Rectangular,1,1,Material,Polypropylene,1,1,Type of rug,"Modern, Rya / Shaggy",1,1,Weave,Machinemade,1,1,Country,China,1,1,Age,New,1,1,,,,,default,default,default,default,,,90,1,1786453050,yes,yes,,,,,,,,,,,,,,,,,,,,,,,,,,,,,
23578,variation,53612154,,Damast Rug 8066 Grey/Natureal - 80x150,1,0,visible,,Damast Rug 8066 Grey/Natureal 80x150,,,taxable,parent,0,0,,0,0,,80,150,1.7,0,,,3116,,,,,,,46183807,,,,,,1,,,Size,80x150,,1,,,,,,,,,,,,,,,,,,,,,,,,,,,,,,,,,,,,,80x150,,,,,,,,,,,,,,,,,,,,,,,,CQ7JM-80-150-E,,,,,,,,,,,,,,,,,,,
23579,variation,53612158,,Damast Rug 8066 Grey/Natureal - 120x180,1,0,visible,,Damast Rug 8066 Grey/Natureal 120x180,,,taxable,parent,1,2,,0,0,,120,180,1.7,0,,,5196,,,,,,,46183807,,,,,,2,,,Size,120x180,,1,,,,,,,,,,,,,,,,,,,,,,,,,,,,,,,,,,,,,120x180,,,,,,,,,,,,,,,,,,,,,,,,CQ7JM-120-180-E,,,,,,,,,,,,,,,,,,,
23580,variation,53612159,,Damast Rug 8066 Grey/Natureal - 140x200,1,0,visible,,Damast Rug 8066 Grey/Natureal 140x200,,,taxable,parent,0,0,,0,0,,140,200,1.7,0,,,6556,,,,,,,46183807,,,,,,3,,,Size,140x200,,1,,,,,,,,,,,,,,,,,,,,,,,,,,,,,,,,,,,,,140x200,,,,,,,,,,,,,,,,,,,,,,,,CQ7JM-140-200-E,,,,,,,,,,,,,,,,,,,
23581,variation,53612157,,Damast Rug 8066 Grey/Natureal - 170x240,1,0,visible,,Damast Rug 8066 Grey/Natureal 170x240,,,taxable,parent,0,0,,0,0,,170,240,1.7,0,,,9356,,,,,,,46183807,,,,,,4,,,Size,170x240,,1,,,,,,,,,,,,,,,,,,,,,,,,,,,,,,,,,,,,,170x240,,,,,,,,,,,,,,,,,,,,,,,,CQ7JM-170-240-E,,,,,,,,,,,,,,,,,,,
23582,variation,53612156,,Damast Rug 8066 Grey/Natureal - 200x300,1,0,visible,,Damast Rug 8066 Grey/Natureal 200x300,,,taxable,parent,0,0,,0,0,,200,300,1.7,0,,,13516,,,,,,,46183807,,,,,,5,,,Size,200x300,,1,,,,,,,,,,,,,,,,,,,,,,,,,,,,,,,,,,,,,200x300,,,,,,,,,,,,,,,,,,,,,,,,CQ7JM-200-300-E,,,,,,,,,,,,,,,,,,,
23615,variation,53612265,,Boatbas Rug Sea Multicolor/Chocolate - 70x140,1,0,hidden,,Boatbas Rug Sea Multicolor/Chocolate 70x140,,,taxable,parent,0,0,,0,0,,70,140,3,0,,598,1196,,,,,,,46183811,,,,,,1,,,Size,70x140,,1,,,,,,,,,,,,,,,,,,,,,,,,,,,,,,,,,,,,,70x140,,,,,,,,,,,,1786453039,,,,,,,,,,,,KOFWA-70-140,,,,,,,,,,,,,,,,,,,
23616,variation,53612264,,Boatbas Rug Sea Multicolor/Chocolate - 90x160,1,0,hidden,,Boatbas Rug Sea Multicolor/Chocolate 90x160,,,taxable,parent,0,0,,0,0,,90,160,3,0,,718,1436,,,,,,,46183811,,,,,,2,,,Size,90x160,,1,,,,,,,,,,,,,,,,,,,,,,,,,,,,,,,,,,,,,90x160,,,,,,,,,,,,,,,,,,,,,,,,KOFWA-90-160,,,,,,,,,,,,,,,,,,,
23617,variation,53612266,,Boatbas Rug Sea Multicolor/Chocolate - 120x180,1,0,hidden,,Boatbas Rug Sea Multicolor/Chocolate 120x180,,,taxable,parent,0,0,,0,0,,120,180,3,0,,958,1916,,,,,,,46183811,,,,,,3,,,Size,120x180,,1,,,,,,,,,,,,,,,,,,,,,,,,,,,,,,,,,,,,,120x180,,,,,,,,,,,,1786453039,,,,,,,,,,,,KOFWA-120-180,,,,,,,,,,,,,,,,,,,
23618,variation,53612262,,Boatbas Rug Sea Multicolor/Chocolate - 140x200,1,0,hidden,,Boatbas Rug Sea Multicolor/Chocolate 140x200,,,taxable,parent,0,0,,0,0,,140,200,3,0,,1158,2316,,,,,,,46183811,,,,,,4,,,Size,140x200,,1,,,,,,,,,,,,,,,,,,,,,,,,,,,,,,,,,,,,,140x200,,,,,,,,,,,,,,,,,,,,,,,,KOFWA-140-200,,,,,,,,,,,,,,,,,,,
23619,variation,53612263,,Boatbas Rug Sea Multicolor/Chocolate - 170x240,1,0,hidden,,Boatbas Rug Sea Multicolor/Chocolate 170x240,,,taxable,parent,0,0,,0,0,,170,240,3,0,,1558,3116,,,,,,,46183811,,,,,,5,,,Size,170x240,,1,,,,,,,,,,,,,,,,,,,,,,,,,,,,,,,,,,,,,170x240,,,,,,,,,,,,,,,,,,,,,,,,KOFWA-170-240,,,,,,,,,,,,,,,,,,,
23620,variation,53612267,,Boatbas Rug Sea Multicolor/Chocolate - 200x200,1,0,hidden,,Boatbas Rug Sea Multicolor/Chocolate 200x200,,,taxable,parent,0,0,,0,0,,200,200,3,0,,1558,3116,,,,,,,46183811,,,,,,6,,,Size,200x200,,1,,,,,,,,,,,,,,,,,,,,,,,,,,,,,,,,,,,,,200x200,,,,,,,,,,,,,,,,,,,,,,,,KOFWA-200-200,,,,,,,,,,,,,,,,,,,
23660,variable,46183820,,Bridter Rug Loe Brown,1,0,hidden,Bridter Rug Loe Brown ,Bridter Rug Loe Brown ,,,taxable,,0,,,0,0,,,,,1,,,,"Rooms > Bedroom, Rooms > Living room, Rugs > Modern, Rugs",,,"https://rugshop.eu/wp-content/uploads/2021/09/bridter-rug-loe-brown.jpg, https://rugshop.eu/wp-content/uploads/2021/09/bridter-rug-loe-brown-1.jpg, https://rugshop.eu/wp-content/uploads/2021/09/bridter-rug-loe-brown-2.jpg, https://rugshop.eu/wp-content/uploads/2021/09/bridter-rug-loe-brown-3.jpg, https://rugshop.eu/wp-content/uploads/2021/09/bridter-rug-loe-brown-4.jpg, https://rugshop.eu/wp-content/uploads/2021/09/bridter-rug-loe-brown-5.jpg",,,,,,,,,175,,,Size,"120x180, 140x200, 160x230",1,1,Brand,D-sign,1,1,Color,Yellow-Brown,1,1,Type of color,Singlecolor,1,1,Shape,Rectangular,1,1,Material,Polypropylene,1,1,Type of rug,Modern,1,1,Weave,Machinemade,1,1,Country,China,1,1,Age,New,1,1,,,,,,,,,,,,,1786453053,yes,yes,,,,,,,,,,,,,,,,,,,,,,,,,,,,,
23712,variable,46183825,,Derna Rug Hew Multicolor/Grey,1,0,hidden,Derna Rug Hew Multicolor/Grey ,Derna Rug Hew Multicolor/Grey ,,,taxable,,0,,,0,0,,,,,1,,,,"Rooms > Bedroom, Rooms > Living room, Rugs > Modern, Rugs",,,"https://rugshop.eu/wp-content/uploads/2021/09/derna-rug-hew-multicolor-grey.jpg, https://rugshop.eu/wp-content/uploads/2021/09/derna-rug-hew-multicolor-grey-1.jpg, https://rugshop.eu/wp-content/uploads/2021/09/derna-rug-hew-multicolor-grey-2.jpg",,,,,,,,,2770,,,Size,"140x200, 170x240",1,1,Brand,D-sign,1,1,Color,Black-Grey,1,1,Type of color,Multicolor,1,1,Shape,Rectangular,1,1,Material,Wool,1,1,Type of rug,Modern,1,1,Weave,Handmade,1,1,Country,India,1,1,Age,New,1,1,,,,,,,,,,,,,1786453054,yes,yes,,,,,,,,,,,,,,,,,,,,,,,,,,,,,
23723,variation,53612760,,Bridter Rug Loe Brown - 120x180,1,0,hidden,,Bridter Rug Loe Brown 120x180,,,taxable,parent,0,0,,0,0,,120,180,3,0,,,1916,,,,,,,46183820,,,,,,1,,,Size,120x180,,1,,,,,,,,,,,,,,,,,,,,,,,,,,,,,,,,,,,,,120x180,,,,,,,,,,,,,,,,,,,,,,,,CJVSV-120-180-E,,,,,,,,,,,,,,,,,,,
23724,variation,53612758,,Bridter Rug Loe Brown - 140x200,1,0,hidden,,Bridter Rug Loe Brown 140x200,,,taxable,parent,0,0,,0,0,,140,200,3,0,,,2236,,,,,,,46183820,,,,,,2,,,Size,140x200,,1,,,,,,,,,,,,,,,,,,,,,,,,,,,,,,,,,,,,,140x200,,,,,,,,,,,,1786453039,,,,,,,,,,,,CJVSV-140-200-E,,,,,,,,,,,,,,,,,,,
23725,variation,53612759,,Bridter Rug Loe Brown - 160x230,1,0,hidden,,Bridter Rug Loe Brown 160x230,,,taxable,parent,0,0,,0,0,,160,230,3,0,,,2796,,,,,,,46183820,,,,,,3,,,Size,160x230,,1,,,,,,,,,,,,,,,,,,,,,,,,,,,,,,,,,,,,,160x230,,,,,,,,,,,,,,,,,,,,,,,,CJVSV-160-230-E,,,,,,,,,,,,,,,,,,,
23733,variable,46183826,,Scotki Rug Dast Multicolor,1,0,hidden,Scotki Rug Dast Multicolor ,Scotki Rug Dast Multicolor ,,,taxable,,0,,,0,0,,,,,1,,,,"Rooms > Bedroom, Rooms > Living room, Rugs > Modern, Rugs",,,"https://rugshop.eu/wp-content/uploads/2021/09/scotki-rug-dast-multicolor.jpg, https://rugshop.eu/wp-content/uploads/2021/09/scotki-rug-dast-multicolor-1.jpg, https://rugshop.eu/wp-content/uploads/2021/09/scotki-rug-dast-multicolor-2.jpg, https://rugshop.eu/wp-content/uploads/2021/09/scotki-rug-dast-multicolor-3.jpg, https://rugshop.eu/wp-content/uploads/2021/09/scotki-rug-dast-multicolor-4.jpg, https://rugshop.eu/wp-content/uploads/2021/09/scotki-rug-dast-multicolor-5.jpg",,,,,,,,,5001,,,Size,"120x180, 140x200, 170x240",1,1,Brand,D-sign,1,1,Color,"Black-Grey, Green",1,1,Type of color,Multicolor,1,1,Shape,Rectangular,1,1,Material,Acrylic,1,1,Type of rug,Modern,1,1,Weave,Handmade,1,1,Country,China,1,1,Age,New,1,1,,,,,,,,,,,,,1786453055,yes,yes,,,,,,,,,,,,,,,,,,,,,,,,,,,,,
23734,variable,46183827,,Derna Rug Mew Multicolor/Blue,1,0,hidden,Derna Rug Mew Multicolor/Blue ,Derna Rug Mew Multicolor/Blue ,,,taxable,,0,,,0,0,,,,,1,,,,"Rooms > Bedroom, Rooms > Living room, Rugs > Modern, Rugs",,,"https://rugshop.eu/wp-content/uploads/2021/09/derna-rug-mew-multicolor-blue.jpg, https://rugshop.eu/wp-content/uploads/2021/09/derna-rug-mew-multicolor-blue-1.jpg, https://rugshop.eu/wp-content/uploads/2021/09/derna-rug-mew-multicolor-blue-2.jpg, https://rugshop.eu/wp-content/uploads/2021/09/derna-rug-mew-multicolor-blue-3.jpg, https://rugshop.eu/wp-content/uploads/2021/09/derna-rug-mew-multicolor-blue-4.jpg, https://rugshop.eu/wp-content/uploads/2021/09/derna-rug-mew-multicolor-blue-5.jpg",,,,,,,,,2771,,,Size,"120x180, 140x200, 170x240",1,1,Brand,D-sign,1,1,Color,Blue,1,1,Type of color,Multicolor,1,1,Shape,Rectangular,1,1,Material,Wool,1,1,Type of rug,Modern,1,1,Weave,Handmade,1,1,Country,India,1,1,Age,New,1,1,,,,,,,,,,,,,1786453057,yes,yes,,,,,,,,,,,,,,,,,,,,,,,,,,,,,
23755,variable,46183828,,Lendsor Rug Castle Anthracite,1,0,visible,Lendsor Rug Castle Anthracite ,Lendsor Rug Castle Anthracite ,,,taxable,,1,,,0,0,,,,,1,,,,"Rooms > Bedroom, Rooms > Entrance & Corridor, Rooms > Living room, Rugs > Modern, Rugs",,,"https://rugshop.eu/wp-content/uploads/2021/09/lendsor-rug-castle-anthracite.jpg, https://rugshop.eu/wp-content/uploads/2021/09/lendsor-rug-castle-anthracite-1.jpg, https://rugshop.eu/wp-content/uploads/2021/09/lendsor-rug-castle-anthracite-2.jpg, https://rugshop.eu/wp-content/uploads/2021/09/lendsor-rug-castle-anthracite-3.jpg, https://rugshop.eu/wp-content/uploads/2021/09/lendsor-rug-castle-anthracite-4.jpg, https://rugshop.eu/wp-content/uploads/2021/09/lendsor-rug-castle-anthracite-5.jpg, https://rugshop.eu/wp-content/uploads/2021/09/lendsor-rug-castle-anthracite-6.jpg, https://rugshop.eu/wp-content/uploads/2021/09/lendsor-rug-castle-anthracite-7.jpg, https://rugshop.eu/wp-content/uploads/2021/09/lendsor-rug-castle-anthracite-8.jpg, https://rugshop.eu/wp-content/uploads/2021/09/lendsor-rug-castle-anthracite-9.jpg, https://rugshop.eu/wp-content/uploads/2021/09/lendsor-rug-castle-anthracite-10.jpg, https://rugshop.eu/wp-content/uploads/2021/09/lendsor-rug-castle-anthracite-11.jpg",,,,,,,,,4606,,,Size,"120x180, 170x240, 200x200, 200x300, 70x140, 90x160",1,1,Brand,D-sign,1,1,Color,Black-Grey,1,1,Type of color,Singlecolor,1,1,Shape,Rectangular,1,1,Material,Polyester,1,1,Type of rug,Modern,1,1,Weave,Machinemade,1,1,Country,China,1,1,Age,New,1,1,,,,,,,,,,,,,,yes,yes,,,,,,,,,classic-editor,,,,,,,,,,,,,,,,,,,,
23784,variable,46183830,,New Rug Geoni Multicolor,1,0,hidden,New Rug Geoni Multicolor ,New Rug Geoni Multicolor ,,,taxable,,0,,,0,0,,,,,1,,,,"Rooms > Bedroom, Rugs > Modern, Rugs",,,"https://rugshop.eu/wp-content/uploads/2021/09/new-rug-geoni-multicolor.jpg, https://rugshop.eu/wp-content/uploads/2021/09/new-rug-geoni-multicolor-1.jpg, https://rugshop.eu/wp-content/uploads/2021/09/new-rug-geoni-multicolor-2.jpg, https://rugshop.eu/wp-content/uploads/2021/09/new-rug-geoni-multicolor-3.jpg",,,,,,,,,4716,,,Size,"120x180, 140x200",1,1,Brand,D-sign,1,1,Color,"Black-Grey, Pink-Purple",1,1,Type of color,Multicolor,1,1,Shape,Rectangular,1,1,Material,Wool,1,1,Type of rug,Modern,1,1,Weave,Handmade,1,1,Country,India,1,1,Age,New,1,1,,,,,,,,,,,,,1786453058,yes,yes,,,,,,,,,,,,,,,,,,,,,,,,,,,,,
23785,variable,46183831,,Cape Rug Bend Gray/Black,1,0,visible,Cape Rug Bend Gray/Black ,Cape Rug Bend Gray/Black ,,,taxable,,1,,,0,0,,,,,1,,,,"Rooms > Bedroom, Rooms > Entrance & Corridor, Rugs > Modern, Rugs",,,"https://rugshop.eu/wp-content/uploads/2021/09/cape-rug-bend-grey-black.jpg, https://rugshop.eu/wp-content/uploads/2021/09/cape-rug-bend-grey-black-1.jpg, https://rugshop.eu/wp-content/uploads/2021/09/cape-rug-bend-grey-black-2.jpg, https://rugshop.eu/wp-content/uploads/2021/09/cape-rug-bend-grey-black-3.jpg",,,,,,,,,250,,,Size,"70x140, 90x160",1,1,Brand,D-sign,1,1,Color,Black-Grey,1,1,Type of color,Multicolor,1,1,Shape,"Rectangular, Runner",1,1,Material,Acrylic,1,1,Type of rug,Modern,1,1,Weave,Handmade,1,1,Country,China,1,1,Age,New,1,1,,,,,,,,,,,,,,yes,yes,,,,,,,,,,,,,,,,,,,,,,,,,,,,,
23786,variation,53880412,,Derna Rug Hew Multicolor/Grey - 140x200,1,0,hidden,,Derna Rug Hew Multicolor/Grey 140x200,,,taxable,parent,0,0,,0,0,,140,200,1,0,,,6076,,,,,,,46183825,,,,,,1,,,Size,140x200,,1,,,,,,,,,,,,,,,,,,,,,,,,,,,,,,,,,,,,,140x200,,,,,,,,,,,,,,,,,,,,,,,,7S23V-140-200-E,,,,,,,,,,,,,,,,,,,
23787,variation,53880411,,Derna Rug Hew Multicolor/Grey - 170x240,1,0,hidden,,Derna Rug Hew Multicolor/Grey 170x240,,,taxable,parent,0,0,,0,0,,170,240,1,0,,,8556,,,,,,,46183825,,,,,,2,,,Size,170x240,,1,,,,,,,,,,,,,,,,,,,,,,,,,,,,,,,,,,,,,170x240,,,,,,,,,,,,1786453039,,,,,,,,,,,,7S23V-170-240-E,,,,,,,,,,,,,,,,,,,
23795,variation,53880424,,Scotki Rug Dast Multicolor - 120x180,1,0,hidden,,Scotki Rug Dast Multicolor 120x180,,,taxable,parent,0,0,,0,0,,120,180,1.5,0,,,2636,,,,,,,46183826,,,,,,1,,,Size,120x180,,1,,,,,,,,,,,,,,,,,,,,,,,,,,,,,,,,,,,,,120x180,,,,,,,,,,,,,,,,,,,,,,,,841TD-120-180-E,,,,,,,,,,,,,,,,,,,
23796,variation,53880422,,Scotki Rug Dast Multicolor - 140x200,1,0,hidden,,Scotki Rug Dast Multicolor 140x200,,,taxable,parent,0,0,,0,0,,140,200,1.5,0,,,3196,,,,,,,46183826,,,,,,2,,,Size,140x200,,1,,,,,,,,,,,,,,,,,,,,,,,,,,,,,,,,,,,,,140x200,,,,,,,,,,,,1786453040,,,,,,,,,,,,841TD-140-200-E,,,,,,,,,,,,,,,,,,,
23797,variation,53880423,,Scotki Rug Dast Multicolor - 170x240,1,0,hidden,,Scotki Rug Dast Multicolor 170x240,,,taxable,parent,0,0,,0,0,,170,240,1.5,0,,,4476,,,,,,,46183826,,,,,,3,,,Size,170x240,,1,,,,,,,,,,,,,,,,,,,,,,,,,,,,,,,,,,,,,170x240,,,,,,,,,,,,,,,,,,,,,,,,841TD-170-240-E,,,,,,,,,,,,,,,,,,,
23805,variable,46183832,,Poonsion Rug Wells Beige,1,0,visible,Poonsion Rug Wells Beige ,Poonsion Rug Wells Beige ,,,taxable,,1,,,0,0,,,,,1,,,,"Rooms > Bedroom, Rooms > Kitchen, Rooms > Living room, Rugs > Modern, Rugs",,,"https://rugshop.eu/wp-content/uploads/2021/09/poonsion-rug-wells-beige.jpg, https://rugshop.eu/wp-content/uploads/2021/09/poonsion-rug-wells-beige-1.jpg, https://rugshop.eu/wp-content/uploads/2021/09/poonsion-rug-wells-beige-2.jpg, https://rugshop.eu/wp-content/uploads/2021/09/poonsion-rug-wells-beige-3.jpg",,,,,,,,,4906,,,Size,"120x180, 170x240",1,1,Brand,D-sign,1,1,Color,White-Beige,1,1,Type of color,Multicolor,1,1,Shape,Rectangular,1,1,Material,Wool,1,1,Type of rug,Modern,1,1,Weave,Handmade,1,1,Country,China,1,1,Age,New,1,1,,,,,,,,,,,,,,yes,yes,,,,,,,,,,,,,,,,,,,,,,,,,,,,,
23806,variable,46183833,,Parnia Rug Ki Darkgray,1,0,hidden,Parnia Rug Ki Darkgray,Parnia Rug Ki Darkgray,,,taxable,,0,,,0,0,,,,,0,,,,"Rooms > Bedroom, Rugs > Leather & hides, Rooms > Living room, Rugs > Modern, Rugs",,,"https://rugshop.eu/wp-content/uploads/2021/09/parnia-rug-ki-darkgray.jpg, https://rugshop.eu/wp-content/uploads/2021/09/parnia-rug-ki-darkgray-1.jpg, https://rugshop.eu/wp-content/uploads/2021/09/parnia-rug-ki-darkgray-2.jpg",,,,,,,,,4784,,,Size,"120x180, 170x240",1,1,Brand,D-sign,1,1,Color,Black-Grey,1,1,Type of color,Multicolor,1,1,Shape,Rectangular,1,1,Material,Leather,1,1,Type of rug,"Leather / Hide rug, Modern",1,1,Weave,Handmade,1,1,Country,India,1,1,Age,New,1,1,,,,,default,default,default,default,,,90,1,1786453059,yes,yes,,,,,,,,,,,,,,,,,,,,,,,,,,,,,
23807,variable,46183834,,Parnia Rug Ki Light Gray,1,0,visible,Parnia Rug Ki Light Gray,Parnia Rug Ki Light Gray,,,taxable,,1,,,0,0,,,,,0,,,,"Rooms > Bedroom, Rugs > Leather & hides, Rooms > Living room, Rugs > Modern, Rugs",,,"https://rugshop.eu/wp-content/uploads/2021/09/parnia-rug-ki-light-gray.jpg, https://rugshop.eu/wp-content/uploads/2021/09/parnia-rug-ki-light-gray-1.jpg, https://rugshop.eu/wp-content/uploads/2021/09/parnia-rug-ki-light-gray-2.jpg",,,,,,,,,4785,,,Size,"120x180, 170x240",1,1,Brand,D-sign,1,1,Color,Black-Grey,1,1,Type of color,Multicolor,1,1,Shape,Rectangular,1,1,Material,Leather,1,1,Type of rug,"Leather / Hide rug, Modern",1,1,Weave,Handmade,1,1,Country,India,1,1,Age,New,1,1,,,,,default,default,default,default,,,90,1,,yes,yes,,,,,,,,,,,,,,,,,,,,,,,,,,,,,
23808,variation,53880426,,Derna Rug Mew Multicolor/Blue - 120x180,1,0,hidden,,Derna Rug Mew Multicolor/Blue 120x180,,,taxable,parent,0,0,,0,0,,120,180,1,0,,,4796,,,,,,,46183827,,,,,,1,,,Size,120x180,,1,,,,,,,,,,,,,,,,,,,,,,,,,,,,,,,,,,,,,120x180,,,,,,,,,,,,,,,,,,,,,,,,8BRA8-120-180-E,,,,,,,,,,,,,,,,,,,
23809,variation,53880427,,Derna Rug Mew Multicolor/Blue - 140x200,1,0,hidden,,Derna Rug Mew Multicolor/Blue 140x200,,,taxable,parent,0,0,,0,0,,140,200,1,0,,,6076,,,,,,,46183827,,,,,,2,,,Size,140x200,,1,,,,,,,,,,,,,,,,,,,,,,,,,,,,,,,,,,,,,140x200,,,,,,,,,,,,,,,,,,,,,,,,8BRA8-140-200-E,,,,,,,,,,,,,,,,,,,
23810,variation,53880428,,Derna Rug Mew Multicolor/Blue - 170x240,1,0,hidden,,Derna Rug Mew Multicolor/Blue 170x240,,,taxable,parent,0,0,,0,0,,170,240,1,0,,,8556,,,,,,,46183827,,,,,,3,,,Size,170x240,,1,,,,,,,,,,,,,,,,,,,,,,,,,,,,,,,,,,,,,170x240,,,,,,,,,,,,1786453040,,,,,,,,,,,,8BRA8-170-240-E,,,,,,,,,,,,,,,,,,,
23824,variable,46183835,,Parnia Rug Ki Anthracite,1,0,hidden,Parnia Rug Ki Anthracite,Parnia Rug Ki Anthracite,,,taxable,,0,,,0,0,,,,,0,,,,"Rooms > Bedroom, Rugs > Leather & hides, Rooms > Living room, Rugs > Modern, Rugs",,,"https://rugshop.eu/wp-content/uploads/2021/09/parnia-rug-ki-anthracite.jpg, https://rugshop.eu/wp-content/uploads/2021/09/parnia-rug-ki-anthracite-1.jpg, https://rugshop.eu/wp-content/uploads/2021/09/parnia-rug-ki-anthracite-2.jpg",,,,,,,,,4783,,,Size,"120x180, 170x240",1,1,Brand,D-sign,1,1,Color,Black-Grey,1,1,Type of color,Multicolor,1,1,Shape,Rectangular,1,1,Material,Leather,1,1,Type of rug,"Leather / Hide rug, Modern",1,1,Weave,Handmade,1,1,Country,India,1,1,Age,New,1,1,,,,,default,default,default,default,,,90,1,1786453061,yes,yes,,,,,,,,,,,,,,,,,,,,,,,,,,,,,
23825,variation,53880467,,Lendsor Rug Castle Anthracite - 70x140,1,0,visible,,Lendsor Rug Castle Anthracite 70x140,,,taxable,parent,0,0,,0,0,,70,140,4,0,,,1196,,,,,,,46183828,,,,,,1,,,Size,70x140,,1,,,,,,,,,,,,,,,,,,,,,,,,,,,,,,,,,,,,,70x140,,,,,,,,,,,,,,,,,,,,,,,,B6BIS-70-140-E,,,,,,,,,,,,,,,,,,,
23826,variation,53880469,,Lendsor Rug Castle Anthracite - 90x160,1,0,visible,,Lendsor Rug Castle Anthracite 90x160,,,taxable,parent,0,0,,0,0,,90,160,4,0,,,1516,,,,,,,46183828,,,,,,2,,,Size,90x160,,1,,,,,,,,,,,,,,,,,,,,,,,,,,,,,,,,,,,,,90x160,,,,,,,,,,,,,,,,,,,,,,,,B6BIS-90-160-E,,,,,,,,,,,,,,,,,,,
23827,variation,53880465,,Lendsor Rug Castle Anthracite - 120x180,1,0,visible,,Lendsor Rug Castle Anthracite 120x180,,,taxable,parent,1,2,,0,0,,120,180,4,0,,,1996,,,,,,,46183828,,,,,,3,,,Size,120x180,,1,,,,,,,,,,,,,,,,,,,,,,,,,,,,,,,,,,,,,120x180,,,,,,,,,,,,,,,,,,,,,,,,B6BIS-120-180-E,,,,,,,,,,,,,,,,,,,
23828,variation,53880468,,Lendsor Rug Castle Anthracite - 170x240,1,0,visible,,Lendsor Rug Castle Anthracite 170x240,,,taxable,parent,0,0,,0,0,,170,240,4,0,,,3276,,,,,,,46183828,,,,,,4,,,Size,170x240,,1,,,,,,,,,,,,,,,,,,,,,,,,,,,,,,,,,,,,,170x240,,,,,,,,,,,,,,,,,,,,,,,,B6BIS-170-240-E,,,,,,,,,,,,,,,,,,,
23829,variation,53880464,,Lendsor Rug Castle Anthracite - 200x200,1,0,visible,,Lendsor Rug Castle Anthracite 200x200,,,taxable,parent,1,5,,0,0,,200,200,4,0,,,3196,,,,,,,46183828,,,,,,5,,,Size,200x200,,1,,,,,,,,,,,,,,,,,,,,,,,,,,,,,,,,,,,,,200x200,,,,,,,,,,,,,,,,,,,,,,,,B6BIS-200-200-E,,,,,,,,,,,,,,,,,,,
23830,variation,53880463,,Lendsor Rug Castle Anthracite - 200x300,1,0,visible,,Lendsor Rug Castle Anthracite 200x300,,,taxable,parent,0,0,,0,0,,200,300,4,0,,,4556,,,,,,,46183828,,,,,,6,,,Size,200x300,,1,,,,,,,,,,,,,,,,,,,,,,,,,,,,,,,,,,,,,200x300,,,,,,,,,,,,,,,,,,,,,,,,B6BIS-200-300-E,,,,,,,,,,,,,,,,,,,
23846,variation,53880530,,New Rug Geoni Multicolor - 120x180,1,0,hidden,,New Rug Geoni Multicolor 120x180,,,taxable,parent,0,0,,0,0,,120,180,0.8,0,,,4156,,,,,,,46183830,,,,,,1,,,Size,120x180,,1,,,,,,,,,,,,,,,,,,,,,,,,,,,,,,,,,,,,,120x180,,,,,,,,,,,,1786453041,,,,,,,,,,,,MYQAB-120-180,,,,,,,,,,,,,,,,,,,
23847,variation,53880529,,New Rug Geoni Multicolor - 140x200,1,0,hidden,,New Rug Geoni Multicolor 140x200,,,taxable,parent,0,0,,0,0,,140,200,0.8,0,,,5196,,,,,,,46183830,,,,,,2,,,Size,140x200,,1,,,,,,,,,,,,,,,,,,,,,,,,,,,,,,,,,,,,,140x200,,,,,,,,,,,,1786453040,,,,,,,,,,,,MYQAB-140-200,,,,,,,,,,,,,,,,,,,
23853,variable,46183836,,Parnia Rug Ti Taupe,1,0,visible,Parnia Rug Ti Taupe,Parnia Rug Ti Taupe,,,taxable,,1,,,0,0,,,,,0,,,,"Rooms > Bedroom, Rugs > Leather & hides, Rugs > Modern, Rugs",,,"https://rugshop.eu/wp-content/uploads/2021/09/parnia-rug-ti-taupe.jpg, https://rugshop.eu/wp-content/uploads/2021/09/parnia-rug-ti-taupe-1.jpg, https://rugshop.eu/wp-content/uploads/2021/09/parnia-rug-ti-taupe-2.jpg",,,,,,,,,4787,,,Size,"120x180, 140x200",1,1,Brand,D-sign,1,1,Color,Black-Grey,1,1,Type of color,Multicolor,1,1,Shape,Rectangular,1,1,Material,Leather,1,1,Type of rug,"Leather / Hide rug, Modern",1,1,Weave,Handmade,1,1,Country,India,1,1,Age,New,1,1,,,,,default,default,default,default,,,90,1,,yes,yes,,,,,,,,,,,,,,,,,,,,,,,,,,,,,
23854,variable,46183837,,Parnia Rug Ti Red,1,0,hidden,Parnia Rug Ti Red,Parnia Rug Ti Red,,,taxable,,0,,,0,0,,,,,0,,,,"Rooms > Bedroom, Rugs > Leather & hides, Rooms > Living room, Rugs > Modern, Rugs",,,"https://rugshop.eu/wp-content/uploads/2021/09/parnia-rug-ti-red.jpg, https://rugshop.eu/wp-content/uploads/2021/09/parnia-rug-ti-red-1.jpg, https://rugshop.eu/wp-content/uploads/2021/09/parnia-rug-ti-red-2.jpg",,,,,,,,,4786,,,Size,"120x180, 140x200, 170x240",1,1,Brand,D-sign,1,1,Color,Red,1,1,Type of color,Multicolor,1,1,Shape,Rectangular,1,1,Material,Leather,1,1,Type of rug,"Leather / Hide rug, Modern",1,1,Weave,Handmade,1,1,Country,India,1,1,Age,New,1,1,,,,,default,default,default,default,,,90,1,1786453063,yes,yes,,,,,,,,,,,,,,,,,,,,,,,,,,,,,
23855,variable,46183838,,Pleabaie Rug Nel Multicolor,1,0,hidden,Pleabaie Rug Nel Multicolor ,Pleabaie Rug Nel Multicolor ,,,taxable,,0,,,0,0,,,,,1,,,,"Rooms > Bedroom, Rooms > Living room, Rugs > Modern, Rugs, Rugs > Vintage",,,"https://rugshop.eu/wp-content/uploads/2021/09/pleabaie-rug-nel-multicolor.jpg, https://rugshop.eu/wp-content/uploads/2021/09/pleabaie-rug-nel-multicolor-1.jpg, https://rugshop.eu/wp-content/uploads/2021/09/pleabaie-rug-nel-multicolor-2.jpg, https://rugshop.eu/wp-content/uploads/2021/09/pleabaie-rug-nel-multicolor-3.jpg, https://rugshop.eu/wp-content/uploads/2021/09/pleabaie-rug-nel-multicolor-4.jpg, https://rugshop.eu/wp-content/uploads/2021/09/pleabaie-rug-nel-multicolor-5.jpg, https://rugshop.eu/wp-content/uploads/2021/09/pleabaie-rug-nel-multicolor-6.jpg, https://rugshop.eu/wp-content/uploads/2021/09/pleabaie-rug-nel-multicolor-7.jpg",,,,,,,,,4899,,,Size,"120x180, 120x181, 140x201, 170x241",1,1,Brand,D-sign,1,1,Color,"Black-Grey, Pink-Purple",1,1,Type of color,Multicolor,1,1,Shape,Rectangular,1,1,Material,Polypropylene,1,1,Type of rug,"Modern, Vintage / Colored Vintage",1,1,Weave,Machinemade,1,1,Country,China,1,1,Age,New,1,1,,,,,,,,,,,,,1786453064,yes,yes,,,,,,,,,,,,,,,,,,,,,,,,,,,,,
23856,variable,46183839,,Pleabaie Rug Mel Turquoise,1,0,hidden,Pleabaie Rug Mel Turquoise ,Pleabaie Rug Mel Turquoise ,,,taxable,,0,,,0,0,,,,,1,,,,"Rooms > Bedroom, Rooms > Living room, Rugs > Modern, Rugs, Rugs > Vintage",,,"https://rugshop.eu/wp-content/uploads/2021/09/pleabaie-rug-mel-turquoise.jpg, https://rugshop.eu/wp-content/uploads/2021/09/pleabaie-rug-mel-turquoise-1.jpg, https://rugshop.eu/wp-content/uploads/2021/09/pleabaie-rug-mel-turquoise-2.jpg, https://rugshop.eu/wp-content/uploads/2021/09/pleabaie-rug-mel-turquoise-3.jpg, https://rugshop.eu/wp-content/uploads/2021/09/pleabaie-rug-mel-turquoise-4.jpg, https://rugshop.eu/wp-content/uploads/2021/09/pleabaie-rug-mel-turquoise-5.jpg",,,,,,,,,4898,,,Size,"120x180, 140x200, 170x240",1,1,Brand,D-sign,1,1,Color,Green,1,1,Type of color,Multicolor,1,1,Shape,Rectangular,1,1,Material,Polypropylene,1,1,Type of rug,"Modern, Vintage / Colored Vintage",1,1,Weave,Machinemade,1,1,Country,China,1,1,Age,New,1,1,,,,,,,,,,,,,1786453066,yes,yes,,,,,,,,,,,,,,,,,,,,,,,,,,,,,
23857,variation,53880539,,Cape Rug Bend Gray/Black - 70x140,1,0,visible,,Cape Rug Bend Gray/Black 70x140,,,taxable,parent,0,0,,0,0,,70,140,1.5,0,,,1756,,,,,,,46183831,,,,,,1,,,Size,70x140,,1,,,,,,,,,,,,,,,,,,,,,,,,,,,,,,,,,,,,,70x140,,,,,,,,,,,,,,,,,,,,,,,,V2C9O-70-140-E,,,,,,,,,,,,,,,,,,,
23858,variation,53880540,,Cape Rug Bend Gray/Black - 90x160,1,0,visible,,Cape Rug Bend Gray/Black 90x160,,,taxable,parent,1,2,,0,0,,90,160,1.5,0,,,2316,,,,,,,46183831,,,,,,2,,,Size,90x160,,1,,,,,,,,,,,,,,,,,,,,,,,,,,,,,,,,,,,,,90x160,,,,,,,,,,,,,,,,,,,,,,,,V2C9O-90-160-E,,,,,,,,,,,,,,,,,,,
23864,variation,53880553,,Poonsion Rug Wells Beige - 120x180,1,0,visible,,Poonsion Rug Wells Beige 120x180,,,taxable,parent,0,0,,0,0,,120,180,0.4,0,,,3276,,,,,,,46183832,,,,,,1,,,Size,120x180,,1,,,,,,,,,,,,,,,,,,,,,,,,,,,,,,,,,,,,,120x180,,,,,,,,,,,,,,,,,,,,,,,,V2X9V-120-180-E,,,,,,,,,,,,,,,,,,,
23865,variation,53880554,,Poonsion Rug Wells Beige - 170x240,1,0,visible,,Poonsion Rug Wells Beige 170x240,,,taxable,parent,1,6,,0,0,,170,240,0.4,0,,,5756,,,,,,,46183832,,,,,,2,,,Size,170x240,,1,,,,,,,,,,,,,,,,,,,,,,,,,,,,,,,,,,,,,170x240,,,,,,,,,,,,,,,,,,,,,,,,V2X9V-170-240-E,,,,,,,,,,,,,,,,,,,
23871,variation,54078456,,Parnia Rug Ki Darkgray - 120x180,1,0,hidden,,Parnia Rug Ki Darkgray 120x180,,,taxable,parent,0,0,,0,0,,120,180,0.8,0,,,3276,,,,,,,46183833,,,,,,1,,,Size,120x180,,1,,,,,,,,,,,,,,,,,,,,,,,,,,,,,,,,,,,,,120x180,,,,,,,,,,,,,,,,,,,,,,,,YFNQ6-120-180,,,,,,,,,,,,,,,,,,,
23872,variation,54078455,,Parnia Rug Ki Darkgray - 170x240,1,0,hidden,,Parnia Rug Ki Darkgray 170x240,,,taxable,parent,0,0,,0,0,,170,240,0.8,0,,,5756,,,,,,,46183833,,,,,,2,,,Size,170x240,,1,,,,,,,,,,,,,,,,,,,,,,,,,,,,,,,,,,,,,170x240,,,,,,,,,,,,1786453041,,,,,,,,,,,,YFNQ6-170-240,,,,,,,,,,,,,,,,,,,
23878,variable,46183840,,Pleabaie Rug Mel Red,1,0,hidden,Pleabaie Rug Mel Red ,Pleabaie Rug Mel Red ,,,taxable,,0,,,0,0,,,,,1,,,,"Rooms > Bedroom, Rooms > Living room, Rugs > Modern, Rugs, Rugs > Vintage",,,"https://rugshop.eu/wp-content/uploads/2021/09/pleabaie-rug-mel-red.jpg, https://rugshop.eu/wp-content/uploads/2021/09/pleabaie-rug-mel-red-1.jpg, https://rugshop.eu/wp-content/uploads/2021/09/pleabaie-rug-mel-red-2.jpg, https://rugshop.eu/wp-content/uploads/2021/09/pleabaie-rug-mel-red-3.jpg, https://rugshop.eu/wp-content/uploads/2021/09/pleabaie-rug-mel-red-4.jpg, https://rugshop.eu/wp-content/uploads/2021/09/pleabaie-rug-mel-red-5.jpg",,,,,,,,,4897,,,Size,"120x180, 140x200, 170x240",1,1,Brand,D-sign,1,1,Color,Red,1,1,Type of color,Multicolor,1,1,Shape,Rectangular,1,1,Material,Polypropylene,1,1,Type of rug,"Modern, Vintage / Colored Vintage",1,1,Weave,Machinemade,1,1,Country,China,1,1,Age,New,1,1,,,,,,,,,,,,,1786453067,yes,yes,,,,,,,,,,,,,,,,,,,,,,,,,,,,,
23879,variable,46183841,,Vancouver Rug 510 Grey/White,1,0,visible,Vancouver Rug 510 Grey/White ,Vancouver Rug 510 Grey/White ,,,taxable,,1,,,0,0,,,,,1,,,,"Rooms > Bedroom, Rooms > Entrance & Corridor, Rooms > Living room, Rugs > Modern, Rugs",,,"https://rugshop.eu/wp-content/uploads/2021/09/vancouver-rug-510-grey-white.jpg, https://rugshop.eu/wp-content/uploads/2021/09/vancouver-rug-510-grey-white-1.jpg, https://rugshop.eu/wp-content/uploads/2021/09/vancouver-rug-510-grey-white-2.jpg, https://rugshop.eu/wp-content/uploads/2021/09/vancouver-rug-510-grey-white-3.jpg, https://rugshop.eu/wp-content/uploads/2021/09/vancouver-rug-510-grey-white-4.jpg, https://rugshop.eu/wp-content/uploads/2021/09/vancouver-rug-510-grey-white-5.jpg, https://rugshop.eu/wp-content/uploads/2021/09/vancouver-rug-510-grey-white-6.jpg, https://rugshop.eu/wp-content/uploads/2021/09/vancouver-rug-510-grey-white-7.jpg, https://rugshop.eu/wp-content/uploads/2021/09/vancouver-rug-510-grey-white-8.jpg, https://rugshop.eu/wp-content/uploads/2021/09/vancouver-rug-510-grey-white-9.jpg, https://rugshop.eu/wp-content/uploads/2021/09/vancouver-rug-510-grey-white-10.jpg, https://rugshop.eu/wp-content/uploads/2021/09/vancouver-rug-510-grey-white-11.jpg, https://rugshop.eu/wp-content/uploads/2021/09/vancouver-rug-510-grey-white-12.jpg, https://rugshop.eu/wp-content/uploads/2021/09/vancouver-rug-510-grey-white-13.jpg, https://rugshop.eu/wp-content/uploads/2021/09/vancouver-rug-510-grey-white-14.jpg, https://rugshop.eu/wp-content/uploads/2021/09/vancouver-rug-510-grey-white-15.jpg",,,,,,,,,5164,,,Size,"120x170, 160x230, 200x290, 80x150",1,1,Brand,D-sign,1,1,Color,Black-Grey,1,1,Type of color,Multicolor,1,1,Shape,Rectangular,1,1,Material,Polypropylene,1,1,Type of rug,Modern,1,1,Weave,Machinemade,1,1,Country,Belgium,1,1,Age,New,1,1,,,,,,,,,,,,,,yes,yes,,,,,,,,,,,,,,,,,,,,,,,,,,,,,
23880,variation,54078473,,Parnia Rug Ki Light Gray - 120x180,1,0,visible,,Parnia Rug Ki Light Gray 120x180,,,taxable,parent,1,3,,0,0,,120,180,0.8,0,,,3276,,,,,,,46183834,,,,,,1,,,Size,120x180,,1,,,,,,,,,,,,,,,,,,,,,,,,,,,,,,,,,,,,,120x180,,,,,,,,,,,,,,,,,,,,,,,,VQKKX-120-180,,,,,,,,,,,,,,,,,,,
23881,variation,54078472,,Parnia Rug Ki Light Gray - 170x240,1,0,visible,,Parnia Rug Ki Light Gray 170x240,,,taxable,parent,1,27,,0,0,,170,240,0.8,0,,,5756,,,,,,,46183834,,,,,,2,,,Size,170x240,,1,,,,,,,,,,,,,,,,,,,,,,,,,,,,,,,,,,,,,170x240,,,,,,,,,,,,,,,,,,,,,,,,VQKKX-170-240,,,,,,,,,,,,,,,,,,,
23887,variation,54078595,,Parnia Rug Ki Anthracite - 120x180,1,0,hidden,,Parnia Rug Ki Anthracite 120x180,,,taxable,parent,0,0,,0,0,,120,180,0.8,0,,,3276,,,,,,,46183835,,,,,,1,,,Size,120x180,,1,,,,,,,,,,,,,,,,,,,,,,,,,,,,,,,,,,,,,120x180,,,,,,,,,,,,1786453042,,,,,,,,,,,,BDSFG-120-180,,,,,,,,,,,,,,,,,,,
23888,variation,54078593,,Parnia Rug Ki Anthracite - 170x240,1,0,hidden,,Parnia Rug Ki Anthracite 170x240,,,taxable,parent,0,0,,0,0,,170,240,0.8,0,,,5756,,,,,,,46183835,,,,,,2,,,Size,170x240,,1,,,,,,,,,,,,,,,,,,,,,,,,,,,,,,,,,,,,,170x240,,,,,,,,,,,,1786453041,,,,,,,,,,,,BDSFG-170-240,,,,,,,,,,,,,,,,,,,
23894,variation,54078637,,Parnia Rug Ti Taupe - 120x180,1,0,visible,,Parnia Rug Ti Taupe 120x180,,,taxable,parent,0,0,,0,0,,120,180,0.8,0,,,3276,,,,,,,46183836,,,,,,1,,,Size,120x180,,1,,,,,,,,,,,,,,,,,,,,,,,,,,,,,,,,,,,,,120x180,,,,,,,,,,,,,,,,,,,,,,,,4T7ZJ-120-180-E,,,,,,,,,,,,,,,,,,,
23895,variation,54078638,,Parnia Rug Ti Taupe - 140x200,1,0,visible,,Parnia Rug Ti Taupe 140x200,,,taxable,parent,1,2,,0,0,,140,200,0.8,0,,,4156,,,,,,,46183836,,,,,,2,,,Size,140x200,,1,,,,,,,,,,,,,,,,,,,,,,,,,,,,,,,,,,,,,140x200,,,,,,,,,,,,,,,,,,,,,,,,4T7ZJ-140-200-E,,,,,,,,,,,,,,,,,,,
23903,variable,46183842,,Vancouver Rug 410 White/Grey,1,0,visible,Vancouver Rug 410 White/Grey ,Vancouver Rug 410 White/Grey ,,,taxable,,1,,,0,0,,,,,1,,,,"Rooms > Bedroom, Rooms > Entrance & Corridor, Rooms > Living room, Rugs > Modern, Rugs",,,"https://rugshop.eu/wp-content/uploads/2021/09/vancouver-rug-410-white-grey.jpg, https://rugshop.eu/wp-content/uploads/2021/09/vancouver-rug-410-white-grey-1.jpg, https://rugshop.eu/wp-content/uploads/2021/09/vancouver-rug-410-white-grey-2.jpg, https://rugshop.eu/wp-content/uploads/2021/09/vancouver-rug-410-white-grey-3.jpg, https://rugshop.eu/wp-content/uploads/2021/09/vancouver-rug-410-white-grey-4.jpg, https://rugshop.eu/wp-content/uploads/2021/09/vancouver-rug-410-white-grey-5.jpg, https://rugshop.eu/wp-content/uploads/2021/09/vancouver-rug-410-white-grey-6.jpg, https://rugshop.eu/wp-content/uploads/2021/09/vancouver-rug-410-white-grey-7.jpg, https://rugshop.eu/wp-content/uploads/2021/09/vancouver-rug-410-white-grey-8.jpg, https://rugshop.eu/wp-content/uploads/2021/09/vancouver-rug-410-white-grey-9.jpg, https://rugshop.eu/wp-content/uploads/2021/09/vancouver-rug-410-white-grey-10.jpg, https://rugshop.eu/wp-content/uploads/2021/09/vancouver-rug-410-white-grey-11.jpg, https://rugshop.eu/wp-content/uploads/2021/09/vancouver-rug-410-white-grey-12.jpg, https://rugshop.eu/wp-content/uploads/2021/09/vancouver-rug-410-white-grey-13.jpg, https://rugshop.eu/wp-content/uploads/2021/09/vancouver-rug-410-white-grey-14.jpg, https://rugshop.eu/wp-content/uploads/2021/09/vancouver-rug-410-white-grey-15.jpg",,,,,,,,,5163,,,Size,"120x170, 160x230, 200x290, 80x150",1,1,Brand,D-sign,1,1,Color,White-Beige,1,1,Type of color,Multicolor,1,1,Shape,Rectangular,1,1,Material,Polypropylene,1,1,Type of rug,Modern,1,1,Weave,Machinemade,1,1,Country,Belgium,1,1,Age,New,1,1,,,,,,,,,,,,,,yes,yes,,,,,,,,,,,,,,,,,,,,,,,,,,,,,
23904,variable,46183843,,Vancouver Rug 310 Red,1,0,visible,Vancouver Rug 310 Red,Vancouver Rug 310 Red,,,taxable,,1,,,0,0,,,,,0,,,,"Rooms > Bedroom, Rooms > Entrance & Corridor, Rooms > Living room, Rugs > Modern, Rugs",,,"https://rugshop.eu/wp-content/uploads/2021/09/vancouver-rug-310-red.jpg, https://rugshop.eu/wp-content/uploads/2021/09/vancouver-rug-310-red-1.jpg, https://rugshop.eu/wp-content/uploads/2021/09/vancouver-rug-310-red-2.jpg, https://rugshop.eu/wp-content/uploads/2021/09/vancouver-rug-310-red-3.jpg, https://rugshop.eu/wp-content/uploads/2021/09/vancouver-rug-310-red-4.jpg",,,,,,,,,5162,,,Size,"120x170, 160x230, 200x290, 80x150",1,1,Brand,D-sign,1,1,Color,Black-Grey,1,1,Type of color,Multicolor,1,1,Shape,Rectangular,1,1,Material,Polypropylene,1,1,Type of rug,Modern,1,1,Weave,Machinemade,1,1,Country,Belgium,1,1,Age,New,1,1,,,,,default,default,default,default,,,,,,yes,yes,,,,,,,,,,,,,,,,,,,,,,,,,,,,,
23905,variation,54078642,,Parnia Rug Ti Red - 120x180,1,0,hidden,,Parnia Rug Ti Red 120x180,,,taxable,parent,0,0,,0,0,,120,180,0.8,0,,,3276,,,,,,,46183837,,,,,,1,,,Size,120x180,,1,,,,,,,,,,,,,,,,,,,,,,,,,,,,,,,,,,,,,120x180,,,,,,,,,,,,1786453042,,,,,,,,,,,,WHQCJ-120-180-E,,,,,,,,,,,,,,,,,,,
23906,variation,54078645,,Parnia Rug Ti Red - 140x200,1,0,hidden,,Parnia Rug Ti Red 140x200,,,taxable,parent,0,0,,0,0,,140,200,0.8,0,,,4156,,,,,,,46183837,,,,,,2,,,Size,140x200,,1,,,,,,,,,,,,,,,,,,,,,,,,,,,,,,,,,,,,,140x200,,,,,,,,,,,,1786453043,,,,,,,,,,,,WHQCJ-140-200-E,,,,,,,,,,,,,,,,,,,
23907,variation,54078643,,Parnia Rug Ti Red - 170x240,1,0,hidden,,Parnia Rug Ti Red 170x240,,,taxable,parent,0,0,,0,0,,170,240,0.8,0,,,5756,,,,,,,46183837,,,,,,3,,,Size,170x240,,1,,,,,,,,,,,,,,,,,,,,,,,,,,,,,,,,,,,,,170x240,,,,,,,,,,,,1786453042,,,,,,,,,,,,WHQCJ-170-240-E,,,,,,,,,,,,,,,,,,,
23917,variation,54078893,,Pleabaie Rug Nel Multicolor - 120x181,1,0,hidden,,Pleabaie Rug Nel Multicolor 120x181,,,taxable,parent,0,0,,0,0,,120,181,0.9,0,,,2476,,,,,,,46183838,,,,,,1,,,Size,120x181,,1,,,,,,,,,,,,,,,,,,,,,,,,,,,,,,,,,,,,,120x181,,,,,,,,,,,,1786453043,,,,,,,,,,,,ZS36M-120-181-E,,,,,,,,,,,,,,,,,,,
23918,variation,54078890,,Pleabaie Rug Nel Multicolor - 120x180,1,0,hidden,,Pleabaie Rug Nel Multicolor 120x180,,,taxable,parent,0,0,,0,0,,120,180,0.9,0,,,2476,,,,,,,46183838,,,,,,2,,,Size,120x180,,1,,,,,,,,,,,,,,,,,,,,,,,,,,,,,,,,,,,,,120x180,,,,,,,,,,,,,,,,,,,,,,,,ZS36M-120-180-E,,,,,,,,,,,,,,,,,,,
23919,variation,54078895,,Pleabaie Rug Nel Multicolor - 140x201,1,0,hidden,,Pleabaie Rug Nel Multicolor 140x201,,,taxable,parent,0,0,,0,0,,140,201,0.9,0,,,3036,,,,,,,46183838,,,,,,3,,,Size,140x201,,1,,,,,,,,,,,,,,,,,,,,,,,,,,,,,,,,,,,,,140x201,,,,,,,,,,,,,,,,,,,,,,,,ZS36M-140-201-E,,,,,,,,,,,,,,,,,,,
23920,variation,54078891,,Pleabaie Rug Nel Multicolor - 170x241,1,0,hidden,,Pleabaie Rug Nel Multicolor 170x241,,,taxable,parent,0,0,,0,0,,170,241,0.9,0,,,4236,,,,,,,46183838,,,,,,4,,,Size,170x241,,1,,,,,,,,,,,,,,,,,,,,,,,,,,,,,,,,,,,,,170x241,,,,,,,,,,,,,,,,,,,,,,,,ZS36M-170-241-E,,,,,,,,,,,,,,,,,,,
23928,variable,46183844,,Vancouver Rug 310 Cream,1,0,visible,Vancouver Rug 310 Cream ,Vancouver Rug 310 Cream ,,,taxable,,1,,,0,0,,,,,1,,,,"Rooms > Bedroom, Rooms > Entrance & Corridor, Rooms > Living room, Rugs > Modern, Rugs",,,"https://rugshop.eu/wp-content/uploads/2021/09/vancouver-rug-310-cream.jpg, https://rugshop.eu/wp-content/uploads/2021/09/vancouver-rug-310-cream-1.jpg, https://rugshop.eu/wp-content/uploads/2021/09/vancouver-rug-310-cream-2.jpg, https://rugshop.eu/wp-content/uploads/2021/09/vancouver-rug-310-cream-3.jpg, https://rugshop.eu/wp-content/uploads/2021/09/vancouver-rug-310-cream-4.jpg, https://rugshop.eu/wp-content/uploads/2021/09/vancouver-rug-310-cream-5.jpg, https://rugshop.eu/wp-content/uploads/2021/09/vancouver-rug-310-cream-6.jpg, https://rugshop.eu/wp-content/uploads/2021/09/vancouver-rug-310-cream-7.jpg, https://rugshop.eu/wp-content/uploads/2021/09/vancouver-rug-310-cream-8.jpg, https://rugshop.eu/wp-content/uploads/2021/09/vancouver-rug-310-cream-9.jpg, https://rugshop.eu/wp-content/uploads/2021/09/vancouver-rug-310-cream-10.jpg, https://rugshop.eu/wp-content/uploads/2021/09/vancouver-rug-310-cream-11.jpg, https://rugshop.eu/wp-content/uploads/2021/09/vancouver-rug-310-cream-12.jpg, https://rugshop.eu/wp-content/uploads/2021/09/vancouver-rug-310-cream-13.jpg, https://rugshop.eu/wp-content/uploads/2021/09/vancouver-rug-310-cream-14.jpg, https://rugshop.eu/wp-content/uploads/2021/09/vancouver-rug-310-cream-15.jpg",,,,,,,,,5161,,,Size,"120x170, 160x230, 200x290, 80x150",1,1,Brand,D-sign,1,1,Color,Yellow-Brown,1,1,Type of color,Multicolor,1,1,Shape,Rectangular,1,1,Material,Polypropylene,1,1,Type of rug,Modern,1,1,Weave,Machinemade,1,1,Country,Belgium,1,1,Age,New,1,1,,,,,,,,,,,,,,yes,yes,,,,,,,,,,,,,,,,,,,,,,,,,,,,,
23929,variation,54078943,,Pleabaie Rug Mel Turquoise - 120x180,1,0,hidden,,Pleabaie Rug Mel Turquoise 120x180,,,taxable,parent,0,0,,0,0,,120,180,0.9,0,,"1724,8",2476,,,,,,,46183839,,,,,,1,,,Size,120x180,,1,,,,,,,,,,,,,,,,,,,,,,,,,,,,,,,,,,,,,120x180,,,,,,,,,,,,,,,,,,,,,,,,YLOMQ-120-180-E,,,,,,,,,,,,,,,,,,,
23930,variation,54078945,,Pleabaie Rug Mel Turquoise - 140x200,1,0,hidden,,Pleabaie Rug Mel Turquoise 140x200,,,taxable,parent,0,0,,0,0,,140,200,0.9,0,,"2123,2",3036,,,,,,,46183839,,,,,,2,,,Size,140x200,,1,,,,,,,,,,,,,,,,,,,,,,,,,,,,,,,,,,,,,140x200,,,,,,,,,,,,,,,,,,,,,,,,YLOMQ-140-200-E,,,,,,,,,,,,,,,,,,,
23931,variation,54078944,,Pleabaie Rug Mel Turquoise - 170x240,1,0,hidden,,Pleabaie Rug Mel Turquoise 170x240,,,taxable,parent,0,0,,0,0,,170,240,0.9,0,,"2921,6",4156,,,,,,,46183839,,,,,,3,,,Size,170x240,,1,,,,,,,,,,,,,,,,,,,,,,,,,,,,,,,,,,,,,170x240,,,,,,,,,,,,1786453043,,,,,,,,,,,,YLOMQ-170-240-E,,,,,,,,,,,,,,,,,,,
23939,variation,54078947,,Pleabaie Rug Mel Red - 120x180,1,0,hidden,,Pleabaie Rug Mel Red 120x180,,,taxable,parent,0,0,,0,0,,120,180,0.9,0,,"1724,8",2476,,,,,,,46183840,,,,,,1,,,Size,120x180,,1,,,,,,,,,,,,,,,,,,,,,,,,,,,,,,,,,,,,,120x180,,,,,,,,,,,,1786453043,,,,,,,,,,,,24FCI-120-180-E,,,,,,,,,,,,,,,,,,,
23940,variation,54078949,,Pleabaie Rug Mel Red - 140x200,1,0,hidden,,Pleabaie Rug Mel Red 140x200,,,taxable,parent,0,0,,0,0,,140,200,0.9,0,,"2123,2",3036,,,,,,,46183840,,,,,,2,,,Size,140x200,,1,,,,,,,,,,,,,,,,,,,,,,,,,,,,,,,,,,,,,140x200,,,,,,,,,,,,,,,,,,,,,,,,24FCI-140-200-E,,,,,,,,,,,,,,,,,,,
23941,variation,54078948,,Pleabaie Rug Mel Red - 170x240,1,0,hidden,,Pleabaie Rug Mel Red 170x240,,,taxable,parent,0,0,,0,0,,170,240,0.9,0,,"2921,6",4156,,,,,,,46183840,,,,,,3,,,Size,170x240,,1,,,,,,,,,,,,,,,,,,,,,,,,,,,,,,,,,,,,,170x240,,,,,,,,,,,,1786453044,,,,,,,,,,,,24FCI-170-240-E,,,,,,,,,,,,,,,,,,,
23960,variable,46183846,,Vancouver Rug 210 Red,1,0,visible,Vancouver Rug 210 Red ,Vancouver Rug 210 Red ,,,taxable,,1,,,0,0,,,,,1,,,,"Rooms > Bedroom, Rooms > Entrance & Corridor, Rooms > Living room, Rugs > Modern, Rugs",,,"https://rugshop.eu/wp-content/uploads/2021/09/vancouver-rug-210-red.jpg, https://rugshop.eu/wp-content/uploads/2021/09/vancouver-rug-210-red-1.jpg, https://rugshop.eu/wp-content/uploads/2021/09/vancouver-rug-210-red-2.jpg, https://rugshop.eu/wp-content/uploads/2021/09/vancouver-rug-210-red-3.jpg, https://rugshop.eu/wp-content/uploads/2021/09/vancouver-rug-210-red-4.jpg, https://rugshop.eu/wp-content/uploads/2021/09/vancouver-rug-210-red-5.jpg, https://rugshop.eu/wp-content/uploads/2021/09/vancouver-rug-210-red-6.jpg, https://rugshop.eu/wp-content/uploads/2021/09/vancouver-rug-210-red-7.jpg, https://rugshop.eu/wp-content/uploads/2021/09/vancouver-rug-210-red-8.jpg, https://rugshop.eu/wp-content/uploads/2021/09/vancouver-rug-210-red-9.jpg, https://rugshop.eu/wp-content/uploads/2021/09/vancouver-rug-210-red-10.jpg, https://rugshop.eu/wp-content/uploads/2021/09/vancouver-rug-210-red-11.jpg, https://rugshop.eu/wp-content/uploads/2021/09/vancouver-rug-210-red-12.jpg, https://rugshop.eu/wp-content/uploads/2021/09/vancouver-rug-210-red-13.jpg, https://rugshop.eu/wp-content/uploads/2021/09/vancouver-rug-210-red-14.jpg, https://rugshop.eu/wp-content/uploads/2021/09/vancouver-rug-210-red-15.jpg",,,,,,,,,5159,,,Size,"120x170, 160x230, 200x290, 80x150",1,1,Brand,D-sign,1,1,Color,Black-Grey,1,1,Type of color,Multicolor,1,1,Shape,Rectangular,1,1,Material,Polypropylene,1,1,Type of rug,Modern,1,1,Weave,Machinemade,1,1,Country,Belgium,1,1,Age,New,1,1,,,,,,,,,,,,,,yes,yes,,,,,,,,,,,,,,,,,,,,,,,,,,,,,
23961,variation,54079103,,Vancouver Rug 510 Grey/White - 80x150,1,0,visible,,Vancouver Rug 510 Grey/White 80x150,,,taxable,parent,1,11,,0,0,,80,150,1,0,,608,876,,,,,,,46183841,,,,,,1,,,Size,80x150,,1,,,,,,,,,,,,,,,,,,,,,,,,,,,,,,,,,,,,,80x150,,,,,,,,,,,,,,,,,,,,,,,,NTI6G-80-150,,,,,,,,,,,,,,,,,,,
23962,variation,54079102,,Vancouver Rug 510 Grey/White - 120x170,1,0,visible,,Vancouver Rug 510 Grey/White 120x170,,,taxable,parent,0,0,,0,0,,120,170,1,0,,"768,8",1116,,,,,,,46183841,,,,,,2,,,Size,120x170,,1,,,,,,,,,,,,,,,,,,,,,,,,,,,,,,,,,,,,,120x170,,,,,,,,,,,,,,,,,,,,,,,,NTI6G-120-170,,,,,,,,,,,,,,,,,,,
23963,variation,54079101,,Vancouver Rug 510 Grey/White - 160x230,1,0,visible,,Vancouver Rug 510 Grey/White 160x230,,,taxable,parent,0,0,,0,0,,160,230,1,0,,"1083,2",1516,,,,,,,46183841,,,,,,3,,,Size,160x230,,1,,,,,,,,,,,,,,,,,,,,,,,,,,,,,,,,,,,,,160x230,,,,,,,,,,,,,,,,,,,,,,,,NTI6G-160-230,,,,,,,,,,,,,,,,,,,
23964,variation,54079100,,Vancouver Rug 510 Grey/White - 200x290,1,0,visible,,Vancouver Rug 510 Grey/White 200x290,,,taxable,parent,1,3,,0,0,,200,290,1,0,,"1489,6",2156,,,,,,,46183841,,,,,,4,,,Size,200x290,,1,,,,,,,,,,,,,,,,,,,,,,,,,,,,,,,,,,,,,200x290,,,,,,,,,,,,,,,,,,,,,,,,NTI6G-200-290,,,,,,,,,,,,,,,,,,,
23982,variable,46183847,,Vancouver Rug 110 White/Grey/Turquoise,1,0,visible,Vancouver Rug 110 White/Grey/Turquoise ,Vancouver Rug 110 White/Grey/Turquoise ,,,taxable,,1,,,0,0,,,,,1,,,,"Rooms > Bedroom, Rooms > Entrance & Corridor, Rooms > Living room, Rugs > Modern, Rugs",,,"https://rugshop.eu/wp-content/uploads/2021/09/vancouver-rug-110-white-grey-turquoise.jpg, https://rugshop.eu/wp-content/uploads/2021/09/vancouver-rug-110-white-grey-turquoise-1.jpg, https://rugshop.eu/wp-content/uploads/2021/09/vancouver-rug-110-white-grey-turquoise-2.jpg, https://rugshop.eu/wp-content/uploads/2021/09/vancouver-rug-110-white-grey-turquoise-3.jpg, https://rugshop.eu/wp-content/uploads/2021/09/vancouver-rug-110-white-grey-turquoise-4.jpg, https://rugshop.eu/wp-content/uploads/2021/09/vancouver-rug-110-white-grey-turquoise-5.jpg, https://rugshop.eu/wp-content/uploads/2021/09/vancouver-rug-110-white-grey-turquoise-6.jpg, https://rugshop.eu/wp-content/uploads/2021/09/vancouver-rug-110-white-grey-turquoise-7.jpg, https://rugshop.eu/wp-content/uploads/2021/09/vancouver-rug-110-white-grey-turquoise-8.jpg, https://rugshop.eu/wp-content/uploads/2021/09/vancouver-rug-110-white-grey-turquoise-9.jpg, https://rugshop.eu/wp-content/uploads/2021/09/vancouver-rug-110-white-grey-turquoise-10.jpg, https://rugshop.eu/wp-content/uploads/2021/09/vancouver-rug-110-white-grey-turquoise-11.jpg, https://rugshop.eu/wp-content/uploads/2021/09/vancouver-rug-110-white-grey-turquoise-12.jpg, https://rugshop.eu/wp-content/uploads/2021/09/vancouver-rug-110-white-grey-turquoise-13.jpg, https://rugshop.eu/wp-content/uploads/2021/09/vancouver-rug-110-white-grey-turquoise-14.jpg, https://rugshop.eu/wp-content/uploads/2021/09/vancouver-rug-110-white-grey-turquoise-15.jpg",,,,,,,,,5158,,,Size,"120x170, 160x230, 200x290, 80x150",1,1,Brand,D-sign,1,1,Color,Black-Grey,1,1,Type of color,Multicolor,1,1,Shape,Rectangular,1,1,Material,Polypropylene,1,1,Type of rug,Modern,1,1,Weave,Machinemade,1,1,Country,Belgium,1,1,Age,New,1,1,,,,,,,,,,,,,,yes,yes,,,,,,,,,,,,,,,,,,,,,,,,,,,,,
23983,variation,54079147,,Vancouver Rug 410 White/Grey - 80x150,1,0,visible,,Vancouver Rug 410 White/Grey 80x150,,,taxable,parent,1,13,,0,0,,80,150,1,0,,608,876,,,,,,,46183842,,,,,,1,,,Size,80x150,,1,,,,,,,,,,,,,,,,,,,,,,,,,,,,,,,,,,,,,80x150,,,,,,,,,,,,,,,,,,,,,,,,9RJIX-80-150,,,,,,,,,,,,,,,,,,,
23984,variation,54079144,,Vancouver Rug 410 White/Grey - 120x170,1,0,visible,,Vancouver Rug 410 White/Grey 120x170,,,taxable,parent,1,2,,0,0,,120,170,1,0,,"768,8",1116,,,,,,,46183842,,,,,,2,,,Size,120x170,,1,,,,,,,,,,,,,,,,,,,,,,,,,,,,,,,,,,,,,120x170,,,,,,,,,,,,,,,,,,,,,,,,9RJIX-120-170,,,,,,,,,,,,,,,,,,,
23985,variation,54079146,,Vancouver Rug 410 White/Grey - 160x230,1,0,visible,,Vancouver Rug 410 White/Grey 160x230,,,taxable,parent,0,0,,0,0,,160,230,1,0,,"1083,2",1516,,,,,,,46183842,,,,,,3,,,Size,160x230,,1,,,,,,,,,,,,,,,,,,,,,,,,,,,,,,,,,,,,,160x230,,,,,,,,,,,,,,,,,,,,,,,,9RJIX-160-230,,,,,,,,,,,,,,,,,,,
23986,variation,54079143,,Vancouver Rug 410 White/Grey - 200x290,1,0,visible,,Vancouver Rug 410 White/Grey 200x290,,,taxable,parent,0,0,,0,0,,200,290,1,0,,"1489,6",2156,,,,,,,46183842,,,,,,4,,,Size,200x290,,1,,,,,,,,,,,,,,,,,,,,,,,,,,,,,,,,,,,,,200x290,,,,,,,,,,,,,,,,,,,,,,,,9RJIX-200-290,,,,,,,,,,,,,,,,,,,
24004,variable,46183848,,Vancouver Rug 110 White/Grey/Khaki,1,0,visible,Vancouver Rug 110 White/Grey/Khaki ,Vancouver Rug 110 White/Grey/Khaki ,,,taxable,,1,,,0,0,,,,,1,,,,"Rooms > Bedroom, Rooms > Entrance & Corridor, Rooms > Living room, Rugs > Modern, Rugs",,,"https://rugshop.eu/wp-content/uploads/2021/09/vancouver-rug-110-white-grey-khaki.jpg, https://rugshop.eu/wp-content/uploads/2021/09/vancouver-rug-110-white-grey-khaki-1.jpg, https://rugshop.eu/wp-content/uploads/2021/09/vancouver-rug-110-white-grey-khaki-2.jpg, https://rugshop.eu/wp-content/uploads/2021/09/vancouver-rug-110-white-grey-khaki-3.jpg, https://rugshop.eu/wp-content/uploads/2021/09/vancouver-rug-110-white-grey-khaki-4.jpg, https://rugshop.eu/wp-content/uploads/2021/09/vancouver-rug-110-white-grey-khaki-5.jpg, https://rugshop.eu/wp-content/uploads/2021/09/vancouver-rug-110-white-grey-khaki-6.jpg, https://rugshop.eu/wp-content/uploads/2021/09/vancouver-rug-110-white-grey-khaki-7.jpg, https://rugshop.eu/wp-content/uploads/2021/09/vancouver-rug-110-white-grey-khaki-8.jpg, https://rugshop.eu/wp-content/uploads/2021/09/vancouver-rug-110-white-grey-khaki-9.jpg, https://rugshop.eu/wp-content/uploads/2021/09/vancouver-rug-110-white-grey-khaki-10.jpg, https://rugshop.eu/wp-content/uploads/2021/09/vancouver-rug-110-white-grey-khaki-11.jpg, https://rugshop.eu/wp-content/uploads/2021/09/vancouver-rug-110-white-grey-khaki-12.jpg, https://rugshop.eu/wp-content/uploads/2021/09/vancouver-rug-110-white-grey-khaki-13.jpg, https://rugshop.eu/wp-content/uploads/2021/09/vancouver-rug-110-white-grey-khaki-14.jpg, https://rugshop.eu/wp-content/uploads/2021/09/vancouver-rug-110-white-grey-khaki-15.jpg",,,,,,,,,5157,,,Size,"120x170, 160x230, 200x290, 80x150",1,1,Brand,D-sign,1,1,Color,Black-Grey,1,1,Type of color,Multicolor,1,1,Shape,Rectangular,1,1,Material,Polypropylene,1,1,Type of rug,Modern,1,1,Weave,Machinemade,1,1,Country,Belgium,1,1,Age,New,1,1,,,,,,,,,,,,,,yes,yes,,,,,,,,,,,,,,,,,,,,,,,,,,,,,
24005,variation,54079180,,Vancouver Rug 310 Red - 80x150,1,0,visible,,Vancouver Rug 310 Red 80x150,,,taxable,parent,0,0,,0,0,,80,150,1,0,,608,876,,,,,,,46183843,,,,,,1,,,Size,80x150,,1,,,,,,,,,,,,,,,,,,,,,,,,,,,,,,,,,,,,,80x150,,,,,,,,,,,,,,,,,,,,,,,,L15P4-80-150,,,,,,,,,,,,,,,,,,,
24006,variation,54079178,,Vancouver Rug 310 Red - 120x170,1,0,visible,,Vancouver Rug 310 Red 120x170,,,taxable,parent,0,0,,0,0,,120,170,1,0,,"768,8",1116,,,,,,,46183843,,,,,,2,,,Size,120x170,,1,,,,,,,,,,,,,,,,,,,,,,,,,,,,,,,,,,,,,120x170,,,,,,,,,,,,,,,,,,,,,,,,L15P4-120-170,,,,,,,,,,,,,,,,,,,
24007,variation,54079179,,Vancouver Rug 310 Red - 160x230,1,0,visible,,Vancouver Rug 310 Red 160x230,,,taxable,parent,1,2,,0,0,,160,230,1,0,,"1083,2",1516,,,,,,,46183843,,,,,,3,,,Size,160x230,,1,,,,,,,,,,,,,,,,,,,,,,,,,,,,,,,,,,,,,160x230,,,,,,,,,,,,,,,,,,,,,,,,L15P4-160-230,,,,,,,,,,,,,,,,,,,
24008,variation,54079177,,Vancouver Rug 310 Red - 200x290,1,0,visible,,Vancouver Rug 310 Red 200x290,,,taxable,parent,0,0,,0,0,,200,290,1,0,,"1489,6",2156,,,,,,,46183843,,,,,,4,,,Size,200x290,,1,,,,,,,,,,,,,,,,,,,,,,,,,,,,,,,,,,,,,200x290,,,,,,,,,,,,,,,,,,,,,,,,L15P4-200-290,,,,,,,,,,,,,,,,,,,
24027,variation,54079324,,Vancouver Rug 310 Cream - 80x150,1,0,visible,,Vancouver Rug 310 Cream 80x150,,,taxable,parent,0,0,,0,0,,80,150,1,0,,608,876,,,,,,,46183844,,,,,,1,,,Size,80x150,,1,,,,,,,,,,,,,,,,,,,,,,,,,,,,,,,,,,,,,80x150,,,,,,,,,,,,,,,,,,,,,,,,9ICZ6-80-150,,,,,,,,,,,,,,,,,,,
24028,variation,54079326,,Vancouver Rug 310 Cream - 120x170,1,0,visible,,Vancouver Rug 310 Cream 120x170,,,taxable,parent,1,3,,0,0,,120,170,1,0,,"768,8",1116,,,,,,,46183844,,,,,,2,,,Size,120x170,,1,,,,,,,,,,,,,,,,,,,,,,,,,,,,,,,,,,,,,120x170,,,,,,,,,,,,,,,,,,,,,,,,9ICZ6-120-170,,,,,,,,,,,,,,,,,,,
24029,variation,54079327,,Vancouver Rug 310 Cream - 160x230,1,0,visible,,Vancouver Rug 310 Cream 160x230,,,taxable,parent,0,0,,0,0,,160,230,1,0,,"1083,2",1516,,,,,,,46183844,,,,,,3,,,Size,160x230,,1,,,,,,,,,,,,,,,,,,,,,,,,,,,,,,,,,,,,,160x230,,,,,,,,,,,,,,,,,,,,,,,,9ICZ6-160-230,,,,,,,,,,,,,,,,,,,
24030,variation,54079325,,Vancouver Rug 310 Cream - 200x290,1,0,visible,,Vancouver Rug 310 Cream 200x290,,,taxable,parent,0,0,,0,0,,200,290,1,0,,"1489,6",2156,,,,,,,46183844,,,,,,4,,,Size,200x290,,1,,,,,,,,,,,,,,,,,,,,,,,,,,,,,,,,,,,,,200x290,,,,,,,,,,,,,,,,,,,,,,,,9ICZ6-200-290,,,,,,,,,,,,,,,,,,,
24048,variable,46183850,,Tropical Rug 125 Black/Green,1,0,visible,Tropical Rug 125 Black/Green ,Tropical Rug 125 Black/Green ,,,taxable,,1,,,0,0,,,,,1,,,,"Rooms > Bedroom, Rooms > Entrance & Corridor, Rooms > Kitchen, Rugs > Modern, Rugs",,,"https://rugshop.eu/wp-content/uploads/2021/09/tropical-rug-125-black-green.jpg, https://rugshop.eu/wp-content/uploads/2021/09/tropical-rug-125-black-green-1.jpg, https://rugshop.eu/wp-content/uploads/2021/09/tropical-rug-125-black-green-2.jpg, https://rugshop.eu/wp-content/uploads/2021/09/tropical-rug-125-black-green-3.jpg, https://rugshop.eu/wp-content/uploads/2021/09/tropical-rug-125-black-green-4.jpg, https://rugshop.eu/wp-content/uploads/2021/09/tropical-rug-125-black-green-5.jpg, https://rugshop.eu/wp-content/uploads/2021/09/tropical-rug-125-black-green-6.jpg, https://rugshop.eu/wp-content/uploads/2021/09/tropical-rug-125-black-green-7.jpg",,,,,,,,,5142,,,Size,"130x190, 80x150",1,1,Brand,D-sign,1,1,Color,Black-Grey,1,1,Type of color,Multicolor,1,1,Shape,Rectangular,1,1,Material,Polyester,1,1,Type of rug,Modern,1,1,Weave,Machinemade,1,1,Country,China,1,1,Age,New,1,1,,,,,,,,,,,,,,yes,yes,,,,,,,,,,,,,,,,,,,,,,,,,,,,,
24070,variable,46183851,,Beynah Rug Prince Turquoise,1,0,hidden,Beynah Rug Prince Turquoise ,Beynah Rug Prince Turquoise ,,,taxable,,0,,,0,0,,,,,1,,,,"Rooms > Bedroom, Rooms > Entrance & Corridor, Rooms > Living room, Rugs > Modern, Rugs, Rugs > Vintage",,,"https://rugshop.eu/wp-content/uploads/2021/09/beynah-rug-prince-turquoise.jpg, https://rugshop.eu/wp-content/uploads/2021/09/beynah-rug-prince-turquoise-1.jpg, https://rugshop.eu/wp-content/uploads/2021/09/beynah-rug-prince-turquoise-2.jpg, https://rugshop.eu/wp-content/uploads/2021/09/beynah-rug-prince-turquoise-3.jpg, https://rugshop.eu/wp-content/uploads/2021/09/beynah-rug-prince-turquoise-4.jpg, https://rugshop.eu/wp-content/uploads/2021/09/beynah-rug-prince-turquoise-5.jpg, https://rugshop.eu/wp-content/uploads/2021/09/beynah-rug-prince-turquoise-6.jpg, https://rugshop.eu/wp-content/uploads/2021/09/beynah-rug-prince-turquoise-7.jpg, https://rugshop.eu/wp-content/uploads/2021/09/beynah-rug-prince-turquoise-8.jpg, https://rugshop.eu/wp-content/uploads/2021/09/beynah-rug-prince-turquoise-9.jpg",,,,,,,,,138,,,Size,"120x180, 140x200, 170x240, 200x300, 80x150",1,1,Brand,D-sign,1,1,Color,Green,1,1,Type of color,Multicolor,1,1,Shape,Rectangular,1,1,Material,Silk,1,1,Type of rug,"Modern, Vintage / Colored Vintage",1,1,Weave,Handmade,1,1,Country,India,1,1,Age,New,1,1,,,,,,,,,,,,,1786453068,yes,yes,,,,,,,,,,,,,,,,,,,,,,,,,,,,,
24071,variation,54079472,,Vancouver Rug 210 Red - 80x150,1,0,visible,,Vancouver Rug 210 Red 80x150,,,taxable,parent,0,0,,0,0,,80,150,1,0,,608,876,,,,,,,46183846,,,,,,1,,,Size,80x150,,1,,,,,,,,,,,,,,,,,,,,,,,,,,,,,,,,,,,,,80x150,,,,,,,,,,,,,,,,,,,,,,,,2XUF6-80-150,,,,,,,,,,,,,,,,,,,
24072,variation,54079474,,Vancouver Rug 210 Red - 120x170,1,0,visible,,Vancouver Rug 210 Red 120x170,,,taxable,parent,0,0,,0,0,,120,170,1,0,,"768,8",1116,,,,,,,46183846,,,,,,2,,,Size,120x170,,1,,,,,,,,,,,,,,,,,,,,,,,,,,,,,,,,,,,,,120x170,,,,,,,,,,,,,,,,,,,,,,,,2XUF6-120-170,,,,,,,,,,,,,,,,,,,
24073,variation,54079475,,Vancouver Rug 210 Red - 160x230,1,0,visible,,Vancouver Rug 210 Red 160x230,,,taxable,parent,1,2,,0,0,,160,230,1,0,,"1083,2",1516,,,,,,,46183846,,,,,,3,,,Size,160x230,,1,,,,,,,,,,,,,,,,,,,,,,,,,,,,,,,,,,,,,160x230,,,,,,,,,,,,,,,,,,,,,,,,2XUF6-160-230,,,,,,,,,,,,,,,,,,,
24074,variation,54079473,,Vancouver Rug 210 Red - 200x290,1,0,visible,,Vancouver Rug 210 Red 200x290,,,taxable,parent,1,2,,0,0,,200,290,1,0,,"1489,6",2156,,,,,,,46183846,,,,,,4,,,Size,200x290,,1,,,,,,,,,,,,,,,,,,,,,,,,,,,,,,,,,,,,,200x290,,,,,,,,,,,,,,,,,,,,,,,,2XUF6-200-290,,,,,,,,,,,,,,,,,,,
24092,variable,46183852,,Beynah Rug Prince Terra/Creme,1,0,visible,Beynah Rug Prince Terra/Creme ,Beynah Rug Prince Terra/Creme ,,,taxable,,1,,,0,0,,,,,1,,,,"Rooms > Bedroom, Rooms > Entrance & Corridor, Rooms > Living room, Rugs > Modern, Rugs, Rugs > Vintage",,,"https://rugshop.eu/wp-content/uploads/2021/09/beynah-rug-prince-terra-creme.jpg, https://rugshop.eu/wp-content/uploads/2021/09/beynah-rug-prince-terra-creme-1.jpg, https://rugshop.eu/wp-content/uploads/2021/09/beynah-rug-prince-terra-creme-2.jpg, https://rugshop.eu/wp-content/uploads/2021/09/beynah-rug-prince-terra-creme-3.jpg, https://rugshop.eu/wp-content/uploads/2021/09/beynah-rug-prince-terra-creme-4.jpg, https://rugshop.eu/wp-content/uploads/2021/09/beynah-rug-prince-terra-creme-5.jpg, https://rugshop.eu/wp-content/uploads/2021/09/beynah-rug-prince-terra-creme-6.jpg, https://rugshop.eu/wp-content/uploads/2021/09/beynah-rug-prince-terra-creme-7.jpg, https://rugshop.eu/wp-content/uploads/2021/09/beynah-rug-prince-terra-creme-8.jpg, https://rugshop.eu/wp-content/uploads/2021/09/beynah-rug-prince-terra-creme-9.jpg",,,,,,,,,137,,,Size,"120x180, 140x200, 170x240, 200x300, 80x150",1,1,Brand,D-sign,1,1,Color,Red,1,1,Type of color,Multicolor,1,1,Shape,Rectangular,1,1,Material,Silk,1,1,Type of rug,"Modern, Vintage / Colored Vintage",1,1,Weave,Handmade,1,1,Country,India,1,1,Age,New,1,1,,,,,,,,,,,,,,yes,yes,,,,,,,,,,,,,,,,,,,,,,,,,,,,,
24093,variation,54079479,,Vancouver Rug 110 White/Grey/Turquoise - 80x150,1,0,visible,,Vancouver Rug 110 White/Grey/Turquoise 80x150,,,taxable,parent,0,0,,0,0,,80,150,1,0,,608,876,,,,,,,46183847,,,,,,1,,,Size,80x150,,1,,,,,,,,,,,,,,,,,,,,,,,,,,,,,,,,,,,,,80x150,,,,,,,,,,,,,,,,,,,,,,,,OUF1V-80-150,,,,,,,,,,,,,,,,,,,
24094,variation,54079478,,Vancouver Rug 110 White/Grey/Turquoise - 120x170,1,0,visible,,Vancouver Rug 110 White/Grey/Turquoise 120x170,,,taxable,parent,1,2,,0,0,,120,170,1,0,,"768,8",1116,,,,,,,46183847,,,,,,2,,,Size,120x170,,1,,,,,,,,,,,,,,,,,,,,,,,,,,,,,,,,,,,,,120x170,,,,,,,,,,,,,,,,,,,,,,,,OUF1V-120-170,,,,,,,,,,,,,,,,,,,
24095,variation,54079477,,Vancouver Rug 110 White/Grey/Turquoise - 160x230,1,0,visible,,Vancouver Rug 110 White/Grey/Turquoise 160x230,,,taxable,parent,0,0,,0,0,,160,230,1,0,,"1083,2",1516,,,,,,,46183847,,,,,,3,,,Size,160x230,,1,,,,,,,,,,,,,,,,,,,,,,,,,,,,,,,,,,,,,160x230,,,,,,,,,,,,,,,,,,,,,,,,OUF1V-160-230,,,,,,,,,,,,,,,,,,,
24096,variation,54079476,,Vancouver Rug 110 White/Grey/Turquoise - 200x290,1,0,visible,,Vancouver Rug 110 White/Grey/Turquoise 200x290,,,taxable,parent,0,0,,0,0,,200,290,1,0,,"1489,6",2156,,,,,,,46183847,,,,,,4,,,Size,200x290,,1,,,,,,,,,,,,,,,,,,,,,,,,,,,,,,,,,,,,,200x290,,,,,,,,,,,,,,,,,,,,,,,,OUF1V-200-290,,,,,,,,,,,,,,,,,,,
24114,variable,46183853,,Beynah Rug Prince Natural,1,0,visible,Beynah Rug Prince Natural ,Beynah Rug Prince Natural ,,,taxable,,1,,,0,0,,,,,1,,,,"Rooms > Bedroom, Rooms > Entrance & Corridor, Rooms > Living room, Rugs > Modern, Rugs, Rugs > Vintage",,,"https://rugshop.eu/wp-content/uploads/2021/09/beynah-rug-prince-natural.jpg, https://rugshop.eu/wp-content/uploads/2021/09/beynah-rug-prince-natural-1.jpg, https://rugshop.eu/wp-content/uploads/2021/09/beynah-rug-prince-natural-2.jpg, https://rugshop.eu/wp-content/uploads/2021/09/beynah-rug-prince-natural-3.jpg, https://rugshop.eu/wp-content/uploads/2021/09/beynah-rug-prince-natural-4.jpg, https://rugshop.eu/wp-content/uploads/2021/09/beynah-rug-prince-natural-5.jpg, https://rugshop.eu/wp-content/uploads/2021/09/beynah-rug-prince-natural-6.jpg, https://rugshop.eu/wp-content/uploads/2021/09/beynah-rug-prince-natural-7.jpg, https://rugshop.eu/wp-content/uploads/2021/09/beynah-rug-prince-natural-8.jpg, https://rugshop.eu/wp-content/uploads/2021/09/beynah-rug-prince-natural-9.jpg",,,,,,,,,135,,,Size,"120x180, 140x200, 170x240, 200x300, 80x150",1,1,Brand,D-sign,1,1,Color,Yellow-Brown,1,1,Type of color,Multicolor,1,1,Shape,Rectangular,1,1,Material,Silk,1,1,Type of rug,"Modern, Vintage / Colored Vintage",1,1,Weave,Handmade,1,1,Country,India,1,1,Age,New,1,1,,,,,,,,,,,,,,yes,yes,,,,,,,,,,,,,,,,,,,,,,,,,,,,,
24115,variation,54079533,,Vancouver Rug 110 White/Grey/Khaki - 80x150,1,0,visible,,Vancouver Rug 110 White/Grey/Khaki 80x150,,,taxable,parent,0,0,,0,0,,80,150,1,0,,608,876,,,,,,,46183848,,,,,,1,,,Size,80x150,,1,,,,,,,,,,,,,,,,,,,,,,,,,,,,,,,,,,,,,80x150,,,,,,,,,,,,,,,,,,,,,,,,9193V-80-150,,,,,,,,,,,,,,,,,,,
24116,variation,54079531,,Vancouver Rug 110 White/Grey/Khaki - 120x170,1,0,visible,,Vancouver Rug 110 White/Grey/Khaki 120x170,,,taxable,parent,1,5,,0,0,,120,170,1,0,,"768,8",1116,,,,,,,46183848,,,,,,2,,,Size,120x170,,1,,,,,,,,,,,,,,,,,,,,,,,,,,,,,,,,,,,,,120x170,,,,,,,,,,,,,,,,,,,,,,,,9193V-120-170,,,,,,,,,,,,,,,,,,,
24117,variation,54079530,,Vancouver Rug 110 White/Grey/Khaki - 160x230,1,0,visible,,Vancouver Rug 110 White/Grey/Khaki 160x230,,,taxable,parent,1,3,,0,0,,160,230,1,0,,"1083,2",1516,,,,,,,46183848,,,,,,3,,,Size,160x230,,1,,,,,,,,,,,,,,,,,,,,,,,,,,,,,,,,,,,,,160x230,,,,,,,,,,,,,,,,,,,,,,,,9193V-160-230,,,,,,,,,,,,,,,,,,,
24118,variation,54079532,,Vancouver Rug 110 White/Grey/Khaki - 200x290,1,0,visible,,Vancouver Rug 110 White/Grey/Khaki 200x290,,,taxable,parent,0,0,,0,0,,200,290,1,0,,"1489,6",2156,,,,,,,46183848,,,,,,4,,,Size,200x290,,1,,,,,,,,,,,,,,,,,,,,,,,,,,,,,,,,,,,,,200x290,,,,,,,,,,,,,,,,,,,,,,,,9193V-200-290,,,,,,,,,,,,,,,,,,,
24132,variation,54079627,,Tropical Rug 125 Black/Green - 80x150,1,0,visible,,Tropical Rug 125 Black/Green 80x150,,,taxable,parent,1,21,,0,0,,80,150,0.6,0,,"666,4",956,,,,,,,46183850,,,,,,1,,,Size,80x150,,1,,,,,,,,,,,,,,,,,,,,,,,,,,,,,,,,,,,,,80x150,,,,,,,,,,,,,,,,,,,,,,,,L1Q2O-80-150,,,,,,,,,,,,,,,,,,,
24133,variation,54079628,,Tropical Rug 125 Black/Green - 130x190,1,0,visible,,Tropical Rug 125 Black/Green 130x190,,,taxable,parent,1,100,,0,0,,130,190,0.6,0,,"939,2",1356,,,,,,,46183850,,,,,,2,,,Size,130x190,,1,,,,,,,,,,,,,,,,,,,,,,,,,,,,,,,,,,,,,130x190,,,,,,,,,,,,,,,,,,,,,,,,L1Q2O-130-190,,,,,,,,,,,,,,,,,,,
24147,variation,54079630,,Beynah Rug Prince Turquoise - 80x150,1,0,hidden,,Beynah Rug Prince Turquoise 80x150,,,taxable,parent,0,0,,0,0,,80,150,1.6,0,,"2796,8",3996,,,,,,,46183851,,,,,,1,,,Size,80x150,,1,,,,,,,,,,,,,,,,,,,,,,,,,,,,,,,,,,,,,80x150,,,,,,,,,,,,,,,,,,,,,,,,H25JN-80-150-E,,,,,,,,,,,,,,,,,,,
24148,variation,54079631,,Beynah Rug Prince Turquoise - 120x180,1,0,hidden,,Beynah Rug Prince Turquoise 120x180,,,taxable,parent,0,0,,0,0,,120,180,1.6,0,,,6796,,,,,,,46183851,,,,,,2,,,Size,120x180,,1,,,,,,,,,,,,,,,,,,,,,,,,,,,,,,,,,,,,,120x180,,,,,,,,,,,,,,,,,,,,,,,,H25JN-120-180-E,,,,,,,,,,,,,,,,,,,
24149,variation,54079633,,Beynah Rug Prince Turquoise - 140x200,1,0,hidden,,Beynah Rug Prince Turquoise 140x200,,,taxable,parent,0,0,,0,0,,140,200,1.6,0,,,8636,,,,,,,46183851,,,,,,3,,,Size,140x200,,1,,,,,,,,,,,,,,,,,,,,,,,,,,,,,,,,,,,,,140x200,,,,,,,,,,,,,,,,,,,,,,,,H25JN-140-200-E,,,,,,,,,,,,,,,,,,,
24150,variation,54079632,,Beynah Rug Prince Turquoise - 170x240,1,0,hidden,,Beynah Rug Prince Turquoise 170x240,,,taxable,parent,0,0,,0,0,,170,240,1.6,0,,,12316,,,,,,,46183851,,,,,,4,,,Size,170x240,,1,,,,,,,,,,,,,,,,,,,,,,,,,,,,,,,,,,,,,170x240,,,,,,,,,,,,1786453044,,,,,,,,,,,,H25JN-170-240-E,,,,,,,,,,,,,,,,,,,
24151,variation,54079629,,Beynah Rug Prince Turquoise - 200x300,1,0,hidden,,Beynah Rug Prince Turquoise 200x300,,,taxable,parent,0,0,,0,0,,200,300,1.6,0,,,17836,,,,,,,46183851,,,,,,5,,,Size,200x300,,1,,,,,,,,,,,,,,,,,,,,,,,,,,,,,,,,,,,,,200x300,,,,,,,,,,,,,,,,,,,,,,,,H25JN-200-300-E,,,,,,,,,,,,,,,,,,,
24163,variation,54079640,,Beynah Rug Prince Terra/Creme - 80x150,1,0,visible,,Beynah Rug Prince Terra/Creme 80x150,,,taxable,parent,0,0,,0,0,,80,150,1.6,0,,,3996,,,,,,,46183852,,,,,,1,,,Size,80x150,,1,,,,,,,,,,,,,,,,,,,,,,,,,,,,,,,,,,,,,80x150,,,,,,,,,,,,,,,,,,,,,,,,57XYM-80-150-E,,,,,,,,,,,,,,,,,,,
24164,variation,54079636,,Beynah Rug Prince Terra/Creme - 120x180,1,0,visible,,Beynah Rug Prince Terra/Creme 120x180,,,taxable,parent,0,0,,0,0,,120,180,1.6,0,,,6796,,,,,,,46183852,,,,,,2,,,Size,120x180,,1,,,,,,,,,,,,,,,,,,,,,,,,,,,,,,,,,,,,,120x180,,,,,,,,,,,,,,,,,,,,,,,,57XYM-120-180-E,,,,,,,,,,,,,,,,,,,
24165,variation,54079635,,Beynah Rug Prince Terra/Creme - 140x200,1,0,visible,,Beynah Rug Prince Terra/Creme 140x200,,,taxable,parent,0,0,,0,0,,140,200,1.6,0,,,8636,,,,,,,46183852,,,,,,3,,,Size,140x200,,1,,,,,,,,,,,,,,,,,,,,,,,,,,,,,,,,,,,,,140x200,,,,,,,,,,,,,,,,,,,,,,,,57XYM-140-200-E,,,,,,,,,,,,,,,,,,,
24166,variation,54079638,,Beynah Rug Prince Terra/Creme - 170x240,1,0,visible,,Beynah Rug Prince Terra/Creme 170x240,,,taxable,parent,1,5,,0,0,,170,240,1.6,0,,,12316,,,,,,,46183852,,,,,,4,,,Size,170x240,,1,,,,,,,,,,,,,,,,,,,,,,,,,,,,,,,,,,,,,170x240,,,,,,,,,,,,,,,,,,,,,,,,57XYM-170-240-E,,,,,,,,,,,,,,,,,,,
24167,variation,54079637,,Beynah Rug Prince Terra/Creme - 200x300,1,0,visible,,Beynah Rug Prince Terra/Creme 200x300,,,taxable,parent,0,0,,0,0,,200,300,1.6,0,,,17836,,,,,,,46183852,,,,,,5,,,Size,200x300,,1,,,,,,,,,,,,,,,,,,,,,,,,,,,,,,,,,,,,,200x300,,,,,,,,,,,,,,,,,,,,,,,,57XYM-200-300-E,,,,,,,,,,,,,,,,,,,
24182,variation,54079651,,Beynah Rug Prince Natural - 80x150,1,0,visible,,Beynah Rug Prince Natural 80x150,,,taxable,parent,0,0,,0,0,,80,150,1.6,0,,,3996,,,,,,,46183853,,,,,,1,,,Size,80x150,,1,,,,,,,,,,,,,,,,,,,,,,,,,,,,,,,,,,,,,80x150,,,,,,,,,,,,,,,,,,,,,,,,3L721-80-150-E,,,,,,,,,,,,,,,,,,,
24183,variation,54079649,,Beynah Rug Prince Natural - 120x180,1,0,visible,,Beynah Rug Prince Natural 120x180,,,taxable,parent,0,0,,0,0,,120,180,1.6,0,,,6796,,,,,,,46183853,,,,,,2,,,Size,120x180,,1,,,,,,,,,,,,,,,,,,,,,,,,,,,,,,,,,,,,,120x180,,,,,,,,,,,,,,,,,,,,,,,,3L721-120-180-E,,,,,,,,,,,,,,,,,,,
24184,variation,54079650,,Beynah Rug Prince Natural - 140x200,1,0,visible,,Beynah Rug Prince Natural 140x200,,,taxable,parent,0,0,,0,0,,140,200,1.6,0,,,8636,,,,,,,46183853,,,,,,3,,,Size,140x200,,1,,,,,,,,,,,,,,,,,,,,,,,,,,,,,,,,,,,,,140x200,,,,,,,,,,,,,,,,,,,,,,,,3L721-140-200-E,,,,,,,,,,,,,,,,,,,
24185,variation,54079652,,Beynah Rug Prince Natural - 170x240,1,0,visible,,Beynah Rug Prince Natural 170x240,,,taxable,parent,1,6,,0,0,,170,240,1.6,0,,,12316,,,,,,,46183853,,,,,,4,,,Size,170x240,,1,,,,,,,,,,,,,,,,,,,,,,,,,,,,,,,,,,,,,170x240,,,,,,,,,,,,,,,,,,,,,,,,3L721-170-240-E,,,,,,,,,,,,,,,,,,,
24186,variation,54079648,,Beynah Rug Prince Natural - 200x300,1,0,visible,,Beynah Rug Prince Natural 200x300,,,taxable,parent,0,0,,0,0,,200,300,1.6,0,,,17836,,,,,,,46183853,,,,,,5,,,Size,200x300,,1,,,,,,,,,,,,,,,,,,,,,,,,,,,,,,,,,,,,,200x300,,,,,,,,,,,,,,,,,,,,,,,,3L721-200-300-E,,,,,,,,,,,,,,,,,,,
24275,variable,46183864,,Lendsor Rug Castle Light Green,1,0,visible,Lendsor Rug Castle Light Green ,Lendsor Rug Castle Light Green ,,,taxable,,1,,,0,0,,,,,1,,,,"Rooms > Bedroom, Rooms > Entrance & Corridor, Rooms > Living room, Rugs > Modern, Rugs",,,"https://rugshop.eu/wp-content/uploads/2021/09/lendsor-rug-castle-light-green.jpg, https://rugshop.eu/wp-content/uploads/2021/09/lendsor-rug-castle-light-green-1.jpg, https://rugshop.eu/wp-content/uploads/2021/09/lendsor-rug-castle-light-green-2.jpg, https://rugshop.eu/wp-content/uploads/2021/09/lendsor-rug-castle-light-green-3.jpg, https://rugshop.eu/wp-content/uploads/2021/09/lendsor-rug-castle-light-green-4.jpg, https://rugshop.eu/wp-content/uploads/2021/09/lendsor-rug-castle-light-green-5.jpg, https://rugshop.eu/wp-content/uploads/2021/09/lendsor-rug-castle-light-green-6.jpg, https://rugshop.eu/wp-content/uploads/2021/09/lendsor-rug-castle-light-green-7.jpg, https://rugshop.eu/wp-content/uploads/2021/09/lendsor-rug-castle-light-green-8.jpg, https://rugshop.eu/wp-content/uploads/2021/09/lendsor-rug-castle-light-green-9.jpg, https://rugshop.eu/wp-content/uploads/2021/09/lendsor-rug-castle-light-green-10.jpg, https://rugshop.eu/wp-content/uploads/2021/09/lendsor-rug-castle-light-green-11.jpg, https://rugshop.eu/wp-content/uploads/2021/09/lendsor-rug-castle-light-green-12.jpg, https://rugshop.eu/wp-content/uploads/2021/09/lendsor-rug-castle-light-green-13.jpg",,,,,,,,,4608,,,Size,"120x180, 140x200, 170x240, 200x200, 200x300, 70x140, 90x160",1,1,Brand,D-sign,1,1,Color,Green,1,1,Type of color,Singlecolor,1,1,Shape,Rectangular,1,1,Material,Polypropylene,1,1,Type of rug,Modern,1,1,Weave,Machinemade,1,1,Country,China,1,1,Age,New,1,1,,,,,,,,,,,,,,yes,yes,,,,,,,,,,,,,,,,,,,,,,,,,,,,,
24297,variable,46183865,,Lendsor Rug Castle Purple/Blue,1,0,hidden,Lendsor Rug Castle Purple/Blue ,Lendsor Rug Castle Purple/Blue ,,,taxable,,0,,,0,0,,,,,1,,,,"Rooms > Bedroom, Rooms > Entrance & Corridor, Rooms > Living room, Rugs > Modern, Rugs",,,"https://rugshop.eu/wp-content/uploads/2021/09/lendsor-rug-castle-purple-blue.jpg, https://rugshop.eu/wp-content/uploads/2021/09/lendsor-rug-castle-purple-blue-1.jpg, https://rugshop.eu/wp-content/uploads/2021/09/lendsor-rug-castle-purple-blue-2.jpg, https://rugshop.eu/wp-content/uploads/2021/09/lendsor-rug-castle-purple-blue-3.jpg, https://rugshop.eu/wp-content/uploads/2021/09/lendsor-rug-castle-purple-blue-4.jpg, https://rugshop.eu/wp-content/uploads/2021/09/lendsor-rug-castle-purple-blue-5.jpg, https://rugshop.eu/wp-content/uploads/2021/09/lendsor-rug-castle-purple-blue-6.jpg, https://rugshop.eu/wp-content/uploads/2021/09/lendsor-rug-castle-purple-blue-7.jpg",,,,,,,,,4609,,,Size,"140x200, 170x240, 70x140, 90x160",1,1,Brand,D-sign,1,1,Color,Pink-Purple,1,1,Type of color,Multicolor,1,1,Shape,"Rectangular, Runner",1,1,Material,Polypropylene,1,1,Type of rug,Modern,1,1,Weave,Machinemade,1,1,Country,China,1,1,Age,New,1,1,,,,,,,,,,,,,1786453071,yes,yes,,,,,,,,,,,,,,,,,,,,,,,,,,,,,
24372,variable,46183869,,Sunset Rug 8070 Orange/Blue,1,0,visible,Sunset Rug 8070 Orange/Blue ,Sunset Rug 8070 Orange/Blue ,,,taxable,,1,,,0,0,,,,,1,,,,"Rooms > Bedroom, Rooms > Entrance & Corridor, Rooms > Kitchen, Rooms > Living room, Rugs > Modern, Rugs",,,"https://rugshop.eu/wp-content/uploads/2021/09/sunset-rug-8070-orange-blue.jpg, https://rugshop.eu/wp-content/uploads/2021/09/sunset-rug-8070-orange-blue-1.jpg, https://rugshop.eu/wp-content/uploads/2021/09/sunset-rug-8070-orange-blue-2.jpg, https://rugshop.eu/wp-content/uploads/2021/09/sunset-rug-8070-orange-blue-3.jpg, https://rugshop.eu/wp-content/uploads/2021/09/sunset-rug-8070-orange-blue-4.jpg, https://rugshop.eu/wp-content/uploads/2021/09/sunset-rug-8070-orange-blue-5.jpg, https://rugshop.eu/wp-content/uploads/2021/09/sunset-rug-8070-orange-blue-6.jpg, https://rugshop.eu/wp-content/uploads/2021/09/sunset-rug-8070-orange-blue-7.jpg, https://rugshop.eu/wp-content/uploads/2021/09/sunset-rug-8070-orange-blue-8.jpg, https://rugshop.eu/wp-content/uploads/2021/09/sunset-rug-8070-orange-blue-9.jpg, https://rugshop.eu/wp-content/uploads/2021/09/sunset-rug-8070-orange-blue-10.jpg, https://rugshop.eu/wp-content/uploads/2021/09/sunset-rug-8070-orange-blue-11.jpg, https://rugshop.eu/wp-content/uploads/2021/09/sunset-rug-8070-orange-blue-12.jpg, https://rugshop.eu/wp-content/uploads/2021/09/sunset-rug-8070-orange-blue-13.jpg, https://rugshop.eu/wp-content/uploads/2021/09/sunset-rug-8070-orange-blue-14.jpg, https://rugshop.eu/wp-content/uploads/2021/09/sunset-rug-8070-orange-blue-15.jpg",,,,,,,,,5109,,,Size,"120x180, 140x200, 170x240, 90x160",1,1,Brand,D-sign,1,1,Color,Blue,1,1,Type of color,Multicolor,1,1,Shape,Rectangular,1,1,Material,Wool,1,1,Type of rug,Modern,1,1,Weave,Handmade,1,1,Country,India,1,1,Age,New,1,1,,,,,,,,,,,,,,yes,yes,,,,,,,,,,,,,,,,,,,,,,,,,,,,,
24373,variation,54079765,,Lendsor Rug Castle Light Green - 70x140,1,0,visible,,Lendsor Rug Castle Light Green 70x140,,,taxable,parent,0,0,,0,0,,70,140,4,0,,,1196,,,,,,,46183864,,,,,,1,,,Size,70x140,,1,,,,,,,,,,,,,,,,,,,,,,,,,,,,,,,,,,,,,70x140,,,,,,,,,,,,,,,,,,,,,,,,JD7AD-70-140-E,,,,,,,,,,,,,,,,,,,
24374,variation,54079767,,Lendsor Rug Castle Light Green - 90x160,1,0,visible,,Lendsor Rug Castle Light Green 90x160,,,taxable,parent,0,0,,0,0,,90,160,4,0,,,1516,,,,,,,46183864,,,,,,2,,,Size,90x160,,1,,,,,,,,,,,,,,,,,,,,,,,,,,,,,,,,,,,,,90x160,,,,,,,,,,,,,,,,,,,,,,,,JD7AD-90-160-E,,,,,,,,,,,,,,,,,,,
24375,variation,54079766,,Lendsor Rug Castle Light Green - 120x180,1,0,visible,,Lendsor Rug Castle Light Green 120x180,,,taxable,parent,0,0,,0,0,,120,180,4,0,,,1996,,,,,,,46183864,,,,,,3,,,Size,120x180,,1,,,,,,,,,,,,,,,,,,,,,,,,,,,,,,,,,,,,,120x180,,,,,,,,,,,,1786453044,,,,,,,,,,,,JD7AD-120-180-E,,,,,,,,,,,,,,,,,,,
24376,variation,54079763,,Lendsor Rug Castle Light Green - 140x200,1,0,visible,,Lendsor Rug Castle Light Green 140x200,,,taxable,parent,0,0,,0,0,,140,200,4,0,,,2396,,,,,,,46183864,,,,,,4,,,Size,140x200,,1,,,,,,,,,,,,,,,,,,,,,,,,,,,,,,,,,,,,,140x200,,,,,,,,,,,,,,,,,,,,,,,,JD7AD-140-200-E,,,,,,,,,,,,,,,,,,,
24377,variation,54079764,,Lendsor Rug Castle Light Green - 170x240,1,0,visible,,Lendsor Rug Castle Light Green 170x240,,,taxable,parent,0,0,,0,0,,170,240,4,0,,,3276,,,,,,,46183864,,,,,,5,,,Size,170x240,,1,,,,,,,,,,,,,,,,,,,,,,,,,,,,,,,,,,,,,170x240,,,,,,,,,,,,,,,,,,,,,,,,JD7AD-170-240-E,,,,,,,,,,,,,,,,,,,
24378,variation,54079768,,Lendsor Rug Castle Light Green - 200x300,1,0,visible,,Lendsor Rug Castle Light Green 200x300,,,taxable,parent,0,0,,0,0,,200,300,4,0,,,4556,,,,,,,46183864,,,,,,6,,,Size,200x300,,1,,,,,,,,,,,,,,,,,,,,,,,,,,,,,,,,,,,,,200x300,,,,,,,,,,,,,,,,,,,,,,,,JD7AD-200-300-E,,,,,,,,,,,,,,,,,,,
24379,variation,54079762,,Lendsor Rug Castle Light Green - 200x200,1,0,visible,,Lendsor Rug Castle Light Green 200x200,,,taxable,parent,1,4,,0,0,,200,200,4,0,,,3196,,,,,,,46183864,,,,,,7,,,Size,200x200,,1,,,,,,,,,,,,,,,,,,,,,,,,,,,,,,,,,,,,,200x200,,,,,,,,,,,,,,,,,,,,,,,,JD7AD-200-200-E,,,,,,,,,,,,,,,,,,,
24389,variation,54079773,,Lendsor Rug Castle Purple/Blue - 70x140,1,0,hidden,,Lendsor Rug Castle Purple/Blue 70x140,,,taxable,parent,0,0,,0,0,,70,140,4,0,,,1196,,,,,,,46183865,,,,,,1,,,Size,70x140,,1,,,,,,,,,,,,,,,,,,,,,,,,,,,,,,,,,,,,,70x140,,,,,,,,,,,,,,,,,,,,,,,,GYYFA-70-140-E,,,,,,,,,,,,,,,,,,,
24390,variation,54079772,,Lendsor Rug Castle Purple/Blue - 90x160,1,0,hidden,,Lendsor Rug Castle Purple/Blue 90x160,,,taxable,parent,0,0,,0,0,,90,160,4,0,,,1516,,,,,,,46183865,,,,,,2,,,Size,90x160,,1,,,,,,,,,,,,,,,,,,,,,,,,,,,,,,,,,,,,,90x160,,,,,,,,,,,,,,,,,,,,,,,,GYYFA-90-160-E,,,,,,,,,,,,,,,,,,,
24391,variation,54079774,,Lendsor Rug Castle Purple/Blue - 140x200,1,0,hidden,,Lendsor Rug Castle Purple/Blue 140x200,,,taxable,parent,0,0,,0,0,,140,200,4,0,,,2396,,,,,,,46183865,,,,,,3,,,Size,140x200,,1,,,,,,,,,,,,,,,,,,,,,,,,,,,,,,,,,,,,,140x200,,,,,,,,,,,,1786453044,,,,,,,,,,,,GYYFA-140-200-E,,,,,,,,,,,,,,,,,,,
24392,variation,54079775,,Lendsor Rug Castle Purple/Blue - 170x240,1,0,hidden,,Lendsor Rug Castle Purple/Blue 170x240,,,taxable,parent,0,0,,0,0,,170,240,4,0,,,3276,,,,,,,46183865,,,,,,4,,,Size,170x240,,1,,,,,,,,,,,,,,,,,,,,,,,,,,,,,,,,,,,,,170x240,,,,,,,,,,,,,,,,,,,,,,,,GYYFA-170-240-E,,,,,,,,,,,,,,,,,,,
24408,variable,46183873,,Fairber Rug Frisee Yert Beige,1,0,hidden,Fairber Rug Frisee Yert Beige ,Fairber Rug Frisee Yert Beige ,,,taxable,,0,,,0,0,,,,,1,,,,"Rooms > Bedroom, Rugs > Modern, Rugs",,,"https://rugshop.eu/wp-content/uploads/2021/09/fairber-rug-frisee-yert-beige.jpg, https://rugshop.eu/wp-content/uploads/2021/09/fairber-rug-frisee-yert-beige-1.jpg",,,,,,,,,2861,,,Size,"120x180, 140x200, 70x140",1,1,Brand,D-sign,1,1,Color,White-Beige,1,1,Type of color,Multicolor,1,1,Shape,Rectangular,1,1,Material,Acrylic,1,1,Type of rug,Modern,1,1,Weave,Handmade,1,1,Country,China,1,1,Age,New,1,1,,,,,,,,,,,,,1786453073,yes,yes,,,,,,,,,,,,,,,,,,,,,,,,,,,,,
24410,variable,46183874,,Fairber Rug Frisee Wed Black/White/Gray,1,0,visible,Fairber Rug Frisee Wed Black/White/Gray ,Fairber Rug Frisee Wed Black/White/Gray ,,,taxable,,1,,,0,0,,,,,1,,,,"Rooms > Bedroom, Rooms > Entrance & Corridor, Rugs > Modern, Rugs",,,"https://rugshop.eu/wp-content/uploads/2021/09/fairber-rug-frisee-wed-black-white-gray.jpg, https://rugshop.eu/wp-content/uploads/2021/09/fairber-rug-frisee-wed-black-white-gray-1.jpg, https://rugshop.eu/wp-content/uploads/2021/09/fairber-rug-frisee-wed-black-white-gray-2.jpg, https://rugshop.eu/wp-content/uploads/2021/09/fairber-rug-frisee-wed-black-white-gray-3.jpg",,,,,,,,,2860,,,Size,"140x200, 70x140",1,1,Brand,D-sign,1,1,Color,Black-Grey,1,1,Type of color,Multicolor,1,1,Shape,"Rectangular, Runner",1,1,Material,Acrylic,1,1,Type of rug,Modern,1,1,Weave,Handmade,1,1,Country,China,1,1,Age,New,1,1,,,,,,,,,,,,,,yes,yes,,,,,,,,,,,,,,,,,,,,,,,,,,,,,
24444,variable,46183876,,Fairber Rug Fed Taupe/Gray,1,0,hidden,Fairber Rug Fed Taupe/Gray ,Fairber Rug Fed Taupe/Gray ,,,taxable,,0,,,0,0,,,,,1,,,,"Rooms > Bedroom, Rooms > Living room, Rugs > Modern, Rugs",,,"https://rugshop.eu/wp-content/uploads/2021/09/fairber-rug-fed-taupe-gray.jpg, https://rugshop.eu/wp-content/uploads/2021/09/fairber-rug-fed-taupe-gray-1.jpg, https://rugshop.eu/wp-content/uploads/2021/09/fairber-rug-fed-taupe-gray-2.jpg, https://rugshop.eu/wp-content/uploads/2021/09/fairber-rug-fed-taupe-gray-3.jpg, https://rugshop.eu/wp-content/uploads/2021/09/fairber-rug-fed-taupe-gray-4.jpg, https://rugshop.eu/wp-content/uploads/2021/09/fairber-rug-fed-taupe-gray-5.jpg",,,,,,,,,2854,,,Size,"120x180, 140x200, 170x240",1,1,Brand,D-sign,1,1,Color,Black-Grey,1,1,Type of color,Multicolor,1,1,Shape,Rectangular,1,1,Material,Acrylic,1,1,Type of rug,Modern,1,1,Weave,Handmade,1,1,Country,China,1,1,Age,New,1,1,,,,,,,,,,,,,1786453087,yes,yes,,,,,,,,,,,,,,,,,,,,,,,,,,,,,
24465,variable,46183877,,Fairber Rug Bert Multicolor,1,0,hidden,Fairber Rug Bert Multicolor ,Fairber Rug Bert Multicolor ,,,taxable,,0,,,0,0,,,,,1,,,,"Rooms > Bedroom, Rooms > Living room, Rugs > Modern, Rugs",,,"https://rugshop.eu/wp-content/uploads/2021/09/fairber-rug-bert-multicolor.jpg, https://rugshop.eu/wp-content/uploads/2021/09/fairber-rug-bert-multicolor-1.jpg, https://rugshop.eu/wp-content/uploads/2021/09/fairber-rug-bert-multicolor-2.jpg, https://rugshop.eu/wp-content/uploads/2021/09/fairber-rug-bert-multicolor-3.jpg",,,,,,,,,2849,,,Size,"140x200, 170x240",1,1,Brand,D-sign,1,1,Color,Blue,1,1,Type of color,Multicolor,1,1,Shape,Rectangular,1,1,Material,Acrylic,1,1,Type of rug,Modern,1,1,Weave,Handmade,1,1,Country,China,1,1,Age,New,1,1,,,,,,,,,,,,,1786453088,yes,yes,,,,,,,,,,,,,,,,,,,,,,,,,,,,,
24466,variable,46183878,,Fairber Rug Kert Multicolor,1,0,hidden,Fairber Rug Kert Multicolor ,Fairber Rug Kert Multicolor ,,,taxable,,0,,,0,0,,,,,1,,,,"Rooms > Bedroom, Rugs > Modern, Rugs",,,"https://rugshop.eu/wp-content/uploads/2021/09/fairber-rug-kert-multicolor.jpg, https://rugshop.eu/wp-content/uploads/2021/09/fairber-rug-kert-multicolor-1.jpg, https://rugshop.eu/wp-content/uploads/2021/09/fairber-rug-kert-multicolor-2.jpg, https://rugshop.eu/wp-content/uploads/2021/09/fairber-rug-kert-multicolor-3.jpg",,,,,,,,,2865,,,Size,"120x180, 140x200",1,1,Brand,D-sign,1,1,Color,Pink-Purple,1,1,Type of color,Multicolor,1,1,Shape,Rectangular,1,1,Material,Acrylic,1,1,Type of rug,Modern,1,1,Weave,Handmade,1,1,Country,China,1,1,Age,New,1,1,,,,,,,,,,,,,1786453090,yes,yes,,,,,,,,,,,,,,,,,,,,,,,,,,,,,
24467,variation,54079877,,Sunset Rug 8070 Orange/Blue - 90x160,1,0,visible,,Sunset Rug 8070 Orange/Blue 90x160,,,taxable,parent,1,22,,0,0,,90,160,0.6,0,,,1916,,,,,,,46183869,,,,,,1,,,Size,90x160,,1,,,,,,,,,,,,,,,,,,,,,,,,,,,,,,,,,,,,,90x160,,,,,,,,,,,,,,,,,,,,,,,,UXHXM-90-160-E,,,,,,,,,,,,,,,,,,,
24468,variation,54079878,,Sunset Rug 8070 Orange/Blue - 120x180,1,0,visible,,Sunset Rug 8070 Orange/Blue 120x180,,,taxable,parent,1,5,,0,0,,120,180,0.6,0,,,2556,,,,,,,46183869,,,,,,2,,,Size,120x180,,1,,,,,,,,,,,,,,,,,,,,,,,,,,,,,,,,,,,,,120x180,,,,,,,,,,,,,,,,,,,,,,,,UXHXM-120-180-E,,,,,,,,,,,,,,,,,,,
24469,variation,54079876,,Sunset Rug 8070 Orange/Blue - 140x200,1,0,visible,,Sunset Rug 8070 Orange/Blue 140x200,,,taxable,parent,1,5,,0,0,,140,200,0.6,0,,,3196,,,,,,,46183869,,,,,,3,,,Size,140x200,,1,,,,,,,,,,,,,,,,,,,,,,,,,,,,,,,,,,,,,140x200,,,,,,,,,,,,,,,,,,,,,,,,UXHXM-140-200-E,,,,,,,,,,,,,,,,,,,
24470,variation,54079879,,Sunset Rug 8070 Orange/Blue - 170x240,1,0,visible,,Sunset Rug 8070 Orange/Blue 170x240,,,taxable,parent,1,4,,0,0,,170,240,0.6,0,,,4396,,,,,,,46183869,,,,,,4,,,Size,170x240,,1,,,,,,,,,,,,,,,,,,,,,,,,,,,,,,,,,,,,,170x240,,,,,,,,,,,,,,,,,,,,,,,,UXHXM-170-240-E,,,,,,,,,,,,,,,,,,,
24488,variation,54079892,,Fairber Rug Frisee Yert Beige - 70x140,1,0,hidden,,Fairber Rug Frisee Yert Beige 70x140,,,taxable,parent,0,0,,0,0,,70,140,1.7,0,,,1596,,,,,,,46183873,,,,,,1,,,Size,70x140,,1,,,,,,,,,,,,,,,,,,,,,,,,,,,,,,,,,,,,,70x140,,,,,,,,,,,,1786453045,,,,,,,,,,,,DDHSR-70-140-E,,,,,,,,,,,,,,,,,,,
24489,variation,54079894,,Fairber Rug Frisee Yert Beige - 120x180,1,0,hidden,,Fairber Rug Frisee Yert Beige 120x180,,,taxable,parent,0,0,,0,0,,120,180,1.7,0,,,2796,,,,,,,46183873,,,,,,2,,,Size,120x180,,1,,,,,,,,,,,,,,,,,,,,,,,,,,,,,,,,,,,,,120x180,,,,,,,,,,,,1786453046,,,,,,,,,,,,1PRJS-120-180-E,,,,,,,,,,,,,,,,,,,
24496,variable,46183879,,Fairber Rug Jert Multicolor,1,0,hidden,Fairber Rug Jert Multicolor ,Fairber Rug Jert Multicolor ,,,taxable,,0,,,0,0,,,,,1,,,,"Rooms > Bedroom, Rooms > Living room, Rugs > Modern, Rugs",,,"https://rugshop.eu/wp-content/uploads/2021/09/fairber-rug-jert-multicolor.jpg, https://rugshop.eu/wp-content/uploads/2021/09/fairber-rug-jert-multicolor-1.jpg, https://rugshop.eu/wp-content/uploads/2021/09/fairber-rug-jert-multicolor-2.jpg, https://rugshop.eu/wp-content/uploads/2021/09/fairber-rug-jert-multicolor-3.jpg, https://rugshop.eu/wp-content/uploads/2021/09/fairber-rug-jert-multicolor-4.jpg, https://rugshop.eu/wp-content/uploads/2021/09/fairber-rug-jert-multicolor-5.jpg",,,,,,,,,2864,,,Size,"120x180, 140x200, 170x240",1,1,Brand,D-sign,1,1,Color,"Green, Red",1,1,Type of color,Multicolor,1,1,Shape,Rectangular,1,1,Material,Acrylic,1,1,Type of rug,Modern,1,1,Weave,Handmade,1,1,Country,China,1,1,Age,New,1,1,,,,,,,,,,,,,1786453091,yes,yes,,,,,,,,,,,,,,,,,,,,,,,,,,,,,
24497,variable,46183880,,Fairber Rug Fert Anthracite,1,0,hidden,Fairber Rug Fert Anthracite ,Fairber Rug Fert Anthracite ,,,taxable,,0,,,0,0,,,,,1,,,,"Rooms > Bedroom, Rooms > Entrance & Corridor, Rooms > Living room, Rugs > Modern, Rugs",,,"https://rugshop.eu/wp-content/uploads/2021/09/fairber-rug-fert-anthracite.jpg, https://rugshop.eu/wp-content/uploads/2021/09/fairber-rug-fert-anthracite-1.jpg, https://rugshop.eu/wp-content/uploads/2021/09/fairber-rug-fert-anthracite-2.jpg, https://rugshop.eu/wp-content/uploads/2021/09/fairber-rug-fert-anthracite-3.jpg, https://rugshop.eu/wp-content/uploads/2021/09/fairber-rug-fert-anthracite-4.jpg, https://rugshop.eu/wp-content/uploads/2021/09/fairber-rug-fert-anthracite-5.jpg, https://rugshop.eu/wp-content/uploads/2021/09/fairber-rug-fert-anthracite-6.jpg, https://rugshop.eu/wp-content/uploads/2021/09/fairber-rug-fert-anthracite-7.jpg, https://rugshop.eu/wp-content/uploads/2021/09/fairber-rug-fert-anthracite-8.jpg, https://rugshop.eu/wp-content/uploads/2021/09/fairber-rug-fert-anthracite-9.jpg",,,,,,,,,2855,,,Size,"120x180, 140x200, 170x240, 70x140, 90x160",1,1,Brand,D-sign,1,1,Color,Black-Grey,1,1,Type of color,Multicolor,1,1,Shape,"Rectangular, Runner",1,1,Material,Acrylic,1,1,Type of rug,Modern,1,1,Weave,Handmade,1,1,Country,China,1,1,Age,New,1,1,,,,,,,,,,,,,1786453093,yes,yes,,,,,,,,,,,,,,,,,,,,,,,,,,,,,
24498,variable,46183881,,Fairber Rug Vert Red/Grey,1,0,visible,Fairber Rug Vert Red/Grey ,Fairber Rug Vert Red/Grey ,,,taxable,,1,,,0,0,,,,,1,,,,"Rooms > Bedroom, Rooms > Living room, Rugs > Modern, Rugs",,,"https://rugshop.eu/wp-content/uploads/2021/09/fairber-rug-vert-red-grey.jpg, https://rugshop.eu/wp-content/uploads/2021/09/fairber-rug-vert-red-grey-1.jpg, https://rugshop.eu/wp-content/uploads/2021/09/fairber-rug-vert-red-grey-2.jpg, https://rugshop.eu/wp-content/uploads/2021/09/fairber-rug-vert-red-grey-3.jpg, https://rugshop.eu/wp-content/uploads/2021/09/fairber-rug-vert-red-grey-4.jpg, https://rugshop.eu/wp-content/uploads/2021/09/fairber-rug-vert-red-grey-5.jpg",,,,,,,,,2873,,,Size,"120x180, 140x200, 170x240",1,1,Brand,D-sign,1,1,Color,Red,1,1,Type of color,Multicolor,1,1,Shape,Rectangular,1,1,Material,Acrylic,1,1,Type of rug,Modern,1,1,Weave,Handmade,1,1,Country,China,1,1,Age,New,1,1,,,,,,,,,,,,,,yes,yes,,,,,,,,,,,,,,,,,,,,,,,,,,,,,
24499,variation,54079906,,Fairber Rug Frisee Wed Black/White/Gray - 70x140,1,0,visible,,Fairber Rug Frisee Wed Black/White/Gray 70x140,,,taxable,parent,1,2,,0,0,,70,140,1.7,0,,,1596,,,,,,,46183874,,,,,,1,,,Size,70x140,,1,,,,,,,,,,,,,,,,,,,,,,,,,,,,,,,,,,,,,70x140,,,,,,,,,,,,,,,,,,,,,,,,LTGD7-70-140,,,,,,,,,,,,,,,,,,,
24500,variation,54079907,,Fairber Rug Frisee Wed Black/White/Gray - 140x200,1,0,visible,,Fairber Rug Frisee Wed Black/White/Gray 140x200,,,taxable,parent,0,0,,0,0,,140,200,1.7,0,,,3516,,,,,,,46183874,,,,,,2,,,Size,140x200,,1,,,,,,,,,,,,,,,,,,,,,,,,,,,,,,,,,,,,,140x200,,,,,,,,,,,,1786453075,,,,,,,,,,,,LTGD7-140-200,,,,,,,,,,,,,,,,,,,
24515,variation,54079915,,Fairber Rug Fed Taupe/Gray - 120x180,1,0,hidden,,Fairber Rug Fed Taupe/Gray 120x180,,,taxable,parent,0,0,,0,0,,120,180,1.7,0,,,2796,,,,,,,46183876,,,,,,1,,,Size,120x180,,1,,,,,,,,,,,,,,,,,,,,,,,,,,,,,,,,,,,,,120x180,,,,,,,,,,,,1786453076,,,,,,,,,,,,IO6Z4-120-180-E,,,,,,,,,,,,,,,,,,,
24516,variation,54079917,,Fairber Rug Fed Taupe/Gray - 140x200,1,0,hidden,,Fairber Rug Fed Taupe/Gray 140x200,,,taxable,parent,0,0,,0,0,,140,200,1.7,0,,,3516,,,,,,,46183876,,,,,,2,,,Size,140x200,,1,,,,,,,,,,,,,,,,,,,,,,,,,,,,,,,,,,,,,140x200,,,,,,,,,,,,1786453076,,,,,,,,,,,,IO6Z4-140-200,,,,,,,,,,,,,,,,,,,
24517,variation,54079916,,Fairber Rug Fed Taupe/Gray - 170x240,1,0,hidden,,Fairber Rug Fed Taupe/Gray 170x240,,,taxable,parent,0,0,,0,0,,170,240,1.7,0,,,4876,,,,,,,46183876,,,,,,3,,,Size,170x240,,1,,,,,,,,,,,,,,,,,,,,,,,,,,,,,,,,,,,,,170x240,,,,,,,,,,,,1786453076,,,,,,,,,,,,IO6Z4-170-240,,,,,,,,,,,,,,,,,,,
24523,variable,46183882,,Fairber Rug Ded Multicolor/Black,1,0,hidden,Fairber Rug Ded Multicolor/Black ,Fairber Rug Ded Multicolor/Black ,,,taxable,,0,,,0,0,,,,,1,,,,"Rooms > Bedroom, Rooms > Living room, Rugs > Modern, Rugs",,,"https://rugshop.eu/wp-content/uploads/2021/09/fairber-rug-ded-multicolor-black.jpg, https://rugshop.eu/wp-content/uploads/2021/09/fairber-rug-ded-multicolor-black-1.jpg, https://rugshop.eu/wp-content/uploads/2021/09/fairber-rug-ded-multicolor-black-2.jpg, https://rugshop.eu/wp-content/uploads/2021/09/fairber-rug-ded-multicolor-black-3.jpg",,,,,,,,,2851,,,Size,"140x200, 170x240",1,1,Brand,D-sign,1,1,Color,Black-Grey,1,1,Type of color,Multicolor,1,1,Shape,Rectangular,1,1,Material,Acrylic,1,1,Type of rug,Modern,1,1,Weave,Handmade,1,1,Country,China,1,1,Age,New,1,1,,,,,,,,,,,,,1786453095,yes,yes,,,,,,,,,,,,,,,,,,,,,,,,,,,,,
24524,variable,46183883,,Fairber Rug Nert Blue/White,1,0,hidden,Fairber Rug Nert Blue/White ,Fairber Rug Nert Blue/White ,,,taxable,,0,,,0,0,,,,,1,,,,"Rooms > Bedroom, Rooms > Living room, Rugs > Modern, Rugs",,,"https://rugshop.eu/wp-content/uploads/2021/09/fairber-rug-nert-blue-white.jpg, https://rugshop.eu/wp-content/uploads/2021/09/fairber-rug-nert-blue-white-1.jpg, https://rugshop.eu/wp-content/uploads/2021/09/fairber-rug-nert-blue-white-2.jpg, https://rugshop.eu/wp-content/uploads/2021/09/fairber-rug-nert-blue-white-3.jpg",,,,,,,,,2869,,,Size,"120x180, 170x240",1,1,Brand,D-sign,1,1,Color,Blue,1,1,Type of color,Multicolor,1,1,Shape,Rectangular,1,1,Material,Acrylic,1,1,Type of rug,Modern,1,1,Weave,Handmade,1,1,Country,China,1,1,Age,New,1,1,,,,,,,,,,,,,1786453097,yes,yes,,,,,,,,,,,,,,,,,,,,,,,,,,,,,
24525,variable,46183884,,Fairber Rug Hed Taupe/Curry,1,0,visible,Fairber Rug Hed Taupe/Curry ,Fairber Rug Hed Taupe/Curry ,,,taxable,,1,,,0,0,,,,,1,,,,"Rooms > Bedroom, Rooms > Entrance & Corridor, Rooms > Living room, Rugs > Modern, Rugs",,,"https://rugshop.eu/wp-content/uploads/2021/09/fairber-rug-hed-taupe-curry.jpg, https://rugshop.eu/wp-content/uploads/2021/09/fairber-rug-hed-taupe-curry-1.jpg, https://rugshop.eu/wp-content/uploads/2021/09/fairber-rug-hed-taupe-curry-2.jpg, https://rugshop.eu/wp-content/uploads/2021/09/fairber-rug-hed-taupe-curry-3.jpg, https://rugshop.eu/wp-content/uploads/2021/09/fairber-rug-hed-taupe-curry-4.jpg, https://rugshop.eu/wp-content/uploads/2021/09/fairber-rug-hed-taupe-curry-5.jpg, https://rugshop.eu/wp-content/uploads/2021/09/fairber-rug-hed-taupe-curry-6.jpg, https://rugshop.eu/wp-content/uploads/2021/09/fairber-rug-hed-taupe-curry-7.jpg, https://rugshop.eu/wp-content/uploads/2021/09/fairber-rug-hed-taupe-curry-8.jpg, https://rugshop.eu/wp-content/uploads/2021/09/fairber-rug-hed-taupe-curry-9.jpg, https://rugshop.eu/wp-content/uploads/2021/09/fairber-rug-hed-taupe-curry-10.jpg, https://rugshop.eu/wp-content/uploads/2021/09/fairber-rug-hed-taupe-curry-11.jpg",,,,,,,,,2863,,,Size,"120x180, 140x200, 170x240, 200x300, 70x140, 90x160",1,1,Brand,D-sign,1,1,Color,Yellow-Brown,1,1,Type of color,Multicolor,1,1,Shape,"Rectangular, Runner",1,1,Material,Acrylic,1,1,Type of rug,Modern,1,1,Weave,Handmade,1,1,Country,China,1,1,Age,New,1,1,,,,,,,,,,,,,,yes,yes,,,,,,,,,,,,,,,,,,,,,,,,,,,,,
24526,variation,54079923,,Fairber Rug Bert Multicolor - 140x200,1,0,hidden,,Fairber Rug Bert Multicolor 140x200,,,taxable,parent,0,0,,0,0,,140,200,1.7,0,,,3516,,,,,,,46183877,,,,,,1,,,Size,140x200,,1,,,,,,,,,,,,,,,,,,,,,,,,,,,,,,,,,,,,,140x200,,,,,,,,,,,,,,,,,,,,,,,,5JCLD-140-200-E,,,,,,,,,,,,,,,,,,,
24527,variation,54079922,,Fairber Rug Bert Multicolor - 170x240,1,0,hidden,,Fairber Rug Bert Multicolor 170x240,,,taxable,parent,0,0,,0,0,,170,240,1.7,0,,,4876,,,,,,,46183877,,,,,,2,,,Size,170x240,,1,,,,,,,,,,,,,,,,,,,,,,,,,,,,,,,,,,,,,170x240,,,,,,,,,,,,1786453077,,,,,,,,,,,,5JCLD-170-240-E,,,,,,,,,,,,,,,,,,,
24533,variation,54079924,,Fairber Rug Kert Multicolor - 120x180,1,0,hidden,,Fairber Rug Kert Multicolor 120x180,,,taxable,parent,0,0,,0,0,,120,180,1.7,0,,,2796,,,,,,,46183878,,,,,,1,,,Size,120x180,,1,,,,,,,,,,,,,,,,,,,,,,,,,,,,,,,,,,,,,120x180,,,,,,,,,,,,,,,,,,,,,,,,CX177-120-180-E,,,,,,,,,,,,,,,,,,,
24534,variation,54079925,,Fairber Rug Kert Multicolor - 140x200,1,0,hidden,,Fairber Rug Kert Multicolor 140x200,,,taxable,parent,0,0,,0,0,,140,200,1.7,0,,,3516,,,,,,,46183878,,,,,,2,,,Size,140x200,,1,,,,,,,,,,,,,,,,,,,,,,,,,,,,,,,,,,,,,140x200,,,,,,,,,,,,1786453077,,,,,,,,,,,,CX177-140-200-E,,,,,,,,,,,,,,,,,,,
24542,variation,54079928,,Fairber Rug Jert Multicolor - 120x180,1,0,hidden,,Fairber Rug Jert Multicolor 120x180,,,taxable,parent,0,0,,0,0,,120,180,1.7,0,,,2796,,,,,,,46183879,,,,,,1,,,Size,120x180,,1,,,,,,,,,,,,,,,,,,,,,,,,,,,,,,,,,,,,,120x180,,,,,,,,,,,,,,,,,,,,,,,,H8YPR-120-180-E,,,,,,,,,,,,,,,,,,,
24543,variation,54079929,,Fairber Rug Jert Multicolor - 140x200,1,0,hidden,,Fairber Rug Jert Multicolor 140x200,,,taxable,parent,0,0,,0,0,,140,200,1.7,0,,,3516,,,,,,,46183879,,,,,,2,,,Size,140x200,,1,,,,,,,,,,,,,,,,,,,,,,,,,,,,,,,,,,,,,140x200,,,,,,,,,,,,1786453077,,,,,,,,,,,,H8YPR-140-200-E,,,,,,,,,,,,,,,,,,,
24544,variation,54079930,,Fairber Rug Jert Multicolor - 170x240,1,0,hidden,,Fairber Rug Jert Multicolor 170x240,,,taxable,parent,0,0,,0,0,,170,240,1.7,0,,,4876,,,,,,,46183879,,,,,,3,,,Size,170x240,,1,,,,,,,,,,,,,,,,,,,,,,,,,,,,,,,,,,,,,170x240,,,,,,,,,,,,,,,,,,,,,,,,H8YPR-170-240-E,,,,,,,,,,,,,,,,,,,
24556,variable,46183885,,Fairber Rug Ged Multicolor/Violet,1,0,hidden,Fairber Rug Ged Multicolor/Violet ,Fairber Rug Ged Multicolor/Violet ,,,taxable,,0,,,0,0,,,,,1,,,,"Rooms > Bedroom, Rooms > Living room, Rugs > Modern, Rugs",,,"https://rugshop.eu/wp-content/uploads/2021/09/fairber-rug-ged-multicolor-violet.jpg, https://rugshop.eu/wp-content/uploads/2021/09/fairber-rug-ged-multicolor-violet-1.jpg, https://rugshop.eu/wp-content/uploads/2021/09/fairber-rug-ged-multicolor-violet-2.jpg, https://rugshop.eu/wp-content/uploads/2021/09/fairber-rug-ged-multicolor-violet-3.jpg",,,,,,,,,2862,,,Size,"140x200, 170x240",1,1,Brand,D-sign,1,1,Color,Pink-Purple,1,1,Type of color,Multicolor,1,1,Shape,Rectangular,1,1,Material,Acrylic,1,1,Type of rug,Modern,1,1,Weave,Handmade,1,1,Country,China,1,1,Age,New,1,1,,,,,,,,,,,,,1786453099,yes,yes,,,,,,,,,,,,,,,,,,,,,,,,,,,,,
24557,variable,46183886,,Fairber Rug Bed Multicolor/Violet,1,0,hidden,Fairber Rug Bed Multicolor/Violet ,Fairber Rug Bed Multicolor/Violet ,,,taxable,,0,,,0,0,,,,,1,,,,"Rooms > Bedroom, Rooms > Living room, Rugs > Modern, Rugs",,,"https://rugshop.eu/wp-content/uploads/2021/09/fairber-rug-bed-multicolor-violet.jpg, https://rugshop.eu/wp-content/uploads/2021/09/fairber-rug-bed-multicolor-violet-1.jpg, https://rugshop.eu/wp-content/uploads/2021/09/fairber-rug-bed-multicolor-violet-2.jpg, https://rugshop.eu/wp-content/uploads/2021/09/fairber-rug-bed-multicolor-violet-3.jpg, https://rugshop.eu/wp-content/uploads/2021/09/fairber-rug-bed-multicolor-violet-4.jpg, https://rugshop.eu/wp-content/uploads/2021/09/fairber-rug-bed-multicolor-violet-5.jpg",,,,,,,,,2848,,,Size,"120x180, 140x200, 170x240",1,1,Brand,D-sign,1,1,Color,Pink-Purple,1,1,Type of color,Multicolor,1,1,Shape,Rectangular,1,1,Material,Acrylic,1,1,Type of rug,Modern,1,1,Weave,Handmade,1,1,Country,China,1,1,Age,New,1,1,,,,,,,,,,,,,1786453100,yes,yes,,,,,,,,,,,,,,,,,,,,,,,,,,,,,
24558,variation,54079936,,Fairber Rug Fert Anthracite - 70x140,1,0,hidden,,Fairber Rug Fert Anthracite 70x140,,,taxable,parent,0,0,,0,0,,70,140,1.7,0,,,1596,,,,,,,46183880,,,,,,1,,,Size,70x140,,1,,,,,,,,,,,,,,,,,,,,,,,,,,,,,,,,,,,,,70x140,,,,,,,,,,,,1786453078,,,,,,,,,,,,ER3HV-70-140,,,,,,,,,,,,,,,,,,,
24559,variation,54079934,,Fairber Rug Fert Anthracite - 90x160,1,0,hidden,,Fairber Rug Fert Anthracite 90x160,,,taxable,parent,0,0,,0,0,,90,160,1.7,0,,,2076,,,,,,,46183880,,,,,,2,,,Size,90x160,,1,,,,,,,,,,,,,,,,,,,,,,,,,,,,,,,,,,,,,90x160,,,,,,,,,,,,,,,,,,,,,,,,ER3HV-90-160,,,,,,,,,,,,,,,,,,,
24560,variation,54079933,,Fairber Rug Fert Anthracite - 120x180,1,0,hidden,,Fairber Rug Fert Anthracite 120x180,,,taxable,parent,0,0,,0,0,,120,180,1.7,0,,,2796,,,,,,,46183880,,,,,,3,,,Size,120x180,,1,,,,,,,,,,,,,,,,,,,,,,,,,,,,,,,,,,,,,120x180,,,,,,,,,,,,,,,,,,,,,,,,ER3HV-120-180,,,,,,,,,,,,,,,,,,,
24561,variation,54079937,,Fairber Rug Fert Anthracite - 140x200,1,0,hidden,,Fairber Rug Fert Anthracite 140x200,,,taxable,parent,0,0,,0,0,,140,200,1.7,0,,,3516,,,,,,,46183880,,,,,,4,,,Size,140x200,,1,,,,,,,,,,,,,,,,,,,,,,,,,,,,,,,,,,,,,140x200,,,,,,,,,,,,1786453078,,,,,,,,,,,,ER3HV-140-200,,,,,,,,,,,,,,,,,,,
24562,variation,54079935,,Fairber Rug Fert Anthracite - 170x240,1,0,hidden,,Fairber Rug Fert Anthracite 170x240,,,taxable,parent,0,0,,0,0,,170,240,1.7,0,,,4876,,,,,,,46183880,,,,,,5,,,Size,170x240,,1,,,,,,,,,,,,,,,,,,,,,,,,,,,,,,,,,,,,,170x240,,,,,,,,,,,,1786453078,,,,,,,,,,,,ER3HV-170-240,,,,,,,,,,,,,,,,,,,
24570,variation,54079942,,Fairber Rug Vert Red/Grey - 120x180,1,0,visible,,Fairber Rug Vert Red/Grey 120x180,,,taxable,parent,0,0,,0,0,,120,180,1.7,0,,,2796,,,,,,,46183881,,,,,,1,,,Size,120x180,,1,,,,,,,,,,,,,,,,,,,,,,,,,,,,,,,,,,,,,120x180,,,,,,,,,,,,,,,,,,,,,,,,D55JC-120-180,,,,,,,,,,,,,,,,,,,
24571,variation,54079940,,Fairber Rug Vert Red/Grey - 140x200,1,0,visible,,Fairber Rug Vert Red/Grey 140x200,,,taxable,parent,0,0,,0,0,,140,200,1.7,0,,,3516,,,,,,,46183881,,,,,,2,,,Size,140x200,,1,,,,,,,,,,,,,,,,,,,,,,,,,,,,,,,,,,,,,140x200,,,,,,,,,,,,1786453078,,,,,,,,,,,,D55JC-140-200,,,,,,,,,,,,,,,,,,,
24572,variation,54079941,,Fairber Rug Vert Red/Grey - 170x240,1,0,visible,,Fairber Rug Vert Red/Grey 170x240,,,taxable,parent,1,4,,0,0,,170,240,1.7,0,,,4876,,,,,,,46183881,,,,,,3,,,Size,170x240,,1,,,,,,,,,,,,,,,,,,,,,,,,,,,,,,,,,,,,,170x240,,,,,,,,,,,,,,,,,,,,,,,,D55JC-170-240,,,,,,,,,,,,,,,,,,,
24578,variation,54079944,,Fairber Rug Ded Multicolor/Black - 140x200,1,0,hidden,,Fairber Rug Ded Multicolor/Black 140x200,,,taxable,parent,0,0,,0,0,,140,200,1.7,0,,,3516,,,,,,,46183882,,,,,,1,,,Size,140x200,,1,,,,,,,,,,,,,,,,,,,,,,,,,,,,,,,,,,,,,140x200,,,,,,,,,,,,1786453079,,,,,,,,,,,,JPCWC-140-200,,,,,,,,,,,,,,,,,,,
24579,variation,54079943,,Fairber Rug Ded Multicolor/Black - 170x240,1,0,hidden,,Fairber Rug Ded Multicolor/Black 170x240,,,taxable,parent,0,0,,0,0,,170,240,1.7,0,,,4876,,,,,,,46183882,,,,,,2,,,Size,170x240,,1,,,,,,,,,,,,,,,,,,,,,,,,,,,,,,,,,,,,,170x240,,,,,,,,,,,,1786453079,,,,,,,,,,,,JPCWC-170-240,,,,,,,,,,,,,,,,,,,
24585,variable,46183887,,Fairber Rug Cert Beige/Orange,1,0,hidden,Fairber Rug Cert Beige/Orange ,Fairber Rug Cert Beige/Orange ,,,taxable,,0,,,0,0,,,,,1,,,,"Rooms > Bedroom, Rooms > Entrance & Corridor, Rooms > Living room, Rugs > Modern, Rugs",,,"https://rugshop.eu/wp-content/uploads/2021/09/fairber-rug-cert-beige-orange.jpg, https://rugshop.eu/wp-content/uploads/2021/09/fairber-rug-cert-beige-orange-1.jpg, https://rugshop.eu/wp-content/uploads/2021/09/fairber-rug-cert-beige-orange-2.jpg, https://rugshop.eu/wp-content/uploads/2021/09/fairber-rug-cert-beige-orange-3.jpg, https://rugshop.eu/wp-content/uploads/2021/09/fairber-rug-cert-beige-orange-4.jpg, https://rugshop.eu/wp-content/uploads/2021/09/fairber-rug-cert-beige-orange-5.jpg",,,,,,,,,2850,,,Size,"170x240, 70x140, 90x160",1,1,Brand,D-sign,1,1,Color,White-Beige,1,1,Type of color,Multicolor,1,1,Shape,"Rectangular, Runner",1,1,Material,Acrylic,1,1,Type of rug,Modern,1,1,Weave,Handmade,1,1,Country,China,1,1,Age,New,1,1,,,,,,,,,,,,,1786453101,yes,yes,,,,,,,,,,,,,,,,,,,,,,,,,,,,,
24586,variable,46183888,,Spark Rug 410 Black/Silver,1,0,visible,Spark Rug 410 Black/Silver,Spark Rug 410 Black/Silver,,,taxable,,1,,,0,0,,,,,0,,,,"Rooms > Bedroom, Rooms > Entrance & Corridor, Rugs > Leather & hides, Rooms > Living room, Rugs > Modern, Rugs",,,"https://rugshop.eu/wp-content/uploads/2021/09/spark-rug-410-black-silver.jpg, https://rugshop.eu/wp-content/uploads/2021/09/spark-rug-410-black-silver-1.jpg, https://rugshop.eu/wp-content/uploads/2021/09/spark-rug-410-black-silver-2.jpg, https://rugshop.eu/wp-content/uploads/2021/09/spark-rug-410-black-silver-3.jpg, https://rugshop.eu/wp-content/uploads/2021/09/spark-rug-410-black-silver-4.jpg",,,,,,,,,5098,,,Size,"120x170, 160x230, 80x150",1,1,Brand,D-sign,1,1,Color,Black-Grey,1,1,Type of color,Multicolor,1,1,Shape,Rectangular,1,1,Material,Leather,1,1,Type of rug,"Leather / Hide rug, Modern",1,1,Weave,Machinemade,1,1,Country,India,1,1,Age,New,1,1,,,,,default,default,default,default,,,90,1,,yes,yes,,,,,,,,,,,,,,,,,,,,,,,,,,,,,
24587,variable,46183889,,Spark Rug 210 Grey/Silver,1,0,visible,Spark Rug 210 Grey/Silver,Spark Rug 210 Grey/Silver,,,taxable,,1,,,0,0,,,,,0,,,,"Rooms > Bedroom, Rooms > Entrance & Corridor, Rugs > Leather & hides, Rooms > Living room, Rugs > Modern, Rugs",,,"https://rugshop.eu/wp-content/uploads/2021/09/spark-rug-210-grey-silver.jpg, https://rugshop.eu/wp-content/uploads/2021/09/spark-rug-210-grey-silver-1.jpg, https://rugshop.eu/wp-content/uploads/2021/09/spark-rug-210-grey-silver-2.jpg, https://rugshop.eu/wp-content/uploads/2021/09/spark-rug-210-grey-silver-3.jpg, https://rugshop.eu/wp-content/uploads/2021/09/spark-rug-210-grey-silver-4.jpg",,,,,,,,,5095,,,Size,"120x170, 160x230, 80x150",1,1,Brand,D-sign,1,1,Color,White-Beige,1,1,Type of color,Multicolor,1,1,Shape,Rectangular,1,1,Material,Leather,1,1,Type of rug,"Leather / Hide rug, Modern",1,1,Weave,Machinemade,1,1,Country,India,1,1,Age,New,1,1,,,,,default,default,default,default,,,90,1,,yes,yes,,,,,,,,,,,,,,,,,,,,,,,,,,,,,
24588,variation,54079948,,Fairber Rug Nert Blue/White - 120x180,1,0,hidden,,Fairber Rug Nert Blue/White 120x180,,,taxable,parent,0,0,,0,0,,120,180,1.7,0,,,2796,,,,,,,46183883,,,,,,1,,,Size,120x180,,1,,,,,,,,,,,,,,,,,,,,,,,,,,,,,,,,,,,,,120x180,,,,,,,,,,,,1786453079,,,,,,,,,,,,C7N8O-120-180-E,,,,,,,,,,,,,,,,,,,
24589,variation,54079947,,Fairber Rug Nert Blue/White - 170x240,1,0,hidden,,Fairber Rug Nert Blue/White 170x240,,,taxable,parent,0,0,,0,0,,170,240,1.7,0,,,4876,,,,,,,46183883,,,,,,2,,,Size,170x240,,1,,,,,,,,,,,,,,,,,,,,,,,,,,,,,,,,,,,,,170x240,,,,,,,,,,,,1786453079,,,,,,,,,,,,C7N8O-170-240-E,,,,,,,,,,,,,,,,,,,
24603,variation,54079950,,Fairber Rug Hed Taupe/Curry - 70x140,1,0,visible,,Fairber Rug Hed Taupe/Curry 70x140,,,taxable,parent,0,0,,0,0,,70,140,1.7,0,,,2396,,,,,,,46183884,,,,,,1,,,Size,70x140,,1,,,,,,,,,,,,,,,,,,,,,,,,,,,,,,,,,,,,,70x140,,,,,,,,,,,,,,,,,,,,,,,,U2DFA-70-140-E,,,,,,,,,,,,,,,,,,,
24604,variation,54079954,,Fairber Rug Hed Taupe/Curry - 90x160,1,0,visible,,Fairber Rug Hed Taupe/Curry 90x160,,,taxable,parent,1,2,,0,0,,90,160,1.7,0,,,3276,,,,,,,46183884,,,,,,2,,,Size,90x160,,1,,,,,,,,,,,,,,,,,,,,,,,,,,,,,,,,,,,,,90x160,,,,,,,,,,,,,,,,,,,,,,,,U2DFA-90-160-E,,,,,,,,,,,,,,,,,,,
24605,variation,54079953,,Fairber Rug Hed Taupe/Curry - 120x180,1,0,visible,,Fairber Rug Hed Taupe/Curry 120x180,,,taxable,parent,0,0,,0,0,,120,180,1.7,0,,,4636,,,,,,,46183884,,,,,,3,,,Size,120x180,,1,,,,,,,,,,,,,,,,,,,,,,,,,,,,,,,,,,,,,120x180,,,,,,,,,,,,,,,,,,,,,,,,U2DFA-120-180-E,,,,,,,,,,,,,,,,,,,
24606,variation,54079949,,Fairber Rug Hed Taupe/Curry - 140x200,1,0,visible,,Fairber Rug Hed Taupe/Curry 140x200,,,taxable,parent,0,0,,0,0,,140,200,1.7,0,,,5836,,,,,,,46183884,,,,,,4,,,Size,140x200,,1,,,,,,,,,,,,,,,,,,,,,,,,,,,,,,,,,,,,,140x200,,,,,,,,,,,,,,,,,,,,,,,,U2DFA-140-200-E,,,,,,,,,,,,,,,,,,,
24607,variation,54079952,,Fairber Rug Hed Taupe/Curry - 170x240,1,0,visible,,Fairber Rug Hed Taupe/Curry 170x240,,,taxable,parent,0,0,,0,0,,170,240,1.7,0,,,8236,,,,,,,46183884,,,,,,5,,,Size,170x240,,1,,,,,,,,,,,,,,,,,,,,,,,,,,,,,,,,,,,,,170x240,,,,,,,,,,,,,,,,,,,,,,,,U2DFA-170-240-E,,,,,,,,,,,,,,,,,,,
24609,variable,46183891,,Spark Rug 110 Grey/Silver,1,0,visible,Spark Rug 110 Grey/Silver,Spark Rug 110 Grey/Silver,,,taxable,,1,,,0,0,,,,,0,,,,"Rooms > Bedroom, Rooms > Entrance & Corridor, Rugs > Leather & hides, Rooms > Living room, Rugs > Modern, Rugs",,,"https://rugshop.eu/wp-content/uploads/2021/09/spark-rug-110-grey-silver.jpg, https://rugshop.eu/wp-content/uploads/2021/09/spark-rug-110-grey-silver-1.jpg, https://rugshop.eu/wp-content/uploads/2021/09/spark-rug-110-grey-silver-2.jpg, https://rugshop.eu/wp-content/uploads/2021/09/spark-rug-110-grey-silver-3.jpg, https://rugshop.eu/wp-content/uploads/2021/09/spark-rug-110-grey-silver-4.jpg",,,,,,,,,5092,,,Size,"120x170, 160x230, 80x150",1,1,Brand,D-sign,1,1,Color,White-Beige,1,1,Type of color,Multicolor,1,1,Shape,Rectangular,1,1,Material,Leather,1,1,Type of rug,"Leather / Hide rug, Modern",1,1,Weave,Machinemade,1,1,Country,India,1,1,Age,New,1,1,,,,,default,default,default,default,,,90,1,,yes,yes,,,,,,,,,,,,,,,,,,,,,,,,,,,,,
24610,variation,54079951,,Fairber Rug Hed Taupe/Curry - 200x300,1,0,visible,,Fairber Rug Hed Taupe/Curry 200x300,,,taxable,parent,0,0,,0,0,,200,300,1.7,0,,,11916,,,,,,,46183884,,,,,,6,,,Size,200x300,,1,,,,,,,,,,,,,,,,,,,,,,,,,,,,,,,,,,,,,200x300,,,,,,,,,,,,,,,,,,,,,,,,U2DFA-200-300-E,,,,,,,,,,,,,,,,,,,
24616,variation,54079957,,Fairber Rug Ged Multicolor/Violet - 140x200,1,0,hidden,,Fairber Rug Ged Multicolor/Violet 140x200,,,taxable,parent,0,0,,0,0,,140,200,1.7,0,,,3516,,,,,,,46183885,,,,,,1,,,Size,140x200,,1,,,,,,,,,,,,,,,,,,,,,,,,,,,,,,,,,,,,,140x200,,,,,,,,,,,,1786453080,,,,,,,,,,,,KZTY8-140-200-E,,,,,,,,,,,,,,,,,,,
24617,variation,54079958,,Fairber Rug Ged Multicolor/Violet - 170x240,1,0,hidden,,Fairber Rug Ged Multicolor/Violet 170x240,,,taxable,parent,0,0,,0,0,,170,240,1.7,0,,,4876,,,,,,,46183885,,,,,,2,,,Size,170x240,,1,,,,,,,,,,,,,,,,,,,,,,,,,,,,,,,,,,,,,170x240,,,,,,,,,,,,1786453080,,,,,,,,,,,,KZTY8-170-240-E,,,,,,,,,,,,,,,,,,,
24625,variation,54079961,,Fairber Rug Bed Multicolor/Violet - 120x180,1,0,hidden,,Fairber Rug Bed Multicolor/Violet 120x180,,,taxable,parent,0,0,,0,0,,120,180,1.7,0,,,2796,,,,,,,46183886,,,,,,1,,,Size,120x180,,1,,,,,,,,,,,,,,,,,,,,,,,,,,,,,,,,,,,,,120x180,,,,,,,,,,,,,,,,,,,,,,,,RJ478-120-180-E,,,,,,,,,,,,,,,,,,,
24626,variation,54079959,,Fairber Rug Bed Multicolor/Violet - 140x200,1,0,hidden,,Fairber Rug Bed Multicolor/Violet 140x200,,,taxable,parent,0,0,,0,0,,140,200,1.7,0,,,3516,,,,,,,46183886,,,,,,2,,,Size,140x200,,1,,,,,,,,,,,,,,,,,,,,,,,,,,,,,,,,,,,,,140x200,,,,,,,,,,,,1786453081,,,,,,,,,,,,RJ478-140-200-E,,,,,,,,,,,,,,,,,,,
24627,variation,54079960,,Fairber Rug Bed Multicolor/Violet - 170x240,1,0,hidden,,Fairber Rug Bed Multicolor/Violet 170x240,,,taxable,parent,0,0,,0,0,,170,240,1.7,0,,,4876,,,,,,,46183886,,,,,,3,,,Size,170x240,,1,,,,,,,,,,,,,,,,,,,,,,,,,,,,,,,,,,,,,170x240,,,,,,,,,,,,1786453081,,,,,,,,,,,,RJ478-170-240-E,,,,,,,,,,,,,,,,,,,
24635,variable,46183892,,Spark Rug 110 Ivory/Chromium,1,0,visible,Spark Rug 110 Ivory/Chromium,Spark Rug 110 Ivory/Chromium,,,taxable,,1,,,0,0,,,,,0,,,,"Rooms > Bedroom, Rooms > Entrance & Corridor, Rugs > Leather & hides, Rooms > Living room, Rugs > Modern, Rugs",,,"https://rugshop.eu/wp-content/uploads/2021/09/spark-rug-110-ivory-chromium.jpg, https://rugshop.eu/wp-content/uploads/2021/09/spark-rug-110-ivory-chromium-1.jpg, https://rugshop.eu/wp-content/uploads/2021/09/spark-rug-110-ivory-chromium-2.jpg, https://rugshop.eu/wp-content/uploads/2021/09/spark-rug-110-ivory-chromium-3.jpg, https://rugshop.eu/wp-content/uploads/2021/09/spark-rug-110-ivory-chromium-4.jpg",,,,,,,,,5093,,,Size,"120x170, 160x230, 80x150",1,1,Brand,D-sign,1,1,Color,White-Beige,1,1,Type of color,Multicolor,1,1,Shape,Rectangular,1,1,Material,Leather,1,1,Type of rug,"Leather / Hide rug, Modern",1,1,Weave,Machinemade,1,1,Country,India,1,1,Age,New,1,1,,,,,default,default,default,default,,,90,1,,yes,yes,,,,,,,,,,,,,,,,,,,,,,,,,,,,,
24636,variable,46183893,,Spark Rug 110 Ivory/Guld,1,0,visible,Spark Rug 110 Ivory/Guld,Spark Rug 110 Ivory/Guld,,,taxable,,1,,,0,0,,,,,0,,,,"Rooms > Bedroom, Rooms > Entrance & Corridor, Rugs > Leather & hides, Rooms > Living room, Rugs > Modern, Rugs",,,"https://rugshop.eu/wp-content/uploads/2021/09/spark-rug-110-ivory-guld.jpg, https://rugshop.eu/wp-content/uploads/2021/09/spark-rug-110-ivory-guld-1.jpg, https://rugshop.eu/wp-content/uploads/2021/09/spark-rug-110-ivory-guld-2.jpg, https://rugshop.eu/wp-content/uploads/2021/09/spark-rug-110-ivory-guld-3.jpg, https://rugshop.eu/wp-content/uploads/2021/09/spark-rug-110-ivory-guld-4.jpg",,,,,,,,,5094,,,Size,"120x170, 160x230, 80x150",1,1,Brand,D-sign,1,1,Color,White-Beige,1,1,Type of color,Multicolor,1,1,Shape,Rectangular,1,1,Material,Leather,1,1,Type of rug,"Leather / Hide rug, Modern",1,1,Weave,Machinemade,1,1,Country,India,1,1,Age,New,1,1,,,,,default,default,default,default,,,90,1,,yes,yes,,,,,,,,,,,,,,,,,,,,,,,,,,,,,
24638,variation,54079962,,Fairber Rug Cert Beige/Orange - 70x140,1,0,hidden,,Fairber Rug Cert Beige/Orange 70x140,,,taxable,parent,0,0,,0,0,,70,140,1.7,0,,,1596,,,,,,,46183887,,,,,,1,,,Size,70x140,,1,,,,,,,,,,,,,,,,,,,,,,,,,,,,,,,,,,,,,70x140,,,,,,,,,,,,,,,,,,,,,,,,H6KPT-70-140,,,,,,,,,,,,,,,,,,,
24639,variation,54079963,,Fairber Rug Cert Beige/Orange - 90x160,1,0,hidden,,Fairber Rug Cert Beige/Orange 90x160,,,taxable,parent,0,0,,0,0,,90,160,1.7,0,,,2076,,,,,,,46183887,,,,,,2,,,Size,90x160,,1,,,,,,,,,,,,,,,,,,,,,,,,,,,,,,,,,,,,,90x160,,,,,,,,,,,,1786453082,,,,,,,,,,,,H6KPT-90-160,,,,,,,,,,,,,,,,,,,
24640,variation,54079964,,Fairber Rug Cert Beige/Orange - 170x240,1,0,hidden,,Fairber Rug Cert Beige/Orange 170x240,,,taxable,parent,0,0,,0,0,,170,240,1.7,0,,,4876,,,,,,,46183887,,,,,,3,,,Size,170x240,,1,,,,,,,,,,,,,,,,,,,,,,,,,,,,,,,,,,,,,170x240,,,,,,,,,,,,1786453082,,,,,,,,,,,,H6KPT-170-240,,,,,,,,,,,,,,,,,,,
24654,variation,54079968,,Spark Rug 410 Black/Silver - 80x150,1,0,visible,,Spark Rug 410 Black/Silver 80x150,,,taxable,parent,1,42,,0,0,,80,150,0.8,0,,,3516,,,,,,,46183888,,,,,,1,,,Size,80x150,,1,,,,,,,,,,,,,,,,,,,,,,,,,,,,,,,,,,,,,80x150,,,,,,,,,,,,,,,,,,,,,,,,JPPOQ-80-150,,,,,,,,,,,,,,,,,,,
24655,variation,54079969,,Spark Rug 410 Black/Silver - 120x170,1,0,visible,,Spark Rug 410 Black/Silver 120x170,,,taxable,parent,1,16,,0,0,,120,170,0.8,0,,,5596,,,,,,,46183888,,,,,,2,,,Size,120x170,,1,,,,,,,,,,,,,,,,,,,,,,,,,,,,,,,,,,,,,120x170,,,,,,,,,,,,,,,,,,,,,,,,JPPOQ-120-170,,,,,,,,,,,,,,,,,,,
24656,variation,54079967,,Spark Rug 410 Black/Silver - 160x230,1,0,visible,,Spark Rug 410 Black/Silver 160x230,,,taxable,parent,1,26,,0,0,,160,230,0.8,0,,,9596,,,,,,,46183888,,,,,,3,,,Size,160x230,,1,,,,,,,,,,,,,,,,,,,,,,,,,,,,,,,,,,,,,160x230,,,,,,,,,,,,,,,,,,,,,,,,JPPOQ-160-230,,,,,,,,,,,,,,,,,,,
24670,variable,46183895,,Southrsea Rug Hills Red,1,0,visible,Southrsea Rug Hills Red ,Southrsea Rug Hills Red ,,,taxable,,1,,,0,0,,,,,1,,,,"Rooms > Bedroom, Rooms > Living room, Rugs > Modern, Rugs",,,"https://rugshop.eu/wp-content/uploads/2021/09/southrsea-rug-hills-red.jpg, https://rugshop.eu/wp-content/uploads/2021/09/southrsea-rug-hills-red-1.jpg, https://rugshop.eu/wp-content/uploads/2021/09/southrsea-rug-hills-red-2.jpg, https://rugshop.eu/wp-content/uploads/2021/09/southrsea-rug-hills-red-3.jpg, https://rugshop.eu/wp-content/uploads/2021/09/southrsea-rug-hills-red-4.jpg, https://rugshop.eu/wp-content/uploads/2021/09/southrsea-rug-hills-red-5.jpg, https://rugshop.eu/wp-content/uploads/2021/09/southrsea-rug-hills-red-6.jpg, https://rugshop.eu/wp-content/uploads/2021/09/southrsea-rug-hills-red-7.jpg",,,,,,,,,5090,,,Size,"120x180, 170x240, 200x200, 200x300",1,1,Brand,D-sign,1,1,Color,Red,1,1,Type of color,Singlecolor,1,1,Shape,Rectangular,1,1,Material,Polypropylene,1,1,Type of rug,Modern,1,1,Weave,Machinemade,1,1,Country,China,1,1,Age,New,1,1,,,,,,,,,,,,,,yes,yes,,,,,,,,,,,,,,,,,,,,,,,,,,,,,
24671,variation,54079979,,Spark Rug 210 Grey/Silver - 80x150,1,0,visible,,Spark Rug 210 Grey/Silver 80x150,,,taxable,parent,1,12,,0,0,,80,150,0.8,0,,,3516,,,,,,,46183889,,,,,,1,,,Size,80x150,,1,,,,,,,,,,,,,,,,,,,,,,,,,,,,,,,,,,,,,80x150,,,,,,,,,,,,,,,,,,,,,,,,IQLGF-80-150,,,,,,,,,,,,,,,,,,,
24672,variation,54079981,,Spark Rug 210 Grey/Silver - 120x170,1,0,visible,,Spark Rug 210 Grey/Silver 120x170,,,taxable,parent,1,10,,0,0,,120,170,0.8,0,,,5596,,,,,,,46183889,,,,,,2,,,Size,120x170,,1,,,,,,,,,,,,,,,,,,,,,,,,,,,,,,,,,,,,,120x170,,,,,,,,,,,,,,,,,,,,,,,,IQLGF-120-170,,,,,,,,,,,,,,,,,,,
24673,variation,54079980,,Spark Rug 210 Grey/Silver - 160x230,1,0,visible,,Spark Rug 210 Grey/Silver 160x230,,,taxable,parent,0,0,,0,0,,160,230,0.8,0,,,9596,,,,,,,46183889,,,,,,3,,,Size,160x230,,1,,,,,,,,,,,,,,,,,,,,,,,,,,,,,,,,,,,,,160x230,,,,,,,,,,,,,,,,,,,,,,,,IQLGF-160-230,,,,,,,,,,,,,,,,,,,
24690,variable,46184130,,Southrsea Rug Hills Brown Round,1,0,hidden,Southrsea Rug Hills Brown Round ,Southrsea Rug Hills Brown Round ,,,taxable,,0,,,0,0,,,,,1,,,,"Rooms > Bedroom, Rooms > Living room, Rugs > Modern, Rugs",,,"https://rugshop.eu/wp-content/uploads/2021/09/southrsea-rug-hills-brown-round.jpg, https://rugshop.eu/wp-content/uploads/2021/09/southrsea-rug-hills-brown-round-1.jpg",,,,,,,,,5089,,,Size,"120x180, Ã˜ 200",1,1,Brand,D-sign,1,1,Color,Yellow-Brown,1,1,Type of color,Singlecolor,1,1,Shape,Round,1,1,Material,Polypropylene,1,1,Type of rug,Modern,1,1,Weave,Machinemade,1,1,Country,China,1,1,Age,New,1,1,,,,,,,,,,,,,1786453103,yes,yes,,,,,,,,,,,,,,,,,,,,,,,,,,,,,
24704,variation,54099973,,Spark Rug 110 Grey/Silver - 80x150,1,0,visible,,Spark Rug 110 Grey/Silver 80x150,,,taxable,parent,1,27,,0,0,,80,150,0.8,0,,,3516,,,,,,,46183891,,,,,,1,,,Size,80x150,,1,,,,,,,,,,,,,,,,,,,,,,,,,,,,,,,,,,,,,80x150,,,,,,,,,,,,,,,,,,,,,,,,YA6C9-80-150,,,,,,,,,,,,,,,,,,,
24705,variation,54099975,,Spark Rug 110 Grey/Silver - 120x170,1,0,visible,,Spark Rug 110 Grey/Silver 120x170,,,taxable,parent,1,5,,0,0,,120,170,0.8,0,,,5596,,,,,,,46183891,,,,,,2,,,Size,120x170,,1,,,,,,,,,,,,,,,,,,,,,,,,,,,,,,,,,,,,,120x170,,,,,,,,,,,,,,,,,,,,,,,,YA6C9-120-170,,,,,,,,,,,,,,,,,,,
24706,variation,54099974,,Spark Rug 110 Grey/Silver - 160x230,1,0,visible,,Spark Rug 110 Grey/Silver 160x230,,,taxable,parent,1,41,,0,0,,160,230,0.8,0,,,9596,,,,,,,46183891,,,,,,3,,,Size,160x230,,1,,,,,,,,,,,,,,,,,,,,,,,,,,,,,,,,,,,,,160x230,,,,,,,,,,,,,,,,,,,,,,,,YA6C9-160-230,,,,,,,,,,,,,,,,,,,
24722,variation,54099992,,Spark Rug 110 Ivory/Chromium - 80x150,1,0,visible,,Spark Rug 110 Ivory/Chromium 80x150,,,taxable,parent,1,27,,0,0,,80,150,0.8,0,,,3516,,,,,,,46183892,,,,,,1,,,Size,80x150,,1,,,,,,,,,,,,,,,,,,,,,,,,,,,,,,,,,,,,,80x150,,,,,,,,,,,,,,,,,,,,,,,,7LE3P-80-150,,,,,,,,,,,,,,,,,,,
24723,variation,54099991,,Spark Rug 110 Ivory/Chromium - 120x170,1,0,visible,,Spark Rug 110 Ivory/Chromium 120x170,,,taxable,parent,0,0,,0,0,,120,170,0.8,0,,,5596,,,,,,,46183892,,,,,,2,,,Size,120x170,,1,,,,,,,,,,,,,,,,,,,,,,,,,,,,,,,,,,,,,120x170,,,,,,,,,,,,,,,,,,,,,,,,7LE3P-120-170,,,,,,,,,,,,,,,,,,,
24724,variation,54099990,,Spark Rug 110 Ivory/Chromium - 160x230,1,0,visible,,Spark Rug 110 Ivory/Chromium 160x230,,,taxable,parent,1,9,,0,0,,160,230,0.8,0,,,9596,,,,,,,46183892,,,,,,3,,,Size,160x230,,1,,,,,,,,,,,,,,,,,,,,,,,,,,,,,,,,,,,,,160x230,,,,,,,,,,,,,,,,,,,,,,,,7LE3P-160-230,,,,,,,,,,,,,,,,,,,
24738,variation,54100116,,Spark Rug 110 Ivory/Guld - 80x150,1,0,visible,,Spark Rug 110 Ivory/Guld 80x150,,,taxable,parent,1,39,,0,0,,80,150,0.8,0,,,3516,,,,,,,46183893,,,,,,1,,,Size,80x150,,1,,,,,,,,,,,,,,,,,,,,,,,,,,,,,,,,,,,,,80x150,,,,,,,,,,,,,,,,,,,,,,,,7M565-80-150,,,,,,,,,,,,,,,,,,,
24740,variation,54100114,,Spark Rug 110 Ivory/Guld - 120x170,1,0,visible,,Spark Rug 110 Ivory/Guld 120x170,,,taxable,parent,1,18,,0,0,,120,170,0.8,0,,,5596,,,,,,,46183893,,,,,,2,,,Size,120x170,,1,,,,,,,,,,,,,,,,,,,,,,,,,,,,,,,,,,,,,120x170,,,,,,,,,,,,,,,,,,,,,,,,7M565-120-170,,,,,,,,,,,,,,,,,,,
24741,variation,54100115,,Spark Rug 110 Ivory/Guld - 160x230,1,0,visible,,Spark Rug 110 Ivory/Guld 160x230,,,taxable,parent,1,19,,0,0,,160,230,0.8,0,,,9596,,,,,,,46183893,,,,,,3,,,Size,160x230,,1,,,,,,,,,,,,,,,,,,,,,,,,,,,,,,,,,,,,,160x230,,,,,,,,,,,,,,,,,,,,,,,,7M565-160-230,,,,,,,,,,,,,,,,,,,
24757,variable,46183900,,Poonsion Rug Upon Gray,1,0,visible,Poonsion Rug Upon Gray ,Poonsion Rug Upon Gray ,,,taxable,,1,,,0,0,,,,,1,,,,"Rooms > Bedroom, Rooms > Kitchen, Rooms > Living room, Rugs > Modern, Rugs",,,"https://rugshop.eu/wp-content/uploads/2021/09/poonsion-rug-upon-gray.jpg, https://rugshop.eu/wp-content/uploads/2021/09/poonsion-rug-upon-gray-1.jpg, https://rugshop.eu/wp-content/uploads/2021/09/poonsion-rug-upon-gray-2.jpg, https://rugshop.eu/wp-content/uploads/2021/09/poonsion-rug-upon-gray-3.jpg, https://rugshop.eu/wp-content/uploads/2021/09/poonsion-rug-upon-gray-4.jpg, https://rugshop.eu/wp-content/uploads/2021/09/poonsion-rug-upon-gray-5.jpg",,,,,,,,,4904,,,Size,"120x180, 140x200, 170x240",1,1,Brand,D-sign,1,1,Color,Black-Grey,1,1,Type of color,Multicolor,1,1,Shape,Rectangular,1,1,Material,Wool,1,1,Type of rug,Modern,1,1,Weave,Handmade,1,1,Country,China,1,1,Age,New,1,1,,,,,,,,,,,,,,yes,yes,,,,,,,,,,,,,,,,,,,,,,,,,,,,,
24774,variation,54100235,,Southrsea Rug Hills Red - 120x180,1,0,visible,,Southrsea Rug Hills Red 120x180,,,taxable,parent,0,0,,0,0,,120,180,2.5,0,,,1996,,,,,,,46183895,,,,,,1,,,Size,120x180,,1,,,,,,,,,,,,,,,,,,,,,,,,,,,,,,,,,,,,,120x180,,,,,,,,,,,,,,,,,,,,,,,,GJP67-120-180-E,,,,,,,,,,,,,,,,,,,
24775,variation,54100234,,Southrsea Rug Hills Red - 170x240,1,0,visible,,Southrsea Rug Hills Red 170x240,,,taxable,parent,0,0,,0,0,,170,240,2.5,0,,,3276,,,,,,,46183895,,,,,,2,,,Size,170x240,,1,,,,,,,,,,,,,,,,,,,,,,,,,,,,,,,,,,,,,170x240,,,,,,,,,,,,,,,,,,,,,,,,GJP67-170-240-E,,,,,,,,,,,,,,,,,,,
24776,variation,54100233,,Southrsea Rug Hills Red - 200x200,1,0,visible,,Southrsea Rug Hills Red 200x200,,,taxable,parent,1,4,,0,0,,200,200,2.5,0,,,3196,,,,,,,46183895,,,,,,3,,,Size,200x200,,1,,,,,,,,,,,,,,,,,,,,,,,,,,,,,,,,,,,,,200x200,,,,,,,,,,,,,,,,,,,,,,,,GJP67-200-200-E,,,,,,,,,,,,,,,,,,,
24777,variation,54100232,,Southrsea Rug Hills Red - 200x300,1,0,visible,,Southrsea Rug Hills Red 200x300,,,taxable,parent,0,0,,0,0,,200,300,2.5,0,,,4556,,,,,,,46183895,,,,,,4,,,Size,200x300,,1,,,,,,,,,,,,,,,,,,,,,,,,,,,,,,,,,,,,,200x300,,,,,,,,,,,,,,,,,,,,,,,,GJP67-200-300-E,,,,,,,,,,,,,,,,,,,
24781,variation,54100253,,Southrsea Rug Hills Brown Round - 120x180,1,0,hidden,,Southrsea Rug Hills Brown Round 120x180,,,taxable,parent,0,0,,0,0,,120,180,2.5,0,,,1996,,,,,,,46184130,,,,,,1,,,Size,120x180,,1,,,,,,,,,,,,,,,,,,,,,,,,,,,,,,,,,,,,,120x180,,,,,,,,,,,,1786453083,,,,,,,,,,,,FLQSP-120-180-E,,,,,,,,,,,,,,,,,,,
24782,variation,54100254,,Southrsea Rug Hills Brown Round - Ã˜ 200,1,0,hidden,,Southrsea Rug Hills Brown Round Ã˜ 200,,,taxable,parent,0,0,,0,0,,200,0,2.5,0,,,3196,,,,,,,46184130,,,,,,2,,,Size,Ã˜ 200,,1,,,,,,,,,,,,,,,,,,,,,,,,,,,,,,,,,,,,,Ã˜ 200,,,,,,,,,,,,,,,,,,,,,,,,FLQSP-200-200-R,,,,,,,,,,,,,,,,,,,
24796,variable,46183901,,Poonsion Rug Rumac Grey/Mint,1,0,visible,Poonsion Rug Rumac Grey/Mint ,Poonsion Rug Rumac Grey/Mint ,,,taxable,,1,,,0,0,,,,,1,,,,"Rooms > Bedroom, Rooms > Kitchen, Rooms > Living room, Rugs > Modern, Rugs",,,"https://rugshop.eu/wp-content/uploads/2021/09/poonsion-rug-rumac-grey-mint.jpg, https://rugshop.eu/wp-content/uploads/2021/09/poonsion-rug-rumac-grey-mint-1.jpg, https://rugshop.eu/wp-content/uploads/2021/09/poonsion-rug-rumac-grey-mint-2.jpg, https://rugshop.eu/wp-content/uploads/2021/09/poonsion-rug-rumac-grey-mint-3.jpg, https://rugshop.eu/wp-content/uploads/2021/09/poonsion-rug-rumac-grey-mint-4.jpg, https://rugshop.eu/wp-content/uploads/2021/09/poonsion-rug-rumac-grey-mint-5.jpg",,,,,,,,,4903,,,Size,"120x180, 140x200, 170x240",1,1,Brand,D-sign,1,1,Color,Black-Grey,1,1,Type of color,Multicolor,1,1,Shape,Rectangular,1,1,Material,Wool,1,1,Type of rug,Modern,1,1,Weave,Handmade,1,1,Country,China,1,1,Age,New,1,1,,,,,,,,,,,,,,yes,yes,,,,,,,,,,,,,,,,,,,,,,,,,,,,,
24797,variable,46183902,,Poonsion Rug Holtbe Red,1,0,visible,Poonsion Rug Holtbe Red ,Poonsion Rug Holtbe Red ,,,taxable,,1,,,0,0,,,,,1,,,,"Rooms > Bedroom, Rooms > Kitchen, Rooms > Living room, Rugs > Modern, Rugs",,,"https://rugshop.eu/wp-content/uploads/2021/09/poonsion-rug-holtbe-red.jpg, https://rugshop.eu/wp-content/uploads/2021/09/poonsion-rug-holtbe-red-1.jpg, https://rugshop.eu/wp-content/uploads/2021/09/poonsion-rug-holtbe-red-2.jpg, https://rugshop.eu/wp-content/uploads/2021/09/poonsion-rug-holtbe-red-3.jpg, https://rugshop.eu/wp-content/uploads/2021/09/poonsion-rug-holtbe-red-4.jpg, https://rugshop.eu/wp-content/uploads/2021/09/poonsion-rug-holtbe-red-5.jpg",,,,,,,,,4902,,,Size,"120x180, 140x200, 170x240",1,1,Brand,D-sign,1,1,Color,Red,1,1,Type of color,Multicolor,1,1,Shape,Rectangular,1,1,Material,Wool,1,1,Type of rug,Modern,1,1,Weave,Handmade,1,1,Country,China,1,1,Age,New,1,1,,,,,,,,,,,,,,yes,yes,,,,,,,,,,,,,,,,,,,,,,,,,,,,,
24798,variable,46183903,,Poonsion Rug Holtbe Creme/Turquoise,1,0,hidden,Poonsion Rug Holtbe Creme/Turquoise ,Poonsion Rug Holtbe Creme/Turquoise ,,,taxable,,0,,,0,0,,,,,1,,,,"Rooms > Bedroom, Rooms > Kitchen, Rooms > Living room, Rugs > Modern, Rugs",,,"https://rugshop.eu/wp-content/uploads/2021/09/poonsion-rug-holtbe-creme-turquoise.jpg, https://rugshop.eu/wp-content/uploads/2021/09/poonsion-rug-holtbe-creme-turquoise-1.jpg, https://rugshop.eu/wp-content/uploads/2021/09/poonsion-rug-holtbe-creme-turquoise-2.jpg, https://rugshop.eu/wp-content/uploads/2021/09/poonsion-rug-holtbe-creme-turquoise-3.jpg, https://rugshop.eu/wp-content/uploads/2021/09/poonsion-rug-holtbe-creme-turquoise-4.jpg, https://rugshop.eu/wp-content/uploads/2021/09/poonsion-rug-holtbe-creme-turquoise-5.jpg",,,,,,,,,4901,,,Size,"120x180, 140x200, 170x240",1,1,Brand,D-sign,1,1,Color,White-Beige,1,1,Type of color,Multicolor,1,1,Shape,Rectangular,1,1,Material,Wool,1,1,Type of rug,Modern,1,1,Weave,Handmade,1,1,Country,China,1,1,Age,New,1,1,,,,,,,,,,,,,1786453105,yes,yes,,,,,,,,,,,,,,,,,,,,,,,,,,,,,
24799,variable,46183904,,Poonsion Rug Geoni Anthracite,1,0,hidden,Poonsion Rug Geoni Anthracite ,Poonsion Rug Geoni Anthracite ,,,taxable,,0,,,0,0,,,,,1,,,,"Rooms > Bedroom, Rooms > Kitchen, Rooms > Living room, Rugs > Modern, Rugs",,,"https://rugshop.eu/wp-content/uploads/2021/09/poonsion-rug-geoni-anthracite.jpg, https://rugshop.eu/wp-content/uploads/2021/09/poonsion-rug-geoni-anthracite-1.jpg, https://rugshop.eu/wp-content/uploads/2021/09/poonsion-rug-geoni-anthracite-2.jpg, https://rugshop.eu/wp-content/uploads/2021/09/poonsion-rug-geoni-anthracite-3.jpg, https://rugshop.eu/wp-content/uploads/2021/09/poonsion-rug-geoni-anthracite-4.jpg, https://rugshop.eu/wp-content/uploads/2021/09/poonsion-rug-geoni-anthracite-5.jpg",,,,,,,,,4900,,,Size,"120x180, 140x200, 170x240",1,1,Brand,D-sign,1,1,Color,Black-Grey,1,1,Type of color,Multicolor,1,1,Shape,Rectangular,1,1,Material,Wool,1,1,Type of rug,Modern,1,1,Weave,Handmade,1,1,Country,China,1,1,Age,New,1,1,,,,,,,,,,,,,1786453107,yes,yes,,,,,,,,,,,,,,,,,,,,,,,,,,,,,
24816,variable,46183905,,Poonsion Rug Wells Anthracite,1,0,visible,Poonsion Rug Wells Anthracite ,Poonsion Rug Wells Anthracite ,,,taxable,,1,,,0,0,,,,,1,,,,"Rooms > Bedroom, Rooms > Kitchen, Rooms > Living room, Rugs > Modern, Rugs",,,"https://rugshop.eu/wp-content/uploads/2021/09/poonsion-rug-wells-anthracite.jpg, https://rugshop.eu/wp-content/uploads/2021/09/poonsion-rug-wells-anthracite-1.jpg, https://rugshop.eu/wp-content/uploads/2021/09/poonsion-rug-wells-anthracite-2.jpg, https://rugshop.eu/wp-content/uploads/2021/09/poonsion-rug-wells-anthracite-3.jpg, https://rugshop.eu/wp-content/uploads/2021/09/poonsion-rug-wells-anthracite-4.jpg, https://rugshop.eu/wp-content/uploads/2021/09/poonsion-rug-wells-anthracite-5.jpg",,,,,,,,,4905,,,Size,"120x180, 140x200, 170x240",1,1,Brand,D-sign,1,1,Color,Black-Grey,1,1,Type of color,Multicolor,1,1,Shape,Rectangular,1,1,Material,Wool,1,1,Type of rug,Modern,1,1,Weave,Handmade,1,1,Country,China,1,1,Age,New,1,1,,,,,,,,,,,,,,yes,yes,,,,,,,,,,,,,,,,,,,,,,,,,,,,,
24843,variable,46183906,,North Rug Hong Gray/Black,1,0,visible,North Rug Hong Gray/Black ,North Rug Hong Gray/Black ,,,taxable,,1,,,0,0,,,,,1,,,,"Rooms > Bedroom, Rooms > Living room, Rugs > Modern, Rugs",,,"https://rugshop.eu/wp-content/uploads/2021/09/north-rug-hong-gray-black.jpg, https://rugshop.eu/wp-content/uploads/2021/09/north-rug-hong-gray-black-1.jpg, https://rugshop.eu/wp-content/uploads/2021/09/north-rug-hong-gray-black-2.jpg, https://rugshop.eu/wp-content/uploads/2021/09/north-rug-hong-gray-black-3.jpg, https://rugshop.eu/wp-content/uploads/2021/09/north-rug-hong-gray-black-4.jpg, https://rugshop.eu/wp-content/uploads/2021/09/north-rug-hong-gray-black-5.jpg",,,,,,,,,4723,,,Size,"120x180, 140x200, 170x240",1,1,Brand,D-sign,1,1,Color,Black-Grey,1,1,Type of color,Multicolor,1,1,Shape,Rectangular,1,1,Material,Acrylic,1,1,Type of rug,Modern,1,1,Weave,Handmade,1,1,Country,China,1,1,Age,New,1,1,,,,,,,,,,,,,,yes,yes,,,,,,,,,,,,,,,,,,,,,,,,,,,,,
24845,variation,54101198,,Poonsion Rug Upon Gray - 120x180,1,0,visible,,Poonsion Rug Upon Gray 120x180,,,taxable,parent,1,31,,0,0,,120,180,0.4,0,,,3276,,,,,,,46183900,,,,,,1,,,Size,120x180,,1,,,,,,,,,,,,,,,,,,,,,,,,,,,,,,,,,,,,,120x180,,,,,,,,,,,,,,,,,,,,,,,,5LX7H-120-180-E,,,,,,,,,,,,,,,,,,,
24846,variation,54101199,,Poonsion Rug Upon Gray - 140x200,1,0,visible,,Poonsion Rug Upon Gray 140x200,,,taxable,parent,0,0,,0,0,,140,200,0.4,0,,,4156,,,,,,,46183900,,,,,,2,,,Size,140x200,,1,,,,,,,,,,,,,,,,,,,,,,,,,,,,,,,,,,,,,140x200,,,,,,,,,,,,,,,,,,,,,,,,5LX7H-140-200-E,,,,,,,,,,,,,,,,,,,
24847,variation,54101200,,Poonsion Rug Upon Gray - 170x240,1,0,visible,,Poonsion Rug Upon Gray 170x240,,,taxable,parent,1,9,,0,0,,170,240,0.4,0,,,5756,,,,,,,46183900,,,,,,3,,,Size,170x240,,1,,,,,,,,,,,,,,,,,,,,,,,,,,,,,,,,,,,,,170x240,,,,,,,,,,,,,,,,,,,,,,,,5LX7H-170-240-E,,,,,,,,,,,,,,,,,,,
24855,variation,54101309,,Poonsion Rug Rumac Grey/Mint - 120x180,1,0,visible,,Poonsion Rug Rumac Grey/Mint 120x180,,,taxable,parent,0,0,,0,0,,120,180,0.4,0,,,3276,,,,,,,46183901,,,,,,1,,,Size,120x180,,1,,,,,,,,,,,,,,,,,,,,,,,,,,,,,,,,,,,,,120x180,,,,,,,,,,,,1786453083,,,,,,,,,,,,TIKHP-120-180-E,,,,,,,,,,,,,,,,,,,
24856,variation,54101307,,Poonsion Rug Rumac Grey/Mint - 140x200,1,0,visible,,Poonsion Rug Rumac Grey/Mint 140x200,,,taxable,parent,0,0,,0,0,,140,200,0.4,0,,,4156,,,,,,,46183901,,,,,,2,,,Size,140x200,,1,,,,,,,,,,,,,,,,,,,,,,,,,,,,,,,,,,,,,140x200,,,,,,,,,,,,,,,,,,,,,,,,TIKHP-140-200-E,,,,,,,,,,,,,,,,,,,
24857,variation,54101308,,Poonsion Rug Rumac Grey/Mint - 170x240,1,0,visible,,Poonsion Rug Rumac Grey/Mint 170x240,,,taxable,parent,1,3,,0,0,,170,240,0.4,0,,,5756,,,,,,,46183901,,,,,,3,,,Size,170x240,,1,,,,,,,,,,,,,,,,,,,,,,,,,,,,,,,,,,,,,170x240,,,,,,,,,,,,,,,,,,,,,,,,TIKHP-170-240-E,,,,,,,,,,,,,,,,,,,
24867,variation,54101404,,Poonsion Rug Holtbe Red - 120x180,1,0,visible,,Poonsion Rug Holtbe Red 120x180,,,taxable,parent,0,0,,0,0,,120,180,0.4,0,,,3276,,,,,,,46183902,,,,,,1,,,Size,120x180,,1,,,,,,,,,,,,,,,,,,,,,,,,,,,,,,,,,,,,,120x180,,,,,,,,,,,,,,,,,,,,,,,,OKBZF-120-180-E,,,,,,,,,,,,,,,,,,,
24868,variation,54101403,,Poonsion Rug Holtbe Red - 140x200,1,0,visible,,Poonsion Rug Holtbe Red 140x200,,,taxable,parent,0,0,,0,0,,140,200,0.4,0,,,4156,,,,,,,46183902,,,,,,2,,,Size,140x200,,1,,,,,,,,,,,,,,,,,,,,,,,,,,,,,,,,,,,,,140x200,,,,,,,,,,,,,,,,,,,,,,,,OKBZF-140-200-E,,,,,,,,,,,,,,,,,,,
24869,variation,54101405,,Poonsion Rug Holtbe Red - 170x240,1,0,visible,,Poonsion Rug Holtbe Red 170x240,,,taxable,parent,1,11,,0,0,,170,240,0.4,0,,,5756,,,,,,,46183902,,,,,,3,,,Size,170x240,,1,,,,,,,,,,,,,,,,,,,,,,,,,,,,,,,,,,,,,170x240,,,,,,,,,,,,,,,,,,,,,,,,OKBZF-170-240-E,,,,,,,,,,,,,,,,,,,
24877,variation,54101440,,Poonsion Rug Holtbe Creme/Turquoise - 120x180,1,0,hidden,,Poonsion Rug Holtbe Creme/Turquoise 120x180,,,taxable,parent,0,0,,0,0,,120,180,0.4,0,,,3276,,,,,,,46183903,,,,,,1,,,Size,120x180,,1,,,,,,,,,,,,,,,,,,,,,,,,,,,,,,,,,,,,,120x180,,,,,,,,,,,,1786453084,,,,,,,,,,,,8BFBD-120-180-E,,,,,,,,,,,,,,,,,,,
24878,variation,54101441,,Poonsion Rug Holtbe Creme/Turquoise - 140x200,1,0,hidden,,Poonsion Rug Holtbe Creme/Turquoise 140x200,,,taxable,parent,0,0,,0,0,,140,200,0.4,0,,,4156,,,,,,,46183903,,,,,,2,,,Size,140x200,,1,,,,,,,,,,,,,,,,,,,,,,,,,,,,,,,,,,,,,140x200,,,,,,,,,,,,,,,,,,,,,,,,8BFBD-140-200-E,,,,,,,,,,,,,,,,,,,
24879,variation,54101442,,Poonsion Rug Holtbe Creme/Turquoise - 170x240,1,0,hidden,,Poonsion Rug Holtbe Creme/Turquoise 170x240,,,taxable,parent,0,0,,0,0,,170,240,0.4,0,,,5756,,,,,,,46183903,,,,,,3,,,Size,170x240,,1,,,,,,,,,,,,,,,,,,,,,,,,,,,,,,,,,,,,,170x240,,,,,,,,,,,,,,,,,,,,,,,,8BFBD-170-240-E,,,,,,,,,,,,,,,,,,,
24887,variable,46183910,,North Rug Vong Multicolor/Pink Flowers,1,0,hidden,North Rug Vong Multicolor/Pink Flowers ,North Rug Vong Multicolor/Pink Flowers ,,,taxable,,0,,,0,0,,,,,1,,,,"Rooms > Bedroom, Rooms > Living room, Rugs > Modern, Rugs",,,"https://rugshop.eu/wp-content/uploads/2021/09/north-rug-vong-multicolor-pink-flowers.jpg, https://rugshop.eu/wp-content/uploads/2021/09/north-rug-vong-multicolor-pink-flowers-1.jpg, https://rugshop.eu/wp-content/uploads/2021/09/north-rug-vong-multicolor-pink-flowers-2.jpg, https://rugshop.eu/wp-content/uploads/2021/09/north-rug-vong-multicolor-pink-flowers-3.jpg",,,,,,,,,4734,,,Size,"140x200, 170x240",1,1,Brand,D-sign,1,1,Color,Pink-Purple,1,1,Type of color,Multicolor,1,1,Shape,Rectangular,1,1,Material,Acrylic,1,1,Type of rug,Modern,1,1,Weave,Handmade,1,1,Country,China,1,1,Age,New,1,1,,,,,,,,,,,,,1786453111,yes,yes,,,,,,,,,,,,,,,,,,,,,,,,,,,,,
24888,variable,46183911,,North Rug Nong Multicolor/Pink Flowers,1,0,hidden,North Rug Nong Multicolor/Pink Flowers ,North Rug Nong Multicolor/Pink Flowers ,,,taxable,,0,,,0,0,,,,,1,,,,"Rooms > Bedroom, Rooms > Living room, Rugs > Modern, Rugs",,,"https://rugshop.eu/wp-content/uploads/2021/09/north-rug-nong-multicolor-pink-flowers.jpg, https://rugshop.eu/wp-content/uploads/2021/09/north-rug-nong-multicolor-pink-flowers-1.jpg, https://rugshop.eu/wp-content/uploads/2021/09/north-rug-nong-multicolor-pink-flowers-2.jpg, https://rugshop.eu/wp-content/uploads/2021/09/north-rug-nong-multicolor-pink-flowers-3.jpg, https://rugshop.eu/wp-content/uploads/2021/09/north-rug-nong-multicolor-pink-flowers-4.jpg, https://rugshop.eu/wp-content/uploads/2021/09/north-rug-nong-multicolor-pink-flowers-5.jpg, https://rugshop.eu/wp-content/uploads/2021/09/north-rug-nong-multicolor-pink-flowers-6.jpg, https://rugshop.eu/wp-content/uploads/2021/09/north-rug-nong-multicolor-pink-flowers-7.jpg, https://rugshop.eu/wp-content/uploads/2021/09/north-rug-nong-multicolor-pink-flowers-8.jpg, https://rugshop.eu/wp-content/uploads/2021/09/north-rug-nong-multicolor-pink-flowers-9.jpg",,,,,,,,,4729,,,Size,"120x180, 140x200, 170x240, 70x140, 90x160",1,1,Brand,D-sign,1,1,Color,Pink-Purple,1,1,Type of color,Multicolor,1,1,Shape,"Rectangular, Runner",1,1,Material,Acrylic,1,1,Type of rug,Modern,1,1,Weave,Handmade,1,1,Country,China,1,1,Age,New,1,1,,,,,,,,,,,,,1786453112,yes,yes,,,,,,,,,,,,,,,,,,,,,,,,,,,,,
24889,variation,54101517,,Poonsion Rug Geoni Anthracite - 120x180,1,0,hidden,,Poonsion Rug Geoni Anthracite 120x180,,,taxable,parent,0,0,,0,0,,120,180,0.4,0,,,3276,,,,,,,46183904,,,,,,1,,,Size,120x180,,1,,,,,,,,,,,,,,,,,,,,,,,,,,,,,,,,,,,,,120x180,,,,,,,,,,,,1786453084,,,,,,,,,,,,D8WJV-120-180-E,,,,,,,,,,,,,,,,,,,
24890,variation,54101516,,Poonsion Rug Geoni Anthracite - 140x200,1,0,hidden,,Poonsion Rug Geoni Anthracite 140x200,,,taxable,parent,0,0,,0,0,,140,200,0.4,0,,,4156,,,,,,,46183904,,,,,,2,,,Size,140x200,,1,,,,,,,,,,,,,,,,,,,,,,,,,,,,,,,,,,,,,140x200,,,,,,,,,,,,,,,,,,,,,,,,D8WJV-140-200-E,,,,,,,,,,,,,,,,,,,
24891,variation,54101515,,Poonsion Rug Geoni Anthracite - 170x240,1,0,hidden,,Poonsion Rug Geoni Anthracite 170x240,,,taxable,parent,0,0,,0,0,,170,240,0.4,0,,,5756,,,,,,,46183904,,,,,,3,,,Size,170x240,,1,,,,,,,,,,,,,,,,,,,,,,,,,,,,,,,,,,,,,170x240,,,,,,,,,,,,,,,,,,,,,,,,D8WJV-170-240-E,,,,,,,,,,,,,,,,,,,
24899,variation,54101532,,Poonsion Rug Wells Anthracite - 120x180,1,0,visible,,Poonsion Rug Wells Anthracite 120x180,,,taxable,parent,0,0,,0,0,,120,180,0.4,0,,,3276,,,,,,,46183905,,,,,,1,,,Size,120x180,,1,,,,,,,,,,,,,,,,,,,,,,,,,,,,,,,,,,,,,120x180,,,,,,,,,,,,,,,,,,,,,,,,EFZHV-120-180-E,,,,,,,,,,,,,,,,,,,
24900,variation,54101530,,Poonsion Rug Wells Anthracite - 140x200,1,0,visible,,Poonsion Rug Wells Anthracite 140x200,,,taxable,parent,0,0,,0,0,,140,200,0.4,0,,,4156,,,,,,,46183905,,,,,,2,,,Size,140x200,,1,,,,,,,,,,,,,,,,,,,,,,,,,,,,,,,,,,,,,140x200,,,,,,,,,,,,,,,,,,,,,,,,EFZHV-140-200-E,,,,,,,,,,,,,,,,,,,
24901,variation,54101531,,Poonsion Rug Wells Anthracite - 170x240,1,0,visible,,Poonsion Rug Wells Anthracite 170x240,,,taxable,parent,1,30,,0,0,,170,240,0.4,0,,,5756,,,,,,,46183905,,,,,,3,,,Size,170x240,,1,,,,,,,,,,,,,,,,,,,,,,,,,,,,,,,,,,,,,170x240,,,,,,,,,,,,,,,,,,,,,,,,EFZHV-170-240-E,,,,,,,,,,,,,,,,,,,
24909,variation,54101542,,North Rug Hong Gray/Black - 120x180,1,0,visible,,North Rug Hong Gray/Black 120x180,,,taxable,parent,0,0,,0,0,,120,180,1.1,0,,,2236,,,,,,,46183906,,,,,,1,,,Size,120x180,,1,,,,,,,,,,,,,,,,,,,,,,,,,,,,,,,,,,,,,120x180,,,,,,,,,,,,,,,,,,,,,,,,LB4B1-120-180-E,,,,,,,,,,,,,,,,,,,
24910,variation,54101540,,North Rug Hong Gray/Black - 140x200,1,0,visible,,North Rug Hong Gray/Black 140x200,,,taxable,parent,1,9,,0,0,,140,200,1.1,0,,,2716,,,,,,,46183906,,,,,,2,,,Size,140x200,,1,,,,,,,,,,,,,,,,,,,,,,,,,,,,,,,,,,,,,140x200,,,,,,,,,,,,,,,,,,,,,,,,LB4B1-140-200-E,,,,,,,,,,,,,,,,,,,
24911,variation,54101541,,North Rug Hong Gray/Black - 170x240,1,0,visible,,North Rug Hong Gray/Black 170x240,,,taxable,parent,0,0,,0,0,,170,240,1.1,0,,,3756,,,,,,,46183906,,,,,,3,,,Size,170x240,,1,,,,,,,,,,,,,,,,,,,,,,,,,,,,,,,,,,,,,170x240,,,,,,,,,,,,1786453084,,,,,,,,,,,,LB4B1-170-240-E,,,,,,,,,,,,,,,,,,,
24917,variable,46183912,,North Rug Nong Multicolor/Green Flowers,1,0,hidden,North Rug Nong Multicolor/Green Flowers ,North Rug Nong Multicolor/Green Flowers ,,,taxable,,0,,,0,0,,,,,1,,,,"Rooms > Bedroom, Rooms > Living room, Rugs > Modern, Rugs",,,"https://rugshop.eu/wp-content/uploads/2021/09/north-rug-nong-multicolor-green-flowers.jpg, https://rugshop.eu/wp-content/uploads/2021/09/north-rug-nong-multicolor-green-flowers-1.jpg, https://rugshop.eu/wp-content/uploads/2021/09/north-rug-nong-multicolor-green-flowers-2.jpg, https://rugshop.eu/wp-content/uploads/2021/09/north-rug-nong-multicolor-green-flowers-3.jpg, https://rugshop.eu/wp-content/uploads/2021/09/north-rug-nong-multicolor-green-flowers-4.jpg, https://rugshop.eu/wp-content/uploads/2021/09/north-rug-nong-multicolor-green-flowers-5.jpg, https://rugshop.eu/wp-content/uploads/2021/09/north-rug-nong-multicolor-green-flowers-6.jpg, https://rugshop.eu/wp-content/uploads/2021/09/north-rug-nong-multicolor-green-flowers-7.jpg, https://rugshop.eu/wp-content/uploads/2021/09/north-rug-nong-multicolor-green-flowers-8.jpg, https://rugshop.eu/wp-content/uploads/2021/09/north-rug-nong-multicolor-green-flowers-9.jpg",,,,,,,,,4728,,,Size,"120x180, 140x200, 170x240, 70x140, 90x160",1,1,Brand,D-sign,1,1,Color,Green,1,1,Type of color,Multicolor,1,1,Shape,"Rectangular, Runner",1,1,Material,Acrylic,1,1,Type of rug,Modern,1,1,Weave,Handmade,1,1,Country,China,1,1,Age,New,1,1,,,,,,,,,,,,,1786453114,yes,yes,,,,,,,,,,,,,,,,,,,,,,,,,,,,,
24918,variable,46183913,,Tenwau Rug Nut Creme,1,0,visible,Tenwau Rug Nut Creme ,Tenwau Rug Nut Creme ,,,taxable,,1,,,0,0,,,,,1,,,,"Rooms > Bedroom, Rooms > Entrance & Corridor, Rooms > Living room, Rugs > Modern, Rugs, Rugs > Vintage",,,"https://rugshop.eu/wp-content/uploads/2021/09/queen-rug-300-cream.jpg, https://rugshop.eu/wp-content/uploads/2021/09/queen-rug-300-cream-1.jpg, https://rugshop.eu/wp-content/uploads/2021/09/queen-rug-300-cream-2.jpg, https://rugshop.eu/wp-content/uploads/2021/09/queen-rug-300-cream-3.jpg, https://rugshop.eu/wp-content/uploads/2021/09/queen-rug-300-cream-4.jpg, https://rugshop.eu/wp-content/uploads/2021/09/queen-rug-300-cream-5.jpg, https://rugshop.eu/wp-content/uploads/2021/09/queen-rug-300-cream-6.jpg, https://rugshop.eu/wp-content/uploads/2021/09/queen-rug-300-cream-7.jpg, https://rugshop.eu/wp-content/uploads/2021/09/queen-rug-300-cream-8.jpg, https://rugshop.eu/wp-content/uploads/2021/09/queen-rug-300-cream-9.jpg, https://rugshop.eu/wp-content/uploads/2021/09/queen-rug-300-cream-10.jpg, https://rugshop.eu/wp-content/uploads/2021/09/queen-rug-300-cream-11.jpg",,,,,,,,,5135,,,Size,"120x170, 160x230, 200x290, 80x150",1,1,Brand,D-sign,1,1,Color,White-Beige,1,1,Type of color,Multicolor,1,1,Shape,Rectangular,1,1,Material,Acrylic,1,1,Type of rug,"Modern, Vintage / Colored Vintage",1,1,Weave,Machinemade,1,1,Country,Turkey,1,1,Age,New,1,1,,,,,,,,,,,,,,yes,yes,,,,,,,,,,,,,,,,,,,,,,,,,,,,,
24940,variable,46183914,,Cape Rug Lemland Gray/Blue,1,0,visible,Cape Rug Lemland Gray/Blue ,Cape Rug Lemland Gray/Blue ,,,taxable,,1,,,0,0,,,,,1,,,,"Rooms > Bedroom, Rooms > Entrance & Corridor, Rooms > Living room, Rugs > Modern, Rugs",,,"https://rugshop.eu/wp-content/uploads/2021/09/cape-rug-lemland-gray-blue.jpg, https://rugshop.eu/wp-content/uploads/2021/09/cape-rug-lemland-gray-blue-1.jpg, https://rugshop.eu/wp-content/uploads/2021/09/cape-rug-lemland-gray-blue-2.jpg, https://rugshop.eu/wp-content/uploads/2021/09/cape-rug-lemland-gray-blue-3.jpg, https://rugshop.eu/wp-content/uploads/2021/09/cape-rug-lemland-gray-blue-4.jpg, https://rugshop.eu/wp-content/uploads/2021/09/cape-rug-lemland-gray-blue-5.jpg, https://rugshop.eu/wp-content/uploads/2021/09/cape-rug-lemland-gray-blue-6.jpg, https://rugshop.eu/wp-content/uploads/2021/09/cape-rug-lemland-gray-blue-7.jpg",,,,,,,,,252,,,Size,"120x170, 140x200, 170x240, 80x150",1,1,Brand,D-sign,1,1,Color,Blue,1,1,Type of color,Multicolor,1,1,Shape,Rectangular,1,1,Material,Wool,1,1,Type of rug,Modern,1,1,Weave,Handmade,1,1,Country,India,1,1,Age,New,1,1,,,,,,,,,,,,,,yes,yes,,,,,,,,,,,,,,,,,,,,,,,,,,,,,
24942,variation,54101985,,North Rug Vong Multicolor/Pink Flowers - 140x200,1,0,hidden,,North Rug Vong Multicolor/Pink Flowers 140x200,,,taxable,parent,0,0,,0,0,,140,200,1.1,0,,,2716,,,,,,,46183910,,,,,,1,,,Size,140x200,,1,,,,,,,,,,,,,,,,,,,,,,,,,,,,,,,,,,,,,140x200,,,,,,,,,,,,1786453085,,,,,,,,,,,,UR5B8-140-200,,,,,,,,,,,,,,,,,,,
24943,variation,54101986,,North Rug Vong Multicolor/Pink Flowers - 170x240,1,0,hidden,,North Rug Vong Multicolor/Pink Flowers 170x240,,,taxable,parent,0,0,,0,0,,170,240,1.1,0,,,3756,,,,,,,46183910,,,,,,2,,,Size,170x240,,1,,,,,,,,,,,,,,,,,,,,,,,,,,,,,,,,,,,,,170x240,,,,,,,,,,,,1786453085,,,,,,,,,,,,UR5B8-170-240,,,,,,,,,,,,,,,,,,,
24955,variation,54102084,,North Rug Nong Multicolor/Pink Flowers - 70x140,1,0,hidden,,North Rug Nong Multicolor/Pink Flowers 70x140,,,taxable,parent,0,0,,0,0,,70,140,1.1,0,,,1276,,,,,,,46183911,,,,,,1,,,Size,70x140,,1,,,,,,,,,,,,,,,,,,,,,,,,,,,,,,,,,,,,,70x140,,,,,,,,,,,,,,,,,,,,,,,,D2526-70-140,,,,,,,,,,,,,,,,,,,
24956,variation,54102087,,North Rug Nong Multicolor/Pink Flowers - 90x160,1,0,hidden,,North Rug Nong Multicolor/Pink Flowers 90x160,,,taxable,parent,0,0,,0,0,,90,160,1.1,0,,,1676,,,,,,,46183911,,,,,,2,,,Size,90x160,,1,,,,,,,,,,,,,,,,,,,,,,,,,,,,,,,,,,,,,90x160,,,,,,,,,,,,,,,,,,,,,,,,D2526-90-160,,,,,,,,,,,,,,,,,,,
24957,variation,54102086,,North Rug Nong Multicolor/Pink Flowers - 120x180,1,0,hidden,,North Rug Nong Multicolor/Pink Flowers 120x180,,,taxable,parent,0,0,,0,0,,120,180,1.1,0,,,2236,,,,,,,46183911,,,,,,3,,,Size,120x180,,1,,,,,,,,,,,,,,,,,,,,,,,,,,,,,,,,,,,,,120x180,,,,,,,,,,,,,,,,,,,,,,,,D2526-120-180,,,,,,,,,,,,,,,,,,,
24958,variation,54102088,,North Rug Nong Multicolor/Pink Flowers - 140x200,1,0,hidden,,North Rug Nong Multicolor/Pink Flowers 140x200,,,taxable,parent,0,0,,0,0,,140,200,1.1,0,,,2716,,,,,,,46183911,,,,,,4,,,Size,140x200,,1,,,,,,,,,,,,,,,,,,,,,,,,,,,,,,,,,,,,,140x200,,,,,,,,,,,,1786453085,,,,,,,,,,,,D2526-140-200,,,,,,,,,,,,,,,,,,,
24959,variation,54102085,,North Rug Nong Multicolor/Pink Flowers - 170x240,1,0,hidden,,North Rug Nong Multicolor/Pink Flowers 170x240,,,taxable,parent,0,0,,0,0,,170,240,1.1,0,,,3756,,,,,,,46183911,,,,,,5,,,Size,170x240,,1,,,,,,,,,,,,,,,,,,,,,,,,,,,,,,,,,,,,,170x240,,,,,,,,,,,,,,,,,,,,,,,,D2526-170-240,,,,,,,,,,,,,,,,,,,
24974,variation,54102185,,North Rug Nong Multicolor/Green Flowers - 70x140,1,0,hidden,,North Rug Nong Multicolor/Green Flowers 70x140,,,taxable,parent,0,0,,0,0,,70,140,1.1,0,,,1276,,,,,,,46183912,,,,,,1,,,Size,70x140,,1,,,,,,,,,,,,,,,,,,,,,,,,,,,,,,,,,,,,,70x140,,,,,,,,,,,,,,,,,,,,,,,,VZTPC-70-140-E,,,,,,,,,,,,,,,,,,,
24975,variation,54102182,,North Rug Nong Multicolor/Green Flowers - 90x160,1,0,hidden,,North Rug Nong Multicolor/Green Flowers 90x160,,,taxable,parent,0,0,,0,0,,90,160,1.1,0,,,1676,,,,,,,46183912,,,,,,2,,,Size,90x160,,1,,,,,,,,,,,,,,,,,,,,,,,,,,,,,,,,,,,,,90x160,,,,,,,,,,,,,,,,,,,,,,,,VZTPC-90-160-E,,,,,,,,,,,,,,,,,,,
24976,variation,54102183,,North Rug Nong Multicolor/Green Flowers - 120x180,1,0,hidden,,North Rug Nong Multicolor/Green Flowers 120x180,,,taxable,parent,0,0,,0,0,,120,180,1.1,0,,,2236,,,,,,,46183912,,,,,,3,,,Size,120x180,,1,,,,,,,,,,,,,,,,,,,,,,,,,,,,,,,,,,,,,120x180,,,,,,,,,,,,,,,,,,,,,,,,VZTPC-120-180-E,,,,,,,,,,,,,,,,,,,
24977,variation,54102184,,North Rug Nong Multicolor/Green Flowers - 140x200,1,0,hidden,,North Rug Nong Multicolor/Green Flowers 140x200,,,taxable,parent,0,0,,0,0,,140,200,1.1,0,,,2716,,,,,,,46183912,,,,,,4,,,Size,140x200,,1,,,,,,,,,,,,,,,,,,,,,,,,,,,,,,,,,,,,,140x200,,,,,,,,,,,,,,,,,,,,,,,,VZTPC-140-200-E,,,,,,,,,,,,,,,,,,,
24978,variation,54102186,,North Rug Nong Multicolor/Green Flowers - 170x240,1,0,hidden,,North Rug Nong Multicolor/Green Flowers 170x240,,,taxable,parent,0,0,,0,0,,170,240,1.1,0,,,3756,,,,,,,46183912,,,,,,5,,,Size,170x240,,1,,,,,,,,,,,,,,,,,,,,,,,,,,,,,,,,,,,,,170x240,,,,,,,,,,,,1786453086,,,,,,,,,,,,VZTPC-170-240-E,,,,,,,,,,,,,,,,,,,
24992,variation,54102266,,Tenwau Rug Nut Creme - 80x150,1,0,visible,,Tenwau Rug Nut Creme 80x150,,,taxable,parent,1,2,,0,0,,80,150,1.5,0,,,1836,,,,,,,46183913,,,,,,1,,,Size,80x150,,1,,,,,,,,,,,,,,,,,,,,,,,,,,,,,,,,,,,,,80x150,,,,,,,,,,,,,,,,,,,,,,,,7COD1-80-150-E,,,,,,,,,,,,,,,,,,,
24993,variation,54102265,,Tenwau Rug Nut Creme - 120x170,1,0,visible,,Tenwau Rug Nut Creme 120x170,,,taxable,parent,1,3,,0,0,,120,170,1.5,0,,,2716,,,,,,,46183913,,,,,,2,,,Size,120x170,,1,,,,,,,,,,,,,,,,,,,,,,,,,,,,,,,,,,,,,120x170,,,,,,,,,,,,,,,,,,,,,,,,7COD1-120-170-E,,,,,,,,,,,,,,,,,,,
24994,variation,54102263,,Tenwau Rug Nut Creme - 160x230,1,0,visible,,Tenwau Rug Nut Creme 160x230,,,taxable,parent,0,0,,0,0,,160,230,1.5,0,,,4556,,,,,,,46183913,,,,,,3,,,Size,160x230,,1,,,,,,,,,,,,,,,,,,,,,,,,,,,,,,,,,,,,,160x230,,,,,,,,,,,,,,,,,,,,,,,,7COD1-160-230-E,,,,,,,,,,,,,,,,,,,
24995,variation,54102264,,Tenwau Rug Nut Creme - 200x290,1,0,visible,,Tenwau Rug Nut Creme 200x290,,,taxable,parent,0,0,,0,0,,200,290,1.5,0,,,6796,,,,,,,46183913,,,,,,4,,,Size,200x290,,1,,,,,,,,,,,,,,,,,,,,,,,,,,,,,,,,,,,,,200x290,,,,,,,,,,,,,,,,,,,,,,,,7COD1-200-290-E,,,,,,,,,,,,,,,,,,,
25008,variation,54102550,,Cape Rug Lemland Gray/Blue - 80x150,1,0,visible,,Cape Rug Lemland Gray/Blue 80x150,,,taxable,parent,0,0,,0,0,,80,150,0.8,0,,,1276,,,,,,,46183914,,,,,,1,,,Size,80x150,,1,,,,,,,,,,,,,,,,,,,,,,,,,,,,,,,,,,,,,80x150,,,,,,,,,,,,,,,,,,,,,,,,OEJOH-80-150-E,,,,,,,,,,,,,,,,,,,
25009,variation,54102549,,Cape Rug Lemland Gray/Blue - 120x170,1,0,visible,,Cape Rug Lemland Gray/Blue 120x170,,,taxable,parent,0,0,,0,0,,120,170,0.8,0,,,1836,,,,,,,46183914,,,,,,2,,,Size,120x170,,1,,,,,,,,,,,,,,,,,,,,,,,,,,,,,,,,,,,,,120x170,,,,,,,,,,,,,,,,,,,,,,,,OEJOH-120-170-E,,,,,,,,,,,,,,,,,,,
25010,variation,54102552,,Cape Rug Lemland Gray/Blue - 140x200,1,0,visible,,Cape Rug Lemland Gray/Blue 140x200,,,taxable,parent,0,0,,0,0,,140,200,0.8,0,,,2316,,,,,,,46183914,,,,,,3,,,Size,140x200,,1,,,,,,,,,,,,,,,,,,,,,,,,,,,,,,,,,,,,,140x200,,,,,,,,,,,,,,,,,,,,,,,,OEJOH-140-200-E,,,,,,,,,,,,,,,,,,,
25011,variation,54102551,,Cape Rug Lemland Gray/Blue - 170x240,1,0,visible,,Cape Rug Lemland Gray/Blue 170x240,,,taxable,parent,1,9,,0,0,,170,240,0.8,0,,,3116,,,,,,,46183914,,,,,,4,,,Size,170x240,,1,,,,,,,,,,,,,,,,,,,,,,,,,,,,,,,,,,,,,170x240,,,,,,,,,,,,,,,,,,,,,,,,OEJOH-170-240-E,,,,,,,,,,,,,,,,,,,
25029,variable,46183922,,Busdau Rug Gl Gray/Creme,1,0,visible,Busdau Rug Gl Gray/Creme ,Busdau Rug Gl Gray/Creme ,,,taxable,,1,,,0,0,,,,,1,,,,"Rooms > Bedroom, Rooms > Entrance & Corridor, Rooms > Living room, Rugs > Modern, Rugs",,,"https://rugshop.eu/wp-content/uploads/2021/09/busdau-rug-gl-gray-creme.jpg, https://rugshop.eu/wp-content/uploads/2021/09/busdau-rug-gl-gray-creme-1.jpg, https://rugshop.eu/wp-content/uploads/2021/09/busdau-rug-gl-gray-creme-2.jpg, https://rugshop.eu/wp-content/uploads/2021/09/busdau-rug-gl-gray-creme-3.jpg, https://rugshop.eu/wp-content/uploads/2021/09/busdau-rug-gl-gray-creme-4.jpg, https://rugshop.eu/wp-content/uploads/2021/09/busdau-rug-gl-gray-creme-5.jpg, https://rugshop.eu/wp-content/uploads/2021/09/busdau-rug-gl-gray-creme-6.jpg, https://rugshop.eu/wp-content/uploads/2021/09/busdau-rug-gl-gray-creme-7.jpg, https://rugshop.eu/wp-content/uploads/2021/09/busdau-rug-gl-gray-creme-8.jpg, https://rugshop.eu/wp-content/uploads/2021/09/busdau-rug-gl-gray-creme-9.jpg, https://rugshop.eu/wp-content/uploads/2021/09/busdau-rug-gl-gray-creme-10.jpg, https://rugshop.eu/wp-content/uploads/2021/09/busdau-rug-gl-gray-creme-11.jpg",,,,,,,,,209,,,Size,"120x170, 133x190, 200x290, 240x300, 60x110, 80x150",1,1,Brand,D-sign,1,1,Color,Black-Grey,1,1,Type of color,Multicolor,1,1,Shape,Rectangular,1,1,Material,Polypropylene,1,1,Type of rug,Modern,1,1,Weave,Machinemade,1,1,Country,Turkey,1,1,Age,New,1,1,,,,,,,,,,,,,,yes,yes,,,,,,,,,,,,,,,,,,,,,,,,,,,,,
25056,variable,46183923,,Busdau Rug Say Blue/Gray,1,0,visible,Busdau Rug Say Blue/Gray ,Busdau Rug Say Blue/Gray ,,,taxable,,1,,,0,0,,,,,1,,,,"Rooms > Bedroom, Rooms > Entrance & Corridor, Rooms > Living room, Rugs > Modern, Rugs",,,"https://rugshop.eu/wp-content/uploads/2021/09/busdau-rug-say-blue-gray.jpg, https://rugshop.eu/wp-content/uploads/2021/09/busdau-rug-say-blue-gray-1.jpg, https://rugshop.eu/wp-content/uploads/2021/09/busdau-rug-say-blue-gray-2.jpg, https://rugshop.eu/wp-content/uploads/2021/09/busdau-rug-say-blue-gray-3.jpg, https://rugshop.eu/wp-content/uploads/2021/09/busdau-rug-say-blue-gray-4.jpg, https://rugshop.eu/wp-content/uploads/2021/09/busdau-rug-say-blue-gray-5.jpg, https://rugshop.eu/wp-content/uploads/2021/09/busdau-rug-say-blue-gray-6.jpg, https://rugshop.eu/wp-content/uploads/2021/09/busdau-rug-say-blue-gray-7.jpg, https://rugshop.eu/wp-content/uploads/2021/09/busdau-rug-say-blue-gray-8.jpg, https://rugshop.eu/wp-content/uploads/2021/09/busdau-rug-say-blue-gray-9.jpg, https://rugshop.eu/wp-content/uploads/2021/09/busdau-rug-say-blue-gray-10.jpg, https://rugshop.eu/wp-content/uploads/2021/09/busdau-rug-say-blue-gray-11.jpg",,,,,,,,,235,,,Size,"120x170, 133x190, 160x230, 200x290, 240x300, 60x110",1,1,Brand,D-sign,1,1,Color,Blue,1,1,Type of color,Multicolor,1,1,Shape,Rectangular,1,1,Material,Polypropylene,1,1,Type of rug,Modern,1,1,Weave,Machinemade,1,1,Country,Turkey,1,1,Age,New,1,1,,,,,,,,,,,,,,yes,yes,,,,,,,,,,,,,,,,,,,,,,,,,,,,,
25057,variable,46183924,,Busdau Rug Ml Pink,1,0,hidden,Busdau Rug Ml Pink ,Busdau Rug Ml Pink ,,,taxable,,0,,,0,0,,,,,1,,,,"Rooms > Bedroom, Rooms > Entrance & Corridor, Rooms > Living room, Rugs > Modern, Rugs",,,"https://rugshop.eu/wp-content/uploads/2021/09/busdau-rug-ml-pink.jpg, https://rugshop.eu/wp-content/uploads/2021/09/busdau-rug-ml-pink-1.jpg, https://rugshop.eu/wp-content/uploads/2021/09/busdau-rug-ml-pink-2.jpg, https://rugshop.eu/wp-content/uploads/2021/09/busdau-rug-ml-pink-3.jpg, https://rugshop.eu/wp-content/uploads/2021/09/busdau-rug-ml-pink-4.jpg, https://rugshop.eu/wp-content/uploads/2021/09/busdau-rug-ml-pink-5.jpg, https://rugshop.eu/wp-content/uploads/2021/09/busdau-rug-ml-pink-6.jpg, https://rugshop.eu/wp-content/uploads/2021/09/busdau-rug-ml-pink-7.jpg",,,,,,,,,223,,,Size,"120x170, 133x190, 160x230, 80x150",1,1,Brand,D-sign,1,1,Color,Pink-Purple,1,1,Type of color,Multicolor,1,1,Shape,Rectangular,1,1,Material,Polypropylene,1,1,Type of rug,Modern,1,1,Weave,Machinemade,1,1,Country,Turkey,1,1,Age,New,1,1,,,,,,,,,,,,,1786453126,yes,yes,,,,,,,,,,,,,,,,,,,,,,,,,,,,,
25081,variable,46183925,,Yelmis Rug Maro Anthracite,1,0,visible,Yelmis Rug Maro Anthracite ,Yelmis Rug Maro Anthracite ,,,taxable,,1,,,0,0,,,,,1,,,,"Rooms > Bedroom, Rooms > Entrance & Corridor, Rooms > Living room, Rugs > Modern, Rugs",,,"https://rugshop.eu/wp-content/uploads/2021/09/yelmis-rug-maro-anthracite.jpg, https://rugshop.eu/wp-content/uploads/2021/09/yelmis-rug-maro-anthracite-1.jpg, https://rugshop.eu/wp-content/uploads/2021/09/yelmis-rug-maro-anthracite-2.jpg, https://rugshop.eu/wp-content/uploads/2021/09/yelmis-rug-maro-anthracite-3.jpg, https://rugshop.eu/wp-content/uploads/2021/09/yelmis-rug-maro-anthracite-4.jpg, https://rugshop.eu/wp-content/uploads/2021/09/yelmis-rug-maro-anthracite-5.jpg, https://rugshop.eu/wp-content/uploads/2021/09/yelmis-rug-maro-anthracite-6.jpg, https://rugshop.eu/wp-content/uploads/2021/09/yelmis-rug-maro-anthracite-7.jpg, https://rugshop.eu/wp-content/uploads/2021/09/yelmis-rug-maro-anthracite-8.jpg, https://rugshop.eu/wp-content/uploads/2021/09/yelmis-rug-maro-anthracite-9.jpg, https://rugshop.eu/wp-content/uploads/2021/09/yelmis-rug-maro-anthracite-10.jpg, https://rugshop.eu/wp-content/uploads/2021/09/yelmis-rug-maro-anthracite-11.jpg, https://rugshop.eu/wp-content/uploads/2021/09/yelmis-rug-maro-anthracite-12.jpg, https://rugshop.eu/wp-content/uploads/2021/09/yelmis-rug-maro-anthracite-13.jpg, https://rugshop.eu/wp-content/uploads/2021/09/yelmis-rug-maro-anthracite-14.jpg, https://rugshop.eu/wp-content/uploads/2021/09/yelmis-rug-maro-anthracite-15.jpg, https://rugshop.eu/wp-content/uploads/2021/09/yelmis-rug-maro-anthracite-16.jpg, https://rugshop.eu/wp-content/uploads/2021/09/yelmis-rug-maro-anthracite-17.jpg",,,,,,,,,5203,,,Size,"120x170, 130x190, 140x200, 160x230, 170x230, 60x90, 70x130, 80x150",1,1,Brand,D-sign,1,1,Color,Black-Grey,1,1,Type of color,Multicolor,1,1,Shape,Rectangular,1,1,Material,Cotton,1,1,Type of rug,Modern,1,1,Weave,Handmade,1,1,Country,India,1,1,Age,New,1,1,,,,,,,,,,,,,,yes,yes,,,,,,,,,,,,,,,,,,,,,,,,,,,,,
25102,variation,54105778,,Busdau Rug Gl Gray/Creme - 60x110,1,0,visible,,Busdau Rug Gl Gray/Creme 60x110,,,taxable,parent,0,0,,0,0,,60,110,1.8,0,,,796,,,,,,,46183922,,,,,,1,,,Size,60x110,,1,,,,,,,,,,,,,,,,,,,,,,,,,,,,,,,,,,,,,60x110,,,,,,,,,,,,,,,,,,,,,,,,XNBFH-60-110-E,,,,,,,,,,,,,,,,,,,
25103,variation,54105782,,Busdau Rug Gl Gray/Creme - 80x150,1,0,visible,,Busdau Rug Gl Gray/Creme 80x150,,,taxable,parent,0,0,,0,0,,80,150,1.8,0,,,1036,,,,,,,46183922,,,,,,2,,,Size,80x150,,1,,,,,,,,,,,,,,,,,,,,,,,,,,,,,,,,,,,,,80x150,,,,,,,,,,,,,,,,,,,,,,,,XNBFH-80-150-E,,,,,,,,,,,,,,,,,,,
25104,variation,54105781,,Busdau Rug Gl Gray/Creme - 120x170,1,0,visible,,Busdau Rug Gl Gray/Creme 120x170,,,taxable,parent,0,0,,0,0,,120,170,1.8,0,,,1436,,,,,,,46183922,,,,,,3,,,Size,120x170,,1,,,,,,,,,,,,,,,,,,,,,,,,,,,,,,,,,,,,,120x170,,,,,,,,,,,,,,,,,,,,,,,,XNBFH-120-170-E,,,,,,,,,,,,,,,,,,,
25105,variation,54105783,,Busdau Rug Gl Gray/Creme - 133x190,1,0,visible,,Busdau Rug Gl Gray/Creme 133x190,,,taxable,parent,0,0,,0,0,,133,190,1.8,0,,,1676,,,,,,,46183922,,,,,,4,,,Size,133x190,,1,,,,,,,,,,,,,,,,,,,,,,,,,,,,,,,,,,,,,133x190,,,,,,,,,,,,,,,,,,,,,,,,XNBFH-133-190-E,,,,,,,,,,,,,,,,,,,
25106,variation,54105780,,Busdau Rug Gl Gray/Creme - 200x290,1,0,visible,,Busdau Rug Gl Gray/Creme 200x290,,,taxable,parent,0,0,,0,0,,200,290,1.8,0,,,3116,,,,,,,46183922,,,,,,5,,,Size,200x290,,1,,,,,,,,,,,,,,,,,,,,,,,,,,,,,,,,,,,,,200x290,,,,,,,,,,,,,,,,,,,,,,,,XNBFH-200-290-E,,,,,,,,,,,,,,,,,,,
25107,variation,54105779,,Busdau Rug Gl Gray/Creme - 240x300,1,0,visible,,Busdau Rug Gl Gray/Creme 240x300,,,taxable,parent,1,5,,0,0,,240,300,1.8,0,,,3756,,,,,,,46183922,,,,,,6,,,Size,240x300,,1,,,,,,,,,,,,,,,,,,,,,,,,,,,,,,,,,,,,,240x300,,,,,,,,,,,,,,,,,,,,,,,,XNBFH-240-300-E,,,,,,,,,,,,,,,,,,,
25121,variation,54105951,,Busdau Rug Say Blue/Gray - 60x110,1,0,visible,,Busdau Rug Say Blue/Gray 60x110,,,taxable,parent,0,0,,0,0,,60,110,1.8,0,,,796,,,,,,,46183923,,,,,,1,,,Size,60x110,,1,,,,,,,,,,,,,,,,,,,,,,,,,,,,,,,,,,,,,60x110,,,,,,,,,,,,,,,,,,,,,,,,7VIE7-60-110-E,,,,,,,,,,,,,,,,,,,
25122,variation,54105956,,Busdau Rug Say Blue/Gray - 120x170,1,0,visible,,Busdau Rug Say Blue/Gray 120x170,,,taxable,parent,0,0,,0,0,,120,170,1.8,0,,,1436,,,,,,,46183923,,,,,,2,,,Size,120x170,,1,,,,,,,,,,,,,,,,,,,,,,,,,,,,,,,,,,,,,120x170,,,,,,,,,,,,,,,,,,,,,,,,7VIE7-120-170-E,,,,,,,,,,,,,,,,,,,
25123,variable,46183927,,Yelmis Rug Saro Brown,1,0,visible,Yelmis Rug Saro Brown ,Yelmis Rug Saro Brown ,,,taxable,,1,,,0,0,,,,,1,,,,"Rooms > Bedroom, Rooms > Entrance & Corridor, Rooms > Living room, Rugs > Modern, Rugs",,,"https://rugshop.eu/wp-content/uploads/2021/09/yelmis-rug-saro-brown.jpg, https://rugshop.eu/wp-content/uploads/2021/09/yelmis-rug-saro-brown-1.jpg, https://rugshop.eu/wp-content/uploads/2021/09/yelmis-rug-saro-brown-2.jpg, https://rugshop.eu/wp-content/uploads/2021/09/yelmis-rug-saro-brown-3.jpg, https://rugshop.eu/wp-content/uploads/2021/09/yelmis-rug-saro-brown-4.jpg, https://rugshop.eu/wp-content/uploads/2021/09/yelmis-rug-saro-brown-5.jpg, https://rugshop.eu/wp-content/uploads/2021/09/yelmis-rug-saro-brown-6.jpg, https://rugshop.eu/wp-content/uploads/2021/09/yelmis-rug-saro-brown-7.jpg, https://rugshop.eu/wp-content/uploads/2021/09/yelmis-rug-saro-brown-8.jpg, https://rugshop.eu/wp-content/uploads/2021/09/yelmis-rug-saro-brown-9.jpg, https://rugshop.eu/wp-content/uploads/2021/09/yelmis-rug-saro-brown-10.jpg, https://rugshop.eu/wp-content/uploads/2021/09/yelmis-rug-saro-brown-11.jpg, https://rugshop.eu/wp-content/uploads/2021/09/yelmis-rug-saro-brown-12.jpg, https://rugshop.eu/wp-content/uploads/2021/09/yelmis-rug-saro-brown-13.jpg, https://rugshop.eu/wp-content/uploads/2021/09/yelmis-rug-saro-brown-14.jpg, https://rugshop.eu/wp-content/uploads/2021/09/yelmis-rug-saro-brown-15.jpg",,,,,,,,,5205,,,Size,"120x170, 130x190, 140x200, 170x230, 60x90, 70x130, 80x150",1,1,Brand,D-sign,1,1,Color,Yellow-Brown,1,1,Type of color,Multicolor,1,1,Shape,Rectangular,1,1,Material,Cotton,1,1,Type of rug,Modern,1,1,Weave,Handmade,1,1,Country,India,1,1,Age,New,1,1,,,,,,,,,,,,,,yes,yes,,,,,,,,,,,,,,,,,,,,,,,,,,,,,
25124,variation,54105955,,Busdau Rug Say Blue/Gray - 133x190,1,0,visible,,Busdau Rug Say Blue/Gray 133x190,,,taxable,parent,0,0,,0,0,,133,190,1.8,0,,,1676,,,,,,,46183923,,,,,,3,,,Size,133x190,,1,,,,,,,,,,,,,,,,,,,,,,,,,,,,,,,,,,,,,133x190,,,,,,,,,,,,,,,,,,,,,,,,7VIE7-133-190-E,,,,,,,,,,,,,,,,,,,
25125,variation,54105954,,Busdau Rug Say Blue/Gray - 160x230,1,0,visible,,Busdau Rug Say Blue/Gray 160x230,,,taxable,parent,0,0,,0,0,,160,230,1.8,0,,,2156,,,,,,,46183923,,,,,,4,,,Size,160x230,,1,,,,,,,,,,,,,,,,,,,,,,,,,,,,,,,,,,,,,160x230,,,,,,,,,,,,,,,,,,,,,,,,7VIE7-160-230-E,,,,,,,,,,,,,,,,,,,
25126,variation,54105953,,Busdau Rug Say Blue/Gray - 200x290,1,0,visible,,Busdau Rug Say Blue/Gray 200x290,,,taxable,parent,0,0,,0,0,,200,290,1.8,0,,,3116,,,,,,,46183923,,,,,,5,,,Size,200x290,,1,,,,,,,,,,,,,,,,,,,,,,,,,,,,,,,,,,,,,200x290,,,,,,,,,,,,,,,,,,,,,,,,7VIE7-200-290-E,,,,,,,,,,,,,,,,,,,
25127,variation,54105952,,Busdau Rug Say Blue/Gray - 240x300,1,0,visible,,Busdau Rug Say Blue/Gray 240x300,,,taxable,parent,1,8,,0,0,,240,300,1.8,0,,,3756,,,,,,,46183923,,,,,,6,,,Size,240x300,,1,,,,,,,,,,,,,,,,,,,,,,,,,,,,,,,,,,,,,240x300,,,,,,,,,,,,,,,,,,,,,,,,7VIE7-240-300-E,,,,,,,,,,,,,,,,,,,
25137,variation,54106289,,Busdau Rug Ml Pink - 80x150,1,0,hidden,,Busdau Rug Ml Pink 80x150,,,taxable,parent,0,0,,0,0,,80,150,1.8,0,,,1036,,,,,,,46183924,,,,,,1,,,Size,80x150,,1,,,,,,,,,,,,,,,,,,,,,,,,,,,,,,,,,,,,,80x150,,,,,,,,,,,,,,,,,,,,,,,,YT1IG-80-150-E,,,,,,,,,,,,,,,,,,,
25138,variation,54106287,,Busdau Rug Ml Pink - 120x170,1,0,hidden,,Busdau Rug Ml Pink 120x170,,,taxable,parent,0,0,,0,0,,120,170,1.8,0,,,1436,,,,,,,46183924,,,,,,2,,,Size,120x170,,1,,,,,,,,,,,,,,,,,,,,,,,,,,,,,,,,,,,,,120x170,,,,,,,,,,,,,,,,,,,,,,,,YT1IG-120-170-E,,,,,,,,,,,,,,,,,,,
25139,variation,54106290,,Busdau Rug Ml Pink - 133x190,1,0,hidden,,Busdau Rug Ml Pink 133x190,,,taxable,parent,0,0,,0,0,,133,190,1.8,0,,,1676,,,,,,,46183924,,,,,,3,,,Size,133x190,,1,,,,,,,,,,,,,,,,,,,,,,,,,,,,,,,,,,,,,133x190,,,,,,,,,,,,1786453117,,,,,,,,,,,,YT1IG-133-190-E,,,,,,,,,,,,,,,,,,,
25140,variation,54106288,,Busdau Rug Ml Pink - 160x230,1,0,hidden,,Busdau Rug Ml Pink 160x230,,,taxable,parent,0,0,,0,0,,160,230,1.8,0,,,2156,,,,,,,46183924,,,,,,4,,,Size,160x230,,1,,,,,,,,,,,,,,,,,,,,,,,,,,,,,,,,,,,,,160x230,,,,,,,,,,,,,,,,,,,,,,,,YT1IG-160-230-E,,,,,,,,,,,,,,,,,,,
25161,variation,54347672,,Yelmis Rug Maro Anthracite - 60x90,1,0,visible,,Yelmis Rug Maro Anthracite 60x90,,,taxable,parent,1,2,,0,0,,60,90,0.8,0,,,796,,,,,,,46183925,,,,,,1,,,Size,60x90,,1,,,,,,,,,,,,,,,,,,,,,,,,,,,,,,,,,,,,,60x90,,,,,,,,,,,,,,,,,,,,,,,,BDCFO-60-90-E,,,,,,,,,,,,,,,,,,,
25162,variation,54347676,,Yelmis Rug Maro Anthracite - 70x130,1,0,visible,,Yelmis Rug Maro Anthracite 70x130,,,taxable,parent,0,0,,0,0,,70,130,0.8,0,,,1036,,,,,,,46183925,,,,,,2,,,Size,70x130,,1,,,,,,,,,,,,,,,,,,,,,,,,,,,,,,,,,,,,,70x130,,,,,,,,,,,,1786453118,,,,,,,,,,,,BDCFO-70-130-E,,,,,,,,,,,,,,,,,,,
25163,variation,54347675,,Yelmis Rug Maro Anthracite - 80x150,1,0,visible,,Yelmis Rug Maro Anthracite 80x150,,,taxable,parent,0,0,,0,0,,80,150,0.8,0,,,1116,,,,,,,46183925,,,,,,3,,,Size,80x150,,1,,,,,,,,,,,,,,,,,,,,,,,,,,,,,,,,,,,,,80x150,,,,,,,,,,,,,,,,,,,,,,,,BDCFO-80-150-E,,,,,,,,,,,,,,,,,,,
25164,variation,54347673,,Yelmis Rug Maro Anthracite - 120x170,1,0,visible,,Yelmis Rug Maro Anthracite 120x170,,,taxable,parent,0,0,,0,0,,120,170,0.8,0,,,1596,,,,,,,46183925,,,,,,4,,,Size,120x170,,1,,,,,,,,,,,,,,,,,,,,,,,,,,,,,,,,,,,,,120x170,,,,,,,,,,,,1786453118,,,,,,,,,,,,BDCFO-120-170-E,,,,,,,,,,,,,,,,,,,
25165,variation,54347677,,Yelmis Rug Maro Anthracite - 130x190,1,0,visible,,Yelmis Rug Maro Anthracite 130x190,,,taxable,parent,0,0,,0,0,,130,190,0.8,0,,,1836,,,,,,,46183925,,,,,,5,,,Size,130x190,,1,,,,,,,,,,,,,,,,,,,,,,,,,,,,,,,,,,,,,130x190,,,,,,,,,,,,,,,,,,,,,,,,BDCFO-130-190-E,,,,,,,,,,,,,,,,,,,
25166,variation,54347678,,Yelmis Rug Maro Anthracite - 140x200,1,0,visible,,Yelmis Rug Maro Anthracite 140x200,,,taxable,parent,0,0,,0,0,,140,200,0.8,0,,,1996,,,,,,,46183925,,,,,,6,,,Size,140x200,,1,,,,,,,,,,,,,,,,,,,,,,,,,,,,,,,,,,,,,140x200,,,,,,,,,,,,,,,,,,,,,,,,BDCFO-140-200-E,,,,,,,,,,,,,,,,,,,
25167,variation,54347674,,Yelmis Rug Maro Anthracite - 160x230,1,0,visible,,Yelmis Rug Maro Anthracite 160x230,,,taxable,parent,0,0,,0,0,,160,230,0.8,0,,,2396,,,,,,,46183925,,,,,,7,,,Size,160x230,,1,,,,,,,,,,,,,,,,,,,,,,,,,,,,,,,,,,,,,160x230,,,,,,,,,,,,,,,,,,,,,,,,BDCFO-160-230-E,,,,,,,,,,,,,,,,,,,
25168,variation,54347671,,Yelmis Rug Maro Anthracite - 170x230,1,0,visible,,Yelmis Rug Maro Anthracite 170x230,,,taxable,parent,0,0,,0,0,,170,230,0.8,0,,,2556,,,,,,,46183925,,,,,,8,,,Size,170x230,,1,,,,,,,,,,,,,,,,,,,,,,,,,,,,,,,,,,,,,170x230,,,,,,,,,,,,,,,,,,,,,,,,BDCFO-170-230-E,,,,,,,,,,,,,,,,,,,
25215,variable,46183931,,Busdau Rug Yal Gray/Green/Blue,1,0,visible,Busdau Rug Yal Gray/Green/Blue ,Busdau Rug Yal Gray/Green/Blue ,,,taxable,,1,,,0,0,,,,,1,,,,"Rooms > Bedroom, Rooms > Entrance & Corridor, Rooms > Living room, Rugs > Modern, Rugs",,,"https://rugshop.eu/wp-content/uploads/2021/09/busdau-rug-yal-gray-green-blue.jpg, https://rugshop.eu/wp-content/uploads/2021/09/busdau-rug-yal-gray-green-blue-1.jpg, https://rugshop.eu/wp-content/uploads/2021/09/busdau-rug-yal-gray-green-blue-2.jpg, https://rugshop.eu/wp-content/uploads/2021/09/busdau-rug-yal-gray-green-blue-3.jpg, https://rugshop.eu/wp-content/uploads/2021/09/busdau-rug-yal-gray-green-blue-4.jpg, https://rugshop.eu/wp-content/uploads/2021/09/busdau-rug-yal-gray-green-blue-5.jpg, https://rugshop.eu/wp-content/uploads/2021/09/busdau-rug-yal-gray-green-blue-6.jpg, https://rugshop.eu/wp-content/uploads/2021/09/busdau-rug-yal-gray-green-blue-7.jpg, https://rugshop.eu/wp-content/uploads/2021/09/busdau-rug-yal-gray-green-blue-8.jpg, https://rugshop.eu/wp-content/uploads/2021/09/busdau-rug-yal-gray-green-blue-9.jpg, https://rugshop.eu/wp-content/uploads/2021/09/busdau-rug-yal-gray-green-blue-10.jpg, https://rugshop.eu/wp-content/uploads/2021/09/busdau-rug-yal-gray-green-blue-11.jpg, https://rugshop.eu/wp-content/uploads/2021/09/busdau-rug-yal-gray-green-blue-12.jpg, https://rugshop.eu/wp-content/uploads/2021/09/busdau-rug-yal-gray-green-blue-13.jpg",,,,,,,,,242,,,Size,"120x170, 133x190, 160x230, 200x290, 240x300, 60x110, 80x150",1,1,Brand,D-sign,1,1,Color,Black-Grey,1,1,Type of color,Multicolor,1,1,Shape,Rectangular,1,1,Material,Polypropylene,1,1,Type of rug,Modern,1,1,Weave,Machinemade,1,1,Country,Turkey,1,1,Age,New,1,1,,,,,,,,,,,,,,yes,yes,,,,,,,,,,,,,,,,,,,,,,,,,,,,,
25216,variation,54351141,,Yelmis Rug Saro Brown - 60x90,1,0,visible,,Yelmis Rug Saro Brown 60x90,,,taxable,parent,0,0,,0,0,,60,90,0.8,0,,,796,,,,,,,46183927,,,,,,1,,,Size,60x90,,1,,,,,,,,,,,,,,,,,,,,,,,,,,,,,,,,,,,,,60x90,,,,,,,,,,,,,,,,,,,,,,,,RL1D5-60-90-E,,,,,,,,,,,,,,,,,,,
25217,variation,54351135,,Yelmis Rug Saro Brown - 70x130,1,0,visible,,Yelmis Rug Saro Brown 70x130,,,taxable,parent,1,2,,0,0,,70,130,0.8,0,,,1036,,,,,,,46183927,,,,,,2,,,Size,70x130,,1,,,,,,,,,,,,,,,,,,,,,,,,,,,,,,,,,,,,,70x130,,,,,,,,,,,,,,,,,,,,,,,,RL1D5-70-130-E,,,,,,,,,,,,,,,,,,,
25218,variation,54351137,,Yelmis Rug Saro Brown - 80x150,1,0,visible,,Yelmis Rug Saro Brown 80x150,,,taxable,parent,0,0,,0,0,,80,150,0.8,0,,,1196,,,,,,,46183927,,,,,,3,,,Size,80x150,,1,,,,,,,,,,,,,,,,,,,,,,,,,,,,,,,,,,,,,80x150,,,,,,,,,,,,,,,,,,,,,,,,RL1D5-80-150-E,,,,,,,,,,,,,,,,,,,
25219,variation,54351131,,Yelmis Rug Saro Brown - 120x170,1,0,visible,,Yelmis Rug Saro Brown 120x170,,,taxable,parent,0,0,,0,0,,120,170,0.8,0,,,1596,,,,,,,46183927,,,,,,4,,,Size,120x170,,1,,,,,,,,,,,,,,,,,,,,,,,,,,,,,,,,,,,,,120x170,,,,,,,,,,,,,,,,,,,,,,,,RL1D5-120-170-E,,,,,,,,,,,,,,,,,,,
25220,variation,54351136,,Yelmis Rug Saro Brown - 130x190,1,0,visible,,Yelmis Rug Saro Brown 130x190,,,taxable,parent,0,0,,0,0,,130,190,0.8,0,,,1836,,,,,,,46183927,,,,,,5,,,Size,130x190,,1,,,,,,,,,,,,,,,,,,,,,,,,,,,,,,,,,,,,,130x190,,,,,,,,,,,,,,,,,,,,,,,,RL1D5-130-190-E,,,,,,,,,,,,,,,,,,,
25221,variation,54351134,,Yelmis Rug Saro Brown - 140x200,1,0,visible,,Yelmis Rug Saro Brown 140x200,,,taxable,parent,0,0,,0,0,,140,200,0.8,0,,,1996,,,,,,,46183927,,,,,,6,,,Size,140x200,,1,,,,,,,,,,,,,,,,,,,,,,,,,,,,,,,,,,,,,140x200,,,,,,,,,,,,,,,,,,,,,,,,RL1D5-140-200-E,,,,,,,,,,,,,,,,,,,
25222,variation,54351138,,Yelmis Rug Saro Brown - 170x230,1,0,visible,,Yelmis Rug Saro Brown 170x230,,,taxable,parent,0,0,,0,0,,170,230,0.8,0,,,2556,,,,,,,46183927,,,,,,7,,,Size,170x230,,1,,,,,,,,,,,,,,,,,,,,,,,,,,,,,,,,,,,,,170x230,,,,,,,,,,,,,,,,,,,,,,,,RL1D5-170-230-E,,,,,,,,,,,,,,,,,,,
25244,variable,46183932,,Busdau Rug Sobe Natural,1,0,visible,Busdau Rug Sobe Natural ,Busdau Rug Sobe Natural ,,,taxable,,1,,,0,0,,,,,1,,,,"Rooms > Bedroom, Rooms > Entrance & Corridor, Rooms > Living room, Rugs > Modern, Rugs",,,"https://rugshop.eu/wp-content/uploads/2021/09/busdau-rug-sobe-natural.jpg, https://rugshop.eu/wp-content/uploads/2021/09/busdau-rug-sobe-natural-1.jpg, https://rugshop.eu/wp-content/uploads/2021/09/busdau-rug-sobe-natural-2.jpg, https://rugshop.eu/wp-content/uploads/2021/09/busdau-rug-sobe-natural-3.jpg, https://rugshop.eu/wp-content/uploads/2021/09/busdau-rug-sobe-natural-4.jpg, https://rugshop.eu/wp-content/uploads/2021/09/busdau-rug-sobe-natural-5.jpg, https://rugshop.eu/wp-content/uploads/2021/09/busdau-rug-sobe-natural-6.jpg, https://rugshop.eu/wp-content/uploads/2021/09/busdau-rug-sobe-natural-7.jpg, https://rugshop.eu/wp-content/uploads/2021/09/busdau-rug-sobe-natural-8.jpg, https://rugshop.eu/wp-content/uploads/2021/09/busdau-rug-sobe-natural-9.jpg, https://rugshop.eu/wp-content/uploads/2021/09/busdau-rug-sobe-natural-10.jpg, https://rugshop.eu/wp-content/uploads/2021/09/busdau-rug-sobe-natural-11.jpg, https://rugshop.eu/wp-content/uploads/2021/09/busdau-rug-sobe-natural-12.jpg, https://rugshop.eu/wp-content/uploads/2021/09/busdau-rug-sobe-natural-13.jpg",,,,,,,,,236,,,Size,"120x170, 133x190, 160x230, 200x290, 240x300, 60x110, 80x150",1,1,Brand,D-sign,1,1,Color,White-Beige,1,1,Type of color,Multicolor,1,1,Shape,Rectangular,1,1,Material,Polypropylene,1,1,Type of rug,Modern,1,1,Weave,Machinemade,1,1,Country,Turkey,1,1,Age,New,1,1,,,,,,,,,,,,,,yes,yes,,,,,,,,,,,,,,,,,,,,,,,,,,,,,
25272,variable,46183933,,Busdau Rug El Anthracite,1,0,visible,Busdau Rug El Anthracite ,Busdau Rug El Anthracite ,,,taxable,,1,,,0,0,,,,,1,,,,"Rooms > Bedroom, Rooms > Entrance & Corridor, Rooms > Living room, Rugs > Modern, Rugs",,,"https://rugshop.eu/wp-content/uploads/2021/09/busdau-rug-el-anthracite.jpg, https://rugshop.eu/wp-content/uploads/2021/09/busdau-rug-el-anthracite-1.jpg, https://rugshop.eu/wp-content/uploads/2021/09/busdau-rug-el-anthracite-2.jpg, https://rugshop.eu/wp-content/uploads/2021/09/busdau-rug-el-anthracite-3.jpg, https://rugshop.eu/wp-content/uploads/2021/09/busdau-rug-el-anthracite-4.jpg, https://rugshop.eu/wp-content/uploads/2021/09/busdau-rug-el-anthracite-5.jpg, https://rugshop.eu/wp-content/uploads/2021/09/busdau-rug-el-anthracite-6.jpg, https://rugshop.eu/wp-content/uploads/2021/09/busdau-rug-el-anthracite-7.jpg, https://rugshop.eu/wp-content/uploads/2021/09/busdau-rug-el-anthracite-8.jpg, https://rugshop.eu/wp-content/uploads/2021/09/busdau-rug-el-anthracite-9.jpg, https://rugshop.eu/wp-content/uploads/2021/09/busdau-rug-el-anthracite-10.jpg, https://rugshop.eu/wp-content/uploads/2021/09/busdau-rug-el-anthracite-11.jpg",,,,,,,,,202,,,Size,"120x170, 133x190, 160x230, 200x290, 240x300, 60x110",1,1,Brand,D-sign,1,1,Color,Black-Grey,1,1,Type of color,Multicolor,1,1,Shape,Rectangular,1,1,Material,Polypropylene,1,1,Type of rug,Modern,1,1,Weave,Machinemade,1,1,Country,Turkey,1,1,Age,New,1,1,,,,,,,,,,,,,,yes,yes,,,,,,,,,,,,,,,,,,,,,,,,,,,,,
25291,variable,46183935,,Busdau Rug Xay Creme,1,0,visible,Busdau Rug Xay Creme ,Busdau Rug Xay Creme ,,,taxable,,1,,,0,0,,,,,1,,,,"Rooms > Bedroom, Rooms > Entrance & Corridor, Rooms > Living room, Rugs > Modern, Rugs",,,"https://rugshop.eu/wp-content/uploads/2021/09/busdau-rug-xay-creme.jpg, https://rugshop.eu/wp-content/uploads/2021/09/busdau-rug-xay-creme-1.jpg, https://rugshop.eu/wp-content/uploads/2021/09/busdau-rug-xay-creme-2.jpg, https://rugshop.eu/wp-content/uploads/2021/09/busdau-rug-xay-creme-3.jpg, https://rugshop.eu/wp-content/uploads/2021/09/busdau-rug-xay-creme-4.jpg, https://rugshop.eu/wp-content/uploads/2021/09/busdau-rug-xay-creme-5.jpg, https://rugshop.eu/wp-content/uploads/2021/09/busdau-rug-xay-creme-6.jpg, https://rugshop.eu/wp-content/uploads/2021/09/busdau-rug-xay-creme-7.jpg, https://rugshop.eu/wp-content/uploads/2021/09/busdau-rug-xay-creme-8.jpg, https://rugshop.eu/wp-content/uploads/2021/09/busdau-rug-xay-creme-9.jpg, https://rugshop.eu/wp-content/uploads/2021/09/busdau-rug-xay-creme-10.jpg, https://rugshop.eu/wp-content/uploads/2021/09/busdau-rug-xay-creme-11.jpg, https://rugshop.eu/wp-content/uploads/2021/09/busdau-rug-xay-creme-12.jpg, https://rugshop.eu/wp-content/uploads/2021/09/busdau-rug-xay-creme-13.jpg",,,,,,,,,241,,,Size,"120x170, 133x190, 160x230, 200x290, 240x300, 60x110, 80x150",1,1,Brand,D-sign,1,1,Color,White-Beige,1,1,Type of color,Multicolor,1,1,Shape,Rectangular,1,1,Material,Polypropylene,1,1,Type of rug,Modern,1,1,Weave,Machinemade,1,1,Country,Turkey,1,1,Age,New,1,1,,,,,,,,,,,,,,yes,yes,,,,,,,,,,,,,,,,,,,,,,,,,,,,,
25292,variation,54378646,,Busdau Rug Yal Gray/Green/Blue - 60x110,1,0,visible,,Busdau Rug Yal Gray/Green/Blue 60x110,,,taxable,parent,0,0,,0,0,,60,110,1.8,0,,,1036,,,,,,,46183931,,,,,,1,,,Size,60x110,,1,,,,,,,,,,,,,,,,,,,,,,,,,,,,,,,,,,,,,60x110,,,,,,,,,,,,,,,,,,,,,,,,NL8JY-60-110-E,,,,,,,,,,,,,,,,,,,
25293,variation,54378647,,Busdau Rug Yal Gray/Green/Blue - 80x150,1,0,visible,,Busdau Rug Yal Gray/Green/Blue 80x150,,,taxable,parent,0,0,,0,0,,80,150,1.8,0,,,1436,,,,,,,46183931,,,,,,2,,,Size,80x150,,1,,,,,,,,,,,,,,,,,,,,,,,,,,,,,,,,,,,,,80x150,,,,,,,,,,,,,,,,,,,,,,,,NL8JY-80-150-E,,,,,,,,,,,,,,,,,,,
25294,variation,54378650,,Busdau Rug Yal Gray/Green/Blue - 120x170,1,0,visible,,Busdau Rug Yal Gray/Green/Blue 120x170,,,taxable,parent,0,0,,0,0,,120,170,1.8,0,,,2076,,,,,,,46183931,,,,,,3,,,Size,120x170,,1,,,,,,,,,,,,,,,,,,,,,,,,,,,,,,,,,,,,,120x170,,,,,,,,,,,,,,,,,,,,,,,,NL8JY-120-170-E,,,,,,,,,,,,,,,,,,,
25295,variation,54378651,,Busdau Rug Yal Gray/Green/Blue - 133x190,1,0,visible,,Busdau Rug Yal Gray/Green/Blue 133x190,,,taxable,parent,0,0,,0,0,,133,190,1.8,0,,,2396,,,,,,,46183931,,,,,,4,,,Size,133x190,,1,,,,,,,,,,,,,,,,,,,,,,,,,,,,,,,,,,,,,133x190,,,,,,,,,,,,,,,,,,,,,,,,NL8JY-133-190-E,,,,,,,,,,,,,,,,,,,
25296,variation,54378648,,Busdau Rug Yal Gray/Green/Blue - 160x230,1,0,visible,,Busdau Rug Yal Gray/Green/Blue 160x230,,,taxable,parent,0,0,,0,0,,160,230,1.8,0,,,3276,,,,,,,46183931,,,,,,5,,,Size,160x230,,1,,,,,,,,,,,,,,,,,,,,,,,,,,,,,,,,,,,,,160x230,,,,,,,,,,,,,,,,,,,,,,,,NL8JY-160-230-E,,,,,,,,,,,,,,,,,,,
25297,variation,54378649,,Busdau Rug Yal Gray/Green/Blue - 200x290,1,0,visible,,Busdau Rug Yal Gray/Green/Blue 200x290,,,taxable,parent,0,0,,0,0,,200,290,1.8,0,,,4876,,,,,,,46183931,,,,,,6,,,Size,200x290,,1,,,,,,,,,,,,,,,,,,,,,,,,,,,,,,,,,,,,,200x290,,,,,,,,,,,,,,,,,,,,,,,,NL8JY-200-290-E,,,,,,,,,,,,,,,,,,,
25298,variation,54378645,,Busdau Rug Yal Gray/Green/Blue - 240x300,1,0,visible,,Busdau Rug Yal Gray/Green/Blue 240x300,,,taxable,parent,1,4,,0,0,,240,300,1.8,0,,,5916,,,,,,,46183931,,,,,,7,,,Size,240x300,,1,,,,,,,,,,,,,,,,,,,,,,,,,,,,,,,,,,,,,240x300,,,,,,,,,,,,,,,,,,,,,,,,NL8JY-240-300-E,,,,,,,,,,,,,,,,,,,
25315,variation,54378687,,Busdau Rug Sobe Natural - 60x110,1,0,visible,,Busdau Rug Sobe Natural 60x110,,,taxable,parent,0,0,,0,0,,60,110,1.8,0,,,1036,,,,,,,46183932,,,,,,1,,,Size,60x110,,1,,,,,,,,,,,,,,,,,,,,,,,,,,,,,,,,,,,,,60x110,,,,,,,,,,,,,,,,,,,,,,,,BA212-60-110-E,,,,,,,,,,,,,,,,,,,
25316,variation,54378686,,Busdau Rug Sobe Natural - 80x150,1,0,visible,,Busdau Rug Sobe Natural 80x150,,,taxable,parent,0,0,,0,0,,80,150,1.8,0,,,1436,,,,,,,46183932,,,,,,2,,,Size,80x150,,1,,,,,,,,,,,,,,,,,,,,,,,,,,,,,,,,,,,,,80x150,,,,,,,,,,,,,,,,,,,,,,,,BA212-80-150-E,,,,,,,,,,,,,,,,,,,
25317,variation,54378688,,Busdau Rug Sobe Natural - 120x170,1,0,visible,,Busdau Rug Sobe Natural 120x170,,,taxable,parent,0,0,,0,0,,120,170,1.8,0,,,2076,,,,,,,46183932,,,,,,3,,,Size,120x170,,1,,,,,,,,,,,,,,,,,,,,,,,,,,,,,,,,,,,,,120x170,,,,,,,,,,,,,,,,,,,,,,,,BA212-120-170-E,,,,,,,,,,,,,,,,,,,
25318,variation,54378689,,Busdau Rug Sobe Natural - 133x190,1,0,visible,,Busdau Rug Sobe Natural 133x190,,,taxable,parent,0,0,,0,0,,133,190,1.8,0,,,2396,,,,,,,46183932,,,,,,4,,,Size,133x190,,1,,,,,,,,,,,,,,,,,,,,,,,,,,,,,,,,,,,,,133x190,,,,,,,,,,,,,,,,,,,,,,,,BA212-133-190-E,,,,,,,,,,,,,,,,,,,
25319,variation,54378690,,Busdau Rug Sobe Natural - 160x230,1,0,visible,,Busdau Rug Sobe Natural 160x230,,,taxable,parent,0,0,,0,0,,160,230,1.8,0,,,3276,,,,,,,46183932,,,,,,5,,,Size,160x230,,1,,,,,,,,,,,,,,,,,,,,,,,,,,,,,,,,,,,,,160x230,,,,,,,,,,,,,,,,,,,,,,,,BA212-160-230-E,,,,,,,,,,,,,,,,,,,
25320,variation,54378685,,Busdau Rug Sobe Natural - 200x290,1,0,visible,,Busdau Rug Sobe Natural 200x290,,,taxable,parent,0,0,,0,0,,200,290,1.8,0,,,4876,,,,,,,46183932,,,,,,6,,,Size,200x290,,1,,,,,,,,,,,,,,,,,,,,,,,,,,,,,,,,,,,,,200x290,,,,,,,,,,,,,,,,,,,,,,,,BA212-200-290-E,,,,,,,,,,,,,,,,,,,
25321,variation,54378684,,Busdau Rug Sobe Natural - 240x300,1,0,visible,,Busdau Rug Sobe Natural 240x300,,,taxable,parent,1,4,,0,0,,240,300,1.8,0,,,5916,,,,,,,46183932,,,,,,7,,,Size,240x300,,1,,,,,,,,,,,,,,,,,,,,,,,,,,,,,,,,,,,,,240x300,,,,,,,,,,,,,,,,,,,,,,,,BA212-240-300-E,,,,,,,,,,,,,,,,,,,
25337,variation,54378697,,Busdau Rug El Anthracite - 60x110,1,0,visible,,Busdau Rug El Anthracite 60x110,,,taxable,parent,0,0,,0,0,,60,110,1.8,0,,,796,,,,,,,46183933,,,,,,1,,,Size,60x110,,1,,,,,,,,,,,,,,,,,,,,,,,,,,,,,,,,,,,,,60x110,,,,,,,,,,,,,,,,,,,,,,,,TQDQN-60-110-E,,,,,,,,,,,,,,,,,,,
25338,variation,54378699,,Busdau Rug El Anthracite - 120x170,1,0,visible,,Busdau Rug El Anthracite 120x170,,,taxable,parent,0,0,,0,0,,120,170,1.8,0,,,1436,,,,,,,46183933,,,,,,2,,,Size,120x170,,1,,,,,,,,,,,,,,,,,,,,,,,,,,,,,,,,,,,,,120x170,,,,,,,,,,,,,,,,,,,,,,,,TQDQN-120-170-E,,,,,,,,,,,,,,,,,,,
25339,variation,54378695,,Busdau Rug El Anthracite - 133x190,1,0,visible,,Busdau Rug El Anthracite 133x190,,,taxable,parent,0,0,,0,0,,133,190,1.8,0,,,1676,,,,,,,46183933,,,,,,3,,,Size,133x190,,1,,,,,,,,,,,,,,,,,,,,,,,,,,,,,,,,,,,,,133x190,,,,,,,,,,,,,,,,,,,,,,,,TQDQN-133-190-E,,,,,,,,,,,,,,,,,,,
25340,variation,54378698,,Busdau Rug El Anthracite - 160x230,1,0,visible,,Busdau Rug El Anthracite 160x230,,,taxable,parent,0,0,,0,0,,160,230,1.8,0,,,2156,,,,,,,46183933,,,,,,4,,,Size,160x230,,1,,,,,,,,,,,,,,,,,,,,,,,,,,,,,,,,,,,,,160x230,,,,,,,,,,,,,,,,,,,,,,,,TQDQN-160-230-E,,,,,,,,,,,,,,,,,,,
25341,variation,54378696,,Busdau Rug El Anthracite - 200x290,1,0,visible,,Busdau Rug El Anthracite 200x290,,,taxable,parent,0,0,,0,0,,200,290,1.8,0,,,3116,,,,,,,46183933,,,,,,5,,,Size,200x290,,1,,,,,,,,,,,,,,,,,,,,,,,,,,,,,,,,,,,,,200x290,,,,,,,,,,,,,,,,,,,,,,,,TQDQN-200-290-E,,,,,,,,,,,,,,,,,,,
25342,variation,54378694,,Busdau Rug El Anthracite - 240x300,1,0,visible,,Busdau Rug El Anthracite 240x300,,,taxable,parent,1,4,,0,0,,240,300,1.8,0,,,3756,,,,,,,46183933,,,,,,6,,,Size,240x300,,1,,,,,,,,,,,,,,,,,,,,,,,,,,,,,,,,,,,,,240x300,,,,,,,,,,,,,,,,,,,,,,,,TQDQN-240-300-E,,,,,,,,,,,,,,,,,,,
25366,variation,54378724,,Busdau Rug Xay Creme - 60x110,1,0,visible,,Busdau Rug Xay Creme 60x110,,,taxable,parent,0,0,,0,0,,60,110,1.8,0,,,1036,,,,,,,46183935,,,,,,1,,,Size,60x110,,1,,,,,,,,,,,,,,,,,,,,,,,,,,,,,,,,,,,,,60x110,,,,,,,,,,,,,,,,,,,,,,,,9GLC7-60-110-E,,,,,,,,,,,,,,,,,,,
25367,variation,54378723,,Busdau Rug Xay Creme - 80x150,1,0,visible,,Busdau Rug Xay Creme 80x150,,,taxable,parent,0,0,,0,0,,80,150,1.8,0,,,1436,,,,,,,46183935,,,,,,2,,,Size,80x150,,1,,,,,,,,,,,,,,,,,,,,,,,,,,,,,,,,,,,,,80x150,,,,,,,,,,,,,,,,,,,,,,,,9GLC7-80-150-E,,,,,,,,,,,,,,,,,,,
25368,variation,54378719,,Busdau Rug Xay Creme - 120x170,1,0,visible,,Busdau Rug Xay Creme 120x170,,,taxable,parent,0,0,,0,0,,120,170,1.8,0,,,2076,,,,,,,46183935,,,,,,3,,,Size,120x170,,1,,,,,,,,,,,,,,,,,,,,,,,,,,,,,,,,,,,,,120x170,,,,,,,,,,,,,,,,,,,,,,,,9GLC7-120-170-E,,,,,,,,,,,,,,,,,,,
25369,variation,54378722,,Busdau Rug Xay Creme - 133x190,1,0,visible,,Busdau Rug Xay Creme 133x190,,,taxable,parent,0,0,,0,0,,133,190,1.8,0,,,2396,,,,,,,46183935,,,,,,4,,,Size,133x190,,1,,,,,,,,,,,,,,,,,,,,,,,,,,,,,,,,,,,,,133x190,,,,,,,,,,,,,,,,,,,,,,,,9GLC7-133-190-E,,,,,,,,,,,,,,,,,,,
25370,variation,54378721,,Busdau Rug Xay Creme - 160x230,1,0,visible,,Busdau Rug Xay Creme 160x230,,,taxable,parent,0,0,,0,0,,160,230,1.8,0,,,3276,,,,,,,46183935,,,,,,5,,,Size,160x230,,1,,,,,,,,,,,,,,,,,,,,,,,,,,,,,,,,,,,,,160x230,,,,,,,,,,,,,,,,,,,,,,,,9GLC7-160-230-E,,,,,,,,,,,,,,,,,,,
25371,variation,54378720,,Busdau Rug Xay Creme - 200x290,1,0,visible,,Busdau Rug Xay Creme 200x290,,,taxable,parent,0,0,,0,0,,200,290,1.8,0,,,4876,,,,,,,46183935,,,,,,6,,,Size,200x290,,1,,,,,,,,,,,,,,,,,,,,,,,,,,,,,,,,,,,,,200x290,,,,,,,,,,,,,,,,,,,,,,,,9GLC7-200-290-E,,,,,,,,,,,,,,,,,,,
25372,variation,54378718,,Busdau Rug Xay Creme - 240x300,1,0,visible,,Busdau Rug Xay Creme 240x300,,,taxable,parent,1,3,,0,0,,240,300,1.8,0,,,5916,,,,,,,46183935,,,,,,7,,,Size,240x300,,1,,,,,,,,,,,,,,,,,,,,,,,,,,,,,,,,,,,,,240x300,,,,,,,,,,,,,,,,,,,,,,,,9GLC7-240-300-E,,,,,,,,,,,,,,,,,,,
25398,variable,46183942,,Stanfax Rug Mrsy Gray/Anthracite,1,0,hidden,Stanfax Rug Mrsy Gray/Anthracite ,Stanfax Rug Mrsy Gray/Anthracite ,,,taxable,,0,,,0,0,,,,,1,,,,"Rooms > Bedroom, Rooms > Entrance & Corridor, Rugs > Modern, Rugs",,,"https://rugshop.eu/wp-content/uploads/2021/09/stanfax-rug-mrsy-gray-anthracite.jpg, https://rugshop.eu/wp-content/uploads/2021/09/stanfax-rug-mrsy-gray-anthracite-1.jpg, https://rugshop.eu/wp-content/uploads/2021/09/stanfax-rug-mrsy-gray-anthracite-2.jpg, https://rugshop.eu/wp-content/uploads/2021/09/stanfax-rug-mrsy-gray-anthracite-3.jpg, https://rugshop.eu/wp-content/uploads/2021/09/stanfax-rug-mrsy-gray-anthracite-4.jpg, https://rugshop.eu/wp-content/uploads/2021/09/stanfax-rug-mrsy-gray-anthracite-5.jpg",,,,,,,,,5105,,,Size,"140x200, 70x140, 90x160",1,1,Brand,D-sign,1,1,Color,"Black-Grey, Green",1,1,Type of color,Multicolor,1,1,Shape,"Rectangular, Runner",1,1,Material,Acrylic,1,1,Type of rug,Modern,1,1,Weave,Handmade,1,1,Country,China,1,1,Age,New,1,1,,,,,,,,,,,,,1786453128,yes,yes,,,,,,,,,,,,,,,,,,,,,,,,,,,,,
25418,variable,46183944,,Stanfax Rug Frsy Brown/Beige,1,0,hidden,Stanfax Rug Frsy Brown/Beige ,Stanfax Rug Frsy Brown/Beige ,,,taxable,,0,,,0,0,,,,,1,,,,"Rooms > Bedroom, Rooms > Entrance & Corridor, Rooms > Living room, Rugs > Modern, Rugs",,,"https://rugshop.eu/wp-content/uploads/2021/09/stanfax-rug-frsy-brown-beige.jpg, https://rugshop.eu/wp-content/uploads/2021/09/stanfax-rug-frsy-brown-beige-1.jpg, https://rugshop.eu/wp-content/uploads/2021/09/stanfax-rug-frsy-brown-beige-2.jpg, https://rugshop.eu/wp-content/uploads/2021/09/stanfax-rug-frsy-brown-beige-3.jpg, https://rugshop.eu/wp-content/uploads/2021/09/stanfax-rug-frsy-brown-beige-4.jpg, https://rugshop.eu/wp-content/uploads/2021/09/stanfax-rug-frsy-brown-beige-5.jpg",,,,,,,,,5103,,,Size,"120x180, 200x300, 90x160",1,1,Brand,D-sign,1,1,Color,Yellow-Brown,1,1,Type of color,Multicolor,1,1,Shape,Rectangular,1,1,Material,Acrylic,1,1,Type of rug,Modern,1,1,Weave,Handmade,1,1,Country,China,1,1,Age,New,1,1,,,,,,,,,,,,,1786453129,yes,yes,,,,,,,,,,,,,,,,,,,,,,,,,,,,,
25460,variation,54378831,,Stanfax Rug Mrsy Gray/Anthracite - 70x140,1,0,hidden,,Stanfax Rug Mrsy Gray/Anthracite 70x140,,,taxable,parent,0,0,,0,0,,70,140,1,0,,,1276,,,,,,,46183942,,,,,,1,,,Size,70x140,,1,,,,,,,,,,,,,,,,,,,,,,,,,,,,,,,,,,,,,70x140,,,,,,,,,,,,1786453118,,,,,,,,,,,,JA9YK-70-140-E,,,,,,,,,,,,,,,,,,,
25461,variation,54378833,,Stanfax Rug Mrsy Gray/Anthracite - 90x160,1,0,hidden,,Stanfax Rug Mrsy Gray/Anthracite 90x160,,,taxable,parent,0,0,,0,0,,90,160,1,0,,,1596,,,,,,,46183942,,,,,,2,,,Size,90x160,,1,,,,,,,,,,,,,,,,,,,,,,,,,,,,,,,,,,,,,90x160,,,,,,,,,,,,,,,,,,,,,,,,JA9YK-90-160-E,,,,,,,,,,,,,,,,,,,
25462,variation,54378832,,Stanfax Rug Mrsy Gray/Anthracite - 140x200,1,0,hidden,,Stanfax Rug Mrsy Gray/Anthracite 140x200,,,taxable,parent,0,0,,0,0,,140,200,1,0,,,2556,,,,,,,46183942,,,,,,3,,,Size,140x200,,1,,,,,,,,,,,,,,,,,,,,,,,,,,,,,,,,,,,,,140x200,,,,,,,,,,,,,,,,,,,,,,,,JA9YK-140-200-E,,,,,,,,,,,,,,,,,,,
25484,variation,54378847,,Stanfax Rug Frsy Brown/Beige - 90x160,1,0,hidden,,Stanfax Rug Frsy Brown/Beige 90x160,,,taxable,parent,0,0,,0,0,,90,160,1,0,,,1596,,,,,,,46183944,,,,,,1,,,Size,90x160,,1,,,,,,,,,,,,,,,,,,,,,,,,,,,,,,,,,,,,,90x160,,,,,,,,,,,,1786453119,,,,,,,,,,,,YS4P3-90-160,,,,,,,,,,,,,,,,,,,
25485,variation,54378846,,Stanfax Rug Frsy Brown/Beige - 120x180,1,0,hidden,,Stanfax Rug Frsy Brown/Beige 120x180,,,taxable,parent,0,0,,0,0,,120,180,1,0,,,2156,,,,,,,46183944,,,,,,2,,,Size,120x180,,1,,,,,,,,,,,,,,,,,,,,,,,,,,,,,,,,,,,,,120x180,,,,,,,,,,,,1786453118,,,,,,,,,,,,YS4P3-120-180,,,,,,,,,,,,,,,,,,,
25486,variation,54378845,,Stanfax Rug Frsy Brown/Beige - 200x300,1,0,hidden,,Stanfax Rug Frsy Brown/Beige 200x300,,,taxable,parent,0,0,,0,0,,200,300,1,0,,,4956,,,,,,,46183944,,,,,,3,,,Size,200x300,,1,,,,,,,,,,,,,,,,,,,,,,,,,,,,,,,,,,,,,200x300,,,,,,,,,,,,,,,,,,,,,,,,YS4P3-200-300,,,,,,,,,,,,,,,,,,,
25583,variable,46183957,,Gerston Rug Hor Red/Black,1,0,hidden,Gerston Rug Hor Red/Black,Gerston Rug Hor Red/Black,,,taxable,,0,,,0,0,,,,,0,,,,"Rooms > Bedroom, Rooms > Entrance & Corridor, Rooms > Living room, Rugs > Modern, Rugs, Rugs > Shaggy",,,"https://rugshop.eu/wp-content/uploads/2021/09/gerston-rug-hor-red-black.jpg, https://rugshop.eu/wp-content/uploads/2021/09/gerston-rug-hor-red-black-1.jpg, https://rugshop.eu/wp-content/uploads/2021/09/gerston-rug-hor-red-black-2.jpg",,,,,,,,,2945,,,Size,"120x170, 160x230, 67x105",1,1,Brand,D-sign,1,1,Color,Red,1,1,Type of color,Multicolor,1,1,Shape,Rectangular,1,1,Material,Polypropylene,1,1,Type of rug,"Modern, Rya / Shaggy",1,1,Weave,Machinemade,1,1,Country,Turkey,1,1,Age,New,1,1,,,,,default,default,default,default,,,90,1,1786453130,yes,yes,,,,,,,,,,,,,,,,,,,,,,,,,,,,,
25643,variation,54378923,,Gerston Rug Hor Red/Black - 67x105,1,0,hidden,,Gerston Rug Hor Red/Black 67x105,,,taxable,parent,0,0,,0,0,,67,105,4,0,,358,716,,,,,,,46183957,,,,,,1,,,Size,67x105,,1,,,,,,,,,,,,,,,,,,,,,,,,,,,,,,,,,,,,,67x105,,,,,,,,,,,,1786453119,,,,,,,,,,,,D6E6J-67-105-E,,,,,,,,,,,,,,,,,,,
25644,variation,54378922,,Gerston Rug Hor Red/Black - 120x170,1,0,hidden,,Gerston Rug Hor Red/Black 120x170,,,taxable,parent,0,0,,0,0,,120,170,4,0,,558,1116,,,,,,,46183957,,,,,,2,,,Size,120x170,,1,,,,,,,,,,,,,,,,,,,,,,,,,,,,,,,,,,,,,120x170,,,,,,,,,,,,,,,,,,,,,,,,D6E6J-120-170-E,,,,,,,,,,,,,,,,,,,
25645,variation,54378924,,Gerston Rug Hor Red/Black - 160x230,1,0,hidden,,Gerston Rug Hor Red/Black 160x230,,,taxable,parent,0,0,,0,0,,160,230,4,0,,798,1596,,,,,,,46183957,,,,,,3,,,Size,160x230,,1,,,,,,,,,,,,,,,,,,,,,,,,,,,,,,,,,,,,,160x230,,,,,,,,,,,,,,,,,,,,,,,,D6E6J-160-230-E,,,,,,,,,,,,,,,,,,,
25769,variable,46183969,,Ibylos Rug Su Multicolor,1,0,visible,Ibylos Rug Su Multicolor,Ibylos Rug Su Multicolor,,,taxable,,1,,,0,0,,,,,0,,,,"Rooms > Bedroom, Rooms > Entrance & Corridor, Rooms > Living room, Rugs > Modern, Rugs, Rugs > Shaggy",,,"https://rugshop.eu/wp-content/uploads/2021/09/ibylos-rug-su-multicolor.jpg, https://rugshop.eu/wp-content/uploads/2021/09/ibylos-rug-su-multicolor-1.jpg, https://rugshop.eu/wp-content/uploads/2021/09/ibylos-rug-su-multicolor-2.jpg",,,,,,,,,4535,,,Size,"120x180, 140x200, 170x240, 200x300, 70x140, 90x160",1,1,Brand,D-sign,1,1,Color,"Black-Grey, Green",1,1,Type of color,Multicolor,1,1,Shape,"Rectangular, Runner",1,1,Material,Polypropylene,1,1,Type of rug,"Modern, Rya / Shaggy",1,1,Weave,Handmade,1,1,Country,China,1,1,Age,New,1,1,,,,,default,default,default,default,,,90,1,,yes,yes,,,,,,,,,,,,,,,,,,,,,,,,,,,,,
25825,variable,46183972,,Saint Rug Woham White,1,0,visible,Saint Rug Woham White,Saint Rug Woham White,,,taxable,,1,,,0,0,,,,,0,,,,"Rooms > Bedroom, Rooms > Living room, Rugs > Modern, Rugs, Rugs > Shaggy",,,"https://rugshop.eu/wp-content/uploads/2021/09/saint-rug-woham-white.jpg, https://rugshop.eu/wp-content/uploads/2021/09/saint-rug-woham-white-1.jpg, https://rugshop.eu/wp-content/uploads/2021/09/saint-rug-woham-white-2.jpg",,,,,,,,,5000,,,Size,"120x170, 160x230, 200x290, 60x110, 80x150",1,1,Brand,D-sign,1,1,Color,White-Beige,1,1,Type of color,Singlecolor,1,1,Shape,Rectangular,1,1,Material,Polyester,1,1,Type of rug,"Modern, Rya / Shaggy",1,1,Weave,Machinemade,1,1,Country,China,1,1,Age,New,1,1,,,,,default,default,default,default,,,90,1,,yes,yes,,,,,,,,,,,,,,,,,,,,,,,,,,,,,
25826,variable,46183973,,Saint Rug Woham Violet,1,0,hidden,Saint Rug Woham Violet,Saint Rug Woham Violet,,,taxable,,0,,,0,0,,,,,0,,,,"Rooms > Bedroom, Rooms > Living room, Rugs > Modern, Rugs, Rugs > Shaggy",,,"https://rugshop.eu/wp-content/uploads/2021/09/saint-rug-woham-violet.jpg, https://rugshop.eu/wp-content/uploads/2021/09/saint-rug-woham-violet-1.jpg, https://rugshop.eu/wp-content/uploads/2021/09/saint-rug-woham-violet-2.jpg",,,,,,,,,4999,,,Size,"120x170, 160x230, 200x290, 60x110, 80x150",1,1,Brand,D-sign,1,1,Color,Pink-Purple,1,1,Type of color,Singlecolor,1,1,Shape,Rectangular,1,1,Material,Polypropylene,1,1,Type of rug,"Modern, Rya / Shaggy",1,1,Weave,Machinemade,1,1,Country,China,1,1,Age,New,1,1,,,,,default,default,default,default,,,90,1,1786453132,yes,yes,,,,,,,,,classic-editor,,,,,,,,,,,,,,,,,,,,
25827,variation,54379822,,Ibylos Rug Su Multicolor - 70x140,1,0,visible,,Ibylos Rug Su Multicolor 70x140,,,taxable,parent,0,0,,0,0,,70,140,1,0,,638,1276,,,,,,,46183969,,,,,,1,,,Size,70x140,,1,,,,,,,,,,,,,,,,,,,,,,,,,,,,,,,,,,,,,70x140,,,,,,,,,,,,,,,,,,,,,,,,F3YTJ-70-140-E,,,,,,,,,,,,,,,,,,,
25828,variation,54379821,,Ibylos Rug Su Multicolor - 90x160,1,0,visible,,Ibylos Rug Su Multicolor 90x160,,,taxable,parent,0,0,,0,0,,90,160,1,0,,838,1676,,,,,,,46183969,,,,,,2,,,Size,90x160,,1,,,,,,,,,,,,,,,,,,,,,,,,,,,,,,,,,,,,,90x160,,,,,,,,,,,,1786453119,,,,,,,,,,,,F3YTJ-90-160-E,,,,,,,,,,,,,,,,,,,
25829,variation,54379825,,Ibylos Rug Su Multicolor - 120x180,1,0,visible,,Ibylos Rug Su Multicolor 120x180,,,taxable,parent,0,0,,0,0,,120,180,1,0,,1078,2156,,,,,,,46183969,,,,,,3,,,Size,120x180,,1,,,,,,,,,,,,,,,,,,,,,,,,,,,,,,,,,,,,,120x180,,,,,,,,,,,,1786453120,,,,,,,,,,,,F3YTJ-120-180-E,,,,,,,,,,,,,,,,,,,
25830,variation,54379823,,Ibylos Rug Su Multicolor - 140x200,1,0,visible,,Ibylos Rug Su Multicolor 140x200,,,taxable,parent,0,0,,0,0,,140,200,1,0,,1358,2716,,,,,,,46183969,,,,,,4,,,Size,140x200,,1,,,,,,,,,,,,,,,,,,,,,,,,,,,,,,,,,,,,,140x200,,,,,,,,,,,,,,,,,,,,,,,,F3YTJ-140-200-E,,,,,,,,,,,,,,,,,,,
25831,variation,54379826,,Ibylos Rug Su Multicolor - 170x240,1,0,visible,,Ibylos Rug Su Multicolor 170x240,,,taxable,parent,0,0,,0,0,,170,240,1,0,,1838,3676,,,,,,,46183969,,,,,,5,,,Size,170x240,,1,,,,,,,,,,,,,,,,,,,,,,,,,,,,,,,,,,,,,170x240,,,,,,,,,,,,1786453120,,,,,,,,,,,,F3YTJ-170-240-E,,,,,,,,,,,,,,,,,,,
25832,variation,54379824,,Ibylos Rug Su Multicolor - 200x300,1,0,visible,,Ibylos Rug Su Multicolor 200x300,,,taxable,parent,1,2,,0,0,,200,300,1,0,,2558,5116,,,,,,,46183969,,,,,,6,,,Size,200x300,,1,,,,,,,,,,,,,,,,,,,,,,,,,,,,,,,,,,,,,200x300,,,,,,,,,,,,,,,,,,,,,,,,F3YTJ-200-300-E,,,,,,,,,,,,,,,,,,,
25878,variation,54497939,,Saint Rug Woham White - 60x110,1,0,visible,,Saint Rug Woham White 60x110,,,taxable,parent,0,0,,0,0,,60,110,4.5,0,,478,956,,,,,,,46183972,,,,,,1,,,Size,60x110,,1,,,,,,,,,,,,,,,,,,,,,,,,,,,,,,,,,,,,,60x110,,,,,,,,,,,,,,,,,,,,,,,,K2MJT-60-110-E,,,,,,,,,,,,,,,,,,,
25879,variation,54497937,,Saint Rug Woham White - 80x150,1,0,visible,,Saint Rug Woham White 80x150,,,taxable,parent,0,0,,0,0,,80,150,4.5,0,,678,1356,,,,,,,46183972,,,,,,2,,,Size,80x150,,1,,,,,,,,,,,,,,,,,,,,,,,,,,,,,,,,,,,,,80x150,,,,,,,,,,,,,,,,,,,,,,,,K2MJT-80-150-E,,,,,,,,,,,,,,,,,,,
25880,variation,54497940,,Saint Rug Woham White - 120x170,1,0,visible,,Saint Rug Woham White 120x170,,,taxable,parent,1,2,,0,0,,120,170,4.5,0,,918,1836,,,,,,,46183972,,,,,,3,,,Size,120x170,,1,,,,,,,,,,,,,,,,,,,,,,,,,,,,,,,,,,,,,120x170,,,,,,,,,,,,,,,,,,,,,,,,K2MJT-120-170-E,,,,,,,,,,,,,,,,,,,
25881,variation,54497938,,Saint Rug Woham White - 160x230,1,0,visible,,Saint Rug Woham White 160x230,,,taxable,parent,0,0,,0,0,,160,230,4.5,0,,1478,2956,,,,,,,46183972,,,,,,4,,,Size,160x230,,1,,,,,,,,,,,,,,,,,,,,,,,,,,,,,,,,,,,,,160x230,,,,,,,,,,,,,,,,,,,,,,,,K2MJT-160-230-E,,,,,,,,,,,,,,,,,,,
25882,variation,54497936,,Saint Rug Woham White - 200x290,1,0,visible,,Saint Rug Woham White 200x290,,,taxable,parent,0,0,,0,0,,200,290,4.5,0,,2158,4316,,,,,,,46183972,,,,,,5,,,Size,200x290,,1,,,,,,,,,,,,,,,,,,,,,,,,,,,,,,,,,,,,,200x290,,,,,,,,,,,,,,,,,,,,,,,,K2MJT-200-290-E,,,,,,,,,,,,,,,,,,,
25896,variation,54497942,,Saint Rug Woham Violet - 60x110,1,0,hidden,,Saint Rug Woham Violet 60x110,,,taxable,parent,0,0,,0,0,,60,110,4.5,0,,478,956,,,,,,,46183973,,,,,,1,,,Size,60x110,,1,,,,,,,,,,,,,,,,,,,,,,,,,,,,,,,,,,,,,60x110,,,,,,,,,,,,,,,,,,,,,,,,HCWU9-60-110-E,,,,,,,,,,,,,,,,,,,
25897,variation,54497943,,Saint Rug Woham Violet - 80x150,1,0,hidden,,Saint Rug Woham Violet 80x150,,,taxable,parent,0,0,,0,0,,80,150,4.5,0,,678,1356,,,,,,,46183973,,,,,,2,,,Size,80x150,,1,,,,,,,,,,,,,,,,,,,,,,,,,,,,,,,,,,,,,80x150,,,,,,,,,,,,,,,,,,,,,,,,HCWU9-80-150-E,,,,,,,,,,,,,,,,,,,
25898,variation,54497944,,Saint Rug Woham Violet - 120x170,1,0,hidden,,Saint Rug Woham Violet 120x170,,,taxable,parent,0,0,,0,0,,120,170,4.5,0,,918,1836,,,,,,,46183973,,,,,,3,,,Size,120x170,,1,,,,,,,,,,,,,,,,,,,,,,,,,,,,,,,,,,,,,120x170,,,,,,,,,,,,1786453120,,,,,,,,,,,,HCWU9-120-170-E,,,,,,,,,,,,,,,,,,,
25899,variation,54497946,,Saint Rug Woham Violet - 160x230,1,0,hidden,,Saint Rug Woham Violet 160x230,,,taxable,parent,0,0,,0,0,,160,230,4.5,0,,1478,2956,,,,,,,46183973,,,,,,4,,,Size,160x230,,1,,,,,,,,,,,,,,,,,,,,,,,,,,,,,,,,,,,,,160x230,,,,,,,,,,,,,,,,,,,,,,,,HCWU9-160-230-E,,,,,,,,,,,,,,,,,,,
25900,variation,54497945,,Saint Rug Woham Violet - 200x290,1,0,hidden,,Saint Rug Woham Violet 200x290,,,taxable,parent,0,0,,0,0,,200,290,4.5,0,,2158,4316,,,,,,,46183973,,,,,,5,,,Size,200x290,,1,,,,,,,,,,,,,,,,,,,,,,,,,,,,,,,,,,,,,200x290,,,,,,,,,,,,,,,,,,,,,,,,HCWU9-200-290-E,,,,,,,,,,,,,,,,,,,
25928,variable,46183978,,Saint Rug Woham Brown,1,0,hidden,Saint Rug Woham Brown,Saint Rug Woham Brown,,,taxable,,0,,,0,0,,,,,0,,,,"Rooms > Bedroom, Rooms > Living room, Rugs > Modern, Rugs, Rugs > Shaggy",,,"https://rugshop.eu/wp-content/uploads/2021/09/saint-rug-woham-brown.jpg, https://rugshop.eu/wp-content/uploads/2021/09/saint-rug-woham-brown-1.jpg, https://rugshop.eu/wp-content/uploads/2021/09/saint-rug-woham-brown-2.jpg",,,,,,,,,4993,,,Size,"120x170, 160x230, 200x290, 60x110, 80x150",1,1,Brand,D-sign,1,1,Color,White-Beige,1,1,Type of color,Singlecolor,1,1,Shape,Rectangular,1,1,Material,Polypropylene,1,1,Type of rug,"Modern, Rya / Shaggy",1,1,Weave,Machinemade,1,1,Country,China,1,1,Age,New,1,1,,,,,default,default,default,default,,,90,1,1786453134,yes,yes,,,,,,,,,,,,,,,,,,,,,,,,,,,,,
25930,variable,46183980,,Chien Rug Dro Multicolor,1,0,visible,Chien Rug Dro Multicolor ,Chien Rug Dro Multicolor ,,,taxable,,1,,,0,0,,,,,1,,,,"Rooms > Bedroom, Rooms > Entrance & Corridor, Rooms > Living room, Rugs > Modern, Rugs",,,"https://rugshop.eu/wp-content/uploads/2021/09/chien-rug-dro-multicolor.jpg, https://rugshop.eu/wp-content/uploads/2021/09/chien-rug-dro-multicolor-1.jpg, https://rugshop.eu/wp-content/uploads/2021/09/chien-rug-dro-multicolor-2.jpg, https://rugshop.eu/wp-content/uploads/2021/09/chien-rug-dro-multicolor-3.jpg, https://rugshop.eu/wp-content/uploads/2021/09/chien-rug-dro-multicolor-4.jpg, https://rugshop.eu/wp-content/uploads/2021/09/chien-rug-dro-multicolor-5.jpg",,,,,,,,,267,,,Size,"120x180, 200x200, 90x160",1,1,Brand,D-sign,1,1,Color,"Green, Red",1,1,Type of color,Multicolor,1,1,Shape,Rectangular,1,1,Material,Polypropylene,1,1,Type of rug,Modern,1,1,Weave,Machinemade,1,1,Country,China,1,1,Age,New,1,1,,,,,,,,,,,,,,yes,yes,,,,,,,,,,,,,,,,,,,,,,,,,,,,,
25978,variation,54497986,,Saint Rug Woham Brown - 60x110,1,0,hidden,,Saint Rug Woham Brown 60x110,,,taxable,parent,0,0,,0,0,,60,110,4.5,0,,478,956,,,,,,,46183978,,,,,,1,,,Size,60x110,,1,,,,,,,,,,,,,,,,,,,,,,,,,,,,,,,,,,,,,60x110,,,,,,,,,,,,,,,,,,,,,,,,XMPM9-60-110-E,,,,,,,,,,,,,,,,,,,
25979,variation,54497985,,Saint Rug Woham Brown - 80x150,1,0,hidden,,Saint Rug Woham Brown 80x150,,,taxable,parent,0,0,,0,0,,80,150,4.5,0,,678,1356,,,,,,,46183978,,,,,,2,,,Size,80x150,,1,,,,,,,,,,,,,,,,,,,,,,,,,,,,,,,,,,,,,80x150,,,,,,,,,,,,,,,,,,,,,,,,XMPM9-80-150-E,,,,,,,,,,,,,,,,,,,
25980,variation,54497987,,Saint Rug Woham Brown - 120x170,1,0,hidden,,Saint Rug Woham Brown 120x170,,,taxable,parent,0,0,,0,0,,120,170,4.5,0,,918,1836,,,,,,,46183978,,,,,,3,,,Size,120x170,,1,,,,,,,,,,,,,,,,,,,,,,,,,,,,,,,,,,,,,120x170,,,,,,,,,,,,,,,,,,,,,,,,XMPM9-120-170-E,,,,,,,,,,,,,,,,,,,
25981,variation,54497989,,Saint Rug Woham Brown - 160x230,1,0,hidden,,Saint Rug Woham Brown 160x230,,,taxable,parent,0,0,,0,0,,160,230,4.5,0,,1478,2956,,,,,,,46183978,,,,,,4,,,Size,160x230,,1,,,,,,,,,,,,,,,,,,,,,,,,,,,,,,,,,,,,,160x230,,,,,,,,,,,,1786453121,,,,,,,,,,,,XMPM9-160-230-E,,,,,,,,,,,,,,,,,,,
25982,variation,54497988,,Saint Rug Woham Brown - 200x290,1,0,hidden,,Saint Rug Woham Brown 200x290,,,taxable,parent,0,0,,0,0,,200,290,4.5,0,,2158,4316,,,,,,,46183978,,,,,,5,,,Size,200x290,,1,,,,,,,,,,,,,,,,,,,,,,,,,,,,,,,,,,,,,200x290,,,,,,,,,,,,,,,,,,,,,,,,XMPM9-200-290-E,,,,,,,,,,,,,,,,,,,
26005,variation,54498220,,Chien Rug Dro Multicolor - 90x160,1,0,visible,,Chien Rug Dro Multicolor 90x160,,,taxable,parent,0,0,,0,0,,90,160,3,0,,,1516,,,,,,,46183980,,,,,,1,,,Size,90x160,,1,,,,,,,,,,,,,,,,,,,,,,,,,,,,,,,,,,,,,90x160,,,,,,,,,,,,,,,,,,,,,,,,K6KMM-90-160-E,,,,,,,,,,,,,,,,,,,
26006,variation,54498219,,Chien Rug Dro Multicolor - 120x180,1,0,visible,,Chien Rug Dro Multicolor 120x180,,,taxable,parent,0,0,,0,0,,120,180,3,0,,,1996,,,,,,,46183980,,,,,,2,,,Size,120x180,,1,,,,,,,,,,,,,,,,,,,,,,,,,,,,,,,,,,,,,120x180,,,,,,,,,,,,,,,,,,,,,,,,K6KMM-120-180-E,,,,,,,,,,,,,,,,,,,
26007,variation,54498221,,Chien Rug Dro Multicolor - 200x200,1,0,visible,,Chien Rug Dro Multicolor 200x200,,,taxable,parent,1,3,,0,0,,200,200,3,0,,,3196,,,,,,,46183980,,,,,,3,,,Size,200x200,,1,,,,,,,,,,,,,,,,,,,,,,,,,,,,,,,,,,,,,200x200,,,,,,,,,,,,,,,,,,,,,,,,K6KMM-200-200-E,,,,,,,,,,,,,,,,,,,
26060,variable,46183992,,Bridter Rug Loe Orange,1,0,hidden,Bridter Rug Loe Orange ,Bridter Rug Loe Orange ,,,taxable,,0,,,0,0,,,,,1,,,,"Rooms > Bedroom, Rooms > Living room, Rugs > Modern, Rugs",,,"https://rugshop.eu/wp-content/uploads/2021/09/bridter-rug-loe-orange.jpg, https://rugshop.eu/wp-content/uploads/2021/09/bridter-rug-loe-orange-1.jpg, https://rugshop.eu/wp-content/uploads/2021/09/bridter-rug-loe-orange-2.jpg, https://rugshop.eu/wp-content/uploads/2021/09/bridter-rug-loe-orange-3.jpg, https://rugshop.eu/wp-content/uploads/2021/09/bridter-rug-loe-orange-4.jpg, https://rugshop.eu/wp-content/uploads/2021/09/bridter-rug-loe-orange-5.jpg",,,,,,,,,178,,,Size,"120x180, 140x200, 160x230",1,1,Brand,D-sign,1,1,Color,Red,1,1,Type of color,Singlecolor,1,1,Shape,Rectangular,1,1,Material,Polypropylene,1,1,Type of rug,Modern,1,1,Weave,Machinemade,1,1,Country,China,1,1,Age,New,1,1,,,,,,,,,,,,,1786453135,yes,yes,,,,,,,,,classic-editor,,,,,,,,,,,,,,,,,,,,
26061,variable,46183993,,Bridter Rug Loe Green,1,0,hidden,Bridter Rug Loe Green ,Bridter Rug Loe Green ,,,taxable,,0,,,0,0,,,,,1,,,,"Rooms > Bedroom, Rooms > Living room, Rugs > Modern, Rugs",,,"https://rugshop.eu/wp-content/uploads/2021/09/bridter-rug-loe-green.jpg, https://rugshop.eu/wp-content/uploads/2021/09/bridter-rug-loe-green-1.jpg, https://rugshop.eu/wp-content/uploads/2021/09/bridter-rug-loe-green-2.jpg, https://rugshop.eu/wp-content/uploads/2021/09/bridter-rug-loe-green-3.jpg, https://rugshop.eu/wp-content/uploads/2021/09/bridter-rug-loe-green-4.jpg, https://rugshop.eu/wp-content/uploads/2021/09/bridter-rug-loe-green-5.jpg",,,,,,,,,177,,,Size,"120x180, 140x200, 160x230",1,1,Brand,D-sign,1,1,Color,Green,1,1,Type of color,Singlecolor,1,1,Shape,Rectangular,1,1,Material,Polypropylene,1,1,Type of rug,Modern,1,1,Weave,Machinemade,1,1,Country,China,1,1,Age,New,1,1,,,,,,,,,,,,,1786453136,yes,yes,,,,,,,,,,,,,,,,,,,,,,,,,,,,,
26111,variable,46183998,,Derna Rug Vew Darkgray/Dusty Pink,1,0,visible,Derna Rug Vew Darkgray/Dusty Pink ,Derna Rug Vew Darkgray/Dusty Pink ,,,taxable,,1,,,0,0,,,,,1,,,,"Rooms > Bedroom, Rooms > Living room, Rugs > Modern, Rugs",,,"https://rugshop.eu/wp-content/uploads/2021/09/derna-rug-vew-darkgray-dusty-pink.jpg, https://rugshop.eu/wp-content/uploads/2021/09/derna-rug-vew-darkgray-dusty-pink-1.jpg, https://rugshop.eu/wp-content/uploads/2021/09/derna-rug-vew-darkgray-dusty-pink-2.jpg, https://rugshop.eu/wp-content/uploads/2021/09/derna-rug-vew-darkgray-dusty-pink-3.jpg, https://rugshop.eu/wp-content/uploads/2021/09/derna-rug-vew-darkgray-dusty-pink-4.jpg, https://rugshop.eu/wp-content/uploads/2021/09/derna-rug-vew-darkgray-dusty-pink-5.jpg",,,,,,,,,2774,,,Size,"120x180, 140x200, 170x240",1,1,Brand,D-sign,1,1,Color,"Black-Grey, Pink-Purple",1,1,Type of color,Multicolor,1,1,Shape,Rectangular,1,1,Material,Wool,1,1,Type of rug,Modern,1,1,Weave,Handmade,1,1,Country,India,1,1,Age,New,1,1,,,,,,,,,,,,,,yes,yes,,,,,,,,,,,,,,,,,,,,,,,,,,,,,
26112,variable,46183999,,Derna Rug Hew Multicolor/Blue,1,0,visible,Derna Rug Hew Multicolor/Blue ,Derna Rug Hew Multicolor/Blue ,,,taxable,,1,,,0,0,,,,,1,,,,"Rooms > Bedroom, Rooms > Living room, Rugs > Modern, Rugs",,,"https://rugshop.eu/wp-content/uploads/2021/09/derna-rug-hew-multicolor-blue.jpg, https://rugshop.eu/wp-content/uploads/2021/09/derna-rug-hew-multicolor-blue-1.jpg, https://rugshop.eu/wp-content/uploads/2021/09/derna-rug-hew-multicolor-blue-2.jpg, https://rugshop.eu/wp-content/uploads/2021/09/derna-rug-hew-multicolor-blue-3.jpg",,,,,,,,,2769,,,Size,"140x200, 170x240",1,1,Brand,D-sign,1,1,Color,Blue,1,1,Type of color,Multicolor,1,1,Shape,Rectangular,1,1,Material,Wool,1,1,Type of rug,Modern,1,1,Weave,Handmade,1,1,Country,India,1,1,Age,New,1,1,,,,,,,,,,,,,,yes,yes,,,,,,,,,,,,,,,,,,,,,,,,,,,,,
26113,variation,54498338,,Bridter Rug Loe Orange - 120x180,1,0,hidden,,Bridter Rug Loe Orange 120x180,,,taxable,parent,0,0,,0,0,,120,180,3,0,,,1916,,,,,,,46183992,,,,,,1,,,Size,120x180,,1,,,,,,,,,,,,,,,,,,,,,,,,,,,,,,,,,,,,,120x180,,,,,,,,,,,,,,,,,,,,,,,,SL4FP-120-180-E,,,,,,,,,,,,,,,,,,,
26114,variation,54498337,,Bridter Rug Loe Orange - 140x200,1,0,hidden,,Bridter Rug Loe Orange 140x200,,,taxable,parent,0,0,,0,0,,140,200,3,0,,,2236,,,,,,,46183992,,,,,,2,,,Size,140x200,,1,,,,,,,,,,,,,,,,,,,,,,,,,,,,,,,,,,,,,140x200,,,,,,,,,,,,,,,,,,,,,,,,SL4FP-140-200-E,,,,,,,,,,,,,,,,,,,
26115,variation,54498336,,Bridter Rug Loe Orange - 160x230,1,0,hidden,,Bridter Rug Loe Orange 160x230,,,taxable,parent,0,0,,0,0,,160,230,3,0,,,2796,,,,,,,46183992,,,,,,3,,,Size,160x230,,1,,,,,,,,,,,,,,,,,,,,,,,,,,,,,,,,,,,,,160x230,,,,,,,,,,,,1786453121,,,,,,,,,,,,SL4FP-160-230-E,,,,,,,,,,,,,,,,,,,
26123,variation,54498341,,Bridter Rug Loe Green - 120x180,1,0,hidden,,Bridter Rug Loe Green 120x180,,,taxable,parent,0,0,,0,0,,120,180,3,0,,,1916,,,,,,,46183993,,,,,,1,,,Size,120x180,,1,,,,,,,,,,,,,,,,,,,,,,,,,,,,,,,,,,,,,120x180,,,,,,,,,,,,1786453122,,,,,,,,,,,,PN7NI-120-180-E,,,,,,,,,,,,,,,,,,,
26124,variation,54498342,,Bridter Rug Loe Green - 140x200,1,0,hidden,,Bridter Rug Loe Green 140x200,,,taxable,parent,0,0,,0,0,,140,200,3,0,,,2236,,,,,,,46183993,,,,,,2,,,Size,140x200,,1,,,,,,,,,,,,,,,,,,,,,,,,,,,,,,,,,,,,,140x200,,,,,,,,,,,,,,,,,,,,,,,,PN7NI-140-200-E,,,,,,,,,,,,,,,,,,,
26125,variation,54498343,,Bridter Rug Loe Green - 160x230,1,0,hidden,,Bridter Rug Loe Green 160x230,,,taxable,parent,0,0,,0,0,,160,230,3,0,,,2796,,,,,,,46183993,,,,,,3,,,Size,160x230,,1,,,,,,,,,,,,,,,,,,,,,,,,,,,,,,,,,,,,,160x230,,,,,,,,,,,,,,,,,,,,,,,,PN7NI-160-230-E,,,,,,,,,,,,,,,,,,,
26133,variable,46184000,,Derna Rug Mew Multicolor/Brown,1,0,hidden,Derna Rug Mew Multicolor/Brown ,Derna Rug Mew Multicolor/Brown ,,,taxable,,0,,,0,0,,,,,1,,,,"Rooms > Bedroom, Rooms > Living room, Rugs > Modern, Rugs",,,"https://rugshop.eu/wp-content/uploads/2021/09/derna-rug-mew-multicolor-brown.jpg, https://rugshop.eu/wp-content/uploads/2021/09/derna-rug-mew-multicolor-brown-1.jpg, https://rugshop.eu/wp-content/uploads/2021/09/derna-rug-mew-multicolor-brown-2.jpg, https://rugshop.eu/wp-content/uploads/2021/09/derna-rug-mew-multicolor-brown-3.jpg",,,,,,,,,2772,,,Size,"120x180, 170x240",1,1,Brand,D-sign,1,1,Color,Yellow-Brown,1,1,Type of color,Multicolor,1,1,Shape,Rectangular,1,1,Material,Wool,1,1,Type of rug,Modern,1,1,Weave,Handmade,1,1,Country,India,1,1,Age,New,1,1,,,,,,,,,,,,,1786453137,yes,yes,,,,,,,,,,,,,,,,,,,,,,,,,,,,,
26134,variable,46184001,,Keren Rug Mend Multicolor/Black,1,0,hidden,Keren Rug Mend Multicolor/Black ,Keren Rug Mend Multicolor/Black ,,,taxable,,0,,,0,0,,,,,1,,,,"Rooms > Bedroom, Rooms > Living room, Rugs > Modern, Rugs",,,"https://rugshop.eu/wp-content/uploads/2021/09/keren-rug-mend-multicolor-black.jpg, https://rugshop.eu/wp-content/uploads/2021/09/keren-rug-mend-multicolor-black-1.jpg, https://rugshop.eu/wp-content/uploads/2021/09/keren-rug-mend-multicolor-black-2.jpg, https://rugshop.eu/wp-content/uploads/2021/09/keren-rug-mend-multicolor-black-3.jpg",,,,,,,,,4577,,,Size,"140x200, 170x240",1,1,Brand,D-sign,1,1,Color,Black-Grey,1,1,Type of color,Multicolor,1,1,Shape,Rectangular,1,1,Material,Wool,1,1,Type of rug,Modern,1,1,Weave,Machinemade,1,1,Country,India,1,1,Age,New,1,1,,,,,,,,,,,,,1786453139,yes,yes,,,,,,,,,,,,,,,,,,,,,,,,,,,,,
26155,variable,46184002,,Keren Rug Bend Multicolor,1,0,visible,Keren Rug Bend Multicolor ,Keren Rug Bend Multicolor ,,,taxable,,1,,,0,0,,,,,1,,,,"Rooms > Bedroom, Rugs > Modern, Rugs",,,"https://rugshop.eu/wp-content/uploads/2021/09/keren-rug-bend-multicolor.jpg, https://rugshop.eu/wp-content/uploads/2021/09/keren-rug-bend-multicolor-1.jpg, https://rugshop.eu/wp-content/uploads/2021/09/keren-rug-bend-multicolor-2.jpg, https://rugshop.eu/wp-content/uploads/2021/09/keren-rug-bend-multicolor-3.jpg",,,,,,,,,4575,,,Size,"120x180, 140x200",1,1,Brand,D-sign,1,1,Color,"Blue, Red",1,1,Type of color,Multicolor,1,1,Shape,Rectangular,1,1,Material,Wool,1,1,Type of rug,Modern,1,1,Weave,Machinemade,1,1,Country,India,1,1,Age,New,1,1,,,,,,,,,,,,,,yes,yes,,,,,,,,,,,,,,,,,,,,,,,,,,,,,
26156,variable,46184003,,Keren Rug Dend Multicolor,1,0,hidden,Keren Rug Dend Multicolor ,Keren Rug Dend Multicolor ,,,taxable,,0,,,0,0,,,,,1,,,,"Rooms > Bedroom, Rooms > Living room, Rugs > Modern, Rugs",,,"https://rugshop.eu/wp-content/uploads/2021/09/keren-rug-dend-multicolor.jpg, https://rugshop.eu/wp-content/uploads/2021/09/keren-rug-dend-multicolor-1.jpg, https://rugshop.eu/wp-content/uploads/2021/09/keren-rug-dend-multicolor-2.jpg, https://rugshop.eu/wp-content/uploads/2021/09/keren-rug-dend-multicolor-3.jpg",,,,,,,,,4576,,,Size,"140x200, 170x240",1,1,Brand,D-sign,1,1,Color,Blue,1,1,Type of color,Multicolor,1,1,Shape,Rectangular,1,1,Material,Wool,1,1,Type of rug,Modern,1,1,Weave,Machinemade,1,1,Country,India,1,1,Age,New,1,1,,,,,,,,,,,,,1786453141,yes,yes,,,,,,,,,,,,,,,,,,,,,,,,,,,,,
26157,variable,46184004,,West Rug Shebatt Beige,1,0,visible,West Rug Shebatt Beige ,West Rug Shebatt Beige ,,,taxable,,1,,,0,0,,,,,1,,,,"Rooms > Bedroom, Rooms > Living room, Rugs > Modern, Rugs",,,"https://rugshop.eu/wp-content/uploads/2021/09/west-rug-shebatt-beige.jpg, https://rugshop.eu/wp-content/uploads/2021/09/west-rug-shebatt-beige-1.jpg, https://rugshop.eu/wp-content/uploads/2021/09/west-rug-shebatt-beige-2.jpg, https://rugshop.eu/wp-content/uploads/2021/09/west-rug-shebatt-beige-3.jpg",,,,,,,,,5196,,,Size,"120x180, 160x230",1,1,Brand,D-sign,1,1,Color,White-Beige,1,1,Type of color,Singlecolor,1,1,Shape,Rectangular,1,1,Material,Cotton,1,1,Type of rug,Modern,1,1,Weave,Handmade,1,1,Country,India,1,1,Age,New,1,1,,,,,,,,,,,,,,yes,yes,,,,,,,,,,,,,,,,,,,,,,,,,,,,,
26179,variable,46184006,,Cape Rug Lemland Taupe,1,0,visible,Cape Rug Lemland Taupe ,Cape Rug Lemland Taupe ,,,taxable,,1,,,0,0,,,,,1,,,,"Rooms > Bedroom, Rooms > Living room, Rugs > Modern, Rugs",,,"https://rugshop.eu/wp-content/uploads/2021/09/cape-rug-lemland-taupe.jpg, https://rugshop.eu/wp-content/uploads/2021/09/cape-rug-lemland-taupe-1.jpg, https://rugshop.eu/wp-content/uploads/2021/09/cape-rug-lemland-taupe-2.jpg, https://rugshop.eu/wp-content/uploads/2021/09/cape-rug-lemland-taupe-3.jpg, https://rugshop.eu/wp-content/uploads/2021/09/cape-rug-lemland-taupe-4.jpg, https://rugshop.eu/wp-content/uploads/2021/09/cape-rug-lemland-taupe-5.jpg",,,,,,,,,254,,,Size,"120x180, 140x200, 200x300",1,1,Brand,D-sign,1,1,Color,Yellow-Brown,1,1,Type of color,Multicolor,1,1,Shape,Rectangular,1,1,Material,Acrylic,1,1,Type of rug,Modern,1,1,Weave,Handmade,1,1,Country,China,1,1,Age,New,1,1,,,,,,,,,,,,,,yes,yes,,,,,,,,,,,,,,,,,,,,,,,,,,,,,
26180,variation,54498378,,Derna Rug Vew Darkgray/Dusty Pink - 120x180,1,0,visible,,Derna Rug Vew Darkgray/Dusty Pink 120x180,,,taxable,parent,0,0,,0,0,,120,180,1,0,,,4796,,,,,,,46183998,,,,,,1,,,Size,120x180,,1,,,,,,,,,,,,,,,,,,,,,,,,,,,,,,,,,,,,,120x180,,,,,,,,,,,,,,,,,,,,,,,,94QW7-120-180-E,,,,,,,,,,,,,,,,,,,
26181,variation,54498377,,Derna Rug Vew Darkgray/Dusty Pink - 140x200,1,0,visible,,Derna Rug Vew Darkgray/Dusty Pink 140x200,,,taxable,parent,0,0,,0,0,,140,200,1,0,,,6076,,,,,,,46183998,,,,,,2,,,Size,140x200,,1,,,,,,,,,,,,,,,,,,,,,,,,,,,,,,,,,,,,,140x200,,,,,,,,,,,,,,,,,,,,,,,,94QW7-140-200-E,,,,,,,,,,,,,,,,,,,
26182,variation,54498379,,Derna Rug Vew Darkgray/Dusty Pink - 170x240,1,0,visible,,Derna Rug Vew Darkgray/Dusty Pink 170x240,,,taxable,parent,1,6,,0,0,,170,240,1,0,,,8556,,,,,,,46183998,,,,,,3,,,Size,170x240,,1,,,,,,,,,,,,,,,,,,,,,,,,,,,,,,,,,,,,,170x240,,,,,,,,,,,,,,,,,,,,,,,,94QW7-170-240-E,,,,,,,,,,,,,,,,,,,
26188,variation,54498384,,Derna Rug Hew Multicolor/Blue - 140x200,1,0,visible,,Derna Rug Hew Multicolor/Blue 140x200,,,taxable,parent,1,4,,0,0,,140,200,1,0,,,6076,,,,,,,46183999,,,,,,1,,,Size,140x200,,1,,,,,,,,,,,,,,,,,,,,,,,,,,,,,,,,,,,,,140x200,,,,,,,,,,,,,,,,,,,,,,,,J2WXD-140-200-E,,,,,,,,,,,,,,,,,,,
26189,variation,54498383,,Derna Rug Hew Multicolor/Blue - 170x240,1,0,visible,,Derna Rug Hew Multicolor/Blue 170x240,,,taxable,parent,1,3,,0,0,,170,240,1,0,,,8556,,,,,,,46183999,,,,,,2,,,Size,170x240,,1,,,,,,,,,,,,,,,,,,,,,,,,,,,,,,,,,,,,,170x240,,,,,,,,,,,,,,,,,,,,,,,,J2WXD-170-240-E,,,,,,,,,,,,,,,,,,,
26195,variation,54498386,,Derna Rug Mew Multicolor/Brown - 120x180,1,0,hidden,,Derna Rug Mew Multicolor/Brown 120x180,,,taxable,parent,0,0,,0,0,,120,180,1,0,,,4796,,,,,,,46184000,,,,,,1,,,Size,120x180,,1,,,,,,,,,,,,,,,,,,,,,,,,,,,,,,,,,,,,,120x180,,,,,,,,,,,,,,,,,,,,,,,,BOW7D-120-180-E,,,,,,,,,,,,,,,,,,,
26196,variation,54498387,,Derna Rug Mew Multicolor/Brown - 170x240,1,0,hidden,,Derna Rug Mew Multicolor/Brown 170x240,,,taxable,parent,0,0,,0,0,,170,240,1,0,,,8556,,,,,,,46184000,,,,,,2,,,Size,170x240,,1,,,,,,,,,,,,,,,,,,,,,,,,,,,,,,,,,,,,,170x240,,,,,,,,,,,,1786453122,,,,,,,,,,,,BOW7D-170-240-E,,,,,,,,,,,,,,,,,,,
26202,variable,46184007,,Cape Rug Cryse Gray,1,0,visible,Cape Rug Cryse Gray ,Cape Rug Cryse Gray ,,,taxable,,1,,,0,0,,,,,1,,,,"Rooms > Bedroom, Rugs > Modern, Rugs",,,"https://rugshop.eu/wp-content/uploads/2021/09/cape-rug-cryse-gray.jpg, https://rugshop.eu/wp-content/uploads/2021/09/cape-rug-cryse-gray-1.jpg",,,,,,,,,251,,,Size,"120x180, 140x200",1,1,Brand,D-sign,1,1,Color,Black-Grey,1,1,Type of color,Multicolor,1,1,Shape,Rectangular,1,1,Material,Acrylic,1,1,Type of rug,Modern,1,1,Weave,Handmade,1,1,Country,China,1,1,Age,New,1,1,,,,,,,,,,,,,,yes,yes,,,,,,,,,,,,,,,,,,,,,,,,,,,,,
26205,variation,54498400,,Keren Rug Mend Multicolor/Black - 140x200,1,0,hidden,,Keren Rug Mend Multicolor/Black 140x200,,,taxable,parent,0,0,,0,0,,140,200,1.2,0,,,2796,,,,,,,46184001,,,,,,1,,,Size,140x200,,1,,,,,,,,,,,,,,,,,,,,,,,,,,,,,,,,,,,,,140x200,,,,,,,,,,,,1786453122,,,,,,,,,,,,UESOG-140-200-E,,,,,,,,,,,,,,,,,,,
26206,variation,54498401,,Keren Rug Mend Multicolor/Black - 170x240,1,0,hidden,,Keren Rug Mend Multicolor/Black 170x240,,,taxable,parent,0,0,,0,0,,170,240,1.2,0,,,3756,,,,,,,46184001,,,,,,2,,,Size,170x240,,1,,,,,,,,,,,,,,,,,,,,,,,,,,,,,,,,,,,,,170x240,,,,,,,,,,,,1786453122,,,,,,,,,,,,UESOG-170-240-E,,,,,,,,,,,,,,,,,,,
26212,variation,54498409,,Keren Rug Bend Multicolor - 120x180,1,0,visible,,Keren Rug Bend Multicolor 120x180,,,taxable,parent,0,0,,0,0,,120,180,1.2,0,,,2236,,,,,,,46184002,,,,,,1,,,Size,120x180,,1,,,,,,,,,,,,,,,,,,,,,,,,,,,,,,,,,,,,,120x180,,,,,,,,,,,,,,,,,,,,,,,,LS6S5-120-180-E,,,,,,,,,,,,,,,,,,,
26213,variation,54498408,,Keren Rug Bend Multicolor - 140x200,1,0,visible,,Keren Rug Bend Multicolor 140x200,,,taxable,parent,1,7,,0,0,,140,200,1.2,0,,,2796,,,,,,,46184002,,,,,,2,,,Size,140x200,,1,,,,,,,,,,,,,,,,,,,,,,,,,,,,,,,,,,,,,140x200,,,,,,,,,,,,,,,,,,,,,,,,LS6S5-140-200-E,,,,,,,,,,,,,,,,,,,
26219,variation,54498414,,Keren Rug Dend Multicolor - 140x200,1,0,hidden,,Keren Rug Dend Multicolor 140x200,,,taxable,parent,0,0,,0,0,,140,200,1.2,0,,,2796,,,,,,,46184003,,,,,,1,,,Size,140x200,,1,,,,,,,,,,,,,,,,,,,,,,,,,,,,,,,,,,,,,140x200,,,,,,,,,,,,,,,,,,,,,,,,NYV1U-140-200,,,,,,,,,,,,,,,,,,,
26220,variation,54498413,,Keren Rug Dend Multicolor - 170x240,1,0,hidden,,Keren Rug Dend Multicolor 170x240,,,taxable,parent,0,0,,0,0,,170,240,1.2,0,,,3756,,,,,,,46184003,,,,,,2,,,Size,170x240,,1,,,,,,,,,,,,,,,,,,,,,,,,,,,,,,,,,,,,,170x240,,,,,,,,,,,,1786453123,,,,,,,,,,,,NYV1U-170-240,,,,,,,,,,,,,,,,,,,
26227,variation,54498418,,West Rug Shebatt Beige - 120x180,1,0,visible,,West Rug Shebatt Beige 120x180,,,taxable,parent,1,3,,0,0,,120,180,2,0,,,1836,,,,,,,46184004,,,,,,1,,,Size,120x180,,1,,,,,,,,,,,,,,,,,,,,,,,,,,,,,,,,,,,,,120x180,,,,,,,,,,,,,,,,,,,,,,,,CBX8G-120-180-E,,,,,,,,,,,,,,,,,,,
26228,variation,54498417,,West Rug Shebatt Beige - 160x230,1,0,visible,,West Rug Shebatt Beige 160x230,,,taxable,parent,0,0,,0,0,,160,230,2,0,,,2796,,,,,,,46184004,,,,,,2,,,Size,160x230,,1,,,,,,,,,,,,,,,,,,,,,,,,,,,,,,,,,,,,,160x230,,,,,,,,,,,,,,,,,,,,,,,,CBX8G-160-230-E,,,,,,,,,,,,,,,,,,,
26243,variation,54498425,,Cape Rug Lemland Taupe - 120x180,1,0,visible,,Cape Rug Lemland Taupe 120x180,,,taxable,parent,0,0,,0,0,,120,180,1.5,0,,,3196,,,,,,,46184006,,,,,,1,,,Size,120x180,,1,,,,,,,,,,,,,,,,,,,,,,,,,,,,,,,,,,,,,120x180,,,,,,,,,,,,1786453123,,,,,,,,,,,,25SFN-120-180,,,,,,,,,,,,,,,,,,,
26244,variation,54498424,,Cape Rug Lemland Taupe - 140x200,1,0,visible,,Cape Rug Lemland Taupe 140x200,,,taxable,parent,0,0,,0,0,,140,200,1.5,0,,,3996,,,,,,,46184006,,,,,,2,,,Size,140x200,,1,,,,,,,,,,,,,,,,,,,,,,,,,,,,,,,,,,,,,140x200,,,,,,,,,,,,,,,,,,,,,,,,25SFN-140-200,,,,,,,,,,,,,,,,,,,
26245,variation,54498423,,Cape Rug Lemland Taupe - 200x300,1,0,visible,,Cape Rug Lemland Taupe 200x300,,,taxable,parent,1,7,,0,0,,200,300,1.5,0,,,7996,,,,,,,46184006,,,,,,3,,,Size,200x300,,1,,,,,,,,,,,,,,,,,,,,,,,,,,,,,,,,,,,,,200x300,,,,,,,,,,,,,,,,,,,,,,,,25SFN-200-300,,,,,,,,,,,,,,,,,,,
26251,variation,54498428,,Cape Rug Cryse Gray - 120x180,1,0,visible,,Cape Rug Cryse Gray 120x180,,,taxable,parent,1,10,,0,0,,120,180,1.5,0,,,3196,,,,,,,46184007,,,,,,1,,,Size,120x180,,1,,,,,,,,,,,,,,,,,,,,,,,,,,,,,,,,,,,,,120x180,,,,,,,,,,,,,,,,,,,,,,,,6PVRY-120-180,,,,,,,,,,,,,,,,,,,
26252,variation,54498427,,Cape Rug Cryse Gray - 140x200,1,0,visible,,Cape Rug Cryse Gray 140x200,,,taxable,parent,0,0,,0,0,,140,200,1.5,0,,,3996,,,,,,,46184007,,,,,,2,,,Size,140x200,,1,,,,,,,,,,,,,,,,,,,,,,,,,,,,,,,,,,,,,140x200,,,,,,,,,,,,,,,,,,,,,,,,6PVRY-140-200,,,,,,,,,,,,,,,,,,,
26332,variable,46184016,,Hiwin Rug Wack Multicolor/Rostred,1,0,visible,Hiwin Rug Wack Multicolor/Rostred ,Hiwin Rug Wack Multicolor/Rostred ,,,taxable,,1,,,0,0,,,,,1,,,,"Rooms > Bedroom, Rooms > Entrance & Corridor, Rooms > Living room, Rugs > Modern, Rugs, Rugs > Vintage",,,"https://rugshop.eu/wp-content/uploads/2021/09/hiwin-rug-wack-multicolor-rostred.jpg, https://rugshop.eu/wp-content/uploads/2021/09/hiwin-rug-wack-multicolor-rostred-1.jpg, https://rugshop.eu/wp-content/uploads/2021/09/hiwin-rug-wack-multicolor-rostred-2.jpg, https://rugshop.eu/wp-content/uploads/2021/09/hiwin-rug-wack-multicolor-rostred-3.jpg, https://rugshop.eu/wp-content/uploads/2021/09/hiwin-rug-wack-multicolor-rostred-4.jpg, https://rugshop.eu/wp-content/uploads/2021/09/hiwin-rug-wack-multicolor-rostred-5.jpg, https://rugshop.eu/wp-content/uploads/2021/09/hiwin-rug-wack-multicolor-rostred-6.jpg, https://rugshop.eu/wp-content/uploads/2021/09/hiwin-rug-wack-multicolor-rostred-7.jpg",,,,,,,,,4530,,,Size,"120x170, 160x230, 200x290, 80x150",1,1,Brand,D-sign,1,1,Color,White-Beige,1,1,Type of color,Multicolor,1,1,Shape,Rectangular,1,1,Material,Polypropylene,1,1,Type of rug,"Modern, Vintage / Colored Vintage",1,1,Weave,Machinemade,1,1,Country,Turkey,1,1,Age,New,1,1,,,,,,,,,,,,,,yes,yes,,,,,,,,,,,,,,,,,,,,,,,,,,,,,
26407,variation,55712939,,Hiwin Rug Wack Multicolor/Rostred - 80x150,1,0,visible,,Hiwin Rug Wack Multicolor/Rostred 80x150,,,taxable,parent,1,2,,0,0,,80,150,1.6,0,,,1276,,,,,,,46184016,,,,,,1,,,Size,80x150,,1,,,,,,,,,,,,,,,,,,,,,,,,,,,,,,,,,,,,,80x150,,,,,,,,,,,,,,,,,,,,,,,,74Y6Q-80-150-E,,,,,,,,,,,,,,,,,,,
26408,variation,55712937,,Hiwin Rug Wack Multicolor/Rostred - 120x170,1,0,visible,,Hiwin Rug Wack Multicolor/Rostred 120x170,,,taxable,parent,0,0,,0,0,,120,170,1.6,0,,,1756,,,,,,,46184016,,,,,,2,,,Size,120x170,,1,,,,,,,,,,,,,,,,,,,,,,,,,,,,,,,,,,,,,120x170,,,,,,,,,,,,,,,,,,,,,,,,74Y6Q-120-170-E,,,,,,,,,,,,,,,,,,,
26409,variation,55712938,,Hiwin Rug Wack Multicolor/Rostred - 160x230,1,0,visible,,Hiwin Rug Wack Multicolor/Rostred 160x230,,,taxable,parent,0,0,,0,0,,160,230,1.6,0,,,2796,,,,,,,46184016,,,,,,3,,,Size,160x230,,1,,,,,,,,,,,,,,,,,,,,,,,,,,,,,,,,,,,,,160x230,,,,,,,,,,,,,,,,,,,,,,,,74Y6Q-160-230-E,,,,,,,,,,,,,,,,,,,
26410,variation,55712940,,Hiwin Rug Wack Multicolor/Rostred - 200x290,1,0,visible,,Hiwin Rug Wack Multicolor/Rostred 200x290,,,taxable,parent,0,0,,0,0,,200,290,1.6,0,,,4076,,,,,,,46184016,,,,,,4,,,Size,200x290,,1,,,,,,,,,,,,,,,,,,,,,,,,,,,,,,,,,,,,,200x290,,,,,,,,,,,,,,,,,,,,,,,,74Y6Q-200-290-E,,,,,,,,,,,,,,,,,,,
26512,variable,46184025,,Damast Rug 200 Grey/Blue,1,0,visible,Damast Rug 200 Grey/Blue ,Damast Rug 200 Grey/Blue ,,,taxable,,1,,,0,0,,,,,1,,,,"Rooms > Bedroom, Rooms > Entrance & Corridor, Rooms > Living room, Rugs > Modern, Rugs, Rugs > Vintage",,,"https://rugshop.eu/wp-content/uploads/2021/09/damast-rug-200-grey-blue.jpg, https://rugshop.eu/wp-content/uploads/2021/09/damast-rug-200-grey-blue-1.jpg, https://rugshop.eu/wp-content/uploads/2021/09/damast-rug-200-grey-blue-2.jpg, https://rugshop.eu/wp-content/uploads/2021/09/damast-rug-200-grey-blue-3.jpg, https://rugshop.eu/wp-content/uploads/2021/09/damast-rug-200-grey-blue-4.jpg, https://rugshop.eu/wp-content/uploads/2021/09/damast-rug-200-grey-blue-5.jpg, https://rugshop.eu/wp-content/uploads/2021/09/damast-rug-200-grey-blue-6.jpg, https://rugshop.eu/wp-content/uploads/2021/09/damast-rug-200-grey-blue-7.jpg, https://rugshop.eu/wp-content/uploads/2021/09/damast-rug-200-grey-blue-8.jpg, https://rugshop.eu/wp-content/uploads/2021/09/damast-rug-200-grey-blue-9.jpg, https://rugshop.eu/wp-content/uploads/2021/09/damast-rug-200-grey-blue-10.jpg, https://rugshop.eu/wp-content/uploads/2021/09/damast-rug-200-grey-blue-11.jpg, https://rugshop.eu/wp-content/uploads/2021/09/damast-rug-200-grey-blue-12.jpg, https://rugshop.eu/wp-content/uploads/2021/09/damast-rug-200-grey-blue-13.jpg, https://rugshop.eu/wp-content/uploads/2021/09/damast-rug-200-grey-blue-14.jpg, https://rugshop.eu/wp-content/uploads/2021/09/damast-rug-200-grey-blue-15.jpg, https://rugshop.eu/wp-content/uploads/2021/09/damast-rug-200-grey-blue-16.jpg, https://rugshop.eu/wp-content/uploads/2021/09/damast-rug-200-grey-blue-17.jpg",,,,,,,,,2765,,,Size,"120x180, 140x200, 170x240, 200x300, 80x150",1,1,Brand,D-sign,1,1,Color,Black-Grey,1,1,Type of color,Multicolor,1,1,Shape,Rectangular,1,1,Material,Viscose,1,1,Type of rug,"Modern, Vintage / Colored Vintage",1,1,Weave,Handmade,1,1,Country,India,1,1,Age,New,1,1,,,,,,,,,,,,,,yes,yes,,,,,,,,,,,,,,,,,,,,,,,,,,,,,
26546,variable,46184026,,Blajaw Rug Dav Multicolor,1,0,visible,Blajaw Rug Dav Multicolor ,Blajaw Rug Dav Multicolor ,,,taxable,,1,,,0,0,,,,,1,,,,"Rooms > Bedroom, Rooms > Entrance & Corridor, Rooms > Living room, Rugs > Modern, Rugs, Rugs > Vintage",,,"https://rugshop.eu/wp-content/uploads/2021/09/damast-rug-300-multicolor.jpg, https://rugshop.eu/wp-content/uploads/2021/09/damast-rug-300-multicolor-1.jpg, https://rugshop.eu/wp-content/uploads/2021/09/damast-rug-300-multicolor-2.jpg, https://rugshop.eu/wp-content/uploads/2021/09/damast-rug-300-multicolor-3.jpg, https://rugshop.eu/wp-content/uploads/2021/09/damast-rug-300-multicolor-4.jpg, https://rugshop.eu/wp-content/uploads/2021/09/damast-rug-300-multicolor-5.jpg, https://rugshop.eu/wp-content/uploads/2021/09/damast-rug-300-multicolor-6.jpg, https://rugshop.eu/wp-content/uploads/2021/09/damast-rug-300-multicolor-7.jpg, https://rugshop.eu/wp-content/uploads/2021/09/damast-rug-300-multicolor-8.jpg, https://rugshop.eu/wp-content/uploads/2021/09/damast-rug-300-multicolor-9.jpg, https://rugshop.eu/wp-content/uploads/2021/09/damast-rug-300-multicolor-10.jpg, https://rugshop.eu/wp-content/uploads/2021/09/damast-rug-300-multicolor-11.jpg, https://rugshop.eu/wp-content/uploads/2021/09/damast-rug-300-multicolor-12.jpg, https://rugshop.eu/wp-content/uploads/2021/09/damast-rug-300-multicolor-13.jpg",,,,,,,,,155,,,Size,"120x180, 140x200, 170x240, 200x300, 80x150",1,1,Brand,D-sign,1,1,Color,Black-Grey,1,1,Type of color,Multicolor,1,1,Shape,Rectangular,1,1,Material,Viscose,1,1,Type of rug,"Modern, Vintage / Colored Vintage",1,1,Weave,Handmade,1,1,Country,India,1,1,Age,New,1,1,,,,,,,,,,,,,,yes,yes,,,,,,,,,,,,,,,,,,,,,,,,,,,,,
26597,variation,55718491,,Damast Rug 200 Grey/Blue - 80x150,1,0,visible,,Damast Rug 200 Grey/Blue 80x150,,,taxable,parent,0,0,,0,0,,80,150,1.7,0,,,3116,,,,,,,46184025,,,,,,1,,,Size,80x150,,1,,,,,,,,,,,,,,,,,,,,,,,,,,,,,,,,,,,,,80x150,,,,,,,,,,,,,,,,,,,,,,,,U3V5M-80-150-E,,,,,,,,,,,,,,,,,,,
26598,variation,55718494,,Damast Rug 200 Grey/Blue - 120x180,1,0,visible,,Damast Rug 200 Grey/Blue 120x180,,,taxable,parent,0,0,,0,0,,120,180,1.7,0,,,5196,,,,,,,46184025,,,,,,2,,,Size,120x180,,1,,,,,,,,,,,,,,,,,,,,,,,,,,,,,,,,,,,,,120x180,,,,,,,,,,,,,,,,,,,,,,,,U3V5M-120-180-E,,,,,,,,,,,,,,,,,,,
26599,variation,55718492,,Damast Rug 200 Grey/Blue - 140x200,1,0,visible,,Damast Rug 200 Grey/Blue 140x200,,,taxable,parent,1,4,,0,0,,140,200,1.7,0,,,6556,,,,,,,46184025,,,,,,3,,,Size,140x200,,1,,,,,,,,,,,,,,,,,,,,,,,,,,,,,,,,,,,,,140x200,,,,,,,,,,,,,,,,,,,,,,,,U3V5M-140-200-E,,,,,,,,,,,,,,,,,,,
26600,variation,55718493,,Damast Rug 200 Grey/Blue - 170x240,1,0,visible,,Damast Rug 200 Grey/Blue 170x240,,,taxable,parent,0,0,,0,0,,170,240,1.7,0,,,9356,,,,,,,46184025,,,,,,4,,,Size,170x240,,1,,,,,,,,,,,,,,,,,,,,,,,,,,,,,,,,,,,,,170x240,,,,,,,,,,,,,,,,,,,,,,,,U3V5M-170-240-E,,,,,,,,,,,,,,,,,,,
26601,variation,55718490,,Damast Rug 200 Grey/Blue - 200x300,1,0,visible,,Damast Rug 200 Grey/Blue 200x300,,,taxable,parent,0,0,,0,0,,200,300,1.7,0,,,13516,,,,,,,46184025,,,,,,5,,,Size,200x300,,1,,,,,,,,,,,,,,,,,,,,,,,,,,,,,,,,,,,,,200x300,,,,,,,,,,,,,,,,,,,,,,,,U3V5M-200-300-E,,,,,,,,,,,,,,,,,,,
26618,variation,55718512,,Blajaw Rug Dav Multicolor - 80x150,1,0,visible,,Blajaw Rug Dav Multicolor 80x150,,,taxable,parent,0,0,,0,0,,80,150,1.7,0,,,3116,,,,,,,46184026,,,,,,1,,,Size,80x150,,1,,,,,,,,,,,,,,,,,,,,,,,,,,,,,,,,,,,,,80x150,,,,,,,,,,,,,,,,,,,,,,,,REGGE-80-150-E,,,,,,,,,,,,,,,,,,,
26619,variation,55718511,,Blajaw Rug Dav Multicolor - 120x180,1,0,visible,,Blajaw Rug Dav Multicolor 120x180,,,taxable,parent,0,0,,0,0,,120,180,1.7,0,,,5196,,,,,,,46184026,,,,,,2,,,Size,120x180,,1,,,,,,,,,,,,,,,,,,,,,,,,,,,,,,,,,,,,,120x180,,,,,,,,,,,,,,,,,,,,,,,,REGGE-120-180-E,,,,,,,,,,,,,,,,,,,
26620,variation,55718508,,Blajaw Rug Dav Multicolor - 140x200,1,0,visible,,Blajaw Rug Dav Multicolor 140x200,,,taxable,parent,1,2,,0,0,,140,200,1.7,0,,,6556,,,,,,,46184026,,,,,,3,,,Size,140x200,,1,,,,,,,,,,,,,,,,,,,,,,,,,,,,,,,,,,,,,140x200,,,,,,,,,,,,,,,,,,,,,,,,REGGE-140-200-E,,,,,,,,,,,,,,,,,,,
26621,variation,55718509,,Blajaw Rug Dav Multicolor - 170x240,1,0,visible,,Blajaw Rug Dav Multicolor 170x240,,,taxable,parent,0,0,,0,0,,170,240,1.7,0,,,9356,,,,,,,46184026,,,,,,4,,,Size,170x240,,1,,,,,,,,,,,,,,,,,,,,,,,,,,,,,,,,,,,,,170x240,,,,,,,,,,,,,,,,,,,,,,,,REGGE-170-240-E,,,,,,,,,,,,,,,,,,,
26622,variation,55718510,,Blajaw Rug Dav Multicolor - 200x300,1,0,visible,,Blajaw Rug Dav Multicolor 200x300,,,taxable,parent,0,0,,0,0,,200,300,1.7,0,,,13516,,,,,,,46184026,,,,,,5,,,Size,200x300,,1,,,,,,,,,,,,,,,,,,,,,,,,,,,,,,,,,,,,,200x300,,,,,,,,,,,,,,,,,,,,,,,,REGGE-200-300-E,,,,,,,,,,,,,,,,,,,
26652,variable,46184033,,Chien Rug Dro Multicolor/Taupe,1,0,visible,Chien Rug Dro Multicolor/Taupe ,Chien Rug Dro Multicolor/Taupe ,,,taxable,,1,,,0,0,,,,,1,,,,"Rooms > Bedroom, Rooms > Entrance & Corridor, Rugs > Modern, Rugs",,,"https://rugshop.eu/wp-content/uploads/2021/09/chien-rug-dro-multicolor-taupe.jpg, https://rugshop.eu/wp-content/uploads/2021/09/chien-rug-dro-multicolor-taupe-1.jpg, https://rugshop.eu/wp-content/uploads/2021/09/chien-rug-dro-multicolor-taupe-2.jpg, https://rugshop.eu/wp-content/uploads/2021/09/chien-rug-dro-multicolor-taupe-3.jpg, https://rugshop.eu/wp-content/uploads/2021/09/chien-rug-dro-multicolor-taupe-4.jpg, https://rugshop.eu/wp-content/uploads/2021/09/chien-rug-dro-multicolor-taupe-5.jpg",,,,,,,,,268,,,Size,"140x200, 70x140, 90x160",1,1,Brand,D-sign,1,1,Color,Black-Grey,1,1,Type of color,Multicolor,1,1,Shape,"Rectangular, Runner",1,1,Material,Polypropylene,1,1,Type of rug,Modern,1,1,Weave,Machinemade,1,1,Country,China,1,1,Age,New,1,1,,,,,,,,,,,,,,yes,yes,,,,,,,,,,,,,,,,,,,,,,,,,,,,,
26654,variable,46184035,,Chien Rug Zro Multicolor/Brown,1,0,visible,Chien Rug Zro Multicolor/Brown ,Chien Rug Zro Multicolor/Brown ,,,taxable,,1,,,0,0,,,,,1,,,,"Rooms > Bedroom, Rooms > Entrance & Corridor, Rooms > Living room, Rugs > Modern, Rugs",,,"https://rugshop.eu/wp-content/uploads/2021/09/chien-rug-zro-multicolor-brown.jpg, https://rugshop.eu/wp-content/uploads/2021/09/chien-rug-zro-multicolor-brown-1.jpg, https://rugshop.eu/wp-content/uploads/2021/09/chien-rug-zro-multicolor-brown-2.jpg, https://rugshop.eu/wp-content/uploads/2021/09/chien-rug-zro-multicolor-brown-3.jpg, https://rugshop.eu/wp-content/uploads/2021/09/chien-rug-zro-multicolor-brown-4.jpg, https://rugshop.eu/wp-content/uploads/2021/09/chien-rug-zro-multicolor-brown-5.jpg, https://rugshop.eu/wp-content/uploads/2021/09/chien-rug-zro-multicolor-brown-6.jpg, https://rugshop.eu/wp-content/uploads/2021/09/chien-rug-zro-multicolor-brown-7.jpg, https://rugshop.eu/wp-content/uploads/2021/09/chien-rug-zro-multicolor-brown-8.jpg, https://rugshop.eu/wp-content/uploads/2021/09/chien-rug-zro-multicolor-brown-9.jpg",,,,,,,,,269,,,Size,"120x180, 140x200, 200x200, 70x140, 90x160",1,1,Brand,D-sign,1,1,Color,Yellow-Brown,1,1,Type of color,Multicolor,1,1,Shape,Rectangular,1,1,Material,Polypropylene,1,1,Type of rug,Modern,1,1,Weave,Machinemade,1,1,Country,China,1,1,Age,New,1,1,,,,,,,,,,,,,,yes,yes,,,,,,,,,,,,,,,,,,,,,,,,,,,,,
26655,variable,46184036,,Saint Rug Woham Anthracite,1,0,visible,Saint Rug Woham Anthracite,Saint Rug Woham Anthracite,,,taxable,,1,,,0,0,,,,,0,,,,"Rooms > Bedroom, Rooms > Living room, Rugs > Modern, Rugs, Rugs > Shaggy",,,"https://rugshop.eu/wp-content/uploads/2021/09/saint-rug-woham-anthracite.jpg, https://rugshop.eu/wp-content/uploads/2021/09/saint-rug-woham-anthracite-1.jpg, https://rugshop.eu/wp-content/uploads/2021/09/saint-rug-woham-anthracite-2.jpg",,,,,,,,,4990,,,Size,"120x170, 160x230, 200x290, 60x110",1,1,Brand,D-sign,1,1,Color,Black-Grey,1,1,Type of color,Singlecolor,1,1,Shape,Rectangular,1,1,Material,"Polyester, Polypropylene",1,1,Type of rug,"Modern, Rya / Shaggy",1,1,Weave,Machinemade,1,1,Country,China,1,1,Age,New,1,1,,,,,default,default,default,default,,,90,1,,yes,yes,,,,,,,,,classic-editor,,,,,,,,,,,,,,,,,,,,
26674,variation,55718602,,Chien Rug Dro Multicolor/Taupe - 70x140,1,0,visible,,Chien Rug Dro Multicolor/Taupe 70x140,,,taxable,parent,0,0,,0,0,,70,140,3,0,,,1196,,,,,,,46184033,,,,,,1,,,Size,70x140,,1,,,,,,,,,,,,,,,,,,,,,,,,,,,,,,,,,,,,,70x140,,,,,,,,,,,,,,,,,,,,,,,,2OK8P-70-140-E,,,,,,,,,,,,,,,,,,,
26675,variation,55718600,,Chien Rug Dro Multicolor/Taupe - 90x160,1,0,visible,,Chien Rug Dro Multicolor/Taupe 90x160,,,taxable,parent,0,0,,0,0,,90,160,3,0,,,1516,,,,,,,46184033,,,,,,2,,,Size,90x160,,1,,,,,,,,,,,,,,,,,,,,,,,,,,,,,,,,,,,,,90x160,,,,,,,,,,,,,,,,,,,,,,,,2OK8P-90-160-E,,,,,,,,,,,,,,,,,,,
26676,variation,55718601,,Chien Rug Dro Multicolor/Taupe - 140x200,1,0,visible,,Chien Rug Dro Multicolor/Taupe 140x200,,,taxable,parent,1,3,,0,0,,140,200,3,0,,,2396,,,,,,,46184033,,,,,,3,,,Size,140x200,,1,,,,,,,,,,,,,,,,,,,,,,,,,,,,,,,,,,,,,140x200,,,,,,,,,,,,,,,,,,,,,,,,2OK8P-140-200-E,,,,,,,,,,,,,,,,,,,
26685,variable,46184038,,Saint Rug Woham Silvergrey,1,0,visible,Saint Rug Woham Silvergrey,Saint Rug Woham Silvergrey,,,taxable,,1,,,0,0,,,,,0,,,,"Rooms > Bedroom, Rooms > Living room, Rugs > Modern, Rugs, Rugs > Shaggy",,,"https://rugshop.eu/wp-content/uploads/2021/09/saint-rug-woham-silvergrey.jpg, https://rugshop.eu/wp-content/uploads/2021/09/saint-rug-woham-silvergrey-1.jpg, https://rugshop.eu/wp-content/uploads/2021/09/saint-rug-woham-silvergrey-2.jpg",,,,,,,,,4996,,,Size,"120x170, 160x230, 200x290, 60x110",1,1,Brand,D-sign,1,1,Color,Black-Grey,1,1,Type of color,Singlecolor,1,1,Shape,Rectangular,1,1,Material,Polyester,1,1,Type of rug,"Modern, Rya / Shaggy",1,1,Weave,Machinemade,1,1,Country,China,1,1,Age,New,1,1,,,,,default,default,default,default,,,90,1,,yes,yes,,,,,,,,,,,,,,,,,,,,,,,,,,,,,
26687,variable,46184040,,Shilboy Rug Has Violet,1,0,visible,Shilboy Rug Has Violet ,Shilboy Rug Has Violet ,,,taxable,,1,,,0,0,,,,,1,,,,"Rooms > Bedroom, Rooms > Entrance & Corridor, Rooms > Living room, Rugs > Modern, Rugs",,,"https://rugshop.eu/wp-content/uploads/2021/09/shilboy-rug-has-violet.jpg, https://rugshop.eu/wp-content/uploads/2021/09/shilboy-rug-has-violet-1.jpg, https://rugshop.eu/wp-content/uploads/2021/09/shilboy-rug-has-violet-2.jpg, https://rugshop.eu/wp-content/uploads/2021/09/shilboy-rug-has-violet-3.jpg, https://rugshop.eu/wp-content/uploads/2021/09/shilboy-rug-has-violet-4.jpg, https://rugshop.eu/wp-content/uploads/2021/09/shilboy-rug-has-violet-5.jpg, https://rugshop.eu/wp-content/uploads/2021/09/shilboy-rug-has-violet-6.jpg, https://rugshop.eu/wp-content/uploads/2021/09/shilboy-rug-has-violet-7.jpg, https://rugshop.eu/wp-content/uploads/2021/09/shilboy-rug-has-violet-8.jpg, https://rugshop.eu/wp-content/uploads/2021/09/shilboy-rug-has-violet-9.jpg",,,,,,,,,5027,,,Size,"140x200, 170x240, 200x300, 70x140, 90x160",1,1,Brand,D-sign,1,1,Color,Pink-Purple,1,1,Type of color,Multicolor,1,1,Shape,"Rectangular, Runner",1,1,Material,Acrylic,1,1,Type of rug,Modern,1,1,Weave,Handmade,1,1,Country,China,1,1,Age,New,1,1,,,,,,,,,,,,,,yes,yes,,,,,,,,,,,,,,,,,,,,,,,,,,,,,
26699,variation,55718617,,Chien Rug Zro Multicolor/Brown - 70x140,1,0,visible,,Chien Rug Zro Multicolor/Brown 70x140,,,taxable,parent,1,7,,0,0,,70,140,3,0,,,1196,,,,,,,46184035,,,,,,1,,,Size,70x140,,1,,,,,,,,,,,,,,,,,,,,,,,,,,,,,,,,,,,,,70x140,,,,,,,,,,,,,,,,,,,,,,,,YFEGW-70-140-E,,,,,,,,,,,,,,,,,,,
26700,variation,55718616,,Chien Rug Zro Multicolor/Brown - 90x160,1,0,visible,,Chien Rug Zro Multicolor/Brown 90x160,,,taxable,parent,0,0,,0,0,,90,160,3,0,,,1516,,,,,,,46184035,,,,,,2,,,Size,90x160,,1,,,,,,,,,,,,,,,,,,,,,,,,,,,,,,,,,,,,,90x160,,,,,,,,,,,,,,,,,,,,,,,,YFEGW-90-160-E,,,,,,,,,,,,,,,,,,,
26701,variation,55718619,,Chien Rug Zro Multicolor/Brown - 120x180,1,0,visible,,Chien Rug Zro Multicolor/Brown 120x180,,,taxable,parent,0,0,,0,0,,120,180,3,0,,,1996,,,,,,,46184035,,,,,,3,,,Size,120x180,,1,,,,,,,,,,,,,,,,,,,,,,,,,,,,,,,,,,,,,120x180,,,,,,,,,,,,,,,,,,,,,,,,YFEGW-120-180-E,,,,,,,,,,,,,,,,,,,
26702,variation,55718618,,Chien Rug Zro Multicolor/Brown - 140x200,1,0,visible,,Chien Rug Zro Multicolor/Brown 140x200,,,taxable,parent,0,0,,0,0,,140,200,3,0,,,2396,,,,,,,46184035,,,,,,4,,,Size,140x200,,1,,,,,,,,,,,,,,,,,,,,,,,,,,,,,,,,,,,,,140x200,,,,,,,,,,,,,,,,,,,,,,,,YFEGW-140-200-E,,,,,,,,,,,,,,,,,,,
26703,variation,55718615,,Chien Rug Zro Multicolor/Brown - 200x200,1,0,visible,,Chien Rug Zro Multicolor/Brown 200x200,,,taxable,parent,0,0,,0,0,,200,200,3,0,,,3196,,,,,,,46184035,,,,,,5,,,Size,200x200,,1,,,,,,,,,,,,,,,,,,,,,,,,,,,,,,,,,,,,,200x200,,,,,,,,,,,,,,,,,,,,,,,,YFEGW-200-200-E,,,,,,,,,,,,,,,,,,,
26714,variation,55718627,,Saint Rug Woham Anthracite - 60x110,1,0,visible,,Saint Rug Woham Anthracite 60x110,,,taxable,parent,0,0,,0,0,,60,110,4.5,0,,478,956,,,,,,,46184036,,,,,,1,,,Size,60x110,,1,,,,,,,,,,,,,,,,,,,,,,,,,,,,,,,,,,,,,60x110,,,,,,,,,,,,,,,,,,,,,,,,OSNEH-60-110-E,,,,,,,,,,,,,,,,,,,
26715,variation,55718626,,Saint Rug Woham Anthracite - 120x170,1,0,visible,,Saint Rug Woham Anthracite 120x170,,,taxable,parent,0,0,,0,0,,120,170,4.5,0,,918,1836,,,,,,,46184036,,,,,,2,,,Size,120x170,,1,,,,,,,,,,,,,,,,,,,,,,,,,,,,,,,,,,,,,120x170,,,,,,,,,,,,,,,,,,,,,,,,OSNEH-120-170-E,,,,,,,,,,,,,,,,,,,
26716,variation,55718628,,Saint Rug Woham Anthracite - 160x230,1,0,visible,,Saint Rug Woham Anthracite 160x230,,,taxable,parent,1,2,,0,0,,160,230,4.5,0,,1478,2956,,,,,,,46184036,,,,,,3,,,Size,160x230,,1,,,,,,,,,,,,,,,,,,,,,,,,,,,,,,,,,,,,,160x230,,,,,,,,,,,,,,,,,,,,,,,,OSNEH-160-230-E,,,,,,,,,,,,,,,,,,,
26717,variation,55718625,,Saint Rug Woham Anthracite - 200x290,1,0,visible,,Saint Rug Woham Anthracite 200x290,,,taxable,parent,0,0,,0,0,,200,290,4.5,0,,2158,4316,,,,,,,46184036,,,,,,4,,,Size,200x290,,1,,,,,,,,,,,,,,,,,,,,,,,,,,,,,,,,,,,,,200x290,,,,,,,,,,,,,,,,,,,,,,,,OSNEH-200-290-E,,,,,,,,,,,,,,,,,,,
26744,variation,55718636,,Saint Rug Woham Silvergrey - 60x110,1,0,visible,,Saint Rug Woham Silvergrey 60x110,,,taxable,parent,0,0,,0,0,,60,110,4.5,0,,478,956,,,,,,,46184038,,,,,,1,,,Size,60x110,,1,,,,,,,,,,,,,,,,,,,,,,,,,,,,,,,,,,,,,60x110,,,,,,,,,,,,,,,,,,,,,,,,JIJZK-60-110-E,,,,,,,,,,,,,,,,,,,
26745,variation,55718635,,Saint Rug Woham Silvergrey - 120x170,1,0,visible,,Saint Rug Woham Silvergrey 120x170,,,taxable,parent,0,0,,0,0,,120,170,4.5,0,,918,1836,,,,,,,46184038,,,,,,2,,,Size,120x170,,1,,,,,,,,,,,,,,,,,,,,,,,,,,,,,,,,,,,,,120x170,,,,,,,,,,,,,,,,,,,,,,,,JIJZK-120-170-E,,,,,,,,,,,,,,,,,,,
26746,variation,55718637,,Saint Rug Woham Silvergrey - 160x230,1,0,visible,,Saint Rug Woham Silvergrey 160x230,,,taxable,parent,1,4,,0,0,,160,230,4.5,0,,1478,2956,,,,,,,46184038,,,,,,3,,,Size,160x230,,1,,,,,,,,,,,,,,,,,,,,,,,,,,,,,,,,,,,,,160x230,,,,,,,,,,,,,,,,,,,,,,,,JIJZK-160-230-E,,,,,,,,,,,,,,,,,,,
26747,variation,55718638,,Saint Rug Woham Silvergrey - 200x290,1,0,visible,,Saint Rug Woham Silvergrey 200x290,,,taxable,parent,0,0,,0,0,,200,290,4.5,0,,2158,4316,,,,,,,46184038,,,,,,4,,,Size,200x290,,1,,,,,,,,,,,,,,,,,,,,,,,,,,,,,,,,,,,,,200x290,,,,,,,,,,,,,,,,,,,,,,,,JIJZK-200-290-E,,,,,,,,,,,,,,,,,,,
26776,variation,55718669,,Shilboy Rug Has Violet - 70x140,1,0,visible,,Shilboy Rug Has Violet 70x140,,,taxable,parent,0,0,,0,0,,70,140,1.6,0,,,2076,,,,,,,46184040,,,,,,1,,,Size,70x140,,1,,,,,,,,,,,,,,,,,,,,,,,,,,,,,,,,,,,,,70x140,,,,,,,,,,,,,,,,,,,,,,,,WCL75-70-140-E,,,,,,,,,,,,,,,,,,,
26777,variation,55718666,,Shilboy Rug Has Violet - 90x160,1,0,visible,,Shilboy Rug Has Violet 90x160,,,taxable,parent,0,0,,0,0,,90,160,1.6,0,,,2876,,,,,,,46184040,,,,,,2,,,Size,90x160,,1,,,,,,,,,,,,,,,,,,,,,,,,,,,,,,,,,,,,,90x160,,,,,,,,,,,,,,,,,,,,,,,,WCL75-90-160-E,,,,,,,,,,,,,,,,,,,
26778,variation,55718668,,Shilboy Rug Has Violet - 140x200,1,0,visible,,Shilboy Rug Has Violet 140x200,,,taxable,parent,0,0,,0,0,,140,200,1.6,0,,,5036,,,,,,,46184040,,,,,,3,,,Size,140x200,,1,,,,,,,,,,,,,,,,,,,,,,,,,,,,,,,,,,,,,140x200,,,,,,,,,,,,,,,,,,,,,,,,WCL75-140-200-E,,,,,,,,,,,,,,,,,,,
26779,variation,55718667,,Shilboy Rug Has Violet - 170x240,1,0,visible,,Shilboy Rug Has Violet 170x240,,,taxable,parent,1,3,,0,0,,170,240,1.6,0,,,7036,,,,,,,46184040,,,,,,4,,,Size,170x240,,1,,,,,,,,,,,,,,,,,,,,,,,,,,,,,,,,,,,,,170x240,,,,,,,,,,,,,,,,,,,,,,,,WCL75-170-240-E,,,,,,,,,,,,,,,,,,,
26780,variation,55718665,,Shilboy Rug Has Violet - 200x300,1,0,visible,,Shilboy Rug Has Violet 200x300,,,taxable,parent,0,0,,0,0,,200,300,1.6,0,,,10156,,,,,,,46184040,,,,,,5,,,Size,200x300,,1,,,,,,,,,,,,,,,,,,,,,,,,,,,,,,,,,,,,,200x300,,,,,,,,,,,,,,,,,,,,,,,,WCL75-200-300-E,,,,,,,,,,,,,,,,,,,
26794,variable,46184044,,Shilboy Rug Sas Multicolor,1,0,visible,Shilboy Rug Sas Multicolor ,Shilboy Rug Sas Multicolor ,,,taxable,,1,,,0,0,,,,,1,,,,"Rooms > Bedroom, Rooms > Living room, Rugs > Modern, Rugs",,,"https://rugshop.eu/wp-content/uploads/2021/09/shilboy-rug-sas-multicolor.jpg, https://rugshop.eu/wp-content/uploads/2021/09/shilboy-rug-sas-multicolor-1.jpg, https://rugshop.eu/wp-content/uploads/2021/09/shilboy-rug-sas-multicolor-2.jpg, https://rugshop.eu/wp-content/uploads/2021/09/shilboy-rug-sas-multicolor-3.jpg",,,,,,,,,5049,,,Size,"140x200, 170x240",1,1,Brand,D-sign,1,1,Color,"Blue, Red",1,1,Type of color,Multicolor,1,1,Shape,Rectangular,1,1,Material,Acrylic,1,1,Type of rug,Modern,1,1,Weave,Handmade,1,1,Country,China,1,1,Age,New,1,1,,,,,,,,,,,,,,yes,yes,,,,,,,,,,,,,,,,,,,,,,,,,,,,,
26795,variable,46184045,,Shilboy Rug Ytos Dunkelgreen/Pink,1,0,visible,Shilboy Rug Ytos Dunkelgreen/Pink,Shilboy Rug Ytos Dunkelgreen/Pink,,,taxable,,1,,,0,0,,,,,0,,,,"Rooms > Kids, Rugs > Kids, Rugs",,,"https://rugshop.eu/wp-content/uploads/2021/09/shilboy-rug-ytos-dunkelgreen-pink.jpg, https://rugshop.eu/wp-content/uploads/2021/09/shilboy-rug-ytos-dunkelgreen-pink-1.jpg, https://rugshop.eu/wp-content/uploads/2021/09/shilboy-rug-ytos-dunkelgreen-pink-2.jpg, https://rugshop.eu/wp-content/uploads/2021/09/shilboy-rug-ytos-dunkelgreen-pink-3.jpg",,,,,,,,,5061,,,Size,"Ã˜ 100, Ã˜ 130",1,1,Brand,D-sign,1,1,Color,Green,1,1,Type of color,Multicolor,1,1,Shape,Round,1,1,Material,Acrylic,1,1,Type of rug,Modern,1,1,Weave,Handmade,1,1,Country,China,1,1,Age,New,1,1,,,,,default,default,default,default,,,,,,yes,yes,,,,,,,,,,,,,,,,,,,,,,,,,,,,,
26816,variable,46184047,,Shilboy Rug Oas Tricolore Paris,1,0,visible,Shilboy Rug Oas Tricolore Paris ,Shilboy Rug Oas Tricolore Paris ,,,taxable,,1,,,0,0,,,,,1,,,,"Rooms > Bedroom, Rooms > Living room, Rugs > Modern, Rugs",,,"https://rugshop.eu/wp-content/uploads/2021/09/shilboy-rug-oas-tricolore-paris.jpg, https://rugshop.eu/wp-content/uploads/2021/09/shilboy-rug-oas-tricolore-paris-1.jpg, https://rugshop.eu/wp-content/uploads/2021/09/shilboy-rug-oas-tricolore-paris-2.jpg, https://rugshop.eu/wp-content/uploads/2021/09/shilboy-rug-oas-tricolore-paris-3.jpg",,,,,,,,,5041,,,Size,"120x180, 170x240",1,1,Brand,D-sign,1,1,Color,Black-Grey,1,1,Type of color,Multicolor,1,1,Shape,Rectangular,1,1,Material,Acrylic,1,1,Type of rug,Modern,1,1,Weave,Handmade,1,1,Country,China,1,1,Age,New,1,1,,,,,,,,,,,,,,yes,yes,,,,,,,,,,,,,,,,,,,,,,,,,,,,,
26849,variation,55718770,,Shilboy Rug Sas Multicolor - 140x200,1,0,visible,,Shilboy Rug Sas Multicolor 140x200,,,taxable,parent,1,22,,0,0,,140,200,1.6,0,,,3276,,,,,,,46184044,,,,,,1,,,Size,140x200,,1,,,,,,,,,,,,,,,,,,,,,,,,,,,,,,,,,,,,,140x200,,,,,,,,,,,,,,,,,,,,,,,,YF77Y-140-200,,,,,,,,,,,,,,,,,,,
26850,variation,55718771,,Shilboy Rug Sas Multicolor - 170x240,1,0,visible,,Shilboy Rug Sas Multicolor 170x240,,,taxable,parent,1,11,,0,0,,170,240,1.6,0,,,4556,,,,,,,46184044,,,,,,2,,,Size,170x240,,1,,,,,,,,,,,,,,,,,,,,,,,,,,,,,,,,,,,,,170x240,,,,,,,,,,,,,,,,,,,,,,,,YF77Y-170-240,,,,,,,,,,,,,,,,,,,
26856,variation,55718816,,Shilboy Rug Ytos Dunkelgreen/Pink - Ã˜ 100,1,0,visible,,Shilboy Rug Ytos Dunkelgreen/Pink Ã˜ 100,,,taxable,parent,0,0,,0,0,,100,0,1.6,0,,,2156,,,,,,,46184045,,,,,,1,,,Size,Ã˜ 100,,1,,,,,,,,,,,,,,,,,,,,,,,,,,,,,,,,,,,,,Ã˜ 100,,,,,,,,,,,,,,,,,,,,,,,,F4J3A-100-100-R,,,,,,,,,,,,,,,,,,,
26857,variation,55718815,,Shilboy Rug Ytos Dunkelgreen/Pink - Ã˜ 130,1,0,visible,,Shilboy Rug Ytos Dunkelgreen/Pink Ã˜ 130,,,taxable,parent,1,4,,0,0,,130,0,1.6,0,,,3276,,,,,,,46184045,,,,,,2,,,Size,Ã˜ 130,,1,,,,,,,,,,,,,,,,,,,,,,,,,,,,,,,,,,,,,Ã˜ 130,,,,,,,,,,,,,,,,,,,,,,,,F4J3A-130-130-R,,,,,,,,,,,,,,,,,,,
26872,variation,55718827,,Shilboy Rug Oas Tricolore Paris - 120x180,1,0,visible,,Shilboy Rug Oas Tricolore Paris 120x180,,,taxable,parent,1,10,,0,0,,120,180,1.6,0,,,3996,,,,,,,46184047,,,,,,1,,,Size,120x180,,1,,,,,,,,,,,,,,,,,,,,,,,,,,,,,,,,,,,,,120x180,,,,,,,,,,,,,,,,,,,,,,,,XTYRK-120-180-E,,,,,,,,,,,,,,,,,,,
26873,variation,55718828,,Shilboy Rug Oas Tricolore Paris - 170x240,1,0,visible,,Shilboy Rug Oas Tricolore Paris 170x240,,,taxable,parent,1,31,,0,0,,170,240,1.6,0,,,7036,,,,,,,46184047,,,,,,2,,,Size,170x240,,1,,,,,,,,,,,,,,,,,,,,,,,,,,,,,,,,,,,,,170x240,,,,,,,,,,,,,,,,,,,,,,,,XTYRK-170-240,,,,,,,,,,,,,,,,,,,
26945,variable,46184056,,Diamond Rug 700 Anthracite,1,0,visible,Diamond Rug 700 Anthracite,Diamond Rug 700 Anthracite,,,taxable,,1,,,0,0,,,,,0,,,,"Rooms > Bedroom, Rooms > Living room, Rugs > Modern, Rugs, Rugs > Shaggy",,,"https://rugshop.eu/wp-content/uploads/2021/09/diamond-rug-700-anthracite.jpg, https://rugshop.eu/wp-content/uploads/2021/09/diamond-rug-700-anthracite-1.jpg, https://rugshop.eu/wp-content/uploads/2021/09/diamond-rug-700-anthracite-2.jpg, https://rugshop.eu/wp-content/uploads/2021/09/diamond-rug-700-anthracite-3.jpg, https://rugshop.eu/wp-content/uploads/2021/09/diamond-rug-700-anthracite-4.jpg",,,,,,,,,2777,,,Size,"120x170, 160x230, 200x290, 240x330, 80x150, Ã˜ 120, Ã˜ 160",1,1,Brand,D-sign,1,1,Color,Black-Grey,1,1,Type of color,Singlecolor,1,1,Shape,"Rectangular, Round",1,1,Material,Polyester,1,1,Type of rug,"Modern, Rya / Shaggy",1,1,Weave,Handmade,1,1,Country,China,1,1,Age,New,1,1,,,,,default,default,default,default,,,90,1,,yes,yes,,,,,,,,,classic-editor,,,,,,,,,,,,,,,,,,,,
26946,variable,46184057,,Diamond Rug 700 Champagne,1,0,visible,Diamond Rug 700 Champagne ,Diamond Rug 700 Champagne ,,,taxable,,1,,,0,0,,,,,1,,,,"Rooms > Bedroom, Rooms > Living room, Rugs > Modern, Rugs, Rugs > Shaggy",,,"https://rugshop.eu/wp-content/uploads/2021/09/diamond-rug-700-champagne.jpg, https://rugshop.eu/wp-content/uploads/2021/09/diamond-rug-700-champagne-1.jpg, https://rugshop.eu/wp-content/uploads/2021/09/diamond-rug-700-champagne-2.jpg, https://rugshop.eu/wp-content/uploads/2021/09/diamond-rug-700-champagne-3.jpg",,,,,,,,,2778,,,Size,"120x170, 160x230, 200x290, 240x330, 80x150, Ã˜ 120, Ã˜ 160",1,1,Brand,D-sign,1,1,Color,Yellow-Brown,1,1,Type of color,Singlecolor,1,1,Shape,Rectangular,1,1,Material,Polyester,1,1,Type of rug,"Modern, Rya / Shaggy",1,1,Weave,Handmade,1,1,Country,China,1,1,Age,New,1,1,,,,,,,,,,,,,,yes,yes,,,,,,,,,,,,,,,,,,,,,,,,,,,,,
26977,variable,46184058,,Busdau Rug May Multicolor/Creme,1,0,visible,Busdau Rug May Multicolor/Creme ,Busdau Rug May Multicolor/Creme ,,,taxable,,1,,,0,0,,,,,1,,,,"Rooms > Bedroom, Rooms > Entrance & Corridor, Rooms > Living room, Rugs > Modern, Rugs",,,"https://rugshop.eu/wp-content/uploads/2021/09/busdau-rug-may-multicolor-creme.jpg, https://rugshop.eu/wp-content/uploads/2021/09/busdau-rug-may-multicolor-creme-1.jpg, https://rugshop.eu/wp-content/uploads/2021/09/busdau-rug-may-multicolor-creme-2.jpg, https://rugshop.eu/wp-content/uploads/2021/09/busdau-rug-may-multicolor-creme-3.jpg, https://rugshop.eu/wp-content/uploads/2021/09/busdau-rug-may-multicolor-creme-4.jpg, https://rugshop.eu/wp-content/uploads/2021/09/busdau-rug-may-multicolor-creme-5.jpg, https://rugshop.eu/wp-content/uploads/2021/09/busdau-rug-may-multicolor-creme-6.jpg, https://rugshop.eu/wp-content/uploads/2021/09/busdau-rug-may-multicolor-creme-7.jpg, https://rugshop.eu/wp-content/uploads/2021/09/busdau-rug-may-multicolor-creme-8.jpg, https://rugshop.eu/wp-content/uploads/2021/09/busdau-rug-may-multicolor-creme-9.jpg, https://rugshop.eu/wp-content/uploads/2021/09/busdau-rug-may-multicolor-creme-10.jpg, https://rugshop.eu/wp-content/uploads/2021/09/busdau-rug-may-multicolor-creme-11.jpg",,,,,,,,,220,,,Size,"120x171, 133x191, 160x230, 240x301, 60x111, 80x151",1,1,Brand,D-sign,1,1,Color,White-Beige,1,1,Type of color,Multicolor,1,1,Shape,Rectangular,1,1,Material,Polypropylene,1,1,Type of rug,Modern,1,1,Weave,Machinemade,1,1,Country,Turkey,1,1,Age,New,1,1,,,,,,,,,,,,,,yes,yes,,,,,,,,,,,,,,,,,,,,,,,,,,,,,
27029,variation,55719052,,Diamond Rug 700 Anthracite - 80x150,1,0,visible,,Diamond Rug 700 Anthracite 80x150,,,taxable,parent,1,16,,0,0,,80,150,4,0,,518,1036,,,,,,,46184056,,,,,,1,,,Size,80x150,,1,,,,,,,,,,,,,,,,,,,,,,,,,,,,,,,,,,,,,80x150,,,,,,,,,,,,,,,,,,,,,,,,DDYD3-80-150,,,,,,,,,,,,,,,,,,,
27030,variation,55719048,,Diamond Rug 700 Anthracite - 120x170,1,0,visible,,Diamond Rug 700 Anthracite 120x170,,,taxable,parent,0,0,,0,0,,120,170,4,0,,678,1356,,,,,,,46184056,,,,,,2,,,Size,120x170,,1,,,,,,,,,,,,,,,,,,,,,,,,,,,,,,,,,,,,,120x170,,,,,,,,,,,,,,,,,,,,,,,,DDYD3-120-170,,,,,,,,,,,,,,,,,,,
27031,variation,55719047,,Diamond Rug 700 Anthracite - 160x230,1,0,visible,,Diamond Rug 700 Anthracite 160x230,,,taxable,parent,0,0,,0,0,,160,230,4,0,,958,1916,,,,,,,46184056,,,,,,3,,,Size,160x230,,1,,,,,,,,,,,,,,,,,,,,,,,,,,,,,,,,,,,,,160x230,,,,,,,,,,,,,,,,,,,,,,,,DDYD3-160-230,,,,,,,,,,,,,,,,,,,
27032,variation,55719054,,Diamond Rug 700 Anthracite - 200x290,1,0,visible,,Diamond Rug 700 Anthracite 200x290,,,taxable,parent,0,0,,0,0,,200,290,4,0,,1398,2796,,,,,,,46184056,,,,,,4,,,Size,200x290,,1,,,,,,,,,,,,,,,,,,,,,,,,,,,,,,,,,,,,,200x290,,,,,,,,,,,,,,,,,,,,,,,,DDYD3-200-290,,,,,,,,,,,,,,,,,,,
27033,variation,55719050,,Diamond Rug 700 Anthracite - 240x330,1,0,visible,,Diamond Rug 700 Anthracite 240x330,,,taxable,parent,1,11,,0,0,,240,330,4,0,,1798,3596,,,,,,,46184056,,,,,,5,,,Size,240x330,,1,,,,,,,,,,,,,,,,,,,,,,,,,,,,,,,,,,,,,240x330,,,,,,,,,,,,,,,,,,,,,,,,DDYD3-240-330,,,,,,,,,,,,,,,,,,,
27034,variation,55719053,,Diamond Rug 700 Anthracite - Ã˜ 120,1,0,visible,,Diamond Rug 700 Anthracite Ã˜ 120,,,taxable,parent,1,11,,0,0,,120,120,4,0,,558,1116,,,,,,,46184056,,,,,,6,,,Size,Ã˜ 120,,1,,,,,,,,,,,,,,,,,,,,,,,,,,,,,,,,,,,,,Ã˜ 120,,,,,,,,,,,,,,,,,,,,,,,,DDYD3-120-120,,,,,,,,,,,,,,,,,,,
27035,variation,55719049,,Diamond Rug 700 Anthracite - Ã˜ 160,1,0,visible,,Diamond Rug 700 Anthracite Ã˜ 160,,,taxable,parent,0,0,,0,0,,160,160,4,0,,758,1516,,,,,,,46184056,,,,,,7,,,Size,Ã˜ 160,,1,,,,,,,,,,,,,,,,,,,,,,,,,,,,,,,,,,,,,Ã˜ 160,,,,,,,,,,,,,,,,,,,,,,,,DDYD3-160-160,,,,,,,,,,,,,,,,,,,
27041,variation,55719058,,Diamond Rug 700 Champagne - 80x150,1,0,visible,,Diamond Rug 700 Champagne 80x150,,,taxable,parent,1,28,,0,0,,80,150,4,0,,518,1036,,,,,,,46184057,,,,,,1,,,Size,80x150,,1,,,,,,,,,,,,,,,,,,,,,,,,,,,,,,,,,,,,,80x150,,,,,,,,,,,,,,,,,,,,,,,,SI42V-80-150,,,,,,,,,,,,,,,,,,,
27042,variation,55719061,,Diamond Rug 700 Champagne - 120x170,1,0,visible,,Diamond Rug 700 Champagne 120x170,,,taxable,parent,1,70,,0,0,,120,170,4,0,,678,1356,,,,,,,46184057,,,,,,2,,,Size,120x170,,1,,,,,,,,,,,,,,,,,,,,,,,,,,,,,,,,,,,,,120x170,,,,,,,,,,,,,,,,,,,,,,,,SI42V-120-170,,,,,,,,,,,,,,,,,,,
27043,variation,55719064,,Diamond Rug 700 Champagne - 160x230,1,0,visible,,Diamond Rug 700 Champagne 160x230,,,taxable,parent,1,75,,0,0,,160,230,4,0,,998,1996,,,,,,,46184057,,,,,,3,,,Size,160x230,,1,,,,,,,,,,,,,,,,,,,,,,,,,,,,,,,,,,,,,160x230,,,,,,,,,,,,,,,,,,,,,,,,SI42V-160-230,,,,,,,,,,,,,,,,,,,
27044,variation,55719059,,Diamond Rug 700 Champagne - 200x290,1,0,visible,,Diamond Rug 700 Champagne 200x290,,,taxable,parent,1,28,,0,0,,200,290,4,0,,1398,2796,,,,,,,46184057,,,,,,4,,,Size,200x290,,1,,,,,,,,,,,,,,,,,,,,,,,,,,,,,,,,,,,,,200x290,,,,,,,,,,,,,,,,,,,,,,,,SI42V-200-290,,,,,,,,,,,,,,,,,,,
27045,variation,55719063,,Diamond Rug 700 Champagne - 240x330,1,0,visible,,Diamond Rug 700 Champagne 240x330,,,taxable,parent,1,105,,0,0,,240,330,4,0,,1798,3596,,,,,,,46184057,,,,,,5,,,Size,240x330,,1,,,,,,,,,,,,,,,,,,,,,,,,,,,,,,,,,,,,,240x330,,,,,,,,,,,,,,,,,,,,,,,,SI42V-240-330,,,,,,,,,,,,,,,,,,,
27064,variation,55719109,,Busdau Rug May Multicolor/Creme - 60x111,1,0,visible,,Busdau Rug May Multicolor/Creme 60x111,,,taxable,parent,0,0,,0,0,,60,111,1.8,0,,,1036,,,,,,,46184058,,,,,,1,,,Size,60x111,,1,,,,,,,,,,,,,,,,,,,,,,,,,,,,,,,,,,,,,60x111,,,,,,,,,,,,,,,,,,,,,,,,4PGGU-60-111-E,,,,,,,,,,,,,,,,,,,
27065,variation,55719110,,Busdau Rug May Multicolor/Creme - 80x151,1,0,visible,,Busdau Rug May Multicolor/Creme 80x151,,,taxable,parent,0,0,,0,0,,80,151,1.8,0,,,1436,,,,,,,46184058,,,,,,2,,,Size,80x151,,1,,,,,,,,,,,,,,,,,,,,,,,,,,,,,,,,,,,,,80x151,,,,,,,,,,,,,,,,,,,,,,,,4PGGU-80-151-E,,,,,,,,,,,,,,,,,,,
27066,variation,55719108,,Busdau Rug May Multicolor/Creme - 120x171,1,0,visible,,Busdau Rug May Multicolor/Creme 120x171,,,taxable,parent,0,0,,0,0,,120,171,1.8,0,,,2076,,,,,,,46184058,,,,,,3,,,Size,120x171,,1,,,,,,,,,,,,,,,,,,,,,,,,,,,,,,,,,,,,,120x171,,,,,,,,,,,,,,,,,,,,,,,,4PGGU-120-171-E,,,,,,,,,,,,,,,,,,,
27067,variation,55719111,,Busdau Rug May Multicolor/Creme - 133x191,1,0,visible,,Busdau Rug May Multicolor/Creme 133x191,,,taxable,parent,0,0,,0,0,,133,191,1.8,0,,,2396,,,,,,,46184058,,,,,,4,,,Size,133x191,,1,,,,,,,,,,,,,,,,,,,,,,,,,,,,,,,,,,,,,133x191,,,,,,,,,,,,,,,,,,,,,,,,4PGGU-133-191-E,,,,,,,,,,,,,,,,,,,
27068,variation,55719107,,Busdau Rug May Multicolor/Creme - 160x230,1,0,visible,,Busdau Rug May Multicolor/Creme 160x230,,,taxable,parent,0,0,,0,0,,160,230,1.8,0,,,3276,,,,,,,46184058,,,,,,5,,,Size,160x230,,1,,,,,,,,,,,,,,,,,,,,,,,,,,,,,,,,,,,,,160x230,,,,,,,,,,,,,,,,,,,,,,,,4PGGU-160-230-E,,,,,,,,,,,,,,,,,,,
27069,variation,55719106,,Busdau Rug May Multicolor/Creme - 240x301,1,0,visible,,Busdau Rug May Multicolor/Creme 240x301,,,taxable,parent,1,2,,0,0,,240,301,1.8,0,,,5916,,,,,,,46184058,,,,,,6,,,Size,240x301,,1,,,,,,,,,,,,,,,,,,,,,,,,,,,,,,,,,,,,,240x301,,,,,,,,,,,,,,,,,,,,,,,,4PGGU-240-301-E,,,,,,,,,,,,,,,,,,,
27213,variable,46184069,,Busdau Rug Gal Orange/Red,1,0,visible,Busdau Rug Gal Orange/Red ,Busdau Rug Gal Orange/Red ,,,taxable,,1,,,0,0,,,,,1,,,,"Rooms > Bedroom, Rooms > Entrance & Corridor, Rooms > Living room, Rugs > Modern, Rugs",,,"https://rugshop.eu/wp-content/uploads/2021/09/busdau-rug-gal-orange-red.jpg, https://rugshop.eu/wp-content/uploads/2021/09/busdau-rug-gal-orange-red-1.jpg, https://rugshop.eu/wp-content/uploads/2021/09/busdau-rug-gal-orange-red-2.jpg, https://rugshop.eu/wp-content/uploads/2021/09/busdau-rug-gal-orange-red-3.jpg, https://rugshop.eu/wp-content/uploads/2021/09/busdau-rug-gal-orange-red-4.jpg, https://rugshop.eu/wp-content/uploads/2021/09/busdau-rug-gal-orange-red-5.jpg, https://rugshop.eu/wp-content/uploads/2021/09/busdau-rug-gal-orange-red-6.jpg, https://rugshop.eu/wp-content/uploads/2021/09/busdau-rug-gal-orange-red-7.jpg, https://rugshop.eu/wp-content/uploads/2021/09/busdau-rug-gal-orange-red-8.jpg, https://rugshop.eu/wp-content/uploads/2021/09/busdau-rug-gal-orange-red-9.jpg, https://rugshop.eu/wp-content/uploads/2021/09/busdau-rug-gal-orange-red-10.jpg, https://rugshop.eu/wp-content/uploads/2021/09/busdau-rug-gal-orange-red-11.jpg",,,,,,,,,208,,,Size,"120x170, 133x190, 160x230, 200x290, 240x300, 80x150",1,1,Brand,D-sign,1,1,Color,"Blue, Red",1,1,Type of color,Multicolor,1,1,Shape,Rectangular,1,1,Material,Polypropylene,1,1,Type of rug,Modern,1,1,Weave,Machinemade,1,1,Country,Turkey,1,1,Age,New,1,1,,,,,,,,,,,,,,yes,yes,,,,,,,,,,,,,,,,,,,,,,,,,,,,,
27278,variation,55719472,,Busdau Rug Gal Orange/Red - 80x150,1,0,visible,,Busdau Rug Gal Orange/Red 80x150,,,taxable,parent,0,0,,0,0,,80,150,1.8,0,,,1436,,,,,,,46184069,,,,,,1,,,Size,80x150,,1,,,,,,,,,,,,,,,,,,,,,,,,,,,,,,,,,,,,,80x150,,,,,,,,,,,,,,,,,,,,,,,,YKFBB-80-150-E,,,,,,,,,,,,,,,,,,,
27279,variation,55719471,,Busdau Rug Gal Orange/Red - 120x170,1,0,visible,,Busdau Rug Gal Orange/Red 120x170,,,taxable,parent,0,0,,0,0,,120,170,1.8,0,,,2076,,,,,,,46184069,,,,,,2,,,Size,120x170,,1,,,,,,,,,,,,,,,,,,,,,,,,,,,,,,,,,,,,,120x170,,,,,,,,,,,,,,,,,,,,,,,,YKFBB-120-170-E,,,,,,,,,,,,,,,,,,,
27280,variation,55719470,,Busdau Rug Gal Orange/Red - 133x190,1,0,visible,,Busdau Rug Gal Orange/Red 133x190,,,taxable,parent,0,0,,0,0,,133,190,1.8,0,,,2396,,,,,,,46184069,,,,,,3,,,Size,133x190,,1,,,,,,,,,,,,,,,,,,,,,,,,,,,,,,,,,,,,,133x190,,,,,,,,,,,,,,,,,,,,,,,,YKFBB-133-190-E,,,,,,,,,,,,,,,,,,,
27281,variation,55719475,,Busdau Rug Gal Orange/Red - 160x230,1,0,visible,,Busdau Rug Gal Orange/Red 160x230,,,taxable,parent,0,0,,0,0,,160,230,1.8,0,,,3276,,,,,,,46184069,,,,,,4,,,Size,160x230,,1,,,,,,,,,,,,,,,,,,,,,,,,,,,,,,,,,,,,,160x230,,,,,,,,,,,,,,,,,,,,,,,,YKFBB-160-230-E,,,,,,,,,,,,,,,,,,,
27282,variation,55719474,,Busdau Rug Gal Orange/Red - 200x290,1,0,visible,,Busdau Rug Gal Orange/Red 200x290,,,taxable,parent,0,0,,0,0,,200,290,1.8,0,,,4876,,,,,,,46184069,,,,,,5,,,Size,200x290,,1,,,,,,,,,,,,,,,,,,,,,,,,,,,,,,,,,,,,,200x290,,,,,,,,,,,,,,,,,,,,,,,,YKFBB-200-290-E,,,,,,,,,,,,,,,,,,,
27283,variation,55719473,,Busdau Rug Gal Orange/Red - 240x300,1,0,visible,,Busdau Rug Gal Orange/Red 240x300,,,taxable,parent,1,2,,0,0,,240,300,1.8,0,,,5916,,,,,,,46184069,,,,,,6,,,Size,240x300,,1,,,,,,,,,,,,,,,,,,,,,,,,,,,,,,,,,,,,,240x300,,,,,,,,,,,,,,,,,,,,,,,,YKFBB-240-300-E,,,,,,,,,,,,,,,,,,,
27311,variable,46184075,,Busdau Rug Lal Brown/Beige,1,0,visible,Busdau Rug Lal Brown/Beige ,Busdau Rug Lal Brown/Beige ,,,taxable,,1,,,0,0,,,,,1,,,,"Rooms > Bedroom, Rooms > Entrance & Corridor, Rooms > Living room, Rugs > Modern, Rugs",,,"https://rugshop.eu/wp-content/uploads/2021/09/busdau-rug-lal-brown-beige.jpg, https://rugshop.eu/wp-content/uploads/2021/09/busdau-rug-lal-brown-beige-1.jpg, https://rugshop.eu/wp-content/uploads/2021/09/busdau-rug-lal-brown-beige-2.jpg, https://rugshop.eu/wp-content/uploads/2021/09/busdau-rug-lal-brown-beige-3.jpg, https://rugshop.eu/wp-content/uploads/2021/09/busdau-rug-lal-brown-beige-4.jpg, https://rugshop.eu/wp-content/uploads/2021/09/busdau-rug-lal-brown-beige-5.jpg, https://rugshop.eu/wp-content/uploads/2021/09/busdau-rug-lal-brown-beige-6.jpg, https://rugshop.eu/wp-content/uploads/2021/09/busdau-rug-lal-brown-beige-7.jpg, https://rugshop.eu/wp-content/uploads/2021/09/busdau-rug-lal-brown-beige-8.jpg, https://rugshop.eu/wp-content/uploads/2021/09/busdau-rug-lal-brown-beige-9.jpg, https://rugshop.eu/wp-content/uploads/2021/09/busdau-rug-lal-brown-beige-10.jpg, https://rugshop.eu/wp-content/uploads/2021/09/busdau-rug-lal-brown-beige-11.jpg, https://rugshop.eu/wp-content/uploads/2021/09/busdau-rug-lal-brown-beige-12.jpg, https://rugshop.eu/wp-content/uploads/2021/09/busdau-rug-lal-brown-beige-13.jpg",,,,,,,,,218,,,Size,"120x170, 133x190, 160x230, 200x290, 240x300, 60x110, 80x150",1,1,Brand,D-sign,1,1,Color,White-Beige,1,1,Type of color,Multicolor,1,1,Shape,Rectangular,1,1,Material,Polypropylene,1,1,Type of rug,Modern,1,1,Weave,Machinemade,1,1,Country,Turkey,1,1,Age,New,1,1,,,,,,,,,,,,,,yes,yes,,,,,,,,,,,,,,,,,,,,,,,,,,,,,
27384,variation,55719518,,Busdau Rug Lal Brown/Beige - 60x110,1,0,visible,,Busdau Rug Lal Brown/Beige 60x110,,,taxable,parent,0,0,,0,0,,60,110,1.8,0,,,796,,,,,,,46184075,,,,,,1,,,Size,60x110,,1,,,,,,,,,,,,,,,,,,,,,,,,,,,,,,,,,,,,,60x110,,,,,,,,,,,,,,,,,,,,,,,,KWKXK-60-110-E,,,,,,,,,,,,,,,,,,,
27385,variation,55719520,,Busdau Rug Lal Brown/Beige - 80x150,1,0,visible,,Busdau Rug Lal Brown/Beige 80x150,,,taxable,parent,0,0,,0,0,,80,150,1.8,0,,,1036,,,,,,,46184075,,,,,,2,,,Size,80x150,,1,,,,,,,,,,,,,,,,,,,,,,,,,,,,,,,,,,,,,80x150,,,,,,,,,,,,,,,,,,,,,,,,KWKXK-80-150-E,,,,,,,,,,,,,,,,,,,
27386,variation,55719521,,Busdau Rug Lal Brown/Beige - 120x170,1,0,visible,,Busdau Rug Lal Brown/Beige 120x170,,,taxable,parent,0,0,,0,0,,120,170,1.8,0,,,1436,,,,,,,46184075,,,,,,3,,,Size,120x170,,1,,,,,,,,,,,,,,,,,,,,,,,,,,,,,,,,,,,,,120x170,,,,,,,,,,,,,,,,,,,,,,,,KWKXK-120-170-E,,,,,,,,,,,,,,,,,,,
27387,variation,55719523,,Busdau Rug Lal Brown/Beige - 133x190,1,0,visible,,Busdau Rug Lal Brown/Beige 133x190,,,taxable,parent,0,0,,0,0,,133,190,1.8,0,,,1676,,,,,,,46184075,,,,,,4,,,Size,133x190,,1,,,,,,,,,,,,,,,,,,,,,,,,,,,,,,,,,,,,,133x190,,,,,,,,,,,,,,,,,,,,,,,,KWKXK-133-190-E,,,,,,,,,,,,,,,,,,,
27388,variation,55719522,,Busdau Rug Lal Brown/Beige - 160x230,1,0,visible,,Busdau Rug Lal Brown/Beige 160x230,,,taxable,parent,0,0,,0,0,,160,230,1.8,0,,,2156,,,,,,,46184075,,,,,,5,,,Size,160x230,,1,,,,,,,,,,,,,,,,,,,,,,,,,,,,,,,,,,,,,160x230,,,,,,,,,,,,,,,,,,,,,,,,KWKXK-160-230-E,,,,,,,,,,,,,,,,,,,
27389,variation,55719519,,Busdau Rug Lal Brown/Beige - 200x290,1,0,visible,,Busdau Rug Lal Brown/Beige 200x290,,,taxable,parent,0,0,,0,0,,200,290,1.8,0,,,3116,,,,,,,46184075,,,,,,6,,,Size,200x290,,1,,,,,,,,,,,,,,,,,,,,,,,,,,,,,,,,,,,,,200x290,,,,,,,,,,,,,,,,,,,,,,,,KWKXK-200-290-E,,,,,,,,,,,,,,,,,,,
27390,variation,55719517,,Busdau Rug Lal Brown/Beige - 240x300,1,0,visible,,Busdau Rug Lal Brown/Beige 240x300,,,taxable,parent,1,4,,0,0,,240,300,1.8,0,,,3756,,,,,,,46184075,,,,,,7,,,Size,240x300,,1,,,,,,,,,,,,,,,,,,,,,,,,,,,,,,,,,,,,,240x300,,,,,,,,,,,,,,,,,,,,,,,,KWKXK-240-300-E,,,,,,,,,,,,,,,,,,,
27452,variable,46184081,,Yelmis Rug Yaro Red,1,0,visible,Yelmis Rug Yaro Red ,Yelmis Rug Yaro Red ,,,taxable,,1,,,0,0,,,,,1,,,,"Rooms > Bedroom, Rooms > Entrance & Corridor, Rooms > Living room, Rugs > Modern, Rugs",,,"https://rugshop.eu/wp-content/uploads/2021/09/yelmis-rug-yaro-red.jpg, https://rugshop.eu/wp-content/uploads/2021/09/yelmis-rug-yaro-red-1.jpg, https://rugshop.eu/wp-content/uploads/2021/09/yelmis-rug-yaro-red-2.jpg, https://rugshop.eu/wp-content/uploads/2021/09/yelmis-rug-yaro-red-3.jpg, https://rugshop.eu/wp-content/uploads/2021/09/yelmis-rug-yaro-red-4.jpg, https://rugshop.eu/wp-content/uploads/2021/09/yelmis-rug-yaro-red-5.jpg, https://rugshop.eu/wp-content/uploads/2021/09/yelmis-rug-yaro-red-6.jpg, https://rugshop.eu/wp-content/uploads/2021/09/yelmis-rug-yaro-red-7.jpg, https://rugshop.eu/wp-content/uploads/2021/09/yelmis-rug-yaro-red-8.jpg, https://rugshop.eu/wp-content/uploads/2021/09/yelmis-rug-yaro-red-9.jpg, https://rugshop.eu/wp-content/uploads/2021/09/yelmis-rug-yaro-red-10.jpg, https://rugshop.eu/wp-content/uploads/2021/09/yelmis-rug-yaro-red-11.jpg, https://rugshop.eu/wp-content/uploads/2021/09/yelmis-rug-yaro-red-12.jpg, https://rugshop.eu/wp-content/uploads/2021/09/yelmis-rug-yaro-red-13.jpg",,,,,,,,,5206,,,Size,"120x170, 130x190, 170x230, 60x90, 70x130, 70x140, 80x150",1,1,Brand,D-sign,1,1,Color,Red,1,1,Type of color,Multicolor,1,1,Shape,"Rectangular, Runner",1,1,Material,Cotton,1,1,Type of rug,Modern,1,1,Weave,Handmade,1,1,Country,India,1,1,Age,New,1,1,,,,,,,,,,,,,,yes,yes,,,,,,,,,,,,,,,,,,,,,,,,,,,,,
27481,variable,46184082,,Cape Rug Lemland Gray/Red,1,0,visible,Cape Rug Lemland Gray/Red ,Cape Rug Lemland Gray/Red ,,,taxable,,1,,,0,0,,,,,1,,,,"Rooms > Bedroom, Rooms > Entrance & Corridor, Rooms > Living room, Rugs > Modern, Rugs",,,"https://rugshop.eu/wp-content/uploads/2021/09/cape-rug-lemland-gray-red.jpg, https://rugshop.eu/wp-content/uploads/2021/09/cape-rug-lemland-gray-red-1.jpg, https://rugshop.eu/wp-content/uploads/2021/09/cape-rug-lemland-gray-red-2.jpg, https://rugshop.eu/wp-content/uploads/2021/09/cape-rug-lemland-gray-red-3.jpg, https://rugshop.eu/wp-content/uploads/2021/09/cape-rug-lemland-gray-red-4.jpg, https://rugshop.eu/wp-content/uploads/2021/09/cape-rug-lemland-gray-red-5.jpg, https://rugshop.eu/wp-content/uploads/2021/09/cape-rug-lemland-gray-red-6.jpg, https://rugshop.eu/wp-content/uploads/2021/09/cape-rug-lemland-gray-red-7.jpg",,,,,,,,,253,,,Size,"120x170, 140x200, 170x240, 80x150",1,1,Brand,D-sign,1,1,Color,Red,1,1,Type of color,Multicolor,1,1,Shape,Rectangular,1,1,Material,Wool,1,1,Type of rug,Modern,1,1,Weave,Handmade,1,1,Country,India,1,1,Age,New,1,1,,,,,,,,,,,,,,yes,yes,,,,,,,,,,,,,,,,,,,,,,,,,,,,,
27510,variation,55719621,,Yelmis Rug Yaro Red - 60x90,1,0,visible,,Yelmis Rug Yaro Red 60x90,,,taxable,parent,0,0,,0,0,,60,90,0.8,0,,,796,,,,,,,46184081,,,,,,1,,,Size,60x90,,1,,,,,,,,,,,,,,,,,,,,,,,,,,,,,,,,,,,,,60x90,,,,,,,,,,,,,,,,,,,,,,,,TCZ8Y-60-90-E,,,,,,,,,,,,,,,,,,,
27511,variation,55719617,,Yelmis Rug Yaro Red - 70x130,1,0,visible,,Yelmis Rug Yaro Red 70x130,,,taxable,parent,0,0,,0,0,,70,130,0.8,0,,,1036,,,,,,,46184081,,,,,,2,,,Size,70x130,,1,,,,,,,,,,,,,,,,,,,,,,,,,,,,,,,,,,,,,70x130,,,,,,,,,,,,,,,,,,,,,,,,TCZ8Y-70-130-E,,,,,,,,,,,,,,,,,,,
27512,variation,55719615,,Yelmis Rug Yaro Red - 70x140,1,0,visible,,Yelmis Rug Yaro Red 70x140,,,taxable,parent,0,0,,0,0,,70,140,0.8,0,,,1036,,,,,,,46184081,,,,,,3,,,Size,70x140,,1,,,,,,,,,,,,,,,,,,,,,,,,,,,,,,,,,,,,,70x140,,,,,,,,,,,,,,,,,,,,,,,,TCZ8Y-70-140-E,,,,,,,,,,,,,,,,,,,
27513,variation,55719616,,Yelmis Rug Yaro Red - 80x150,1,0,visible,,Yelmis Rug Yaro Red 80x150,,,taxable,parent,0,0,,0,0,,80,150,0.8,0,,,1116,,,,,,,46184081,,,,,,4,,,Size,80x150,,1,,,,,,,,,,,,,,,,,,,,,,,,,,,,,,,,,,,,,80x150,,,,,,,,,,,,,,,,,,,,,,,,TCZ8Y-80-150-E,,,,,,,,,,,,,,,,,,,
27514,variation,55719619,,Yelmis Rug Yaro Red - 120x170,1,0,visible,,Yelmis Rug Yaro Red 120x170,,,taxable,parent,0,0,,0,0,,120,170,0.8,0,,,1596,,,,,,,46184081,,,,,,5,,,Size,120x170,,1,,,,,,,,,,,,,,,,,,,,,,,,,,,,,,,,,,,,,120x170,,,,,,,,,,,,,,,,,,,,,,,,TCZ8Y-120-170-E,,,,,,,,,,,,,,,,,,,
27515,variation,55719618,,Yelmis Rug Yaro Red - 130x190,1,0,visible,,Yelmis Rug Yaro Red 130x190,,,taxable,parent,1,2,,0,0,,130,190,0.8,0,,,1836,,,,,,,46184081,,,,,,6,,,Size,130x190,,1,,,,,,,,,,,,,,,,,,,,,,,,,,,,,,,,,,,,,130x190,,,,,,,,,,,,,,,,,,,,,,,,TCZ8Y-130-190-E,,,,,,,,,,,,,,,,,,,
27516,variation,55719620,,Yelmis Rug Yaro Red - 170x230,1,0,visible,,Yelmis Rug Yaro Red 170x230,,,taxable,parent,0,0,,0,0,,170,230,0.8,0,,,2556,,,,,,,46184081,,,,,,7,,,Size,170x230,,1,,,,,,,,,,,,,,,,,,,,,,,,,,,,,,,,,,,,,170x230,,,,,,,,,,,,,,,,,,,,,,,,TCZ8Y-170-230-E,,,,,,,,,,,,,,,,,,,
27526,variation,55719626,,Cape Rug Lemland Gray/Red - 80x150,1,0,visible,,Cape Rug Lemland Gray/Red 80x150,,,taxable,parent,0,0,,0,0,,80,150,0.8,0,,,1276,,,,,,,46184082,,,,,,1,,,Size,80x150,,1,,,,,,,,,,,,,,,,,,,,,,,,,,,,,,,,,,,,,80x150,,,,,,,,,,,,,,,,,,,,,,,,3OKAB-80-150-E,,,,,,,,,,,,,,,,,,,
27527,variation,55719627,,Cape Rug Lemland Gray/Red - 120x170,1,0,visible,,Cape Rug Lemland Gray/Red 120x170,,,taxable,parent,0,0,,0,0,,120,170,0.8,0,,,1836,,,,,,,46184082,,,,,,2,,,Size,120x170,,1,,,,,,,,,,,,,,,,,,,,,,,,,,,,,,,,,,,,,120x170,,,,,,,,,,,,,,,,,,,,,,,,3OKAB-120-170-E,,,,,,,,,,,,,,,,,,,
27528,variation,55719625,,Cape Rug Lemland Gray/Red - 140x200,1,0,visible,,Cape Rug Lemland Gray/Red 140x200,,,taxable,parent,0,0,,0,0,,140,200,0.8,0,,,2316,,,,,,,46184082,,,,,,3,,,Size,140x200,,1,,,,,,,,,,,,,,,,,,,,,,,,,,,,,,,,,,,,,140x200,,,,,,,,,,,,,,,,,,,,,,,,3OKAB-140-200-E,,,,,,,,,,,,,,,,,,,
27529,variation,55719624,,Cape Rug Lemland Gray/Red - 170x240,1,0,visible,,Cape Rug Lemland Gray/Red 170x240,,,taxable,parent,1,27,,0,0,,170,240,0.8,0,,,3116,,,,,,,46184082,,,,,,4,,,Size,170x240,,1,,,,,,,,,,,,,,,,,,,,,,,,,,,,,,,,,,,,,170x240,,,,,,,,,,,,,,,,,,,,,,,,3OKAB-170-240-E,,,,,,,,,,,,,,,,,,,
27567,variable,46184090,,Rabbit Rug 100 Anthracite,1,0,visible,Rabbit Rug 100 Anthracite,Rabbit Rug 100 Anthracite,,,taxable,,1,,,0,0,,,,,0,,,,"Rooms > Bedroom, Rooms > Entrance & Corridor, Rooms > Living room, Rugs > Modern, Rugs",,,"https://rugshop.eu/wp-content/uploads/2021/09/rabbit-rug-100-anthracite.jpg, https://rugshop.eu/wp-content/uploads/2021/09/rabbit-rug-100-anthracite-1.jpg, https://rugshop.eu/wp-content/uploads/2021/09/rabbit-rug-100-anthracite-2.jpg, https://rugshop.eu/wp-content/uploads/2021/09/rabbit-rug-100-anthracite-3.jpg, https://rugshop.eu/wp-content/uploads/2021/09/rabbit-rug-100-anthracite-4.jpg",,,,,,,,,4930,,,Size,"120x170, 160x230, 180x280, 80x150",1,1,Brand,D-sign,1,1,Color,Black-Grey,1,1,Type of color,Singlecolor,1,1,Shape,Rectangular,1,1,Material,Polyester,1,1,Type of rug,Modern,1,1,Weave,Handmade,1,1,Country,China,1,1,Age,New,1,1,,,,,default,default,default,default,,,90,1,,yes,yes,,,,,,,,,classic-editor,,,,,,,,,,,,,,,,,,,,
27629,variation,55719927,,Rabbit Rug 100 Anthracite - 80x150,1,0,visible,,Rabbit Rug 100 Anthracite 80x150,,,taxable,parent,1,1,,0,0,,80,150,4.5,0,,,1436,,,,,,,46184090,,,,,,1,,,Size,80x150,,1,,,,,,,,,,,,,,,,,,,,,,,,,,,,,,,,,,,,,80x150,,,,,,,,,,,,,,,,,,,,,,,,Z65RV-80-150-E,,,,,,,,,,,,,,,,,,,
27630,variation,55719925,,Rabbit Rug 100 Anthracite - 120x170,1,0,visible,,Rabbit Rug 100 Anthracite 120x170,,,taxable,parent,0,0,,0,0,,120,170,4.5,0,,,2076,,,,,,,46184090,,,,,,2,,,Size,120x170,,1,,,,,,,,,,,,,,,,,,,,,,,,,,,,,,,,,,,,,120x170,,,,,,,,,,,,,,,,,,,,,,,,Z65RV-120-170-E,,,,,,,,,,,,,,,,,,,
27631,variation,55719924,,Rabbit Rug 100 Anthracite - 160x230,1,0,visible,,Rabbit Rug 100 Anthracite 160x230,,,taxable,parent,1,381,,0,0,,160,230,4.5,0,,,3276,,,,,,,46184090,,,,,,3,,,Size,160x230,,1,,,,,,,,,,,,,,,,,,,,,,,,,,,,,,,,,,,,,160x230,,,,,,,,,,,,,,,,,,,,,,,,Z65RV-160-230-E,,,,,,,,,,,,,,,,,,,
27632,variation,55719926,,Rabbit Rug 100 Anthracite - 180x280,1,0,visible,,Rabbit Rug 100 Anthracite 180x280,,,taxable,parent,1,474,,0,0,,180,280,4.5,0,,,4316,,,,,,,46184090,,,,,,4,,,Size,180x280,,1,,,,,,,,,,,,,,,,,,,,,,,,,,,,,,,,,,,,,180x280,,,,,,,,,,,,,,,,,,,,,,,,Z65RV-180-280-E,,,,,,,,,,,,,,,,,,,
27686,variable,46184098,,Spark Rug 210 Ivory/Guld,1,0,visible,Spark Rug 210 Ivory/Guld,Spark Rug 210 Ivory/Guld,,,taxable,,1,,,0,0,,,,,0,,,,"Rooms > Bedroom, Rooms > Entrance & Corridor, Rugs > Leather & hides, Rooms > Living room, Rugs > Modern, Rugs",,,"https://rugshop.eu/wp-content/uploads/2021/09/spark-rug-210-ivory-guld.jpg, https://rugshop.eu/wp-content/uploads/2021/09/spark-rug-210-ivory-guld-1.jpg, https://rugshop.eu/wp-content/uploads/2021/09/spark-rug-210-ivory-guld-2.jpg, https://rugshop.eu/wp-content/uploads/2021/09/spark-rug-210-ivory-guld-3.jpg, https://rugshop.eu/wp-content/uploads/2021/09/spark-rug-210-ivory-guld-4.jpg",,,,,,,,,5097,,,Size,"120x170, 160x230, 80x150",1,1,Brand,D-sign,1,1,Color,White-Beige,1,1,Type of color,Multicolor,1,1,Shape,Rectangular,1,1,Material,Leather,1,1,Type of rug,"Leather / Hide rug, Modern",1,1,Weave,Machinemade,1,1,Country,India,1,1,Age,New,1,1,,,,,default,default,default,default,,,90,1,,yes,yes,,,,,,,,,,,,,,,,,,,,,,,,,,,,,
27708,variable,46184099,,Spark Rug 210 Ivory/Chromium,1,0,visible,Spark Rug 210 Ivory/Chromium,Spark Rug 210 Ivory/Chromium,,,taxable,,1,,,0,0,,,,,0,,,,"Rooms > Bedroom, Rooms > Entrance & Corridor, Rugs > Leather & hides, Rooms > Living room, Rugs > Modern, Rugs",,,"https://rugshop.eu/wp-content/uploads/2021/09/spark-rug-210-ivory-chromium.jpg, https://rugshop.eu/wp-content/uploads/2021/09/spark-rug-210-ivory-chromium-1.jpg, https://rugshop.eu/wp-content/uploads/2021/09/spark-rug-210-ivory-chromium-2.jpg, https://rugshop.eu/wp-content/uploads/2021/09/spark-rug-210-ivory-chromium-3.jpg, https://rugshop.eu/wp-content/uploads/2021/09/spark-rug-210-ivory-chromium-4.jpg",,,,,,,,,5096,,,Size,"120x170, 160x230, 80x150",1,1,Brand,D-sign,1,1,Color,White-Beige,1,1,Type of color,Multicolor,1,1,Shape,Rectangular,1,1,Material,Leather,1,1,Type of rug,"Leather / Hide rug, Modern",1,1,Weave,Machinemade,1,1,Country,India,1,1,Age,New,1,1,,,,,default,default,default,default,,,90,1,,yes,yes,,,,,,,,,,,,,,,,,,,,,,,,,,,,,
27730,variable,46184100,,Spark Rug 410 Ivory/Guld,1,0,visible,Spark Rug 410 Ivory/Guld,Spark Rug 410 Ivory/Guld,,,taxable,,1,,,0,0,,,,,0,,,,"Rooms > Bedroom, Rooms > Entrance & Corridor, Rugs > Leather & hides, Rooms > Living room, Rugs > Modern, Rugs",,,"https://rugshop.eu/wp-content/uploads/2021/09/spark-rug-410-ivory-guld.jpg, https://rugshop.eu/wp-content/uploads/2021/09/spark-rug-410-ivory-guld-1.jpg, https://rugshop.eu/wp-content/uploads/2021/09/spark-rug-410-ivory-guld-2.jpg, https://rugshop.eu/wp-content/uploads/2021/09/spark-rug-410-ivory-guld-3.jpg, https://rugshop.eu/wp-content/uploads/2021/09/spark-rug-410-ivory-guld-4.jpg",,,,,,,,,5099,,,Size,"120x170, 160x230, 80x150",1,1,Brand,D-sign,1,1,Color,White-Beige,1,1,Type of color,Multicolor,1,1,Shape,Rectangular,1,1,Material,Leather,1,1,Type of rug,"Leather / Hide rug, Modern",1,1,Weave,Machinemade,1,1,Country,India,1,1,Age,New,1,1,,,,,default,default,default,default,,,90,1,,yes,yes,,,,,,,,,,,,,,,,,,,,,,,,,,,,,
27731,variable,46184101,,Fairber Rug Frisee Sed Taupe,1,0,visible,Fairber Rug Frisee Sed Taupe ,Fairber Rug Frisee Sed Taupe ,,,taxable,,1,,,0,0,,,,,1,,,,"Rooms > Bedroom, Rooms > Living room, Rugs > Modern, Rugs",,,"https://rugshop.eu/wp-content/uploads/2021/09/fairber-rug-frisee-sed-taupe.jpg, https://rugshop.eu/wp-content/uploads/2021/09/fairber-rug-frisee-sed-taupe-1.jpg, https://rugshop.eu/wp-content/uploads/2021/09/fairber-rug-frisee-sed-taupe-2.jpg, https://rugshop.eu/wp-content/uploads/2021/09/fairber-rug-frisee-sed-taupe-3.jpg",,,,,,,,,2859,,,Size,"140x200, 70x140",1,1,Brand,D-sign,1,1,Color,Black-Grey,1,1,Type of color,Multicolor,1,1,Shape,"Rectangular, Runner",1,1,Material,Acrylic,1,1,Type of rug,Modern,1,1,Weave,Handmade,1,1,Country,China,1,1,Age,New,1,1,,,,,,,,,,,,,,yes,yes,,,,,,,,,,,,,,,,,,,,,,,,,,,,,
27753,variable,46184102,,Sweden Halmstad Rug Coffee,1,0,visible,Sweden Halmstad Rug Coffee ,Sweden Halmstad Rug Coffee ,,,taxable,,1,,,0,0,,,,,1,,,,"Rooms > Bedroom, Rooms > Entrance & Corridor, Rooms > Living room, Rugs > Modern, Rugs",,,"https://rugshop.eu/wp-content/uploads/2021/09/sweden-halmstad-rug-coffee.jpg, https://rugshop.eu/wp-content/uploads/2021/09/sweden-halmstad-rug-coffee-1.jpg, https://rugshop.eu/wp-content/uploads/2021/09/sweden-halmstad-rug-coffee-2.jpg, https://rugshop.eu/wp-content/uploads/2021/09/sweden-halmstad-rug-coffee-3.jpg, https://rugshop.eu/wp-content/uploads/2021/09/sweden-halmstad-rug-coffee-4.jpg, https://rugshop.eu/wp-content/uploads/2021/09/sweden-halmstad-rug-coffee-5.jpg, https://rugshop.eu/wp-content/uploads/2021/09/sweden-halmstad-rug-coffee-6.jpg, https://rugshop.eu/wp-content/uploads/2021/09/sweden-halmstad-rug-coffee-7.jpg, https://rugshop.eu/wp-content/uploads/2021/09/sweden-halmstad-rug-coffee-8.jpg, https://rugshop.eu/wp-content/uploads/2021/09/sweden-halmstad-rug-coffee-9.jpg, https://rugshop.eu/wp-content/uploads/2021/09/sweden-halmstad-rug-coffee-10.jpg, https://rugshop.eu/wp-content/uploads/2021/09/sweden-halmstad-rug-coffee-11.jpg, https://rugshop.eu/wp-content/uploads/2021/09/sweden-halmstad-rug-coffee-12.jpg, https://rugshop.eu/wp-content/uploads/2021/09/sweden-halmstad-rug-coffee-13.jpg, https://rugshop.eu/wp-content/uploads/2021/09/sweden-halmstad-rug-coffee-14.jpg, https://rugshop.eu/wp-content/uploads/2021/09/sweden-halmstad-rug-coffee-15.jpg, https://rugshop.eu/wp-content/uploads/2021/09/sweden-halmstad-rug-coffee-16.jpg, https://rugshop.eu/wp-content/uploads/2021/09/sweden-halmstad-rug-coffee-17.jpg, https://rugshop.eu/wp-content/uploads/2021/09/sweden-halmstad-rug-coffee-18.jpg, https://rugshop.eu/wp-content/uploads/2021/09/sweden-halmstad-rug-coffee-19.jpg",,,,,,,,,5115,,,Size,"120x170, 160x230, 200x290, 60x110, 80x150",1,1,Brand,D-sign,1,1,Color,Yellow-Brown,1,1,Type of color,Multicolor,1,1,Shape,Rectangular,1,1,Material,Polypropylene,1,1,Type of rug,Modern,1,1,Weave,Machinemade,1,1,Country,Belgium,1,1,Age,New,1,1,,,,,,,,,,,,,,yes,yes,,,,,,,,,,,,,,,,,,,,,,,,,,,,,
27799,variation,55721424,,Spark Rug 210 Ivory/Guld - 80x150,1,0,visible,,Spark Rug 210 Ivory/Guld 80x150,,,taxable,parent,0,0,,0,0,,80,150,0.8,0,,,3516,,,,,,,46184098,,,,,,1,,,Size,80x150,,1,,,,,,,,,,,,,,,,,,,,,,,,,,,,,,,,,,,,,80x150,,,,,,,,,,,,,,,,,,,,,,,,YLX8Y-80-150,,,,,,,,,,,,,,,,,,,
27800,variation,55721425,,Spark Rug 210 Ivory/Guld - 120x170,1,0,visible,,Spark Rug 210 Ivory/Guld 120x170,,,taxable,parent,1,31,,0,0,,120,170,0.8,0,,,5596,,,,,,,46184098,,,,,,2,,,Size,120x170,,1,,,,,,,,,,,,,,,,,,,,,,,,,,,,,,,,,,,,,120x170,,,,,,,,,,,,,,,,,,,,,,,,YLX8Y-120-170,,,,,,,,,,,,,,,,,,,
27801,variation,55721423,,Spark Rug 210 Ivory/Guld - 160x230,1,0,visible,,Spark Rug 210 Ivory/Guld 160x230,,,taxable,parent,0,0,,0,0,,160,230,0.8,0,,,9596,,,,,,,46184098,,,,,,3,,,Size,160x230,,1,,,,,,,,,,,,,,,,,,,,,,,,,,,,,,,,,,,,,160x230,,,,,,,,,,,,,,,,,,,,,,,,YLX8Y-160-230,,,,,,,,,,,,,,,,,,,
27816,variation,55721434,,Spark Rug 210 Ivory/Chromium - 80x150,1,0,visible,,Spark Rug 210 Ivory/Chromium 80x150,,,taxable,parent,1,31,,0,0,,80,150,0.8,0,,,3516,,,,,,,46184099,,,,,,1,,,Size,80x150,,1,,,,,,,,,,,,,,,,,,,,,,,,,,,,,,,,,,,,,80x150,,,,,,,,,,,,,,,,,,,,,,,,DTDYQ-80-150,,,,,,,,,,,,,,,,,,,
27817,variation,55721435,,Spark Rug 210 Ivory/Chromium - 120x170,1,0,visible,,Spark Rug 210 Ivory/Chromium 120x170,,,taxable,parent,1,14,,0,0,,120,170,0.8,0,,,5596,,,,,,,46184099,,,,,,2,,,Size,120x170,,1,,,,,,,,,,,,,,,,,,,,,,,,,,,,,,,,,,,,,120x170,,,,,,,,,,,,,,,,,,,,,,,,DTDYQ-120-170,,,,,,,,,,,,,,,,,,,
27818,variation,55721436,,Spark Rug 210 Ivory/Chromium - 160x230,1,0,visible,,Spark Rug 210 Ivory/Chromium 160x230,,,taxable,parent,0,0,,0,0,,160,230,0.8,0,,,9596,,,,,,,46184099,,,,,,3,,,Size,160x230,,1,,,,,,,,,,,,,,,,,,,,,,,,,,,,,,,,,,,,,160x230,,,,,,,,,,,,,,,,,,,,,,,,DTDYQ-160-230,,,,,,,,,,,,,,,,,,,
27832,variation,55721441,,Spark Rug 410 Ivory/Guld - 80x150,1,0,visible,,Spark Rug 410 Ivory/Guld 80x150,,,taxable,parent,1,6,,0,0,,80,150,0.8,0,,,3516,,,,,,,46184100,,,,,,1,,,Size,80x150,,1,,,,,,,,,,,,,,,,,,,,,,,,,,,,,,,,,,,,,80x150,,,,,,,,,,,,,,,,,,,,,,,,4ZINB-80-150,,,,,,,,,,,,,,,,,,,
27833,variation,55721440,,Spark Rug 410 Ivory/Guld - 120x170,1,0,visible,,Spark Rug 410 Ivory/Guld 120x170,,,taxable,parent,0,0,,0,0,,120,170,0.8,0,,,5596,,,,,,,46184100,,,,,,2,,,Size,120x170,,1,,,,,,,,,,,,,,,,,,,,,,,,,,,,,,,,,,,,,120x170,,,,,,,,,,,,,,,,,,,,,,,,4ZINB-120-170,,,,,,,,,,,,,,,,,,,
27834,variation,55721442,,Spark Rug 410 Ivory/Guld - 160x230,1,0,visible,,Spark Rug 410 Ivory/Guld 160x230,,,taxable,parent,0,0,,0,0,,160,230,0.8,0,,,9596,,,,,,,46184100,,,,,,3,,,Size,160x230,,1,,,,,,,,,,,,,,,,,,,,,,,,,,,,,,,,,,,,,160x230,,,,,,,,,,,,,,,,,,,,,,,,4ZINB-160-230,,,,,,,,,,,,,,,,,,,
27840,variation,55721689,,Fairber Rug Frisee Sed Taupe - 70x140,1,0,visible,,Fairber Rug Frisee Sed Taupe 70x140,,,taxable,parent,1,20,,0,0,,70,140,1.7,0,,,1596,,,,,,,46184101,,,,,,1,,,Size,70x140,,1,,,,,,,,,,,,,,,,,,,,,,,,,,,,,,,,,,,,,70x140,,,,,,,,,,,,,,,,,,,,,,,,HGL1O-70-140,,,,,,,,,,,,,,,,,,,
27841,variation,55721690,,Fairber Rug Frisee Sed Taupe - 140x200,1,0,visible,,Fairber Rug Frisee Sed Taupe 140x200,,,taxable,parent,0,0,,0,0,,140,200,1.7,0,,,3516,,,,,,,46184101,,,,,,2,,,Size,140x200,,1,,,,,,,,,,,,,,,,,,,,,,,,,,,,,,,,,,,,,140x200,,,,,,,,,,,,,,,,,,,,,,,,HGL1O-140-200,,,,,,,,,,,,,,,,,,,
27864,variable,46184107,,Sweden Stockholm Rug Silver,1,0,visible,Sweden Stockholm Rug Silver ,Sweden Stockholm Rug Silver ,,,taxable,,1,,,0,0,,,,,1,,,,"Rooms > Bedroom, Rooms > Entrance & Corridor, Rooms > Kitchen, Rooms > Living room, Rugs > Modern, Rugs",,,"https://rugshop.eu/wp-content/uploads/2021/09/sweden-stockholm-rug-silver.jpg, https://rugshop.eu/wp-content/uploads/2021/09/sweden-stockholm-rug-silver-1.jpg, https://rugshop.eu/wp-content/uploads/2021/09/sweden-stockholm-rug-silver-2.jpg, https://rugshop.eu/wp-content/uploads/2021/09/sweden-stockholm-rug-silver-3.jpg, https://rugshop.eu/wp-content/uploads/2021/09/sweden-stockholm-rug-silver-4.jpg, https://rugshop.eu/wp-content/uploads/2021/09/sweden-stockholm-rug-silver-5.jpg, https://rugshop.eu/wp-content/uploads/2021/09/sweden-stockholm-rug-silver-6.jpg, https://rugshop.eu/wp-content/uploads/2021/09/sweden-stockholm-rug-silver-7.jpg, https://rugshop.eu/wp-content/uploads/2021/09/sweden-stockholm-rug-silver-8.jpg, https://rugshop.eu/wp-content/uploads/2021/09/sweden-stockholm-rug-silver-9.jpg, https://rugshop.eu/wp-content/uploads/2021/09/sweden-stockholm-rug-silver-10.jpg, https://rugshop.eu/wp-content/uploads/2021/09/sweden-stockholm-rug-silver-11.jpg, https://rugshop.eu/wp-content/uploads/2021/09/sweden-stockholm-rug-silver-12.jpg, https://rugshop.eu/wp-content/uploads/2021/09/sweden-stockholm-rug-silver-13.jpg, https://rugshop.eu/wp-content/uploads/2021/09/sweden-stockholm-rug-silver-14.jpg, https://rugshop.eu/wp-content/uploads/2021/09/sweden-stockholm-rug-silver-15.jpg, https://rugshop.eu/wp-content/uploads/2021/09/sweden-stockholm-rug-silver-16.jpg, https://rugshop.eu/wp-content/uploads/2021/09/sweden-stockholm-rug-silver-17.jpg, https://rugshop.eu/wp-content/uploads/2021/09/sweden-stockholm-rug-silver-18.jpg, https://rugshop.eu/wp-content/uploads/2021/09/sweden-stockholm-rug-silver-19.jpg",,,,,,,,,5120,,,Size,"120x170, 160x230, 200x290, 80x150",1,1,Brand,D-sign,1,1,Color,Yellow-Brown,1,1,Type of color,Multicolor,1,1,Shape,Rectangular,1,1,Material,Polypropylene,1,1,Type of rug,Modern,1,1,Weave,Machinemade,1,1,Country,Belgium,1,1,Age,New,1,1,,,,,,,,,,,,,,yes,yes,,,,,,,,,,,,,,,,,,,,,,,,,,,,,
27865,variation,55721722,,Sweden Halmstad Rug Coffee - 60x110,1,0,visible,,Sweden Halmstad Rug Coffee 60x110,,,taxable,parent,0,0,,0,0,,60,110,0.5,0,,,716,,,,,,,46184102,,,,,,1,,,Size,60x110,,1,,,,,,,,,,,,,,,,,,,,,,,,,,,,,,,,,,,,,60x110,,,,,,,,,,,,,,,,,,,,,,,,CRUAU-60-110,,,,,,,,,,,,,,,,,,,
27866,variation,55721720,,Sweden Halmstad Rug Coffee - 80x150,1,0,visible,,Sweden Halmstad Rug Coffee 80x150,,,taxable,parent,1,2,,0,0,,80,150,0.5,0,,,876,,,,,,,46184102,,,,,,2,,,Size,80x150,,1,,,,,,,,,,,,,,,,,,,,,,,,,,,,,,,,,,,,,80x150,,,,,,,,,,,,,,,,,,,,,,,,CRUAU-80-150,,,,,,,,,,,,,,,,,,,
27867,variation,55721723,,Sweden Halmstad Rug Coffee - 120x170,1,0,visible,,Sweden Halmstad Rug Coffee 120x170,,,taxable,parent,0,0,,0,0,,120,170,0.5,0,,,1116,,,,,,,46184102,,,,,,3,,,Size,120x170,,1,,,,,,,,,,,,,,,,,,,,,,,,,,,,,,,,,,,,,120x170,,,,,,,,,,,,,,,,,,,,,,,,CRUAU-120-170,,,,,,,,,,,,,,,,,,,
27868,variation,55721719,,Sweden Halmstad Rug Coffee - 160x230,1,0,visible,,Sweden Halmstad Rug Coffee 160x230,,,taxable,parent,0,0,,0,0,,160,230,0.5,0,,,1516,,,,,,,46184102,,,,,,4,,,Size,160x230,,1,,,,,,,,,,,,,,,,,,,,,,,,,,,,,,,,,,,,,160x230,,,,,,,,,,,,,,,,,,,,,,,,CRUAU-160-230,,,,,,,,,,,,,,,,,,,
27869,variation,55721721,,Sweden Halmstad Rug Coffee - 200x290,1,0,visible,,Sweden Halmstad Rug Coffee 200x290,,,taxable,parent,0,0,,0,0,,200,290,0.5,0,,,2076,,,,,,,46184102,,,,,,5,,,Size,200x290,,1,,,,,,,,,,,,,,,,,,,,,,,,,,,,,,,,,,,,,200x290,,,,,,,,,,,,,,,,,,,,,,,,CRUAU-200-290,,,,,,,,,,,,,,,,,,,
27926,variable,46184110,,Sweden Uppsala Rug Coffee,1,0,visible,Sweden Uppsala Rug Coffee ,Sweden Uppsala Rug Coffee ,,,taxable,,1,,,0,0,,,,,1,,,,"Rooms > Bedroom, Rooms > Kitchen, Rooms > Living room, Rugs > Modern, Rugs",,,"https://rugshop.eu/wp-content/uploads/2021/09/sweden-uppsala-rug-coffee.jpg, https://rugshop.eu/wp-content/uploads/2021/09/sweden-uppsala-rug-coffee-1.jpg, https://rugshop.eu/wp-content/uploads/2021/09/sweden-uppsala-rug-coffee-2.jpg, https://rugshop.eu/wp-content/uploads/2021/09/sweden-uppsala-rug-coffee-3.jpg, https://rugshop.eu/wp-content/uploads/2021/09/sweden-uppsala-rug-coffee-4.jpg, https://rugshop.eu/wp-content/uploads/2021/09/sweden-uppsala-rug-coffee-5.jpg, https://rugshop.eu/wp-content/uploads/2021/09/sweden-uppsala-rug-coffee-6.jpg, https://rugshop.eu/wp-content/uploads/2021/09/sweden-uppsala-rug-coffee-7.jpg, https://rugshop.eu/wp-content/uploads/2021/09/sweden-uppsala-rug-coffee-8.jpg, https://rugshop.eu/wp-content/uploads/2021/09/sweden-uppsala-rug-coffee-9.jpg, https://rugshop.eu/wp-content/uploads/2021/09/sweden-uppsala-rug-coffee-10.jpg, https://rugshop.eu/wp-content/uploads/2021/09/sweden-uppsala-rug-coffee-11.jpg, https://rugshop.eu/wp-content/uploads/2021/09/sweden-uppsala-rug-coffee-12.jpg, https://rugshop.eu/wp-content/uploads/2021/09/sweden-uppsala-rug-coffee-13.jpg, https://rugshop.eu/wp-content/uploads/2021/09/sweden-uppsala-rug-coffee-14.jpg, https://rugshop.eu/wp-content/uploads/2021/09/sweden-uppsala-rug-coffee-15.jpg",,,,,,,,,5123,,,Size,"120x170, 160x230, 200x290, 80x150",1,1,Brand,D-sign,1,1,Color,Yellow-Brown,1,1,Type of color,Multicolor,1,1,Shape,Rectangular,1,1,Material,Polypropylene,1,1,Type of rug,Modern,1,1,Weave,Machinemade,1,1,Country,Belgium,1,1,Age,New,1,1,,,,,,,,,,,,,,yes,yes,,,,,,,,,,,,,,,,,,,,,,,,,,,,,
27954,variation,55721984,,Sweden Stockholm Rug Silver - 80x150,1,0,visible,,Sweden Stockholm Rug Silver 80x150,,,taxable,parent,0,0,,0,0,,80,150,0.5,0,,,876,,,,,,,46184107,,,,,,1,,,Size,80x150,,1,,,,,,,,,,,,,,,,,,,,,,,,,,,,,,,,,,,,,80x150,,,,,,,,,,,,,,,,,,,,,,,,807FC-80-150,,,,,,,,,,,,,,,,,,,
27955,variation,55721986,,Sweden Stockholm Rug Silver - 120x170,1,0,visible,,Sweden Stockholm Rug Silver 120x170,,,taxable,parent,1,2,,0,0,,120,170,0.5,0,,,1116,,,,,,,46184107,,,,,,2,,,Size,120x170,,1,,,,,,,,,,,,,,,,,,,,,,,,,,,,,,,,,,,,,120x170,,,,,,,,,,,,,,,,,,,,,,,,807FC-120-170,,,,,,,,,,,,,,,,,,,
27956,variation,55721988,,Sweden Stockholm Rug Silver - 160x230,1,0,visible,,Sweden Stockholm Rug Silver 160x230,,,taxable,parent,0,0,,0,0,,160,230,0.5,0,,,1516,,,,,,,46184107,,,,,,3,,,Size,160x230,,1,,,,,,,,,,,,,,,,,,,,,,,,,,,,,,,,,,,,,160x230,,,,,,,,,,,,,,,,,,,,,,,,807FC-160-230,,,,,,,,,,,,,,,,,,,
27957,variation,55721987,,Sweden Stockholm Rug Silver - 200x290,1,0,visible,,Sweden Stockholm Rug Silver 200x290,,,taxable,parent,1,2,,0,0,,200,290,0.5,0,,,2076,,,,,,,46184107,,,,,,4,,,Size,200x290,,1,,,,,,,,,,,,,,,,,,,,,,,,,,,,,,,,,,,,,200x290,,,,,,,,,,,,,,,,,,,,,,,,807FC-200-290,,,,,,,,,,,,,,,,,,,
27986,variation,55722019,,Sweden Uppsala Rug Coffee - 80x150,1,0,visible,,Sweden Uppsala Rug Coffee 80x150,,,taxable,parent,1,2,,0,0,,80,150,0.5,0,,,876,,,,,,,46184110,,,,,,1,,,Size,80x150,,1,,,,,,,,,,,,,,,,,,,,,,,,,,,,,,,,,,,,,80x150,,,,,,,,,,,,,,,,,,,,,,,,YJJJB-80-150,,,,,,,,,,,,,,,,,,,
27987,variation,55722022,,Sweden Uppsala Rug Coffee - 120x170,1,0,visible,,Sweden Uppsala Rug Coffee 120x170,,,taxable,parent,1,1,,0,0,,120,170,0.5,0,,,1116,,,,,,,46184110,,,,,,2,,,Size,120x170,,1,,,,,,,,,,,,,,,,,,,,,,,,,,,,,,,,,,,,,120x170,,,,,,,,,,,,,,,,,,,,,,,,YJJJB-120-170,,,,,,,,,,,,,,,,,,,
27988,variation,55722020,,Sweden Uppsala Rug Coffee - 160x230,1,0,visible,,Sweden Uppsala Rug Coffee 160x230,,,taxable,parent,0,0,,0,0,,160,230,0.5,0,,,1516,,,,,,,46184110,,,,,,3,,,Size,160x230,,1,,,,,,,,,,,,,,,,,,,,,,,,,,,,,,,,,,,,,160x230,,,,,,,,,,,,,,,,,,,,,,,,YJJJB-160-230,,,,,,,,,,,,,,,,,,,
27989,variation,55722023,,Sweden Uppsala Rug Coffee - 200x290,1,0,visible,,Sweden Uppsala Rug Coffee 200x290,,,taxable,parent,0,0,,0,0,,200,290,0.5,0,,,2076,,,,,,,46184110,,,,,,4,,,Size,200x290,,1,,,,,,,,,,,,,,,,,,,,,,,,,,,,,,,,,,,,,200x290,,,,,,,,,,,,,,,,,,,,,,,,YJJJB-200-290,,,,,,,,,,,,,,,,,,,
28005,variable,46184116,,Beynah Rug Prince Gray/Black,1,0,visible,Beynah Rug Prince Gray/Black ,Beynah Rug Prince Gray/Black ,,,taxable,,1,,,0,0,,,,,1,,,,"Rooms > Bedroom, Rooms > Entrance & Corridor, Rooms > Living room, Rugs > Modern, Rugs, Rugs > Vintage",,,"https://rugshop.eu/wp-content/uploads/2021/09/beynah-rug-prince-gray-black.jpg, https://rugshop.eu/wp-content/uploads/2021/09/beynah-rug-prince-gray-black-1.jpg, https://rugshop.eu/wp-content/uploads/2021/09/beynah-rug-prince-gray-black-2.jpg, https://rugshop.eu/wp-content/uploads/2021/09/beynah-rug-prince-gray-black-3.jpg, https://rugshop.eu/wp-content/uploads/2021/09/beynah-rug-prince-gray-black-4.jpg, https://rugshop.eu/wp-content/uploads/2021/09/beynah-rug-prince-gray-black-5.jpg, https://rugshop.eu/wp-content/uploads/2021/09/beynah-rug-prince-gray-black-6.jpg, https://rugshop.eu/wp-content/uploads/2021/09/beynah-rug-prince-gray-black-7.jpg, https://rugshop.eu/wp-content/uploads/2021/09/beynah-rug-prince-gray-black-8.jpg, https://rugshop.eu/wp-content/uploads/2021/09/beynah-rug-prince-gray-black-9.jpg",,,,,,,,,133,,,Size,"120x180, 140x200, 170x240, 200x300, 80x150",1,1,Brand,D-sign,1,1,Color,Black-Grey,1,1,Type of color,Multicolor,1,1,Shape,Rectangular,1,1,Material,Silk,1,1,Type of rug,"Modern, Vintage / Colored Vintage",1,1,Weave,Handmade,1,1,Country,India,1,1,Age,New,1,1,,,,,,,,,,,,,,yes,yes,,,,,,,,,,,,,,,,,,,,,,,,,,,,,
28045,variation,55722147,,Beynah Rug Prince Gray/Black - 80x150,1,0,visible,,Beynah Rug Prince Gray/Black 80x150,,,taxable,parent,0,0,,0,0,,80,150,1.6,0,,,3996,,,,,,,46184116,,,,,,1,,,Size,80x150,,1,,,,,,,,,,,,,,,,,,,,,,,,,,,,,,,,,,,,,80x150,,,,,,,,,,,,,,,,,,,,,,,,AA1PM-80-150-E,,,,,,,,,,,,,,,,,,,
28046,variation,55722148,,Beynah Rug Prince Gray/Black - 120x180,1,0,visible,,Beynah Rug Prince Gray/Black 120x180,,,taxable,parent,0,0,,0,0,,120,180,1.6,0,,,6796,,,,,,,46184116,,,,,,2,,,Size,120x180,,1,,,,,,,,,,,,,,,,,,,,,,,,,,,,,,,,,,,,,120x180,,,,,,,,,,,,,,,,,,,,,,,,AA1PM-120-180-E,,,,,,,,,,,,,,,,,,,
28047,variation,55722150,,Beynah Rug Prince Gray/Black - 140x200,1,0,visible,,Beynah Rug Prince Gray/Black 140x200,,,taxable,parent,0,0,,0,0,,140,200,1.6,0,,,8636,,,,,,,46184116,,,,,,3,,,Size,140x200,,1,,,,,,,,,,,,,,,,,,,,,,,,,,,,,,,,,,,,,140x200,,,,,,,,,,,,,,,,,,,,,,,,AA1PM-140-200-E,,,,,,,,,,,,,,,,,,,
28048,variation,55722151,,Beynah Rug Prince Gray/Black - 170x240,1,0,visible,,Beynah Rug Prince Gray/Black 170x240,,,taxable,parent,1,5,,0,0,,170,240,1.6,0,,,12316,,,,,,,46184116,,,,,,4,,,Size,170x240,,1,,,,,,,,,,,,,,,,,,,,,,,,,,,,,,,,,,,,,170x240,,,,,,,,,,,,,,,,,,,,,,,,AA1PM-170-240-E,,,,,,,,,,,,,,,,,,,
28049,variation,55722149,,Beynah Rug Prince Gray/Black - 200x300,1,0,visible,,Beynah Rug Prince Gray/Black 200x300,,,taxable,parent,0,0,,0,0,,200,300,1.6,0,,,17836,,,,,,,46184116,,,,,,5,,,Size,200x300,,1,,,,,,,,,,,,,,,,,,,,,,,,,,,,,,,,,,,,,200x300,,,,,,,,,,,,,,,,,,,,,,,,AA1PM-200-300-E,,,,,,,,,,,,,,,,,,,
28089,variable,46184123,,Vancouver Rug 110 Anthracite/Black/White,1,0,visible,Vancouver Rug 110 Anthracite/Black/White ,Vancouver Rug 110 Anthracite/Black/White ,,,taxable,,1,,,0,0,,,,,1,,,,"Rooms > Bedroom, Rooms > Entrance & Corridor, Rooms > Living room, Rugs > Modern, Rugs",,,"https://rugshop.eu/wp-content/uploads/2021/09/vancouver-rug-110-anthracite-black-white.jpg, https://rugshop.eu/wp-content/uploads/2021/09/vancouver-rug-110-anthracite-black-white-1.jpg, https://rugshop.eu/wp-content/uploads/2021/09/vancouver-rug-110-anthracite-black-white-2.jpg, https://rugshop.eu/wp-content/uploads/2021/09/vancouver-rug-110-anthracite-black-white-3.jpg, https://rugshop.eu/wp-content/uploads/2021/09/vancouver-rug-110-anthracite-black-white-4.jpg, https://rugshop.eu/wp-content/uploads/2021/09/vancouver-rug-110-anthracite-black-white-5.jpg, https://rugshop.eu/wp-content/uploads/2021/09/vancouver-rug-110-anthracite-black-white-6.jpg, https://rugshop.eu/wp-content/uploads/2021/09/vancouver-rug-110-anthracite-black-white-7.jpg, https://rugshop.eu/wp-content/uploads/2021/09/vancouver-rug-110-anthracite-black-white-8.jpg, https://rugshop.eu/wp-content/uploads/2021/09/vancouver-rug-110-anthracite-black-white-9.jpg, https://rugshop.eu/wp-content/uploads/2021/09/vancouver-rug-110-anthracite-black-white-10.jpg, https://rugshop.eu/wp-content/uploads/2021/09/vancouver-rug-110-anthracite-black-white-11.jpg, https://rugshop.eu/wp-content/uploads/2021/09/vancouver-rug-110-anthracite-black-white-12.jpg, https://rugshop.eu/wp-content/uploads/2021/09/vancouver-rug-110-anthracite-black-white-13.jpg, https://rugshop.eu/wp-content/uploads/2021/09/vancouver-rug-110-anthracite-black-white-14.jpg, https://rugshop.eu/wp-content/uploads/2021/09/vancouver-rug-110-anthracite-black-white-15.jpg",,,,,,,,,5154,,,Size,"120x170, 160x230, 200x290, 80x150",1,1,Brand,D-sign,1,1,Color,Black-Grey,1,1,Type of color,Multicolor,1,1,Shape,Rectangular,1,1,Material,Polypropylene,1,1,Type of rug,Modern,1,1,Weave,Machinemade,1,1,Country,Belgium,1,1,Age,New,1,1,,,,,,,,,,,,,,yes,yes,,,,,,,,,,,,,,,,,,,,,,,,,,,,,
28201,variation,55722219,,Vancouver Rug 110 Anthracite/Black/White - 80x150,1,0,visible,,Vancouver Rug 110 Anthracite/Black/White 80x150,,,taxable,parent,0,0,,0,0,,80,150,1,0,,,876,,,,,,,46184123,,,,,,1,,,Size,80x150,,1,,,,,,,,,,,,,,,,,,,,,,,,,,,,,,,,,,,,,80x150,,,,,,,,,,,,,,,,,,,,,,,,OW12L-80-150,,,,,,,,,,,,,,,,,,,
28202,variation,55722218,,Vancouver Rug 110 Anthracite/Black/White - 120x170,1,0,visible,,Vancouver Rug 110 Anthracite/Black/White 120x170,,,taxable,parent,1,2,,0,0,,120,170,1,0,,,1116,,,,,,,46184123,,,,,,2,,,Size,120x170,,1,,,,,,,,,,,,,,,,,,,,,,,,,,,,,,,,,,,,,120x170,,,,,,,,,,,,,,,,,,,,,,,,OW12L-120-170,,,,,,,,,,,,,,,,,,,
28203,variation,55722217,,Vancouver Rug 110 Anthracite/Black/White - 160x230,1,0,visible,,Vancouver Rug 110 Anthracite/Black/White 160x230,,,taxable,parent,0,0,,0,0,,160,230,1,0,,,1516,,,,,,,46184123,,,,,,3,,,Size,160x230,,1,,,,,,,,,,,,,,,,,,,,,,,,,,,,,,,,,,,,,160x230,,,,,,,,,,,,,,,,,,,,,,,,OW12L-160-230,,,,,,,,,,,,,,,,,,,
28204,variation,55722220,,Vancouver Rug 110 Anthracite/Black/White - 200x290,1,0,visible,,Vancouver Rug 110 Anthracite/Black/White 200x290,,,taxable,parent,0,0,,0,0,,200,290,1,0,,,2156,,,,,,,46184123,,,,,,4,,,Size,200x290,,1,,,,,,,,,,,,,,,,,,,,,,,,,,,,,,,,,,,,,200x290,,,,,,,,,,,,,,,,,,,,,,,,OW12L-200-290,,,,,,,,,,,,,,,,,,,
28388,variable,46184353,,D-sign Rug 1K0024 Grey,1,0,visible,D-sign Rug 1K0024 Grey ,D-sign Rug 1K0024 Grey ,,,taxable,,1,,,0,0,,,,,1,,,,"Rooms > Bedroom, Rooms > Kitchen, Rooms > Living room, Rugs > Modern, Rugs",,,"https://rugshop.eu/wp-content/uploads/2021/09/d-sign-rug-1k0024-grey-scaled.jpg, https://rugshop.eu/wp-content/uploads/2021/09/d-sign-rug-1k0024-grey-1-scaled.jpg, https://rugshop.eu/wp-content/uploads/2021/09/d-sign-rug-1k0024-grey-2-scaled.jpg",,,,,,,,,1834,,,Size,"120x170, 160x230, 200x290, 80x150",1,1,Brand,D-sign,1,1,Color,Black-Grey,1,1,Type of color,Multicolor,1,1,Shape,Rectangular,1,1,Material,Polypropylene,1,1,Type of rug,Modern,1,1,Weave,Machinemade,1,1,Country,Egypt,1,1,Age,New,1,1,,,,,,,,,,,,,,yes,yes,,,,,,,,,,,,,,,,,,,,,,,,,,,,,
28426,variable,46184357,,D-sign Rug 1K0028 Grey,1,0,visible,D-sign Rug 1K0028 Grey ,D-sign Rug 1K0028 Grey ,,,taxable,,1,,,0,0,,,,,1,,,,"Rooms > Bedroom, Rooms > Kitchen, Rooms > Living room, Rugs > Modern, Rugs",,,"https://rugshop.eu/wp-content/uploads/2021/09/d-sign-rug-1k0028-grey-scaled.jpg, https://rugshop.eu/wp-content/uploads/2021/09/d-sign-rug-1k0028-grey-1-scaled.jpg, https://rugshop.eu/wp-content/uploads/2021/09/d-sign-rug-1k0028-grey-2-scaled.jpg",,,,,,,,,1838,,,Size,"120x170, 160x230, 200x290, 80x150",1,1,Brand,D-sign,1,1,Color,Black-Grey,1,1,Type of color,Multicolor,1,1,Shape,Rectangular,1,1,Material,Polypropylene,1,1,Type of rug,Modern,1,1,Weave,Machinemade,1,1,Country,Egypt,1,1,Age,New,1,1,,,,,,,,,,,,,,yes,yes,,,,,,,,,,,,,,,,,,,,,,,,,,,,,
28435,variable,46184358,,D-sign Rug 1K0029 Creme,1,0,visible,D-sign Rug 1K0029 Creme ,D-sign Rug 1K0029 Creme ,,,taxable,,1,,,0,0,,,,,1,,,,"Rooms > Bedroom, Rooms > Kitchen, Rooms > Living room, Rugs > Modern, Rugs",,,"https://rugshop.eu/wp-content/uploads/2021/09/d-sign-rug-1k0029-creme-scaled.jpg, https://rugshop.eu/wp-content/uploads/2021/09/d-sign-rug-1k0029-creme-1-scaled.jpg, https://rugshop.eu/wp-content/uploads/2021/09/d-sign-rug-1k0029-creme-2-scaled.jpg",,,,,,,,,1839,,,Size,"120x170, 160x230, 200x290, 80x150",1,1,Brand,D-sign,1,1,Color,"Black-Grey, White-Beige",1,1,Type of color,Multicolor,1,1,Shape,Rectangular,1,1,Material,Polypropylene,1,1,Type of rug,Modern,1,1,Weave,Machinemade,1,1,Country,Egypt,1,1,Age,New,1,1,,,,,,,,,,,,,,yes,yes,,,,,,,,,,,,,,,,,,,,,,,,,,,,,
28436,variation,59984746,,D-sign Rug 1K0024 Grey - 80x150,1,0,visible,,D-sign Rug 1K0024 Grey 80x150cm,,,taxable,parent,1,2,,0,0,,80,150,0.8,0,,,796,,,,,,,46184353,,,,,,1,,,Size,80x150,,1,,,,,,,,,,,,,,,,,,,,,,,,,,,,,,,,,,,,,80x150,,,,,,,,,,,,,,,,,,,,,,,,YJZ9O-80-150-E,,,,,,,,,,,,,,,,,,,
28437,variation,59984757,,D-sign Rug 1K0024 Grey - 120x170,1,0,visible,,D-sign Rug 1K0024 Grey 120x170cm,,,taxable,parent,1,3,,0,0,,120,170,0.8,0,,,1036,,,,,,,46184353,,,,,,2,,,Size,120x170,,1,,,,,,,,,,,,,,,,,,,,,,,,,,,,,,,,,,,,,120x170,,,,,,,,,,,,,,,,,,,,,,,,YJZ9O-120-170-E,,,,,,,,,,,,,,,,,,,
28438,variation,59984763,,D-sign Rug 1K0024 Grey - 160x230,1,0,visible,,D-sign Rug 1K0024 Grey 160x230cm,,,taxable,parent,0,0,,0,0,,160,230,0.8,0,,,1436,,,,,,,46184353,,,,,,3,,,Size,160x230,,1,,,,,,,,,,,,,,,,,,,,,,,,,,,,,,,,,,,,,160x230,,,,,,,,,,,,,,,,,,,,,,,,YJZ9O-160-230-E,,,,,,,,,,,,,,,,,,,
28439,variation,59984758,,D-sign Rug 1K0024 Grey - 200x290,1,0,visible,,D-sign Rug 1K0024 Grey 200x290cm,,,taxable,parent,1,2,,0,0,,200,290,0.8,0,,,1916,,,,,,,46184353,,,,,,4,,,Size,200x290,,1,,,,,,,,,,,,,,,,,,,,,,,,,,,,,,,,,,,,,200x290,,,,,,,,,,,,,,,,,,,,,,,,YJZ9O-200-290-E,,,,,,,,,,,,,,,,,,,
28453,variable,46184360,,D-sign Rug 1K0031 Creme,1,0,visible,D-sign Rug 1K0031 Creme ,D-sign Rug 1K0031 Creme ,,,taxable,,1,,,0,0,,,,,0,,,,"Rooms > Bedroom, Rooms > Kitchen, Rooms > Living room, Rugs > Modern, Rugs",,,"https://rugshop.eu/wp-content/uploads/2021/09/d-sign-rug-1k0031-creme-scaled.jpg, https://rugshop.eu/wp-content/uploads/2021/09/d-sign-rug-1k0031-creme-1-scaled.jpg, https://rugshop.eu/wp-content/uploads/2021/09/d-sign-rug-1k0031-creme-2-scaled.jpg",,,,,,,,,1841,,,Size,"120x170, 160x230, 200x290, 80x150",1,1,Brand,D-sign,1,1,Color,"Black-Grey, White-Beige",1,1,Type of color,Multicolor,1,1,Shape,Rectangular,1,1,Material,Polypropylene,1,1,Type of rug,Modern,1,1,Weave,Machinemade,1,1,Country,Egypt,1,1,Age,New,1,1,,,,,default,default,default,default,,,,,,yes,yes,,,,,,,,,classic-editor,,,,,,,,,,,,,,,,,,,,
28462,variable,46184361,,D-sign Rug 1K0032 Grey,1,0,visible,D-sign Rug 1K0032 Grey ,D-sign Rug 1K0032 Grey ,,,taxable,,1,,,0,0,,,,,1,,,,"Rooms > Bedroom, Rooms > Kitchen, Rooms > Living room, Rugs > Modern, Rugs",,,"https://rugshop.eu/wp-content/uploads/2021/09/d-sign-rug-1k0032-grey-scaled.jpg, https://rugshop.eu/wp-content/uploads/2021/09/d-sign-rug-1k0032-grey-1-scaled.jpg, https://rugshop.eu/wp-content/uploads/2021/09/d-sign-rug-1k0032-grey-2-scaled.jpg",,,,,,,,,1842,,,Size,"120x170, 160x230, 200x290, 80x150",1,1,Brand,D-sign,1,1,Color,Black-Grey,1,1,Type of color,Multicolor,1,1,Shape,Rectangular,1,1,Material,Polypropylene,1,1,Type of rug,Modern,1,1,Weave,Machinemade,1,1,Country,Egypt,1,1,Age,New,1,1,,,,,,,,,,,,,,yes,yes,,,,,,,,,,,,,,,,,,,,,,,,,,,,,
28471,variable,46184362,,D-sign Rug 1K0033 Brown,1,0,visible,D-sign Rug 1K0033 Brown ,D-sign Rug 1K0033 Brown ,,,taxable,,1,,,0,0,,,,,1,,,,"Rooms > Bedroom, Rooms > Kitchen, Rooms > Living room, Rugs > Modern, Rugs",,,"https://rugshop.eu/wp-content/uploads/2021/09/d-sign-rug-1k0033-brown-scaled.jpg, https://rugshop.eu/wp-content/uploads/2021/09/d-sign-rug-1k0033-brown-1-scaled.jpg, https://rugshop.eu/wp-content/uploads/2021/09/d-sign-rug-1k0033-brown-2-scaled.jpg",,,,,,,,,1843,,,Size,"120x170, 160x230, 200x290, 80x150",1,1,Brand,D-sign,1,1,Color,Yellow-Brown,1,1,Type of color,Multicolor,1,1,Shape,Rectangular,1,1,Material,Polypropylene,1,1,Type of rug,Modern,1,1,Weave,Machinemade,1,1,Country,Egypt,1,1,Age,New,1,1,,,,,,,,,,,,,,yes,yes,,,,,,,,,,,,,,,,,,,,,,,,,,,,,
28472,variation,59984764,,D-sign Rug 1K0028 Grey - 80x150,1,0,visible,,D-sign Rug 1K0028 Grey 80x150cm,,,taxable,parent,1,2,,0,0,,80,150,0.8,0,,,796,,,,,,,46184357,,,,,,1,,,Size,80x150,,1,,,,,,,,,,,,,,,,,,,,,,,,,,,,,,,,,,,,,80x150,,,,,,,,,,,,,,,,,,,,,,,,U6GM4-80-150-E,,,,,,,,,,,,,,,,,,,
28473,variation,59984771,,D-sign Rug 1K0028 Grey - 120x170,1,0,visible,,D-sign Rug 1K0028 Grey 120x170cm,,,taxable,parent,0,0,,0,0,,120,170,0.8,0,,,1036,,,,,,,46184357,,,,,,2,,,Size,120x170,,1,,,,,,,,,,,,,,,,,,,,,,,,,,,,,,,,,,,,,120x170,,,,,,,,,,,,,,,,,,,,,,,,U6GM4-120-170-E,,,,,,,,,,,,,,,,,,,
28474,variation,59984792,,D-sign Rug 1K0028 Grey - 160x230,1,0,visible,,D-sign Rug 1K0028 Grey 160x230cm,,,taxable,parent,0,0,,0,0,,160,230,0.8,0,,,1436,,,,,,,46184357,,,,,,3,,,Size,160x230,,1,,,,,,,,,,,,,,,,,,,,,,,,,,,,,,,,,,,,,160x230,,,,,,,,,,,,,,,,,,,,,,,,U6GM4-160-230-E,,,,,,,,,,,,,,,,,,,
28475,variation,59984776,,D-sign Rug 1K0028 Grey - 200x290,1,0,visible,,D-sign Rug 1K0028 Grey 200x290cm,,,taxable,parent,0,0,,0,0,,200,290,0.8,0,,,1916,,,,,,,46184357,,,,,,4,,,Size,200x290,,1,,,,,,,,,,,,,,,,,,,,,,,,,,,,,,,,,,,,,200x290,,,,,,,,,,,,,,,,,,,,,,,,U6GM4-200-290-E,,,,,,,,,,,,,,,,,,,
28480,variable,46184363,,D-sign Rug 1K0034 Creme,1,0,visible,D-sign Rug 1K0034 Creme ,D-sign Rug 1K0034 Creme ,,,taxable,,1,,,0,0,,,,,1,,,,"Rooms > Bedroom, Rooms > Kitchen, Rooms > Living room, Rugs > Modern, Rugs",,,"https://rugshop.eu/wp-content/uploads/2021/09/d-sign-rug-1k0034-creme-scaled.jpg, https://rugshop.eu/wp-content/uploads/2021/09/d-sign-rug-1k0034-creme-1-scaled.jpg, https://rugshop.eu/wp-content/uploads/2021/09/d-sign-rug-1k0034-creme-2-scaled.jpg",,,,,,,,,1844,,,Size,"120x170, 160x230, 200x290, 80x150",1,1,Brand,D-sign,1,1,Color,White-Beige,1,1,Type of color,Multicolor,1,1,Shape,Rectangular,1,1,Material,Polypropylene,1,1,Type of rug,Modern,1,1,Weave,Machinemade,1,1,Country,Egypt,1,1,Age,New,1,1,,,,,,,,,,,,,,yes,yes,,,,,,,,,,,,,,,,,,,,,,,,,,,,,
28481,variation,59984765,,D-sign Rug 1K0029 Creme - 80x150,1,0,visible,,D-sign Rug 1K0029 Creme 80x150cm,,,taxable,parent,1,37,,0,0,,80,150,0.8,0,,,796,,,,,,,46184358,,,,,,1,,,Size,80x150,,1,,,,,,,,,,,,,,,,,,,,,,,,,,,,,,,,,,,,,80x150,,,,,,,,,,,,,,,,,,,,,,,,4U8EM-80-150-E,,,,,,,,,,,,,,,,,,,
28482,variation,59984780,,D-sign Rug 1K0029 Creme - 120x170,1,0,visible,,D-sign Rug 1K0029 Creme 120x170cm,,,taxable,parent,0,0,,0,0,,120,170,0.8,0,,,1036,,,,,,,46184358,,,,,,2,,,Size,120x170,,1,,,,,,,,,,,,,,,,,,,,,,,,,,,,,,,,,,,,,120x170,,,,,,,,,,,,,,,,,,,,,,,,4U8EM-120-170-E,,,,,,,,,,,,,,,,,,,
28483,variation,59984791,,D-sign Rug 1K0029 Creme - 160x230,1,0,visible,,D-sign Rug 1K0029 Creme 160x230cm,,,taxable,parent,0,0,,0,0,,160,230,0.8,0,,,1436,,,,,,,46184358,,,,,,3,,,Size,160x230,,1,,,,,,,,,,,,,,,,,,,,,,,,,,,,,,,,,,,,,160x230,,,,,,,,,,,,,,,,,,,,,,,,4U8EM-160-230-E,,,,,,,,,,,,,,,,,,,
28484,variation,59984778,,D-sign Rug 1K0029 Creme - 200x290,1,0,visible,,D-sign Rug 1K0029 Creme 200x290cm,,,taxable,parent,0,0,,0,0,,200,290,0.8,0,,,1916,,,,,,,46184358,,,,,,4,,,Size,200x290,,1,,,,,,,,,,,,,,,,,,,,,,,,,,,,,,,,,,,,,200x290,,,,,,,,,,,,,,,,,,,,,,,,4U8EM-200-290-E,,,,,,,,,,,,,,,,,,,
28499,variation,59984768,,D-sign Rug 1K0031 Creme - 80x150,1,0,visible,,D-sign Rug 1K0031 Creme 80x150cm,,,taxable,parent,1,4,,0,0,,80,150,0.8,0,,,796,,,,,,,46184360,,,,,,1,,,Size,80x150,,1,,,,,,,,,,,,,,,,,,,,,,,,,,,,,,,,,,,,,80x150,,,,,,,,,,,,,,,,,,,,,,,,ZIUEJ-80-150-E,,,,,,,,,,,,,,,,,,,
28500,variation,59984789,,D-sign Rug 1K0031 Creme - 120x170,1,0,visible,,D-sign Rug 1K0031 Creme 120x170cm,,,taxable,parent,0,0,,0,0,,120,170,0.8,0,,,1036,,,,,,,46184360,,,,,,2,,,Size,120x170,,1,,,,,,,,,,,,,,,,,,,,,,,,,,,,,,,,,,,,,120x170,,,,,,,,,,,,,,,,,,,,,,,,ZIUEJ-120-170-E,,,,,,,,,,,,,,,,,,,
28501,variation,59984784,,D-sign Rug 1K0031 Creme - 160x230,1,0,visible,,D-sign Rug 1K0031 Creme 160x230cm,,,taxable,parent,1,2,,0,0,,160,230,0.8,0,,,1436,,,,,,,46184360,,,,,,3,,,Size,160x230,,1,,,,,,,,,,,,,,,,,,,,,,,,,,,,,,,,,,,,,160x230,,,,,,,,,,,,,,,,,,,,,,,,ZIUEJ-160-230-E,,,,,,,,,,,,,,,,,,,
28502,variation,59984788,,D-sign Rug 1K0031 Creme - 200x290,1,0,visible,,D-sign Rug 1K0031 Creme 200x290cm,,,taxable,parent,0,0,,0,0,,200,290,0.8,0,,,1916,,,,,,,46184360,,,,,,4,,,Size,200x290,,1,,,,,,,,,,,,,,,,,,,,,,,,,,,,,,,,,,,,,200x290,,,,,,,,,,,,,,,,,,,,,,,,ZIUEJ-200-290-E,,,,,,,,,,,,,,,,,,,
28507,variable,46184366,,D-sign Rug 1K0037 Creme,1,0,visible,D-sign Rug 1K0037 Creme ,D-sign Rug 1K0037 Creme ,,,taxable,,1,,,0,0,,,,,1,,,,"Rooms > Bedroom, Rooms > Kitchen, Rooms > Living room, Rugs > Modern, Rugs",,,"https://rugshop.eu/wp-content/uploads/2021/09/d-sign-rug-1k0037-creme-scaled.jpg, https://rugshop.eu/wp-content/uploads/2021/09/d-sign-rug-1k0037-creme-1-scaled.jpg, https://rugshop.eu/wp-content/uploads/2021/09/d-sign-rug-1k0037-creme-2-scaled.jpg",,,,,,,,,1847,,,Size,"120x170, 160x230, 200x290, 80x150",1,1,Brand,D-sign,1,1,Color,"Black-Grey, White-Beige",1,1,Type of color,Multicolor,1,1,Shape,Rectangular,1,1,Material,Polypropylene,1,1,Type of rug,Modern,1,1,Weave,Machinemade,1,1,Country,Egypt,1,1,Age,New,1,1,,,,,,,,,,,,,,yes,yes,,,,,,,,,,,,,,,,,,,,,,,,,,,,,
28508,variation,59984769,,D-sign Rug 1K0032 Grey - 80x150,1,0,visible,,D-sign Rug 1K0032 Grey 80x150cm,,,taxable,parent,0,0,,0,0,,80,150,0.8,0,,,796,,,,,,,46184361,,,,,,1,,,Size,80x150,,1,,,,,,,,,,,,,,,,,,,,,,,,,,,,,,,,,,,,,80x150,,,,,,,,,,,,,,,,,,,,,,,,EECHY-80-150-E,,,,,,,,,,,,,,,,,,,
28509,variation,59984807,,D-sign Rug 1K0032 Grey - 120x170,1,0,visible,,D-sign Rug 1K0032 Grey 120x170cm,,,taxable,parent,0,0,,0,0,,120,170,0.8,0,,,1036,,,,,,,46184361,,,,,,2,,,Size,120x170,,1,,,,,,,,,,,,,,,,,,,,,,,,,,,,,,,,,,,,,120x170,,,,,,,,,,,,,,,,,,,,,,,,EECHY-120-170-E,,,,,,,,,,,,,,,,,,,
28510,variation,59984786,,D-sign Rug 1K0032 Grey - 160x230,1,0,visible,,D-sign Rug 1K0032 Grey 160x230cm,,,taxable,parent,0,0,,0,0,,160,230,0.8,0,,,1436,,,,,,,46184361,,,,,,3,,,Size,160x230,,1,,,,,,,,,,,,,,,,,,,,,,,,,,,,,,,,,,,,,160x230,,,,,,,,,,,,,,,,,,,,,,,,EECHY-160-230-E,,,,,,,,,,,,,,,,,,,
28511,variation,59984790,,D-sign Rug 1K0032 Grey - 200x290,1,0,visible,,D-sign Rug 1K0032 Grey 200x290cm,,,taxable,parent,1,5,,0,0,,200,290,0.8,0,,,1916,,,,,,,46184361,,,,,,4,,,Size,200x290,,1,,,,,,,,,,,,,,,,,,,,,,,,,,,,,,,,,,,,,200x290,,,,,,,,,,,,,,,,,,,,,,,,EECHY-200-290-E,,,,,,,,,,,,,,,,,,,
28516,variable,46184368,,D-sign Rug 1K0038 Brown,1,0,visible,D-sign Rug 1K0038 Brown ,D-sign Rug 1K0038 Brown ,,,taxable,,1,,,0,0,,,,,1,,,,"Rooms > Bedroom, Rooms > Kitchen, Rooms > Living room, Rugs > Modern, Rugs",,,"https://rugshop.eu/wp-content/uploads/2021/09/d-sign-rug-1k0038-brown-scaled.jpg, https://rugshop.eu/wp-content/uploads/2021/09/d-sign-rug-1k0038-brown-1-scaled.jpg, https://rugshop.eu/wp-content/uploads/2021/09/d-sign-rug-1k0038-brown-2-scaled.jpg",,,,,,,,,1848,,,Size,"120x170, 160x230, 200x290, 80x150",1,1,Brand,D-sign,1,1,Color,Yellow-Brown,1,1,Type of color,Multicolor,1,1,Shape,Rectangular,1,1,Material,Polypropylene,1,1,Type of rug,Modern,1,1,Weave,Machinemade,1,1,Country,Egypt,1,1,Age,New,1,1,,,,,,,,,,,,,,yes,yes,,,,,,,,,,,,,,,,,,,,,,,,,,,,,
28517,variation,59984781,,D-sign Rug 1K0033 Brown - 80x150,1,0,visible,,D-sign Rug 1K0033 Brown 80x150cm,,,taxable,parent,1,4,,0,0,,80,150,0.8,0,,,796,,,,,,,46184362,,,,,,1,,,Size,80x150,,1,,,,,,,,,,,,,,,,,,,,,,,,,,,,,,,,,,,,,80x150,,,,,,,,,,,,,,,,,,,,,,,,OZB55-80-150-E,,,,,,,,,,,,,,,,,,,
28518,variation,59984804,,D-sign Rug 1K0033 Brown - 120x170,1,0,visible,,D-sign Rug 1K0033 Brown 120x170cm,,,taxable,parent,1,6,,0,0,,120,170,0.8,0,,,1036,,,,,,,46184362,,,,,,2,,,Size,120x170,,1,,,,,,,,,,,,,,,,,,,,,,,,,,,,,,,,,,,,,120x170,,,,,,,,,,,,,,,,,,,,,,,,OZB55-120-170-E,,,,,,,,,,,,,,,,,,,
28519,variation,59984805,,D-sign Rug 1K0033 Brown - 160x230,1,0,visible,,D-sign Rug 1K0033 Brown 160x230cm,,,taxable,parent,0,0,,0,0,,160,230,0.8,0,,,1436,,,,,,,46184362,,,,,,3,,,Size,160x230,,1,,,,,,,,,,,,,,,,,,,,,,,,,,,,,,,,,,,,,160x230,,,,,,,,,,,,,,,,,,,,,,,,OZB55-160-230-E,,,,,,,,,,,,,,,,,,,
28520,variation,59984800,,D-sign Rug 1K0033 Brown - 200x290,1,0,visible,,D-sign Rug 1K0033 Brown 200x290cm,,,taxable,parent,1,2,,0,0,,200,290,0.8,0,,,1916,,,,,,,46184362,,,,,,4,,,Size,200x290,,1,,,,,,,,,,,,,,,,,,,,,,,,,,,,,,,,,,,,,200x290,,,,,,,,,,,,,,,,,,,,,,,,OZB55-200-290-E,,,,,,,,,,,,,,,,,,,
28525,variable,46184369,,D-sign Rug 1K0039 Creme,1,0,visible,D-sign Rug 1K0039 Creme ,D-sign Rug 1K0039 Creme ,,,taxable,,1,,,0,0,,,,,1,,,,"Rooms > Bedroom, Rooms > Kitchen, Rooms > Living room, Rugs > Modern, Rugs",,,"https://rugshop.eu/wp-content/uploads/2021/09/d-sign-rug-1k0039-creme-scaled.jpg, https://rugshop.eu/wp-content/uploads/2021/09/d-sign-rug-1k0039-creme-1-scaled.jpg, https://rugshop.eu/wp-content/uploads/2021/09/d-sign-rug-1k0039-creme-2-scaled.jpg",,,,,,,,,1849,,,Size,"120x170, 160x230, 200x290, 80x150",1,1,Brand,D-sign,1,1,Color,"White-Beige, Yellow-Brown",1,1,Type of color,Multicolor,1,1,Shape,Rectangular,1,1,Material,Polypropylene,1,1,Type of rug,Modern,1,1,Weave,Machinemade,1,1,Country,Egypt,1,1,Age,New,1,1,,,,,,,,,,,,,,yes,yes,,,,,,,,,,,,,,,,,,,,,,,,,,,,,
28526,variation,59984782,,D-sign Rug 1K0034 Creme - 80x150,1,0,visible,,D-sign Rug 1K0034 Creme 80x150cm,,,taxable,parent,1,3,,0,0,,80,150,0.8,0,,,796,,,,,,,46184363,,,,,,1,,,Size,80x150,,1,,,,,,,,,,,,,,,,,,,,,,,,,,,,,,,,,,,,,80x150,,,,,,,,,,,,,,,,,,,,,,,,WVS2B-80-150-E,,,,,,,,,,,,,,,,,,,
28527,variation,59984802,,D-sign Rug 1K0034 Creme - 120x170,1,0,visible,,D-sign Rug 1K0034 Creme 120x170cm,,,taxable,parent,1,2,,0,0,,120,170,0.8,0,,,1036,,,,,,,46184363,,,,,,2,,,Size,120x170,,1,,,,,,,,,,,,,,,,,,,,,,,,,,,,,,,,,,,,,120x170,,,,,,,,,,,,,,,,,,,,,,,,WVS2B-120-170-E,,,,,,,,,,,,,,,,,,,
28528,variation,59984799,,D-sign Rug 1K0034 Creme - 160x230,1,0,visible,,D-sign Rug 1K0034 Creme 160x230cm,,,taxable,parent,1,7,,0,0,,160,230,0.8,0,,,1436,,,,,,,46184363,,,,,,3,,,Size,160x230,,1,,,,,,,,,,,,,,,,,,,,,,,,,,,,,,,,,,,,,160x230,,,,,,,,,,,,,,,,,,,,,,,,WVS2B-160-230-E,,,,,,,,,,,,,,,,,,,
28529,variation,59984808,,D-sign Rug 1K0034 Creme - 200x290,1,0,visible,,D-sign Rug 1K0034 Creme 200x290cm,,,taxable,parent,0,0,,0,0,,200,290,0.8,0,,,1916,,,,,,,46184363,,,,,,4,,,Size,200x290,,1,,,,,,,,,,,,,,,,,,,,,,,,,,,,,,,,,,,,,200x290,,,,,,,,,,,,,,,,,,,,,,,,WVS2B-200-290-E,,,,,,,,,,,,,,,,,,,
28552,variable,46184372,,D-sign Rug 1K0043 Multicolor,1,0,visible,D-sign Rug 1K0043 Multicolor ,D-sign Rug 1K0043 Multicolor ,,,taxable,,1,,,0,0,,,,,1,,,,"Rooms > Bedroom, Rooms > Kitchen, Rooms > Living room, Rugs > Modern, Rugs",,,"https://rugshop.eu/wp-content/uploads/2021/09/d-sign-rug-1k0043-multicolor-scaled.jpg, https://rugshop.eu/wp-content/uploads/2021/09/d-sign-rug-1k0043-multicolor-1-scaled.jpg, https://rugshop.eu/wp-content/uploads/2021/09/d-sign-rug-1k0043-multicolor-2-scaled.jpg",,,,,,,,,1853,,,Size,"110x180, 150x230, 190x290, 230x330, 75x150",1,1,Brand,D-sign,1,1,Color,Black-Grey,1,1,Type of color,Multicolor,1,1,Shape,Rectangular,1,1,Material,Polyester,1,1,Type of rug,Modern,1,1,Weave,Machinemade,1,1,Country,Turkey,1,1,Age,New,1,1,,,,,,,,,,,,,,yes,yes,,,,,,,,,classic-editor,,,,,,,,,,,,,,,,,,,,
28553,variation,59984798,,D-sign Rug 1K0037 Creme - 80x150,1,0,visible,,D-sign Rug 1K0037 Creme 80x150cm,,,taxable,parent,1,2,,0,0,,80,150,0.8,0,,,796,,,,,,,46184366,,,,,,1,,,Size,80x150,,1,,,,,,,,,,,,,,,,,,,,,,,,,,,,,,,,,,,,,80x150,,,,,,,,,,,,,,,,,,,,,,,,YZDOS-80-150-E,,,,,,,,,,,,,,,,,,,
28554,variation,59984821,,D-sign Rug 1K0037 Creme - 120x170,1,0,visible,,D-sign Rug 1K0037 Creme 120x170cm,,,taxable,parent,1,5,,0,0,,120,170,0.8,0,,,1036,,,,,,,46184366,,,,,,2,,,Size,120x170,,1,,,,,,,,,,,,,,,,,,,,,,,,,,,,,,,,,,,,,120x170,,,,,,,,,,,,,,,,,,,,,,,,YZDOS-120-170-E,,,,,,,,,,,,,,,,,,,
28555,variation,59984819,,D-sign Rug 1K0037 Creme - 160x230,1,0,visible,,D-sign Rug 1K0037 Creme 160x230cm,,,taxable,parent,1,2,,0,0,,160,230,0.8,0,,,1436,,,,,,,46184366,,,,,,3,,,Size,160x230,,1,,,,,,,,,,,,,,,,,,,,,,,,,,,,,,,,,,,,,160x230,,,,,,,,,,,,,,,,,,,,,,,,YZDOS-160-230-E,,,,,,,,,,,,,,,,,,,
28556,variation,59984822,,D-sign Rug 1K0037 Creme - 200x290,1,0,visible,,D-sign Rug 1K0037 Creme 200x290cm,,,taxable,parent,0,0,,0,0,,200,290,0.8,0,,,1916,,,,,,,46184366,,,,,,4,,,Size,200x290,,1,,,,,,,,,,,,,,,,,,,,,,,,,,,,,,,,,,,,,200x290,,,,,,,,,,,,,,,,,,,,,,,,YZDOS-200-290-E,,,,,,,,,,,,,,,,,,,
28562,variation,59984813,,D-sign Rug 1K0038 Brown - 80x150,1,0,visible,,D-sign Rug 1K0038 Brown 80x150cm,,,taxable,parent,0,0,,0,0,,80,150,0.8,0,,,796,,,,,,,46184368,,,,,,1,,,Size,80x150,,1,,,,,,,,,,,,,,,,,,,,,,,,,,,,,,,,,,,,,80x150,,,,,,,,,,,,,,,,,,,,,,,,KL71R-80-150-E,,,,,,,,,,,,,,,,,,,
28563,variation,59984820,,D-sign Rug 1K0038 Brown - 120x170,1,0,visible,,D-sign Rug 1K0038 Brown 120x170cm,,,taxable,parent,1,2,,0,0,,120,170,0.8,0,,,1036,,,,,,,46184368,,,,,,2,,,Size,120x170,,1,,,,,,,,,,,,,,,,,,,,,,,,,,,,,,,,,,,,,120x170,,,,,,,,,,,,,,,,,,,,,,,,KL71R-120-170-E,,,,,,,,,,,,,,,,,,,
28564,variation,59984816,,D-sign Rug 1K0038 Brown - 160x230,1,0,visible,,D-sign Rug 1K0038 Brown 160x230cm,,,taxable,parent,0,0,,0,0,,160,230,0.8,0,,,1436,,,,,,,46184368,,,,,,3,,,Size,160x230,,1,,,,,,,,,,,,,,,,,,,,,,,,,,,,,,,,,,,,,160x230,,,,,,,,,,,,,,,,,,,,,,,,KL71R-160-230-E,,,,,,,,,,,,,,,,,,,
28565,variation,59984833,,D-sign Rug 1K0038 Brown - 200x290,1,0,visible,,D-sign Rug 1K0038 Brown 200x290cm,,,taxable,parent,1,2,,0,0,,200,290,0.8,0,,,1916,,,,,,,46184368,,,,,,4,,,Size,200x290,,1,,,,,,,,,,,,,,,,,,,,,,,,,,,,,,,,,,,,,200x290,,,,,,,,,,,,,,,,,,,,,,,,KL71R-200-290-E,,,,,,,,,,,,,,,,,,,
28570,variation,59984814,,D-sign Rug 1K0039 Creme - 80x150,1,0,visible,,D-sign Rug 1K0039 Creme 80x150cm,,,taxable,parent,1,15,,0,0,,80,150,0.8,0,,,796,,,,,,,46184369,,,,,,1,,,Size,80x150,,1,,,,,,,,,,,,,,,,,,,,,,,,,,,,,,,,,,,,,80x150,,,,,,,,,,,,,,,,,,,,,,,,T3HVE-80-150-E,,,,,,,,,,,,,,,,,,,
28571,variation,59984818,,D-sign Rug 1K0039 Creme - 120x170,1,0,visible,,D-sign Rug 1K0039 Creme 120x170cm,,,taxable,parent,1,18,,0,0,,120,170,0.8,0,,,1036,,,,,,,46184369,,,,,,2,,,Size,120x170,,1,,,,,,,,,,,,,,,,,,,,,,,,,,,,,,,,,,,,,120x170,,,,,,,,,,,,,,,,,,,,,,,,T3HVE-120-170-E,,,,,,,,,,,,,,,,,,,
28572,variation,59984823,,D-sign Rug 1K0039 Creme - 160x230,1,0,visible,,D-sign Rug 1K0039 Creme 160x230cm,,,taxable,parent,0,0,,0,0,,160,230,0.8,0,,,1436,,,,,,,46184369,,,,,,3,,,Size,160x230,,1,,,,,,,,,,,,,,,,,,,,,,,,,,,,,,,,,,,,,160x230,,,,,,,,,,,,,,,,,,,,,,,,T3HVE-160-230-E,,,,,,,,,,,,,,,,,,,
28573,variation,59984835,,D-sign Rug 1K0039 Creme - 200x290,1,0,visible,,D-sign Rug 1K0039 Creme 200x290cm,,,taxable,parent,1,4,,0,0,,200,290,0.8,0,,,1916,,,,,,,46184369,,,,,,4,,,Size,200x290,,1,,,,,,,,,,,,,,,,,,,,,,,,,,,,,,,,,,,,,200x290,,,,,,,,,,,,,,,,,,,,,,,,T3HVE-200-290-E,,,,,,,,,,,,,,,,,,,
28600,variation,59984842,,D-sign Rug 1K0043 Multicolor - 75x150,1,0,visible,,D-sign Rug 1K0043 Multicolor 75x150cm,,,taxable,parent,1,2,,0,0,,75,150,0.6,0,,,1116,,,,,,,46184372,,,,,,1,,,Size,75x150,,1,,,,,,,,,,,,,,,,,,,,,,,,,,,,,,,,,,,,,75x150,,,,,,,,,,,,,,,,,,,,,,,,KZ2SP-75-150,,,,,,,,,,,,,,,,,,,
28601,variation,59984857,,D-sign Rug 1K0043 Multicolor - 110x180,1,0,visible,,D-sign Rug 1K0043 Multicolor 110x180cm,,,taxable,parent,0,0,,0,0,,110,180,0.6,0,,,1516,,,,,,,46184372,,,,,,2,,,Size,110x180,,1,,,,,,,,,,,,,,,,,,,,,,,,,,,,,,,,,,,,,110x180,,,,,,,,,,,,,,,,,,,,,,,,KZ2SP-110-180,,,,,,,,,,,,,,,,,,,
28602,variation,59984853,,D-sign Rug 1K0043 Multicolor - 150x230,1,0,visible,,D-sign Rug 1K0043 Multicolor 150x230cm,,,taxable,parent,0,0,,0,0,,150,230,0.6,0,,,2316,,,,,,,46184372,,,,,,3,,,Size,150x230,,1,,,,,,,,,,,,,,,,,,,,,,,,,,,,,,,,,,,,,150x230,,,,,,,,,,,,,,,,,,,,,,,,KZ2SP-150-230,,,,,,,,,,,,,,,,,,,
28603,variation,59984859,,D-sign Rug 1K0043 Multicolor - 190x290,1,0,visible,,D-sign Rug 1K0043 Multicolor 190x290cm,,,taxable,parent,1,7,,0,0,,190,290,0.6,0,,,3356,,,,,,,46184372,,,,,,4,,,Size,190x290,,1,,,,,,,,,,,,,,,,,,,,,,,,,,,,,,,,,,,,,190x290,,,,,,,,,,,,,,,,,,,,,,,,KZ2SP-190-290,,,,,,,,,,,,,,,,,,,
28604,variation,59984860,,D-sign Rug 1K0043 Multicolor - 230x330,1,0,visible,,D-sign Rug 1K0043 Multicolor 230x330cm,,,taxable,parent,1,24,,0,0,,230,330,0.6,0,,,4396,,,,,,,46184372,,,,,,5,,,Size,230x330,,1,,,,,,,,,,,,,,,,,,,,,,,,,,,,,,,,,,,,,230x330,,,,,,,,,,,,,,,,,,,,,,,,KZ2SP-230-330,,,,,,,,,,,,,,,,,,,
28664,variable,46184382,,D-sign Rug 1K0052 Nature/Creme,1,0,visible,D-sign Rug 1K0052 Nature/Creme ,D-sign Rug 1K0052 Nature/Creme ,,,taxable,,1,,,0,0,,,,,1,,,,"Rooms > Bedroom, Rooms > Living room, Rugs > Modern, Rugs",,,"https://rugshop.eu/wp-content/uploads/2021/09/d-sign-rug-1k0052-nature-creme-scaled.jpg, https://rugshop.eu/wp-content/uploads/2021/09/d-sign-rug-1k0052-nature-creme-1-scaled.jpg, https://rugshop.eu/wp-content/uploads/2021/09/d-sign-rug-1k0052-nature-creme-2-scaled.jpg",,,,,,,,,1862,,,Size,"120x170, 160x230, 80x150",1,1,Brand,D-sign,1,1,Color,White-Beige,1,1,Type of color,Multicolor,1,1,Shape,Rectangular,1,1,Material,Plastic,1,1,Type of rug,Modern,1,1,Weave,Handmade,1,1,Country,India,1,1,Age,New,1,1,,,,,,,,,,,,,,yes,yes,,,,,,,,,,,,,,,,,,,,,,,,,,,,,
28706,variation,59984878,,D-sign Rug 1K0052 Nature/Creme - 80x150,1,0,visible,,D-sign Rug 1K0052 Nature/Creme 80x150cm,,,taxable,parent,1,10,,0,0,,80,150,1.5,0,,,1276,,,,,,,46184382,,,,,,1,,,Size,80x150,,1,,,,,,,,,,,,,,,,,,,,,,,,,,,,,,,,,,,,,80x150,,,,,,,,,,,,,,,,,,,,,,,,5J6PS-80-150,,,,,,,,,,,,,,,,,,,
28707,variation,59984914,,D-sign Rug 1K0052 Nature/Creme - 120x170,1,0,visible,,D-sign Rug 1K0052 Nature/Creme 120x170cm,,,taxable,parent,0,0,,0,0,,120,170,1.5,0,,,1756,,,,,,,46184382,,,,,,2,,,Size,120x170,,1,,,,,,,,,,,,,,,,,,,,,,,,,,,,,,,,,,,,,120x170,,,,,,,,,,,,,,,,,,,,,,,,5J6PS-120-170,,,,,,,,,,,,,,,,,,,
28708,variation,59984901,,D-sign Rug 1K0052 Nature/Creme - 160x230,1,0,visible,,D-sign Rug 1K0052 Nature/Creme 160x230cm,,,taxable,parent,0,0,,0,0,,160,230,1.5,0,,,2716,,,,,,,46184382,,,,,,3,,,Size,160x230,,1,,,,,,,,,,,,,,,,,,,,,,,,,,,,,,,,,,,,,160x230,,,,,,,,,,,,,,,,,,,,,,,,5J6PS-160-230,,,,,,,,,,,,,,,,,,,
28750,variable,46184394,,D-sign Rug 1K0065 Grey,1,0,visible,D-sign Rug 1K0065 Grey ,D-sign Rug 1K0065 Grey ,,,taxable,,1,,,0,0,,,,,1,,,,"Rooms > Bedroom, Rooms > Kitchen, Rugs > Modern, Rugs",,,"https://rugshop.eu/wp-content/uploads/2021/09/d-sign-rug-1k0065-grey-scaled.jpg, https://rugshop.eu/wp-content/uploads/2021/09/d-sign-rug-1k0065-grey-1-scaled.jpg, https://rugshop.eu/wp-content/uploads/2021/09/d-sign-rug-1k0065-grey-2.jpg",,,,,,,,,1875,,,Size,"120x170, 80x150",1,1,Brand,D-sign,1,1,Color,"Black-Grey, White-Beige",1,1,Type of color,Multicolor,1,1,Shape,Rectangular,1,1,Material,Cotton,1,1,Type of rug,Modern,1,1,Weave,Handmade,1,1,Country,India,1,1,Age,New,1,1,,,,,,,,,,,,,,yes,yes,,,,,,,,,,,,,,,,,,,,,,,,,,,,,
28751,variable,46184395,,D-sign Rug 1K0067 Grey,1,0,visible,D-sign Rug 1K0067 Grey ,D-sign Rug 1K0067 Grey ,,,taxable,,1,,,0,0,,,,,1,,,,"Rooms > Bedroom, Rugs > Modern, Rugs, Rugs > Shaggy",,,"https://rugshop.eu/wp-content/uploads/2021/09/d-sign-rug-1k0067-grey-scaled.jpg, https://rugshop.eu/wp-content/uploads/2021/09/d-sign-rug-1k0067-grey-1-scaled.jpg, https://rugshop.eu/wp-content/uploads/2021/09/d-sign-rug-1k0067-grey-2-scaled.jpg",,,,,,,,,1877,,,Size,"120x170, 60x90, 85x130",1,1,Brand,D-sign,1,1,Color,Black-Grey,1,1,Type of color,Singlecolor,1,1,Shape,Rectangular,1,1,Material,Polyester,1,1,Type of rug,"Modern, Rya / Shaggy",1,1,Weave,Handmade,1,1,Country,China,1,1,Age,New,1,1,,,,,,,,,,,,,,yes,yes,,,,,,,,,,,,,,,,,,,,,,,,,,,,,
28767,variable,46184396,,D-sign Rug 1K0066 Ivory,1,0,visible,D-sign Rug 1K0066 Ivory ,D-sign Rug 1K0066 Ivory ,,,taxable,,1,,,0,0,,,,,1,,,,"Rooms > Bedroom, Rugs > Modern, Rugs, Rugs > Shaggy",,,"https://rugshop.eu/wp-content/uploads/2021/09/d-sign-rug-1k0066-ivory-scaled.jpg, https://rugshop.eu/wp-content/uploads/2021/09/d-sign-rug-1k0066-ivory-1-scaled.jpg, https://rugshop.eu/wp-content/uploads/2021/09/d-sign-rug-1k0066-ivory-2-scaled.jpg",,,,,,,,,1876,,,Size,"120x170, 60x90, 85x130",1,1,Brand,D-sign,1,1,Color,White-Beige,1,1,Type of color,Singlecolor,1,1,Shape,Rectangular,1,1,Material,Polyester,1,1,Type of rug,"Modern, Rya / Shaggy",1,1,Weave,Handmade,1,1,Country,China,1,1,Age,New,1,1,,,,,,,,,,,,,,yes,yes,,,,,,,,,,,,,,,,,,,,,,,,,,,,,
28768,variable,46184397,,D-sign Rug 1K0068 Powder pink,1,0,visible,D-sign Rug 1K0068 Powder pink ,D-sign Rug 1K0068 Powder pink ,,,taxable,,1,,,0,0,,,,,1,,,,"Rooms > Bedroom, Rugs > Modern, Rugs, Rugs > Shaggy",,,"https://rugshop.eu/wp-content/uploads/2021/09/d-sign-rug-1k0068-powder-pink-scaled.jpg, https://rugshop.eu/wp-content/uploads/2021/09/d-sign-rug-1k0068-powder-pink-1-scaled.jpg, https://rugshop.eu/wp-content/uploads/2021/09/d-sign-rug-1k0068-powder-pink-2-scaled.jpg",,,,,,,,,1878,,,Size,"120x170, 60x90, 85x130",1,1,Brand,D-sign,1,1,Color,Pink-Purple,1,1,Type of color,Singlecolor,1,1,Shape,Rectangular,1,1,Material,Polyester,1,1,Type of rug,"Modern, Rya / Shaggy",1,1,Weave,Handmade,1,1,Country,China,1,1,Age,New,1,1,,,,,,,,,,,,,,yes,yes,,,,,,,,,,,,,,,,,,,,,,,,,,,,,
28769,variable,46184403,,D-sign Rug 1K0069 Taupe,1,0,visible,D-sign Rug 1K0069 Taupe ,D-sign Rug 1K0069 Taupe ,,,taxable,,1,,,0,0,,,,,1,,,,"Rooms > Bedroom, Rugs > Modern, Rugs, Rugs > Shaggy",,,"https://rugshop.eu/wp-content/uploads/2021/09/d-sign-rug-1k0069-taupe-scaled.jpg, https://rugshop.eu/wp-content/uploads/2021/09/d-sign-rug-1k0069-taupe-1-scaled.jpg, https://rugshop.eu/wp-content/uploads/2021/09/d-sign-rug-1k0069-taupe-2-scaled.jpg",,,,,,,,,1879,,,Size,"120x170, 60x90, 85x130",1,1,Brand,D-sign,1,1,Color,Yellow-Brown,1,1,Type of color,Singlecolor,1,1,Shape,Rectangular,1,1,Material,Polyester,1,1,Type of rug,"Modern, Rya / Shaggy",1,1,Weave,Handmade,1,1,Country,China,1,1,Age,New,1,1,,,,,,,,,,,,,,yes,yes,,,,,,,,,,,,,,,,,,,,,,,,,,,,,
28778,variable,46184405,,D-sign Rug 1K0083 Nature/Red,1,0,visible,D-sign Rug 1K0083 Nature/Red ,D-sign Rug 1K0083 Nature/Red ,,,taxable,,1,,,0,0,,,,,1,,,,"Rooms > Bedroom, Rooms > Living room, Rugs > Modern, Rugs",,,"https://rugshop.eu/wp-content/uploads/2021/09/d-sign-rug-1k0083-nature-red-scaled.jpg, https://rugshop.eu/wp-content/uploads/2021/09/d-sign-rug-1k0083-nature-red-1-scaled.jpg, https://rugshop.eu/wp-content/uploads/2021/09/d-sign-rug-1k0083-nature-red-2-scaled.jpg",,,,,,,,,1886,,,Size,"120x170, 160x230",1,1,Brand,D-sign,1,1,Color,"Black-Grey, Red",1,1,Type of color,Multicolor,1,1,Shape,Rectangular,1,1,Material,Wool,1,1,Type of rug,Modern,1,1,Weave,Handmade,1,1,Country,India,1,1,Age,New,1,1,,,,,,,,,,,,,,yes,yes,,,,,,,,,,,,,,,,,,,,,,,,,,,,,
28795,variation,59984934,,D-sign Rug 1K0065 Grey - 80x150,1,0,visible,,D-sign Rug 1K0065 Grey 80x150cm,,,taxable,parent,1,70,,0,0,,80,150,0.7,0,,,956,,,,,,,46184394,,,,,,1,,,Size,80x150,,1,,,,,,,,,,,,,,,,,,,,,,,,,,,,,,,,,,,,,80x150,,,,,,,,,,,,,,,,,,,,,,,,UJQ4A-80-150,,,,,,,,,,,,,,,,,,,
28796,variation,59984948,,D-sign Rug 1K0065 Grey - 120x170,1,0,visible,,D-sign Rug 1K0065 Grey 120x170cm,,,taxable,parent,1,73,,0,0,,120,170,0.7,0,,,1196,,,,,,,46184394,,,,,,2,,,Size,120x170,,1,,,,,,,,,,,,,,,,,,,,,,,,,,,,,,,,,,,,,120x170,,,,,,,,,,,,,,,,,,,,,,,,UJQ4A-120-170,,,,,,,,,,,,,,,,,,,
28801,variable,46184409,,D-sign Rug 1K0085 Black/White,1,0,visible,D-sign Rug 1K0085 Black/White ,D-sign Rug 1K0085 Black/White ,,,taxable,,1,,,0,0,,,,,1,,,,"Rooms > Bedroom, Rugs > Modern, Rugs",,,"https://rugshop.eu/wp-content/uploads/2021/09/d-sign-rug-1k0085-black-white-scaled.jpg, https://rugshop.eu/wp-content/uploads/2021/09/d-sign-rug-1k0085-black-white-1-scaled.jpg, https://rugshop.eu/wp-content/uploads/2021/09/d-sign-rug-1k0085-black-white-2-scaled.jpg, https://rugshop.eu/wp-content/uploads/2021/09/d-sign-rug-1k0085-black-white-3-scaled.jpg, https://rugshop.eu/wp-content/uploads/2021/09/d-sign-rug-1k0085-black-white-4-scaled.jpg",,,,,,,,,1888,,,Size,"120x170, 80x150",1,1,Brand,D-sign,1,1,Color,"Black-Grey, White-Beige",1,1,Type of color,Multicolor,1,1,Shape,Rectangular,1,1,Material,Wool,1,1,Type of rug,Modern,1,1,Weave,Handmade,1,1,Country,India,1,1,Age,New,1,1,,,,,,,,,,,,,,yes,yes,,,,,,,,,,,,,,,,,,,,,,,,,,,,,
28802,variation,59984942,,D-sign Rug 1K0067 Grey - 60x90,1,0,visible,,D-sign Rug 1K0067 Grey 60x90cm,,,taxable,parent,1,755,,0,0,,60,90,2.5,0,,478,956,,,,,,,46184395,,,,,,1,,,Size,60x90,,1,,,,,,,,,,,,,,,,,,,,,,,,,,,,,,,,,,,,,60x90,,,,,,,,,,,,,,,,,,,,,,,,S8MLL-60-90,,,,,,,,,,,,,,,,,,,
28803,variation,59984957,,D-sign Rug 1K0067 Grey - 85x130,1,0,visible,,D-sign Rug 1K0067 Grey 85x130cm,,,taxable,parent,0,0,,0,0,,85,130,2.5,0,,718,1436,,,,,,,46184395,,,,,,2,,,Size,85x130,,1,,,,,,,,,,,,,,,,,,,,,,,,,,,,,,,,,,,,,85x130,,,,,,,,,,,,,,,,,,,,,,,,S8MLL-85-130,,,,,,,,,,,,,,,,,,,
28804,variation,59984945,,D-sign Rug 1K0067 Grey - 120x170,1,0,visible,,D-sign Rug 1K0067 Grey 120x170cm,,,taxable,parent,0,0,,0,0,,120,170,2.5,0,,1078,2156,,,,,,,46184395,,,,,,3,,,Size,120x170,,1,,,,,,,,,,,,,,,,,,,,,,,,,,,,,,,,,,,,,120x170,,,,,,,,,,,,,,,,,,,,,,,,S8MLL-120-170,,,,,,,,,,,,,,,,,,,
28809,variable,46184410,,D-sign Rug 1K0090 Beige,1,0,visible,D-sign Rug 1K0090 Beige ,D-sign Rug 1K0090 Beige ,,,taxable,,1,,,0,0,,,,,1,,,,"Rooms > Bedroom, Rooms > Living room, Rugs > Modern, Rugs > Patchwork, Rugs",,,"https://rugshop.eu/wp-content/uploads/2021/09/d-sign-rug-1k0090-beige-scaled.jpg, https://rugshop.eu/wp-content/uploads/2021/09/d-sign-rug-1k0090-beige-1-scaled.jpg, https://rugshop.eu/wp-content/uploads/2021/09/d-sign-rug-1k0090-beige-2-scaled.jpg",,,,,,,,,1893,,,Size,"120x170, 160x230, 200x290, 80x150",1,1,Brand,D-sign,1,1,Color,White-Beige,1,1,Type of color,Multicolor,1,1,Shape,Rectangular,1,1,Material,Polypropylene,1,1,Type of rug,"Modern, Patchwork",1,1,Weave,Machinemade,1,1,Country,Turkey,1,1,Age,New,1,1,,,,,,,,,,,,,,yes,yes,,,,,,,,,,,,,,,,,,,,,,,,,,,,,
28810,variation,59984943,,D-sign Rug 1K0066 Ivory - 60x90,1,0,visible,,D-sign Rug 1K0066 Ivory 60x90cm,,,taxable,parent,1,645,,0,0,,60,90,2.5,0,,478,956,,,,,,,46184396,,,,,,1,,,Size,60x90,,1,,,,,,,,,,,,,,,,,,,,,,,,,,,,,,,,,,,,,60x90,,,,,,,,,,,,,,,,,,,,,,,,ZBJDM-60-90,,,,,,,,,,,,,,,,,,,
28811,variation,59984959,,D-sign Rug 1K0066 Ivory - 85x130,1,0,visible,,D-sign Rug 1K0066 Ivory 85x130cm,,,taxable,parent,0,0,,0,0,,85,130,2.5,0,,718,1436,,,,,,,46184396,,,,,,2,,,Size,85x130,,1,,,,,,,,,,,,,,,,,,,,,,,,,,,,,,,,,,,,,85x130,,,,,,,,,,,,,,,,,,,,,,,,ZBJDM-85-130,,,,,,,,,,,,,,,,,,,
28812,variation,59984958,,D-sign Rug 1K0066 Ivory - 120x170,1,0,visible,,D-sign Rug 1K0066 Ivory 120x170cm,,,taxable,parent,0,0,,0,0,,120,170,2.5,0,,1078,2156,,,,,,,46184396,,,,,,3,,,Size,120x170,,1,,,,,,,,,,,,,,,,,,,,,,,,,,,,,,,,,,,,,120x170,,,,,,,,,,,,,,,,,,,,,,,,ZBJDM-120-170,,,,,,,,,,,,,,,,,,,
28818,variation,59984944,,D-sign Rug 1K0068 Powder pink - 60x90,1,0,visible,,D-sign Rug 1K0068 Powder pink 60x90cm,,,taxable,parent,1,461,,0,0,,60,90,2.5,0,,478,956,,,,,,,46184397,,,,,,1,,,Size,60x90,,1,,,,,,,,,,,,,,,,,,,,,,,,,,,,,,,,,,,,,60x90,,,,,,,,,,,,,,,,,,,,,,,,2S14E-60-90,,,,,,,,,,,,,,,,,,,
28819,variation,59984961,,D-sign Rug 1K0068 Powder pink - 85x130,1,0,visible,,D-sign Rug 1K0068 Powder pink 85x130cm,,,taxable,parent,0,0,,0,0,,85,130,2.5,0,,718,1436,,,,,,,46184397,,,,,,2,,,Size,85x130,,1,,,,,,,,,,,,,,,,,,,,,,,,,,,,,,,,,,,,,85x130,,,,,,,,,,,,,,,,,,,,,,,,2S14E-85-130,,,,,,,,,,,,,,,,,,,
28820,variation,59984962,,D-sign Rug 1K0068 Powder pink - 120x170,1,0,visible,,D-sign Rug 1K0068 Powder pink 120x170cm,,,taxable,parent,0,0,,0,0,,120,170,2.5,0,,1078,2156,,,,,,,46184397,,,,,,3,,,Size,120x170,,1,,,,,,,,,,,,,,,,,,,,,,,,,,,,,,,,,,,,,120x170,,,,,,,,,,,,,,,,,,,,,,,,2S14E-120-170,,,,,,,,,,,,,,,,,,,
28826,variation,59984954,,D-sign Rug 1K0069 Taupe - 60x90,1,0,visible,,D-sign Rug 1K0069 Taupe 60x90cm,,,taxable,parent,1,685,,0,0,,60,90,2.5,0,,478,956,,,,,,,46184403,,,,,,1,,,Size,60x90,,1,,,,,,,,,,,,,,,,,,,,,,,,,,,,,,,,,,,,,60x90,,,,,,,,,,,,,,,,,,,,,,,,FW9XS-60-90,,,,,,,,,,,,,,,,,,,
28827,variation,59984972,,D-sign Rug 1K0069 Taupe - 85x130,1,0,visible,,D-sign Rug 1K0069 Taupe 85x130cm,,,taxable,parent,0,0,,0,0,,85,130,2.5,0,,718,1436,,,,,,,46184403,,,,,,2,,,Size,85x130,,1,,,,,,,,,,,,,,,,,,,,,,,,,,,,,,,,,,,,,85x130,,,,,,,,,,,,,,,,,,,,,,,,FW9XS-85-130,,,,,,,,,,,,,,,,,,,
28828,variation,59984960,,D-sign Rug 1K0069 Taupe - 120x170,1,0,visible,,D-sign Rug 1K0069 Taupe 120x170cm,,,taxable,parent,0,0,,0,0,,120,170,2.5,0,,1078,2156,,,,,,,46184403,,,,,,3,,,Size,120x170,,1,,,,,,,,,,,,,,,,,,,,,,,,,,,,,,,,,,,,,120x170,,,,,,,,,,,,,,,,,,,,,,,,FW9XS-120-170,,,,,,,,,,,,,,,,,,,
28834,variation,59984964,,D-sign Rug 1K0083 Nature/Red - 120x170,1,0,visible,,D-sign Rug 1K0083 Nature/Red 120x170cm,,,taxable,parent,1,6,,0,0,,120,170,1.6,0,,,2156,,,,,,,46184405,,,,,,1,,,Size,120x170,,1,,,,,,,,,,,,,,,,,,,,,,,,,,,,,,,,,,,,,120x170,,,,,,,,,,,,,,,,,,,,,,,,SD51X-120-170,,,,,,,,,,,,,,,,,,,
28835,variation,59984975,,D-sign Rug 1K0083 Nature/Red - 160x230,1,0,visible,,D-sign Rug 1K0083 Nature/Red 160x230cm,,,taxable,parent,1,22,,0,0,,160,230,1.6,0,,,3516,,,,,,,46184405,,,,,,2,,,Size,160x230,,1,,,,,,,,,,,,,,,,,,,,,,,,,,,,,,,,,,,,,160x230,,,,,,,,,,,,,,,,,,,,,,,,SD51X-160-230,,,,,,,,,,,,,,,,,,,
28859,variation,59984978,,D-sign Rug 1K0085 Black/White - 80x150,1,0,visible,,D-sign Rug 1K0085 Black/White 80x150cm,,,taxable,parent,1,5,,0,0,,80,150,1.6,0,,,1516,,,,,,,46184409,,,,,,1,,,Size,80x150,,1,,,,,,,,,,,,,,,,,,,,,,,,,,,,,,,,,,,,,80x150,,,,,,,,,,,,,,,,,,,,,,,,13XGS-80-150,,,,,,,,,,,,,,,,,,,
28860,variation,59984986,,D-sign Rug 1K0085 Black/White - 120x170,1,0,visible,,D-sign Rug 1K0085 Black/White 120x170cm,,,taxable,parent,1,6,,0,0,,120,170,1.6,0,,,2156,,,,,,,46184409,,,,,,2,,,Size,120x170,,1,,,,,,,,,,,,,,,,,,,,,,,,,,,,,,,,,,,,,120x170,,,,,,,,,,,,,,,,,,,,,,,,13XGS-120-170,,,,,,,,,,,,,,,,,,,
28866,variation,59984983,,D-sign Rug 1K0090 Beige - 80x150,1,0,visible,,D-sign Rug 1K0090 Beige 80x150cm,,,taxable,parent,1,2,,0,0,,80,150,1.4,0,,,1436,,,,,,,46184410,,,,,,1,,,Size,80x150,,1,,,,,,,,,,,,,,,,,,,,,,,,,,,,,,,,,,,,,80x150,,,,,,,,,,,,,,,,,,,,,,,,SKL86-80-150,,,,,,,,,,,,,,,,,,,
28867,variation,59984997,,D-sign Rug 1K0090 Beige - 120x170,1,0,visible,,D-sign Rug 1K0090 Beige 120x170cm,,,taxable,parent,0,0,,0,0,,120,170,1.4,0,,,1996,,,,,,,46184410,,,,,,2,,,Size,120x170,,1,,,,,,,,,,,,,,,,,,,,,,,,,,,,,,,,,,,,,120x170,,,,,,,,,,,,,,,,,,,,,,,,SKL86-120-170,,,,,,,,,,,,,,,,,,,
28868,variation,59985000,,D-sign Rug 1K0090 Beige - 160x230,1,0,visible,,D-sign Rug 1K0090 Beige 160x230cm,,,taxable,parent,0,0,,0,0,,160,230,1.4,0,,,3196,,,,,,,46184410,,,,,,3,,,Size,160x230,,1,,,,,,,,,,,,,,,,,,,,,,,,,,,,,,,,,,,,,160x230,,,,,,,,,,,,,,,,,,,,,,,,SKL86-160-230,,,,,,,,,,,,,,,,,,,
28869,variation,59985002,,D-sign Rug 1K0090 Beige - 200x290,1,0,visible,,D-sign Rug 1K0090 Beige 200x290cm,,,taxable,parent,0,0,,0,0,,200,290,1.4,0,,,4716,,,,,,,46184410,,,,,,4,,,Size,200x290,,1,,,,,,,,,,,,,,,,,,,,,,,,,,,,,,,,,,,,,200x290,,,,,,,,,,,,,,,,,,,,,,,,SKL86-200-290,,,,,,,,,,,,,,,,,,,
28925,variable,46184423,,D-sign Rug 1K0099 Silver,1,0,visible,D-sign Rug 1K0099 Silver ,D-sign Rug 1K0099 Silver ,,,taxable,,1,,,0,0,,,,,1,,,,"Rooms > Bedroom, Rooms > Living room, Rugs > Modern, Rugs",,,"https://rugshop.eu/wp-content/uploads/2021/09/d-sign-rug-1k0099-silver-scaled.jpg, https://rugshop.eu/wp-content/uploads/2021/09/d-sign-rug-1k0099-silver-1-scaled.jpg, https://rugshop.eu/wp-content/uploads/2021/09/d-sign-rug-1k0099-silver-2-scaled.jpg",,,,,,,,,1902,,,Size,"120x170, 160x230, 200x290, 80x150",1,1,Brand,D-sign,1,1,Color,Black-Grey,1,1,Type of color,Multicolor,1,1,Shape,Rectangular,1,1,Material,Polypropylene,1,1,Type of rug,Modern,1,1,Weave,Machinemade,1,1,Country,Turkey,1,1,Age,New,1,1,,,,,,,,,,,,,,yes,yes,,,,,,,,,,,,,,,,,,,,,,,,,,,,,
28975,variation,59985022,,D-sign Rug 1K0099 Silver - 80x150,1,0,visible,,D-sign Rug 1K0099 Silver 80x150cm,,,taxable,parent,1,3,,0,0,,80,150,1.4,0,,,1436,,,,,,,46184423,,,,,,1,,,Size,80x150,,1,,,,,,,,,,,,,,,,,,,,,,,,,,,,,,,,,,,,,80x150,,,,,,,,,,,,,,,,,,,,,,,,2QGLY-80-150,,,,,,,,,,,,,,,,,,,
28976,variation,59985036,,D-sign Rug 1K0099 Silver - 120x170,1,0,visible,,D-sign Rug 1K0099 Silver 120x170cm,,,taxable,parent,0,0,,0,0,,120,170,1.4,0,,,1996,,,,,,,46184423,,,,,,2,,,Size,120x170,,1,,,,,,,,,,,,,,,,,,,,,,,,,,,,,,,,,,,,,120x170,,,,,,,,,,,,,,,,,,,,,,,,2QGLY-120-170,,,,,,,,,,,,,,,,,,,
28977,variation,59985044,,D-sign Rug 1K0099 Silver - 160x230,1,0,visible,,D-sign Rug 1K0099 Silver 160x230cm,,,taxable,parent,0,0,,0,0,,160,230,1.4,0,,,3196,,,,,,,46184423,,,,,,3,,,Size,160x230,,1,,,,,,,,,,,,,,,,,,,,,,,,,,,,,,,,,,,,,160x230,,,,,,,,,,,,,,,,,,,,,,,,2QGLY-160-230,,,,,,,,,,,,,,,,,,,
28978,variation,59985048,,D-sign Rug 1K0099 Silver - 200x290,1,0,visible,,D-sign Rug 1K0099 Silver 200x290cm,,,taxable,parent,0,0,,0,0,,200,290,1.4,0,,,4716,,,,,,,46184423,,,,,,4,,,Size,200x290,,1,,,,,,,,,,,,,,,,,,,,,,,,,,,,,,,,,,,,,200x290,,,,,,,,,,,,,,,,,,,,,,,,2QGLY-200-290,,,,,,,,,,,,,,,,,,,
28983,variable,46184435,,D-sign Rug 1K0115 Multicolor,1,0,visible,D-sign Rug 1K0115 Multicolor ,D-sign Rug 1K0115 Multicolor ,,,taxable,,1,,,0,0,,,,,1,,,,"Rooms > Bedroom, Rooms > Living room, Rugs > Modern, Rugs > Patchwork, Rugs",,,"https://rugshop.eu/wp-content/uploads/2021/09/d-sign-rug-1k0115-multicolor-scaled.jpg, https://rugshop.eu/wp-content/uploads/2021/09/d-sign-rug-1k0115-multicolor-1-scaled.jpg, https://rugshop.eu/wp-content/uploads/2021/09/d-sign-rug-1k0115-multicolor-2-scaled.jpg",,,,,,,,,1918,,,Size,"120x170, 160x230, 200x290, 80x150",1,1,Brand,D-sign,1,1,Color,Black-Grey,1,1,Type of color,Multicolor,1,1,Shape,Rectangular,1,1,Material,Wool,1,1,Type of rug,"Modern, Patchwork",1,1,Weave,Handmade,1,1,Country,India,1,1,Age,New,1,1,,,,,,,,,,,,,,yes,yes,,,,,,,,,,,,,,,,,,,,,,,,,,,,,
28999,variable,46184436,,D-sign Rug 1K0116 Blue/Multicolor,1,0,visible,D-sign Rug 1K0116 Blue/Multicolor ,D-sign Rug 1K0116 Blue/Multicolor ,,,taxable,,1,,,0,0,,,,,1,,,,"Rooms > Bedroom, Rooms > Living room, Rugs > Modern, Rugs > Patchwork, Rugs",,,"https://rugshop.eu/wp-content/uploads/2021/09/d-sign-rug-1k0116-blue-multicolor-scaled.jpg, https://rugshop.eu/wp-content/uploads/2021/09/d-sign-rug-1k0116-blue-multicolor-1-scaled.jpg, https://rugshop.eu/wp-content/uploads/2021/09/d-sign-rug-1k0116-blue-multicolor-2-scaled.jpg, https://rugshop.eu/wp-content/uploads/2021/09/d-sign-rug-1k0116-blue-multicolor-3-scaled.jpg, https://rugshop.eu/wp-content/uploads/2021/09/d-sign-rug-1k0116-blue-multicolor-4-scaled.jpg",,,,,,,,,1919,,,Size,"120x170, 160x230, 200x290, 80x150",1,1,Brand,D-sign,1,1,Color,"Blue, White-Beige",1,1,Type of color,Multicolor,1,1,Shape,Rectangular,1,1,Material,Wool,1,1,Type of rug,"Modern, Patchwork",1,1,Weave,Handmade,1,1,Country,India,1,1,Age,New,1,1,,,,,,,,,,,,,,yes,yes,,,,,,,,,,,,,,,,,,,,,,,,,,,,,
29000,variable,46184437,,D-sign Rug 1K0113 Natural,1,0,visible,D-sign Rug 1K0113 Natural ,D-sign Rug 1K0113 Natural ,,,taxable,,1,,,0,0,,,,,1,,,,"Rooms > Bedroom, Rooms > Living room, Rugs > Modern, Rugs > Patchwork, Rugs",,,"https://rugshop.eu/wp-content/uploads/2021/09/d-sign-rug-1k0113-natural-scaled.jpg, https://rugshop.eu/wp-content/uploads/2021/09/d-sign-rug-1k0113-natural-1-scaled.jpg, https://rugshop.eu/wp-content/uploads/2021/09/d-sign-rug-1k0113-natural-2-scaled.jpg",,,,,,,,,1916,,,Size,"120x170, 160x230, 200x290, 80x150",1,1,Brand,D-sign,1,1,Color,"White-Beige, Yellow-Brown",1,1,Type of color,Multicolor,1,1,Shape,Rectangular,1,1,Material,Wool,1,1,Type of rug,"Modern, Patchwork",1,1,Weave,Handmade,1,1,Country,India,1,1,Age,New,1,1,,,,,,,,,,,,,,yes,yes,,,,,,,,,,,,,,,,,,,,,,,,,,,,,
29013,variable,46184440,,D-sign Rug 1K0117 Grey/Multicolor,1,0,visible,D-sign Rug 1K0117 Grey/Multicolor ,D-sign Rug 1K0117 Grey/Multicolor ,,,taxable,,1,,,0,0,,,,,1,,,,"Rooms > Bedroom, Rooms > Living room, Rugs > Modern, Rugs > Patchwork, Rugs",,,"https://rugshop.eu/wp-content/uploads/2021/09/d-sign-rug-1k0117-grey-multicolor-scaled.jpg, https://rugshop.eu/wp-content/uploads/2021/09/d-sign-rug-1k0117-grey-multicolor-1-scaled.jpg, https://rugshop.eu/wp-content/uploads/2021/09/d-sign-rug-1k0117-grey-multicolor-2-scaled.jpg",,,,,,,,,1920,,,Size,"160x230, 200x290, 80x150",1,1,Brand,D-sign,1,1,Color,Black-Grey,1,1,Type of color,Multicolor,1,1,Shape,Rectangular,1,1,Material,Wool,1,1,Type of rug,"Modern, Patchwork",1,1,Weave,Handmade,1,1,Country,India,1,1,Age,New,1,1,,,,,,,,,,,,,,yes,yes,,,,,,,,,,,,,,,,,,,,,,,,,,,,,
29021,variable,46184441,,D-sign Rug 1K0118 Red/Multicolor,1,0,visible,D-sign Rug 1K0118 Red/Multicolor ,D-sign Rug 1K0118 Red/Multicolor ,,,taxable,,1,,,0,0,,,,,1,,,,"Rooms > Bedroom, Rooms > Living room, Rugs > Modern, Rugs > Patchwork, Rugs",,,"https://rugshop.eu/wp-content/uploads/2021/09/d-sign-rug-1k0118-red-multicolor-scaled.jpg, https://rugshop.eu/wp-content/uploads/2021/09/d-sign-rug-1k0118-red-multicolor-1-scaled.jpg, https://rugshop.eu/wp-content/uploads/2021/09/d-sign-rug-1k0118-red-multicolor-2-scaled.jpg",,,,,,,,,1921,,,Size,"120x170, 160x230, 200x290, 80x150",1,1,Brand,D-sign,1,1,Color,"Blue, Red",1,1,Type of color,Multicolor,1,1,Shape,Rectangular,1,1,Material,Wool,1,1,Type of rug,"Modern, Patchwork",1,1,Weave,Handmade,1,1,Country,India,1,1,Age,New,1,1,,,,,,,,,,,,,,yes,yes,,,,,,,,,,,,,,,,,,,,,,,,,,,,,
29037,variation,59985064,,D-sign Rug 1K0115 Multicolor - 80x150,1,0,visible,,D-sign Rug 1K0115 Multicolor 80x150cm,,,taxable,parent,1,28,,0,0,,80,150,1.2,0,,,1676,,,,,,,46184435,,,,,,1,,,Size,80x150,,1,,,,,,,,,,,,,,,,,,,,,,,,,,,,,,,,,,,,,80x150,,,,,,,,,,,,,,,,,,,,,,,,SACYR-80-150,,,,,,,,,,,,,,,,,,,
29038,variation,59985077,,D-sign Rug 1K0115 Multicolor - 120x170,1,0,visible,,D-sign Rug 1K0115 Multicolor 120x170cm,,,taxable,parent,0,0,,0,0,,120,170,1.2,0,,,2476,,,,,,,46184435,,,,,,2,,,Size,120x170,,1,,,,,,,,,,,,,,,,,,,,,,,,,,,,,,,,,,,,,120x170,,,,,,,,,,,,,,,,,,,,,,,,SACYR-120-170,,,,,,,,,,,,,,,,,,,
29039,variation,59985071,,D-sign Rug 1K0115 Multicolor - 160x230,1,0,visible,,D-sign Rug 1K0115 Multicolor 160x230cm,,,taxable,parent,1,6,,0,0,,160,230,1.2,0,,,3996,,,,,,,46184435,,,,,,3,,,Size,160x230,,1,,,,,,,,,,,,,,,,,,,,,,,,,,,,,,,,,,,,,160x230,,,,,,,,,,,,,,,,,,,,,,,,SACYR-160-230,,,,,,,,,,,,,,,,,,,
29040,variation,59985069,,D-sign Rug 1K0115 Multicolor - 200x290,1,0,visible,,D-sign Rug 1K0115 Multicolor 200x290cm,,,taxable,parent,1,2,,0,0,,200,290,1.2,0,,,5996,,,,,,,46184435,,,,,,4,,,Size,200x290,,1,,,,,,,,,,,,,,,,,,,,,,,,,,,,,,,,,,,,,200x290,,,,,,,,,,,,,,,,,,,,,,,,SACYR-200-290,,,,,,,,,,,,,,,,,,,
29048,variation,59985065,,D-sign Rug 1K0116 Blue/Multicolor - 80x150,1,0,visible,,D-sign Rug 1K0116 Blue/Multicolor 80x150cm,,,taxable,parent,1,22,,0,0,,80,150,1.2,0,,,1676,,,,,,,46184436,,,,,,1,,,Size,80x150,,1,,,,,,,,,,,,,,,,,,,,,,,,,,,,,,,,,,,,,80x150,,,,,,,,,,,,,,,,,,,,,,,,M7TJ9-80-150,,,,,,,,,,,,,,,,,,,
29049,variation,59985070,,D-sign Rug 1K0116 Blue/Multicolor - 120x170,1,0,visible,,D-sign Rug 1K0116 Blue/Multicolor 120x170cm,,,taxable,parent,1,13,,0,0,,120,170,1.2,0,,,2476,,,,,,,46184436,,,,,,2,,,Size,120x170,,1,,,,,,,,,,,,,,,,,,,,,,,,,,,,,,,,,,,,,120x170,,,,,,,,,,,,,,,,,,,,,,,,M7TJ9-120-170,,,,,,,,,,,,,,,,,,,
29050,variation,59985073,,D-sign Rug 1K0116 Blue/Multicolor - 160x230,1,0,visible,,D-sign Rug 1K0116 Blue/Multicolor 160x230cm,,,taxable,parent,1,4,,0,0,,160,230,1.2,0,,,3996,,,,,,,46184436,,,,,,3,,,Size,160x230,,1,,,,,,,,,,,,,,,,,,,,,,,,,,,,,,,,,,,,,160x230,,,,,,,,,,,,,,,,,,,,,,,,M7TJ9-160-230,,,,,,,,,,,,,,,,,,,
29051,variation,59985072,,D-sign Rug 1K0116 Blue/Multicolor - 200x290,1,0,visible,,D-sign Rug 1K0116 Blue/Multicolor 200x290cm,,,taxable,parent,1,8,,0,0,,200,290,1.2,0,,,5996,,,,,,,46184436,,,,,,4,,,Size,200x290,,1,,,,,,,,,,,,,,,,,,,,,,,,,,,,,,,,,,,,,200x290,,,,,,,,,,,,,,,,,,,,,,,,M7TJ9-200-290,,,,,,,,,,,,,,,,,,,
29056,variable,46184456,,D-sign Rug 1K0135 Purple/Grey,1,0,visible,D-sign Rug 1K0135 Purple/Grey ,D-sign Rug 1K0135 Purple/Grey ,,,taxable,,1,,,0,0,,,,,1,,,,"Rooms > Bedroom, Rooms > Living room, Rugs > Modern, Rugs",,,"https://rugshop.eu/wp-content/uploads/2021/09/d-sign-rug-1k0135-purple-grey-scaled.jpg, https://rugshop.eu/wp-content/uploads/2021/09/d-sign-rug-1k0135-purple-grey-1-scaled.jpg, https://rugshop.eu/wp-content/uploads/2021/09/d-sign-rug-1k0135-purple-grey-2-scaled.jpg",,,,,,,,,1937,,,Size,"120x170, 160x230, 80x150",1,1,Brand,D-sign,1,1,Color,Black-Grey,1,1,Type of color,Multicolor,1,1,Shape,Rectangular,1,1,Material,Wool,1,1,Type of rug,Modern,1,1,Weave,Handmade,1,1,Country,India,1,1,Age,New,1,1,,,,,,,,,,,,,,yes,yes,,,,,,,,,,,,,,,,,,,,,,,,,,,,,
29057,variation,59985066,,D-sign Rug 1K0113 Natural - 80x150,1,0,visible,,D-sign Rug 1K0113 Natural 80x150cm,,,taxable,parent,1,15,,0,0,,80,150,1.2,0,,,1676,,,,,,,46184437,,,,,,1,,,Size,80x150,,1,,,,,,,,,,,,,,,,,,,,,,,,,,,,,,,,,,,,,80x150,,,,,,,,,,,,,,,,,,,,,,,,TX93Y-80-150,,,,,,,,,,,,,,,,,,,
29058,variation,59985074,,D-sign Rug 1K0113 Natural - 120x170,1,0,visible,,D-sign Rug 1K0113 Natural 120x170cm,,,taxable,parent,0,0,,0,0,,120,170,1.2,0,,,2476,,,,,,,46184437,,,,,,2,,,Size,120x170,,1,,,,,,,,,,,,,,,,,,,,,,,,,,,,,,,,,,,,,120x170,,,,,,,,,,,,,,,,,,,,,,,,TX93Y-120-170,,,,,,,,,,,,,,,,,,,
29059,variation,59985076,,D-sign Rug 1K0113 Natural - 160x230,1,0,visible,,D-sign Rug 1K0113 Natural 160x230cm,,,taxable,parent,1,20,,0,0,,160,230,1.2,0,,,3996,,,,,,,46184437,,,,,,3,,,Size,160x230,,1,,,,,,,,,,,,,,,,,,,,,,,,,,,,,,,,,,,,,160x230,,,,,,,,,,,,,,,,,,,,,,,,TX93Y-160-230,,,,,,,,,,,,,,,,,,,
29060,variation,59985075,,D-sign Rug 1K0113 Natural - 200x290,1,0,visible,,D-sign Rug 1K0113 Natural 200x290cm,,,taxable,parent,0,0,,0,0,,200,290,1.2,0,,,5996,,,,,,,46184437,,,,,,4,,,Size,200x290,,1,,,,,,,,,,,,,,,,,,,,,,,,,,,,,,,,,,,,,200x290,,,,,,,,,,,,,,,,,,,,,,,,TX93Y-200-290,,,,,,,,,,,,,,,,,,,
29065,variable,46184458,,D-sign Rug 1K0136 Grey/Ivory,1,0,visible,D-sign Rug 1K0136 Grey/Ivory ,D-sign Rug 1K0136 Grey/Ivory ,,,taxable,,1,,,0,0,,,,,1,,,,"Rooms > Bedroom, Rooms > Living room, Rugs > Modern, Rugs",,,"https://rugshop.eu/wp-content/uploads/2021/09/d-sign-rug-1k0136-grey-ivory-scaled.jpg, https://rugshop.eu/wp-content/uploads/2021/09/d-sign-rug-1k0136-grey-ivory-1-scaled.jpg, https://rugshop.eu/wp-content/uploads/2021/09/d-sign-rug-1k0136-grey-ivory-2-scaled.jpg",,,,,,,,,1938,,,Size,"120x170, 160x230, 80x150",1,1,Brand,D-sign,1,1,Color,"Black-Grey, White-Beige",1,1,Type of color,Multicolor,1,1,Shape,Rectangular,1,1,Material,Wool,1,1,Type of rug,Modern,1,1,Weave,Handmade,1,1,Country,India,1,1,Age,New,1,1,,,,,,,,,,,,,,yes,yes,,,,,,,,,,,,,,,,,,,,,,,,,,,,,
29067,variation,59985079,,D-sign Rug 1K0117 Grey/Multicolor - 80x150,1,0,visible,,D-sign Rug 1K0117 Grey/Multicolor 80x150cm,,,taxable,parent,1,44,,0,0,,80,150,1.2,0,,,1676,,,,,,,46184440,,,,,,1,,,Size,80x150,,1,,,,,,,,,,,,,,,,,,,,,,,,,,,,,,,,,,,,,80x150,,,,,,,,,,,,,,,,,,,,,,,,KLYQD-80-150,,,,,,,,,,,,,,,,,,,
29068,variation,59985081,,D-sign Rug 1K0117 Grey/Multicolor - 160x230,1,0,visible,,D-sign Rug 1K0117 Grey/Multicolor 160x230cm,,,taxable,parent,1,9,,0,0,,160,230,1.2,0,,,3996,,,,,,,46184440,,,,,,2,,,Size,160x230,,1,,,,,,,,,,,,,,,,,,,,,,,,,,,,,,,,,,,,,160x230,,,,,,,,,,,,,,,,,,,,,,,,KLYQD-160-230,,,,,,,,,,,,,,,,,,,
29069,variation,59985084,,D-sign Rug 1K0117 Grey/Multicolor - 200x290,1,0,visible,,D-sign Rug 1K0117 Grey/Multicolor 200x290cm,,,taxable,parent,1,9,,0,0,,200,290,1.2,0,,,5996,,,,,,,46184440,,,,,,3,,,Size,200x290,,1,,,,,,,,,,,,,,,,,,,,,,,,,,,,,,,,,,,,,200x290,,,,,,,,,,,,,,,,,,,,,,,,KLYQD-200-290,,,,,,,,,,,,,,,,,,,
29074,variation,59985080,,D-sign Rug 1K0118 Red/Multicolor - 80x150,1,0,visible,,D-sign Rug 1K0118 Red/Multicolor 80x150cm,,,taxable,parent,1,31,,0,0,,80,150,1.2,0,,,1676,,,,,,,46184441,,,,,,1,,,Size,80x150,,1,,,,,,,,,,,,,,,,,,,,,,,,,,,,,,,,,,,,,80x150,,,,,,,,,,,,,,,,,,,,,,,,KXYV8-80-150,,,,,,,,,,,,,,,,,,,
29075,variation,59985082,,D-sign Rug 1K0118 Red/Multicolor - 120x170,1,0,visible,,D-sign Rug 1K0118 Red/Multicolor 120x170cm,,,taxable,parent,1,6,,0,0,,120,170,1.2,0,,,2476,,,,,,,46184441,,,,,,2,,,Size,120x170,,1,,,,,,,,,,,,,,,,,,,,,,,,,,,,,,,,,,,,,120x170,,,,,,,,,,,,,,,,,,,,,,,,KXYV8-120-170,,,,,,,,,,,,,,,,,,,
29076,variation,59985083,,D-sign Rug 1K0118 Red/Multicolor - 160x230,1,0,visible,,D-sign Rug 1K0118 Red/Multicolor 160x230cm,,,taxable,parent,1,5,,0,0,,160,230,1.2,0,,,3996,,,,,,,46184441,,,,,,3,,,Size,160x230,,1,,,,,,,,,,,,,,,,,,,,,,,,,,,,,,,,,,,,,160x230,,,,,,,,,,,,,,,,,,,,,,,,KXYV8-160-230,,,,,,,,,,,,,,,,,,,
29077,variation,59985085,,D-sign Rug 1K0118 Red/Multicolor - 200x290,1,0,visible,,D-sign Rug 1K0118 Red/Multicolor 200x290cm,,,taxable,parent,1,10,,0,0,,200,290,1.2,0,,,5996,,,,,,,46184441,,,,,,4,,,Size,200x290,,1,,,,,,,,,,,,,,,,,,,,,,,,,,,,,,,,,,,,,200x290,,,,,,,,,,,,,,,,,,,,,,,,KXYV8-200-290,,,,,,,,,,,,,,,,,,,
29106,variation,59985108,,D-sign Rug 1K0135 Purple/Grey - 80x150,1,0,visible,,D-sign Rug 1K0135 Purple/Grey 80x150cm,,,taxable,parent,0,0,,0,0,,80,150,1.4,0,,,1276,,,,,,,46184456,,,,,,1,,,Size,80x150,,1,,,,,,,,,,,,,,,,,,,,,,,,,,,,,,,,,,,,,80x150,,,,,,,,,,,,,,,,,,,,,,,,KHY13-80-150,,,,,,,,,,,,,,,,,,,
29107,variation,59985109,,D-sign Rug 1K0135 Purple/Grey - 120x170,1,0,visible,,D-sign Rug 1K0135 Purple/Grey 120x170cm,,,taxable,parent,0,0,,0,0,,120,170,1.4,0,,,1756,,,,,,,46184456,,,,,,2,,,Size,120x170,,1,,,,,,,,,,,,,,,,,,,,,,,,,,,,,,,,,,,,,120x170,,,,,,,,,,,,,,,,,,,,,,,,KHY13-120-170,,,,,,,,,,,,,,,,,,,
29108,variation,59985110,,D-sign Rug 1K0135 Purple/Grey - 160x230,1,0,visible,,D-sign Rug 1K0135 Purple/Grey 160x230cm,,,taxable,parent,1,13,,0,0,,160,230,1.4,0,,,2636,,,,,,,46184456,,,,,,3,,,Size,160x230,,1,,,,,,,,,,,,,,,,,,,,,,,,,,,,,,,,,,,,,160x230,,,,,,,,,,,,,,,,,,,,,,,,KHY13-160-230,,,,,,,,,,,,,,,,,,,
29114,variation,59985112,,D-sign Rug 1K0136 Grey/Ivory - 80x150,1,0,visible,,D-sign Rug 1K0136 Grey/Ivory 80x150cm,,,taxable,parent,1,10,,0,0,,80,150,1.4,0,,,1276,,,,,,,46184458,,,,,,1,,,Size,80x150,,1,,,,,,,,,,,,,,,,,,,,,,,,,,,,,,,,,,,,,80x150,,,,,,,,,,,,,,,,,,,,,,,,JKHC9-80-150,,,,,,,,,,,,,,,,,,,
29115,variation,59985117,,D-sign Rug 1K0136 Grey/Ivory - 120x170,1,0,visible,,D-sign Rug 1K0136 Grey/Ivory 120x170cm,,,taxable,parent,0,0,,0,0,,120,170,1.4,0,,,1756,,,,,,,46184458,,,,,,2,,,Size,120x170,,1,,,,,,,,,,,,,,,,,,,,,,,,,,,,,,,,,,,,,120x170,,,,,,,,,,,,,,,,,,,,,,,,JKHC9-120-170,,,,,,,,,,,,,,,,,,,
29116,variation,59985116,,D-sign Rug 1K0136 Grey/Ivory - 160x230,1,0,visible,,D-sign Rug 1K0136 Grey/Ivory 160x230cm,,,taxable,parent,1,2,,0,0,,160,230,1.4,0,,,2636,,,,,,,46184458,,,,,,3,,,Size,160x230,,1,,,,,,,,,,,,,,,,,,,,,,,,,,,,,,,,,,,,,160x230,,,,,,,,,,,,,,,,,,,,,,,,JKHC9-160-230,,,,,,,,,,,,,,,,,,,
29138,variable,46184475,,D-sign Rug 1K0157 Ivory,1,0,visible,D-sign Rug 1K0157 Ivory ,D-sign Rug 1K0157 Ivory ,,,taxable,,1,,,0,0,,,,,1,,,,"Rooms > Bedroom, Rooms > Living room, Rugs > Modern, Rugs, Rugs > Shaggy",,,"https://rugshop.eu/wp-content/uploads/2021/09/d-sign-rug-1k0157-ivory-scaled.jpg, https://rugshop.eu/wp-content/uploads/2021/09/d-sign-rug-1k0157-ivory-1-scaled.jpg, https://rugshop.eu/wp-content/uploads/2021/09/d-sign-rug-1k0157-ivory-2-scaled.jpg",,,,,,,,,1951,,,Size,"120x170, 160x230, 200x290, 80x150",1,1,Brand,D-sign,1,1,Color,White-Beige,1,1,Type of color,Singlecolor,1,1,Shape,Rectangular,1,1,Material,Polypropylene,1,1,Type of rug,"Modern, Rya / Shaggy",1,1,Weave,Machinemade,1,1,Country,Turkey,1,1,Age,New,1,1,,,,,,,,,,,,,,yes,yes,,,,,,,,,,,,,,,,,,,,,,,,,,,,,
29146,variable,46184476,,D-sign Rug 1K0156 Beige,1,0,visible,D-sign Rug 1K0156 Beige ,D-sign Rug 1K0156 Beige ,,,taxable,,1,,,0,0,,,,,1,,,,"Rooms > Bedroom, Rooms > Living room, Rugs > Modern, Rugs, Rugs > Shaggy",,,"https://rugshop.eu/wp-content/uploads/2021/09/d-sign-rug-1k0156-beige-scaled.jpg, https://rugshop.eu/wp-content/uploads/2021/09/d-sign-rug-1k0156-beige-1-scaled.jpg, https://rugshop.eu/wp-content/uploads/2021/09/d-sign-rug-1k0156-beige-2-scaled.jpg",,,,,,,,,1950,,,Size,"120x170, 160x230, 200x290, 80x150",1,1,Brand,D-sign,1,1,Color,White-Beige,1,1,Type of color,Singlecolor,1,1,Shape,Rectangular,1,1,Material,Polypropylene,1,1,Type of rug,"Modern, Rya / Shaggy",1,1,Weave,Machinemade,1,1,Country,Turkey,1,1,Age,New,1,1,,,,,,,,,,,,,,yes,yes,,,,,,,,,,,,,,,,,,,,,,,,,,,,,
29177,variable,46184479,,D-sign Rug 1K0162 Pastel Purple,1,0,visible,D-sign Rug 1K0162 Pastel Purple ,D-sign Rug 1K0162 Pastel Purple ,,,taxable,,1,,,0,0,,,,,1,,,,"Rooms > Bedroom, Rooms > Living room, Rugs > Modern, Rugs, Rugs > Shaggy",,,"https://rugshop.eu/wp-content/uploads/2021/09/d-sign-rug-1k0162-pastel-purple-scaled.jpg, https://rugshop.eu/wp-content/uploads/2021/09/d-sign-rug-1k0162-pastel-purple-1-scaled.jpg, https://rugshop.eu/wp-content/uploads/2021/09/d-sign-rug-1k0162-pastel-purple-2-scaled.jpg",,,,,,,,,1956,,,Size,"120x170, 160x230, 200x290, 80x150",1,1,Brand,D-sign,1,1,Color,Pink-Purple,1,1,Type of color,Singlecolor,1,1,Shape,Rectangular,1,1,Material,Polypropylene,1,1,Type of rug,"Modern, Rya / Shaggy",1,1,Weave,Machinemade,1,1,Country,Turkey,1,1,Age,New,1,1,,,,,,,,,,,,,,yes,yes,,,,,,,,,classic-editor,,,,,,,,,,,,,,,,,,,,
29187,variation,59985146,,D-sign Rug 1K0157 Ivory - 80x150,1,0,visible,,D-sign Rug 1K0157 Ivory 80x150cm,,,taxable,parent,1,2,,0,0,,80,150,2.3,0,,798,1596,,,,,,,46184475,,,,,,1,,,Size,80x150,,1,,,,,,,,,,,,,,,,,,,,,,,,,,,,,,,,,,,,,80x150,,,,,,,,,,,,,,,,,,,,,,,,86V5E-80-150,,,,,,,,,,,,,,,,,,,
29188,variation,59985162,,D-sign Rug 1K0157 Ivory - 120x170,1,0,visible,,D-sign Rug 1K0157 Ivory 120x170cm,,,taxable,parent,0,0,,0,0,,120,170,2.3,0,,1158,2316,,,,,,,46184475,,,,,,2,,,Size,120x170,,1,,,,,,,,,,,,,,,,,,,,,,,,,,,,,,,,,,,,,120x170,,,,,,,,,,,,,,,,,,,,,,,,86V5E-120-170,,,,,,,,,,,,,,,,,,,
29189,variation,59985158,,D-sign Rug 1K0157 Ivory - 160x230,1,0,visible,,D-sign Rug 1K0157 Ivory 160x230cm,,,taxable,parent,0,0,,0,0,,160,230,2.3,0,,1838,3676,,,,,,,46184475,,,,,,3,,,Size,160x230,,1,,,,,,,,,,,,,,,,,,,,,,,,,,,,,,,,,,,,,160x230,,,,,,,,,,,,,,,,,,,,,,,,86V5E-160-230,,,,,,,,,,,,,,,,,,,
29190,variation,59985160,,D-sign Rug 1K0157 Ivory - 200x290,1,0,visible,,D-sign Rug 1K0157 Ivory 200x290cm,,,taxable,parent,0,0,,0,0,,200,290,2.3,0,,2758,5516,,,,,,,46184475,,,,,,4,,,Size,200x290,,1,,,,,,,,,,,,,,,,,,,,,,,,,,,,,,,,,,,,,200x290,,,,,,,,,,,,,,,,,,,,,,,,86V5E-200-290,,,,,,,,,,,,,,,,,,,
29196,variation,59985147,,D-sign Rug 1K0156 Beige - 80x150,1,0,visible,,D-sign Rug 1K0156 Beige 80x150cm,,,taxable,parent,0,0,,0,0,,80,150,2.3,0,,798,1596,,,,,,,46184476,,,,,,1,,,Size,80x150,,1,,,,,,,,,,,,,,,,,,,,,,,,,,,,,,,,,,,,,80x150,,,,,,,,,,,,,,,,,,,,,,,,8D52P-80-150,,,,,,,,,,,,,,,,,,,
29197,variation,59985154,,D-sign Rug 1K0156 Beige - 120x170,1,0,visible,,D-sign Rug 1K0156 Beige 120x170cm,,,taxable,parent,0,0,,0,0,,120,170,2.3,0,,1158,2316,,,,,,,46184476,,,,,,2,,,Size,120x170,,1,,,,,,,,,,,,,,,,,,,,,,,,,,,,,,,,,,,,,120x170,,,,,,,,,,,,,,,,,,,,,,,,8D52P-120-170,,,,,,,,,,,,,,,,,,,
29198,variation,59985150,,D-sign Rug 1K0156 Beige - 160x230,1,0,visible,,D-sign Rug 1K0156 Beige 160x230cm,,,taxable,parent,1,3,,0,0,,160,230,2.3,0,,1838,3676,,,,,,,46184476,,,,,,3,,,Size,160x230,,1,,,,,,,,,,,,,,,,,,,,,,,,,,,,,,,,,,,,,160x230,,,,,,,,,,,,,,,,,,,,,,,,8D52P-160-230,,,,,,,,,,,,,,,,,,,
29199,variation,59985152,,D-sign Rug 1K0156 Beige - 200x290,1,0,visible,,D-sign Rug 1K0156 Beige 200x290cm,,,taxable,parent,0,0,,0,0,,200,290,2.3,0,,2758,5516,,,,,,,46184476,,,,,,4,,,Size,200x290,,1,,,,,,,,,,,,,,,,,,,,,,,,,,,,,,,,,,,,,200x290,,,,,,,,,,,,,,,,,,,,,,,,8D52P-200-290,,,,,,,,,,,,,,,,,,,
29204,variable,46184482,,D-sign Rug 1K0164 Ivory/Turquoise,1,0,visible,D-sign Rug 1K0164 Ivory/Turquoise ,D-sign Rug 1K0164 Ivory/Turquoise ,,,taxable,,1,,,0,0,,,,,1,,,,"Rooms > Kitchen, Rooms > Living room, Rugs > Modern, Rugs",,,"https://rugshop.eu/wp-content/uploads/2021/09/d-sign-rug-1k0164-ivory-turquoise-scaled.jpg, https://rugshop.eu/wp-content/uploads/2021/09/d-sign-rug-1k0164-ivory-turquoise-1-scaled.jpg",,,,,,,,,1958,,,Size,"160x230, 200x290",1,1,Brand,D-sign,1,1,Color,"Blue, White-Beige",1,1,Type of color,Multicolor,1,1,Shape,Rectangular,1,1,Material,Polypropylene,1,1,Type of rug,Modern,1,1,Weave,Machinemade,1,1,Country,Belgium,1,1,Age,New,1,1,,,,,,,,,,,,,,yes,yes,,,,,,,,,,,,,,,,,,,,,,,,,,,,,
29225,variation,59985167,,D-sign Rug 1K0162 Pastel Purple - 80x150,1,0,visible,,D-sign Rug 1K0162 Pastel Purple 80x150cm,,,taxable,parent,0,0,,0,0,,80,150,2.3,0,,798,1596,,,,,,,46184479,,,,,,1,,,Size,80x150,,1,,,,,,,,,,,,,,,,,,,,,,,,,,,,,,,,,,,,,80x150,,,,,,,,,,,,,,,,,,,,,,,,M7BAW-80-150,,,,,,,,,,,,,,,,,,,
29226,variation,59985179,,D-sign Rug 1K0162 Pastel Purple - 120x170,1,0,visible,,D-sign Rug 1K0162 Pastel Purple 120x170cm,,,taxable,parent,1,3,,0,0,,120,170,2.3,0,,1158,2316,,,,,,,46184479,,,,,,2,,,Size,120x170,,1,,,,,,,,,,,,,,,,,,,,,,,,,,,,,,,,,,,,,120x170,,,,,,,,,,,,,,,,,,,,,,,,M7BAW-120-170,,,,,,,,,,,,,,,,,,,
29227,variation,59985193,,D-sign Rug 1K0162 Pastel Purple - 160x230,1,0,visible,,D-sign Rug 1K0162 Pastel Purple 160x230cm,,,taxable,parent,0,0,,0,0,,160,230,2.3,0,,1838,3676,,,,,,,46184479,,,,,,3,,,Size,160x230,,1,,,,,,,,,,,,,,,,,,,,,,,,,,,,,,,,,,,,,160x230,,,,,,,,,,,,,,,,,,,,,,,,M7BAW-160-230,,,,,,,,,,,,,,,,,,,
29228,variation,59985192,,D-sign Rug 1K0162 Pastel Purple - 200x290,1,0,visible,,D-sign Rug 1K0162 Pastel Purple 200x290cm,,,taxable,parent,0,0,,0,0,,200,290,2.3,0,,2758,5516,,,,,,,46184479,,,,,,4,,,Size,200x290,,1,,,,,,,,,,,,,,,,,,,,,,,,,,,,,,,,,,,,,200x290,,,,,,,,,,,,,,,,,,,,,,,,M7BAW-200-290,,,,,,,,,,,,,,,,,,,
29252,variation,59985170,,D-sign Rug 1K0164 Ivory/Turquoise - 160x230,1,0,visible,,D-sign Rug 1K0164 Ivory/Turquoise 160x230cm,,,taxable,parent,1,21,,0,0,,160,230,1,0,,,1516,,,,,,,46184482,,,,,,1,,,Size,160x230,,1,,,,,,,,,,,,,,,,,,,,,,,,,,,,,,,,,,,,,160x230,,,,,,,,,,,,,,,,,,,,,,,,3DXND-160-230,,,,,,,,,,,,,,,,,,,
29253,variation,59985184,,D-sign Rug 1K0164 Ivory/Turquoise - 200x290,1,0,visible,,D-sign Rug 1K0164 Ivory/Turquoise 200x290cm,,,taxable,parent,1,2,,0,0,,200,290,1,0,,,2076,,,,,,,46184482,,,,,,2,,,Size,200x290,,1,,,,,,,,,,,,,,,,,,,,,,,,,,,,,,,,,,,,,200x290,,,,,,,,,,,,,,,,,,,,,,,,3DXND-200-290,,,,,,,,,,,,,,,,,,,
29258,variable,46184499,,D-sign Rug 1K0182 Grey/White,1,0,visible,D-sign Rug 1K0182 Grey/White ,D-sign Rug 1K0182 Grey/White ,,,taxable,,1,,,0,0,,,,,1,,,,"Rooms > Bedroom, Rooms > Living room, Rugs > Modern, Rugs, Rugs > Shaggy",,,"https://rugshop.eu/wp-content/uploads/2021/09/d-sign-rug-1k0182-grey-white-scaled.jpg, https://rugshop.eu/wp-content/uploads/2021/09/d-sign-rug-1k0182-grey-white-1-scaled.jpg, https://rugshop.eu/wp-content/uploads/2021/09/d-sign-rug-1k0182-grey-white-2-scaled.jpg",,,,,,,,,1975,,,Size,"120x170, 160x230, 200x290, 80x150",1,1,Brand,D-sign,1,1,Color,Black-Grey,1,1,Type of color,Multicolor,1,1,Shape,Rectangular,1,1,Material,Polyester,1,1,Type of rug,"Modern, Rya / Shaggy",1,1,Weave,Handmade,1,1,Country,China,1,1,Age,New,1,1,,,,,,,,,,,,,,yes,yes,,,,,,,,,,,,,,,,,,,,,,,,,,,,,
29316,variation,59985217,,D-sign Rug 1K0182 Grey/White - 80x150,1,0,visible,,D-sign Rug 1K0182 Grey/White 80x150cm,,,taxable,parent,1,2,,0,0,,80,150,3.8,0,,638,1276,,,,,,,46184499,,,,,,1,,,Size,80x150,,1,,,,,,,,,,,,,,,,,,,,,,,,,,,,,,,,,,,,,80x150,,,,,,,,,,,,,,,,,,,,,,,,QMLN4-80-150,,,,,,,,,,,,,,,,,,,
29317,variation,59985236,,D-sign Rug 1K0182 Grey/White - 120x170,1,0,visible,,D-sign Rug 1K0182 Grey/White 120x170cm,,,taxable,parent,0,0,,0,0,,120,170,3.8,0,,878,1756,,,,,,,46184499,,,,,,2,,,Size,120x170,,1,,,,,,,,,,,,,,,,,,,,,,,,,,,,,,,,,,,,,120x170,,,,,,,,,,,,,,,,,,,,,,,,QMLN4-120-170,,,,,,,,,,,,,,,,,,,
29318,variation,59985231,,D-sign Rug 1K0182 Grey/White - 160x230,1,0,visible,,D-sign Rug 1K0182 Grey/White 160x230cm,,,taxable,parent,0,0,,0,0,,160,230,3.8,0,,1398,2796,,,,,,,46184499,,,,,,3,,,Size,160x230,,1,,,,,,,,,,,,,,,,,,,,,,,,,,,,,,,,,,,,,160x230,,,,,,,,,,,,,,,,,,,,,,,,QMLN4-160-230,,,,,,,,,,,,,,,,,,,
29319,variation,59985229,,D-sign Rug 1K0182 Grey/White - 200x290,1,0,visible,,D-sign Rug 1K0182 Grey/White 200x290cm,,,taxable,parent,0,0,,0,0,,200,290,3.8,0,,2038,4076,,,,,,,46184499,,,,,,4,,,Size,200x290,,1,,,,,,,,,,,,,,,,,,,,,,,,,,,,,,,,,,,,,200x290,,,,,,,,,,,,,,,,,,,,,,,,QMLN4-200-290,,,,,,,,,,,,,,,,,,,
29333,variable,46184506,,D-sign Rug 1K0198 Creme,1,0,visible,D-sign Rug 1K0198 Creme ,D-sign Rug 1K0198 Creme ,,,taxable,,1,,,0,0,,,,,1,,,,"Rooms > Bedroom, Rooms > Living room, Rugs > Modern, Rugs",,,"https://rugshop.eu/wp-content/uploads/2021/09/d-sign-rug-1k0198-creme-scaled.jpg, https://rugshop.eu/wp-content/uploads/2021/09/d-sign-rug-1k0198-creme-1-scaled.jpg, https://rugshop.eu/wp-content/uploads/2021/09/d-sign-rug-1k0198-creme-2-scaled.jpg, https://rugshop.eu/wp-content/uploads/2021/09/d-sign-rug-1k0198-creme-3-scaled.jpg",,,,,,,,,1983,,,Size,"120x170, 160x230, 200x290, 80x150",1,1,Brand,D-sign,1,1,Color,White-Beige,1,1,Type of color,Singlecolor,1,1,Shape,Rectangular,1,1,Material,Viscose,1,1,Type of rug,Modern,1,1,Weave,Handmade,1,1,Country,India,1,1,Age,New,1,1,,,,,,,,,,,,,,yes,yes,,,,,,,,,classic-editor,,,,,,,,,,,,,,,,,,,,
29342,variable,46184507,,D-sign Rug 1K0197 Brown,1,0,visible,D-sign Rug 1K0197 Brown ,D-sign Rug 1K0197 Brown ,,,taxable,,1,,,0,0,,,,,1,,,,"Rooms > Bedroom, Rooms > Living room, Rugs > Modern, Rugs",,,"https://rugshop.eu/wp-content/uploads/2021/09/d-sign-rug-1k0197-brown-scaled.jpg, https://rugshop.eu/wp-content/uploads/2021/09/d-sign-rug-1k0197-brown-1-scaled.jpg, https://rugshop.eu/wp-content/uploads/2021/09/d-sign-rug-1k0197-brown-2-scaled.jpg, https://rugshop.eu/wp-content/uploads/2021/09/d-sign-rug-1k0197-brown-3-scaled.jpg",,,,,,,,,1982,,,Size,"120x170, 160x230, 200x290, 80x150",1,1,Brand,D-sign,1,1,Color,Yellow-Brown,1,1,Type of color,Singlecolor,1,1,Shape,Rectangular,1,1,Material,Viscose,1,1,Type of rug,Modern,1,1,Weave,Handmade,1,1,Country,India,1,1,Age,New,1,1,,,,,,,,,,,,,,yes,yes,,,,,,,,,,,,,,,,,,,,,,,,,,,,,
29351,variable,46184508,,D-sign Rug 1K0200 Silver,1,0,visible,D-sign Rug 1K0200 Silver ,D-sign Rug 1K0200 Silver ,,,taxable,,1,,,0,0,,,,,1,,,,"Rooms > Bedroom, Rooms > Living room, Rugs > Modern, Rugs",,,"https://rugshop.eu/wp-content/uploads/2021/09/d-sign-rug-1k0200-silver-scaled.jpg, https://rugshop.eu/wp-content/uploads/2021/09/d-sign-rug-1k0200-silver-1-scaled.jpg, https://rugshop.eu/wp-content/uploads/2021/09/d-sign-rug-1k0200-silver-2-scaled.jpg, https://rugshop.eu/wp-content/uploads/2021/09/d-sign-rug-1k0200-silver-3-scaled.jpg",,,,,,,,,1985,,,Size,"120x170, 160x230, 200x290, 80x150",1,1,Brand,D-sign,1,1,Color,Black-Grey,1,1,Type of color,Singlecolor,1,1,Shape,Rectangular,1,1,Material,Viscose,1,1,Type of rug,Modern,1,1,Weave,Handmade,1,1,Country,India,1,1,Age,New,1,1,,,,,,,,,,,,,,yes,yes,,,,,,,,,,,,,,,,,,,,,,,,,,,,,
29360,variable,46184509,,D-sign Rug 1K0199 Grey,1,0,visible,D-sign Rug 1K0199 Grey ,D-sign Rug 1K0199 Grey ,,,taxable,,1,,,0,0,,,,,1,,,,"Rooms > Bedroom, Rooms > Living room, Rugs > Modern, Rugs",,,"https://rugshop.eu/wp-content/uploads/2021/09/d-sign-rug-1k0199-grey-scaled.jpg, https://rugshop.eu/wp-content/uploads/2021/09/d-sign-rug-1k0199-grey-1-scaled.jpg, https://rugshop.eu/wp-content/uploads/2021/09/d-sign-rug-1k0199-grey-2-scaled.jpg, https://rugshop.eu/wp-content/uploads/2021/09/d-sign-rug-1k0199-grey-3-scaled.jpg",,,,,,,,,1984,,,Size,"120x170, 160x230, 200x290, 80x150",1,1,Brand,D-sign,1,1,Color,Black-Grey,1,1,Type of color,Singlecolor,1,1,Shape,Rectangular,1,1,Material,Viscose,1,1,Type of rug,Modern,1,1,Weave,Handmade,1,1,Country,India,1,1,Age,New,1,1,,,,,,,,,,,,,,yes,yes,,,,,,,,,,,,,,,,,,,,,,,,,,,,,
29369,variable,46184510,,D-sign Rug 1K0201 Taupe,1,0,visible,D-sign Rug 1K0201 Taupe ,D-sign Rug 1K0201 Taupe ,,,taxable,,1,,,0,0,,,,,1,,,,"Rooms > Bedroom, Rooms > Living room, Rugs > Modern, Rugs",,,"https://rugshop.eu/wp-content/uploads/2021/09/d-sign-rug-1k0201-taupe-scaled.jpg, https://rugshop.eu/wp-content/uploads/2021/09/d-sign-rug-1k0201-taupe-1-scaled.jpg, https://rugshop.eu/wp-content/uploads/2021/09/d-sign-rug-1k0201-taupe-2-scaled.jpg, https://rugshop.eu/wp-content/uploads/2021/09/d-sign-rug-1k0201-taupe-3-scaled.jpg",,,,,,,,,1986,,,Size,"120x170, 160x230, 200x290, 80x150",1,1,Brand,D-sign,1,1,Color,Yellow-Brown,1,1,Type of color,Singlecolor,1,1,Shape,Rectangular,1,1,Material,Viscose,1,1,Type of rug,Modern,1,1,Weave,Handmade,1,1,Country,India,1,1,Age,New,1,1,,,,,,,,,,,,,,yes,yes,,,,,,,,,,,,,,,,,,,,,,,,,,,,,
29380,variation,59985266,,D-sign Rug 1K0198 Creme - 80x150,1,0,visible,,D-sign Rug 1K0198 Creme 80x150cm,,,taxable,parent,1,17,,0,0,,80,150,1,0,,,1676,,,,,,,46184506,,,,,,1,,,Size,80x150,,1,,,,,,,,,,,,,,,,,,,,,,,,,,,,,,,,,,,,,80x150,,,,,,,,,,,,,,,,,,,,,,,,8CB5D-80-150,,,,,,,,,,,,,,,,,,,
29381,variation,59985283,,D-sign Rug 1K0198 Creme - 120x170,1,0,visible,,D-sign Rug 1K0198 Creme 120x170cm,,,taxable,parent,1,19,,0,0,,120,170,1,0,,,2556,,,,,,,46184506,,,,,,2,,,Size,120x170,,1,,,,,,,,,,,,,,,,,,,,,,,,,,,,,,,,,,,,,120x170,,,,,,,,,,,,,,,,,,,,,,,,8CB5D-120-170,,,,,,,,,,,,,,,,,,,
29382,variation,59985280,,D-sign Rug 1K0198 Creme - 160x230,1,0,visible,,D-sign Rug 1K0198 Creme 160x230cm,,,taxable,parent,1,24,,0,0,,160,230,1,0,,,4156,,,,,,,46184506,,,,,,3,,,Size,160x230,,1,,,,,,,,,,,,,,,,,,,,,,,,,,,,,,,,,,,,,160x230,,,,,,,,,,,,,,,,,,,,,,,,8CB5D-160-230,,,,,,,,,,,,,,,,,,,
29383,variation,59985278,,D-sign Rug 1K0198 Creme - 200x290,1,0,visible,,D-sign Rug 1K0198 Creme 200x290cm,,,taxable,parent,1,11,,0,0,,200,290,1,0,,,6156,,,,,,,46184506,,,,,,4,,,Size,200x290,,1,,,,,,,,,,,,,,,,,,,,,,,,,,,,,,,,,,,,,200x290,,,,,,,,,,,,,,,,,,,,,,,,8CB5D-200-290,,,,,,,,,,,,,,,,,,,
29390,variation,59985267,,D-sign Rug 1K0197 Brown - 80x150,1,0,visible,,D-sign Rug 1K0197 Brown 80x150cm,,,taxable,parent,1,37,,0,0,,80,150,1,0,,,1676,,,,,,,46184507,,,,,,1,,,Size,80x150,,1,,,,,,,,,,,,,,,,,,,,,,,,,,,,,,,,,,,,,80x150,,,,,,,,,,,,,,,,,,,,,,,,1FEAQ-80-150,,,,,,,,,,,,,,,,,,,
29391,variation,59985279,,D-sign Rug 1K0197 Brown - 120x170,1,0,visible,,D-sign Rug 1K0197 Brown 120x170cm,,,taxable,parent,1,40,,0,0,,120,170,1,0,,,2556,,,,,,,46184507,,,,,,2,,,Size,120x170,,1,,,,,,,,,,,,,,,,,,,,,,,,,,,,,,,,,,,,,120x170,,,,,,,,,,,,,,,,,,,,,,,,1FEAQ-120-170,,,,,,,,,,,,,,,,,,,
29392,variation,59985282,,D-sign Rug 1K0197 Brown - 160x230,1,0,visible,,D-sign Rug 1K0197 Brown 160x230cm,,,taxable,parent,1,5,,0,0,,160,230,1,0,,,4156,,,,,,,46184507,,,,,,3,,,Size,160x230,,1,,,,,,,,,,,,,,,,,,,,,,,,,,,,,,,,,,,,,160x230,,,,,,,,,,,,,,,,,,,,,,,,1FEAQ-160-230,,,,,,,,,,,,,,,,,,,
29393,variation,59985281,,D-sign Rug 1K0197 Brown - 200x290,1,0,visible,,D-sign Rug 1K0197 Brown 200x290cm,,,taxable,parent,1,2,,0,0,,200,290,1,0,,,6156,,,,,,,46184507,,,,,,4,,,Size,200x290,,1,,,,,,,,,,,,,,,,,,,,,,,,,,,,,,,,,,,,,200x290,,,,,,,,,,,,,,,,,,,,,,,,1FEAQ-200-290,,,,,,,,,,,,,,,,,,,
29400,variation,59985273,,D-sign Rug 1K0200 Silver - 80x150,1,0,visible,,D-sign Rug 1K0200 Silver 80x150cm,,,taxable,parent,1,22,,0,0,,80,150,1,0,,,1676,,,,,,,46184508,,,,,,1,,,Size,80x150,,1,,,,,,,,,,,,,,,,,,,,,,,,,,,,,,,,,,,,,80x150,,,,,,,,,,,,,,,,,,,,,,,,8JO55-80-150,,,,,,,,,,,,,,,,,,,
29401,variation,59985287,,D-sign Rug 1K0200 Silver - 120x170,1,0,visible,,D-sign Rug 1K0200 Silver 120x170cm,,,taxable,parent,1,4,,0,0,,120,170,1,0,,,2556,,,,,,,46184508,,,,,,2,,,Size,120x170,,1,,,,,,,,,,,,,,,,,,,,,,,,,,,,,,,,,,,,,120x170,,,,,,,,,,,,,,,,,,,,,,,,8JO55-120-170,,,,,,,,,,,,,,,,,,,
29402,variation,59985290,,D-sign Rug 1K0200 Silver - 160x230,1,0,visible,,D-sign Rug 1K0200 Silver 160x230cm,,,taxable,parent,1,3,,0,0,,160,230,1,0,,,4156,,,,,,,46184508,,,,,,3,,,Size,160x230,,1,,,,,,,,,,,,,,,,,,,,,,,,,,,,,,,,,,,,,160x230,,,,,,,,,,,,,,,,,,,,,,,,8JO55-160-230,,,,,,,,,,,,,,,,,,,
29403,variation,59985289,,D-sign Rug 1K0200 Silver - 200x290,1,0,visible,,D-sign Rug 1K0200 Silver 200x290cm,,,taxable,parent,1,27,,0,0,,200,290,1,0,,,6156,,,,,,,46184508,,,,,,4,,,Size,200x290,,1,,,,,,,,,,,,,,,,,,,,,,,,,,,,,,,,,,,,,200x290,,,,,,,,,,,,,,,,,,,,,,,,8JO55-200-290,,,,,,,,,,,,,,,,,,,
29410,variation,59985274,,D-sign Rug 1K0199 Grey - 80x150,1,0,visible,,D-sign Rug 1K0199 Grey 80x150cm,,,taxable,parent,1,43,,0,0,,80,150,1,0,,,1676,,,,,,,46184509,,,,,,1,,,Size,80x150,,1,,,,,,,,,,,,,,,,,,,,,,,,,,,,,,,,,,,,,80x150,,,,,,,,,,,,,,,,,,,,,,,,74NPB-80-150,,,,,,,,,,,,,,,,,,,
29411,variation,59985275,,D-sign Rug 1K0199 Grey - 120x170,1,0,visible,,D-sign Rug 1K0199 Grey 120x170cm,,,taxable,parent,1,30,,0,0,,120,170,1,0,,,2556,,,,,,,46184509,,,,,,2,,,Size,120x170,,1,,,,,,,,,,,,,,,,,,,,,,,,,,,,,,,,,,,,,120x170,,,,,,,,,,,,,,,,,,,,,,,,74NPB-120-170,,,,,,,,,,,,,,,,,,,
29412,variation,59985292,,D-sign Rug 1K0199 Grey - 160x230,1,0,visible,,D-sign Rug 1K0199 Grey 160x230cm,,,taxable,parent,1,5,,0,0,,160,230,1,0,,,4156,,,,,,,46184509,,,,,,3,,,Size,160x230,,1,,,,,,,,,,,,,,,,,,,,,,,,,,,,,,,,,,,,,160x230,,,,,,,,,,,,,,,,,,,,,,,,74NPB-160-230,,,,,,,,,,,,,,,,,,,
29413,variation,59985277,,D-sign Rug 1K0199 Grey - 200x290,1,0,visible,,D-sign Rug 1K0199 Grey 200x290cm,,,taxable,parent,1,4,,0,0,,200,290,1,0,,,6156,,,,,,,46184509,,,,,,4,,,Size,200x290,,1,,,,,,,,,,,,,,,,,,,,,,,,,,,,,,,,,,,,,200x290,,,,,,,,,,,,,,,,,,,,,,,,74NPB-200-290,,,,,,,,,,,,,,,,,,,
29420,variation,59985284,,D-sign Rug 1K0201 Taupe - 80x150,1,0,visible,,D-sign Rug 1K0201 Taupe 80x150cm,,,taxable,parent,1,45,,0,0,,80,150,1,0,,,1676,,,,,,,46184510,,,,,,1,,,Size,80x150,,1,,,,,,,,,,,,,,,,,,,,,,,,,,,,,,,,,,,,,80x150,,,,,,,,,,,,,,,,,,,,,,,,DRP9F-80-150,,,,,,,,,,,,,,,,,,,
29421,variation,59985291,,D-sign Rug 1K0201 Taupe - 120x170,1,0,visible,,D-sign Rug 1K0201 Taupe 120x170cm,,,taxable,parent,1,13,,0,0,,120,170,1,0,,,2556,,,,,,,46184510,,,,,,2,,,Size,120x170,,1,,,,,,,,,,,,,,,,,,,,,,,,,,,,,,,,,,,,,120x170,,,,,,,,,,,,,,,,,,,,,,,,DRP9F-120-170,,,,,,,,,,,,,,,,,,,
29422,variation,59985288,,D-sign Rug 1K0201 Taupe - 160x230,1,0,visible,,D-sign Rug 1K0201 Taupe 160x230cm,,,taxable,parent,0,0,,0,0,,160,230,1,0,,,4156,,,,,,,46184510,,,,,,3,,,Size,160x230,,1,,,,,,,,,,,,,,,,,,,,,,,,,,,,,,,,,,,,,160x230,,,,,,,,,,,,,,,,,,,,,,,,DRP9F-160-230,,,,,,,,,,,,,,,,,,,
29423,variation,59985296,,D-sign Rug 1K0201 Taupe - 200x290,1,0,visible,,D-sign Rug 1K0201 Taupe 200x290cm,,,taxable,parent,0,0,,0,0,,200,290,1,0,,,6156,,,,,,,46184510,,,,,,4,,,Size,200x290,,1,,,,,,,,,,,,,,,,,,,,,,,,,,,,,,,,,,,,,200x290,,,,,,,,,,,,,,,,,,,,,,,,DRP9F-200-290,,,,,,,,,,,,,,,,,,,
29509,variable,46184524,,D-sign Rug 1K0215 Anthracite,1,0,visible,D-sign Rug 1K0215 Anthracite ,D-sign Rug 1K0215 Anthracite ,,,taxable,,1,,,0,0,,,,,1,,,,"Rooms > Bedroom, Rooms > Kitchen, Rooms > Living room, Rugs > Modern, Rugs",,,"https://rugshop.eu/wp-content/uploads/2021/09/d-sign-rug-1k0215-anthracite-scaled.jpg, https://rugshop.eu/wp-content/uploads/2021/09/d-sign-rug-1k0215-anthracite-1-scaled.jpg, https://rugshop.eu/wp-content/uploads/2021/09/d-sign-rug-1k0215-anthracite-2-scaled.jpg, https://rugshop.eu/wp-content/uploads/2021/09/d-sign-rug-1k0215-anthracite-3-scaled.jpg",,,,,,,,,2000,,,Size,"120x170, 160x230, 200x290, 80x150",1,1,Brand,D-sign,1,1,Color,Black-Grey,1,1,Type of color,Singlecolor,1,1,Shape,Rectangular,1,1,Material,Viscose,1,1,Type of rug,Modern,1,1,Weave,Handmade,1,1,Country,India,1,1,Age,New,1,1,,,,,,,,,,,,,,yes,yes,,,,,,,,,,,,,,,,,,,,,,,,,,,,,
29519,variable,46184525,,D-sign Rug 1K0216 Beige/Silver,1,0,visible,D-sign Rug 1K0216 Beige/Silver ,D-sign Rug 1K0216 Beige/Silver ,,,taxable,,1,,,0,0,,,,,1,,,,"Rooms > Bedroom, Rooms > Kitchen, Rooms > Living room, Rugs > Modern, Rugs",,,"https://rugshop.eu/wp-content/uploads/2021/09/d-sign-rug-1k0216-beige-silver-scaled.jpg, https://rugshop.eu/wp-content/uploads/2021/09/d-sign-rug-1k0216-beige-silver-1-scaled.jpg, https://rugshop.eu/wp-content/uploads/2021/09/d-sign-rug-1k0216-beige-silver-2-scaled.jpg, https://rugshop.eu/wp-content/uploads/2021/09/d-sign-rug-1k0216-beige-silver-3-scaled.jpg",,,,,,,,,2001,,,Size,"120x170, 160x230, 200x290, 80x150",1,1,Brand,D-sign,1,1,Color,White-Beige,1,1,Type of color,Singlecolor,1,1,Shape,Rectangular,1,1,Material,Viscose,1,1,Type of rug,Modern,1,1,Weave,Handmade,1,1,Country,India,1,1,Age,New,1,1,,,,,,,,,,,,,,yes,yes,,,,,,,,,,,,,,,,,,,,,,,,,,,,,
29529,variable,46184526,,D-sign Rug 1K0218 Gold,1,0,visible,D-sign Rug 1K0218 Gold ,D-sign Rug 1K0218 Gold ,,,taxable,,1,,,0,0,,,,,1,,,,"Rooms > Bedroom, Rooms > Kitchen, Rooms > Living room, Rugs > Modern, Rugs",,,"https://rugshop.eu/wp-content/uploads/2021/09/d-sign-rug-1k0218-gold-scaled.jpg, https://rugshop.eu/wp-content/uploads/2021/09/d-sign-rug-1k0218-gold-1-scaled.jpg, https://rugshop.eu/wp-content/uploads/2021/09/d-sign-rug-1k0218-gold-2-scaled.jpg, https://rugshop.eu/wp-content/uploads/2021/09/d-sign-rug-1k0218-gold-3-scaled.jpg",,,,,,,,,2003,,,Size,"120x170, 160x230, 200x290, 80x150",1,1,Brand,D-sign,1,1,Color,Yellow-Brown,1,1,Type of color,Singlecolor,1,1,Shape,Rectangular,1,1,Material,Viscose,1,1,Type of rug,Modern,1,1,Weave,Handmade,1,1,Country,India,1,1,Age,New,1,1,,,,,,,,,,,,,,yes,yes,,,,,,,,,classic-editor,,,,,,,,,,,,,,,,,,,,
29539,variable,46184527,,D-sign Rug 1K0217 Cherry,1,0,visible,D-sign Rug 1K0217 Cherry ,D-sign Rug 1K0217 Cherry ,,,taxable,,1,,,0,0,,,,,1,,,,"Rooms > Bedroom, Rooms > Kitchen, Rooms > Living room, Rugs > Modern, Rugs",,,"https://rugshop.eu/wp-content/uploads/2021/09/d-sign-rug-1k0217-cherry-scaled.jpg, https://rugshop.eu/wp-content/uploads/2021/09/d-sign-rug-1k0217-cherry-1-scaled.jpg, https://rugshop.eu/wp-content/uploads/2021/09/d-sign-rug-1k0217-cherry-2-scaled.jpg, https://rugshop.eu/wp-content/uploads/2021/09/d-sign-rug-1k0217-cherry-3-scaled.jpg",,,,,,,,,2002,,,Size,"120x170, 160x230, 200x290, 80x150",1,1,Brand,D-sign,1,1,Color,Red,1,1,Type of color,Singlecolor,1,1,Shape,Rectangular,1,1,Material,Viscose,1,1,Type of rug,Modern,1,1,Weave,Handmade,1,1,Country,India,1,1,Age,New,1,1,,,,,,,,,,,,,,yes,yes,,,,,,,,,,,,,,,,,,,,,,,,,,,,,
29558,variable,46184529,,D-sign Rug 1K0219 Mint,1,0,visible,D-sign Rug 1K0219 Mint ,D-sign Rug 1K0219 Mint ,,,taxable,,1,,,0,0,,,,,1,,,,"Rooms > Bedroom, Rooms > Kitchen, Rooms > Living room, Rugs > Modern, Rugs",,,"https://rugshop.eu/wp-content/uploads/2021/09/d-sign-rug-1k0219-mint-scaled.jpg, https://rugshop.eu/wp-content/uploads/2021/09/d-sign-rug-1k0219-mint-1-scaled.jpg, https://rugshop.eu/wp-content/uploads/2021/09/d-sign-rug-1k0219-mint-2-scaled.jpg, https://rugshop.eu/wp-content/uploads/2021/09/d-sign-rug-1k0219-mint-3-scaled.jpg",,,,,,,,,2004,,,Size,"120x170, 160x230, 200x290, 80x150",1,1,Brand,D-sign,1,1,Color,Green,1,1,Type of color,Singlecolor,1,1,Shape,Rectangular,1,1,Material,Viscose,1,1,Type of rug,Modern,1,1,Weave,Handmade,1,1,Country,India,1,1,Age,New,1,1,,,,,,,,,,,,,,yes,yes,,,,,,,,,,,,,,,,,,,,,,,,,,,,,
29559,variation,59985336,,D-sign Rug 1K0215 Anthracite - 80x150,1,0,visible,,D-sign Rug 1K0215 Anthracite 80x150cm,,,taxable,parent,1,53,,0,0,,80,150,0.8,0,,,1596,,,,,,,46184524,,,,,,1,,,Size,80x150,,1,,,,,,,,,,,,,,,,,,,,,,,,,,,,,,,,,,,,,80x150,,,,,,,,,,,,,,,,,,,,,,,,WCAYX-80-150,,,,,,,,,,,,,,,,,,,
29560,variation,59985350,,D-sign Rug 1K0215 Anthracite - 120x170,1,0,visible,,D-sign Rug 1K0215 Anthracite 120x170cm,,,taxable,parent,1,55,,0,0,,120,170,0.8,0,,,2316,,,,,,,46184524,,,,,,2,,,Size,120x170,,1,,,,,,,,,,,,,,,,,,,,,,,,,,,,,,,,,,,,,120x170,,,,,,,,,,,,,,,,,,,,,,,,WCAYX-120-170,,,,,,,,,,,,,,,,,,,
29561,variation,59985353,,D-sign Rug 1K0215 Anthracite - 160x230,1,0,visible,,D-sign Rug 1K0215 Anthracite 160x230cm,,,taxable,parent,1,44,,0,0,,160,230,0.8,0,,,3676,,,,,,,46184524,,,,,,3,,,Size,160x230,,1,,,,,,,,,,,,,,,,,,,,,,,,,,,,,,,,,,,,,160x230,,,,,,,,,,,,,,,,,,,,,,,,WCAYX-160-230,,,,,,,,,,,,,,,,,,,
29562,variation,59985352,,D-sign Rug 1K0215 Anthracite - 200x290,1,0,visible,,D-sign Rug 1K0215 Anthracite 200x290cm,,,taxable,parent,1,23,,0,0,,200,290,0.8,0,,,5516,,,,,,,46184524,,,,,,4,,,Size,200x290,,1,,,,,,,,,,,,,,,,,,,,,,,,,,,,,,,,,,,,,200x290,,,,,,,,,,,,,,,,,,,,,,,,WCAYX-200-290,,,,,,,,,,,,,,,,,,,
29568,variable,46184530,,D-sign Rug 1K0221 Sand,1,0,visible,D-sign Rug 1K0221 Sand ,D-sign Rug 1K0221 Sand ,,,taxable,,1,,,0,0,,,,,1,,,,"Rooms > Bedroom, Rooms > Living room, Rugs > Modern, Rugs",,,"https://rugshop.eu/wp-content/uploads/2021/09/d-sign-rug-1k0221-sand-scaled.jpg, https://rugshop.eu/wp-content/uploads/2021/09/d-sign-rug-1k0221-sand-1-scaled.jpg, https://rugshop.eu/wp-content/uploads/2021/09/d-sign-rug-1k0221-sand-2-scaled.jpg, https://rugshop.eu/wp-content/uploads/2021/09/d-sign-rug-1k0221-sand-3-scaled.jpg",,,,,,,,,2006,,,Size,"120x170, 160x230, 200x290, 80x150",1,1,Brand,D-sign,1,1,Color,Yellow-Brown,1,1,Type of color,Multicolor,1,1,Shape,Rectangular,1,1,Material,Polyester,1,1,Type of rug,Modern,1,1,Weave,Handmade,1,1,Country,China,1,1,Age,New,1,1,,,,,,,,,,,,,,yes,yes,,,,,,,,,,,,,,,,,,,,,,,,,,,,,
29569,variation,59985344,,D-sign Rug 1K0216 Beige/Silver - 80x150,1,0,visible,,D-sign Rug 1K0216 Beige/Silver 80x150cm,,,taxable,parent,1,33,,0,0,,80,150,0.8,0,,,1596,,,,,,,46184525,,,,,,1,,,Size,80x150,,1,,,,,,,,,,,,,,,,,,,,,,,,,,,,,,,,,,,,,80x150,,,,,,,,,,,,,,,,,,,,,,,,12HVR-80-150,,,,,,,,,,,,,,,,,,,
29570,variation,59985357,,D-sign Rug 1K0216 Beige/Silver - 120x170,1,0,visible,,D-sign Rug 1K0216 Beige/Silver 120x170cm,,,taxable,parent,1,44,,0,0,,120,170,0.8,0,,,2316,,,,,,,46184525,,,,,,2,,,Size,120x170,,1,,,,,,,,,,,,,,,,,,,,,,,,,,,,,,,,,,,,,120x170,,,,,,,,,,,,,,,,,,,,,,,,12HVR-120-170,,,,,,,,,,,,,,,,,,,
29571,variation,59985351,,D-sign Rug 1K0216 Beige/Silver - 160x230,1,0,visible,,D-sign Rug 1K0216 Beige/Silver 160x230cm,,,taxable,parent,0,0,,0,0,,160,230,0.8,0,,,3676,,,,,,,46184525,,,,,,3,,,Size,160x230,,1,,,,,,,,,,,,,,,,,,,,,,,,,,,,,,,,,,,,,160x230,,,,,,,,,,,,,,,,,,,,,,,,12HVR-160-230,,,,,,,,,,,,,,,,,,,
29572,variation,59985347,,D-sign Rug 1K0216 Beige/Silver - 200x290,1,0,visible,,D-sign Rug 1K0216 Beige/Silver 200x290cm,,,taxable,parent,0,0,,0,0,,200,290,0.8,0,,,5516,,,,,,,46184525,,,,,,4,,,Size,200x290,,1,,,,,,,,,,,,,,,,,,,,,,,,,,,,,,,,,,,,,200x290,,,,,,,,,,,,,,,,,,,,,,,,12HVR-200-290,,,,,,,,,,,,,,,,,,,
29579,variation,59985345,,D-sign Rug 1K0218 Gold - 80x150,1,0,visible,,D-sign Rug 1K0218 Gold 80x150cm,,,taxable,parent,1,48,,0,0,,80,150,0.8,0,,,1596,,,,,,,46184526,,,,,,1,,,Size,80x150,,1,,,,,,,,,,,,,,,,,,,,,,,,,,,,,,,,,,,,,80x150,,,,,,,,,,,,,,,,,,,,,,,,6ECKV-80-150,,,,,,,,,,,,,,,,,,,
29580,variation,59985366,,D-sign Rug 1K0218 Gold - 120x170,1,0,visible,,D-sign Rug 1K0218 Gold 120x170cm,,,taxable,parent,1,46,,0,0,,120,170,0.8,0,,,2316,,,,,,,46184526,,,,,,2,,,Size,120x170,,1,,,,,,,,,,,,,,,,,,,,,,,,,,,,,,,,,,,,,120x170,,,,,,,,,,,,,,,,,,,,,,,,6ECKV-120-170,,,,,,,,,,,,,,,,,,,
29581,variation,59985365,,D-sign Rug 1K0218 Gold - 160x230,1,0,visible,,D-sign Rug 1K0218 Gold 160x230cm,,,taxable,parent,1,50,,0,0,,160,230,0.8,0,,,3676,,,,,,,46184526,,,,,,3,,,Size,160x230,,1,,,,,,,,,,,,,,,,,,,,,,,,,,,,,,,,,,,,,160x230,,,,,,,,,,,,,,,,,,,,,,,,6ECKV-160-230,,,,,,,,,,,,,,,,,,,
29582,variation,59985367,,D-sign Rug 1K0218 Gold - 200x290,1,0,visible,,D-sign Rug 1K0218 Gold 200x290cm,,,taxable,parent,1,34,,0,0,,200,290,0.8,0,,,5516,,,,,,,46184526,,,,,,4,,,Size,200x290,,1,,,,,,,,,,,,,,,,,,,,,,,,,,,,,,,,,,,,,200x290,,,,,,,,,,,,,,,,,,,,,,,,6ECKV-200-290,,,,,,,,,,,,,,,,,,,
29588,variable,46184532,,D-sign Rug 1K0222 Multicolor,1,0,visible,D-sign Rug 1K0222 Multicolor ,D-sign Rug 1K0222 Multicolor ,,,taxable,,1,,,0,0,,,,,1,,,,"Rooms > Bedroom, Rooms > Living room, Rugs > Modern, Rugs",,,"https://rugshop.eu/wp-content/uploads/2021/09/d-sign-rug-1k0222-multicolor-scaled.jpg, https://rugshop.eu/wp-content/uploads/2021/09/d-sign-rug-1k0222-multicolor-1-scaled.jpg, https://rugshop.eu/wp-content/uploads/2021/09/d-sign-rug-1k0222-multicolor-2-scaled.jpg, https://rugshop.eu/wp-content/uploads/2021/09/d-sign-rug-1k0222-multicolor-3-scaled.jpg",,,,,,,,,2007,,,Size,"120x170, 160x230, 200x290, 80x150",1,1,Brand,D-sign,1,1,Color,White-Beige,1,1,Type of color,Multicolor,1,1,Shape,Rectangular,1,1,Material,Polyester,1,1,Type of rug,Modern,1,1,Weave,Handmade,1,1,Country,China,1,1,Age,New,1,1,,,,,,,,,,,,,,yes,yes,,,,,,,,,,,,,,,,,,,,,,,,,,,,,
29589,variation,59985346,,D-sign Rug 1K0217 Cherry - 80x150,1,0,visible,,D-sign Rug 1K0217 Cherry 80x150cm,,,taxable,parent,1,42,,0,0,,80,150,0.8,0,,,1596,,,,,,,46184527,,,,,,1,,,Size,80x150,,1,,,,,,,,,,,,,,,,,,,,,,,,,,,,,,,,,,,,,80x150,,,,,,,,,,,,,,,,,,,,,,,,D5GQB-80-150,,,,,,,,,,,,,,,,,,,
29590,variation,59985369,,D-sign Rug 1K0217 Cherry - 120x170,1,0,visible,,D-sign Rug 1K0217 Cherry 120x170cm,,,taxable,parent,1,50,,0,0,,120,170,0.8,0,,,2316,,,,,,,46184527,,,,,,2,,,Size,120x170,,1,,,,,,,,,,,,,,,,,,,,,,,,,,,,,,,,,,,,,120x170,,,,,,,,,,,,,,,,,,,,,,,,D5GQB-120-170,,,,,,,,,,,,,,,,,,,
29591,variation,59985348,,D-sign Rug 1K0217 Cherry - 160x230,1,0,visible,,D-sign Rug 1K0217 Cherry 160x230cm,,,taxable,parent,1,58,,0,0,,160,230,0.8,0,,,3676,,,,,,,46184527,,,,,,3,,,Size,160x230,,1,,,,,,,,,,,,,,,,,,,,,,,,,,,,,,,,,,,,,160x230,,,,,,,,,,,,,,,,,,,,,,,,D5GQB-160-230,,,,,,,,,,,,,,,,,,,
29592,variation,59985354,,D-sign Rug 1K0217 Cherry - 200x290,1,0,visible,,D-sign Rug 1K0217 Cherry 200x290cm,,,taxable,parent,1,29,,0,0,,200,290,0.8,0,,,5516,,,,,,,46184527,,,,,,4,,,Size,200x290,,1,,,,,,,,,,,,,,,,,,,,,,,,,,,,,,,,,,,,,200x290,,,,,,,,,,,,,,,,,,,,,,,,D5GQB-200-290,,,,,,,,,,,,,,,,,,,
29598,variable,46184533,,D-sign Rug 1K0224 Multicolor,1,0,visible,D-sign Rug 1K0224 Multicolor ,D-sign Rug 1K0224 Multicolor ,,,taxable,,1,,,0,0,,,,,1,,,,"Rooms > Bedroom, Rooms > Living room, Rugs > Modern, Rugs",,,"https://rugshop.eu/wp-content/uploads/2021/09/d-sign-rug-1k0224-multicolor-scaled.jpg, https://rugshop.eu/wp-content/uploads/2021/09/d-sign-rug-1k0224-multicolor-1-scaled.jpg, https://rugshop.eu/wp-content/uploads/2021/09/d-sign-rug-1k0224-multicolor-2-scaled.jpg, https://rugshop.eu/wp-content/uploads/2021/09/d-sign-rug-1k0224-multicolor-3-scaled.jpg",,,,,,,,,2009,,,Size,"120x170, 160x230, 200x290, 80x150",1,1,Brand,D-sign,1,1,Color,White-Beige,1,1,Type of color,Multicolor,1,1,Shape,Rectangular,1,1,Material,Polyester,1,1,Type of rug,Modern,1,1,Weave,Handmade,1,1,Country,China,1,1,Age,New,1,1,,,,,,,,,,,,,,yes,yes,,,,,,,,,,,,,,,,,,,,,,,,,,,,,
29608,variable,46184534,,D-sign Rug 1K0225 Multicolor,1,0,visible,D-sign Rug 1K0225 Multicolor ,D-sign Rug 1K0225 Multicolor ,,,taxable,,1,,,0,0,,,,,1,,,,"Rooms > Bedroom, Rooms > Living room, Rugs > Modern, Rugs",,,"https://rugshop.eu/wp-content/uploads/2021/09/d-sign-rug-1k0225-multicolor-scaled.jpg, https://rugshop.eu/wp-content/uploads/2021/09/d-sign-rug-1k0225-multicolor-1-scaled.jpg, https://rugshop.eu/wp-content/uploads/2021/09/d-sign-rug-1k0225-multicolor-2-scaled.jpg, https://rugshop.eu/wp-content/uploads/2021/09/d-sign-rug-1k0225-multicolor-3-scaled.jpg",,,,,,,,,2010,,,Size,"120x170, 160x230, 200x290, 80x150",1,1,Brand,D-sign,1,1,Color,White-Beige,1,1,Type of color,Multicolor,1,1,Shape,Rectangular,1,1,Material,Polyester,1,1,Type of rug,Modern,1,1,Weave,Handmade,1,1,Country,China,1,1,Age,New,1,1,,,,,,,,,,,,,,yes,yes,,,,,,,,,,,,,,,,,,,,,,,,,,,,,
29609,variation,59985360,,D-sign Rug 1K0219 Mint - 80x150,1,0,visible,,D-sign Rug 1K0219 Mint 80x150cm,,,taxable,parent,1,30,,0,0,,80,150,0.8,0,,,1596,,,,,,,46184529,,,,,,1,,,Size,80x150,,1,,,,,,,,,,,,,,,,,,,,,,,,,,,,,,,,,,,,,80x150,,,,,,,,,,,,,,,,,,,,,,,,O4OUB-80-150,,,,,,,,,,,,,,,,,,,
29610,variation,59985364,,D-sign Rug 1K0219 Mint - 120x170,1,0,visible,,D-sign Rug 1K0219 Mint 120x170cm,,,taxable,parent,1,7,,0,0,,120,170,0.8,0,,,2316,,,,,,,46184529,,,,,,2,,,Size,120x170,,1,,,,,,,,,,,,,,,,,,,,,,,,,,,,,,,,,,,,,120x170,,,,,,,,,,,,,,,,,,,,,,,,O4OUB-120-170,,,,,,,,,,,,,,,,,,,
29611,variation,59985370,,D-sign Rug 1K0219 Mint - 160x230,1,0,visible,,D-sign Rug 1K0219 Mint 160x230cm,,,taxable,parent,1,19,,0,0,,160,230,0.8,0,,,3676,,,,,,,46184529,,,,,,3,,,Size,160x230,,1,,,,,,,,,,,,,,,,,,,,,,,,,,,,,,,,,,,,,160x230,,,,,,,,,,,,,,,,,,,,,,,,O4OUB-160-230,,,,,,,,,,,,,,,,,,,
29612,variation,59985363,,D-sign Rug 1K0219 Mint - 200x290,1,0,visible,,D-sign Rug 1K0219 Mint 200x290cm,,,taxable,parent,1,10,,0,0,,200,290,0.8,0,,,5516,,,,,,,46184529,,,,,,4,,,Size,200x290,,1,,,,,,,,,,,,,,,,,,,,,,,,,,,,,,,,,,,,,200x290,,,,,,,,,,,,,,,,,,,,,,,,O4OUB-200-290,,,,,,,,,,,,,,,,,,,
29618,variable,46184535,,D-sign Rug 1K0228 Multicolor,1,0,visible,D-sign Rug 1K0228 Multicolor ,D-sign Rug 1K0228 Multicolor ,,,taxable,,1,,,0,0,,,,,1,,,,"Rooms > Bedroom, Rooms > Living room, Rugs > Modern, Rugs",,,"https://rugshop.eu/wp-content/uploads/2021/09/d-sign-rug-1k0228-multicolor-scaled.jpg, https://rugshop.eu/wp-content/uploads/2021/09/d-sign-rug-1k0228-multicolor-1-scaled.jpg, https://rugshop.eu/wp-content/uploads/2021/09/d-sign-rug-1k0228-multicolor-2-scaled.jpg, https://rugshop.eu/wp-content/uploads/2021/09/d-sign-rug-1k0228-multicolor-3-scaled.jpg",,,,,,,,,2013,,,Size,"120x170, 160x230, 200x290, 80x150",1,1,Brand,D-sign,1,1,Color,White-Beige,1,1,Type of color,Multicolor,1,1,Shape,Rectangular,1,1,Material,Polyester,1,1,Type of rug,Modern,1,1,Weave,Handmade,1,1,Country,China,1,1,Age,New,1,1,,,,,,,,,,,,,,yes,yes,,,,,,,,,,,,,,,,,,,,,,,,,,,,,
29619,variation,59985372,,D-sign Rug 1K0221 Sand - 80x150,1,0,visible,,D-sign Rug 1K0221 Sand 80x150cm,,,taxable,parent,1,2,,0,0,,80,150,1.1,0,,,1036,,,,,,,46184530,,,,,,1,,,Size,80x150,,1,,,,,,,,,,,,,,,,,,,,,,,,,,,,,,,,,,,,,80x150,,,,,,,,,,,,,,,,,,,,,,,,O2XSP-80-150,,,,,,,,,,,,,,,,,,,
29620,variation,59985376,,D-sign Rug 1K0221 Sand - 120x170,1,0,visible,,D-sign Rug 1K0221 Sand 120x170cm,,,taxable,parent,1,18,,0,0,,120,170,1.1,0,,,1436,,,,,,,46184530,,,,,,2,,,Size,120x170,,1,,,,,,,,,,,,,,,,,,,,,,,,,,,,,,,,,,,,,120x170,,,,,,,,,,,,,,,,,,,,,,,,O2XSP-120-170,,,,,,,,,,,,,,,,,,,
29621,variation,59985378,,D-sign Rug 1K0221 Sand - 160x230,1,0,visible,,D-sign Rug 1K0221 Sand 160x230cm,,,taxable,parent,0,0,,0,0,,160,230,1.1,0,,,2156,,,,,,,46184530,,,,,,3,,,Size,160x230,,1,,,,,,,,,,,,,,,,,,,,,,,,,,,,,,,,,,,,,160x230,,,,,,,,,,,,,,,,,,,,,,,,O2XSP-160-230,,,,,,,,,,,,,,,,,,,
29622,variation,59985379,,D-sign Rug 1K0221 Sand - 200x290,1,0,visible,,D-sign Rug 1K0221 Sand 200x290cm,,,taxable,parent,0,0,,0,0,,200,290,1.1,0,,,3116,,,,,,,46184530,,,,,,4,,,Size,200x290,,1,,,,,,,,,,,,,,,,,,,,,,,,,,,,,,,,,,,,,200x290,,,,,,,,,,,,,,,,,,,,,,,,O2XSP-200-290,,,,,,,,,,,,,,,,,,,
29628,variable,46184536,,D-sign Rug 1K0227 Multicolor,1,0,visible,D-sign Rug 1K0227 Multicolor ,D-sign Rug 1K0227 Multicolor ,,,taxable,,1,,,0,0,,,,,1,,,,"Rooms > Bedroom, Rooms > Living room, Rugs > Modern, Rugs",,,"https://rugshop.eu/wp-content/uploads/2021/09/d-sign-rug-1k0227-multicolor-scaled.jpg, https://rugshop.eu/wp-content/uploads/2021/09/d-sign-rug-1k0227-multicolor-1-scaled.jpg, https://rugshop.eu/wp-content/uploads/2021/09/d-sign-rug-1k0227-multicolor-2-scaled.jpg, https://rugshop.eu/wp-content/uploads/2021/09/d-sign-rug-1k0227-multicolor-3-scaled.jpg",,,,,,,,,2012,,,Size,"120x170, 160x230, 200x290, 80x150",1,1,Brand,D-sign,1,1,Color,White-Beige,1,1,Type of color,Multicolor,1,1,Shape,Rectangular,1,1,Material,Polyester,1,1,Type of rug,Modern,1,1,Weave,Handmade,1,1,Country,China,1,1,Age,New,1,1,,,,,,,,,,,,,,yes,yes,,,,,,,,,,,,,,,,,,,,,,,,,,,,,
29638,variable,46184537,,D-sign Rug 1K0226 Multicolor,1,0,visible,D-sign Rug 1K0226 Multicolor ,D-sign Rug 1K0226 Multicolor ,,,taxable,,1,,,0,0,,,,,1,,,,"Rooms > Bedroom, Rooms > Living room, Rugs > Modern, Rugs",,,"https://rugshop.eu/wp-content/uploads/2021/09/d-sign-rug-1k0226-multicolor-scaled.jpg, https://rugshop.eu/wp-content/uploads/2021/09/d-sign-rug-1k0226-multicolor-1-scaled.jpg, https://rugshop.eu/wp-content/uploads/2021/09/d-sign-rug-1k0226-multicolor-2-scaled.jpg, https://rugshop.eu/wp-content/uploads/2021/09/d-sign-rug-1k0226-multicolor-3-scaled.jpg",,,,,,,,,2011,,,Size,"120x170, 160x230, 200x290, 80x150",1,1,Brand,D-sign,1,1,Color,Black-Grey,1,1,Type of color,Multicolor,1,1,Shape,Rectangular,1,1,Material,Polyester,1,1,Type of rug,Modern,1,1,Weave,Handmade,1,1,Country,China,1,1,Age,New,1,1,,,,,,,,,,,,,,yes,yes,,,,,,,,,,,,,,,,,,,,,,,,,,,,,
29639,variation,59985374,,D-sign Rug 1K0222 Multicolor - 80x150,1,0,visible,,D-sign Rug 1K0222 Multicolor 80x150cm,,,taxable,parent,0,0,,0,0,,80,150,1.1,0,,,1036,,,,,,,46184532,,,,,,1,,,Size,80x150,,1,,,,,,,,,,,,,,,,,,,,,,,,,,,,,,,,,,,,,80x150,,,,,,,,,,,,,,,,,,,,,,,,ATQCN-80-150,,,,,,,,,,,,,,,,,,,
29640,variation,59985377,,D-sign Rug 1K0222 Multicolor - 120x170,1,0,visible,,D-sign Rug 1K0222 Multicolor 120x170cm,,,taxable,parent,1,9,,0,0,,120,170,1.1,0,,,1436,,,,,,,46184532,,,,,,2,,,Size,120x170,,1,,,,,,,,,,,,,,,,,,,,,,,,,,,,,,,,,,,,,120x170,,,,,,,,,,,,,,,,,,,,,,,,ATQCN-120-170,,,,,,,,,,,,,,,,,,,
29641,variation,59985380,,D-sign Rug 1K0222 Multicolor - 160x230,1,0,visible,,D-sign Rug 1K0222 Multicolor 160x230cm,,,taxable,parent,0,0,,0,0,,160,230,1.1,0,,,2156,,,,,,,46184532,,,,,,3,,,Size,160x230,,1,,,,,,,,,,,,,,,,,,,,,,,,,,,,,,,,,,,,,160x230,,,,,,,,,,,,,,,,,,,,,,,,ATQCN-160-230,,,,,,,,,,,,,,,,,,,
29642,variation,59985381,,D-sign Rug 1K0222 Multicolor - 200x290,1,0,visible,,D-sign Rug 1K0222 Multicolor 200x290cm,,,taxable,parent,0,0,,0,0,,200,290,1.1,0,,,3116,,,,,,,46184532,,,,,,4,,,Size,200x290,,1,,,,,,,,,,,,,,,,,,,,,,,,,,,,,,,,,,,,,200x290,,,,,,,,,,,,,,,,,,,,,,,,ATQCN-200-290,,,,,,,,,,,,,,,,,,,
29648,variable,46184538,,D-sign Rug 1K0230 Grey,1,0,visible,D-sign Rug 1K0230 Grey ,D-sign Rug 1K0230 Grey ,,,taxable,,1,,,0,0,,,,,1,,,,"Rooms > Bedroom, Rooms > Living room, Rugs > Modern, Rugs, Rugs > Traditional",,,"https://rugshop.eu/wp-content/uploads/2021/09/d-sign-rug-1k0230-grey-scaled.jpg, https://rugshop.eu/wp-content/uploads/2021/09/d-sign-rug-1k0230-grey-1-scaled.jpg, https://rugshop.eu/wp-content/uploads/2021/09/d-sign-rug-1k0230-grey-2-scaled.jpg, https://rugshop.eu/wp-content/uploads/2021/09/d-sign-rug-1k0230-grey-3-scaled.jpg",,,,,,,,,2015,,,Size,"120x170, 160x230, 200x290, 80x150",1,1,Brand,D-sign,1,1,Color,Black-Grey,1,1,Type of color,Multicolor,1,1,Shape,Rectangular,1,1,Material,Polyester,1,1,Type of rug,"Modern, Traditional",1,1,Weave,Handmade,1,1,Country,China,1,1,Age,New,1,1,,,,,,,,,,,,,,yes,yes,,,,,,,,,,,,,,,,,,,,,,,,,,,,,
29649,variation,59985386,,D-sign Rug 1K0224 Multicolor - 80x150,1,0,visible,,D-sign Rug 1K0224 Multicolor 80x150cm,,,taxable,parent,0,0,,0,0,,80,150,1.1,0,,,1036,,,,,,,46184533,,,,,,1,,,Size,80x150,,1,,,,,,,,,,,,,,,,,,,,,,,,,,,,,,,,,,,,,80x150,,,,,,,,,,,,,,,,,,,,,,,,DDENG-80-150,,,,,,,,,,,,,,,,,,,
29650,variation,59985392,,D-sign Rug 1K0224 Multicolor - 120x170,1,0,visible,,D-sign Rug 1K0224 Multicolor 120x170cm,,,taxable,parent,1,2,,0,0,,120,170,1.1,0,,,1436,,,,,,,46184533,,,,,,2,,,Size,120x170,,1,,,,,,,,,,,,,,,,,,,,,,,,,,,,,,,,,,,,,120x170,,,,,,,,,,,,,,,,,,,,,,,,DDENG-120-170,,,,,,,,,,,,,,,,,,,
29651,variation,59985394,,D-sign Rug 1K0224 Multicolor - 160x230,1,0,visible,,D-sign Rug 1K0224 Multicolor 160x230cm,,,taxable,parent,0,0,,0,0,,160,230,1.1,0,,,2156,,,,,,,46184533,,,,,,3,,,Size,160x230,,1,,,,,,,,,,,,,,,,,,,,,,,,,,,,,,,,,,,,,160x230,,,,,,,,,,,,,,,,,,,,,,,,DDENG-160-230,,,,,,,,,,,,,,,,,,,
29652,variation,59985393,,D-sign Rug 1K0224 Multicolor - 200x290,1,0,visible,,D-sign Rug 1K0224 Multicolor 200x290cm,,,taxable,parent,0,0,,0,0,,200,290,1.1,0,,,3116,,,,,,,46184533,,,,,,4,,,Size,200x290,,1,,,,,,,,,,,,,,,,,,,,,,,,,,,,,,,,,,,,,200x290,,,,,,,,,,,,,,,,,,,,,,,,DDENG-200-290,,,,,,,,,,,,,,,,,,,
29658,variable,46184539,,D-sign Rug 1K0229 Creme,1,0,visible,D-sign Rug 1K0229 Creme ,D-sign Rug 1K0229 Creme ,,,taxable,,1,,,0,0,,,,,1,,,,"Rooms > Bedroom, Rooms > Living room, Rugs > Modern, Rugs, Rugs > Traditional",,,"https://rugshop.eu/wp-content/uploads/2021/09/d-sign-rug-1k0229-creme-scaled.jpg, https://rugshop.eu/wp-content/uploads/2021/09/d-sign-rug-1k0229-creme-1-scaled.jpg, https://rugshop.eu/wp-content/uploads/2021/09/d-sign-rug-1k0229-creme-2-scaled.jpg, https://rugshop.eu/wp-content/uploads/2021/09/d-sign-rug-1k0229-creme-3-scaled.jpg",,,,,,,,,2014,,,Size,"120x170, 160x230, 200x290, 80x150",1,1,Brand,D-sign,1,1,Color,White-Beige,1,1,Type of color,Multicolor,1,1,Shape,Rectangular,1,1,Material,Polyester,1,1,Type of rug,"Modern, Traditional",1,1,Weave,Handmade,1,1,Country,China,1,1,Age,New,1,1,,,,,,,,,,,,,,yes,yes,,,,,,,,,,,,,,,,,,,,,,,,,,,,,
29659,variation,59985387,,D-sign Rug 1K0225 Multicolor - 80x150,1,0,visible,,D-sign Rug 1K0225 Multicolor 80x150cm,,,taxable,parent,0,0,,0,0,,80,150,1.1,0,,,1036,,,,,,,46184534,,,,,,1,,,Size,80x150,,1,,,,,,,,,,,,,,,,,,,,,,,,,,,,,,,,,,,,,80x150,,,,,,,,,,,,,,,,,,,,,,,,X7J8G-80-150,,,,,,,,,,,,,,,,,,,
29660,variation,59985390,,D-sign Rug 1K0225 Multicolor - 120x170,1,0,visible,,D-sign Rug 1K0225 Multicolor 120x170cm,,,taxable,parent,1,4,,0,0,,120,170,1.1,0,,,1436,,,,,,,46184534,,,,,,2,,,Size,120x170,,1,,,,,,,,,,,,,,,,,,,,,,,,,,,,,,,,,,,,,120x170,,,,,,,,,,,,,,,,,,,,,,,,X7J8G-120-170,,,,,,,,,,,,,,,,,,,
29661,variation,59985389,,D-sign Rug 1K0225 Multicolor - 160x230,1,0,visible,,D-sign Rug 1K0225 Multicolor 160x230cm,,,taxable,parent,0,0,,0,0,,160,230,1.1,0,,,2156,,,,,,,46184534,,,,,,3,,,Size,160x230,,1,,,,,,,,,,,,,,,,,,,,,,,,,,,,,,,,,,,,,160x230,,,,,,,,,,,,,,,,,,,,,,,,X7J8G-160-230,,,,,,,,,,,,,,,,,,,
29662,variation,59985391,,D-sign Rug 1K0225 Multicolor - 200x290,1,0,visible,,D-sign Rug 1K0225 Multicolor 200x290cm,,,taxable,parent,0,0,,0,0,,200,290,1.1,0,,,3116,,,,,,,46184534,,,,,,4,,,Size,200x290,,1,,,,,,,,,,,,,,,,,,,,,,,,,,,,,,,,,,,,,200x290,,,,,,,,,,,,,,,,,,,,,,,,X7J8G-200-290,,,,,,,,,,,,,,,,,,,
29668,variable,46184540,,D-sign Rug 1K0231 Anthracite,1,0,visible,D-sign Rug 1K0231 Anthracite ,D-sign Rug 1K0231 Anthracite ,,,taxable,,1,,,0,0,,,,,1,,,,"Rooms > Bedroom, Rooms > Living room, Rugs > Modern, Rugs",,,"https://rugshop.eu/wp-content/uploads/2021/09/d-sign-rug-1k0231-anthracite-scaled.jpg, https://rugshop.eu/wp-content/uploads/2021/09/d-sign-rug-1k0231-anthracite-1-scaled.jpg, https://rugshop.eu/wp-content/uploads/2021/09/d-sign-rug-1k0231-anthracite-2-scaled.jpg, https://rugshop.eu/wp-content/uploads/2021/09/d-sign-rug-1k0231-anthracite-3-scaled.jpg",,,,,,,,,2016,,,Size,"120x170, 160x230, 200x290, 80x150",1,1,Brand,D-sign,1,1,Color,Black-Grey,1,1,Type of color,Multicolor,1,1,Shape,Rectangular,1,1,Material,Polyester,1,1,Type of rug,Modern,1,1,Weave,Handmade,1,1,Country,China,1,1,Age,New,1,1,,,,,,,,,,,,,,yes,yes,,,,,,,,,,,,,,,,,,,,,,,,,,,,,
29669,variation,59985397,,D-sign Rug 1K0228 Multicolor - 80x150,1,0,visible,,D-sign Rug 1K0228 Multicolor 80x150cm,,,taxable,parent,0,0,,0,0,,80,150,1.1,0,,,1036,,,,,,,46184535,,,,,,1,,,Size,80x150,,1,,,,,,,,,,,,,,,,,,,,,,,,,,,,,,,,,,,,,80x150,,,,,,,,,,,,,,,,,,,,,,,,XR4KV-80-150,,,,,,,,,,,,,,,,,,,
29670,variation,59985402,,D-sign Rug 1K0228 Multicolor - 120x170,1,0,visible,,D-sign Rug 1K0228 Multicolor 120x170cm,,,taxable,parent,1,5,,0,0,,120,170,1.1,0,,,1436,,,,,,,46184535,,,,,,2,,,Size,120x170,,1,,,,,,,,,,,,,,,,,,,,,,,,,,,,,,,,,,,,,120x170,,,,,,,,,,,,,,,,,,,,,,,,XR4KV-120-170,,,,,,,,,,,,,,,,,,,
29671,variation,59985411,,D-sign Rug 1K0228 Multicolor - 160x230,1,0,visible,,D-sign Rug 1K0228 Multicolor 160x230cm,,,taxable,parent,0,0,,0,0,,160,230,1.1,0,,,2156,,,,,,,46184535,,,,,,3,,,Size,160x230,,1,,,,,,,,,,,,,,,,,,,,,,,,,,,,,,,,,,,,,160x230,,,,,,,,,,,,,,,,,,,,,,,,XR4KV-160-230,,,,,,,,,,,,,,,,,,,
29672,variation,59985403,,D-sign Rug 1K0228 Multicolor - 200x290,1,0,visible,,D-sign Rug 1K0228 Multicolor 200x290cm,,,taxable,parent,0,0,,0,0,,200,290,1.1,0,,,3116,,,,,,,46184535,,,,,,4,,,Size,200x290,,1,,,,,,,,,,,,,,,,,,,,,,,,,,,,,,,,,,,,,200x290,,,,,,,,,,,,,,,,,,,,,,,,XR4KV-200-290,,,,,,,,,,,,,,,,,,,
29679,variation,59985398,,D-sign Rug 1K0227 Multicolor - 80x150,1,0,visible,,D-sign Rug 1K0227 Multicolor 80x150cm,,,taxable,parent,0,0,,0,0,,80,150,1.1,0,,,1036,,,,,,,46184536,,,,,,1,,,Size,80x150,,1,,,,,,,,,,,,,,,,,,,,,,,,,,,,,,,,,,,,,80x150,,,,,,,,,,,,,,,,,,,,,,,,JL5TJ-80-150,,,,,,,,,,,,,,,,,,,
29680,variation,59985414,,D-sign Rug 1K0227 Multicolor - 120x170,1,0,visible,,D-sign Rug 1K0227 Multicolor 120x170cm,,,taxable,parent,1,2,,0,0,,120,170,1.1,0,,,1436,,,,,,,46184536,,,,,,2,,,Size,120x170,,1,,,,,,,,,,,,,,,,,,,,,,,,,,,,,,,,,,,,,120x170,,,,,,,,,,,,,,,,,,,,,,,,JL5TJ-120-170,,,,,,,,,,,,,,,,,,,
29681,variation,59985409,,D-sign Rug 1K0227 Multicolor - 160x230,1,0,visible,,D-sign Rug 1K0227 Multicolor 160x230cm,,,taxable,parent,0,0,,0,0,,160,230,1.1,0,,,2156,,,,,,,46184536,,,,,,3,,,Size,160x230,,1,,,,,,,,,,,,,,,,,,,,,,,,,,,,,,,,,,,,,160x230,,,,,,,,,,,,,,,,,,,,,,,,JL5TJ-160-230,,,,,,,,,,,,,,,,,,,
29682,variation,59985413,,D-sign Rug 1K0227 Multicolor - 200x290,1,0,visible,,D-sign Rug 1K0227 Multicolor 200x290cm,,,taxable,parent,0,0,,0,0,,200,290,1.1,0,,,3116,,,,,,,46184536,,,,,,4,,,Size,200x290,,1,,,,,,,,,,,,,,,,,,,,,,,,,,,,,,,,,,,,,200x290,,,,,,,,,,,,,,,,,,,,,,,,JL5TJ-200-290,,,,,,,,,,,,,,,,,,,
29688,variable,46184542,,D-sign Rug 1K0232 Multicolor,1,0,visible,D-sign Rug 1K0232 Multicolor ,D-sign Rug 1K0232 Multicolor ,,,taxable,,1,,,0,0,,,,,1,,,,"Rooms > Bedroom, Rooms > Kitchen, Rooms > Living room, Rugs > Modern, Rugs",,,"https://rugshop.eu/wp-content/uploads/2021/09/d-sign-rug-1k0232-multicolor-scaled.jpg, https://rugshop.eu/wp-content/uploads/2021/09/d-sign-rug-1k0232-multicolor-1-scaled.jpg, https://rugshop.eu/wp-content/uploads/2021/09/d-sign-rug-1k0232-multicolor-2-scaled.jpg, https://rugshop.eu/wp-content/uploads/2021/09/d-sign-rug-1k0232-multicolor-3-scaled.jpg",,,,,,,,,2018,,,Size,"120x180, 160x230, 200x290, 80x150",1,1,Brand,D-sign,1,1,Color,"Black-Grey, Blue, Red",1,1,Type of color,Multicolor,1,1,Shape,Rectangular,1,1,Material,Acrylic,1,1,Type of rug,Modern,1,1,Weave,Machinemade,1,1,Country,Turkey,1,1,Age,New,1,1,,,,,,,,,,,,,,yes,yes,,,,,,,,,,,,,,,,,,,,,,,,,,,,,
29689,variation,59985399,,D-sign Rug 1K0226 Multicolor - 80x150,1,0,visible,,D-sign Rug 1K0226 Multicolor 80x150cm,,,taxable,parent,1,9,,0,0,,80,150,1.1,0,,,1036,,,,,,,46184537,,,,,,1,,,Size,80x150,,1,,,,,,,,,,,,,,,,,,,,,,,,,,,,,,,,,,,,,80x150,,,,,,,,,,,,,,,,,,,,,,,,DVYPV-80-150,,,,,,,,,,,,,,,,,,,
29690,variation,59985415,,D-sign Rug 1K0226 Multicolor - 120x170,1,0,visible,,D-sign Rug 1K0226 Multicolor 120x170cm,,,taxable,parent,1,3,,0,0,,120,170,1.1,0,,,1436,,,,,,,46184537,,,,,,2,,,Size,120x170,,1,,,,,,,,,,,,,,,,,,,,,,,,,,,,,,,,,,,,,120x170,,,,,,,,,,,,,,,,,,,,,,,,DVYPV-120-170,,,,,,,,,,,,,,,,,,,
29691,variation,59985412,,D-sign Rug 1K0226 Multicolor - 160x230,1,0,visible,,D-sign Rug 1K0226 Multicolor 160x230cm,,,taxable,parent,0,0,,0,0,,160,230,1.1,0,,,2156,,,,,,,46184537,,,,,,3,,,Size,160x230,,1,,,,,,,,,,,,,,,,,,,,,,,,,,,,,,,,,,,,,160x230,,,,,,,,,,,,,,,,,,,,,,,,DVYPV-160-230,,,,,,,,,,,,,,,,,,,
29692,variation,59985410,,D-sign Rug 1K0226 Multicolor - 200x290,1,0,visible,,D-sign Rug 1K0226 Multicolor 200x290cm,,,taxable,parent,0,0,,0,0,,200,290,1.1,0,,,3116,,,,,,,46184537,,,,,,4,,,Size,200x290,,1,,,,,,,,,,,,,,,,,,,,,,,,,,,,,,,,,,,,,200x290,,,,,,,,,,,,,,,,,,,,,,,,DVYPV-200-290,,,,,,,,,,,,,,,,,,,
29698,variable,46184543,,D-sign Rug 1K0234 Creme/Multicolor,1,0,visible,D-sign Rug 1K0234 Creme/Multicolor ,D-sign Rug 1K0234 Creme/Multicolor ,,,taxable,,1,,,0,0,,,,,1,,,,"Rooms > Bedroom, Rooms > Kitchen, Rooms > Living room, Rugs > Modern, Rugs",,,"https://rugshop.eu/wp-content/uploads/2021/09/d-sign-rug-1k0234-creme-multicolor-scaled.jpg, https://rugshop.eu/wp-content/uploads/2021/09/d-sign-rug-1k0234-creme-multicolor-1-scaled.jpg, https://rugshop.eu/wp-content/uploads/2021/09/d-sign-rug-1k0234-creme-multicolor-2-scaled.jpg, https://rugshop.eu/wp-content/uploads/2021/09/d-sign-rug-1k0234-creme-multicolor-3-scaled.jpg",,,,,,,,,2020,,,Size,"120x180, 160x230, 200x290, 80x150",1,1,Brand,D-sign,1,1,Color,Yellow-Brown,1,1,Type of color,Multicolor,1,1,Shape,Rectangular,1,1,Material,Acrylic,1,1,Type of rug,Modern,1,1,Weave,Machinemade,1,1,Country,Turkey,1,1,Age,New,1,1,,,,,,,,,,,,,,yes,yes,,,,,,,,,,,,,,,,,,,,,,,,,,,,,
29699,variation,59985407,,D-sign Rug 1K0230 Grey - 80x150,1,0,visible,,D-sign Rug 1K0230 Grey 80x150cm,,,taxable,parent,1,2,,0,0,,80,150,1.1,0,,,1036,,,,,,,46184538,,,,,,1,,,Size,80x150,,1,,,,,,,,,,,,,,,,,,,,,,,,,,,,,,,,,,,,,80x150,,,,,,,,,,,,,,,,,,,,,,,,DMAWT-80-150,,,,,,,,,,,,,,,,,,,
29700,variation,59985427,,D-sign Rug 1K0230 Grey - 120x170,1,0,visible,,D-sign Rug 1K0230 Grey 120x170cm,,,taxable,parent,1,11,,0,0,,120,170,1.1,0,,,1436,,,,,,,46184538,,,,,,2,,,Size,120x170,,1,,,,,,,,,,,,,,,,,,,,,,,,,,,,,,,,,,,,,120x170,,,,,,,,,,,,,,,,,,,,,,,,DMAWT-120-170,,,,,,,,,,,,,,,,,,,
29701,variation,59985423,,D-sign Rug 1K0230 Grey - 160x230,1,0,visible,,D-sign Rug 1K0230 Grey 160x230cm,,,taxable,parent,0,0,,0,0,,160,230,1.1,0,,,2156,,,,,,,46184538,,,,,,3,,,Size,160x230,,1,,,,,,,,,,,,,,,,,,,,,,,,,,,,,,,,,,,,,160x230,,,,,,,,,,,,,,,,,,,,,,,,DMAWT-160-230,,,,,,,,,,,,,,,,,,,
29702,variation,59985431,,D-sign Rug 1K0230 Grey - 200x290,1,0,visible,,D-sign Rug 1K0230 Grey 200x290cm,,,taxable,parent,0,0,,0,0,,200,290,1.1,0,,,3116,,,,,,,46184538,,,,,,4,,,Size,200x290,,1,,,,,,,,,,,,,,,,,,,,,,,,,,,,,,,,,,,,,200x290,,,,,,,,,,,,,,,,,,,,,,,,DMAWT-200-290,,,,,,,,,,,,,,,,,,,
29708,variable,46184544,,D-sign Rug 1K0233 Multicolor,1,0,visible,D-sign Rug 1K0233 Multicolor ,D-sign Rug 1K0233 Multicolor ,,,taxable,,1,,,0,0,,,,,1,,,,"Rooms > Bedroom, Rooms > Kitchen, Rooms > Living room, Rugs > Modern, Rugs, Rugs > Traditional",,,"https://rugshop.eu/wp-content/uploads/2021/09/d-sign-rug-1k0233-multicolor-scaled.jpg, https://rugshop.eu/wp-content/uploads/2021/09/d-sign-rug-1k0233-multicolor-1-scaled.jpg, https://rugshop.eu/wp-content/uploads/2021/09/d-sign-rug-1k0233-multicolor-2-scaled.jpg, https://rugshop.eu/wp-content/uploads/2021/09/d-sign-rug-1k0233-multicolor-3-scaled.jpg",,,,,,,,,2019,,,Size,"120x180, 160x230, 200x290, 80x150",1,1,Brand,D-sign,1,1,Color,"Black-Grey, Pink-Purple",1,1,Type of color,Multicolor,1,1,Shape,Rectangular,1,1,Material,Acrylic,1,1,Type of rug,"Modern, Traditional",1,1,Weave,Machinemade,1,1,Country,Turkey,1,1,Age,New,1,1,,,,,,,,,,,,,,yes,yes,,,,,,,,,,,,,,,,,,,,,,,,,,,,,
29709,variation,59985408,,D-sign Rug 1K0229 Creme - 80x150,1,0,visible,,D-sign Rug 1K0229 Creme 80x150cm,,,taxable,parent,1,2,,0,0,,80,150,1.1,0,,,1036,,,,,,,46184539,,,,,,1,,,Size,80x150,,1,,,,,,,,,,,,,,,,,,,,,,,,,,,,,,,,,,,,,80x150,,,,,,,,,,,,,,,,,,,,,,,,O32YK-80-150,,,,,,,,,,,,,,,,,,,
29710,variation,59985426,,D-sign Rug 1K0229 Creme - 120x170,1,0,visible,,D-sign Rug 1K0229 Creme 120x170cm,,,taxable,parent,0,0,,0,0,,120,170,1.1,0,,,1436,,,,,,,46184539,,,,,,2,,,Size,120x170,,1,,,,,,,,,,,,,,,,,,,,,,,,,,,,,,,,,,,,,120x170,,,,,,,,,,,,,,,,,,,,,,,,O32YK-120-170,,,,,,,,,,,,,,,,,,,
29711,variation,59985422,,D-sign Rug 1K0229 Creme - 160x230,1,0,visible,,D-sign Rug 1K0229 Creme 160x230cm,,,taxable,parent,0,0,,0,0,,160,230,1.1,0,,,2156,,,,,,,46184539,,,,,,3,,,Size,160x230,,1,,,,,,,,,,,,,,,,,,,,,,,,,,,,,,,,,,,,,160x230,,,,,,,,,,,,,,,,,,,,,,,,O32YK-160-230,,,,,,,,,,,,,,,,,,,
29712,variation,59985429,,D-sign Rug 1K0229 Creme - 200x290,1,0,visible,,D-sign Rug 1K0229 Creme 200x290cm,,,taxable,parent,0,0,,0,0,,200,290,1.1,0,,,3116,,,,,,,46184539,,,,,,4,,,Size,200x290,,1,,,,,,,,,,,,,,,,,,,,,,,,,,,,,,,,,,,,,200x290,,,,,,,,,,,,,,,,,,,,,,,,O32YK-200-290,,,,,,,,,,,,,,,,,,,
29718,variable,46184545,,D-sign Rug 1K0235 Multicolor/Blue,1,0,visible,D-sign Rug 1K0235 Multicolor/Blue ,D-sign Rug 1K0235 Multicolor/Blue ,,,taxable,,1,,,0,0,,,,,1,,,,"Rooms > Bedroom, Rooms > Kitchen, Rooms > Living room, Rugs > Modern, Rugs",,,"https://rugshop.eu/wp-content/uploads/2021/09/d-sign-rug-1k0235-multicolor-blue-scaled.jpg, https://rugshop.eu/wp-content/uploads/2021/09/d-sign-rug-1k0235-multicolor-blue-1-scaled.jpg, https://rugshop.eu/wp-content/uploads/2021/09/d-sign-rug-1k0235-multicolor-blue-2-scaled.jpg, https://rugshop.eu/wp-content/uploads/2021/09/d-sign-rug-1k0235-multicolor-blue-3-scaled.jpg",,,,,,,,,2021,,,Size,"120x180, 160x230, 200x290, 80x150",1,1,Brand,D-sign,1,1,Color,"Blue, Yellow-Brown",1,1,Type of color,Multicolor,1,1,Shape,Rectangular,1,1,Material,Acrylic,1,1,Type of rug,Modern,1,1,Weave,Machinemade,1,1,Country,Turkey,1,1,Age,New,1,1,,,,,,,,,,,,,,yes,yes,,,,,,,,,,,,,,,,,,,,,,,,,,,,,
29719,variation,59985419,,D-sign Rug 1K0231 Anthracite - 80x150,1,0,visible,,D-sign Rug 1K0231 Anthracite 80x150cm,,,taxable,parent,1,45,,0,0,,80,150,1.1,0,,,1036,,,,,,,46184540,,,,,,1,,,Size,80x150,,1,,,,,,,,,,,,,,,,,,,,,,,,,,,,,,,,,,,,,80x150,,,,,,,,,,,,,,,,,,,,,,,,XYIA8-80-150,,,,,,,,,,,,,,,,,,,
29720,variation,59985430,,D-sign Rug 1K0231 Anthracite - 120x170,1,0,visible,,D-sign Rug 1K0231 Anthracite 120x170cm,,,taxable,parent,1,11,,0,0,,120,170,1.1,0,,,1436,,,,,,,46184540,,,,,,2,,,Size,120x170,,1,,,,,,,,,,,,,,,,,,,,,,,,,,,,,,,,,,,,,120x170,,,,,,,,,,,,,,,,,,,,,,,,XYIA8-120-170,,,,,,,,,,,,,,,,,,,
29721,variation,59985424,,D-sign Rug 1K0231 Anthracite - 160x230,1,0,visible,,D-sign Rug 1K0231 Anthracite 160x230cm,,,taxable,parent,1,2,,0,0,,160,230,1.1,0,,,2156,,,,,,,46184540,,,,,,3,,,Size,160x230,,1,,,,,,,,,,,,,,,,,,,,,,,,,,,,,,,,,,,,,160x230,,,,,,,,,,,,,,,,,,,,,,,,XYIA8-160-230,,,,,,,,,,,,,,,,,,,
29722,variation,59985425,,D-sign Rug 1K0231 Anthracite - 200x290,1,0,visible,,D-sign Rug 1K0231 Anthracite 200x290cm,,,taxable,parent,0,0,,0,0,,200,290,1.1,0,,,3116,,,,,,,46184540,,,,,,4,,,Size,200x290,,1,,,,,,,,,,,,,,,,,,,,,,,,,,,,,,,,,,,,,200x290,,,,,,,,,,,,,,,,,,,,,,,,XYIA8-200-290,,,,,,,,,,,,,,,,,,,
29728,variable,46184546,,D-sign Rug 1K0236 Multicolor/Red,1,0,visible,D-sign Rug 1K0236 Multicolor/Red ,D-sign Rug 1K0236 Multicolor/Red ,,,taxable,,1,,,0,0,,,,,1,,,,"Rooms > Bedroom, Rooms > Kitchen, Rooms > Living room, Rugs > Modern, Rugs",,,"https://rugshop.eu/wp-content/uploads/2021/09/d-sign-rug-1k0236-multicolor-red-scaled.jpg, https://rugshop.eu/wp-content/uploads/2021/09/d-sign-rug-1k0236-multicolor-red-1-scaled.jpg, https://rugshop.eu/wp-content/uploads/2021/09/d-sign-rug-1k0236-multicolor-red-2-scaled.jpg, https://rugshop.eu/wp-content/uploads/2021/09/d-sign-rug-1k0236-multicolor-red-3-scaled.jpg",,,,,,,,,2022,,,Size,"120x180, 160x230, 200x290, 80x150",1,1,Brand,D-sign,1,1,Color,"Red, Yellow-Brown",1,1,Type of color,Multicolor,1,1,Shape,Rectangular,1,1,Material,Acrylic,1,1,Type of rug,Modern,1,1,Weave,Machinemade,1,1,Country,Turkey,1,1,Age,New,1,1,,,,,,,,,,,,,,yes,yes,,,,,,,,,,,,,,,,,,,,,,,,,,,,,
29738,variable,46184547,,D-sign Rug 1K0237 Multicolor,1,0,visible,D-sign Rug 1K0237 Multicolor ,D-sign Rug 1K0237 Multicolor ,,,taxable,,1,,,0,0,,,,,1,,,,"Rooms > Bedroom, Rooms > Kitchen, Rooms > Living room, Rugs > Modern, Rugs",,,"https://rugshop.eu/wp-content/uploads/2021/09/d-sign-rug-1k0237-multicolor-scaled.jpg, https://rugshop.eu/wp-content/uploads/2021/09/d-sign-rug-1k0237-multicolor-1-scaled.jpg, https://rugshop.eu/wp-content/uploads/2021/09/d-sign-rug-1k0237-multicolor-2-scaled.jpg, https://rugshop.eu/wp-content/uploads/2021/09/d-sign-rug-1k0237-multicolor-3-scaled.jpg",,,,,,,,,2023,,,Size,"120x180, 160x230, 200x290, 80x150",1,1,Brand,D-sign,1,1,Color,White-Beige,1,1,Type of color,Multicolor,1,1,Shape,Rectangular,1,1,Material,Acrylic,1,1,Type of rug,Modern,1,1,Weave,Machinemade,1,1,Country,Turkey,1,1,Age,New,1,1,,,,,,,,,,,,,,yes,yes,,,,,,,,,,,,,,,,,,,,,,,,,,,,,
29739,variation,59985421,,D-sign Rug 1K0232 Multicolor - 80x150,1,0,visible,,D-sign Rug 1K0232 Multicolor 80x150cm,,,taxable,parent,1,23,,0,0,,80,150,0.5,0,,,1196,,,,,,,46184542,,,,,,1,,,Size,80x150,,1,,,,,,,,,,,,,,,,,,,,,,,,,,,,,,,,,,,,,80x150,,,,,,,,,,,,,,,,,,,,,,,,VAB59-80-150,,,,,,,,,,,,,,,,,,,
29740,variation,59985442,,D-sign Rug 1K0232 Multicolor - 120x180,1,0,visible,,D-sign Rug 1K0232 Multicolor 120x180cm,,,taxable,parent,1,36,,0,0,,120,180,0.5,0,,,1756,,,,,,,46184542,,,,,,2,,,Size,120x180,,1,,,,,,,,,,,,,,,,,,,,,,,,,,,,,,,,,,,,,120x180,,,,,,,,,,,,,,,,,,,,,,,,VAB59-120-180,,,,,,,,,,,,,,,,,,,
29741,variation,59985439,,D-sign Rug 1K0232 Multicolor - 160x230,1,0,visible,,D-sign Rug 1K0232 Multicolor 160x230cm,,,taxable,parent,1,53,,0,0,,160,230,0.5,0,,,2556,,,,,,,46184542,,,,,,3,,,Size,160x230,,1,,,,,,,,,,,,,,,,,,,,,,,,,,,,,,,,,,,,,160x230,,,,,,,,,,,,,,,,,,,,,,,,VAB59-160-230,,,,,,,,,,,,,,,,,,,
29742,variation,59985440,,D-sign Rug 1K0232 Multicolor - 200x290,1,0,visible,,D-sign Rug 1K0232 Multicolor 200x290cm,,,taxable,parent,1,15,,0,0,,200,290,0.5,0,,,3756,,,,,,,46184542,,,,,,4,,,Size,200x290,,1,,,,,,,,,,,,,,,,,,,,,,,,,,,,,,,,,,,,,200x290,,,,,,,,,,,,,,,,,,,,,,,,VAB59-200-290,,,,,,,,,,,,,,,,,,,
29748,variable,46184548,,D-sign Rug 1K0238 Sand/Blue,1,0,visible,D-sign Rug 1K0238 Sand/Blue ,D-sign Rug 1K0238 Sand/Blue ,,,taxable,,1,,,0,0,,,,,1,,,,"Rooms > Bedroom, Rooms > Kitchen, Rooms > Living room, Rugs > Modern, Rugs",,,"https://rugshop.eu/wp-content/uploads/2021/09/d-sign-rug-1k0238-sand-blue-scaled.jpg, https://rugshop.eu/wp-content/uploads/2021/09/d-sign-rug-1k0238-sand-blue-1-scaled.jpg, https://rugshop.eu/wp-content/uploads/2021/09/d-sign-rug-1k0238-sand-blue-2-scaled.jpg, https://rugshop.eu/wp-content/uploads/2021/09/d-sign-rug-1k0238-sand-blue-3-scaled.jpg",,,,,,,,,2024,,,Size,"120x180, 160x230, 200x290, 80x150",1,1,Brand,D-sign,1,1,Color,"Blue, Yellow-Brown",1,1,Type of color,Multicolor,1,1,Shape,Rectangular,1,1,Material,Acrylic,1,1,Type of rug,Modern,1,1,Weave,Machinemade,1,1,Country,Turkey,1,1,Age,New,1,1,,,,,,,,,,,,,,yes,yes,,,,,,,,,,,,,,,,,,,,,,,,,,,,,
29749,variation,59985433,,D-sign Rug 1K0234 Creme/Multicolor - 80x150,1,0,visible,,D-sign Rug 1K0234 Creme/Multicolor 80x150cm,,,taxable,parent,1,8,,0,0,,80,150,0.5,0,,,1196,,,,,,,46184543,,,,,,1,,,Size,80x150,,1,,,,,,,,,,,,,,,,,,,,,,,,,,,,,,,,,,,,,80x150,,,,,,,,,,,,,,,,,,,,,,,,A7F5T-80-150,,,,,,,,,,,,,,,,,,,
29750,variation,59985441,,D-sign Rug 1K0234 Creme/Multicolor - 120x180,1,0,visible,,D-sign Rug 1K0234 Creme/Multicolor 120x180cm,,,taxable,parent,0,0,,0,0,,120,180,0.5,0,,,1756,,,,,,,46184543,,,,,,2,,,Size,120x180,,1,,,,,,,,,,,,,,,,,,,,,,,,,,,,,,,,,,,,,120x180,,,,,,,,,,,,,,,,,,,,,,,,A7F5T-120-180,,,,,,,,,,,,,,,,,,,
29751,variation,59985436,,D-sign Rug 1K0234 Creme/Multicolor - 160x230,1,0,visible,,D-sign Rug 1K0234 Creme/Multicolor 160x230cm,,,taxable,parent,0,0,,0,0,,160,230,0.5,0,,,2556,,,,,,,46184543,,,,,,3,,,Size,160x230,,1,,,,,,,,,,,,,,,,,,,,,,,,,,,,,,,,,,,,,160x230,,,,,,,,,,,,,,,,,,,,,,,,A7F5T-160-230,,,,,,,,,,,,,,,,,,,
29752,variation,59985435,,D-sign Rug 1K0234 Creme/Multicolor - 200x290,1,0,visible,,D-sign Rug 1K0234 Creme/Multicolor 200x290cm,,,taxable,parent,0,0,,0,0,,200,290,0.5,0,,,3756,,,,,,,46184543,,,,,,4,,,Size,200x290,,1,,,,,,,,,,,,,,,,,,,,,,,,,,,,,,,,,,,,,200x290,,,,,,,,,,,,,,,,,,,,,,,,A7F5T-200-290,,,,,,,,,,,,,,,,,,,
29758,variable,46184549,,D-sign Rug 1K0239 Blue/Beige,1,0,visible,D-sign Rug 1K0239 Blue/Beige ,D-sign Rug 1K0239 Blue/Beige ,,,taxable,,1,,,0,0,,,,,1,,,,"Rooms > Bedroom, Rooms > Living room, Rugs > Modern, Rugs",,,"https://rugshop.eu/wp-content/uploads/2021/09/d-sign-rug-1k0239-blue-beige-scaled.jpg, https://rugshop.eu/wp-content/uploads/2021/09/d-sign-rug-1k0239-blue-beige-1-scaled.jpg, https://rugshop.eu/wp-content/uploads/2021/09/d-sign-rug-1k0239-blue-beige-2-scaled.jpg",,,,,,,,,2025,,,Size,"120x170, 160x230, 200x290, 240x320, 80x150",1,1,Brand,D-sign,1,1,Color,"Blue, White-Beige",1,1,Type of color,Multicolor,1,1,Shape,Rectangular,1,1,Material,Viscose,1,1,Type of rug,Modern,1,1,Weave,Handmade,1,1,Country,India,1,1,Age,New,1,1,,,,,,,,,,,,,,yes,yes,,,,,,,,,,,,,,,,,,,,,,,,,,,,,
29759,variation,59985434,,D-sign Rug 1K0233 Multicolor - 80x150,1,0,visible,,D-sign Rug 1K0233 Multicolor 80x150cm,,,taxable,parent,1,18,,0,0,,80,150,0.5,0,,,1116,,,,,,,46184544,,,,,,1,,,Size,80x150,,1,,,,,,,,,,,,,,,,,,,,,,,,,,,,,,,,,,,,,80x150,,,,,,,,,,,,,,,,,,,,,,,,N4654-80-150,,,,,,,,,,,,,,,,,,,
29760,variation,59985447,,D-sign Rug 1K0233 Multicolor - 120x180,1,0,visible,,D-sign Rug 1K0233 Multicolor 120x180cm,,,taxable,parent,1,9,,0,0,,120,180,0.5,0,,,1596,,,,,,,46184544,,,,,,2,,,Size,120x180,,1,,,,,,,,,,,,,,,,,,,,,,,,,,,,,,,,,,,,,120x180,,,,,,,,,,,,,,,,,,,,,,,,N4654-120-180,,,,,,,,,,,,,,,,,,,
29761,variation,59985449,,D-sign Rug 1K0233 Multicolor - 160x230,1,0,visible,,D-sign Rug 1K0233 Multicolor 160x230cm,,,taxable,parent,1,12,,0,0,,160,230,0.5,0,,,2316,,,,,,,46184544,,,,,,3,,,Size,160x230,,1,,,,,,,,,,,,,,,,,,,,,,,,,,,,,,,,,,,,,160x230,,,,,,,,,,,,,,,,,,,,,,,,N4654-160-230,,,,,,,,,,,,,,,,,,,
29762,variation,59985452,,D-sign Rug 1K0233 Multicolor - 200x290,1,0,visible,,D-sign Rug 1K0233 Multicolor 200x290cm,,,taxable,parent,0,0,,0,0,,200,290,0.5,0,,,3356,,,,,,,46184544,,,,,,4,,,Size,200x290,,1,,,,,,,,,,,,,,,,,,,,,,,,,,,,,,,,,,,,,200x290,,,,,,,,,,,,,,,,,,,,,,,,N4654-200-290,,,,,,,,,,,,,,,,,,,
29769,variation,59985444,,D-sign Rug 1K0235 Multicolor/Blue - 80x150,1,0,visible,,D-sign Rug 1K0235 Multicolor/Blue 80x150cm,,,taxable,parent,1,58,,0,0,,80,150,0.5,0,,,1196,,,,,,,46184545,,,,,,1,,,Size,80x150,,1,,,,,,,,,,,,,,,,,,,,,,,,,,,,,,,,,,,,,80x150,,,,,,,,,,,,,,,,,,,,,,,,8RTB4-80-150,,,,,,,,,,,,,,,,,,,
29770,variation,59985450,,D-sign Rug 1K0235 Multicolor/Blue - 120x180,1,0,visible,,D-sign Rug 1K0235 Multicolor/Blue 120x180cm,,,taxable,parent,1,41,,0,0,,120,180,0.5,0,,,1756,,,,,,,46184545,,,,,,2,,,Size,120x180,,1,,,,,,,,,,,,,,,,,,,,,,,,,,,,,,,,,,,,,120x180,,,,,,,,,,,,,,,,,,,,,,,,8RTB4-120-180,,,,,,,,,,,,,,,,,,,
29771,variation,59985451,,D-sign Rug 1K0235 Multicolor/Blue - 160x230,1,0,visible,,D-sign Rug 1K0235 Multicolor/Blue 160x230cm,,,taxable,parent,1,32,,0,0,,160,230,0.5,0,,,2556,,,,,,,46184545,,,,,,3,,,Size,160x230,,1,,,,,,,,,,,,,,,,,,,,,,,,,,,,,,,,,,,,,160x230,,,,,,,,,,,,,,,,,,,,,,,,8RTB4-160-230,,,,,,,,,,,,,,,,,,,
29772,variation,59985460,,D-sign Rug 1K0235 Multicolor/Blue - 200x290,1,0,visible,,D-sign Rug 1K0235 Multicolor/Blue 200x290cm,,,taxable,parent,1,8,,0,0,,200,290,0.5,0,,,3756,,,,,,,46184545,,,,,,4,,,Size,200x290,,1,,,,,,,,,,,,,,,,,,,,,,,,,,,,,,,,,,,,,200x290,,,,,,,,,,,,,,,,,,,,,,,,8RTB4-200-290,,,,,,,,,,,,,,,,,,,
29778,variable,46184551,,D-sign Rug 1K0240 Beige/Creme,1,0,visible,D-sign Rug 1K0240 Beige/Creme ,D-sign Rug 1K0240 Beige/Creme ,,,taxable,,1,,,0,0,,,,,1,,,,"Rooms > Bedroom, Rooms > Living room, Rugs > Modern, Rugs",,,"https://rugshop.eu/wp-content/uploads/2021/09/d-sign-rug-1k0240-beige-creme-scaled.jpg, https://rugshop.eu/wp-content/uploads/2021/09/d-sign-rug-1k0240-beige-creme-1-scaled.jpg, https://rugshop.eu/wp-content/uploads/2021/09/d-sign-rug-1k0240-beige-creme-2-scaled.jpg",,,,,,,,,2026,,,Size,"120x170, 160x230, 200x290, 240x320, 80x150",1,1,Brand,D-sign,1,1,Color,White-Beige,1,1,Type of color,Multicolor,1,1,Shape,Rectangular,1,1,Material,Viscose,1,1,Type of rug,Modern,1,1,Weave,Handmade,1,1,Country,India,1,1,Age,New,1,1,,,,,,,,,,,,,,yes,yes,,,,,,,,,,,,,,,,,,,,,,,,,,,,,
29779,variation,59985445,,D-sign Rug 1K0236 Multicolor/Red - 80x150,1,0,visible,,D-sign Rug 1K0236 Multicolor/Red 80x150cm,,,taxable,parent,1,55,,0,0,,80,150,0.5,0,,,1196,,,,,,,46184546,,,,,,1,,,Size,80x150,,1,,,,,,,,,,,,,,,,,,,,,,,,,,,,,,,,,,,,,80x150,,,,,,,,,,,,,,,,,,,,,,,,QB7AA-80-150,,,,,,,,,,,,,,,,,,,
29780,variation,59985459,,D-sign Rug 1K0236 Multicolor/Red - 120x180,1,0,visible,,D-sign Rug 1K0236 Multicolor/Red 120x180cm,,,taxable,parent,0,0,,0,0,,120,180,0.5,0,,,1756,,,,,,,46184546,,,,,,2,,,Size,120x180,,1,,,,,,,,,,,,,,,,,,,,,,,,,,,,,,,,,,,,,120x180,,,,,,,,,,,,,,,,,,,,,,,,QB7AA-120-180,,,,,,,,,,,,,,,,,,,
29781,variation,59985448,,D-sign Rug 1K0236 Multicolor/Red - 160x230,1,0,visible,,D-sign Rug 1K0236 Multicolor/Red 160x230cm,,,taxable,parent,0,0,,0,0,,160,230,0.5,0,,,2556,,,,,,,46184546,,,,,,3,,,Size,160x230,,1,,,,,,,,,,,,,,,,,,,,,,,,,,,,,,,,,,,,,160x230,,,,,,,,,,,,,,,,,,,,,,,,QB7AA-160-230,,,,,,,,,,,,,,,,,,,
29782,variation,59985461,,D-sign Rug 1K0236 Multicolor/Red - 200x290,1,0,visible,,D-sign Rug 1K0236 Multicolor/Red 200x290cm,,,taxable,parent,0,0,,0,0,,200,290,0.5,0,,,3756,,,,,,,46184546,,,,,,4,,,Size,200x290,,1,,,,,,,,,,,,,,,,,,,,,,,,,,,,,,,,,,,,,200x290,,,,,,,,,,,,,,,,,,,,,,,,QB7AA-200-290,,,,,,,,,,,,,,,,,,,
29789,variation,59985446,,D-sign Rug 1K0237 Multicolor - 80x150,1,0,visible,,D-sign Rug 1K0237 Multicolor 80x150cm,,,taxable,parent,1,14,,0,0,,80,150,0.5,0,,,1196,,,,,,,46184547,,,,,,1,,,Size,80x150,,1,,,,,,,,,,,,,,,,,,,,,,,,,,,,,,,,,,,,,80x150,,,,,,,,,,,,,,,,,,,,,,,,J9X6F-80-150,,,,,,,,,,,,,,,,,,,
29790,variation,59985457,,D-sign Rug 1K0237 Multicolor - 120x180,1,0,visible,,D-sign Rug 1K0237 Multicolor 120x180cm,,,taxable,parent,0,0,,0,0,,120,180,0.5,0,,,1756,,,,,,,46184547,,,,,,2,,,Size,120x180,,1,,,,,,,,,,,,,,,,,,,,,,,,,,,,,,,,,,,,,120x180,,,,,,,,,,,,,,,,,,,,,,,,J9X6F-120-180,,,,,,,,,,,,,,,,,,,
29791,variation,59985456,,D-sign Rug 1K0237 Multicolor - 160x230,1,0,visible,,D-sign Rug 1K0237 Multicolor 160x230cm,,,taxable,parent,1,3,,0,0,,160,230,0.5,0,,,2556,,,,,,,46184547,,,,,,3,,,Size,160x230,,1,,,,,,,,,,,,,,,,,,,,,,,,,,,,,,,,,,,,,160x230,,,,,,,,,,,,,,,,,,,,,,,,J9X6F-160-230,,,,,,,,,,,,,,,,,,,
29792,variation,59985458,,D-sign Rug 1K0237 Multicolor - 200x290,1,0,visible,,D-sign Rug 1K0237 Multicolor 200x290cm,,,taxable,parent,0,0,,0,0,,200,290,0.5,0,,,3756,,,,,,,46184547,,,,,,4,,,Size,200x290,,1,,,,,,,,,,,,,,,,,,,,,,,,,,,,,,,,,,,,,200x290,,,,,,,,,,,,,,,,,,,,,,,,J9X6F-200-290,,,,,,,,,,,,,,,,,,,
29799,variation,59985454,,D-sign Rug 1K0238 Sand/Blue - 80x150,1,0,visible,,D-sign Rug 1K0238 Sand/Blue 80x150cm,,,taxable,parent,1,13,,0,0,,80,150,0.5,0,,,1196,,,,,,,46184548,,,,,,1,,,Size,80x150,,1,,,,,,,,,,,,,,,,,,,,,,,,,,,,,,,,,,,,,80x150,,,,,,,,,,,,,,,,,,,,,,,,2GB1D-80-150,,,,,,,,,,,,,,,,,,,
29800,variation,59985469,,D-sign Rug 1K0238 Sand/Blue - 120x180,1,0,visible,,D-sign Rug 1K0238 Sand/Blue 120x180cm,,,taxable,parent,0,0,,0,0,,120,180,0.5,0,,,1756,,,,,,,46184548,,,,,,2,,,Size,120x180,,1,,,,,,,,,,,,,,,,,,,,,,,,,,,,,,,,,,,,,120x180,,,,,,,,,,,,,,,,,,,,,,,,2GB1D-120-180,,,,,,,,,,,,,,,,,,,
29801,variation,59985472,,D-sign Rug 1K0238 Sand/Blue - 160x230,1,0,visible,,D-sign Rug 1K0238 Sand/Blue 160x230cm,,,taxable,parent,1,2,,0,0,,160,230,0.5,0,,,2556,,,,,,,46184548,,,,,,3,,,Size,160x230,,1,,,,,,,,,,,,,,,,,,,,,,,,,,,,,,,,,,,,,160x230,,,,,,,,,,,,,,,,,,,,,,,,2GB1D-160-230,,,,,,,,,,,,,,,,,,,
29802,variation,59985473,,D-sign Rug 1K0238 Sand/Blue - 200x290,1,0,visible,,D-sign Rug 1K0238 Sand/Blue 200x290cm,,,taxable,parent,0,0,,0,0,,200,290,0.5,0,,,3756,,,,,,,46184548,,,,,,4,,,Size,200x290,,1,,,,,,,,,,,,,,,,,,,,,,,,,,,,,,,,,,,,,200x290,,,,,,,,,,,,,,,,,,,,,,,,2GB1D-200-290,,,,,,,,,,,,,,,,,,,
29808,variation,59985455,,D-sign Rug 1K0239 Blue/Beige - 80x150,1,0,visible,,D-sign Rug 1K0239 Blue/Beige 80x150cm,,,taxable,parent,1,86,,0,0,,80,150,1,0,,,2076,,,,,,,46184549,,,,,,1,,,Size,80x150,,1,,,,,,,,,,,,,,,,,,,,,,,,,,,,,,,,,,,,,80x150,,,,,,,,,,,,,,,,,,,,,,,,HPVDU-80-150,,,,,,,,,,,,,,,,,,,
29809,variation,59985471,,D-sign Rug 1K0239 Blue/Beige - 120x170,1,0,visible,,D-sign Rug 1K0239 Blue/Beige 120x170cm,,,taxable,parent,1,65,,0,0,,120,170,1,0,,,3116,,,,,,,46184549,,,,,,2,,,Size,120x170,,1,,,,,,,,,,,,,,,,,,,,,,,,,,,,,,,,,,,,,120x170,,,,,,,,,,,,,,,,,,,,,,,,HPVDU-120-170,,,,,,,,,,,,,,,,,,,
29810,variation,59985462,,D-sign Rug 1K0239 Blue/Beige - 160x230,1,0,visible,,D-sign Rug 1K0239 Blue/Beige 160x230cm,,,taxable,parent,1,49,,0,0,,160,230,1,0,,,5196,,,,,,,46184549,,,,,,3,,,Size,160x230,,1,,,,,,,,,,,,,,,,,,,,,,,,,,,,,,,,,,,,,160x230,,,,,,,,,,,,,,,,,,,,,,,,HPVDU-160-230,,,,,,,,,,,,,,,,,,,
29811,variation,59985466,,D-sign Rug 1K0239 Blue/Beige - 200x290,1,0,visible,,D-sign Rug 1K0239 Blue/Beige 200x290cm,,,taxable,parent,1,43,,0,0,,200,290,1,0,,,7916,,,,,,,46184549,,,,,,4,,,Size,200x290,,1,,,,,,,,,,,,,,,,,,,,,,,,,,,,,,,,,,,,,200x290,,,,,,,,,,,,,,,,,,,,,,,,HPVDU-200-290,,,,,,,,,,,,,,,,,,,
29812,variation,59985467,,D-sign Rug 1K0239 Blue/Beige - 240x320,1,0,visible,,D-sign Rug 1K0239 Blue/Beige 240x320cm,,,taxable,parent,1,30,,0,0,,240,320,1,0,,,10316,,,,,,,46184549,,,,,,5,,,Size,240x320,,1,,,,,,,,,,,,,,,,,,,,,,,,,,,,,,,,,,,,,240x320,,,,,,,,,,,,,,,,,,,,,,,,HPVDU-240-320,,,,,,,,,,,,,,,,,,,
29828,variation,59985465,,D-sign Rug 1K0240 Beige/Creme - 80x150,1,0,visible,,D-sign Rug 1K0240 Beige/Creme 80x150cm,,,taxable,parent,1,54,,0,0,,80,150,1,0,,,2076,,,,,,,46184551,,,,,,1,,,Size,80x150,,1,,,,,,,,,,,,,,,,,,,,,,,,,,,,,,,,,,,,,80x150,,,,,,,,,,,,,,,,,,,,,,,,B5IDZ-80-150,,,,,,,,,,,,,,,,,,,
29829,variation,59985468,,D-sign Rug 1K0240 Beige/Creme - 120x170,1,0,visible,,D-sign Rug 1K0240 Beige/Creme 120x170cm,,,taxable,parent,1,52,,0,0,,120,170,1,0,,,3116,,,,,,,46184551,,,,,,2,,,Size,120x170,,1,,,,,,,,,,,,,,,,,,,,,,,,,,,,,,,,,,,,,120x170,,,,,,,,,,,,,,,,,,,,,,,,B5IDZ-120-170,,,,,,,,,,,,,,,,,,,
29830,variation,59985481,,D-sign Rug 1K0240 Beige/Creme - 160x230,1,0,visible,,D-sign Rug 1K0240 Beige/Creme 160x230cm,,,taxable,parent,1,42,,0,0,,160,230,1,0,,,5196,,,,,,,46184551,,,,,,3,,,Size,160x230,,1,,,,,,,,,,,,,,,,,,,,,,,,,,,,,,,,,,,,,160x230,,,,,,,,,,,,,,,,,,,,,,,,B5IDZ-160-230,,,,,,,,,,,,,,,,,,,
29831,variation,59985484,,D-sign Rug 1K0240 Beige/Creme - 200x290,1,0,visible,,D-sign Rug 1K0240 Beige/Creme 200x290cm,,,taxable,parent,1,42,,0,0,,200,290,1,0,,,7916,,,,,,,46184551,,,,,,4,,,Size,200x290,,1,,,,,,,,,,,,,,,,,,,,,,,,,,,,,,,,,,,,,200x290,,,,,,,,,,,,,,,,,,,,,,,,B5IDZ-200-290,,,,,,,,,,,,,,,,,,,
29832,variation,59985478,,D-sign Rug 1K0240 Beige/Creme - 240x320,1,0,visible,,D-sign Rug 1K0240 Beige/Creme 240x320cm,,,taxable,parent,1,11,,0,0,,240,320,1,0,,,10316,,,,,,,46184551,,,,,,5,,,Size,240x320,,1,,,,,,,,,,,,,,,,,,,,,,,,,,,,,,,,,,,,,240x320,,,,,,,,,,,,,,,,,,,,,,,,B5IDZ-240-320,,,,,,,,,,,,,,,,,,,
29918,variable,46184565,,D-sign Rug 1K0255 Brown,1,0,visible,D-sign Rug 1K0255 Brown ,D-sign Rug 1K0255 Brown ,,,taxable,,1,,,0,0,,,,,1,,,,"Rooms > Bedroom, Rooms > Living room, Rugs > Modern, Rugs, Rugs > Shaggy",,,"https://rugshop.eu/wp-content/uploads/2021/09/d-sign-rug-1k0255-brown-scaled.jpg, https://rugshop.eu/wp-content/uploads/2021/09/d-sign-rug-1k0255-brown-1-scaled.jpg, https://rugshop.eu/wp-content/uploads/2021/09/d-sign-rug-1k0255-brown-2-scaled.jpg",,,,,,,,,2041,,,Size,"120x170, 160x230, 200x290, 80x150",1,1,Brand,D-sign,1,1,Color,Yellow-Brown,1,1,Type of color,Singlecolor,1,1,Shape,Rectangular,1,1,Material,Wool,1,1,Type of rug,"Modern, Rya / Shaggy",1,1,Weave,Handmade,1,1,Country,India,1,1,Age,New,1,1,,,,,,,,,,,,,,yes,yes,,,,,,,,,,,,,,,,,,,,,,,,,,,,,
29938,variable,46184567,,D-sign Rug 1K0258 Taupe,1,0,visible,D-sign Rug 1K0258 Taupe ,D-sign Rug 1K0258 Taupe ,,,taxable,,1,,,0,0,,,,,1,,,,"Rooms > Bedroom, Rooms > Living room, Rugs > Modern, Rugs, Rugs > Shaggy",,,"https://rugshop.eu/wp-content/uploads/2021/09/d-sign-rug-1k0258-taupe-scaled.jpg, https://rugshop.eu/wp-content/uploads/2021/09/d-sign-rug-1k0258-taupe-1-scaled.jpg, https://rugshop.eu/wp-content/uploads/2021/09/d-sign-rug-1k0258-taupe-2-scaled.jpg",,,,,,,,,2044,,,Size,"120x170, 160x230, 200x290, 80x150",1,1,Brand,D-sign,1,1,Color,Yellow-Brown,1,1,Type of color,Singlecolor,1,1,Shape,Rectangular,1,1,Material,Wool,1,1,Type of rug,"Modern, Rya / Shaggy",1,1,Weave,Handmade,1,1,Country,India,1,1,Age,New,1,1,,,,,,,,,,,,,,yes,yes,,,,,,,,,,,,,,,,,,,,,,,,,,,,,
29948,variable,46184568,,D-sign Rug 1K0259 Black/Creme,1,0,visible,D-sign Rug 1K0259 Black/Creme ,D-sign Rug 1K0259 Black/Creme ,,,taxable,,1,,,0,0,,,,,1,,,,"Rooms > Bedroom, Rooms > Kitchen, Rooms > Living room, Rugs > Modern, Rugs",,,"https://rugshop.eu/wp-content/uploads/2021/09/d-sign-rug-1k0259-black-creme-scaled.jpg, https://rugshop.eu/wp-content/uploads/2021/09/d-sign-rug-1k0259-black-creme-1-scaled.jpg, https://rugshop.eu/wp-content/uploads/2021/09/d-sign-rug-1k0259-black-creme-2-scaled.jpg, https://rugshop.eu/wp-content/uploads/2021/09/d-sign-rug-1k0259-black-creme-3-scaled.jpg",,,,,,,,,2045,,,Size,"120x170, 160x230, 200x290, 80x150",1,1,Brand,D-sign,1,1,Color,Black-Grey,1,1,Type of color,Multicolor,1,1,Shape,Rectangular,1,1,Material,Polyester,1,1,Type of rug,Modern,1,1,Weave,Machinemade,1,1,Country,China,1,1,Age,New,1,1,,,,,,,,,,,,,,yes,yes,,,,,,,,,,,,,,,,,,,,,,,,,,,,,
29958,variable,46184569,,D-sign Rug 1K0257 Grey,1,0,visible,D-sign Rug 1K0257 Grey ,D-sign Rug 1K0257 Grey ,,,taxable,,1,,,0,0,,,,,1,,,,"Rooms > Bedroom, Rooms > Living room, Rugs > Modern, Rugs, Rugs > Shaggy",,,"https://rugshop.eu/wp-content/uploads/2021/09/d-sign-rug-1k0257-grey-scaled.jpg, https://rugshop.eu/wp-content/uploads/2021/09/d-sign-rug-1k0257-grey-1-scaled.jpg, https://rugshop.eu/wp-content/uploads/2021/09/d-sign-rug-1k0257-grey-2-scaled.jpg",,,,,,,,,2043,,,Size,"120x170, 160x230, 200x290, 80x150",1,1,Brand,D-sign,1,1,Color,Black-Grey,1,1,Type of color,Singlecolor,1,1,Shape,Rectangular,1,1,Material,Wool,1,1,Type of rug,"Modern, Rya / Shaggy",1,1,Weave,Handmade,1,1,Country,India,1,1,Age,New,1,1,,,,,,,,,,,,,,yes,yes,,,,,,,,,,,,,,,,,,,,,,,,,,,,,
29967,variable,46184570,,D-sign Rug 1K0261 Black/White,1,0,visible,D-sign Rug 1K0261 Black/White ,D-sign Rug 1K0261 Black/White ,,,taxable,,1,,,0,0,,,,,1,,,,"Rooms > Bedroom, Rooms > Kitchen, Rooms > Living room, Rugs > Modern, Rugs",,,"https://rugshop.eu/wp-content/uploads/2021/09/d-sign-rug-1k0261-black-white-scaled.jpg, https://rugshop.eu/wp-content/uploads/2021/09/d-sign-rug-1k0261-black-white-1-scaled.jpg, https://rugshop.eu/wp-content/uploads/2021/09/d-sign-rug-1k0261-black-white-2-scaled.jpg, https://rugshop.eu/wp-content/uploads/2021/09/d-sign-rug-1k0261-black-white-3-scaled.jpg",,,,,,,,,2047,,,Size,"120x170, 160x230, 200x290, 80x150",1,1,Brand,D-sign,1,1,Color,"Black-Grey, White-Beige",1,1,Type of color,Multicolor,1,1,Shape,Rectangular,1,1,Material,Polyester,1,1,Type of rug,Modern,1,1,Weave,Machinemade,1,1,Country,China,1,1,Age,New,1,1,,,,,,,,,,,,,,yes,yes,,,,,,,,,,,,,,,,,,,,,,,,,,,,,
29968,variation,59985528,,D-sign Rug 1K0255 Brown - 80x150,1,0,visible,,D-sign Rug 1K0255 Brown 80x150cm,,,taxable,parent,1,27,,0,0,,80,150,2,0,,1478,2956,,,,,,,46184565,,,,,,1,,,Size,80x150,,1,,,,,,,,,,,,,,,,,,,,,,,,,,,,,,,,,,,,,80x150,,,,,,,,,,,,,,,,,,,,,,,,15QTW-80-150,,,,,,,,,,,,,,,,,,,
29969,variation,59985533,,D-sign Rug 1K0255 Brown - 120x170,1,0,visible,,D-sign Rug 1K0255 Brown 120x170cm,,,taxable,parent,1,34,,0,0,,120,170,2,0,,2318,4636,,,,,,,46184565,,,,,,2,,,Size,120x170,,1,,,,,,,,,,,,,,,,,,,,,,,,,,,,,,,,,,,,,120x170,,,,,,,,,,,,,,,,,,,,,,,,15QTW-120-170,,,,,,,,,,,,,,,,,,,
29970,variation,59985553,,D-sign Rug 1K0255 Brown - 160x230,1,0,visible,,D-sign Rug 1K0255 Brown 160x230cm,,,taxable,parent,1,25,,0,0,,160,230,2,0,,3998,7996,,,,,,,46184565,,,,,,3,,,Size,160x230,,1,,,,,,,,,,,,,,,,,,,,,,,,,,,,,,,,,,,,,160x230,,,,,,,,,,,,,,,,,,,,,,,,15QTW-160-230,,,,,,,,,,,,,,,,,,,
29971,variation,59985531,,D-sign Rug 1K0255 Brown - 200x290,1,0,visible,,D-sign Rug 1K0255 Brown 200x290cm,,,taxable,parent,1,10,,0,0,,200,290,2,0,,6118,12236,,,,,,,46184565,,,,,,4,,,Size,200x290,,1,,,,,,,,,,,,,,,,,,,,,,,,,,,,,,,,,,,,,200x290,,,,,,,,,,,,,,,,,,,,,,,,15QTW-200-290,,,,,,,,,,,,,,,,,,,
29985,variable,46184572,,D-sign Rug 1K0263 Black/Grey,1,0,visible,D-sign Rug 1K0263 Black/Grey ,D-sign Rug 1K0263 Black/Grey ,,,taxable,,1,,,0,0,,,,,1,,,,"Rooms > Bedroom, Rooms > Kitchen, Rooms > Living room, Rugs > Modern, Rugs",,,"https://rugshop.eu/wp-content/uploads/2021/09/d-sign-rug-1k0263-black-grey-scaled.jpg, https://rugshop.eu/wp-content/uploads/2021/09/d-sign-rug-1k0263-black-grey-1-scaled.jpg, https://rugshop.eu/wp-content/uploads/2021/09/d-sign-rug-1k0263-black-grey-2-scaled.jpg, https://rugshop.eu/wp-content/uploads/2021/09/d-sign-rug-1k0263-black-grey-3-scaled.jpg",,,,,,,,,2049,,,Size,"120x170, 160x230, 200x290, 80x150",1,1,Brand,D-sign,1,1,Color,Black-Grey,1,1,Type of color,Multicolor,1,1,Shape,Rectangular,1,1,Material,Polyester,1,1,Type of rug,Modern,1,1,Weave,Machinemade,1,1,Country,China,1,1,Age,New,1,1,,,,,,,,,,,,,,yes,yes,,,,,,,,,,,,,,,,,,,,,,,,,,,,,
29986,variation,59985541,,D-sign Rug 1K0258 Taupe - 80x150,1,0,visible,,D-sign Rug 1K0258 Taupe 80x150cm,,,taxable,parent,1,8,,0,0,,80,150,2,0,,1478,2956,,,,,,,46184567,,,,,,1,,,Size,80x150,,1,,,,,,,,,,,,,,,,,,,,,,,,,,,,,,,,,,,,,80x150,,,,,,,,,,,,,,,,,,,,,,,,6Z48A-80-150,,,,,,,,,,,,,,,,,,,
29987,variation,59985559,,D-sign Rug 1K0258 Taupe - 120x170,1,0,visible,,D-sign Rug 1K0258 Taupe 120x170cm,,,taxable,parent,0,0,,0,0,,120,170,2,0,,2318,4636,,,,,,,46184567,,,,,,2,,,Size,120x170,,1,,,,,,,,,,,,,,,,,,,,,,,,,,,,,,,,,,,,,120x170,,,,,,,,,,,,,,,,,,,,,,,,6Z48A-120-170,,,,,,,,,,,,,,,,,,,
29988,variation,59985550,,D-sign Rug 1K0258 Taupe - 160x230,1,0,visible,,D-sign Rug 1K0258 Taupe 160x230cm,,,taxable,parent,0,0,,0,0,,160,230,2,0,,3998,7996,,,,,,,46184567,,,,,,3,,,Size,160x230,,1,,,,,,,,,,,,,,,,,,,,,,,,,,,,,,,,,,,,,160x230,,,,,,,,,,,,,,,,,,,,,,,,6Z48A-160-230,,,,,,,,,,,,,,,,,,,
29989,variation,59985565,,D-sign Rug 1K0258 Taupe - 200x290,1,0,visible,,D-sign Rug 1K0258 Taupe 200x290cm,,,taxable,parent,0,0,,0,0,,200,290,2,0,,6118,12236,,,,,,,46184567,,,,,,4,,,Size,200x290,,1,,,,,,,,,,,,,,,,,,,,,,,,,,,,,,,,,,,,,200x290,,,,,,,,,,,,,,,,,,,,,,,,6Z48A-200-290,,,,,,,,,,,,,,,,,,,
29995,variable,46184573,,D-sign Rug 1K0262 Taupe,1,0,visible,D-sign Rug 1K0262 Taupe ,D-sign Rug 1K0262 Taupe ,,,taxable,,1,,,0,0,,,,,1,,,,"Rooms > Bedroom, Rooms > Kitchen, Rooms > Living room, Rugs > Modern, Rugs",,,"https://rugshop.eu/wp-content/uploads/2021/09/d-sign-rug-1k0262-taupe-scaled.jpg, https://rugshop.eu/wp-content/uploads/2021/09/d-sign-rug-1k0262-taupe-1-scaled.jpg, https://rugshop.eu/wp-content/uploads/2021/09/d-sign-rug-1k0262-taupe-2-scaled.jpg, https://rugshop.eu/wp-content/uploads/2021/09/d-sign-rug-1k0262-taupe-3-scaled.jpg",,,,,,,,,2048,,,Size,"120x170, 160x230, 200x290, 80x150",1,1,Brand,D-sign,1,1,Color,"Black-Grey, White-Beige",1,1,Type of color,Multicolor,1,1,Shape,Rectangular,1,1,Material,Polyester,1,1,Type of rug,Modern,1,1,Weave,Machinemade,1,1,Country,China,1,1,Age,New,1,1,,,,,,,,,,,,,,yes,yes,,,,,,,,,,,,,,,,,,,,,,,,,,,,,
29996,variation,59985542,,D-sign Rug 1K0259 Black/Creme - 80x150,1,0,visible,,D-sign Rug 1K0259 Black/Creme 80x150cm,,,taxable,parent,1,2,,0,0,,80,150,0.6,0,,,796,,,,,,,46184568,,,,,,1,,,Size,80x150,,1,,,,,,,,,,,,,,,,,,,,,,,,,,,,,,,,,,,,,80x150,,,,,,,,,,,,,,,,,,,,,,,,ABHJL-80-150,,,,,,,,,,,,,,,,,,,
29997,variation,59985556,,D-sign Rug 1K0259 Black/Creme - 120x170,1,0,visible,,D-sign Rug 1K0259 Black/Creme 120x170cm,,,taxable,parent,0,0,,0,0,,120,170,0.6,0,,,956,,,,,,,46184568,,,,,,2,,,Size,120x170,,1,,,,,,,,,,,,,,,,,,,,,,,,,,,,,,,,,,,,,120x170,,,,,,,,,,,,,,,,,,,,,,,,ABHJL-120-170,,,,,,,,,,,,,,,,,,,
29998,variation,59985551,,D-sign Rug 1K0259 Black/Creme - 160x230,1,0,visible,,D-sign Rug 1K0259 Black/Creme 160x230cm,,,taxable,parent,0,0,,0,0,,160,230,0.6,0,,,1356,,,,,,,46184568,,,,,,3,,,Size,160x230,,1,,,,,,,,,,,,,,,,,,,,,,,,,,,,,,,,,,,,,160x230,,,,,,,,,,,,,,,,,,,,,,,,ABHJL-160-230,,,,,,,,,,,,,,,,,,,
29999,variation,59985558,,D-sign Rug 1K0259 Black/Creme - 200x290,1,0,visible,,D-sign Rug 1K0259 Black/Creme 200x290cm,,,taxable,parent,0,0,,0,0,,200,290,0.6,0,,,1756,,,,,,,46184568,,,,,,4,,,Size,200x290,,1,,,,,,,,,,,,,,,,,,,,,,,,,,,,,,,,,,,,,200x290,,,,,,,,,,,,,,,,,,,,,,,,ABHJL-200-290,,,,,,,,,,,,,,,,,,,
30004,variable,46184574,,D-sign Rug 1K0264 Taupe/Creme,1,0,visible,D-sign Rug 1K0264 Taupe/Creme ,D-sign Rug 1K0264 Taupe/Creme ,,,taxable,,1,,,0,0,,,,,1,,,,"Rooms > Bedroom, Rooms > Kitchen, Rooms > Living room, Rugs > Modern, Rugs",,,"https://rugshop.eu/wp-content/uploads/2021/09/d-sign-rug-1k0264-taupe-creme-scaled.jpg, https://rugshop.eu/wp-content/uploads/2021/09/d-sign-rug-1k0264-taupe-creme-1-scaled.jpg",,,,,,,,,2050,,,Size,"120x170, 160x230, 200x290, 80x150",1,1,Brand,D-sign,1,1,Color,"Black-Grey, White-Beige",1,1,Type of color,Multicolor,1,1,Shape,Rectangular,1,1,Material,Polyester,1,1,Type of rug,Modern,1,1,Weave,Machinemade,1,1,Country,China,1,1,Age,New,1,1,,,,,,,,,,,,,,yes,yes,,,,,,,,,,,,,,,,,,,,,,,,,,,,,
30005,variation,59985543,,D-sign Rug 1K0257 Grey - 80x150,1,0,visible,,D-sign Rug 1K0257 Grey 80x150cm,,,taxable,parent,1,6,,0,0,,80,150,2,0,,1478,2956,,,,,,,46184569,,,,,,1,,,Size,80x150,,1,,,,,,,,,,,,,,,,,,,,,,,,,,,,,,,,,,,,,80x150,,,,,,,,,,,,,,,,,,,,,,,,A419C-80-150,,,,,,,,,,,,,,,,,,,
30006,variation,59985554,,D-sign Rug 1K0257 Grey - 120x170,1,0,visible,,D-sign Rug 1K0257 Grey 120x170cm,,,taxable,parent,1,9,,0,0,,120,170,2,0,,2318,4636,,,,,,,46184569,,,,,,2,,,Size,120x170,,1,,,,,,,,,,,,,,,,,,,,,,,,,,,,,,,,,,,,,120x170,,,,,,,,,,,,,,,,,,,,,,,,A419C-120-170,,,,,,,,,,,,,,,,,,,
30007,variation,59985557,,D-sign Rug 1K0257 Grey - 160x230,1,0,visible,,D-sign Rug 1K0257 Grey 160x230cm,,,taxable,parent,1,21,,0,0,,160,230,2,0,,3998,7996,,,,,,,46184569,,,,,,3,,,Size,160x230,,1,,,,,,,,,,,,,,,,,,,,,,,,,,,,,,,,,,,,,160x230,,,,,,,,,,,,,,,,,,,,,,,,A419C-160-230,,,,,,,,,,,,,,,,,,,
30008,variation,59985555,,D-sign Rug 1K0257 Grey - 200x290,1,0,visible,,D-sign Rug 1K0257 Grey 200x290cm,,,taxable,parent,1,6,,0,0,,200,290,2,0,,6118,12236,,,,,,,46184569,,,,,,4,,,Size,200x290,,1,,,,,,,,,,,,,,,,,,,,,,,,,,,,,,,,,,,,,200x290,,,,,,,,,,,,,,,,,,,,,,,,A419C-200-290,,,,,,,,,,,,,,,,,,,
30014,variable,46184575,,D-sign Rug 1K0266 Taupe,1,0,visible,D-sign Rug 1K0266 Taupe ,D-sign Rug 1K0266 Taupe ,,,taxable,,1,,,0,0,,,,,1,,,,"Rooms > Bedroom, Rooms > Kitchen, Rooms > Living room, Rugs > Modern, Rugs",,,"https://rugshop.eu/wp-content/uploads/2021/09/d-sign-rug-1k0266-taupe-scaled.jpg, https://rugshop.eu/wp-content/uploads/2021/09/d-sign-rug-1k0266-taupe-1-scaled.jpg, https://rugshop.eu/wp-content/uploads/2021/09/d-sign-rug-1k0266-taupe-2-scaled.jpg, https://rugshop.eu/wp-content/uploads/2021/09/d-sign-rug-1k0266-taupe-3-scaled.jpg",,,,,,,,,2052,,,Size,"120x170, 160x230, 200x290, 80x150",1,1,Brand,D-sign,1,1,Color,Black-Grey,1,1,Type of color,Multicolor,1,1,Shape,Rectangular,1,1,Material,Polyester,1,1,Type of rug,Modern,1,1,Weave,Machinemade,1,1,Country,China,1,1,Age,New,1,1,,,,,,,,,,,,,,yes,yes,,,,,,,,,,,,,,,,,,,,,,,,,,,,,
30015,variation,59985547,,D-sign Rug 1K0261 Black/White - 80x150,1,0,visible,,D-sign Rug 1K0261 Black/White 80x150cm,,,taxable,parent,1,3,,0,0,,80,150,0.6,0,,,796,,,,,,,46184570,,,,,,1,,,Size,80x150,,1,,,,,,,,,,,,,,,,,,,,,,,,,,,,,,,,,,,,,80x150,,,,,,,,,,,,,,,,,,,,,,,,CGG5W-80-150,,,,,,,,,,,,,,,,,,,
30016,variation,59985570,,D-sign Rug 1K0261 Black/White - 120x170,1,0,visible,,D-sign Rug 1K0261 Black/White 120x170cm,,,taxable,parent,0,0,,0,0,,120,170,0.6,0,,,956,,,,,,,46184570,,,,,,2,,,Size,120x170,,1,,,,,,,,,,,,,,,,,,,,,,,,,,,,,,,,,,,,,120x170,,,,,,,,,,,,,,,,,,,,,,,,CGG5W-120-170,,,,,,,,,,,,,,,,,,,
30017,variation,59985572,,D-sign Rug 1K0261 Black/White - 160x230,1,0,visible,,D-sign Rug 1K0261 Black/White 160x230cm,,,taxable,parent,1,2,,0,0,,160,230,0.6,0,,,1356,,,,,,,46184570,,,,,,3,,,Size,160x230,,1,,,,,,,,,,,,,,,,,,,,,,,,,,,,,,,,,,,,,160x230,,,,,,,,,,,,,,,,,,,,,,,,CGG5W-160-230,,,,,,,,,,,,,,,,,,,
30018,variation,59985568,,D-sign Rug 1K0261 Black/White - 200x290,1,0,visible,,D-sign Rug 1K0261 Black/White 200x290cm,,,taxable,parent,0,0,,0,0,,200,290,0.6,0,,,1756,,,,,,,46184570,,,,,,4,,,Size,200x290,,1,,,,,,,,,,,,,,,,,,,,,,,,,,,,,,,,,,,,,200x290,,,,,,,,,,,,,,,,,,,,,,,,CGG5W-200-290,,,,,,,,,,,,,,,,,,,
30035,variation,59985561,,D-sign Rug 1K0263 Black/Grey - 80x150,1,0,visible,,D-sign Rug 1K0263 Black/Grey 80x150cm,,,taxable,parent,1,4,,0,0,,80,150,0.6,0,,,796,,,,,,,46184572,,,,,,1,,,Size,80x150,,1,,,,,,,,,,,,,,,,,,,,,,,,,,,,,,,,,,,,,80x150,,,,,,,,,,,,,,,,,,,,,,,,GQYQG-80-150,,,,,,,,,,,,,,,,,,,
30036,variation,59985585,,D-sign Rug 1K0263 Black/Grey - 120x170,1,0,visible,,D-sign Rug 1K0263 Black/Grey 120x170cm,,,taxable,parent,0,0,,0,0,,120,170,0.6,0,,,956,,,,,,,46184572,,,,,,2,,,Size,120x170,,1,,,,,,,,,,,,,,,,,,,,,,,,,,,,,,,,,,,,,120x170,,,,,,,,,,,,,,,,,,,,,,,,GQYQG-120-170,,,,,,,,,,,,,,,,,,,
30037,variation,59985586,,D-sign Rug 1K0263 Black/Grey - 160x230,1,0,visible,,D-sign Rug 1K0263 Black/Grey 160x230cm,,,taxable,parent,1,2,,0,0,,160,230,0.6,0,,,1356,,,,,,,46184572,,,,,,3,,,Size,160x230,,1,,,,,,,,,,,,,,,,,,,,,,,,,,,,,,,,,,,,,160x230,,,,,,,,,,,,,,,,,,,,,,,,GQYQG-160-230,,,,,,,,,,,,,,,,,,,
30038,variation,59985593,,D-sign Rug 1K0263 Black/Grey - 200x290,1,0,visible,,D-sign Rug 1K0263 Black/Grey 200x290cm,,,taxable,parent,0,0,,0,0,,200,290,0.6,0,,,1756,,,,,,,46184572,,,,,,4,,,Size,200x290,,1,,,,,,,,,,,,,,,,,,,,,,,,,,,,,,,,,,,,,200x290,,,,,,,,,,,,,,,,,,,,,,,,GQYQG-200-290,,,,,,,,,,,,,,,,,,,
30045,variation,59985562,,D-sign Rug 1K0262 Taupe - 80x150,1,0,visible,,D-sign Rug 1K0262 Taupe 80x150cm,,,taxable,parent,1,2,,0,0,,80,150,0.6,0,,,796,,,,,,,46184573,,,,,,1,,,Size,80x150,,1,,,,,,,,,,,,,,,,,,,,,,,,,,,,,,,,,,,,,80x150,,,,,,,,,,,,,,,,,,,,,,,,OE7ML-80-150,,,,,,,,,,,,,,,,,,,
30046,variation,59985573,,D-sign Rug 1K0262 Taupe - 120x170,1,0,visible,,D-sign Rug 1K0262 Taupe 120x170cm,,,taxable,parent,0,0,,0,0,,120,170,0.6,0,,,956,,,,,,,46184573,,,,,,2,,,Size,120x170,,1,,,,,,,,,,,,,,,,,,,,,,,,,,,,,,,,,,,,,120x170,,,,,,,,,,,,,,,,,,,,,,,,OE7ML-120-170,,,,,,,,,,,,,,,,,,,
30047,variation,59985567,,D-sign Rug 1K0262 Taupe - 160x230,1,0,visible,,D-sign Rug 1K0262 Taupe 160x230cm,,,taxable,parent,1,2,,0,0,,160,230,0.6,0,,,1356,,,,,,,46184573,,,,,,3,,,Size,160x230,,1,,,,,,,,,,,,,,,,,,,,,,,,,,,,,,,,,,,,,160x230,,,,,,,,,,,,,,,,,,,,,,,,OE7ML-160-230,,,,,,,,,,,,,,,,,,,
30048,variation,59985571,,D-sign Rug 1K0262 Taupe - 200x290,1,0,visible,,D-sign Rug 1K0262 Taupe 200x290cm,,,taxable,parent,0,0,,0,0,,200,290,0.6,0,,,1756,,,,,,,46184573,,,,,,4,,,Size,200x290,,1,,,,,,,,,,,,,,,,,,,,,,,,,,,,,,,,,,,,,200x290,,,,,,,,,,,,,,,,,,,,,,,,OE7ML-200-290,,,,,,,,,,,,,,,,,,,
30053,variation,59985563,,D-sign Rug 1K0264 Taupe/Creme - 80x150,1,0,visible,,D-sign Rug 1K0264 Taupe/Creme 80x150cm,,,taxable,parent,1,4,,0,0,,80,150,0.6,0,,,796,,,,,,,46184574,,,,,,1,,,Size,80x150,,1,,,,,,,,,,,,,,,,,,,,,,,,,,,,,,,,,,,,,80x150,,,,,,,,,,,,,,,,,,,,,,,,YCTDA-80-150,,,,,,,,,,,,,,,,,,,
30054,variation,59985591,,D-sign Rug 1K0264 Taupe/Creme - 120x170,1,0,visible,,D-sign Rug 1K0264 Taupe/Creme 120x170cm,,,taxable,parent,0,0,,0,0,,120,170,0.6,0,,,956,,,,,,,46184574,,,,,,2,,,Size,120x170,,1,,,,,,,,,,,,,,,,,,,,,,,,,,,,,,,,,,,,,120x170,,,,,,,,,,,,,,,,,,,,,,,,YCTDA-120-170,,,,,,,,,,,,,,,,,,,
30055,variation,59985587,,D-sign Rug 1K0264 Taupe/Creme - 160x230,1,0,visible,,D-sign Rug 1K0264 Taupe/Creme 160x230cm,,,taxable,parent,0,0,,0,0,,160,230,0.6,0,,,1356,,,,,,,46184574,,,,,,3,,,Size,160x230,,1,,,,,,,,,,,,,,,,,,,,,,,,,,,,,,,,,,,,,160x230,,,,,,,,,,,,,,,,,,,,,,,,YCTDA-160-230,,,,,,,,,,,,,,,,,,,
30056,variation,59985596,,D-sign Rug 1K0264 Taupe/Creme - 200x290,1,0,visible,,D-sign Rug 1K0264 Taupe/Creme 200x290cm,,,taxable,parent,0,0,,0,0,,200,290,0.6,0,,,1756,,,,,,,46184574,,,,,,4,,,Size,200x290,,1,,,,,,,,,,,,,,,,,,,,,,,,,,,,,,,,,,,,,200x290,,,,,,,,,,,,,,,,,,,,,,,,YCTDA-200-290,,,,,,,,,,,,,,,,,,,
30062,variable,46184580,,D-sign Rug 1K0271 Anthracite,1,0,visible,D-sign Rug 1K0271 Anthracite ,D-sign Rug 1K0271 Anthracite ,,,taxable,,1,,,0,0,,,,,1,,,,"Rooms > Bedroom, Rooms > Living room, Rugs > Modern, Rugs",,,"https://rugshop.eu/wp-content/uploads/2021/09/d-sign-rug-1k0271-anthracite-scaled.jpg, https://rugshop.eu/wp-content/uploads/2021/09/d-sign-rug-1k0271-anthracite-1-scaled.jpg, https://rugshop.eu/wp-content/uploads/2021/09/d-sign-rug-1k0271-anthracite-2-scaled.jpg, https://rugshop.eu/wp-content/uploads/2021/09/d-sign-rug-1k0271-anthracite-3-scaled.jpg",,,,,,,,,2057,,,Size,"120x170, 160x230, 200x290, 80x150",1,1,Brand,D-sign,1,1,Color,Black-Grey,1,1,Type of color,Multicolor,1,1,Shape,Rectangular,1,1,Material,Viscose,1,1,Type of rug,Modern,1,1,Weave,Handmade,1,1,Country,India,1,1,Age,New,1,1,,,,,,,,,,,,,,yes,yes,,,,,,,,,,,,,,,,,,,,,,,,,,,,,
30063,variation,59985575,,D-sign Rug 1K0266 Taupe - 80x150,1,0,visible,,D-sign Rug 1K0266 Taupe 80x150cm,,,taxable,parent,0,0,,0,0,,80,150,0.6,0,,,796,,,,,,,46184575,,,,,,1,,,Size,80x150,,1,,,,,,,,,,,,,,,,,,,,,,,,,,,,,,,,,,,,,80x150,,,,,,,,,,,,,,,,,,,,,,,,ZU2KX-80-150,,,,,,,,,,,,,,,,,,,
30064,variation,59985592,,D-sign Rug 1K0266 Taupe - 120x170,1,0,visible,,D-sign Rug 1K0266 Taupe 120x170cm,,,taxable,parent,0,0,,0,0,,120,170,0.6,0,,,956,,,,,,,46184575,,,,,,2,,,Size,120x170,,1,,,,,,,,,,,,,,,,,,,,,,,,,,,,,,,,,,,,,120x170,,,,,,,,,,,,,,,,,,,,,,,,ZU2KX-120-170,,,,,,,,,,,,,,,,,,,
30065,variation,59985589,,D-sign Rug 1K0266 Taupe - 160x230,1,0,visible,,D-sign Rug 1K0266 Taupe 160x230cm,,,taxable,parent,1,2,,0,0,,160,230,0.6,0,,,1356,,,,,,,46184575,,,,,,3,,,Size,160x230,,1,,,,,,,,,,,,,,,,,,,,,,,,,,,,,,,,,,,,,160x230,,,,,,,,,,,,,,,,,,,,,,,,ZU2KX-160-230,,,,,,,,,,,,,,,,,,,
30066,variation,59985607,,D-sign Rug 1K0266 Taupe - 200x290,1,0,visible,,D-sign Rug 1K0266 Taupe 200x290cm,,,taxable,parent,0,0,,0,0,,200,290,0.6,0,,,1756,,,,,,,46184575,,,,,,4,,,Size,200x290,,1,,,,,,,,,,,,,,,,,,,,,,,,,,,,,,,,,,,,,200x290,,,,,,,,,,,,,,,,,,,,,,,,ZU2KX-200-290,,,,,,,,,,,,,,,,,,,
30072,variable,46184581,,D-sign Rug 1K0270 Grey/Blue/Gold,1,0,visible,D-sign Rug 1K0270 Grey/Blue/Gold ,D-sign Rug 1K0270 Grey/Blue/Gold ,,,taxable,,1,,,0,0,,,,,1,,,,"Rooms > Bedroom, Rooms > Living room, Rugs > Modern, Rugs",,,"https://rugshop.eu/wp-content/uploads/2021/09/d-sign-rug-1k0270-grey-blue-gold-scaled.jpg, https://rugshop.eu/wp-content/uploads/2021/09/d-sign-rug-1k0270-grey-blue-gold-1-scaled.jpg, https://rugshop.eu/wp-content/uploads/2021/09/d-sign-rug-1k0270-grey-blue-gold-2-scaled.jpg, https://rugshop.eu/wp-content/uploads/2021/09/d-sign-rug-1k0270-grey-blue-gold-3-scaled.jpg",,,,,,,,,2056,,,Size,"120x170, 160x230, 200x290, 80x150",1,1,Brand,D-sign,1,1,Color,"Black-Grey, Yellow-Brown",1,1,Type of color,Multicolor,1,1,Shape,Rectangular,1,1,Material,Viscose,1,1,Type of rug,Modern,1,1,Weave,Handmade,1,1,Country,India,1,1,Age,New,1,1,,,,,,,,,,,,,,yes,yes,,,,,,,,,,,,,,,,,,,,,,,,,,,,,
30082,variable,46184582,,D-sign Rug 1K0272 Multicolor,1,0,visible,D-sign Rug 1K0272 Multicolor ,D-sign Rug 1K0272 Multicolor ,,,taxable,,1,,,0,0,,,,,1,,,,"Rooms > Bedroom, Rooms > Living room, Rugs > Modern, Rugs",,,"https://rugshop.eu/wp-content/uploads/2021/09/d-sign-rug-1k0272-multicolor-scaled.jpg, https://rugshop.eu/wp-content/uploads/2021/09/d-sign-rug-1k0272-multicolor-1-scaled.jpg, https://rugshop.eu/wp-content/uploads/2021/09/d-sign-rug-1k0272-multicolor-2-scaled.jpg, https://rugshop.eu/wp-content/uploads/2021/09/d-sign-rug-1k0272-multicolor-3-scaled.jpg",,,,,,,,,2058,,,Size,"120x170, 160x230, 200x290, 80x150",1,1,Brand,D-sign,1,1,Color,"Green, White-Beige",1,1,Type of color,Multicolor,1,1,Shape,Rectangular,1,1,Material,Viscose,1,1,Type of rug,Modern,1,1,Weave,Handmade,1,1,Country,India,1,1,Age,New,1,1,,,,,,,,,,,,,,yes,yes,,,,,,,,,,,,,,,,,,,,,,,,,,,,,
30113,variation,59985595,,D-sign Rug 1K0271 Anthracite - 80x150,1,0,visible,,D-sign Rug 1K0271 Anthracite 80x150cm,,,taxable,parent,1,36,,0,0,,80,150,1.1,0,,,1996,,,,,,,46184580,,,,,,1,,,Size,80x150,,1,,,,,,,,,,,,,,,,,,,,,,,,,,,,,,,,,,,,,80x150,,,,,,,,,,,,,,,,,,,,,,,,ZJX8U-80-150,,,,,,,,,,,,,,,,,,,
30114,variation,59985620,,D-sign Rug 1K0271 Anthracite - 120x170,1,0,visible,,D-sign Rug 1K0271 Anthracite 120x170cm,,,taxable,parent,1,25,,0,0,,120,170,1.1,0,,,3036,,,,,,,46184580,,,,,,2,,,Size,120x170,,1,,,,,,,,,,,,,,,,,,,,,,,,,,,,,,,,,,,,,120x170,,,,,,,,,,,,,,,,,,,,,,,,ZJX8U-120-170,,,,,,,,,,,,,,,,,,,
30115,variation,59985624,,D-sign Rug 1K0271 Anthracite - 160x230,1,0,visible,,D-sign Rug 1K0271 Anthracite 160x230cm,,,taxable,parent,1,29,,0,0,,160,230,1.1,0,,,5036,,,,,,,46184580,,,,,,3,,,Size,160x230,,1,,,,,,,,,,,,,,,,,,,,,,,,,,,,,,,,,,,,,160x230,,,,,,,,,,,,,,,,,,,,,,,,ZJX8U-160-230,,,,,,,,,,,,,,,,,,,
30116,variation,59985623,,D-sign Rug 1K0271 Anthracite - 200x290,1,0,visible,,D-sign Rug 1K0271 Anthracite 200x290cm,,,taxable,parent,0,0,,0,0,,200,290,1.1,0,,,7676,,,,,,,46184580,,,,,,4,,,Size,200x290,,1,,,,,,,,,,,,,,,,,,,,,,,,,,,,,,,,,,,,,200x290,,,,,,,,,,,,,,,,,,,,,,,,ZJX8U-200-290,,,,,,,,,,,,,,,,,,,
30122,variable,46184586,,D-sign Rug 1K0274 Multicolor/Red,1,0,visible,D-sign Rug 1K0274 Multicolor/Red ,D-sign Rug 1K0274 Multicolor/Red ,,,taxable,,1,,,0,0,,,,,1,,,,"Rooms > Bedroom, Rooms > Kitchen, Rooms > Living room, Rugs > Modern, Rugs > Patchwork, Rugs",,,"https://rugshop.eu/wp-content/uploads/2021/09/d-sign-rug-1k0274-multicolor-red-scaled.jpg, https://rugshop.eu/wp-content/uploads/2021/09/d-sign-rug-1k0274-multicolor-red-1-scaled.jpg, https://rugshop.eu/wp-content/uploads/2021/09/d-sign-rug-1k0274-multicolor-red-2-scaled.jpg, https://rugshop.eu/wp-content/uploads/2021/09/d-sign-rug-1k0274-multicolor-red-3-scaled.jpg",,,,,,,,,2060,,,Size,"120x170, 160x230, 200x290, 240x330, 80x150",1,1,Brand,D-sign,1,1,Color,"Black-Grey, Red",1,1,Type of color,Multicolor,1,1,Shape,Rectangular,1,1,Material,Polyester,1,1,Type of rug,"Modern, Patchwork",1,1,Weave,Handmade,1,1,Country,Turkey,1,1,Age,New,1,1,,,,,,,,,,,,,,yes,yes,,,,,,,,,,,,,,,,,,,,,,,,,,,,,
30123,variation,59985597,,D-sign Rug 1K0270 Grey/Blue/Gold - 80x150,1,0,visible,,D-sign Rug 1K0270 Grey/Blue/Gold 80x150cm,,,taxable,parent,1,6,,0,0,,80,150,1.1,0,,,1996,,,,,,,46184581,,,,,,1,,,Size,80x150,,1,,,,,,,,,,,,,,,,,,,,,,,,,,,,,,,,,,,,,80x150,,,,,,,,,,,,,,,,,,,,,,,,59QHJ-80-150,,,,,,,,,,,,,,,,,,,
30124,variation,59985619,,D-sign Rug 1K0270 Grey/Blue/Gold - 120x170,1,0,visible,,D-sign Rug 1K0270 Grey/Blue/Gold 120x170cm,,,taxable,parent,1,29,,0,0,,120,170,1.1,0,,,3036,,,,,,,46184581,,,,,,2,,,Size,120x170,,1,,,,,,,,,,,,,,,,,,,,,,,,,,,,,,,,,,,,,120x170,,,,,,,,,,,,,,,,,,,,,,,,59QHJ-120-170,,,,,,,,,,,,,,,,,,,
30125,variation,59985622,,D-sign Rug 1K0270 Grey/Blue/Gold - 160x230,1,0,visible,,D-sign Rug 1K0270 Grey/Blue/Gold 160x230cm,,,taxable,parent,1,3,,0,0,,160,230,1.1,0,,,5036,,,,,,,46184581,,,,,,3,,,Size,160x230,,1,,,,,,,,,,,,,,,,,,,,,,,,,,,,,,,,,,,,,160x230,,,,,,,,,,,,,,,,,,,,,,,,59QHJ-160-230,,,,,,,,,,,,,,,,,,,
30126,variation,59985621,,D-sign Rug 1K0270 Grey/Blue/Gold - 200x290,1,0,visible,,D-sign Rug 1K0270 Grey/Blue/Gold 200x290cm,,,taxable,parent,0,0,,0,0,,200,290,1.1,0,,,7676,,,,,,,46184581,,,,,,4,,,Size,200x290,,1,,,,,,,,,,,,,,,,,,,,,,,,,,,,,,,,,,,,,200x290,,,,,,,,,,,,,,,,,,,,,,,,59QHJ-200-290,,,,,,,,,,,,,,,,,,,
30133,variation,59985602,,D-sign Rug 1K0272 Multicolor - 80x150,1,0,visible,,D-sign Rug 1K0272 Multicolor 80x150cm,,,taxable,parent,1,16,,0,0,,80,150,1.1,0,,,1996,,,,,,,46184582,,,,,,1,,,Size,80x150,,1,,,,,,,,,,,,,,,,,,,,,,,,,,,,,,,,,,,,,80x150,,,,,,,,,,,,,,,,,,,,,,,,27W8G-80-150,,,,,,,,,,,,,,,,,,,
30134,variation,59985618,,D-sign Rug 1K0272 Multicolor - 120x170,1,0,visible,,D-sign Rug 1K0272 Multicolor 120x170cm,,,taxable,parent,1,17,,0,0,,120,170,1.1,0,,,3036,,,,,,,46184582,,,,,,2,,,Size,120x170,,1,,,,,,,,,,,,,,,,,,,,,,,,,,,,,,,,,,,,,120x170,,,,,,,,,,,,,,,,,,,,,,,,27W8G-120-170,,,,,,,,,,,,,,,,,,,
30135,variation,59985617,,D-sign Rug 1K0272 Multicolor - 160x230,1,0,visible,,D-sign Rug 1K0272 Multicolor 160x230cm,,,taxable,parent,0,0,,0,0,,160,230,1.1,0,,,5036,,,,,,,46184582,,,,,,3,,,Size,160x230,,1,,,,,,,,,,,,,,,,,,,,,,,,,,,,,,,,,,,,,160x230,,,,,,,,,,,,,,,,,,,,,,,,27W8G-160-230,,,,,,,,,,,,,,,,,,,
30136,variation,59985626,,D-sign Rug 1K0272 Multicolor - 200x290,1,0,visible,,D-sign Rug 1K0272 Multicolor 200x290cm,,,taxable,parent,0,0,,0,0,,200,290,1.1,0,,,7676,,,,,,,46184582,,,,,,4,,,Size,200x290,,1,,,,,,,,,,,,,,,,,,,,,,,,,,,,,,,,,,,,,200x290,,,,,,,,,,,,,,,,,,,,,,,,27W8G-200-290,,,,,,,,,,,,,,,,,,,
30153,variable,46184589,,D-sign Rug 1K0280 Champagne,1,0,visible,D-sign Rug 1K0280 Champagne ,D-sign Rug 1K0280 Champagne ,,,taxable,,1,,,0,0,,,,,1,,,,"Rooms > Bedroom, Rooms > Living room, Rugs > Modern, Rugs",,,"https://rugshop.eu/wp-content/uploads/2021/09/d-sign-rug-1k0280-champagne-scaled.jpg, https://rugshop.eu/wp-content/uploads/2021/09/d-sign-rug-1k0280-champagne-1-scaled.jpg, https://rugshop.eu/wp-content/uploads/2021/09/d-sign-rug-1k0280-champagne-2-scaled.jpg, https://rugshop.eu/wp-content/uploads/2021/09/d-sign-rug-1k0280-champagne-3-scaled.jpg",,,,,,,,,2066,,,Size,"120x170, 160x230, 200x290, 80x150",1,1,Brand,D-sign,1,1,Color,White-Beige,1,1,Type of color,Singlecolor,1,1,Shape,Rectangular,1,1,Material,Bamboo,1,1,Type of rug,Modern,1,1,Weave,Handmade,1,1,Country,India,1,1,Age,New,1,1,,,,,,,,,,,,,,yes,yes,,,,,,,,,,,,,,,,,,,,,,,,,,,,,
30163,variable,46184590,,D-sign Rug 1K0279 Blue,1,0,visible,D-sign Rug 1K0279 Blue ,D-sign Rug 1K0279 Blue ,,,taxable,,1,,,0,0,,,,,1,,,,"Rooms > Bedroom, Rooms > Living room, Rugs > Modern, Rugs",,,"https://rugshop.eu/wp-content/uploads/2021/09/d-sign-rug-1k0279-blue-scaled.jpg, https://rugshop.eu/wp-content/uploads/2021/09/d-sign-rug-1k0279-blue-1-scaled.jpg, https://rugshop.eu/wp-content/uploads/2021/09/d-sign-rug-1k0279-blue-2-scaled.jpg, https://rugshop.eu/wp-content/uploads/2021/09/d-sign-rug-1k0279-blue-3-scaled.jpg",,,,,,,,,2065,,,Size,"120x170, 160x230, 200x290, 80x150",1,1,Brand,D-sign,1,1,Color,Blue,1,1,Type of color,Singlecolor,1,1,Shape,Rectangular,1,1,Material,Bamboo,1,1,Type of rug,Modern,1,1,Weave,Handmade,1,1,Country,India,1,1,Age,New,1,1,,,,,,,,,,,,,,yes,yes,,,,,,,,,,,,,,,,,,,,,,,,,,,,,
30173,variable,46184591,,D-sign Rug 1K0281 Graphite,1,0,visible,D-sign Rug 1K0281 Graphite ,D-sign Rug 1K0281 Graphite ,,,taxable,,1,,,0,0,,,,,1,,,,"Rooms > Bedroom, Rooms > Living room, Rugs > Modern, Rugs",,,"https://rugshop.eu/wp-content/uploads/2021/09/d-sign-rug-1k0281-graphite-scaled.jpg, https://rugshop.eu/wp-content/uploads/2021/09/d-sign-rug-1k0281-graphite-1-scaled.jpg, https://rugshop.eu/wp-content/uploads/2021/09/d-sign-rug-1k0281-graphite-2-scaled.jpg, https://rugshop.eu/wp-content/uploads/2021/09/d-sign-rug-1k0281-graphite-3-scaled.jpg",,,,,,,,,2067,,,Size,"120x170, 160x230, 200x290, 80x150",1,1,Brand,D-sign,1,1,Color,Black-Grey,1,1,Type of color,Singlecolor,1,1,Shape,Rectangular,1,1,Material,Bamboo,1,1,Type of rug,Modern,1,1,Weave,Handmade,1,1,Country,India,1,1,Age,New,1,1,,,,,,,,,,,,,,yes,yes,,,,,,,,,classic-editor,,,,,,,,,,,,,,,,,,,,
30174,variation,59985616,,D-sign Rug 1K0274 Multicolor/Red - 80x150,1,0,visible,,D-sign Rug 1K0274 Multicolor/Red 80x150cm,,,taxable,parent,1,2,,0,0,,80,150,0.5,0,,,1116,,,,,,,46184586,,,,,,1,,,Size,80x150,,1,,,,,,,,,,,,,,,,,,,,,,,,,,,,,,,,,,,,,80x150,,,,,,,,,,,,,,,,,,,,,,,,EME47-80-150,,,,,,,,,,,,,,,,,,,
30175,variation,59985625,,D-sign Rug 1K0274 Multicolor/Red - 120x170,1,0,visible,,D-sign Rug 1K0274 Multicolor/Red 120x170cm,,,taxable,parent,1,2,,0,0,,120,170,0.5,0,,,1596,,,,,,,46184586,,,,,,2,,,Size,120x170,,1,,,,,,,,,,,,,,,,,,,,,,,,,,,,,,,,,,,,,120x170,,,,,,,,,,,,,,,,,,,,,,,,EME47-120-170,,,,,,,,,,,,,,,,,,,
30176,variation,59985632,,D-sign Rug 1K0274 Multicolor/Red - 160x230,1,0,visible,,D-sign Rug 1K0274 Multicolor/Red 160x230cm,,,taxable,parent,0,0,,0,0,,160,230,0.5,0,,,2396,,,,,,,46184586,,,,,,3,,,Size,160x230,,1,,,,,,,,,,,,,,,,,,,,,,,,,,,,,,,,,,,,,160x230,,,,,,,,,,,,,,,,,,,,,,,,EME47-160-230,,,,,,,,,,,,,,,,,,,
30177,variation,59985631,,D-sign Rug 1K0274 Multicolor/Red - 200x290,1,0,visible,,D-sign Rug 1K0274 Multicolor/Red 200x290cm,,,taxable,parent,0,0,,0,0,,200,290,0.5,0,,,3516,,,,,,,46184586,,,,,,4,,,Size,200x290,,1,,,,,,,,,,,,,,,,,,,,,,,,,,,,,,,,,,,,,200x290,,,,,,,,,,,,,,,,,,,,,,,,EME47-200-290,,,,,,,,,,,,,,,,,,,
30178,variation,59985645,,D-sign Rug 1K0274 Multicolor/Red - 240x330,1,0,visible,,D-sign Rug 1K0274 Multicolor/Red 240x330cm,,,taxable,parent,1,45,,0,0,,240,330,0.5,0,,,4076,,,,,,,46184586,,,,,,5,,,Size,240x330,,1,,,,,,,,,,,,,,,,,,,,,,,,,,,,,,,,,,,,,240x330,,,,,,,,,,,,,,,,,,,,,,,,EME47-240-330,,,,,,,,,,,,,,,,,,,
30184,variable,46184592,,D-sign Rug 1K0282 Grey,1,0,visible,D-sign Rug 1K0282 Grey ,D-sign Rug 1K0282 Grey ,,,taxable,,1,,,0,0,,,,,1,,,,"Rooms > Bedroom, Rooms > Living room, Rugs > Modern, Rugs",,,"https://rugshop.eu/wp-content/uploads/2021/09/d-sign-rug-1k0282-grey-scaled.jpg, https://rugshop.eu/wp-content/uploads/2021/09/d-sign-rug-1k0282-grey-1-scaled.jpg, https://rugshop.eu/wp-content/uploads/2021/09/d-sign-rug-1k0282-grey-2-scaled.jpg, https://rugshop.eu/wp-content/uploads/2021/09/d-sign-rug-1k0282-grey-3-scaled.jpg",,,,,,,,,2068,,,Size,"120x170, 160x230, 200x290, 80x150",1,1,Brand,D-sign,1,1,Color,Black-Grey,1,1,Type of color,Singlecolor,1,1,Shape,Rectangular,1,1,Material,Bamboo,1,1,Type of rug,Modern,1,1,Weave,Handmade,1,1,Country,India,1,1,Age,New,1,1,,,,,,,,,,,,,,yes,yes,,,,,,,,,,,,,,,,,,,,,,,,,,,,,
30195,variable,46184593,,D-sign Rug 1K0283 Silver,1,0,visible,D-sign Rug 1K0283 Silver ,D-sign Rug 1K0283 Silver ,,,taxable,,1,,,0,0,,,,,1,,,,"Rooms > Bedroom, Rooms > Living room, Rugs > Modern, Rugs",,,"https://rugshop.eu/wp-content/uploads/2021/09/d-sign-rug-1k0283-silver-scaled.jpg, https://rugshop.eu/wp-content/uploads/2021/09/d-sign-rug-1k0283-silver-1-scaled.jpg, https://rugshop.eu/wp-content/uploads/2021/09/d-sign-rug-1k0283-silver-2-scaled.jpg, https://rugshop.eu/wp-content/uploads/2021/09/d-sign-rug-1k0283-silver-3-scaled.jpg",,,,,,,,,2069,,,Size,"120x170, 160x230, 200x290, 80x150",1,1,Brand,D-sign,1,1,Color,Black-Grey,1,1,Type of color,Singlecolor,1,1,Shape,Rectangular,1,1,Material,Bamboo,1,1,Type of rug,Modern,1,1,Weave,Handmade,1,1,Country,India,1,1,Age,New,1,1,,,,,,,,,,,,,,yes,yes,,,,,,,,,,,,,,,,,,,,,,,,,,,,,
30206,variable,46184594,,D-sign Rug 1K0285 Blue,1,0,visible,D-sign Rug 1K0285 Blue ,D-sign Rug 1K0285 Blue ,,,taxable,,1,,,0,0,,,,,1,,,,"Rooms > Living room, Rugs > Modern, Rugs",,,"https://rugshop.eu/wp-content/uploads/2021/09/d-sign-rug-1k0285-blue-scaled.jpg, https://rugshop.eu/wp-content/uploads/2021/09/d-sign-rug-1k0285-blue-1-scaled.jpg, https://rugshop.eu/wp-content/uploads/2021/09/d-sign-rug-1k0285-blue-2-scaled.jpg, https://rugshop.eu/wp-content/uploads/2021/09/d-sign-rug-1k0285-blue-3-scaled.jpg",,,,,,,,,2071,,,Size,"180x240, 200x300",1,1,Brand,D-sign,1,1,Color,Blue,1,1,Type of color,Singlecolor,1,1,Shape,Rectangular,1,1,Material,Wool,1,1,Type of rug,Modern,1,1,Weave,Handmade,1,1,Country,India,1,1,Age,New,1,1,,,,,,,,,,,,,,yes,yes,,,,,,,,,,,,,,,,,,,,,,,,,,,,,
30208,variation,59985640,,D-sign Rug 1K0280 Champagne - 80x150,1,0,visible,,D-sign Rug 1K0280 Champagne 80x150cm,,,taxable,parent,1,28,,0,0,,80,150,1.2,0,,,2476,,,,,,,46184589,,,,,,1,,,Size,80x150,,1,,,,,,,,,,,,,,,,,,,,,,,,,,,,,,,,,,,,,80x150,,,,,,,,,,,,,,,,,,,,,,,,E5JH1-80-150,,,,,,,,,,,,,,,,,,,
30209,variation,59985668,,D-sign Rug 1K0280 Champagne - 120x170,1,0,visible,,D-sign Rug 1K0280 Champagne 120x170cm,,,taxable,parent,1,11,,0,0,,120,170,1.2,0,,,3916,,,,,,,46184589,,,,,,2,,,Size,120x170,,1,,,,,,,,,,,,,,,,,,,,,,,,,,,,,,,,,,,,,120x170,,,,,,,,,,,,,,,,,,,,,,,,E5JH1-120-170,,,,,,,,,,,,,,,,,,,
30210,variation,59985664,,D-sign Rug 1K0280 Champagne - 160x230,1,0,visible,,D-sign Rug 1K0280 Champagne 160x230cm,,,taxable,parent,1,4,,0,0,,160,230,1.2,0,,,6556,,,,,,,46184589,,,,,,3,,,Size,160x230,,1,,,,,,,,,,,,,,,,,,,,,,,,,,,,,,,,,,,,,160x230,,,,,,,,,,,,,,,,,,,,,,,,E5JH1-160-230,,,,,,,,,,,,,,,,,,,
30211,variation,59985667,,D-sign Rug 1K0280 Champagne - 200x290,1,0,visible,,D-sign Rug 1K0280 Champagne 200x290cm,,,taxable,parent,0,0,,0,0,,200,290,1.2,0,,,10076,,,,,,,46184589,,,,,,4,,,Size,200x290,,1,,,,,,,,,,,,,,,,,,,,,,,,,,,,,,,,,,,,,200x290,,,,,,,,,,,,,,,,,,,,,,,,E5JH1-200-290,,,,,,,,,,,,,,,,,,,
30217,variable,46184596,,D-sign Rug 1K0286 Brown,1,0,visible,D-sign Rug 1K0286 Brown ,D-sign Rug 1K0286 Brown ,,,taxable,,1,,,0,0,,,,,1,,,,"Rooms > Living room, Rugs > Modern, Rugs",,,"https://rugshop.eu/wp-content/uploads/2021/09/d-sign-rug-1k0286-brown-scaled.jpg, https://rugshop.eu/wp-content/uploads/2021/09/d-sign-rug-1k0286-brown-1-scaled.jpg, https://rugshop.eu/wp-content/uploads/2021/09/d-sign-rug-1k0286-brown-2-scaled.jpg, https://rugshop.eu/wp-content/uploads/2021/09/d-sign-rug-1k0286-brown-3-scaled.jpg",,,,,,,,,2072,,,Size,"180x240, 200x300",1,1,Brand,D-sign,1,1,Color,Yellow-Brown,1,1,Type of color,Multicolor,1,1,Shape,Rectangular,1,1,Material,Wool,1,1,Type of rug,Modern,1,1,Weave,Handmade,1,1,Country,India,1,1,Age,New,1,1,,,,,,,,,,,,,,yes,yes,,,,,,,,,,,,,,,,,,,,,,,,,,,,,
30218,variation,59985641,,D-sign Rug 1K0279 Blue - 80x150,1,0,visible,,D-sign Rug 1K0279 Blue 80x150cm,,,taxable,parent,1,11,,0,0,,80,150,1.2,0,,,2476,,,,,,,46184590,,,,,,1,,,Size,80x150,,1,,,,,,,,,,,,,,,,,,,,,,,,,,,,,,,,,,,,,80x150,,,,,,,,,,,,,,,,,,,,,,,,33VDB-80-150,,,,,,,,,,,,,,,,,,,
30219,variation,59985663,,D-sign Rug 1K0279 Blue - 120x170,1,0,visible,,D-sign Rug 1K0279 Blue 120x170cm,,,taxable,parent,0,0,,0,0,,120,170,1.2,0,,,3916,,,,,,,46184590,,,,,,2,,,Size,120x170,,1,,,,,,,,,,,,,,,,,,,,,,,,,,,,,,,,,,,,,120x170,,,,,,,,,,,,,,,,,,,,,,,,33VDB-120-170,,,,,,,,,,,,,,,,,,,
30220,variation,59985665,,D-sign Rug 1K0279 Blue - 160x230,1,0,visible,,D-sign Rug 1K0279 Blue 160x230cm,,,taxable,parent,0,0,,0,0,,160,230,1.2,0,,,6556,,,,,,,46184590,,,,,,3,,,Size,160x230,,1,,,,,,,,,,,,,,,,,,,,,,,,,,,,,,,,,,,,,160x230,,,,,,,,,,,,,,,,,,,,,,,,33VDB-160-230,,,,,,,,,,,,,,,,,,,
30221,variation,59985662,,D-sign Rug 1K0279 Blue - 200x290,1,0,visible,,D-sign Rug 1K0279 Blue 200x290cm,,,taxable,parent,0,0,,0,0,,200,290,1.2,0,,,10076,,,,,,,46184590,,,,,,4,,,Size,200x290,,1,,,,,,,,,,,,,,,,,,,,,,,,,,,,,,,,,,,,,200x290,,,,,,,,,,,,,,,,,,,,,,,,33VDB-200-290,,,,,,,,,,,,,,,,,,,
30228,variation,59985652,,D-sign Rug 1K0281 Graphite - 80x150,1,0,visible,,D-sign Rug 1K0281 Graphite 80x150cm,,,taxable,parent,1,11,,0,0,,80,150,1.2,0,,,2476,,,,,,,46184591,,,,,,1,,,Size,80x150,,1,,,,,,,,,,,,,,,,,,,,,,,,,,,,,,,,,,,,,80x150,,,,,,,,,,,,,,,,,,,,,,,,EOD91-80-150,,,,,,,,,,,,,,,,,,,
30229,variation,59985660,,D-sign Rug 1K0281 Graphite - 120x170,1,0,visible,,D-sign Rug 1K0281 Graphite 120x170cm,,,taxable,parent,1,15,,0,0,,120,170,1.2,0,,,3916,,,,,,,46184591,,,,,,2,,,Size,120x170,,1,,,,,,,,,,,,,,,,,,,,,,,,,,,,,,,,,,,,,120x170,,,,,,,,,,,,,,,,,,,,,,,,EOD91-120-170,,,,,,,,,,,,,,,,,,,
30230,variation,59985659,,D-sign Rug 1K0281 Graphite - 160x230,1,0,visible,,D-sign Rug 1K0281 Graphite 160x230cm,,,taxable,parent,0,0,,0,0,,160,230,1.2,0,,,6556,,,,,,,46184591,,,,,,3,,,Size,160x230,,1,,,,,,,,,,,,,,,,,,,,,,,,,,,,,,,,,,,,,160x230,,,,,,,,,,,,,,,,,,,,,,,,EOD91-160-230,,,,,,,,,,,,,,,,,,,
30231,variation,59985666,,D-sign Rug 1K0281 Graphite - 200x290,1,0,visible,,D-sign Rug 1K0281 Graphite 200x290cm,,,taxable,parent,0,0,,0,0,,200,290,1.2,0,,,10076,,,,,,,46184591,,,,,,4,,,Size,200x290,,1,,,,,,,,,,,,,,,,,,,,,,,,,,,,,,,,,,,,,200x290,,,,,,,,,,,,,,,,,,,,,,,,EOD91-200-290,,,,,,,,,,,,,,,,,,,
30237,variable,46184598,,D-sign Rug 1K0290 Creme,1,0,visible,D-sign Rug 1K0290 Creme ,D-sign Rug 1K0290 Creme ,,,taxable,,1,,,0,0,,,,,1,,,,"Rooms > Bedroom, Rooms > Living room, Rugs > Modern, Rugs, Rugs > Shaggy",,,"https://rugshop.eu/wp-content/uploads/2021/09/d-sign-rug-1k0290-creme-scaled.jpg, https://rugshop.eu/wp-content/uploads/2021/09/d-sign-rug-1k0290-creme-1-scaled.jpg, https://rugshop.eu/wp-content/uploads/2021/09/d-sign-rug-1k0290-creme-2-scaled.jpg, https://rugshop.eu/wp-content/uploads/2021/09/d-sign-rug-1k0290-creme-3-scaled.jpg",,,,,,,,,2076,,,Size,"120x170, 160x230, 200x290, 80x150",1,1,Brand,D-sign,1,1,Color,White-Beige,1,1,Type of color,Singlecolor,1,1,Shape,Rectangular,1,1,Material,Polyester,1,1,Type of rug,"Modern, Rya / Shaggy",1,1,Weave,Handmade,1,1,Country,China,1,1,Age,New,1,1,,,,,,,,,,,,,,yes,yes,,,,,,,,,,,,,,,,,,,,,,,,,,,,,
30238,variation,59985653,,D-sign Rug 1K0282 Grey - 80x150,1,0,visible,,D-sign Rug 1K0282 Grey 80x150cm,,,taxable,parent,1,4,,0,0,,80,150,1.2,0,,,2476,,,,,,,46184592,,,,,,1,,,Size,80x150,,1,,,,,,,,,,,,,,,,,,,,,,,,,,,,,,,,,,,,,80x150,,,,,,,,,,,,,,,,,,,,,,,,8J8RU-80-150,,,,,,,,,,,,,,,,,,,
30239,variation,59985675,,D-sign Rug 1K0282 Grey - 120x170,1,0,visible,,D-sign Rug 1K0282 Grey 120x170cm,,,taxable,parent,1,14,,0,0,,120,170,1.2,0,,,3916,,,,,,,46184592,,,,,,2,,,Size,120x170,,1,,,,,,,,,,,,,,,,,,,,,,,,,,,,,,,,,,,,,120x170,,,,,,,,,,,,,,,,,,,,,,,,8J8RU-120-170,,,,,,,,,,,,,,,,,,,
30240,variation,59985677,,D-sign Rug 1K0282 Grey - 160x230,1,0,visible,,D-sign Rug 1K0282 Grey 160x230cm,,,taxable,parent,1,40,,0,0,,160,230,1.2,0,,,6556,,,,,,,46184592,,,,,,3,,,Size,160x230,,1,,,,,,,,,,,,,,,,,,,,,,,,,,,,,,,,,,,,,160x230,,,,,,,,,,,,,,,,,,,,,,,,8J8RU-160-230,,,,,,,,,,,,,,,,,,,
30241,variation,59985674,,D-sign Rug 1K0282 Grey - 200x290,1,0,visible,,D-sign Rug 1K0282 Grey 200x290cm,,,taxable,parent,1,38,,0,0,,200,290,1.2,0,,,10076,,,,,,,46184592,,,,,,4,,,Size,200x290,,1,,,,,,,,,,,,,,,,,,,,,,,,,,,,,,,,,,,,,200x290,,,,,,,,,,,,,,,,,,,,,,,,8J8RU-200-290,,,,,,,,,,,,,,,,,,,
30249,variation,59985654,,D-sign Rug 1K0283 Silver - 80x150,1,0,visible,,D-sign Rug 1K0283 Silver 80x150cm,,,taxable,parent,1,38,,0,0,,80,150,1.2,0,,,2476,,,,,,,46184593,,,,,,1,,,Size,80x150,,1,,,,,,,,,,,,,,,,,,,,,,,,,,,,,,,,,,,,,80x150,,,,,,,,,,,,,,,,,,,,,,,,8HU41-80-150,,,,,,,,,,,,,,,,,,,
30250,variation,59985676,,D-sign Rug 1K0283 Silver - 120x170,1,0,visible,,D-sign Rug 1K0283 Silver 120x170cm,,,taxable,parent,1,35,,0,0,,120,170,1.2,0,,,3916,,,,,,,46184593,,,,,,2,,,Size,120x170,,1,,,,,,,,,,,,,,,,,,,,,,,,,,,,,,,,,,,,,120x170,,,,,,,,,,,,,,,,,,,,,,,,8HU41-120-170,,,,,,,,,,,,,,,,,,,
30251,variation,59985680,,D-sign Rug 1K0283 Silver - 160x230,1,0,visible,,D-sign Rug 1K0283 Silver 160x230cm,,,taxable,parent,1,14,,0,0,,160,230,1.2,0,,,6556,,,,,,,46184593,,,,,,3,,,Size,160x230,,1,,,,,,,,,,,,,,,,,,,,,,,,,,,,,,,,,,,,,160x230,,,,,,,,,,,,,,,,,,,,,,,,8HU41-160-230,,,,,,,,,,,,,,,,,,,
30252,variation,59985681,,D-sign Rug 1K0283 Silver - 200x290,1,0,visible,,D-sign Rug 1K0283 Silver 200x290cm,,,taxable,parent,1,3,,0,0,,200,290,1.2,0,,,10076,,,,,,,46184593,,,,,,4,,,Size,200x290,,1,,,,,,,,,,,,,,,,,,,,,,,,,,,,,,,,,,,,,200x290,,,,,,,,,,,,,,,,,,,,,,,,8HU41-200-290,,,,,,,,,,,,,,,,,,,
30259,variation,59985655,,D-sign Rug 1K0285 Blue - 180x240,1,0,visible,,D-sign Rug 1K0285 Blue 180x240cm,,,taxable,parent,0,0,,0,0,,180,240,1,0,,,2636,,,,,,,46184594,,,,,,1,,,Size,180x240,,1,,,,,,,,,,,,,,,,,,,,,,,,,,,,,,,,,,,,,180x240,,,,,,,,,,,,,,,,,,,,,,,,YZLAF-180-240,,,,,,,,,,,,,,,,,,,
30260,variation,59985679,,D-sign Rug 1K0285 Blue - 200x300,1,0,visible,,D-sign Rug 1K0285 Blue 200x300cm,,,taxable,parent,1,9,,0,0,,200,300,1,0,,,3436,,,,,,,46184594,,,,,,2,,,Size,200x300,,1,,,,,,,,,,,,,,,,,,,,,,,,,,,,,,,,,,,,,200x300,,,,,,,,,,,,,,,,,,,,,,,,YZLAF-200-300,,,,,,,,,,,,,,,,,,,
30266,variable,46184602,,D-sign Rug 1K0292 Pink,1,0,visible,D-sign Rug 1K0292 Pink ,D-sign Rug 1K0292 Pink ,,,taxable,,1,,,0,0,,,,,1,,,,"Rooms > Bedroom, Rooms > Living room, Rugs > Modern, Rugs, Rugs > Shaggy",,,"https://rugshop.eu/wp-content/uploads/2021/09/d-sign-rug-1k0292-pink-scaled.jpg, https://rugshop.eu/wp-content/uploads/2021/09/d-sign-rug-1k0292-pink-1-scaled.jpg, https://rugshop.eu/wp-content/uploads/2021/09/d-sign-rug-1k0292-pink-2-scaled.jpg, https://rugshop.eu/wp-content/uploads/2021/09/d-sign-rug-1k0292-pink-3-scaled.jpg",,,,,,,,,2080,,,Size,"120, 120x170, 160, 160x230, 200x290, 80x150",1,1,Brand,D-sign,1,1,Color,Pink-Purple,1,1,Type of color,Singlecolor,1,1,Shape,Rectangular,1,1,Material,Polyester,1,1,Type of rug,"Modern, Rya / Shaggy",1,1,Weave,Handmade,1,1,Country,China,1,1,Age,New,1,1,,,,,,,,,,,,,,yes,yes,,,,,,,,,,,,,,,,,,,,,,,,,,,,,
30276,variation,59985657,,D-sign Rug 1K0286 Brown - 180x240,1,0,visible,,D-sign Rug 1K0286 Brown 180x240cm,,,taxable,parent,0,0,,0,0,,180,240,1,0,,,2636,,,,,,,46184596,,,,,,1,,,Size,180x240,,1,,,,,,,,,,,,,,,,,,,,,,,,,,,,,,,,,,,,,180x240,,,,,,,,,,,,,,,,,,,,,,,,KGWWW-180-240,,,,,,,,,,,,,,,,,,,
30277,variation,59985683,,D-sign Rug 1K0286 Brown - 200x300,1,0,visible,,D-sign Rug 1K0286 Brown 200x300cm,,,taxable,parent,1,5,,0,0,,200,300,1,0,,,3436,,,,,,,46184596,,,,,,2,,,Size,200x300,,1,,,,,,,,,,,,,,,,,,,,,,,,,,,,,,,,,,,,,200x300,,,,,,,,,,,,,,,,,,,,,,,,KGWWW-200-300,,,,,,,,,,,,,,,,,,,
30291,variation,59985670,,D-sign Rug 1K0290 Creme - 80x150,1,0,visible,,D-sign Rug 1K0290 Creme 80x150cm,,,taxable,parent,1,2,,0,0,,80,150,2.6,0,,598,1196,,,,,,,46184598,,,,,,1,,,Size,80x150,,1,,,,,,,,,,,,,,,,,,,,,,,,,,,,,,,,,,,,,80x150,,,,,,,,,,,,,,,,,,,,,,,,TXQDD-80-150-E,,,,,,,,,,,,,,,,,,,
30292,variation,59985692,,D-sign Rug 1K0290 Creme - 120x170,1,0,visible,,D-sign Rug 1K0290 Creme 120x170cm,,,taxable,parent,1,137,,0,0,,120,170,2.6,0,,798,1596,,,,,,,46184598,,,,,,2,,,Size,120x170,,1,,,,,,,,,,,,,,,,,,,,,,,,,,,,,,,,,,,,,120x170,,,,,,,,,,,,,,,,,,,,,,,,TXQDD-120-170-E,,,,,,,,,,,,,,,,,,,
30293,variation,59985696,,D-sign Rug 1K0290 Creme - 160x230,1,0,visible,,D-sign Rug 1K0290 Creme 160x230cm,,,taxable,parent,1,134,,0,0,,160,230,2.6,0,,1238,2476,,,,,,,46184598,,,,,,3,,,Size,160x230,,1,,,,,,,,,,,,,,,,,,,,,,,,,,,,,,,,,,,,,160x230,,,,,,,,,,,,,,,,,,,,,,,,TXQDD-160-230-E,,,,,,,,,,,,,,,,,,,
30294,variation,59985687,,D-sign Rug 1K0290 Creme - 200x290,1,0,visible,,D-sign Rug 1K0290 Creme 200x290cm,,,taxable,parent,1,97,,0,0,,200,290,2.6,0,,1838,3676,,,,,,,46184598,,,,,,4,,,Size,200x290,,1,,,,,,,,,,,,,,,,,,,,,,,,,,,,,,,,,,,,,200x290,,,,,,,,,,,,,,,,,,,,,,,,TXQDD-200-290-E,,,,,,,,,,,,,,,,,,,
30300,variable,46184605,,D-sign Rug 1K0294 Taupe,1,0,visible,D-sign Rug 1K0294 Taupe ,D-sign Rug 1K0294 Taupe ,,,taxable,,1,,,0,0,,,,,1,,,,"Rooms > Bedroom, Rooms > Living room, Rugs > Modern, Rugs, Rugs > Shaggy",,,"https://rugshop.eu/wp-content/uploads/2021/09/d-sign-rug-1k0294-taupe-scaled.jpg, https://rugshop.eu/wp-content/uploads/2021/09/d-sign-rug-1k0294-taupe-1-scaled.jpg, https://rugshop.eu/wp-content/uploads/2021/09/d-sign-rug-1k0294-taupe-2-scaled.jpg, https://rugshop.eu/wp-content/uploads/2021/09/d-sign-rug-1k0294-taupe-3-scaled.jpg",,,,,,,,,2082,,,Size,"120, 120x170, 160, 160x230, 200x290, 80x150",1,1,Brand,D-sign,1,1,Color,Yellow-Brown,1,1,Type of color,Singlecolor,1,1,Shape,Rectangular,1,1,Material,Polyester,1,1,Type of rug,"Modern, Rya / Shaggy",1,1,Weave,Handmade,1,1,Country,China,1,1,Age,New,1,1,,,,,,,,,,,,,,yes,yes,,,,,,,,,,,,,,,,,,,,,,,,,,,,,
30325,variable,46184612,,D-sign Rug 1K0291 Ivory,1,0,visible,D-sign Rug 1K0291 Ivory ,D-sign Rug 1K0291 Ivory ,,,taxable,,1,,,0,0,,,,,1,,,,"Rooms > Bedroom, Rooms > Living room, Rugs > Modern, Rugs, Rugs > Shaggy",,,"https://rugshop.eu/wp-content/uploads/2021/09/d-sign-rug-1k0291-ivory-4-scaled.jpg, https://rugshop.eu/wp-content/uploads/2021/09/d-sign-rug-1k0291-ivory-5-scaled.jpg, https://rugshop.eu/wp-content/uploads/2021/09/d-sign-rug-1k0291-ivory-6-scaled.jpg, https://rugshop.eu/wp-content/uploads/2021/09/d-sign-rug-1k0291-ivory-7-scaled.jpg",,,,,,,,,2079,,,Size,"120, 160",1,1,Brand,D-sign,1,1,Color,White-Beige,1,1,Type of color,Singlecolor,1,1,Shape,Round,1,1,Material,Polyester,1,1,Type of rug,"Modern, Rya / Shaggy",1,1,Weave,Handmade,1,1,Country,China,1,1,Age,New,1,1,,,,,,,,,,,,,,yes,yes,,,,,,,,,classic-editor,,,,,,,,,,,,,,,,,,,,
30326,variation,59985686,,D-sign Rug 1K0292 Pink - 80x150,1,0,visible,,D-sign Rug 1K0292 Pink 80x150cm,,,taxable,parent,1,2,,0,0,,80,150,2.6,0,,598,1196,,,,,,,46184602,,,,,,1,,,Size,80x150,,1,,,,,,,,,,,,,,,,,,,,,,,,,,,,,,,,,,,,,80x150,,,,,,,,,,,,,,,,,,,,,,,,52F3I-80-150-E,,,,,,,,,,,,,,,,,,,
30327,variation,59985713,,D-sign Rug 1K0292 Pink - 120x170,1,0,visible,,D-sign Rug 1K0292 Pink 120x170cm,,,taxable,parent,0,0,,0,0,,120,170,2.6,0,,798,1596,,,,,,,46184602,,,,,,2,,,Size,120x170,,1,,,,,,,,,,,,,,,,,,,,,,,,,,,,,,,,,,,,,120x170,,,,,,,,,,,,,,,,,,,,,,,,52F3I-120-170-E,,,,,,,,,,,,,,,,,,,
30328,variation,59985694,,D-sign Rug 1K0292 Pink - 160x230,1,0,visible,,D-sign Rug 1K0292 Pink 160x230cm,,,taxable,parent,0,0,,0,0,,160,230,2.6,0,,1238,2476,,,,,,,46184602,,,,,,3,,,Size,160x230,,1,,,,,,,,,,,,,,,,,,,,,,,,,,,,,,,,,,,,,160x230,,,,,,,,,,,,,,,,,,,,,,,,52F3I-160-230-E,,,,,,,,,,,,,,,,,,,
30329,variation,59985717,,D-sign Rug 1K0292 Pink - 200x290,1,0,visible,,D-sign Rug 1K0292 Pink 200x290cm,,,taxable,parent,0,0,,0,0,,200,290,2.6,0,,1838,3676,,,,,,,46184602,,,,,,4,,,Size,200x290,,1,,,,,,,,,,,,,,,,,,,,,,,,,,,,,,,,,,,,,200x290,,,,,,,,,,,,,,,,,,,,,,,,52F3I-200-290-E,,,,,,,,,,,,,,,,,,,
30330,variation,59985697,,D-sign Rug 1K0292 Pink - 120,1,0,visible,,D-sign Rug 1K0292 Pink 120cm,,,taxable,parent,1,2,,0,0,,120,120,2.6,0,,638,1276,,,,,,,46184602,,,,,,1,,,Size,120,,1,,,,,,,,,,,,,,,,,,,,,,,,,,,,,,,,,,,,,120,,,,,,,,,,,,,,,,,,,,,,,,52F3I-120-120-R,,,,,,,,,,,,,,,,,,,
30331,variation,59985710,,D-sign Rug 1K0292 Pink - 160,1,0,visible,,D-sign Rug 1K0292 Pink 160cm,,,taxable,parent,1,2,,0,0,,160,160,2.6,0,,958,1916,,,,,,,46184602,,,,,,2,,,Size,160,,1,,,,,,,,,,,,,,,,,,,,,,,,,,,,,,,,,,,,,160,,,,,,,,,,,,,,,,,,,,,,,,52F3I-160-160-R,,,,,,,,,,,,,,,,,,,
30337,variable,46184613,,D-sign Rug 1K0290 Creme,1,0,visible,D-sign Rug 1K0290 Creme ,D-sign Rug 1K0290 Creme ,,,taxable,,1,,,0,0,,,,,1,,,,"Rooms > Bedroom, Rooms > Living room, Rugs > Modern, Rugs, Rugs > Shaggy",,,"https://rugshop.eu/wp-content/uploads/2021/09/d-sign-rug-1k0290-creme-4-scaled.jpg, https://rugshop.eu/wp-content/uploads/2021/09/d-sign-rug-1k0290-creme-5-scaled.jpg, https://rugshop.eu/wp-content/uploads/2021/09/d-sign-rug-1k0290-creme-6-scaled.jpg, https://rugshop.eu/wp-content/uploads/2021/09/d-sign-rug-1k0290-creme-7-scaled.jpg",,,,,,,,,2077,,,Size,"120, 160",1,1,Brand,D-sign,1,1,Color,White-Beige,1,1,Type of color,Singlecolor,1,1,Shape,Round,1,1,Material,Polyester,1,1,Type of rug,"Modern, Rya / Shaggy",1,1,Weave,Handmade,1,1,Country,China,1,1,Age,New,1,1,,,,,,,,,,,,,,yes,yes,,,,,,,,,,,,,,,,,,,,,,,,,,,,,
30351,variation,59985701,,D-sign Rug 1K0294 Taupe - 80x150,1,0,visible,,D-sign Rug 1K0294 Taupe 80x150cm,,,taxable,parent,1,7,,0,0,,80,150,2.6,0,,598,1196,,,,,,,46184605,,,,,,1,,,Size,80x150,,1,,,,,,,,,,,,,,,,,,,,,,,,,,,,,,,,,,,,,80x150,,,,,,,,,,,,,,,,,,,,,,,,QRYAD-80-150-E,,,,,,,,,,,,,,,,,,,
30352,variation,59985712,,D-sign Rug 1K0294 Taupe - 120x170,1,0,visible,,D-sign Rug 1K0294 Taupe 120x170cm,,,taxable,parent,1,2,,0,0,,120,170,2.6,0,,798,1596,,,,,,,46184605,,,,,,2,,,Size,120x170,,1,,,,,,,,,,,,,,,,,,,,,,,,,,,,,,,,,,,,,120x170,,,,,,,,,,,,,,,,,,,,,,,,QRYAD-120-170-E,,,,,,,,,,,,,,,,,,,
30353,variation,59985719,,D-sign Rug 1K0294 Taupe - 160x230,1,0,visible,,D-sign Rug 1K0294 Taupe 160x230cm,,,taxable,parent,0,0,,0,0,,160,230,2.6,0,,1238,2476,,,,,,,46184605,,,,,,3,,,Size,160x230,,1,,,,,,,,,,,,,,,,,,,,,,,,,,,,,,,,,,,,,160x230,,,,,,,,,,,,,,,,,,,,,,,,QRYAD-160-230-E,,,,,,,,,,,,,,,,,,,
30354,variation,59985722,,D-sign Rug 1K0294 Taupe - 200x290,1,0,visible,,D-sign Rug 1K0294 Taupe 200x290cm,,,taxable,parent,0,0,,0,0,,200,290,2.6,0,,1838,3676,,,,,,,46184605,,,,,,4,,,Size,200x290,,1,,,,,,,,,,,,,,,,,,,,,,,,,,,,,,,,,,,,,200x290,,,,,,,,,,,,,,,,,,,,,,,,QRYAD-200-290-E,,,,,,,,,,,,,,,,,,,
30355,variation,59985703,,D-sign Rug 1K0294 Taupe - 120,1,0,visible,,D-sign Rug 1K0294 Taupe 120cm,,,taxable,parent,1,42,,0,0,,120,120,2.6,0,,638,1276,,,,,,,46184605,,,,,,1,,,Size,120,,1,,,,,,,,,,,,,,,,,,,,,,,,,,,,,,,,,,,,,120,,,,,,,,,,,,,,,,,,,,,,,,QRYAD-120-120-R,,,,,,,,,,,,,,,,,,,
30356,variation,59985720,,D-sign Rug 1K0294 Taupe - 160,1,0,visible,,D-sign Rug 1K0294 Taupe 160cm,,,taxable,parent,1,60,,0,0,,160,160,2.6,0,,958,1916,,,,,,,46184605,,,,,,2,,,Size,160,,1,,,,,,,,,,,,,,,,,,,,,,,,,,,,,,,,,,,,,160,,,,,,,,,,,,,,,,,,,,,,,,QRYAD-160-160-R,,,,,,,,,,,,,,,,,,,
30379,variation,60063605,,D-sign Rug 1K0291 Ivory - 120,1,0,visible,,D-sign Rug 1K0291 Ivory 120cm,,,taxable,parent,1,2,,0,0,,120,120,2.6,0,,638,1276,,,,,,,46184612,,,,,,1,,,Size,120,,1,,,,,,,,,,,,,,,,,,,,,,,,,,,,,,,,,,,,,120,,,,,,,,,,,,,,,,,,,,,,,,1DDHE-120-120-R,,,,,,,,,,,,,,,,,,,
30380,variation,60063606,,D-sign Rug 1K0291 Ivory - 160,1,0,visible,,D-sign Rug 1K0291 Ivory 160cm,,,taxable,parent,1,37,,0,0,,160,160,2.6,0,,958,1916,,,,,,,46184612,,,,,,2,,,Size,160,,1,,,,,,,,,,,,,,,,,,,,,,,,,,,,,,,,,,,,,160,,,,,,,,,,,,,,,,,,,,,,,,1DDHE-160-160-R,,,,,,,,,,,,,,,,,,,
30386,variation,60063757,,D-sign Rug 1K0290 Creme - 120,1,0,visible,,D-sign Rug 1K0290 Creme 120cm,,,taxable,parent,1,19,,0,0,,120,120,2.6,0,,638,1276,,,,,,,46184613,,,,,,1,,,Size,120,,1,,,,,,,,,,,,,,,,,,,,,,,,,,,,,,,,,,,,,120,,,,,,,,,,,,,,,,,,,,,,,,TXQDD-120-120-R,,,,,,,,,,,,,,,,,,,
30387,variation,60063756,,D-sign Rug 1K0290 Creme - 160,1,0,visible,,D-sign Rug 1K0290 Creme 160cm,,,taxable,parent,1,21,,0,0,,160,160,2.6,0,,958,1916,,,,,,,46184613,,,,,,2,,,Size,160,,1,,,,,,,,,,,,,,,,,,,,,,,,,,,,,,,,,,,,,160,,,,,,,,,,,,,,,,,,,,,,,,TXQDD-160-160-R,,,,,,,,,,,,,,,,,,,
30434,simple,48618955,,Artificial Cowhide Desert 225 Black/White 160x230 cm,1,0,hidden,Artificial Cowhide Desert 225 Black/White 160x230 cm,Artificial Cowhide Desert 225 Black/White 160x230 cm,,,taxable,,0,0,,0,0,,160,230,1.9,0,,,2476,"Rooms > Living room, Rugs > Modern, Rugs",,,"https://rugshop.eu/wp-content/uploads/2021/09/konstgjord-koskinn-desert-225-black-white.jpg, https://rugshop.eu/wp-content/uploads/2021/09/konstgjord-koskinn-desert-225-black-white-1.jpg, https://rugshop.eu/wp-content/uploads/2021/09/konstgjord-koskinn-desert-225-black-white-2.jpg, https://rugshop.eu/wp-content/uploads/2021/09/konstgjord-koskinn-desert-225-black-white-3.jpg",,,,,,,,,66,,,Size,160x230,1,1,Brand,D-sign,1,1,Color,Black-Grey,1,1,Type of color,Multicolor,1,1,Shape,Other,1,1,Material,Acrylic,1,1,Type of rug,Modern,1,1,Weave,Machinemade,1,1,Country,China,1,1,Age,New,1,1,160x230,D-sign,Black-Grey,Acrylic,default,default,default,default,,,,,1786451689,,,,,,,,,,,classic-editor,FEXOC-160-230,,,,,,,,,,,,,,,,,,,
30444,simple,48618959,,Artificial Cowhide Desert 325 Brown/White 160x230 cm,1,0,hidden,Artificial Cowhide Desert 325 Brown/White 160x230 cm,Artificial Cowhide Desert 325 Brown/White 160x230 cm,,,taxable,,0,0,,0,0,,160,230,1.9,0,,,4556,"Rooms > Living room, Rugs > Modern, Rugs",,,"https://rugshop.eu/wp-content/uploads/2021/09/konstgjord-koskinn-desert-325-brown-white.jpg, https://rugshop.eu/wp-content/uploads/2021/09/konstgjord-koskinn-desert-325-brown-white-1.jpg, https://rugshop.eu/wp-content/uploads/2021/09/konstgjord-koskinn-desert-325-brown-white-2.jpg, https://rugshop.eu/wp-content/uploads/2021/09/konstgjord-koskinn-desert-325-brown-white-3.jpg",,,,,,,,,67,,,Size,160x230,1,1,Brand,D-sign,1,1,Color,Yellow-Brown,1,1,Type of color,Multicolor,1,1,Shape,Other,1,1,Material,Acrylic,1,1,Type of rug,Modern,1,1,Weave,Machinemade,1,1,Country,China,1,1,Age,New,1,1,160x230,D-sign,Yellow-Brown,Acrylic,default,default,default,default,,,,,1786451690,,,,,,,,,,,classic-editor,PVTRJ-160-230,,,,,,,,,,,,,,,,,,,
30489,simple,48748933,,Aperitif Rug 510 Grey 160x230 cm,1,0,hidden,Aperitif Rug 510 Grey 160x230 cm,Aperitif Rug 510 Grey 160x230 cm,,,taxable,,0,0,,0,0,,160,230,0.7,1,,,19036,"Rooms > Kitchen, Rooms > Living room, Rugs > Modern, Rugs",,,"https://rugshop.eu/wp-content/uploads/2021/09/aperitif-rug-510-grey.jpg, https://rugshop.eu/wp-content/uploads/2021/09/aperitif-rug-510-grey-1.jpg, https://rugshop.eu/wp-content/uploads/2021/09/aperitif-rug-510-grey-2.jpg, https://rugshop.eu/wp-content/uploads/2021/09/aperitif-rug-510-grey-3.jpg",,,,,,,,,53,,,Size,160x230,1,1,Brand,D-sign,1,1,Color,Black-Grey,1,1,Type of color,Multicolor,1,1,Shape,Rectangular,1,1,Material,Cotton,1,1,Type of rug,Modern,1,1,Weave,Handmade,1,1,Country,India,1,1,Age,New,1,1,160x230,D-sign,Black-Grey,Cotton,,,,,,,,,1786452169,,,,,,,,,,,,UJQ4A-160-230,,,,,,,,,,,,,,,,,,,
30619,simple,48750139,,Cobra Rug 343 Beige 75x140 cm,1,0,hidden,Cobra Rug 343 Beige 75x140 cm,Cobra Rug 343 Beige 75x140 cm,,,taxable,,0,0,,0,0,,75,140,1.2,1,,,4156,"Rooms > Bedroom, Rooms > Entrance & Corridor, Rugs > Leather & hides, Rugs > Modern, Rugs",,,"https://rugshop.eu/wp-content/uploads/2021/09/cobra-rug-343-beige.jpg, https://rugshop.eu/wp-content/uploads/2021/09/cobra-rug-343-beige-1.jpg, https://rugshop.eu/wp-content/uploads/2021/09/cobra-rug-343-beige-2.jpg, https://rugshop.eu/wp-content/uploads/2021/09/cobra-rug-343-beige-3.jpg",,,,,,,,,1515,,,Size,75x140,1,1,Brand,D-sign,1,1,Color,White-Beige,1,1,Type of color,Multicolor,1,1,Shape,Rectangular,1,1,Material,Leather,1,1,Type of rug,"Leather / Hide rug, Modern",1,1,Weave,Machinemade,1,1,Country,India,1,1,Age,New,1,1,75x140,D-sign,White-Beige,Leather,,,,,,,,,1786452172,,,,,,,,,,,,GAFIN-75-140,,,,,,,,,,,,,,,,,,,
30645,simple,51456686,,Shilboy Rug Otos Cream 170x240 cm,1,0,hidden,Shilboy Rug Otos Cream 170x240 cm,Shilboy Rug Otos Cream 170x240 cm,,,taxable,,0,0,,0,0,,170,240,1.6,1,,,4476,"Rooms > Living room, Rugs > Modern, Rugs",,,"https://rugshop.eu/wp-content/uploads/2021/09/shilboy-rug-otos-cream.jpg, https://rugshop.eu/wp-content/uploads/2021/09/shilboy-rug-otos-cream-1.jpg",,,,,,,,,5042,,,Size,170x240,1,1,Brand,D-sign,1,1,Color,White-Beige,1,1,Type of color,Multicolor,1,1,Shape,Rectangular,1,1,Material,Acrylic,1,1,Type of rug,Modern,1,1,Weave,Handmade,1,1,Country,China,1,1,Age,New,1,1,170x240,D-sign,White-Beige,Acrylic,,,,,,,,,1786452984,,,,,,,,,,,,EIATO-170-240,,,,,,,,,,,,,,,,,,,
30654,simple,51456690,,Shilboy Rug Ptos Multicolor Football 110x160 cm,1,0,hidden,Shilboy Rug Ptos Multicolor Football 110x160 cm,Shilboy Rug Ptos Multicolor Football 110x160 cm,,,taxable,,0,0,,0,0,,110,160,1.6,0,,,3276,"Rooms > Kids, Rugs > Kids, Rugs",,,"https://rugshop.eu/wp-content/uploads/2021/09/shilboy-rug-ptos-multicolor-football.jpg, https://rugshop.eu/wp-content/uploads/2021/09/shilboy-rug-ptos-multicolor-football-1.jpg",,,,,,,,,5046,,,Size,110x160,1,1,Brand,D-sign,1,1,Color,"Blue, Green",1,1,Type of color,Multicolor,1,1,Shape,Rectangular,1,1,Material,Acrylic,1,1,Type of rug,Modern,1,1,Weave,Handmade,1,1,Country,China,1,1,Age,New,1,1,110x160,D-sign,Blue | Green,Acrylic,default,default,default,default,,,,,1786452986,,,,,,,,,,,,CZ17G-110-160,,,,,,,,,,,,,,,,,,,
30657,simple,51456691,,Shilboy Rug Jtos Multicolor Apple 130x130 cm,1,0,hidden,Shilboy Rug Jtos Multicolor Apple 130x130 cm,Shilboy Rug Jtos Multicolor Apple 130x130 cm,,,taxable,,0,0,,0,0,,130,130,1.6,0,,,1756,"Rooms > Kids, Rugs > Kids, Rugs",,,"https://rugshop.eu/wp-content/uploads/2021/09/shilboy-rug-jtos-multicolor-apple.jpg, https://rugshop.eu/wp-content/uploads/2021/09/shilboy-rug-jtos-multicolor-apple-1.jpg",,,,,,,,,5029,,,Size,130x130,1,1,Brand,D-sign,1,1,Color,"Blue, White-Beige",1,1,Type of color,Multicolor,1,1,Shape,Square,1,1,Material,Acrylic,1,1,Type of rug,Modern,1,1,Weave,Handmade,1,1,Country,China,1,1,Age,New,1,1,130x130,D-sign,Blue | White-Beige,Acrylic,default,default,default,default,,,,,1786452988,,,,,,,,,,,,AKTU6-130-130-E,,,,,,,,,,,,,,,,,,,
30666,simple,51456695,,Scotki Rug Tast Multicolor/Greygreen 170x240 cm,1,0,hidden,Scotki Rug Tast Multicolor/Greygreen 170x240 cm,Scotki Rug Tast Multicolor/Greygreen 170x240 cm,,,taxable,,0,0,,0,0,,170,240,1.5,1,,,1516,"Rooms > Living room, Rugs > Modern, Rugs",,,"https://rugshop.eu/wp-content/uploads/2021/09/scotki-rug-tast-multicolor-greygreen.jpg, https://rugshop.eu/wp-content/uploads/2021/09/scotki-rug-tast-multicolor-greygreen-1.jpg",,,,,,,,,5007,,,Size,170x240,1,1,Brand,D-sign,1,1,Color,"Black-Grey, Green",1,1,Type of color,Multicolor,1,1,Shape,Rectangular,1,1,Material,Acrylic,1,1,Type of rug,Modern,1,1,Weave,Handmade,1,1,Country,China,1,1,Age,New,1,1,170x240,D-sign,Black-Grey | Green,Acrylic,,,,,,,,,1786452993,,,,,,,,,,,,C4RL1-170-240-E,,,,,,,,,,,,,,,,,,,
30669,simple,51456696,,Scotki Rug East Blue/Green 70x140 cm,1,0,hidden,Scotki Rug East Blue/Green 70x140 cm,Scotki Rug East Blue/Green 70x140 cm,,,taxable,,0,0,,0,0,,70,140,1.5,1,,,4476,"Rooms > Entrance & Corridor, Rugs > Modern, Rugs",,,"https://rugshop.eu/wp-content/uploads/2021/09/scotki-rug-east-blue-green.jpg, https://rugshop.eu/wp-content/uploads/2021/09/scotki-rug-east-blue-green-1.jpg",,,,,,,,,5002,,,Size,70x140,1,1,Brand,D-sign,1,1,Color,"Blue, Green",1,1,Type of color,Multicolor,1,1,Shape,Runner,1,1,Material,Acrylic,1,1,Type of rug,Modern,1,1,Weave,Handmade,1,1,Country,China,1,1,Age,New,1,1,70x140,D-sign,Blue | Green,Acrylic,,,,,,,,,1786452995,,,,,,,,,,,,3VB8N-70-140-E,,,,,,,,,,,,,,,,,,,
30717,simple,51456779,,Shilboy Rug Seph Multicolor Bumblebee 110x160 cm,1,0,hidden,Shilboy Rug Seph Multicolor Bumblebee 110x160 cm,Shilboy Rug Seph Multicolor Bumblebee 110x160 cm,,,taxable,,0,0,,0,0,,110,160,1.6,0,,,2716,"Rooms > Kids, Rugs > Kids, Rugs",,,"https://rugshop.eu/wp-content/uploads/2021/09/shilboy-rug-seph-multicolor-bumblebee.jpg, https://rugshop.eu/wp-content/uploads/2021/09/shilboy-rug-seph-multicolor-bumblebee-1.jpg",,,,,,,,,5050,,,Size,110x160,1,1,Brand,D-sign,1,1,Color,Blue,1,1,Type of color,Multicolor,1,1,Shape,Rectangular,1,1,Material,Acrylic,1,1,Type of rug,Modern,1,1,Weave,Handmade,1,1,Country,China,1,1,Age,New,1,1,110x160,D-sign,Blue,Acrylic,default,default,default,default,,,,,1786452998,,,,,,,,,,,,K626B-110-160,,,,,,,,,,,,,,,,,,,
30747,simple,51456877,,Shilboy Rug Mas Multicolor Teddy 110x160 cm,1,0,hidden,Shilboy Rug Mas Multicolor Teddy 110x160 cm,Shilboy Rug Mas Multicolor Teddy 110x160 cm,,,taxable,,0,0,,0,0,,110,160,1.6,0,,,2716,"Rooms > Kids, Rugs > Kids, Rugs",,,"https://rugshop.eu/wp-content/uploads/2021/09/shilboy-rug-mas-multicolor-teddy.jpg, https://rugshop.eu/wp-content/uploads/2021/09/shilboy-rug-mas-multicolor-teddy-1.jpg",,,,,,,,,5035,,,Size,110x160,1,1,Brand,D-sign,1,1,Color,Red,1,1,Type of color,Multicolor,1,1,Shape,Rectangular,1,1,Material,Acrylic,1,1,Type of rug,Modern,1,1,Weave,Handmade,1,1,Country,China,1,1,Age,New,1,1,110x160,D-sign,Red,Acrylic,default,default,default,default,,,,,1786452999,,,,,,,,,,,,RE1IT-110-160,,,,,,,,,,,,,,,,,,,
30756,simple,51456882,,Shilboy Rug Was Red 70x140 cm,1,0,hidden,Shilboy Rug Was Red 70x140 cm,Shilboy Rug Was Red 70x140 cm,,,taxable,,0,0,,0,0,,70,140,1.6,0,,,7036,"Rooms > Kids, Rugs > Kids, Rugs",,,"https://rugshop.eu/wp-content/uploads/2021/09/shilboy-rug-was-red.jpg, https://rugshop.eu/wp-content/uploads/2021/09/shilboy-rug-was-red-1.jpg",,,,,,,,,5058,,,Size,70x140,1,1,Brand,D-sign,1,1,Color,Red,1,1,Type of color,Multicolor,1,1,Shape,Runner,1,1,Material,Acrylic,1,1,Type of rug,Modern,1,1,Weave,Handmade,1,1,Country,China,1,1,Age,New,1,1,70x140,D-sign,Red,Acrylic,default,default,default,default,,,,,1786453001,,,,,,,,,,,,R7TPH-70-140-E,,,,,,,,,,,,,,,,,,,
30762,simple,51456902,,Shilboy Rug Ntos Pink Djur 75x160 cm,1,0,hidden,Shilboy Rug Ntos Pink Djur 75x160 cm,Shilboy Rug Ntos Pink Djur 75x160 cm,,,taxable,,0,0,,0,0,,75,160,1.6,0,,,8556,"Rooms > Kids, Rugs > Kids, Rugs",,,"https://rugshop.eu/wp-content/uploads/2021/09/shilboy-rug-ntos-pink-djur.jpg, https://rugshop.eu/wp-content/uploads/2021/09/shilboy-rug-ntos-pink-djur-1.jpg",,,,,,,,,5040,,,Size,75x160,1,1,Brand,D-sign,1,1,Color,Pink-Purple,1,1,Type of color,Multicolor,1,1,Shape,Runner,1,1,Material,Acrylic,1,1,Type of rug,Modern,1,1,Weave,Handmade,1,1,Country,China,1,1,Age,New,1,1,75x160,D-sign,Pink-Purple,Acrylic,default,default,default,default,,,,,1786453008,,,,,,,,,,,,8UY5J-75-160-E,,,,,,,,,,,,,,,,,,,
30786,simple,51456941,,Stanfax Rug Nrsy Taupe 200x300 cm,1,0,hidden,Stanfax Rug Nrsy Taupe 200x300 cm,Stanfax Rug Nrsy Taupe 200x300 cm,,,taxable,,0,0,,0,0,,200,300,1,1,,,3516,"Rooms > Living room, Rugs > Modern, Rugs",,,"https://rugshop.eu/wp-content/uploads/2021/09/stanfax-rug-nrsy-taupe.jpg, https://rugshop.eu/wp-content/uploads/2021/09/stanfax-rug-nrsy-taupe-1.jpg",,,,,,,,,5106,,,Size,200x300,1,1,Brand,D-sign,1,1,Color,Yellow-Brown,1,1,Type of color,Multicolor,1,1,Shape,Rectangular,1,1,Material,Acrylic,1,1,Type of rug,Modern,1,1,Weave,Handmade,1,1,Country,China,1,1,Age,New,1,1,200x300,D-sign,Yellow-Brown,Acrylic,,,,,,,,,1786453010,,,,,,,,,,,,LD15C-200-300,,,,,,,,,,,,,,,,,,,
30795,simple,51456987,,Shilboy Rug Otos Multicolor 170x240 cm,1,0,hidden,Shilboy Rug Otos Multicolor 170x240 cm,Shilboy Rug Otos Multicolor 170x240 cm,,,taxable,,0,0,,0,0,,170,240,1.6,1,,,2716,"Rooms > Living room, Rugs > Modern, Rugs",,,"https://rugshop.eu/wp-content/uploads/2021/09/shilboy-rug-otos-multicolor.jpg, https://rugshop.eu/wp-content/uploads/2021/09/shilboy-rug-otos-multicolor-1.jpg",,,,,,,,,5043,,,Size,170x240,1,1,Brand,D-sign,1,1,Color,Yellow-Brown,1,1,Type of color,Multicolor,1,1,Shape,Rectangular,1,1,Material,Acrylic,1,1,Type of rug,Modern,1,1,Weave,Handmade,1,1,Country,China,1,1,Age,New,1,1,170x240,D-sign,Yellow-Brown,Acrylic,,,,,,,,,1786453011,,,,,,,,,,,,WFBAY-170-240-E,,,,,,,,,,,,,,,,,,,
30810,simple,51457005,,Port  Rug Potnon Date Red Mandala 110x160 cm,1,0,hidden,Port Rug Potnon Date Red Mandala 110x160 cm,Port Rug Potnon Date Red Mandala 110x160 cm,,,taxable,,0,0,,0,0,,110,160,1.7,0,,,3756,"Rooms > Kids, Rugs > Kids, Rugs",,,"https://rugshop.eu/wp-content/uploads/2021/09/port-rug-potnon-date-red-mandala.jpg, https://rugshop.eu/wp-content/uploads/2021/09/port-rug-potnon-date-red-mandala-1.jpg",,,,,,,,,4908,,,Size,110x160,1,1,Brand,D-sign,1,1,Color,Red,1,1,Type of color,Multicolor,1,1,Shape,Rectangular,1,1,Material,Acrylic,1,1,Type of rug,Modern,1,1,Weave,Handmade,1,1,Country,China,1,1,Age,New,1,1,110x160,D-sign,Red,Acrylic,default,default,default,default,,,,,1786453012,,,,,,,,,,,,DCD41-110-160-E,,,,,,,,,,,,,,,,,,,
30813,simple,51457006,,Port  Rug Potnon Fort Multicolor Feathers Ã˜ 130 cm,1,0,hidden,Port Rug Potnon Fort Multicolor Feathers Ã˜ 130 cm,Port Rug Potnon Fort Multicolor Feathers Ã˜ 130 cm,,,taxable,,0,0,,0,0,,130,130,1.7,0,,,3836,"Rooms > Kids, Rugs > Kids, Rugs",,,"https://rugshop.eu/wp-content/uploads/2021/09/port-rug-potnon-fort-multicolor-feathers.jpg, https://rugshop.eu/wp-content/uploads/2021/09/port-rug-potnon-fort-multicolor-feathers-1.jpg",,,,,,,,,4909,,,Size,Ã˜ 130,1,1,Brand,D-sign,1,1,Color,White-Beige,1,1,Type of color,Multicolor,1,1,Shape,Round,1,1,Material,Acrylic,1,1,Type of rug,Modern,1,1,Weave,Handmade,1,1,Country,China,1,1,Age,New,1,1,Ã˜ 130,D-sign,White-Beige,Acrylic,default,default,default,default,,,,,1786453014,,,,,,,,,,,,FJPY4-130-130-R,,,,,,,,,,,,,,,,,,,
30816,simple,51457007,,Port  Rug Potnon Sti  Multicolor Butterfly 110x160 cm,1,0,hidden,Port Rug Potnon Sti Multicolor Butterfly 110x160 cm,Port Rug Potnon Sti Multicolor Butterfly 110x160 cm,,,taxable,,0,0,,0,0,,110,160,1.7,0,,,3756,"Rooms > Kids, Rugs > Kids, Rugs",,,"https://rugshop.eu/wp-content/uploads/2021/09/port-rug-potnon-sti-multicolor-butterfly.jpg, https://rugshop.eu/wp-content/uploads/2021/09/port-rug-potnon-sti-multicolor-butterfly-1.jpg",,,,,,,,,4914,,,Size,110x160,1,1,Brand,D-sign,1,1,Color,"Green, Pink-Purple",1,1,Type of color,Multicolor,1,1,Shape,Rectangular,1,1,Material,Acrylic,1,1,Type of rug,Modern,1,1,Weave,Handmade,1,1,Country,China,1,1,Age,New,1,1,110x160,D-sign,Green | Pink-Purple,Acrylic,default,default,default,default,,,,,1786453016,,,,,,,,,,,,WWPS7-110-160-E,,,,,,,,,,,,,,,,,,,
30822,simple,51457010,,Port  Rug Potnon Tier Multicolor Indian 130x130 cm,1,0,hidden,Port Rug Potnon Tier Multicolor Indian 130x130 cm,Port Rug Potnon Tier Multicolor Indian 130x130 cm,,,taxable,,0,0,,0,0,,130,130,1.7,0,,,3836,"Rooms > Kids, Rugs > Kids, Rugs",,,"https://rugshop.eu/wp-content/uploads/2021/09/port-rug-potnon-tier-multicolor-indian.jpg, https://rugshop.eu/wp-content/uploads/2021/09/port-rug-potnon-tier-multicolor-indian-1.jpg",,,,,,,,,4915,,,Size,130x130,1,1,Brand,D-sign,1,1,Color,White-Beige,1,1,Type of color,Multicolor,1,1,Shape,Square,1,1,Material,Acrylic,1,1,Type of rug,Modern,1,1,Weave,Handmade,1,1,Country,China,1,1,Age,New,1,1,130x130,D-sign,White-Beige,Acrylic,default,default,default,default,,,,,1786453018,,,,,,,,,,,,TMUX1-130-130-E,,,,,,,,,,,,,,,,,,,
30825,simple,51457011,,Rug Potnon Ham Blue Icons 110x160 cm,1,0,hidden,Port Rug Potnon Ham Blue Icons 110x160 cm,Port Rug Potnon Ham Blue Icons 110x160 cm,,,taxable,,0,0,,0,0,,110,160,1.7,0,,,3836,"Rooms > Kids, Rugs > Kids, Rugs",,,"https://rugshop.eu/wp-content/uploads/2021/09/port-rug-potnon-ham-blue-icons.jpg, https://rugshop.eu/wp-content/uploads/2021/09/port-rug-potnon-ham-blue-icons-1.jpg",,,,,,,,,4910,,,Size,110x160,1,1,Brand,D-sign,1,1,Color,Blue,1,1,Type of color,Multicolor,1,1,Shape,Rectangular,1,1,Material,Acrylic,1,1,Type of rug,Modern,1,1,Weave,Handmade,1,1,Country,China,1,1,Age,New,1,1,110x160,D-sign,Blue,Acrylic,default,default,default,default,,,,,1786453021,,,,,,,,,,,,IN1YK-110-160-E,,,,,,,,,,,,,,,,,,,
30837,simple,51457058,,Fairber Rug Dert Taupe/Orange 70x140 cm,1,0,hidden,Fairber Rug Dert Taupe/Orange 70x140 cm,Fairber Rug Dert Taupe/Orange 70x140 cm,,,taxable,,0,0,,0,0,,70,140,1.7,1,,,4876,"Rooms > Entrance & Corridor, Rugs > Modern, Rugs",,,"https://rugshop.eu/wp-content/uploads/2021/09/fairber-rug-dert-taupe-orange.jpg, https://rugshop.eu/wp-content/uploads/2021/09/fairber-rug-dert-taupe-orange-1.jpg",,,,,,,,,2853,,,Size,70x140,1,1,Brand,D-sign,1,1,Color,Yellow-Brown,1,1,Type of color,Multicolor,1,1,Shape,Runner,1,1,Material,Acrylic,1,1,Type of rug,Modern,1,1,Weave,Handmade,1,1,Country,China,1,1,Age,New,1,1,70x140,D-sign,Yellow-Brown,Acrylic,,,,,,,,,1786453023,,,,,,,,,,,,6GQVD-70-140-E,,,,,,,,,,,,,,,,,,,
30855,simple,51457088,,Shilboy Rug Ztos Pastel Music 170x240 cm,1,0,hidden,Shilboy Rug Ztos Pastel Music 170x240 cm,Shilboy Rug Ztos Pastel Music 170x240 cm,,,taxable,,0,0,,0,0,,170,240,1.6,0,,,4556,"Rooms > Kids, Rugs > Kids, Rugs",,,"https://rugshop.eu/wp-content/uploads/2021/09/shilboy-rug-ztos-pastel-music.jpg, https://rugshop.eu/wp-content/uploads/2021/09/shilboy-rug-ztos-pastel-music-1.jpg",,,,,,,,,5062,,,Size,170x240,1,1,Brand,D-sign,1,1,Color,"Blue, Pink-Purple",1,1,Type of color,Multicolor,1,1,Shape,Rectangular,1,1,Material,Acrylic,1,1,Type of rug,Modern,1,1,Weave,Handmade,1,1,Country,China,1,1,Age,New,1,1,170x240,D-sign,Blue | Pink-Purple,Acrylic,default,default,default,default,,,,,1786453025,,,,,,,,,,,,3X4O7-170-240-E,,,,,,,,,,,,,,,,,,,
30873,simple,51457133,,Shilboy Rug Meph Multicolor Owl 130x130 cm,1,0,hidden,Shilboy Rug Meph Multicolor Owl 130x130 cm,Shilboy Rug Meph Multicolor Owl 130x130 cm,,,taxable,,0,0,,0,0,,130,130,1.6,0,,,3276,"Rooms > Kids, Rugs > Kids, Rugs",,,"https://rugshop.eu/wp-content/uploads/2021/09/shilboy-rug-meph-multicolor-owl.jpg, https://rugshop.eu/wp-content/uploads/2021/09/shilboy-rug-meph-multicolor-owl-1.jpg",,,,,,,,,5036,,,Size,130x130,1,1,Brand,D-sign,1,1,Color,Black-Grey,1,1,Type of color,Multicolor,1,1,Shape,Square,1,1,Material,Acrylic,1,1,Type of rug,Modern,1,1,Weave,Handmade,1,1,Country,China,1,1,Age,New,1,1,130x130,D-sign,Black-Grey,Acrylic,default,default,default,default,,,,,1786453026,,,,,,,,,,,classic-editor,NI5OQ-130-130-E,,,,,,,,,,,,,,,,,,,
30879,simple,51457135,,Shilboy Rug Weph Multicolor Usa 140x200 cm,1,0,hidden,Shilboy Rug Weph Multicolor Usa 140x200 cm,Shilboy Rug Weph Multicolor Usa 140x200 cm,,,taxable,,0,0,,0,0,,140,200,1.6,1,,,6476,"Rooms > Bedroom, Rugs > Modern, Rugs",,,"https://rugshop.eu/wp-content/uploads/2021/09/shilboy-rug-weph-multicolor-usa.jpg, https://rugshop.eu/wp-content/uploads/2021/09/shilboy-rug-weph-multicolor-usa-1.jpg",,,,,,,,,5059,,,Size,140x200,1,1,Brand,D-sign,1,1,Color,Blue,1,1,Type of color,Multicolor,1,1,Shape,Rectangular,1,1,Material,Acrylic,1,1,Type of rug,Modern,1,1,Weave,Handmade,1,1,Country,China,1,1,Age,New,1,1,140x200,D-sign,Blue,Acrylic,,,,,,,,,1786453028,,,,,,,,,,,,LJ8UA-140-200-E,,,,,,,,,,,,,,,,,,,
30885,simple,51457137,,Shilboy Rug Veph Violet Owl 130x130 cm,1,0,hidden,Shilboy Rug Veph Violet Owl 130x130 cm,Shilboy Rug Veph Violet Owl 130x130 cm,,,taxable,,0,0,,0,0,,130,130,1.6,0,,,2716,"Rooms > Kids, Rugs > Kids, Rugs",,,"https://rugshop.eu/wp-content/uploads/2021/09/shilboy-rug-veph-violet-owl.jpg, https://rugshop.eu/wp-content/uploads/2021/09/shilboy-rug-veph-violet-owl-1.jpg",,,,,,,,,5057,,,Size,130x130,1,1,Brand,D-sign,1,1,Color,Pink-Purple,1,1,Type of color,Multicolor,1,1,Shape,Square,1,1,Material,Acrylic,1,1,Type of rug,Modern,1,1,Weave,Handmade,1,1,Country,China,1,1,Age,New,1,1,130x130,D-sign,Pink-Purple,Acrylic,default,default,default,default,,,,,1786453031,,,,,,,,,,,,NNXV8-130-130-E,,,,,,,,,,,,,,,,,,,
30888,simple,51457138,,Shilboy Rug Peph Pink Castle 90x150 cm,1,0,hidden,Shilboy Rug Peph Pink Castle 90x150 cm,Shilboy Rug Peph Pink Castle 90x150 cm,,,taxable,,0,0,,0,0,,90,150,1.6,0,,,3276,"Rooms > Kids, Rugs > Kids, Rugs",,,"https://rugshop.eu/wp-content/uploads/2021/09/shilboy-rug-peph-pink-castle.jpg, https://rugshop.eu/wp-content/uploads/2021/09/shilboy-rug-peph-pink-castle-1.jpg",,,,,,,,,5045,,,Size,90x150,1,1,Brand,D-sign,1,1,Color,Pink-Purple,1,1,Type of color,Multicolor,1,1,Shape,Rectangular,1,1,Material,Acrylic,1,1,Type of rug,Modern,1,1,Weave,Handmade,1,1,Country,China,1,1,Age,New,1,1,90x150,D-sign,Pink-Purple,Acrylic,default,default,default,default,,,,,1786453033,,,,,,,,,,,,M18BL-90-150-E,,,,,,,,,,,,,,,,,,,
30891,simple,51457139,,Shilboy Rug Beph Multicolor Woman 140x200 cm,1,0,hidden,Shilboy Rug Beph Multicolor Woman 140x200 cm,Shilboy Rug Beph Multicolor Woman 140x200 cm,,,taxable,,0,0,,0,0,,140,200,1.6,0,,,1756,"Rooms > Kids, Rugs > Kids, Rugs",,,"https://rugshop.eu/wp-content/uploads/2021/09/shilboy-rug-beph-multicolor-woman.jpg, https://rugshop.eu/wp-content/uploads/2021/09/shilboy-rug-beph-multicolor-woman-1.jpg",,,,,,,,,5019,,,Size,140x200,1,1,Brand,D-sign,1,1,Color,Red,1,1,Type of color,Multicolor,1,1,Shape,Rectangular,1,1,Material,Acrylic,1,1,Type of rug,Modern,1,1,Weave,Handmade,1,1,Country,China,1,1,Age,New,1,1,140x200,D-sign,Red,Acrylic,default,default,default,default,,,,,1786453034,,,,,,,,,,,,NLHL8-140-200-E,,,,,,,,,,,,,,,,,,,
30894,simple,51457141,,Shilboy Rug Neph Multicolor Coon 75x160 cm,1,0,hidden,Shilboy Rug Neph Multicolor Coon 75x160 cm,Shilboy Rug Neph Multicolor Coon 75x160 cm,,,taxable,,0,0,,0,0,,75,160,1.6,0,,,4876,"Rooms > Kids, Rugs > Kids, Rugs",,,"https://rugshop.eu/wp-content/uploads/2021/09/shilboy-rug-neph-multicolor-coon.jpg, https://rugshop.eu/wp-content/uploads/2021/09/shilboy-rug-neph-multicolor-coon-1.jpg",,,,,,,,,5039,,,Size,75x160,1,1,Brand,D-sign,1,1,Color,Black-Grey,1,1,Type of color,Multicolor,1,1,Shape,Runner,1,1,Material,Acrylic,1,1,Type of rug,Modern,1,1,Weave,Handmade,1,1,Country,China,1,1,Age,New,1,1,75x160,D-sign,Black-Grey,Acrylic,default,default,default,default,,,,,1786453035,,,,,,,,,,,,M7OXX-75-160-E,,,,,,,,,,,,,,,,,,,
30897,simple,51457168,,Fairber Rug Frisee Sed Light Gray 170x240 cm,1,0,hidden,Fairber Rug Frisee Sed Light Gray 170x240 cm,Fairber Rug Frisee Sed Light Gray 170x240 cm,,,taxable,,0,0,,0,0,,170,240,1.7,1,,,1596,"Rooms > Living room, Rugs > Modern, Rugs",,,"https://rugshop.eu/wp-content/uploads/2021/09/fairber-rug-frisee-sed-light-gray.jpg, https://rugshop.eu/wp-content/uploads/2021/09/fairber-rug-frisee-sed-light-gray-1.jpg",,,,,,,,,2858,,,Size,170x240,1,1,Brand,D-sign,1,1,Color,Black-Grey,1,1,Type of color,Multicolor,1,1,Shape,Rectangular,1,1,Material,Acrylic,1,1,Type of rug,Modern,1,1,Weave,Handmade,1,1,Country,China,1,1,Age,New,1,1,170x240,D-sign,Black-Grey,Acrylic,,,,,,,,,1786453036,,,,,,,,,,,,V1XYF-170-240-E,,,,,,,,,,,,,,,,,,,
30900,simple,51457169,,Fairber Rug Frisee Ned Taupe/Gray 70x140 cm,1,0,hidden,Fairber Rug Frisee Ned Taupe/Gray 70x140 cm,Fairber Rug Frisee Ned Taupe/Gray 70x140 cm,,,taxable,,0,0,,0,0,,70,140,1.7,1,,,2316,"Rooms > Entrance & Corridor, Rugs > Modern, Rugs",,,"https://rugshop.eu/wp-content/uploads/2021/09/fairber-rug-frisee-ned-taupe-gray.jpg, https://rugshop.eu/wp-content/uploads/2021/09/fairber-rug-frisee-ned-taupe-gray-1.jpg",,,,,,,,,2857,,,Size,70x140,1,1,Brand,D-sign,1,1,Color,Black-Grey,1,1,Type of color,Multicolor,1,1,Shape,Runner,1,1,Material,Acrylic,1,1,Type of rug,Modern,1,1,Weave,Handmade,1,1,Country,China,1,1,Age,New,1,1,70x140,D-sign,Black-Grey,Acrylic,,,,,,,,,1786453037,,,,,,,,,,,,V65KN-70-140-E,,,,,,,,,,,,,,,,,,,
35483,variable,56902295-H,,D-sign Rug 1D0016 Black,1,0,hidden,D-sign Rug 1D0016 Black ,D-sign Rug 1D0016 Black ,,,taxable,,0,,,0,0,,,,,1,,,,"Rooms > Bedroom, Rooms > Living room, Rugs > Modern, Rugs",,,"https://rugshop.eu/wp-content/uploads/2021/10/carpet-circle-trendy-159-black.jpg, https://rugshop.eu/wp-content/uploads/2021/10/carpet-circle-trendy-159-black-1.jpg, https://rugshop.eu/wp-content/uploads/2021/10/carpet-circle-trendy-159-black-2.jpg",,,,,,,,,465,,,Size,"100, 133, 150, 170, 200",1,1,Brand,D-sign,1,1,Color,Black-Grey,1,1,Type of color,Singlecolor,1,1,Shape,Round,1,1,Material,Polypropen,1,1,Type of rug,Modern,1,1,Weave,Machinemade,1,1,Country,Belgium,1,1,Age,New,1,1,,,,,,,,,,,,,1786453183,yes,yes,,,,,,,,,classic-editor,,,,,,,,,,,,,,,,,,,,
35486,variable,56901786-H,,D-sign Rug 1D0023 Beige,1,0,hidden,D-sign Rug 1D0023 Beige ,D-sign Rug 1D0023 Beige ,,,taxable,,0,,,0,0,,,,,1,,,,"Rooms > Bedroom, Rooms > Living room, Rugs > Modern, Rugs",,,"https://rugshop.eu/wp-content/uploads/2021/10/carpet-round-eton-beige.jpg, https://rugshop.eu/wp-content/uploads/2021/10/carpet-round-eton-beige-1.jpg, https://rugshop.eu/wp-content/uploads/2021/10/carpet-round-eton-beige-2.jpg, https://rugshop.eu/wp-content/uploads/2021/10/carpet-round-eton-beige-3.jpg",,,,,,,,,468,,,Size,"100, 133, 150, 170, 200",1,1,Brand,D-sign,1,1,Color,White-Beige,1,1,Type of color,Singlecolor,1,1,Shape,Round,1,1,Material,Polypropen,1,1,Type of rug,Modern,1,1,Weave,Machinemade,1,1,Country,Belgium,1,1,Age,New,1,1,,,,,,,,,,,,,1786453166,yes,yes,,,,,,,,,,,,,,,,,,,,,,,,,,,,,
35504,variation,56902295,,D-sign Rug 1D0016 Black - 100,1,0,hidden,,D-sign Rug 1D0016 Black 100 cm,,,taxable,parent,0,0,,0,0,,100,100,1,0,,,604,,,,,,,56902295-H,,,,,,1,,,Size,100,,1,,,,,,,,,,,,,,,,,,,,,,,,,,,,,,,,,,,,,100,,,,,,,,,,,,1786453175,,,,,,,,,,,,25052,,,,,,,,,,,,,,,,,,,
35505,variation,56902293,,D-sign Rug 1D0016 Black - 133,1,0,hidden,,D-sign Rug 1D0016 Black 133 cm,,,taxable,parent,0,0,,0,0,,133,133,1,0,,,764,,,,,,,56902295-H,,,,,,2,,,Size,133,,1,,,,,,,,,,,,,,,,,,,,,,,,,,,,,,,,,,,,,133,,,,,,,,,,,,1786453175,,,,,,,,,,,,25048,,,,,,,,,,,,,,,,,,,
35506,variation,56902317,,D-sign Rug 1D0016 Black - 150,1,0,hidden,,D-sign Rug 1D0016 Black 150 cm,,,taxable,parent,0,0,,0,0,,150,150,1,0,,,860,,,,,,,56902295-H,,,,,,3,,,Size,150,,1,,,,,,,,,,,,,,,,,,,,,,,,,,,,,,,,,,,,,150,,,,,,,,,,,,1786453176,,,,,,,,,,,,25049,,,,,,,,,,,,,,,,,,,
35507,variation,56902294,,D-sign Rug 1D0016 Black - 170,1,0,hidden,,D-sign Rug 1D0016 Black 170 cm,,,taxable,parent,0,0,,0,0,,170,170,1,0,,,996,,,,,,,56902295-H,,,,,,4,,,Size,170,,1,,,,,,,,,,,,,,,,,,,,,,,,,,,,,,,,,,,,,170,,,,,,,,,,,,1786453175,,,,,,,,,,,,25050,,,,,,,,,,,,,,,,,,,
35508,variation,56902296,,D-sign Rug 1D0016 Black - 200,1,0,hidden,,D-sign Rug 1D0016 Black 200 cm,,,taxable,parent,0,0,,0,0,,200,200,1,0,,,1236,,,,,,,56902295-H,,,,,,5,,,Size,200,,1,,,,,,,,,,,,,,,,,,,,,,,,,,,,,,,,,,,,,200,,,,,,,,,,,,1786453175,,,,,,,,,,,,25051,,,,,,,,,,,,,,,,,,,
35523,variable,56901788-H,,D-sign Rug 1D0024 Red,1,0,hidden,D-sign Rug 1D0024 Red ,D-sign Rug 1D0024 Red ,,,taxable,,0,,,0,0,,,,,1,,,,"Rooms > Bedroom, Rooms > Living room, Rugs > Modern, Rugs",,,"https://rugshop.eu/wp-content/uploads/2021/10/carpet-round-eton-red.jpg, https://rugshop.eu/wp-content/uploads/2021/10/carpet-round-eton-red-1.jpg, https://rugshop.eu/wp-content/uploads/2021/10/carpet-round-eton-red-2.jpg",,,,,,,,,469,,,Size,"100, 133, 150, 170, 200",1,1,Brand,D-sign,1,1,Color,Red,1,1,Type of color,Singlecolor,1,1,Shape,Round,1,1,Material,Polypropen,1,1,Type of rug,Modern,1,1,Weave,Machinemade,1,1,Country,Belgium,1,1,Age,New,1,1,,,,,,,,,,,,,1786453161,yes,yes,,,,,,,,,,,,,,,,,,,,,,,,,,,,,
35524,variable,56901575-H,,D-sign Rug 1D0025 Purple,1,0,hidden,D-sign Rug 1D0025 Purple ,D-sign Rug 1D0025 Purple ,,,taxable,,0,,,0,0,,,,,1,,,,"Rooms > Bedroom, Rooms > Living room, Rugs > Modern, Rugs",,,"https://rugshop.eu/wp-content/uploads/2021/10/carpet-round-eton-purple.jpg, https://rugshop.eu/wp-content/uploads/2021/10/carpet-round-eton-purple-1.jpg, https://rugshop.eu/wp-content/uploads/2021/10/carpet-round-eton-purple-2.jpg, https://rugshop.eu/wp-content/uploads/2021/10/carpet-round-eton-purple-3.jpg",,,,,,,,,470,,,Size,"100, 133, 150, 170, 200",1,1,Brand,D-sign,1,1,Color,Pink-Purple,1,1,Type of color,Singlecolor,1,1,Shape,Round,1,1,Material,Polypropen,1,1,Type of rug,Modern,1,1,Weave,Machinemade,1,1,Country,Belgium,1,1,Age,New,1,1,,,,,,,,,,,,,1786453162,yes,yes,,,,,,,,,classic-editor,,,,,,,,,,,,,,,,,,,,
35525,variable,56901579-H,,D-sign Rug 1D0026 Green,1,0,hidden,D-sign Rug 1D0026 Green ,D-sign Rug 1D0026 Green ,,,taxable,,0,,,0,0,,,,,1,,,,"Rooms > Bedroom, Rooms > Living room, Rugs > Modern, Rugs",,,"https://rugshop.eu/wp-content/uploads/2021/10/carpet-round-eton-green.jpg, https://rugshop.eu/wp-content/uploads/2021/10/carpet-round-eton-green-1.jpg, https://rugshop.eu/wp-content/uploads/2021/10/carpet-round-eton-green-2.jpg",,,,,,,,,471,,,Size,"100, 133, 150, 170, 200",1,1,Brand,D-sign,1,1,Color,Green,1,1,Type of color,Singlecolor,1,1,Shape,Round,1,1,Material,Polypropen,1,1,Type of rug,Modern,1,1,Weave,Machinemade,1,1,Country,Belgium,1,1,Age,New,1,1,,,,,,,,,,,,,1786453163,yes,yes,,,,,,,,,,,,,,,,,,,,,,,,,,,,,
35537,variation,56901786,,D-sign Rug 1D0023 Beige - 100,1,0,hidden,,D-sign Rug 1D0023 Beige 100 cm,,,taxable,parent,0,0,,0,0,,100,100,1.1,0,,,604,,,,,,,56901786-H,,,,,,1,,,Size,100,,1,,,,,,,,,,,,,,,,,,,,,,,,,,,,,,,,,,,,,100,,,,,,,,,,,,1786453153,,,,,,,,,,,,36832,,,,,,,,,,,,,,,,,,,
35538,variation,56901789,,D-sign Rug 1D0023 Beige - 133,1,0,hidden,,D-sign Rug 1D0023 Beige 133 cm,,,taxable,parent,0,0,,0,0,,133,133,1.1,0,,,764,,,,,,,56901786-H,,,,,,2,,,Size,133,,1,,,,,,,,,,,,,,,,,,,,,,,,,,,,,,,,,,,,,133,,,,,,,,,,,,1786453153,,,,,,,,,,,,36831,,,,,,,,,,,,,,,,,,,
35539,variation,56901787,,D-sign Rug 1D0023 Beige - 150,1,0,hidden,,D-sign Rug 1D0023 Beige 150 cm,,,taxable,parent,0,0,,0,0,,150,150,1.1,0,,,860,,,,,,,56901786-H,,,,,,3,,,Size,150,,1,,,,,,,,,,,,,,,,,,,,,,,,,,,,,,,,,,,,,150,,,,,,,,,,,,1786453153,,,,,,,,,,,,36828,,,,,,,,,,,,,,,,,,,
35540,variation,56901784,,D-sign Rug 1D0023 Beige - 170,1,0,hidden,,D-sign Rug 1D0023 Beige 170 cm,,,taxable,parent,0,0,,0,0,,170,170,1.1,0,,,996,,,,,,,56901786-H,,,,,,4,,,Size,170,,1,,,,,,,,,,,,,,,,,,,,,,,,,,,,,,,,,,,,,170,,,,,,,,,,,,1786453152,,,,,,,,,,,,36829,,,,,,,,,,,,,,,,,,,
35541,variation,56901785,,D-sign Rug 1D0023 Beige - 200,1,0,hidden,,D-sign Rug 1D0023 Beige 200 cm,,,taxable,parent,0,0,,0,0,,200,200,1.1,0,,,1236,,,,,,,56901786-H,,,,,,5,,,Size,200,,1,,,,,,,,,,,,,,,,,,,,,,,,,,,,,,,,,,,,,200,,,,,,,,,,,,1786453152,,,,,,,,,,,,36830,,,,,,,,,,,,,,,,,,,
35546,variation,56901788,,D-sign Rug 1D0024 Red - 100,1,0,hidden,,D-sign Rug 1D0024 Red 100 cm,,,taxable,parent,0,0,,0,0,,100,100,1.1,0,,,604,,,,,,,56901788-H,,,,,,1,,,Size,100,,1,,,,,,,,,,,,,,,,,,,,,,,,,,,,,,,,,,,,,100,,,,,,,,,,,,1786453153,,,,,,,,,,,,36837,,,,,,,,,,,,,,,,,,,
35547,variation,56901576,,D-sign Rug 1D0024 Red - 133,1,0,hidden,,D-sign Rug 1D0024 Red 133 cm,,,taxable,parent,0,0,,0,0,,133,133,1.1,0,,,764,,,,,,,56901788-H,,,,,,2,,,Size,133,,1,,,,,,,,,,,,,,,,,,,,,,,,,,,,,,,,,,,,,133,,,,,,,,,,,,1786453151,,,,,,,,,,,,36836,,,,,,,,,,,,,,,,,,,
35548,variation,56901573,,D-sign Rug 1D0024 Red - 150,1,0,hidden,,D-sign Rug 1D0024 Red 150 cm,,,taxable,parent,0,0,,0,0,,150,150,1.1,0,,,860,,,,,,,56901788-H,,,,,,3,,,Size,150,,1,,,,,,,,,,,,,,,,,,,,,,,,,,,,,,,,,,,,,150,,,,,,,,,,,,1786453150,,,,,,,,,,,,36833,,,,,,,,,,,,,,,,,,,
35549,variation,56901572,,D-sign Rug 1D0024 Red - 170,1,0,hidden,,D-sign Rug 1D0024 Red 170 cm,,,taxable,parent,0,0,,0,0,,170,170,1.1,0,,,996,,,,,,,56901788-H,,,,,,4,,,Size,170,,1,,,,,,,,,,,,,,,,,,,,,,,,,,,,,,,,,,,,,170,,,,,,,,,,,,1786453150,,,,,,,,,,,,36834,,,,,,,,,,,,,,,,,,,
35550,variation,56901574,,D-sign Rug 1D0024 Red - 200,1,0,hidden,,D-sign Rug 1D0024 Red 200 cm,,,taxable,parent,0,0,,0,0,,200,200,1.1,0,,,1236,,,,,,,56901788-H,,,,,,5,,,Size,200,,1,,,,,,,,,,,,,,,,,,,,,,,,,,,,,,,,,,,,,200,,,,,,,,,,,,1786453150,,,,,,,,,,,,36835,,,,,,,,,,,,,,,,,,,
35556,variation,56901575,,D-sign Rug 1D0025 Purple - 100,1,0,hidden,,D-sign Rug 1D0025 Purple 100 cm,,,taxable,parent,0,0,,0,0,,100,100,1.1,0,,,604,,,,,,,56901575-H,,,,,,1,,,Size,100,,1,,,,,,,,,,,,,,,,,,,,,,,,,,,,,,,,,,,,,100,,,,,,,,,,,,1786453150,,,,,,,,,,,,36842,,,,,,,,,,,,,,,,,,,
35557,variation,56901577,,D-sign Rug 1D0025 Purple - 133,1,0,hidden,,D-sign Rug 1D0025 Purple 133 cm,,,taxable,parent,0,0,,0,0,,133,133,1.1,0,,,764,,,,,,,56901575-H,,,,,,2,,,Size,133,,1,,,,,,,,,,,,,,,,,,,,,,,,,,,,,,,,,,,,,133,,,,,,,,,,,,1786453151,,,,,,,,,,,,36841,,,,,,,,,,,,,,,,,,,
35558,variation,56901578,,D-sign Rug 1D0025 Purple - 150,1,0,hidden,,D-sign Rug 1D0025 Purple 150 cm,,,taxable,parent,0,0,,0,0,,150,150,1.1,0,,,860,,,,,,,56901575-H,,,,,,3,,,Size,150,,1,,,,,,,,,,,,,,,,,,,,,,,,,,,,,,,,,,,,,150,,,,,,,,,,,,1786453151,,,,,,,,,,,,36838,,,,,,,,,,,,,,,,,,,
35559,variation,56901571,,D-sign Rug 1D0025 Purple - 170,1,0,hidden,,D-sign Rug 1D0025 Purple 170 cm,,,taxable,parent,0,0,,0,0,,170,170,1.1,0,,,996,,,,,,,56901575-H,,,,,,4,,,Size,170,,1,,,,,,,,,,,,,,,,,,,,,,,,,,,,,,,,,,,,,170,,,,,,,,,,,,,,,,,,,,,,,,36839,,,,,,,,,,,,,,,,,,,
35560,variation,56901580,,D-sign Rug 1D0025 Purple - 200,1,0,hidden,,D-sign Rug 1D0025 Purple 200 cm,,,taxable,parent,0,0,,0,0,,200,200,1.1,0,,,1236,,,,,,,56901575-H,,,,,,5,,,Size,200,,1,,,,,,,,,,,,,,,,,,,,,,,,,,,,,,,,,,,,,200,,,,,,,,,,,,,,,,,,,,,,,,36840,,,,,,,,,,,,,,,,,,,
35565,variable,56901833-H,,D-sign Rug 1D0033 Blue,1,0,hidden,D-sign Rug 1D0033 Blue,D-sign Rug 1D0033 Blue,,,taxable,,0,,,0,0,,,,,0,,,,"Rooms > Kids, Rugs > Kids, Rugs",,,"https://rugshop.eu/wp-content/uploads/2021/10/carpet-children-happy-c176-blue-monkey.jpg, https://rugshop.eu/wp-content/uploads/2021/10/carpet-children-happy-c176-blue-monkey-1.jpg, https://rugshop.eu/wp-content/uploads/2021/10/carpet-children-happy-c176-blue-monkey-2.jpg",,,,,,,,,478,,,Size,"120x170, 140x190, 160x220, 200x280, 240x330, 280x370",1,1,Brand,D-sign,1,1,Color,Blue,1,1,Type of color,Multicolor,1,1,Shape,Rectangular,1,1,Material,Polypropen,1,1,Type of rug,Modern,1,1,Weave,Machinemade,1,1,Age,New,1,1,,,,,,,,,default,default,default,default,,,,,1786453487,yes,yes,,,,,,,,,,,,,,,,,,,,,,,,,,,,,
35566,variable,56901832-H,,D-sign Rug 1D0034 Pink,1,0,hidden,D-sign Rug 1D0034 Pink,D-sign Rug 1D0034 Pink,,,taxable,,0,,,0,0,,,,,0,,,,"Rooms > Kids, Rugs > Kids, Rugs",,,"https://rugshop.eu/wp-content/uploads/2021/10/carpet-children-happy-c210-pink-teddy-bear.jpg, https://rugshop.eu/wp-content/uploads/2021/10/carpet-children-happy-c210-pink-teddy-bear-1.jpg, https://rugshop.eu/wp-content/uploads/2021/10/carpet-children-happy-c210-pink-teddy-bear-2.jpg",,,,,,,,,479,,,Size,"120x170, 140x190, 160x220, 200x280, 240x330, 280x370",1,1,Brand,D-sign,1,1,Color,Pink-Purple,1,1,Type of color,Multicolor,1,1,Shape,Rectangular,1,1,Material,Polypropen,1,1,Type of rug,Modern,1,1,Weave,Machinemade,1,1,Age,New,1,1,,,,,,,,,default,default,default,default,,,,,1786453167,yes,yes,,,,,,,,,,,,,,,,,,,,,,,,,,,,,
35567,variable,56901851-H,,D-sign Rug 1D0035 Grey,1,0,hidden,D-sign Rug 1D0035 Grey,D-sign Rug 1D0035 Grey,,,taxable,,0,,,0,0,,,,,0,,,,"Rooms > Kids, Rugs > Kids, Rugs",,,"https://rugshop.eu/wp-content/uploads/2021/10/carpet-children-happy-c222-grey-car.jpg, https://rugshop.eu/wp-content/uploads/2021/10/carpet-children-happy-c222-grey-car-1.jpg, https://rugshop.eu/wp-content/uploads/2021/10/carpet-children-happy-c222-grey-car-2.jpg",,,,,,,,,480,,,Size,"120x170, 140x190, 160x220, 200x280, 240x330, 280x370",1,1,Brand,D-sign,1,1,Color,Blue,1,1,Type of color,Multicolor,1,1,Shape,Rectangular,1,1,Material,Polypropen,1,1,Type of rug,Modern,1,1,Weave,Machinemade,1,1,Age,New,1,1,,,,,,,,,default,default,default,default,,,,,1786453492,yes,yes,,,,,,,,,,,,,,,,,,,,,,,,,,,,,
35568,variation,56901579,,D-sign Rug 1D0026 Green - 100,1,0,hidden,,D-sign Rug 1D0026 Green 100 cm,,,taxable,parent,0,0,,0,0,,100,100,1.1,0,,,604,,,,,,,56901579-H,,,,,,1,,,Size,100,,1,,,,,,,,,,,,,,,,,,,,,,,,,,,,,,,,,,,,,100,,,,,,,,,,,,1786453151,,,,,,,,,,,,36852,,,,,,,,,,,,,,,,,,,
35569,variation,56901831,,D-sign Rug 1D0026 Green - 133,1,0,hidden,,D-sign Rug 1D0026 Green 133 cm,,,taxable,parent,0,0,,0,0,,133,133,1.1,0,,,764,,,,,,,56901579-H,,,,,,2,,,Size,133,,1,,,,,,,,,,,,,,,,,,,,,,,,,,,,,,,,,,,,,133,,,,,,,,,,,,1786453154,,,,,,,,,,,,36851,,,,,,,,,,,,,,,,,,,
35570,variation,56901828,,D-sign Rug 1D0026 Green - 150,1,0,hidden,,D-sign Rug 1D0026 Green 150 cm,,,taxable,parent,0,0,,0,0,,150,150,1.1,0,,,860,,,,,,,56901579-H,,,,,,3,,,Size,150,,1,,,,,,,,,,,,,,,,,,,,,,,,,,,,,,,,,,,,,150,,,,,,,,,,,,1786453154,,,,,,,,,,,,36848,,,,,,,,,,,,,,,,,,,
35571,variation,56901829,,D-sign Rug 1D0026 Green - 170,1,0,hidden,,D-sign Rug 1D0026 Green 170 cm,,,taxable,parent,0,0,,0,0,,170,170,1.1,0,,,996,,,,,,,56901579-H,,,,,,4,,,Size,170,,1,,,,,,,,,,,,,,,,,,,,,,,,,,,,,,,,,,,,,170,,,,,,,,,,,,1786453154,,,,,,,,,,,,36849,,,,,,,,,,,,,,,,,,,
35572,variation,56901827,,D-sign Rug 1D0026 Green - 200,1,0,hidden,,D-sign Rug 1D0026 Green 200 cm,,,taxable,parent,0,0,,0,0,,200,200,1.1,0,,,1236,,,,,,,56901579-H,,,,,,5,,,Size,200,,1,,,,,,,,,,,,,,,,,,,,,,,,,,,,,,,,,,,,,200,,,,,,,,,,,,1786453153,,,,,,,,,,,,36850,,,,,,,,,,,,,,,,,,,
35587,variation,56901833,,D-sign Rug 1D0033 Blue - 120x170,1,0,hidden,,D-sign Rug 1D0033 Blue 120x170 cm,,,taxable,parent,0,0,,0,0,,170,120,1.3,0,,,1092,,,,,,,56901833-H,,,,,,1,,,Size,120x170,,1,,,,,,,,,,,,,,,,,,,,,,,,,,,,,,,,,,,,,120x170,,,,,,,,,,,,,,,,,,,,,,,,46160,,,,,,,,,,,,,,,,,,,
35588,variation,56905626,,D-sign Rug 1D0033 Blue - 140x190,1,0,hidden,,D-sign Rug 1D0033 Blue 140x190 cm,,,taxable,parent,0,0,,0,0,,190,140,1.3,0,,,1308,,,,,,,56901833-H,,,,,,2,,,Size,140x190,,1,,,,,,,,,,,,,,,,,,,,,,,,,,,,,,,,,,,,,140x190,,,,,,,,,,,,1786453467,,,,,,,,,,,,46159,,,,,,,,,,,,,,,,,,,
35589,variation,56905624,,D-sign Rug 1D0033 Blue - 160x220,1,0,hidden,,D-sign Rug 1D0033 Blue 160x220 cm,,,taxable,parent,0,0,,0,0,,220,160,1.3,0,,,1588,,,,,,,56901833-H,,,,,,3,,,Size,160x220,,1,,,,,,,,,,,,,,,,,,,,,,,,,,,,,,,,,,,,,160x220,,,,,,,,,,,,,,,,,,,,,,,,46158,,,,,,,,,,,,,,,,,,,
35590,variation,56905628,,D-sign Rug 1D0033 Blue - 200x280,1,0,hidden,,D-sign Rug 1D0033 Blue 200x280 cm,,,taxable,parent,0,0,,0,0,,280,200,1.3,0,,,2268,,,,,,,56901833-H,,,,,,4,,,Size,200x280,,1,,,,,,,,,,,,,,,,,,,,,,,,,,,,,,,,,,,,,200x280,,,,,,,,,,,,,,,,,,,,,,,,46971,,,,,,,,,,,,,,,,,,,
35591,variation,56905631,,D-sign Rug 1D0033 Blue - 240x330,1,0,hidden,,D-sign Rug 1D0033 Blue 240x330 cm,,,taxable,parent,0,0,,0,0,,330,240,1.3,0,,,3212,,,,,,,56901833-H,,,,,,5,,,Size,240x330,,1,,,,,,,,,,,,,,,,,,,,,,,,,,,,,,,,,,,,,240x330,,,,,,,,,,,,1786453467,,,,,,,,,,,,71319,,,,,,,,,,,,,,,,,,,
35592,variation,56905629,,D-sign Rug 1D0033 Blue - 280x370,1,0,hidden,,D-sign Rug 1D0033 Blue 280x370 cm,,,taxable,parent,0,0,,0,0,,370,280,1.3,0,,,3956,,,,,,,56901833-H,,,,,,6,,,Size,280x370,,1,,,,,,,,,,,,,,,,,,,,,,,,,,,,,,,,,,,,,280x370,,,,,,,,,,,,,,,,,,,,,,,,71320,,,,,,,,,,,,,,,,,,,
35597,variation,56901832,,D-sign Rug 1D0034 Pink - 120x170,1,0,hidden,,D-sign Rug 1D0034 Pink 120x170 cm,,,taxable,parent,0,0,,0,0,,170,120,1.3,0,,,1092,,,,,,,56901832-H,,,,,,1,,,Size,120x170,,1,,,,,,,,,,,,,,,,,,,,,,,,,,,,,,,,,,,,,120x170,,,,,,,,,,,,,,,,,,,,,,,,46164,,,,,,,,,,,,,,,,,,,
35598,variation,56905632,,D-sign Rug 1D0034 Pink - 140x190,1,0,hidden,,D-sign Rug 1D0034 Pink 140x190 cm,,,taxable,parent,0,0,,0,0,,190,140,1.3,0,,,1308,,,,,,,56901832-H,,,,,,2,,,Size,140x190,,1,,,,,,,,,,,,,,,,,,,,,,,,,,,,,,,,,,,,,140x190,,,,,,,,,,,,,,,,,,,,,,,,46165,,,,,,,,,,,,,,,,,,,
35599,variation,56905625,,D-sign Rug 1D0034 Pink - 160x220,1,0,hidden,,D-sign Rug 1D0034 Pink 160x220 cm,,,taxable,parent,0,0,,0,0,,220,160,1.3,0,,,1588,,,,,,,56901832-H,,,,,,3,,,Size,160x220,,1,,,,,,,,,,,,,,,,,,,,,,,,,,,,,,,,,,,,,160x220,,,,,,,,,,,,,,,,,,,,,,,,46166,,,,,,,,,,,,,,,,,,,
35600,variation,56905630,,D-sign Rug 1D0034 Pink - 200x280,1,0,hidden,,D-sign Rug 1D0034 Pink 200x280 cm,,,taxable,parent,0,0,,0,0,,280,200,1.3,0,,,2268,,,,,,,56901832-H,,,,,,4,,,Size,200x280,,1,,,,,,,,,,,,,,,,,,,,,,,,,,,,,,,,,,,,,200x280,,,,,,,,,,,,,,,,,,,,,,,,46972,,,,,,,,,,,,,,,,,,,
35601,variation,56901852,,D-sign Rug 1D0034 Pink - 240x330,1,0,hidden,,D-sign Rug 1D0034 Pink 240x330 cm,,,taxable,parent,0,0,,0,0,,330,240,1.3,0,,,3212,,,,,,,56901832-H,,,,,,5,,,Size,240x330,,1,,,,,,,,,,,,,,,,,,,,,,,,,,,,,,,,,,,,,240x330,,,,,,,,,,,,1786453154,,,,,,,,,,,,54552,,,,,,,,,,,,,,,,,,,
35602,variation,56901853,,D-sign Rug 1D0034 Pink - 280x370,1,0,hidden,,D-sign Rug 1D0034 Pink 280x370 cm,,,taxable,parent,0,0,,0,0,,370,280,1.3,0,,,4548,,,,,,,56901832-H,,,,,,6,,,Size,280x370,,1,,,,,,,,,,,,,,,,,,,,,,,,,,,,,,,,,,,,,280x370,,,,,,,,,,,,,,,,,,,,,,,,54838,,,,,,,,,,,,,,,,,,,
35607,variable,56901854-H,,D-sign Rug 1D0036 Pink,1,0,hidden,D-sign Rug 1D0036 Pink,D-sign Rug 1D0036 Pink,,,taxable,,0,,,0,0,,,,,0,,,,"Rooms > Kids, Rugs > Kids, Rugs",,,"https://rugshop.eu/wp-content/uploads/2021/10/carpet-children-happy-c224-pink-fairy.jpg, https://rugshop.eu/wp-content/uploads/2021/10/carpet-children-happy-c224-pink-fairy-1.jpg, https://rugshop.eu/wp-content/uploads/2021/10/carpet-children-happy-c224-pink-fairy-2.jpg",,,,,,,,,481,,,Size,"120x170, 140x190, 160x220, 200x280, 240x330, 280x370",1,1,Brand,D-sign,1,1,Color,Pink-Purple,1,1,Type of color,Multicolor,1,1,Shape,Rectangular,1,1,Material,Polypropen,1,1,Type of rug,Modern,1,1,Weave,Machinemade,1,1,Age,New,1,1,,,,,,,,,default,default,default,default,,,,,1786453481,yes,yes,,,,,,,,,,,,,,,,,,,,,,,,,,,,,
35612,variation,56901851,,D-sign Rug 1D0035 Grey - 120x170,1,0,hidden,,D-sign Rug 1D0035 Grey 120x170 cm,,,taxable,parent,0,0,,0,0,,170,120,1.3,0,,,1092,,,,,,,56901851-H,,,,,,1,,,Size,120x170,,1,,,,,,,,,,,,,,,,,,,,,,,,,,,,,,,,,,,,,120x170,,,,,,,,,,,,,,,,,,,,,,,,46167,,,,,,,,,,,,,,,,,,,
35613,variation,56905645,,D-sign Rug 1D0035 Grey - 140x190,1,0,hidden,,D-sign Rug 1D0035 Grey 140x190 cm,,,taxable,parent,0,0,,0,0,,190,140,1.3,0,,,1308,,,,,,,56901851-H,,,,,,2,,,Size,140x190,,1,,,,,,,,,,,,,,,,,,,,,,,,,,,,,,,,,,,,,140x190,,,,,,,,,,,,,,,,,,,,,,,,46168,,,,,,,,,,,,,,,,,,,
35614,variation,56905643,,D-sign Rug 1D0035 Grey - 160x220,1,0,hidden,,D-sign Rug 1D0035 Grey 160x220 cm,,,taxable,parent,0,0,,0,0,,220,160,1.3,0,,,1588,,,,,,,56901851-H,,,,,,3,,,Size,160x220,,1,,,,,,,,,,,,,,,,,,,,,,,,,,,,,,,,,,,,,160x220,,,,,,,,,,,,,,,,,,,,,,,,46169,,,,,,,,,,,,,,,,,,,
35615,variation,56905644,,D-sign Rug 1D0035 Grey - 200x280,1,0,hidden,,D-sign Rug 1D0035 Grey 200x280 cm,,,taxable,parent,0,0,,0,0,,280,200,1.3,0,,,2268,,,,,,,56901851-H,,,,,,4,,,Size,200x280,,1,,,,,,,,,,,,,,,,,,,,,,,,,,,,,,,,,,,,,200x280,,,,,,,,,,,,,,,,,,,,,,,,46973,,,,,,,,,,,,,,,,,,,
35616,variation,56905646,,D-sign Rug 1D0035 Grey - 240x330,1,0,hidden,,D-sign Rug 1D0035 Grey 240x330 cm,,,taxable,parent,0,0,,0,0,,330,240,1.3,0,,,3212,,,,,,,56901851-H,,,,,,5,,,Size,240x330,,1,,,,,,,,,,,,,,,,,,,,,,,,,,,,,,,,,,,,,240x330,,,,,,,,,,,,,,,,,,,,,,,,71325,,,,,,,,,,,,,,,,,,,
35617,variation,56905658,,D-sign Rug 1D0035 Grey - 280x370,1,0,hidden,,D-sign Rug 1D0035 Grey 280x370 cm,,,taxable,parent,0,0,,0,0,,370,280,1.3,0,,,4052,,,,,,,56901851-H,,,,,,6,,,Size,280x370,,1,,,,,,,,,,,,,,,,,,,,,,,,,,,,,,,,,,,,,280x370,,,,,,,,,,,,1786453470,,,,,,,,,,,,71326,,,,,,,,,,,,,,,,,,,
35622,variation,56901854,,D-sign Rug 1D0036 Pink - 120x170,1,0,hidden,,D-sign Rug 1D0036 Pink 120x170 cm,,,taxable,parent,0,0,,0,0,,170,120,1.3,0,,,1092,,,,,,,56901854-H,,,,,,1,,,Size,120x170,,1,,,,,,,,,,,,,,,,,,,,,,,,,,,,,,,,,,,,,120x170,,,,,,,,,,,,,,,,,,,,,,,,46170,,,,,,,,,,,,,,,,,,,
35623,variation,56905654,,D-sign Rug 1D0036 Pink - 140x190,1,0,hidden,,D-sign Rug 1D0036 Pink 140x190 cm,,,taxable,parent,0,0,,0,0,,190,140,1.3,0,,,1308,,,,,,,56901854-H,,,,,,2,,,Size,140x190,,1,,,,,,,,,,,,,,,,,,,,,,,,,,,,,,,,,,,,,140x190,,,,,,,,,,,,,,,,,,,,,,,,46171,,,,,,,,,,,,,,,,,,,
35624,variation,56905591,,D-sign Rug 1D0036 Pink - 160x220,1,0,hidden,,D-sign Rug 1D0036 Pink 160x220 cm,,,taxable,parent,0,0,,0,0,,220,160,1.3,0,,,1588,,,,,,,56901854-H,,,,,,3,,,Size,160x220,,1,,,,,,,,,,,,,,,,,,,,,,,,,,,,,,,,,,,,,160x220,,,,,,,,,,,,,,,,,,,,,,,,46172,,,,,,,,,,,,,,,,,,,
35625,variation,56905612,,D-sign Rug 1D0036 Pink - 200x280,1,0,hidden,,D-sign Rug 1D0036 Pink 200x280 cm,,,taxable,parent,0,0,,0,0,,280,200,1.3,0,,,2268,,,,,,,56901854-H,,,,,,4,,,Size,200x280,,1,,,,,,,,,,,,,,,,,,,,,,,,,,,,,,,,,,,,,200x280,,,,,,,,,,,,,,,,,,,,,,,,46974,,,,,,,,,,,,,,,,,,,
35626,variation,56905587,,D-sign Rug 1D0036 Pink - 240x330,1,0,hidden,,D-sign Rug 1D0036 Pink 240x330 cm,,,taxable,parent,0,0,,0,0,,330,240,1.3,0,,,3212,,,,,,,56901854-H,,,,,,5,,,Size,240x330,,1,,,,,,,,,,,,,,,,,,,,,,,,,,,,,,,,,,,,,240x330,,,,,,,,,,,,1786453465,,,,,,,,,,,,54553,,,,,,,,,,,,,,,,,,,
35627,variation,56905584,,D-sign Rug 1D0036 Pink - 280x370,1,0,hidden,,D-sign Rug 1D0036 Pink 280x370 cm,,,taxable,parent,0,0,,0,0,,370,280,1.3,0,,,5540,,,,,,,56901854-H,,,,,,6,,,Size,280x370,,1,,,,,,,,,,,,,,,,,,,,,,,,,,,,,,,,,,,,,280x370,,,,,,,,,,,,,,,,,,,,,,,,54841,,,,,,,,,,,,,,,,,,,
35772,variable,56901880-H,,D-sign Rug 1D0056 Black,1,0,hidden,D-sign Rug 1D0056 Black ,D-sign Rug 1D0056 Black ,,,taxable,,0,,,0,0,,,,,1,,,,"Rooms > Bedroom, Rooms > Living room, Rugs, Rugs > Traditional",,,"https://rugshop.eu/wp-content/uploads/2021/10/carpet-royal-adr-design-1745-black.jpg, https://rugshop.eu/wp-content/uploads/2021/10/carpet-royal-adr-design-1745-black-1.jpg, https://rugshop.eu/wp-content/uploads/2021/10/carpet-royal-adr-design-1745-black-2.jpg, https://rugshop.eu/wp-content/uploads/2021/10/carpet-royal-adr-design-1745-black-3.jpg",,,,,,,,,501,,,Size,"100x200, 150x230, 150x300, 180x270, 200x290, 200x400, 250x350, 300x400, 400x500",1,1,Brand,D-sign,1,1,Color,Black-Grey,1,1,Type of color,Multicolor,1,1,Shape,Rectangular,1,1,Material,Polypropen,1,1,Type of rug,Traditional,1,1,Weave,Machinemade,1,1,Age,New,1,1,,,,,,,,,,,,,,,,,1786453448,yes,yes,,,,,,,,,,,,,,,,,,,,,,,,,,,,,
35773,variable,56901606-H,,D-sign Rug 1D0057 Green,1,0,hidden,D-sign Rug 1D0057 Green ,D-sign Rug 1D0057 Green ,,,taxable,,0,,,0,0,,,,,1,,,,"Rooms > Bedroom, Rooms > Living room, Rugs, Rugs > Traditional",,,"https://rugshop.eu/wp-content/uploads/2021/10/carpet-royal-adr-design-1745-dark-green.jpg, https://rugshop.eu/wp-content/uploads/2021/10/carpet-royal-adr-design-1745-dark-green-1.jpg, https://rugshop.eu/wp-content/uploads/2021/10/carpet-royal-adr-design-1745-dark-green-2.jpg, https://rugshop.eu/wp-content/uploads/2021/10/carpet-royal-adr-design-1745-dark-green-3.jpg",,,,,,,,,502,,,Size,"100x200, 150x230, 150x300, 180x270, 200x290, 200x400, 250x350, 300x400, 400x500",1,1,Brand,D-sign,1,1,Color,Green,1,1,Type of color,Multicolor,1,1,Shape,Rectangular,1,1,Material,Polypropen,1,1,Type of rug,Traditional,1,1,Weave,Machinemade,1,1,Age,New,1,1,,,,,,,,,,,,,,,,,1786453450,yes,yes,,,,,,,,,,,,,,,,,,,,,,,,,,,,,
35797,variation,56901880,,D-sign Rug 1D0056 Black - 100x200,1,0,hidden,,D-sign Rug 1D0056 Black 100x200 cm,,,taxable,parent,0,0,,0,0,,200,100,1.5,0,,,1236,,,,,,,56901880-H,,,,,,1,,,Size,100x200,,1,,,,,,,,,,,,,,,,,,,,,,,,,,,,,,,,,,,,,100x200,,,,,,,,,,,,1786453154,,,,,,,,,,,,50675,,,,,,,,,,,,,,,,,,,
35798,variation,56905411,,D-sign Rug 1D0056 Black - 150x230,1,0,hidden,,D-sign Rug 1D0056 Black 150x230 cm,,,taxable,parent,0,0,,0,0,,230,150,1.5,0,,,1796,,,,,,,56901880-H,,,,,,2,,,Size,150x230,,1,,,,,,,,,,,,,,,,,,,,,,,,,,,,,,,,,,,,,150x230,,,,,,,,,,,,1786453433,,,,,,,,,,,,50673,,,,,,,,,,,,,,,,,,,
35799,variation,56905415,,D-sign Rug 1D0056 Black - 150x300,1,0,hidden,,D-sign Rug 1D0056 Black 150x300 cm,,,taxable,parent,0,0,,0,0,,300,150,1.5,0,,,2268,,,,,,,56901880-H,,,,,,3,,,Size,150x300,,1,,,,,,,,,,,,,,,,,,,,,,,,,,,,,,,,,,,,,150x300,,,,,,,,,,,,1786453434,,,,,,,,,,,,50674,,,,,,,,,,,,,,,,,,,
35800,variation,56905436,,D-sign Rug 1D0056 Black - 180x270,1,0,hidden,,D-sign Rug 1D0056 Black 180x270 cm,,,taxable,parent,0,0,,0,0,,270,180,1.5,0,,,2556,,,,,,,56901880-H,,,,,,4,,,Size,180x270,,1,,,,,,,,,,,,,,,,,,,,,,,,,,,,,,,,,,,,,180x270,,,,,,,,,,,,1786453436,,,,,,,,,,,,61791,,,,,,,,,,,,,,,,,,,
35801,variation,56905414,,D-sign Rug 1D0056 Black - 200x290,1,0,hidden,,D-sign Rug 1D0056 Black 200x290 cm,,,taxable,parent,0,0,,0,0,,290,200,1.5,0,,,2828,,,,,,,56901880-H,,,,,,5,,,Size,200x290,,1,,,,,,,,,,,,,,,,,,,,,,,,,,,,,,,,,,,,,200x290,,,,,,,,,,,,1786453433,,,,,,,,,,,,50672,,,,,,,,,,,,,,,,,,,
35802,variation,56905432,,D-sign Rug 1D0056 Black - 200x400,1,0,hidden,,D-sign Rug 1D0056 Black 200x400 cm,,,taxable,parent,0,0,,0,0,,400,200,1.5,0,,,3868,,,,,,,56901880-H,,,,,,6,,,Size,200x400,,1,,,,,,,,,,,,,,,,,,,,,,,,,,,,,,,,,,,,,200x400,,,,,,,,,,,,1786453435,,,,,,,,,,,,61792,,,,,,,,,,,,,,,,,,,
35803,variation,56905439,,D-sign Rug 1D0056 Black - 250x350,1,0,hidden,,D-sign Rug 1D0056 Black 250x350 cm,,,taxable,parent,0,0,,0,0,,350,250,1.5,0,,,4196,,,,,,,56901880-H,,,,,,7,,,Size,250x350,,1,,,,,,,,,,,,,,,,,,,,,,,,,,,,,,,,,,,,,250x350,,,,,,,,,,,,1786453436,,,,,,,,,,,,50671,,,,,,,,,,,,,,,,,,,
35804,variation,56905419,,D-sign Rug 1D0056 Black - 300x400,1,0,hidden,,D-sign Rug 1D0056 Black 300x400 cm,,,taxable,parent,0,0,,0,0,,400,300,1.5,0,,,6052,,,,,,,56901880-H,,,,,,8,,,Size,300x400,,1,,,,,,,,,,,,,,,,,,,,,,,,,,,,,,,,,,,,,300x400,,,,,,,,,,,,1786453434,,,,,,,,,,,,50669,,,,,,,,,,,,,,,,,,,
35805,variation,56905418,,D-sign Rug 1D0056 Black - 400x500,1,0,hidden,,D-sign Rug 1D0056 Black 400x500 cm,,,taxable,parent,0,0,,0,0,,500,400,1.5,0,,,10420,,,,,,,56901880-H,,,,,,9,,,Size,400x500,,1,,,,,,,,,,,,,,,,,,,,,,,,,,,,,,,,,,,,,400x500,,,,,,,,,,,,,,,,,,,,,,,,61793,,,,,,,,,,,,,,,,,,,
35811,variable,56901941-H,,D-sign Rug 1D0058 Burgundy,1,0,hidden,D-sign Rug 1D0058 Burgundy ,D-sign Rug 1D0058 Burgundy ,,,taxable,,0,,,0,0,,,,,1,,,,"Rooms > Bedroom, Rooms > Living room, Rugs, Rugs > Traditional",,,"https://rugshop.eu/wp-content/uploads/2021/10/carpet-royal-adr-design-1745-claret.jpg, https://rugshop.eu/wp-content/uploads/2021/10/carpet-royal-adr-design-1745-claret-1.jpg, https://rugshop.eu/wp-content/uploads/2021/10/carpet-royal-adr-design-1745-claret-2.jpg, https://rugshop.eu/wp-content/uploads/2021/10/carpet-royal-adr-design-1745-claret-3.jpg",,,,,,,,,503,,,Size,"100x200, 150x230, 150x300, 180x270, 200x290, 200x400, 250x350, 300x400, 400x500",1,1,Brand,D-sign,1,1,Color,Red,1,1,Type of color,Multicolor,1,1,Shape,Rectangular,1,1,Material,Polypropen,1,1,Type of rug,Traditional,1,1,Weave,Machinemade,1,1,Age,New,1,1,,,,,,,,,,,,,,,,,1786453539,yes,yes,,,,,,,,,,,,,,,,,,,,,,,,,,,,,
35812,variable,56901772-H,,D-sign Rug 1D0059 Beige,1,0,hidden,D-sign Rug 1D0059 Beige ,D-sign Rug 1D0059 Beige ,,,taxable,,0,,,0,0,,,,,1,,,,"Rooms > Bedroom, Rooms > Living room, Rugs, Rugs > Traditional",,,"https://rugshop.eu/wp-content/uploads/2021/10/carpet-royal-adr-design-1745-caramel.jpg, https://rugshop.eu/wp-content/uploads/2021/10/carpet-royal-adr-design-1745-caramel-1.jpg, https://rugshop.eu/wp-content/uploads/2021/10/carpet-royal-adr-design-1745-caramel-2.jpg, https://rugshop.eu/wp-content/uploads/2021/10/carpet-royal-adr-design-1745-caramel-3.jpg",,,,,,,,,504,,,Size,"100x200, 150x230, 150x300, 180x270, 200x290, 200x400, 250x350, 300x400, 400x500",1,1,Brand,D-sign,1,1,Color,White-Beige,1,1,Type of color,Multicolor,1,1,Shape,Rectangular,1,1,Material,Polypropen,1,1,Type of rug,Traditional,1,1,Weave,Machinemade,1,1,Age,New,1,1,,,,,,,,,,,,,,,,,1786453478,yes,yes,,,,,,,,,,,,,,,,,,,,,,,,,,,,,
35813,variable,56901429-H,,D-sign Rug 1D0060 Brown,1,0,hidden,D-sign Rug 1D0060 Brown ,D-sign Rug 1D0060 Brown ,,,taxable,,0,,,0,0,,,,,1,,,,"Rooms > Bedroom, Rooms > Living room, Rugs, Rugs > Traditional",,,"https://rugshop.eu/wp-content/uploads/2021/10/carpet-royal-adr-design-1745-brown.jpg, https://rugshop.eu/wp-content/uploads/2021/10/carpet-royal-adr-design-1745-brown-1.jpg, https://rugshop.eu/wp-content/uploads/2021/10/carpet-royal-adr-design-1745-brown-2.jpg, https://rugshop.eu/wp-content/uploads/2021/10/carpet-royal-adr-design-1745-brown-3.jpg",,,,,,,,,505,,,Size,"100x200, 150x230, 150x300, 180x270, 200x290, 200x400, 250x350, 300x400, 400x500",1,1,Brand,D-sign,1,1,Color,Yellow-Brown,1,1,Type of color,Multicolor,1,1,Shape,Rectangular,1,1,Material,Polypropen,1,1,Type of rug,Traditional,1,1,Weave,Machinemade,1,1,Age,New,1,1,,,,,,,,,,,,,,,,,1786453404,yes,yes,,,,,,,,,,,,,,,,,,,,,,,,,,,,,
35814,variation,56901606,,D-sign Rug 1D0057 Green - 100x200,1,0,hidden,,D-sign Rug 1D0057 Green 100x200 cm,,,taxable,parent,0,0,,0,0,,200,100,1.5,0,,,1236,,,,,,,56901606-H,,,,,,1,,,Size,100x200,,1,,,,,,,,,,,,,,,,,,,,,,,,,,,,,,,,,,,,,100x200,,,,,,,,,,,,1786453152,,,,,,,,,,,,50682,,,,,,,,,,,,,,,,,,,
35815,variation,56905433,,D-sign Rug 1D0057 Green - 150x230,1,0,hidden,,D-sign Rug 1D0057 Green 150x230 cm,,,taxable,parent,0,0,,0,0,,230,150,1.5,0,,,1796,,,,,,,56901606-H,,,,,,2,,,Size,150x230,,1,,,,,,,,,,,,,,,,,,,,,,,,,,,,,,,,,,,,,150x230,,,,,,,,,,,,1786453435,,,,,,,,,,,,50680,,,,,,,,,,,,,,,,,,,
35816,variation,56901940,,D-sign Rug 1D0057 Green - 150x300,1,0,hidden,,D-sign Rug 1D0057 Green 150x300 cm,,,taxable,parent,0,0,,0,0,,300,150,1.5,0,,,2268,,,,,,,56901606-H,,,,,,3,,,Size,150x300,,1,,,,,,,,,,,,,,,,,,,,,,,,,,,,,,,,,,,,,150x300,,,,,,,,,,,,1786453173,,,,,,,,,,,,50681,,,,,,,,,,,,,,,,,,,
35817,variation,56901938,,D-sign Rug 1D0057 Green - 180x270,1,0,hidden,,D-sign Rug 1D0057 Green 180x270 cm,,,taxable,parent,0,0,,0,0,,270,180,1.5,0,,,2556,,,,,,,56901606-H,,,,,,4,,,Size,180x270,,1,,,,,,,,,,,,,,,,,,,,,,,,,,,,,,,,,,,,,180x270,,,,,,,,,,,,1786453173,,,,,,,,,,,,61794,,,,,,,,,,,,,,,,,,,
35818,variation,56901937,,D-sign Rug 1D0057 Green - 200x290,1,0,hidden,,D-sign Rug 1D0057 Green 200x290 cm,,,taxable,parent,0,0,,0,0,,290,200,1.5,0,,,2828,,,,,,,56901606-H,,,,,,5,,,Size,200x290,,1,,,,,,,,,,,,,,,,,,,,,,,,,,,,,,,,,,,,,200x290,,,,,,,,,,,,1786453172,,,,,,,,,,,,50679,,,,,,,,,,,,,,,,,,,
35819,variation,56901936,,D-sign Rug 1D0057 Green - 200x400,1,0,hidden,,D-sign Rug 1D0057 Green 200x400 cm,,,taxable,parent,0,0,,0,0,,400,200,1.5,0,,,3868,,,,,,,56901606-H,,,,,,6,,,Size,200x400,,1,,,,,,,,,,,,,,,,,,,,,,,,,,,,,,,,,,,,,200x400,,,,,,,,,,,,1786453155,,,,,,,,,,,,61795,,,,,,,,,,,,,,,,,,,
35820,variation,56901942,,D-sign Rug 1D0057 Green - 250x350,1,0,hidden,,D-sign Rug 1D0057 Green 250x350 cm,,,taxable,parent,0,0,,0,0,,350,250,1.5,0,,,4196,,,,,,,56901606-H,,,,,,7,,,Size,250x350,,1,,,,,,,,,,,,,,,,,,,,,,,,,,,,,,,,,,,,,250x350,,,,,,,,,,,,1786453174,,,,,,,,,,,,50678,,,,,,,,,,,,,,,,,,,
35821,variation,56901939,,D-sign Rug 1D0057 Green - 300x400,1,0,hidden,,D-sign Rug 1D0057 Green 300x400 cm,,,taxable,parent,0,0,,0,0,,400,300,1.5,0,,,6052,,,,,,,56901606-H,,,,,,8,,,Size,300x400,,1,,,,,,,,,,,,,,,,,,,,,,,,,,,,,,,,,,,,,300x400,,,,,,,,,,,,,,,,,,,,,,,,50677,,,,,,,,,,,,,,,,,,,
35822,variation,56901935,,D-sign Rug 1D0057 Green - 400x500,1,0,hidden,,D-sign Rug 1D0057 Green 400x500 cm,,,taxable,parent,0,0,,0,0,,500,400,1.5,0,,,10420,,,,,,,56901606-H,,,,,,9,,,Size,400x500,,1,,,,,,,,,,,,,,,,,,,,,,,,,,,,,,,,,,,,,400x500,,,,,,,,,,,,1786453155,,,,,,,,,,,,61796,,,,,,,,,,,,,,,,,,,
35828,variation,56901941,,D-sign Rug 1D0058 Burgundy - 100x200,1,0,hidden,,D-sign Rug 1D0058 Burgundy 100x200 cm,,,taxable,parent,0,0,,0,0,,200,100,1.5,0,,,1236,,,,,,,56901941-H,,,,,,1,,,Size,100x200,,1,,,,,,,,,,,,,,,,,,,,,,,,,,,,,,,,,,,,,100x200,,,,,,,,,,,,1786453173,,,,,,,,,,,,50688,,,,,,,,,,,,,,,,,,,
35829,variation,56905757,,D-sign Rug 1D0058 Burgundy - 150x230,1,0,hidden,,D-sign Rug 1D0058 Burgundy 150x230 cm,,,taxable,parent,0,0,,0,0,,230,150,1.5,0,,,1796,,,,,,,56901941-H,,,,,,2,,,Size,150x230,,1,,,,,,,,,,,,,,,,,,,,,,,,,,,,,,,,,,,,,150x230,,,,,,,,,,,,1786453523,,,,,,,,,,,,50686,,,,,,,,,,,,,,,,,,,
35830,variation,56905761,,D-sign Rug 1D0058 Burgundy - 150x300,1,0,hidden,,D-sign Rug 1D0058 Burgundy 150x300 cm,,,taxable,parent,0,0,,0,0,,300,150,1.5,0,,,2268,,,,,,,56901941-H,,,,,,3,,,Size,150x300,,1,,,,,,,,,,,,,,,,,,,,,,,,,,,,,,,,,,,,,150x300,,,,,,,,,,,,,,,,,,,,,,,,50687,,,,,,,,,,,,,,,,,,,
35831,variation,56905554,,D-sign Rug 1D0058 Burgundy - 180x270,1,0,hidden,,D-sign Rug 1D0058 Burgundy 180x270 cm,,,taxable,parent,0,0,,0,0,,270,180,1.5,0,,,2556,,,,,,,56901941-H,,,,,,4,,,Size,180x270,,1,,,,,,,,,,,,,,,,,,,,,,,,,,,,,,,,,,,,,180x270,,,,,,,,,,,,1786453463,,,,,,,,,,,,61797,,,,,,,,,,,,,,,,,,,
35832,variation,56905562,,D-sign Rug 1D0058 Burgundy - 200x290,1,0,hidden,,D-sign Rug 1D0058 Burgundy 200x290 cm,,,taxable,parent,0,0,,0,0,,290,200,1.5,0,,,2828,,,,,,,56901941-H,,,,,,5,,,Size,200x290,,1,,,,,,,,,,,,,,,,,,,,,,,,,,,,,,,,,,,,,200x290,,,,,,,,,,,,,,,,,,,,,,,,50685,,,,,,,,,,,,,,,,,,,
35833,variation,56905558,,D-sign Rug 1D0058 Burgundy - 200x400,1,0,hidden,,D-sign Rug 1D0058 Burgundy 200x400 cm,,,taxable,parent,0,0,,0,0,,400,200,1.5,0,,,3868,,,,,,,56901941-H,,,,,,6,,,Size,200x400,,1,,,,,,,,,,,,,,,,,,,,,,,,,,,,,,,,,,,,,200x400,,,,,,,,,,,,1786453464,,,,,,,,,,,,61798,,,,,,,,,,,,,,,,,,,
35834,variation,56905555,,D-sign Rug 1D0058 Burgundy - 250x350,1,0,hidden,,D-sign Rug 1D0058 Burgundy 250x350 cm,,,taxable,parent,0,0,,0,0,,350,250,1.5,0,,,4196,,,,,,,56901941-H,,,,,,7,,,Size,250x350,,1,,,,,,,,,,,,,,,,,,,,,,,,,,,,,,,,,,,,,250x350,,,,,,,,,,,,1786453463,,,,,,,,,,,,50684,,,,,,,,,,,,,,,,,,,
35835,variation,56905559,,D-sign Rug 1D0058 Burgundy - 300x400,1,0,hidden,,D-sign Rug 1D0058 Burgundy 300x400 cm,,,taxable,parent,0,0,,0,0,,400,300,1.5,0,,,6052,,,,,,,56901941-H,,,,,,8,,,Size,300x400,,1,,,,,,,,,,,,,,,,,,,,,,,,,,,,,,,,,,,,,300x400,,,,,,,,,,,,1786453464,,,,,,,,,,,,50683,,,,,,,,,,,,,,,,,,,
35836,variation,56905560,,D-sign Rug 1D0058 Burgundy - 400x500,1,0,hidden,,D-sign Rug 1D0058 Burgundy 400x500 cm,,,taxable,parent,0,0,,0,0,,500,400,1.5,0,,,10420,,,,,,,56901941-H,,,,,,9,,,Size,400x500,,1,,,,,,,,,,,,,,,,,,,,,,,,,,,,,,,,,,,,,400x500,,,,,,,,,,,,1786453465,,,,,,,,,,,,61799,,,,,,,,,,,,,,,,,,,
35842,variation,56901772,,D-sign Rug 1D0059 Beige - 100x200,1,0,hidden,,D-sign Rug 1D0059 Beige 100x200 cm,,,taxable,parent,0,0,,0,0,,200,100,1.5,0,,,1236,,,,,,,56901772-H,,,,,,1,,,Size,100x200,,1,,,,,,,,,,,,,,,,,,,,,,,,,,,,,,,,,,,,,100x200,,,,,,,,,,,,1786453152,,,,,,,,,,,,50694,,,,,,,,,,,,,,,,,,,
35843,variation,56905561,,D-sign Rug 1D0059 Beige - 150x230,1,0,hidden,,D-sign Rug 1D0059 Beige 150x230 cm,,,taxable,parent,0,0,,0,0,,230,150,1.5,0,,,1796,,,,,,,56901772-H,,,,,,2,,,Size,150x230,,1,,,,,,,,,,,,,,,,,,,,,,,,,,,,,,,,,,,,,150x230,,,,,,,,,,,,1786453465,,,,,,,,,,,,50692,,,,,,,,,,,,,,,,,,,
35844,variation,56905553,,D-sign Rug 1D0059 Beige - 150x300,1,0,hidden,,D-sign Rug 1D0059 Beige 150x300 cm,,,taxable,parent,0,0,,0,0,,300,150,1.5,0,,,2268,,,,,,,56901772-H,,,,,,3,,,Size,150x300,,1,,,,,,,,,,,,,,,,,,,,,,,,,,,,,,,,,,,,,150x300,,,,,,,,,,,,1786453462,,,,,,,,,,,,50693,,,,,,,,,,,,,,,,,,,
35845,variation,56905291,,D-sign Rug 1D0059 Beige - 180x270,1,0,hidden,,D-sign Rug 1D0059 Beige 180x270 cm,,,taxable,parent,0,0,,0,0,,270,180,1.5,0,,,2556,,,,,,,56901772-H,,,,,,4,,,Size,180x270,,1,,,,,,,,,,,,,,,,,,,,,,,,,,,,,,,,,,,,,180x270,,,,,,,,,,,,1786453376,,,,,,,,,,,,61800,,,,,,,,,,,,,,,,,,,
35846,variation,56905556,,D-sign Rug 1D0059 Beige - 200x290,1,0,hidden,,D-sign Rug 1D0059 Beige 200x290 cm,,,taxable,parent,0,0,,0,0,,290,200,1.5,0,,,2828,,,,,,,56901772-H,,,,,,5,,,Size,200x290,,1,,,,,,,,,,,,,,,,,,,,,,,,,,,,,,,,,,,,,200x290,,,,,,,,,,,,1786453463,,,,,,,,,,,,50691,,,,,,,,,,,,,,,,,,,
35847,variation,56905297,,D-sign Rug 1D0059 Beige - 200x400,1,0,hidden,,D-sign Rug 1D0059 Beige 200x400 cm,,,taxable,parent,0,0,,0,0,,400,200,1.5,0,,,3868,,,,,,,56901772-H,,,,,,6,,,Size,200x400,,1,,,,,,,,,,,,,,,,,,,,,,,,,,,,,,,,,,,,,200x400,,,,,,,,,,,,1786453379,,,,,,,,,,,,61801,,,,,,,,,,,,,,,,,,,
35848,variation,56905298,,D-sign Rug 1D0059 Beige - 250x350,1,0,hidden,,D-sign Rug 1D0059 Beige 250x350 cm,,,taxable,parent,0,0,,0,0,,350,250,1.5,0,,,4196,,,,,,,56901772-H,,,,,,7,,,Size,250x350,,1,,,,,,,,,,,,,,,,,,,,,,,,,,,,,,,,,,,,,250x350,,,,,,,,,,,,1786453379,,,,,,,,,,,,50690,,,,,,,,,,,,,,,,,,,
35849,variation,56905296,,D-sign Rug 1D0059 Beige - 300x400,1,0,hidden,,D-sign Rug 1D0059 Beige 300x400 cm,,,taxable,parent,0,0,,0,0,,400,300,1.5,0,,,6052,,,,,,,56901772-H,,,,,,8,,,Size,300x400,,1,,,,,,,,,,,,,,,,,,,,,,,,,,,,,,,,,,,,,300x400,,,,,,,,,,,,1786453379,,,,,,,,,,,,50689,,,,,,,,,,,,,,,,,,,
35850,variation,56905289,,D-sign Rug 1D0059 Beige - 400x500,1,0,hidden,,D-sign Rug 1D0059 Beige 400x500 cm,,,taxable,parent,0,0,,0,0,,500,400,1.5,0,,,10420,,,,,,,56901772-H,,,,,,9,,,Size,400x500,,1,,,,,,,,,,,,,,,,,,,,,,,,,,,,,,,,,,,,,400x500,,,,,,,,,,,,,,,,,,,,,,,,61802,,,,,,,,,,,,,,,,,,,
35856,variable,56901433-H,,D-sign Rug 1D0061 Brown,1,0,hidden,D-sign Rug 1D0061 Brown ,D-sign Rug 1D0061 Brown ,,,taxable,,0,,,0,0,,,,,1,,,,"Rooms > Bedroom, Rooms > Living room, Rugs > Persian, Rugs",,,"https://rugshop.eu/wp-content/uploads/2021/10/carpet-royal-agy-design-0521-brown.jpg, https://rugshop.eu/wp-content/uploads/2021/10/carpet-royal-agy-design-0521-brown-1.jpg, https://rugshop.eu/wp-content/uploads/2021/10/carpet-royal-agy-design-0521-brown-2.jpg, https://rugshop.eu/wp-content/uploads/2021/10/carpet-royal-agy-design-0521-brown-3.jpg",,,,,,,,,506,,,Size,"100x200, 150x230, 150x300, 180x270, 200x290, 200x400, 250x350, 300x400, 400x500",1,1,Brand,D-sign,1,1,Color,Yellow-Brown,1,1,Type of color,Multicolor,1,1,Shape,Rectangular,1,1,Material,Polypropen,1,1,Type of rug,Persian,1,1,Weave,Machinemade,1,1,Age,New,1,1,,,,,,,,,,,,,,,,,1786453407,yes,yes,,,,,,,,,,,,,,,,,,,,,,,,,,,,,
35857,variable,56901445-H,,D-sign Rug 1D0062 Beige,1,0,hidden,D-sign Rug 1D0062 Beige ,D-sign Rug 1D0062 Beige ,,,taxable,,0,,,0,0,,,,,1,,,,"Rooms > Bedroom, Rooms > Living room, Rugs > Persian, Rugs",,,"https://rugshop.eu/wp-content/uploads/2021/10/carpet-royal-agy-design-0521-caramel.jpg, https://rugshop.eu/wp-content/uploads/2021/10/carpet-royal-agy-design-0521-caramel-1.jpg, https://rugshop.eu/wp-content/uploads/2021/10/carpet-royal-agy-design-0521-caramel-2.jpg, https://rugshop.eu/wp-content/uploads/2021/10/carpet-royal-agy-design-0521-caramel-3.jpg",,,,,,,,,507,,,Size,"100x200, 150x230, 150x300, 180x270, 200x290, 200x400, 250x350, 300x400, 400x500",1,1,Brand,D-sign,1,1,Color,White-Beige,1,1,Type of color,Multicolor,1,1,Shape,Rectangular,1,1,Material,Polypropen,1,1,Type of rug,Persian,1,1,Weave,Machinemade,1,1,Age,New,1,1,,,,,,,,,,,,,,,,,1786453412,yes,yes,,,,,,,,,,,,,,,,,,,,,,,,,,,,,
35858,variable,56901463-H,,D-sign Rug 1D0063 Burgundy,1,0,hidden,D-sign Rug 1D0063 Burgundy ,D-sign Rug 1D0063 Burgundy ,,,taxable,,0,,,0,0,,,,,1,,,,"Rooms > Bedroom, Rooms > Living room, Rugs > Persian, Rugs",,,"https://rugshop.eu/wp-content/uploads/2021/10/carpet-royal-agy-design-0521-claret.jpg, https://rugshop.eu/wp-content/uploads/2021/10/carpet-royal-agy-design-0521-claret-1.jpg, https://rugshop.eu/wp-content/uploads/2021/10/carpet-royal-agy-design-0521-claret-2.jpg, https://rugshop.eu/wp-content/uploads/2021/10/carpet-royal-agy-design-0521-claret-3.jpg",,,,,,,,,508,,,Size,"100x200, 150x230, 150x300, 180x270, 200x290, 200x400, 250x350, 300x400, 400x500",1,1,Brand,D-sign,1,1,Color,Red,1,1,Type of color,Multicolor,1,1,Shape,Rectangular,1,1,Material,Polypropen,1,1,Type of rug,Persian,1,1,Weave,Machinemade,1,1,Age,New,1,1,,,,,,,,,,,,,,,,,1786453438,yes,yes,,,,,,,,,,,,,,,,,,,,,,,,,,,,,
35859,variation,56901429,,D-sign Rug 1D0060 Brown - 100x200,1,0,hidden,,D-sign Rug 1D0060 Brown 100x200 cm,,,taxable,parent,0,0,,0,0,,200,100,1.5,0,,,1236,,,,,,,56901429-H,,,,,,1,,,Size,100x200,,1,,,,,,,,,,,,,,,,,,,,,,,,,,,,,,,,,,,,,100x200,,,,,,,,,,,,1786453123,,,,,,,,,,,,50700,,,,,,,,,,,,,,,,,,,
35860,variation,56905292,,D-sign Rug 1D0060 Brown - 150x230,1,0,hidden,,D-sign Rug 1D0060 Brown 150x230 cm,,,taxable,parent,0,0,,0,0,,230,150,1.5,0,,,1796,,,,,,,56901429-H,,,,,,2,,,Size,150x230,,1,,,,,,,,,,,,,,,,,,,,,,,,,,,,,,,,,,,,,150x230,,,,,,,,,,,,1786453377,,,,,,,,,,,,50698,,,,,,,,,,,,,,,,,,,
35861,variation,56905310,,D-sign Rug 1D0060 Brown - 150x300,1,0,hidden,,D-sign Rug 1D0060 Brown 150x300 cm,,,taxable,parent,0,0,,0,0,,300,150,1.5,0,,,2268,,,,,,,56901429-H,,,,,,3,,,Size,150x300,,1,,,,,,,,,,,,,,,,,,,,,,,,,,,,,,,,,,,,,150x300,,,,,,,,,,,,1786453383,,,,,,,,,,,,50699,,,,,,,,,,,,,,,,,,,
35862,variation,56905295,,D-sign Rug 1D0060 Brown - 180x270,1,0,hidden,,D-sign Rug 1D0060 Brown 180x270 cm,,,taxable,parent,0,0,,0,0,,270,180,1.5,0,,,2556,,,,,,,56901429-H,,,,,,4,,,Size,180x270,,1,,,,,,,,,,,,,,,,,,,,,,,,,,,,,,,,,,,,,180x270,,,,,,,,,,,,1786453378,,,,,,,,,,,,61803,,,,,,,,,,,,,,,,,,,
35863,variation,56905293,,D-sign Rug 1D0060 Brown - 200x290,1,0,hidden,,D-sign Rug 1D0060 Brown 200x290 cm,,,taxable,parent,0,0,,0,0,,290,200,1.5,0,,,2828,,,,,,,56901429-H,,,,,,5,,,Size,200x290,,1,,,,,,,,,,,,,,,,,,,,,,,,,,,,,,,,,,,,,200x290,,,,,,,,,,,,1786453378,,,,,,,,,,,,50697,,,,,,,,,,,,,,,,,,,
35864,variation,56901434,,D-sign Rug 1D0060 Brown - 200x400,1,0,hidden,,D-sign Rug 1D0060 Brown 200x400 cm,,,taxable,parent,0,0,,0,0,,400,200,1.5,0,,,3868,,,,,,,56901429-H,,,,,,6,,,Size,200x400,,1,,,,,,,,,,,,,,,,,,,,,,,,,,,,,,,,,,,,,200x400,,,,,,,,,,,,1786453125,,,,,,,,,,,,61804,,,,,,,,,,,,,,,,,,,
35865,variation,56901432,,D-sign Rug 1D0060 Brown - 250x350,1,0,hidden,,D-sign Rug 1D0060 Brown 250x350 cm,,,taxable,parent,0,0,,0,0,,350,250,1.5,0,,,4196,,,,,,,56901429-H,,,,,,7,,,Size,250x350,,1,,,,,,,,,,,,,,,,,,,,,,,,,,,,,,,,,,,,,250x350,,,,,,,,,,,,1786453124,,,,,,,,,,,,50696,,,,,,,,,,,,,,,,,,,
35866,variation,56901431,,D-sign Rug 1D0060 Brown - 300x400,1,0,hidden,,D-sign Rug 1D0060 Brown 300x400 cm,,,taxable,parent,0,0,,0,0,,400,300,1.5,0,,,6052,,,,,,,56901429-H,,,,,,8,,,Size,300x400,,1,,,,,,,,,,,,,,,,,,,,,,,,,,,,,,,,,,,,,300x400,,,,,,,,,,,,1786453124,,,,,,,,,,,,50695,,,,,,,,,,,,,,,,,,,
35867,variation,56901430,,D-sign Rug 1D0060 Brown - 400x500,1,0,hidden,,D-sign Rug 1D0060 Brown 400x500 cm,,,taxable,parent,0,0,,0,0,,500,400,1.5,0,,,10420,,,,,,,56901429-H,,,,,,9,,,Size,400x500,,1,,,,,,,,,,,,,,,,,,,,,,,,,,,,,,,,,,,,,400x500,,,,,,,,,,,,1786453124,,,,,,,,,,,,61805,,,,,,,,,,,,,,,,,,,
35873,variation,56901433,,D-sign Rug 1D0061 Brown - 100x200,1,0,hidden,,D-sign Rug 1D0061 Brown 100x200 cm,,,taxable,parent,0,0,,0,0,,200,100,1.5,0,,,1236,,,,,,,56901433-H,,,,,,1,,,Size,100x200,,1,,,,,,,,,,,,,,,,,,,,,,,,,,,,,,,,,,,,,100x200,,,,,,,,,,,,1786453124,yes,yes,,,product,,,,,,,50706,,,,,,,,,,,upload,,,,,,,,
35874,variation,56905304,,D-sign Rug 1D0061 Brown - 150x230,1,0,hidden,,D-sign Rug 1D0061 Brown 150x230 cm,,,taxable,parent,0,0,,0,0,,230,150,1.5,0,,,1796,,,,,,,56901433-H,,,,,,2,,,Size,150x230,,1,,,,,,,,,,,,,,,,,,,,,,,,,,,,,,,,,,,,,150x230,,,,,,,,,,,,1786453382,yes,yes,,,product,,,,,,,50704,,,,,,,,,,,upload,,,,,,,,
35875,variation,56905303,,D-sign Rug 1D0061 Brown - 150x300,1,0,hidden,,D-sign Rug 1D0061 Brown 150x300 cm,,,taxable,parent,0,0,,0,0,,300,150,1.5,0,,,2268,,,,,,,56901433-H,,,,,,3,,,Size,150x300,,1,,,,,,,,,,,,,,,,,,,,,,,,,,,,,,,,,,,,,150x300,,,,,,,,,,,,1786453381,yes,yes,,,product,,,,,,,50705,,,,,,,,,,,upload,,,,,,,,
35876,variation,56905309,,D-sign Rug 1D0061 Brown - 180x270,1,0,hidden,,D-sign Rug 1D0061 Brown 180x270 cm,,,taxable,parent,0,0,,0,0,,270,180,1.5,0,,,2556,,,,,,,56901433-H,,,,,,4,,,Size,180x270,,1,,,,,,,,,,,,,,,,,,,,,,,,,,,,,,,,,,,,,180x270,,,,,,,,,,,,1786453382,yes,yes,,,product,,,,,,,61789,,,,,,,,,,,upload,,,,,,,,
35877,variation,56905302,,D-sign Rug 1D0061 Brown - 200x290,1,0,hidden,,D-sign Rug 1D0061 Brown 200x290 cm,,,taxable,parent,0,0,,0,0,,290,200,1.5,0,,,2828,,,,,,,56901433-H,,,,,,5,,,Size,200x290,,1,,,,,,,,,,,,,,,,,,,,,,,,,,,,,,,,,,,,,200x290,,,,,,,,,,,,1786453380,yes,yes,,,product,,,,,,,50703,,,,,,,,,,,upload,,,,,,,,
35878,variation,56901442,,D-sign Rug 1D0061 Brown - 200x400,1,0,hidden,,D-sign Rug 1D0061 Brown 200x400 cm,,,taxable,parent,0,0,,0,0,,400,200,1.5,0,,,3868,,,,,,,56901433-H,,,,,,6,,,Size,200x400,,1,,,,,,,,,,,,,,,,,,,,,,,,,,,,,,,,,,,,,200x400,,,,,,,,,,,,1786447289,yes,yes,,,product,,,,,,,61790,,,,,,,,,,,upload,,,,,,,,
35879,variation,56905311,,D-sign Rug 1D0061 Brown - 250x350,1,0,hidden,,D-sign Rug 1D0061 Brown 250x350 cm,,,taxable,parent,0,0,,0,0,,350,250,1.5,0,,,4196,,,,,,,56901433-H,,,,,,7,,,Size,250x350,,1,,,,,,,,,,,,,,,,,,,,,,,,,,,,,,,,,,,,,250x350,,,,,,,,,,,,,yes,yes,,,product,,,,,,,50702,,,,,,,,,,,upload,,,,,,,,
35880,variation,56901444,,D-sign Rug 1D0061 Brown - 300x400,1,0,hidden,,D-sign Rug 1D0061 Brown 300x400 cm,,,taxable,parent,0,0,,0,0,,400,300,1.5,0,,,6052,,,,,,,56901433-H,,,,,,8,,,Size,300x400,,1,,,,,,,,,,,,,,,,,,,,,,,,,,,,,,,,,,,,,300x400,,,,,,,,,,,,1786453125,yes,yes,,,product,,,,,,,50701,,,,,,,,,,,upload,,,,,,,,
35881,variation,56901443,,D-sign Rug 1D0061 Brown - 400x500,1,0,hidden,,D-sign Rug 1D0061 Brown 400x500 cm,,,taxable,parent,0,0,,0,0,,500,400,1.5,0,,,10420,,,,,,,56901433-H,,,,,,9,,,Size,400x500,,1,,,,,,,,,,,,,,,,,,,,,,,,,,,,,,,,,,,,,400x500,,,,,,,,,,,,1786453125,yes,yes,,,product,,,,,,,87565,,,,,,,,,,,upload,,,,,,,,
35887,variation,56901445,,D-sign Rug 1D0062 Beige - 100x200,1,0,hidden,,D-sign Rug 1D0062 Beige 100x200 cm,,,taxable,parent,0,0,,0,0,,200,100,1.5,0,,,1236,,,,,,,56901445-H,,,,,,1,,,Size,100x200,,1,,,,,,,,,,,,,,,,,,,,,,,,,,,,,,,,,,,,,100x200,,,,,,,,,,,,1786453125,,,,,,,,,,,,50712,,,,,,,,,,,,,,,,,,,
35888,variation,56905326,,D-sign Rug 1D0062 Beige - 150x230,1,0,hidden,,D-sign Rug 1D0062 Beige 150x230 cm,,,taxable,parent,0,0,,0,0,,230,150,1.5,0,,,1796,,,,,,,56901445-H,,,,,,2,,,Size,150x230,,1,,,,,,,,,,,,,,,,,,,,,,,,,,,,,,,,,,,,,150x230,,,,,,,,,,,,1786453385,,,,,,,,,,,,50710,,,,,,,,,,,,,,,,,,,
35889,variation,56905327,,D-sign Rug 1D0062 Beige - 150x300,1,0,hidden,,D-sign Rug 1D0062 Beige 150x300 cm,,,taxable,parent,0,0,,0,0,,300,150,1.5,0,,,2268,,,,,,,56901445-H,,,,,,3,,,Size,150x300,,1,,,,,,,,,,,,,,,,,,,,,,,,,,,,,,,,,,,,,150x300,,,,,,,,,,,,1786453386,,,,,,,,,,,,50711,,,,,,,,,,,,,,,,,,,
35890,variation,56905322,,D-sign Rug 1D0062 Beige - 180x270,1,0,hidden,,D-sign Rug 1D0062 Beige 180x270 cm,,,taxable,parent,0,0,,0,0,,270,180,1.5,0,,,2556,,,,,,,56901445-H,,,,,,4,,,Size,180x270,,1,,,,,,,,,,,,,,,,,,,,,,,,,,,,,,,,,,,,,180x270,,,,,,,,,,,,1786453384,,,,,,,,,,,,61787,,,,,,,,,,,,,,,,,,,
35891,variation,56905321,,D-sign Rug 1D0062 Beige - 200x290,1,0,hidden,,D-sign Rug 1D0062 Beige 200x290 cm,,,taxable,parent,0,0,,0,0,,290,200,1.5,0,,,2828,,,,,,,56901445-H,,,,,,5,,,Size,200x290,,1,,,,,,,,,,,,,,,,,,,,,,,,,,,,,,,,,,,,,200x290,,,,,,,,,,,,1786453384,,,,,,,,,,,,50709,,,,,,,,,,,,,,,,,,,
35892,variation,56905320,,D-sign Rug 1D0062 Beige - 200x400,1,0,hidden,,D-sign Rug 1D0062 Beige 200x400 cm,,,taxable,parent,0,0,,0,0,,400,200,1.5,0,,,3868,,,,,,,56901445-H,,,,,,6,,,Size,200x400,,1,,,,,,,,,,,,,,,,,,,,,,,,,,,,,,,,,,,,,200x400,,,,,,,,,,,,1786453383,,,,,,,,,,,,61788,,,,,,,,,,,,,,,,,,,
35893,variation,56905325,,D-sign Rug 1D0062 Beige - 250x350,1,0,hidden,,D-sign Rug 1D0062 Beige 250x350 cm,,,taxable,parent,0,0,,0,0,,350,250,1.5,0,,,4196,,,,,,,56901445-H,,,,,,7,,,Size,250x350,,1,,,,,,,,,,,,,,,,,,,,,,,,,,,,,,,,,,,,,250x350,,,,,,,,,,,,1786453385,,,,,,,,,,,,50708,,,,,,,,,,,,,,,,,,,
35894,variation,56901462,,D-sign Rug 1D0062 Beige - 300x400,1,0,hidden,,D-sign Rug 1D0062 Beige 300x400 cm,,,taxable,parent,0,0,,0,0,,400,300,1.5,0,,,6052,,,,,,,56901445-H,,,,,,8,,,Size,300x400,,1,,,,,,,,,,,,,,,,,,,,,,,,,,,,,,,,,,,,,300x400,,,,,,,,,,,,1786453126,,,,,,,,,,,,50707,,,,,,,,,,,,,,,,,,,
35895,variation,56901464,,D-sign Rug 1D0062 Beige - 400x500,1,0,hidden,,D-sign Rug 1D0062 Beige 400x500 cm,,,taxable,parent,0,0,,0,0,,500,400,1.5,0,,,10420,,,,,,,56901445-H,,,,,,9,,,Size,400x500,,1,,,,,,,,,,,,,,,,,,,,,,,,,,,,,,,,,,,,,400x500,,,,,,,,,,,,1786453148,,,,,,,,,,,,87564,,,,,,,,,,,,,,,,,,,
35901,variable,56901466-H,,D-sign Rug 1D0064 Green,1,0,hidden,D-sign Rug 1D0064 Green,D-sign Rug 1D0064 Green,,,taxable,,0,,,0,0,,,,,0,,,,"Rooms > Bedroom, Rooms > Living room, Rugs > Persian, Rugs",,,"https://rugshop.eu/wp-content/uploads/2021/10/carpet-royal-agy-design-0521-dark-green.jpg, https://rugshop.eu/wp-content/uploads/2021/10/carpet-royal-agy-design-0521-dark-green-4.jpg, https://rugshop.eu/wp-content/uploads/2021/10/carpet-royal-agy-design-0521-dark-green-11.jpg, https://rugshop.eu/wp-content/uploads/2021/10/carpet-royal-agy-design-0521-dark-green-12.jpg, https://rugshop.eu/wp-content/uploads/2021/10/carpet-royal-agy-design-0521-dark-green-13.jpg, https://rugshop.eu/wp-content/uploads/2021/10/carpet-royal-agy-design-0521-dark-green-1-1.jpg, https://rugshop.eu/wp-content/uploads/2021/10/carpet-royal-agy-design-0521-dark-green-2-1.jpg, https://rugshop.eu/wp-content/uploads/2021/10/carpet-royal-agy-design-0521-dark-green-3-1.jpg, https://rugshop.eu/wp-content/uploads/2021/10/carpet-royal-agy-design-0521-dark-green-4-1.jpg, https://rugshop.eu/wp-content/uploads/2021/10/carpet-royal-agy-design-0521-dark-green-5.jpg, https://rugshop.eu/wp-content/uploads/2021/10/carpet-royal-agy-design-0521-dark-green-6.jpg, https://rugshop.eu/wp-content/uploads/2021/10/carpet-royal-agy-design-0521-dark-green-7.jpg, https://rugshop.eu/wp-content/uploads/2021/10/carpet-royal-agy-design-0521-dark-green-8.jpg, https://rugshop.eu/wp-content/uploads/2021/10/carpet-royal-agy-design-0521-dark-green-9.jpg, https://rugshop.eu/wp-content/uploads/2021/10/carpet-royal-agy-design-0521-dark-green-10.jpg",,,,,,,,,509,,,Size,"100x200, 150x230, 150x300, 180x270, 200x290, 200x400, 250x350, 300x400, 400x500",1,1,Brand,D-sign,1,1,Color,Green,1,1,Type of color,Multicolor,1,1,Shape,Rectangular,1,1,Material,Polypropen,1,1,Type of rug,Persian,1,1,Weave,Machinemade,1,1,Age,New,1,1,,,,,,,,,default,default,default,default,,,,,1786453443,yes,yes,,,,,,,,,classic-editor,,,,,,,,,,,,,,,,,,,,
35902,variable,56901530-H,,D-sign Rug 1D0065 Black,1,0,hidden,D-sign Rug 1D0065 Black ,D-sign Rug 1D0065 Black ,,,taxable,,0,,,0,0,,,,,1,,,,"Rooms > Bedroom, Rooms > Living room, Rugs > Persian, Rugs",,,"https://rugshop.eu/wp-content/uploads/2021/10/carpet-royal-agy-design-0521-black.jpg, https://rugshop.eu/wp-content/uploads/2021/10/carpet-royal-agy-design-0521-black-1.jpg, https://rugshop.eu/wp-content/uploads/2021/10/carpet-royal-agy-design-0521-black-2.jpg, https://rugshop.eu/wp-content/uploads/2021/10/carpet-royal-agy-design-0521-black-3.jpg",,,,,,,,,510,,,Size,"100x200, 150x230, 150x300, 180x270, 200x290, 200x400, 250x350, 300x400, 400x500",1,1,Brand,D-sign,1,1,Color,Black-Grey,1,1,Type of color,Multicolor,1,1,Shape,Rectangular,1,1,Material,Polypropen,1,1,Type of rug,Persian,1,1,Weave,Machinemade,1,1,Age,New,1,1,,,,,,,,,,,,,,,,,1786453445,yes,yes,,,,,,,,,,,,,,,,,,,,,,,,,,,,,
35903,variable,56901529-H,,D-sign Rug 1D0066 Beige,1,0,hidden,D-sign Rug 1D0066 Beige ,D-sign Rug 1D0066 Beige ,,,taxable,,0,,,0,0,,,,,1,,,,"Rooms > Bedroom, Rooms > Living room, Rugs > Modern, Rugs",,,"https://rugshop.eu/wp-content/uploads/2021/10/carpet-acrylic-florya-0304-beige-coffee.jpg, https://rugshop.eu/wp-content/uploads/2021/10/carpet-acrylic-florya-0304-beige-coffee-1.jpg, https://rugshop.eu/wp-content/uploads/2021/10/carpet-acrylic-florya-0304-beige-coffee-2.jpg",,,,,,,,,511,,,Size,"160x235, 200x300, 80x150",1,1,Brand,D-sign,1,1,Color,White-Beige,1,1,Type of color,Multicolor,1,1,Shape,Rectangular,1,1,Material,Acrylic,1,1,Type of rug,Modern,1,1,Weave,Machinemade,1,1,Age,New,1,1,,,,,,,,,,,,,,,,,1786453157,yes,yes,,,,,,,,,,,,,,,,,,,,,,,,,,,,,
35904,variation,56901463,,D-sign Rug 1D0063 Burgundy - 100x200,1,0,hidden,,D-sign Rug 1D0063 Burgundy 100x200 cm,,,taxable,parent,0,0,,0,0,,200,100,1.5,0,,,1236,,,,,,,56901463-H,,,,,,1,,,Size,100x200,,1,,,,,,,,,,,,,,,,,,,,,,,,,,,,,,,,,,,,,100x200,,,,,,,,,,,,,,,,,,,,,,,,50718,,,,,,,,,,,,,,,,,,,
35905,variation,56905348,,D-sign Rug 1D0063 Burgundy - 150x230,1,0,hidden,,D-sign Rug 1D0063 Burgundy 150x230 cm,,,taxable,parent,0,0,,0,0,,230,150,1.5,0,,,1796,,,,,,,56901463-H,,,,,,2,,,Size,150x230,,1,,,,,,,,,,,,,,,,,,,,,,,,,,,,,,,,,,,,,150x230,,,,,,,,,,,,1786453388,,,,,,,,,,,,50716,,,,,,,,,,,,,,,,,,,
35906,variation,56905347,,D-sign Rug 1D0063 Burgundy - 150x300,1,0,hidden,,D-sign Rug 1D0063 Burgundy 150x300 cm,,,taxable,parent,0,0,,0,0,,300,150,1.5,0,,,2268,,,,,,,56901463-H,,,,,,3,,,Size,150x300,,1,,,,,,,,,,,,,,,,,,,,,,,,,,,,,,,,,,,,,150x300,,,,,,,,,,,,1786453387,,,,,,,,,,,,50717,,,,,,,,,,,,,,,,,,,
35907,variation,56905349,,D-sign Rug 1D0063 Burgundy - 180x270,1,0,hidden,,D-sign Rug 1D0063 Burgundy 180x270 cm,,,taxable,parent,0,0,,0,0,,270,180,1.5,0,,,2556,,,,,,,56901463-H,,,,,,4,,,Size,180x270,,1,,,,,,,,,,,,,,,,,,,,,,,,,,,,,,,,,,,,,180x270,,,,,,,,,,,,,,,,,,,,,,,,61785,,,,,,,,,,,,,,,,,,,
35908,variation,56905353,,D-sign Rug 1D0063 Burgundy - 200x290,1,0,hidden,,D-sign Rug 1D0063 Burgundy 200x290 cm,,,taxable,parent,0,0,,0,0,,290,200,1.5,0,,,2828,,,,,,,56901463-H,,,,,,5,,,Size,200x290,,1,,,,,,,,,,,,,,,,,,,,,,,,,,,,,,,,,,,,,200x290,,,,,,,,,,,,1786453422,,,,,,,,,,,,50715,,,,,,,,,,,,,,,,,,,
35909,variation,56905351,,D-sign Rug 1D0063 Burgundy - 200x400,1,0,hidden,,D-sign Rug 1D0063 Burgundy 200x400 cm,,,taxable,parent,0,0,,0,0,,400,200,1.5,0,,,3868,,,,,,,56901463-H,,,,,,6,,,Size,200x400,,1,,,,,,,,,,,,,,,,,,,,,,,,,,,,,,,,,,,,,200x400,,,,,,,,,,,,1786453388,,,,,,,,,,,,61786,,,,,,,,,,,,,,,,,,,
35910,variation,56905355,,D-sign Rug 1D0063 Burgundy - 250x350,1,0,hidden,,D-sign Rug 1D0063 Burgundy 250x350 cm,,,taxable,parent,0,0,,0,0,,350,250,1.5,0,,,4196,,,,,,,56901463-H,,,,,,7,,,Size,250x350,,1,,,,,,,,,,,,,,,,,,,,,,,,,,,,,,,,,,,,,250x350,,,,,,,,,,,,1786453424,,,,,,,,,,,,50714,,,,,,,,,,,,,,,,,,,
35911,variation,56905346,,D-sign Rug 1D0063 Burgundy - 300x400,1,0,hidden,,D-sign Rug 1D0063 Burgundy 300x400 cm,,,taxable,parent,0,0,,0,0,,400,300,1.5,0,,,6052,,,,,,,56901463-H,,,,,,8,,,Size,300x400,,1,,,,,,,,,,,,,,,,,,,,,,,,,,,,,,,,,,,,,300x400,,,,,,,,,,,,1786453386,,,,,,,,,,,,50713,,,,,,,,,,,,,,,,,,,
35912,variation,56901465,,D-sign Rug 1D0063 Burgundy - 400x500,1,0,hidden,,D-sign Rug 1D0063 Burgundy 400x500 cm,,,taxable,parent,0,0,,0,0,,500,400,1.5,0,,,10420,,,,,,,56901463-H,,,,,,9,,,Size,400x500,,1,,,,,,,,,,,,,,,,,,,,,,,,,,,,,,,,,,,,,400x500,,,,,,,,,,,,1786453148,,,,,,,,,,,,87566,,,,,,,,,,,,,,,,,,,
35918,variation,56901466,,D-sign Rug 1D0064 Green - 100x200,1,0,hidden,,D-sign Rug 1D0064 Green 100x200 cm,,,taxable,parent,0,0,,0,0,,200,100,1.5,0,,,1236,,,,,,,56901466-H,,,,,,1,,,Size,100x200,,1,,,,,,,,,,,,,,,,,,,,,,,,,,,,,,,,,,,,,100x200,,,,,,,,,,,,1786453149,,,,,,,,,,,,50724,,,,,,,,,,,,,,,,,,,
35919,variation,56905360,,D-sign Rug 1D0064 Green - 150x230,1,0,hidden,,D-sign Rug 1D0064 Green 150x230 cm,,,taxable,parent,0,0,,0,0,,230,150,1.5,0,,,1796,,,,,,,56901466-H,,,,,,2,,,Size,150x230,,1,,,,,,,,,,,,,,,,,,,,,,,,,,,,,,,,,,,,,150x230,,,,,,,,,,,,1786453426,,,,,,,,,,,,50722,,,,,,,,,,,,,,,,,,,
35920,variation,56905359,,D-sign Rug 1D0064 Green - 150x300,1,0,hidden,,D-sign Rug 1D0064 Green 150x300 cm,,,taxable,parent,0,0,,0,0,,300,150,1.5,0,,,2268,,,,,,,56901466-H,,,,,,3,,,Size,150x300,,1,,,,,,,,,,,,,,,,,,,,,,,,,,,,,,,,,,,,,150x300,,,,,,,,,,,,1786453425,,,,,,,,,,,,50723,,,,,,,,,,,,,,,,,,,
35921,variation,56905364,,D-sign Rug 1D0064 Green - 180x270,1,0,hidden,,D-sign Rug 1D0064 Green 180x270 cm,,,taxable,parent,0,0,,0,0,,270,180,1.5,0,,,2556,,,,,,,56901466-H,,,,,,4,,,Size,180x270,,1,,,,,,,,,,,,,,,,,,,,,,,,,,,,,,,,,,,,,180x270,,,,,,,,,,,,1786453428,,,,,,,,,,,,61784,,,,,,,,,,,,,,,,,,,
35922,variation,56905354,,D-sign Rug 1D0064 Green - 200x290,1,0,hidden,,D-sign Rug 1D0064 Green 200x290 cm,,,taxable,parent,0,0,,0,0,,290,200,1.5,0,,,2828,,,,,,,56901466-H,,,,,,5,,,Size,200x290,,1,,,,,,,,,,,,,,,,,,,,,,,,,,,,,,,,,,,,,200x290,,,,,,,,,,,,1786453423,,,,,,,,,,,,50721,,,,,,,,,,,,,,,,,,,
35923,variation,56905361,,D-sign Rug 1D0064 Green - 200x400,1,0,hidden,,D-sign Rug 1D0064 Green 200x400 cm,,,taxable,parent,0,0,,0,0,,400,200,1.5,0,,,3868,,,,,,,56901466-H,,,,,,6,,,Size,200x400,,1,,,,,,,,,,,,,,,,,,,,,,,,,,,,,,,,,,,,,200x400,,,,,,,,,,,,1786453426,,,,,,,,,,,,87562,,,,,,,,,,,,,,,,,,,
35924,variation,56905352,,D-sign Rug 1D0064 Green - 250x350,1,0,hidden,,D-sign Rug 1D0064 Green 250x350 cm,,,taxable,parent,0,0,,0,0,,350,250,1.5,0,,,4196,,,,,,,56901466-H,,,,,,7,,,Size,250x350,,1,,,,,,,,,,,,,,,,,,,,,,,,,,,,,,,,,,,,,250x350,,,,,,,,,,,,1786453389,,,,,,,,,,,,50720,,,,,,,,,,,,,,,,,,,
35925,variation,56905362,,D-sign Rug 1D0064 Green - 300x400,1,0,hidden,,D-sign Rug 1D0064 Green 300x400 cm,,,taxable,parent,0,0,,0,0,,400,300,1.5,0,,,6052,,,,,,,56901466-H,,,,,,8,,,Size,300x400,,1,,,,,,,,,,,,,,,,,,,,,,,,,,,,,,,,,,,,,300x400,,,,,,,,,,,,1786453427,,,,,,,,,,,,50719,,,,,,,,,,,,,,,,,,,
35926,variation,56905365,,D-sign Rug 1D0064 Green - 400x500,1,0,hidden,,D-sign Rug 1D0064 Green 400x500 cm,,,taxable,parent,0,0,,0,0,,500,400,1.5,0,,,10420,,,,,,,56901466-H,,,,,,9,,,Size,400x500,,1,,,,,,,,,,,,,,,,,,,,,,,,,,,,,,,,,,,,,400x500,,,,,,,,,,,,1786453429,,,,,,,,,,,,87563,,,,,,,,,,,,,,,,,,,
35932,variation,56901530,,D-sign Rug 1D0065 Black - 100x200,1,0,hidden,,D-sign Rug 1D0065 Black 100x200 cm,,,taxable,parent,0,0,,0,0,,200,100,1.5,0,,,1236,,,,,,,56901530-H,,,,,,1,,,Size,100x200,,1,,,,,,,,,,,,,,,,,,,,,,,,,,,,,,,,,,,,,100x200,,,,,,,,,,,,1786453149,,,,,,,,,,,,50730,,,,,,,,,,,,,,,,,,,
35933,variation,56905366,,D-sign Rug 1D0065 Black - 150x230,1,0,hidden,,D-sign Rug 1D0065 Black 150x230 cm,,,taxable,parent,0,0,,0,0,,230,150,1.5,0,,,1796,,,,,,,56901530-H,,,,,,2,,,Size,150x230,,1,,,,,,,,,,,,,,,,,,,,,,,,,,,,,,,,,,,,,150x230,,,,,,,,,,,,1786453430,,,,,,,,,,,,50728,,,,,,,,,,,,,,,,,,,
35934,variation,56905367,,D-sign Rug 1D0065 Black - 150x300,1,0,hidden,,D-sign Rug 1D0065 Black 150x300 cm,,,taxable,parent,0,0,,0,0,,300,150,1.5,0,,,2268,,,,,,,56901530-H,,,,,,3,,,Size,150x300,,1,,,,,,,,,,,,,,,,,,,,,,,,,,,,,,,,,,,,,150x300,,,,,,,,,,,,1786453430,,,,,,,,,,,,50729,,,,,,,,,,,,,,,,,,,
35935,variation,56905390,,D-sign Rug 1D0065 Black - 180x270,1,0,hidden,,D-sign Rug 1D0065 Black 180x270 cm,,,taxable,parent,0,0,,0,0,,270,180,1.5,0,,,2556,,,,,,,56901530-H,,,,,,4,,,Size,180x270,,1,,,,,,,,,,,,,,,,,,,,,,,,,,,,,,,,,,,,,180x270,,,,,,,,,,,,1786453431,,,,,,,,,,,,61783,,,,,,,,,,,,,,,,,,,
35936,variation,56905392,,D-sign Rug 1D0065 Black - 200x290,1,0,hidden,,D-sign Rug 1D0065 Black 200x290 cm,,,taxable,parent,0,0,,0,0,,290,200,1.5,0,,,2828,,,,,,,56901530-H,,,,,,5,,,Size,200x290,,1,,,,,,,,,,,,,,,,,,,,,,,,,,,,,,,,,,,,,200x290,,,,,,,,,,,,1786453432,,,,,,,,,,,,50727,,,,,,,,,,,,,,,,,,,
35937,variation,56905368,,D-sign Rug 1D0065 Black - 200x400,1,0,hidden,,D-sign Rug 1D0065 Black 200x400 cm,,,taxable,parent,0,0,,0,0,,400,200,1.5,0,,,3868,,,,,,,56901530-H,,,,,,6,,,Size,200x400,,1,,,,,,,,,,,,,,,,,,,,,,,,,,,,,,,,,,,,,200x400,,,,,,,,,,,,1786453431,,,,,,,,,,,,87560,,,,,,,,,,,,,,,,,,,
35938,variation,56905395,,D-sign Rug 1D0065 Black - 250x350,1,0,hidden,,D-sign Rug 1D0065 Black 250x350 cm,,,taxable,parent,0,0,,0,0,,350,250,1.5,0,,,4196,,,,,,,56901530-H,,,,,,7,,,Size,250x350,,1,,,,,,,,,,,,,,,,,,,,,,,,,,,,,,,,,,,,,250x350,,,,,,,,,,,,1786453433,,,,,,,,,,,,50726,,,,,,,,,,,,,,,,,,,
35939,variation,56905363,,D-sign Rug 1D0065 Black - 300x400,1,0,hidden,,D-sign Rug 1D0065 Black 300x400 cm,,,taxable,parent,0,0,,0,0,,400,300,1.5,0,,,6052,,,,,,,56901530-H,,,,,,8,,,Size,300x400,,1,,,,,,,,,,,,,,,,,,,,,,,,,,,,,,,,,,,,,300x400,,,,,,,,,,,,1786453428,,,,,,,,,,,,50725,,,,,,,,,,,,,,,,,,,
35940,variation,56905391,,D-sign Rug 1D0065 Black - 400x500,1,0,hidden,,D-sign Rug 1D0065 Black 400x500 cm,,,taxable,parent,0,0,,0,0,,500,400,1.5,0,,,10420,,,,,,,56901530-H,,,,,,9,,,Size,400x500,,1,,,,,,,,,,,,,,,,,,,,,,,,,,,,,,,,,,,,,400x500,,,,,,,,,,,,1786453432,,,,,,,,,,,,87561,,,,,,,,,,,,,,,,,,,
35946,variable,56901536-H,,D-sign Rug 1D0068 Beige,1,0,hidden,D-sign Rug 1D0068 Beige ,D-sign Rug 1D0068 Beige ,,,taxable,,0,,,0,0,,,,,1,,,,"Rooms > Bedroom, Rooms > Living room, Rugs > Modern, Rugs",,,"https://rugshop.eu/wp-content/uploads/2021/10/carpet-acrylic-florya-0362-beige-cream.jpg, https://rugshop.eu/wp-content/uploads/2021/10/carpet-acrylic-florya-0362-beige-cream-1.jpg, https://rugshop.eu/wp-content/uploads/2021/10/carpet-acrylic-florya-0362-beige-cream-2.jpg",,,,,,,,,513,,,Size,"160x235, 200x300, 80x150",1,1,Brand,D-sign,1,1,Color,White-Beige,1,1,Type of color,Multicolor,1,1,Shape,Rectangular,1,1,Material,Acrylic,1,1,Type of rug,Modern,1,1,Weave,Machinemade,1,1,Age,New,1,1,,,,,,,,,,,,,,,,,1786453159,yes,yes,,,,,,,,,,,,,,,,,,,,,,,,,,,,,
35949,variation,56901529,,D-sign Rug 1D0066 Beige - 80x150,1,0,hidden,,D-sign Rug 1D0066 Beige 80x150 cm,,,taxable,parent,0,0,,0,0,,150,80,1.6,0,,,1420,,,,,,,56901529-H,,,,,,1,,,Size,80x150,,1,,,,,,,,,,,,,,,,,,,,,,,,,,,,,,,,,,,,,80x150,,,,,,,,,,,,1786453149,,,,,,,,,,,,50989,,,,,,,,,,,,,,,,,,,
35950,variation,56901532,,D-sign Rug 1D0066 Beige - 160x235,1,0,hidden,,D-sign Rug 1D0066 Beige 160x235 cm,,,taxable,parent,0,0,,0,0,,235,160,1.6,0,,,3812,,,,,,,56901529-H,,,,,,2,,,Size,160x235,,1,,,,,,,,,,,,,,,,,,,,,,,,,,,,,,,,,,,,,160x235,,,,,,,,,,,,,,,,,,,,,,,,50990,,,,,,,,,,,,,,,,,,,
35951,variation,56901534,,D-sign Rug 1D0066 Beige - 200x300,1,0,hidden,,D-sign Rug 1D0066 Beige 200x300 cm,,,taxable,parent,0,0,,0,0,,300,200,1.6,0,,,6380,,,,,,,56901529-H,,,,,,3,,,Size,200x300,,1,,,,,,,,,,,,,,,,,,,,,,,,,,,,,,,,,,,,,200x300,,,,,,,,,,,,,,,,,,,,,,,,50988,,,,,,,,,,,,,,,,,,,
35963,variation,56901536,,D-sign Rug 1D0068 Beige - 80x150,1,0,hidden,,D-sign Rug 1D0068 Beige 80x150 cm,,,taxable,parent,0,0,,0,0,,150,80,1.6,0,,,1420,,,,,,,56901536-H,,,,,,1,,,Size,80x150,,1,,,,,,,,,,,,,,,,,,,,,,,,,,,,,,,,,,,,,80x150,,,,,,,,,,,,1786453149,,,,,,,,,,,,50996,,,,,,,,,,,,,,,,,,,
35964,variation,56905398,,D-sign Rug 1D0068 Beige - 160x235,1,0,hidden,,D-sign Rug 1D0068 Beige 160x235 cm,,,taxable,parent,0,0,,0,0,,235,160,1.6,0,,,3812,,,,,,,56901536-H,,,,,,2,,,Size,160x235,,1,,,,,,,,,,,,,,,,,,,,,,,,,,,,,,,,,,,,,160x235,,,,,,,,,,,,,,,,,,,,,,,,50995,,,,,,,,,,,,,,,,,,,
35965,variation,56905396,,D-sign Rug 1D0068 Beige - 200x300,1,0,hidden,,D-sign Rug 1D0068 Beige 200x300 cm,,,taxable,parent,0,0,,0,0,,300,200,1.6,0,,,6380,,,,,,,56901536-H,,,,,,3,,,Size,200x300,,1,,,,,,,,,,,,,,,,,,,,,,,,,,,,,,,,,,,,,200x300,,,,,,,,,,,,,,,,,,,,,,,,50994,,,,,,,,,,,,,,,,,,,
36220,variable,56901770-H,,D-sign Rug 1D0091 White,1,0,hidden,D-sign Rug 1D0091 White ,D-sign Rug 1D0091 White ,,,taxable,,0,,,0,0,,,,,1,,,,"Rooms > Bedroom, Rooms > Living room, Rugs > Modern, Rugs, Rugs > Traditional",,,"https://rugshop.eu/wp-content/uploads/2021/10/carpet-heat-set-jasmin-8580-ivory.jpg, https://rugshop.eu/wp-content/uploads/2021/10/carpet-heat-set-jasmin-8580-ivory-1.jpg, https://rugshop.eu/wp-content/uploads/2021/10/carpet-heat-set-jasmin-8580-ivory-2.jpg",,,,,,,,,536,,,Size,"100x200, 120x170, 160x220, 180x270, 200x290, 240x350, 60x100",1,1,Brand,D-sign,1,1,Color,Blue,1,1,Type of color,Multicolor,1,1,Shape,Rectangular,1,1,Material,Viscose,1,1,Type of rug,"Modern, Traditional",1,1,Weave,Machinemade,1,1,Age,New,1,1,,,,,,,,,,,,,,,,,1786453456,yes,yes,,,,,,,,,,,,,,,,,,,,,,,,,,,,,
36265,variation,56901770,,D-sign Rug 1D0091 White - 60x100,1,0,hidden,,D-sign Rug 1D0091 White 60x100 cm,,,taxable,parent,0,0,,0,0,,100,60,1.3,0,,,748,,,,,,,56901770-H,,,,,,1,,,Size,60x100,,1,,,,,,,,,,,,,,,,,,,,,,,,,,,,,,,,,,,,,60x100,,,,,,,,,,,,,,,,,,,,,,,,53665,,,,,,,,,,,,,,,,,,,
36266,variation,56905557,,D-sign Rug 1D0091 White - 100x200,1,0,hidden,,D-sign Rug 1D0091 White 100x200 cm,,,taxable,parent,0,0,,0,0,,200,100,1.3,0,,,1612,,,,,,,56901770-H,,,,,,2,,,Size,100x200,,1,,,,,,,,,,,,,,,,,,,,,,,,,,,,,,,,,,,,,100x200,,,,,,,,,,,,,,,,,,,,,,,,53669,,,,,,,,,,,,,,,,,,,
36267,variation,56905544,,D-sign Rug 1D0091 White - 120x170,1,0,hidden,,D-sign Rug 1D0091 White 120x170 cm,,,taxable,parent,0,0,,0,0,,170,120,1.3,0,,,1612,,,,,,,56901770-H,,,,,,3,,,Size,120x170,,1,,,,,,,,,,,,,,,,,,,,,,,,,,,,,,,,,,,,,120x170,,,,,,,,,,,,1786453438,,,,,,,,,,,,53668,,,,,,,,,,,,,,,,,,,
36268,variation,56905548,,D-sign Rug 1D0091 White - 160x220,1,0,hidden,,D-sign Rug 1D0091 White 160x220 cm,,,taxable,parent,0,0,,0,0,,220,160,1.3,0,,,2500,,,,,,,56901770-H,,,,,,4,,,Size,160x220,,1,,,,,,,,,,,,,,,,,,,,,,,,,,,,,,,,,,,,,160x220,,,,,,,,,,,,,,,,,,,,,,,,53666,,,,,,,,,,,,,,,,,,,
36269,variation,56905543,,D-sign Rug 1D0091 White - 180x270,1,0,hidden,,D-sign Rug 1D0091 White 180x270 cm,,,taxable,parent,0,0,,0,0,,270,180,1.3,0,,,3300,,,,,,,56901770-H,,,,,,5,,,Size,180x270,,1,,,,,,,,,,,,,,,,,,,,,,,,,,,,,,,,,,,,,180x270,,,,,,,,,,,,,,,,,,,,,,,,87275,,,,,,,,,,,,,,,,,,,
36270,variation,56905547,,D-sign Rug 1D0091 White - 200x290,1,0,hidden,,D-sign Rug 1D0091 White 200x290 cm,,,taxable,parent,0,0,,0,0,,290,200,1.3,0,,,3964,,,,,,,56901770-H,,,,,,6,,,Size,200x290,,1,,,,,,,,,,,,,,,,,,,,,,,,,,,,,,,,,,,,,200x290,,,,,,,,,,,,,,,,,,,,,,,,53663,,,,,,,,,,,,,,,,,,,
36271,variation,56905546,,D-sign Rug 1D0091 White - 240x350,1,0,hidden,,D-sign Rug 1D0091 White 240x350 cm,,,taxable,parent,0,0,,0,0,,350,240,1.3,0,,,5276,,,,,,,56901770-H,,,,,,7,,,Size,240x350,,1,,,,,,,,,,,,,,,,,,,,,,,,,,,,,,,,,,,,,240x350,,,,,,,,,,,,,,,,,,,,,,,,53664,,,,,,,,,,,,,,,,,,,
36470,variable,56902068-H,,D-sign Rug 1D0110 Red,1,0,hidden,D-sign Rug 1D0110 Red,D-sign Rug 1D0110 Red,,,taxable,,0,,,0,0,,,,,0,,,,"Rooms > Kids, Rugs > Kids, Rugs",,,"https://rugshop.eu/wp-content/uploads/2021/10/carpet-children-happy-c299-grape-red.jpg, https://rugshop.eu/wp-content/uploads/2021/10/carpet-children-happy-c299-grape-red-1.jpg, https://rugshop.eu/wp-content/uploads/2021/10/carpet-children-happy-c299-grape-red-2.jpg",,,,,,,,,555,,,Size,"100x100, 120x120, 80x80",1,1,Brand,D-sign,1,1,Color,Red,1,1,Type of color,Multicolor,1,1,Shape,Other,1,1,Material,Polypropen,1,1,Type of rug,Modern,1,1,Weave,Machinemade,1,1,Age,New,1,1,,,,,,,,,default,default,default,default,,,,,1786453182,yes,yes,,,,,,,,,classic-editor,,,,,,,,,,,,,,,,,,,,
36493,variation,56902068,,D-sign Rug 1D0110 Red - 80x80,1,0,hidden,,D-sign Rug 1D0110 Red 80x80 cm,,,taxable,parent,0,0,,0,0,,80,80,1.3,0,,,668,,,,,,,56902068-H,,,,,,1,,,Size,80x80,,1,,,,,,,,,,,,,,,,,,,,,,,,,,,,,,,,,,,,,80x80,,,,,,,,,,,,,,,,,,,,,,,,54869,,,,,,,,,,,,,,,,,,,
36494,variation,56902092,,D-sign Rug 1D0110 Red - 100x100,1,0,hidden,,D-sign Rug 1D0110 Red 100x100 cm,,,taxable,parent,0,0,,0,0,,100,100,1.3,0,,,764,,,,,,,56902068-H,,,,,,2,,,Size,100x100,,1,,,,,,,,,,,,,,,,,,,,,,,,,,,,,,,,,,,,,100x100,,,,,,,,,,,,1786453174,,,,,,,,,,,,54868,,,,,,,,,,,,,,,,,,,
36495,variation,56902085,,D-sign Rug 1D0110 Red - 120x120,1,0,hidden,,D-sign Rug 1D0110 Red 120x120 cm,,,taxable,parent,0,0,,0,0,,120,120,1.3,0,,,900,,,,,,,56902068-H,,,,,,3,,,Size,120x120,,1,,,,,,,,,,,,,,,,,,,,,,,,,,,,,,,,,,,,,120x120,,,,,,,,,,,,1786453174,,,,,,,,,,,,54867,,,,,,,,,,,,,,,,,,,
36591,variable,56902632-H,,D-sign Rug 1D0121 Grey,1,0,hidden,D-sign Rug 1D0121 Grey,D-sign Rug 1D0121 Grey,,,taxable,,0,,,0,0,,,,,0,,,,"Rooms > Kids, Rugs > Kids, Rugs",,,"https://rugshop.eu/wp-content/uploads/2021/10/carpet-bcf-flash-33293-170.jpg, https://rugshop.eu/wp-content/uploads/2021/10/carpet-bcf-flash-33293-170-1.jpg, https://rugshop.eu/wp-content/uploads/2021/10/carpet-bcf-flash-33293-170-2.jpg",,,,,,,,,566,,,Size,"120x170, 160x225",1,1,Brand,D-sign,1,1,Color,Black-Grey,1,1,Type of color,Multicolor,1,1,Shape,Rectangular,1,1,Material,Polypropen,1,1,Type of rug,Modern,1,1,Weave,Machinemade,1,1,Age,New,1,1,,,,,,,,,default,default,default,default,,,,,1786453558,yes,yes,,,,,,,,,,,,,,,,,,,,,,,,,,,,,
36592,variable,56902625-H,,D-sign Rug 1D0122 Grey,1,0,hidden,D-sign Rug 1D0122 Grey,D-sign Rug 1D0122 Grey,,,taxable,,0,,,0,0,,,,,0,,,,"Rooms > Kids, Rugs > Kids, Rugs",,,"https://rugshop.eu/wp-content/uploads/2021/10/carpet-bcf-flash-33302-190.jpg, https://rugshop.eu/wp-content/uploads/2021/10/carpet-bcf-flash-33302-190-1.jpg, https://rugshop.eu/wp-content/uploads/2021/10/carpet-bcf-flash-33302-190-2.jpg",,,,,,,,,567,,,Size,"120x170, 160x225",1,1,Brand,D-sign,1,1,Color,Black-Grey,1,1,Type of color,Multicolor,1,1,Shape,Rectangular,1,1,Material,Polypropen,1,1,Type of rug,Modern,1,1,Weave,Machinemade,1,1,Age,New,1,1,,,,,,,,,default,default,default,default,,,,,1786453560,yes,yes,,,,,,,,,,,,,,,,,,,,,,,,,,,,,
36594,variable,56902630-H,,D-sign Rug 1D0124 Grey,1,0,hidden,D-sign Rug 1D0124 Grey ,D-sign Rug 1D0124 Grey ,,,taxable,,0,,,0,0,,,,,1,,,,"Rooms > Bedroom, Rooms > Living room, Rugs > Modern, Rugs",,,"https://rugshop.eu/wp-content/uploads/2021/10/carpet-bcf-flash-33307-177.jpg, https://rugshop.eu/wp-content/uploads/2021/10/carpet-bcf-flash-33307-177-1.jpg, https://rugshop.eu/wp-content/uploads/2021/10/carpet-bcf-flash-33307-177-2.jpg",,,,,,,,,569,,,Size,"120x170, 160x225",1,1,Brand,D-sign,1,1,Color,Black-Grey,1,1,Type of color,Multicolor,1,1,Shape,Rectangular,1,1,Material,Polypropen,1,1,Type of rug,Modern,1,1,Weave,Machinemade,1,1,Age,New,1,1,,,,,,,,,,,,,,,,,1786453562,yes,yes,,,,,,,,,,,,,,,,,,,,,,,,,,,,,
36618,variation,56902632,,D-sign Rug 1D0121 Grey - 120x170,1,0,hidden,,D-sign Rug 1D0121 Grey 120x170 cm,,,taxable,parent,0,0,,0,0,,170,120,0.9,0,,,900,,,,,,,56902632-H,,,,,,1,,,Size,120x170,,1,,,,,,,,,,,,,,,,,,,,,,,,,,,,,,,,,,,,,120x170,,,,,,,,,,,,,,,,,,,,,,,,58909,,,,,,,,,,,,,,,,,,,
36619,variation,56905852,,D-sign Rug 1D0121 Grey - 160x225,1,0,hidden,,D-sign Rug 1D0121 Grey 160x225 cm,,,taxable,parent,0,0,,0,0,,225,160,0.9,0,,,1276,,,,,,,56902632-H,,,,,,2,,,Size,160x225,,1,,,,,,,,,,,,,,,,,,,,,,,,,,,,,,,,,,,,,160x225,,,,,,,,,,,,1786453532,,,,,,,,,,,,58910,,,,,,,,,,,,,,,,,,,
36624,variation,56902625,,D-sign Rug 1D0122 Grey - 120x170,1,0,hidden,,D-sign Rug 1D0122 Grey 120x170 cm,,,taxable,parent,0,0,,0,0,,170,120,0.9,0,,,900,,,,,,,56902625-H,,,,,,1,,,Size,120x170,,1,,,,,,,,,,,,,,,,,,,,,,,,,,,,,,,,,,,,,120x170,,,,,,,,,,,,,,,,,,,,,,,,58913,,,,,,,,,,,,,,,,,,,
36625,variation,56905853,,D-sign Rug 1D0122 Grey - 160x225,1,0,hidden,,D-sign Rug 1D0122 Grey 160x225 cm,,,taxable,parent,0,0,,0,0,,225,160,0.9,0,,,1276,,,,,,,56902625-H,,,,,,2,,,Size,160x225,,1,,,,,,,,,,,,,,,,,,,,,,,,,,,,,,,,,,,,,160x225,,,,,,,,,,,,1786453532,,,,,,,,,,,,58914,,,,,,,,,,,,,,,,,,,
36639,variation,56902630,,D-sign Rug 1D0124 Grey - 120x170,1,0,hidden,,D-sign Rug 1D0124 Grey 120x170 cm,,,taxable,parent,0,0,,0,0,,170,120,0.9,0,,,900,,,,,,,56902630-H,,,,,,1,,,Size,120x170,,1,,,,,,,,,,,,,,,,,,,,,,,,,,,,,,,,,,,,,120x170,,,,,,,,,,,,1786453176,,,,,,,,,,,,58925,,,,,,,,,,,,,,,,,,,
36640,variation,56905854,,D-sign Rug 1D0124 Grey - 160x225,1,0,hidden,,D-sign Rug 1D0124 Grey 160x225 cm,,,taxable,parent,0,0,,0,0,,225,160,0.9,0,,,1276,,,,,,,56902630-H,,,,,,2,,,Size,160x225,,1,,,,,,,,,,,,,,,,,,,,,,,,,,,,,,,,,,,,,160x225,,,,,,,,,,,,1786453533,,,,,,,,,,,,58926,,,,,,,,,,,,,,,,,,,
36806,variable,56903185-H,,D-sign Rug 1D0146 White,1,0,hidden,D-sign Rug 1D0146 White ,D-sign Rug 1D0146 White ,,,taxable,,0,,,0,0,,,,,1,,,,"Rooms > Bedroom, Rooms > Living room, Rugs > Modern, Rugs",,,"https://rugshop.eu/wp-content/uploads/2021/10/carpet-sketch-f764-black-white-dots.jpg, https://rugshop.eu/wp-content/uploads/2021/10/carpet-sketch-f764-black-white-dots-1.jpg, https://rugshop.eu/wp-content/uploads/2021/10/carpet-sketch-f764-black-white-dots-2.jpg",,,,,,,,,591,,,Size,"120x170, 140x190, 160x220, 180x270, 200x290, 80x150",1,1,Brand,D-sign,1,1,Color,Black-Grey,1,1,Type of color,Multicolor,1,1,Shape,Rectangular,1,1,Material,Polypropen,1,1,Type of rug,Modern,1,1,Weave,Machinemade,1,1,Country,Turkey,1,1,Age,New,1,1,,,,,,,,,,,,,1786453600,yes,yes,,,,,,,,,,,,,,,,,,,,,,,,,,,,,
36838,variation,56903185,,D-sign Rug 1D0146 White - 80x150,1,0,hidden,,D-sign Rug 1D0146 White 80x150 cm,,,taxable,parent,0,0,,0,0,,150,80,1.3,0,,,860,,,,,,,56903185-H,,,,,,1,,,Size,80x150,,1,,,,,,,,,,,,,,,,,,,,,,,,,,,,,,,,,,,,,80x150,,,,,,,,,,,,,,,,,,,,,,,,63454,,,,,,,,,,,,,,,,,,,
36839,variation,56905946,,D-sign Rug 1D0146 White - 120x170,1,0,hidden,,D-sign Rug 1D0146 White 120x170 cm,,,taxable,parent,0,0,,0,0,,170,120,1.3,0,,,1324,,,,,,,56903185-H,,,,,,2,,,Size,120x170,,1,,,,,,,,,,,,,,,,,,,,,,,,,,,,,,,,,,,,,120x170,,,,,,,,,,,,,,,,,,,,,,,,63455,,,,,,,,,,,,,,,,,,,
36840,variation,56905959,,D-sign Rug 1D0146 White - 140x190,1,0,hidden,,D-sign Rug 1D0146 White 140x190 cm,,,taxable,parent,0,0,,0,0,,190,140,1.3,0,,,1564,,,,,,,56903185-H,,,,,,3,,,Size,140x190,,1,,,,,,,,,,,,,,,,,,,,,,,,,,,,,,,,,,,,,140x190,,,,,,,,,,,,,,,,,,,,,,,,63456,,,,,,,,,,,,,,,,,,,
36841,variation,56905962,,D-sign Rug 1D0146 White - 160x220,1,0,hidden,,D-sign Rug 1D0146 White 160x220 cm,,,taxable,parent,0,0,,0,0,,220,160,1.3,0,,,1796,,,,,,,56903185-H,,,,,,4,,,Size,160x220,,1,,,,,,,,,,,,,,,,,,,,,,,,,,,,,,,,,,,,,160x220,,,,,,,,,,,,1786453581,,,,,,,,,,,,63457,,,,,,,,,,,,,,,,,,,
36842,variation,56905960,,D-sign Rug 1D0146 White - 180x270,1,0,hidden,,D-sign Rug 1D0146 White 180x270 cm,,,taxable,parent,0,0,,0,0,,270,180,1.3,0,,,2452,,,,,,,56903185-H,,,,,,5,,,Size,180x270,,1,,,,,,,,,,,,,,,,,,,,,,,,,,,,,,,,,,,,,180x270,,,,,,,,,,,,,,,,,,,,,,,,63458,,,,,,,,,,,,,,,,,,,
36843,variation,56905958,,D-sign Rug 1D0146 White - 200x290,1,0,hidden,,D-sign Rug 1D0146 White 200x290 cm,,,taxable,parent,0,0,,0,0,,290,200,1.3,0,,,2836,,,,,,,56903185-H,,,,,,6,,,Size,200x290,,1,,,,,,,,,,,,,,,,,,,,,,,,,,,,,,,,,,,,,200x290,,,,,,,,,,,,,,,,,,,,,,,,63459,,,,,,,,,,,,,,,,,,,
36850,variable,56903190-H,,D-sign Rug 1D0150 Red,1,0,hidden,D-sign Rug 1D0150 Red,D-sign Rug 1D0150 Red,,,taxable,,0,,,0,0,,,,,0,,,,"Rooms > Kids, Rugs > Kids, Rugs",,,"https://rugshop.eu/wp-content/uploads/2021/10/carpet-xmas-f788-cream-red.jpg, https://rugshop.eu/wp-content/uploads/2021/10/carpet-xmas-f788-cream-red-1.jpg, https://rugshop.eu/wp-content/uploads/2021/10/carpet-xmas-f788-cream-red-2.jpg",,,,,,,,,595,,,Size,"100x170, 133x190, 80x150",1,1,Brand,D-sign,1,1,Color,Red,1,1,Type of color,Multicolor,1,1,Shape,Rectangular,1,1,Material,Polypropen,1,1,Type of rug,Modern,1,1,Weave,Machinemade,1,1,Country,Turkey,1,1,Age,New,1,1,,,,,default,default,default,default,,,,,1786453609,yes,yes,,,,,,,,,,,,,,,,,,,,,,,,,,,,,
36852,variable,56903192-H,,D-sign Rug 1D0152 Red,1,0,hidden,D-sign Rug 1D0152 Red,D-sign Rug 1D0152 Red,,,taxable,,0,,,0,0,,,,,0,,,,"Rooms > Kids, Rugs > Kids, Rugs",,,"https://rugshop.eu/wp-content/uploads/2021/10/carpet-xmas-f790-cream-red.jpg, https://rugshop.eu/wp-content/uploads/2021/10/carpet-xmas-f790-cream-red-1.jpg, https://rugshop.eu/wp-content/uploads/2021/10/carpet-xmas-f790-cream-red-2.jpg",,,,,,,,,597,,,Size,"100x170, 133x190, 80x150",1,1,Brand,D-sign,1,1,Color,Red,1,1,Type of color,Multicolor,1,1,Shape,Rectangular,1,1,Material,Polypropen,1,1,Type of rug,Modern,1,1,Weave,Machinemade,1,1,Country,Turkey,1,1,Age,New,1,1,,,,,default,default,default,default,,,,,1786453611,yes,yes,,,,,,,,,,,,,,,,,,,,,,,,,,,,,
36853,variable,56903198-H,,D-sign Rug 1D0153 Red,1,0,hidden,D-sign Rug 1D0153 Red,D-sign Rug 1D0153 Red,,,taxable,,0,,,0,0,,,,,0,,,,"Rooms > Kids, Rugs > Kids, Rugs",,,"https://rugshop.eu/wp-content/uploads/2021/10/carpet-xmas-f791-cream-red.jpg, https://rugshop.eu/wp-content/uploads/2021/10/carpet-xmas-f791-cream-red-1.jpg, https://rugshop.eu/wp-content/uploads/2021/10/carpet-xmas-f791-cream-red-2.jpg",,,,,,,,,598,,,Size,"100x170, 133x190, 80x150",1,1,Brand,D-sign,1,1,Color,Red,1,1,Type of color,Multicolor,1,1,Shape,Rectangular,1,1,Material,Polypropen,1,1,Type of rug,Modern,1,1,Weave,Machinemade,1,1,Country,Turkey,1,1,Age,New,1,1,,,,,default,default,default,default,,,,,1786453616,yes,yes,,,,,,,,,,,,,,,,,,,,,,,,,,,,,
36878,variable,56903197-H,,D-sign Rug 1D0154 Black,1,0,hidden,D-sign Rug 1D0154 Black,D-sign Rug 1D0154 Black,,,taxable,,0,,,0,0,,,,,0,,,,"Rooms > Kids, Rugs > Kids, Rugs",,,"https://rugshop.eu/wp-content/uploads/2021/10/carpet-xmas-f792-cream-black.jpg, https://rugshop.eu/wp-content/uploads/2021/10/carpet-xmas-f792-cream-black-1.jpg, https://rugshop.eu/wp-content/uploads/2021/10/carpet-xmas-f792-cream-black-2.jpg",,,,,,,,,599,,,Size,"100x170, 133x190, 80x150",1,1,Brand,D-sign,1,1,Color,Black-Grey,1,1,Type of color,Multicolor,1,1,Shape,Rectangular,1,1,Material,Polypropen,1,1,Type of rug,Modern,1,1,Weave,Machinemade,1,1,Country,Turkey,1,1,Age,New,1,1,,,,,default,default,default,default,,,,,1786453613,yes,yes,,,,,,,,,,,,,,,,,,,,,,,,,,,,,
36882,variation,56903190,,D-sign Rug 1D0150 Red - 80x150,1,0,hidden,,D-sign Rug 1D0150 Red 80x150 cm,,,taxable,parent,0,0,,0,0,,150,80,1.3,0,,,948,,,,,,,56903190-H,,,,,,1,,,Size,80x150,,1,,,,,,,,,,,,,,,,,,,,,,,,,,,,,,,,,,,,,80x150,,,,,,,,,,,,1786453176,,,,,,,,,,,,63479,,,,,,,,,,,,,,,,,,,
36883,variation,56905975,,D-sign Rug 1D0150 Red - 100x170,1,0,hidden,,D-sign Rug 1D0150 Red 100x170 cm,,,taxable,parent,0,0,,0,0,,170,100,1.3,0,,,1236,,,,,,,56903190-H,,,,,,2,,,Size,100x170,,1,,,,,,,,,,,,,,,,,,,,,,,,,,,,,,,,,,,,,100x170,,,,,,,,,,,,1786453583,,,,,,,,,,,,63480,,,,,,,,,,,,,,,,,,,
36884,variation,56905973,,D-sign Rug 1D0150 Red - 133x190,1,0,hidden,,D-sign Rug 1D0150 Red 133x190 cm,,,taxable,parent,0,0,,0,0,,190,133,1.3,0,,,1564,,,,,,,56903190-H,,,,,,3,,,Size,133x190,,1,,,,,,,,,,,,,,,,,,,,,,,,,,,,,,,,,,,,,133x190,,,,,,,,,,,,1786453582,,,,,,,,,,,,63481,,,,,,,,,,,,,,,,,,,
36896,variation,56903192,,D-sign Rug 1D0152 Red - 80x150,1,0,hidden,,D-sign Rug 1D0152 Red 80x150 cm,,,taxable,parent,0,0,,0,0,,150,80,1.3,0,,,948,,,,,,,56903192-H,,,,,,1,,,Size,80x150,,1,,,,,,,,,,,,,,,,,,,,,,,,,,,,,,,,,,,,,80x150,,,,,,,,,,,,,,,,,,,,,,,,63489,,,,,,,,,,,,,,,,,,,
36897,variation,56905977,,D-sign Rug 1D0152 Red - 100x170,1,0,hidden,,D-sign Rug 1D0152 Red 100x170 cm,,,taxable,parent,0,0,,0,0,,170,100,1.3,0,,,1236,,,,,,,56903192-H,,,,,,2,,,Size,100x170,,1,,,,,,,,,,,,,,,,,,,,,,,,,,,,,,,,,,,,,100x170,,,,,,,,,,,,1786453583,,,,,,,,,,,,63490,,,,,,,,,,,,,,,,,,,
36898,variation,56903196,,D-sign Rug 1D0152 Red - 133x190,1,0,hidden,,D-sign Rug 1D0152 Red 133x190 cm,,,taxable,parent,0,0,,0,0,,190,133,1.3,0,,,1564,,,,,,,56903192-H,,,,,,3,,,Size,133x190,,1,,,,,,,,,,,,,,,,,,,,,,,,,,,,,,,,,,,,,133x190,,,,,,,,,,,,1786453176,,,,,,,,,,,,63491,,,,,,,,,,,,,,,,,,,
36903,variation,56903198,,D-sign Rug 1D0153 Red - 80x150,1,0,hidden,,D-sign Rug 1D0153 Red 80x150 cm,,,taxable,parent,0,0,,0,0,,150,80,1.3,0,,,948,,,,,,,56903198-H,,,,,,1,,,Size,80x150,,1,,,,,,,,,,,,,,,,,,,,,,,,,,,,,,,,,,,,,80x150,,,,,,,,,,,,,,,,,,,,,,,,63492,,,,,,,,,,,,,,,,,,,
36904,variation,56905980,,D-sign Rug 1D0153 Red - 100x170,1,0,hidden,,D-sign Rug 1D0153 Red 100x170 cm,,,taxable,parent,0,0,,0,0,,170,100,1.3,0,,,1236,,,,,,,56903198-H,,,,,,2,,,Size,100x170,,1,,,,,,,,,,,,,,,,,,,,,,,,,,,,,,,,,,,,,100x170,,,,,,,,,,,,1786453584,,,,,,,,,,,,63493,,,,,,,,,,,,,,,,,,,
36905,variation,56905978,,D-sign Rug 1D0153 Red - 133x190,1,0,hidden,,D-sign Rug 1D0153 Red 133x190 cm,,,taxable,parent,0,0,,0,0,,190,133,1.3,0,,,1564,,,,,,,56903198-H,,,,,,3,,,Size,133x190,,1,,,,,,,,,,,,,,,,,,,,,,,,,,,,,,,,,,,,,133x190,,,,,,,,,,,,,,,,,,,,,,,,63494,,,,,,,,,,,,,,,,,,,
36913,variation,56903197,,D-sign Rug 1D0154 Black - 80x150,1,0,hidden,,D-sign Rug 1D0154 Black 80x150 cm,,,taxable,parent,0,0,,0,0,,150,80,1.3,0,,,948,,,,,,,56903197-H,,,,,,1,,,Size,80x150,,1,,,,,,,,,,,,,,,,,,,,,,,,,,,,,,,,,,,,,80x150,,,,,,,,,,,,1786453177,,,,,,,,,,,,63498,,,,,,,,,,,,,,,,,,,
36914,variation,56905979,,D-sign Rug 1D0154 Black - 100x170,1,0,hidden,,D-sign Rug 1D0154 Black 100x170 cm,,,taxable,parent,0,0,,0,0,,170,100,1.3,0,,,1236,,,,,,,56903197-H,,,,,,2,,,Size,100x170,,1,,,,,,,,,,,,,,,,,,,,,,,,,,,,,,,,,,,,,100x170,,,,,,,,,,,,1786453584,,,,,,,,,,,,63499,,,,,,,,,,,,,,,,,,,
36915,variation,56905987,,D-sign Rug 1D0154 Black - 133x190,1,0,hidden,,D-sign Rug 1D0154 Black 133x190 cm,,,taxable,parent,0,0,,0,0,,190,133,1.3,0,,,1564,,,,,,,56903197-H,,,,,,3,,,Size,133x190,,1,,,,,,,,,,,,,,,,,,,,,,,,,,,,,,,,,,,,,133x190,,,,,,,,,,,,1786453585,,,,,,,,,,,,63500,,,,,,,,,,,,,,,,,,,
36942,variable,56903233-H,,D-sign Rug 1D0161 Beige,1,0,hidden,D-sign Rug 1D0161 Beige ,D-sign Rug 1D0161 Beige ,,,taxable,,0,,,0,0,,,,,1,,,,"Rooms > Bedroom, Rooms > Living room, Rugs > Modern, Rugs",,,"https://rugshop.eu/wp-content/uploads/2021/10/carpet-paint-f516-cream.jpg, https://rugshop.eu/wp-content/uploads/2021/10/carpet-paint-f516-cream-1.jpg, https://rugshop.eu/wp-content/uploads/2021/10/carpet-paint-f516-cream-2.jpg",,,,,,,,,606,,,Size,"120x170, 140x190, 160x220, 200x290",1,1,Brand,D-sign,1,1,Color,Blue,1,1,Type of color,Multicolor,1,1,Shape,Rectangular,1,1,Material,Polypropen,1,1,Type of rug,Modern,1,1,Weave,Machinemade,1,1,Country,Turkey,1,1,Age,New,1,1,,,,,,,,,,,,,1786453186,yes,yes,,,,,,,,,,,,,,,,,,,,,,,,,,,,,
36970,variation,56903233,,D-sign Rug 1D0161 Beige - 120x170,1,0,hidden,,D-sign Rug 1D0161 Beige 120x170 cm,,,taxable,parent,0,0,,0,0,,170,120,1.3,0,,,1100,,,,,,,56903233-H,,,,,,1,,,Size,120x170,,1,,,,,,,,,,,,,,,,,,,,,,,,,,,,,,,,,,,,,120x170,,,,,,,,,,,,1786453177,,,,,,,,,,,,64054,,,,,,,,,,,,,,,,,,,
36971,variation,56903314,,D-sign Rug 1D0161 Beige - 140x190,1,0,hidden,,D-sign Rug 1D0161 Beige 140x190 cm,,,taxable,parent,0,0,,0,0,,190,140,1.3,0,,,1308,,,,,,,56903233-H,,,,,,2,,,Size,140x190,,1,,,,,,,,,,,,,,,,,,,,,,,,,,,,,,,,,,,,,140x190,,,,,,,,,,,,1786453177,,,,,,,,,,,,64053,,,,,,,,,,,,,,,,,,,
36972,variation,56903315,,D-sign Rug 1D0161 Beige - 160x220,1,0,hidden,,D-sign Rug 1D0161 Beige 160x220 cm,,,taxable,parent,0,0,,0,0,,220,160,1.3,0,,,1588,,,,,,,56903233-H,,,,,,3,,,Size,160x220,,1,,,,,,,,,,,,,,,,,,,,,,,,,,,,,,,,,,,,,160x220,,,,,,,,,,,,,,,,,,,,,,,,64055,,,,,,,,,,,,,,,,,,,
36973,variation,56903316,,D-sign Rug 1D0161 Beige - 200x290,1,0,hidden,,D-sign Rug 1D0161 Beige 200x290 cm,,,taxable,parent,0,0,,0,0,,290,200,1.3,0,,,2460,,,,,,,56903233-H,,,,,,4,,,Size,200x290,,1,,,,,,,,,,,,,,,,,,,,,,,,,,,,,,,,,,,,,200x290,,,,,,,,,,,,,,,,,,,,,,,,64056,,,,,,,,,,,,,,,,,,,
37096,variable,56903362-H,,D-sign Rug 1D0180 Black,1,0,hidden,D-sign Rug 1D0180 Black ,D-sign Rug 1D0180 Black ,,,taxable,,0,,,0,0,,,,,1,,,,"Rooms > Bedroom, Rooms > Living room, Rugs > Modern, Rugs",,,"https://rugshop.eu/wp-content/uploads/2021/10/carpet-bcf-flash-33236-879.jpg, https://rugshop.eu/wp-content/uploads/2021/10/carpet-bcf-flash-33236-879-1.jpg, https://rugshop.eu/wp-content/uploads/2021/10/carpet-bcf-flash-33236-879-2.jpg",,,,,,,,,625,,,Size,"120x170, 160x225",1,1,Brand,D-sign,1,1,Color,Black-Grey,1,1,Type of color,Multicolor,1,1,Shape,Rectangular,1,1,Material,Polypropen,1,1,Type of rug,Modern,1,1,Weave,Machinemade,1,1,Age,New,1,1,,,,,,,,,,,,,,,,,1786453644,yes,yes,,,,,,,,,,,,,,,,,,,,,,,,,,,,,
37097,variable,56903358-H,,D-sign Rug 1D0181 Red,1,0,hidden,D-sign Rug 1D0181 Red ,D-sign Rug 1D0181 Red ,,,taxable,,0,,,0,0,,,,,1,,,,"Rooms > Bedroom, Rooms > Living room, Rugs > Modern, Rugs",,,"https://rugshop.eu/wp-content/uploads/2021/10/carpet-bcf-flash-33238-810.jpg, https://rugshop.eu/wp-content/uploads/2021/10/carpet-bcf-flash-33238-810-1.jpg, https://rugshop.eu/wp-content/uploads/2021/10/carpet-bcf-flash-33238-810-2.jpg",,,,,,,,,626,,,Size,"120x170, 160x225",1,1,Brand,D-sign,1,1,Color,Red,1,1,Type of color,Multicolor,1,1,Shape,Rectangular,1,1,Material,Polypropen,1,1,Type of rug,Modern,1,1,Weave,Machinemade,1,1,Age,New,1,1,,,,,,,,,,,,,,,,,1786453647,yes,yes,,,,,,,,,,,,,,,,,,,,,,,,,,,,,
37131,variable,56903361-H,,D-sign Rug 1D0185 Grey,1,0,hidden,D-sign Rug 1D0185 Grey ,D-sign Rug 1D0185 Grey ,,,taxable,,0,,,0,0,,,,,1,,,,"Rooms > Bedroom, Rooms > Living room, Rugs > Modern, Rugs",,,"https://rugshop.eu/wp-content/uploads/2021/10/carpet-bcf-flash-33403-170.jpg, https://rugshop.eu/wp-content/uploads/2021/10/carpet-bcf-flash-33403-170-1.jpg, https://rugshop.eu/wp-content/uploads/2021/10/carpet-bcf-flash-33403-170-2.jpg",,,,,,,,,630,,,Size,"120x170, 160x225",1,1,Brand,D-sign,1,1,Color,Black-Grey,1,1,Type of color,Multicolor,1,1,Shape,Rectangular,1,1,Material,Polypropen,1,1,Type of rug,Modern,1,1,Weave,Machinemade,1,1,Age,New,1,1,,,,,,,,,,,,,,,,,1786453188,yes,yes,,,,,,,,,,,,,,,,,,,,,,,,,,,,,
37141,variation,56903362,,D-sign Rug 1D0180 Black - 120x170,1,0,hidden,,D-sign Rug 1D0180 Black 120x170 cm,,,taxable,parent,0,0,,0,0,,170,120,0.9,0,,,900,,,,,,,56903362-H,,,,,,1,,,Size,120x170,,1,,,,,,,,,,,,,,,,,,,,,,,,,,,,,,,,,,,,,120x170,,,,,,,,,,,,,,,,,,,,,,,,65880,,,,,,,,,,,,,,,,,,,
37142,variation,56906112,,D-sign Rug 1D0180 Black - 160x225,1,0,hidden,,D-sign Rug 1D0180 Black 160x225 cm,,,taxable,parent,0,0,,0,0,,225,160,0.9,0,,,1276,,,,,,,56903362-H,,,,,,2,,,Size,160x225,,1,,,,,,,,,,,,,,,,,,,,,,,,,,,,,,,,,,,,,160x225,,,,,,,,,,,,1786453592,,,,,,,,,,,,65881,,,,,,,,,,,,,,,,,,,
37147,variation,56903358,,D-sign Rug 1D0181 Red - 120x170,1,0,hidden,,D-sign Rug 1D0181 Red 120x170 cm,,,taxable,parent,0,0,,0,0,,170,120,0.9,0,,,900,,,,,,,56903358-H,,,,,,1,,,Size,120x170,,1,,,,,,,,,,,,,,,,,,,,,,,,,,,,,,,,,,,,,120x170,,,,,,,,,,,,,,,,,,,,,,,,65884,,,,,,,,,,,,,,,,,,,
37148,variation,56906114,,D-sign Rug 1D0181 Red - 160x225,1,0,hidden,,D-sign Rug 1D0181 Red 160x225 cm,,,taxable,parent,0,0,,0,0,,225,160,0.9,0,,,1276,,,,,,,56903358-H,,,,,,2,,,Size,160x225,,1,,,,,,,,,,,,,,,,,,,,,,,,,,,,,,,,,,,,,160x225,,,,,,,,,,,,1786453592,,,,,,,,,,,,65885,,,,,,,,,,,,,,,,,,,
37160,variable,56903349-H,,D-sign Rug 1D0182 Black,1,0,hidden,D-sign Rug 1D0182 Black ,D-sign Rug 1D0182 Black ,,,taxable,,0,,,0,0,,,,,1,,,,"Rooms > Bedroom, Rooms > Living room, Rugs > Modern, Rugs",,,"https://rugshop.eu/wp-content/uploads/2021/10/carpet-bcf-flash-33238-890.jpg, https://rugshop.eu/wp-content/uploads/2021/10/carpet-bcf-flash-33238-890-1.jpg, https://rugshop.eu/wp-content/uploads/2021/10/carpet-bcf-flash-33238-890-2.jpg",,,,,,,,,627,,,Size,"120x170, 160x225",1,1,Brand,D-sign,1,1,Color,Black-Grey,1,1,Type of color,Multicolor,1,1,Shape,Rectangular,1,1,Material,Polypropen,1,1,Type of rug,Modern,1,1,Weave,Machinemade,1,1,Age,New,1,1,,,,,,,,,,,,,,,,,1786453187,yes,yes,,,,,,,,,,,,,,,,,,,,,,,,,,,,,
37161,variation,56903361,,D-sign Rug 1D0185 Grey - 120x170,1,0,hidden,,D-sign Rug 1D0185 Grey 120x170 cm,,,taxable,parent,0,0,,0,0,,170,120,0.9,0,,,900,,,,,,,56903361-H,,,,,,1,,,Size,120x170,,1,,,,,,,,,,,,,,,,,,,,,,,,,,,,,,,,,,,,,120x170,,,,,,,,,,,,1786453178,,,,,,,,,,,,65916,,,,,,,,,,,,,,,,,,,
37162,variation,56906115,,D-sign Rug 1D0185 Grey - 160x225,1,0,hidden,,D-sign Rug 1D0185 Grey 160x225 cm,,,taxable,parent,0,0,,0,0,,225,160,0.9,0,,,1276,,,,,,,56903361-H,,,,,,2,,,Size,160x225,,1,,,,,,,,,,,,,,,,,,,,,,,,,,,,,,,,,,,,,160x225,,,,,,,,,,,,,,,,,,,,,,,,67725,,,,,,,,,,,,,,,,,,,
37209,variation,56903349,,D-sign Rug 1D0182 Black - 120x170,1,0,hidden,,D-sign Rug 1D0182 Black 120x170 cm,,,taxable,parent,0,0,,0,0,,170,120,0.9,0,,,900,,,,,,,56903349-H,,,,,,1,,,Size,120x170,,1,,,,,,,,,,,,,,,,,,,,,,,,,,,,,,,,,,,,,120x170,,,,,,,,,,,,1786453177,,,,,,,,,,,,67723,,,,,,,,,,,,,,,,,,,
37210,variation,56906077,,D-sign Rug 1D0182 Black - 160x225,1,0,hidden,,D-sign Rug 1D0182 Black 160x225 cm,,,taxable,parent,0,0,,0,0,,225,160,0.9,0,,,1276,,,,,,,56903349-H,,,,,,2,,,Size,160x225,,1,,,,,,,,,,,,,,,,,,,,,,,,,,,,,,,,,,,,,160x225,,,,,,,,,,,,,,,,,,,,,,,,65887,,,,,,,,,,,,,,,,,,,
37477,variable,56903454-H,,D-sign Rug 1D0224 Grey,1,0,hidden,D-sign Rug 1D0224 Grey ,D-sign Rug 1D0224 Grey ,,,taxable,,0,,,0,0,,,,,1,,,,"Rooms > Bedroom, Rooms > Living room, Rugs > Modern, Rugs",,,"https://rugshop.eu/wp-content/uploads/2021/10/carpet-round-eton-silver.jpg, https://rugshop.eu/wp-content/uploads/2021/10/carpet-round-eton-silver-1.jpg, https://rugshop.eu/wp-content/uploads/2021/10/carpet-round-eton-silver-2.jpg",,,,,,,,,669,,,Size,"100, 133, 150, 170, 200",1,1,Brand,D-sign,1,1,Color,Black-Grey,1,1,Type of color,Singlecolor,1,1,Shape,Round,1,1,Material,Polypropen,1,1,Type of rug,Modern,1,1,Weave,Machinemade,1,1,Country,Belgium,1,1,Age,New,1,1,,,,,,,,,,,,,1786453190,yes,yes,,,,,,,,,,,,,,,,,,,,,,,,,,,,,
37508,variable,62968624-H,,D-sign Rug 1D0225 Pink,1,0,visible,D-sign Rug 1D0225 Pink ,D-sign Rug 1D0225 Pink ,,,taxable,,1,,,0,0,,,,,1,,,,"Rooms > Bedroom, Rooms > Living room, Rugs > Modern, Rugs",,,"https://rugshop.eu/wp-content/uploads/2021/10/carpet-round-eton-pink.jpg, https://rugshop.eu/wp-content/uploads/2021/10/carpet-round-eton-pink-1.jpg, https://rugshop.eu/wp-content/uploads/2021/10/carpet-round-eton-pink-2.jpg",,,,,,,,,670,,,Size,"100, 133, 150, 170, 200",1,1,Brand,D-sign,1,1,Color,Pink-Purple,1,1,Type of color,Singlecolor,1,1,Shape,Round,1,1,Material,Polypropen,1,1,Type of rug,Modern,1,1,Weave,Machinemade,1,1,Country,Belgium,1,1,Age,New,1,1,,,,,,,,,,,,,,yes,yes,,,,,,,,,,,,,,,,,,,,,,,,,,,,,
37509,variable,62968642-H,,D-sign Rug 1D0226 Yellow,1,0,visible,D-sign Rug 1D0226 Yellow ,D-sign Rug 1D0226 Yellow ,,,taxable,,1,,,0,0,,,,,1,,,,"Rooms > Bedroom, Rooms > Living room, Rugs > Modern, Rugs",,,"https://rugshop.eu/wp-content/uploads/2021/10/carpet-round-eton-yellow.jpg, https://rugshop.eu/wp-content/uploads/2021/10/carpet-round-eton-yellow-1.jpg, https://rugshop.eu/wp-content/uploads/2021/10/carpet-round-eton-yellow-2.jpg",,,,,,,,,671,,,Size,"100, 133, 150, 170, 200",1,1,Brand,D-sign,1,1,Color,Yellow-Brown,1,1,Type of color,Singlecolor,1,1,Shape,Round,1,1,Material,Polypropen,1,1,Type of rug,Modern,1,1,Weave,Machinemade,1,1,Country,Belgium,1,1,Age,New,1,1,,,,,,,,,,,,,,yes,yes,,,,,,,,,classic-editor,,,,,,,,,,,,,,,,,,,,
37529,variation,56903454,,D-sign Rug 1D0224 Grey - 100,1,0,hidden,,D-sign Rug 1D0224 Grey 100 cm,,,taxable,parent,0,0,,0,0,,100,100,1.1,0,,,604,,,,,,,56903454-H,,,,,,1,,,Size,100,,1,,,,,,,,,,,,,,,,,,,,,,,,,,,,,,,,,,,,,100,,,,,,,,,,,,1786453178,,,,,,,,,,,,70624,,,,,,,,,,,,,,,,,,,
37530,variation,56903472,,D-sign Rug 1D0224 Grey - 133,1,0,hidden,,D-sign Rug 1D0224 Grey 133 cm,,,taxable,parent,0,0,,0,0,,133,133,1.1,0,,,764,,,,,,,56903454-H,,,,,,2,,,Size,133,,1,,,,,,,,,,,,,,,,,,,,,,,,,,,,,,,,,,,,,133,,,,,,,,,,,,1786453179,,,,,,,,,,,,70625,,,,,,,,,,,,,,,,,,,
37531,variation,56903476,,D-sign Rug 1D0224 Grey - 150,1,0,hidden,,D-sign Rug 1D0224 Grey 150 cm,,,taxable,parent,0,0,,0,0,,150,150,1.1,0,,,860,,,,,,,56903454-H,,,,,,3,,,Size,150,,1,,,,,,,,,,,,,,,,,,,,,,,,,,,,,,,,,,,,,150,,,,,,,,,,,,1786453179,,,,,,,,,,,,70626,,,,,,,,,,,,,,,,,,,
37532,variation,56903467,,D-sign Rug 1D0224 Grey - 170,1,0,hidden,,D-sign Rug 1D0224 Grey 170 cm,,,taxable,parent,0,0,,0,0,,170,170,1.1,0,,,996,,,,,,,56903454-H,,,,,,4,,,Size,170,,1,,,,,,,,,,,,,,,,,,,,,,,,,,,,,,,,,,,,,170,,,,,,,,,,,,1786453178,,,,,,,,,,,,70627,,,,,,,,,,,,,,,,,,,
37533,variation,56903471,,D-sign Rug 1D0224 Grey - 200,1,0,hidden,,D-sign Rug 1D0224 Grey 200 cm,,,taxable,parent,0,0,,0,0,,200,200,1.1,0,,,1236,,,,,,,56903454-H,,,,,,5,,,Size,200,,1,,,,,,,,,,,,,,,,,,,,,,,,,,,,,,,,,,,,,200,,,,,,,,,,,,1786453178,,,,,,,,,,,,70628,,,,,,,,,,,,,,,,,,,
37538,variable,56903584-H,,D-sign Rug 1D0231 Black,1,0,hidden,D-sign Rug 1D0231 Black ,D-sign Rug 1D0231 Black ,,,taxable,,0,,,0,0,,,,,1,,,,"Rooms > Bedroom, Rooms > Living room, Rugs > Modern, Rugs",,,"https://rugshop.eu/wp-content/uploads/2021/10/carpet-sketch-f343-black-white-trellis.jpg, https://rugshop.eu/wp-content/uploads/2021/10/carpet-sketch-f343-black-white-trellis-1.jpg, https://rugshop.eu/wp-content/uploads/2021/10/carpet-sketch-f343-black-white-trellis-2.jpg, https://rugshop.eu/wp-content/uploads/2021/10/carpet-sketch-f343-black-white-trellis-3.jpg",,,,,,,,,673,,,Size,"120x170, 140x190, 160x220, 180x270, 200x290, 240x330, 280x370, 80x150",1,1,Brand,D-sign,1,1,Color,Black-Grey,1,1,Type of color,Multicolor,1,1,Shape,Rectangular,1,1,Material,Polypropen,1,1,Type of rug,Modern,1,1,Weave,Machinemade,1,1,Country,Turkey,1,1,Age,New,1,1,,,,,,,,,,,,,1786453666,yes,yes,,,,,,,,,,,,,,,,,,,,,,,,,,,,,
37540,variation,62968624,,D-sign Rug 1D0225 Pink - 100,1,0,visible,,D-sign Rug 1D0225 Pink 100 cm,,,taxable,parent,1,28,,0,0,,100,100,1.1,0,,,604,,,,,,,62968624-H,,,,,,1,,,Size,100,,1,,,,,,,,,,,,,,,,,,,,,,,,,,,,,,,,,,,,,100,,,,,,,,,,,,,,,,,,,,,,,,70634,,,,,,,,,,,,,,,,,,,
37541,variation,62968622,,D-sign Rug 1D0225 Pink - 133,1,0,visible,,D-sign Rug 1D0225 Pink 133 cm,,,taxable,parent,1,18,,0,0,,133,133,1.1,0,,,764,,,,,,,62968624-H,,,,,,2,,,Size,133,,1,,,,,,,,,,,,,,,,,,,,,,,,,,,,,,,,,,,,,133,,,,,,,,,,,,,,,,,,,,,,,,70635,,,,,,,,,,,,,,,,,,,
37542,variation,62968623,,D-sign Rug 1D0225 Pink - 150,1,0,visible,,D-sign Rug 1D0225 Pink 150 cm,,,taxable,parent,1,20,,0,0,,150,150,1.1,0,,,860,,,,,,,62968624-H,,,,,,3,,,Size,150,,1,,,,,,,,,,,,,,,,,,,,,,,,,,,,,,,,,,,,,150,,,,,,,,,,,,,,,,,,,,,,,,70636,,,,,,,,,,,,,,,,,,,
37543,variation,62968625,,D-sign Rug 1D0225 Pink - 170,1,0,visible,,D-sign Rug 1D0225 Pink 170 cm,,,taxable,parent,1,15,,0,0,,170,170,1.1,0,,,996,,,,,,,62968624-H,,,,,,4,,,Size,170,,1,,,,,,,,,,,,,,,,,,,,,,,,,,,,,,,,,,,,,170,,,,,,,,,,,,,,,,,,,,,,,,70637,,,,,,,,,,,,,,,,,,,
37544,variation,62968621,,D-sign Rug 1D0225 Pink - 200,1,0,visible,,D-sign Rug 1D0225 Pink 200 cm,,,taxable,parent,1,12,,0,0,,200,200,1.1,0,,,1236,,,,,,,62968624-H,,,,,,5,,,Size,200,,1,,,,,,,,,,,,,,,,,,,,,,,,,,,,,,,,,,,,,200,,,,,,,,,,,,,,,,,,,,,,,,70638,,,,,,,,,,,,,,,,,,,
37549,variation,62968642,,D-sign Rug 1D0226 Yellow - 100,1,0,visible,,D-sign Rug 1D0226 Yellow 100 cm,,,taxable,parent,1,15,,0,0,,100,100,1.1,0,,,604,,,,,,,62968642-H,,,,,,1,,,Size,100,,1,,,,,,,,,,,,,,,,,,,,,,,,,,,,,,,,,,,,,100,,,,,,,,,,,,,,,,,,,,,,,,70645,,,,,,,,,,,,,,,,,,,
37550,variation,62968643,,D-sign Rug 1D0226 Yellow - 133,1,0,visible,,D-sign Rug 1D0226 Yellow 133 cm,,,taxable,parent,1,1,,0,0,,133,133,1.1,0,,,764,,,,,,,62968642-H,,,,,,2,,,Size,133,,1,,,,,,,,,,,,,,,,,,,,,,,,,,,,,,,,,,,,,133,,,,,,,,,,,,,,,,,,,,,,,,70646,,,,,,,,,,,,,,,,,,,
37551,variation,62968644,,D-sign Rug 1D0226 Yellow - 150,1,0,visible,,D-sign Rug 1D0226 Yellow 150 cm,,,taxable,parent,1,9,,0,0,,150,150,1.1,0,,,860,,,,,,,62968642-H,,,,,,3,,,Size,150,,1,,,,,,,,,,,,,,,,,,,,,,,,,,,,,,,,,,,,,150,,,,,,,,,,,,,,,,,,,,,,,,70647,,,,,,,,,,,,,,,,,,,
37552,variation,62968640,,D-sign Rug 1D0226 Yellow - 170,1,0,visible,,D-sign Rug 1D0226 Yellow 170 cm,,,taxable,parent,1,11,,0,0,,170,170,1.1,0,,,996,,,,,,,62968642-H,,,,,,4,,,Size,170,,1,,,,,,,,,,,,,,,,,,,,,,,,,,,,,,,,,,,,,170,,,,,,,,,,,,,,,,,,,,,,,,70648,,,,,,,,,,,,,,,,,,,
37553,variation,62968641,,D-sign Rug 1D0226 Yellow - 200,1,0,visible,,D-sign Rug 1D0226 Yellow 200 cm,,,taxable,parent,0,0,,0,0,,200,200,1.1,0,,,1236,,,,,,,62968642-H,,,,,,5,,,Size,200,,1,,,,,,,,,,,,,,,,,,,,,,,,,,,,,,,,,,,,,200,,,,,,,,,,,,,,,,,,,,,,,,70649,,,,,,,,,,,,,,,,,,,
37572,variable,56903593-H,,D-sign Rug 1D0245 Grey,1,0,hidden,D-sign Rug 1D0245 Grey ,D-sign Rug 1D0245 Grey ,,,taxable,,0,,,0,0,,,,,1,,,,"Rooms > Bedroom, Rooms > Living room, Rugs, Rugs > Vintage",,,"https://rugshop.eu/wp-content/uploads/2021/10/carpet-vintage-22208-356-grey-classic-rosette.jpg, https://rugshop.eu/wp-content/uploads/2021/10/carpet-vintage-22208-356-grey-classic-rosette-1.jpg, https://rugshop.eu/wp-content/uploads/2021/10/carpet-vintage-22208-356-grey-classic-rosette-2.jpg",,,,,,,,,687,,,Size,"120x170, 140x200, 160x230, 200x290",1,1,Brand,D-sign,1,1,Color,Black-Grey,1,1,Type of color,Multicolor,1,1,Shape,Rectangular,1,1,Material,Polypropen,1,1,Type of rug,Vintage / Colored Vintage,1,1,Weave,Machinemade,1,1,Age,New,1,1,,,,,,,,,,,,,,,,,1786453669,yes,yes,,,,,,,,,,,,,,,,,,,,,,,,,,,,,
37573,variable,56903592-H,,D-sign Rug 1D0252 Blue,1,0,hidden,D-sign Rug 1D0252 Blue ,D-sign Rug 1D0252 Blue ,,,taxable,,0,,,0,0,,,,,1,,,,"Rooms > Bedroom, Rooms > Living room, Rugs, Rugs > Vintage",,,"https://rugshop.eu/wp-content/uploads/2021/10/carpet-vintage-22213-473-blue-classic.jpg, https://rugshop.eu/wp-content/uploads/2021/10/carpet-vintage-22213-473-blue-classic-1.jpg, https://rugshop.eu/wp-content/uploads/2021/10/carpet-vintage-22213-473-blue-classic-2.jpg",,,,,,,,,694,,,Size,"120x170, 140x200, 160x230, 200x290",1,1,Brand,D-sign,1,1,Color,Blue,1,1,Type of color,Multicolor,1,1,Shape,Rectangular,1,1,Material,Polypropen,1,1,Type of rug,Vintage / Colored Vintage,1,1,Weave,Machinemade,1,1,Age,New,1,1,,,,,,,,,,,,,,,,,1786453671,yes,yes,,,,,,,,,,,,,,,,,,,,,,,,,,,,,
37575,variation,56903584,,D-sign Rug 1D0231 Black - 80x150,1,0,hidden,,D-sign Rug 1D0231 Black 80x150 cm,,,taxable,parent,0,0,,0,0,,150,80,1.3,0,,,860,,,,,,,56903584-H,,,,,,1,,,Size,80x150,,1,,,,,,,,,,,,,,,,,,,,,,,,,,,,,,,,,,,,,80x150,,,,,,,,,,,,,,,,,,,,,,,,70978,,,,,,,,,,,,,,,,,,,
37576,variation,56906284,,D-sign Rug 1D0231 Black - 120x170,1,0,hidden,,D-sign Rug 1D0231 Black 120x170 cm,,,taxable,parent,0,0,,0,0,,170,120,1.3,0,,,1324,,,,,,,56903584-H,,,,,,2,,,Size,120x170,,1,,,,,,,,,,,,,,,,,,,,,,,,,,,,,,,,,,,,,120x170,,,,,,,,,,,,,,,,,,,,,,,,70979,,,,,,,,,,,,,,,,,,,
37577,variation,56906286,,D-sign Rug 1D0231 Black - 140x190,1,0,hidden,,D-sign Rug 1D0231 Black 140x190 cm,,,taxable,parent,0,0,,0,0,,190,140,1.3,0,,,1564,,,,,,,56903584-H,,,,,,3,,,Size,140x190,,1,,,,,,,,,,,,,,,,,,,,,,,,,,,,,,,,,,,,,140x190,,,,,,,,,,,,1786453653,,,,,,,,,,,,70980,,,,,,,,,,,,,,,,,,,
37578,variation,56906280,,D-sign Rug 1D0231 Black - 160x220,1,0,hidden,,D-sign Rug 1D0231 Black 160x220 cm,,,taxable,parent,0,0,,0,0,,220,160,1.3,0,,,1796,,,,,,,56903584-H,,,,,,4,,,Size,160x220,,1,,,,,,,,,,,,,,,,,,,,,,,,,,,,,,,,,,,,,160x220,,,,,,,,,,,,,,,,,,,,,,,,70981,,,,,,,,,,,,,,,,,,,
37579,variation,56906281,,D-sign Rug 1D0231 Black - 180x270,1,0,hidden,,D-sign Rug 1D0231 Black 180x270 cm,,,taxable,parent,0,0,,0,0,,270,180,1.3,0,,,2452,,,,,,,56903584-H,,,,,,5,,,Size,180x270,,1,,,,,,,,,,,,,,,,,,,,,,,,,,,,,,,,,,,,,180x270,,,,,,,,,,,,,,,,,,,,,,,,70982,,,,,,,,,,,,,,,,,,,
37580,variation,56906289,,D-sign Rug 1D0231 Black - 200x290,1,0,hidden,,D-sign Rug 1D0231 Black 200x290 cm,,,taxable,parent,0,0,,0,0,,290,200,1.3,0,,,2836,,,,,,,56903584-H,,,,,,6,,,Size,200x290,,1,,,,,,,,,,,,,,,,,,,,,,,,,,,,,,,,,,,,,200x290,,,,,,,,,,,,1786453654,,,,,,,,,,,,70983,,,,,,,,,,,,,,,,,,,
37581,variation,56906285,,D-sign Rug 1D0231 Black - 240x330,1,0,hidden,,D-sign Rug 1D0231 Black 240x330 cm,,,taxable,parent,0,0,,0,0,,330,240,1.3,0,,,3868,,,,,,,56903584-H,,,,,,7,,,Size,240x330,,1,,,,,,,,,,,,,,,,,,,,,,,,,,,,,,,,,,,,,240x330,,,,,,,,,,,,,,,,,,,,,,,,80516,,,,,,,,,,,,,,,,,,,
37582,variation,56906283,,D-sign Rug 1D0231 Black - 280x370,1,0,hidden,,D-sign Rug 1D0231 Black 280x370 cm,,,taxable,parent,0,0,,0,0,,370,280,1.3,0,,,4900,,,,,,,56903584-H,,,,,,8,,,Size,280x370,,1,,,,,,,,,,,,,,,,,,,,,,,,,,,,,,,,,,,,,280x370,,,,,,,,,,,,,,,,,,,,,,,,81148,,,,,,,,,,,,,,,,,,,
37598,variation,56903593,,D-sign Rug 1D0245 Grey - 120x170,1,0,hidden,,D-sign Rug 1D0245 Grey 120x170 cm,,,taxable,parent,0,0,,0,0,,170,120,0.3,0,,,1092,,,,,,,56903593-H,,,,,,1,,,Size,120x170,,1,,,,,,,,,,,,,,,,,,,,,,,,,,,,,,,,,,,,,120x170,,,,,,,,,,,,,,,,,,,,,,,,72017,,,,,,,,,,,,,,,,,,,
37599,variation,56906294,,D-sign Rug 1D0245 Grey - 140x200,1,0,hidden,,D-sign Rug 1D0245 Grey 140x200 cm,,,taxable,parent,0,0,,0,0,,200,140,0.3,0,,,1372,,,,,,,56903593-H,,,,,,2,,,Size,140x200,,1,,,,,,,,,,,,,,,,,,,,,,,,,,,,,,,,,,,,,140x200,,,,,,,,,,,,1786453654,,,,,,,,,,,,72018,,,,,,,,,,,,,,,,,,,
37600,variation,56906300,,D-sign Rug 1D0245 Grey - 160x230,1,0,hidden,,D-sign Rug 1D0245 Grey 160x230 cm,,,taxable,parent,0,0,,0,0,,230,160,0.3,0,,,1612,,,,,,,56903593-H,,,,,,3,,,Size,160x230,,1,,,,,,,,,,,,,,,,,,,,,,,,,,,,,,,,,,,,,160x230,,,,,,,,,,,,1786453655,,,,,,,,,,,,72019,,,,,,,,,,,,,,,,,,,
37601,variation,56906318,,D-sign Rug 1D0245 Grey - 200x290,1,0,hidden,,D-sign Rug 1D0245 Grey 200x290 cm,,,taxable,parent,0,0,,0,0,,290,200,0.3,0,,,2356,,,,,,,56903593-H,,,,,,4,,,Size,200x290,,1,,,,,,,,,,,,,,,,,,,,,,,,,,,,,,,,,,,,,200x290,,,,,,,,,,,,1786453656,,,,,,,,,,,,72020,,,,,,,,,,,,,,,,,,,
37606,variable,56903587-H,,D-sign Rug 1D0244 Burgundy,1,0,hidden,D-sign Rug 1D0244 Burgundy ,D-sign Rug 1D0244 Burgundy ,,,taxable,,0,,,0,0,,,,,1,,,,"Rooms > Bedroom, Rooms > Living room, Rugs, Rugs > Vintage",,,"https://rugshop.eu/wp-content/uploads/2021/10/carpet-vintage-22208-082-claret-grey-classic-rosette.jpg, https://rugshop.eu/wp-content/uploads/2021/10/carpet-vintage-22208-082-claret-grey-classic-rosette-1.jpg, https://rugshop.eu/wp-content/uploads/2021/10/carpet-vintage-22208-082-claret-grey-classic-rosette-2.jpg",,,,,,,,,686,,,Size,"120x170, 140x200, 160x230, 200x290",1,1,Brand,D-sign,1,1,Color,Pink-Purple,1,1,Type of color,Multicolor,1,1,Shape,Rectangular,1,1,Material,Polypropen,1,1,Type of rug,Vintage / Colored Vintage,1,1,Weave,Machinemade,1,1,Age,New,1,1,,,,,,,,,,,,,,,,,1786453673,yes,yes,,,,,,,,,,,,,,,,,,,,,,,,,,,,,
37607,variable,56903595-H,,D-sign Rug 1D0248 Blue,1,0,hidden,D-sign Rug 1D0248 Blue ,D-sign Rug 1D0248 Blue ,,,taxable,,0,,,0,0,,,,,1,,,,"Rooms > Bedroom, Rooms > Living room, Rugs, Rugs > Vintage",,,"https://rugshop.eu/wp-content/uploads/2021/10/carpet-vintage-flowers-22209-543-blue.jpg, https://rugshop.eu/wp-content/uploads/2021/10/carpet-vintage-flowers-22209-543-blue-1.jpg, https://rugshop.eu/wp-content/uploads/2021/10/carpet-vintage-flowers-22209-543-blue-2.jpg",,,,,,,,,690,,,Size,"120x170, 140x200, 160x230, 200x290",1,1,Brand,D-sign,1,1,Color,Blue,1,1,Type of color,Multicolor,1,1,Shape,Rectangular,1,1,Material,Polypropen,1,1,Type of rug,Vintage / Colored Vintage,1,1,Weave,Machinemade,1,1,Age,New,1,1,,,,,,,,,,,,,,,,,1786453191,yes,yes,,,,,,,,,,,,,,,,,,,,,,,,,,,,,
37611,variation,56903592,,D-sign Rug 1D0252 Blue - 120x170,1,0,hidden,,D-sign Rug 1D0252 Blue 120x170 cm,,,taxable,parent,0,0,,0,0,,170,120,0.3,0,,,1092,,,,,,,56903592-H,,,,,,1,,,Size,120x170,,1,,,,,,,,,,,,,,,,,,,,,,,,,,,,,,,,,,,,,120x170,,,,,,,,,,,,,,,,,,,,,,,,72021,,,,,,,,,,,,,,,,,,,
37612,variation,56906297,,D-sign Rug 1D0252 Blue - 140x200,1,0,hidden,,D-sign Rug 1D0252 Blue 140x200 cm,,,taxable,parent,0,0,,0,0,,200,140,0.3,0,,,1372,,,,,,,56903592-H,,,,,,2,,,Size,140x200,,1,,,,,,,,,,,,,,,,,,,,,,,,,,,,,,,,,,,,,140x200,,,,,,,,,,,,1786453655,,,,,,,,,,,,72022,,,,,,,,,,,,,,,,,,,
37613,variation,56906295,,D-sign Rug 1D0252 Blue - 160x230,1,0,hidden,,D-sign Rug 1D0252 Blue 160x230 cm,,,taxable,parent,0,0,,0,0,,230,160,0.3,0,,,1612,,,,,,,56903592-H,,,,,,3,,,Size,160x230,,1,,,,,,,,,,,,,,,,,,,,,,,,,,,,,,,,,,,,,160x230,,,,,,,,,,,,,,,,,,,,,,,,72023,,,,,,,,,,,,,,,,,,,
37614,variation,56906292,,D-sign Rug 1D0252 Blue - 200x290,1,0,hidden,,D-sign Rug 1D0252 Blue 200x290 cm,,,taxable,parent,0,0,,0,0,,290,200,0.3,0,,,2356,,,,,,,56903592-H,,,,,,4,,,Size,200x290,,1,,,,,,,,,,,,,,,,,,,,,,,,,,,,,,,,,,,,,200x290,,,,,,,,,,,,,,,,,,,,,,,,72024,,,,,,,,,,,,,,,,,,,
37626,variation,56903587,,D-sign Rug 1D0244 Burgundy - 120x170,1,0,hidden,,D-sign Rug 1D0244 Burgundy 120x170 cm,,,taxable,parent,0,0,,0,0,,170,120,0.3,0,,,1092,,,,,,,56903587-H,,,,,,1,,,Size,120x170,,1,,,,,,,,,,,,,,,,,,,,,,,,,,,,,,,,,,,,,120x170,,,,,,,,,,,,,,,,,,,,,,,,72087,,,,,,,,,,,,,,,,,,,
37627,variation,56906299,,D-sign Rug 1D0244 Burgundy - 140x200,1,0,hidden,,D-sign Rug 1D0244 Burgundy 140x200 cm,,,taxable,parent,0,0,,0,0,,200,140,0.3,0,,,1372,,,,,,,56903587-H,,,,,,2,,,Size,140x200,,1,,,,,,,,,,,,,,,,,,,,,,,,,,,,,,,,,,,,,140x200,,,,,,,,,,,,,,,,,,,,,,,,72088,,,,,,,,,,,,,,,,,,,
37628,variation,56906298,,D-sign Rug 1D0244 Burgundy - 160x230,1,0,hidden,,D-sign Rug 1D0244 Burgundy 160x230 cm,,,taxable,parent,0,0,,0,0,,230,160,0.3,0,,,1612,,,,,,,56903587-H,,,,,,3,,,Size,160x230,,1,,,,,,,,,,,,,,,,,,,,,,,,,,,,,,,,,,,,,160x230,,,,,,,,,,,,,,,,,,,,,,,,72089,,,,,,,,,,,,,,,,,,,
37629,variation,56906301,,D-sign Rug 1D0244 Burgundy - 200x290,1,0,hidden,,D-sign Rug 1D0244 Burgundy 200x290 cm,,,taxable,parent,0,0,,0,0,,290,200,0.3,0,,,2356,,,,,,,56903587-H,,,,,,4,,,Size,200x290,,1,,,,,,,,,,,,,,,,,,,,,,,,,,,,,,,,,,,,,200x290,,,,,,,,,,,,1786453656,,,,,,,,,,,,72090,,,,,,,,,,,,,,,,,,,
37634,variation,56903595,,D-sign Rug 1D0248 Blue - 120x170,1,0,hidden,,D-sign Rug 1D0248 Blue 120x170 cm,,,taxable,parent,0,0,,0,0,,170,120,0.3,0,,,1092,,,,,,,56903595-H,,,,,,1,,,Size,120x170,,1,,,,,,,,,,,,,,,,,,,,,,,,,,,,,,,,,,,,,120x170,,,,,,,,,,,,1786453179,,,,,,,,,,,,72103,,,,,,,,,,,,,,,,,,,
37635,variation,56906316,,D-sign Rug 1D0248 Blue - 140x200,1,0,hidden,,D-sign Rug 1D0248 Blue 140x200 cm,,,taxable,parent,0,0,,0,0,,200,140,0.3,0,,,1372,,,,,,,56903595-H,,,,,,2,,,Size,140x200,,1,,,,,,,,,,,,,,,,,,,,,,,,,,,,,,,,,,,,,140x200,,,,,,,,,,,,,,,,,,,,,,,,72104,,,,,,,,,,,,,,,,,,,
37636,variation,56906312,,D-sign Rug 1D0248 Blue - 160x230,1,0,hidden,,D-sign Rug 1D0248 Blue 160x230 cm,,,taxable,parent,0,0,,0,0,,230,160,0.3,0,,,1612,,,,,,,56903595-H,,,,,,3,,,Size,160x230,,1,,,,,,,,,,,,,,,,,,,,,,,,,,,,,,,,,,,,,160x230,,,,,,,,,,,,,,,,,,,,,,,,72105,,,,,,,,,,,,,,,,,,,
37637,variation,56906317,,D-sign Rug 1D0248 Blue - 200x290,1,0,hidden,,D-sign Rug 1D0248 Blue 200x290 cm,,,taxable,parent,0,0,,0,0,,290,200,0.3,0,,,2356,,,,,,,56903595-H,,,,,,4,,,Size,200x290,,1,,,,,,,,,,,,,,,,,,,,,,,,,,,,,,,,,,,,,200x290,,,,,,,,,,,,,,,,,,,,,,,,72106,,,,,,,,,,,,,,,,,,,
37679,variable,56903609-H,,D-sign Rug 1D0263 Grey,1,0,hidden,D-sign Rug 1D0263 Grey ,D-sign Rug 1D0263 Grey ,,,taxable,,0,,,0,0,,,,,1,,,,"Rooms > Bedroom, Rooms > Living room, Rugs > Modern, Rugs",,,"https://rugshop.eu/wp-content/uploads/2021/10/carpet-scandi-18209-052-star.jpg, https://rugshop.eu/wp-content/uploads/2021/10/carpet-scandi-18209-052-star-1.jpg, https://rugshop.eu/wp-content/uploads/2021/10/carpet-scandi-18209-052-star-2.jpg",,,,,,,,,705,,,Size,"120x170, 140x200, 160x230",1,1,Brand,D-sign,1,1,Color,Black-Grey,1,1,Type of color,Multicolor,1,1,Shape,Rectangular,1,1,Material,Polypropen,1,1,Type of rug,Modern,1,1,Weave,Machinemade,1,1,Age,New,1,1,,,,,,,,,,,,,,,,,1786453192,yes,yes,,,,,,,,,,,,,,,,,,,,,,,,,,,,,
37717,variable,56903607-H,,D-sign Rug 1D0265 White,1,0,hidden,D-sign Rug 1D0265 White ,D-sign Rug 1D0265 White ,,,taxable,,0,,,0,0,,,,,1,,,,"Rooms > Bedroom, Rooms > Living room, Rugs > Modern, Rugs",,,"https://rugshop.eu/wp-content/uploads/2021/10/carpet-scandi-18209-063-star.jpg, https://rugshop.eu/wp-content/uploads/2021/10/carpet-scandi-18209-063-star-1.jpg, https://rugshop.eu/wp-content/uploads/2021/10/carpet-scandi-18209-063-star-2.jpg",,,,,,,,,707,,,Size,"120x170, 140x200, 160x230",1,1,Brand,D-sign,1,1,Color,White-Beige,1,1,Type of color,Multicolor,1,1,Shape,Rectangular,1,1,Material,Polypropen,1,1,Type of rug,Modern,1,1,Weave,Machinemade,1,1,Age,New,1,1,,,,,,,,,,,,,,,,,1786453675,yes,yes,,,,,,,,,,,,,,,,,,,,,,,,,,,,,
37719,variable,56903615-H,,D-sign Rug 1D0260 Grey,1,0,hidden,D-sign Rug 1D0260 Grey ,D-sign Rug 1D0260 Grey ,,,taxable,,0,,,0,0,,,,,0,,,,"Rooms > Entrance & Corridor, Rooms > Kitchen, Rugs > Modern, Rugs, Rugs > Sisal",,,"https://rugshop.eu/wp-content/uploads/2021/10/carpet-flat-48357-951-sisal-squares.jpg, https://rugshop.eu/wp-content/uploads/2021/10/carpet-flat-48357-951-sisal-squares-1.jpg, https://rugshop.eu/wp-content/uploads/2021/10/carpet-flat-48357-951-sisal-squares-2.jpg",,,,,,,,,702,,,Size,"120x170, 140x200, 160x230, 200x290",1,1,Brand,D-sign,1,1,Color,Black-Grey,1,1,Type of color,Multicolor,1,1,Shape,Rectangular,1,1,Material,Polypropen,1,1,Type of rug,"Modern, Sisal",1,1,Weave,Machinemade,1,1,Age,New,1,1,,,,,,,,,default,default,default,default,,,,,1786453677,yes,yes,,,,,,,,,classic-editor,,,,,,,,,,,,,,,,,,,,
37721,variable,56903619-H,,D-sign Rug 1D0261 Blue,1,0,hidden,D-sign Rug 1D0261 Blue ,D-sign Rug 1D0261 Blue ,,,taxable,,0,,,0,0,,,,,0,,,,"Rooms > Entrance & Corridor, Rooms > Kitchen, Rugs > Modern, Rugs, Rugs > Sisal",,,"https://rugshop.eu/wp-content/uploads/2021/10/carpet-flat-48648-591-sisal-stars.jpg, https://rugshop.eu/wp-content/uploads/2021/10/carpet-flat-48648-591-sisal-stars-1.jpg, https://rugshop.eu/wp-content/uploads/2021/10/carpet-flat-48648-591-sisal-stars-2.jpg",,,,,,,,,703,,,Size,"120x170, 140x200, 160x230, 200x290",1,1,Brand,D-sign,1,1,Color,Blue,1,1,Type of color,Multicolor,1,1,Shape,Rectangular,1,1,Material,Polypropen,1,1,Type of rug,"Modern, Sisal",1,1,Weave,Machinemade,1,1,Age,New,1,1,,,,,,,,,default,default,default,default,,,,,1786453680,yes,yes,,,,,,,,,classic-editor,,,,,,,,,,,,,,,,,,,,
37722,variation,56903609,,D-sign Rug 1D0263 Grey - 120x170,1,0,hidden,,D-sign Rug 1D0263 Grey 120x170 cm,,,taxable,parent,0,0,,0,0,,170,120,0.9,0,,,1140,,,,,,,56903609-H,,,,,,1,,,Size,120x170,,1,,,,,,,,,,,,,,,,,,,,,,,,,,,,,,,,,,,,,120x170,,,,,,,,,,,,1786453179,,,,,,,,,,,,72508,,,,,,,,,,,,,,,,,,,
37723,variation,56906363,,D-sign Rug 1D0263 Grey - 140x200,1,0,hidden,,D-sign Rug 1D0263 Grey 140x200 cm,,,taxable,parent,0,0,,0,0,,200,140,0.9,0,,,1468,,,,,,,56903609-H,,,,,,2,,,Size,140x200,,1,,,,,,,,,,,,,,,,,,,,,,,,,,,,,,,,,,,,,140x200,,,,,,,,,,,,,,,,,,,,,,,,72509,,,,,,,,,,,,,,,,,,,
37724,variation,56906361,,D-sign Rug 1D0263 Grey - 160x230,1,0,hidden,,D-sign Rug 1D0263 Grey 160x230 cm,,,taxable,parent,0,0,,0,0,,230,160,0.9,0,,,1700,,,,,,,56903609-H,,,,,,3,,,Size,160x230,,1,,,,,,,,,,,,,,,,,,,,,,,,,,,,,,,,,,,,,160x230,,,,,,,,,,,,,,,,,,,,,,,,72510,,,,,,,,,,,,,,,,,,,
37736,variation,56903607,,D-sign Rug 1D0265 White - 120x170,1,0,hidden,,D-sign Rug 1D0265 White 120x170 cm,,,taxable,parent,0,0,,0,0,,170,120,0.9,0,,,1140,,,,,,,56903607-H,,,,,,1,,,Size,120x170,,1,,,,,,,,,,,,,,,,,,,,,,,,,,,,,,,,,,,,,120x170,,,,,,,,,,,,,,,,,,,,,,,,72516,,,,,,,,,,,,,,,,,,,
37737,variation,56906357,,D-sign Rug 1D0265 White - 140x200,1,0,hidden,,D-sign Rug 1D0265 White 140x200 cm,,,taxable,parent,0,0,,0,0,,200,140,0.9,0,,,1468,,,,,,,56903607-H,,,,,,2,,,Size,140x200,,1,,,,,,,,,,,,,,,,,,,,,,,,,,,,,,,,,,,,,140x200,,,,,,,,,,,,1786453657,,,,,,,,,,,,72517,,,,,,,,,,,,,,,,,,,
37738,variation,56906354,,D-sign Rug 1D0265 White - 160x230,1,0,hidden,,D-sign Rug 1D0265 White 160x230 cm,,,taxable,parent,0,0,,0,0,,230,160,0.9,0,,,1700,,,,,,,56903607-H,,,,,,3,,,Size,160x230,,1,,,,,,,,,,,,,,,,,,,,,,,,,,,,,,,,,,,,,160x230,,,,,,,,,,,,1786453657,,,,,,,,,,,,72518,,,,,,,,,,,,,,,,,,,
37743,variable,56906380-H,,D-sign Rug 1D0164 Green,1,0,hidden,D-sign Rug 1D0164 Green,D-sign Rug 1D0164 Green,,,taxable,,0,,,0,0,,,,,0,,,,"Rooms > Kids, Rugs > Kids, Rugs",,,"https://rugshop.eu/wp-content/uploads/2021/10/carpet-paint-circle-1552-green.jpg, https://rugshop.eu/wp-content/uploads/2021/10/carpet-paint-circle-1552-green-1.jpg, https://rugshop.eu/wp-content/uploads/2021/10/carpet-paint-circle-1552-green-2.jpg",,,,,,,,,609,,,Size,"100, 120, 80",1,1,Brand,D-sign,1,1,Color,Green,1,1,Type of color,Multicolor,1,1,Shape,Round,1,1,Material,Polypropen,1,1,Type of rug,Modern,1,1,Weave,Machinemade,1,1,Country,Turkey,1,1,Age,New,1,1,,,,,default,default,default,default,,,,,1786453194,yes,yes,,,,,,,,,,,,,,,,,,,,,,,,,,,,,
37746,variable,56903627-H,,D-sign Rug 1D0274 Grey,1,0,hidden,D-sign Rug 1D0274 Grey ,D-sign Rug 1D0274 Grey ,,,taxable,,0,,,0,0,,,,,1,,,,"Rooms > Bedroom, Rooms > Living room, Rugs > Modern, Rugs",,,"https://rugshop.eu/wp-content/uploads/2021/10/carpet-scandi-18209-071-star.jpg, https://rugshop.eu/wp-content/uploads/2021/10/carpet-scandi-18209-071-star-1.jpg, https://rugshop.eu/wp-content/uploads/2021/10/carpet-scandi-18209-071-star-2.jpg",,,,,,,,,717,,,Size,"120x170, 140x200, 160x230",1,1,Brand,D-sign,1,1,Color,Black-Grey,1,1,Type of color,Multicolor,1,1,Shape,Rectangular,1,1,Material,Polypropen,1,1,Type of rug,Modern,1,1,Weave,Machinemade,1,1,Age,New,1,1,,,,,,,,,,,,,,,,,1786453685,yes,yes,,,,,,,,,,,,,,,,,,,,,,,,,,,,,
37754,variation,56903615,,D-sign Rug 1D0260 Grey - 120x170,1,0,hidden,,D-sign Rug 1D0260 Grey 120x170 cm,,,taxable,parent,0,0,,0,0,,170,120,0.6,0,,,1140,,,,,,,56903615-H,,,,,,1,,,Size,120x170,,1,,,,,,,,,,,,,,,,,,,,,,,,,,,,,,,,,,,,,120x170,,,,,,,,,,,,,,,,,,,,,,,,72548,,,,,,,,,,,,,,,,,,,
37755,variation,56906378,,D-sign Rug 1D0260 Grey - 140x200,1,0,hidden,,D-sign Rug 1D0260 Grey 140x200 cm,,,taxable,parent,0,0,,0,0,,200,140,0.6,0,,,1468,,,,,,,56903615-H,,,,,,2,,,Size,140x200,,1,,,,,,,,,,,,,,,,,,,,,,,,,,,,,,,,,,,,,140x200,,,,,,,,,,,,1786453658,,,,,,,,,,,,72549,,,,,,,,,,,,,,,,,,,
37756,variation,56906374,,D-sign Rug 1D0260 Grey - 160x230,1,0,hidden,,D-sign Rug 1D0260 Grey 160x230 cm,,,taxable,parent,0,0,,0,0,,230,160,0.6,0,,,1796,,,,,,,56903615-H,,,,,,3,,,Size,160x230,,1,,,,,,,,,,,,,,,,,,,,,,,,,,,,,,,,,,,,,160x230,,,,,,,,,,,,1786453657,,,,,,,,,,,,72550,,,,,,,,,,,,,,,,,,,
37757,variation,56906377,,D-sign Rug 1D0260 Grey - 200x290,1,0,hidden,,D-sign Rug 1D0260 Grey 200x290 cm,,,taxable,parent,0,0,,0,0,,290,200,0.6,0,,,2644,,,,,,,56903615-H,,,,,,4,,,Size,200x290,,1,,,,,,,,,,,,,,,,,,,,,,,,,,,,,,,,,,,,,200x290,,,,,,,,,,,,1786453658,,,,,,,,,,,,72551,,,,,,,,,,,,,,,,,,,
37770,variation,56903619,,D-sign Rug 1D0261 Blue - 120x170,1,0,hidden,,D-sign Rug 1D0261 Blue 120x170 cm,,,taxable,parent,0,0,,0,0,,170,120,0.6,0,,,1140,,,,,,,56903619-H,,,,,,1,,,Size,120x170,,1,,,,,,,,,,,,,,,,,,,,,,,,,,,,,,,,,,,,,120x170,,,,,,,,,,,,,,,,,,,,,,,,72610,,,,,,,,,,,,,,,,,,,
37771,variation,56906409,,D-sign Rug 1D0261 Blue - 140x200,1,0,hidden,,D-sign Rug 1D0261 Blue 140x200 cm,,,taxable,parent,0,0,,0,0,,200,140,0.6,0,,,1468,,,,,,,56903619-H,,,,,,2,,,Size,140x200,,1,,,,,,,,,,,,,,,,,,,,,,,,,,,,,,,,,,,,,140x200,,,,,,,,,,,,1786453658,,,,,,,,,,,,72611,,,,,,,,,,,,,,,,,,,
37772,variation,56906382,,D-sign Rug 1D0261 Blue - 160x230,1,0,hidden,,D-sign Rug 1D0261 Blue 160x230 cm,,,taxable,parent,0,0,,0,0,,230,160,0.6,0,,,1796,,,,,,,56903619-H,,,,,,3,,,Size,160x230,,1,,,,,,,,,,,,,,,,,,,,,,,,,,,,,,,,,,,,,160x230,,,,,,,,,,,,,,,,,,,,,,,,72612,,,,,,,,,,,,,,,,,,,
37773,variation,56906407,,D-sign Rug 1D0261 Blue - 200x290,1,0,hidden,,D-sign Rug 1D0261 Blue 200x290 cm,,,taxable,parent,0,0,,0,0,,290,200,0.6,0,,,2644,,,,,,,56903619-H,,,,,,4,,,Size,200x290,,1,,,,,,,,,,,,,,,,,,,,,,,,,,,,,,,,,,,,,200x290,,,,,,,,,,,,,,,,,,,,,,,,72613,,,,,,,,,,,,,,,,,,,
37778,variable,56903626-H,,D-sign Rug 1D0275 White,1,0,hidden,D-sign Rug 1D0275 White ,D-sign Rug 1D0275 White ,,,taxable,,0,,,0,0,,,,,1,,,,"Rooms > Bedroom, Rooms > Living room, Rugs > Modern, Rugs",,,"https://rugshop.eu/wp-content/uploads/2021/10/carpet-scandi-18239-063-diamonds.jpg, https://rugshop.eu/wp-content/uploads/2021/10/carpet-scandi-18239-063-diamonds-1.jpg, https://rugshop.eu/wp-content/uploads/2021/10/carpet-scandi-18239-063-diamonds-2.jpg",,,,,,,,,718,,,Size,"120x170, 140x200, 160x230",1,1,Brand,D-sign,1,1,Color,White-Beige,1,1,Type of color,Multicolor,1,1,Shape,Rectangular,1,1,Material,Polypropen,1,1,Type of rug,Modern,1,1,Weave,Machinemade,1,1,Age,New,1,1,,,,,,,,,,,,,,,,,1786453683,yes,yes,,,,,,,,,,,,,,,,,,,,,,,,,,,,,
37780,variable,56903632-H,,D-sign Rug 1D0276 Black,1,0,hidden,D-sign Rug 1D0276 Black ,D-sign Rug 1D0276 Black ,,,taxable,,0,,,0,0,,,,,0,,,,"Rooms > Entrance & Corridor, Rooms > Kitchen, Rugs > Modern, Rugs, Rugs > Sisal",,,"https://rugshop.eu/wp-content/uploads/2021/10/carpet-flat-48648-690-sisal-star.jpg, https://rugshop.eu/wp-content/uploads/2021/10/carpet-flat-48648-690-sisal-star-1.jpg, https://rugshop.eu/wp-content/uploads/2021/10/carpet-flat-48648-690-sisal-star-2.jpg",,,,,,,,,719,,,Size,"120x170, 140x200, 160x230, 200x290",1,1,Brand,D-sign,1,1,Color,Black-Grey,1,1,Type of color,Multicolor,1,1,Shape,Rectangular,1,1,Material,Polypropen,1,1,Type of rug,"Modern, Sisal",1,1,Weave,Machinemade,1,1,Age,New,1,1,,,,,,,,,default,default,default,default,,,,,1786453692,yes,yes,,,,,,,,,classic-editor,,,,,,,,,,,,,,,,,,,,
37782,variation,56906380,,D-sign Rug 1D0164 Green - 80,1,0,hidden,,D-sign Rug 1D0164 Green 80 cm,,,taxable,parent,0,0,,0,0,,80,80,1.3,0,,,604,,,,,,,56906380-H,,,,,,1,,,Size,80,,1,,,,,,,,,,,,,,,,,,,,,,,,,,,,,,,,,,,,,80,,,,,,,,,,,,,,,,,,,,,,,,72626,,,,,,,,,,,,,,,,,,,
37783,variation,56903620,,D-sign Rug 1D0164 Green - 100,1,0,hidden,,D-sign Rug 1D0164 Green 100 cm,,,taxable,parent,0,0,,0,0,,100,100,1.3,0,,,748,,,,,,,56906380-H,,,,,,2,,,Size,100,,1,,,,,,,,,,,,,,,,,,,,,,,,,,,,,,,,,,,,,100,,,,,,,,,,,,1786453180,,,,,,,,,,,,72627,,,,,,,,,,,,,,,,,,,
37784,variation,56906381,,D-sign Rug 1D0164 Green - 120,1,0,hidden,,D-sign Rug 1D0164 Green 120 cm,,,taxable,parent,0,0,,0,0,,120,120,1.3,0,,,884,,,,,,,56906380-H,,,,,,3,,,Size,120,,1,,,,,,,,,,,,,,,,,,,,,,,,,,,,,,,,,,,,,120,,,,,,,,,,,,,,,,,,,,,,,,72628,,,,,,,,,,,,,,,,,,,
37800,variation,56903627,,D-sign Rug 1D0274 Grey - 120x170,1,0,hidden,,D-sign Rug 1D0274 Grey 120x170 cm,,,taxable,parent,0,0,,0,0,,170,120,0.9,0,,,1140,,,,,,,56903627-H,,,,,,1,,,Size,120x170,,1,,,,,,,,,,,,,,,,,,,,,,,,,,,,,,,,,,,,,120x170,,,,,,,,,,,,1786453180,,,,,,,,,,,,72660,,,,,,,,,,,,,,,,,,,
37801,variation,56906408,,D-sign Rug 1D0274 Grey - 140x200,1,0,hidden,,D-sign Rug 1D0274 Grey 140x200 cm,,,taxable,parent,0,0,,0,0,,200,140,0.9,0,,,1468,,,,,,,56903627-H,,,,,,2,,,Size,140x200,,1,,,,,,,,,,,,,,,,,,,,,,,,,,,,,,,,,,,,,140x200,,,,,,,,,,,,,,,,,,,,,,,,72661,,,,,,,,,,,,,,,,,,,
37802,variation,56906413,,D-sign Rug 1D0274 Grey - 160x230,1,0,hidden,,D-sign Rug 1D0274 Grey 160x230 cm,,,taxable,parent,0,0,,0,0,,230,160,0.9,0,,,1700,,,,,,,56903627-H,,,,,,3,,,Size,160x230,,1,,,,,,,,,,,,,,,,,,,,,,,,,,,,,,,,,,,,,160x230,,,,,,,,,,,,1786453658,,,,,,,,,,,,72662,,,,,,,,,,,,,,,,,,,
37807,variation,56903626,,D-sign Rug 1D0275 White - 120x170,1,0,hidden,,D-sign Rug 1D0275 White 120x170 cm,,,taxable,parent,0,0,,0,0,,170,120,0.9,0,,,1140,,,,,,,56903626-H,,,,,,1,,,Size,120x170,,1,,,,,,,,,,,,,,,,,,,,,,,,,,,,,,,,,,,,,120x170,,,,,,,,,,,,1786453180,,,,,,,,,,,,72663,,,,,,,,,,,,,,,,,,,
37808,variable,56903633-H,,D-sign Rug 1D0278 Beige,1,0,hidden,D-sign Rug 1D0278 Beige ,D-sign Rug 1D0278 Beige ,,,taxable,,0,,,0,0,,,,,0,,,,"Rooms > Entrance & Corridor, Rooms > Kitchen, Rugs > Modern, Rugs, Rugs > Sisal",,,"https://rugshop.eu/wp-content/uploads/2021/10/carpet-flat-48624-686-sisal-3d-cube.jpg, https://rugshop.eu/wp-content/uploads/2021/10/carpet-flat-48624-686-sisal-3d-cube-1.jpg, https://rugshop.eu/wp-content/uploads/2021/10/carpet-flat-48624-686-sisal-3d-cube-2.jpg",,,,,,,,,722,,,Size,"120x170, 140x200, 160x230, 200x290",1,1,Brand,D-sign,1,1,Color,White-Beige,1,1,Type of color,Multicolor,1,1,Shape,Rectangular,1,1,Material,Polypropen,1,1,Type of rug,"Modern, Sisal",1,1,Weave,Machinemade,1,1,Age,New,1,1,,,,,,,,,default,default,default,default,,,,,1786453689,yes,yes,,,,,,,,,classic-editor,,,,,,,,,,,,,,,,,,,,
37809,variable,56903635-H,,D-sign Rug 1D0279 Black,1,0,hidden,D-sign Rug 1D0279 Black ,D-sign Rug 1D0279 Black ,,,taxable,,0,,,0,0,,,,,0,,,,"Rooms > Entrance & Corridor, Rooms > Kitchen, Rugs > Modern, Rugs, Rugs > Sisal",,,"https://rugshop.eu/wp-content/uploads/2021/10/carpet-flat-48624-690-sisal-3d-cube.jpg, https://rugshop.eu/wp-content/uploads/2021/10/carpet-flat-48624-690-sisal-3d-cube-1.jpg, https://rugshop.eu/wp-content/uploads/2021/10/carpet-flat-48624-690-sisal-3d-cube-2.jpg",,,,,,,,,723,,,Size,"120x170, 140x200, 160x230, 200x290",1,1,Brand,D-sign,1,1,Color,Black-Grey,1,1,Type of color,Multicolor,1,1,Shape,Rectangular,1,1,Material,Polypropen,1,1,Type of rug,"Modern, Sisal",1,1,Weave,Machinemade,1,1,Age,New,1,1,,,,,,,,,default,default,default,default,,,,,1786453694,yes,yes,,,,,,,,,classic-editor,,,,,,,,,,,,,,,,,,,,
37811,variation,56906412,,D-sign Rug 1D0275 White - 140x200,1,0,hidden,,D-sign Rug 1D0275 White 140x200 cm,,,taxable,parent,0,0,,0,0,,200,140,0.9,0,,,1468,,,,,,,56903626-H,,,,,,2,,,Size,140x200,,1,,,,,,,,,,,,,,,,,,,,,,,,,,,,,,,,,,,,,140x200,,,,,,,,,,,,1786453658,,,,,,,,,,,,72664,,,,,,,,,,,,,,,,,,,
37812,variation,56906415,,D-sign Rug 1D0275 White - 160x230,1,0,hidden,,D-sign Rug 1D0275 White 160x230 cm,,,taxable,parent,0,0,,0,0,,230,160,0.9,0,,,1700,,,,,,,56903626-H,,,,,,3,,,Size,160x230,,1,,,,,,,,,,,,,,,,,,,,,,,,,,,,,,,,,,,,,160x230,,,,,,,,,,,,1786453659,,,,,,,,,,,,72665,,,,,,,,,,,,,,,,,,,
37825,variation,56903632,,D-sign Rug 1D0276 Black - 120x170,1,0,hidden,,D-sign Rug 1D0276 Black 120x170 cm,,,taxable,parent,0,0,,0,0,,170,120,0.6,0,,,1140,,,,,,,56903632-H,,,,,,1,,,Size,120x170,,1,,,,,,,,,,,,,,,,,,,,,,,,,,,,,,,,,,,,,120x170,,,,,,,,,,,,1786453198,,,,,,,,,,,,72677,,,,,,,,,,,,,,,,,,,
37826,variation,56906427,,D-sign Rug 1D0276 Black - 140x200,1,0,hidden,,D-sign Rug 1D0276 Black 140x200 cm,,,taxable,parent,0,0,,0,0,,200,140,0.6,0,,,1468,,,,,,,56903632-H,,,,,,2,,,Size,140x200,,1,,,,,,,,,,,,,,,,,,,,,,,,,,,,,,,,,,,,,140x200,,,,,,,,,,,,1786453662,,,,,,,,,,,,72678,,,,,,,,,,,,,,,,,,,
37827,variation,56906428,,D-sign Rug 1D0276 Black - 160x230,1,0,hidden,,D-sign Rug 1D0276 Black 160x230 cm,,,taxable,parent,0,0,,0,0,,230,160,0.6,0,,,1796,,,,,,,56903632-H,,,,,,3,,,Size,160x230,,1,,,,,,,,,,,,,,,,,,,,,,,,,,,,,,,,,,,,,160x230,,,,,,,,,,,,1786453663,,,,,,,,,,,,72679,,,,,,,,,,,,,,,,,,,
37828,variation,56906423,,D-sign Rug 1D0276 Black - 200x290,1,0,hidden,,D-sign Rug 1D0276 Black 200x290 cm,,,taxable,parent,0,0,,0,0,,290,200,0.6,0,,,2644,,,,,,,56903632-H,,,,,,4,,,Size,200x290,,1,,,,,,,,,,,,,,,,,,,,,,,,,,,,,,,,,,,,,200x290,,,,,,,,,,,,1786453659,,,,,,,,,,,,72680,,,,,,,,,,,,,,,,,,,
37843,variation,56903633,,D-sign Rug 1D0278 Beige - 120x170,1,0,hidden,,D-sign Rug 1D0278 Beige 120x170 cm,,,taxable,parent,0,0,,0,0,,170,120,0.6,0,,,1140,,,,,,,56903633-H,,,,,,1,,,Size,120x170,,1,,,,,,,,,,,,,,,,,,,,,,,,,,,,,,,,,,,,,120x170,,,,,,,,,,,,1786453198,,,,,,,,,,,,72731,,,,,,,,,,,,,,,,,,,
37844,variation,56906424,,D-sign Rug 1D0278 Beige - 140x200,1,0,hidden,,D-sign Rug 1D0278 Beige 140x200 cm,,,taxable,parent,0,0,,0,0,,200,140,0.6,0,,,1468,,,,,,,56903633-H,,,,,,2,,,Size,140x200,,1,,,,,,,,,,,,,,,,,,,,,,,,,,,,,,,,,,,,,140x200,,,,,,,,,,,,1786453660,,,,,,,,,,,,72732,,,,,,,,,,,,,,,,,,,
37845,variation,56906430,,D-sign Rug 1D0278 Beige - 160x230,1,0,hidden,,D-sign Rug 1D0278 Beige 160x230 cm,,,taxable,parent,0,0,,0,0,,230,160,0.6,0,,,1796,,,,,,,56903633-H,,,,,,3,,,Size,160x230,,1,,,,,,,,,,,,,,,,,,,,,,,,,,,,,,,,,,,,,160x230,,,,,,,,,,,,1786453663,,,,,,,,,,,,72733,,,,,,,,,,,,,,,,,,,
37846,variation,56906421,,D-sign Rug 1D0278 Beige - 200x290,1,0,hidden,,D-sign Rug 1D0278 Beige 200x290 cm,,,taxable,parent,0,0,,0,0,,290,200,0.6,0,,,2644,,,,,,,56903633-H,,,,,,4,,,Size,200x290,,1,,,,,,,,,,,,,,,,,,,,,,,,,,,,,,,,,,,,,200x290,,,,,,,,,,,,1786453659,,,,,,,,,,,,72734,,,,,,,,,,,,,,,,,,,
37851,variation,56903635,,D-sign Rug 1D0279 Black - 120x170,1,0,hidden,,D-sign Rug 1D0279 Black 120x170 cm,,,taxable,parent,0,0,,0,0,,170,120,0.6,0,,,1140,,,,,,,56903635-H,,,,,,1,,,Size,120x170,,1,,,,,,,,,,,,,,,,,,,,,,,,,,,,,,,,,,,,,120x170,,,,,,,,,,,,1786453199,,,,,,,,,,,,72739,,,,,,,,,,,,,,,,,,,
37852,variation,56906426,,D-sign Rug 1D0279 Black - 140x200,1,0,hidden,,D-sign Rug 1D0279 Black 140x200 cm,,,taxable,parent,0,0,,0,0,,200,140,0.6,0,,,1468,,,,,,,56903635-H,,,,,,2,,,Size,140x200,,1,,,,,,,,,,,,,,,,,,,,,,,,,,,,,,,,,,,,,140x200,,,,,,,,,,,,1786453662,,,,,,,,,,,,72740,,,,,,,,,,,,,,,,,,,
37853,variation,56906433,,D-sign Rug 1D0279 Black - 160x230,1,0,hidden,,D-sign Rug 1D0279 Black 160x230 cm,,,taxable,parent,0,0,,0,0,,230,160,0.6,0,,,1796,,,,,,,56903635-H,,,,,,3,,,Size,160x230,,1,,,,,,,,,,,,,,,,,,,,,,,,,,,,,,,,,,,,,160x230,,,,,,,,,,,,1786453664,,,,,,,,,,,,72741,,,,,,,,,,,,,,,,,,,
37854,variation,56906425,,D-sign Rug 1D0279 Black - 200x290,1,0,hidden,,D-sign Rug 1D0279 Black 200x290 cm,,,taxable,parent,0,0,,0,0,,290,200,0.6,0,,,2644,,,,,,,56903635-H,,,,,,4,,,Size,200x290,,1,,,,,,,,,,,,,,,,,,,,,,,,,,,,,,,,,,,,,200x290,,,,,,,,,,,,1786453661,,,,,,,,,,,,72742,,,,,,,,,,,,,,,,,,,
37869,variable,56903644-H,,D-sign Rug 1D0283 Grey,1,0,hidden,D-sign Rug 1D0283 Grey ,D-sign Rug 1D0283 Grey ,,,taxable,,0,,,0,0,,,,,1,,,,"Rooms > Bedroom, Rooms > Living room, Rugs > Modern, Rugs",,,"https://rugshop.eu/wp-content/uploads/2021/10/carpet-sketch-f343-grey-white-trellis.jpg, https://rugshop.eu/wp-content/uploads/2021/10/carpet-sketch-f343-grey-white-trellis-1.jpg, https://rugshop.eu/wp-content/uploads/2021/10/carpet-sketch-f343-grey-white-trellis-2.jpg, https://rugshop.eu/wp-content/uploads/2021/10/carpet-sketch-f343-grey-white-trellis-3.jpg",,,,,,,,,727,,,Size,"120x170, 140x190, 160x220, 180x270, 200x290, 240x330, 280x370, 80x150",1,1,Brand,D-sign,1,1,Color,Black-Grey,1,1,Type of color,Multicolor,1,1,Shape,Rectangular,1,1,Material,Polypropen,1,1,Type of rug,Modern,1,1,Weave,Machinemade,1,1,Country,Turkey,1,1,Age,New,1,1,,,,,,,,,,,,,1786453221,yes,yes,,,,,,,,,,,,,,,,,,,,,,,,,,,,,
37870,variable,56903651-H,,D-sign Rug 1D0285 Grey,1,0,hidden,D-sign Rug 1D0285 Grey ,D-sign Rug 1D0285 Grey ,,,taxable,,0,,,0,0,,,,,1,,,,"Rooms > Bedroom, Rooms > Living room, Rugs > Modern, Rugs",,,"https://rugshop.eu/wp-content/uploads/2021/10/carpet-sketch-f561-grey-white-zigzag.jpg, https://rugshop.eu/wp-content/uploads/2021/10/carpet-sketch-f561-grey-white-zigzag-1.jpg, https://rugshop.eu/wp-content/uploads/2021/10/carpet-sketch-f561-grey-white-zigzag-2.jpg, https://rugshop.eu/wp-content/uploads/2021/10/carpet-sketch-f561-grey-white-zigzag-3.jpg",,,,,,,,,729,,,Size,"120x170, 140x190, 160x220, 180x270, 200x290, 80x150",1,1,Brand,D-sign,1,1,Color,Black-Grey,1,1,Type of color,Multicolor,1,1,Shape,Rectangular,1,1,Material,Polypropen,1,1,Type of rug,Modern,1,1,Weave,Machinemade,1,1,Country,Turkey,1,1,Age,New,1,1,,,,,,,,,,,,,1786453697,yes,yes,,,,,,,,,,,,,,,,,,,,,,,,,,,,,
37895,variable,56903657-H,,D-sign Rug 1D0286 Grey,1,0,hidden,D-sign Rug 1D0286 Grey ,D-sign Rug 1D0286 Grey ,,,taxable,,0,,,0,0,,,,,1,,,,"Rooms > Bedroom, Rooms > Living room, Rugs > Modern, Rugs",,,"https://rugshop.eu/wp-content/uploads/2021/10/carpet-sketch-f758-grey-white-striped.jpg, https://rugshop.eu/wp-content/uploads/2021/10/carpet-sketch-f758-grey-white-striped.jpg, https://rugshop.eu/wp-content/uploads/2021/10/carpet-sketch-f758-grey-white-striped-1.jpg",,,,,,,,,730,,,Size,"120x170, 140x190, 160x220, 180x270, 200x290, 80x150",1,1,Brand,D-sign,1,1,Color,Black-Grey,1,1,Type of color,Multicolor,1,1,Shape,Rectangular,1,1,Material,Polypropen,1,1,Type of rug,Modern,1,1,Weave,Machinemade,1,1,Country,Turkey,1,1,Age,New,1,1,,,,,,,,,,,,,1786453715,yes,yes,,,,,,,,,,,,,,,,,,,,,,,,,,,,,
37897,variation,56903644,,D-sign Rug 1D0283 Grey - 80x150,1,0,hidden,,D-sign Rug 1D0283 Grey 80x150 cm,,,taxable,parent,0,0,,0,0,,150,80,1.3,0,,,860,,,,,,,56903644-H,,,,,,1,,,Size,80x150,,1,,,,,,,,,,,,,,,,,,,,,,,,,,,,,,,,,,,,,80x150,,,,,,,,,,,,,,,,,,,,,,,,72832,,,,,,,,,,,,,,,,,,,
37898,variation,56906456,,D-sign Rug 1D0283 Grey - 120x170,1,0,hidden,,D-sign Rug 1D0283 Grey 120x170 cm,,,taxable,parent,0,0,,0,0,,170,120,1.3,0,,,1324,,,,,,,56903644-H,,,,,,2,,,Size,120x170,,1,,,,,,,,,,,,,,,,,,,,,,,,,,,,,,,,,,,,,120x170,,,,,,,,,,,,,,,,,,,,,,,,72833,,,,,,,,,,,,,,,,,,,
37899,variation,56903652,,D-sign Rug 1D0283 Grey - 140x190,1,0,hidden,,D-sign Rug 1D0283 Grey 140x190 cm,,,taxable,parent,0,0,,0,0,,190,140,1.3,0,,,1564,,,,,,,56903644-H,,,,,,3,,,Size,140x190,,1,,,,,,,,,,,,,,,,,,,,,,,,,,,,,,,,,,,,,140x190,,,,,,,,,,,,1786453205,,,,,,,,,,,,72834,,,,,,,,,,,,,,,,,,,
37900,variation,56903648,,D-sign Rug 1D0283 Grey - 160x220,1,0,hidden,,D-sign Rug 1D0283 Grey 160x220 cm,,,taxable,parent,0,0,,0,0,,220,160,1.3,0,,,1796,,,,,,,56903644-H,,,,,,4,,,Size,160x220,,1,,,,,,,,,,,,,,,,,,,,,,,,,,,,,,,,,,,,,160x220,,,,,,,,,,,,,,,,,,,,,,,,72835,,,,,,,,,,,,,,,,,,,
37901,variation,56903650,,D-sign Rug 1D0283 Grey - 180x270,1,0,hidden,,D-sign Rug 1D0283 Grey 180x270 cm,,,taxable,parent,0,0,,0,0,,270,180,1.3,0,,,2452,,,,,,,56903644-H,,,,,,5,,,Size,180x270,,1,,,,,,,,,,,,,,,,,,,,,,,,,,,,,,,,,,,,,180x270,,,,,,,,,,,,1786453201,,,,,,,,,,,,72836,,,,,,,,,,,,,,,,,,,
37902,variation,56903646,,D-sign Rug 1D0283 Grey - 200x290,1,0,hidden,,D-sign Rug 1D0283 Grey 200x290 cm,,,taxable,parent,0,0,,0,0,,290,200,1.3,0,,,2836,,,,,,,56903644-H,,,,,,6,,,Size,200x290,,1,,,,,,,,,,,,,,,,,,,,,,,,,,,,,,,,,,,,,200x290,,,,,,,,,,,,1786453199,,,,,,,,,,,,72837,,,,,,,,,,,,,,,,,,,
37903,variation,56903649,,D-sign Rug 1D0283 Grey - 240x330,1,0,hidden,,D-sign Rug 1D0283 Grey 240x330 cm,,,taxable,parent,0,0,,0,0,,330,240,1.3,0,,,3868,,,,,,,56903644-H,,,,,,7,,,Size,240x330,,1,,,,,,,,,,,,,,,,,,,,,,,,,,,,,,,,,,,,,240x330,,,,,,,,,,,,1786453200,,,,,,,,,,,,72838,,,,,,,,,,,,,,,,,,,
37904,variation,56903647,,D-sign Rug 1D0283 Grey - 280x370,1,0,hidden,,D-sign Rug 1D0283 Grey 280x370 cm,,,taxable,parent,0,0,,0,0,,370,280,1.3,0,,,4900,,,,,,,56903644-H,,,,,,8,,,Size,280x370,,1,,,,,,,,,,,,,,,,,,,,,,,,,,,,,,,,,,,,,280x370,,,,,,,,,,,,1786453199,,,,,,,,,,,,74923,,,,,,,,,,,,,,,,,,,
37910,variation,56903651,,D-sign Rug 1D0285 Grey - 80x150,1,0,hidden,,D-sign Rug 1D0285 Grey 80x150 cm,,,taxable,parent,0,0,,0,0,,150,80,1.3,0,,,860,,,,,,,56903651-H,,,,,,1,,,Size,80x150,,1,,,,,,,,,,,,,,,,,,,,,,,,,,,,,,,,,,,,,80x150,,,,,,,,,,,,1786453202,,,,,,,,,,,,72852,,,,,,,,,,,,,,,,,,,
37911,variation,56906454,,D-sign Rug 1D0285 Grey - 120x170,1,0,hidden,,D-sign Rug 1D0285 Grey 120x170 cm,,,taxable,parent,0,0,,0,0,,170,120,1.3,0,,,1324,,,,,,,56903651-H,,,,,,2,,,Size,120x170,,1,,,,,,,,,,,,,,,,,,,,,,,,,,,,,,,,,,,,,120x170,,,,,,,,,,,,1786453665,,,,,,,,,,,,72853,,,,,,,,,,,,,,,,,,,
37912,variation,56906458,,D-sign Rug 1D0285 Grey - 140x190,1,0,hidden,,D-sign Rug 1D0285 Grey 140x190 cm,,,taxable,parent,0,0,,0,0,,190,140,1.3,0,,,1564,,,,,,,56903651-H,,,,,,3,,,Size,140x190,,1,,,,,,,,,,,,,,,,,,,,,,,,,,,,,,,,,,,,,140x190,,,,,,,,,,,,1786453665,,,,,,,,,,,,72854,,,,,,,,,,,,,,,,,,,
37913,variation,56906457,,D-sign Rug 1D0285 Grey - 160x220,1,0,hidden,,D-sign Rug 1D0285 Grey 160x220 cm,,,taxable,parent,0,0,,0,0,,220,160,1.3,0,,,1796,,,,,,,56903651-H,,,,,,4,,,Size,160x220,,1,,,,,,,,,,,,,,,,,,,,,,,,,,,,,,,,,,,,,160x220,,,,,,,,,,,,1786453665,,,,,,,,,,,,72855,,,,,,,,,,,,,,,,,,,
37914,variation,56903654,,D-sign Rug 1D0285 Grey - 180x270,1,0,hidden,,D-sign Rug 1D0285 Grey 180x270 cm,,,taxable,parent,0,0,,0,0,,270,180,1.3,0,,,2452,,,,,,,56903651-H,,,,,,5,,,Size,180x270,,1,,,,,,,,,,,,,,,,,,,,,,,,,,,,,,,,,,,,,180x270,,,,,,,,,,,,1786453206,,,,,,,,,,,,72856,,,,,,,,,,,,,,,,,,,
37915,variation,56903656,,D-sign Rug 1D0285 Grey - 200x290,1,0,hidden,,D-sign Rug 1D0285 Grey 200x290 cm,,,taxable,parent,0,0,,0,0,,290,200,1.3,0,,,2836,,,,,,,56903651-H,,,,,,6,,,Size,200x290,,1,,,,,,,,,,,,,,,,,,,,,,,,,,,,,,,,,,,,,200x290,,,,,,,,,,,,1786453207,,,,,,,,,,,,72857,,,,,,,,,,,,,,,,,,,
37919,variation,56903657,,D-sign Rug 1D0286 Grey - 80x150,1,0,hidden,,D-sign Rug 1D0286 Grey 80x150 cm,,,taxable,parent,0,0,,0,0,,150,80,1.3,0,,,860,,,,,,,56903657-H,,,,,,1,,,Size,80x150,,1,,,,,,,,,,,,,,,,,,,,,,,,,,,,,,,,,,,,,80x150,,,,,,,,,,,,,,,,,,,,,,,,72858,,,,,,,,,,,,,,,,,,,
37920,variation,56906482,,D-sign Rug 1D0286 Grey - 120x170,1,0,hidden,,D-sign Rug 1D0286 Grey 120x170 cm,,,taxable,parent,0,0,,0,0,,170,120,1.3,0,,,1324,,,,,,,56903657-H,,,,,,2,,,Size,120x170,,1,,,,,,,,,,,,,,,,,,,,,,,,,,,,,,,,,,,,,120x170,,,,,,,,,,,,1786453701,,,,,,,,,,,,72859,,,,,,,,,,,,,,,,,,,
37921,variation,56906460,,D-sign Rug 1D0286 Grey - 140x190,1,0,hidden,,D-sign Rug 1D0286 Grey 140x190 cm,,,taxable,parent,0,0,,0,0,,190,140,1.3,0,,,1564,,,,,,,56903657-H,,,,,,3,,,Size,140x190,,1,,,,,,,,,,,,,,,,,,,,,,,,,,,,,,,,,,,,,140x190,,,,,,,,,,,,,,,,,,,,,,,,72860,,,,,,,,,,,,,,,,,,,
37922,variation,56906477,,D-sign Rug 1D0286 Grey - 160x220,1,0,hidden,,D-sign Rug 1D0286 Grey 160x220 cm,,,taxable,parent,0,0,,0,0,,220,160,1.3,0,,,1796,,,,,,,56903657-H,,,,,,4,,,Size,160x220,,1,,,,,,,,,,,,,,,,,,,,,,,,,,,,,,,,,,,,,160x220,,,,,,,,,,,,,,,,,,,,,,,,72861,,,,,,,,,,,,,,,,,,,
37923,variation,56906453,,D-sign Rug 1D0286 Grey - 180x270,1,0,hidden,,D-sign Rug 1D0286 Grey 180x270 cm,,,taxable,parent,0,0,,0,0,,270,180,1.3,0,,,2452,,,,,,,56903657-H,,,,,,5,,,Size,180x270,,1,,,,,,,,,,,,,,,,,,,,,,,,,,,,,,,,,,,,,180x270,,,,,,,,,,,,1786453664,,,,,,,,,,,,72862,,,,,,,,,,,,,,,,,,,
37924,variation,56906455,,D-sign Rug 1D0286 Grey - 200x290,1,0,hidden,,D-sign Rug 1D0286 Grey 200x290 cm,,,taxable,parent,0,0,,0,0,,290,200,1.3,0,,,2836,,,,,,,56903657-H,,,,,,6,,,Size,200x290,,1,,,,,,,,,,,,,,,,,,,,,,,,,,,,,,,,,,,,,200x290,,,,,,,,,,,,,,,,,,,,,,,,72863,,,,,,,,,,,,,,,,,,,
37930,variable,56903663-H,,D-sign Rug 1D0288 Grey,1,0,hidden,D-sign Rug 1D0288 Grey ,D-sign Rug 1D0288 Grey ,,,taxable,,0,,,0,0,,,,,1,,,,"Rooms > Bedroom, Rooms > Living room, Rugs > Modern, Rugs",,,"https://rugshop.eu/wp-content/uploads/2021/10/carpet-sketch-fa66-grey-white-zigzag.jpg, https://rugshop.eu/wp-content/uploads/2021/10/carpet-sketch-fa66-grey-white-zigzag-1.jpg, https://rugshop.eu/wp-content/uploads/2021/10/carpet-sketch-fa66-grey-white-zigzag-2.jpg, https://rugshop.eu/wp-content/uploads/2021/10/carpet-sketch-fa66-grey-white-zigzag-3.jpg",,,,,,,,,732,,,Size,"120x170, 140x190, 160x220, 180x270, 200x290, 240x330, 80x150",1,1,Brand,D-sign,1,1,Color,Black-Grey,1,1,Type of color,Multicolor,1,1,Shape,Rectangular,1,1,Material,Polypropen,1,1,Type of rug,Modern,1,1,Weave,Machinemade,1,1,Country,Turkey,1,1,Age,New,1,1,,,,,,,,,,,,,1786453718,yes,yes,,,,,,,,,,,,,,,,,,,,,,,,,,,,,
37932,variable,56903665-H,,D-sign Rug 1D0290 Grey,1,0,hidden,D-sign Rug 1D0290 Grey,D-sign Rug 1D0290 Grey,,,taxable,,0,,,0,0,,,,,0,,,,"Rooms > Kids, Rugs > Kids, Rugs",,,"https://rugshop.eu/wp-content/uploads/2021/10/carpet-sketch-fa68-grey-white-stars.jpg, https://rugshop.eu/wp-content/uploads/2021/10/carpet-sketch-fa68-grey-white-stars-1.jpg, https://rugshop.eu/wp-content/uploads/2021/10/carpet-sketch-fa68-grey-white-stars-2.jpg, https://rugshop.eu/wp-content/uploads/2021/10/carpet-sketch-fa68-grey-white-stars-3.jpg",,,,,,,,,734,,,Size,"120x170, 140x190, 160x220, 180x270, 200x290, 240x330, 280x370, 80x150",1,1,Brand,D-sign,1,1,Color,Black-Grey,1,1,Type of color,Multicolor,1,1,Shape,Rectangular,1,1,Material,Polypropen,1,1,Type of rug,Modern,1,1,Weave,Machinemade,1,1,Country,Turkey,1,1,Age,New,1,1,,,,,default,default,default,default,,,,,1786453224,yes,yes,,,,,,,,,,,,,,,,,,,,,,,,,,,,,
37945,variation,56903663,,D-sign Rug 1D0288 Grey - 80x150,1,0,hidden,,D-sign Rug 1D0288 Grey 80x150 cm,,,taxable,parent,0,0,,0,0,,150,80,1.3,0,,,860,,,,,,,56903663-H,,,,,,1,,,Size,80x150,,1,,,,,,,,,,,,,,,,,,,,,,,,,,,,,,,,,,,,,80x150,,,,,,,,,,,,,,,,,,,,,,,,72876,,,,,,,,,,,,,,,,,,,
37946,variation,56906479,,D-sign Rug 1D0288 Grey - 120x170,1,0,hidden,,D-sign Rug 1D0288 Grey 120x170 cm,,,taxable,parent,0,0,,0,0,,170,120,1.3,0,,,1324,,,,,,,56903663-H,,,,,,2,,,Size,120x170,,1,,,,,,,,,,,,,,,,,,,,,,,,,,,,,,,,,,,,,120x170,,,,,,,,,,,,,,,,,,,,,,,,72877,,,,,,,,,,,,,,,,,,,
37947,variation,56906481,,D-sign Rug 1D0288 Grey - 140x190,1,0,hidden,,D-sign Rug 1D0288 Grey 140x190 cm,,,taxable,parent,0,0,,0,0,,190,140,1.3,0,,,1564,,,,,,,56903663-H,,,,,,3,,,Size,140x190,,1,,,,,,,,,,,,,,,,,,,,,,,,,,,,,,,,,,,,,140x190,,,,,,,,,,,,,,,,,,,,,,,,72878,,,,,,,,,,,,,,,,,,,
37948,variation,56906476,,D-sign Rug 1D0288 Grey - 160x220,1,0,hidden,,D-sign Rug 1D0288 Grey 160x220 cm,,,taxable,parent,0,0,,0,0,,220,160,1.3,0,,,1796,,,,,,,56903663-H,,,,,,4,,,Size,160x220,,1,,,,,,,,,,,,,,,,,,,,,,,,,,,,,,,,,,,,,160x220,,,,,,,,,,,,1786453666,,,,,,,,,,,,72879,,,,,,,,,,,,,,,,,,,
37949,variation,56906483,,D-sign Rug 1D0288 Grey - 180x270,1,0,hidden,,D-sign Rug 1D0288 Grey 180x270 cm,,,taxable,parent,0,0,,0,0,,270,180,1.3,0,,,2452,,,,,,,56903663-H,,,,,,5,,,Size,180x270,,1,,,,,,,,,,,,,,,,,,,,,,,,,,,,,,,,,,,,,180x270,,,,,,,,,,,,1786453701,,,,,,,,,,,,72880,,,,,,,,,,,,,,,,,,,
37950,variation,56903666,,D-sign Rug 1D0288 Grey - 200x290,1,0,hidden,,D-sign Rug 1D0288 Grey 200x290 cm,,,taxable,parent,0,0,,0,0,,290,200,1.3,0,,,2836,,,,,,,56903663-H,,,,,,6,,,Size,200x290,,1,,,,,,,,,,,,,,,,,,,,,,,,,,,,,,,,,,,,,200x290,,,,,,,,,,,,1786453208,,,,,,,,,,,,72881,,,,,,,,,,,,,,,,,,,
37951,variation,56903664,,D-sign Rug 1D0288 Grey - 240x330,1,0,hidden,,D-sign Rug 1D0288 Grey 240x330 cm,,,taxable,parent,0,0,,0,0,,330,240,1.3,0,,,3868,,,,,,,56903663-H,,,,,,7,,,Size,240x330,,1,,,,,,,,,,,,,,,,,,,,,,,,,,,,,,,,,,,,,240x330,,,,,,,,,,,,,,,,,,,,,,,,77020,,,,,,,,,,,,,,,,,,,
37969,variable,56903677-H,,D-sign Rug 1D0296 Blue,1,0,hidden,D-sign Rug 1D0296 Blue ,D-sign Rug 1D0296 Blue ,,,taxable,,0,,,0,0,,,,,1,,,,"Rooms > Bedroom, Rooms > Living room, Rugs > Modern, Rugs",,,"https://rugshop.eu/wp-content/uploads/2021/10/carpet-drop-jasmine-030-lblue-smoke.jpg, https://rugshop.eu/wp-content/uploads/2021/10/carpet-drop-jasmine-030-lblue-smoke.jpg, https://rugshop.eu/wp-content/uploads/2021/10/carpet-drop-jasmine-030-lblue-smoke-1.jpg",,,,,,,,,740,,,Size,"133x190, 160x220, 200x290, 240x330",1,1,Brand,D-sign,1,1,Color,Blue,1,1,Type of color,Multicolor,1,1,Shape,Rectangular,1,1,Material,Polypropen,1,1,Type of rug,Modern,1,1,Weave,Machinemade,1,1,Country,Turkey,1,1,Age,New,1,1,,,,,,,,,,,,,1786453226,yes,yes,,,,,,,,,,,,,,,,,,,,,,,,,,,,,
37971,variation,56903665,,D-sign Rug 1D0290 Grey - 80x150,1,0,hidden,,D-sign Rug 1D0290 Grey 80x150 cm,,,taxable,parent,0,0,,0,0,,150,80,1.3,0,,,860,,,,,,,56903665-H,,,,,,1,,,Size,80x150,,1,,,,,,,,,,,,,,,,,,,,,,,,,,,,,,,,,,,,,80x150,,,,,,,,,,,,,,,,,,,,,,,,72888,,,,,,,,,,,,,,,,,,,
37972,variation,56906501,,D-sign Rug 1D0290 Grey - 120x170,1,0,hidden,,D-sign Rug 1D0290 Grey 120x170 cm,,,taxable,parent,0,0,,0,0,,170,120,1.3,0,,,1324,,,,,,,56903665-H,,,,,,2,,,Size,120x170,,1,,,,,,,,,,,,,,,,,,,,,,,,,,,,,,,,,,,,,120x170,,,,,,,,,,,,,,,,,,,,,,,,72889,,,,,,,,,,,,,,,,,,,
37973,variation,56903670,,D-sign Rug 1D0290 Grey - 140x190,1,0,hidden,,D-sign Rug 1D0290 Grey 140x190 cm,,,taxable,parent,0,0,,0,0,,190,140,1.3,0,,,1564,,,,,,,56903665-H,,,,,,3,,,Size,140x190,,1,,,,,,,,,,,,,,,,,,,,,,,,,,,,,,,,,,,,,140x190,,,,,,,,,,,,,,,,,,,,,,,,72890,,,,,,,,,,,,,,,,,,,
37974,variation,56903671,,D-sign Rug 1D0290 Grey - 160x220,1,0,hidden,,D-sign Rug 1D0290 Grey 160x220 cm,,,taxable,parent,0,0,,0,0,,220,160,1.3,0,,,1796,,,,,,,56903665-H,,,,,,4,,,Size,160x220,,1,,,,,,,,,,,,,,,,,,,,,,,,,,,,,,,,,,,,,160x220,,,,,,,,,,,,,,,,,,,,,,,,72891,,,,,,,,,,,,,,,,,,,
37975,variation,56903668,,D-sign Rug 1D0290 Grey - 180x270,1,0,hidden,,D-sign Rug 1D0290 Grey 180x270 cm,,,taxable,parent,0,0,,0,0,,270,180,1.3,0,,,2452,,,,,,,56903665-H,,,,,,5,,,Size,180x270,,1,,,,,,,,,,,,,,,,,,,,,,,,,,,,,,,,,,,,,180x270,,,,,,,,,,,,1786453209,,,,,,,,,,,,72892,,,,,,,,,,,,,,,,,,,
37976,variation,56903669,,D-sign Rug 1D0290 Grey - 200x290,1,0,hidden,,D-sign Rug 1D0290 Grey 200x290 cm,,,taxable,parent,0,0,,0,0,,290,200,1.3,0,,,2836,,,,,,,56903665-H,,,,,,6,,,Size,200x290,,1,,,,,,,,,,,,,,,,,,,,,,,,,,,,,,,,,,,,,200x290,,,,,,,,,,,,,,,,,,,,,,,,72893,,,,,,,,,,,,,,,,,,,
37977,variation,56903672,,D-sign Rug 1D0290 Grey - 240x330,1,0,hidden,,D-sign Rug 1D0290 Grey 240x330 cm,,,taxable,parent,0,0,,0,0,,330,240,1.3,0,,,3868,,,,,,,56903665-H,,,,,,7,,,Size,240x330,,1,,,,,,,,,,,,,,,,,,,,,,,,,,,,,,,,,,,,,240x330,,,,,,,,,,,,1786453209,,,,,,,,,,,,74931,,,,,,,,,,,,,,,,,,,
37978,variation,56903673,,D-sign Rug 1D0290 Grey - 280x370,1,0,hidden,,D-sign Rug 1D0290 Grey 280x370 cm,,,taxable,parent,0,0,,0,0,,370,280,1.3,0,,,4900,,,,,,,56903665-H,,,,,,8,,,Size,280x370,,1,,,,,,,,,,,,,,,,,,,,,,,,,,,,,,,,,,,,,280x370,,,,,,,,,,,,,,,,,,,,,,,,74932,,,,,,,,,,,,,,,,,,,
38007,variable,56903680-H,,D-sign Rug 1D0299 Blue,1,0,hidden,D-sign Rug 1D0299 Blue ,D-sign Rug 1D0299 Blue ,,,taxable,,0,,,0,0,,,,,1,,,,"Rooms > Bedroom, Rooms > Living room, Rugs > Modern, Rugs",,,"https://rugshop.eu/wp-content/uploads/2021/10/carpet-drop-jasmine-453-dblue.jpg, https://rugshop.eu/wp-content/uploads/2021/10/carpet-drop-jasmine-453-dblue-1.jpg, https://rugshop.eu/wp-content/uploads/2021/10/carpet-drop-jasmine-453-dblue-2.jpg",,,,,,,,,743,,,Size,"133x190, 160x220, 200x290, 240x330",1,1,Brand,D-sign,1,1,Color,Blue,1,1,Type of color,Multicolor,1,1,Shape,Rectangular,1,1,Material,Polypropen,1,1,Type of rug,Modern,1,1,Weave,Machinemade,1,1,Country,Turkey,1,1,Age,New,1,1,,,,,,,,,,,,,1786453229,yes,yes,,,,,,,,,,,,,,,,,,,,,,,,,,,,,
38010,variable,56903688-H,,D-sign Rug 1D0302 Blue,1,0,hidden,D-sign Rug 1D0302 Blue ,D-sign Rug 1D0302 Blue ,,,taxable,,0,,,0,0,,,,,1,,,,"Rooms > Bedroom, Rooms > Living room, Rugs > Modern, Rugs > Persian, Rugs",,,"https://rugshop.eu/wp-content/uploads/2021/10/carpet-drop-jasmine-455-lblue.jpg, https://rugshop.eu/wp-content/uploads/2021/10/carpet-drop-jasmine-455-lblue.jpg, https://rugshop.eu/wp-content/uploads/2021/10/carpet-drop-jasmine-455-lblue-1.jpg",,,,,,,,,746,,,Size,"133x190, 160x220, 200x290, 240x330",1,1,Brand,D-sign,1,1,Color,Blue,1,1,Type of color,Multicolor,1,1,Shape,Rectangular,1,1,Material,Polypropen,1,1,Type of rug,"Modern, Persian",1,1,Weave,Machinemade,1,1,Country,Turkey,1,1,Age,New,1,1,,,,,,,,,,,,,1786453722,yes,yes,,,,,,,,,,,,,,,,,,,,,,,,,,,,,
38011,variation,56903677,,D-sign Rug 1D0296 Blue - 133x190,1,0,hidden,,D-sign Rug 1D0296 Blue 133x190 cm,,,taxable,parent,0,0,,0,0,,190,133,1.1,0,,,2060,,,,,,,56903677-H,,,,,,1,,,Size,133x190,,1,,,,,,,,,,,,,,,,,,,,,,,,,,,,,,,,,,,,,133x190,,,,,,,,,,,,1786453210,,,,,,,,,,,,72991,,,,,,,,,,,,,,,,,,,
38012,variation,56906505,,D-sign Rug 1D0296 Blue - 160x220,1,0,hidden,,D-sign Rug 1D0296 Blue 160x220 cm,,,taxable,parent,0,0,,0,0,,220,160,1.1,0,,,2732,,,,,,,56903677-H,,,,,,2,,,Size,160x220,,1,,,,,,,,,,,,,,,,,,,,,,,,,,,,,,,,,,,,,160x220,,,,,,,,,,,,,,,,,,,,,,,,72992,,,,,,,,,,,,,,,,,,,
38013,variation,56903684,,D-sign Rug 1D0296 Blue - 200x290,1,0,hidden,,D-sign Rug 1D0296 Blue 200x290 cm,,,taxable,parent,0,0,,0,0,,290,200,1.1,0,,,4236,,,,,,,56903677-H,,,,,,3,,,Size,200x290,,1,,,,,,,,,,,,,,,,,,,,,,,,,,,,,,,,,,,,,200x290,,,,,,,,,,,,,,,,,,,,,,,,72993,,,,,,,,,,,,,,,,,,,
38014,variation,56903685,,D-sign Rug 1D0296 Blue - 240x330,1,0,hidden,,D-sign Rug 1D0296 Blue 240x330 cm,,,taxable,parent,0,0,,0,0,,330,240,1.1,0,,,5748,,,,,,,56903677-H,,,,,,4,,,Size,240x330,,1,,,,,,,,,,,,,,,,,,,,,,,,,,,,,,,,,,,,,240x330,,,,,,,,,,,,,,,,,,,,,,,,72994,,,,,,,,,,,,,,,,,,,
38035,variation,56903680,,D-sign Rug 1D0299 Blue - 133x190,1,0,hidden,,D-sign Rug 1D0299 Blue 133x190 cm,,,taxable,parent,0,0,,0,0,,190,133,1.1,0,,,2060,,,,,,,56903680-H,,,,,,1,,,Size,133x190,,1,,,,,,,,,,,,,,,,,,,,,,,,,,,,,,,,,,,,,133x190,,,,,,,,,,,,1786453211,,,,,,,,,,,,73011,,,,,,,,,,,,,,,,,,,
38036,variation,56906516,,D-sign Rug 1D0299 Blue - 160x220,1,0,hidden,,D-sign Rug 1D0299 Blue 160x220 cm,,,taxable,parent,0,0,,0,0,,220,160,1.1,0,,,2732,,,,,,,56903680-H,,,,,,2,,,Size,160x220,,1,,,,,,,,,,,,,,,,,,,,,,,,,,,,,,,,,,,,,160x220,,,,,,,,,,,,,,,,,,,,,,,,73012,,,,,,,,,,,,,,,,,,,
38037,variation,56906521,,D-sign Rug 1D0299 Blue - 200x290,1,0,hidden,,D-sign Rug 1D0299 Blue 200x290 cm,,,taxable,parent,0,0,,0,0,,290,200,1.1,0,,,4236,,,,,,,56903680-H,,,,,,3,,,Size,200x290,,1,,,,,,,,,,,,,,,,,,,,,,,,,,,,,,,,,,,,,200x290,,,,,,,,,,,,,,,,,,,,,,,,73013,,,,,,,,,,,,,,,,,,,
38038,variation,56906524,,D-sign Rug 1D0299 Blue - 240x330,1,0,hidden,,D-sign Rug 1D0299 Blue 240x330 cm,,,taxable,parent,0,0,,0,0,,330,240,1.1,0,,,5748,,,,,,,56903680-H,,,,,,4,,,Size,240x330,,1,,,,,,,,,,,,,,,,,,,,,,,,,,,,,,,,,,,,,240x330,,,,,,,,,,,,,,,,,,,,,,,,73014,,,,,,,,,,,,,,,,,,,
38044,variable,56903691-H,,D-sign Rug 1D0304 Red,1,0,hidden,D-sign Rug 1D0304 Red ,D-sign Rug 1D0304 Red ,,,taxable,,0,,,0,0,,,,,1,,,,"Rooms > Bedroom, Rooms > Living room, Rugs > Modern, Rugs > Persian, Rugs",,,"https://rugshop.eu/wp-content/uploads/2021/10/carpet-drop-jasmine-456-rust-dbeige.jpg, https://rugshop.eu/wp-content/uploads/2021/10/carpet-drop-jasmine-456-rust-dbeige-1.jpg, https://rugshop.eu/wp-content/uploads/2021/10/carpet-drop-jasmine-456-rust-dbeige-2.jpg",,,,,,,,,748,,,Size,"133x190, 160x220, 200x290, 240x330",1,1,Brand,D-sign,1,1,Color,Red,1,1,Type of color,Multicolor,1,1,Shape,Rectangular,1,1,Material,Polypropen,1,1,Type of rug,"Modern, Persian",1,1,Weave,Machinemade,1,1,Country,Turkey,1,1,Age,New,1,1,,,,,,,,,,,,,1786453725,yes,yes,,,,,,,,,,,,,,,,,,,,,,,,,,,,,
38045,variable,56903692-H,,D-sign Rug 1D0305 Green,1,0,hidden,D-sign Rug 1D0305 Green ,D-sign Rug 1D0305 Green ,,,taxable,,0,,,0,0,,,,,1,,,,"Rooms > Bedroom, Rooms > Living room, Rugs > Modern, Rugs > Persian, Rugs",,,"https://rugshop.eu/wp-content/uploads/2021/10/carpet-drop-jasmine-456-vizon-dbeige.jpg, https://rugshop.eu/wp-content/uploads/2021/10/carpet-drop-jasmine-456-vizon-dbeige-1.jpg, https://rugshop.eu/wp-content/uploads/2021/10/carpet-drop-jasmine-456-vizon-dbeige-2.jpg",,,,,,,,,749,,,Size,"133x190, 160x220, 200x290, 240x330",1,1,Brand,D-sign,1,1,Color,Green,1,1,Type of color,Multicolor,1,1,Shape,Rectangular,1,1,Material,Polypropen,1,1,Type of rug,"Modern, Persian",1,1,Weave,Machinemade,1,1,Country,Turkey,1,1,Age,New,1,1,,,,,,,,,,,,,1786453728,yes,yes,,,,,,,,,,,,,,,,,,,,,,,,,,,,,
38061,variation,56903688,,D-sign Rug 1D0302 Blue - 133x190,1,0,hidden,,D-sign Rug 1D0302 Blue 133x190 cm,,,taxable,parent,0,0,,0,0,,190,133,1.1,0,,,2060,,,,,,,56903688-H,,,,,,1,,,Size,133x190,,1,,,,,,,,,,,,,,,,,,,,,,,,,,,,,,,,,,,,,133x190,,,,,,,,,,,,,,,,,,,,,,,,73027,,,,,,,,,,,,,,,,,,,
38062,variation,56906545,,D-sign Rug 1D0302 Blue - 160x220,1,0,hidden,,D-sign Rug 1D0302 Blue 160x220 cm,,,taxable,parent,0,0,,0,0,,220,160,1.1,0,,,2732,,,,,,,56903688-H,,,,,,2,,,Size,160x220,,1,,,,,,,,,,,,,,,,,,,,,,,,,,,,,,,,,,,,,160x220,,,,,,,,,,,,1786453702,,,,,,,,,,,,73028,,,,,,,,,,,,,,,,,,,
38063,variation,56906544,,D-sign Rug 1D0302 Blue - 200x290,1,0,hidden,,D-sign Rug 1D0302 Blue 200x290 cm,,,taxable,parent,0,0,,0,0,,290,200,1.1,0,,,4236,,,,,,,56903688-H,,,,,,3,,,Size,200x290,,1,,,,,,,,,,,,,,,,,,,,,,,,,,,,,,,,,,,,,200x290,,,,,,,,,,,,,,,,,,,,,,,,73029,,,,,,,,,,,,,,,,,,,
38064,variation,56906542,,D-sign Rug 1D0302 Blue - 240x330,1,0,hidden,,D-sign Rug 1D0302 Blue 240x330 cm,,,taxable,parent,0,0,,0,0,,330,240,1.1,0,,,5748,,,,,,,56903688-H,,,,,,4,,,Size,240x330,,1,,,,,,,,,,,,,,,,,,,,,,,,,,,,,,,,,,,,,240x330,,,,,,,,,,,,,,,,,,,,,,,,73030,,,,,,,,,,,,,,,,,,,
38077,variable,56903697-H,,D-sign Rug 1D0307 Beige,1,0,hidden,D-sign Rug 1D0307 Beige ,D-sign Rug 1D0307 Beige ,,,taxable,,0,,,0,0,,,,,1,,,,"Rooms > Bedroom, Rooms > Living room, Rugs > Modern, Rugs",,,"https://rugshop.eu/wp-content/uploads/2021/10/carpet-drop-jasmine-758-lblue-smoke.jpg, https://rugshop.eu/wp-content/uploads/2021/10/carpet-drop-jasmine-758-lblue-smoke.jpg, https://rugshop.eu/wp-content/uploads/2021/10/carpet-drop-jasmine-758-lblue-smoke-1.jpg",,,,,,,,,751,,,Size,"133x190, 160x220, 200x290, 240x330",1,1,Brand,D-sign,1,1,Color,White-Beige,1,1,Type of color,Multicolor,1,1,Shape,Rectangular,1,1,Material,Polypropen,1,1,Type of rug,Modern,1,1,Weave,Machinemade,1,1,Country,Turkey,1,1,Age,New,1,1,,,,,,,,,,,,,1786453727,yes,yes,,,,,,,,,,,,,,,,,,,,,,,,,,,,,
38078,variable,56903695-H,,D-sign Rug 1D0308 Beige,1,0,hidden,D-sign Rug 1D0308 Beige ,D-sign Rug 1D0308 Beige ,,,taxable,,0,,,0,0,,,,,1,,,,"Rooms > Bedroom, Rooms > Living room, Rugs > Modern, Rugs",,,"https://rugshop.eu/wp-content/uploads/2021/10/carpet-drop-jasmine-761-dbeige-lblue.jpg, https://rugshop.eu/wp-content/uploads/2021/10/carpet-drop-jasmine-761-dbeige-lblue.jpg, https://rugshop.eu/wp-content/uploads/2021/10/carpet-drop-jasmine-761-dbeige-lblue-1.jpg",,,,,,,,,752,,,Size,"133x190, 160x220, 200x290, 240x330",1,1,Brand,D-sign,1,1,Color,White-Beige,1,1,Type of color,Multicolor,1,1,Shape,Rectangular,1,1,Material,Polypropen,1,1,Type of rug,Modern,1,1,Weave,Machinemade,1,1,Country,Turkey,1,1,Age,New,1,1,,,,,,,,,,,,,1786453730,yes,yes,,,,,,,,,,,,,,,,,,,,,,,,,,,,,
38080,variable,56903700-H,,D-sign Rug 1D0310 Brown,1,0,hidden,D-sign Rug 1D0310 Brown ,D-sign Rug 1D0310 Brown ,,,taxable,,0,,,0,0,,,,,1,,,,"Rooms > Bedroom, Rooms > Living room, Rugs > Modern, Rugs",,,"https://rugshop.eu/wp-content/uploads/2021/10/carpet-vogue-478-black-brown.jpg, https://rugshop.eu/wp-content/uploads/2021/10/carpet-vogue-478-black-brown-1.jpg, https://rugshop.eu/wp-content/uploads/2021/10/carpet-vogue-478-black-brown.jpg",,,,,,,,,754,,,Size,"133x190, 160x220, 200x290, 240x330",1,1,Brand,D-sign,1,1,Color,Yellow-Brown,1,1,Type of color,Multicolor,1,1,Shape,Rectangular,1,1,Material,Polypropen,1,1,Type of rug,Modern,1,1,Weave,Machinemade,1,1,Country,Turkey,1,1,Age,New,1,1,,,,,,,,,,,,,1786453733,yes,yes,,,,,,,,,,,,,,,,,,,,,,,,,,,,,
38081,variation,56903691,,D-sign Rug 1D0304 Red - 133x190,1,0,hidden,,D-sign Rug 1D0304 Red 133x190 cm,,,taxable,parent,0,0,,0,0,,190,133,1.1,0,,,2060,,,,,,,56903691-H,,,,,,1,,,Size,133x190,,1,,,,,,,,,,,,,,,,,,,,,,,,,,,,,,,,,,,,,133x190,,,,,,,,,,,,1786453211,,,,,,,,,,,,73040,,,,,,,,,,,,,,,,,,,
38082,variation,56906560,,D-sign Rug 1D0304 Red - 160x220,1,0,hidden,,D-sign Rug 1D0304 Red 160x220 cm,,,taxable,parent,0,0,,0,0,,220,160,1.1,0,,,2732,,,,,,,56903691-H,,,,,,2,,,Size,160x220,,1,,,,,,,,,,,,,,,,,,,,,,,,,,,,,,,,,,,,,160x220,,,,,,,,,,,,1786453704,,,,,,,,,,,,73041,,,,,,,,,,,,,,,,,,,
38083,variation,56906562,,D-sign Rug 1D0304 Red - 200x290,1,0,hidden,,D-sign Rug 1D0304 Red 200x290 cm,,,taxable,parent,0,0,,0,0,,290,200,1.1,0,,,4236,,,,,,,56903691-H,,,,,,3,,,Size,200x290,,1,,,,,,,,,,,,,,,,,,,,,,,,,,,,,,,,,,,,,200x290,,,,,,,,,,,,,,,,,,,,,,,,73042,,,,,,,,,,,,,,,,,,,
38084,variation,56906556,,D-sign Rug 1D0304 Red - 240x330,1,0,hidden,,D-sign Rug 1D0304 Red 240x330 cm,,,taxable,parent,0,0,,0,0,,330,240,1.1,0,,,5748,,,,,,,56903691-H,,,,,,4,,,Size,240x330,,1,,,,,,,,,,,,,,,,,,,,,,,,,,,,,,,,,,,,,240x330,,,,,,,,,,,,1786453703,,,,,,,,,,,,73043,,,,,,,,,,,,,,,,,,,
38089,variation,56903692,,D-sign Rug 1D0305 Green - 133x190,1,0,hidden,,D-sign Rug 1D0305 Green 133x190 cm,,,taxable,parent,0,0,,0,0,,190,133,1.1,0,,,2060,,,,,,,56903692-H,,,,,,1,,,Size,133x190,,1,,,,,,,,,,,,,,,,,,,,,,,,,,,,,,,,,,,,,133x190,,,,,,,,,,,,,,,,,,,,,,,,73048,,,,,,,,,,,,,,,,,,,
38090,variation,56906559,,D-sign Rug 1D0305 Green - 160x220,1,0,hidden,,D-sign Rug 1D0305 Green 160x220 cm,,,taxable,parent,0,0,,0,0,,220,160,1.1,0,,,2732,,,,,,,56903692-H,,,,,,2,,,Size,160x220,,1,,,,,,,,,,,,,,,,,,,,,,,,,,,,,,,,,,,,,160x220,,,,,,,,,,,,,,,,,,,,,,,,73049,,,,,,,,,,,,,,,,,,,
38091,variation,56906564,,D-sign Rug 1D0305 Green - 200x290,1,0,hidden,,D-sign Rug 1D0305 Green 200x290 cm,,,taxable,parent,0,0,,0,0,,290,200,1.1,0,,,4236,,,,,,,56903692-H,,,,,,3,,,Size,200x290,,1,,,,,,,,,,,,,,,,,,,,,,,,,,,,,,,,,,,,,200x290,,,,,,,,,,,,,,,,,,,,,,,,73050,,,,,,,,,,,,,,,,,,,
38092,variation,56906565,,D-sign Rug 1D0305 Green - 240x330,1,0,hidden,,D-sign Rug 1D0305 Green 240x330 cm,,,taxable,parent,0,0,,0,0,,330,240,1.1,0,,,5748,,,,,,,56903692-H,,,,,,4,,,Size,240x330,,1,,,,,,,,,,,,,,,,,,,,,,,,,,,,,,,,,,,,,240x330,,,,,,,,,,,,1786453704,,,,,,,,,,,,73051,,,,,,,,,,,,,,,,,,,
38103,variation,56903697,,D-sign Rug 1D0307 Beige - 133x190,1,0,hidden,,D-sign Rug 1D0307 Beige 133x190 cm,,,taxable,parent,0,0,,0,0,,190,133,1.1,0,,,2060,,,,,,,56903697-H,,,,,,1,,,Size,133x190,,1,,,,,,,,,,,,,,,,,,,,,,,,,,,,,,,,,,,,,133x190,,,,,,,,,,,,,,,,,,,,,,,,73064,,,,,,,,,,,,,,,,,,,
38104,variation,56906558,,D-sign Rug 1D0307 Beige - 160x220,1,0,hidden,,D-sign Rug 1D0307 Beige 160x220 cm,,,taxable,parent,0,0,,0,0,,220,160,1.1,0,,,2732,,,,,,,56903697-H,,,,,,2,,,Size,160x220,,1,,,,,,,,,,,,,,,,,,,,,,,,,,,,,,,,,,,,,160x220,,,,,,,,,,,,1786453703,,,,,,,,,,,,73065,,,,,,,,,,,,,,,,,,,
38105,variation,56906581,,D-sign Rug 1D0307 Beige - 200x290,1,0,hidden,,D-sign Rug 1D0307 Beige 200x290 cm,,,taxable,parent,0,0,,0,0,,290,200,1.1,0,,,4236,,,,,,,56903697-H,,,,,,3,,,Size,200x290,,1,,,,,,,,,,,,,,,,,,,,,,,,,,,,,,,,,,,,,200x290,,,,,,,,,,,,,,,,,,,,,,,,73066,,,,,,,,,,,,,,,,,,,
38106,variation,56906585,,D-sign Rug 1D0307 Beige - 240x330,1,0,hidden,,D-sign Rug 1D0307 Beige 240x330 cm,,,taxable,parent,0,0,,0,0,,330,240,1.1,0,,,5748,,,,,,,56903697-H,,,,,,4,,,Size,240x330,,1,,,,,,,,,,,,,,,,,,,,,,,,,,,,,,,,,,,,,240x330,,,,,,,,,,,,,,,,,,,,,,,,73067,,,,,,,,,,,,,,,,,,,
38112,variable,56903705-H,,D-sign Rug 1D0314 Grey,1,0,hidden,D-sign Rug 1D0314 Grey ,D-sign Rug 1D0314 Grey ,,,taxable,,0,,,0,0,,,,,1,,,,"Rooms > Bedroom, Rooms > Living room, Rugs > Modern, Rugs",,,"https://rugshop.eu/wp-content/uploads/2021/10/carpet-vogue-584-dgrey.jpg, https://rugshop.eu/wp-content/uploads/2021/10/carpet-vogue-584-dgrey-1.jpg, https://rugshop.eu/wp-content/uploads/2021/10/carpet-vogue-584-dgrey.jpg",,,,,,,,,758,,,Size,"133x190, 160x220, 200x290, 240x330",1,1,Brand,D-sign,1,1,Color,Black-Grey,1,1,Type of color,Multicolor,1,1,Shape,Rectangular,1,1,Material,Polypropen,1,1,Type of rug,Modern,1,1,Weave,Machinemade,1,1,Country,Turkey,1,1,Age,New,1,1,,,,,,,,,,,,,1786453736,yes,yes,,,,,,,,,,,,,,,,,,,,,,,,,,,,,
38114,variation,56903695,,D-sign Rug 1D0308 Beige - 133x190,1,0,hidden,,D-sign Rug 1D0308 Beige 133x190 cm,,,taxable,parent,0,0,,0,0,,190,133,1.1,0,,,2060,,,,,,,56903695-H,,,,,,1,,,Size,133x190,,1,,,,,,,,,,,,,,,,,,,,,,,,,,,,,,,,,,,,,133x190,,,,,,,,,,,,1786453212,,,,,,,,,,,,73068,,,,,,,,,,,,,,,,,,,
38115,variation,56906583,,D-sign Rug 1D0308 Beige - 160x220,1,0,hidden,,D-sign Rug 1D0308 Beige 160x220 cm,,,taxable,parent,0,0,,0,0,,220,160,1.1,0,,,2732,,,,,,,56903695-H,,,,,,2,,,Size,160x220,,1,,,,,,,,,,,,,,,,,,,,,,,,,,,,,,,,,,,,,160x220,,,,,,,,,,,,1786453706,,,,,,,,,,,,73069,,,,,,,,,,,,,,,,,,,
38116,variation,56906577,,D-sign Rug 1D0308 Beige - 200x290,1,0,hidden,,D-sign Rug 1D0308 Beige 200x290 cm,,,taxable,parent,0,0,,0,0,,290,200,1.1,0,,,4236,,,,,,,56903695-H,,,,,,3,,,Size,200x290,,1,,,,,,,,,,,,,,,,,,,,,,,,,,,,,,,,,,,,,200x290,,,,,,,,,,,,1786453704,,,,,,,,,,,,73070,,,,,,,,,,,,,,,,,,,
38117,variation,56906557,,D-sign Rug 1D0308 Beige - 240x330,1,0,hidden,,D-sign Rug 1D0308 Beige 240x330 cm,,,taxable,parent,0,0,,0,0,,330,240,1.1,0,,,5748,,,,,,,56903695-H,,,,,,4,,,Size,240x330,,1,,,,,,,,,,,,,,,,,,,,,,,,,,,,,,,,,,,,,240x330,,,,,,,,,,,,,,,,,,,,,,,,73071,,,,,,,,,,,,,,,,,,,
38128,variation,56903700,,D-sign Rug 1D0310 Brown - 133x190,1,0,hidden,,D-sign Rug 1D0310 Brown 133x190 cm,,,taxable,parent,0,0,,0,0,,190,133,1.5,0,,,2172,,,,,,,56903700-H,,,,,,1,,,Size,133x190,,1,,,,,,,,,,,,,,,,,,,,,,,,,,,,,,,,,,,,,133x190,,,,,,,,,,,,,,,,,,,,,,,,73080,,,,,,,,,,,,,,,,,,,
38129,variation,56906595,,D-sign Rug 1D0310 Brown - 160x220,1,0,hidden,,D-sign Rug 1D0310 Brown 160x220 cm,,,taxable,parent,0,0,,0,0,,220,160,1.5,0,,,2876,,,,,,,56903700-H,,,,,,2,,,Size,160x220,,1,,,,,,,,,,,,,,,,,,,,,,,,,,,,,,,,,,,,,160x220,,,,,,,,,,,,,,,,,,,,,,,,73081,,,,,,,,,,,,,,,,,,,
38130,variation,56906576,,D-sign Rug 1D0310 Brown - 200x290,1,0,hidden,,D-sign Rug 1D0310 Brown 200x290 cm,,,taxable,parent,0,0,,0,0,,290,200,1.5,0,,,4524,,,,,,,56903700-H,,,,,,3,,,Size,200x290,,1,,,,,,,,,,,,,,,,,,,,,,,,,,,,,,,,,,,,,200x290,,,,,,,,,,,,,,,,,,,,,,,,73082,,,,,,,,,,,,,,,,,,,
38131,variation,56906582,,D-sign Rug 1D0310 Brown - 240x330,1,0,hidden,,D-sign Rug 1D0310 Brown 240x330 cm,,,taxable,parent,0,0,,0,0,,330,240,1.5,0,,,6076,,,,,,,56903700-H,,,,,,4,,,Size,240x330,,1,,,,,,,,,,,,,,,,,,,,,,,,,,,,,,,,,,,,,240x330,,,,,,,,,,,,1786453705,,,,,,,,,,,,73083,,,,,,,,,,,,,,,,,,,
38142,variable,56903706-H,,D-sign Rug 1D0316 Brown,1,0,hidden,D-sign Rug 1D0316 Brown ,D-sign Rug 1D0316 Brown ,,,taxable,,0,,,0,0,,,,,1,,,,"Rooms > Bedroom, Rooms > Living room, Rugs > Modern, Rugs",,,"https://rugshop.eu/wp-content/uploads/2021/10/carpet-vogue-093-black-brown.jpg, https://rugshop.eu/wp-content/uploads/2021/10/carpet-vogue-093-black-brown-1.jpg, https://rugshop.eu/wp-content/uploads/2021/10/carpet-vogue-093-black-brown.jpg",,,,,,,,,760,,,Size,"133x190, 160x220, 200x290, 240x330",1,1,Brand,D-sign,1,1,Color,Yellow-Brown,1,1,Type of color,Multicolor,1,1,Shape,Rectangular,1,1,Material,Polypropen,1,1,Type of rug,Modern,1,1,Weave,Machinemade,1,1,Country,Turkey,1,1,Age,New,1,1,,,,,,,,,,,,,1786453739,yes,yes,,,,,,,,,,,,,,,,,,,,,,,,,,,,,
38143,variable,56903708-H,,D-sign Rug 1D0318 Blue,1,0,hidden,D-sign Rug 1D0318 Blue ,D-sign Rug 1D0318 Blue ,,,taxable,,0,,,0,0,,,,,1,,,,"Rooms > Bedroom, Rooms > Living room, Rugs > Modern, Rugs",,,"https://rugshop.eu/wp-content/uploads/2021/10/carpet-scandi-18218-591-trellis.jpg, https://rugshop.eu/wp-content/uploads/2021/10/carpet-scandi-18218-591-trellis.jpg, https://rugshop.eu/wp-content/uploads/2021/10/carpet-scandi-18218-591-trellis-1.jpg",,,,,,,,,762,,,Size,"120x170, 140x200, 160x230, 80x150",1,1,Brand,D-sign,1,1,Color,Blue,1,1,Type of color,Multicolor,1,1,Shape,Rectangular,1,1,Material,Polypropen,1,1,Type of rug,Modern,1,1,Weave,Machinemade,1,1,Age,New,1,1,,,,,,,,,,,,,,,,,1786453234,yes,yes,,,,,,,,,,,,,,,,,,,,,,,,,,,,,
38144,variable,56903711-H,,D-sign Rug 1D0319 Blue,1,0,hidden,D-sign Rug 1D0319 Blue,D-sign Rug 1D0319 Blue,,,taxable,,0,,,0,0,,,,,0,,,,"Rooms > Kids, Rugs > Kids, Rugs",,,"https://rugshop.eu/wp-content/uploads/2021/10/carpet-kids-owls-blue-c412.jpg, https://rugshop.eu/wp-content/uploads/2021/10/carpet-kids-owls-blue-c412-1.jpg, https://rugshop.eu/wp-content/uploads/2021/10/carpet-kids-owls-blue-c412-2.jpg",,,,,,,,,763,,,Size,"120x170, 140x190, 160x220, 180x270, 200x280, 240x330, 280x370",1,1,Brand,D-sign,1,1,Color,Blue,1,1,Type of color,Multicolor,1,1,Shape,Rectangular,1,1,Material,Polypropen,1,1,Type of rug,Modern,1,1,Weave,Machinemade,1,1,Country,Turkey,1,1,Age,New,1,1,,,,,default,default,default,default,,,,,1786453742,yes,yes,,,,,,,,,,,,,,,,,,,,,,,,,,,,,
38152,variation,56903705,,D-sign Rug 1D0314 Grey - 133x190,1,0,hidden,,D-sign Rug 1D0314 Grey 133x190 cm,,,taxable,parent,0,0,,0,0,,190,133,1.5,0,,,2172,,,,,,,56903705-H,,,,,,1,,,Size,133x190,,1,,,,,,,,,,,,,,,,,,,,,,,,,,,,,,,,,,,,,133x190,,,,,,,,,,,,,,,,,,,,,,,,73109,,,,,,,,,,,,,,,,,,,
38153,variation,56906590,,D-sign Rug 1D0314 Grey - 160x220,1,0,hidden,,D-sign Rug 1D0314 Grey 160x220 cm,,,taxable,parent,0,0,,0,0,,220,160,1.5,0,,,2876,,,,,,,56903705-H,,,,,,2,,,Size,160x220,,1,,,,,,,,,,,,,,,,,,,,,,,,,,,,,,,,,,,,,160x220,,,,,,,,,,,,,,,,,,,,,,,,73110,,,,,,,,,,,,,,,,,,,
38154,variation,56906593,,D-sign Rug 1D0314 Grey - 200x290,1,0,hidden,,D-sign Rug 1D0314 Grey 200x290 cm,,,taxable,parent,0,0,,0,0,,290,200,1.5,0,,,4524,,,,,,,56903705-H,,,,,,3,,,Size,200x290,,1,,,,,,,,,,,,,,,,,,,,,,,,,,,,,,,,,,,,,200x290,,,,,,,,,,,,,,,,,,,,,,,,73111,,,,,,,,,,,,,,,,,,,
38155,variation,56906589,,D-sign Rug 1D0314 Grey - 240x330,1,0,hidden,,D-sign Rug 1D0314 Grey 240x330 cm,,,taxable,parent,0,0,,0,0,,330,240,1.5,0,,,6076,,,,,,,56903705-H,,,,,,4,,,Size,240x330,,1,,,,,,,,,,,,,,,,,,,,,,,,,,,,,,,,,,,,,240x330,,,,,,,,,,,,1786453706,,,,,,,,,,,,73112,,,,,,,,,,,,,,,,,,,
38166,variation,56903706,,D-sign Rug 1D0316 Brown - 133x190,1,0,hidden,,D-sign Rug 1D0316 Brown 133x190 cm,,,taxable,parent,0,0,,0,0,,190,133,1.5,0,,,2172,,,,,,,56903706-H,,,,,,1,,,Size,133x190,,1,,,,,,,,,,,,,,,,,,,,,,,,,,,,,,,,,,,,,133x190,,,,,,,,,,,,,,,,,,,,,,,,73117,,,,,,,,,,,,,,,,,,,
38167,variation,56906613,,D-sign Rug 1D0316 Brown - 160x220,1,0,hidden,,D-sign Rug 1D0316 Brown 160x220 cm,,,taxable,parent,0,0,,0,0,,220,160,1.5,0,,,2876,,,,,,,56903706-H,,,,,,2,,,Size,160x220,,1,,,,,,,,,,,,,,,,,,,,,,,,,,,,,,,,,,,,,160x220,,,,,,,,,,,,1786453708,,,,,,,,,,,,73118,,,,,,,,,,,,,,,,,,,
38168,variation,56906608,,D-sign Rug 1D0316 Brown - 200x290,1,0,hidden,,D-sign Rug 1D0316 Brown 200x290 cm,,,taxable,parent,0,0,,0,0,,290,200,1.5,0,,,4524,,,,,,,56903706-H,,,,,,3,,,Size,200x290,,1,,,,,,,,,,,,,,,,,,,,,,,,,,,,,,,,,,,,,200x290,,,,,,,,,,,,1786453707,,,,,,,,,,,,73119,,,,,,,,,,,,,,,,,,,
38169,variation,56906607,,D-sign Rug 1D0316 Brown - 240x330,1,0,hidden,,D-sign Rug 1D0316 Brown 240x330 cm,,,taxable,parent,0,0,,0,0,,330,240,1.5,0,,,6076,,,,,,,56903706-H,,,,,,4,,,Size,240x330,,1,,,,,,,,,,,,,,,,,,,,,,,,,,,,,,,,,,,,,240x330,,,,,,,,,,,,,,,,,,,,,,,,73120,,,,,,,,,,,,,,,,,,,
38174,variable,56903715-H,,D-sign Rug 1D0321 Pink,1,0,hidden,D-sign Rug 1D0321 Pink,D-sign Rug 1D0321 Pink,,,taxable,,0,,,0,0,,,,,0,,,,"Rooms > Kids, Rugs > Kids, Rugs",,,"https://rugshop.eu/wp-content/uploads/2021/10/carpet-kids-owls-pink-c412.jpg, https://rugshop.eu/wp-content/uploads/2021/10/carpet-kids-owls-pink-c412-1.jpg, https://rugshop.eu/wp-content/uploads/2021/10/carpet-kids-owls-pink-c412-2.jpg",,,,,,,,,765,,,Size,"120x170, 140x190, 160x220, 180x270, 200x280, 240x330, 280x370",1,1,Brand,D-sign,1,1,Color,Pink-Purple,1,1,Type of color,Multicolor,1,1,Shape,Rectangular,1,1,Material,Polypropen,1,1,Type of rug,Modern,1,1,Weave,Machinemade,1,1,Country,Turkey,1,1,Age,New,1,1,,,,,default,default,default,default,,,,,1786453235,yes,yes,,,,,,,,,,,,,,,,,,,,,,,,,,,,,
38176,variation,56903708,,D-sign Rug 1D0318 Blue - 80x150,1,0,hidden,,D-sign Rug 1D0318 Blue 80x150 cm,,,taxable,parent,0,0,,0,0,,150,80,0.9,0,,,836,,,,,,,56903708-H,,,,,,1,,,Size,80x150,,1,,,,,,,,,,,,,,,,,,,,,,,,,,,,,,,,,,,,,80x150,,,,,,,,,,,,1786453212,,,,,,,,,,,,73128,,,,,,,,,,,,,,,,,,,
38177,variation,56906612,,D-sign Rug 1D0318 Blue - 120x170,1,0,hidden,,D-sign Rug 1D0318 Blue 120x170 cm,,,taxable,parent,0,0,,0,0,,170,120,0.9,0,,,1140,,,,,,,56903708-H,,,,,,2,,,Size,120x170,,1,,,,,,,,,,,,,,,,,,,,,,,,,,,,,,,,,,,,,120x170,,,,,,,,,,,,,,,,,,,,,,,,73129,,,,,,,,,,,,,,,,,,,
38178,variation,56903710,,D-sign Rug 1D0318 Blue - 140x200,1,0,hidden,,D-sign Rug 1D0318 Blue 140x200 cm,,,taxable,parent,0,0,,0,0,,200,140,0.9,0,,,1468,,,,,,,56903708-H,,,,,,3,,,Size,140x200,,1,,,,,,,,,,,,,,,,,,,,,,,,,,,,,,,,,,,,,140x200,,,,,,,,,,,,,,,,,,,,,,,,73131,,,,,,,,,,,,,,,,,,,
38179,variation,56903709,,D-sign Rug 1D0318 Blue - 160x230,1,0,hidden,,D-sign Rug 1D0318 Blue 160x230 cm,,,taxable,parent,0,0,,0,0,,230,160,0.9,0,,,1700,,,,,,,56903708-H,,,,,,4,,,Size,160x230,,1,,,,,,,,,,,,,,,,,,,,,,,,,,,,,,,,,,,,,160x230,,,,,,,,,,,,,,,,,,,,,,,,73132,,,,,,,,,,,,,,,,,,,
38184,variation,56903711,,D-sign Rug 1D0319 Blue - 120x170,1,0,hidden,,D-sign Rug 1D0319 Blue 120x170 cm,,,taxable,parent,0,0,,0,0,,170,120,1.3,0,,,996,,,,,,,56903711-H,,,,,,1,,,Size,120x170,,1,,,,,,,,,,,,,,,,,,,,,,,,,,,,,,,,,,,,,120x170,,,,,,,,,,,,,,,,,,,,,,,,73294,,,,,,,,,,,,,,,,,,,
38185,variation,56906611,,D-sign Rug 1D0319 Blue - 140x190,1,0,hidden,,D-sign Rug 1D0319 Blue 140x190 cm,,,taxable,parent,0,0,,0,0,,190,140,1.3,0,,,1188,,,,,,,56903711-H,,,,,,2,,,Size,140x190,,1,,,,,,,,,,,,,,,,,,,,,,,,,,,,,,,,,,,,,140x190,,,,,,,,,,,,1786453707,,,,,,,,,,,,73295,,,,,,,,,,,,,,,,,,,
38186,variation,56906614,,D-sign Rug 1D0319 Blue - 160x220,1,0,hidden,,D-sign Rug 1D0319 Blue 160x220 cm,,,taxable,parent,0,0,,0,0,,220,160,1.3,0,,,1468,,,,,,,56903711-H,,,,,,3,,,Size,160x220,,1,,,,,,,,,,,,,,,,,,,,,,,,,,,,,,,,,,,,,160x220,,,,,,,,,,,,,,,,,,,,,,,,73296,,,,,,,,,,,,,,,,,,,
38187,variation,56906606,,D-sign Rug 1D0319 Blue - 180x270,1,0,hidden,,D-sign Rug 1D0319 Blue 180x270 cm,,,taxable,parent,0,0,,0,0,,270,180,1.3,0,,,1868,,,,,,,56903711-H,,,,,,4,,,Size,180x270,,1,,,,,,,,,,,,,,,,,,,,,,,,,,,,,,,,,,,,,180x270,,,,,,,,,,,,,,,,,,,,,,,,73298,,,,,,,,,,,,,,,,,,,
38188,variation,56906615,,D-sign Rug 1D0319 Blue - 200x280,1,0,hidden,,D-sign Rug 1D0319 Blue 200x280 cm,,,taxable,parent,0,0,,0,0,,280,200,1.3,0,,,2156,,,,,,,56903711-H,,,,,,5,,,Size,200x280,,1,,,,,,,,,,,,,,,,,,,,,,,,,,,,,,,,,,,,,200x280,,,,,,,,,,,,,,,,,,,,,,,,73299,,,,,,,,,,,,,,,,,,,
38189,variation,56906610,,D-sign Rug 1D0319 Blue - 240x330,1,0,hidden,,D-sign Rug 1D0319 Blue 240x330 cm,,,taxable,parent,0,0,,0,0,,330,240,1.3,0,,,2908,,,,,,,56903711-H,,,,,,6,,,Size,240x330,,1,,,,,,,,,,,,,,,,,,,,,,,,,,,,,,,,,,,,,240x330,,,,,,,,,,,,,,,,,,,,,,,,73300,,,,,,,,,,,,,,,,,,,
38190,variation,56906609,,D-sign Rug 1D0319 Blue - 280x370,1,0,hidden,,D-sign Rug 1D0319 Blue 280x370 cm,,,taxable,parent,0,0,,0,0,,370,280,1.3,0,,,3636,,,,,,,56903711-H,,,,,,7,,,Size,280x370,,1,,,,,,,,,,,,,,,,,,,,,,,,,,,,,,,,,,,,,280x370,,,,,,,,,,,,,,,,,,,,,,,,73301,,,,,,,,,,,,,,,,,,,
38206,variation,56903715,,D-sign Rug 1D0321 Pink - 120x170,1,0,hidden,,D-sign Rug 1D0321 Pink 120x170 cm,,,taxable,parent,0,0,,0,0,,170,120,1.3,0,,,996,,,,,,,56903715-H,,,,,,1,,,Size,120x170,,1,,,,,,,,,,,,,,,,,,,,,,,,,,,,,,,,,,,,,120x170,,,,,,,,,,,,,,,,,,,,,,,,73323,,,,,,,,,,,,,,,,,,,
38207,variation,56906627,,D-sign Rug 1D0321 Pink - 140x190,1,0,hidden,,D-sign Rug 1D0321 Pink 140x190 cm,,,taxable,parent,0,0,,0,0,,190,140,1.3,0,,,1188,,,,,,,56903715-H,,,,,,2,,,Size,140x190,,1,,,,,,,,,,,,,,,,,,,,,,,,,,,,,,,,,,,,,140x190,,,,,,,,,,,,,,,,,,,,,,,,73324,,,,,,,,,,,,,,,,,,,
38208,variation,56906632,,D-sign Rug 1D0321 Pink - 160x220,1,0,hidden,,D-sign Rug 1D0321 Pink 160x220 cm,,,taxable,parent,0,0,,0,0,,220,160,1.3,0,,,1468,,,,,,,56903715-H,,,,,,3,,,Size,160x220,,1,,,,,,,,,,,,,,,,,,,,,,,,,,,,,,,,,,,,,160x220,,,,,,,,,,,,,,,,,,,,,,,,73325,,,,,,,,,,,,,,,,,,,
38209,variation,56906628,,D-sign Rug 1D0321 Pink - 180x270,1,0,hidden,,D-sign Rug 1D0321 Pink 180x270 cm,,,taxable,parent,0,0,,0,0,,270,180,1.3,0,,,1868,,,,,,,56903715-H,,,,,,4,,,Size,180x270,,1,,,,,,,,,,,,,,,,,,,,,,,,,,,,,,,,,,,,,180x270,,,,,,,,,,,,,,,,,,,,,,,,73326,,,,,,,,,,,,,,,,,,,
38213,variation,56903725,,D-sign Rug 1D0321 Pink - 200x280,1,0,hidden,,D-sign Rug 1D0321 Pink 200x280 cm,,,taxable,parent,0,0,,0,0,,280,200,1.3,0,,,2156,,,,,,,56903715-H,,,,,,5,,,Size,200x280,,1,,,,,,,,,,,,,,,,,,,,,,,,,,,,,,,,,,,,,200x280,,,,,,,,,,,,,,,,,,,,,,,,73327,,,,,,,,,,,,,,,,,,,
38214,variation,56903724,,D-sign Rug 1D0321 Pink - 240x330,1,0,hidden,,D-sign Rug 1D0321 Pink 240x330 cm,,,taxable,parent,0,0,,0,0,,330,240,1.3,0,,,2908,,,,,,,56903715-H,,,,,,6,,,Size,240x330,,1,,,,,,,,,,,,,,,,,,,,,,,,,,,,,,,,,,,,,240x330,,,,,,,,,,,,1786453213,,,,,,,,,,,,73328,,,,,,,,,,,,,,,,,,,
38215,variation,56903723,,D-sign Rug 1D0321 Pink - 280x370,1,0,hidden,,D-sign Rug 1D0321 Pink 280x370 cm,,,taxable,parent,0,0,,0,0,,370,280,1.3,0,,,3636,,,,,,,56903715-H,,,,,,7,,,Size,280x370,,1,,,,,,,,,,,,,,,,,,,,,,,,,,,,,,,,,,,,,280x370,,,,,,,,,,,,,,,,,,,,,,,,73329,,,,,,,,,,,,,,,,,,,
38337,variable,56903760-H,,D-sign Rug 1D0334 Pink,1,0,hidden,D-sign Rug 1D0334 Pink,D-sign Rug 1D0334 Pink,,,taxable,,0,,,0,0,,,,,0,,,,"Rooms > Kids, Rugs > Kids, Rugs",,,"https://rugshop.eu/wp-content/uploads/2021/10/carpet-kids-princess-pink-c425.jpg, https://rugshop.eu/wp-content/uploads/2021/10/carpet-kids-princess-pink-c425-1.jpg, https://rugshop.eu/wp-content/uploads/2021/10/carpet-kids-princess-pink-c425-2.jpg",,,,,,,,,777,,,Size,"120x170, 140x190, 160x220, 180x270, 200x280, 240x330, 280x370",1,1,Brand,D-sign,1,1,Color,Pink-Purple,1,1,Type of color,Multicolor,1,1,Shape,Rectangular,1,1,Material,Polypropen,1,1,Type of rug,Modern,1,1,Weave,Machinemade,1,1,Country,Turkey,1,1,Age,New,1,1,,,,,default,default,default,default,,,,,1786453747,yes,yes,,,,,,,,,,,,,,,,,,,,,,,,,,,,,
38351,variation,56903760,,D-sign Rug 1D0334 Pink - 120x170,1,0,hidden,,D-sign Rug 1D0334 Pink 120x170 cm,,,taxable,parent,0,0,,0,0,,170,120,1.3,0,,,996,,,,,,,56903760-H,,,,,,1,,,Size,120x170,,1,,,,,,,,,,,,,,,,,,,,,,,,,,,,,,,,,,,,,120x170,,,,,,,,,,,,,,,,,,,,,,,,73499,,,,,,,,,,,,,,,,,,,
38352,variation,56906694,,D-sign Rug 1D0334 Pink - 140x190,1,0,hidden,,D-sign Rug 1D0334 Pink 140x190 cm,,,taxable,parent,0,0,,0,0,,190,140,1.3,0,,,1188,,,,,,,56903760-H,,,,,,2,,,Size,140x190,,1,,,,,,,,,,,,,,,,,,,,,,,,,,,,,,,,,,,,,140x190,,,,,,,,,,,,,,,,,,,,,,,,73500,,,,,,,,,,,,,,,,,,,
38353,variation,56906701,,D-sign Rug 1D0334 Pink - 160x220,1,0,hidden,,D-sign Rug 1D0334 Pink 160x220 cm,,,taxable,parent,0,0,,0,0,,220,160,1.3,0,,,1468,,,,,,,56903760-H,,,,,,3,,,Size,160x220,,1,,,,,,,,,,,,,,,,,,,,,,,,,,,,,,,,,,,,,160x220,,,,,,,,,,,,,,,,,,,,,,,,73501,,,,,,,,,,,,,,,,,,,
38354,variation,56906695,,D-sign Rug 1D0334 Pink - 180x270,1,0,hidden,,D-sign Rug 1D0334 Pink 180x270 cm,,,taxable,parent,0,0,,0,0,,270,180,1.3,0,,,1868,,,,,,,56903760-H,,,,,,4,,,Size,180x270,,1,,,,,,,,,,,,,,,,,,,,,,,,,,,,,,,,,,,,,180x270,,,,,,,,,,,,1786453709,,,,,,,,,,,,73502,,,,,,,,,,,,,,,,,,,
38355,variation,56906699,,D-sign Rug 1D0334 Pink - 200x280,1,0,hidden,,D-sign Rug 1D0334 Pink 200x280 cm,,,taxable,parent,0,0,,0,0,,280,200,1.3,0,,,2156,,,,,,,56903760-H,,,,,,5,,,Size,200x280,,1,,,,,,,,,,,,,,,,,,,,,,,,,,,,,,,,,,,,,200x280,,,,,,,,,,,,,,,,,,,,,,,,73503,,,,,,,,,,,,,,,,,,,
38356,variation,56906702,,D-sign Rug 1D0334 Pink - 240x330,1,0,hidden,,D-sign Rug 1D0334 Pink 240x330 cm,,,taxable,parent,0,0,,0,0,,330,240,1.3,0,,,2908,,,,,,,56903760-H,,,,,,6,,,Size,240x330,,1,,,,,,,,,,,,,,,,,,,,,,,,,,,,,,,,,,,,,240x330,,,,,,,,,,,,,,,,,,,,,,,,73504,,,,,,,,,,,,,,,,,,,
38357,variation,56906703,,D-sign Rug 1D0334 Pink - 280x370,1,0,hidden,,D-sign Rug 1D0334 Pink 280x370 cm,,,taxable,parent,0,0,,0,0,,370,280,1.3,0,,,3636,,,,,,,56903760-H,,,,,,7,,,Size,280x370,,1,,,,,,,,,,,,,,,,,,,,,,,,,,,,,,,,,,,,,280x370,,,,,,,,,,,,1786453710,,,,,,,,,,,,73505,,,,,,,,,,,,,,,,,,,
38374,variable,56903770-H,,D-sign Rug 1D0338 Red,1,0,hidden,D-sign Rug 1D0338 Red,D-sign Rug 1D0338 Red,,,taxable,,0,,,0,0,,,,,0,,,,"Rooms > Kids, Rugs > Kids, Rugs",,,"https://rugshop.eu/wp-content/uploads/2021/10/carpet-kids-forest-red-c427.jpg, https://rugshop.eu/wp-content/uploads/2021/10/carpet-kids-forest-red-c427-1.jpg, https://rugshop.eu/wp-content/uploads/2021/10/carpet-kids-forest-red-c427-2.jpg",,,,,,,,,781,,,Size,"120x170, 140x190, 160x220, 180x270, 200x280, 240x330, 280x370",1,1,Brand,D-sign,1,1,Color,Red,1,1,Type of color,Multicolor,1,1,Shape,Rectangular,1,1,Material,Polypropen,1,1,Type of rug,Modern,1,1,Weave,Machinemade,1,1,Country,Turkey,1,1,Age,New,1,1,,,,,default,default,default,default,,,,,1786453237,yes,yes,,,,,,,,,,,,,,,,,,,,,,,,,,,,,
38398,variation,56903770,,D-sign Rug 1D0338 Red - 120x170,1,0,hidden,,D-sign Rug 1D0338 Red 120x170 cm,,,taxable,parent,0,0,,0,0,,170,120,1.3,0,,,996,,,,,,,56903770-H,,,,,,1,,,Size,120x170,,1,,,,,,,,,,,,,,,,,,,,,,,,,,,,,,,,,,,,,120x170,,,,,,,,,,,,,,,,,,,,,,,,73560,,,,,,,,,,,,,,,,,,,
38399,variation,56906727,,D-sign Rug 1D0338 Red - 140x190,1,0,hidden,,D-sign Rug 1D0338 Red 140x190 cm,,,taxable,parent,0,0,,0,0,,190,140,1.3,0,,,1188,,,,,,,56903770-H,,,,,,2,,,Size,140x190,,1,,,,,,,,,,,,,,,,,,,,,,,,,,,,,,,,,,,,,140x190,,,,,,,,,,,,,,,,,,,,,,,,73561,,,,,,,,,,,,,,,,,,,
38400,variation,56903777,,D-sign Rug 1D0338 Red - 160x220,1,0,hidden,,D-sign Rug 1D0338 Red 160x220 cm,,,taxable,parent,0,0,,0,0,,220,160,1.3,0,,,1468,,,,,,,56903770-H,,,,,,3,,,Size,160x220,,1,,,,,,,,,,,,,,,,,,,,,,,,,,,,,,,,,,,,,160x220,,,,,,,,,,,,1786453214,,,,,,,,,,,,73562,,,,,,,,,,,,,,,,,,,
38401,variation,56903778,,D-sign Rug 1D0338 Red - 180x270,1,0,hidden,,D-sign Rug 1D0338 Red 180x270 cm,,,taxable,parent,0,0,,0,0,,270,180,1.3,0,,,1868,,,,,,,56903770-H,,,,,,4,,,Size,180x270,,1,,,,,,,,,,,,,,,,,,,,,,,,,,,,,,,,,,,,,180x270,,,,,,,,,,,,1786453214,,,,,,,,,,,,73563,,,,,,,,,,,,,,,,,,,
38402,variation,56903774,,D-sign Rug 1D0338 Red - 200x280,1,0,hidden,,D-sign Rug 1D0338 Red 200x280 cm,,,taxable,parent,0,0,,0,0,,280,200,1.3,0,,,2156,,,,,,,56903770-H,,,,,,5,,,Size,200x280,,1,,,,,,,,,,,,,,,,,,,,,,,,,,,,,,,,,,,,,200x280,,,,,,,,,,,,1786453213,,,,,,,,,,,,73564,,,,,,,,,,,,,,,,,,,
38403,variation,56903776,,D-sign Rug 1D0338 Red - 240x330,1,0,hidden,,D-sign Rug 1D0338 Red 240x330 cm,,,taxable,parent,0,0,,0,0,,330,240,1.3,0,,,2908,,,,,,,56903770-H,,,,,,6,,,Size,240x330,,1,,,,,,,,,,,,,,,,,,,,,,,,,,,,,,,,,,,,,240x330,,,,,,,,,,,,,,,,,,,,,,,,73565,,,,,,,,,,,,,,,,,,,
38404,variation,56903775,,D-sign Rug 1D0338 Red - 280x370,1,0,hidden,,D-sign Rug 1D0338 Red 280x370 cm,,,taxable,parent,0,0,,0,0,,370,280,1.3,0,,,3636,,,,,,,56903770-H,,,,,,7,,,Size,280x370,,1,,,,,,,,,,,,,,,,,,,,,,,,,,,,,,,,,,,,,280x370,,,,,,,,,,,,,,,,,,,,,,,,73566,,,,,,,,,,,,,,,,,,,
38411,variable,56903786-H,,D-sign Rug 1D0342 Blue,1,0,hidden,D-sign Rug 1D0342 Blue,D-sign Rug 1D0342 Blue,,,taxable,,0,,,0,0,,,,,0,,,,"Rooms > Kids, Rugs > Kids, Rugs",,,"https://rugshop.eu/wp-content/uploads/2021/10/carpet-kids-butterfly-blue-c429.jpg, https://rugshop.eu/wp-content/uploads/2021/10/carpet-kids-butterfly-blue-c429-1.jpg, https://rugshop.eu/wp-content/uploads/2021/10/carpet-kids-butterfly-blue-c429-2.jpg",,,,,,,,,785,,,Size,"120x170, 140x190, 160x220, 180x270, 200x280, 240x330, 280x370",1,1,Brand,D-sign,1,1,Color,Blue,1,1,Type of color,Multicolor,1,1,Shape,Rectangular,1,1,Material,Polypropen,1,1,Type of rug,Modern,1,1,Weave,Machinemade,1,1,Country,Turkey,1,1,Age,New,1,1,,,,,default,default,default,default,,,,,1786453750,yes,yes,,,,,,,,,,,,,,,,,,,,,,,,,,,,,
38449,variable,56904602-H,,D-sign Rug 1D0360 Grey,1,0,hidden,D-sign Rug 1D0360 Grey ,D-sign Rug 1D0360 Grey ,,,taxable,,0,,,0,0,,,,,1,,,,"Rooms > Bedroom, Rooms > Living room, Rugs > Modern, Rugs",,,"https://rugshop.eu/wp-content/uploads/2021/10/carpet-acrylic-beyazit-1797-grey.jpg, https://rugshop.eu/wp-content/uploads/2021/10/carpet-acrylic-beyazit-1797-grey-1.jpg, https://rugshop.eu/wp-content/uploads/2021/10/carpet-acrylic-beyazit-1797-grey-2.jpg, https://rugshop.eu/wp-content/uploads/2021/10/carpet-acrylic-beyazit-1797-grey-3.jpg",,,,,,,,,790,,,Size,"120x180, 160x235, 200x300, 80x150",1,1,Brand,D-sign,1,1,Color,Black-Grey,1,1,Type of color,Multicolor,1,1,Shape,Rectangular,1,1,Material,Acrylic,1,1,Type of rug,Modern,1,1,Weave,Machinemade,1,1,Age,New,1,1,,,,,,,,,,,,,,,,,1786453239,yes,yes,,,,,,,,,,,,,,,,,,,,,,,,,,,,,
38450,variation,56903786,,D-sign Rug 1D0342 Blue - 120x170,1,0,hidden,,D-sign Rug 1D0342 Blue 120x170 cm,,,taxable,parent,0,0,,0,0,,170,120,1.3,0,,,996,,,,,,,56903786-H,,,,,,1,,,Size,120x170,,1,,,,,,,,,,,,,,,,,,,,,,,,,,,,,,,,,,,,,120x170,,,,,,,,,,,,1786453215,,,,,,,,,,,,73602,,,,,,,,,,,,,,,,,,,
38451,variation,56906757,,D-sign Rug 1D0342 Blue - 140x190,1,0,hidden,,D-sign Rug 1D0342 Blue 140x190 cm,,,taxable,parent,0,0,,0,0,,190,140,1.3,0,,,1188,,,,,,,56903786-H,,,,,,2,,,Size,140x190,,1,,,,,,,,,,,,,,,,,,,,,,,,,,,,,,,,,,,,,140x190,,,,,,,,,,,,1786453710,,,,,,,,,,,,73603,,,,,,,,,,,,,,,,,,,
38452,variation,56906760,,D-sign Rug 1D0342 Blue - 160x220,1,0,hidden,,D-sign Rug 1D0342 Blue 160x220 cm,,,taxable,parent,0,0,,0,0,,220,160,1.3,0,,,1468,,,,,,,56903786-H,,,,,,3,,,Size,160x220,,1,,,,,,,,,,,,,,,,,,,,,,,,,,,,,,,,,,,,,160x220,,,,,,,,,,,,1786453710,,,,,,,,,,,,73604,,,,,,,,,,,,,,,,,,,
38453,variation,56906754,,D-sign Rug 1D0342 Blue - 180x270,1,0,hidden,,D-sign Rug 1D0342 Blue 180x270 cm,,,taxable,parent,0,0,,0,0,,270,180,1.3,0,,,1868,,,,,,,56903786-H,,,,,,4,,,Size,180x270,,1,,,,,,,,,,,,,,,,,,,,,,,,,,,,,,,,,,,,,180x270,,,,,,,,,,,,,,,,,,,,,,,,73605,,,,,,,,,,,,,,,,,,,
38454,variation,56906746,,D-sign Rug 1D0342 Blue - 200x280,1,0,hidden,,D-sign Rug 1D0342 Blue 200x280 cm,,,taxable,parent,0,0,,0,0,,280,200,1.3,0,,,2156,,,,,,,56903786-H,,,,,,5,,,Size,200x280,,1,,,,,,,,,,,,,,,,,,,,,,,,,,,,,,,,,,,,,200x280,,,,,,,,,,,,,,,,,,,,,,,,73606,,,,,,,,,,,,,,,,,,,
38455,variation,56906752,,D-sign Rug 1D0342 Blue - 240x330,1,0,hidden,,D-sign Rug 1D0342 Blue 240x330 cm,,,taxable,parent,0,0,,0,0,,330,240,1.3,0,,,2908,,,,,,,56903786-H,,,,,,6,,,Size,240x330,,1,,,,,,,,,,,,,,,,,,,,,,,,,,,,,,,,,,,,,240x330,,,,,,,,,,,,,,,,,,,,,,,,73607,,,,,,,,,,,,,,,,,,,
38456,variation,56906753,,D-sign Rug 1D0342 Blue - 280x370,1,0,hidden,,D-sign Rug 1D0342 Blue 280x370 cm,,,taxable,parent,0,0,,0,0,,370,280,1.3,0,,,3636,,,,,,,56903786-H,,,,,,7,,,Size,280x370,,1,,,,,,,,,,,,,,,,,,,,,,,,,,,,,,,,,,,,,280x370,,,,,,,,,,,,,,,,,,,,,,,,73608,,,,,,,,,,,,,,,,,,,
38480,variable,56904610-H,,D-sign Rug 1D0363 White,1,0,hidden,D-sign Rug 1D0363 White ,D-sign Rug 1D0363 White ,,,taxable,,0,,,0,0,,,,,1,,,,"Rooms > Bedroom, Rooms > Living room, Rugs > Modern, Rugs",,,"https://rugshop.eu/wp-content/uploads/2021/10/carpet-acrylic-beyazit-1799-c-ivory-gold.jpg, https://rugshop.eu/wp-content/uploads/2021/10/carpet-acrylic-beyazit-1799-c-ivory-gold-1.jpg, https://rugshop.eu/wp-content/uploads/2021/10/carpet-acrylic-beyazit-1799-c-ivory-gold-2.jpg, https://rugshop.eu/wp-content/uploads/2021/10/carpet-acrylic-beyazit-1799-c-ivory-gold-3.jpg",,,,,,,,,793,,,Size,"120x180, 160x235, 200x300, 80x150",1,1,Brand,D-sign,1,1,Color,White-Beige,1,1,Type of color,Multicolor,1,1,Shape,Rectangular,1,1,Material,Acrylic,1,1,Type of rug,Modern,1,1,Weave,Machinemade,1,1,Age,New,1,1,,,,,,,,,,,,,,,,,1786453800,yes,yes,,,,,,,,,,,,,,,,,,,,,,,,,,,,,
38481,variable,56904611-H,,D-sign Rug 1D0364 Blue,1,0,hidden,D-sign Rug 1D0364 Blue ,D-sign Rug 1D0364 Blue ,,,taxable,,0,,,0,0,,,,,1,,,,"Rooms > Bedroom, Rooms > Living room, Rugs > Modern, Rugs",,,"https://rugshop.eu/wp-content/uploads/2021/10/carpet-acrylic-beyazit-1812-blue.jpg, https://rugshop.eu/wp-content/uploads/2021/10/carpet-acrylic-beyazit-1812-blue-1.jpg, https://rugshop.eu/wp-content/uploads/2021/10/carpet-acrylic-beyazit-1812-blue-2.jpg, https://rugshop.eu/wp-content/uploads/2021/10/carpet-acrylic-beyazit-1812-blue-3.jpg",,,,,,,,,794,,,Size,"120x180, 80x150",1,1,Brand,D-sign,1,1,Color,Blue,1,1,Type of color,Multicolor,1,1,Shape,Rectangular,1,1,Material,Acrylic,1,1,Type of rug,Modern,1,1,Weave,Machinemade,1,1,Age,New,1,1,,,,,,,,,,,,,,,,,1786453797,yes,yes,,,,,,,,,,,,,,,,,,,,,,,,,,,,,
38500,variation,56904602,,D-sign Rug 1D0360 Grey - 80x150,1,0,hidden,,D-sign Rug 1D0360 Grey 80x150 cm,,,taxable,parent,0,0,,0,0,,150,80,1.2,0,,,1940,,,,,,,56904602-H,,,,,,1,,,Size,80x150,,1,,,,,,,,,,,,,,,,,,,,,,,,,,,,,,,,,,,,,80x150,,,,,,,,,,,,1786453215,,,,,,,,,,,,74769,,,,,,,,,,,,,,,,,,,
38501,variation,56906929,,D-sign Rug 1D0360 Grey - 120x180,1,0,hidden,,D-sign Rug 1D0360 Grey 120x180 cm,,,taxable,parent,0,0,,0,0,,180,120,1.2,0,,,3204,,,,,,,56904602-H,,,,,,2,,,Size,120x180,,1,,,,,,,,,,,,,,,,,,,,,,,,,,,,,,,,,,,,,120x180,,,,,,,,,,,,,,,,,,,,,,,,79725,,,,,,,,,,,,,,,,,,,
38502,variation,56904606,,D-sign Rug 1D0360 Grey - 160x235,1,0,hidden,,D-sign Rug 1D0360 Grey 160x235 cm,,,taxable,parent,0,0,,0,0,,235,160,1.2,0,,,5268,,,,,,,56904602-H,,,,,,3,,,Size,160x235,,1,,,,,,,,,,,,,,,,,,,,,,,,,,,,,,,,,,,,,160x235,,,,,,,,,,,,,,,,,,,,,,,,74770,,,,,,,,,,,,,,,,,,,
38503,variation,56904607,,D-sign Rug 1D0360 Grey - 200x300,1,0,hidden,,D-sign Rug 1D0360 Grey 200x300 cm,,,taxable,parent,0,0,,0,0,,300,200,1.2,0,,,8284,,,,,,,56904602-H,,,,,,4,,,Size,200x300,,1,,,,,,,,,,,,,,,,,,,,,,,,,,,,,,,,,,,,,200x300,,,,,,,,,,,,,,,,,,,,,,,,74768,,,,,,,,,,,,,,,,,,,
38510,variable,56904609-H,,D-sign Rug 1D0366 Grey,1,0,hidden,D-sign Rug 1D0366 Grey ,D-sign Rug 1D0366 Grey ,,,taxable,,0,,,0,0,,,,,1,,,,"Rooms > Bedroom, Rooms > Living room, Rugs > Modern, Rugs",,,"https://rugshop.eu/wp-content/uploads/2021/10/carpet-acrylic-beyazit-1814-grey.jpg, https://rugshop.eu/wp-content/uploads/2021/10/carpet-acrylic-beyazit-1814-grey-1.jpg, https://rugshop.eu/wp-content/uploads/2021/10/carpet-acrylic-beyazit-1814-grey-2.jpg, https://rugshop.eu/wp-content/uploads/2021/10/carpet-acrylic-beyazit-1814-grey-3.jpg",,,,,,,,,796,,,Size,"120x180, 160x235, 80x150",1,1,Brand,D-sign,1,1,Color,Black-Grey,1,1,Type of color,Multicolor,1,1,Shape,Rectangular,1,1,Material,Acrylic,1,1,Type of rug,Modern,1,1,Weave,Machinemade,1,1,Age,New,1,1,,,,,,,,,,,,,,,,,1786453794,yes,yes,,,,,,,,,,,,,,,,,,,,,,,,,,,,,
38530,variation,56904610,,D-sign Rug 1D0363 White - 80x150,1,0,hidden,,D-sign Rug 1D0363 White 80x150 cm,,,taxable,parent,0,0,,0,0,,150,80,1.2,0,,,1940,,,,,,,56904610-H,,,,,,1,,,Size,80x150,,1,,,,,,,,,,,,,,,,,,,,,,,,,,,,,,,,,,,,,80x150,,,,,,,,,,,,,,,,,,,,,,,,74778,,,,,,,,,,,,,,,,,,,
38531,variation,56906946,,D-sign Rug 1D0363 White - 120x180,1,0,hidden,,D-sign Rug 1D0363 White 120x180 cm,,,taxable,parent,0,0,,0,0,,180,120,1.2,0,,,3204,,,,,,,56904610-H,,,,,,2,,,Size,120x180,,1,,,,,,,,,,,,,,,,,,,,,,,,,,,,,,,,,,,,,120x180,,,,,,,,,,,,,,,,,,,,,,,,79721,,,,,,,,,,,,,,,,,,,
38532,variation,56906954,,D-sign Rug 1D0363 White - 160x235,1,0,hidden,,D-sign Rug 1D0363 White 160x235 cm,,,taxable,parent,0,0,,0,0,,235,160,1.2,0,,,5268,,,,,,,56904610-H,,,,,,3,,,Size,160x235,,1,,,,,,,,,,,,,,,,,,,,,,,,,,,,,,,,,,,,,160x235,,,,,,,,,,,,1786453776,,,,,,,,,,,,74779,,,,,,,,,,,,,,,,,,,
38533,variation,56906950,,D-sign Rug 1D0363 White - 200x300,1,0,hidden,,D-sign Rug 1D0363 White 200x300 cm,,,taxable,parent,0,0,,0,0,,300,200,1.2,0,,,8284,,,,,,,56904610-H,,,,,,4,,,Size,200x300,,1,,,,,,,,,,,,,,,,,,,,,,,,,,,,,,,,,,,,,200x300,,,,,,,,,,,,,,,,,,,,,,,,74777,,,,,,,,,,,,,,,,,,,
38539,variable,56904612-H,,D-sign Rug 1D0368 Grey,1,0,hidden,D-sign Rug 1D0368 Grey ,D-sign Rug 1D0368 Grey ,,,taxable,,0,,,0,0,,,,,1,,,,"Rooms > Bedroom, Rooms > Living room, Rugs > Modern, Rugs",,,"https://rugshop.eu/wp-content/uploads/2021/10/carpet-sketch-f934-grey-white-trellis.jpg, https://rugshop.eu/wp-content/uploads/2021/10/carpet-sketch-f934-grey-white-trellis-1.jpg, https://rugshop.eu/wp-content/uploads/2021/10/carpet-sketch-f934-grey-white-trellis-2.jpg, https://rugshop.eu/wp-content/uploads/2021/10/carpet-sketch-f934-grey-white-trellis-3.jpg",,,,,,,,,798,,,Size,"120x170, 140x190, 160x220, 180x270, 200x290, 240x330, 80x150",1,1,Brand,D-sign,1,1,Color,Black-Grey,1,1,Type of color,Multicolor,1,1,Shape,Rectangular,1,1,Material,Polypropen,1,1,Type of rug,Modern,1,1,Weave,Machinemade,1,1,Country,Turkey,1,1,Age,New,1,1,,,,,,,,,,,,,1786453243,yes,yes,,,,,,,,,,,,,,,,,,,,,,,,,,,,,
38541,variation,56904611,,D-sign Rug 1D0364 Blue - 80x150,1,0,hidden,,D-sign Rug 1D0364 Blue 80x150 cm,,,taxable,parent,0,0,,0,0,,150,80,1.2,0,,,1940,,,,,,,56904611-H,,,,,,1,,,Size,80x150,,1,,,,,,,,,,,,,,,,,,,,,,,,,,,,,,,,,,,,,80x150,,,,,,,,,,,,,,,,,,,,,,,,74790,,,,,,,,,,,,,,,,,,,
38542,variation,56906948,,D-sign Rug 1D0364 Blue - 120x180,1,0,hidden,,D-sign Rug 1D0364 Blue 120x180 cm,,,taxable,parent,0,0,,0,0,,180,120,1.2,0,,,3204,,,,,,,56904611-H,,,,,,2,,,Size,120x180,,1,,,,,,,,,,,,,,,,,,,,,,,,,,,,,,,,,,,,,120x180,,,,,,,,,,,,1786453776,,,,,,,,,,,,79727,,,,,,,,,,,,,,,,,,,
38555,variation,56904609,,D-sign Rug 1D0366 Grey - 80x150,1,0,hidden,,D-sign Rug 1D0366 Grey 80x150 cm,,,taxable,parent,0,0,,0,0,,150,80,1.2,0,,,1940,,,,,,,56904609-H,,,,,,1,,,Size,80x150,,1,,,,,,,,,,,,,,,,,,,,,,,,,,,,,,,,,,,,,80x150,,,,,,,,,,,,,,,,,,,,,,,,74796,,,,,,,,,,,,,,,,,,,
38556,variation,56906947,,D-sign Rug 1D0366 Grey - 120x180,1,0,hidden,,D-sign Rug 1D0366 Grey 120x180 cm,,,taxable,parent,0,0,,0,0,,180,120,1.2,0,,,3204,,,,,,,56904609-H,,,,,,2,,,Size,120x180,,1,,,,,,,,,,,,,,,,,,,,,,,,,,,,,,,,,,,,,120x180,,,,,,,,,,,,1786453775,,,,,,,,,,,,79729,,,,,,,,,,,,,,,,,,,
38557,variation,56904614,,D-sign Rug 1D0366 Grey - 160x235,1,0,hidden,,D-sign Rug 1D0366 Grey 160x235 cm,,,taxable,parent,0,0,,0,0,,235,160,1.2,0,,,5268,,,,,,,56904609-H,,,,,,3,,,Size,160x235,,1,,,,,,,,,,,,,,,,,,,,,,,,,,,,,,,,,,,,,160x235,,,,,,,,,,,,1786453216,,,,,,,,,,,,74797,,,,,,,,,,,,,,,,,,,
38579,variation,56904612,,D-sign Rug 1D0368 Grey - 80x150,1,0,hidden,,D-sign Rug 1D0368 Grey 80x150 cm,,,taxable,parent,0,0,,0,0,,150,80,1.3,0,,,860,,,,,,,56904612-H,,,,,,1,,,Size,80x150,,1,,,,,,,,,,,,,,,,,,,,,,,,,,,,,,,,,,,,,80x150,,,,,,,,,,,,,,,,,,,,,,,,74978,,,,,,,,,,,,,,,,,,,
38580,variation,56904620,,D-sign Rug 1D0368 Grey - 120x170,1,0,hidden,,D-sign Rug 1D0368 Grey 120x170 cm,,,taxable,parent,0,0,,0,0,,170,120,1.3,0,,,1324,,,,,,,56904612-H,,,,,,2,,,Size,120x170,,1,,,,,,,,,,,,,,,,,,,,,,,,,,,,,,,,,,,,,120x170,,,,,,,,,,,,,,,,,,,,,,,,74979,,,,,,,,,,,,,,,,,,,
38581,variation,56904621,,D-sign Rug 1D0368 Grey - 140x190,1,0,hidden,,D-sign Rug 1D0368 Grey 140x190 cm,,,taxable,parent,0,0,,0,0,,190,140,1.3,0,,,1564,,,,,,,56904612-H,,,,,,3,,,Size,140x190,,1,,,,,,,,,,,,,,,,,,,,,,,,,,,,,,,,,,,,,140x190,,,,,,,,,,,,,,,,,,,,,,,,74980,,,,,,,,,,,,,,,,,,,
38582,variation,56904618,,D-sign Rug 1D0368 Grey - 160x220,1,0,hidden,,D-sign Rug 1D0368 Grey 160x220 cm,,,taxable,parent,0,0,,0,0,,220,160,1.3,0,,,1796,,,,,,,56904612-H,,,,,,4,,,Size,160x220,,1,,,,,,,,,,,,,,,,,,,,,,,,,,,,,,,,,,,,,160x220,,,,,,,,,,,,,,,,,,,,,,,,74981,,,,,,,,,,,,,,,,,,,
38583,variation,56904615,,D-sign Rug 1D0368 Grey - 180x270,1,0,hidden,,D-sign Rug 1D0368 Grey 180x270 cm,,,taxable,parent,0,0,,0,0,,270,180,1.3,0,,,2452,,,,,,,56904612-H,,,,,,5,,,Size,180x270,,1,,,,,,,,,,,,,,,,,,,,,,,,,,,,,,,,,,,,,180x270,,,,,,,,,,,,,,,,,,,,,,,,74982,,,,,,,,,,,,,,,,,,,
38584,variation,56904617,,D-sign Rug 1D0368 Grey - 200x290,1,0,hidden,,D-sign Rug 1D0368 Grey 200x290 cm,,,taxable,parent,0,0,,0,0,,290,200,1.3,0,,,2836,,,,,,,56904612-H,,,,,,6,,,Size,200x290,,1,,,,,,,,,,,,,,,,,,,,,,,,,,,,,,,,,,,,,200x290,,,,,,,,,,,,1786453216,,,,,,,,,,,,74983,,,,,,,,,,,,,,,,,,,
38585,variation,56904619,,D-sign Rug 1D0368 Grey - 240x330,1,0,hidden,,D-sign Rug 1D0368 Grey 240x330 cm,,,taxable,parent,0,0,,0,0,,330,240,1.3,0,,,3868,,,,,,,56904612-H,,,,,,7,,,Size,240x330,,1,,,,,,,,,,,,,,,,,,,,,,,,,,,,,,,,,,,,,240x330,,,,,,,,,,,,1786453217,,,,,,,,,,,,74984,,,,,,,,,,,,,,,,,,,
38590,variable,56904627-H,,D-sign Rug 1D0373 Grey,1,0,hidden,D-sign Rug 1D0373 Grey ,D-sign Rug 1D0373 Grey ,,,taxable,,0,,,0,0,,,,,1,,,,"Rooms > Bedroom, Rooms > Living room, Rugs > Modern, Rugs",,,"https://rugshop.eu/wp-content/uploads/2021/10/carpet-sketch-circle-f561-grey-white-zigzag.jpg, https://rugshop.eu/wp-content/uploads/2021/10/carpet-sketch-circle-f561-grey-white-zigzag-1.jpg, https://rugshop.eu/wp-content/uploads/2021/10/carpet-sketch-circle-f561-grey-white-zigzag.jpg",,,,,,,,,803,,,Size,"100, 120, 140",1,1,Brand,D-sign,1,1,Color,Black-Grey,1,1,Type of color,Multicolor,1,1,Shape,Round,1,1,Material,Polypropen,1,1,Type of rug,Modern,1,1,Weave,Machinemade,1,1,Country,Turkey,1,1,Age,New,1,1,,,,,,,,,,,,,1786453812,yes,yes,,,,,,,,,,,,,,,,,,,,,,,,,,,,,
38592,variable,56904623-H,,D-sign Rug 1D0375 Grey,1,0,hidden,D-sign Rug 1D0375 Grey ,D-sign Rug 1D0375 Grey ,,,taxable,,0,,,0,0,,,,,1,,,,"Rooms > Bedroom, Rooms > Living room, Rugs > Modern, Rugs, Rugs > Sisal",,,"https://rugshop.eu/wp-content/uploads/2021/10/carpet-flat-48663-037-sisal-silver-plain.jpg, https://rugshop.eu/wp-content/uploads/2021/10/carpet-flat-48663-037-sisal-silver-plain-1.jpg, https://rugshop.eu/wp-content/uploads/2021/10/carpet-flat-48663-037-sisal-silver-plain-2.jpg, https://rugshop.eu/wp-content/uploads/2021/10/carpet-flat-48663-037-sisal-silver-plain-3.jpg",,,,,,,,,805,,,Size,"120x170, 140x200, 160x230, 200x290, 80x150",1,1,Brand,D-sign,1,1,Color,Black-Grey,1,1,Type of color,Singlecolor,1,1,Shape,Rectangular,1,1,Material,Polypropen,1,1,Type of rug,"Modern, Sisal",1,1,Weave,Machinemade,1,1,Age,New,1,1,,,,,,,,,,,,,,,,,1786453810,yes,yes,,,,,,,,,,,,,,,,,,,,,,,,,,,,,
38609,variable,56904631-H,,D-sign Rug 1D0378 Brown,1,0,hidden,D-sign Rug 1D0378 Brown ,D-sign Rug 1D0378 Brown ,,,taxable,,0,,,0,0,,,,,1,,,,"Rooms > Bedroom, Rooms > Living room, Rugs > Modern, Rugs, Rugs > Sisal",,,"https://rugshop.eu/wp-content/uploads/2021/10/carpet-flat-48663-870-sisal-brown-plain.jpg, https://rugshop.eu/wp-content/uploads/2021/10/carpet-flat-48663-870-sisal-brown-plain-1.jpg, https://rugshop.eu/wp-content/uploads/2021/10/carpet-flat-48663-870-sisal-brown-plain-2.jpg, https://rugshop.eu/wp-content/uploads/2021/10/carpet-flat-48663-870-sisal-brown-plain-3.jpg",,,,,,,,,808,,,Size,"120x170, 140x200, 160x230, 200x290, 80x150",1,1,Brand,D-sign,1,1,Color,Yellow-Brown,1,1,Type of color,Singlecolor,1,1,Shape,Rectangular,1,1,Material,Polypropen,1,1,Type of rug,"Modern, Sisal",1,1,Weave,Machinemade,1,1,Age,New,1,1,,,,,,,,,,,,,,,,,1786453817,yes,yes,,,,,,,,,,,,,,,,,,,,,,,,,,,,,
38610,variable,56904630-H,,D-sign Rug 1D0379 White,1,0,hidden,D-sign Rug 1D0379 White ,D-sign Rug 1D0379 White ,,,taxable,,0,,,0,0,,,,,1,,,,"Rooms > Bedroom, Rooms > Living room, Rugs > Modern, Rugs, Rugs > Sisal",,,"https://rugshop.eu/wp-content/uploads/2021/10/carpet-flat-48663-060-sisal-cream-plain.jpg, https://rugshop.eu/wp-content/uploads/2021/10/carpet-flat-48663-060-sisal-cream-plain-1.jpg, https://rugshop.eu/wp-content/uploads/2021/10/carpet-flat-48663-060-sisal-cream-plain-2.jpg, https://rugshop.eu/wp-content/uploads/2021/10/carpet-flat-48663-060-sisal-cream-plain-3.jpg",,,,,,,,,809,,,Size,"120x170, 140x200, 160x230, 200x290, 80x150",1,1,Brand,D-sign,1,1,Color,White-Beige,1,1,Type of color,Singlecolor,1,1,Shape,Rectangular,1,1,Material,Polypropen,1,1,Type of rug,"Modern, Sisal",1,1,Weave,Machinemade,1,1,Age,New,1,1,,,,,,,,,,,,,,,,,1786453818,yes,yes,,,,,,,,,,,,,,,,,,,,,,,,,,,,,
38625,variable,56904634-H,,D-sign Rug 1D0380 Black,1,0,hidden,D-sign Rug 1D0380 Black ,D-sign Rug 1D0380 Black ,,,taxable,,0,,,0,0,,,,,1,,,,"Rooms > Bedroom, Rooms > Living room, Rugs > Modern, Rugs, Rugs > Sisal",,,"https://rugshop.eu/wp-content/uploads/2021/10/carpet-flat-48663-090-sisal-black-plain.jpg, https://rugshop.eu/wp-content/uploads/2021/10/carpet-flat-48663-090-sisal-black-plain-1.jpg, https://rugshop.eu/wp-content/uploads/2021/10/carpet-flat-48663-090-sisal-black-plain-2.jpg, https://rugshop.eu/wp-content/uploads/2021/10/carpet-flat-48663-090-sisal-black-plain-3.jpg",,,,,,,,,810,,,Size,"120x170, 140x200, 160x230, 200x290, 80x150",1,1,Brand,D-sign,1,1,Color,Black-Grey,1,1,Type of color,Singlecolor,1,1,Shape,Rectangular,1,1,Material,Polypropen,1,1,Type of rug,"Modern, Sisal",1,1,Weave,Machinemade,1,1,Age,New,1,1,,,,,,,,,,,,,,,,,1786453816,yes,yes,,,,,,,,,classic-editor,,,,,,,,,,,,,,,,,,,,
38626,variation,56904627,,D-sign Rug 1D0373 Grey - 100,1,0,hidden,,D-sign Rug 1D0373 Grey 100 cm,,,taxable,parent,0,0,,0,0,,100,100,1.3,0,,,812,,,,,,,56904627-H,,,,,,1,,,Size,100,,1,,,,,,,,,,,,,,,,,,,,,,,,,,,,,,,,,,,,,100,,,,,,,,,,,,1786453217,,,,,,,,,,,,77050,,,,,,,,,,,,,,,,,,,
38627,variation,56906976,,D-sign Rug 1D0373 Grey - 120,1,0,hidden,,D-sign Rug 1D0373 Grey 120 cm,,,taxable,parent,0,0,,0,0,,120,120,1.3,0,,,996,,,,,,,56904627-H,,,,,,2,,,Size,120,,1,,,,,,,,,,,,,,,,,,,,,,,,,,,,,,,,,,,,,120,,,,,,,,,,,,,,,,,,,,,,,,77051,,,,,,,,,,,,,,,,,,,
38628,variation,56906978,,D-sign Rug 1D0373 Grey - 140,1,0,hidden,,D-sign Rug 1D0373 Grey 140 cm,,,taxable,parent,0,0,,0,0,,140,140,1.3,0,,,1236,,,,,,,56904627-H,,,,,,3,,,Size,140,,1,,,,,,,,,,,,,,,,,,,,,,,,,,,,,,,,,,,,,140,,,,,,,,,,,,1786453779,,,,,,,,,,,,77052,,,,,,,,,,,,,,,,,,,
38644,variation,56904623,,D-sign Rug 1D0375 Grey - 80x150,1,0,hidden,,D-sign Rug 1D0375 Grey 80x150 cm,,,taxable,parent,0,0,,0,0,,150,80,0.6,0,,,860,,,,,,,56904623-H,,,,,,1,,,Size,80x150,,1,,,,,,,,,,,,,,,,,,,,,,,,,,,,,,,,,,,,,80x150,,,,,,,,,,,,1786453217,,,,,,,,,,,,77074,,,,,,,,,,,,,,,,,,,
38645,variation,56906973,,D-sign Rug 1D0375 Grey - 120x170,1,0,hidden,,D-sign Rug 1D0375 Grey 120x170 cm,,,taxable,parent,0,0,,0,0,,170,120,0.6,0,,,1140,,,,,,,56904623-H,,,,,,2,,,Size,120x170,,1,,,,,,,,,,,,,,,,,,,,,,,,,,,,,,,,,,,,,120x170,,,,,,,,,,,,1786453779,,,,,,,,,,,,77075,,,,,,,,,,,,,,,,,,,
38646,variation,56906971,,D-sign Rug 1D0375 Grey - 140x200,1,0,hidden,,D-sign Rug 1D0375 Grey 140x200 cm,,,taxable,parent,0,0,,0,0,,200,140,0.6,0,,,1468,,,,,,,56904623-H,,,,,,3,,,Size,140x200,,1,,,,,,,,,,,,,,,,,,,,,,,,,,,,,,,,,,,,,140x200,,,,,,,,,,,,1786453778,,,,,,,,,,,,77076,,,,,,,,,,,,,,,,,,,
38647,variation,56904629,,D-sign Rug 1D0375 Grey - 160x230,1,0,hidden,,D-sign Rug 1D0375 Grey 160x230 cm,,,taxable,parent,0,0,,0,0,,230,160,0.6,0,,,1796,,,,,,,56904623-H,,,,,,4,,,Size,160x230,,1,,,,,,,,,,,,,,,,,,,,,,,,,,,,,,,,,,,,,160x230,,,,,,,,,,,,1786453250,,,,,,,,,,,,77077,,,,,,,,,,,,,,,,,,,
38648,variation,56904628,,D-sign Rug 1D0375 Grey - 200x290,1,0,hidden,,D-sign Rug 1D0375 Grey 200x290 cm,,,taxable,parent,0,0,,0,0,,290,200,0.6,0,,,2644,,,,,,,56904623-H,,,,,,5,,,Size,200x290,,1,,,,,,,,,,,,,,,,,,,,,,,,,,,,,,,,,,,,,200x290,,,,,,,,,,,,1786453249,,,,,,,,,,,,77078,,,,,,,,,,,,,,,,,,,
38654,variable,56904636-H,,D-sign Rug 1D0381 Anthracite,1,0,hidden,D-sign Rug 1D0381 Anthracite ,D-sign Rug 1D0381 Anthracite ,,,taxable,,0,,,0,0,,,,,1,,,,"Rooms > Bedroom, Rooms > Living room, Rugs > Modern, Rugs, Rugs > Sisal",,,"https://rugshop.eu/wp-content/uploads/2021/10/carpet-flat-48663-920-sisal-anthracite-plain.jpg, https://rugshop.eu/wp-content/uploads/2021/10/carpet-flat-48663-920-sisal-anthracite-plain-1.jpg, https://rugshop.eu/wp-content/uploads/2021/10/carpet-flat-48663-920-sisal-anthracite-plain-2.jpg, https://rugshop.eu/wp-content/uploads/2021/10/carpet-flat-48663-920-sisal-anthracite-plain-3.jpg",,,,,,,,,811,,,Size,"120x170, 140x200, 160x230, 200x290, 80x150",1,1,Brand,D-sign,1,1,Color,Black-Grey,1,1,Type of color,Singlecolor,1,1,Shape,Rectangular,1,1,Material,Polypropen,1,1,Type of rug,"Modern, Sisal",1,1,Weave,Machinemade,1,1,Age,New,1,1,,,,,,,,,,,,,,,,,1786453845,yes,yes,,,,,,,,,,,,,,,,,,,,,,,,,,,,,
38655,variable,56904640-H,,D-sign Rug 1D0312 Beige,1,0,hidden,D-sign Rug 1D0312 Beige ,D-sign Rug 1D0312 Beige ,,,taxable,,0,,,0,0,,,,,1,,,,"Rooms > Bedroom, Rooms > Living room, Rugs > Modern, Rugs",,,"https://rugshop.eu/wp-content/uploads/2021/10/carpet-vogue-556-dbeige-brown.jpg, https://rugshop.eu/wp-content/uploads/2021/10/carpet-vogue-556-dbeige-brown-1.jpg, https://rugshop.eu/wp-content/uploads/2021/10/carpet-vogue-556-dbeige-brown.jpg",,,,,,,,,756,,,Size,"133x190, 160x220, 200x290, 240x330, 80x150",1,1,Brand,D-sign,1,1,Color,White-Beige,1,1,Type of color,Multicolor,1,1,Shape,Rectangular,1,1,Material,Polypropen,1,1,Type of rug,Modern,1,1,Weave,Machinemade,1,1,Country,Turkey,1,1,Age,New,1,1,,,,,,,,,,,,,1786453821,yes,yes,,,,,,,,,,,,,,,,,,,,,,,,,,,,,
38656,variable,56904638-H,,D-sign Rug 1D0317 Brown,1,0,hidden,D-sign Rug 1D0317 Brown ,D-sign Rug 1D0317 Brown ,,,taxable,,0,,,0,0,,,,,1,,,,"Rooms > Bedroom, Rooms > Living room, Rugs > Modern, Rugs",,,"https://rugshop.eu/wp-content/uploads/2021/10/carpet-vogue-454-brown.jpg, https://rugshop.eu/wp-content/uploads/2021/10/carpet-vogue-454-brown-1.jpg, https://rugshop.eu/wp-content/uploads/2021/10/carpet-vogue-454-brown.jpg",,,,,,,,,761,,,Size,"133x190, 160x220, 200x290, 240x330, 80x150",1,1,Brand,D-sign,1,1,Color,Yellow-Brown,1,1,Type of color,Multicolor,1,1,Shape,Rectangular,1,1,Material,Polypropen,1,1,Type of rug,Modern,1,1,Weave,Machinemade,1,1,Country,Turkey,1,1,Age,New,1,1,,,,,,,,,,,,,1786453270,yes,yes,,,,,,,,,,,,,,,,,,,,,,,,,,,,,
38657,variation,56904631,,D-sign Rug 1D0378 Brown - 80x150,1,0,hidden,,D-sign Rug 1D0378 Brown 80x150 cm,,,taxable,parent,0,0,,0,0,,150,80,0.6,0,,,860,,,,,,,56904631-H,,,,,,1,,,Size,80x150,,1,,,,,,,,,,,,,,,,,,,,,,,,,,,,,,,,,,,,,80x150,,,,,,,,,,,,1786453251,,,,,,,,,,,,77099,,,,,,,,,,,,,,,,,,,
38658,variation,56906986,,D-sign Rug 1D0378 Brown - 120x170,1,0,hidden,,D-sign Rug 1D0378 Brown 120x170 cm,,,taxable,parent,0,0,,0,0,,170,120,0.6,0,,,1140,,,,,,,56904631-H,,,,,,2,,,Size,120x170,,1,,,,,,,,,,,,,,,,,,,,,,,,,,,,,,,,,,,,,120x170,,,,,,,,,,,,1786453782,,,,,,,,,,,,77100,,,,,,,,,,,,,,,,,,,
38659,variation,56906988,,D-sign Rug 1D0378 Brown - 140x200,1,0,hidden,,D-sign Rug 1D0378 Brown 140x200 cm,,,taxable,parent,0,0,,0,0,,200,140,0.6,0,,,1468,,,,,,,56904631-H,,,,,,3,,,Size,140x200,,1,,,,,,,,,,,,,,,,,,,,,,,,,,,,,,,,,,,,,140x200,,,,,,,,,,,,1786453782,,,,,,,,,,,,77101,,,,,,,,,,,,,,,,,,,
38660,variation,56906990,,D-sign Rug 1D0378 Brown - 160x230,1,0,hidden,,D-sign Rug 1D0378 Brown 160x230 cm,,,taxable,parent,0,0,,0,0,,230,160,0.6,0,,,1796,,,,,,,56904631-H,,,,,,4,,,Size,160x230,,1,,,,,,,,,,,,,,,,,,,,,,,,,,,,,,,,,,,,,160x230,,,,,,,,,,,,1786453782,,,,,,,,,,,,77102,,,,,,,,,,,,,,,,,,,
38661,variation,56906992,,D-sign Rug 1D0378 Brown - 200x290,1,0,hidden,,D-sign Rug 1D0378 Brown 200x290 cm,,,taxable,parent,0,0,,0,0,,290,200,0.6,0,,,2644,,,,,,,56904631-H,,,,,,5,,,Size,200x290,,1,,,,,,,,,,,,,,,,,,,,,,,,,,,,,,,,,,,,,200x290,,,,,,,,,,,,1786453783,,,,,,,,,,,,77103,,,,,,,,,,,,,,,,,,,
38667,variation,56904630,,D-sign Rug 1D0379 White - 80x150,1,0,hidden,,D-sign Rug 1D0379 White 80x150 cm,,,taxable,parent,0,0,,0,0,,150,80,0.6,0,,,860,,,,,,,56904630-H,,,,,,1,,,Size,80x150,,1,,,,,,,,,,,,,,,,,,,,,,,,,,,,,,,,,,,,,80x150,,,,,,,,,,,,1786453250,,,,,,,,,,,,77109,,,,,,,,,,,,,,,,,,,
38668,variation,56906993,,D-sign Rug 1D0379 White - 120x170,1,0,hidden,,D-sign Rug 1D0379 White 120x170 cm,,,taxable,parent,0,0,,0,0,,170,120,0.6,0,,,1140,,,,,,,56904630-H,,,,,,2,,,Size,120x170,,1,,,,,,,,,,,,,,,,,,,,,,,,,,,,,,,,,,,,,120x170,,,,,,,,,,,,1786453784,,,,,,,,,,,,77110,,,,,,,,,,,,,,,,,,,
38669,variation,56906991,,D-sign Rug 1D0379 White - 140x200,1,0,hidden,,D-sign Rug 1D0379 White 140x200 cm,,,taxable,parent,0,0,,0,0,,200,140,0.6,0,,,1468,,,,,,,56904630-H,,,,,,3,,,Size,140x200,,1,,,,,,,,,,,,,,,,,,,,,,,,,,,,,,,,,,,,,140x200,,,,,,,,,,,,1786453783,,,,,,,,,,,,77111,,,,,,,,,,,,,,,,,,,
